Feat. Type,Feat. Name,Value,Actual,Nominal,Dev.,Tol-,Tol+,Out of Tol.,Comment
Text/Value,VAR_PROGRAM,VAL,,,,,,,'N:\Metrolog XG\Programmes\D-33 RWD\D33 RWD Complete (Module 44).gm2'
Text/Value,VAR_EVENEMENT,VAL,,,,,,,'Validation speciale piece # 38'
Text/Value,VAR_COMMENTAIRES,VAL,,,,,,,'276 C'
Circle,CIR_DATUM_B,DIAM,7.843,7.900,-0.057,-0.100,0.100,,Criterion : Least Square (From 3 Pts On PL_FIXTURE) 
Circle,CIR_DATUM_C,DIAM,7.885,7.900,-0.015,-0.100,0.100,,Criterion : Least Square (From 3 Pts On PL_FIXTURE) 
Circle,CIR_DATUM_C,X,4.400,4.400,0.000,,,,
Circle,CIR_DATUM_C,Z,-351.682,-351.650,-0.032,,,,
Pos. Tol.,POS_C,PTOL,0.064,0.000,0.064,0.000,0.457,,CIR_DATUM_C/NOMINAL - CS_ABC - C-Zone - XZ - Nominal
Circle,CIR_8,DIAM,74.141,74.350,-0.209,-0.300,0.300,,Criterion : Least Square (From 14 Pts On PL_PLAST_TB) 
Circle,CIR_8,X,-79.926,-80.600,0.674,,,,
Circle,CIR_8,Y,91.625,92.200,-0.575,,,,
Circle,CIR_8,Z,81.731,82.900,-1.169,,,,
Pos. Tol.,POS_8,PTOL,2.606,0.000,2.606,0.091,4.248,,CIR_8(M)/NOMINAL - CS_ABC - C-Zone - YZ - Nominal
Circle,2D_CIR_16,Y,-32.505,-32.500,-0.005,,,,
Circle,2D_CIR_16,Z,-40.094,-40.000,-0.094,,,,
Circle,2D_CIR_17,Y,-32.311,-32.500,0.189,,,,
Circle,2D_CIR_17,Z,39.881,40.000,-0.119,,,,
Circle,2D_CIR_18,Y,32.446,32.500,-0.054,,,,
Circle,2D_CIR_18,Z,40.066,40.000,0.066,,,,
Circle,2D_CIR_19,Y,32.379,32.500,-0.121,,,,
Circle,2D_CIR_19,Z,-39.958,-40.000,0.042,,,,
Pos. Tol.,POS_2D_16,PTOL,0.188,0.000,0.188,0.000,0.500,,2D_CIR_16/NOMINAL - CS_DE - C-Zone - YZ - Nominal
Pos. Tol.,POS_2D_17,PTOL,0.447,0.000,0.447,0.000,0.500,,2D_CIR_17/NOMINAL - CS_DE - C-Zone - YZ - Nominal
Pos. Tol.,POS_2D_18,PTOL,0.170,0.000,0.170,0.000,0.700,,2D_CIR_18/NOMINAL - CS_DE - C-Zone - YZ - Nominal
Pos. Tol.,POS_2D_19,PTOL,0.257,0.000,0.257,0.000,0.700,,2D_CIR_19/NOMINAL - CS_DE - C-Zone - YZ - Nominal
Distance,INSERT HEIGHT 16,X,0.236,0.000,0.236,,,,CIR_16 - PL_PLAST_16 / CS_DE
Distance,INSERT HEIGHT 17,X,0.212,0.000,0.212,,,,CIR_17 - PL_PLAST_17 / CS_DE
Distance,INSERT HEIGHT 18,X,0.263,0.000,0.263,,,,CIR_18 - PL_PLAST_18 / CS_DE
Distance,INSERT HEIGHT 19,X,0.271,0.000,0.271,,,,CIR_19 - PL_PLAST_19 / CS_DE
Flatness,FLAT_D,FLTN,0.239,0.000,0.239,0.000,1.000,,PL_D
Circle,2D_CIR_20,X,-0.180,0.000,-0.180,,,,
Circle,2D_CIR_20,Z,-0.002,0.000,-0.002,,,,
Circle,2D_CIR_21,X,-0.180,0.000,-0.180,,,,
Circle,2D_CIR_21,Z,0.005,0.000,0.005,,,,
Pos. Tol.,POS_2D_20,PTOL,0.379,0.000,0.379,0.000,0.550,,2D_CIR_20/NOMINAL - CS_HJ - C-Zone - XY - Nominal
Pos. Tol.,POS_2D_21,PTOL,0.362,0.000,0.362,0.000,0.550,,2D_CIR_21/NOMINAL - CS_HJ - C-Zone - XY - Nominal
Distance,H_20,Z,0.280,0.000,0.280,0.000,0.500,,2D_CIR_20 - PL_PLAST_20 / CS_HJ
Distance,H_21,Z,0.215,0.000,0.215,0.000,0.500,,2D_CIR_21 - PL_PLAST_21 / CS_HJ
Circle,CIR_15,X,-108.012,-109.800,1.788,,,,Criterion : Least Square (From 6 Pts On PL_INS_15) 
Circle,CIR_15,Y,24.717,24.200,0.517,,,,
Distance,PROF_15,Z,131.265,130.800,0.465,-1.500,1.500,,CIR_15 - ORIGIN / CS_ABC
Pos. Tol.,POS_15,PTOL,3.722,0.000,3.722,0.000,5.000,,CIR_15/NOMINAL - CS_ABC - C-Zone - XY - Nominal
Distance,H_15,Z,0.227,0.000,0.227,0.000,0.500,,CIR_15 - PL_PLAST_15 / CS_ABC
Pos. Tol.,POS_42,PTOL,3.956,0.000,3.956,0.195,6.352,,CIR_42(M)/NOMINAL - CS_ABC - C-Zone - XYZ - Nominal
Pos. Tol.,POS_20,PTOL,3.698,0.000,3.698,0.000,6.157,,CIR_20/NOMINAL - CS_ABC - C-Zone - XYZ - Nominal
Pos. Tol.,POS_21,PTOL,3.757,0.000,3.757,0.000,6.157,,CIR_21/NOMINAL - CS_ABC - C-Zone - XYZ - Nominal
Circle,CIR_42,DIAM,36.705,36.660,0.045,-0.150,0.150,,Criterion : Least Square (From 20 Pts On PL_PLAST_42) 
Circle,CIR_42,X,-209.158,-210.550,1.392,,,,
Circle,CIR_42,Y,94.607,96.000,-1.393,,,,
Circle,CIR_42,Z,111.604,111.420,0.184,,,,
Circle,CIR_20,X,-231.491,-232.370,0.879,,,,Criterion : Least Square (From 6 Pts On PL_INS_20) 
Circle,CIR_20,Y,105.288,106.800,-1.512,,,,
Circle,CIR_20,Z,92.030,91.430,0.600,,,,
Circle,CIR_21,X,-187.091,-188.730,1.639,,,,Criterion : Least Square (From 6 Pts On PL_INS_21) 
Circle,CIR_21,Y,84.291,85.200,-0.909,,,,
Circle,CIR_21,Z,131.552,131.420,0.132,,,,
Distance,DEPTH_16,D1,17.908,17.800,0.108,0.000,8.000,,PNT_DEPTH_16 - PL_INS_16 / CS_DE
Distance,DEPTH_17,D1,17.982,17.800,0.182,0.000,8.000,,PNT_DEPTH_17 - PL_INS_17 / CS_DE
Distance,DEPTH_18,D1,21.658,17.800,3.858,0.000,8.000,,PNT_DEPTH_18 - PL_INS_18 / CS_DE
Distance,DEPTH_19,D1,23.096,17.800,5.296,0.000,8.000,,PNT_DEPTH_19 - PL_INS_19 / CS_DE
Circle,CIR_16,X,-77.200,-77.073,-0.127,,,,Criterion : Least Square (From 6 Pts On PL_INS_16) 
Circle,CIR_16,Y,59.286,59.880,-0.594,,,,
Circle,CIR_16,Z,41.593,42.924,-1.331,,,,
Circle,CIR_17,X,-75.519,-77.073,1.554,,,,Criterion : Least Square (From 6 Pts On PL_INS_17) 
Circle,CIR_17,Y,59.533,59.880,-0.347,,,,
Circle,CIR_17,Z,121.549,122.924,-1.375,,,,
Circle,CIR_18,X,-81.625,-82.732,1.107,,,,Criterion : Least Square (From 6 Pts On PL_INS_18) 
Circle,CIR_18,Y,124.001,124.633,-0.632,,,,
Circle,CIR_18,Z,121.820,122.924,-1.104,,,,
Circle,CIR_19,X,-83.209,-82.732,-0.477,,,,Criterion : Least Square (From 6 Pts On PL_INS_19) 
Circle,CIR_19,Y,123.890,124.633,-0.743,,,,
Circle,CIR_19,Z,41.812,42.924,-1.112,,,,
Pos. Tol.,POS_16,PTOL,2.916,0.000,2.916,0.000,4.157,,CIR_16/NOMINAL - CS_ABC - C-Zone - YZ - Nominal
Pos. Tol.,POS_17,PTOL,2.836,0.000,2.836,0.000,4.157,,CIR_17/NOMINAL - CS_ABC - C-Zone - YZ - Nominal
Pos. Tol.,POS_18,PTOL,2.544,0.000,2.544,0.000,4.157,,CIR_18/NOMINAL - CS_ABC - C-Zone - YZ - Nominal
Pos. Tol.,POS_19,PTOL,2.675,0.000,2.675,0.000,4.157,,CIR_19/NOMINAL - CS_ABC - C-Zone - YZ - Nominal
Profile of Line,PROF_OP1,PRFL,1.816,0.000,1.816,0.000,2.157,,SCT_OP1
Profile of Line,PROF_OP2,PRFL,0.424,0.000,0.424,0.000,2.157,,SCT_OP2
Profile of Line,PROF_OP3,PRFL,0.615,0.000,0.615,0.000,2.157,,SCT_OP3
Profile of Line,PROF_OP4,PRFL,0.201,0.000,0.201,0.000,2.157,,SCT_OP4
Profile of Line,PROF_OP5,PRFL,1.043,0.000,1.043,0.000,2.157,,SCT_OP5
Profile of Line,PROF_OP6,PRFL,0.775,0.000,0.775,0.000,2.157,,SCT_OP6
Pos. Tol.,POS_B,PTOL,0.000,0.000,0.000,0.000,0.300,,CIR_DATUM_B/NOMINAL - CS_ABC - C-Zone - XZ - Nominal
Pos. Tol.,POS_1,PTOL,0.247,0.000,0.247,0.000,1.157,,CIR1/NOMINAL - CS_ABC - C-Zone - XZ - Nominal
Pos. Tol.,POS_2,PTOL,0.716,0.000,0.716,0.000,1.157,,CIR2/NOMINAL - CS_ABC - C-Zone - XZ - Nominal
Pos. Tol.,POS_3,PTOL,0.413,0.000,0.413,0.000,1.157,,CIR3/NOMINAL - CS_ABC - C-Zone - XZ - Nominal
Pos. Tol.,POS_4,PTOL,0.174,0.000,0.174,0.000,1.157,,CIR4/NOMINAL - CS_ABC - C-Zone - XZ - Nominal
Pos. Tol.,POS_5,PTOL,0.243,0.000,0.243,0.000,1.157,,CIR5/NOMINAL - CS_ABC - C-Zone - XZ - Nominal
Pos. Tol.,POS_6,PTOL,0.720,0.000,0.720,0.000,1.157,,CIR6/NOMINAL - CS_ABC - C-Zone - XZ - Nominal
Pos. Tol.,POS_31,PTOL,0.436,0.000,0.436,0.000,1.157,,CIR31/NOMINAL - CS_ABC - C-Zone - XZ - Nominal
Pos. Tol.,POS_32,PTOL,0.878,0.000,0.878,0.000,1.157,,CIR32/NOMINAL - CS_ABC - C-Zone - XZ - Nominal
Profile of Line,PROF_2D_OW_TB_GROOVE,PRFL,0.398,0.000,0.398,0.000,1.000,,SECT_2D_OW_TB
Profile of Line,PROF_IW_OP1,PRFL,1.185,0.000,1.185,0.000,1.500,,SECT_IW_OP1
Profile of Line,PROF_IW_OP2,PRFL,0.255,0.000,0.255,0.000,1.500,,SECT_IW_OP2
Profile of Line,PROF_IW_OP3,PRFL,0.306,0.000,0.306,0.000,1.500,,SECT_IW_OP3
Profile of Line,PROF_IW_OP4,PRFL,0.425,0.000,0.425,0.000,1.500,,SECT_IW_OP4
Profile of Line,PROF_IW_OP5,PRFL,1.177,0.000,1.177,0.000,1.500,,SECT_IW_OP5
Profile of Line,PROF_IW_OP6,PRFL,1.057,0.000,1.057,0.000,1.500,,SECT_IW_OP6
Pos. Tol.,POS_10,PTOL,1.608,0.000,1.608,0.000,4.157,,CIR_10/NOMINAL - CS_ABC - C-Zone - XZ - Nominal
Pos. Tol.,POS_11,PTOL,3.401,0.000,3.401,0.000,4.157,,CIR_11/NOMINAL - CS_ABC - C-Zone - XZ - Nominal
Pos. Tol.,POS_12,PTOL,4.197,0.000,4.197,0.000,5.157,,CIR_12/NOMINAL - CS_ABC - C-Zone - XZ - Nominal
Pos. Tol.,POS_13,PTOL,3.812,0.000,3.812,0.000,5.157,,CIR_13/NOMINAL - CS_ABC - C-Zone - XZ - Nominal
Pos. Tol.,POS_14,PTOL,2.424,0.000,2.424,0.000,4.157,,CIR_14/NOMINAL - CS_ABC - C-Zone - XZ - Nominal
Pos. Tol.,POS_22,PTOL,3.389,0.000,3.389,0.000,6.157,,SLOT_22/NOMINAL - CS_ABC - C-Zone - XY - Nominal
Pos. Tol.,POS_9,PTOL,4.964,0.000,4.964,0.000,7.157,,CIR_9/NOMINAL - CS_ABC - C-Zone - XYZ - Nominal
Pos. Tol.,POS_25,PTOL,4.789,0.000,4.789,0.000,7.157,,CIR_25/NOMINAL - CS_ABC - C-Zone - XY - Nominal
Pos. Tol.,POS_26,PTOL,4.069,0.000,4.069,0.000,6.157,,CIR_26/NOMINAL - CS_ABC - C-Zone - XY - Nominal
Distance,HEIGHT_B,D1,6.254,6.450,-0.196,-0.100,0.100,-0.096,PNT_TOP_B - PL_FIXTURE / CS_ABC
Distance,HEIGHT_C,D1,6.324,6.450,-0.126,-0.100,0.100,-0.026,PNT_TOP_C - PL_FIXTURE / CS_ABC
Circle,CIR2,X,-16.809,-16.500,-0.309,,,,From 4 Pts On PL_FIXTURE
Circle,CIR2,Z,-351.419,-351.600,0.182,,,,
Circle,CIR1,X,54.491,54.400,0.091,,,,From 4 Pts On PL_FIXTURE
Circle,CIR1,Z,-346.517,-346.600,0.083,,,,
Circle,CIR6,X,54.046,54.400,-0.354,,,,From 4 Pts On PL_FIXTURE
Circle,CIR6,Z,-240.534,-240.600,0.066,,,,
Circle,CIR5,X,54.283,54.400,-0.117,,,,From 4 Pts On PL_FIXTURE
Circle,CIR5,Z,-134.634,-134.600,-0.034,,,,
Circle,CIR4,X,54.316,54.400,-0.084,,,,From 4 Pts On PL_FIXTURE
Circle,CIR4,Z,-27.125,-27.100,-0.024,,,,
Circle,CIR3,X,-16.649,-16.500,-0.149,,,,From 4 Pts On PL_FIXTURE
Circle,CIR3,Z,-0.957,-1.100,0.143,,,,
Circle,CIR32,X,-30.638,-30.200,-0.438,,,,From 4 Pts On PL_FIXTURE
Circle,CIR32,Z,-124.263,-124.300,0.037,,,,
Circle,CIR31,X,-30.418,-30.200,-0.218,,,,From 4 Pts On PL_FIXTURE
Circle,CIR31,Z,-230.306,-230.300,-0.006,,,,
Distance,DEPTH_TB1,D1,5.009,5.000,0.009,-0.250,0.250,,TB_BOT_1.1 - PL_D / CS_DE
Distance,DEPTH_TB2,D1,4.861,5.000,-0.139,-0.250,0.250,,TB_BOT_1.2 - PL_D / CS_DE
Distance,DEPTH_TB3,D1,4.933,5.000,-0.067,-0.250,0.250,,TB_BOT_1.3 - PL_D / CS_DE
Distance,DEPTH_TB4,D1,4.866,5.000,-0.134,-0.250,0.250,,TB_BOT_1.4 - PL_D / CS_DE
Distance,DEPTH_TB5,D1,5.051,5.000,0.051,-0.250,0.250,,TB_BOT_1.5 - PL_D / CS_DE
Distance,DEPTH_TB6,D1,4.910,5.000,-0.090,-0.250,0.250,,TB_BOT_1.6 - PL_D / CS_DE
Distance,DEPTH_TB7,D1,4.934,5.000,-0.066,-0.250,0.250,,TB_BOT_1.7 - PL_D / CS_DE
Distance,DEPTH_TB8,D1,4.947,5.000,-0.053,-0.250,0.250,,TB_BOT_1.8 - PL_D / CS_DE
Distance,PROF_RECESS_SURFACE_TB,D1,0.795,0.650,0.145,0.000,0.750,,PL_PLAST_RECESS_TB - PL_D / CS_DE
Distance,OP1_DEPTH_1,D1,6.165,6.000,0.165,-0.250,0.250,,OP1_PT1_DEPTH - PL_FIXTURE / OP1CS
Distance,OP1_DEPTH_2,D1,5.852,6.000,-0.148,-0.250,0.250,,OP1_PT2_DEPTH - PL_FIXTURE / OP1CS
Distance,OP1_DEPTH_3,D1,5.977,6.000,-0.023,-0.250,0.250,,OP1_PT3_DEPTH - PL_FIXTURE / OP1CS
Distance,OP1_DEPTH_4,D1,6.035,6.000,0.035,-0.250,0.250,,OP1_PT4_DEPTH - PL_FIXTURE / OP1CS
Distance,OP1_DEPTH_5,D1,6.013,6.000,0.013,-0.250,0.250,,OP1_PT5_DEPTH - PL_FIXTURE / OP1CS
Distance,OP1_DEPTH_6,D1,6.091,6.000,0.091,-0.250,0.250,,OP1_PT6_DEPTH - PL_FIXTURE / OP1CS
Distance,OP1_DEPTH_7,D1,6.221,6.000,0.221,-0.250,0.250,,OP1_PT7_DEPTH - PL_FIXTURE / OP1CS
Distance,OP2_DEPTH_1,D1,6.050,6.000,0.050,-0.250,0.250,,OP2_PT1_DEPTH - PL_FIXTURE / OP2CS
Distance,OP2_DEPTH_2,D1,6.040,6.000,0.040,-0.250,0.250,,OP2_PT2_DEPTH - PL_FIXTURE / OP2CS
Distance,OP2_DEPTH_3,D1,6.042,6.000,0.042,-0.250,0.250,,OP2_PT3_DEPTH - PL_FIXTURE / OP2CS
Distance,OP2_DEPTH_4,D1,6.058,6.000,0.058,-0.250,0.250,,OP2_PT4_DEPTH - PL_FIXTURE / OP2CS
Distance,OP2_DEPTH_5,D1,5.892,6.000,-0.108,-0.250,0.250,,OP2_PT5_DEPTH - PL_FIXTURE / OP2CS
Distance,OP2_DEPTH_6,D1,6.104,6.000,0.104,-0.250,0.250,,OP2_PT6_DEPTH - PL_FIXTURE / OP2CS
Distance,OP2_DEPTH_7,D1,6.160,6.000,0.160,-0.250,0.250,,OP2_PT7_DEPTH - PL_FIXTURE / OP2CS
Distance,OP3_DEPTH_3,D1,6.045,6.000,0.045,-0.250,0.250,,OP3_PT3_DEPTH - PL_FIXTURE / OP3CS
Distance,OP3_DEPTH_4,D1,6.085,6.000,0.085,-0.250,0.250,,OP3_PT4_DEPTH - PL_FIXTURE / OP3CS
Distance,OP3_DEPTH_5,D1,5.929,6.000,-0.071,-0.250,0.250,,OP3_PT5_DEPTH - PL_FIXTURE / OP3CS
Distance,OP3_DEPTH_6,D1,5.923,6.000,-0.077,-0.250,0.250,,OP3_PT6_DEPTH - PL_FIXTURE / OP3CS
Distance,OP4_DEPTH_1,D1,6.054,6.000,0.054,-0.250,0.250,,OP4_PT1_DEPTH - PL_FIXTURE / OP4CS
Distance,OP4_DEPTH_2,D1,6.109,6.000,0.109,-0.250,0.250,,OP4_PT2_DEPTH - PL_FIXTURE / OP4CS
Distance,OP4_DEPTH_3,D1,6.055,6.000,0.055,-0.250,0.250,,OP4_PT3_DEPTH - PL_FIXTURE / OP4CS
Distance,OP4_DEPTH_4,D1,6.043,6.000,0.043,-0.250,0.250,,OP4_PT4_DEPTH - PL_FIXTURE / OP4CS
Distance,OP4_DEPTH_5,D1,5.891,6.000,-0.109,-0.250,0.250,,OP4_PT5_DEPTH - PL_FIXTURE / OP4CS
Distance,OP4_DEPTH_6,D1,6.038,6.000,0.038,-0.250,0.250,,OP4_PT6_DEPTH - PL_FIXTURE / OP4CS
Distance,OP4_DEPTH_7,D1,6.131,6.000,0.131,-0.250,0.250,,OP4_PT7_DEPTH - PL_FIXTURE / OP4CS
Distance,OP5_DEPTH_3,D1,6.040,6.000,0.040,-0.250,0.250,,OP5_PT3_DEPTH - PL_FIXTURE / OP5CS
Distance,OP5_DEPTH_4,D1,6.171,6.000,0.171,-0.250,0.250,,OP5_PT4_DEPTH - PL_FIXTURE / OP5CS
Distance,OP5_DEPTH_5,D1,5.851,6.000,-0.149,-0.250,0.250,,OP5_PT5_DEPTH - PL_FIXTURE / OP5CS
Distance,OP5_DEPTH_6,D1,6.006,6.000,0.006,-0.250,0.250,,OP5_PT6_DEPTH - PL_FIXTURE / OP5CS
Distance,OP5_DEPTH_7,D1,6.010,6.000,0.010,-0.250,0.250,,OP5_PT7_DEPTH - PL_FIXTURE / OP5CS
Distance,OP6_DEPTH_1,D1,6.081,6.000,0.081,-0.250,0.250,,OP6_PT1_DEPTH - PL_FIXTURE / OP6CS
Distance,OP6_DEPTH_2,D1,6.129,6.000,0.129,-0.250,0.250,,OP6_PT2_DEPTH - PL_FIXTURE / OP6CS
Distance,OP6_DEPTH_3,D1,6.064,6.000,0.064,-0.250,0.250,,OP6_PT3_DEPTH - PL_FIXTURE / OP6CS
Distance,OP6_DEPTH_4,D1,6.158,6.000,0.158,-0.250,0.250,,OP6_PT4_DEPTH - PL_FIXTURE / OP6CS
Distance,OP6_DEPTH_5,D1,6.174,6.000,0.174,-0.250,0.250,,OP6_PT5_DEPTH - PL_FIXTURE / OP6CS
Distance,OP6_DEPTH_6,D1,6.208,6.000,0.208,-0.250,0.250,,OP6_PT6_DEPTH - PL_FIXTURE / OP6CS
Distance,OP6_DEPTH_7,D1,6.194,6.000,0.194,-0.250,0.250,,OP6_PT7_DEPTH - PL_FIXTURE / OP6CS
Circle,CIR_25,X,-117.906,-120.300,2.394,,,,Inters. PL_PLAST_25 - CYL_25.
Circle,CIR_25,Y,87.345,87.400,-0.055,,,,
Circle,CIR_25,Z,178.433,179.200,-0.767,,,,
Circle,CIR_26,X,-156.811,-158.500,1.689,,,,Inters. PL_PLAST_26 - CYL_26.
Circle,CIR_26,Y,120.965,122.100,-1.135,,,,
Circle,CIR_26,Z,160.298,160.700,-0.402,,,,
Circle,CIR_9,X,-269.718,-270.700,0.983,,,,Inters. PL_PLAST_9 - CYL_9.
Circle,CIR_9,Y,87.465,89.700,-2.235,,,,
Circle,CIR_9,Z,88.745,88.300,0.445,,,,
Circle,CIR_11,DIAM,8.025,8.000,0.025,-0.200,0.200,,Criterion : Least Square (From 8 Pts On PL_PLAST_11) 
Circle,CIR_11,X,-269.561,-270.600,1.039,,,,
Circle,CIR_11,Y,60.938,62.700,-1.762,,,,
Circle,CIR_11,Z,52.747,51.400,1.347,,,,
Circle,CIR_12,DIAM,8.022,8.000,0.022,-0.200,0.200,,Criterion : Least Square (From 8 Pts On PL_PLAST_12) 
Circle,CIR_12,X,-291.494,-290.600,-0.894,,,,
Circle,CIR_12,Y,59.291,62.700,-3.409,,,,
Circle,CIR_12,Z,-146.701,-148.600,1.899,,,,
Circle,CIR_13,DIAM,6.871,6.800,0.071,-0.200,0.200,,Criterion : Least Square (From 8 Pts On PL_PLAST_13) 
Circle,CIR_13,X,-175.942,-174.700,-1.242,,,,
Circle,CIR_13,Y,84.673,86.600,-1.927,,,,
Circle,CIR_13,Z,-372.154,-373.600,1.446,,,,
Circle,CIR_14,DIAM,6.932,6.800,0.132,-0.200,0.200,,Criterion : Least Square (From 8 Pts On PL_PLAST_14) 
Circle,CIR_14,X,13.512,14.500,-0.988,,,,
Circle,CIR_14,Y,35.637,36.000,-0.363,,,,
Circle,CIR_14,Z,-374.898,-375.600,0.702,,,,
Circle,CIR_10,DIAM,6.928,6.800,0.128,-0.200,0.200,,Criterion : Least Square (From 8 Pts On PL_PLAST_10) 
Circle,CIR_10,X,-50.663,-50.100,-0.563,,,,
Circle,CIR_10,Y,127.505,127.700,-0.195,,,,
Circle,CIR_10,Z,-9.174,-8.600,-0.574,,,,
Slot,SLOT_22,LEN,12.629,12.500,0.129,-0.200,0.200,,Criterion : Least Square (From 12 Pts On PL_PLAST_22) 
Slot,SLOT_22,WID,6.591,6.500,0.091,-0.200,0.200,,
Slot,SLOT_22,X,-131.329,-132.730,1.401,,,,
Slot,SLOT_22,Y,104.147,105.100,-0.953,,,,
Slot,SLOT_22,Z,128.145,128.800,-0.655,,,,
Distance,DEPTH_15,D1,22.151,22.000,0.151,0.000,8.000,,PNT_DEPTH_15 - PL_INS_15 / CS_SRF_TEMP_15.2
