Feat. Type,Feat. Name,Value,Actual,Nominal,Dev.,Tol-,Tol+,Out of Tol.,Comment
Text/Value,VAR_PROGRAM,VAL,,,,,,,'N:\Metrolog XG\Programmes\Mercury Marine\Mercury Marine Complete (Module 51).gm2'
Text/Value,VAR_EVENEMENT,VAL,,,,,,,'Test_Hebdo'
Text/Value,VAR_COMMENTAIRES,VAL,,,,,,,'324A'
Text/Value,PROF_A,VAL,0.447596,,,0.000000,0.500000,,
Circle,CIR_B,DIAM,8.310,8.400,-0.090,-0.100,0.100,,Criterion : Least Square (From 4 Pts On PL_FIXTURE) 
Circle,CIR_B,X,0.000,0.000,0.000,,,,
Circle,CIR_B,Z,0.000,0.000,0.000,,,,
Pos. Tol.,POS_B,PTOL,0.000,0.000,0.000,0.000,0.250,,CIR_B/NOMINAL - CS_ABC - C-Zone - XZ - Nominal
Point,PNT_DATUM_C,X,32.487,32.500,-0.013,,,,Proj. PNT_MID_C / PL_FIXTURE.
Point,PNT_DATUM_C,Z,-393.146,-393.295,0.149,,,,
Pos. Tol.,POS_C,PTOL,0.300,0.000,0.300,0.000,0.500,,PNT_DATUM_C/NOMINAL - CS_ABC - C-Zone - XZ - Nominal
Distance,WIDTH_C,D1,7.817,7.900,-0.083,-0.100,0.100,,SCT_C_RH - SCT_C_LH / CS_ABC
Circle,CIR1,X,-34.214,-34.000,-0.214,,,,From 4 Pts On AUTO
Circle,CIR1,Z,9.293,9.500,-0.207,,,,
Pos. Tol.,POS_1,PTOL,0.594,0.000,0.594,0.000,1.200,,CIR1/NOMINAL - CS_ABC - C-Zone - XZ - Nominal
Circle,CIR2,X,-33.858,-34.000,0.142,,,,From 4 Pts On AUTO
Circle,CIR2,Z,-92.934,-92.600,-0.334,,,,
Pos. Tol.,POS_2,PTOL,0.726,0.000,0.726,0.000,1.200,,CIR2/NOMINAL - CS_ABC - C-Zone - XZ - Nominal
Circle,CIR3,X,32.055,32.000,0.055,,,,From 4 Pts On AUTO
Circle,CIR3,Z,-106.361,-106.100,-0.261,,,,
Pos. Tol.,POS_3,PTOL,0.532,0.000,0.532,0.000,1.200,,CIR3/NOMINAL - CS_ABC - C-Zone - XZ - Nominal
Circle,CIR4,X,-33.906,-34.000,0.094,,,,From 4 Pts On AUTO
Circle,CIR4,Z,-183.735,-183.600,-0.135,,,,
Pos. Tol.,POS_4,PTOL,0.329,0.000,0.329,0.000,1.200,,CIR4/NOMINAL - CS_ABC - C-Zone - XZ - Nominal
Circle,CIR5,X,-33.884,-34.000,0.116,,,,From 4 Pts On AUTO
Circle,CIR5,Z,-293.906,-294.200,0.294,,,,
Pos. Tol.,POS_5,PTOL,0.632,0.000,0.632,0.000,1.200,,CIR5/NOMINAL - CS_ABC - C-Zone - XZ - Nominal
Circle,CIR6,X,31.986,32.000,-0.014,,,,From 4 Pts On AUTO
Circle,CIR6,Z,-327.094,-327.300,0.206,,,,
Pos. Tol.,POS_6,PTOL,0.413,0.000,0.413,0.000,1.200,,CIR6/NOMINAL - CS_ABC - C-Zone - XZ - Nominal
Circle,CIR7,X,-34.039,-34.000,-0.039,,,,From 4 Pts On AUTO
Circle,CIR7,Z,-399.763,-399.800,0.037,,,,
Pos. Tol.,POS_7,PTOL,0.107,0.000,0.107,0.000,1.200,,CIR7/NOMINAL - CS_ABC - C-Zone - XZ - Nominal
Circle,CIR_8,X,-152.204,-152.200,-0.004,,,,From 4 Pts On AUTO
Circle,CIR_8,Z,-375.086,-375.300,0.214,,,,
Pos. Tol.,POS_8,PTOL,0.429,0.000,0.429,0.000,1.200,,CIR_8/NOMINAL - CS_ABC - C-Zone - XZ - Nominal
Circle,CIR_9,X,-210.108,-210.000,-0.108,,,,From 4 Pts On AUTO
Circle,CIR_9,Z,-226.761,-227.000,0.239,,,,
Pos. Tol.,POS_9,PTOL,0.525,0.000,0.525,0.000,1.200,,CIR_9/NOMINAL - CS_ABC - C-Zone - XZ - Nominal
Circle,CIR_10,X,-209.602,-210.000,0.398,,,,From 4 Pts On AUTO
Circle,CIR_10,Z,-154.569,-154.910,0.341,,,,
Pos. Tol.,POS_10,PTOL,1.048,0.000,1.048,0.000,1.200,,CIR_10/NOMINAL - CS_ABC - C-Zone - XZ - Nominal
Circle,CIR_11,X,-209.910,-210.000,0.090,,,,From 4 Pts On AUTO
Circle,CIR_11,Z,-69.952,-69.900,-0.052,,,,
Pos. Tol.,POS_11,PTOL,0.208,0.000,0.208,0.000,1.200,,CIR_11/NOMINAL - CS_ABC - C-Zone - XZ - Nominal
Profile of Line,OP1_PROF_INSIDE_PORT,PRFL,1.136,0.000,1.136,0.000,1.500,,OP1_SRF_INSIDE_PORT
Profile of Line,OP2_PROF_INSIDE_PORT,PRFL,0.610,0.000,0.610,0.000,1.500,,OP2_SRF_INSIDE_PORT
Profile of Line,OP3_PROF_INSIDE_PORT,PRFL,0.761,0.000,0.761,0.000,1.500,,OP3_SRF_INSIDE_PORT
Profile of Line,OP4_PROF_INSIDE_PORT,PRFL,1.299,0.000,1.299,0.000,1.500,,OP4_SRF_INSIDE_PORT
Distance,OP1_WIDTH_1,D1,3.029,3.000,0.029,-0.150,0.150,,OP1_P3 - OP1_P7 / OP1_CS
Distance,OP1_WIDTH_2,D1,3.096,3.000,0.096,-0.150,0.150,,OP1_P11 - OP1_P15 / OP1_CS
Distance,OP1_WIDTH_3,D1,3.002,3.000,0.002,-0.150,0.150,,OP1_P19 - OP1_P23 / OP1_CS
Distance,OP1_WIDTH_4,D1,3.030,3.000,0.030,-0.150,0.150,,OP1_P27 - OP1_P31 / OP1_CS
Distance,OP1_WIDTH_5,D1,2.897,3.000,-0.103,-0.150,0.150,,OP1_P35 - OP1_P39 / OP1_CS
Distance,OP1_WIDTH_6,D1,2.898,3.000,-0.102,-0.150,0.150,,OP1_P43 - OP1_P47 / OP1_CS
Distance,OP1_WIDTH_7,D1,2.888,3.000,-0.112,-0.150,0.150,,OP1_P51 - OP1_P55 / OP1_CS
Distance,OP1_WIDTH_8,D1,2.907,3.000,-0.093,-0.150,0.150,,OP1_P59 - OP1_P63 / OP1_CS
Distance,OP1_DEPTH_1,Y,4.963,5.000,-0.037,-0.250,0.250,,OP1_P5 - PL_FIXTURE / OP1_CS
Distance,OP1_DEPTH_2,Y,5.036,5.000,0.036,-0.250,0.250,,OP1_P13 - PL_FIXTURE / OP1_CS
Distance,OP1_DEPTH_3,Y,5.064,5.000,0.064,-0.250,0.250,,OP1_P21 - PL_FIXTURE / OP1_CS
Distance,OP1_DEPTH_4,Y,5.153,5.000,0.153,-0.250,0.250,,OP1_P29 - PL_FIXTURE / OP1_CS
Distance,OP1_DEPTH_5,Y,5.104,5.000,0.104,-0.250,0.250,,OP1_P37 - PL_FIXTURE / OP1_CS
Distance,OP1_DEPTH_6,Y,5.042,5.000,0.042,-0.250,0.250,,OP1_P45 - PL_FIXTURE / OP1_CS
Distance,OP1_DEPTH_7,Y,4.924,5.000,-0.076,-0.250,0.250,,OP1_P53 - PL_FIXTURE / OP1_CS
Distance,OP1_DEPTH_8,Y,4.931,5.000,-0.069,-0.250,0.250,,OP1_P61 - PL_FIXTURE / OP1_CS
Distance,OP2_WIDTH_1,D1,3.013,3.000,0.013,-0.150,0.150,,OP2_P3 - OP2_P7 / OP2_CS
Distance,OP2_WIDTH_2,D1,3.002,3.000,0.002,-0.150,0.150,,OP2_P11 - OP2_P15 / OP2_CS
Distance,OP2_WIDTH_3,D1,2.972,3.000,-0.028,-0.150,0.150,,OP2_P19 - OP2_P23 / OP2_CS
Distance,OP2_WIDTH_4,D1,3.050,3.000,0.050,-0.150,0.150,,OP2_P27 - OP2_P31 / OP2_CS
Distance,OP2_WIDTH_5,D1,2.998,3.000,-0.002,-0.150,0.150,,OP2_P35 - OP2_P39 / OP2_CS
Distance,OP2_WIDTH_6,D1,2.988,3.000,-0.012,-0.150,0.150,,OP2_P43 - OP2_P47 / OP2_CS
Distance,OP2_WIDTH_7,D1,2.991,3.000,-0.009,-0.150,0.150,,OP2_P51 - OP2_P55 / OP2_CS
Distance,OP2_WIDTH_8,D1,3.066,3.000,0.066,-0.150,0.150,,OP2_P59 - OP2_P63 / OP2_CS
Distance,OP2_DEPTH_1,Y,4.957,5.000,-0.043,-0.250,0.250,,OP2_P5 - PL_FIXTURE / OP2_CS
Distance,OP2_DEPTH_2,Y,5.089,5.000,0.089,-0.250,0.250,,OP2_P13 - PL_FIXTURE / OP2_CS
Distance,OP2_DEPTH_3,Y,5.020,5.000,0.020,-0.250,0.250,,OP2_P21 - PL_FIXTURE / OP2_CS
Distance,OP2_DEPTH_4,Y,5.088,5.000,0.088,-0.250,0.250,,OP2_P29 - PL_FIXTURE / OP2_CS
Distance,OP2_DEPTH_5,Y,5.159,5.000,0.159,-0.250,0.250,,OP2_P37 - PL_FIXTURE / OP2_CS
Distance,OP2_DEPTH_6,Y,5.213,5.000,0.213,-0.250,0.250,,OP2_P45 - PL_FIXTURE / OP2_CS
Distance,OP2_DEPTH_7,Y,5.007,5.000,0.007,-0.250,0.250,,OP2_P53 - PL_FIXTURE / OP2_CS
Distance,OP2_DEPTH_8,Y,4.886,5.000,-0.114,-0.250,0.250,,OP2_P61 - PL_FIXTURE / OP2_CS
Distance,OP3_WIDTH_1,D1,2.986,3.000,-0.014,-0.150,0.150,,OP3_P3 - OP3_P7 / OP3_CS
Distance,OP3_WIDTH_2,D1,3.073,3.000,0.073,-0.150,0.150,,OP3_P11 - OP3_P15 / OP3_CS
Distance,OP3_WIDTH_3,D1,3.084,3.000,0.084,-0.150,0.150,,OP3_P19 - OP3_P23 / OP3_CS
Distance,OP3_WIDTH_4,D1,3.068,3.000,0.068,-0.150,0.150,,OP3_P27 - OP3_P31 / OP3_CS
Distance,OP3_WIDTH_5,D1,3.009,3.000,0.009,-0.150,0.150,,OP3_P35 - OP3_P39 / OP3_CS
Distance,OP3_WIDTH_6,D1,3.094,3.000,0.094,-0.150,0.150,,OP3_P43 - OP3_P47 / OP3_CS
Distance,OP3_WIDTH_7,D1,3.030,3.000,0.030,-0.150,0.150,,OP3_P51 - OP3_P55 / OP3_CS
Distance,OP3_WIDTH_8,D1,3.076,3.000,0.076,-0.150,0.150,,OP3_P59 - OP3_P63 / OP3_CS
Distance,OP3_DEPTH_1,Y,5.075,5.000,0.075,-0.250,0.250,,OP3_P5 - PL_FIXTURE / OP3_CS
Distance,OP3_DEPTH_2,Y,5.065,5.000,0.065,-0.250,0.250,,OP3_P13 - PL_FIXTURE / OP3_CS
Distance,OP3_DEPTH_3,Y,5.087,5.000,0.087,-0.250,0.250,,OP3_P21 - PL_FIXTURE / OP3_CS
Distance,OP3_DEPTH_4,Y,5.191,5.000,0.191,-0.250,0.250,,OP3_P29 - PL_FIXTURE / OP3_CS
Distance,OP3_DEPTH_5,Y,5.077,5.000,0.077,-0.250,0.250,,OP3_P37 - PL_FIXTURE / OP3_CS
Distance,OP3_DEPTH_6,Y,5.013,5.000,0.013,-0.250,0.250,,OP3_P45 - PL_FIXTURE / OP3_CS
Distance,OP3_DEPTH_7,Y,5.017,5.000,0.017,-0.250,0.250,,OP3_P53 - PL_FIXTURE / OP3_CS
Distance,OP3_DEPTH_8,Y,5.064,5.000,0.064,-0.250,0.250,,OP3_P61 - PL_FIXTURE / OP3_CS
Distance,OP4_WIDTH_1,D1,2.944,3.000,-0.056,-0.150,0.150,,OP4_P3 - OP4_P7 / OP4_CS
Distance,OP4_WIDTH_2,D1,2.979,3.000,-0.021,-0.150,0.150,,OP4_P11 - OP4_P15 / OP4_CS
Distance,OP4_WIDTH_3,D1,3.004,3.000,0.004,-0.150,0.150,,OP4_P19 - OP4_P23 / OP4_CS
Distance,OP4_WIDTH_4,D1,2.951,3.000,-0.049,-0.150,0.150,,OP4_P27 - OP4_P31 / OP4_CS
Distance,OP4_WIDTH_5,D1,2.919,3.000,-0.081,-0.150,0.150,,OP4_P35 - OP4_P39 / OP4_CS
Distance,OP4_WIDTH_6,D1,2.920,3.000,-0.080,-0.150,0.150,,OP4_P43 - OP4_P47 / OP4_CS
Distance,OP4_WIDTH_7,D1,2.941,3.000,-0.059,-0.150,0.150,,OP4_P51 - OP4_P55 / OP4_CS
Distance,OP4_WIDTH_8,D1,2.990,3.000,-0.010,-0.150,0.150,,OP4_P59 - OP4_P63 / OP4_CS
Distance,OP4_DEPTH_1,Y,5.093,5.000,0.093,-0.250,0.250,,OP4_P5 - PL_FIXTURE / OP4_CS
Distance,OP4_DEPTH_2,Y,5.164,5.000,0.164,-0.250,0.250,,OP4_P13 - PL_FIXTURE / OP4_CS
Distance,OP4_DEPTH_3,Y,5.141,5.000,0.141,-0.250,0.250,,OP4_P21 - PL_FIXTURE / OP4_CS
Distance,OP4_DEPTH_4,Y,5.195,5.000,0.195,-0.250,0.250,,OP4_P29 - PL_FIXTURE / OP4_CS
Distance,OP4_DEPTH_5,Y,5.206,5.000,0.206,-0.250,0.250,,OP4_P37 - PL_FIXTURE / OP4_CS
Distance,OP4_DEPTH_6,Y,5.155,5.000,0.155,-0.250,0.250,,OP4_P45 - PL_FIXTURE / OP4_CS
Distance,OP4_DEPTH_7,Y,5.055,5.000,0.055,-0.250,0.250,,OP4_P53 - PL_FIXTURE / OP4_CS
Distance,OP4_DEPTH_8,Y,5.085,5.000,0.085,-0.250,0.250,,OP4_P61 - PL_FIXTURE / OP4_CS
Circle,CIR_12,DIAM,8.627,8.600,0.027,-0.100,0.100,,Criterion : Least Square (From 8 Pts On PL_PLAST_12) 
Circle,CIR_12,X,-115.485,-116.000,0.515,,,,
Circle,CIR_12,Z,-308.812,-309.000,0.188,,,,
Pos. Tol.,POS_12,PTOL,1.098,0.000,1.098,0.000,2.000,,CIR_12/NOMINAL - CS_ABC - C-Zone - XZ - Nominal
Circle,CIR_13,X,-104.921,-105.708,0.787,,,,Criterion : Least Square (From 6 Pts On PL_INS_13) 
Circle,CIR_13,Y,87.910,88.280,-0.370,,,,
Circle,CIR_13,Z,-399.994,-399.800,-0.193,,,,
Pos. Tol.,POS_13,PTOL,1.781,0.000,1.781,0.000,3.500,,CIR_13/NOMINAL - CS_ABC - C-Zone - XYZ - Nominal
Circle,CIR_14,X,-146.046,-147.031,0.984,,,,Criterion : Least Square (From 6 Pts On PL_INS_14) 
Circle,CIR_14,Y,103.245,103.320,-0.075,,,,
Circle,CIR_14,Z,-425.425,-425.600,0.175,,,,
Pos. Tol.,POS_14,PTOL,2.005,0.000,2.005,0.000,3.500,,CIR_14/NOMINAL - CS_ABC - C-Zone - XYZ - Nominal
Circle,2D_CIR_13,X,36.583,36.670,-0.087,,,,
Circle,2D_CIR_13,Z,25.739,25.800,-0.061,,,,
Pos. Tol.,POS_2D_13,PTOL,0.213,0.000,0.213,0.000,0.500,,2D_CIR_13/NOMINAL - CS_P_13_14 - C-Zone - XZ - Nominal
Distance,H_13,Y,-0.217,0.000,-0.217,-0.300,0.000,,CIR_13 - PL_PLAST_13 / CS_P_13
Circle,2D_CIR_14,X,0.000,0.000,0.000,,,,
Circle,2D_CIR_14,Z,0.000,0.000,0.000,,,,
Pos. Tol.,POS_2D_14,PTOL,0.000,0.000,0.000,0.000,0.500,,2D_CIR_14/NOMINAL - CS_P_13_14 - C-Zone - XZ - Nominal
Distance,H_14,Y,-0.016,0.000,-0.016,-0.300,0.000,,CIR_14 - PL_PLAST_14 / CS_P_14
Distance,W_SPRING_1,D1,2.739,3.000,-0.261,-0.250,0.250,-0.011,SPRG_WALL_LH_0.5.1 - SPRG_WALL_RH_0.5.1 / CS_P_13_14
Distance,W_SPRING_2,D1,2.850,3.000,-0.150,-0.250,0.250,,SPRG_WALL_LH_0.5.2 - SPRG_WALL_RH_0.5.2 / CS_P_13_14
Distance,W_SPRING_3,D1,2.867,3.000,-0.133,-0.250,0.250,,SPRG_WALL_LH_0.5.3 - SPRG_WALL_RH_0.5.3 / CS_P_13_14
Distance,W_SPRING_4,D1,2.763,3.000,-0.237,-0.250,0.250,,SPRG_WALL_LH_0.5.4 - SPRG_WALL_RH_0.5.4 / CS_P_13_14
Distance,DP_SPRING_1,D1,3.160,3.000,0.160,-0.250,0.250,,SPRG_DEPTH.1 - PL_DATUM_P / CS_P_13_14
Distance,DP_SPRING_2,D1,3.159,3.000,0.159,-0.250,0.250,,SPRG_DEPTH.2 - PL_DATUM_P / CS_P_13_14
Distance,DP_SPRING_3,D1,3.187,3.000,0.187,-0.250,0.250,,SPRG_DEPTH.3 - PL_DATUM_P / CS_P_13_14
Distance,DP_SPRING_4,D1,3.237,3.000,0.237,-0.250,0.250,,SPRG_DEPTH.4 - PL_DATUM_P / CS_P_13_14
Distance,TOP_LH_SPRING_1,D1,3.962,4.000,-0.038,-0.250,0.250,,SPRG_TOP_LH.1 - PL_DATUM_P / CS_P_13_14
Distance,TOP_LH_SPRING_2,D1,3.945,4.000,-0.055,-0.250,0.250,,SPRG_TOP_LH.2 - PL_DATUM_P / CS_P_13_14
Distance,TOP_LH_SPRING_3,D1,3.932,4.000,-0.068,-0.250,0.250,,SPRG_TOP_LH.3 - PL_DATUM_P / CS_P_13_14
Distance,TOP_LH_SPRING_4,D1,3.929,4.000,-0.071,-0.250,0.250,,SPRG_TOP_LH.4 - PL_DATUM_P / CS_P_13_14
Distance,TOP_RH_SPRING_1,D1,4.127,4.000,0.127,-0.250,0.250,,SPRG_TOP_RH.1 - PL_DATUM_P / CS_P_13_14
Distance,TOP_RH_SPRING_2,D1,4.101,4.000,0.101,-0.250,0.250,,SPRG_TOP_RH.2 - PL_DATUM_P / CS_P_13_14
Distance,TOP_RH_SPRING_3,D1,4.073,4.000,0.073,-0.250,0.250,,SPRG_TOP_RH.3 - PL_DATUM_P / CS_P_13_14
Distance,TOP_RH_SPRING_4,D1,4.058,4.000,0.058,-0.250,0.250,,SPRG_TOP_RH.4 - PL_DATUM_P / CS_P_13_14
Point,2D_SPRG_OUT_LH_0.5.1,Z,-5.790,-5.800,0.010,-0.250,0.250,,
Point,2D_SPRG_OUT_LH_0.5.2,Z,-5.737,-5.800,0.063,-0.250,0.250,,
Point,2D_SPRG_OUT_LH_0.5.3,Z,-5.739,-5.800,0.061,-0.250,0.250,,
Point,2D_SPRG_OUT_LH_0.5.4,Z,-5.787,-5.800,0.013,-0.250,0.250,,
Point,2D_SPRG_OUT_LH_1.5.1,Z,-5.766,-5.800,0.034,-0.250,0.250,,
Point,2D_SPRG_OUT_LH_1.5.2,Z,-5.746,-5.800,0.054,-0.250,0.250,,
Point,2D_SPRG_OUT_LH_1.5.3,Z,-5.742,-5.800,0.058,-0.250,0.250,,
Point,2D_SPRG_OUT_LH_1.5.4,Z,-5.737,-5.800,0.063,-0.250,0.250,,
Point,2D_SPRG_OUT_RH_0.5.1,Z,6.868,6.900,-0.032,-0.250,0.250,,
Point,2D_SPRG_OUT_RH_0.5.2,Z,6.835,6.900,-0.065,-0.250,0.250,,
Point,2D_SPRG_OUT_RH_0.5.3,Z,6.831,6.900,-0.069,-0.250,0.250,,
Point,2D_SPRG_OUT_RH_0.5.4,Z,6.893,6.900,-0.007,-0.250,0.250,,
Point,2D_SPRG_OUT_RH_1.5.1,Z,6.854,6.900,-0.046,-0.250,0.250,,
Point,2D_SPRG_OUT_RH_1.5.2,Z,6.853,6.900,-0.047,-0.250,0.250,,
Point,2D_SPRG_OUT_RH_1.5.3,Z,6.863,6.900,-0.037,-0.250,0.250,,
Point,2D_SPRG_OUT_RH_1.5.4,Z,6.895,6.900,-0.005,-0.250,0.250,,
Circle,CIR_15,DIAM,5.037,5.200,-0.163,-0.100,0.100,-0.063,Criterion : Least Square (From 6 Pts On PL_PLAST_15) 
Circle,CIR_15,X,2.002,1.992,0.010,,,,
Circle,CIR_15,Z,-406.978,-406.515,-0.463,,,,
Pos. Tol.,POS_15,PTOL,0.926,0.000,0.926,0.000,2.000,,CIR_15/NOMINAL - CS_ABC - C-Zone - XZ - Nominal
Circle,CIR_16,DIAM,6.713,6.750,-0.037,-0.100,0.100,,Criterion : Least Square (From 6 Pts On PL_PLAST_16) 
Circle,CIR_16,X,28.060,28.242,-0.182,,,,
Circle,CIR_16,Z,9.597,9.985,-0.389,,,,
Pos. Tol.,POS_16,PTOL,0.858,0.000,0.858,0.000,2.000,,CIR_16/NOMINAL - CS_ABC - C-Zone - XZ - Nominal
Flatness,FLATNESS_G,FLTN,0.059,0.000,0.059,0.000,0.250,,PL_DATUM_G
Distance,PROF_G,X,-212.855,-213.100,0.245,-0.500,0.500,,CIR_19 - ORIGIN / CS_ABC
Circle,CIR_19,DIAM,33.169,33.200,-0.031,-0.100,0.100,,Criterion : Least Square (From 16 Pts On PL_DATUM_G) 
Circle,CIR_19,Y,60.296,60.550,-0.254,,,,
Circle,CIR_19,Z,-190.879,-191.000,0.121,,,,
Circle,CIR_19_GAGE_27.5,DIAM,28.169,28.100,0.069,-0.100,0.100,,Criterion : Least Square (From 16 Pts On PL_DATUM_G) 
Pos. Tol.,POS_19,PTOL,0.563,0.000,0.563,0.000,1.500,,CIR_19/NOMINAL - CS_ABC - C-Zone - YZ - Nominal
Circle,2D_GHA_CIR_20,DIAM,4.942,4.980,-0.038,-0.100,0.100,,
Circle,2D_GHA_CIR_20,Y,29.171,29.000,0.171,,,,
Circle,2D_GHA_CIR_20,Z,7.654,7.760,-0.106,,,,
Pos. Tol.,POS_20,PTOL,0.402,0.000,0.402,0.000,1.000,,2D_GHA_CIR_20/NOMINAL - CS_GH - C-Zone - YZ - Nominal
Circle,2D_GHA_CIR_21,DIAM,4.987,4.980,0.007,-0.100,0.100,,
Circle,2D_GHA_CIR_21,Y,-28.885,-29.000,0.115,,,,
Circle,2D_GHA_CIR_21,Z,-7.881,-7.760,-0.121,,,,
Pos. Tol.,POS_21,PTOL,0.334,0.000,0.334,0.000,1.000,,2D_GHA_CIR_21/NOMINAL - CS_GH - C-Zone - YZ - Nominal
Circle,JKM_CIR_22,DIAM,14.078,14.000,0.078,-0.100,0.100,,
Circle,JKM_CIR_22,X,23.622,23.540,0.082,,,,
Circle,JKM_CIR_22,Z,-0.484,0.000,-0.484,,,,
Pos. Tol.,POS_22,PTOL,0.983,0.000,0.983,0.000,1.500,,JKM_CIR_22/NOMINAL - CS_JKM_BF - C-Zone - XZ - Nominal
Circle,JKM_CIR_23,DIAM,14.134,14.050,0.084,-0.100,0.100,,
Circle,JKM_CIR_23,X,23.594,23.540,0.054,,,,
Circle,JKM_CIR_23,Z,-110.591,-110.600,0.009,,,,
Pos. Tol.,POS_23,PTOL,0.109,0.000,0.109,0.000,1.500,,JKM_CIR_23/NOMINAL - CS_JKM_BF - C-Zone - XZ - Nominal
Circle,JKM_CIR_24,DIAM,14.098,14.050,0.048,-0.100,0.100,,
Circle,JKM_CIR_24,X,23.808,23.540,0.268,,,,
Circle,JKM_CIR_24,Z,-220.967,-221.200,0.233,,,,
Pos. Tol.,POS_24,PTOL,0.711,0.000,0.711,0.000,1.500,,JKM_CIR_24/NOMINAL - CS_JKM_BF - C-Zone - XZ - Nominal
Circle,JKM_CIR_25,DIAM,14.105,14.050,0.055,-0.100,0.100,,
Circle,JKM_CIR_25,X,23.749,23.540,0.209,,,,
Circle,JKM_CIR_25,Z,-331.223,-331.800,0.577,,,,
Pos. Tol.,POS_25,PTOL,1.228,0.000,1.228,0.000,1.500,,JKM_CIR_25/NOMINAL - CS_JKM_BF - C-Zone - XZ - Nominal
Circle,CIR_26,DIAM,4.896,4.960,-0.064,-0.100,0.100,,Criterion : Least Square (From 6 Pts On PL_26) 
Circle,CIR_26,X,41.798,42.250,-0.452,,,,
Circle,CIR_26,Y,81.554,81.850,-0.296,,,,
Circle,CIR_26,Z,-41.364,-41.100,-0.264,,,,
Pos. Tol.,POS_26,PTOL,1.203,0.000,1.203,0.000,2.000,,CIR_26/NOMINAL - CS_ABC - C-Zone - XYZ - Nominal
Circle,CIR_27,DIAM,4.956,4.960,-0.004,-0.100,0.100,,Criterion : Least Square (From 6 Pts On PL_27) 
Circle,CIR_27,X,41.406,42.250,-0.844,,,,
Circle,CIR_27,Y,81.881,81.850,0.030,,,,
Circle,CIR_27,Z,-152.021,-151.700,-0.321,,,,
Pos. Tol.,POS_27,PTOL,1.808,0.000,1.808,0.000,2.000,,CIR_27/NOMINAL - CS_ABC - C-Zone - XYZ - Nominal
Circle,CIR_28,DIAM,4.930,4.960,-0.030,-0.100,0.100,,Criterion : Least Square (From 6 Pts On PL_28) 
Circle,CIR_28,X,41.555,42.250,-0.695,,,,
Circle,CIR_28,Y,81.798,81.850,-0.052,,,,
Circle,CIR_28,Z,-261.905,-262.300,0.395,,,,
Pos. Tol.,POS_28,PTOL,1.602,0.000,1.602,0.000,2.000,,CIR_28/NOMINAL - CS_ABC - C-Zone - XYZ - Nominal
Circle,CIR_29,DIAM,4.904,4.960,-0.056,-0.100,0.100,,Criterion : Least Square (From 6 Pts On PL_29) 
Circle,CIR_29,X,41.590,42.250,-0.660,,,,
Circle,CIR_29,Y,81.959,81.850,0.109,,,,
Circle,CIR_29,Z,-372.410,-372.900,0.490,,,,
Pos. Tol.,POS_29,PTOL,1.659,0.000,1.659,0.000,2.000,,CIR_29/NOMINAL - CS_ABC - C-Zone - XYZ - Nominal
Circle,2D_CIR_26,X,0.156,0.000,0.156,,,,
Circle,2D_CIR_26,Z,-0.338,0.000,-0.338,,,,
Pos. Tol.,POS_2D_26,PTOL,0.745,0.000,0.745,0.000,1.000,,2D_CIR_26/NOMINAL - CS_JKM_BF - C-Zone - XZ - Nominal
Circle,2D_CIR_27,X,-0.247,0.000,-0.247,,,,
Circle,2D_CIR_27,Z,-110.997,-110.600,-0.397,,,,
Pos. Tol.,POS_2D_27,PTOL,0.935,0.000,0.935,0.000,1.000,,2D_CIR_27/NOMINAL - CS_JKM_BF - C-Zone - XZ - Nominal
Circle,2D_CIR_28,X,0.027,0.000,0.027,,,,
Circle,2D_CIR_28,Z,-220.880,-221.200,0.320,,,,
Pos. Tol.,POS_2D_28,PTOL,0.641,0.000,0.641,0.000,1.000,,2D_CIR_28/NOMINAL - CS_JKM_BF - C-Zone - XZ - Nominal
Circle,2D_CIR_29,X,0.064,0.000,0.064,,,,
Circle,2D_CIR_29,Z,-331.385,-331.800,0.415,,,,
Pos. Tol.,POS_2D_29,PTOL,0.841,0.000,0.841,0.000,1.000,,2D_CIR_29/NOMINAL - CS_JKM_BF - C-Zone - XZ - Nominal
Circle,CIR_30,DIAM,6.778,6.750,0.028,-0.100,0.100,,Criterion : Least Square (From 6 Pts On PL_PLAST_30) 
Circle,CIR_30,Y,15.433,15.633,-0.201,,,,
Circle,CIR_30,Z,-65.244,-65.019,-0.225,,,,
Pos. Tol.,POS_30,PTOL,0.603,0.000,0.603,0.000,2.000,,CIR_30/NOMINAL - CS_ABC - C-Zone - YZ - Nominal
Circle,CIR_31,DIAM,6.806,6.750,0.056,-0.100,0.100,,Criterion : Least Square (From 6 Pts On PL_PLAST_31) 
Circle,CIR_31,Y,15.668,15.564,0.104,,,,
Circle,CIR_31,Z,-174.973,-175.015,0.042,,,,
Pos. Tol.,POS_31,PTOL,0.224,0.000,0.224,0.000,2.000,,CIR_31/NOMINAL - CS_ABC - C-Zone - YZ - Nominal
Circle,CIR_32,DIAM,6.803,6.750,0.053,-0.100,0.100,,Criterion : Least Square (From 6 Pts On PL_PLAST_32) 
Circle,CIR_32,Y,15.520,15.564,-0.045,,,,
Circle,CIR_32,Z,-285.748,-286.015,0.267,,,,
Pos. Tol.,POS_32,PTOL,0.541,0.000,0.541,0.000,2.000,,CIR_32/NOMINAL - CS_ABC - C-Zone - YZ - Nominal
Circle,CIR_33,DIAM,6.734,6.750,-0.016,-0.100,0.100,,Criterion : Least Square (From 8 Pts On PL_PLAST_33) 
Circle,CIR_33,Y,15.795,15.565,0.230,,,,
Circle,CIR_33,Z,-401.070,-402.034,0.965,,,,
Pos. Tol.,POS_33,PTOL,1.983,0.000,1.983,0.000,2.000,,CIR_33/NOMINAL - CS_ABC - C-Zone - YZ - Nominal
Flatness,FLATNESS_R,FLTN,0.137,0.000,0.137,0.000,0.250,,CS_ABC
Circle,CIR_34,DIAM,7.934,8.000,-0.066,-0.100,0.100,,Criterion : Least Square (From 10 Pts On CS_ABC) 
Circle,CIR_34,X,32.018,31.994,0.024,,,,
Circle,CIR_34,Y,117.729,118.547,-0.818,,,,
Circle,CIR_34,Z,-365.562,-365.869,0.306,,,,
Pos. Tol.,POS_34,PTOL,1.748,0.000,1.748,0.000,2.500,,CIR_34/NOMINAL - CS_ABC - C-Zone - XYZ - Nominal
Circle,2D_CIR_35,Y,12.896,13.000,-0.104,,,,
Circle,2D_CIR_35,Z,0.008,0.000,0.008,,,,
Pos. Tol.,POS_2D_35,PTOL,0.209,0.000,0.209,0.000,0.500,,2D_CIR_35/NOMINAL - CS_RS_BF - C-Zone - YZ - Nominal
Circle,2D_CIR_36,Y,-12.926,-13.000,0.074,,,,
Circle,2D_CIR_36,Z,0.008,0.000,0.008,,,,
Pos. Tol.,POS_2D_36,PTOL,0.148,0.000,0.148,0.000,0.500,,2D_CIR_36/NOMINAL - CS_RS_BF - C-Zone - YZ - Nominal
Circle,CIR_37,DIAM,10.503,10.390,0.113,0.000,0.130,,Criterion : Least Square (From 12 Pts On PL_PLAST_37) 
Circle,CIR_37,X,-201.221,-201.200,-0.021,,,,
Circle,CIR_37,Y,75.168,75.457,-0.289,,,,
Pos. Tol.,POS_37,PTOL,0.579,0.000,0.579,0.000,3.500,,CIR_37/NOMINAL - CS_ABC - C-Zone - XY - Nominal
Flatness,FLATNESS_D,FLTN,0.273,0.000,0.273,0.000,0.400,,PL_DATUM_D
Distance,PROF_D,Z,-6.672,-6.000,-0.672,-1.500,1.500,,CIR_38 - ORIGIN / CS_ABC
Circle,CIR_39,DIAM,4.930,4.980,-0.050,-0.100,0.100,,Criterion : Least Square (From 6 Pts On PL_PLAST_39) 
Circle,CIR_39,X,-170.507,-171.258,0.751,,,,
Circle,CIR_39,Y,94.149,94.550,-0.401,,,,
Pos. Tol.,POS_39,PTOL,1.704,0.000,1.704,0.000,3.000,,CIR_39/NOMINAL - CS_ABC - C-Zone - XY - Nominal
Circle,CIR_40,DIAM,4.930,4.980,-0.050,-0.100,0.100,,Criterion : Least Square (From 6 Pts On PL_PLAST_40) 
Circle,CIR_40,X,-103.564,-104.259,0.695,,,,
Circle,CIR_40,Y,97.322,98.050,-0.728,,,,
Pos. Tol.,POS_40,PTOL,2.013,0.000,2.013,0.000,3.000,,CIR_40/NOMINAL - CS_ABC - C-Zone - XY - Nominal
Circle,CIR_41,DIAM,4.909,4.980,-0.071,-0.200,0.100,,Criterion : Least Square (From 6 Pts On PL_PLAST_41) 
Circle,CIR_41,X,-102.897,-103.258,0.361,,,,
Circle,CIR_41,Y,25.829,26.550,-0.721,,,,
Pos. Tol.,POS_41,PTOL,1.613,0.000,1.613,0.000,3.000,,CIR_41/NOMINAL - CS_ABC - C-Zone - XY - Nominal
Circle,CIR_42,DIAM,4.894,4.980,-0.086,-0.100,0.100,,Criterion : Least Square (From 6 Pts On PL_PLAST_42) 
Circle,CIR_42,X,-170.936,-171.258,0.322,,,,
Circle,CIR_42,Y,26.152,26.550,-0.398,,,,
Pos. Tol.,POS_42,PTOL,1.025,0.000,1.025,0.000,3.000,,CIR_42/NOMINAL - CS_ABC - C-Zone - XY - Nominal
Circle,2D_CIR_38,DIAM,62.984,63.000,-0.016,-0.500,0.500,,
Circle,2D_CIR_38,X,-34.017,-34.000,-0.017,,,,
Circle,2D_CIR_38,Y,33.893,34.000,-0.107,,,,
Pos. Tol.,POS_2D_38,PTOL,0.217,0.000,0.217,0.000,1.000,,2D_CIR_38/NOMINAL - CS_DEF_BF - C-Zone - XY - Nominal
Circle,2D_CIR_39,X,-67.947,-68.000,0.053,,,,
Circle,2D_CIR_39,Y,68.015,68.000,0.015,,,,
Pos. Tol.,POS_2D_39,PTOL,0.110,0.000,0.110,0.000,0.500,,2D_CIR_39/NOMINAL - CS_DEF_BF - C-Zone - XY - Nominal
Circle,2D_CIR_40,X,-1.021,-1.000,-0.021,,,,
Circle,2D_CIR_40,Y,71.532,71.500,0.032,,,,
Pos. Tol.,POS_2D_40,PTOL,0.077,0.000,0.077,0.000,0.500,,2D_CIR_40/NOMINAL - CS_DEF_BF - C-Zone - XY - Nominal
Circle,2D_CIR_41,X,0.013,0.000,0.013,,,,
Circle,2D_CIR_41,Y,0.044,0.000,0.044,,,,
Pos. Tol.,POS_2D_41,PTOL,0.091,0.000,0.091,0.000,0.500,,2D_CIR_41/NOMINAL - CS_DEF_BF - C-Zone - XY - Nominal
Circle,2D_CIR_42,X,-68.027,-68.000,-0.027,,,,
Circle,2D_CIR_42,Y,0.017,0.000,0.017,,,,
Pos. Tol.,POS_2D_42,PTOL,0.063,0.000,0.063,0.000,0.500,,2D_CIR_42/NOMINAL - CS_DEF_BF - C-Zone - XY - Nominal
Distance,WIDTH_TB1,D1,2.944,3.000,-0.056,-0.150,0.150,,P0W2.5_1.1 - PIW2.5_1.1 / CS_DEF_BF
Distance,WIDTH_TB2,D1,3.026,3.000,0.026,-0.150,0.150,,P0W2.5_1.2 - PIW2.5_1.2 / CS_DEF_BF
Distance,WIDTH_TB3,D1,3.069,3.000,0.069,-0.150,0.150,,P0W2.5_1.3 - PIW2.5_1.3 / CS_DEF_BF
Distance,WIDTH_TB4,D1,2.996,3.000,-0.004,-0.150,0.150,,P0W2.5_1.4 - PIW2.5_1.4 / CS_DEF_BF
Distance,WIDTH_TB5,D1,3.036,3.000,0.036,-0.150,0.150,,P0W2.5_1.5 - PIW2.5_1.5 / CS_DEF_BF
Distance,WIDTH_TB6,D1,2.973,3.000,-0.027,-0.150,0.150,,P0W2.5_1.6 - PIW2.5_1.6 / CS_DEF_BF
Distance,WIDTH_TB7,D1,3.045,3.000,0.045,-0.150,0.150,,P0W2.5_1.7 - PIW2.5_1.7 / CS_DEF_BF
Distance,WIDTH_TB8,D1,2.849,2.850,-0.001,-0.150,0.150,,P0W2.5_1.8 - PIW2.5_1.8 / CS_DEF_BF
Distance,WIDTH_TB9,D1,2.977,3.000,-0.023,-0.150,0.150,,P0W2.5_1.9 - PIW2.5_1.9 / CS_DEF_BF
Distance,WIDTH_TB10,D1,2.935,2.950,-0.015,-0.150,0.150,,P0W2.5_1.10 - PIW2.5_1.10 / CS_DEF_BF
Distance,WIDTH_TB11,D1,3.014,3.000,0.014,-0.150,0.150,,P0W2.5_1.11 - PIW2.5_1.11 / CS_DEF_BF
Distance,WIDTH_TB12,D1,3.121,3.100,0.021,-0.150,0.150,,P0W2.5_1.12 - PIW2.5_1.12 / CS_DEF_BF
Distance,WIDTH_TB13,D1,3.135,3.050,0.085,-0.150,0.150,,P0W2.5_1.13 - PIW2.5_1.13 / CS_DEF_BF
Distance,WIDTH_TB14,D1,3.065,3.000,0.065,-0.150,0.150,,P0W2.5_1.14 - PIW2.5_1.14 / CS_DEF_BF
Distance,WIDTH_TB15,D1,2.945,2.950,-0.005,-0.150,0.150,,P0W2.5_1.15 - PIW2.5_1.15 / CS_DEF_BF
Distance,DEPTH_TB1,D1,4.929,5.000,-0.071,-0.250,0.250,,PTB_BOT_1.1 - PL_DATUM_D / CS_DEF_BF
Distance,DEPTH_TB2,D1,4.912,5.000,-0.088,-0.250,0.250,,PTB_BOT_1.2 - PL_DATUM_D / CS_DEF_BF
Distance,DEPTH_TB3,D1,5.026,5.000,0.026,-0.250,0.250,,PTB_BOT_1.3 - PL_DATUM_D / CS_DEF_BF
Distance,DEPTH_TB4,D1,4.993,5.000,-0.007,-0.250,0.250,,PTB_BOT_1.4 - PL_DATUM_D / CS_DEF_BF
Distance,DEPTH_TB5,D1,4.969,5.000,-0.031,-0.250,0.250,,PTB_BOT_1.5 - PL_DATUM_D / CS_DEF_BF
Distance,DEPTH_TB6,D1,5.000,5.000,-0.000,-0.250,0.250,,PTB_BOT_1.6 - PL_DATUM_D / CS_DEF_BF
Distance,DEPTH_TB7,D1,4.984,5.000,-0.016,-0.250,0.250,,PTB_BOT_1.7 - PL_DATUM_D / CS_DEF_BF
Distance,DEPTH_TB8,D1,5.021,5.000,0.021,-0.250,0.250,,PTB_BOT_1.8 - PL_DATUM_D / CS_DEF_BF
Distance,DEPTH_TB9,D1,5.089,5.000,0.089,-0.250,0.250,,PTB_BOT_1.9 - PL_DATUM_D / CS_DEF_BF
Distance,DEPTH_TB10,D1,5.137,5.000,0.137,-0.250,0.250,,PTB_BOT_1.10 - PL_DATUM_D / CS_DEF_BF
Distance,DEPTH_TB11,D1,5.128,5.000,0.128,-0.250,0.250,,PTB_BOT_1.11 - PL_DATUM_D / CS_DEF_BF
Distance,DEPTH_TB12,D1,5.084,5.000,0.084,-0.250,0.250,,PTB_BOT_1.12 - PL_DATUM_D / CS_DEF_BF
Distance,DEPTH_TB13,D1,5.003,5.000,0.003,-0.250,0.250,,PTB_BOT_1.13 - PL_DATUM_D / CS_DEF_BF
Distance,DEPTH_TB14,D1,4.956,5.000,-0.044,-0.250,0.250,,PTB_BOT_1.14 - PL_DATUM_D / CS_DEF_BF
Distance,DEPTH_TB15,D1,4.954,5.000,-0.046,-0.250,0.250,,PTB_BOT_1.15 - PL_DATUM_D / CS_DEF_BF
