Feat. Type,Feat. Name,Value,Actual,Nominal,Dev.,Tol-,Tol+,Out of Tol.,Comment
Text/Value,VAR_PROGRAM,VAL,,,,,,,'N:\Metrolog XG\Programmes\D-33 RWD\D33 RWD Complete (Module 44).gm2'
Text/Value,VAR_EVENEMENT,VAL,,,,,,,'validation special piece # 39'
Text/Value,VAR_COMMENTAIRES,VAL,,,,,,,'276 C'
Circle,CIR_DATUM_B,DIAM,7.845,7.900,-0.055,-0.100,0.100,,Criterion : Least Square (From 3 Pts On PL_FIXTURE) 
Circle,CIR_DATUM_C,DIAM,7.884,7.900,-0.016,-0.100,0.100,,Criterion : Least Square (From 3 Pts On PL_FIXTURE) 
Circle,CIR_DATUM_C,X,4.401,4.400,0.001,,,,
Circle,CIR_DATUM_C,Z,-351.705,-351.650,-0.055,,,,
Pos. Tol.,POS_C,PTOL,0.110,0.000,0.110,0.000,0.455,,CIR_DATUM_C/NOMINAL - CS_ABC - C-Zone - XZ - Nominal
Circle,CIR_8,DIAM,74.118,74.350,-0.232,-0.300,0.300,,Criterion : Least Square (From 14 Pts On PL_PLAST_TB) 
Circle,CIR_8,X,-79.813,-80.600,0.787,,,,
Circle,CIR_8,Y,91.726,92.200,-0.474,,,,
Circle,CIR_8,Z,81.752,82.900,-1.148,,,,
Pos. Tol.,POS_8,PTOL,2.484,0.000,2.484,0.068,4.223,,CIR_8(M)/NOMINAL - CS_ABC - C-Zone - YZ - Nominal
Circle,2D_CIR_16,Y,-32.413,-32.500,0.087,,,,
Circle,2D_CIR_16,Z,-40.100,-40.000,-0.100,,,,
Circle,2D_CIR_17,Y,-32.235,-32.500,0.265,,,,
Circle,2D_CIR_17,Z,39.902,40.000,-0.098,,,,
Circle,2D_CIR_18,Y,32.421,32.500,-0.079,,,,
Circle,2D_CIR_18,Z,40.107,40.000,0.107,,,,
Circle,2D_CIR_19,Y,32.325,32.500,-0.175,,,,
Circle,2D_CIR_19,Z,-39.968,-40.000,0.032,,,,
Pos. Tol.,POS_2D_16,PTOL,0.265,0.000,0.265,0.000,0.500,,2D_CIR_16/NOMINAL - CS_DE - C-Zone - YZ - Nominal
Pos. Tol.,POS_2D_17,PTOL,0.564,0.000,0.564,0.000,0.500,0.064,2D_CIR_17/NOMINAL - CS_DE - C-Zone - YZ - Nominal
Pos. Tol.,POS_2D_18,PTOL,0.266,0.000,0.266,0.000,0.700,,2D_CIR_18/NOMINAL - CS_DE - C-Zone - YZ - Nominal
Pos. Tol.,POS_2D_19,PTOL,0.355,0.000,0.355,0.000,0.700,,2D_CIR_19/NOMINAL - CS_DE - C-Zone - YZ - Nominal
Distance,INSERT HEIGHT 16,X,0.235,0.000,0.235,,,,CIR_16 - PL_PLAST_16 / CS_DE
Distance,INSERT HEIGHT 17,X,0.229,0.000,0.229,,,,CIR_17 - PL_PLAST_17 / CS_DE
Distance,INSERT HEIGHT 18,X,0.261,0.000,0.261,,,,CIR_18 - PL_PLAST_18 / CS_DE
Distance,INSERT HEIGHT 19,X,0.272,0.000,0.272,,,,CIR_19 - PL_PLAST_19 / CS_DE
Flatness,FLAT_D,FLTN,0.250,0.000,0.250,0.000,1.000,,PL_D
Circle,2D_CIR_20,X,-0.183,0.000,-0.183,,,,
Circle,2D_CIR_20,Z,-0.005,0.000,-0.005,,,,
Circle,2D_CIR_21,X,-0.183,0.000,-0.183,,,,
Circle,2D_CIR_21,Z,0.002,0.000,0.002,,,,
Pos. Tol.,POS_2D_20,PTOL,0.442,0.000,0.442,0.000,0.550,,2D_CIR_20/NOMINAL - CS_HJ - C-Zone - XY - Nominal
Pos. Tol.,POS_2D_21,PTOL,0.369,0.000,0.369,0.000,0.550,,2D_CIR_21/NOMINAL - CS_HJ - C-Zone - XY - Nominal
Distance,H_20,Z,0.284,0.000,0.284,0.000,0.500,,2D_CIR_20 - PL_PLAST_20 / CS_HJ
Distance,H_21,Z,0.215,0.000,0.215,0.000,0.500,,2D_CIR_21 - PL_PLAST_21 / CS_HJ
Circle,CIR_15,X,-107.889,-109.800,1.911,,,,Criterion : Least Square (From 6 Pts On PL_INS_15) 
Circle,CIR_15,Y,24.722,24.200,0.522,,,,
Distance,PROF_15,Z,131.283,130.800,0.483,-1.500,1.500,,CIR_15 - ORIGIN / CS_ABC
Pos. Tol.,POS_15,PTOL,3.963,0.000,3.963,0.000,5.000,,CIR_15/NOMINAL - CS_ABC - C-Zone - XY - Nominal
Distance,H_15,Z,0.223,0.000,0.223,0.000,0.500,,CIR_15 - PL_PLAST_15 / CS_ABC
Pos. Tol.,POS_42,PTOL,4.029,0.000,4.029,0.197,6.352,,CIR_42(M)/NOMINAL - CS_ABC - C-Zone - XYZ - Nominal
Pos. Tol.,POS_20,PTOL,3.605,0.000,3.605,0.000,6.155,,CIR_20/NOMINAL - CS_ABC - C-Zone - XYZ - Nominal
Pos. Tol.,POS_21,PTOL,3.928,0.000,3.928,0.000,6.155,,CIR_21/NOMINAL - CS_ABC - C-Zone - XYZ - Nominal
Circle,CIR_42,DIAM,36.707,36.660,0.047,-0.150,0.150,,Criterion : Least Square (From 20 Pts On PL_PLAST_42) 
Circle,CIR_42,X,-209.036,-210.550,1.514,,,,
Circle,CIR_42,Y,94.695,96.000,-1.305,,,,
Circle,CIR_42,Z,111.671,111.420,0.251,,,,
Circle,CIR_20,X,-231.420,-232.370,0.950,,,,Criterion : Least Square (From 6 Pts On PL_INS_20) 
Circle,CIR_20,Y,105.407,106.800,-1.393,,,,
Circle,CIR_20,Z,92.067,91.430,0.637,,,,
Circle,CIR_21,X,-186.955,-188.730,1.775,,,,Criterion : Least Square (From 6 Pts On PL_INS_21) 
Circle,CIR_21,Y,84.377,85.200,-0.823,,,,
Circle,CIR_21,Z,131.596,131.420,0.176,,,,
Distance,DEPTH_16,D1,17.910,17.800,0.110,0.000,8.000,,PNT_DEPTH_16 - PL_INS_16 / CS_DE
Distance,DEPTH_17,D1,17.992,17.800,0.192,0.000,8.000,,PNT_DEPTH_17 - PL_INS_17 / CS_DE
Distance,DEPTH_18,D1,21.674,17.800,3.874,0.000,8.000,,PNT_DEPTH_18 - PL_INS_18 / CS_DE
Distance,DEPTH_19,D1,23.092,17.800,5.292,0.000,8.000,,PNT_DEPTH_19 - PL_INS_19 / CS_DE
Circle,CIR_16,X,-77.099,-77.073,-0.026,,,,Criterion : Least Square (From 6 Pts On PL_INS_16) 
Circle,CIR_16,Y,59.473,59.880,-0.407,,,,
Circle,CIR_16,Z,41.611,42.924,-1.313,,,,
Circle,CIR_17,X,-75.371,-77.073,1.702,,,,Criterion : Least Square (From 6 Pts On PL_INS_17) 
Circle,CIR_17,Y,59.719,59.880,-0.161,,,,
Circle,CIR_17,Z,121.595,122.924,-1.329,,,,
Circle,CIR_18,X,-81.499,-82.732,1.233,,,,Criterion : Least Square (From 6 Pts On PL_INS_18) 
Circle,CIR_18,Y,124.084,124.633,-0.549,,,,
Circle,CIR_18,Z,121.877,122.924,-1.047,,,,
Circle,CIR_19,X,-83.121,-82.732,-0.389,,,,Criterion : Least Square (From 6 Pts On PL_INS_19) 
Circle,CIR_19,Y,123.931,124.633,-0.702,,,,
Circle,CIR_19,Z,41.819,42.924,-1.105,,,,
Pos. Tol.,POS_16,PTOL,2.750,0.000,2.750,0.000,4.155,,CIR_16/NOMINAL - CS_ABC - C-Zone - YZ - Nominal
Pos. Tol.,POS_17,PTOL,2.678,0.000,2.678,0.000,4.155,,CIR_17/NOMINAL - CS_ABC - C-Zone - YZ - Nominal
Pos. Tol.,POS_18,PTOL,2.364,0.000,2.364,0.000,4.155,,CIR_18/NOMINAL - CS_ABC - C-Zone - YZ - Nominal
Pos. Tol.,POS_19,PTOL,2.618,0.000,2.618,0.000,4.155,,CIR_19/NOMINAL - CS_ABC - C-Zone - YZ - Nominal
Profile of Line,PROF_OP1,PRFL,1.789,0.000,1.789,0.000,2.155,,SCT_OP1
Profile of Line,PROF_OP2,PRFL,0.455,0.000,0.455,0.000,2.155,,SCT_OP2
Profile of Line,PROF_OP3,PRFL,0.606,0.000,0.606,0.000,2.155,,SCT_OP3
Profile of Line,PROF_OP4,PRFL,0.223,0.000,0.223,0.000,2.155,,SCT_OP4
Profile of Line,PROF_OP5,PRFL,1.122,0.000,1.122,0.000,2.155,,SCT_OP5
Profile of Line,PROF_OP6,PRFL,0.794,0.000,0.794,0.000,2.155,,SCT_OP6
Pos. Tol.,POS_B,PTOL,0.000,0.000,0.000,0.000,0.300,,CIR_DATUM_B/NOMINAL - CS_ABC - C-Zone - XZ - Nominal
Pos. Tol.,POS_1,PTOL,0.237,0.000,0.237,0.000,1.155,,CIR1/NOMINAL - CS_ABC - C-Zone - XZ - Nominal
Pos. Tol.,POS_2,PTOL,0.695,0.000,0.695,0.000,1.155,,CIR2/NOMINAL - CS_ABC - C-Zone - XZ - Nominal
Pos. Tol.,POS_3,PTOL,0.407,0.000,0.407,0.000,1.155,,CIR3/NOMINAL - CS_ABC - C-Zone - XZ - Nominal
Pos. Tol.,POS_4,PTOL,0.144,0.000,0.144,0.000,1.155,,CIR4/NOMINAL - CS_ABC - C-Zone - XZ - Nominal
Pos. Tol.,POS_5,PTOL,0.190,0.000,0.190,0.000,1.155,,CIR5/NOMINAL - CS_ABC - C-Zone - XZ - Nominal
Pos. Tol.,POS_6,PTOL,0.737,0.000,0.737,0.000,1.155,,CIR6/NOMINAL - CS_ABC - C-Zone - XZ - Nominal
Pos. Tol.,POS_31,PTOL,0.448,0.000,0.448,0.000,1.155,,CIR31/NOMINAL - CS_ABC - C-Zone - XZ - Nominal
Pos. Tol.,POS_32,PTOL,0.856,0.000,0.856,0.000,1.155,,CIR32/NOMINAL - CS_ABC - C-Zone - XZ - Nominal
Profile of Line,PROF_2D_OW_TB_GROOVE,PRFL,0.367,0.000,0.367,0.000,1.000,,SECT_2D_OW_TB
Profile of Line,PROF_IW_OP1,PRFL,1.169,0.000,1.169,0.000,1.500,,SECT_IW_OP1
Profile of Line,PROF_IW_OP2,PRFL,0.278,0.000,0.278,0.000,1.500,,SECT_IW_OP2
Profile of Line,PROF_IW_OP3,PRFL,0.313,0.000,0.313,0.000,1.500,,SECT_IW_OP3
Profile of Line,PROF_IW_OP4,PRFL,0.445,0.000,0.445,0.000,1.500,,SECT_IW_OP4
Profile of Line,PROF_IW_OP5,PRFL,1.139,0.000,1.139,0.000,1.500,,SECT_IW_OP5
Profile of Line,PROF_IW_OP6,PRFL,1.032,0.000,1.032,0.000,1.500,,SECT_IW_OP6
Pos. Tol.,POS_10,PTOL,1.490,0.000,1.490,0.000,4.155,,CIR_10/NOMINAL - CS_ABC - C-Zone - XZ - Nominal
Pos. Tol.,POS_11,PTOL,3.687,0.000,3.687,0.000,4.155,,CIR_11/NOMINAL - CS_ABC - C-Zone - XZ - Nominal
Pos. Tol.,POS_12,PTOL,4.328,0.000,4.328,0.000,5.155,,CIR_12/NOMINAL - CS_ABC - C-Zone - XZ - Nominal
Pos. Tol.,POS_13,PTOL,3.934,0.000,3.934,0.000,5.155,,CIR_13/NOMINAL - CS_ABC - C-Zone - XZ - Nominal
Pos. Tol.,POS_14,PTOL,2.444,0.000,2.444,0.000,4.155,,CIR_14/NOMINAL - CS_ABC - C-Zone - XZ - Nominal
Pos. Tol.,POS_22,PTOL,3.454,0.000,3.454,0.000,6.155,,SLOT_22/NOMINAL - CS_ABC - C-Zone - XY - Nominal
Pos. Tol.,POS_9,PTOL,4.790,0.000,4.790,0.000,7.155,,CIR_9/NOMINAL - CS_ABC - C-Zone - XYZ - Nominal
Pos. Tol.,POS_25,PTOL,4.501,0.000,4.501,0.000,7.155,,CIR_25/NOMINAL - CS_ABC - C-Zone - XY - Nominal
Pos. Tol.,POS_26,PTOL,3.843,0.000,3.843,0.000,6.155,,CIR_26/NOMINAL - CS_ABC - C-Zone - XY - Nominal
Distance,HEIGHT_B,D1,6.235,6.450,-0.215,-0.100,0.100,-0.115,PNT_TOP_B - PL_FIXTURE / CS_ABC
Distance,HEIGHT_C,D1,6.329,6.450,-0.121,-0.100,0.100,-0.021,PNT_TOP_C - PL_FIXTURE / CS_ABC
Circle,CIR2,X,-16.807,-16.500,-0.307,,,,From 4 Pts On PL_FIXTURE
Circle,CIR2,Z,-351.437,-351.600,0.164,,,,
Circle,CIR1,X,54.501,54.400,0.101,,,,From 4 Pts On PL_FIXTURE
Circle,CIR1,Z,-346.538,-346.600,0.062,,,,
Circle,CIR6,X,54.034,54.400,-0.366,,,,From 4 Pts On PL_FIXTURE
Circle,CIR6,Z,-240.556,-240.600,0.044,,,,
Circle,CIR5,X,54.311,54.400,-0.089,,,,From 4 Pts On PL_FIXTURE
Circle,CIR5,Z,-134.635,-134.600,-0.034,,,,
Circle,CIR4,X,54.336,54.400,-0.064,,,,From 4 Pts On PL_FIXTURE
Circle,CIR4,Z,-27.133,-27.100,-0.033,,,,
Circle,CIR3,X,-16.647,-16.500,-0.147,,,,From 4 Pts On PL_FIXTURE
Circle,CIR3,Z,-0.960,-1.100,0.141,,,,
Circle,CIR32,X,-30.626,-30.200,-0.426,,,,From 4 Pts On PL_FIXTURE
Circle,CIR32,Z,-124.263,-124.300,0.037,,,,
Circle,CIR31,X,-30.424,-30.200,-0.224,,,,From 4 Pts On PL_FIXTURE
Circle,CIR31,Z,-230.313,-230.300,-0.013,,,,
Distance,DEPTH_TB1,D1,4.990,5.000,-0.010,-0.250,0.250,,TB_BOT_1.1 - PL_D / CS_DE
Distance,DEPTH_TB2,D1,4.861,5.000,-0.139,-0.250,0.250,,TB_BOT_1.2 - PL_D / CS_DE
Distance,DEPTH_TB3,D1,4.940,5.000,-0.060,-0.250,0.250,,TB_BOT_1.3 - PL_D / CS_DE
Distance,DEPTH_TB4,D1,4.882,5.000,-0.118,-0.250,0.250,,TB_BOT_1.4 - PL_D / CS_DE
Distance,DEPTH_TB5,D1,5.055,5.000,0.055,-0.250,0.250,,TB_BOT_1.5 - PL_D / CS_DE
Distance,DEPTH_TB6,D1,4.934,5.000,-0.066,-0.250,0.250,,TB_BOT_1.6 - PL_D / CS_DE
Distance,DEPTH_TB7,D1,4.940,5.000,-0.060,-0.250,0.250,,TB_BOT_1.7 - PL_D / CS_DE
Distance,DEPTH_TB8,D1,4.941,5.000,-0.059,-0.250,0.250,,TB_BOT_1.8 - PL_D / CS_DE
Distance,PROF_RECESS_SURFACE_TB,D1,0.796,0.650,0.146,0.000,0.750,,PL_PLAST_RECESS_TB - PL_D / CS_DE
Distance,OP1_DEPTH_1,D1,6.183,6.000,0.183,-0.250,0.250,,OP1_PT1_DEPTH - PL_FIXTURE / OP1CS
Distance,OP1_DEPTH_2,D1,5.877,6.000,-0.123,-0.250,0.250,,OP1_PT2_DEPTH - PL_FIXTURE / OP1CS
Distance,OP1_DEPTH_3,D1,5.987,6.000,-0.013,-0.250,0.250,,OP1_PT3_DEPTH - PL_FIXTURE / OP1CS
Distance,OP1_DEPTH_4,D1,6.047,6.000,0.047,-0.250,0.250,,OP1_PT4_DEPTH - PL_FIXTURE / OP1CS
Distance,OP1_DEPTH_5,D1,6.003,6.000,0.003,-0.250,0.250,,OP1_PT5_DEPTH - PL_FIXTURE / OP1CS
Distance,OP1_DEPTH_6,D1,6.083,6.000,0.083,-0.250,0.250,,OP1_PT6_DEPTH - PL_FIXTURE / OP1CS
Distance,OP1_DEPTH_7,D1,6.221,6.000,0.221,-0.250,0.250,,OP1_PT7_DEPTH - PL_FIXTURE / OP1CS
Distance,OP2_DEPTH_1,D1,6.071,6.000,0.071,-0.250,0.250,,OP2_PT1_DEPTH - PL_FIXTURE / OP2CS
Distance,OP2_DEPTH_2,D1,6.020,6.000,0.020,-0.250,0.250,,OP2_PT2_DEPTH - PL_FIXTURE / OP2CS
Distance,OP2_DEPTH_3,D1,6.028,6.000,0.028,-0.250,0.250,,OP2_PT3_DEPTH - PL_FIXTURE / OP2CS
Distance,OP2_DEPTH_4,D1,6.057,6.000,0.057,-0.250,0.250,,OP2_PT4_DEPTH - PL_FIXTURE / OP2CS
Distance,OP2_DEPTH_5,D1,5.894,6.000,-0.106,-0.250,0.250,,OP2_PT5_DEPTH - PL_FIXTURE / OP2CS
Distance,OP2_DEPTH_6,D1,6.100,6.000,0.100,-0.250,0.250,,OP2_PT6_DEPTH - PL_FIXTURE / OP2CS
Distance,OP2_DEPTH_7,D1,6.152,6.000,0.152,-0.250,0.250,,OP2_PT7_DEPTH - PL_FIXTURE / OP2CS
Distance,OP3_DEPTH_3,D1,6.031,6.000,0.031,-0.250,0.250,,OP3_PT3_DEPTH - PL_FIXTURE / OP3CS
Distance,OP3_DEPTH_4,D1,6.082,6.000,0.082,-0.250,0.250,,OP3_PT4_DEPTH - PL_FIXTURE / OP3CS
Distance,OP3_DEPTH_5,D1,5.927,6.000,-0.073,-0.250,0.250,,OP3_PT5_DEPTH - PL_FIXTURE / OP3CS
Distance,OP3_DEPTH_6,D1,5.923,6.000,-0.077,-0.250,0.250,,OP3_PT6_DEPTH - PL_FIXTURE / OP3CS
Distance,OP4_DEPTH_1,D1,6.065,6.000,0.065,-0.250,0.250,,OP4_PT1_DEPTH - PL_FIXTURE / OP4CS
Distance,OP4_DEPTH_2,D1,6.118,6.000,0.118,-0.250,0.250,,OP4_PT2_DEPTH - PL_FIXTURE / OP4CS
Distance,OP4_DEPTH_3,D1,6.058,6.000,0.058,-0.250,0.250,,OP4_PT3_DEPTH - PL_FIXTURE / OP4CS
Distance,OP4_DEPTH_4,D1,6.035,6.000,0.035,-0.250,0.250,,OP4_PT4_DEPTH - PL_FIXTURE / OP4CS
Distance,OP4_DEPTH_5,D1,5.870,6.000,-0.130,-0.250,0.250,,OP4_PT5_DEPTH - PL_FIXTURE / OP4CS
Distance,OP4_DEPTH_6,D1,6.043,6.000,0.043,-0.250,0.250,,OP4_PT6_DEPTH - PL_FIXTURE / OP4CS
Distance,OP4_DEPTH_7,D1,6.133,6.000,0.133,-0.250,0.250,,OP4_PT7_DEPTH - PL_FIXTURE / OP4CS
Distance,OP5_DEPTH_3,D1,6.048,6.000,0.048,-0.250,0.250,,OP5_PT3_DEPTH - PL_FIXTURE / OP5CS
Distance,OP5_DEPTH_4,D1,6.186,6.000,0.186,-0.250,0.250,,OP5_PT4_DEPTH - PL_FIXTURE / OP5CS
Distance,OP5_DEPTH_5,D1,5.854,6.000,-0.146,-0.250,0.250,,OP5_PT5_DEPTH - PL_FIXTURE / OP5CS
Distance,OP5_DEPTH_6,D1,6.003,6.000,0.003,-0.250,0.250,,OP5_PT6_DEPTH - PL_FIXTURE / OP5CS
Distance,OP5_DEPTH_7,D1,5.997,6.000,-0.003,-0.250,0.250,,OP5_PT7_DEPTH - PL_FIXTURE / OP5CS
Distance,OP6_DEPTH_1,D1,6.104,6.000,0.104,-0.250,0.250,,OP6_PT1_DEPTH - PL_FIXTURE / OP6CS
Distance,OP6_DEPTH_2,D1,6.122,6.000,0.122,-0.250,0.250,,OP6_PT2_DEPTH - PL_FIXTURE / OP6CS
Distance,OP6_DEPTH_3,D1,6.057,6.000,0.057,-0.250,0.250,,OP6_PT3_DEPTH - PL_FIXTURE / OP6CS
Distance,OP6_DEPTH_4,D1,6.153,6.000,0.153,-0.250,0.250,,OP6_PT4_DEPTH - PL_FIXTURE / OP6CS
Distance,OP6_DEPTH_5,D1,6.155,6.000,0.155,-0.250,0.250,,OP6_PT5_DEPTH - PL_FIXTURE / OP6CS
Distance,OP6_DEPTH_6,D1,6.186,6.000,0.186,-0.250,0.250,,OP6_PT6_DEPTH - PL_FIXTURE / OP6CS
Distance,OP6_DEPTH_7,D1,6.194,6.000,0.194,-0.250,0.250,,OP6_PT7_DEPTH - PL_FIXTURE / OP6CS
Circle,CIR_25,X,-118.052,-120.300,2.248,,,,Inters. PL_PLAST_25 - CYL_25.
Circle,CIR_25,Y,87.290,87.400,-0.110,,,,
Circle,CIR_25,Z,178.468,179.200,-0.732,,,,
Circle,CIR_26,X,-156.847,-158.500,1.653,,,,Inters. PL_PLAST_26 - CYL_26.
Circle,CIR_26,Y,121.120,122.100,-0.980,,,,
Circle,CIR_26,Z,160.224,160.700,-0.476,,,,
Circle,CIR_9,X,-269.924,-270.700,0.776,,,,Inters. PL_PLAST_9 - CYL_9.
Circle,CIR_9,Y,87.476,89.700,-2.224,,,,
Circle,CIR_9,Z,88.730,88.300,0.430,,,,
Circle,CIR_11,DIAM,8.024,8.000,0.024,-0.200,0.200,,Criterion : Least Square (From 8 Pts On PL_PLAST_11) 
Circle,CIR_11,X,-269.434,-270.600,1.166,,,,
Circle,CIR_11,Y,60.992,62.700,-1.708,,,,
Circle,CIR_11,Z,52.828,51.400,1.428,,,,
Circle,CIR_12,DIAM,8.024,8.000,0.024,-0.200,0.200,,Criterion : Least Square (From 8 Pts On PL_PLAST_12) 
Circle,CIR_12,X,-291.454,-290.600,-0.854,,,,
Circle,CIR_12,Y,59.276,62.700,-3.424,,,,
Circle,CIR_12,Z,-146.612,-148.600,1.988,,,,
Circle,CIR_13,DIAM,6.871,6.800,0.071,-0.200,0.200,,Criterion : Least Square (From 8 Pts On PL_PLAST_13) 
Circle,CIR_13,X,-175.985,-174.700,-1.285,,,,
Circle,CIR_13,Y,84.652,86.600,-1.948,,,,
Circle,CIR_13,Z,-372.111,-373.600,1.489,,,,
Circle,CIR_14,DIAM,6.933,6.800,0.133,-0.200,0.200,,Criterion : Least Square (From 8 Pts On PL_PLAST_14) 
Circle,CIR_14,X,13.489,14.500,-1.011,,,,
Circle,CIR_14,Y,35.639,36.000,-0.361,,,,
Circle,CIR_14,Z,-374.914,-375.600,0.686,,,,
Circle,CIR_10,DIAM,6.925,6.800,0.125,-0.200,0.200,,Criterion : Least Square (From 8 Pts On PL_PLAST_10) 
Circle,CIR_10,X,-50.594,-50.100,-0.494,,,,
Circle,CIR_10,Y,127.565,127.700,-0.135,,,,
Circle,CIR_10,Z,-9.157,-8.600,-0.557,,,,
Slot,SLOT_22,LEN,12.620,12.500,0.120,-0.200,0.200,,Criterion : Least Square (From 12 Pts On PL_PLAST_22) 
Slot,SLOT_22,WID,6.596,6.500,0.096,-0.200,0.200,,
Slot,SLOT_22,X,-131.210,-132.730,1.520,,,,
Slot,SLOT_22,Y,104.280,105.100,-0.820,,,,
Slot,SLOT_22,Z,128.178,128.800,-0.622,,,,
Distance,DEPTH_15,D1,22.151,22.000,0.151,0.000,8.000,,PNT_DEPTH_15 - PL_INS_15 / CS_SRF_TEMP_15.2
