Feat. Type,Feat. Name,Value,Actual,Nominal,Dev.,Tol-,Tol+,Out of Tol.,Comment
Text/Value,VAR_PROGRAM,VAL,,,,,,,'N:\Metrolog XG\Programmes\Ford Transmission Pan 10R80\Ford Transmission Pan 10R80 Complete Cavit� 2 (Module_51).gm2'
Text/Value,VAR_EVENEMENT,VAL,,,,,,,'Valid_Cav_2_FIP-10073'
Text/Value,VAR_COMMENTAIRES,VAL,,,,,,,'315A'
Text/Value,PROFILE_A,VAL,0.196439,0.000000,0.196439,0.000000,0.280000,,
Circle,CIR_1,DIAM,7.110,7.100,0.010,-0.100,0.100,,Criterion : Least Square (From 4 Pts On PL_FIXTURE) 
Circle,CIR_1,X,0.000,0.000,0.000,,,,
Circle,CIR_1,Z,0.000,0.000,0.000,,,,
Circle,CIR_2,DIAM,7.096,7.100,-0.004,-0.100,0.100,,Criterion : Least Square (From 4 Pts On PL_FIXTURE) 
Circle,CIR_2,X,-80.109,-80.100,-0.009,,,,
Circle,CIR_2,Z,-2.923,-2.800,-0.123,,,,
Circle,CIR_3,DIAM,7.097,7.100,-0.003,-0.100,0.100,,Criterion : Least Square (From 4 Pts On PL_FIXTURE) 
Circle,CIR_3,X,-170.128,-170.100,-0.028,,,,
Circle,CIR_3,Z,-2.865,-2.800,-0.065,,,,
Circle,CIR_4,DIAM,8.088,8.000,0.088,-0.100,0.100,,Criterion : Least Square (From 4 Pts On PL_FIXTURE) 
Circle,CIR_4,X,-224.671,-224.500,-0.171,,,,
Circle,CIR_4,Z,-4.551,-4.600,0.049,,,,
Circle,CIR_5,DIAM,7.100,7.100,0.000,-0.100,0.100,,Criterion : Least Square (From 4 Pts On PL_FIXTURE) 
Circle,CIR_5,X,-249.676,-249.500,-0.176,,,,
Circle,CIR_5,Z,-1.832,-1.600,-0.232,,,,
Circle,CIR_6,DIAM,7.100,7.100,-0.000,-0.100,0.100,,Criterion : Least Square (From 4 Pts On PL_FIXTURE) 
Circle,CIR_6,X,-272.848,-272.700,-0.148,,,,
Circle,CIR_6,Z,78.045,78.100,-0.055,,,,
Circle,CIR_7,DIAM,7.088,7.100,-0.012,-0.100,0.100,,Criterion : Least Square (From 4 Pts On PL_FIXTURE) 
Circle,CIR_7,X,-272.852,-272.700,-0.152,,,,
Circle,CIR_7,Z,156.913,157.100,-0.187,,,,
Circle,CIR_8,DIAM,7.097,7.100,-0.003,-0.100,0.100,,Criterion : Least Square (From 4 Pts On PL_FIXTURE) 
Circle,CIR_8,X,-272.789,-272.700,-0.089,,,,
Circle,CIR_8,Z,236.103,236.100,0.003,,,,
Circle,CIR_9,DIAM,7.097,7.100,-0.003,-0.100,0.100,,Criterion : Least Square (From 4 Pts On PL_FIXTURE) 
Circle,CIR_9,X,-272.842,-272.679,-0.164,,,,
Circle,CIR_9,Z,315.211,315.140,0.071,,,,
Circle,CIR_10,DIAM,7.097,7.100,-0.003,-0.100,0.100,,Criterion : Least Square (From 4 Pts On PL_FIXTURE) 
Circle,CIR_10,X,-272.899,-272.700,-0.199,,,,
Circle,CIR_10,Z,394.249,394.100,0.149,,,,
Circle,CIR_11,DIAM,7.105,7.100,0.005,-0.100,0.100,,Criterion : Least Square (From 4 Pts On PL_FIXTURE) 
Circle,CIR_11,X,-254.683,-254.600,-0.083,,,,
Circle,CIR_11,Z,463.751,463.600,0.151,,,,
Circle,CIR_12,DIAM,7.089,7.100,-0.011,-0.100,0.100,,Criterion : Least Square (From 4 Pts On PL_FIXTURE) 
Circle,CIR_12,X,-166.928,-166.900,-0.028,,,,
Circle,CIR_12,Z,474.744,474.600,0.144,,,,
Circle,CIR_13,DIAM,7.097,7.100,-0.003,-0.100,0.100,,Criterion : Least Square (From 4 Pts On PL_FIXTURE) 
Circle,CIR_13,X,-79.164,-79.300,0.136,,,,
Circle,CIR_13,Z,474.943,474.600,0.343,,,,
Circle,CIR_14,DIAM,8.085,8.000,0.085,-0.100,0.100,,Criterion : Least Square (From 4 Pts On PL_FIXTURE) 
Circle,CIR_14,X,-19.467,-19.500,0.033,,,,
Circle,CIR_14,Z,473.328,473.400,-0.072,,,,
Circle,CIR_15,DIAM,7.106,7.100,0.006,-0.100,0.100,,Criterion : Least Square (From 4 Pts On PL_FIXTURE) 
Circle,CIR_15,X,8.373,8.300,0.073,,,,
Circle,CIR_15,Z,470.716,470.600,0.116,,,,
Circle,CIR_16,DIAM,7.102,7.100,0.002,-0.100,0.100,,Criterion : Least Square (From 4 Pts On PL_FIXTURE) 
Circle,CIR_16,X,17.520,17.300,0.220,,,,
Circle,CIR_16,Z,387.570,387.400,0.170,,,,
Circle,CIR_17,DIAM,7.102,7.100,0.002,-0.100,0.100,,Criterion : Least Square (From 4 Pts On PL_FIXTURE) 
Circle,CIR_17,X,17.530,17.300,0.230,,,,
Circle,CIR_17,Z,304.261,304.200,0.061,,,,
Circle,CIR_18,DIAM,7.104,7.100,0.004,-0.100,0.100,,Criterion : Least Square (From 4 Pts On PL_FIXTURE) 
Circle,CIR_18,X,17.512,17.300,0.212,,,,
Circle,CIR_18,Z,227.888,228.000,-0.112,,,,
Circle,CIR_19,DIAM,7.106,7.100,0.006,-0.100,0.100,,Criterion : Least Square (From 4 Pts On PL_FIXTURE) 
Circle,CIR_19,X,17.820,17.300,0.520,,,,
Circle,CIR_19,Z,151.844,152.000,-0.156,,,,
Circle,CIR_20,DIAM,7.108,7.100,0.008,-0.100,0.100,,Criterion : Least Square (From 4 Pts On PL_FIXTURE) 
Circle,CIR_20,X,17.983,17.300,0.683,,,,
Circle,CIR_20,Z,75.842,76.000,-0.158,,,,
Pos. Tol.,POS_1,PTOL,0.000,0.000,0.000,0.110,0.910,,CIR_1(M)/NOMINAL - CS_ABC - C-Zone - XZ - Nominal
Pos. Tol.,POS_2,PTOL,0.247,0.000,0.247,0.206,1.006,,CIR_2(M)/NOMINAL(M) - CS_ABC - C-Zone - XZ - Nominal
Pos. Tol.,POS_3,PTOL,0.142,0.000,0.142,0.208,1.008,,CIR_3(M)/NOMINAL(M) - CS_ABC - C-Zone - XZ - Nominal
Pos. Tol.,POS_4,PTOL,0.356,0.000,0.356,0.298,1.098,,CIR_4(M)/NOMINAL(M) - CS_ABC - C-Zone - XZ - Nominal
Pos. Tol.,POS_5,PTOL,0.583,0.000,0.583,0.210,1.010,,CIR_5(M)/NOMINAL(M) - CS_ABC - C-Zone - XZ - Nominal
Pos. Tol.,POS_6,PTOL,0.316,0.000,0.316,0.210,1.010,,CIR_6(M)/NOMINAL(M) - CS_ABC - C-Zone - XZ - Nominal
Pos. Tol.,POS_7,PTOL,0.481,0.000,0.481,0.198,0.998,,CIR_7(M)/NOMINAL(M) - CS_ABC - C-Zone - XZ - Nominal
Pos. Tol.,POS_8,PTOL,0.178,0.000,0.178,0.207,1.007,,CIR_8(M)/NOMINAL(M) - CS_ABC - C-Zone - XZ - Nominal
Pos. Tol.,POS_9,PTOL,0.357,0.000,0.357,0.207,1.007,,CIR_9(M)/NOMINAL(M) - CS_ABC - C-Zone - XZ - Nominal
Pos. Tol.,POS_10,PTOL,0.497,0.000,0.497,0.208,1.008,,CIR_10(M)/NOMINAL(M) - CS_ABC - C-Zone - XZ - Nominal
Pos. Tol.,POS_11,PTOL,0.345,0.000,0.345,0.215,1.015,,CIR_11(M)/NOMINAL(M) - CS_ABC - C-Zone - XZ - Nominal
Pos. Tol.,POS_12,PTOL,0.293,0.000,0.293,0.199,0.999,,CIR_12(M)/NOMINAL(M) - CS_ABC - C-Zone - XZ - Nominal
Pos. Tol.,POS_13,PTOL,0.737,0.000,0.737,0.207,1.007,,CIR_13(M)/NOMINAL(M) - CS_ABC - C-Zone - XZ - Nominal
Pos. Tol.,POS_14,PTOL,0.158,0.000,0.158,0.295,1.095,,CIR_14(M)/NOMINAL(M) - CS_ABC - C-Zone - XZ - Nominal
Pos. Tol.,POS_15,PTOL,0.274,0.000,0.274,0.216,1.016,,CIR_15(M)/NOMINAL(M) - CS_ABC - C-Zone - XZ - Nominal
Pos. Tol.,POS_16,PTOL,0.556,0.000,0.556,0.212,1.012,,CIR_16(M)/NOMINAL(M) - CS_ABC - C-Zone - XZ - Nominal
Pos. Tol.,POS_17,PTOL,0.475,0.000,0.475,0.213,1.013,,CIR_17(M)/NOMINAL(M) - CS_ABC - C-Zone - XZ - Nominal
Pos. Tol.,POS_18,PTOL,0.480,0.000,0.480,0.214,1.014,,CIR_18(M)/NOMINAL(M) - CS_ABC - C-Zone - XZ - Nominal
Pos. Tol.,POS_19,PTOL,1.087,0.000,1.087,0.217,1.017,0.070,CIR_19(M)/NOMINAL(M) - CS_ABC - C-Zone - XZ - Nominal
Pos. Tol.,POS_20,PTOL,1.402,0.000,1.402,0.219,1.019,0.384,CIR_20(M)/NOMINAL(M) - CS_ABC - C-Zone - XZ - Nominal
Perpend.,PERP_B,PERP,0.025,0.000,0.025,0.103,0.233,,CYL_B(M)/PL_FIXTURE - C-Zone - Cloud of Points 
Profile of Line,PROFILE_INSIDE_PAN_AT_GAGE,PRFL,2.134,0.000,2.134,0.000,3.000,,SECTION_INSIDE_2.5MM
Circle,CIR_21,DIAM,18.870,18.950,-0.080,-0.100,0.100,,Criterion : Least Square (From 20 Pts On PL_PLAST_TOP_21) 
Circle,CIR_21,X,-94.657,-94.500,-0.157,,,,
Circle,CIR_21,Z,123.108,123.400,-0.292,,,,
Circle,CIR_21_OD,DIAM,21.384,21.400,-0.016,-0.100,0.100,,Proj. CIR_21_OD / PL_DATUM_E.
Pos. Tol.,POS_21,PTOL,0.663,0.000,0.663,0.000,1.000,,CIR_21/NOMINAL - CS_ABC - C-Zone - XZ - Nominal
Coaxiality,CONCENTRICITY_21,COAX,0.063,0.000,0.063,0.000,0.300,,CIR_21_OD/CYL_D - C-Zone - Nominal
Distance,PROF_22.1,D1,10.130,10.300,-0.170,-0.250,0.250,,SRF_21.1 - PL_DATUM_E / CS_SRF_BF
Distance,PROF_22.2,D1,10.205,10.300,-0.095,-0.250,0.250,,SRF_21.2 - PL_DATUM_E / CS_SRF_BF
Distance,PROF_22.3,D1,10.163,10.300,-0.137,-0.250,0.250,,SRF_21.3 - PL_DATUM_E / CS_SRF_BF
Distance,PROF_22.4,D1,10.170,10.300,-0.130,-0.250,0.250,,SRF_21.4 - PL_DATUM_E / CS_SRF_BF
Distance,PROF_22.5,D1,10.192,10.300,-0.108,-0.250,0.250,,SRF_21.5 - PL_DATUM_E / CS_SRF_BF
Distance,PROF_22.6,D1,10.211,10.300,-0.089,-0.250,0.250,,SRF_21.6 - PL_DATUM_E / CS_SRF_BF
Distance,PROF_22.7,D1,10.252,10.300,-0.048,-0.250,0.250,,SRF_21.7 - PL_DATUM_E / CS_SRF_BF
Distance,PROF_22.8,D1,10.197,10.300,-0.103,-0.250,0.250,,SRF_21.8 - PL_DATUM_E / CS_SRF_BF
Distance,PROF_E.1,D1,177.319,178.558,-1.239,,,,SRF_E.1 - ORIGIN / CS_SRF_BF
Distance,PROF_E.1,Y,60.588,61.400,-0.812,-2.000,1.000,,
Distance,PROF_E.2,D1,179.202,180.424,-1.222,,,,SRF_E.2 - ORIGIN / CS_SRF_BF
Distance,PROF_E.2,Y,60.634,61.400,-0.766,-2.000,1.000,,
Distance,PROF_E.3,D1,180.908,182.116,-1.208,,,,SRF_E.3 - ORIGIN / CS_SRF_BF
Distance,PROF_E.3,Y,60.680,61.400,-0.720,-2.000,1.000,,
Distance,PROF_E.4,D1,154.837,156.154,-1.317,,,,SRF_E.4 - ORIGIN / CS_SRF_BF
Distance,PROF_E.4,Y,60.494,61.400,-0.906,-2.000,1.000,,
Distance,PROF_E.5,D1,152.946,154.303,-1.357,,,,SRF_E.5 - ORIGIN / CS_SRF_BF
Distance,PROF_E.5,Y,60.512,61.400,-0.888,-2.000,1.000,,
Distance,PROF_E.6,D1,151.301,152.659,-1.359,,,,SRF_E.6 - ORIGIN / CS_SRF_BF
Distance,PROF_E.6,Y,60.523,61.400,-0.877,-2.000,1.000,,
Distance,PROF_E.7,D1,168.808,170.175,-1.368,,,,SRF_E.7 - ORIGIN / CS_SRF_BF
Distance,PROF_E.7,Y,59.965,61.400,-1.435,-2.000,1.000,,
Distance,PROF_E.8,D1,169.180,170.585,-1.405,,,,SRF_E.8 - ORIGIN / CS_SRF_BF
Distance,PROF_E.8,Y,59.931,61.400,-1.469,-2.000,1.000,,
Distance,PROF_E.9,D1,169.577,170.474,-0.897,,,,SRF_E.9 - ORIGIN / CS_SRF_BF
Distance,PROF_E.9,Y,59.875,61.400,-1.525,-2.000,1.000,,
Section,SECTION_ZONE_1,MAX,1.102,0.000,1.102,-2.500,1.500,,15 Pts [0 < LT ; LT < 15 < UT ;  0 > UL]
Section,SECTION_ZONE_1,MIN,-0.408,0.000,-0.408,-2.500,1.500,,
Section,SECTION_ZONE_2,MAX,-0.667,0.000,-0.667,-3.000,1.000,,8 Pts [0 < LT ; LT < 8 < UT ;  0 > UL]
Section,SECTION_ZONE_2,MIN,-1.801,0.000,-1.801,-3.000,1.000,,
Section,SECTION_ZONE_3,MAX,-2.735,0.000,-2.735,-5.000,1.000,,1 Pts [0 < LT ; LT < 1 < UT ;  0 > UL]
Section,SECTION_ZONE_3,MIN,-2.735,0.000,-2.735,-5.000,1.000,,
Circle,CIR_22,DIAM,6.493,6.350,0.143,-0.100,0.100,0.043,Criterion : Least Square (From 6 Pts On PL_PLAST_22) 
Circle,CIR_22,Y,7.169,7.000,0.169,,,,
Circle,CIR_22,Z,429.473,429.300,0.173,,,,
Circle,CIR_23,DIAM,6.286,6.350,-0.064,-0.100,0.100,,Criterion : Least Square (From 6 Pts On PL_PLAST_23) 
Circle,CIR_23,Y,7.013,7.000,0.013,,,,
Circle,CIR_23,Z,354.445,354.400,0.045,,,,
Circle,CIR_24,DIAM,6.480,6.350,0.130,-0.100,0.100,0.030,Criterion : Least Square (From 6 Pts On PL_PLAST_24) 
Circle,CIR_24,Y,7.061,7.000,0.061,,,,
Circle,CIR_24,Z,196.371,196.600,-0.229,,,,
Circle,CIR_25,DIAM,6.381,6.350,0.031,-0.100,0.100,,Criterion : Least Square (From 6 Pts On PL_PLAST_25) 
Circle,CIR_25,Y,7.053,7.000,0.053,,,,
Circle,CIR_25,Z,28.166,28.600,-0.434,,,,
Circle,CIR_26,DIAM,6.447,6.350,0.097,-0.100,0.100,,Criterion : Least Square (From 6 Pts On PL_PLAST_26) 
Circle,CIR_26,Y,6.920,7.000,-0.080,,,,
Circle,CIR_26,Z,266.020,266.100,-0.080,,,,
Circle,CIR_27,DIAM,6.435,6.350,0.085,-0.100,0.100,,Criterion : Least Square (From 6 Pts On PL_PLAST_27) 
Circle,CIR_27,Y,6.829,7.000,-0.171,,,,
Circle,CIR_27,Z,345.729,345.800,-0.071,,,,
Circle,CIR_28,DIAM,6.299,6.350,-0.051,-0.100,0.100,,Criterion : Least Square (From 6 Pts On PL_PLAST_28) 
Circle,CIR_28,Y,7.001,7.000,0.001,,,,
Circle,CIR_28,Z,429.077,429.000,0.077,,,,
Pos. Tol.,POS_22,PTOL,0.484,0.000,0.484,0.000,1.000,,CIR_22/NOMINAL - CS_ABC - C-Zone - YZ - Nominal
Pos. Tol.,POS_23,PTOL,0.094,0.000,0.094,0.000,1.000,,CIR_23/NOMINAL - CS_ABC - C-Zone - YZ - Nominal
Pos. Tol.,POS_24,PTOL,0.475,0.000,0.475,0.000,1.000,,CIR_24/NOMINAL - CS_ABC - C-Zone - YZ - Nominal
Pos. Tol.,POS_25,PTOL,0.874,0.000,0.874,0.000,1.000,,CIR_25/NOMINAL - CS_ABC - C-Zone - YZ - Nominal
Pos. Tol.,POS_26,PTOL,0.226,0.000,0.226,0.000,1.000,,CIR_26/NOMINAL - CS_ABC - C-Zone - YZ - Nominal
Pos. Tol.,POS_27,PTOL,0.370,0.000,0.370,0.000,1.000,,CIR_27/NOMINAL - CS_ABC - C-Zone - YZ - Nominal
Pos. Tol.,POS_28,PTOL,0.154,0.000,0.154,0.000,1.000,,CIR_28/NOMINAL - CS_ABC - C-Zone - YZ - Nominal
