Feat. Type,Feat. Name,Value,Actual,Nominal,Dev.,Tol-,Tol+,Out of Tol.,Comment
Text/Value,VAR_PROGRAM,VAL,,,,,,,'N:\Metrolog XG\Programmes\D-33 RWD\D33 RWD Complete (Module 44).gm2'
Text/Value,VAR_EVENEMENT,VAL,,,,,,,'Demarrage nid 2'
Text/Value,VAR_COMMENTAIRES,VAL,,,,,,,'293B'
Circle,CIR_DATUM_B,DIAM,7.837,7.900,-0.063,-0.100,0.100,,Criterion : Least Square (From 3 Pts On PL_FIXTURE) 
Circle,CIR_DATUM_C,DIAM,7.891,7.900,-0.009,-0.100,0.100,,Criterion : Least Square (From 3 Pts On PL_FIXTURE) 
Circle,CIR_DATUM_C,X,4.400,4.400,0.000,,,,
Circle,CIR_DATUM_C,Z,-351.688,-351.650,-0.038,,,,
Pos. Tol.,POS_C,PTOL,0.075,0.000,0.075,0.000,0.463,,CIR_DATUM_C/NOMINAL - CS_ABC - C-Zone - XZ - Nominal
Circle,CIR_8,DIAM,74.108,74.350,-0.242,-0.300,0.300,,Criterion : Least Square (From 14 Pts On PL_PLAST_TB) 
Circle,CIR_8,X,-79.888,-80.600,0.712,,,,
Circle,CIR_8,Y,91.605,92.200,-0.595,,,,
Circle,CIR_8,Z,81.836,82.900,-1.064,,,,
Pos. Tol.,POS_8,PTOL,2.438,0.000,2.438,0.058,4.221,,CIR_8(M)/NOMINAL - CS_ABC - C-Zone - YZ - Nominal
Circle,2D_CIR_16,Y,-32.598,-32.500,-0.098,,,,
Circle,2D_CIR_16,Z,-40.165,-40.000,-0.165,,,,
Circle,2D_CIR_17,Y,-32.489,-32.500,0.011,,,,
Circle,2D_CIR_17,Z,39.918,40.000,-0.082,,,,
Circle,2D_CIR_18,Y,32.343,32.500,-0.157,,,,
Circle,2D_CIR_18,Z,39.936,40.000,-0.064,,,,
Circle,2D_CIR_19,Y,32.300,32.500,-0.200,,,,
Circle,2D_CIR_19,Z,-39.995,-40.000,0.005,,,,
Pos. Tol.,POS_2D_16,PTOL,0.384,0.000,0.384,0.000,0.500,,2D_CIR_16/NOMINAL - CS_DE - C-Zone - YZ - Nominal
Pos. Tol.,POS_2D_17,PTOL,0.166,0.000,0.166,0.000,0.500,,2D_CIR_17/NOMINAL - CS_DE - C-Zone - YZ - Nominal
Pos. Tol.,POS_2D_18,PTOL,0.340,0.000,0.340,0.000,0.700,,2D_CIR_18/NOMINAL - CS_DE - C-Zone - YZ - Nominal
Pos. Tol.,POS_2D_19,PTOL,0.400,0.000,0.400,0.000,0.700,,2D_CIR_19/NOMINAL - CS_DE - C-Zone - YZ - Nominal
Distance,INSERT HEIGHT 16,X,0.302,0.000,0.302,,,,CIR_16 - PL_PLAST_16 / CS_DE
Distance,INSERT HEIGHT 17,X,0.365,0.000,0.365,,,,CIR_17 - PL_PLAST_17 / CS_DE
Distance,INSERT HEIGHT 18,X,0.316,0.000,0.316,,,,CIR_18 - PL_PLAST_18 / CS_DE
Distance,INSERT HEIGHT 19,X,0.357,0.000,0.357,,,,CIR_19 - PL_PLAST_19 / CS_DE
Flatness,FLAT_D,FLTN,0.378,0.000,0.378,0.000,1.000,,PL_D
Circle,2D_CIR_20,X,-0.087,0.000,-0.087,,,,
Circle,2D_CIR_20,Z,-0.001,0.000,-0.001,,,,
Circle,2D_CIR_21,X,-0.087,0.000,-0.087,,,,
Circle,2D_CIR_21,Z,-0.002,0.000,-0.002,,,,
Pos. Tol.,POS_2D_20,PTOL,0.223,0.000,0.223,0.000,0.550,,2D_CIR_20/NOMINAL - CS_HJ - C-Zone - XY - Nominal
Pos. Tol.,POS_2D_21,PTOL,0.176,0.000,0.176,0.000,0.550,,2D_CIR_21/NOMINAL - CS_HJ - C-Zone - XY - Nominal
Distance,H_20,Z,0.230,0.000,0.230,0.000,0.500,,2D_CIR_20 - PL_PLAST_20 / CS_HJ
Distance,H_21,Z,0.205,0.000,0.205,0.000,0.500,,2D_CIR_21 - PL_PLAST_21 / CS_HJ
Circle,CIR_15,X,-107.896,-109.800,1.904,,,,Criterion : Least Square (From 6 Pts On PL_INS_15) 
Circle,CIR_15,Y,24.397,24.200,0.197,,,,
Distance,PROF_15,Z,131.276,130.800,0.476,-1.500,1.500,,CIR_15 - ORIGIN / CS_ABC
Pos. Tol.,POS_15,PTOL,3.827,0.000,3.827,0.000,5.000,,CIR_15/NOMINAL - CS_ABC - C-Zone - XY - Nominal
Distance,H_15,Z,0.311,0.000,0.311,0.000,0.500,,CIR_15 - PL_PLAST_15 / CS_ABC
Pos. Tol.,POS_42,PTOL,4.080,0.000,4.080,0.224,6.386,,CIR_42(M)/NOMINAL - CS_ABC - C-Zone - XYZ - Nominal
Pos. Tol.,POS_20,PTOL,4.179,0.000,4.179,0.000,6.163,,CIR_20/NOMINAL - CS_ABC - C-Zone - XYZ - Nominal
Pos. Tol.,POS_21,PTOL,3.946,0.000,3.946,0.000,6.163,,CIR_21/NOMINAL - CS_ABC - C-Zone - XYZ - Nominal
Circle,CIR_42,DIAM,36.734,36.660,0.074,-0.150,0.150,,Criterion : Least Square (From 20 Pts On PL_PLAST_42) 
Circle,CIR_42,X,-209.139,-210.550,1.411,,,,
Circle,CIR_42,Y,94.550,96.000,-1.450,,,,
Circle,CIR_42,Z,111.678,111.420,0.258,,,,
Circle,CIR_20,X,-231.367,-232.370,1.003,,,,Criterion : Least Square (From 6 Pts On PL_INS_20) 
Circle,CIR_20,Y,105.103,106.800,-1.697,,,,
Circle,CIR_20,Z,92.122,91.430,0.692,,,,
Circle,CIR_21,X,-187.076,-188.730,1.654,,,,Criterion : Least Square (From 6 Pts On PL_INS_21) 
Circle,CIR_21,Y,84.138,85.200,-1.062,,,,
Circle,CIR_21,Z,131.592,131.420,0.172,,,,
Distance,DEPTH_16,D1,17.985,17.800,0.185,0.000,8.000,,PNT_DEPTH_16 - PL_INS_16 / CS_DE
Distance,DEPTH_17,D1,18.146,17.800,0.346,0.000,8.000,,PNT_DEPTH_17 - PL_INS_17 / CS_DE
Distance,DEPTH_18,D1,21.720,17.800,3.920,0.000,8.000,,PNT_DEPTH_18 - PL_INS_18 / CS_DE
Distance,DEPTH_19,D1,23.171,17.800,5.371,0.000,8.000,,PNT_DEPTH_19 - PL_INS_19 / CS_DE
Circle,CIR_16,X,-77.049,-77.073,0.024,,,,Criterion : Least Square (From 6 Pts On PL_INS_16) 
Circle,CIR_16,Y,59.219,59.880,-0.661,,,,
Circle,CIR_16,Z,41.596,42.924,-1.328,,,,
Circle,CIR_17,X,-75.314,-77.073,1.759,,,,Criterion : Least Square (From 6 Pts On PL_INS_17) 
Circle,CIR_17,Y,59.316,59.880,-0.564,,,,
Circle,CIR_17,Z,121.659,122.924,-1.265,,,,
Circle,CIR_18,X,-81.572,-82.732,1.160,,,,Criterion : Least Square (From 6 Pts On PL_INS_18) 
Circle,CIR_18,Y,123.845,124.633,-0.789,,,,
Circle,CIR_18,Z,121.824,122.924,-1.100,,,,
Circle,CIR_19,X,-83.107,-82.732,-0.375,,,,Criterion : Least Square (From 6 Pts On PL_INS_19) 
Circle,CIR_19,Y,123.833,124.633,-0.800,,,,
Circle,CIR_19,Z,41.907,42.924,-1.017,,,,
Pos. Tol.,POS_16,PTOL,2.967,0.000,2.967,0.000,4.163,,CIR_16/NOMINAL - CS_ABC - C-Zone - YZ - Nominal
Pos. Tol.,POS_17,PTOL,2.770,0.000,2.770,0.000,4.163,,CIR_17/NOMINAL - CS_ABC - C-Zone - YZ - Nominal
Pos. Tol.,POS_18,PTOL,2.708,0.000,2.708,0.000,4.163,,CIR_18/NOMINAL - CS_ABC - C-Zone - YZ - Nominal
Pos. Tol.,POS_19,PTOL,2.587,0.000,2.587,0.000,4.163,,CIR_19/NOMINAL - CS_ABC - C-Zone - YZ - Nominal
Distance,DEPTH_15,D1,22.251,22.000,0.251,0.000,8.000,,PNT_DEPTH_15 - PL_INS_15 / CS_SRF_TEMP_15.2
