Feat. Type,Feat. Name,Value,Actual,Nominal,Dev.,Tol-,Tol+,Out of Tol.,Comment
Text/Value,VAR_PROGRAM,VAL,,,,,,,'N:\Metrolog XG\Programmes\GMI 700\GMI 700 Moule 1 Complete Module 51.gm2'
Text/Value,VAR_EVENEMENT,VAL,,,,,,,'Fip 5785'
Text/Value,VAR_COMMENTAIRES,VAL,,,,,,,'296 B'
Text/Value,SRF_A,VAL,0.305099,0.000000,0.305099,0.000000,0.500000,,
Circle,CIR_B,DIAM,9.882,9.850,0.032,-0.100,0.100,,Criterion : Least Square (From 4 Pts On PL_FIXTURE) 
Distance,DIAMETRE_C,D1,9.888,9.900,-0.012,-0.100,0.100,,SRF_C_TOP - SRF_C_DOWN / CS_ABC
Point,PNT_C_PRJ_FIXT,X,-141.684,-142.000,0.316,,,,Proj. PNT_MID_C / PL_FIXTURE.
Point,PNT_C_PRJ_FIXT,Z,-45.898,-46.000,0.102,,,,
Pos. Tol.,POS_C,PTOL,0.665,0.000,0.665,0.000,1.400,,PNT_C_PRJ_FIXT/NOMINAL - CS_ABC - C-Zone - XZ - Nominal
Circle,CIR1,X,-228.602,-228.500,-0.102,,,,From 4 Pts On PL_FIXTURE
Circle,CIR1,Z,-78.434,-78.000,-0.434,,,,
Pos. Tol.,POS_1,PTOL,0.892,0.000,0.892,0.000,1.500,,CIR1/NOMINAL - CS_ABC - C-Zone - XZ - Nominal
Circle,CIR2,X,-125.384,-125.500,0.116,,,,From 4 Pts On PL_FIXTURE
Circle,CIR2,Z,-78.591,-78.000,-0.591,,,,
Pos. Tol.,POS_2,PTOL,1.204,0.000,1.204,0.000,1.500,,CIR2/NOMINAL - CS_ABC - C-Zone - XZ - Nominal
Circle,CIR3,X,-22.394,-22.500,0.106,,,,From 4 Pts On PL_FIXTURE
Circle,CIR3,Z,-78.202,-78.000,-0.202,,,,
Pos. Tol.,POS_3,PTOL,0.456,0.000,0.456,0.000,1.500,,CIR3/NOMINAL - CS_ABC - C-Zone - XZ - Nominal
Circle,CIR4,X,86.406,86.500,-0.094,,,,From 4 Pts On PL_FIXTURE
Circle,CIR4,Z,31.527,32.000,-0.472,,,,
Pos. Tol.,POS_4,PTOL,0.963,0.000,0.963,0.000,1.500,,CIR4/NOMINAL - CS_ABC - C-Zone - XZ - Nominal
Circle,CIR5,X,-16.638,-16.500,-0.138,,,,From 4 Pts On PL_FIXTURE
Circle,CIR5,Z,31.546,32.000,-0.454,,,,
Pos. Tol.,POS_5,PTOL,0.949,0.000,0.949,0.000,1.500,,CIR5/NOMINAL - CS_ABC - C-Zone - XZ - Nominal
Circle,CIR6,X,-119.604,-119.500,-0.104,,,,From 4 Pts On PL_FIXTURE
Circle,CIR6,Z,31.909,32.000,-0.091,,,,
Pos. Tol.,POS_6,PTOL,0.277,0.000,0.277,0.000,1.500,,CIR6/NOMINAL - CS_ABC - C-Zone - XZ - Nominal
Profile of Line,PROF_OP1,PRFL,1.055,0.000,1.055,0.000,1.500,,SCT_OP1
Profile of Line,OP1_PROF_INNER_WALL,PRFL,1.529,0.000,1.529,0.000,1.500,0.029,OP1_SRF_INNER_WALL
Profile of Line,OP1_PROF_OUTTER_WALL,PRFL,1.410,0.000,1.410,0.000,1.500,,OP1_SRF_OUTTER_WALL
Profile of Line,PROF_OP2,PRFL,0.664,0.000,0.664,0.000,1.500,,SCT_OP2
Profile of Line,OP2_PROF_INNER_WALL,PRFL,1.006,0.000,1.006,0.000,1.500,,OP2_SRF_INNER_WALL
Profile of Line,OP2_PROF_OUTTER_WALL,PRFL,0.937,0.000,0.937,0.000,1.500,,OP2_SRF_OUTTER_WALL
Profile of Line,PROF_OP3,PRFL,0.517,0.000,0.517,0.000,1.500,,SCT_OP3
Profile of Line,OP3_PROF_INNER_WALL,PRFL,0.401,0.000,0.401,0.000,1.500,,OP3_SRF_INNER_WALL
Profile of Line,OP3_PROF_OUTTER_WALL,PRFL,0.552,0.000,0.552,0.000,1.500,,OP3_SRF_OUTTER_WALL
Profile of Line,PROF_OP4,PRFL,0.694,0.000,0.694,0.000,1.500,,SCT_OP4
Profile of Line,OP4_PROF_INNER_WALL,PRFL,0.743,0.000,0.743,0.000,1.500,,OP4_SRF_INNER_WALL
Profile of Line,OP4_PROF_OUTTER_WALL,PRFL,0.579,0.000,0.579,0.000,1.500,,OP4_SRF_OUTTER_WALL
Profile of Line,PROF_OP5,PRFL,0.558,0.000,0.558,0.000,1.500,,SCT_OP5
Profile of Line,OP5_PROF_INNER_WALL,PRFL,0.790,0.000,0.790,0.000,1.500,,OP5_SRF_INNER_WALL
Profile of Line,OP5_PROF_OUTTER_WALL,PRFL,0.727,0.000,0.727,0.000,1.500,,OP5_SRF_OUTTER_WALL
Profile of Line,PROF_OP6,PRFL,1.330,0.000,1.330,0.000,1.500,,SCT_OP6
Profile of Line,OP6_PROF_INNER_WALL,PRFL,1.536,0.000,1.536,0.000,1.500,0.036,OP6_SRF_INNER_WALL
Profile of Line,OP6_PROF_OUTTER_WALL,PRFL,1.515,0.000,1.515,0.000,1.500,0.015,OP6_SRF_OUTTER_WALL
Distance,OP1_WIDTH_1,D1,2.981,3.000,-0.019,-0.150,0.150,,OP1_P2 - OP1_P3 / OP1_CS
Distance,OP1_WIDTH_5,D1,2.913,3.000,-0.087,-0.150,0.150,,OP1_P22 - OP1_P23 / OP1_CS
Distance,OP1_WIDTH_9,D1,2.980,3.000,-0.020,-0.150,0.150,,OP1_P42 - OP1_P43 / OP1_CS
Distance,OP1_WIDTH_12,D1,3.023,3.000,0.023,-0.150,0.150,,OP1_P57 - OP1_P58 / OP1_CS
Distance,OP1_DEPTH_1,Y,4.997,5.000,-0.003,-0.150,0.150,,OP1_P4 - PL_FIXTURE / OP1_CS
Distance,OP1_DEPTH_5,Y,5.058,5.000,0.058,-0.150,0.150,,OP1_P24 - PL_FIXTURE / OP1_CS
Distance,OP1_DEPTH_9,Y,5.055,5.000,0.055,-0.150,0.150,,OP1_P44 - PL_FIXTURE / OP1_CS
Distance,OP1_DEPTH_12,Y,5.027,5.000,0.027,-0.150,0.150,,OP1_P59 - PL_FIXTURE / OP1_CS
Distance,OP2_WIDTH_1,D1,2.985,3.000,-0.015,-0.200,0.200,,OP2_P2 - OP2_P3 / OP2_CS
Distance,OP2_WIDTH_5,D1,2.977,3.000,-0.023,-0.200,0.200,,OP2_P22 - OP2_P23 / OP2_CS
Distance,OP2_WIDTH_9,D1,3.004,3.000,0.004,-0.200,0.200,,OP2_P42 - OP2_P43 / OP2_CS
Distance,OP2_WIDTH_12,D1,3.038,3.000,0.038,-0.200,0.200,,OP2_P57 - OP2_P58 / OP2_CS
Distance,OP2_DEPTH_1,Y,5.010,5.000,0.010,-0.150,0.150,,OP2_P4 - PL_FIXTURE / OP2_CS
Distance,OP2_DEPTH_5,Y,4.937,5.000,-0.063,-0.150,0.150,,OP2_P24 - PL_FIXTURE / OP2_CS
Distance,OP2_DEPTH_9,Y,5.028,5.000,0.028,-0.150,0.150,,OP2_P44 - PL_FIXTURE / OP2_CS
Distance,OP2_DEPTH_12,Y,4.991,5.000,-0.009,-0.150,0.150,,OP2_P59 - PL_FIXTURE / OP2_CS
Distance,OP3_WIDTH_1,D1,2.978,3.000,-0.022,-0.200,0.200,,OP3_P2 - OP3_P3 / OP3_CS
Distance,OP3_WIDTH_5,D1,2.869,3.000,-0.131,-0.200,0.200,,OP3_P22 - OP3_P23 / OP3_CS
Distance,OP3_WIDTH_9,D1,3.008,3.000,0.008,-0.200,0.200,,OP3_P42 - OP3_P43 / OP3_CS
Distance,OP3_WIDTH_12,D1,3.005,3.000,0.005,-0.200,0.200,,OP3_P57 - OP3_P58 / OP3_CS
Distance,OP3_DEPTH_1,Y,5.074,5.000,0.074,-0.150,0.150,,OP3_P4 - PL_FIXTURE / OP3_CS
Distance,OP3_DEPTH_5,Y,5.067,5.000,0.067,-0.150,0.150,,OP3_P24 - PL_FIXTURE / OP3_CS
Distance,OP3_DEPTH_9,Y,4.895,5.000,-0.105,-0.150,0.150,,OP3_P44 - PL_FIXTURE / OP3_CS
Distance,OP3_DEPTH_12,Y,5.052,5.000,0.052,-0.150,0.150,,OP3_P59 - PL_FIXTURE / OP3_CS
Distance,OP4_WIDTH_1,D1,2.877,3.000,-0.123,-0.200,0.200,,OP4_P2 - OP4_P3 / OP4_CS
Distance,OP4_WIDTH_5,D1,2.904,3.000,-0.096,-0.200,0.200,,OP4_P22 - OP4_P23 / OP4_CS
Distance,OP4_WIDTH_9,D1,2.903,3.000,-0.097,-0.200,0.200,,OP4_P42 - OP4_P43 / OP4_CS
Distance,OP4_WIDTH_12,D1,2.793,3.000,-0.207,-0.200,0.200,-0.007,OP4_P57 - OP4_P58 / OP4_CS
Distance,OP4_DEPTH_1,Y,5.069,5.000,0.069,-0.150,0.150,,OP4_P4 - PL_FIXTURE / OP4_CS
Distance,OP4_DEPTH_5,Y,4.885,5.000,-0.115,-0.150,0.150,,OP4_P24 - PL_FIXTURE / OP4_CS
Distance,OP4_DEPTH_9,Y,4.972,5.000,-0.028,-0.150,0.150,,OP4_P44 - PL_FIXTURE / OP4_CS
Distance,OP4_DEPTH_12,Y,5.079,5.000,0.079,-0.150,0.150,,OP4_P59 - PL_FIXTURE / OP4_CS
Distance,OP5_WIDTH_1,D1,2.976,3.000,-0.024,-0.200,0.200,,OP5_P2 - OP5_P3 / OP5_CS
Distance,OP5_WIDTH_5,D1,3.017,3.000,0.017,-0.200,0.200,,OP5_P22 - OP5_P23 / OP5_CS
Distance,OP5_WIDTH_9,D1,3.005,3.000,0.005,-0.200,0.200,,OP5_P42 - OP5_P43 / OP5_CS
Distance,OP5_WIDTH_12,D1,3.008,3.000,0.008,-0.200,0.200,,OP5_P57 - OP5_P58 / OP5_CS
Distance,OP5_DEPTH_1,Y,4.826,5.000,-0.174,-0.150,0.150,-0.024,OP5_P4 - PL_FIXTURE / OP5_CS
Distance,OP5_DEPTH_5,Y,5.021,5.000,0.021,-0.150,0.150,,OP5_P24 - PL_FIXTURE / OP5_CS
Distance,OP5_DEPTH_9,Y,4.851,5.000,-0.149,-0.150,0.150,,OP5_P44 - PL_FIXTURE / OP5_CS
Distance,OP5_DEPTH_12,Y,4.976,5.000,-0.024,-0.150,0.150,,OP5_P59 - PL_FIXTURE / OP5_CS
Distance,OP6_WIDTH_1,D1,3.010,3.000,0.010,-0.200,0.200,,OP6_P2 - OP6_P3 / OP6_CS
Distance,OP6_WIDTH_5,D1,3.001,3.000,0.001,-0.200,0.200,,OP6_P22 - OP6_P23 / OP6_CS
Distance,OP6_WIDTH_9,D1,2.996,3.000,-0.004,-0.200,0.200,,OP6_P42 - OP6_P43 / OP6_CS
Distance,OP6_WIDTH_12,D1,3.011,3.000,0.011,-0.200,0.200,,OP6_P57 - OP6_P58 / OP6_CS
Distance,OP6_DEPTH_1,Y,5.042,5.000,0.042,-0.150,0.150,,OP6_P4 - PL_FIXTURE / OP6_CS
Distance,OP6_DEPTH_5,Y,5.014,5.000,0.014,-0.150,0.150,,OP6_P24 - PL_FIXTURE / OP6_CS
Distance,OP6_DEPTH_9,Y,4.813,5.000,-0.187,-0.150,0.150,-0.037,OP6_P44 - PL_FIXTURE / OP6_CS
Distance,OP6_DEPTH_12,Y,5.014,5.000,0.014,-0.150,0.150,,OP6_P59 - PL_FIXTURE / OP6_CS
Circle,CIR_A,DIAM,79.064,79.000,0.064,-0.500,0.500,,Criterion : Least Square (From 12 Pts On PL_D) 
Circle,CIR_A,X,96.377,96.049,0.328,,,,
Circle,CIR_A,Y,70.931,70.746,0.185,,,,
Circle,CIR_A,Z,113.715,114.049,-0.334,,,,
Pos. Tol.,POS_A,PTOL,1.008,0.000,1.008,0.000,4.000,,CIR_A/NOMINAL - CS_ABC - C-Zone - XYZ - Nominal
Circle,CIR_INS_11,X,90.791,90.385,0.406,,,,Criterion : Least Square (From 6 Pts On PL_INS_11) 
Circle,CIR_INS_11,Y,95.207,95.065,0.142,,,,
Circle,CIR_INS_11,Z,159.884,160.233,-0.349,,,,
Pos. Tol.,POS_11,PTOL,1.108,0.000,1.108,0.000,3.000,,CIR_INS_11/NOMINAL - CS_ABC - C-Zone - XYZ - Nominal
Circle,CIR_INS_12,X,116.087,115.649,0.438,,,,Criterion : Least Square (From 6 Pts On PL_INS_12) 
Circle,CIR_INS_12,Y,38.442,38.214,0.227,,,,
Circle,CIR_INS_12,Z,150.026,150.299,-0.273,,,,
Pos. Tol.,POS_12,PTOL,1.129,0.000,1.129,0.000,3.600,,CIR_INS_12/NOMINAL - CS_ABC - C-Zone - XYZ - Nominal
Circle,CIR_INS_13,X,101.888,102.615,-0.728,,,,Criterion : Least Square (From 6 Pts On PL_INS_13) 
Circle,CIR_INS_13,Y,46.773,46.845,-0.072,,,,
Circle,CIR_INS_13,Z,67.599,67.766,-0.168,,,,
Pos. Tol.,POS_13,PTOL,1.500,0.000,1.500,0.000,3.000,,CIR_INS_13/NOMINAL - CS_ABC - C-Zone - XYZ - Nominal
Circle,CIR_INS_14,X,76.737,77.351,-0.614,,,,Criterion : Least Square (From 6 Pts On PL_INS_14) 
Circle,CIR_INS_14,Y,103.326,103.696,-0.370,,,,
Circle,CIR_INS_14,Z,77.341,77.701,-0.360,,,,
Pos. Tol.,POS_14,PTOL,1.604,0.000,1.604,0.000,3.000,,CIR_INS_14/NOMINAL - CS_ABC - C-Zone - XYZ - Nominal
Circle,2D_CIR_INS_11,Y,31.423,31.500,-0.077,,,,
Circle,2D_CIR_INS_11,Z,42.008,42.000,0.008,,,,
Pos. Tol.,POS_2D_11,PTOL,0.154,0.000,0.154,0.000,0.800,,2D_CIR_INS_11/NOMINAL - CS_DE_BF - C-Zone - YZ - Nominal
Circle,2D_CIR_INS_12,Y,-31.501,-31.500,-0.001,,,,
Circle,2D_CIR_INS_12,Z,42.080,42.000,0.080,,,,
Pos. Tol.,POS_2D_12,PTOL,0.160,0.000,0.160,0.000,0.800,,2D_CIR_INS_12/NOMINAL - CS_DE_BF - C-Zone - YZ - Nominal
Circle,2D_CIR_INS_13,Y,-31.287,-31.500,0.213,,,,
Circle,2D_CIR_INS_13,Z,-41.975,-42.000,0.025,,,,
Pos. Tol.,POS_2D_13,PTOL,0.430,0.000,0.430,0.000,0.800,,2D_CIR_INS_13/NOMINAL - CS_DE_BF - C-Zone - YZ - Nominal
Circle,2D_CIR_INS_14,Y,31.369,31.500,-0.131,,,,
Circle,2D_CIR_INS_14,Z,-42.116,-42.000,-0.116,,,,
Pos. Tol.,POS_2D_14,PTOL,0.350,0.000,0.350,0.000,0.800,,2D_CIR_INS_14/NOMINAL - CS_DE_BF - C-Zone - YZ - Nominal
Distance,H_11,X,0.162,0.000,0.162,0.000,0.500,,CIR_INS_11 - PL_PLAST_INS_11 / CS_DE_BF
Distance,H_12,X,0.353,-0.000,0.353,0.000,0.500,,CIR_INS_12 - PL_PLAST_INS_12 / CS_DE_BF
Distance,H_13,X,0.170,-0.000,0.170,0.000,0.500,,CIR_INS_13 - PL_PLAST_INS_13 / CS_DE_BF
Distance,H_14,X,0.004,-0.000,0.004,0.000,0.500,,CIR_INS_14 - PL_PLAST_INS_14 / CS_DE_BF
Flatness,FLAT_D,FLTN,0.162,0.000,0.162,0.000,0.500,,PL_D
Distance,WIDTH_TB_2,D1,2.778,3.000,-0.222,-0.150,0.150,-0.072,0W2.5_1.2 - IW2.5_1.2 / CS_DE_BF
Distance,WIDTH_TB_4,D1,2.864,3.000,-0.136,-0.150,0.150,,0W2.5_1.4 - IW2.5_1.4 / CS_DE_BF
Distance,WIDTH_TB_6,D1,2.904,3.000,-0.096,-0.150,0.150,,0W2.5_1.6 - IW2.5_1.6 / CS_DE_BF
Distance,WIDTH_TB_7,D1,3.043,3.000,0.043,-0.150,0.150,,0W2.5_1.7 - IW2.5_1.7 / CS_DE_BF
Distance,DEPTH_TB_2,D1,4.834,5.000,-0.166,-0.250,0.250,,TB_BOT_1.2 - PL_D / CS_DE_BF
Distance,DEPTH_TB_4,D1,4.867,5.000,-0.133,-0.250,0.250,,TB_BOT_1.4 - PL_D / CS_DE_BF
Distance,DEPTH_TB_6,D1,4.635,5.000,-0.365,-0.250,0.250,-0.115,TB_BOT_1.6 - PL_D / CS_DE_BF
Distance,DEPTH_TB_7,D1,5.033,5.000,0.033,-0.250,0.250,,TB_BOT_1.7 - PL_D / CS_DE_BF
Profile of Line,PROF_2D_IW_TB,PRFL,0.911,0.000,0.911,0.000,1.500,,SCT_2D_IW_TB
Circle,CIR_INS_15,X,31.031,29.890,1.141,,,,Criterion : Least Square (From 6 Pts On PL_PLAST_INS_15) 
Circle,CIR_INS_15,Y,44.345,44.400,-0.055,,,,
Circle,CIR_INS_15,Z,204.987,204.750,0.237,,,,
Pos. Tol.,POS_15,PTOL,2.334,0.000,2.334,0.000,3.500,,CIR_INS_15/NOMINAL - CS_ABC - C-Zone - XYZ - Nominal
Circle,CIR_16_MID_GAGE,DIAM,12.121,12.170,-0.049,-0.100,0.100,,Proj. CIR_16_9MM / PL_PLAST_16.
Circle,CIR_16_MID_GAGE,X,31.021,29.988,1.033,,,,
Circle,CIR_16_MID_GAGE,Y,60.632,61.026,-0.395,,,,
Circle,CIR_16_MID_GAGE,Z,221.752,221.344,0.408,,,,
Pos. Tol.,POS_16,PTOL,2.357,0.000,2.357,0.000,3.500,,CIR_16_MID_GAGE/NOMINAL - CS_ABC - C-Zone - XYZ - Nominal
Distance,H_15,X,0.273,0.000,0.273,0.000,0.400,,CIR_INS_15 - PL_PLAST_16 / CS_15_16
Circle,2D_CIR_15,Y,-23.372,-23.500,0.128,,,,
Circle,2D_CIR_15,Z,-0.000,0.000,0.000,,,,
Pos. Tol.,POS_2D_15,PTOL,0.256,0.000,0.256,0.000,0.500,,2D_CIR_15/NOMINAL - CS_15_16 - C-Zone - YZ - Nominal
Circle,CIR_18,DIAM,12.923,13.000,-0.077,-0.100,0.100,,Inters. PL_PLAST_18 - CYL_18.
Circle,CIR_18,X,-85.883,-86.500,0.617,,,,
Circle,CIR_18,Y,73.108,74.000,-0.892,,,,
Pos. Tol.,POS_18,PTOL,2.169,0.000,2.169,0.000,2.500,,CIR_18/NOMINAL - CS_ABC - C-Zone - XY - Nominal
Distance,PROF_18,Z,175.997,176.000,-0.003,-2.000,2.000,,CIR_18 - ORIGIN / CS_ABC
Circle,CIR_20,X,-274.683,-274.784,0.101,,,,Criterion : Least Square (From 6 Pts On PL_INS_20) 
Circle,CIR_20,Y,114.182,114.438,-0.257,,,,
Circle,CIR_20,Z,-19.644,-19.512,-0.132,,,,
Pos. Tol.,POS_20,PTOL,0.611,0.000,0.611,0.000,3.000,,CIR_20/NOMINAL - CS_ABC - C-Zone - XYZ - Nominal
Circle,CIR_22,X,39.867,39.216,0.651,,,,Criterion : Least Square (From 6 Pts On PL_INS_22) 
Circle,CIR_22,Y,111.489,111.457,0.032,,,,
Circle,CIR_22,Z,200.206,200.504,-0.298,,,,
Pos. Tol.,POS_22,PTOL,1.433,0.000,1.433,0.000,3.000,,CIR_22/NOMINAL - CS_ABC - C-Zone - XYZ - Nominal
Circle,CIR_23,X,48.926,48.716,0.210,,,,Criterion : Least Square (From 6 Pts On PL_INS_23) 
Circle,CIR_23,Y,114.442,114.438,0.004,,,,
Circle,CIR_23,Z,-19.598,-19.512,-0.086,,,,
Pos. Tol.,POS_23,PTOL,0.454,0.000,0.454,0.000,3.000,,CIR_23/NOMINAL - CS_ABC - C-Zone - XYZ - Nominal
Distance,H_20,Y,0.213,0.000,0.213,0.000,0.500,,CIR_20 - PL_PLAST_20 / CS_20
Distance,H_22,Y,0.122,0.000,0.122,0.000,0.500,,CIR_22 - PL_PLAST_22 / CS_22
Distance,H_23,Y,0.254,0.000,0.254,0.000,0.500,,CIR_23 - PL_PLAST_23 / CS_23
Angle,ANG_20,3D,29.334,28.000,1.334,-2.000,2.000,,PL_INS_22 - PL_FIXTURE / CS_20
Angle,ANG_22,3D,29.334,28.000,1.334,-2.000,2.000,,PL_INS_22 - PL_FIXTURE / CS_22
Angle,ANG_23,3D,28.288,28.000,0.288,-2.000,2.000,,PL_INS_23 - PL_FIXTURE / CS_23
Circle,2D_CIR_20,X,-323.557,-323.500,-0.057,,,,
Circle,2D_CIR_20,Z,-0.011,0.000,-0.011,,,,
Pos. Tol.,POS_2D_20,PTOL,0.116,0.000,0.116,0.000,1.250,,2D_CIR_20/NOMINAL - CS_23_BF - C-Zone - XZ - Nominal
Circle,2D_CIR_22,X,-9.503,-9.500,-0.003,,,,
Circle,2D_CIR_22,Z,195.640,195.643,-0.003,,,,
Pos. Tol.,POS_2D_22,PTOL,0.008,0.000,0.008,0.000,1.250,,2D_CIR_22/NOMINAL - CS_23_BF - C-Zone - XZ - Nominal
Circle,2D_CIR_23,X,0.048,0.000,0.048,,,,
Circle,2D_CIR_23,Z,0.000,0.000,0.000,,,,
Pos. Tol.,POS_2D_23,PTOL,0.096,0.000,0.096,0.000,1.250,,2D_CIR_23/NOMINAL - CS_23_BF - C-Zone - XZ - Nominal
Circle,CIR_INS_21,X,-257.052,-257.000,-0.052,,,,Criterion : Least Square (From 6 Pts On PL_INS_21) 
Circle,CIR_INS_21,Z,124.250,125.000,-0.750,,,,
Pos. Tol.,POS_21,PTOL,1.503,0.000,1.503,0.000,3.000,,CIR_INS_21/NOMINAL - CS_ABC - C-Zone - XZ - Nominal
Circle,CIR_29,X,28.916,28.699,0.217,,,,Criterion : Least Square (From 6 Pts On PL_INS_29) 
Circle,CIR_29,Z,12.356,12.480,-0.124,,,,
Pos. Tol.,POS_29,PTOL,0.499,0.000,0.499,0.000,3.000,,CIR_29/NOMINAL - CS_ABC - C-Zone - XZ - Nominal
Circle,CIR_30,X,42.409,42.500,-0.091,,,,Criterion : Least Square (From 6 Pts On PL_INS_30) 
Circle,CIR_30,Z,-162.060,-161.750,-0.309,,,,
Pos. Tol.,POS_30,PTOL,0.645,0.000,0.645,0.000,3.000,,CIR_30/NOMINAL - CS_ABC - C-Zone - XZ - Nominal
Circle,CIR_32,X,-214.786,-214.979,0.194,,,,Criterion : Least Square (From 6 Pts On PL_INS_32) 
Circle,CIR_32,Z,-162.376,-161.750,-0.625,,,,
Pos. Tol.,POS_32,PTOL,0.645,0.000,0.645,0.000,3.000,,CIR_30/NOMINAL - CS_ABC - C-Zone - XZ - Nominal
Distance,H_21,D1,0.062,0.000,0.062,,,,CIR_INS_21 - PL_PLAST_INS_21 / CS_TEMP_21
Distance,H_21,D2,,,,,,,
Distance,H_21,X,0.000,0.000,0.000,,,,
Distance,H_21,Y,0.062,0.000,0.062,0.000,0.500,,
Distance,H_21,Z,-0.000,0.000,-0.000,,,,
Distance,H_29,D1,0.127,0.000,0.127,,,,CIR_29 - PL_PLAST_29 / CS_TEMP_29
Distance,H_29,D2,,,,,,,
Distance,H_29,X,-0.001,0.000,-0.001,,,,
Distance,H_29,Y,0.127,0.000,0.127,0.000,0.500,,
Distance,H_29,Z,-0.000,0.000,-0.000,,,,
Distance,H_30,D1,0.295,0.000,0.295,,,,CIR_30 - PL_PLAST_30 / CS_TEMP_30
Distance,H_30,D2,,,,,,,
Distance,H_30,X,0.002,0.000,0.002,,,,
Distance,H_30,Y,0.295,0.000,0.295,0.000,0.500,,
Distance,H_30,Z,0.002,0.000,0.002,,,,
Distance,H_32,D1,0.163,0.000,0.163,,,,CIR_32 - PL_PLAST_32 / CS_TEMP_32
Distance,H_32,D2,,,,,,,
Distance,H_32,X,-0.002,0.000,-0.002,,,,
Distance,H_32,Y,0.163,0.000,0.163,0.000,0.500,,
Distance,H_32,Z,0.001,0.000,0.001,,,,
Distance,PROF_21,Y,103.863,104.420,-0.557,-2.000,2.000,,CIR_INS_21 - ORIGIN / CS_ABC
Distance,PROF_29,Y,123.943,124.420,-0.477,-2.000,2.000,,CIR_29 - ORIGIN / CS_ABC
Distance,PROF_30,Y,83.901,83.300,0.601,-2.000,2.000,,CIR_30 - ORIGIN / CS_ABC
Distance,PROF_32,Y,83.265,83.300,-0.034,-2.000,2.000,,CIR_32 - ORIGIN / CS_ABC
Circle,2D_CIR_INS_21,X,0.067,0.000,0.067,,,,
Circle,2D_CIR_INS_21,Z,-0.090,0.000,-0.090,,,,
Pos. Tol.,POS_2D_21,PTOL,0.225,0.000,0.225,0.000,1.250,,2D_CIR_INS_21/NOMINAL - CS_INS_W_BF - C-Zone - XZ - Nominal
Circle,2D_CIR_29,X,285.528,285.599,-0.071,,,,
Circle,2D_CIR_29,Z,-112.750,-112.776,0.026,,,,
Pos. Tol.,POS_2D_29,PTOL,0.152,0.000,0.152,0.000,1.250,,2D_CIR_29/NOMINAL - CS_INS_W_BF - C-Zone - XZ - Nominal
Circle,2D_CIR_30,X,299.050,299.243,-0.193,,,,
Circle,2D_CIR_30,Z,-287.045,-287.018,-0.027,,,,
Pos. Tol.,POS_2D_30,PTOL,0.389,0.000,0.389,0.000,1.250,,2D_CIR_30/NOMINAL - CS_INS_W_BF - C-Zone - XZ - Nominal
Circle,2D_CIR_32,X,41.879,41.763,0.116,,,,
Circle,2D_CIR_32,Z,-286.737,-286.788,0.051,,,,
Pos. Tol.,POS_2D_32,PTOL,0.254,0.000,0.254,0.000,1.250,,2D_CIR_32/NOMINAL - CS_INS_W_BF - C-Zone - XZ - Nominal
Circle,CIR_INS_26,X,-219.510,-219.500,-0.010,,,,Criterion : Least Square (From 6 Pts On PL_INS_26) 
Circle,CIR_INS_26,Z,71.745,72.000,-0.255,,,,
Pos. Tol.,POS_26,PTOL,0.511,0.000,0.511,0.000,3.000,,CIR_INS_26/NOMINAL - CS_ABC - C-Zone - XZ - Nominal
Circle,CIR_27,X,-87.613,-87.500,-0.113,,,,Criterion : Least Square (From 6 Pts On PL_INS_27) 
Circle,CIR_27,Z,71.890,72.000,-0.110,,,,
Pos. Tol.,POS_27,PTOL,0.314,0.000,0.314,0.000,3.000,,CIR_27/NOMINAL - CS_ABC - C-Zone - XZ - Nominal
Circle,CIR_28,X,43.726,43.700,0.026,,,,Criterion : Least Square (From 6 Pts On PL_INS_28) 
Circle,CIR_28,Z,49.787,50.000,-0.213,,,,
Pos. Tol.,POS_28,PTOL,0.428,0.000,0.428,0.000,3.000,,CIR_28/NOMINAL - CS_ABC - C-Zone - XZ - Nominal
Circle,CIR_31,X,-71.303,-71.500,0.197,,,,Criterion : Least Square (From 6 Pts On PL_INS_31) 
Circle,CIR_31,Z,-161.781,-161.750,-0.030,,,,
Pos. Tol.,POS_31,PTOL,0.398,0.000,0.398,0.000,3.000,,CIR_31/NOMINAL - CS_ABC - C-Zone - XZ - Nominal
Distance,PROF_26,Y,129.764,130.420,-0.656,-2.000,2.000,,CIR_INS_26 - ORIGIN / CS_ABC
Distance,PROF_27,Y,129.677,130.420,-0.743,-2.000,2.000,,CIR_27 - ORIGIN / CS_ABC
Distance,PROF_28,Y,123.168,123.420,-0.252,-2.000,2.000,,CIR_28 - ORIGIN / CS_ABC
Distance,PROF_31,Y,84.125,83.300,0.825,-2.000,2.000,,CIR_31 - ORIGIN / CS_ABC
Distance,H_26,Y,0.124,0.000,0.124,0.000,0.500,,CIR_INS_26 - PL_PLAST_INS_26 / CS_TEMP_26
Distance,H_27,Y,0.083,0.000,0.083,0.000,0.500,,CIR_27 - PL_PLAST_27 / CS_TEMP_27
Distance,H_28,Y,0.235,0.000,0.235,0.000,0.500,,CIR_28 - PL_PLAST_28 / CS_TEMP_28
Distance,H_31,Y,0.081,0.000,0.081,0.000,0.500,,CIR_31 - PL_PLAST_31 / CS_TEMP_31
Circle,CIR_24,DIAM,11.977,12.050,-0.073,-0.080,0.080,,Criterion : Least Square (From 12 Pts On PL_PLAST_24_25) 
Circle,CIR_24,X,-117.177,-117.520,0.343,,,,
Circle,CIR_24,Z,102.075,102.110,-0.035,,,,
Pos. Tol.,POS_24,PTOL,0.689,0.000,0.689,0.000,3.000,,CIR_24/NOMINAL - CS_ABC - C-Zone - XZ - Nominal
Circle,CIR_25,DIAM,4.674,4.650,0.024,-0.050,0.050,,Criterion : Least Square (From 6 Pts On PL_PLAST_24_25) 
Circle,CIR_25,X,-114.666,-115.078,0.412,,,,
Circle,CIR_25,Z,119.293,119.449,-0.156,,,,
Pos. Tol.,POS_25,PTOL,0.882,0.000,0.882,0.000,1.500,,CIR_25/NOMINAL - CS_ABC - C-Zone - XZ - Nominal
Distance,PROF_24,Y,115.094,115.500,-0.406,-1.500,1.500,,CIR_24 - ORIGIN / CS_ABC
Circle,2D_CIR_25,X,-0.000,0.000,0.000,,,,
Circle,2D_CIR_25,Z,17.401,17.500,-0.099,,,,
Pos. Tol.,POS_2D_25,PTOL,0.199,0.000,0.199,0.000,0.500,,2D_CIR_25/NOMINAL - CS_24_25 - C-Zone - XZ - Nominal
Circle,CIR_43,DIAM,12.535,12.500,0.035,-0.100,0.100,,Criterion : Least Square (From 12 Pts On PL_PLAST_43) 
Circle,CIR_43,X,-12.988,-13.500,0.512,,,,
Circle,CIR_43,Z,121.827,122.000,-0.173,,,,
Pos. Tol.,POS_43,PTOL,1.081,0.000,1.081,0.000,3.000,,CIR_43/NOMINAL - CS_ABC - C-Zone - XZ - Nominal
Distance,PROF_43,Y,124.870,125.000,-0.130,-2.000,2.000,,CIR_43 - ORIGIN / CS_ABC
Angle,ANG_43,3D,10.017,9.000,1.017,-3.000,3.000,,LINE_43_MIDDLE - Z-AXIS / CS_ABC
Circle,CIR_55,X,-297.067,-296.400,-0.667,,,,Criterion : Least Square (From 6 Pts On PL_INS_55) 
Circle,CIR_55,Z,-83.274,-84.000,0.726,,,,
Pos. Tol.,POS_55,PTOL,1.972,0.000,1.972,0.000,3.000,,CIR_55/NOMINAL - CS_ABC - C-Zone - XZ - Nominal
Distance,PROF_55,D1,314.462,,,,,,CIR_55 - ORIGIN / CS_ABC
Distance,PROF_55,Y,60.853,62.000,-1.147,-2.000,2.000,,
Circle,CIR_56,X,-304.114,-304.000,-0.114,,,,Criterion : Least Square (From 6 Pts On PL_INS_56) 
Circle,CIR_56,Z,47.115,46.200,0.915,,,,
Pos. Tol.,POS_56,PTOL,1.845,0.000,1.845,0.000,3.000,,CIR_56/NOMINAL - CS_ABC - C-Zone - XZ - Nominal
Distance,PROF_56,D1,313.644,,,,,,CIR_56 - ORIGIN / CS_ABC
Distance,PROF_56,Y,60.558,62.000,-1.442,-2.000,2.000,,
