Feat. Type,Feat. Name,Value,Actual,Nominal,Dev.,Tol-,Tol+,Out of Tol.,Comment
Text/Value,VAR_PROGRAM,VAL,,,,,,,'N:\Metrolog XG\Programmes\Denso 640F\Denso 640F Complet (Module 51).gm2'
Text/Value,VAR_EVENEMENT,VAL,,,,,,,'Smed '
Text/Value,VAR_COMMENTAIRES,VAL,,,,,,,'299 B'
Circle,CIR_1,DIAM,9.155,9.000,0.155,-0.450,0.350,,Criterion : Least Square (From 6 Pts On PL_FIXTURE) 
Circle,CIR_1,X,0.000,0.000,0.000,,,,
Circle,CIR_1,Y,0.000,0.000,0.000,,,,
Pos. Tol.,POS_1,PTOL,0.000,0.000,0.000,0.605,1.105,,CIR_1(M)/NOMINAL - CS_ABC_BF - C-Zone - XY - Nominal
Circle,CIR_2,DIAM,9.143,9.000,0.143,-0.450,0.350,,Criterion : Least Square (From 6 Pts On PL_FIXTURE) 
Circle,CIR_2,X,11.783,11.500,0.283,,,,
Circle,CIR_2,Y,-100.292,-100.250,-0.042,,,,
Pos. Tol.,POS_2,PTOL,0.573,0.000,0.573,0.593,1.093,,CIR_2(M)/NOMINAL - CS_ABC_BF - C-Zone - XY - Nominal
Circle,CIR_3,DIAM,9.147,9.000,0.147,-0.450,0.350,,Criterion : Least Square (From 6 Pts On PL_FIXTURE) 
Circle,CIR_3,X,-19.499,-19.500,0.001,,,,
Circle,CIR_3,Y,-205.729,-205.750,0.021,,,,
Pos. Tol.,POS_3,PTOL,0.042,0.000,0.042,0.597,1.097,,CIR_3(M)/NOMINAL - CS_ABC_BF - C-Zone - XY - Nominal
Circle,CIR_4,DIAM,9.145,9.000,0.145,-0.450,0.350,,Criterion : Least Square (From 6 Pts On PL_FIXTURE) 
Circle,CIR_4,X,11.516,11.500,0.016,,,,
Circle,CIR_4,Y,-311.380,-311.250,-0.130,,,,
Pos. Tol.,POS_4,PTOL,0.263,0.000,0.263,0.595,1.095,,CIR_4(M)/NOMINAL - CS_ABC_BF - C-Zone - XY - Nominal
Circle,CIR_5,DIAM,9.222,9.000,0.222,-0.450,0.350,,Criterion : Least Square (From 6 Pts On PL_FIXTURE) 
Circle,CIR_5,X,-17.261,-16.500,-0.761,,,,
Circle,CIR_5,Y,-408.069,-408.000,-0.069,,,,
Pos. Tol.,POS_5,PTOL,1.529,0.000,1.529,0.672,1.172,0.357,CIR_5(M)/NOMINAL - CS_ABC_BF - C-Zone - XY - Nominal
Circle,CIR_6,DIAM,9.214,9.000,0.214,-0.450,0.350,,Criterion : Least Square (From 6 Pts On PL_FIXTURE) 
Circle,CIR_6,X,264.177,264.700,-0.523,,,,
Circle,CIR_6,Y,-432.482,-432.500,0.018,,,,
Pos. Tol.,POS_6,PTOL,1.047,0.000,1.047,0.664,1.164,,CIR_6(M)/NOMINAL - CS_ABC_BF - C-Zone - XY - Nominal
Circle,CIR_7,DIAM,9.228,9.000,0.228,-0.450,0.350,,Criterion : Least Square (From 6 Pts On PL_FIXTURE) 
Circle,CIR_7,X,252.606,253.200,-0.594,,,,
Circle,CIR_7,Y,-332.358,-332.250,-0.108,,,,
Pos. Tol.,POS_7,PTOL,1.208,0.000,1.208,0.678,1.178,0.029,CIR_7(M)/NOMINAL - CS_ABC_BF - C-Zone - XY - Nominal
Circle,CIR_8,DIAM,9.149,9.000,0.149,-0.450,0.350,,Criterion : Least Square (From 6 Pts On PL_FIXTURE) 
Circle,CIR_8,X,283.824,284.200,-0.376,,,,
Circle,CIR_8,Y,-226.830,-226.750,-0.080,,,,
Pos. Tol.,POS_8,PTOL,0.770,0.000,0.770,0.599,1.099,,CIR_8(M)/NOMINAL - CS_ABC_BF - C-Zone - XY - Nominal
Circle,CIR_9,DIAM,9.153,9.000,0.153,-0.450,0.350,,Criterion : Least Square (From 6 Pts On PL_FIXTURE) 
Circle,CIR_9,X,253.108,253.200,-0.092,,,,
Circle,CIR_9,Y,-121.231,-121.250,0.019,,,,
Pos. Tol.,POS_9,PTOL,0.187,0.000,0.187,0.603,1.103,,CIR_9(M)/NOMINAL - CS_ABC_BF - C-Zone - XY - Nominal
Circle,CIR_10,DIAM,9.156,9.000,0.156,-0.450,0.350,,Criterion : Least Square (From 6 Pts On PL_FIXTURE) 
Circle,CIR_10,X,281.440,281.200,0.240,,,,
Circle,CIR_10,Y,-24.521,-24.500,-0.021,,,,
Pos. Tol.,POS_10,PTOL,0.482,0.000,0.482,0.606,1.106,,CIR_10(M)/NOMINAL - CS_ABC_BF - C-Zone - XY - Nominal
Distance,PLASTIC_1,Z,19.952,20.000,-0.048,-0.150,0.100,,PNT_TOP_1 - PNT_BOTTOM_1 / CS_ABC_BF
Distance,PLASTIC_2,Z,19.991,20.000,-0.009,-0.100,0.100,,PNT_TOP_2 - PNT_BOTTOM_2 / CS_ABC_BF
Distance,PLASTIC_3,Z,20.003,20.000,0.003,-0.100,0.100,,PNT_TOP_3 - PNT_BOTTOM_3 / CS_ABC_BF
Distance,PLASTIC_4,Z,20.016,20.000,0.016,-0.100,0.100,,PNT_TOP_4 - PNT_BOTTOM_4 / CS_ABC_BF
Distance,PLASTIC_5,Z,20.105,20.000,0.105,-0.100,0.100,0.005,PNT_TOP_5 - PNT_BOTTOM_5 / CS_ABC_BF
Distance,PLASTIC_6,Z,20.031,20.000,0.031,-0.100,0.100,,PNT_TOP_6 - PNT_BOTTOM_6 / CS_ABC_BF
Distance,PLASTIC_7,Z,20.144,20.000,0.144,-0.100,0.100,0.044,PNT_TOP_7 - PNT_BOTTOM_7 / CS_ABC_BF
Distance,PLASTIC_8,Z,19.935,20.000,-0.065,-0.100,0.100,,PNT_TOP_8 - PNT_BOTTOM_8 / CS_ABC_BF
Distance,PLASTIC_9,Z,19.949,20.000,-0.051,-0.100,0.100,,PNT_TOP_9 - PNT_BOTTOM_9 / CS_ABC_BF
Distance,PLASTIC_10,Z,19.997,20.000,-0.003,-0.100,0.100,,PNT_TOP_10 - PNT_BOTTOM_10 / CS_ABC_BF
Circle,CIR_11,X,87.762,87.400,0.362,,,,Criterion : Least Square (From 6 Pts On PL_INS_11) 
Circle,CIR_11,Y,-164.238,-163.800,-0.438,,,,
Pos. Tol.,POS_11,PTOL,1.136,0.000,1.136,0.000,2.605,,CIR_11/NOMINAL - CS_ABC_BF - C-Zone - XY - Nominal
Circle,CIR_12,X,92.280,92.400,-0.120,,,,Criterion : Least Square (From 6 Pts On PL_INS_12) 
Circle,CIR_12,Y,-238.083,-238.250,0.167,,,,
Pos. Tol.,POS_12,PTOL,0.412,0.000,0.412,0.000,2.605,,CIR_12/NOMINAL - CS_ABC_BF - C-Zone - XY - Nominal
Circle,CIR_13,X,36.968,37.400,-0.432,,,,Criterion : Least Square (From 6 Pts On PL_INS_13) 
Circle,CIR_13,Y,-352.281,-352.300,0.019,,,,
Pos. Tol.,POS_13,PTOL,0.864,0.000,0.864,0.000,2.605,,CIR_13/NOMINAL - CS_ABC_BF - C-Zone - XY - Nominal
Circle,CIR_14,X,-28.131,-27.800,-0.331,,,,Criterion : Least Square (From 6 Pts On PL_INS_14) 
Circle,CIR_14,Y,-370.581,-370.900,0.319,,,,
Pos. Tol.,POS_14,PTOL,0.919,0.000,0.919,0.000,2.605,,CIR_14/NOMINAL - CS_ABC_BF - C-Zone - XY - Nominal
Circle,CIR_17,X,153.187,153.400,-0.213,,,,Criterion : Least Square (From 6 Pts On PL_INS_17) 
Circle,CIR_17,Y,-261.264,-261.300,0.036,,,,
Pos. Tol.,POS_17,PTOL,0.431,0.000,0.431,0.000,2.605,,CIR_17/NOMINAL - CS_ABC_BF - C-Zone - XY - Nominal
Circle,CIR_20,X,303.131,303.400,-0.269,,,,Criterion : Least Square (From 6 Pts On PL_INS_20) 
Circle,CIR_20,Y,-154.909,-154.300,-0.609,,,,
Pos. Tol.,POS_20,PTOL,1.331,0.000,1.331,0.000,2.605,,CIR_20/NOMINAL - CS_ABC_BF - C-Zone - XY - Nominal
Circle,CIR_21,X,214.535,214.400,0.135,,,,Criterion : Least Square (From 6 Pts On PL_INS_21) 
Circle,CIR_21,Y,-61.073,-61.300,0.227,,,,
Pos. Tol.,POS_21,PTOL,0.528,0.000,0.528,0.000,2.605,,CIR_21/NOMINAL - CS_ABC_BF - C-Zone - XY - Nominal
Circle,CIR_15,X,147.085,147.200,-0.115,,,,Criterion : Least Square (From 6 Pts On PL_INS_15) 
Circle,CIR_15,Y,-40.568,-40.600,0.032,,,,
Pos. Tol.,POS_15,PTOL,0.239,0.000,0.239,0.000,1.000,,CIR_15/NOMINAL - CS_AF_BF - C-Zone - XY - Nominal
Circle,CIR_16,X,170.219,170.000,0.219,,,,Criterion : Least Square (From 6 Pts On PL_INS_16) 
Circle,CIR_16,Y,-54.070,-54.000,-0.070,,,,
Pos. Tol.,POS_16,PTOL,0.460,0.000,0.460,0.000,1.000,,CIR_16/NOMINAL - CS_AD - C-Zone - XY - Nominal
Circle,2D_CIR_18,X,-0.999,-1.000,0.001,,,,
Circle,2D_CIR_18,Y,-104.865,-105.000,0.135,,,,
Pos. Tol.,POS_18,PTOL,0.270,0.000,0.270,0.000,1.000,,2D_CIR_18/NOMINAL - CS_AGH_BF - C-Zone - XY - Nominal
Circle,2D_CIR_19,X,-107.000,-107.000,0.000,,,,
Circle,2D_CIR_19,Y,-32.002,-32.000,-0.002,,,,
Pos. Tol.,POS_19,PTOL,0.004,0.000,0.004,0.000,1.000,,2D_CIR_19/NOMINAL - CS_AGH_BF - C-Zone - XY - Nominal
Distance,H11,Z,0.182,0.000,0.182,0.000,0.300,,CIR_11 - PL_PLAST_11 / CS_ABC_BF
Distance,H12,Z,0.051,0.000,0.051,0.000,0.300,,CIR_12 - PL_PLAST_12 / CS_ABC_BF
Distance,H13,Z,0.047,0.000,0.047,0.000,0.300,,CIR_13 - PL_PLAST_13 / CS_ABC_BF
Distance,H14,Z,-0.084,0.000,-0.084,0.000,0.300,-0.084,CIR_14 - PL_PLAST_14 / CS_ABC_BF
Distance,H15,Z,0.112,0.000,0.112,0.000,0.300,,CIR_15 - PL_PLAST_15 / CS_ABC_BF
Distance,H16,Z,0.083,0.000,0.083,0.000,0.300,,CIR_16 - PL_PLAST_16 / CS_ABC_BF
Distance,H17,Z,0.077,0.000,0.077,0.000,0.300,,CIR_17 - PL_PLAST_17 / CS_ABC_BF
Distance,H18,Z,0.112,0.000,0.112,0.000,0.300,,CIR_18 - PL_PLAST_18 / CS_ABC_BF
Distance,H19,Z,0.074,0.000,0.074,0.000,0.300,,CIR_19 - PL_PLAST_19 / CS_ABC_BF
Distance,H20,Z,0.219,0.000,0.219,0.000,0.300,,CIR_20 - PL_PLAST_20 / CS_ABC_BF
Distance,H21,Z,0.093,0.000,0.093,0.000,0.300,,CIR_21 - PL_PLAST_21 / CS_ABC_BF
Circle,CIR_22,DIAM,14.061,13.900,0.161,-0.100,0.200,,Criterion : Least Square (From 10 Pts On PL_DATUM_V) 
Circle,CIR_22,X,41.561,41.400,0.161,,,,
Circle,CIR_22,Y,9.104,8.750,0.354,,,,
Pos. Tol.,POS_22,PTOL,0.777,0.000,0.777,0.000,2.605,,CIR_22/NOMINAL - CS_ABC_BF - C-Zone - XY - Nominal
Flatness,FLAT_EGR,FLTN,0.126,0.000,0.126,0.000,0.800,,PL_PLAST_26
Circle,CIR_26,DIAM,35.286,35.000,0.286,-0.300,0.300,,Criterion : Least Square (From 10 Pts On PL_PLAST_26) 
Circle,CIR_26,X,127.858,127.400,0.458,,,,
Circle,CIR_26,Y,49.991,50.800,-0.809,,,,
Pos. Tol.,POS_26,PTOL,1.860,0.000,1.860,0.000,3.300,,CIR_26/NOMINAL - CS_ABC_BF - C-Zone - XY - Nominal
Circle,CIR_27,X,31.058,31.000,0.058,,,,Criterion : Least Square (From 6 Pts On PL_INS_27) 
Circle,CIR_27,Y,-0.107,0.000,-0.107,,,,
Pos. Tol.,POS_27,PTOL,0.244,0.000,0.244,0.000,1.000,,CIR_27/NOMINAL - CS_AEI - C-Zone - XY - Nominal
Circle,CIR_28,X,-30.980,-31.000,0.020,,,,Criterion : Least Square (From 6 Pts On PL_INS_28) 
Circle,CIR_28,Y,-0.107,0.000,-0.107,,,,
Pos. Tol.,POS_28,PTOL,0.218,0.000,0.218,0.000,1.000,,CIR_28/NOMINAL - CS_AEI - C-Zone - XY - Nominal
Distance,H27,Z,0.211,0.000,0.211,0.000,0.300,,CIR_27 - PL_PLAST_27 / CS_AEI
Distance,H28,Z,0.096,0.000,0.096,0.000,0.300,,CIR_28 - PL_PLAST_28 / CS_AEI
Distance,EGR_WIDTH_1,D1,3.662,3.500,0.162,-0.150,0.200,,P_EGR_IW.1 - P_EGR_OW.1 / CS_26_27_28
Distance,EGR_WIDTH_2,D1,3.590,3.500,0.090,-0.150,0.200,,P_EGR_IW.2 - P_EGR_OW.2 / CS_26_27_28
Distance,EGR_WIDTH_3,D1,3.592,3.500,0.092,-0.150,0.200,,P_EGR_IW.3 - P_EGR_OW.3 / CS_26_27_28
Distance,EGR_WIDTH_4,D1,3.639,3.500,0.139,-0.150,0.200,,P_EGR_IW.4 - P_EGR_OW.4 / CS_26_27_28
Distance,EGR_DEPTH_1,Z,5.049,5.000,0.049,-0.100,0.100,,P_EGR_TOP.1 - P_EGR_BOTTOM.1 / CS_26_27_28
Distance,EGR_DEPTH_2,Z,5.013,5.000,0.013,-0.100,0.100,,P_EGR_TOP.2 - P_EGR_BOTTOM.2 / CS_26_27_28
Distance,EGR_DEPTH_3,Z,5.025,5.000,0.025,-0.100,0.100,,P_EGR_TOP.3 - P_EGR_BOTTOM.3 / CS_26_27_28
Distance,EGR_DEPTH_4,Z,5.050,5.000,0.050,-0.100,0.100,,P_EGR_TOP.4 - P_EGR_BOTTOM.4 / CS_26_27_28
Circle,CIR_29,X,116.118,115.400,0.718,,,,Criterion : Least Square (From 6 Pts On PL_INS_29) 
Circle,CIR_29,Y,97.110,97.800,-0.690,,,,
Pos. Tol.,POS_29,PTOL,1.992,0.000,1.992,0.000,3.300,,CIR_29/NOMINAL - CS_ABC_BF - C-Zone - XY - Nominal
Distance,H29,Z,0.244,0.000,0.244,0.000,0.300,,CIR_29 - PL_PLAST_29 / CS_ABC_BF
Circle,CIR_30,DIAM,12.120,12.100,0.020,-0.100,0.100,,Criterion : Least Square (From 6 Pts On PL_PLAST_30) 
Circle,CIR_30,X,157.372,156.800,0.572,,,,
Circle,CIR_30,Y,119.100,119.800,-0.700,,,,
Pos. Tol.,POS_30,PTOL,1.808,0.000,1.808,0.000,3.300,,CIR_30/NOMINAL - CS_ABC_BF - C-Zone - XY - Nominal
Circle,CIR_31,X,36.976,37.000,-0.024,,,,Criterion : Least Square (From 6 Pts On PL_INS_31) 
Circle,CIR_31,Y,46.970,47.000,-0.030,,,,
Pos. Tol.,POS_31,PTOL,0.077,0.000,0.077,0.000,1.000,,CIR_31/NOMINAL - CS_AT - C-Zone - XY - Nominal
Distance,H31,Z,0.236,0.000,0.236,0.000,0.300,,CIR_31 - PL_PLAST_31 / CS_AT
Circle,CIR_32,DIAM,15.061,15.100,-0.039,-0.100,0.100,,Criterion : Least Square (From 10 Pts On PL_PLAST_32) 
Circle,CIR_32,X,52.109,51.400,0.709,,,,
Circle,CIR_32,Y,17.664,17.720,-0.056,,,,
Pos. Tol.,POS_32,PTOL,1.665,0.000,1.665,0.000,2.605,,CIR_32/NOMINAL - CS_ABC_BF - C-Zone - XZ - Nominal
Circle,CIR_35,DIAM,12.083,12.100,-0.017,-0.100,0.100,,Criterion : Least Square (From 8 Pts On PL_PLAST_35) 
Circle,CIR_35,X,212.178,212.400,-0.222,,,,
Circle,CIR_35,Z,102.640,103.000,-0.360,,,,
Pos. Tol.,POS_35,PTOL,0.847,0.000,0.847,0.000,2.605,,CIR_35/NOMINAL - CS_ABC_BF - C-Zone - XZ - Nominal
Circle,CIR_36,X,195.872,196.400,-0.528,,,,Criterion : Least Square (From 6 Pts On PL_INS_36) 
Circle,CIR_36,Z,58.633,58.600,0.033,,,,
Pos. Tol.,POS_36,PTOL,1.059,0.000,1.059,0.000,2.605,,CIR_36/NOMINAL - CS_ABC_BF - C-Zone - XZ - Nominal
Circle,CIR_37,X,162.005,162.400,-0.395,,,,Criterion : Least Square (From 6 Pts On PL_INS_37) 
Circle,CIR_37,Z,46.887,47.000,-0.114,,,,
Pos. Tol.,POS_37,PTOL,0.822,0.000,0.822,0.000,2.605,,CIR_37/NOMINAL - CS_ABC_BF - C-Zone - XZ - Nominal
Circle,CIR_38,X,31.057,31.400,-0.343,,,,Criterion : Least Square (From 6 Pts On PL_INS_38) 
Circle,CIR_38,Z,43.515,43.600,-0.085,,,,
Pos. Tol.,POS_38,PTOL,0.707,0.000,0.707,0.000,2.605,,CIR_38/NOMINAL - CS_ABC_BF - C-Zone - XZ - Nominal
Distance,H36,Y,0.177,0.000,0.177,0.000,0.300,,CIR_36 - PL_PLAST_36 / CS_ABC_BF_ROT180
Distance,H37,Y,0.063,0.000,0.063,0.000,0.300,,CIR_37 - PL_PLAST_37 / CS_ABC_BF_ROT180
Distance,H38,Y,0.275,0.000,0.275,0.000,0.300,,CIR_38 - PL_PLAST_38 / CS_ABC_BF_ROT180
Flatness,FLAT_LASER_WELD,FLTN,0.392,0.000,0.392,0.000,0.400,,PL_LASER_WELD
Text/Value,PERPENDICULARITY_LASER_WELD,VAL,0.222948,0.210000,0.012948,-0.210000,0.050000,,
Distance,DISTANCE_LASER_WELD_TBDN_1,Y,-18.643,-17.824,-0.819,,,,PL_LASER_WELD_PNT42 - CIR_6 / CS_CIR_6_TBDN
Distance,DISTANCE_LASER_WELD_TBDN_2,Y,-18.733,-17.824,-0.909,,,,PL_LASER_WELD_PNT3 - CIR_6 / CS_CIR_6_TBDN
Distance,DISTANCE_LASER_WELD_TBDN_3,Y,-18.847,-17.824,-1.023,,,,PL_LASER_WELD_PNT9 - CIR_6 / CS_CIR_6_TBDN
Distance,DISTANCE_LASER_WELD_TBDN_4,Y,-18.777,-17.824,-0.953,,,,PL_LASER_WELD_PNT15 - CIR_6 / CS_CIR_6_TBDN
Distance,DISTANCE_LASER_WELD_TBDN_5,Y,-18.746,-17.824,-0.922,,,,PL_LASER_WELD_PNT22 - CIR_6 / CS_CIR_6_TBDN
Distance,DISTANCE_LASER_WELD_TBDN_6,Y,-18.677,-17.824,-0.853,,,,PL_LASER_WELD_PNT25 - CIR_6 / CS_CIR_6_TBDN
Distance,DISTANCE_LASER_WELD_TBDN_7,Y,-18.850,-17.824,-1.026,,,,PL_LASER_WELD_PNT31 - CIR_6 / CS_CIR_6_TBDN
Distance,DISTANCE_LASER_WELD_TBDN_8,Y,-18.866,-17.824,-1.042,,,,PL_LASER_WELD_PNT36 - CIR_6 / CS_CIR_6_TBDN
Flatness,FLAT_DATUM_R,FLTN,0.437,0.000,0.437,0.000,0.800,,PL_DATUM_R
Circle,CIR_39,DIAM,78.208,78.000,0.208,-0.250,0.250,,Criterion : Least Square (From 12 Pts On PL_DATUM_R) 
Circle,CIR_39,X,209.158,208.627,0.531,,,,
Circle,CIR_39,Y,110.754,111.446,-0.692,,,,
Circle,CIR_39,Z,94.729,95.355,-0.626,,,,
Pos. Tol.,POS_39,PTOL,2.147,0.000,2.147,1.064,4.564,,CIR_39(M)/NOMINAL(M) - CS_ABC_BF - C-Zone - XYZ - Nominal
Circle,CIR_40,Y,-40.924,-41.000,0.076,,,,Criterion : Least Square (From 6 Pts On PL_INS_40) 
Circle,CIR_40,Z,33.513,33.500,0.013,,,,
Pos. Tol.,POS_40,PTOL,0.154,0.000,0.154,0.000,0.500,,CIR_40/NOMINAL - CS_RPQ_BF - C-Zone - YZ - Nominal
Circle,CIR_41,Y,-40.924,-41.000,0.076,,,,Criterion : Least Square (From 6 Pts On PL_INS_41) 
Circle,CIR_41,Z,-33.413,-33.500,0.087,,,,
Pos. Tol.,POS_41,PTOL,0.232,0.000,0.232,0.000,0.500,,CIR_41/NOMINAL - CS_RPQ_BF - C-Zone - YZ - Nominal
Circle,CIR_42,Y,41.047,41.000,0.047,,,,Criterion : Least Square (From 6 Pts On PL_INS_42) 
Circle,CIR_42,Z,-33.459,-33.500,0.041,,,,
Pos. Tol.,POS_42,PTOL,0.125,0.000,0.125,0.000,0.500,,CIR_42/NOMINAL - CS_RPQ_BF - C-Zone - YZ - Nominal
Circle,CIR_43,Y,40.801,41.000,-0.199,,,,Criterion : Least Square (From 6 Pts On PL_INS_43) 
Circle,CIR_43,Z,33.358,33.500,-0.142,,,,
Pos. Tol.,POS_43,PTOL,0.489,0.000,0.489,0.000,0.500,,CIR_43/NOMINAL - CS_RPQ_BF - C-Zone - YZ - Nominal
Distance,H40,X,0.098,0.000,0.098,0.000,0.300,,CIR_40 - PL_PLAST_40 / CS_RPQ_BF
Distance,H41,X,0.106,0.000,0.106,0.000,0.300,,CIR_41 - PL_PLAST_41 / CS_RPQ_BF
Distance,H42,X,-0.047,0.000,-0.047,0.000,0.300,-0.047,CIR_42 - PL_PLAST_42 / CS_RPQ_BF
Distance,H43,X,0.018,0.000,0.018,0.000,0.300,,CIR_43 - PL_PLAST_43 / CS_RPQ_BF
Distance,DEPTH_40,X,-14.167,-14.000,-0.167,-0.500,0.200,,PT_BOTTOM_40 - PL_INS_40 / CS_RPQ_BF
Distance,DEPTH_41,X,-14.202,-14.000,-0.202,-0.500,0.200,,PT_BOTTOM_41 - PL_INS_41 / CS_RPQ_BF
Distance,DEPTH_42,X,-14.271,-14.000,-0.271,-0.500,0.200,,PT_BOTTOM_42 - PL_INS_42 / CS_RPQ_BF
Distance,DEPTH_43,X,-13.835,-14.000,0.165,-0.200,0.200,,PT_BOTTOM_43 - PL_INS_43 / CS_RPQ_BF
Distance,TB_WIDTH_1,D1,3.539,3.500,0.039,-0.100,0.100,,P_TB_IW.1 - P_TB_OW.1 / CS_RPQ_BF
Distance,TB_WIDTH_2,D1,3.589,3.500,0.089,-0.100,0.100,,P_TB_IW.2 - P_TB_OW.2 / CS_RPQ_BF
Distance,TB_WIDTH_3,D1,3.564,3.500,0.064,-0.100,0.100,,P_TB_IW.3 - P_TB_OW.3 / CS_RPQ_BF
Distance,TB_WIDTH_4,D1,3.531,3.500,0.031,-0.100,0.100,,P_TB_IW.4 - P_TB_OW.4 / CS_RPQ_BF
Distance,TB_WIDTH_5,D1,3.526,3.500,0.026,-0.100,0.100,,P_TB_IW.5 - P_TB_OW.5 / CS_RPQ_BF
Distance,TB_WIDTH_6,D1,3.590,3.500,0.090,-0.100,0.100,,P_TB_IW.6 - P_TB_OW.6 / CS_RPQ_BF
Distance,TB_DEPTH_1,X,5.106,5.000,0.106,-0.250,0.250,,P_TB_TOP.1 - P_TB_BOTTOM.1 / CS_RPQ_BF
Distance,TB_DEPTH_2,X,5.084,5.000,0.084,-0.250,0.250,,P_TB_TOP.2 - P_TB_BOTTOM.2 / CS_RPQ_BF
Distance,TB_DEPTH_3,X,5.132,5.000,0.132,-0.250,0.250,,P_TB_TOP.3 - P_TB_BOTTOM.3 / CS_RPQ_BF
Distance,TB_DEPTH_4,X,5.078,5.000,0.078,-0.250,0.250,,P_TB_TOP.4 - P_TB_BOTTOM.4 / CS_RPQ_BF
Distance,TB_DEPTH_5,X,5.004,5.000,0.004,-0.250,0.250,,P_TB_TOP.5 - P_TB_BOTTOM.5 / CS_RPQ_BF
Distance,TB_DEPTH_6,X,5.065,5.000,0.065,-0.250,0.250,,P_TB_TOP.6 - P_TB_BOTTOM.6 / CS_RPQ_BF
Distance,WIDTH_1_OP1,D1,3.446,3.500,-0.054,-0.150,0.150,,PNT_OW_1_OP1 - PNT_IW_1_OP1 / CS_BF_OP1
Distance,WIDTH_2_OP1,D1,3.549,3.500,0.049,-0.150,0.150,,PNT_OW_2_OP1 - PNT_IW_2_OP1 / CS_BF_OP1
Distance,WIDTH_3_OP1,D1,3.490,3.500,-0.010,-0.150,0.150,,PNT_OW_3_OP1 - PNT_IW_3_OP1 / CS_BF_OP1
Distance,WIDTH_4_OP1,D1,3.401,3.500,-0.099,-0.150,0.150,,PNT_OW_4_OP1 - PNT_IW_4_OP1 / CS_BF_OP1
Distance,DEPTH_1_OP1,Z,4.924,5.000,-0.076,-0.250,0.250,,PNT_TOP_1_OP1 - PNT_DP_1_OP1 / CS_BF_OP1
Distance,DEPTH_2_OP1,Z,4.995,5.000,-0.005,-0.250,0.250,,PNT_TOP_2_OP1 - PNT_DP_2_OP1 / CS_BF_OP1
Distance,DEPTH_3_OP1,Z,5.020,5.000,0.020,-0.250,0.250,,PNT_TOP_3_OP1 - PNT_DP_3_OP1 / CS_BF_OP1
Distance,DEPTH_4_OP1,Z,5.063,5.000,0.063,-0.250,0.250,,PNT_TOP_4_OP1 - PNT_DP_4_OP1 / CS_BF_OP1
Distance,WIDTH_1_OP2,D1,3.518,3.500,0.018,-0.150,0.150,,PNT_OW_1_OP2 - PNT_IW_1_OP2 / CS_BF_OP2
Distance,WIDTH_2_OP2,D1,3.535,3.500,0.035,-0.150,0.150,,PNT_OW_2_OP2 - PNT_IW_2_OP2 / CS_BF_OP2
Distance,WIDTH_3_OP2,D1,3.455,3.500,-0.045,-0.150,0.150,,PNT_OW_3_OP2 - PNT_IW_3_OP2 / CS_BF_OP2
Distance,WIDTH_4_OP2,D1,3.480,3.500,-0.020,-0.150,0.150,,PNT_OW_4_OP2 - PNT_IW_4_OP2 / CS_BF_OP2
Distance,DEPTH_1_OP2,Z,4.986,5.000,-0.014,-0.250,0.250,,PNT_TOP_1_OP2 - PNT_DP_1_OP2 / CS_BF_OP2
Distance,DEPTH_2_OP2,Z,5.037,5.000,0.037,-0.250,0.250,,PNT_TOP_2_OP2 - PNT_DP_2_OP2 / CS_BF_OP2
Distance,DEPTH_3_OP2,Z,5.122,5.000,0.122,-0.250,0.250,,PNT_TOP_3_OP2 - PNT_DP_3_OP2 / CS_BF_OP2
Distance,DEPTH_4_OP2,Z,5.102,5.000,0.102,-0.250,0.250,,PNT_TOP_4_OP2 - PNT_DP_4_OP2 / CS_BF_OP2
Distance,WIDTH_1_OP3,D1,3.581,3.500,0.081,-0.150,0.150,,PNT_OW_1_OP3 - PNT_IW_1_OP3 / CS_BF_OP3
Distance,WIDTH_2_OP3,D1,3.612,3.500,0.112,-0.150,0.150,,PNT_OW_2_OP3 - PNT_IW_2_OP3 / CS_BF_OP3
Distance,WIDTH_3_OP3,D1,3.499,3.500,-0.001,-0.150,0.150,,PNT_OW_3_OP3 - PNT_IW_3_OP3 / CS_BF_OP3
Distance,WIDTH_4_OP3,D1,3.425,3.500,-0.075,-0.150,0.150,,PNT_OW_4_OP3 - PNT_IW_4_OP3 / CS_BF_OP3
Distance,DEPTH_1_OP3,Z,5.020,5.000,0.020,-0.250,0.250,,PNT_TOP_1_OP3 - PNT_DP_1_OP3 / CS_BF_OP3
Distance,DEPTH_2_OP3,Z,5.094,5.000,0.094,-0.250,0.250,,PNT_TOP_2_OP3 - PNT_DP_2_OP3 / CS_BF_OP3
Distance,DEPTH_3_OP3,Z,5.067,5.000,0.067,-0.250,0.250,,PNT_TOP_3_OP3 - PNT_DP_3_OP3 / CS_BF_OP3
Distance,DEPTH_4_OP3,Z,5.106,5.000,0.106,-0.250,0.250,,PNT_TOP_4_OP3 - PNT_DP_4_OP3 / CS_BF_OP3
Distance,WIDTH_1_OP4,D1,3.559,3.500,0.059,-0.150,0.150,,PNT_OW_1_OP4 - PNT_IW_1_OP4 / CS_BF_OP4
Distance,WIDTH_2_OP4,D1,3.578,3.500,0.078,-0.150,0.150,,PNT_OW_2_OP4 - PNT_IW_2_OP4 / CS_BF_OP4
Distance,WIDTH_3_OP4,D1,3.517,3.500,0.017,-0.150,0.150,,PNT_OW_3_OP4 - PNT_IW_3_OP4 / CS_BF_OP4
Distance,WIDTH_4_OP4,D1,3.528,3.500,0.028,-0.150,0.150,,PNT_OW_4_OP4 - PNT_IW_4_OP4 / CS_BF_OP4
Distance,DEPTH_1_OP4,Z,5.055,5.000,0.055,-0.250,0.250,,PNT_TOP_1_OP4 - PNT_DP_1_OP4 / CS_BF_OP4
Distance,DEPTH_2_OP4,Z,5.078,5.000,0.078,-0.250,0.250,,PNT_TOP_2_OP4 - PNT_DP_2_OP4 / CS_BF_OP4
Distance,DEPTH_3_OP4,Z,5.045,5.000,0.045,-0.250,0.250,,PNT_TOP_3_OP4 - PNT_DP_3_OP4 / CS_BF_OP4
Distance,DEPTH_4_OP4,Z,5.147,5.000,0.147,-0.250,0.250,,PNT_TOP_4_OP4 - PNT_DP_4_OP4 / CS_BF_OP4
Distance,WIDTH_1_OP5,D1,3.482,3.500,-0.018,-0.150,0.150,,PNT_OW_1_OP5 - PNT_IW_1_OP5 / CS_BF_OP5
Distance,WIDTH_2_OP5,D1,3.397,3.500,-0.103,-0.150,0.150,,PNT_OW_2_OP5 - PNT_IW_2_OP5 / CS_BF_OP5
Distance,WIDTH_3_OP5,D1,3.521,3.500,0.021,-0.150,0.150,,PNT_OW_3_OP5 - PNT_IW_3_OP5 / CS_BF_OP5
Distance,WIDTH_4_OP5,D1,3.547,3.500,0.047,-0.150,0.150,,PNT_OW_4_OP5 - PNT_IW_4_OP5 / CS_BF_OP5
Distance,DEPTH_1_OP5,Z,4.963,5.000,-0.037,-0.250,0.250,,PNT_TOP_1_OP5 - PNT_DP_1_OP5 / CS_BF_OP5
Distance,DEPTH_2_OP5,Z,5.022,5.000,0.022,-0.250,0.250,,PNT_TOP_2_OP5 - PNT_DP_2_OP5 / CS_BF_OP5
Distance,DEPTH_3_OP5,Z,5.112,5.000,0.112,-0.250,0.250,,PNT_TOP_3_OP5 - PNT_DP_3_OP5 / CS_BF_OP5
Distance,DEPTH_4_OP5,Z,5.086,5.000,0.086,-0.250,0.250,,PNT_TOP_4_OP5 - PNT_DP_4_OP5 / CS_BF_OP5
Distance,WIDTH_1_OP6,D1,3.624,3.500,0.124,-0.150,0.150,,PNT_OW_1_OP6 - PNT_IW_1_OP6 / CS_BF_OP6
Distance,WIDTH_2_OP6,D1,3.593,3.500,0.093,-0.150,0.150,,PNT_OW_2_OP6 - PNT_IW_2_OP6 / CS_BF_OP6
Distance,WIDTH_3_OP6,D1,3.459,3.500,-0.041,-0.150,0.150,,PNT_OW_3_OP6 - PNT_IW_3_OP6 / CS_BF_OP6
Distance,WIDTH_4_OP6,D1,3.455,3.500,-0.045,-0.150,0.150,,PNT_OW_4_OP6 - PNT_IW_4_OP6 / CS_BF_OP6
Distance,DEPTH_1_OP6,Z,5.020,5.000,0.020,-0.250,0.250,,PNT_TOP_1_OP6 - PNT_DP_1_OP6 / CS_BF_OP6
Distance,DEPTH_2_OP6,Z,5.009,5.000,0.009,-0.250,0.250,,PNT_TOP_2_OP6 - PNT_DP_2_OP6 / CS_BF_OP6
Distance,DEPTH_3_OP6,Z,5.172,5.000,0.172,-0.250,0.250,,PNT_TOP_3_OP6 - PNT_DP_3_OP6 / CS_BF_OP6
Distance,DEPTH_4_OP6,Z,5.149,5.000,0.149,-0.250,0.250,,PNT_TOP_4_OP6 - PNT_DP_4_OP6 / CS_BF_OP6
Distance,WIDTH_1_OP7,D1,3.429,3.500,-0.071,-0.150,0.150,,PNT_OW_1_OP7 - PNT_IW_1_OP7 / CS_BF_OP7
Distance,WIDTH_2_OP7,D1,3.405,3.500,-0.095,-0.150,0.150,,PNT_OW_2_OP7 - PNT_IW_2_OP7 / CS_BF_OP7
Distance,WIDTH_3_OP7,D1,3.526,3.500,0.026,-0.150,0.150,,PNT_OW_3_OP7 - PNT_IW_3_OP7 / CS_BF_OP7
Distance,WIDTH_4_OP7,D1,3.545,3.500,0.045,-0.150,0.150,,PNT_OW_4_OP7 - PNT_IW_4_OP7 / CS_BF_OP7
Distance,DEPTH_1_OP7,Z,4.936,5.000,-0.064,-0.250,0.250,,PNT_TOP_1_OP7 - PNT_DP_1_OP7 / CS_BF_OP7
Distance,DEPTH_2_OP7,Z,5.083,5.000,0.083,-0.250,0.250,,PNT_TOP_2_OP7 - PNT_DP_2_OP7 / CS_BF_OP7
Distance,DEPTH_3_OP7,Z,5.124,5.000,0.124,-0.250,0.250,,PNT_TOP_3_OP7 - PNT_DP_3_OP7 / CS_BF_OP7
Distance,DEPTH_4_OP7,Z,5.145,5.000,0.145,-0.250,0.250,,PNT_TOP_4_OP7 - PNT_DP_4_OP7 / CS_BF_OP7
Distance,WIDTH_1_OP8,D1,3.480,3.500,-0.020,-0.150,0.150,,PNT_OW_1_OP8 - PNT_IW_1_OP8 / CS_BF_OP8
Distance,WIDTH_2_OP8,D1,3.503,3.500,0.003,-0.150,0.150,,PNT_OW_2_OP8 - PNT_IW_2_OP8 / CS_BF_OP8
Distance,WIDTH_3_OP8,D1,3.462,3.500,-0.038,-0.150,0.150,,PNT_OW_3_OP8 - PNT_IW_3_OP8 / CS_BF_OP8
Distance,WIDTH_4_OP8,D1,3.520,3.500,0.020,-0.150,0.150,,PNT_OW_4_OP8 - PNT_IW_4_OP8 / CS_BF_OP8
Distance,DEPTH_1_OP8,Z,5.029,5.000,0.029,-0.250,0.250,,PNT_TOP_1_OP8 - PNT_DP_1_OP8 / CS_BF_OP8
Distance,DEPTH_2_OP8,Z,5.077,5.000,0.077,-0.250,0.250,,PNT_TOP_2_OP8 - PNT_DP_2_OP8 / CS_BF_OP8
Distance,DEPTH_3_OP8,Z,5.158,5.000,0.158,-0.250,0.250,,PNT_TOP_3_OP8 - PNT_DP_3_OP8 / CS_BF_OP8
Distance,DEPTH_4_OP8,Z,5.186,5.000,0.186,-0.250,0.250,,PNT_TOP_4_OP8 - PNT_DP_4_OP8 / CS_BF_OP8
Flatness,FLAT_DATUM_A,FLTN,0.661,0.000,0.661,0.000,0.700,,PL_DATUM_A
Circle,CIR_VACCUM_PIPETTE,DIAM,4.700,4.700,0.000,0.000,0.150,,
Distance,LONG_VACCUM_PIPETTE,D1,12.498,11.000,1.498,0.000,2.000,,PNT_BOTTOM_II - PL_PLAST_II / CS_TEMP_II1
