Feat. Type,Feat. Name,Value,Actual,Nominal,Dev.,Tol-,Tol+,Out of Tol.,Comment
Text/Value,VAR_PROGRAM,VAL,,,,,,,'N:\Metrolog XG\Programmes\GM HF FWD GEN II 31xx\GM HF FWD Gen II High Hood 31xx Complete (Module 64).gm2'
Text/Value,VAR_EVENEMENT,VAL,,,,,,,'FIP-05739'
Text/Value,VAR_COMMENTAIRES,VAL,,,,,,,'304 C'
Text/Value,PROFILE_DATUM_A,VAL,0.741883,0.000000,0.741883,0.000000,1.000000,,
Text/Value,PROFILE_DATUM_B,VAL,0.394915,0.000000,0.394915,0.000000,1.000000,,
Distance,WIDTH_C,D1,9.043,9.000,0.043,-0.150,0.150,,SRF_C_TOP - SRF_C_DOWN / CS_ABC_SURFACES_C
Pos. Tol.,POS_1,PTOL,0.425,0.000,0.425,0.000,2.500,,CIR1/NOMINAL - CS_ABC_SURFACES_C - C-Zone - XZ - Nominal
Pos. Tol.,POS_2,PTOL,0.260,0.000,0.260,0.000,2.000,,CIR2/NOMINAL - CS_ABC_SURFACES_C - C-Zone - XZ - Nominal
Pos. Tol.,POS_3,PTOL,0.848,0.000,0.848,0.000,2.000,,CIR3/NOMINAL - CS_ABC_SURFACES_C - C-Zone - XZ - Nominal
Pos. Tol.,POS_4,PTOL,0.590,0.000,0.590,0.000,2.000,,CIR4/NOMINAL - CS_ABC_SURFACES_C - C-Zone - XZ - Nominal
Pos. Tol.,POS_5,PTOL,0.938,0.000,0.938,0.000,2.000,,CIR5/NOMINAL - CS_ABC_SURFACES_C - C-Zone - XZ - Nominal
Pos. Tol.,POS_6,PTOL,1.160,0.000,1.160,0.000,2.000,,CIR6/NOMINAL - CS_ABC_SURFACES_C - C-Zone - XZ - Nominal
Pos. Tol.,POS_7,PTOL,0.341,0.000,0.341,0.000,2.000,,CIR7/NOMINAL - CS_ABC_SURFACES_C - C-Zone - XZ - Nominal
Pos. Tol.,POS_8,PTOL,0.727,0.000,0.727,0.000,2.000,,CIR8/NOMINAL - CS_ABC_SURFACES_C - C-Zone - XZ - Nominal
Pos. Tol.,POS_9,PTOL,2.312,0.000,2.312,0.000,4.200,,CIR9/NOMINAL - CS_ABC_SURFACES_C - C-Zone - XZ - Nominal
Circle,CIR1,DIAM,14.989,15.000,-0.011,-0.100,0.150,,From 4 Pts On PL_PLAST_1
Circle,CIR1,X,-51.961,-52.000,0.039,,,,
Circle,CIR1,Y,84.892,85.260,-0.368,,,,
Circle,CIR1,Z,-112.291,-112.500,0.209,,,,
Circle,CIR2,DIAM,15.092,15.000,0.092,-0.100,0.100,,From 4 Pts On PL_PLAST_2
Circle,CIR2,X,-51.871,-52.000,0.129,,,,
Circle,CIR2,Y,85.001,85.260,-0.259,,,,
Circle,CIR2,Z,-17.986,-18.000,0.014,,,,
Circle,CIR3,DIAM,15.153,15.100,0.053,-0.100,0.200,,From 4 Pts On PL_PLAST_3
Circle,CIR3,X,-51.994,-52.000,0.006,,,,
Circle,CIR3,Y,85.447,85.260,0.187,,,,
Circle,CIR3,Z,87.576,88.000,-0.424,,,,
Circle,CIR4,DIAM,15.041,15.000,0.041,-0.100,0.100,,From 4 Pts On PL_PLAST_4
Circle,CIR4,X,-51.786,-52.000,0.214,,,,
Circle,CIR4,Y,85.325,85.260,0.065,,,,
Circle,CIR4,Z,193.797,194.000,-0.203,,,,
Circle,CIR5,DIAM,15.027,15.000,0.027,-0.100,0.100,,From 4 Pts On PL_PLAST_5
Circle,CIR5,X,51.629,52.000,-0.371,,,,
Circle,CIR5,Y,85.521,85.260,0.261,,,,
Circle,CIR5,Z,155.213,155.500,-0.287,,,,
Circle,CIR6,DIAM,14.886,15.000,-0.114,-0.150,0.100,,From 4 Pts On PL_PLAST_6
Circle,CIR6,X,51.910,52.000,-0.090,,,,
Circle,CIR6,Y,85.182,85.260,-0.078,,,,
Circle,CIR6,Z,60.427,61.000,-0.573,,,,
Circle,CIR7,DIAM,14.878,15.000,-0.122,-0.200,0.100,,From 4 Pts On PL_PLAST_7
Circle,CIR7,X,52.102,52.000,0.102,,,,
Circle,CIR7,Y,84.892,85.260,-0.368,,,,
Circle,CIR7,Z,-44.863,-45.000,0.137,,,,
Circle,CIR8,DIAM,15.074,15.000,0.074,-0.100,0.100,,From 4 Pts On PL_PLAST_8
Circle,CIR8,X,51.884,52.000,-0.116,,,,
Circle,CIR8,Y,84.779,85.260,-0.481,,,,
Circle,CIR8,Z,-150.655,-151.000,0.345,,,,
Circle,CIR9,DIAM,12.839,12.860,-0.021,-0.100,0.100,,From 4 Pts On PL_PLAST_9
Circle,CIR9,X,283.850,284.990,-1.140,,,,
Circle,CIR9,Y,25.427,27.530,-2.103,,,,
Circle,CIR9,Z,159.692,159.500,0.192,,,,
Distance,PROFILE_1,Y,84.892,85.250,-0.358,-0.325,0.325,-0.033,CIR1 - ORIGIN / CS_ABC_SURFACES_C
Distance,PROFILE_2,Y,85.001,85.250,-0.249,-0.475,0.475,,CIR2 - ORIGIN / CS_ABC_SURFACES_C
Distance,PROFILE_3,Y,85.447,85.250,0.197,-0.325,0.325,,CIR3 - ORIGIN / CS_ABC_SURFACES_C
Distance,PROFILE_4,Y,85.325,85.250,0.075,-0.550,0.550,,CIR4 - ORIGIN / CS_ABC_SURFACES_C
Distance,PROFILE_5,Y,85.521,85.250,0.271,-0.625,0.625,,CIR5 - ORIGIN / CS_ABC_SURFACES_C
Distance,PROFILE_6,Y,85.182,85.250,-0.068,-0.250,0.250,,CIR6 - ORIGIN / CS_ABC_SURFACES_C
Distance,PROFILE_7,Y,84.892,85.250,-0.358,-0.375,0.375,,CIR7 - ORIGIN / CS_ABC_SURFACES_C
Distance,PROFILE_8,Y,84.779,85.250,-0.471,-0.375,0.375,-0.096,CIR8 - ORIGIN / CS_ABC_SURFACES_C
Profile of Line,PROFILE_VERTICAL_OP_1,PRFL,2.003,0.000,2.003,0.000,1.900,0.103,SECTION_VERTICAL_OP_1
Profile of Line,PROFILE_VERTICAL_OP_2,PRFL,1.140,0.000,1.140,0.000,1.500,,SECTION_VERTICAL_OP_2
Profile of Line,PROFILE_VERTICAL_OP_3,PRFL,1.320,0.000,1.320,0.000,1.500,,SECTION_VERTICAL_OP_3
Profile of Line,PROFILE_VERTICAL_OP_4,PRFL,0.762,0.000,0.762,0.000,1.200,,SECTION_VERTICAL_OP_4
Profile of Line,PROFILE_VERTICAL_OP_5,PRFL,0.696,0.000,0.696,0.000,1.200,,SECTION_VERTICAL_OP_5
Profile of Line,PROFILE_VERTICAL_OP_6,PRFL,0.624,0.000,0.624,0.000,1.200,,SECTION_VERTICAL_OP_6
Profile of Line,PROFILE_HORIZONTAL_OP_1,PRFL,2.195,0.000,2.195,0.000,2.300,,SECTION_HORIZONTAL_OP_1
Profile of Line,PROFILE_HORIZONTAL_OP_2,PRFL,1.330,0.000,1.330,0.000,2.000,,SECTION_HORIZONTAL_OP_2
Profile of Line,PROFILE_HORIZONTAL_OP_3,PRFL,1.573,0.000,1.573,0.000,2.000,,SECTION_HORIZONTAL_OP_3
Profile of Line,PROFILE_HORIZONTAL_OP_4,PRFL,1.644,0.000,1.644,0.000,2.000,,SECTION_HORIZONTAL_OP_4
Profile of Line,PROFILE_HORIZONTAL_OP_5,PRFL,1.244,0.000,1.244,0.000,2.000,,SECTION_HORIZONTAL_OP_5
Profile of Line,PROFILE_HORIZONTAL_OP_6,PRFL,1.034,0.000,1.034,0.000,2.000,,SECTION_HORIZONTAL_OP_6
Distance,OP1_WIDTH_1,D1,3.859,3.900,-0.041,-0.150,0.450,,OP1_PT1_OW_GAGE - OP1_PT1_IW_GAGE / CS_BF_OP1
Distance,OP1_WIDTH_2,D1,3.915,3.900,0.015,-0.150,0.150,,OP1_PT2_OW_GAGE - OP1_PT2_IW_GAGE / CS_BF_OP1
Distance,OP1_WIDTH_3,D1,3.849,3.900,-0.051,-0.150,0.150,,OP1_PT3_OW_GAGE - OP1_PT3_IW_GAGE / CS_BF_OP1
Distance,OP1_WIDTH_4,D1,3.883,3.900,-0.017,-0.250,0.150,,OP1_PT4_OW_GAGE - OP1_PT4_IW_GAGE / CS_BF_OP1
Distance,OP1_WIDTH_5,D1,3.959,3.900,0.059,-0.150,0.150,,OP1_PT5_OW_GAGE - OP1_PT5_IW_GAGE / CS_BF_OP1
Distance,OP1_WIDTH_6,D1,3.893,3.900,-0.007,-0.150,0.150,,OP1_PT6_OW_GAGE - OP1_PT6_IW_GAGE / CS_BF_OP1
Distance,OP1_WIDTH_7,D1,3.975,3.900,0.075,-0.150,0.250,,OP1_PT7_OW_GAGE - OP1_PT7_IW_GAGE / CS_BF_OP1
Distance,OP1_WIDTH_8,D1,3.982,3.900,0.082,-0.150,0.150,,OP1_PT8_OW_GAGE - OP1_PT8_IW_GAGE / CS_BF_OP1
Distance,OP1_DEPTH_1,D1,6.297,6.000,0.297,-0.200,0.300,,PL_FIXTURE_A - OP1_PT1_DEPTH / CS_BF_OP1
Distance,OP1_DEPTH_2,D1,6.303,6.000,0.303,-0.200,0.300,0.003,PL_FIXTURE_A - OP1_PT2_DEPTH / CS_BF_OP1
Distance,OP1_DEPTH_3,D1,6.032,6.000,0.032,-0.250,0.150,,PL_FIXTURE_A - OP1_PT3_DEPTH / CS_BF_OP1
Distance,OP1_DEPTH_4,D1,5.932,6.000,-0.068,-0.250,0.150,,PL_FIXTURE_A - OP1_PT4_DEPTH / CS_BF_OP1
Distance,OP1_DEPTH_5,D1,5.962,6.000,-0.038,-0.250,0.150,,PL_FIXTURE_A - OP1_PT5_DEPTH / CS_BF_OP1
Distance,OP1_DEPTH_6,D1,5.998,6.000,-0.002,-0.200,0.150,,PL_FIXTURE_A - OP1_PT6_DEPTH / CS_BF_OP1
Distance,OP1_DEPTH_7,D1,6.514,6.000,0.514,-0.150,0.650,,PL_FIXTURE_A - OP1_PT8_DEPTH / CS_BF_OP1
Distance,OP1_DEPTH_8,D1,6.559,6.000,0.559,-0.150,0.650,,PL_FIXTURE_A - OP1_PT8_DEPTH / CS_BF_OP1
Distance,OP2_WIDTH_1,D1,3.866,3.900,-0.034,-0.150,0.150,,OP2_PT1_OW_GAGE - OP2_PT1_IW_GAGE / CS_BF_OP2
Distance,OP2_WIDTH_2,D1,3.893,3.900,-0.007,-0.150,0.150,,OP2_PT2_OW_GAGE - OP2_PT2_IW_GAGE / CS_BF_OP2
Distance,OP2_WIDTH_3,D1,3.754,3.900,-0.146,-0.150,0.150,,OP2_PT3_OW_GAGE - OP2_PT3_IW_GAGE / CS_BF_OP2
Distance,OP2_WIDTH_4,D1,3.840,3.900,-0.060,-0.150,0.150,,OP2_PT4_OW_GAGE - OP2_PT4_IW_GAGE / CS_BF_OP2
Distance,OP2_WIDTH_5,D1,3.995,3.900,0.095,-0.150,0.150,,OP2_PT5_OW_GAGE - OP2_PT5_IW_GAGE / CS_BF_OP2
Distance,OP2_WIDTH_6,D1,3.962,3.900,0.062,-0.150,0.150,,OP2_PT6_OW_GAGE - OP2_PT6_IW_GAGE / CS_BF_OP2
Distance,OP2_WIDTH_7,D1,4.081,3.900,0.181,-0.150,0.150,0.031,OP2_PT7_OW_GAGE - OP2_PT7_IW_GAGE / CS_BF_OP2
Distance,OP2_WIDTH_8,D1,3.891,3.900,-0.009,-0.150,0.150,,OP2_PT8_OW_GAGE - OP2_PT8_IW_GAGE / CS_BF_OP2
Distance,OP2_DEPTH_1,D1,6.064,6.000,0.064,-0.350,0.150,,PL_FIXTURE_A - OP2_PT1_DEPTH / CS_BF_OP2
Distance,OP2_DEPTH_2,D1,6.185,6.000,0.185,-0.300,0.150,0.035,PL_FIXTURE_A - OP2_PT2_DEPTH / CS_BF_OP2
Distance,OP2_DEPTH_3,D1,5.952,6.000,-0.048,-0.300,0.150,,PL_FIXTURE_A - OP2_PT3_DEPTH / CS_BF_OP2
Distance,OP2_DEPTH_4,D1,5.891,6.000,-0.109,-0.300,0.150,,PL_FIXTURE_A - OP2_PT4_DEPTH / CS_BF_OP2
Distance,OP2_DEPTH_5,D1,5.925,6.000,-0.075,-0.300,0.150,,PL_FIXTURE_A - OP2_PT5_DEPTH / CS_BF_OP2
Distance,OP2_DEPTH_6,D1,5.889,6.000,-0.111,-0.300,0.150,,PL_FIXTURE_A - OP2_PT6_DEPTH / CS_BF_OP2
Distance,OP2_DEPTH_7,D1,5.868,6.000,-0.132,-0.350,0.150,,PL_FIXTURE_A - OP2_PT7_DEPTH / CS_BF_OP2
Distance,OP2_DEPTH_8,D1,6.049,6.000,0.049,-0.350,0.150,,PL_FIXTURE_A - OP2_PT8_DEPTH / CS_BF_OP2
Distance,OP3_WIDTH_1,D1,3.841,3.900,-0.059,-0.150,0.150,,OP3_PT1_OW_GAGE - OP3_PT1_IW_GAGE / CS_BF_OP3
Distance,OP3_WIDTH_2,D1,3.899,3.900,-0.001,-0.150,0.150,,OP3_PT2_OW_GAGE - OP3_PT2_IW_GAGE / CS_BF_OP3
Distance,OP3_WIDTH_3,D1,3.955,3.900,0.055,-0.200,0.150,,OP3_PT3_OW_GAGE - OP3_PT3_IW_GAGE / CS_BF_OP3
Distance,OP3_WIDTH_4,D1,3.962,3.900,0.062,-0.150,0.150,,OP3_PT4_OW_GAGE - OP3_PT4_IW_GAGE / CS_BF_OP3
Distance,OP3_WIDTH_5,D1,4.051,3.900,0.151,-0.150,0.250,,OP3_PT5_OW_GAGE - OP3_PT5_IW_GAGE / CS_BF_OP3
Distance,OP3_WIDTH_6,D1,3.969,3.900,0.069,-0.150,0.150,,OP3_PT6_OW_GAGE - OP3_PT6_IW_GAGE / CS_BF_OP3
Distance,OP3_WIDTH_7,D1,4.167,4.150,0.017,-0.150,0.300,,OP3_PT7_OW_GAGE - OP3_PT7_IW_GAGE / CS_BF_OP3
Distance,OP3_WIDTH_8,D1,3.973,3.900,0.073,-0.150,0.150,,OP3_PT8_OW_GAGE - OP3_PT8_IW_GAGE / CS_BF_OP3
Distance,OP3_DEPTH_1,D1,6.285,6.000,0.285,-0.200,0.500,,PL_FIXTURE_A - OP3_PT2_DEPTH / CS_BF_OP3
Distance,OP3_DEPTH_2,D1,6.285,6.000,0.285,-0.150,0.550,,PL_FIXTURE_A - OP3_PT2_DEPTH / CS_BF_OP3
Distance,OP3_DEPTH_3,D1,5.987,6.000,-0.013,-0.200,0.350,,PL_FIXTURE_A - OP3_PT3_DEPTH / CS_BF_OP3
Distance,OP3_DEPTH_4,D1,5.994,6.000,-0.006,-0.200,0.350,,PL_FIXTURE_A - OP3_PT4_DEPTH / CS_BF_OP3
Distance,OP3_DEPTH_5,D1,6.058,6.000,0.058,-0.200,0.300,,PL_FIXTURE_A - OP3_PT5_DEPTH / CS_BF_OP3
Distance,OP3_DEPTH_6,D1,5.953,6.000,-0.047,-0.150,0.250,,PL_FIXTURE_A - OP3_PT6_DEPTH / CS_BF_OP3
Distance,OP3_DEPTH_7,D1,6.139,6.000,0.139,-0.300,0.400,,PL_FIXTURE_A - OP3_PT8_DEPTH / CS_BF_OP3
Distance,OP3_DEPTH_8,D1,6.139,6.000,0.139,-0.350,0.150,,PL_FIXTURE_A - OP3_PT8_DEPTH / CS_BF_OP3
Distance,OP4_WIDTH_1,D1,3.772,3.900,-0.128,-0.150,0.150,,OP4_PT1_OW_GAGE - OP4_PT1_IW_GAGE / CS_BF_OP4
Distance,OP4_WIDTH_2,D1,3.958,3.900,0.058,-0.150,0.300,,OP4_PT2_OW_GAGE - OP4_PT2_IW_GAGE / CS_BF_OP4
Distance,OP4_WIDTH_3,D1,3.920,3.900,0.020,-0.150,0.150,,OP4_PT3_OW_GAGE - OP4_PT3_IW_GAGE / CS_BF_OP4
Distance,OP4_WIDTH_4,D1,3.916,3.900,0.016,-0.150,0.150,,OP4_PT4_OW_GAGE - OP4_PT4_IW_GAGE / CS_BF_OP4
Distance,OP4_WIDTH_5,D1,3.990,3.900,0.090,-0.150,0.250,,OP4_PT5_OW_GAGE - OP4_PT5_IW_GAGE / CS_BF_OP4
Distance,OP4_WIDTH_6,D1,3.786,3.900,-0.114,-0.150,0.150,,OP4_PT6_OW_GAGE - OP4_PT6_IW_GAGE / CS_BF_OP4
Distance,OP4_WIDTH_7,D1,3.914,3.900,0.014,-0.150,0.200,,OP4_PT7_OW_GAGE - OP4_PT7_IW_GAGE / CS_BF_OP4
Distance,OP4_WIDTH_8,D1,3.907,3.900,0.007,-0.150,0.200,,OP4_PT8_OW_GAGE - OP4_PT8_IW_GAGE / CS_BF_OP4
Distance,OP4_DEPTH_1,D1,5.965,6.000,-0.035,-0.150,0.200,,PL_FIXTURE_B - OP4_PT1_DEPTH / CS_BF_OP4
Distance,OP4_DEPTH_2,D1,6.169,6.000,0.169,-0.150,0.500,,PL_FIXTURE_B - OP4_PT2_DEPTH / CS_BF_OP4
Distance,OP4_DEPTH_3,D1,6.152,6.000,0.152,-0.150,0.400,,PL_FIXTURE_B - OP4_PT3_DEPTH / CS_BF_OP4
Distance,OP4_DEPTH_4,D1,6.041,6.000,0.041,-0.150,0.150,,PL_FIXTURE_B - OP4_PT4_DEPTH / CS_BF_OP4
Distance,OP4_DEPTH_5,D1,6.089,6.000,0.089,-0.150,0.300,,PL_FIXTURE_B - OP4_PT5_DEPTH / CS_BF_OP4
Distance,OP4_DEPTH_6,D1,6.057,6.000,0.057,-0.150,0.300,,PL_FIXTURE_B - OP4_PT6_DEPTH / CS_BF_OP4
Distance,OP4_DEPTH_7,D1,6.004,6.000,0.004,-0.150,0.250,,PL_FIXTURE_B - OP4_PT7_DEPTH / CS_BF_OP4
Distance,OP4_DEPTH_8,D1,5.961,6.000,-0.039,-0.150,0.250,,PL_FIXTURE_B - OP4_PT8_DEPTH / CS_BF_OP4
Distance,OP5_WIDTH_1,D1,3.668,3.900,-0.232,-0.200,0.150,-0.032,OP5_PT1_OW_GAGE - OP5_PT1_IW_GAGE / CS_BF_OP5
Distance,OP5_WIDTH_2,D1,3.837,3.900,-0.063,-0.150,0.150,,OP5_PT2_OW_GAGE - OP5_PT2_IW_GAGE / CS_BF_OP5
Distance,OP5_WIDTH_3,D1,3.904,3.900,0.004,-0.150,0.150,,OP5_PT3_OW_GAGE - OP5_PT3_IW_GAGE / CS_BF_OP5
Distance,OP5_WIDTH_4,D1,3.891,3.900,-0.009,-0.150,0.200,,OP5_PT4_OW_GAGE - OP5_PT4_IW_GAGE / CS_BF_OP5
Distance,OP5_WIDTH_5,D1,4.055,3.900,0.155,-0.150,0.400,,OP5_PT5_OW_GAGE - OP5_PT5_IW_GAGE / CS_BF_OP5
Distance,OP5_WIDTH_6,D1,3.991,3.900,0.091,-0.150,0.200,,OP5_PT6_OW_GAGE - OP5_PT6_IW_GAGE / CS_BF_OP5
Distance,OP5_WIDTH_7,D1,3.965,3.900,0.065,-0.150,0.150,,OP5_PT7_OW_GAGE - OP5_PT7_IW_GAGE / CS_BF_OP5
Distance,OP5_WIDTH_8,D1,3.872,3.900,-0.028,-0.150,0.150,,OP5_PT8_OW_GAGE - OP5_PT8_IW_GAGE / CS_BF_OP5
Distance,OP5_DEPTH_1,D1,6.017,6.000,0.017,-0.150,0.400,,PL_FIXTURE_B - OP5_PT1_DEPTH / CS_BF_OP5
Distance,OP5_DEPTH_2,D1,6.017,6.000,0.017,-0.150,0.500,,PL_FIXTURE_B - OP5_PT1_DEPTH / CS_BF_OP5
Distance,OP5_DEPTH_3,D1,6.017,6.000,0.017,-0.150,0.400,,PL_FIXTURE_B - OP5_PT1_DEPTH / CS_BF_OP5
Distance,OP5_DEPTH_4,D1,6.024,6.000,0.024,-0.150,0.200,,PL_FIXTURE_B - OP5_PT4_DEPTH / CS_BF_OP5
Distance,OP5_DEPTH_5,D1,6.068,6.000,0.068,-0.150,0.200,,PL_FIXTURE_B - OP5_PT5_DEPTH / CS_BF_OP5
Distance,OP5_DEPTH_6,D1,6.077,6.000,0.077,-0.150,0.250,,PL_FIXTURE_B - OP5_PT6_DEPTH / CS_BF_OP5
Distance,OP5_DEPTH_7,D1,6.027,6.000,0.027,-0.150,0.400,,PL_FIXTURE_B - OP5_PT7_DEPTH / CS_BF_OP5
Distance,OP5_DEPTH_8,D1,6.017,6.000,0.017,-0.150,0.400,,PL_FIXTURE_B - OP5_PT1_DEPTH / CS_BF_OP5
Distance,OP6_WIDTH_1,D1,3.735,3.900,-0.165,-0.200,0.150,,OP6_PT1_OW_GAGE - OP6_PT1_IW_GAGE / CS_BF_OP6
Distance,OP6_WIDTH_2,D1,3.869,3.900,-0.031,-0.150,0.150,,OP6_PT2_OW_GAGE - OP6_PT2_IW_GAGE / CS_BF_OP6
Distance,OP6_WIDTH_3,D1,3.903,3.900,0.003,-0.150,0.150,,OP6_PT3_OW_GAGE - OP6_PT3_IW_GAGE / CS_BF_OP6
Distance,OP6_WIDTH_4,D1,3.860,3.900,-0.040,-0.150,0.150,,OP6_PT4_OW_GAGE - OP6_PT4_IW_GAGE / CS_BF_OP6
Distance,OP6_WIDTH_5,D1,3.985,3.900,0.085,-0.150,0.200,,OP6_PT5_OW_GAGE - OP6_PT5_IW_GAGE / CS_BF_OP6
Distance,OP6_WIDTH_6,D1,3.954,3.900,0.054,-0.150,0.200,,OP6_PT6_OW_GAGE - OP6_PT6_IW_GAGE / CS_BF_OP6
Distance,OP6_WIDTH_7,D1,3.944,3.900,0.044,-0.150,0.150,,OP6_PT7_OW_GAGE - OP6_PT7_IW_GAGE / CS_BF_OP6
Distance,OP6_WIDTH_8,D1,3.897,3.900,-0.003,-0.150,0.150,,OP6_PT8_OW_GAGE - OP6_PT8_IW_GAGE / CS_BF_OP6
Distance,OP6_DEPTH_1,D1,6.097,6.000,0.097,-0.150,0.400,,PL_FIXTURE_B - OP6_PT1_DEPTH / CS_BF_OP6
Distance,OP6_DEPTH_2,D1,6.097,6.000,0.097,-0.150,0.450,,PL_FIXTURE_B - OP6_PT2_DEPTH / CS_BF_OP6
Distance,OP6_DEPTH_3,D1,6.097,6.000,0.097,-0.150,0.400,,PL_FIXTURE_B - OP6_PT2_DEPTH / CS_BF_OP6
Distance,OP6_DEPTH_4,D1,5.967,6.000,-0.033,-0.150,0.400,,PL_FIXTURE_B - OP6_PT4_DEPTH / CS_BF_OP6
Distance,OP6_DEPTH_5,D1,6.021,6.000,0.021,-0.150,0.400,,PL_FIXTURE_B - OP6_PT5_DEPTH / CS_BF_OP6
Distance,OP6_DEPTH_6,D1,6.090,6.000,0.090,-0.150,0.400,,PL_FIXTURE_B - OP6_PT6_DEPTH / CS_BF_OP6
Distance,OP6_DEPTH_7,D1,6.097,6.000,0.097,-0.150,0.450,,PL_FIXTURE_B - OP6_PT2_DEPTH / CS_BF_OP6
Distance,OP6_DEPTH_8,D1,6.097,6.000,0.097,-0.150,0.500,,PL_FIXTURE_B - OP6_PT2_DEPTH / CS_BF_OP6
Circle,CIR_A,DIAM,73.851,73.500,0.351,-0.500,0.500,,Criterion : Least Square (From 16 Pts On PL_PLAST_A) 
Circle,CIR_A,X,243.083,242.799,0.284,,,,
Circle,CIR_A,Y,136.792,136.926,-0.135,,,,
Circle,CIR_A,Z,156.148,155.357,0.791,,,,
Circle,CIR_INS_11,X,290.461,290.064,0.396,,,,Criterion : Least Square (From 8 Pts On PL_INS_11) 
Circle,CIR_INS_11,Y,161.824,162.379,-0.556,,,,
Circle,CIR_INS_11,Z,150.532,149.158,1.374,,,,
Circle,CIR_INS_12,X,279.027,279.125,-0.098,,,,Criterion : Least Square (From 8 Pts On PL_INS_12) 
Circle,CIR_INS_12,Y,102.320,102.451,-0.130,,,,
Circle,CIR_INS_12,Z,166.641,165.216,1.425,,,,
Circle,CIR_INS_13,X,196.721,196.401,0.320,,,,Criterion : Least Square (From 8 Pts On PL_INS_13) 
Circle,CIR_INS_13,Y,116.761,116.540,0.221,,,,
Circle,CIR_INS_13,Z,161.624,161.441,0.184,,,,
Circle,CIR_INS_14,X,208.032,207.341,0.692,,,,Criterion : Least Square (From 8 Pts On PL_INS_14) 
Circle,CIR_INS_14,Y,176.525,176.469,0.056,,,,
Circle,CIR_INS_14,Z,146.026,145.383,0.643,,,,
Circle,2D_CIR_INS_11,X,41.896,42.000,-0.104,,,,
Circle,2D_CIR_INS_11,Y,33.826,34.000,-0.174,,,,
Circle,2D_CIR_INS_12,X,41.886,42.000,-0.114,,,,
Circle,2D_CIR_INS_12,Y,-28.870,-29.000,0.130,,,,
Circle,2D_CIR_INS_13,X,-41.827,-42.000,0.173,,,,
Circle,2D_CIR_INS_13,Y,-28.874,-29.000,0.126,,,,
Circle,2D_CIR_INS_14,X,-41.954,-42.000,0.046,,,,
Circle,2D_CIR_INS_14,Y,33.918,34.000,-0.082,,,,
Pos. Tol.,POS_11,PTOL,3.068,0.000,3.068,0.000,4.500,,CIR_INS_11/NOMINAL - CS_ABC_SURFACES_C - C-Zone - XYZ - Nominal
Pos. Tol.,POS_12,PTOL,2.868,0.000,2.868,0.000,3.000,,CIR_INS_12/NOMINAL - CS_ABC_SURFACES_C - C-Zone - XYZ - Nominal
Pos. Tol.,POS_13,PTOL,0.859,0.000,0.859,0.000,3.000,,CIR_INS_13/NOMINAL - CS_ABC_SURFACES_C - C-Zone - XYZ - Nominal
Pos. Tol.,POS_2D_11,PTOL,0.406,0.000,0.406,0.000,0.500,,2D_CIR_INS_11/NOMINAL - CS_D_BF - C-Zone - XY - Nominal
Pos. Tol.,POS_2D_12,PTOL,0.346,0.000,0.346,0.000,0.800,,2D_CIR_INS_12/NOMINAL - CS_D_BF - C-Zone - XY - Nominal
Pos. Tol.,POS_2D_13,PTOL,0.427,0.000,0.427,0.000,0.500,,2D_CIR_INS_13/NOMINAL - CS_D_BF - C-Zone - XY - Nominal
Pos. Tol.,POS_2D_14,PTOL,0.188,0.000,0.188,0.000,0.500,,2D_CIR_INS_14/NOMINAL - CS_D_BF - C-Zone - XY - Nominal
Paral.,PERP_11,PARA,0.350,0.000,0.350,0.000,0.300,0.050,PL_INS_11/PL_PLAST_INS_11 - P-Zone - Cloud of Points 
Paral.,PERP_12,PARA,0.147,0.000,0.147,0.000,0.300,,PL_INS_12/PL_PLAST_INS_12 - P-Zone - Cloud of Points 
Paral.,PERP_13,PARA,0.044,0.000,0.044,0.000,0.300,,PL_INS_13/PL_PLAST_INS_13 - P-Zone - Cloud of Points 
Paral.,PERP_14,PARA,0.336,0.000,0.336,0.000,0.250,0.086,PL_INS_14/PL_PLAST_INS_14 - P-Zone - Cloud of Points 
Flatness,FLATNESS_DATUM_D,FLTN,0.308,0.000,0.308,0.000,0.500,,PL_PLAST_D_TB
Distance,H_11,Z,0.190,-0.000,0.190,0.000,0.400,,CIR_INS_11 - PL_PLAST_INS_11 / CS_D_BF
Distance,H_12,Z,0.090,-0.000,0.090,0.000,0.400,,CIR_INS_12 - PL_PLAST_INS_12 / CS_D_BF
Distance,H_13,Z,0.024,-0.000,0.025,0.000,0.400,,CIR_INS_13 - PL_PLAST_INS_13 / CS_D_BF
Distance,H_14,Z,0.183,-0.000,0.183,0.000,0.400,,CIR_INS_14 - PL_PLAST_INS_14 / CS_D_BF
Profile of Line,PROFILE_SURFACE_D,PRFL,2.470,0.000,2.470,0.000,3.000,,SECTION_D
Distance,PROF_INS_11_D,D1,0.756,0.650,0.106,-0.150,0.150,,CIR_INS_11 - PL_PLAST_D_TB / CS_D_BF
Distance,PROF_INS_12_D,D1,0.728,0.650,0.078,-0.150,0.150,,CIR_INS_12 - PL_PLAST_D_TB / CS_D_BF
Distance,PROF_INS_13_D,D1,0.485,0.650,-0.165,-0.150,0.150,-0.015,CIR_INS_13 - PL_PLAST_D_TB / CS_D_BF
Distance,PROF_INS_14_D,D1,1.075,0.650,0.425,-0.150,0.150,0.275,CIR_INS_14 - PL_PLAST_D_TB / CS_D_BF
Distance,WIDTH_TBA_1,D1,3.197,3.250,-0.053,-0.150,0.150,,0W2.5_1.1 - IW2.5_1.1 / CS_D_BF
Distance,WIDTH_TBA_2,D1,3.184,3.250,-0.066,-0.150,0.150,,0W2.5_1.2 - IW2.5_1.2 / CS_D_BF
Distance,WIDTH_TBA_3,D1,3.269,3.250,0.019,-0.150,0.150,,0W2.5_1.3 - IW2.5_1.3 / CS_D_BF
Distance,WIDTH_TBA_4,D1,3.241,3.250,-0.009,-0.150,0.150,,0W2.5_1.4 - IW2.5_1.4 / CS_D_BF
Distance,WIDTH_TBA_5,D1,3.125,3.250,-0.125,-0.200,0.150,,0W2.5_1.5 - IW2.5_1.5 / CS_D_BF
Distance,WIDTH_TBA_6,D1,3.228,3.250,-0.022,-0.150,0.150,,0W2.5_1.6 - IW2.5_1.6 / CS_D_BF
Distance,WIDTH_TBA_7,D1,3.248,3.250,-0.002,-0.150,0.150,,0W2.5_1.7 - IW2.5_1.7 / CS_D_BF
Distance,WIDTH_TBA_8,D1,3.267,3.250,0.017,-0.150,0.150,,0W2.5_1.8 - IW2.5_1.8 / CS_D_BF
Distance,DEPTH_TBA_1,D1,5.318,5.150,0.168,-0.300,0.350,,TB_BOT_1.1 - PL_D / CS_D_BF
Distance,DEPTH_TBA_2,D1,5.163,5.150,0.013,-0.300,0.350,,TB_BOT_1.2 - PL_D / CS_D_BF
Distance,DEPTH_TBA_3,D1,4.991,5.150,-0.159,-0.300,0.400,,TB_BOT_1.3 - PL_D / CS_D_BF
Distance,DEPTH_TBA_4,D1,5.187,5.150,0.037,-0.300,0.600,,TB_BOT_1.4 - PL_D / CS_D_BF
Distance,DEPTH_TBA_5,D1,5.323,5.150,0.173,-0.300,0.500,,TB_BOT_1.5 - PL_D / CS_D_BF
Distance,DEPTH_TBA_6,D1,5.228,5.150,0.078,-0.300,0.300,,TB_BOT_1.6 - PL_D / CS_D_BF
Distance,DEPTH_TBA_7,D1,5.427,5.150,0.277,-0.300,0.500,,TB_BOT_1.7 - PL_D / CS_D_BF
Distance,DEPTH_TBA_8,D1,5.507,5.150,0.357,-0.300,0.500,,TB_BOT_1.8 - PL_D / CS_D_BF
Circle,CIR_10,DIAM,4.855,4.950,-0.095,-0.100,0.100,,Criterion : Least Square (From 6 Pts On PL_PLAST_10) 
Circle,CIR_10,X,12.349,12.000,0.349,,,,
Circle,CIR_10,Y,179.178,178.230,0.948,,,,
Circle,CIR_10,Z,119.028,119.500,-0.472,,,,
Circle,CIR_21,DIAM,4.641,4.820,-0.179,-0.100,0.100,-0.079,Criterion : Least Square (From 6 Pts On PL_PLAST_21) 
Circle,CIR_21,X,12.930,11.854,1.076,,,,
Circle,CIR_21,Y,178.489,178.230,0.259,,,,
Circle,CIR_21,Z,-92.932,-92.440,-0.492,,,,
Circle,CIR_24,DIAM,4.749,4.820,-0.071,-0.100,0.100,,Criterion : Least Square (From 6 Pts On PL_PLAST_24) 
Circle,CIR_24,X,221.647,220.847,0.800,,,,
Circle,CIR_24,Y,202.282,203.230,-0.948,,,,
Circle,CIR_24,Z,-7.643,-7.568,-0.075,,,,
Pos. Tol.,POS_10,PTOL,1.174,0.000,1.174,0.000,3.000,,CIR_10/NOMINAL - CS_ABC_SURFACES_C - C-Zone - XZ - Nominal
Pos. Tol.,POS_21,PTOL,2.366,0.000,2.366,0.000,3.000,,CIR_21/NOMINAL - CS_ABC_SURFACES_C - C-Zone - XZ - Nominal
Pos. Tol.,POS_24,PTOL,1.606,0.000,1.606,0.000,3.000,,CIR_24/NOMINAL - CS_ABC_SURFACES_C - C-Zone - XZ - Nominal
Distance,PROF_10,Y,179.178,178.230,0.948,-1.500,1.500,,CIR_10 - ORIGIN / CS_ABC_SURFACES_C
Distance,PROF_21,Y,178.489,178.230,0.259,-1.500,1.500,,CIR_21 - ORIGIN / CS_ABC_SURFACES_C
Distance,PROF_24,Y,202.282,203.230,-0.948,-1.500,1.500,,CIR_24 - ORIGIN / CS_ABC_SURFACES_C
Circle,CIR_17,X,-51.147,-52.000,0.853,,,,Proj. CIR_17 / PL_PLAST_17.
Circle,CIR_17,Y,76.227,75.580,0.647,,,,
Circle,CIR_17,Z,148.953,149.000,-0.047,,,,
Circle,CIR_18,X,-50.588,-52.000,1.412,,,,Criterion : Least Square (From 6 Pts On PL_INS_18) 
Circle,CIR_18,Y,75.988,75.580,0.408,,,,
Circle,CIR_18,Z,-67.778,-68.000,0.223,,,,
Circle,CIR_20,X,-26.008,-27.000,0.992,,,,Criterion : Least Square (From 6 Pts On PL_INS_20) 
Circle,CIR_20,Y,181.392,180.580,0.812,,,,
Circle,CIR_20,Z,-92.419,-93.000,0.581,,,,
Circle,CIR_22,X,209.552,207.607,1.946,,,,Criterion : Least Square (From 6 Pts On PL_INS_22) 
Circle,CIR_22,Y,189.181,190.580,-1.399,,,,
Circle,CIR_22,Z,-103.236,-103.394,0.158,,,,
Circle,CIR_23,X,233.435,231.607,1.829,,,,Criterion : Least Square (From 6 Pts On PL_INS_23) 
Circle,CIR_23,Y,189.302,190.580,-1.279,,,,
Circle,CIR_23,Z,-70.989,-71.394,0.405,,,,
Pos. Tol.,POS_17,PTOL,1.709,0.000,1.709,0.000,3.000,,CIR_17/NOMINAL - CS_ABC_SURFACES_C - C-Zone - XZ - Nominal
Pos. Tol.,POS_18,PTOL,2.859,0.000,2.859,0.000,3.000,,CIR_18/NOMINAL - CS_ABC_SURFACES_C - C-Zone - XZ - Nominal
Pos. Tol.,POS_20,PTOL,2.300,0.000,2.300,0.000,3.000,,CIR_20/NOMINAL - CS_ABC_SURFACES_C - C-Zone - XZ - Nominal
Pos. Tol.,POS_22,PTOL,3.904,0.000,3.904,0.000,4.500,,CIR_22/NOMINAL - CS_ABC_SURFACES_C - C-Zone - XZ - Nominal
Pos. Tol.,POS_23,PTOL,3.746,0.000,3.746,0.000,4.500,,CIR_23/NOMINAL - CS_ABC_SURFACES_C - C-Zone - XZ - Nominal
Distance,H_17,Y,0.000,-0.000,0.000,0.000,0.400,,CIR_17 - PL_PLAST_17 / CS_ABC_BF_SURFACES
Distance,H_18,Y,-0.000,-0.000,-0.000,0.000,0.400,-0.000,CIR_18 - PL_PLAST_18 / CS_ABC_BF_SURFACES
Distance,H_20,Y,0.113,0.000,0.113,0.000,0.400,,CIR_20 - PL_PLAST_20 / CS_ABC_BF_SURFACES
Distance,H_23,Y,-0.005,-0.000,-0.005,0.000,0.400,-0.005,CIR_23 - PL_PLAST_23 / CS_ABC_BF_SURFACES
Circle,CIR_25,DIAM,12.083,12.050,0.033,-0.080,0.080,,Criterion : Least Square (From 12 Pts On PL_PLAST_25) 
Circle,CIR_25,X,262.509,261.590,0.919,,,,
Circle,CIR_25,Y,195.250,196.720,-1.470,,,,
Circle,CIR_25,Z,50.372,49.700,0.672,,,,
Circle,2D_CIR_26,DIAM,4.764,4.700,0.064,-0.100,0.100,,
Circle,2D_CIR_26,X,-17.449,-17.500,0.051,,,,
Circle,2D_CIR_26,Z,0.000,0.000,0.000,,,,
Pos. Tol.,POS_25,PTOL,2.277,0.000,2.277,0.000,3.000,,CIR_25/NOMINAL - CS_ABC_SURFACES_C - C-Zone - XZ - Nominal
Pos. Tol.,POS_2D_26,PTOL,0.102,0.000,0.102,0.000,0.500,,2D_CIR_26/NOMINAL - CS_FG - C-Zone - XZ - Nominal
Distance,PROF_25,Y,195.250,196.720,-1.470,-1.500,1.500,,CIR_25 - ORIGIN / CS_ABC_SURFACES_C
Distance,PROF_27,Y,145.998,147.730,-1.732,-1.500,1.500,-0.232,CIR_27 - ORIGIN / CS_ABC_SURFACES_C
Distance,PROF_28,Y,155.429,153.930,1.499,-1.500,1.500,,CIR_28 - ORIGIN / CS_ABC_SURFACES_C
Pos. Tol.,POS_27,PTOL,4.475,0.000,4.475,0.000,5.000,,CIR_27/NOMINAL - CS_ABC_SURFACES_C - C-Zone - XZ - Nominal
Pos. Tol.,POS_28,PTOL,0.216,0.000,0.216,0.000,4.200,,CIR_28/NOMINAL - CS_ABC_SURFACES_C - C-Zone - XZ - Nominal
Circle,CIR_27,DIAM,6.211,6.350,-0.139,-0.250,0.250,,Criterion : Least Square (From 6 Pts On PL_PLAST_27) 
Circle,CIR_27,X,272.129,270.100,2.029,,,,
Circle,CIR_27,Y,145.998,147.700,-1.702,,,,
Circle,CIR_27,Z,-51.896,-52.840,0.944,,,,
Circle,CIR_28,DIAM,6.399,6.350,0.049,-0.250,0.250,,Criterion : Least Square (From 6 Pts On PL_PLAST_28) 
Circle,CIR_28,X,100.161,100.090,0.071,,,,
Circle,CIR_28,Y,155.429,153.930,1.499,,,,
Circle,CIR_28,Z,175.919,176.000,-0.081,,,,
Circle,CIR_29,DIAM,12.183,12.170,0.013,-0.080,0.080,,Criterion : Least Square (From 16 Pts On PL_DATUM_H) 
Circle,CIR_29,X,307.779,306.650,1.129,,,,
Circle,CIR_29,Y,-10.666,-10.310,-0.356,,,,
Circle,CIR_29,Z,171.584,173.470,-1.886,,,,
Pos. Tol.,POS_29,PTOL,4.397,0.000,4.397,0.000,5.000,,CIR_29/NOMINAL - CS_ABC_BF_SURFACES_ROTATED - C-Zone - XZ - Nominal
Circle,2D_CIR_30,X,-23.469,-23.500,0.031,,,,
Circle,2D_CIR_30,Z,-0.000,0.000,0.000,,,,
Pos. Tol.,POS_2D_30,PTOL,0.063,0.000,0.063,0.000,0.500,,2D_CIR_30/NOMINAL - CS_HJ - C-Zone - XZ - Nominal
Distance,H_30,Y,0.175,0.000,0.175,0.000,0.400,,2D_CIR_30 - PL_PLAST_30 / CS_HJ
Distance,PROF_31,Z,-202.028,-201.782,-0.246,-1.500,1.500,,CIR_31 - ORIGIN / CS_ABC_SURFACES_C
Distance,PROF_32,Y,173.631,173.000,0.631,-1.500,1.500,,CIR_32 - ORIGIN / CS_ABC_BF_SURFACES_ROTATED
Distance,PROF_33,Y,148.312,148.000,0.312,-1.500,1.500,,CIR_33 - ORIGIN / CS_ABC_BF_SURFACES_ROTATED
Circle,CIR_31,DIAM,11.740,11.800,-0.060,-0.100,0.100,,Inters. PL_PLAST_31 - CYL_31.
Circle,CIR_31,X,158.055,157.240,0.815,,,,
Circle,CIR_31,Y,132.803,135.320,-2.517,,,,
Circle,CIR_32,X,11.174,11.000,0.174,,,,Criterion : Least Square (From 8 Pts On PL_INS_32) 
Circle,CIR_32,Z,125.137,124.730,0.407,,,,
Circle,CIR_33,X,-59.695,-60.000,0.305,,,,Criterion : Least Square (From 8 Pts On PL_INS_33) 
Circle,CIR_33,Z,125.305,124.730,0.575,,,,
Circle,2D_CIR_33,X,-70.982,-71.000,0.018,,,,
Circle,2D_CIR_33,Z,-0.000,0.000,0.000,,,,
Circle,2D_CIR_32,X,0.000,0.000,0.000,,,,
Circle,2D_CIR_32,Z,0.000,0.000,0.000,,,,
Pos. Tol.,POS_31,PTOL,5.291,0.000,5.291,0.000,6.350,,CIR_31/NOMINAL - CS_ABC_SURFACES_C - C-Zone - XY - Nominal
Pos. Tol.,POS_32,PTOL,1.309,0.000,1.309,0.000,3.000,,CIR_32/NOMINAL - CS_ABC_BF_SURFACES_ROTATED - C-Zone - XY - Nominal
Pos. Tol.,POS_33,PTOL,0.872,0.000,0.872,0.000,3.000,,CIR_33/NOMINAL - CS_ABC_BF_SURFACES_ROTATED - C-Zone - XY - Nominal
Pos. Tol.,POS_2D_33,PTOL,0.035,0.000,0.035,0.000,0.500,,2D_CIR_33/NOMINAL - CS_K_BF - C-Zone - XZ - Nominal
Distance,H_32,Y,0.095,0.150,-0.055,-0.150,0.150,,CIR_32 - PL_PLAST_32 / CS_K
Distance,H_33,Y,0.161,0.150,0.011,-0.150,0.150,,CIR_33 - PL_PLAST_33 / CS_K
Distance,H_19,Y,0.143,0.000,0.143,0.000,0.400,,CIR_19 - PL_PLAST_19 / CS_ABC_BF_SURFACES
