Feat. Type,Feat. Name,Value,Actual,Nominal,Dev.,Tol-,Tol+,Out of Tol.,Comment
Text/Value,VAR_PROGRAM,VAL,,,,,,,'N:\Metrolog XG\Programmes\Denso 640F\Denso 640F Complet (Module 51).gm2'
Text/Value,VAR_EVENEMENT,VAL,,,,,,,'Smed '
Text/Value,VAR_COMMENTAIRES,VAL,,,,,,,'299 B'
Circle,CIR_1,DIAM,9.157,9.000,0.157,-0.450,0.350,,Criterion : Least Square (From 6 Pts On PL_FIXTURE) 
Circle,CIR_1,X,0.000,0.000,0.000,,,,
Circle,CIR_1,Y,0.000,0.000,0.000,,,,
Pos. Tol.,POS_1,PTOL,0.000,0.000,0.000,0.607,1.107,,CIR_1(M)/NOMINAL - CS_ABC - C-Zone - XY - Nominal
Circle,CIR_6,DIAM,9.178,9.000,0.178,-0.450,0.350,,Criterion : Least Square (From 6 Pts On PL_FIXTURE) 
Circle,CIR_6,X,264.185,264.700,-0.515,,,,
Circle,CIR_6,Y,-432.514,-432.500,-0.014,,,,
Pos. Tol.,POS_6,PTOL,1.030,0.000,1.030,0.628,1.128,,CIR_6(M)/NOMINAL - CS_ABC - C-Zone - XY - Nominal
Circle,CIR_10,DIAM,9.152,9.000,0.152,-0.450,0.350,,Criterion : Least Square (From 8 Pts On PL_FIXTURE) 
Circle,CIR_10,X,281.433,281.200,0.233,,,,
Circle,CIR_10,Y,-24.520,-24.500,-0.020,,,,
Pos. Tol.,POS_10,PTOL,0.468,0.000,0.468,0.602,1.102,,CIR_10(M)/NOMINAL - CS_ABC - C-Zone - XY - Nominal
Flatness,FLAT_LASER_WELD,FLTN,0.397,0.000,0.397,0.000,0.400,,PL_LASER_WELD
Text/Value,PERPENDICULARITY_LASER_WELD,VAL,0.218883,0.210000,0.008883,-0.210000,0.050000,,
Distance,DISTANCE_LASER_WELD_TBDN_1,Y,-18.634,-17.824,-0.810,,,,PL_LASER_WELD_PNT42 - CIR_6 / CS_CIR_6_TBDN
Distance,DISTANCE_LASER_WELD_TBDN_2,Y,-18.714,-17.824,-0.890,,,,PL_LASER_WELD_PNT3 - CIR_6 / CS_CIR_6_TBDN
Distance,DISTANCE_LASER_WELD_TBDN_3,Y,-18.827,-17.824,-1.003,,,,PL_LASER_WELD_PNT9 - CIR_6 / CS_CIR_6_TBDN
Distance,DISTANCE_LASER_WELD_TBDN_4,Y,-18.757,-17.824,-0.933,,,,PL_LASER_WELD_PNT15 - CIR_6 / CS_CIR_6_TBDN
Distance,DISTANCE_LASER_WELD_TBDN_5,Y,-18.720,-17.824,-0.896,,,,PL_LASER_WELD_PNT22 - CIR_6 / CS_CIR_6_TBDN
Distance,DISTANCE_LASER_WELD_TBDN_6,Y,-18.654,-17.824,-0.830,,,,PL_LASER_WELD_PNT25 - CIR_6 / CS_CIR_6_TBDN
Distance,DISTANCE_LASER_WELD_TBDN_7,Y,-18.829,-17.824,-1.005,,,,PL_LASER_WELD_PNT31 - CIR_6 / CS_CIR_6_TBDN
Distance,DISTANCE_LASER_WELD_TBDN_8,Y,-18.853,-17.824,-1.029,,,,PL_LASER_WELD_PNT36 - CIR_6 / CS_CIR_6_TBDN
