Feat. Type,Feat. Name,Value,Actual,Nominal,Dev.,Tol-,Tol+,Out of Tol.,Comment
Text/Value,VAR_PROGRAM,VAL,,,,,,,'N:\Metrolog XG\Programmes\D-35\D-35 Hauteur Plastic Crush Rib Moule 2 (Module 44).gm2'
Text/Value,VAR_EVENEMENT,VAL,,,,,,,'FIP 6094'
Text/Value,VAR_COMMENTAIRES,VAL,,,,,,,'298 B'
Circle,CIR_3_FL,X,123.8194,124.2942,-0.4748,,,,Criterion : Least Square (From 6 Pts On PL_PLAST_FL_3) 
Circle,CIR_3_FL,Z,-30.0989,-30.1469,0.0480,,,,
Pos. Tol.,POS_3_FLANGE,PTOL,0.9545,0.0000,0.9545,0.0000,1.0000,,CIR_3_FL/NOMINAL - CS_ABC - C-Zone - XZ - Nominal
Circle,CIR_3_TOP,X,124.7348,124.2942,0.4406,,,,Criterion : Least Square (From 6 Pts On PL_PLAST_TOP_3) 
Circle,CIR_3_TOP,Z,-29.1096,-30.1469,1.0373,,,,
Pos. Tol.,POS_3_TOP,PTOL,2.2539,0.0000,2.2539,0.0000,2.0000,0.2539,CIR_3_TOP/NOMINAL - CS_ABC - C-Zone - XZ - Nominal
Distance,PLASTIC_HEIGHT,D1,100.5921,100.3500,0.2421,-0.3000,0.3000,,CIR_3_FL - CIR_3_TOP / CS_ABC
