Feat. Type,Feat. Name,Value,Actual,Nominal,Dev.,Tol-,Tol+,Out of Tol.,Comment
Text/Value,VAR_PROGRAM,VAL,,,,,,,'N:\Metrolog XG\Programmes\D-33 RWD\D33 RWD Complete (Module 44).gm2'
Text/Value,VAR_EVENEMENT,VAL,,,,,,,'Validation FIP-05955 et 06084 Nid# 1'
Text/Value,VAR_COMMENTAIRES,VAL,,,,,,,'285C'
Circle,CIR_DATUM_B,DIAM,7.794,7.900,-0.106,-0.100,0.100,-0.006,Criterion : Least Square (From 3 Pts On PL_FIXTURE) 
Circle,CIR_DATUM_C,DIAM,7.893,7.900,-0.007,-0.100,0.100,,Criterion : Least Square (From 3 Pts On PL_FIXTURE) 
Circle,CIR_DATUM_C,X,4.401,4.400,0.001,,,,
Circle,CIR_DATUM_C,Z,-351.756,-351.650,-0.106,,,,
Pos. Tol.,POS_C,PTOL,0.212,0.000,0.212,0.000,0.506,,CIR_DATUM_C/NOMINAL - CS_ABC - C-Zone - XZ - Nominal
Circle,CIR_8,DIAM,74.108,74.350,-0.242,-0.300,0.300,,Criterion : Least Square (From 14 Pts On PL_PLAST_TB) 
Circle,CIR_8,X,-79.718,-80.600,0.882,,,,
Circle,CIR_8,Y,91.141,92.200,-1.059,,,,
Circle,CIR_8,Z,81.749,82.900,-1.151,,,,
Pos. Tol.,POS_8,PTOL,3.128,0.000,3.128,0.058,4.264,,CIR_8(M)/NOMINAL - CS_ABC - C-Zone - YZ - Nominal
Circle,2D_CIR_16,Y,-32.511,-32.500,-0.011,,,,
Circle,2D_CIR_16,Z,-40.130,-40.000,-0.130,,,,
Circle,2D_CIR_17,Y,-32.446,-32.500,0.054,,,,
Circle,2D_CIR_17,Z,39.787,40.000,-0.213,,,,
Circle,2D_CIR_18,Y,32.409,32.500,-0.091,,,,
Circle,2D_CIR_18,Z,39.907,40.000,-0.093,,,,
Circle,2D_CIR_19,Y,32.272,32.500,-0.228,,,,
Circle,2D_CIR_19,Z,-40.000,-40.000,-0.000,,,,
Pos. Tol.,POS_2D_16,PTOL,0.261,0.000,0.261,0.000,0.500,,2D_CIR_16/NOMINAL - CS_DE - C-Zone - YZ - Nominal
Pos. Tol.,POS_2D_17,PTOL,0.440,0.000,0.440,0.000,0.500,,2D_CIR_17/NOMINAL - CS_DE - C-Zone - YZ - Nominal
Pos. Tol.,POS_2D_18,PTOL,0.260,0.000,0.260,0.000,0.700,,2D_CIR_18/NOMINAL - CS_DE - C-Zone - YZ - Nominal
Pos. Tol.,POS_2D_19,PTOL,0.456,0.000,0.456,0.000,0.700,,2D_CIR_19/NOMINAL - CS_DE - C-Zone - YZ - Nominal
Distance,INSERT HEIGHT 16,X,0.275,0.000,0.275,,,,CIR_16 - PL_PLAST_16 / CS_DE
Distance,INSERT HEIGHT 17,X,0.325,0.000,0.325,,,,CIR_17 - PL_PLAST_17 / CS_DE
Distance,INSERT HEIGHT 18,X,0.306,0.000,0.306,,,,CIR_18 - PL_PLAST_18 / CS_DE
Distance,INSERT HEIGHT 19,X,0.333,0.000,0.333,,,,CIR_19 - PL_PLAST_19 / CS_DE
Flatness,FLAT_D,FLTN,0.346,0.000,0.346,0.000,1.000,,PL_D
Circle,2D_CIR_20,X,-0.078,0.000,-0.078,,,,
Circle,2D_CIR_20,Z,-0.003,0.000,-0.003,,,,
Circle,2D_CIR_21,X,-0.078,0.000,-0.078,,,,
Circle,2D_CIR_21,Z,-0.001,0.000,-0.001,,,,
Pos. Tol.,POS_2D_20,PTOL,0.157,0.000,0.157,0.000,0.550,,2D_CIR_20/NOMINAL - CS_HJ - C-Zone - XY - Nominal
Pos. Tol.,POS_2D_21,PTOL,0.174,0.000,0.174,0.000,0.550,,2D_CIR_21/NOMINAL - CS_HJ - C-Zone - XY - Nominal
Distance,H_20,Z,0.266,0.000,0.266,0.000,0.500,,2D_CIR_20 - PL_PLAST_20 / CS_HJ
Distance,H_21,Z,0.207,0.000,0.207,0.000,0.500,,2D_CIR_21 - PL_PLAST_21 / CS_HJ
Circle,CIR_15,X,-107.967,-109.800,1.833,,,,Criterion : Least Square (From 6 Pts On PL_INS_15) 
Circle,CIR_15,Y,23.613,24.200,-0.587,,,,
Distance,PROF_15,Z,130.698,130.800,-0.102,-1.500,1.500,,CIR_15 - ORIGIN / CS_ABC
Pos. Tol.,POS_15,PTOL,3.850,0.000,3.850,0.000,5.000,,CIR_15/NOMINAL - CS_ABC - C-Zone - XY - Nominal
Distance,H_15,Z,0.303,0.000,0.303,0.000,0.500,,CIR_15 - PL_PLAST_15 / CS_ABC
Pos. Tol.,POS_42,PTOL,4.886,0.000,4.886,0.238,6.443,,CIR_42(M)/NOMINAL - CS_ABC - C-Zone - XYZ - Nominal
Pos. Tol.,POS_20,PTOL,4.738,0.000,4.738,0.000,6.206,,CIR_20/NOMINAL - CS_ABC - C-Zone - XYZ - Nominal
Pos. Tol.,POS_21,PTOL,4.823,0.000,4.823,0.000,6.206,,CIR_21/NOMINAL - CS_ABC - C-Zone - XYZ - Nominal
Circle,CIR_42,DIAM,36.748,36.660,0.088,-0.150,0.150,,Criterion : Least Square (From 20 Pts On PL_PLAST_42) 
Circle,CIR_42,X,-208.989,-210.550,1.561,,,,
Circle,CIR_42,Y,94.125,96.000,-1.875,,,,
Circle,CIR_42,Z,111.549,111.420,0.129,,,,
Circle,CIR_20,X,-231.243,-232.370,1.127,,,,Criterion : Least Square (From 6 Pts On PL_INS_20) 
Circle,CIR_20,Y,104.793,106.800,-2.007,,,,
Circle,CIR_20,Z,91.990,91.430,0.560,,,,
Circle,CIR_21,X,-186.945,-188.730,1.785,,,,Criterion : Least Square (From 6 Pts On PL_INS_21) 
Circle,CIR_21,Y,83.580,85.200,-1.620,,,,
Circle,CIR_21,Z,131.489,131.420,0.069,,,,
Distance,DEPTH_16,D1,17.967,17.800,0.167,0.000,8.000,,PNT_DEPTH_16 - PL_INS_16 / CS_DE
Distance,DEPTH_17,D1,18.106,17.800,0.306,0.000,8.000,,PNT_DEPTH_17 - PL_INS_17 / CS_DE
Distance,DEPTH_18,D1,21.717,17.800,3.917,0.000,8.000,,PNT_DEPTH_18 - PL_INS_18 / CS_DE
Distance,DEPTH_19,D1,23.137,17.800,5.337,0.000,8.000,,PNT_DEPTH_19 - PL_INS_19 / CS_DE
Circle,CIR_16,X,-76.987,-77.073,0.086,,,,Criterion : Least Square (From 6 Pts On PL_INS_16) 
Circle,CIR_16,Y,59.050,59.880,-0.830,,,,
Circle,CIR_16,Z,41.371,42.924,-1.553,,,,
Circle,CIR_17,X,-75.219,-77.073,1.854,,,,Criterion : Least Square (From 6 Pts On PL_INS_17) 
Circle,CIR_17,Y,58.671,59.880,-1.209,,,,
Circle,CIR_17,Z,121.267,122.924,-1.657,,,,
Circle,CIR_18,X,-81.348,-82.732,1.384,,,,Criterion : Least Square (From 6 Pts On PL_INS_18) 
Circle,CIR_18,Y,123.233,124.633,-1.400,,,,
Circle,CIR_18,Z,121.882,122.924,-1.042,,,,
Circle,CIR_19,X,-82.837,-82.732,-0.105,,,,Criterion : Least Square (From 6 Pts On PL_INS_19) 
Circle,CIR_19,Y,123.566,124.633,-1.067,,,,
Circle,CIR_19,Z,41.989,42.924,-0.935,,,,
Pos. Tol.,POS_16,PTOL,3.522,0.000,3.522,0.000,4.206,,CIR_16/NOMINAL - CS_ABC - C-Zone - YZ - Nominal
Pos. Tol.,POS_17,PTOL,4.102,0.000,4.102,0.000,4.206,,CIR_17/NOMINAL - CS_ABC - C-Zone - YZ - Nominal
Pos. Tol.,POS_18,PTOL,3.490,0.000,3.490,0.000,4.206,,CIR_18/NOMINAL - CS_ABC - C-Zone - YZ - Nominal
Pos. Tol.,POS_19,PTOL,2.837,0.000,2.837,0.000,4.206,,CIR_19/NOMINAL - CS_ABC - C-Zone - YZ - Nominal
Profile of Line,PROF_OP1,PRFL,1.596,0.000,1.596,0.000,2.206,,SCT_OP1
Profile of Line,PROF_OP2,PRFL,0.605,0.000,0.605,0.000,2.206,,SCT_OP2
Profile of Line,PROF_OP3,PRFL,0.955,0.000,0.955,0.000,2.206,,SCT_OP3
Profile of Line,PROF_OP4,PRFL,0.365,0.000,0.365,0.000,2.206,,SCT_OP4
Profile of Line,PROF_OP5,PRFL,0.998,0.000,0.998,0.000,2.206,,SCT_OP5
Profile of Line,PROF_OP6,PRFL,0.787,0.000,0.787,0.000,2.206,,SCT_OP6
Pos. Tol.,POS_B,PTOL,0.000,0.000,0.000,0.000,0.300,,CIR_DATUM_B/NOMINAL - CS_ABC - C-Zone - XZ - Nominal
Pos. Tol.,POS_1,PTOL,0.189,0.000,0.189,0.000,1.206,,CIR1/NOMINAL - CS_ABC - C-Zone - XZ - Nominal
Pos. Tol.,POS_2,PTOL,0.622,0.000,0.622,0.000,1.206,,CIR2/NOMINAL - CS_ABC - C-Zone - XZ - Nominal
Pos. Tol.,POS_3,PTOL,0.419,0.000,0.419,0.000,1.206,,CIR3/NOMINAL - CS_ABC - C-Zone - XZ - Nominal
Pos. Tol.,POS_4,PTOL,0.129,0.000,0.129,0.000,1.206,,CIR4/NOMINAL - CS_ABC - C-Zone - XZ - Nominal
Pos. Tol.,POS_5,PTOL,0.103,0.000,0.103,0.000,1.206,,CIR5/NOMINAL - CS_ABC - C-Zone - XZ - Nominal
Pos. Tol.,POS_6,PTOL,0.559,0.000,0.559,0.000,1.206,,CIR6/NOMINAL - CS_ABC - C-Zone - XZ - Nominal
Pos. Tol.,POS_31,PTOL,0.259,0.000,0.259,0.000,1.206,,CIR31/NOMINAL - CS_ABC - C-Zone - XZ - Nominal
Pos. Tol.,POS_32,PTOL,0.541,0.000,0.541,0.000,1.206,,CIR32/NOMINAL - CS_ABC - C-Zone - XZ - Nominal
Profile of Line,PROF_2D_OW_TB_GROOVE,PRFL,0.612,0.000,0.612,0.000,1.000,,SECT_2D_OW_TB
Profile of Line,PROF_IW_OP1,PRFL,1.308,0.000,1.308,0.000,1.500,,SECT_IW_OP1
Profile of Line,PROF_IW_OP2,PRFL,0.517,0.000,0.517,0.000,1.500,,SECT_IW_OP2
Profile of Line,PROF_IW_OP3,PRFL,0.626,0.000,0.626,0.000,1.500,,SECT_IW_OP3
Profile of Line,PROF_IW_OP4,PRFL,0.338,0.000,0.338,0.000,1.500,,SECT_IW_OP4
Profile of Line,PROF_IW_OP5,PRFL,1.028,0.000,1.028,0.000,1.500,,SECT_IW_OP5
Profile of Line,PROF_IW_OP6,PRFL,1.047,0.000,1.047,0.000,1.500,,SECT_IW_OP6
Pos. Tol.,POS_10,PTOL,0.980,0.000,0.980,0.000,4.206,,CIR_10/NOMINAL - CS_ABC - C-Zone - XZ - Nominal
Pos. Tol.,POS_11,PTOL,3.029,0.000,3.029,0.000,4.206,,CIR_11/NOMINAL - CS_ABC - C-Zone - XZ - Nominal
Pos. Tol.,POS_12,PTOL,3.264,0.000,3.264,0.000,5.206,,CIR_12/NOMINAL - CS_ABC - C-Zone - XZ - Nominal
Pos. Tol.,POS_13,PTOL,3.302,0.000,3.302,0.000,5.206,,CIR_13/NOMINAL - CS_ABC - C-Zone - XZ - Nominal
Pos. Tol.,POS_14,PTOL,2.285,0.000,2.285,0.000,4.206,,CIR_14/NOMINAL - CS_ABC - C-Zone - XZ - Nominal
Pos. Tol.,POS_22,PTOL,4.578,0.000,4.578,0.000,6.206,,SLOT_22/NOMINAL - CS_ABC - C-Zone - XY - Nominal
Pos. Tol.,POS_9,PTOL,5.524,0.000,5.524,0.000,7.206,,CIR_9/NOMINAL - CS_ABC - C-Zone - XYZ - Nominal
Pos. Tol.,POS_25,PTOL,5.246,0.000,5.246,0.000,7.206,,CIR_25/NOMINAL - CS_ABC - C-Zone - XY - Nominal
Pos. Tol.,POS_26,PTOL,5.126,0.000,5.126,0.000,6.206,,CIR_26/NOMINAL - CS_ABC - C-Zone - XY - Nominal
Distance,HEIGHT_B,D1,5.952,6.450,-0.498,-0.100,0.100,-0.398,PNT_TOP_B - PL_FIXTURE / CS_ABC
Distance,HEIGHT_C,D1,6.244,6.450,-0.206,-0.100,0.100,-0.106,PNT_TOP_C - PL_FIXTURE / CS_ABC
Circle,CIR2,X,-16.791,-16.500,-0.291,,,,From 4 Pts On PL_FIXTURE
Circle,CIR2,Z,-351.489,-351.600,0.111,,,,
Circle,CIR1,X,54.494,54.400,0.094,,,,From 4 Pts On PL_FIXTURE
Circle,CIR1,Z,-346.590,-346.600,0.010,,,,
Circle,CIR6,X,54.121,54.400,-0.279,,,,From 4 Pts On PL_FIXTURE
Circle,CIR6,Z,-240.576,-240.600,0.024,,,,
Circle,CIR5,X,54.414,54.400,0.014,,,,From 4 Pts On PL_FIXTURE
Circle,CIR5,Z,-134.650,-134.600,-0.050,,,,
Circle,CIR4,X,54.336,54.400,-0.064,,,,From 4 Pts On PL_FIXTURE
Circle,CIR4,Z,-27.109,-27.100,-0.008,,,,
Circle,CIR3,X,-16.629,-16.500,-0.129,,,,From 4 Pts On PL_FIXTURE
Circle,CIR3,Z,-0.936,-1.100,0.165,,,,
Circle,CIR32,X,-30.466,-30.200,-0.266,,,,From 4 Pts On PL_FIXTURE
Circle,CIR32,Z,-124.347,-124.300,-0.047,,,,
Circle,CIR31,X,-30.291,-30.200,-0.091,,,,From 4 Pts On PL_FIXTURE
Circle,CIR31,Z,-230.392,-230.300,-0.092,,,,
Distance,DEPTH_TB1,D1,5.067,5.000,0.067,-0.250,0.250,,TB_BOT_1.1 - PL_D / CS_DE
Distance,DEPTH_TB2,D1,4.951,5.000,-0.049,-0.250,0.250,,TB_BOT_1.2 - PL_D / CS_DE
Distance,DEPTH_TB3,D1,5.037,5.000,0.037,-0.250,0.250,,TB_BOT_1.3 - PL_D / CS_DE
Distance,DEPTH_TB4,D1,4.960,5.000,-0.040,-0.250,0.250,,TB_BOT_1.4 - PL_D / CS_DE
Distance,DEPTH_TB5,D1,5.133,5.000,0.133,-0.250,0.250,,TB_BOT_1.5 - PL_D / CS_DE
Distance,DEPTH_TB6,D1,5.003,5.000,0.003,-0.250,0.250,,TB_BOT_1.6 - PL_D / CS_DE
Distance,DEPTH_TB7,D1,5.006,5.000,0.006,-0.250,0.250,,TB_BOT_1.7 - PL_D / CS_DE
Distance,DEPTH_TB8,D1,4.990,5.000,-0.010,-0.250,0.250,,TB_BOT_1.8 - PL_D / CS_DE
Distance,PROF_RECESS_SURFACE_TB,D1,0.876,0.650,0.226,0.000,0.750,,PL_PLAST_RECESS_TB - PL_D / CS_DE
Distance,OP1_DEPTH_1,D1,6.419,6.000,0.419,-0.250,0.250,0.169,OP1_PT1_DEPTH - PL_FIXTURE / OP1CS
Distance,OP1_DEPTH_2,D1,6.064,6.000,0.064,-0.250,0.250,,OP1_PT2_DEPTH - PL_FIXTURE / OP1CS
Distance,OP1_DEPTH_3,D1,6.041,6.000,0.041,-0.250,0.250,,OP1_PT3_DEPTH - PL_FIXTURE / OP1CS
Distance,OP1_DEPTH_4,D1,6.035,6.000,0.035,-0.250,0.250,,OP1_PT4_DEPTH - PL_FIXTURE / OP1CS
Distance,OP1_DEPTH_5,D1,6.050,6.000,0.050,-0.250,0.250,,OP1_PT5_DEPTH - PL_FIXTURE / OP1CS
Distance,OP1_DEPTH_6,D1,6.229,6.000,0.229,-0.250,0.250,,OP1_PT6_DEPTH - PL_FIXTURE / OP1CS
Distance,OP1_DEPTH_7,D1,6.432,6.000,0.432,-0.250,0.250,0.182,OP1_PT7_DEPTH - PL_FIXTURE / OP1CS
Distance,OP2_DEPTH_1,D1,5.998,6.000,-0.002,-0.250,0.250,,OP2_PT1_DEPTH - PL_FIXTURE / OP2CS
Distance,OP2_DEPTH_2,D1,5.972,6.000,-0.028,-0.250,0.250,,OP2_PT2_DEPTH - PL_FIXTURE / OP2CS
Distance,OP2_DEPTH_3,D1,5.981,6.000,-0.019,-0.250,0.250,,OP2_PT3_DEPTH - PL_FIXTURE / OP2CS
Distance,OP2_DEPTH_4,D1,5.976,6.000,-0.024,-0.250,0.250,,OP2_PT4_DEPTH - PL_FIXTURE / OP2CS
Distance,OP2_DEPTH_5,D1,5.872,6.000,-0.128,-0.250,0.250,,OP2_PT5_DEPTH - PL_FIXTURE / OP2CS
Distance,OP2_DEPTH_6,D1,6.043,6.000,0.043,-0.250,0.250,,OP2_PT6_DEPTH - PL_FIXTURE / OP2CS
Distance,OP2_DEPTH_7,D1,6.112,6.000,0.112,-0.250,0.250,,OP2_PT7_DEPTH - PL_FIXTURE / OP2CS
Distance,OP3_DEPTH_3,D1,5.995,6.000,-0.005,-0.250,0.250,,OP3_PT3_DEPTH - PL_FIXTURE / OP3CS
Distance,OP3_DEPTH_4,D1,6.046,6.000,0.046,-0.250,0.250,,OP3_PT4_DEPTH - PL_FIXTURE / OP3CS
Distance,OP3_DEPTH_5,D1,5.887,6.000,-0.113,-0.250,0.250,,OP3_PT5_DEPTH - PL_FIXTURE / OP3CS
Distance,OP3_DEPTH_6,D1,5.903,6.000,-0.097,-0.250,0.250,,OP3_PT6_DEPTH - PL_FIXTURE / OP3CS
Distance,OP4_DEPTH_1,D1,6.024,6.000,0.024,-0.250,0.250,,OP4_PT1_DEPTH - PL_FIXTURE / OP4CS
Distance,OP4_DEPTH_2,D1,6.130,6.000,0.130,-0.250,0.250,,OP4_PT2_DEPTH - PL_FIXTURE / OP4CS
Distance,OP4_DEPTH_3,D1,6.080,6.000,0.080,-0.250,0.250,,OP4_PT3_DEPTH - PL_FIXTURE / OP4CS
Distance,OP4_DEPTH_4,D1,6.026,6.000,0.026,-0.250,0.250,,OP4_PT4_DEPTH - PL_FIXTURE / OP4CS
Distance,OP4_DEPTH_5,D1,5.887,6.000,-0.113,-0.250,0.250,,OP4_PT5_DEPTH - PL_FIXTURE / OP4CS
Distance,OP4_DEPTH_6,D1,6.036,6.000,0.036,-0.250,0.250,,OP4_PT6_DEPTH - PL_FIXTURE / OP4CS
Distance,OP4_DEPTH_7,D1,6.068,6.000,0.068,-0.250,0.250,,OP4_PT7_DEPTH - PL_FIXTURE / OP4CS
Distance,OP5_DEPTH_3,D1,6.015,6.000,0.015,-0.250,0.250,,OP5_PT3_DEPTH - PL_FIXTURE / OP5CS
Distance,OP5_DEPTH_4,D1,6.143,6.000,0.143,-0.250,0.250,,OP5_PT4_DEPTH - PL_FIXTURE / OP5CS
Distance,OP5_DEPTH_5,D1,5.837,6.000,-0.163,-0.250,0.250,,OP5_PT5_DEPTH - PL_FIXTURE / OP5CS
Distance,OP5_DEPTH_6,D1,6.029,6.000,0.029,-0.250,0.250,,OP5_PT6_DEPTH - PL_FIXTURE / OP5CS
Distance,OP5_DEPTH_7,D1,6.021,6.000,0.021,-0.250,0.250,,OP5_PT7_DEPTH - PL_FIXTURE / OP5CS
Distance,OP6_DEPTH_1,D1,6.047,6.000,0.047,-0.250,0.250,,OP6_PT1_DEPTH - PL_FIXTURE / OP6CS
Distance,OP6_DEPTH_2,D1,6.096,6.000,0.096,-0.250,0.250,,OP6_PT2_DEPTH - PL_FIXTURE / OP6CS
Distance,OP6_DEPTH_3,D1,6.066,6.000,0.066,-0.250,0.250,,OP6_PT3_DEPTH - PL_FIXTURE / OP6CS
Distance,OP6_DEPTH_4,D1,6.162,6.000,0.162,-0.250,0.250,,OP6_PT4_DEPTH - PL_FIXTURE / OP6CS
Distance,OP6_DEPTH_5,D1,6.231,6.000,0.231,-0.250,0.250,,OP6_PT5_DEPTH - PL_FIXTURE / OP6CS
Distance,OP6_DEPTH_6,D1,6.253,6.000,0.253,-0.250,0.250,0.003,OP6_PT6_DEPTH - PL_FIXTURE / OP6CS
Distance,OP6_DEPTH_7,D1,6.201,6.000,0.201,-0.250,0.250,,OP6_PT7_DEPTH - PL_FIXTURE / OP6CS
Circle,CIR_25,X,-117.885,-120.300,2.415,,,,Inters. PL_PLAST_25 - CYL_25.
Circle,CIR_25,Y,86.376,87.400,-1.024,,,,
Circle,CIR_25,Z,178.337,179.200,-0.863,,,,
Circle,CIR_26,X,-156.670,-158.500,1.830,,,,Inters. PL_PLAST_26 - CYL_26.
Circle,CIR_26,Y,120.306,122.100,-1.794,,,,
Circle,CIR_26,Z,160.183,160.700,-0.517,,,,
Circle,CIR_9,X,-269.527,-270.700,1.173,,,,Inters. PL_PLAST_9 - CYL_9.
Circle,CIR_9,Y,87.281,89.700,-2.419,,,,
Circle,CIR_9,Z,88.933,88.300,0.633,,,,
Circle,CIR_11,DIAM,8.027,8.000,0.027,-0.200,0.200,,Criterion : Least Square (From 8 Pts On PL_PLAST_11) 
Circle,CIR_11,X,-269.518,-270.600,1.082,,,,
Circle,CIR_11,Y,60.431,62.700,-2.269,,,,
Circle,CIR_11,Z,52.459,51.400,1.059,,,,
Circle,CIR_12,DIAM,8.025,8.000,0.025,-0.200,0.200,,Criterion : Least Square (From 8 Pts On PL_PLAST_12) 
Circle,CIR_12,X,-291.073,-290.600,-0.473,,,,
Circle,CIR_12,Y,59.644,62.700,-3.056,,,,
Circle,CIR_12,Z,-147.038,-148.600,1.562,,,,
Circle,CIR_13,DIAM,6.871,6.800,0.071,-0.200,0.200,,Criterion : Least Square (From 8 Pts On PL_PLAST_13) 
Circle,CIR_13,X,-175.365,-174.700,-0.665,,,,
Circle,CIR_13,Y,85.403,86.600,-1.197,,,,
Circle,CIR_13,Z,-372.089,-373.600,1.511,,,,
Circle,CIR_14,DIAM,6.930,6.800,0.130,-0.200,0.200,,Criterion : Least Square (From 8 Pts On PL_PLAST_14) 
Circle,CIR_14,X,13.595,14.500,-0.905,,,,
Circle,CIR_14,Y,35.739,36.000,-0.261,,,,
Circle,CIR_14,Z,-374.902,-375.600,0.698,,,,
Circle,CIR_10,DIAM,6.921,6.800,0.121,-0.200,0.200,,Criterion : Least Square (From 8 Pts On PL_PLAST_10) 
Circle,CIR_10,X,-50.304,-50.100,-0.204,,,,
Circle,CIR_10,Y,127.701,127.700,0.001,,,,
Circle,CIR_10,Z,-9.045,-8.600,-0.445,,,,
Slot,SLOT_22,LEN,12.613,12.500,0.113,-0.200,0.200,,Criterion : Least Square (From 12 Pts On PL_PLAST_22) 
Slot,SLOT_22,WID,6.600,6.500,0.100,-0.200,0.200,,
Slot,SLOT_22,X,-131.108,-132.730,1.622,,,,
Slot,SLOT_22,Y,103.485,105.100,-1.615,,,,
Slot,SLOT_22,Z,128.196,128.800,-0.604,,,,
Distance,DEPTH_15,D1,22.242,22.000,0.242,0.000,8.000,,PNT_DEPTH_15 - PL_INS_15 / CS_SRF_TEMP_15.2
