Feat. Type,Feat. Name,Value,Actual,Nominal,Dev.,Tol-,Tol+,Out of Tol.,Comment
Text/Value,VAR_PROGRAM,VAL,,,,,,,'N:\Metrolog XG\Programmes\P-415\P-415 Complete (Module_16).gm2'
Text/Value,VAR_EVENEMENT,VAL,,,,,,,'DEM '
Text/Value,VAR_COMMENTAIRES,VAL,,,,,,,'290C'
Pos. Tol.,PTOL_B,PTOL,1.644,0.000,1.644,0.100,1.100,0.544,B(M)/NOMINAL - ABC_BEST - C-Zone - XY - Nominal
Pos. Tol.,PTOL_C2,PTOL,1.526,0.000,1.526,0.092,1.092,0.434,CIR_2(M)/NOMINAL - ABC_BEST - C-Zone - XY - Nominal
Pos. Tol.,PTOL_C3,PTOL,1.060,0.000,1.060,0.100,1.100,,CIR_3(M)/NOMINAL - ABC_BEST - C-Zone - XY - Nominal
Pos. Tol.,PTOL_C4,PTOL,1.003,0.000,1.003,0.100,1.100,,CIR_4(M)/NOMINAL - ABC_BEST - C-Zone - XY - Nominal
Pos. Tol.,PTOL_C5,PTOL,0.795,0.000,0.795,0.086,1.086,,CIR_5(M)/NOMINAL - ABC_BEST - C-Zone - XY - Nominal
Pos. Tol.,PTOL_C6,PTOL,0.748,0.000,0.748,0.050,1.050,,CIR_6(M)/NOMINAL - ABC_BEST - C-Zone - XY - Nominal
Pos. Tol.,PTOL_C7,PTOL,1.531,0.000,1.531,0.100,1.100,0.431,CIR_7(M)/NOMINAL - ABC_BEST - C-Zone - XY - Nominal
Pos. Tol.,PTOL_C8,PTOL,1.161,0.000,1.161,0.092,1.092,0.070,CIR_8(M)/NOMINAL - ABC_BEST - C-Zone - XY - Nominal
Pos. Tol.,PTOL_C9,PTOL,1.223,0.000,1.223,0.100,1.100,0.123,CIR_9(M)/NOMINAL - ABC_BEST - C-Zone - XY - Nominal
Pos. Tol.,PTOL_C10,PTOL,1.098,0.000,1.098,0.100,1.100,,CIR_10(M)/NOMINAL - ABC_BEST - C-Zone - XY - Nominal
Pos. Tol.,PTOL_K,PTOL,1.590,0.000,1.590,0.000,5.000,,K/NOMINAL - ABC_BEST - C-Zone - XY - Nominal
Pos. Tol.,PTOL_K1,PTOL,1.752,0.000,1.752,0.000,5.000,,K1/NOMINAL - ABC_BEST - C-Zone - XY - Nominal
Pos. Tol.,PTOL_K2,PTOL,2.591,0.000,2.591,0.000,5.000,,K2/NOMINAL - ABC_BEST - C-Zone - XY - Nominal
Pos. Tol.,PTOL_K3,PTOL,3.070,0.000,3.070,0.000,5.000,,K3/NOMINAL - ABC_BEST - C-Zone - XY - Nominal
Pos. Tol.,PTOL_2D_K,PTOL,0.599,0.000,0.599,0.000,0.800,,2D_K/NOMINAL - CS_LK - C-Zone - XZ - Nominal
Pos. Tol.,PTOL_2D_K1,PTOL,0.201,0.000,0.201,0.000,0.800,,2D_K1/NOMINAL - CS_LK - C-Zone - XZ - Nominal
Pos. Tol.,PTOL_2D_K2,PTOL,0.586,0.000,0.586,0.000,0.800,,2D_K2/NOMINAL - CS_LK - C-Zone - XZ - Nominal
Pos. Tol.,PTOL_2D_K3,PTOL,0.319,0.000,0.319,0.000,0.800,,2D_K3/NOMINAL - CS_LK - C-Zone - XZ - Nominal
Distance,HAUTEUR_INS_K,Y,0.014,0.000,0.014,0.000,0.500,,K - PL_K_PLAST / CS_TBA
Distance,HAUTEUR_INS_K1,Y,0.076,0.000,0.076,0.000,0.500,,K1 - PL_K1_PLAST / CS_TBA
Distance,HAUTEUR_INS_K2,Y,-0.011,0.000,-0.011,-0.000,0.500,-0.011,K2 - PL_K2_PLAST / CS_TBA
Distance,HAUTEUR_INS_K3,Y,-0.016,0.000,-0.016,-0.000,0.500,-0.016,K3 - PL_K3_PLAST / CS_TBA
