Feat. Type,Feat. Name,Value,Actual,Nominal,Dev.,Tol-,Tol+,Out of Tol.,Comment
Text/Value,VAR_PROGRAM,VAL,,,,,,,'N:\Metrolog XG\Programmes\V10 6.8L Triton\V10 6.8L Triton Stage-1 Module 51.gm2'
Text/Value,VAR_EVENEMENT,VAL,,,,,,,'Demarrage 10h40'
Text/Value,VAR_COMMENTAIRES,VAL,,,,,,,'303 B'
Flatness,FLAT_N,FLTN,0.951,0.000,0.951,0.000,2.000,,PL_DATUM_N
Circle,2D_CIR_50,X,0.457,0.000,0.457,,,,
Circle,2D_CIR_50,Y,164.942,165.000,-0.058,,,,
Pos. Tol.,POS_2D_50,PTOL,0.921,0.000,0.921,0.000,2.000,,2D_CIR_50/NOMINAL - CS_N_52_50_BF_ - C-Zone - XY - Nominal
Circle,2D_CIR_51,X,0.285,0.000,0.285,,,,
Circle,2D_CIR_51,Y,82.492,82.000,0.492,,,,
Pos. Tol.,POS_2D_51,PTOL,1.137,0.000,1.137,0.000,2.000,,2D_CIR_51/NOMINAL - CS_N_52_50_BF_ - C-Zone - XY - Nominal
Circle,2D_CIR_52,X,0.318,0.000,0.318,,,,
Circle,2D_CIR_52,Y,0.221,0.000,0.221,,,,
Pos. Tol.,POS_2D_52,PTOL,0.775,0.000,0.775,0.000,2.000,,2D_CIR_52/NOMINAL - CS_N_52_50_BF_ - C-Zone - XY - Nominal
Circle,2D_CIR_53,X,0.438,0.000,0.438,,,,
Circle,2D_CIR_53,Y,-82.154,-82.000,-0.154,,,,
Pos. Tol.,POS_2D_53,PTOL,0.929,0.000,0.929,0.000,2.000,,2D_CIR_53/NOMINAL - CS_N_52_50_BF_ - C-Zone - XY - Nominal
Circle,2D_CIR_54,X,0.163,0.000,0.163,,,,
Circle,2D_CIR_54,Y,-164.435,-165.000,0.565,,,,
Pos. Tol.,POS_2D_54,PTOL,1.176,0.000,1.176,0.000,2.000,,2D_CIR_54/NOMINAL - CS_N_52_50_BF_ - C-Zone - XY - Nominal
Circle,2D_CIR_55,X,-22.371,-22.200,-0.171,,,,
Circle,2D_CIR_55,Y,-214.356,-214.000,-0.356,,,,
Pos. Tol.,POS_2D_55,PTOL,0.790,0.000,0.790,0.000,2.000,,2D_CIR_55/NOMINAL - CS_N_52_50_BF_ - C-Zone - XY - Nominal
Circle,2D_CIR_56,X,-68.329,-68.200,-0.129,,,,
Circle,2D_CIR_56,Y,-214.549,-214.000,-0.549,,,,
Pos. Tol.,POS_2D_56,PTOL,1.128,0.000,1.128,0.000,2.000,,2D_CIR_56/NOMINAL - CS_N_52_50_BF_ - C-Zone - XY - Nominal
Circle,2D_CIR_57,X,-90.305,-90.100,-0.205,,,,
Circle,2D_CIR_57,Y,-123.716,-124.000,0.284,,,,
Pos. Tol.,POS_2D_57,PTOL,0.700,0.000,0.700,0.000,2.000,,2D_CIR_57/NOMINAL - CS_N_52_50_BF_ - C-Zone - XY - Nominal
Circle,2D_CIR_58,X,-90.405,-90.100,-0.305,,,,
Circle,2D_CIR_58,Y,-41.236,-41.000,-0.236,,,,
Pos. Tol.,POS_2D_58,PTOL,0.771,0.000,0.771,0.000,2.000,,2D_CIR_58/NOMINAL - CS_N_52_50_BF_ - C-Zone - XY - Nominal
Circle,2D_CIR_59,X,-90.434,-90.100,-0.334,,,,
Circle,2D_CIR_59,Y,41.167,41.000,0.167,,,,
Pos. Tol.,POS_2D_59,PTOL,0.748,0.000,0.748,0.000,2.000,,2D_CIR_59/NOMINAL - CS_N_52_50_BF_ - C-Zone - XY - Nominal
Circle,2D_CIR_60,X,-90.557,-90.100,-0.457,,,,
Circle,2D_CIR_60,Y,123.406,124.000,-0.594,,,,
Pos. Tol.,POS_2D_60,PTOL,1.498,0.000,1.498,0.000,2.000,,2D_CIR_60/NOMINAL - CS_N_52_50_BF_ - C-Zone - XY - Nominal
Circle,2D_CIR_61,X,-105.260,-105.200,-0.060,,,,
Circle,2D_CIR_61,Y,185.218,185.000,0.218,,,,
Pos. Tol.,POS_2D_61,PTOL,0.452,0.000,0.452,0.000,2.000,,2D_CIR_61/NOMINAL - CS_N_52_50_BF_ - C-Zone - XY - Nominal
Distance,H50,Z,-11.978,-12.000,0.022,-0.500,0.500,,PNT_BOTTOM_50 - PL_PLAST_50 / CS_N_52_50_BF
Distance,H51,Z,-12.215,-12.000,-0.215,-0.500,0.500,,PNT_BOTTOM_51 - PL_PLAST_51 / CS_N_52_50_BF
Distance,H52,Z,-11.975,-12.000,0.025,-0.500,0.500,,PNT_BOTTOM_52 - PL_PLAST_52 / CS_N_52_50_BF
Distance,H53,Z,-12.297,-12.000,-0.297,-0.500,0.500,,PNT_BOTTOM_53 - PL_PLAST_53 / CS_N_52_50_BF
Distance,H54,Z,-12.163,-12.000,-0.163,-0.500,0.500,,PNT_BOTTOM_54 - PL_PLAST_54 / CS_N_52_50_BF
Distance,H55,Z,-12.090,-12.000,-0.090,-0.500,0.500,,PNT_BOTTOM_55 - PL_PLAST_55 / CS_N_52_50_BF
Distance,H56,Z,-12.346,-12.000,-0.346,-0.500,0.500,,PNT_BOTTOM_56 - PL_PLAST_56 / CS_N_52_50_BF
Distance,H57,Z,-12.242,-12.000,-0.242,-0.500,0.500,,PNT_BOTTOM_57 - PL_PLAST_57 / CS_N_52_50_BF
Distance,H58,Z,-12.196,-12.000,-0.196,-0.500,0.500,,PNT_BOTTOM_58 - PL_PLAST_58 / CS_N_52_50_BF
Distance,H59,Z,-12.435,-12.000,-0.435,-0.500,0.500,,PNT_BOTTOM_59 - PL_PLAST_59 / CS_N_52_50_BF
Distance,H60,Z,-12.223,-12.000,-0.223,-0.500,0.500,,PNT_BOTTOM_60 - PL_PLAST_60 / CS_N_52_50_BF
Distance,H61,Z,-12.301,-12.000,-0.301,-0.500,0.500,,PNT_BOTTOM_61 - PL_PLAST_61 / CS_N_52_50_BF
Profile of Line,PROF_LSRC_OP_1,PRFL,1.040,0.000,1.040,0.000,2.000,,SCT_LSRC_OP10
Profile of Line,PROF_LSRC_OP_2,PRFL,1.251,0.000,1.251,0.000,2.000,,SCT_LSRC_OP2
Profile of Line,PROF_LSRC_OP_3,PRFL,1.525,0.000,1.525,0.000,2.000,,SCT_LSRC_OP3
Profile of Line,PROF_LSRC_OP_4,PRFL,0.935,0.000,0.935,0.000,2.000,,SCT_LSRC_OP4
Profile of Line,PROF_LSRC_OP_5,PRFL,1.243,0.000,1.243,0.000,2.000,,SCT_LSRC_OP5
Profile of Line,PROF_LSRC_OP_6,PRFL,0.632,0.000,0.632,0.000,2.000,,SCT_LSRC_OP6
Profile of Line,PROF_LSRC_OP_7,PRFL,1.390,0.000,1.390,0.000,2.000,,SCT_LSRC_OP7
Profile of Line,PROF_LSRC_OP_8,PRFL,0.782,0.000,0.782,0.000,2.000,,SCT_LSRC_OP8
Profile of Line,PROF_LSRC_OP_9,PRFL,1.310,0.000,1.310,0.000,2.000,,SCT_LSRC_OP9
Profile of Line,PROF_LSRC_OP_10,PRFL,1.040,0.000,1.040,0.000,2.000,,SCT_LSRC_OP10
