Feat. Type,Feat. Name,Value,Actual,Nominal,Dev.,Tol-,Tol+,Out of Tol.,Comment
Text/Value,VAR_PROGRAM,VAL,,,,,,,'N:\Metrolog XG\Programmes\D-33 RWD\D33 RWD Complete (Module 44).gm2'
Text/Value,VAR_EVENEMENT,VAL,,,,,,,'FIP 06054 NID 1'
Text/Value,VAR_COMMENTAIRES,VAL,,,,,,,'289C'
Circle,CIR_DATUM_B,DIAM,7.825,7.900,-0.075,-0.100,0.100,,Criterion : Least Square (From 3 Pts On PL_FIXTURE) 
Circle,CIR_DATUM_C,DIAM,7.893,7.900,-0.007,-0.100,0.100,,Criterion : Least Square (From 3 Pts On PL_FIXTURE) 
Circle,CIR_DATUM_C,X,4.404,4.400,0.004,,,,
Circle,CIR_DATUM_C,Z,-351.962,-351.650,-0.312,,,,
Pos. Tol.,POS_C,PTOL,0.624,0.000,0.624,0.000,0.475,0.149,CIR_DATUM_C/NOMINAL - CS_ABC - C-Zone - XZ - Nominal
Circle,CIR_8,DIAM,74.105,74.350,-0.245,-0.300,0.300,,Criterion : Least Square (From 14 Pts On PL_PLAST_TB) 
Circle,CIR_8,X,-80.051,-80.600,0.549,,,,
Circle,CIR_8,Y,91.737,92.200,-0.463,,,,
Circle,CIR_8,Z,81.612,82.900,-1.288,,,,
Pos. Tol.,POS_8,PTOL,2.737,0.000,2.737,0.055,4.230,,CIR_8(M)/NOMINAL - CS_ABC - C-Zone - YZ - Nominal
Circle,2D_CIR_16,Y,-32.533,-32.500,-0.033,,,,
Circle,2D_CIR_16,Z,-40.153,-40.000,-0.153,,,,
Circle,2D_CIR_17,Y,-32.483,-32.500,0.017,,,,
Circle,2D_CIR_17,Z,39.816,40.000,-0.184,,,,
Circle,2D_CIR_18,Y,32.367,32.500,-0.133,,,,
Circle,2D_CIR_18,Z,39.958,40.000,-0.042,,,,
Circle,2D_CIR_19,Y,32.280,32.500,-0.220,,,,
Circle,2D_CIR_19,Z,-40.126,-40.000,-0.126,,,,
Pos. Tol.,POS_2D_16,PTOL,0.312,0.000,0.312,0.000,0.500,,2D_CIR_16/NOMINAL - CS_DE - C-Zone - YZ - Nominal
Pos. Tol.,POS_2D_17,PTOL,0.371,0.000,0.371,0.000,0.500,,2D_CIR_17/NOMINAL - CS_DE - C-Zone - YZ - Nominal
Pos. Tol.,POS_2D_18,PTOL,0.280,0.000,0.280,0.000,0.700,,2D_CIR_18/NOMINAL - CS_DE - C-Zone - YZ - Nominal
Pos. Tol.,POS_2D_19,PTOL,0.507,0.000,0.507,0.000,0.700,,2D_CIR_19/NOMINAL - CS_DE - C-Zone - YZ - Nominal
Distance,INSERT HEIGHT 16,X,0.309,0.000,0.309,,,,CIR_16 - PL_PLAST_16 / CS_DE
Distance,INSERT HEIGHT 17,X,0.355,0.000,0.355,,,,CIR_17 - PL_PLAST_17 / CS_DE
Distance,INSERT HEIGHT 18,X,0.314,0.000,0.314,,,,CIR_18 - PL_PLAST_18 / CS_DE
Distance,INSERT HEIGHT 19,X,0.363,0.000,0.363,,,,CIR_19 - PL_PLAST_19 / CS_DE
Flatness,FLAT_D,FLTN,0.325,0.000,0.325,0.000,1.000,,PL_D
Circle,2D_CIR_20,X,-0.114,0.000,-0.114,,,,
Circle,2D_CIR_20,Z,-0.001,0.000,-0.001,,,,
Circle,2D_CIR_21,X,-0.114,0.000,-0.114,,,,
Circle,2D_CIR_21,Z,0.002,0.000,0.002,,,,
Pos. Tol.,POS_2D_20,PTOL,0.232,0.000,0.232,0.000,0.550,,2D_CIR_20/NOMINAL - CS_HJ - C-Zone - XY - Nominal
Pos. Tol.,POS_2D_21,PTOL,0.227,0.000,0.227,0.000,0.550,,2D_CIR_21/NOMINAL - CS_HJ - C-Zone - XY - Nominal
Distance,H_20,Z,0.234,0.000,0.234,0.000,0.500,,2D_CIR_20 - PL_PLAST_20 / CS_HJ
Distance,H_21,Z,0.195,0.000,0.195,0.000,0.500,,2D_CIR_21 - PL_PLAST_21 / CS_HJ
Circle,CIR_15,X,-108.048,-109.800,1.752,,,,Criterion : Least Square (From 6 Pts On PL_INS_15) 
Circle,CIR_15,Y,24.653,24.200,0.453,,,,
Distance,PROF_15,Z,131.119,130.800,0.319,-1.500,1.500,,CIR_15 - ORIGIN / CS_ABC
Pos. Tol.,POS_15,PTOL,3.619,0.000,3.619,0.000,5.000,,CIR_15/NOMINAL - CS_ABC - C-Zone - XY - Nominal
Distance,H_15,Z,0.318,0.000,0.318,0.000,0.500,,CIR_15 - PL_PLAST_15 / CS_ABC
Pos. Tol.,POS_42,PTOL,3.659,0.000,3.659,0.223,6.398,,CIR_42(M)/NOMINAL - CS_ABC - C-Zone - XYZ - Nominal
Pos. Tol.,POS_20,PTOL,3.543,0.000,3.543,0.000,6.175,,CIR_20/NOMINAL - CS_ABC - C-Zone - XYZ - Nominal
Pos. Tol.,POS_21,PTOL,3.566,0.000,3.566,0.000,6.175,,CIR_21/NOMINAL - CS_ABC - C-Zone - XYZ - Nominal
Circle,CIR_42,DIAM,36.733,36.660,0.073,-0.150,0.150,,Criterion : Least Square (From 20 Pts On PL_PLAST_42) 
Circle,CIR_42,X,-209.279,-210.550,1.271,,,,
Circle,CIR_42,Y,94.686,96.000,-1.314,,,,
Circle,CIR_42,Z,111.357,111.420,-0.063,,,,
Circle,CIR_20,X,-231.535,-232.370,0.835,,,,Criterion : Least Square (From 6 Pts On PL_INS_20) 
Circle,CIR_20,Y,105.277,106.800,-1.523,,,,
Circle,CIR_20,Z,91.779,91.430,0.349,,,,
Circle,CIR_21,X,-187.199,-188.730,1.531,,,,Criterion : Least Square (From 6 Pts On PL_INS_21) 
Circle,CIR_21,Y,84.297,85.200,-0.903,,,,
Circle,CIR_21,Z,131.276,131.420,-0.144,,,,
Distance,DEPTH_16,D1,17.995,17.800,0.195,0.000,8.000,,PNT_DEPTH_16 - PL_INS_16 / CS_DE
Distance,DEPTH_17,D1,18.127,17.800,0.327,0.000,8.000,,PNT_DEPTH_17 - PL_INS_17 / CS_DE
Distance,DEPTH_18,D1,21.712,17.800,3.912,0.000,8.000,,PNT_DEPTH_18 - PL_INS_18 / CS_DE
Distance,DEPTH_19,D1,23.181,17.800,5.381,0.000,8.000,,PNT_DEPTH_19 - PL_INS_19 / CS_DE
Circle,CIR_16,X,-77.176,-77.073,-0.104,,,,Criterion : Least Square (From 6 Pts On PL_INS_16) 
Circle,CIR_16,Y,59.381,59.880,-0.499,,,,
Circle,CIR_16,Z,41.415,42.924,-1.509,,,,
Circle,CIR_17,X,-75.518,-77.073,1.554,,,,Criterion : Least Square (From 6 Pts On PL_INS_17) 
Circle,CIR_17,Y,59.489,59.880,-0.391,,,,
Circle,CIR_17,Z,121.366,122.924,-1.558,,,,
Circle,CIR_18,X,-81.741,-82.732,0.992,,,,Criterion : Least Square (From 6 Pts On PL_INS_18) 
Circle,CIR_18,Y,124.039,124.633,-0.594,,,,
Circle,CIR_18,Z,121.591,122.924,-1.333,,,,
Circle,CIR_19,X,-83.238,-82.732,-0.506,,,,Criterion : Least Square (From 6 Pts On PL_INS_19) 
Circle,CIR_19,Y,123.910,124.633,-0.723,,,,
Circle,CIR_19,Z,41.520,42.924,-1.404,,,,
Pos. Tol.,POS_16,PTOL,3.179,0.000,3.179,0.000,4.175,,CIR_16/NOMINAL - CS_ABC - C-Zone - YZ - Nominal
Pos. Tol.,POS_17,PTOL,3.213,0.000,3.213,0.000,4.175,,CIR_17/NOMINAL - CS_ABC - C-Zone - YZ - Nominal
Pos. Tol.,POS_18,PTOL,2.919,0.000,2.919,0.000,4.175,,CIR_18/NOMINAL - CS_ABC - C-Zone - YZ - Nominal
Pos. Tol.,POS_19,PTOL,3.158,0.000,3.158,0.000,4.175,,CIR_19/NOMINAL - CS_ABC - C-Zone - YZ - Nominal
Profile of Line,PROF_OP1,PRFL,1.801,0.000,1.801,0.000,2.175,,SCT_OP1
Profile of Line,PROF_OP2,PRFL,0.522,0.000,0.522,0.000,2.175,,SCT_OP2
Profile of Line,PROF_OP3,PRFL,0.603,0.000,0.603,0.000,2.175,,SCT_OP3
Profile of Line,PROF_OP4,PRFL,0.209,0.000,0.209,0.000,2.175,,SCT_OP4
Profile of Line,PROF_OP5,PRFL,1.144,0.000,1.144,0.000,2.175,,SCT_OP5
Profile of Line,PROF_OP6,PRFL,0.865,0.000,0.865,0.000,2.175,,SCT_OP6
Pos. Tol.,POS_B,PTOL,0.000,0.000,0.000,0.000,0.300,,CIR_DATUM_B/NOMINAL - CS_ABC - C-Zone - XZ - Nominal
Pos. Tol.,POS_1,PTOL,0.450,0.000,0.450,0.000,1.175,,CIR1/NOMINAL - CS_ABC - C-Zone - XZ - Nominal
Pos. Tol.,POS_2,PTOL,0.627,0.000,0.627,0.000,1.175,,CIR2/NOMINAL - CS_ABC - C-Zone - XZ - Nominal
Pos. Tol.,POS_3,PTOL,0.324,0.000,0.324,0.000,1.175,,CIR3/NOMINAL - CS_ABC - C-Zone - XZ - Nominal
Pos. Tol.,POS_4,PTOL,0.227,0.000,0.227,0.000,1.175,,CIR4/NOMINAL - CS_ABC - C-Zone - XZ - Nominal
Pos. Tol.,POS_5,PTOL,0.394,0.000,0.394,0.000,1.175,,CIR5/NOMINAL - CS_ABC - C-Zone - XZ - Nominal
Pos. Tol.,POS_6,PTOL,0.754,0.000,0.754,0.000,1.175,,CIR6/NOMINAL - CS_ABC - C-Zone - XZ - Nominal
Pos. Tol.,POS_31,PTOL,0.838,0.000,0.838,0.000,1.175,,CIR31/NOMINAL - CS_ABC - C-Zone - XZ - Nominal
Pos. Tol.,POS_32,PTOL,1.232,0.000,1.232,0.000,1.175,0.057,CIR32/NOMINAL - CS_ABC - C-Zone - XZ - Nominal
Profile of Line,PROF_2D_OW_TB_GROOVE,PRFL,0.631,0.000,0.631,0.000,1.000,,SECT_2D_OW_TB
Profile of Line,PROF_IW_OP1,PRFL,1.232,0.000,1.232,0.000,1.500,,SECT_IW_OP1
Profile of Line,PROF_IW_OP2,PRFL,0.461,0.000,0.461,0.000,1.500,,SECT_IW_OP2
Profile of Line,PROF_IW_OP3,PRFL,0.197,0.000,0.197,0.000,1.500,,SECT_IW_OP3
Profile of Line,PROF_IW_OP4,PRFL,0.335,0.000,0.335,0.000,1.500,,SECT_IW_OP4
Profile of Line,PROF_IW_OP5,PRFL,0.737,0.000,0.737,0.000,1.500,,SECT_IW_OP5
Profile of Line,PROF_IW_OP6,PRFL,1.057,0.000,1.057,0.000,1.500,,SECT_IW_OP6
Pos. Tol.,POS_10,PTOL,1.877,0.000,1.877,0.000,4.175,,CIR_10/NOMINAL - CS_ABC - C-Zone - XZ - Nominal
Pos. Tol.,POS_11,PTOL,2.728,0.000,2.728,0.000,4.175,,CIR_11/NOMINAL - CS_ABC - C-Zone - XZ - Nominal
Pos. Tol.,POS_12,PTOL,3.530,0.000,3.530,0.000,5.175,,CIR_12/NOMINAL - CS_ABC - C-Zone - XZ - Nominal
Pos. Tol.,POS_13,PTOL,3.327,0.000,3.327,0.000,5.175,,CIR_13/NOMINAL - CS_ABC - C-Zone - XZ - Nominal
Pos. Tol.,POS_14,PTOL,2.128,0.000,2.128,0.000,4.175,,CIR_14/NOMINAL - CS_ABC - C-Zone - XZ - Nominal
Pos. Tol.,POS_22,PTOL,3.091,0.000,3.091,0.000,6.175,,SLOT_22/NOMINAL - CS_ABC - C-Zone - XY - Nominal
Pos. Tol.,POS_9,PTOL,4.581,0.000,4.581,0.000,7.175,,CIR_9/NOMINAL - CS_ABC - C-Zone - XYZ - Nominal
Pos. Tol.,POS_25,PTOL,3.455,0.000,3.455,0.000,7.175,,CIR_25/NOMINAL - CS_ABC - C-Zone - XY - Nominal
Pos. Tol.,POS_26,PTOL,3.439,0.000,3.439,0.000,6.175,,CIR_26/NOMINAL - CS_ABC - C-Zone - XY - Nominal
Distance,HEIGHT_B,D1,6.249,6.450,-0.201,-0.100,0.100,-0.101,PNT_TOP_B - PL_FIXTURE / CS_ABC
Distance,HEIGHT_C,D1,6.342,6.450,-0.108,-0.100,0.100,-0.008,PNT_TOP_C - PL_FIXTURE / CS_ABC
Circle,CIR2,X,-16.788,-16.500,-0.288,,,,From 4 Pts On PL_FIXTURE
Circle,CIR2,Z,-351.724,-351.600,-0.124,,,,
Circle,CIR1,X,54.513,54.400,0.113,,,,From 4 Pts On PL_FIXTURE
Circle,CIR1,Z,-346.795,-346.600,-0.195,,,,
Circle,CIR6,X,54.062,54.400,-0.338,,,,From 4 Pts On PL_FIXTURE
Circle,CIR6,Z,-240.768,-240.600,-0.168,,,,
Circle,CIR5,X,54.294,54.400,-0.106,,,,From 4 Pts On PL_FIXTURE
Circle,CIR5,Z,-134.767,-134.600,-0.166,,,,
Circle,CIR4,X,54.345,54.400,-0.055,,,,From 4 Pts On PL_FIXTURE
Circle,CIR4,Z,-27.200,-27.100,-0.099,,,,
Circle,CIR3,X,-16.651,-16.500,-0.151,,,,From 4 Pts On PL_FIXTURE
Circle,CIR3,Z,-1.042,-1.100,0.059,,,,
Circle,CIR32,X,-30.803,-30.200,-0.603,,,,From 4 Pts On PL_FIXTURE
Circle,CIR32,Z,-124.427,-124.300,-0.127,,,,
Circle,CIR31,X,-30.571,-30.200,-0.371,,,,From 4 Pts On PL_FIXTURE
Circle,CIR31,Z,-230.493,-230.300,-0.193,,,,
Distance,DEPTH_TB1,D1,5.053,5.000,0.053,-0.250,0.250,,TB_BOT_1.1 - PL_D / CS_DE
Distance,DEPTH_TB2,D1,4.938,5.000,-0.062,-0.250,0.250,,TB_BOT_1.2 - PL_D / CS_DE
Distance,DEPTH_TB3,D1,5.027,5.000,0.027,-0.250,0.250,,TB_BOT_1.3 - PL_D / CS_DE
Distance,DEPTH_TB4,D1,4.944,5.000,-0.056,-0.250,0.250,,TB_BOT_1.4 - PL_D / CS_DE
Distance,DEPTH_TB5,D1,5.097,5.000,0.097,-0.250,0.250,,TB_BOT_1.5 - PL_D / CS_DE
Distance,DEPTH_TB6,D1,4.989,5.000,-0.011,-0.250,0.250,,TB_BOT_1.6 - PL_D / CS_DE
Distance,DEPTH_TB7,D1,5.029,5.000,0.029,-0.250,0.250,,TB_BOT_1.7 - PL_D / CS_DE
Distance,DEPTH_TB8,D1,5.007,5.000,0.007,-0.250,0.250,,TB_BOT_1.8 - PL_D / CS_DE
Distance,PROF_RECESS_SURFACE_TB,D1,0.828,0.650,0.178,0.000,0.750,,PL_PLAST_RECESS_TB - PL_D / CS_DE
Distance,OP1_DEPTH_1,D1,6.151,6.000,0.151,-0.250,0.250,,OP1_PT1_DEPTH - PL_FIXTURE / OP1CS
Distance,OP1_DEPTH_2,D1,5.876,6.000,-0.124,-0.250,0.250,,OP1_PT2_DEPTH - PL_FIXTURE / OP1CS
Distance,OP1_DEPTH_3,D1,5.979,6.000,-0.021,-0.250,0.250,,OP1_PT3_DEPTH - PL_FIXTURE / OP1CS
Distance,OP1_DEPTH_4,D1,6.039,6.000,0.039,-0.250,0.250,,OP1_PT4_DEPTH - PL_FIXTURE / OP1CS
Distance,OP1_DEPTH_5,D1,6.026,6.000,0.026,-0.250,0.250,,OP1_PT5_DEPTH - PL_FIXTURE / OP1CS
Distance,OP1_DEPTH_6,D1,6.072,6.000,0.072,-0.250,0.250,,OP1_PT6_DEPTH - PL_FIXTURE / OP1CS
Distance,OP1_DEPTH_7,D1,6.204,6.000,0.204,-0.250,0.250,,OP1_PT7_DEPTH - PL_FIXTURE / OP1CS
Distance,OP2_DEPTH_1,D1,6.035,6.000,0.035,-0.250,0.250,,OP2_PT1_DEPTH - PL_FIXTURE / OP2CS
Distance,OP2_DEPTH_2,D1,5.966,6.000,-0.034,-0.250,0.250,,OP2_PT2_DEPTH - PL_FIXTURE / OP2CS
Distance,OP2_DEPTH_3,D1,5.982,6.000,-0.018,-0.250,0.250,,OP2_PT3_DEPTH - PL_FIXTURE / OP2CS
Distance,OP2_DEPTH_4,D1,6.023,6.000,0.023,-0.250,0.250,,OP2_PT4_DEPTH - PL_FIXTURE / OP2CS
Distance,OP2_DEPTH_5,D1,5.909,6.000,-0.091,-0.250,0.250,,OP2_PT5_DEPTH - PL_FIXTURE / OP2CS
Distance,OP2_DEPTH_6,D1,6.077,6.000,0.077,-0.250,0.250,,OP2_PT6_DEPTH - PL_FIXTURE / OP2CS
Distance,OP2_DEPTH_7,D1,6.123,6.000,0.123,-0.250,0.250,,OP2_PT7_DEPTH - PL_FIXTURE / OP2CS
Distance,OP3_DEPTH_3,D1,6.030,6.000,0.030,-0.250,0.250,,OP3_PT3_DEPTH - PL_FIXTURE / OP3CS
Distance,OP3_DEPTH_4,D1,6.079,6.000,0.079,-0.250,0.250,,OP3_PT4_DEPTH - PL_FIXTURE / OP3CS
Distance,OP3_DEPTH_5,D1,5.940,6.000,-0.060,-0.250,0.250,,OP3_PT5_DEPTH - PL_FIXTURE / OP3CS
Distance,OP3_DEPTH_6,D1,5.938,6.000,-0.062,-0.250,0.250,,OP3_PT6_DEPTH - PL_FIXTURE / OP3CS
Distance,OP4_DEPTH_1,D1,6.037,6.000,0.037,-0.250,0.250,,OP4_PT1_DEPTH - PL_FIXTURE / OP4CS
Distance,OP4_DEPTH_2,D1,6.070,6.000,0.070,-0.250,0.250,,OP4_PT2_DEPTH - PL_FIXTURE / OP4CS
Distance,OP4_DEPTH_3,D1,6.012,6.000,0.012,-0.250,0.250,,OP4_PT3_DEPTH - PL_FIXTURE / OP4CS
Distance,OP4_DEPTH_4,D1,6.027,6.000,0.027,-0.250,0.250,,OP4_PT4_DEPTH - PL_FIXTURE / OP4CS
Distance,OP4_DEPTH_5,D1,5.894,6.000,-0.106,-0.250,0.250,,OP4_PT5_DEPTH - PL_FIXTURE / OP4CS
Distance,OP4_DEPTH_6,D1,6.035,6.000,0.035,-0.250,0.250,,OP4_PT6_DEPTH - PL_FIXTURE / OP4CS
Distance,OP4_DEPTH_7,D1,6.115,6.000,0.115,-0.250,0.250,,OP4_PT7_DEPTH - PL_FIXTURE / OP4CS
Distance,OP5_DEPTH_3,D1,6.049,6.000,0.049,-0.250,0.250,,OP5_PT3_DEPTH - PL_FIXTURE / OP5CS
Distance,OP5_DEPTH_4,D1,6.169,6.000,0.169,-0.250,0.250,,OP5_PT4_DEPTH - PL_FIXTURE / OP5CS
Distance,OP5_DEPTH_5,D1,5.869,6.000,-0.131,-0.250,0.250,,OP5_PT5_DEPTH - PL_FIXTURE / OP5CS
Distance,OP5_DEPTH_6,D1,6.008,6.000,0.008,-0.250,0.250,,OP5_PT6_DEPTH - PL_FIXTURE / OP5CS
Distance,OP5_DEPTH_7,D1,6.014,6.000,0.014,-0.250,0.250,,OP5_PT7_DEPTH - PL_FIXTURE / OP5CS
Distance,OP6_DEPTH_1,D1,6.044,6.000,0.044,-0.250,0.250,,OP6_PT1_DEPTH - PL_FIXTURE / OP6CS
Distance,OP6_DEPTH_2,D1,6.095,6.000,0.095,-0.250,0.250,,OP6_PT2_DEPTH - PL_FIXTURE / OP6CS
Distance,OP6_DEPTH_3,D1,6.039,6.000,0.039,-0.250,0.250,,OP6_PT3_DEPTH - PL_FIXTURE / OP6CS
Distance,OP6_DEPTH_4,D1,6.133,6.000,0.133,-0.250,0.250,,OP6_PT4_DEPTH - PL_FIXTURE / OP6CS
Distance,OP6_DEPTH_5,D1,6.156,6.000,0.156,-0.250,0.250,,OP6_PT5_DEPTH - PL_FIXTURE / OP6CS
Distance,OP6_DEPTH_6,D1,6.187,6.000,0.187,-0.250,0.250,,OP6_PT6_DEPTH - PL_FIXTURE / OP6CS
Distance,OP6_DEPTH_7,D1,6.173,6.000,0.173,-0.250,0.250,,OP6_PT7_DEPTH - PL_FIXTURE / OP6CS
Circle,CIR_25,X,-118.576,-120.300,1.724,,,,Inters. PL_PLAST_25 - CYL_25.
Circle,CIR_25,Y,87.293,87.400,-0.107,,,,
Circle,CIR_25,Z,178.147,179.200,-1.053,,,,
Circle,CIR_26,X,-157.023,-158.500,1.477,,,,Inters. PL_PLAST_26 - CYL_26.
Circle,CIR_26,Y,121.220,122.100,-0.880,,,,
Circle,CIR_26,Z,160.047,160.700,-0.653,,,,
Circle,CIR_9,X,-269.970,-270.700,0.731,,,,Inters. PL_PLAST_9 - CYL_9.
Circle,CIR_9,Y,87.556,89.700,-2.144,,,,
Circle,CIR_9,Z,87.963,88.300,-0.337,,,,
Circle,CIR_11,DIAM,8.021,8.000,0.021,-0.200,0.200,,Criterion : Least Square (From 8 Pts On PL_PLAST_11) 
Circle,CIR_11,X,-269.669,-270.600,0.931,,,,
Circle,CIR_11,Y,60.946,62.700,-1.754,,,,
Circle,CIR_11,Z,52.397,51.400,0.997,,,,
Circle,CIR_12,DIAM,8.021,8.000,0.021,-0.200,0.200,,Criterion : Least Square (From 8 Pts On PL_PLAST_12) 
Circle,CIR_12,X,-291.448,-290.600,-0.848,,,,
Circle,CIR_12,Y,59.372,62.700,-3.328,,,,
Circle,CIR_12,Z,-147.052,-148.600,1.548,,,,
Circle,CIR_13,DIAM,6.867,6.800,0.067,-0.200,0.200,,Criterion : Least Square (From 8 Pts On PL_PLAST_13) 
Circle,CIR_13,X,-175.882,-174.700,-1.182,,,,
Circle,CIR_13,Y,84.778,86.600,-1.822,,,,
Circle,CIR_13,Z,-372.429,-373.600,1.171,,,,
Circle,CIR_14,DIAM,6.929,6.800,0.129,-0.200,0.200,,Criterion : Least Square (From 8 Pts On PL_PLAST_14) 
Circle,CIR_14,X,13.534,14.500,-0.966,,,,
Circle,CIR_14,Y,35.639,36.000,-0.361,,,,
Circle,CIR_14,Z,-375.153,-375.600,0.447,,,,
Circle,CIR_10,DIAM,6.921,6.800,0.121,-0.200,0.200,,Criterion : Least Square (From 8 Pts On PL_PLAST_10) 
Circle,CIR_10,X,-50.702,-50.100,-0.602,,,,
Circle,CIR_10,Y,127.540,127.700,-0.160,,,,
Circle,CIR_10,Z,-9.320,-8.600,-0.720,,,,
Slot,SLOT_22,LEN,12.610,12.500,0.110,-0.200,0.200,,Criterion : Least Square (From 12 Pts On PL_PLAST_22) 
Slot,SLOT_22,WID,6.590,6.500,0.090,-0.200,0.200,,
Slot,SLOT_22,X,-131.453,-132.730,1.277,,,,
Slot,SLOT_22,Y,104.230,105.100,-0.870,,,,
Slot,SLOT_22,Z,127.930,128.800,-0.870,,,,
Distance,DEPTH_15,D1,22.274,22.000,0.274,0.000,8.000,,PNT_DEPTH_15 - PL_INS_15 / CS_SRF_TEMP_15.2
