Feat. Type,Feat. Name,Value,Actual,Nominal,Dev.,Tol-,Tol+,Out of Tol.,Comment
Text/Value,VAR_PROGRAM,VAL,,,,,,,'N:\Metrolog XG\Programmes\Denso 640F\Denso 640F Complet (Module 51).gm2'
Text/Value,VAR_EVENEMENT,VAL,,,,,,,'Demarrage Stage 3'
Text/Value,VAR_COMMENTAIRES,VAL,,,,,,,'286 A'
Circle,CIR_1,DIAM,9.224,9.000,0.224,-0.450,0.350,,Criterion : Least Square (From 6 Pts On PL_FIXTURE) 
Circle,CIR_1,X,0.000,0.000,0.000,,,,
Circle,CIR_1,Y,0.000,0.000,0.000,,,,
Pos. Tol.,POS_1,PTOL,0.000,0.000,0.000,0.674,1.174,,CIR_1(M)/NOMINAL - CS_ABC_BF - C-Zone - XY - Nominal
Circle,CIR_2,DIAM,9.143,9.000,0.143,-0.450,0.350,,Criterion : Least Square (From 6 Pts On PL_FIXTURE) 
Circle,CIR_2,X,11.861,11.500,0.361,,,,
Circle,CIR_2,Y,-100.293,-100.250,-0.043,,,,
Pos. Tol.,POS_2,PTOL,0.727,0.000,0.727,0.593,1.093,,CIR_2(M)/NOMINAL - CS_ABC_BF - C-Zone - XY - Nominal
Circle,CIR_3,DIAM,9.217,9.000,0.217,-0.450,0.350,,Criterion : Least Square (From 6 Pts On PL_FIXTURE) 
Circle,CIR_3,X,-19.451,-19.500,0.049,,,,
Circle,CIR_3,Y,-205.811,-205.750,-0.061,,,,
Pos. Tol.,POS_3,PTOL,0.157,0.000,0.157,0.667,1.167,,CIR_3(M)/NOMINAL - CS_ABC_BF - C-Zone - XY - Nominal
Circle,CIR_4,DIAM,9.218,9.000,0.218,-0.450,0.350,,Criterion : Least Square (From 6 Pts On PL_FIXTURE) 
Circle,CIR_4,X,11.545,11.500,0.045,,,,
Circle,CIR_4,Y,-311.309,-311.250,-0.059,,,,
Pos. Tol.,POS_4,PTOL,0.149,0.000,0.149,0.668,1.168,,CIR_4(M)/NOMINAL - CS_ABC_BF - C-Zone - XY - Nominal
Circle,CIR_5,DIAM,9.145,9.000,0.145,-0.450,0.350,,Criterion : Least Square (From 6 Pts On PL_FIXTURE) 
Circle,CIR_5,X,-17.167,-16.500,-0.667,,,,
Circle,CIR_5,Y,-408.021,-408.000,-0.021,,,,
Pos. Tol.,POS_5,PTOL,1.335,0.000,1.335,0.595,1.095,0.240,CIR_5(M)/NOMINAL - CS_ABC_BF - C-Zone - XY - Nominal
Circle,CIR_6,DIAM,9.208,9.000,0.208,-0.450,0.350,,Criterion : Least Square (From 6 Pts On PL_FIXTURE) 
Circle,CIR_6,X,264.325,264.700,-0.375,,,,
Circle,CIR_6,Y,-432.567,-432.500,-0.067,,,,
Pos. Tol.,POS_6,PTOL,0.763,0.000,0.763,0.658,1.158,,CIR_6(M)/NOMINAL - CS_ABC_BF - C-Zone - XY - Nominal
Circle,CIR_7,DIAM,9.225,9.000,0.225,-0.450,0.350,,Criterion : Least Square (From 6 Pts On PL_FIXTURE) 
Circle,CIR_7,X,252.668,253.200,-0.532,,,,
Circle,CIR_7,Y,-332.276,-332.250,-0.026,,,,
Pos. Tol.,POS_7,PTOL,1.065,0.000,1.065,0.675,1.175,,CIR_7(M)/NOMINAL - CS_ABC_BF - C-Zone - XY - Nominal
Circle,CIR_8,DIAM,9.148,9.000,0.148,-0.450,0.350,,Criterion : Least Square (From 6 Pts On PL_FIXTURE) 
Circle,CIR_8,X,283.835,284.200,-0.365,,,,
Circle,CIR_8,Y,-226.978,-226.750,-0.228,,,,
Pos. Tol.,POS_8,PTOL,0.861,0.000,0.861,0.598,1.098,,CIR_8(M)/NOMINAL - CS_ABC_BF - C-Zone - XY - Nominal
Circle,CIR_9,DIAM,9.223,9.000,0.223,-0.450,0.350,,Criterion : Least Square (From 6 Pts On PL_FIXTURE) 
Circle,CIR_9,X,253.149,253.200,-0.051,,,,
Circle,CIR_9,Y,-121.306,-121.250,-0.056,,,,
Pos. Tol.,POS_9,PTOL,0.152,0.000,0.152,0.673,1.173,,CIR_9(M)/NOMINAL - CS_ABC_BF - C-Zone - XY - Nominal
Circle,CIR_10,DIAM,9.228,9.000,0.228,-0.450,0.350,,Criterion : Least Square (From 6 Pts On PL_FIXTURE) 
Circle,CIR_10,X,281.531,281.200,0.331,,,,
Circle,CIR_10,Y,-24.529,-24.500,-0.029,,,,
Pos. Tol.,POS_10,PTOL,0.664,0.000,0.664,0.678,1.178,,CIR_10(M)/NOMINAL - CS_ABC_BF - C-Zone - XY - Nominal
Distance,PLASTIC_1,Z,19.935,20.000,-0.065,-0.150,0.100,,PNT_TOP_1 - PNT_BOTTOM_1 / CS_ABC_BF
Distance,PLASTIC_2,Z,19.982,20.000,-0.018,-0.100,0.100,,PNT_TOP_2 - PNT_BOTTOM_2 / CS_ABC_BF
Distance,PLASTIC_3,Z,19.975,20.000,-0.025,-0.100,0.100,,PNT_TOP_3 - PNT_BOTTOM_3 / CS_ABC_BF
Distance,PLASTIC_4,Z,19.993,20.000,-0.007,-0.100,0.100,,PNT_TOP_4 - PNT_BOTTOM_4 / CS_ABC_BF
Distance,PLASTIC_5,Z,20.061,20.000,0.061,-0.100,0.100,,PNT_TOP_5 - PNT_BOTTOM_5 / CS_ABC_BF
Distance,PLASTIC_6,Z,20.013,20.000,0.013,-0.100,0.100,,PNT_TOP_6 - PNT_BOTTOM_6 / CS_ABC_BF
Distance,PLASTIC_7,Z,19.947,20.000,-0.053,-0.100,0.100,,PNT_TOP_7 - PNT_BOTTOM_7 / CS_ABC_BF
Distance,PLASTIC_8,Z,19.926,20.000,-0.074,-0.100,0.100,,PNT_TOP_8 - PNT_BOTTOM_8 / CS_ABC_BF
Distance,PLASTIC_9,Z,19.951,20.000,-0.049,-0.100,0.100,,PNT_TOP_9 - PNT_BOTTOM_9 / CS_ABC_BF
Distance,PLASTIC_10,Z,19.955,20.000,-0.045,-0.100,0.100,,PNT_TOP_10 - PNT_BOTTOM_10 / CS_ABC_BF
Circle,CIR_11,X,87.690,87.400,0.290,,,,Criterion : Least Square (From 6 Pts On PL_INS_11) 
Circle,CIR_11,Y,-164.265,-163.800,-0.465,,,,
Pos. Tol.,POS_11,PTOL,1.097,0.000,1.097,0.000,2.674,,CIR_11/NOMINAL - CS_ABC_BF - C-Zone - XY - Nominal
Circle,CIR_12,X,92.417,92.400,0.017,,,,Criterion : Least Square (From 6 Pts On PL_INS_12) 
Circle,CIR_12,Y,-238.117,-238.250,0.133,,,,
Pos. Tol.,POS_12,PTOL,0.269,0.000,0.269,0.000,2.674,,CIR_12/NOMINAL - CS_ABC_BF - C-Zone - XY - Nominal
Circle,CIR_13,X,37.073,37.400,-0.327,,,,Criterion : Least Square (From 6 Pts On PL_INS_13) 
Circle,CIR_13,Y,-352.434,-352.300,-0.134,,,,
Pos. Tol.,POS_13,PTOL,0.706,0.000,0.706,0.000,2.674,,CIR_13/NOMINAL - CS_ABC_BF - C-Zone - XY - Nominal
Circle,CIR_14,X,-28.001,-27.800,-0.201,,,,Criterion : Least Square (From 6 Pts On PL_INS_14) 
Circle,CIR_14,Y,-370.606,-370.900,0.294,,,,
Pos. Tol.,POS_14,PTOL,0.711,0.000,0.711,0.000,2.674,,CIR_14/NOMINAL - CS_ABC_BF - C-Zone - XY - Nominal
Circle,CIR_17,X,153.410,153.400,0.010,,,,Criterion : Least Square (From 6 Pts On PL_INS_17) 
Circle,CIR_17,Y,-261.348,-261.300,-0.048,,,,
Pos. Tol.,POS_17,PTOL,0.099,0.000,0.099,0.000,2.674,,CIR_17/NOMINAL - CS_ABC_BF - C-Zone - XY - Nominal
Circle,CIR_20,X,303.262,303.400,-0.138,,,,Criterion : Least Square (From 6 Pts On PL_INS_20) 
Circle,CIR_20,Y,-155.037,-154.300,-0.737,,,,
Pos. Tol.,POS_20,PTOL,1.500,0.000,1.500,0.000,2.674,,CIR_20/NOMINAL - CS_ABC_BF - C-Zone - XY - Nominal
Circle,CIR_21,X,214.590,214.400,0.190,,,,Criterion : Least Square (From 6 Pts On PL_INS_21) 
Circle,CIR_21,Y,-61.291,-61.300,0.009,,,,
Pos. Tol.,POS_21,PTOL,0.380,0.000,0.380,0.000,2.674,,CIR_21/NOMINAL - CS_ABC_BF - C-Zone - XY - Nominal
Circle,CIR_15,X,147.167,147.200,-0.033,,,,Criterion : Least Square (From 6 Pts On PL_INS_15) 
Circle,CIR_15,Y,-40.591,-40.600,0.009,,,,
Pos. Tol.,POS_15,PTOL,0.069,0.000,0.069,0.000,1.000,,CIR_15/NOMINAL - CS_AF_BF - C-Zone - XY - Nominal
Circle,CIR_16,X,170.243,170.000,0.243,,,,Criterion : Least Square (From 6 Pts On PL_INS_16) 
Circle,CIR_16,Y,-54.077,-54.000,-0.077,,,,
Pos. Tol.,POS_16,PTOL,0.509,0.000,0.509,0.000,1.000,,CIR_16/NOMINAL - CS_AD - C-Zone - XY - Nominal
Circle,2D_CIR_18,X,-0.998,-1.000,0.002,,,,
Circle,2D_CIR_18,Y,-104.779,-105.000,0.221,,,,
Pos. Tol.,POS_18,PTOL,0.442,0.000,0.442,0.000,1.000,,2D_CIR_18/NOMINAL - CS_AGH_BF - C-Zone - XY - Nominal
Circle,2D_CIR_19,X,-107.000,-107.000,0.000,,,,
Circle,2D_CIR_19,Y,-32.001,-32.000,-0.001,,,,
Pos. Tol.,POS_19,PTOL,0.001,0.000,0.001,0.000,1.000,,2D_CIR_19/NOMINAL - CS_AGH_BF - C-Zone - XY - Nominal
Distance,H11,Z,0.067,0.000,0.067,0.000,0.300,,CIR_11 - PL_PLAST_11 / CS_ABC_BF
Distance,H12,Z,0.041,0.000,0.041,0.000,0.300,,CIR_12 - PL_PLAST_12 / CS_ABC_BF
Distance,H13,Z,0.079,0.000,0.079,0.000,0.300,,CIR_13 - PL_PLAST_13 / CS_ABC_BF
Distance,H14,Z,0.107,0.000,0.107,0.000,0.300,,CIR_14 - PL_PLAST_14 / CS_ABC_BF
Distance,H15,Z,0.149,0.000,0.149,0.000,0.300,,CIR_15 - PL_PLAST_15 / CS_ABC_BF
Distance,H16,Z,0.073,0.000,0.073,0.000,0.300,,CIR_16 - PL_PLAST_16 / CS_ABC_BF
Distance,H17,Z,0.068,0.000,0.068,0.000,0.300,,CIR_17 - PL_PLAST_17 / CS_ABC_BF
Distance,H18,Z,0.084,0.000,0.084,0.000,0.300,,CIR_18 - PL_PLAST_18 / CS_ABC_BF
Distance,H19,Z,0.095,0.000,0.095,0.000,0.300,,CIR_19 - PL_PLAST_19 / CS_ABC_BF
Distance,H20,Z,0.178,0.000,0.178,0.000,0.300,,CIR_20 - PL_PLAST_20 / CS_ABC_BF
Distance,H21,Z,0.126,0.000,0.126,0.000,0.300,,CIR_21 - PL_PLAST_21 / CS_ABC_BF
Circle,CIR_22,DIAM,14.055,13.900,0.155,-0.100,0.200,,Criterion : Least Square (From 10 Pts On PL_DATUM_V) 
Circle,CIR_22,X,41.671,41.400,0.271,,,,
Circle,CIR_22,Y,8.968,8.750,0.218,,,,
Pos. Tol.,POS_22,PTOL,0.696,0.000,0.696,0.000,2.674,,CIR_22/NOMINAL - CS_ABC_BF - C-Zone - XY - Nominal
Flatness,FLAT_EGR,FLTN,0.132,0.000,0.132,0.000,0.800,,PL_PLAST_26
Circle,CIR_26,DIAM,35.288,35.000,0.288,-0.300,0.300,,Criterion : Least Square (From 10 Pts On PL_PLAST_26) 
Circle,CIR_26,X,127.935,127.400,0.535,,,,
Circle,CIR_26,Y,49.958,50.800,-0.842,,,,
Pos. Tol.,POS_26,PTOL,1.995,0.000,1.995,0.000,3.300,,CIR_26/NOMINAL - CS_ABC_BF - C-Zone - XY - Nominal
Circle,CIR_27,X,30.902,31.000,-0.098,,,,Criterion : Least Square (From 6 Pts On PL_INS_27) 
Circle,CIR_27,Y,-0.057,0.000,-0.057,,,,
Pos. Tol.,POS_27,PTOL,0.227,0.000,0.227,0.000,1.000,,CIR_27/NOMINAL - CS_AEI - C-Zone - XY - Nominal
Circle,CIR_28,X,-31.033,-31.000,-0.033,,,,Criterion : Least Square (From 6 Pts On PL_INS_28) 
Circle,CIR_28,Y,-0.057,0.000,-0.057,,,,
Pos. Tol.,POS_28,PTOL,0.131,0.000,0.131,0.000,1.000,,CIR_28/NOMINAL - CS_AEI - C-Zone - XY - Nominal
Distance,H27,Z,0.167,0.000,0.167,0.000,0.300,,CIR_27 - PL_PLAST_27 / CS_AEI
Distance,H28,Z,0.073,0.000,0.073,0.000,0.300,,CIR_28 - PL_PLAST_28 / CS_AEI
Distance,EGR_WIDTH_1,D1,3.658,3.500,0.158,-0.150,0.200,,P_EGR_IW.1 - P_EGR_OW.1 / CS_26_27_28
Distance,EGR_WIDTH_2,D1,3.581,3.500,0.081,-0.150,0.200,,P_EGR_IW.2 - P_EGR_OW.2 / CS_26_27_28
Distance,EGR_WIDTH_3,D1,3.586,3.500,0.086,-0.150,0.200,,P_EGR_IW.3 - P_EGR_OW.3 / CS_26_27_28
Distance,EGR_WIDTH_4,D1,3.634,3.500,0.134,-0.150,0.200,,P_EGR_IW.4 - P_EGR_OW.4 / CS_26_27_28
Distance,EGR_DEPTH_1,Z,5.052,5.000,0.052,-0.100,0.100,,P_EGR_TOP.1 - P_EGR_BOTTOM.1 / CS_26_27_28
Distance,EGR_DEPTH_2,Z,5.015,5.000,0.015,-0.100,0.100,,P_EGR_TOP.2 - P_EGR_BOTTOM.2 / CS_26_27_28
Distance,EGR_DEPTH_3,Z,5.027,5.000,0.027,-0.100,0.100,,P_EGR_TOP.3 - P_EGR_BOTTOM.3 / CS_26_27_28
Distance,EGR_DEPTH_4,Z,5.050,5.000,0.050,-0.100,0.100,,P_EGR_TOP.4 - P_EGR_BOTTOM.4 / CS_26_27_28
Circle,CIR_29,X,116.305,115.400,0.905,,,,Criterion : Least Square (From 6 Pts On PL_INS_29) 
Circle,CIR_29,Y,97.055,97.800,-0.745,,,,
Pos. Tol.,POS_29,PTOL,2.344,0.000,2.344,0.000,3.300,,CIR_29/NOMINAL - CS_ABC_BF - C-Zone - XY - Nominal
Distance,H29,Z,0.277,0.000,0.277,0.000,0.300,,CIR_29 - PL_PLAST_29 / CS_ABC_BF
Circle,CIR_30,DIAM,12.117,12.100,0.017,-0.100,0.100,,Criterion : Least Square (From 6 Pts On PL_PLAST_30) 
Circle,CIR_30,X,157.503,156.800,0.703,,,,
Circle,CIR_30,Y,118.999,119.800,-0.801,,,,
Pos. Tol.,POS_30,PTOL,2.131,0.000,2.131,0.000,3.300,,CIR_30/NOMINAL - CS_ABC_BF - C-Zone - XY - Nominal
Circle,CIR_31,X,36.890,37.000,-0.110,,,,Criterion : Least Square (From 6 Pts On PL_INS_31) 
Circle,CIR_31,Y,46.861,47.000,-0.139,,,,
Pos. Tol.,POS_31,PTOL,0.355,0.000,0.355,0.000,1.000,,CIR_31/NOMINAL - CS_AT - C-Zone - XY - Nominal
Distance,H31,Z,0.258,0.000,0.258,0.000,0.300,,CIR_31 - PL_PLAST_31 / CS_AT
Circle,CIR_32,DIAM,15.066,15.100,-0.034,-0.100,0.100,,Criterion : Least Square (From 10 Pts On PL_PLAST_32) 
Circle,CIR_32,X,52.021,51.400,0.621,,,,
Circle,CIR_32,Y,17.621,17.720,-0.099,,,,
Pos. Tol.,POS_32,PTOL,1.794,0.000,1.794,0.000,2.674,,CIR_32/NOMINAL - CS_ABC_BF - C-Zone - XZ - Nominal
Circle,CIR_35,DIAM,12.075,12.100,-0.025,-0.100,0.100,,Criterion : Least Square (From 8 Pts On PL_PLAST_35) 
Circle,CIR_35,X,212.329,212.400,-0.071,,,,
Circle,CIR_35,Z,102.418,103.000,-0.582,,,,
Pos. Tol.,POS_35,PTOL,1.172,0.000,1.172,0.000,2.674,,CIR_35/NOMINAL - CS_ABC_BF - C-Zone - XZ - Nominal
Circle,CIR_36,X,196.044,196.400,-0.356,,,,Criterion : Least Square (From 6 Pts On PL_INS_36) 
Circle,CIR_36,Z,58.492,58.600,-0.108,,,,
Pos. Tol.,POS_36,PTOL,0.743,0.000,0.743,0.000,2.674,,CIR_36/NOMINAL - CS_ABC_BF - C-Zone - XZ - Nominal
Circle,CIR_37,X,162.170,162.400,-0.230,,,,Criterion : Least Square (From 6 Pts On PL_INS_37) 
Circle,CIR_37,Z,46.836,47.000,-0.164,,,,
Pos. Tol.,POS_37,PTOL,0.566,0.000,0.566,0.000,2.674,,CIR_37/NOMINAL - CS_ABC_BF - C-Zone - XZ - Nominal
Circle,CIR_38,X,31.188,31.400,-0.212,,,,Criterion : Least Square (From 6 Pts On PL_INS_38) 
Circle,CIR_38,Z,43.441,43.600,-0.159,,,,
Pos. Tol.,POS_38,PTOL,0.530,0.000,0.530,0.000,2.674,,CIR_38/NOMINAL - CS_ABC_BF - C-Zone - XZ - Nominal
Distance,H36,Y,0.187,0.000,0.187,0.000,0.300,,CIR_36 - PL_PLAST_36 / CS_ABC_BF_ROT180
Distance,H37,Y,0.148,0.000,0.148,0.000,0.300,,CIR_37 - PL_PLAST_37 / CS_ABC_BF_ROT180
Distance,H38,Y,0.146,0.000,0.146,0.000,0.300,,CIR_38 - PL_PLAST_38 / CS_ABC_BF_ROT180
Flatness,FLAT_LASER_WELD,FLTN,0.394,0.000,0.394,0.000,0.400,,PL_LASER_WELD
Text/Value,PERPENDICULARITY_LASER_WELD,VAL,0.240701,0.210000,0.030701,-0.210000,0.050000,,
Distance,DISTANCE_LASER_WELD_TBDN_1,Y,-18.532,-17.824,-0.708,,,,PL_LASER_WELD_PNT42 - CIR_6 / CS_CIR_6_TBDN
Distance,DISTANCE_LASER_WELD_TBDN_2,Y,-18.617,-17.824,-0.793,,,,PL_LASER_WELD_PNT3 - CIR_6 / CS_CIR_6_TBDN
Distance,DISTANCE_LASER_WELD_TBDN_3,Y,-18.733,-17.824,-0.909,,,,PL_LASER_WELD_PNT9 - CIR_6 / CS_CIR_6_TBDN
Distance,DISTANCE_LASER_WELD_TBDN_4,Y,-18.698,-17.824,-0.874,,,,PL_LASER_WELD_PNT15 - CIR_6 / CS_CIR_6_TBDN
Distance,DISTANCE_LASER_WELD_TBDN_5,Y,-18.644,-17.824,-0.820,,,,PL_LASER_WELD_PNT22 - CIR_6 / CS_CIR_6_TBDN
Distance,DISTANCE_LASER_WELD_TBDN_6,Y,-18.584,-17.824,-0.760,,,,PL_LASER_WELD_PNT25 - CIR_6 / CS_CIR_6_TBDN
Distance,DISTANCE_LASER_WELD_TBDN_7,Y,-18.767,-17.824,-0.943,,,,PL_LASER_WELD_PNT31 - CIR_6 / CS_CIR_6_TBDN
Distance,DISTANCE_LASER_WELD_TBDN_8,Y,-18.773,-17.824,-0.949,,,,PL_LASER_WELD_PNT36 - CIR_6 / CS_CIR_6_TBDN
Flatness,FLAT_DATUM_R,FLTN,0.460,0.000,0.460,0.000,0.800,,PL_DATUM_R
Circle,CIR_39,DIAM,78.223,78.000,0.223,-0.250,0.250,,Criterion : Least Square (From 12 Pts On PL_DATUM_R) 
Circle,CIR_39,X,209.171,208.627,0.544,,,,
Circle,CIR_39,Y,110.636,111.446,-0.810,,,,
Circle,CIR_39,Z,94.662,95.355,-0.693,,,,
Pos. Tol.,POS_39,PTOL,2.393,0.000,2.393,1.148,4.648,,CIR_39(M)/NOMINAL(M) - CS_ABC_BF - C-Zone - XYZ - Nominal
Circle,CIR_40,Y,-40.976,-41.000,0.024,,,,Criterion : Least Square (From 6 Pts On PL_INS_40) 
Circle,CIR_40,Z,33.606,33.500,0.106,,,,
Pos. Tol.,POS_40,PTOL,0.218,0.000,0.218,0.000,0.500,,CIR_40/NOMINAL - CS_RPQ_BF - C-Zone - YZ - Nominal
Circle,CIR_41,Y,-41.069,-41.000,-0.069,,,,Criterion : Least Square (From 6 Pts On PL_INS_41) 
Circle,CIR_41,Z,-33.513,-33.500,-0.013,,,,
Pos. Tol.,POS_41,PTOL,0.141,0.000,0.141,0.000,0.500,,CIR_41/NOMINAL - CS_RPQ_BF - C-Zone - YZ - Nominal
Circle,CIR_42,Y,41.183,41.000,0.183,,,,Criterion : Least Square (From 6 Pts On PL_INS_42) 
Circle,CIR_42,Z,-33.528,-33.500,-0.028,,,,
Pos. Tol.,POS_42,PTOL,0.370,0.000,0.370,0.000,0.500,,CIR_42/NOMINAL - CS_RPQ_BF - C-Zone - YZ - Nominal
Circle,CIR_43,Y,40.862,41.000,-0.138,,,,Criterion : Least Square (From 6 Pts On PL_INS_43) 
Circle,CIR_43,Z,33.435,33.500,-0.065,,,,
Pos. Tol.,POS_43,PTOL,0.304,0.000,0.304,0.000,0.500,,CIR_43/NOMINAL - CS_RPQ_BF - C-Zone - YZ - Nominal
Distance,H40,X,0.140,0.000,0.140,0.000,0.300,,CIR_40 - PL_PLAST_40 / CS_RPQ_BF
Distance,H41,X,0.107,0.000,0.107,0.000,0.300,,CIR_41 - PL_PLAST_41 / CS_RPQ_BF
Distance,H42,X,-0.043,0.000,-0.043,0.000,0.300,-0.043,CIR_42 - PL_PLAST_42 / CS_RPQ_BF
Distance,H43,X,0.102,0.000,0.102,0.000,0.300,,CIR_43 - PL_PLAST_43 / CS_RPQ_BF
Distance,DEPTH_40,X,-14.216,-14.000,-0.216,-0.500,0.200,,PT_BOTTOM_40 - PL_INS_40 / CS_RPQ_BF
Distance,DEPTH_41,X,-14.209,-14.000,-0.209,-0.500,0.200,,PT_BOTTOM_41 - PL_INS_41 / CS_RPQ_BF
Distance,DEPTH_42,X,-14.274,-14.000,-0.274,-0.500,0.200,,PT_BOTTOM_42 - PL_INS_42 / CS_RPQ_BF
Distance,DEPTH_43,X,-13.921,-14.000,0.079,-0.200,0.200,,PT_BOTTOM_43 - PL_INS_43 / CS_RPQ_BF
Distance,TB_WIDTH_1,D1,3.534,3.500,0.034,-0.100,0.100,,P_TB_IW.1 - P_TB_OW.1 / CS_RPQ_BF
Distance,TB_WIDTH_2,D1,3.591,3.500,0.091,-0.100,0.100,,P_TB_IW.2 - P_TB_OW.2 / CS_RPQ_BF
Distance,TB_WIDTH_3,D1,3.559,3.500,0.059,-0.100,0.100,,P_TB_IW.3 - P_TB_OW.3 / CS_RPQ_BF
Distance,TB_WIDTH_4,D1,3.536,3.500,0.036,-0.100,0.100,,P_TB_IW.4 - P_TB_OW.4 / CS_RPQ_BF
Distance,TB_WIDTH_5,D1,3.520,3.500,0.020,-0.100,0.100,,P_TB_IW.5 - P_TB_OW.5 / CS_RPQ_BF
Distance,TB_WIDTH_6,D1,3.573,3.500,0.073,-0.100,0.100,,P_TB_IW.6 - P_TB_OW.6 / CS_RPQ_BF
Distance,TB_DEPTH_1,X,5.106,5.000,0.106,-0.250,0.250,,P_TB_TOP.1 - P_TB_BOTTOM.1 / CS_RPQ_BF
Distance,TB_DEPTH_2,X,5.096,5.000,0.096,-0.250,0.250,,P_TB_TOP.2 - P_TB_BOTTOM.2 / CS_RPQ_BF
Distance,TB_DEPTH_3,X,5.134,5.000,0.134,-0.250,0.250,,P_TB_TOP.3 - P_TB_BOTTOM.3 / CS_RPQ_BF
Distance,TB_DEPTH_4,X,5.081,5.000,0.081,-0.250,0.250,,P_TB_TOP.4 - P_TB_BOTTOM.4 / CS_RPQ_BF
Distance,TB_DEPTH_5,X,5.007,5.000,0.007,-0.250,0.250,,P_TB_TOP.5 - P_TB_BOTTOM.5 / CS_RPQ_BF
Distance,TB_DEPTH_6,X,5.068,5.000,0.068,-0.250,0.250,,P_TB_TOP.6 - P_TB_BOTTOM.6 / CS_RPQ_BF
Distance,WIDTH_1_OP1,D1,3.434,3.500,-0.066,-0.150,0.150,,PNT_OW_1_OP1 - PNT_IW_1_OP1 / CS_BF_OP1
Distance,WIDTH_2_OP1,D1,3.544,3.500,0.044,-0.150,0.150,,PNT_OW_2_OP1 - PNT_IW_2_OP1 / CS_BF_OP1
Distance,WIDTH_3_OP1,D1,3.479,3.500,-0.021,-0.150,0.150,,PNT_OW_3_OP1 - PNT_IW_3_OP1 / CS_BF_OP1
Distance,WIDTH_4_OP1,D1,3.395,3.500,-0.105,-0.150,0.150,,PNT_OW_4_OP1 - PNT_IW_4_OP1 / CS_BF_OP1
Distance,DEPTH_1_OP1,Z,4.925,5.000,-0.075,-0.250,0.250,,PNT_TOP_1_OP1 - PNT_DP_1_OP1 / CS_BF_OP1
Distance,DEPTH_2_OP1,Z,4.990,5.000,-0.010,-0.250,0.250,,PNT_TOP_2_OP1 - PNT_DP_2_OP1 / CS_BF_OP1
Distance,DEPTH_3_OP1,Z,5.016,5.000,0.016,-0.250,0.250,,PNT_TOP_3_OP1 - PNT_DP_3_OP1 / CS_BF_OP1
Distance,DEPTH_4_OP1,Z,5.062,5.000,0.062,-0.250,0.250,,PNT_TOP_4_OP1 - PNT_DP_4_OP1 / CS_BF_OP1
Distance,WIDTH_1_OP2,D1,3.507,3.500,0.007,-0.150,0.150,,PNT_OW_1_OP2 - PNT_IW_1_OP2 / CS_BF_OP2
Distance,WIDTH_2_OP2,D1,3.527,3.500,0.027,-0.150,0.150,,PNT_OW_2_OP2 - PNT_IW_2_OP2 / CS_BF_OP2
Distance,WIDTH_3_OP2,D1,3.445,3.500,-0.055,-0.150,0.150,,PNT_OW_3_OP2 - PNT_IW_3_OP2 / CS_BF_OP2
Distance,WIDTH_4_OP2,D1,3.479,3.500,-0.021,-0.150,0.150,,PNT_OW_4_OP2 - PNT_IW_4_OP2 / CS_BF_OP2
Distance,DEPTH_1_OP2,Z,4.980,5.000,-0.020,-0.250,0.250,,PNT_TOP_1_OP2 - PNT_DP_1_OP2 / CS_BF_OP2
Distance,DEPTH_2_OP2,Z,5.036,5.000,0.036,-0.250,0.250,,PNT_TOP_2_OP2 - PNT_DP_2_OP2 / CS_BF_OP2
Distance,DEPTH_3_OP2,Z,5.122,5.000,0.122,-0.250,0.250,,PNT_TOP_3_OP2 - PNT_DP_3_OP2 / CS_BF_OP2
Distance,DEPTH_4_OP2,Z,5.098,5.000,0.098,-0.250,0.250,,PNT_TOP_4_OP2 - PNT_DP_4_OP2 / CS_BF_OP2
Distance,WIDTH_1_OP3,D1,3.583,3.500,0.083,-0.150,0.150,,PNT_OW_1_OP3 - PNT_IW_1_OP3 / CS_BF_OP3
Distance,WIDTH_2_OP3,D1,3.610,3.500,0.110,-0.150,0.150,,PNT_OW_2_OP3 - PNT_IW_2_OP3 / CS_BF_OP3
Distance,WIDTH_3_OP3,D1,3.489,3.500,-0.011,-0.150,0.150,,PNT_OW_3_OP3 - PNT_IW_3_OP3 / CS_BF_OP3
Distance,WIDTH_4_OP3,D1,3.416,3.500,-0.084,-0.150,0.150,,PNT_OW_4_OP3 - PNT_IW_4_OP3 / CS_BF_OP3
Distance,DEPTH_1_OP3,Z,5.002,5.000,0.002,-0.250,0.250,,PNT_TOP_1_OP3 - PNT_DP_1_OP3 / CS_BF_OP3
Distance,DEPTH_2_OP3,Z,5.090,5.000,0.090,-0.250,0.250,,PNT_TOP_2_OP3 - PNT_DP_2_OP3 / CS_BF_OP3
Distance,DEPTH_3_OP3,Z,5.063,5.000,0.063,-0.250,0.250,,PNT_TOP_3_OP3 - PNT_DP_3_OP3 / CS_BF_OP3
Distance,DEPTH_4_OP3,Z,5.101,5.000,0.101,-0.250,0.250,,PNT_TOP_4_OP3 - PNT_DP_4_OP3 / CS_BF_OP3
Distance,WIDTH_1_OP4,D1,3.551,3.500,0.051,-0.150,0.150,,PNT_OW_1_OP4 - PNT_IW_1_OP4 / CS_BF_OP4
Distance,WIDTH_2_OP4,D1,3.567,3.500,0.067,-0.150,0.150,,PNT_OW_2_OP4 - PNT_IW_2_OP4 / CS_BF_OP4
Distance,WIDTH_3_OP4,D1,3.498,3.500,-0.002,-0.150,0.150,,PNT_OW_3_OP4 - PNT_IW_3_OP4 / CS_BF_OP4
Distance,WIDTH_4_OP4,D1,3.526,3.500,0.026,-0.150,0.150,,PNT_OW_4_OP4 - PNT_IW_4_OP4 / CS_BF_OP4
Distance,DEPTH_1_OP4,Z,5.052,5.000,0.052,-0.250,0.250,,PNT_TOP_1_OP4 - PNT_DP_1_OP4 / CS_BF_OP4
Distance,DEPTH_2_OP4,Z,5.082,5.000,0.082,-0.250,0.250,,PNT_TOP_2_OP4 - PNT_DP_2_OP4 / CS_BF_OP4
Distance,DEPTH_3_OP4,Z,5.039,5.000,0.039,-0.250,0.250,,PNT_TOP_3_OP4 - PNT_DP_3_OP4 / CS_BF_OP4
Distance,DEPTH_4_OP4,Z,5.136,5.000,0.136,-0.250,0.250,,PNT_TOP_4_OP4 - PNT_DP_4_OP4 / CS_BF_OP4
Distance,WIDTH_1_OP5,D1,3.473,3.500,-0.027,-0.150,0.150,,PNT_OW_1_OP5 - PNT_IW_1_OP5 / CS_BF_OP5
Distance,WIDTH_2_OP5,D1,3.393,3.500,-0.107,-0.150,0.150,,PNT_OW_2_OP5 - PNT_IW_2_OP5 / CS_BF_OP5
Distance,WIDTH_3_OP5,D1,3.510,3.500,0.010,-0.150,0.150,,PNT_OW_3_OP5 - PNT_IW_3_OP5 / CS_BF_OP5
Distance,WIDTH_4_OP5,D1,3.536,3.500,0.036,-0.150,0.150,,PNT_OW_4_OP5 - PNT_IW_4_OP5 / CS_BF_OP5
Distance,DEPTH_1_OP5,Z,4.953,5.000,-0.047,-0.250,0.250,,PNT_TOP_1_OP5 - PNT_DP_1_OP5 / CS_BF_OP5
Distance,DEPTH_2_OP5,Z,5.014,5.000,0.014,-0.250,0.250,,PNT_TOP_2_OP5 - PNT_DP_2_OP5 / CS_BF_OP5
Distance,DEPTH_3_OP5,Z,5.086,5.000,0.086,-0.250,0.250,,PNT_TOP_3_OP5 - PNT_DP_3_OP5 / CS_BF_OP5
Distance,DEPTH_4_OP5,Z,5.071,5.000,0.071,-0.250,0.250,,PNT_TOP_4_OP5 - PNT_DP_4_OP5 / CS_BF_OP5
Distance,WIDTH_1_OP6,D1,3.607,3.500,0.107,-0.150,0.150,,PNT_OW_1_OP6 - PNT_IW_1_OP6 / CS_BF_OP6
Distance,WIDTH_2_OP6,D1,3.576,3.500,0.076,-0.150,0.150,,PNT_OW_2_OP6 - PNT_IW_2_OP6 / CS_BF_OP6
Distance,WIDTH_3_OP6,D1,3.466,3.500,-0.034,-0.150,0.150,,PNT_OW_3_OP6 - PNT_IW_3_OP6 / CS_BF_OP6
Distance,WIDTH_4_OP6,D1,3.450,3.500,-0.050,-0.150,0.150,,PNT_OW_4_OP6 - PNT_IW_4_OP6 / CS_BF_OP6
Distance,DEPTH_1_OP6,Z,5.017,5.000,0.017,-0.250,0.250,,PNT_TOP_1_OP6 - PNT_DP_1_OP6 / CS_BF_OP6
Distance,DEPTH_2_OP6,Z,5.005,5.000,0.005,-0.250,0.250,,PNT_TOP_2_OP6 - PNT_DP_2_OP6 / CS_BF_OP6
Distance,DEPTH_3_OP6,Z,5.136,5.000,0.136,-0.250,0.250,,PNT_TOP_3_OP6 - PNT_DP_3_OP6 / CS_BF_OP6
Distance,DEPTH_4_OP6,Z,5.134,5.000,0.134,-0.250,0.250,,PNT_TOP_4_OP6 - PNT_DP_4_OP6 / CS_BF_OP6
Distance,WIDTH_1_OP7,D1,3.421,3.500,-0.079,-0.150,0.150,,PNT_OW_1_OP7 - PNT_IW_1_OP7 / CS_BF_OP7
Distance,WIDTH_2_OP7,D1,3.405,3.500,-0.095,-0.150,0.150,,PNT_OW_2_OP7 - PNT_IW_2_OP7 / CS_BF_OP7
Distance,WIDTH_3_OP7,D1,3.520,3.500,0.020,-0.150,0.150,,PNT_OW_3_OP7 - PNT_IW_3_OP7 / CS_BF_OP7
Distance,WIDTH_4_OP7,D1,3.538,3.500,0.038,-0.150,0.150,,PNT_OW_4_OP7 - PNT_IW_4_OP7 / CS_BF_OP7
Distance,DEPTH_1_OP7,Z,4.933,5.000,-0.067,-0.250,0.250,,PNT_TOP_1_OP7 - PNT_DP_1_OP7 / CS_BF_OP7
Distance,DEPTH_2_OP7,Z,5.078,5.000,0.078,-0.250,0.250,,PNT_TOP_2_OP7 - PNT_DP_2_OP7 / CS_BF_OP7
Distance,DEPTH_3_OP7,Z,5.110,5.000,0.110,-0.250,0.250,,PNT_TOP_3_OP7 - PNT_DP_3_OP7 / CS_BF_OP7
Distance,DEPTH_4_OP7,Z,5.141,5.000,0.141,-0.250,0.250,,PNT_TOP_4_OP7 - PNT_DP_4_OP7 / CS_BF_OP7
Distance,WIDTH_1_OP8,D1,3.479,3.500,-0.021,-0.150,0.150,,PNT_OW_1_OP8 - PNT_IW_1_OP8 / CS_BF_OP8
Distance,WIDTH_2_OP8,D1,3.499,3.500,-0.001,-0.150,0.150,,PNT_OW_2_OP8 - PNT_IW_2_OP8 / CS_BF_OP8
Distance,WIDTH_3_OP8,D1,3.452,3.500,-0.048,-0.150,0.150,,PNT_OW_3_OP8 - PNT_IW_3_OP8 / CS_BF_OP8
Distance,WIDTH_4_OP8,D1,3.527,3.500,0.027,-0.150,0.150,,PNT_OW_4_OP8 - PNT_IW_4_OP8 / CS_BF_OP8
Distance,DEPTH_1_OP8,Z,5.017,5.000,0.017,-0.250,0.250,,PNT_TOP_1_OP8 - PNT_DP_1_OP8 / CS_BF_OP8
Distance,DEPTH_2_OP8,Z,5.073,5.000,0.073,-0.250,0.250,,PNT_TOP_2_OP8 - PNT_DP_2_OP8 / CS_BF_OP8
Distance,DEPTH_3_OP8,Z,5.155,5.000,0.155,-0.250,0.250,,PNT_TOP_3_OP8 - PNT_DP_3_OP8 / CS_BF_OP8
Distance,DEPTH_4_OP8,Z,5.184,5.000,0.184,-0.250,0.250,,PNT_TOP_4_OP8 - PNT_DP_4_OP8 / CS_BF_OP8
Flatness,FLAT_DATUM_A,FLTN,0.648,0.000,0.648,0.000,0.700,,PL_DATUM_A
Circle,CIR_VACCUM_PIPETTE,DIAM,4.713,4.700,0.013,0.000,0.150,,
Distance,LONG_VACCUM_PIPETTE,D1,12.550,11.000,1.550,0.000,2.000,,PNT_BOTTOM_II - PL_PLAST_II / CS_TEMP_II1
