Feat. Type,Feat. Name,Value,Actual,Nominal,Dev.,Tol-,Tol+,Out of Tol.,Comment
Text/Value,VAR_PROGRAM,VAL,,,,,,,'N:\Metrolog XG\Programmes\Ford Transmission Pan 10R80 Moule 2\Ford Transmission Pan 10R80 Complete Cavit� 3 (Module_51).gm2'
Text/Value,VAR_EVENEMENT,VAL,,,,,,,'P3021'
Text/Value,VAR_COMMENTAIRES,VAL,,,,,,,'C3'
Text/Value,PROFILE_A,VAL,0.210592,0.000000,0.210592,0.000000,0.280000,,
Circle,CIR_1,DIAM,11.121,7.100,4.021,-0.100,0.100,3.921,Criterion : Least Square (From 4 Pts On PL_FIXTURE) 
Circle,CIR_1,X,0.098,0.000,0.098,,,,
Circle,CIR_1,Z,-0.166,0.000,-0.166,,,,
Circle,CIR_2,DIAM,11.054,7.100,3.954,-0.100,0.100,3.854,Criterion : Least Square (From 4 Pts On PL_FIXTURE) 
Circle,CIR_2,X,-80.073,-80.100,0.027,,,,
Circle,CIR_2,Z,-2.885,-2.800,-0.085,,,,
Circle,CIR_3,DIAM,11.036,7.100,3.936,-0.100,0.100,3.836,Criterion : Least Square (From 4 Pts On PL_FIXTURE) 
Circle,CIR_3,X,-169.718,-170.100,0.382,,,,
Circle,CIR_3,Z,-2.856,-2.800,-0.056,,,,
Circle,CIR_4,DIAM,8.011,8.000,0.011,-0.100,0.100,,Criterion : Least Square (From 4 Pts On PL_FIXTURE) 
Circle,CIR_4,X,-224.435,-224.500,0.065,,,,
Circle,CIR_4,Z,-4.537,-4.600,0.063,,,,
Circle,CIR_5,DIAM,11.060,7.100,3.960,-0.100,0.100,3.860,Criterion : Least Square (From 4 Pts On PL_FIXTURE) 
Circle,CIR_5,X,-249.439,-249.500,0.061,,,,
Circle,CIR_5,Z,-1.382,-1.600,0.218,,,,
Circle,CIR_6,DIAM,11.042,7.100,3.942,-0.100,0.100,3.842,Criterion : Least Square (From 4 Pts On PL_FIXTURE) 
Circle,CIR_6,X,-272.923,-272.700,-0.223,,,,
Circle,CIR_6,Z,78.019,78.100,-0.081,,,,
Circle,CIR_7,DIAM,11.046,7.100,3.946,-0.100,0.100,3.846,Criterion : Least Square (From 4 Pts On PL_FIXTURE) 
Circle,CIR_7,X,-273.015,-272.700,-0.315,,,,
Circle,CIR_7,Z,157.067,157.100,-0.033,,,,
Circle,CIR_8,DIAM,11.043,7.100,3.943,-0.100,0.100,3.843,Criterion : Least Square (From 4 Pts On PL_FIXTURE) 
Circle,CIR_8,X,-272.978,-272.700,-0.278,,,,
Circle,CIR_8,Z,236.148,236.100,0.048,,,,
Circle,CIR_9,DIAM,11.057,7.100,3.957,-0.100,0.100,3.857,Criterion : Least Square (From 4 Pts On PL_FIXTURE) 
Circle,CIR_9,X,-272.918,-272.679,-0.239,,,,
Circle,CIR_9,Z,315.155,315.140,0.015,,,,
Circle,CIR_10,DIAM,11.057,7.100,3.957,-0.100,0.100,3.857,Criterion : Least Square (From 4 Pts On PL_FIXTURE) 
Circle,CIR_10,X,-272.618,-272.700,0.082,,,,
Circle,CIR_10,Z,394.102,394.100,0.002,,,,
Circle,CIR_11,DIAM,11.085,7.100,3.985,-0.100,0.100,3.885,Criterion : Least Square (From 4 Pts On PL_FIXTURE) 
Circle,CIR_11,X,-254.536,-254.600,0.064,,,,
Circle,CIR_11,Z,463.692,463.600,0.092,,,,
Circle,CIR_12,DIAM,11.089,7.100,3.989,-0.100,0.100,3.889,Criterion : Least Square (From 4 Pts On PL_FIXTURE) 
Circle,CIR_12,X,-166.936,-166.900,-0.036,,,,
Circle,CIR_12,Z,474.766,474.600,0.166,,,,
Circle,CIR_13,DIAM,11.098,7.100,3.998,-0.100,0.100,3.898,Criterion : Least Square (From 4 Pts On PL_FIXTURE) 
Circle,CIR_13,X,-79.221,-79.300,0.079,,,,
Circle,CIR_13,Z,474.860,474.600,0.260,,,,
Circle,CIR_14,DIAM,8.012,8.000,0.012,-0.100,0.100,,Criterion : Least Square (From 4 Pts On PL_FIXTURE) 
Circle,CIR_14,X,-19.352,-19.500,0.148,,,,
Circle,CIR_14,Z,473.403,473.400,0.003,,,,
Circle,CIR_15,DIAM,11.108,7.100,4.008,-0.100,0.100,3.908,Criterion : Least Square (From 4 Pts On PL_FIXTURE) 
Circle,CIR_15,X,8.386,8.300,0.086,,,,
Circle,CIR_15,Z,470.639,470.600,0.039,,,,
Circle,CIR_16,DIAM,11.084,7.100,3.984,-0.100,0.100,3.884,Criterion : Least Square (From 4 Pts On PL_FIXTURE) 
Circle,CIR_16,X,17.324,17.300,0.024,,,,
Circle,CIR_16,Z,387.431,387.400,0.031,,,,
Circle,CIR_17,DIAM,11.173,7.100,4.073,-0.100,0.100,3.973,Criterion : Least Square (From 4 Pts On PL_FIXTURE) 
Circle,CIR_17,X,17.318,17.300,0.018,,,,
Circle,CIR_17,Z,304.167,304.200,-0.033,,,,
Circle,CIR_18,DIAM,11.137,7.100,4.037,-0.100,0.100,3.937,Criterion : Least Square (From 4 Pts On PL_FIXTURE) 
Circle,CIR_18,X,17.300,17.300,-0.000,,,,
Circle,CIR_18,Z,227.971,228.000,-0.029,,,,
Circle,CIR_19,DIAM,11.123,7.100,4.023,-0.100,0.100,3.923,Criterion : Least Square (From 4 Pts On PL_FIXTURE) 
Circle,CIR_19,X,17.370,17.300,0.070,,,,
Circle,CIR_19,Z,151.930,152.000,-0.070,,,,
Circle,CIR_20,DIAM,11.103,7.100,4.003,-0.100,0.100,3.903,Criterion : Least Square (From 4 Pts On PL_FIXTURE) 
Circle,CIR_20,X,17.537,17.300,0.237,,,,
Circle,CIR_20,Z,75.864,76.000,-0.136,,,,
Pos. Tol.,POS_1,PTOL,0.385,0.000,0.385,0.200,1.000,,CIR_1(M)/NOMINAL - CS_ABC - C-Zone - XZ - Nominal
Pos. Tol.,POS_2,PTOL,0.178,0.000,0.178,0.400,1.200,,CIR_2(M)/NOMINAL(M) - CS_ABC - C-Zone - XZ - Nominal
Pos. Tol.,POS_3,PTOL,0.773,0.000,0.773,0.400,1.200,,CIR_3(M)/NOMINAL(M) - CS_ABC - C-Zone - XZ - Nominal
Pos. Tol.,POS_4,PTOL,0.182,0.000,0.182,0.311,1.111,,CIR_4(M)/NOMINAL(M) - CS_ABC - C-Zone - XZ - Nominal
Pos. Tol.,POS_5,PTOL,0.452,0.000,0.452,0.400,1.200,,CIR_5(M)/NOMINAL(M) - CS_ABC - C-Zone - XZ - Nominal
Pos. Tol.,POS_6,PTOL,0.475,0.000,0.475,0.400,1.200,,CIR_6(M)/NOMINAL(M) - CS_ABC - C-Zone - XZ - Nominal
Pos. Tol.,POS_7,PTOL,0.633,0.000,0.633,0.400,1.200,,CIR_7(M)/NOMINAL(M) - CS_ABC - C-Zone - XZ - Nominal
Pos. Tol.,POS_8,PTOL,0.564,0.000,0.564,0.400,1.200,,CIR_8(M)/NOMINAL(M) - CS_ABC - C-Zone - XZ - Nominal
Pos. Tol.,POS_9,PTOL,0.480,0.000,0.480,0.400,1.200,,CIR_9(M)/NOMINAL(M) - CS_ABC - C-Zone - XZ - Nominal
Pos. Tol.,POS_10,PTOL,0.164,0.000,0.164,0.400,1.200,,CIR_10(M)/NOMINAL(M) - CS_ABC - C-Zone - XZ - Nominal
Pos. Tol.,POS_11,PTOL,0.225,0.000,0.225,0.400,1.200,,CIR_11(M)/NOMINAL(M) - CS_ABC - C-Zone - XZ - Nominal
Pos. Tol.,POS_12,PTOL,0.340,0.000,0.340,0.400,1.200,,CIR_12(M)/NOMINAL(M) - CS_ABC - C-Zone - XZ - Nominal
Pos. Tol.,POS_13,PTOL,0.544,0.000,0.544,0.400,1.200,,CIR_13(M)/NOMINAL(M) - CS_ABC - C-Zone - XZ - Nominal
Pos. Tol.,POS_14,PTOL,0.297,0.000,0.297,0.312,1.112,,CIR_14(M)/NOMINAL(M) - CS_ABC - C-Zone - XZ - Nominal
Pos. Tol.,POS_15,PTOL,0.189,0.000,0.189,0.400,1.200,,CIR_15(M)/NOMINAL(M) - CS_ABC - C-Zone - XZ - Nominal
Pos. Tol.,POS_16,PTOL,0.079,0.000,0.079,0.400,1.200,,CIR_16(M)/NOMINAL(M) - CS_ABC - C-Zone - XZ - Nominal
Pos. Tol.,POS_17,PTOL,0.076,0.000,0.076,0.400,1.200,,CIR_17(M)/NOMINAL(M) - CS_ABC - C-Zone - XZ - Nominal
Pos. Tol.,POS_18,PTOL,0.059,0.000,0.059,0.400,1.200,,CIR_18(M)/NOMINAL(M) - CS_ABC - C-Zone - XZ - Nominal
Pos. Tol.,POS_19,PTOL,0.198,0.000,0.198,0.400,1.200,,CIR_19(M)/NOMINAL(M) - CS_ABC - C-Zone - XZ - Nominal
Pos. Tol.,POS_20,PTOL,0.547,0.000,0.547,0.400,1.200,,CIR_20(M)/NOMINAL(M) - CS_ABC - C-Zone - XZ - Nominal
Perpend.,PERP_B,PERP,0.018,0.000,0.018,0.200,0.330,,CYL_B(M)/PL_FIXTURE - C-Zone - Cloud of Points 
Profile of Line,PROFILE_INSIDE_PAN_AT_GAGE,PRFL,2.458,0.000,2.458,0.000,3.000,,SECTION_INSIDE_2.5MM
Circle,CIR_21,DIAM,18.849,18.950,-0.101,-0.130,0.100,,Criterion : Least Square (From 20 Pts On PL_PLAST_TOP_21) 
Circle,CIR_21,X,-94.630,-94.500,-0.130,,,,
Circle,CIR_21,Z,123.243,123.400,-0.157,,,,
Circle,CIR_21_OD,DIAM,21.345,21.400,-0.055,-0.100,0.100,,Proj. CIR_21_OD / PL_DATUM_E.
Pos. Tol.,POS_21,PTOL,0.409,0.000,0.409,0.000,1.000,,CIR_21/NOMINAL - CS_ABC - C-Zone - XZ - Nominal
Coaxiality,CONCENTRICITY_21,COAX,0.167,0.000,0.167,0.000,0.300,,CIR_21_OD/CYL_D - C-Zone - Nominal
Distance,PROF_22.1,D1,10.606,10.300,0.306,-0.250,0.250,0.056,SRF_21.1 - PL_DATUM_E / CS_SRF_BF
Distance,PROF_22.2,D1,10.584,10.300,0.284,-0.250,0.250,0.034,SRF_21.2 - PL_DATUM_E / CS_SRF_BF
Distance,PROF_22.3,D1,10.484,10.300,0.184,-0.250,0.250,,SRF_21.3 - PL_DATUM_E / CS_SRF_BF
Distance,PROF_22.4,D1,10.530,10.300,0.230,-0.250,0.250,,SRF_21.4 - PL_DATUM_E / CS_SRF_BF
Distance,PROF_22.5,D1,10.536,10.300,0.236,-0.250,0.250,,SRF_21.5 - PL_DATUM_E / CS_SRF_BF
Distance,PROF_22.6,D1,10.811,10.300,0.511,-0.250,0.250,0.261,SRF_21.6 - PL_DATUM_E / CS_SRF_BF
Distance,PROF_22.7,D1,10.676,10.300,0.376,-0.250,0.250,0.126,SRF_21.7 - PL_DATUM_E / CS_SRF_BF
Distance,PROF_22.8,D1,10.510,10.300,0.210,-0.250,0.250,,SRF_21.8 - PL_DATUM_E / CS_SRF_BF
Distance,PROF_E.1,D1,177.637,178.558,-0.921,,,,SRF_E.1 - ORIGIN / CS_SRF_BF
Distance,PROF_E.1,Y,61.832,61.400,0.432,-2.000,1.000,,
Distance,PROF_E.2,D1,179.517,180.424,-0.906,,,,SRF_E.2 - ORIGIN / CS_SRF_BF
Distance,PROF_E.2,Y,61.904,61.400,0.504,-2.000,1.000,,
Distance,PROF_E.3,D1,181.218,182.116,-0.898,,,,SRF_E.3 - ORIGIN / CS_SRF_BF
Distance,PROF_E.3,Y,61.952,61.400,0.552,-2.000,1.000,,
Distance,PROF_E.4,D1,155.098,156.154,-1.056,,,,SRF_E.4 - ORIGIN / CS_SRF_BF
Distance,PROF_E.4,Y,61.415,61.400,0.015,-2.000,1.000,,
Distance,PROF_E.5,D1,153.242,154.303,-1.061,,,,SRF_E.5 - ORIGIN / CS_SRF_BF
Distance,PROF_E.5,Y,61.418,61.400,0.018,-2.000,1.000,,
Distance,PROF_E.6,D1,151.588,152.659,-1.071,,,,SRF_E.6 - ORIGIN / CS_SRF_BF
Distance,PROF_E.6,Y,61.404,61.400,0.004,-2.000,1.000,,
Distance,PROF_E.7,D1,169.138,170.175,-1.037,,,,SRF_E.7 - ORIGIN / CS_SRF_BF
Distance,PROF_E.7,Y,61.154,61.400,-0.246,-2.000,1.000,,
Distance,PROF_E.8,D1,169.542,170.585,-1.043,,,,SRF_E.8 - ORIGIN / CS_SRF_BF
Distance,PROF_E.8,Y,61.117,61.400,-0.283,-2.000,1.000,,
Distance,PROF_E.9,D1,169.941,170.474,-0.534,,,,SRF_E.9 - ORIGIN / CS_SRF_BF
Distance,PROF_E.9,Y,61.073,61.400,-0.327,-2.000,1.000,,
Section,SECTION_ZONE_1,MAX,0.380,0.000,0.380,-2.500,1.500,,15 Pts [0 < LT ; LT < 15 < UT ;  0 > UL]
Section,SECTION_ZONE_1,MIN,-0.602,0.000,-0.602,-2.500,1.500,,
Section,SECTION_ZONE_2,MAX,-0.938,0.000,-0.938,-3.000,1.000,,7 Pts [0 < LT ; LT < 7 < UT ;  0 > UL]
Section,SECTION_ZONE_2,MIN,-1.359,0.000,-1.359,-3.000,1.000,,
Section,SECTION_ZONE_3,MAX,-3.066,0.000,-3.066,-5.000,1.000,,1 Pts [0 < LT ; LT < 1 < UT ;  0 > UL]
Section,SECTION_ZONE_3,MIN,-3.066,0.000,-3.066,-5.000,1.000,,
Circle,CIR_22,DIAM,6.714,6.350,0.364,-0.100,0.100,0.264,Criterion : Least Square (From 6 Pts On PL_PLAST_22) 
Circle,CIR_22,Y,7.023,7.000,0.023,,,,
Circle,CIR_22,Z,429.467,429.300,0.167,,,,
Circle,CIR_23,DIAM,6.671,6.350,0.321,-0.100,0.100,0.221,Criterion : Least Square (From 6 Pts On PL_PLAST_23) 
Circle,CIR_23,Y,7.070,7.000,0.070,,,,
Circle,CIR_23,Z,354.706,354.400,0.306,,,,
Circle,CIR_24,DIAM,6.505,6.350,0.155,-0.100,0.100,0.055,Criterion : Least Square (From 6 Pts On PL_PLAST_24) 
Circle,CIR_24,Y,6.949,7.000,-0.051,,,,
Circle,CIR_24,Z,196.525,196.600,-0.075,,,,
Circle,CIR_25,DIAM,6.697,6.350,0.347,-0.100,0.100,0.247,Criterion : Least Square (From 6 Pts On PL_PLAST_25) 
Circle,CIR_25,Y,7.161,7.000,0.161,,,,
Circle,CIR_25,Z,28.473,28.600,-0.127,,,,
Circle,CIR_26,DIAM,6.622,6.350,0.272,-0.100,0.100,0.172,Criterion : Least Square (From 6 Pts On PL_PLAST_26) 
Circle,CIR_26,Y,7.244,7.000,0.244,,,,
Circle,CIR_26,Z,265.651,266.100,-0.449,,,,
Circle,CIR_27,DIAM,6.632,6.350,0.282,-0.100,0.100,0.182,Criterion : Least Square (From 6 Pts On PL_PLAST_27) 
Circle,CIR_27,Y,7.085,7.000,0.085,,,,
Circle,CIR_27,Z,345.384,345.800,-0.416,,,,
Circle,CIR_28,DIAM,6.601,6.350,0.251,-0.100,0.100,0.151,Criterion : Least Square (From 6 Pts On PL_PLAST_28) 
Circle,CIR_28,Y,7.116,7.000,0.116,,,,
Circle,CIR_28,Z,428.806,429.000,-0.194,,,,
Pos. Tol.,POS_22,PTOL,0.338,0.000,0.338,0.000,1.000,,CIR_22/NOMINAL - CS_ABC - C-Zone - YZ - Nominal
Pos. Tol.,POS_23,PTOL,0.628,0.000,0.628,0.000,1.000,,CIR_23/NOMINAL - CS_ABC - C-Zone - YZ - Nominal
Pos. Tol.,POS_24,PTOL,0.181,0.000,0.181,0.000,1.000,,CIR_24/NOMINAL - CS_ABC - C-Zone - YZ - Nominal
Pos. Tol.,POS_25,PTOL,0.410,0.000,0.410,0.000,1.000,,CIR_25/NOMINAL - CS_ABC - C-Zone - YZ - Nominal
Pos. Tol.,POS_26,PTOL,1.022,0.000,1.022,0.000,1.000,0.022,CIR_26/NOMINAL - CS_ABC - C-Zone - YZ - Nominal
Pos. Tol.,POS_27,PTOL,0.849,0.000,0.849,0.000,1.000,,CIR_27/NOMINAL - CS_ABC - C-Zone - YZ - Nominal
Pos. Tol.,POS_28,PTOL,0.451,0.000,0.451,0.000,1.000,,CIR_28/NOMINAL - CS_ABC - C-Zone - YZ - Nominal
