Feat. Type,Feat. Name,Value,Actual,Nominal,Dev.,Tol-,Tol+,Out of Tol.,Comment
Text/Value,VAR_PROGRAM,VAL,,,,,,,'N:\Metrolog XG\Programmes\Mercury Marine\Mercury Marine Complete (Module 51).gm2'
Text/Value,VAR_EVENEMENT,VAL,,,,,,,'D�marage '
Text/Value,VAR_COMMENTAIRES,VAL,,,,,,,'286B'
Text/Value,PROF_A,VAL,0.434793,,,0.000000,0.500000,,
Circle,CIR_B,DIAM,8.318,8.400,-0.082,-0.100,0.100,,Criterion : Least Square (From 4 Pts On PL_FIXTURE) 
Circle,CIR_B,X,0.000,0.000,0.000,,,,
Circle,CIR_B,Z,0.000,0.000,0.000,,,,
Pos. Tol.,POS_B,PTOL,0.000,0.000,0.000,0.000,0.250,,CIR_B/NOMINAL - CS_ABC - C-Zone - XZ - Nominal
Point,PNT_DATUM_C,X,32.484,32.500,-0.016,,,,Proj. PNT_MID_C / PL_FIXTURE.
Point,PNT_DATUM_C,Z,-393.109,-393.295,0.186,,,,
Pos. Tol.,POS_C,PTOL,0.373,0.000,0.373,0.000,0.500,,PNT_DATUM_C/NOMINAL - CS_ABC - C-Zone - XZ - Nominal
Distance,WIDTH_C,D1,7.823,7.900,-0.077,-0.100,0.100,,SCT_C_RH - SCT_C_LH / CS_ABC
Circle,CIR1,X,-34.228,-34.000,-0.228,,,,From 4 Pts On AUTO
Circle,CIR1,Z,9.294,9.500,-0.206,,,,
Pos. Tol.,POS_1,PTOL,0.614,0.000,0.614,0.000,1.200,,CIR1/NOMINAL - CS_ABC - C-Zone - XZ - Nominal
Circle,CIR2,X,-33.839,-34.000,0.161,,,,From 4 Pts On AUTO
Circle,CIR2,Z,-92.936,-92.600,-0.336,,,,
Pos. Tol.,POS_2,PTOL,0.745,0.000,0.745,0.000,1.200,,CIR2/NOMINAL - CS_ABC - C-Zone - XZ - Nominal
Circle,CIR3,X,32.061,32.000,0.061,,,,From 4 Pts On AUTO
Circle,CIR3,Z,-106.351,-106.100,-0.251,,,,
Pos. Tol.,POS_3,PTOL,0.516,0.000,0.516,0.000,1.200,,CIR3/NOMINAL - CS_ABC - C-Zone - XZ - Nominal
Circle,CIR4,X,-33.865,-34.000,0.135,,,,From 4 Pts On AUTO
Circle,CIR4,Z,-183.711,-183.600,-0.111,,,,
Pos. Tol.,POS_4,PTOL,0.349,0.000,0.349,0.000,1.200,,CIR4/NOMINAL - CS_ABC - C-Zone - XZ - Nominal
Circle,CIR5,X,-33.855,-34.000,0.145,,,,From 4 Pts On AUTO
Circle,CIR5,Z,-293.854,-294.200,0.346,,,,
Pos. Tol.,POS_5,PTOL,0.750,0.000,0.750,0.000,1.200,,CIR5/NOMINAL - CS_ABC - C-Zone - XZ - Nominal
Circle,CIR6,X,31.883,32.000,-0.117,,,,From 4 Pts On AUTO
Circle,CIR6,Z,-327.055,-327.300,0.245,,,,
Pos. Tol.,POS_6,PTOL,0.544,0.000,0.544,0.000,1.200,,CIR6/NOMINAL - CS_ABC - C-Zone - XZ - Nominal
Circle,CIR7,X,-34.059,-34.000,-0.059,,,,From 4 Pts On AUTO
Circle,CIR7,Z,-399.694,-399.800,0.106,,,,
Pos. Tol.,POS_7,PTOL,0.242,0.000,0.242,0.000,1.200,,CIR7/NOMINAL - CS_ABC - C-Zone - XZ - Nominal
Circle,CIR_8,X,-152.078,-152.200,0.122,,,,From 4 Pts On AUTO
Circle,CIR_8,Z,-375.073,-375.300,0.227,,,,
Pos. Tol.,POS_8,PTOL,0.515,0.000,0.515,0.000,1.200,,CIR_8/NOMINAL - CS_ABC - C-Zone - XZ - Nominal
Circle,CIR_9,X,-209.964,-210.000,0.036,,,,From 4 Pts On AUTO
Circle,CIR_9,Z,-226.810,-227.000,0.190,,,,
Pos. Tol.,POS_9,PTOL,0.386,0.000,0.386,0.000,1.200,,CIR_9/NOMINAL - CS_ABC - C-Zone - XZ - Nominal
Circle,CIR_10,X,-209.522,-210.000,0.478,,,,From 4 Pts On AUTO
Circle,CIR_10,Z,-154.631,-154.910,0.279,,,,
Pos. Tol.,POS_10,PTOL,1.108,0.000,1.108,0.000,1.200,,CIR_10/NOMINAL - CS_ABC - C-Zone - XZ - Nominal
Circle,CIR_11,X,-209.874,-210.000,0.126,,,,From 4 Pts On AUTO
Circle,CIR_11,Z,-70.023,-69.900,-0.123,,,,
Pos. Tol.,POS_11,PTOL,0.353,0.000,0.353,0.000,1.200,,CIR_11/NOMINAL - CS_ABC - C-Zone - XZ - Nominal
Profile of Line,OP1_PROF_INSIDE_PORT,PRFL,1.098,0.000,1.098,0.000,1.500,,OP1_SRF_INSIDE_PORT
Profile of Line,OP2_PROF_INSIDE_PORT,PRFL,0.716,0.000,0.716,0.000,1.500,,OP2_SRF_INSIDE_PORT
Profile of Line,OP3_PROF_INSIDE_PORT,PRFL,0.679,0.000,0.679,0.000,1.500,,OP3_SRF_INSIDE_PORT
Profile of Line,OP4_PROF_INSIDE_PORT,PRFL,1.277,0.000,1.277,0.000,1.500,,OP4_SRF_INSIDE_PORT
Distance,OP1_WIDTH_1,D1,3.030,3.000,0.030,-0.150,0.150,,OP1_P3 - OP1_P7 / OP1_CS
Distance,OP1_WIDTH_2,D1,3.096,3.000,0.096,-0.150,0.150,,OP1_P11 - OP1_P15 / OP1_CS
Distance,OP1_WIDTH_3,D1,2.994,3.000,-0.006,-0.150,0.150,,OP1_P19 - OP1_P23 / OP1_CS
Distance,OP1_WIDTH_4,D1,3.032,3.000,0.032,-0.150,0.150,,OP1_P27 - OP1_P31 / OP1_CS
Distance,OP1_WIDTH_5,D1,2.894,3.000,-0.106,-0.150,0.150,,OP1_P35 - OP1_P39 / OP1_CS
Distance,OP1_WIDTH_6,D1,2.884,3.000,-0.116,-0.150,0.150,,OP1_P43 - OP1_P47 / OP1_CS
Distance,OP1_WIDTH_7,D1,2.896,3.000,-0.104,-0.150,0.150,,OP1_P51 - OP1_P55 / OP1_CS
Distance,OP1_WIDTH_8,D1,2.907,3.000,-0.093,-0.150,0.150,,OP1_P59 - OP1_P63 / OP1_CS
Distance,OP1_DEPTH_1,Y,4.963,5.000,-0.037,-0.250,0.250,,OP1_P5 - PL_FIXTURE / OP1_CS
Distance,OP1_DEPTH_2,Y,5.033,5.000,0.033,-0.250,0.250,,OP1_P13 - PL_FIXTURE / OP1_CS
Distance,OP1_DEPTH_3,Y,5.069,5.000,0.069,-0.250,0.250,,OP1_P21 - PL_FIXTURE / OP1_CS
Distance,OP1_DEPTH_4,Y,5.162,5.000,0.162,-0.250,0.250,,OP1_P29 - PL_FIXTURE / OP1_CS
Distance,OP1_DEPTH_5,Y,5.115,5.000,0.115,-0.250,0.250,,OP1_P37 - PL_FIXTURE / OP1_CS
Distance,OP1_DEPTH_6,Y,5.048,5.000,0.048,-0.250,0.250,,OP1_P45 - PL_FIXTURE / OP1_CS
Distance,OP1_DEPTH_7,Y,4.924,5.000,-0.076,-0.250,0.250,,OP1_P53 - PL_FIXTURE / OP1_CS
Distance,OP1_DEPTH_8,Y,4.923,5.000,-0.077,-0.250,0.250,,OP1_P61 - PL_FIXTURE / OP1_CS
Distance,OP2_WIDTH_1,D1,3.012,3.000,0.012,-0.150,0.150,,OP2_P3 - OP2_P7 / OP2_CS
Distance,OP2_WIDTH_2,D1,3.002,3.000,0.002,-0.150,0.150,,OP2_P11 - OP2_P15 / OP2_CS
Distance,OP2_WIDTH_3,D1,2.954,3.000,-0.046,-0.150,0.150,,OP2_P19 - OP2_P23 / OP2_CS
Distance,OP2_WIDTH_4,D1,3.046,3.000,0.046,-0.150,0.150,,OP2_P27 - OP2_P31 / OP2_CS
Distance,OP2_WIDTH_5,D1,2.996,3.000,-0.004,-0.150,0.150,,OP2_P35 - OP2_P39 / OP2_CS
Distance,OP2_WIDTH_6,D1,2.977,3.000,-0.023,-0.150,0.150,,OP2_P43 - OP2_P47 / OP2_CS
Distance,OP2_WIDTH_7,D1,2.990,3.000,-0.010,-0.150,0.150,,OP2_P51 - OP2_P55 / OP2_CS
Distance,OP2_WIDTH_8,D1,3.068,3.000,0.068,-0.150,0.150,,OP2_P59 - OP2_P63 / OP2_CS
Distance,OP2_DEPTH_1,Y,4.968,5.000,-0.032,-0.250,0.250,,OP2_P5 - PL_FIXTURE / OP2_CS
Distance,OP2_DEPTH_2,Y,5.101,5.000,0.101,-0.250,0.250,,OP2_P13 - PL_FIXTURE / OP2_CS
Distance,OP2_DEPTH_3,Y,5.042,5.000,0.042,-0.250,0.250,,OP2_P21 - PL_FIXTURE / OP2_CS
Distance,OP2_DEPTH_4,Y,5.108,5.000,0.108,-0.250,0.250,,OP2_P29 - PL_FIXTURE / OP2_CS
Distance,OP2_DEPTH_5,Y,5.169,5.000,0.169,-0.250,0.250,,OP2_P37 - PL_FIXTURE / OP2_CS
Distance,OP2_DEPTH_6,Y,5.217,5.000,0.217,-0.250,0.250,,OP2_P45 - PL_FIXTURE / OP2_CS
Distance,OP2_DEPTH_7,Y,5.015,5.000,0.015,-0.250,0.250,,OP2_P53 - PL_FIXTURE / OP2_CS
Distance,OP2_DEPTH_8,Y,4.894,5.000,-0.106,-0.250,0.250,,OP2_P61 - PL_FIXTURE / OP2_CS
Distance,OP3_WIDTH_1,D1,2.986,3.000,-0.014,-0.150,0.150,,OP3_P3 - OP3_P7 / OP3_CS
Distance,OP3_WIDTH_2,D1,3.062,3.000,0.062,-0.150,0.150,,OP3_P11 - OP3_P15 / OP3_CS
Distance,OP3_WIDTH_3,D1,3.054,3.000,0.054,-0.150,0.150,,OP3_P19 - OP3_P23 / OP3_CS
Distance,OP3_WIDTH_4,D1,3.043,3.000,0.043,-0.150,0.150,,OP3_P27 - OP3_P31 / OP3_CS
Distance,OP3_WIDTH_5,D1,3.005,3.000,0.005,-0.150,0.150,,OP3_P35 - OP3_P39 / OP3_CS
Distance,OP3_WIDTH_6,D1,3.085,3.000,0.085,-0.150,0.150,,OP3_P43 - OP3_P47 / OP3_CS
Distance,OP3_WIDTH_7,D1,3.021,3.000,0.021,-0.150,0.150,,OP3_P51 - OP3_P55 / OP3_CS
Distance,OP3_WIDTH_8,D1,3.068,3.000,0.068,-0.150,0.150,,OP3_P59 - OP3_P63 / OP3_CS
Distance,OP3_DEPTH_1,Y,5.079,5.000,0.079,-0.250,0.250,,OP3_P5 - PL_FIXTURE / OP3_CS
Distance,OP3_DEPTH_2,Y,5.077,5.000,0.077,-0.250,0.250,,OP3_P13 - PL_FIXTURE / OP3_CS
Distance,OP3_DEPTH_3,Y,5.102,5.000,0.102,-0.250,0.250,,OP3_P21 - PL_FIXTURE / OP3_CS
Distance,OP3_DEPTH_4,Y,5.197,5.000,0.197,-0.250,0.250,,OP3_P29 - PL_FIXTURE / OP3_CS
Distance,OP3_DEPTH_5,Y,5.081,5.000,0.081,-0.250,0.250,,OP3_P37 - PL_FIXTURE / OP3_CS
Distance,OP3_DEPTH_6,Y,5.010,5.000,0.010,-0.250,0.250,,OP3_P45 - PL_FIXTURE / OP3_CS
Distance,OP3_DEPTH_7,Y,5.012,5.000,0.012,-0.250,0.250,,OP3_P53 - PL_FIXTURE / OP3_CS
Distance,OP3_DEPTH_8,Y,5.066,5.000,0.066,-0.250,0.250,,OP3_P61 - PL_FIXTURE / OP3_CS
Distance,OP4_WIDTH_1,D1,2.933,3.000,-0.067,-0.150,0.150,,OP4_P3 - OP4_P7 / OP4_CS
Distance,OP4_WIDTH_2,D1,2.977,3.000,-0.023,-0.150,0.150,,OP4_P11 - OP4_P15 / OP4_CS
Distance,OP4_WIDTH_3,D1,2.990,3.000,-0.010,-0.150,0.150,,OP4_P19 - OP4_P23 / OP4_CS
Distance,OP4_WIDTH_4,D1,2.951,3.000,-0.049,-0.150,0.150,,OP4_P27 - OP4_P31 / OP4_CS
Distance,OP4_WIDTH_5,D1,2.920,3.000,-0.080,-0.150,0.150,,OP4_P35 - OP4_P39 / OP4_CS
Distance,OP4_WIDTH_6,D1,2.910,3.000,-0.090,-0.150,0.150,,OP4_P43 - OP4_P47 / OP4_CS
Distance,OP4_WIDTH_7,D1,2.917,3.000,-0.083,-0.150,0.150,,OP4_P51 - OP4_P55 / OP4_CS
Distance,OP4_WIDTH_8,D1,2.998,3.000,-0.002,-0.150,0.150,,OP4_P59 - OP4_P63 / OP4_CS
Distance,OP4_DEPTH_1,Y,5.097,5.000,0.097,-0.250,0.250,,OP4_P5 - PL_FIXTURE / OP4_CS
Distance,OP4_DEPTH_2,Y,5.171,5.000,0.171,-0.250,0.250,,OP4_P13 - PL_FIXTURE / OP4_CS
Distance,OP4_DEPTH_3,Y,5.153,5.000,0.153,-0.250,0.250,,OP4_P21 - PL_FIXTURE / OP4_CS
Distance,OP4_DEPTH_4,Y,5.205,5.000,0.205,-0.250,0.250,,OP4_P29 - PL_FIXTURE / OP4_CS
Distance,OP4_DEPTH_5,Y,5.203,5.000,0.203,-0.250,0.250,,OP4_P37 - PL_FIXTURE / OP4_CS
Distance,OP4_DEPTH_6,Y,5.147,5.000,0.147,-0.250,0.250,,OP4_P45 - PL_FIXTURE / OP4_CS
Distance,OP4_DEPTH_7,Y,5.042,5.000,0.042,-0.250,0.250,,OP4_P53 - PL_FIXTURE / OP4_CS
Distance,OP4_DEPTH_8,Y,5.078,5.000,0.078,-0.250,0.250,,OP4_P61 - PL_FIXTURE / OP4_CS
Circle,CIR_12,DIAM,8.634,8.600,0.034,-0.100,0.100,,Criterion : Least Square (From 8 Pts On PL_PLAST_12) 
Circle,CIR_12,X,-115.328,-116.000,0.672,,,,
Circle,CIR_12,Z,-308.821,-309.000,0.179,,,,
Pos. Tol.,POS_12,PTOL,1.391,0.000,1.391,0.000,2.000,,CIR_12/NOMINAL - CS_ABC - C-Zone - XZ - Nominal
Circle,CIR_13,X,-104.846,-105.708,0.862,,,,Criterion : Least Square (From 6 Pts On PL_INS_13) 
Circle,CIR_13,Y,87.830,88.280,-0.450,,,,
Circle,CIR_13,Z,-399.927,-399.800,-0.127,,,,
Pos. Tol.,POS_13,PTOL,1.961,0.000,1.961,0.000,3.500,,CIR_13/NOMINAL - CS_ABC - C-Zone - XYZ - Nominal
Circle,CIR_14,X,-145.874,-147.031,1.156,,,,Criterion : Least Square (From 6 Pts On PL_INS_14) 
Circle,CIR_14,Y,103.253,103.320,-0.067,,,,
Circle,CIR_14,Z,-425.480,-425.600,0.120,,,,
Pos. Tol.,POS_14,PTOL,2.329,0.000,2.329,0.000,3.500,,CIR_14/NOMINAL - CS_ABC - C-Zone - XYZ - Nominal
Circle,2D_CIR_13,X,36.560,36.670,-0.110,,,,
Circle,2D_CIR_13,Z,25.722,25.800,-0.078,,,,
Pos. Tol.,POS_2D_13,PTOL,0.269,0.000,0.269,0.000,0.500,,2D_CIR_13/NOMINAL - CS_P_13_14 - C-Zone - XZ - Nominal
Distance,H_13,Y,-0.284,0.000,-0.284,-0.300,0.000,,CIR_13 - PL_PLAST_13 / CS_P_13
Circle,2D_CIR_14,X,0.000,0.000,0.000,,,,
Circle,2D_CIR_14,Z,0.000,0.000,0.000,,,,
Pos. Tol.,POS_2D_14,PTOL,0.000,0.000,0.000,0.000,0.500,,2D_CIR_14/NOMINAL - CS_P_13_14 - C-Zone - XZ - Nominal
Distance,H_14,Y,-0.010,0.000,-0.010,-0.300,0.000,,CIR_14 - PL_PLAST_14 / CS_P_14
Distance,W_SPRING_1,D1,2.739,3.000,-0.261,-0.250,0.250,-0.011,SPRG_WALL_LH_0.5.1 - SPRG_WALL_RH_0.5.1 / CS_P_13_14
Distance,W_SPRING_2,D1,2.857,3.000,-0.143,-0.250,0.250,,SPRG_WALL_LH_0.5.2 - SPRG_WALL_RH_0.5.2 / CS_P_13_14
Distance,W_SPRING_3,D1,2.863,3.000,-0.137,-0.250,0.250,,SPRG_WALL_LH_0.5.3 - SPRG_WALL_RH_0.5.3 / CS_P_13_14
Distance,W_SPRING_4,D1,2.767,3.000,-0.233,-0.250,0.250,,SPRG_WALL_LH_0.5.4 - SPRG_WALL_RH_0.5.4 / CS_P_13_14
Distance,DP_SPRING_1,D1,3.165,3.000,0.165,-0.250,0.250,,SPRG_DEPTH.1 - PL_DATUM_P / CS_P_13_14
Distance,DP_SPRING_2,D1,3.157,3.000,0.157,-0.250,0.250,,SPRG_DEPTH.2 - PL_DATUM_P / CS_P_13_14
Distance,DP_SPRING_3,D1,3.184,3.000,0.184,-0.250,0.250,,SPRG_DEPTH.3 - PL_DATUM_P / CS_P_13_14
Distance,DP_SPRING_4,D1,3.237,3.000,0.237,-0.250,0.250,,SPRG_DEPTH.4 - PL_DATUM_P / CS_P_13_14
Distance,TOP_LH_SPRING_1,D1,3.962,4.000,-0.038,-0.250,0.250,,SPRG_TOP_LH.1 - PL_DATUM_P / CS_P_13_14
Distance,TOP_LH_SPRING_2,D1,3.958,4.000,-0.042,-0.250,0.250,,SPRG_TOP_LH.2 - PL_DATUM_P / CS_P_13_14
Distance,TOP_LH_SPRING_3,D1,3.930,4.000,-0.070,-0.250,0.250,,SPRG_TOP_LH.3 - PL_DATUM_P / CS_P_13_14
Distance,TOP_LH_SPRING_4,D1,3.923,4.000,-0.077,-0.250,0.250,,SPRG_TOP_LH.4 - PL_DATUM_P / CS_P_13_14
Distance,TOP_RH_SPRING_1,D1,4.128,4.000,0.128,-0.250,0.250,,SPRG_TOP_RH.1 - PL_DATUM_P / CS_P_13_14
Distance,TOP_RH_SPRING_2,D1,4.102,4.000,0.102,-0.250,0.250,,SPRG_TOP_RH.2 - PL_DATUM_P / CS_P_13_14
Distance,TOP_RH_SPRING_3,D1,4.073,4.000,0.073,-0.250,0.250,,SPRG_TOP_RH.3 - PL_DATUM_P / CS_P_13_14
Distance,TOP_RH_SPRING_4,D1,4.056,4.000,0.056,-0.250,0.250,,SPRG_TOP_RH.4 - PL_DATUM_P / CS_P_13_14
Point,2D_SPRG_OUT_LH_0.5.1,Z,-5.801,-5.800,-0.001,-0.250,0.250,,
Point,2D_SPRG_OUT_LH_0.5.2,Z,-5.763,-5.800,0.037,-0.250,0.250,,
Point,2D_SPRG_OUT_LH_0.5.3,Z,-5.777,-5.800,0.023,-0.250,0.250,,
Point,2D_SPRG_OUT_LH_0.5.4,Z,-5.838,-5.800,-0.038,-0.250,0.250,,
Point,2D_SPRG_OUT_LH_1.5.1,Z,-5.770,-5.800,0.030,-0.250,0.250,,
Point,2D_SPRG_OUT_LH_1.5.2,Z,-5.765,-5.800,0.035,-0.250,0.250,,
Point,2D_SPRG_OUT_LH_1.5.3,Z,-5.771,-5.800,0.029,-0.250,0.250,,
Point,2D_SPRG_OUT_LH_1.5.4,Z,-5.788,-5.800,0.012,-0.250,0.250,,
Point,2D_SPRG_OUT_RH_0.5.1,Z,6.851,6.900,-0.049,-0.250,0.250,,
Point,2D_SPRG_OUT_RH_0.5.2,Z,6.796,6.900,-0.104,-0.250,0.250,,
Point,2D_SPRG_OUT_RH_0.5.3,Z,6.783,6.900,-0.117,-0.250,0.250,,
Point,2D_SPRG_OUT_RH_0.5.4,Z,6.838,6.900,-0.062,-0.250,0.250,,
Point,2D_SPRG_OUT_RH_1.5.1,Z,6.841,6.900,-0.059,-0.250,0.250,,
Point,2D_SPRG_OUT_RH_1.5.2,Z,6.816,6.900,-0.084,-0.250,0.250,,
Point,2D_SPRG_OUT_RH_1.5.3,Z,6.816,6.900,-0.084,-0.250,0.250,,
Point,2D_SPRG_OUT_RH_1.5.4,Z,6.840,6.900,-0.060,-0.250,0.250,,
Circle,CIR_15,DIAM,5.052,5.200,-0.148,-0.100,0.100,-0.048,Criterion : Least Square (From 6 Pts On PL_PLAST_15) 
Circle,CIR_15,X,2.302,1.992,0.310,,,,
Circle,CIR_15,Z,-406.834,-406.515,-0.319,,,,
Pos. Tol.,POS_15,PTOL,0.890,0.000,0.890,0.000,2.000,,CIR_15/NOMINAL - CS_ABC - C-Zone - XZ - Nominal
Circle,CIR_16,DIAM,6.717,6.750,-0.033,-0.100,0.100,,Criterion : Least Square (From 6 Pts On PL_PLAST_16) 
Circle,CIR_16,X,28.022,28.242,-0.220,,,,
Circle,CIR_16,Z,9.555,9.985,-0.430,,,,
Pos. Tol.,POS_16,PTOL,0.967,0.000,0.967,0.000,2.000,,CIR_16/NOMINAL - CS_ABC - C-Zone - XZ - Nominal
Flatness,FLATNESS_G,FLTN,0.067,0.000,0.067,0.000,0.250,,PL_DATUM_G
Distance,PROF_G,X,-212.726,-213.100,0.374,-0.500,0.500,,CIR_19 - ORIGIN / CS_ABC
Circle,CIR_19,DIAM,33.174,33.200,-0.026,-0.100,0.100,,Criterion : Least Square (From 16 Pts On PL_DATUM_G) 
Circle,CIR_19,Y,60.252,60.550,-0.298,,,,
Circle,CIR_19,Z,-190.967,-191.000,0.033,,,,
Circle,CIR_19_GAGE_27.5,DIAM,28.182,28.100,0.082,-0.100,0.100,,Criterion : Least Square (From 16 Pts On PL_DATUM_G) 
Pos. Tol.,POS_19,PTOL,0.600,0.000,0.600,0.000,1.500,,CIR_19/NOMINAL - CS_ABC - C-Zone - YZ - Nominal
Circle,2D_GHA_CIR_20,DIAM,4.950,4.980,-0.030,-0.100,0.100,,
Circle,2D_GHA_CIR_20,Y,29.186,29.000,0.186,,,,
Circle,2D_GHA_CIR_20,Z,7.657,7.760,-0.103,,,,
Pos. Tol.,POS_20,PTOL,0.425,0.000,0.425,0.000,1.000,,2D_GHA_CIR_20/NOMINAL - CS_GH - C-Zone - YZ - Nominal
Circle,2D_GHA_CIR_21,DIAM,4.990,4.980,0.010,-0.100,0.100,,
Circle,2D_GHA_CIR_21,Y,-28.884,-29.000,0.116,,,,
Circle,2D_GHA_CIR_21,Z,-7.882,-7.760,-0.122,,,,
Pos. Tol.,POS_21,PTOL,0.336,0.000,0.336,0.000,1.000,,2D_GHA_CIR_21/NOMINAL - CS_GH - C-Zone - YZ - Nominal
Circle,JKM_CIR_22,DIAM,14.072,14.000,0.072,-0.100,0.100,,
Circle,JKM_CIR_22,X,23.662,23.540,0.122,,,,
Circle,JKM_CIR_22,Z,-0.461,0.000,-0.461,,,,
Pos. Tol.,POS_22,PTOL,0.954,0.000,0.954,0.000,1.500,,JKM_CIR_22/NOMINAL - CS_JKM_BF - C-Zone - XZ - Nominal
Circle,JKM_CIR_23,DIAM,14.123,14.050,0.073,-0.100,0.100,,
Circle,JKM_CIR_23,X,23.621,23.540,0.081,,,,
Circle,JKM_CIR_23,Z,-110.606,-110.600,-0.006,,,,
Pos. Tol.,POS_23,PTOL,0.163,0.000,0.163,0.000,1.500,,JKM_CIR_23/NOMINAL - CS_JKM_BF - C-Zone - XZ - Nominal
Circle,JKM_CIR_24,DIAM,14.089,14.050,0.039,-0.100,0.100,,
Circle,JKM_CIR_24,X,23.808,23.540,0.268,,,,
Circle,JKM_CIR_24,Z,-220.990,-221.200,0.210,,,,
Pos. Tol.,POS_24,PTOL,0.682,0.000,0.682,0.000,1.500,,JKM_CIR_24/NOMINAL - CS_JKM_BF - C-Zone - XZ - Nominal
Circle,JKM_CIR_25,DIAM,14.098,14.050,0.048,-0.100,0.100,,
Circle,JKM_CIR_25,X,23.728,23.540,0.188,,,,
Circle,JKM_CIR_25,Z,-331.237,-331.800,0.563,,,,
Pos. Tol.,POS_25,PTOL,1.188,0.000,1.188,0.000,1.500,,JKM_CIR_25/NOMINAL - CS_JKM_BF - C-Zone - XZ - Nominal
Circle,CIR_26,DIAM,4.895,4.960,-0.065,-0.100,0.100,,Criterion : Least Square (From 6 Pts On PL_26) 
Circle,CIR_26,X,41.772,42.250,-0.478,,,,
Circle,CIR_26,Y,81.600,81.850,-0.250,,,,
Circle,CIR_26,Z,-41.395,-41.100,-0.295,,,,
Pos. Tol.,POS_26,PTOL,1.229,0.000,1.229,0.000,2.000,,CIR_26/NOMINAL - CS_ABC - C-Zone - XYZ - Nominal
Circle,CIR_27,DIAM,4.955,4.960,-0.005,-0.100,0.100,,Criterion : Least Square (From 6 Pts On PL_27) 
Circle,CIR_27,X,41.423,42.250,-0.827,,,,
Circle,CIR_27,Y,81.939,81.850,0.089,,,,
Circle,CIR_27,Z,-152.038,-151.700,-0.338,,,,
Pos. Tol.,POS_27,PTOL,1.796,0.000,1.796,0.000,2.000,,CIR_27/NOMINAL - CS_ABC - C-Zone - XYZ - Nominal
Circle,CIR_28,DIAM,4.924,4.960,-0.036,-0.100,0.100,,Criterion : Least Square (From 6 Pts On PL_28) 
Circle,CIR_28,X,41.585,42.250,-0.665,,,,
Circle,CIR_28,Y,81.839,81.850,-0.011,,,,
Circle,CIR_28,Z,-261.946,-262.300,0.354,,,,
Pos. Tol.,POS_28,PTOL,1.507,0.000,1.507,0.000,2.000,,CIR_28/NOMINAL - CS_ABC - C-Zone - XYZ - Nominal
Circle,CIR_29,DIAM,4.899,4.960,-0.061,-0.100,0.100,,Criterion : Least Square (From 6 Pts On PL_29) 
Circle,CIR_29,X,41.622,42.250,-0.629,,,,
Circle,CIR_29,Y,81.983,81.850,0.132,,,,
Circle,CIR_29,Z,-372.429,-372.900,0.471,,,,
Pos. Tol.,POS_29,PTOL,1.593,0.000,1.593,0.000,2.000,,CIR_29/NOMINAL - CS_ABC - C-Zone - XYZ - Nominal
Circle,2D_CIR_26,X,0.152,0.000,0.152,,,,
Circle,2D_CIR_26,Z,-0.343,0.000,-0.343,,,,
Pos. Tol.,POS_2D_26,PTOL,0.750,0.000,0.750,0.000,1.000,,2D_CIR_26/NOMINAL - CS_JKM_BF - C-Zone - XZ - Nominal
Circle,2D_CIR_27,X,-0.244,0.000,-0.244,,,,
Circle,2D_CIR_27,Z,-110.986,-110.600,-0.386,,,,
Pos. Tol.,POS_2D_27,PTOL,0.914,0.000,0.914,0.000,1.000,,2D_CIR_27/NOMINAL - CS_JKM_BF - C-Zone - XZ - Nominal
Circle,2D_CIR_28,X,0.032,0.000,0.032,,,,
Circle,2D_CIR_28,Z,-220.894,-221.200,0.306,,,,
Pos. Tol.,POS_2D_28,PTOL,0.616,0.000,0.616,0.000,1.000,,2D_CIR_28/NOMINAL - CS_JKM_BF - C-Zone - XZ - Nominal
Circle,2D_CIR_29,X,0.060,0.000,0.060,,,,
Circle,2D_CIR_29,Z,-331.377,-331.800,0.423,,,,
Pos. Tol.,POS_2D_29,PTOL,0.854,0.000,0.854,0.000,1.000,,2D_CIR_29/NOMINAL - CS_JKM_BF - C-Zone - XZ - Nominal
Circle,CIR_30,DIAM,6.767,6.750,0.017,-0.100,0.100,,Criterion : Least Square (From 6 Pts On PL_PLAST_30) 
Circle,CIR_30,Y,15.496,15.633,-0.137,,,,
Circle,CIR_30,Z,-65.283,-65.019,-0.264,,,,
Pos. Tol.,POS_30,PTOL,0.595,0.000,0.595,0.000,2.000,,CIR_30/NOMINAL - CS_ABC - C-Zone - YZ - Nominal
Circle,CIR_31,DIAM,6.796,6.750,0.046,-0.100,0.100,,Criterion : Least Square (From 6 Pts On PL_PLAST_31) 
Circle,CIR_31,Y,15.715,15.564,0.151,,,,
Circle,CIR_31,Z,-175.008,-175.015,0.007,,,,
Pos. Tol.,POS_31,PTOL,0.302,0.000,0.302,0.000,2.000,,CIR_31/NOMINAL - CS_ABC - C-Zone - YZ - Nominal
Circle,CIR_32,DIAM,6.797,6.750,0.047,-0.100,0.100,,Criterion : Least Square (From 6 Pts On PL_PLAST_32) 
Circle,CIR_32,Y,15.572,15.564,0.007,,,,
Circle,CIR_32,Z,-285.779,-286.015,0.235,,,,
Pos. Tol.,POS_32,PTOL,0.471,0.000,0.471,0.000,2.000,,CIR_32/NOMINAL - CS_ABC - C-Zone - YZ - Nominal
Circle,CIR_33,DIAM,6.727,6.750,-0.023,-0.100,0.100,,Criterion : Least Square (From 8 Pts On PL_PLAST_33) 
Circle,CIR_33,Y,15.828,15.565,0.264,,,,
Circle,CIR_33,Z,-401.086,-402.034,0.948,,,,
Pos. Tol.,POS_33,PTOL,1.969,0.000,1.969,0.000,2.000,,CIR_33/NOMINAL - CS_ABC - C-Zone - YZ - Nominal
Flatness,FLATNESS_R,FLTN,0.122,0.000,0.122,0.000,0.250,,CS_ABC
Circle,CIR_34,DIAM,7.927,8.000,-0.073,-0.100,0.100,,Criterion : Least Square (From 10 Pts On CS_ABC) 
Circle,CIR_34,X,32.156,31.994,0.162,,,,
Circle,CIR_34,Y,117.689,118.547,-0.858,,,,
Circle,CIR_34,Z,-365.510,-365.869,0.359,,,,
Pos. Tol.,POS_34,PTOL,1.888,0.000,1.888,0.000,2.500,,CIR_34/NOMINAL - CS_ABC - C-Zone - XYZ - Nominal
Circle,2D_CIR_35,Y,12.960,13.000,-0.040,,,,
Circle,2D_CIR_35,Z,-0.005,0.000,-0.005,,,,
Pos. Tol.,POS_2D_35,PTOL,0.081,0.000,0.081,0.000,0.500,,2D_CIR_35/NOMINAL - CS_RS_BF - C-Zone - YZ - Nominal
Circle,2D_CIR_36,Y,-13.016,-13.000,-0.016,,,,
Circle,2D_CIR_36,Z,-0.005,0.000,-0.005,,,,
Pos. Tol.,POS_2D_36,PTOL,0.033,0.000,0.033,0.000,0.500,,2D_CIR_36/NOMINAL - CS_RS_BF - C-Zone - YZ - Nominal
Circle,CIR_37,DIAM,10.485,10.390,0.095,0.000,0.130,,Criterion : Least Square (From 12 Pts On PL_PLAST_37) 
Circle,CIR_37,X,-201.218,-201.200,-0.018,,,,
Circle,CIR_37,Y,75.192,75.457,-0.265,,,,
Pos. Tol.,POS_37,PTOL,0.532,0.000,0.532,0.000,3.500,,CIR_37/NOMINAL - CS_ABC - C-Zone - XY - Nominal
Flatness,FLATNESS_D,FLTN,0.315,0.000,0.315,0.000,0.400,,PL_DATUM_D
Distance,PROF_D,Z,-6.700,-6.000,-0.700,-1.500,1.500,,CIR_38 - ORIGIN / CS_ABC
Circle,CIR_39,DIAM,4.910,4.980,-0.070,-0.100,0.100,,Criterion : Least Square (From 6 Pts On PL_PLAST_39) 
Circle,CIR_39,X,-170.590,-171.258,0.668,,,,
Circle,CIR_39,Y,94.183,94.550,-0.367,,,,
Pos. Tol.,POS_39,PTOL,1.525,0.000,1.525,0.000,3.000,,CIR_39/NOMINAL - CS_ABC - C-Zone - XY - Nominal
Circle,CIR_40,DIAM,4.907,4.980,-0.073,-0.100,0.100,,Criterion : Least Square (From 6 Pts On PL_PLAST_40) 
Circle,CIR_40,X,-103.618,-104.259,0.641,,,,
Circle,CIR_40,Y,97.394,98.050,-0.656,,,,
Pos. Tol.,POS_40,PTOL,1.834,0.000,1.834,0.000,3.000,,CIR_40/NOMINAL - CS_ABC - C-Zone - XY - Nominal
Circle,CIR_41,DIAM,4.892,4.980,-0.088,-0.200,0.100,,Criterion : Least Square (From 6 Pts On PL_PLAST_41) 
Circle,CIR_41,X,-102.949,-103.258,0.309,,,,
Circle,CIR_41,Y,25.881,26.550,-0.669,,,,
Pos. Tol.,POS_41,PTOL,1.474,0.000,1.474,0.000,3.000,,CIR_41/NOMINAL - CS_ABC - C-Zone - XY - Nominal
Circle,CIR_42,DIAM,4.875,4.980,-0.105,-0.100,0.100,-0.005,Criterion : Least Square (From 6 Pts On PL_PLAST_42) 
Circle,CIR_42,X,-170.985,-171.258,0.273,,,,
Circle,CIR_42,Y,26.186,26.550,-0.364,,,,
Pos. Tol.,POS_42,PTOL,0.910,0.000,0.910,0.000,3.000,,CIR_42/NOMINAL - CS_ABC - C-Zone - XY - Nominal
Circle,2D_CIR_38,DIAM,62.977,63.000,-0.023,-0.500,0.500,,
Circle,2D_CIR_38,X,-34.054,-34.000,-0.054,,,,
Circle,2D_CIR_38,Y,33.912,34.000,-0.088,,,,
Pos. Tol.,POS_2D_38,PTOL,0.206,0.000,0.206,0.000,1.000,,2D_CIR_38/NOMINAL - CS_DEF_BF - C-Zone - XY - Nominal
Circle,2D_CIR_39,X,-67.951,-68.000,0.049,,,,
Circle,2D_CIR_39,Y,68.007,68.000,0.007,,,,
Pos. Tol.,POS_2D_39,PTOL,0.099,0.000,0.099,0.000,0.500,,2D_CIR_39/NOMINAL - CS_DEF_BF - C-Zone - XY - Nominal
Circle,2D_CIR_40,X,-0.995,-1.000,0.005,,,,
Circle,2D_CIR_40,Y,71.541,71.500,0.041,,,,
Pos. Tol.,POS_2D_40,PTOL,0.082,0.000,0.082,0.000,0.500,,2D_CIR_40/NOMINAL - CS_DEF_BF - C-Zone - XY - Nominal
Circle,2D_CIR_41,X,0.018,0.000,0.018,,,,
Circle,2D_CIR_41,Y,0.031,0.000,0.031,,,,
Pos. Tol.,POS_2D_41,PTOL,0.072,0.000,0.072,0.000,0.500,,2D_CIR_41/NOMINAL - CS_DEF_BF - C-Zone - XY - Nominal
Circle,2D_CIR_42,X,-68.019,-68.000,-0.019,,,,
Circle,2D_CIR_42,Y,0.009,0.000,0.009,,,,
Pos. Tol.,POS_2D_42,PTOL,0.041,0.000,0.041,0.000,0.500,,2D_CIR_42/NOMINAL - CS_DEF_BF - C-Zone - XY - Nominal
Distance,WIDTH_TB1,D1,2.921,3.000,-0.079,-0.150,0.150,,P0W2.5_1.1 - PIW2.5_1.1 / CS_DEF_BF
Distance,WIDTH_TB2,D1,3.004,3.000,0.004,-0.150,0.150,,P0W2.5_1.2 - PIW2.5_1.2 / CS_DEF_BF
Distance,WIDTH_TB3,D1,3.046,3.000,0.046,-0.150,0.150,,P0W2.5_1.3 - PIW2.5_1.3 / CS_DEF_BF
Distance,WIDTH_TB4,D1,2.976,3.000,-0.024,-0.150,0.150,,P0W2.5_1.4 - PIW2.5_1.4 / CS_DEF_BF
Distance,WIDTH_TB5,D1,3.017,3.000,0.017,-0.150,0.150,,P0W2.5_1.5 - PIW2.5_1.5 / CS_DEF_BF
Distance,WIDTH_TB6,D1,2.952,3.000,-0.048,-0.150,0.150,,P0W2.5_1.6 - PIW2.5_1.6 / CS_DEF_BF
Distance,WIDTH_TB7,D1,3.033,3.000,0.033,-0.150,0.150,,P0W2.5_1.7 - PIW2.5_1.7 / CS_DEF_BF
Distance,WIDTH_TB8,D1,2.841,2.850,-0.009,-0.150,0.150,,P0W2.5_1.8 - PIW2.5_1.8 / CS_DEF_BF
Distance,WIDTH_TB9,D1,2.971,3.000,-0.029,-0.150,0.150,,P0W2.5_1.9 - PIW2.5_1.9 / CS_DEF_BF
Distance,WIDTH_TB10,D1,2.920,2.950,-0.030,-0.150,0.150,,P0W2.5_1.10 - PIW2.5_1.10 / CS_DEF_BF
Distance,WIDTH_TB11,D1,2.991,3.000,-0.009,-0.150,0.150,,P0W2.5_1.11 - PIW2.5_1.11 / CS_DEF_BF
Distance,WIDTH_TB12,D1,3.115,3.100,0.015,-0.150,0.150,,P0W2.5_1.12 - PIW2.5_1.12 / CS_DEF_BF
Distance,WIDTH_TB13,D1,3.114,3.050,0.064,-0.150,0.150,,P0W2.5_1.13 - PIW2.5_1.13 / CS_DEF_BF
Distance,WIDTH_TB14,D1,3.039,3.000,0.039,-0.150,0.150,,P0W2.5_1.14 - PIW2.5_1.14 / CS_DEF_BF
Distance,WIDTH_TB15,D1,2.925,2.950,-0.025,-0.150,0.150,,P0W2.5_1.15 - PIW2.5_1.15 / CS_DEF_BF
Distance,DEPTH_TB1,D1,4.931,5.000,-0.069,-0.250,0.250,,PTB_BOT_1.1 - PL_DATUM_D / CS_DEF_BF
Distance,DEPTH_TB2,D1,4.916,5.000,-0.084,-0.250,0.250,,PTB_BOT_1.2 - PL_DATUM_D / CS_DEF_BF
Distance,DEPTH_TB3,D1,5.024,5.000,0.024,-0.250,0.250,,PTB_BOT_1.3 - PL_DATUM_D / CS_DEF_BF
Distance,DEPTH_TB4,D1,4.997,5.000,-0.003,-0.250,0.250,,PTB_BOT_1.4 - PL_DATUM_D / CS_DEF_BF
Distance,DEPTH_TB5,D1,4.964,5.000,-0.036,-0.250,0.250,,PTB_BOT_1.5 - PL_DATUM_D / CS_DEF_BF
Distance,DEPTH_TB6,D1,4.994,5.000,-0.006,-0.250,0.250,,PTB_BOT_1.6 - PL_DATUM_D / CS_DEF_BF
Distance,DEPTH_TB7,D1,4.981,5.000,-0.019,-0.250,0.250,,PTB_BOT_1.7 - PL_DATUM_D / CS_DEF_BF
Distance,DEPTH_TB8,D1,5.018,5.000,0.018,-0.250,0.250,,PTB_BOT_1.8 - PL_DATUM_D / CS_DEF_BF
Distance,DEPTH_TB9,D1,5.085,5.000,0.085,-0.250,0.250,,PTB_BOT_1.9 - PL_DATUM_D / CS_DEF_BF
Distance,DEPTH_TB10,D1,5.134,5.000,0.134,-0.250,0.250,,PTB_BOT_1.10 - PL_DATUM_D / CS_DEF_BF
Distance,DEPTH_TB11,D1,5.136,5.000,0.136,-0.250,0.250,,PTB_BOT_1.11 - PL_DATUM_D / CS_DEF_BF
Distance,DEPTH_TB12,D1,5.090,5.000,0.090,-0.250,0.250,,PTB_BOT_1.12 - PL_DATUM_D / CS_DEF_BF
Distance,DEPTH_TB13,D1,5.006,5.000,0.006,-0.250,0.250,,PTB_BOT_1.13 - PL_DATUM_D / CS_DEF_BF
Distance,DEPTH_TB14,D1,4.956,5.000,-0.044,-0.250,0.250,,PTB_BOT_1.14 - PL_DATUM_D / CS_DEF_BF
Distance,DEPTH_TB15,D1,4.957,5.000,-0.043,-0.250,0.250,,PTB_BOT_1.15 - PL_DATUM_D / CS_DEF_BF
