Feat. Type,Feat. Name,Value,Actual,Nominal,Dev.,Tol-,Tol+,Out of Tol.,Comment
Text/Value,VAR_PROGRAM,VAL,,,,,,,'N:\Metrolog XG\Programmes\D-35\D-35 Hauteur Plastic Crush Rib Moule 1 (Module 44).gm2'
Text/Value,VAR_EVENEMENT,VAL,,,,,,,'Test_Hebdo'
Text/Value,VAR_COMMENTAIRES,VAL,,,,,,,'303A'
Circle,CIR_3_FL,X,124.192,124.294,-0.102,,,,Criterion : Least Square (From 6 Pts On PL_PLAST_FL_3) 
Circle,CIR_3_FL,Z,-30.229,-30.147,-0.082,,,,
Pos. Tol.,POS_3_FLANGE,PTOL,0.262,0.000,0.262,0.000,1.000,,CIR_3_FL/NOMINAL - CS_ABC - C-Zone - XZ - Nominal
Circle,CIR_3_TOP,X,124.789,124.294,0.495,,,,Criterion : Least Square (From 6 Pts On PL_PLAST_TOP_3) 
Circle,CIR_3_TOP,Z,-30.073,-30.147,0.073,,,,
Pos. Tol.,POS_3_TOP,PTOL,1.000,0.000,1.000,0.000,2.000,,CIR_3_TOP/NOMINAL - CS_ABC - C-Zone - XZ - Nominal
Distance,PLASTIC_HEIGHT,D1,99.856,100.350,-0.494,-0.200,0.200,-0.294,CIR_3_FL - CIR_3_TOP / CS_ABC
