Feat. Type,Feat. Name,Value,Actual,Nominal,Dev.,Tol-,Tol+,Out of Tol.,Comment
Text/Value,VAR_PROGRAM,VAL,,,,,,,'N:\Metrolog XG\Programmes\Corvette LT1\Corvette LT1 Complete (Module 51).gm2'
Text/Value,VAR_EVENEMENT,VAL,,,,,,,'demarage'
Text/Value,VAR_COMMENTAIRES,VAL,,,,,,,'299A'
Angle,ANGLE_DATUM_A,3D,32.062,32.000,0.062,,,,PL_TOP_OP1_OP2_OP3_OP4 - ZX-PLANE / CS_A-BC_BF_SURFACE
Angle,ANGLE_DATUM_B,3D,31.973,32.000,-0.027,,,,PL_TOP_OP5_OP6_OP7_OP8 - ZX-PLANE / CS_A-BC_BF_SURFACE
Angle,ANGLE_25,3D,7.569,,,,,,LINE_25 - X-AXIS / CS_A-BC_BF_SURFACE_ROT
Angle,ANGLE_TBA,3D,18.273,18.000,0.273,,,,PL_DATUM_D - ZX-PLANE / CS_A-BC_BF_SURFACE_ROT
Circle,CIR1,DIAM,12.925,12.912,0.014,-0.150,0.400,,From 4 Pts On PL_CIR_1
Circle,CIR1,X,-151.872,-151.990,0.118,,,,
Circle,CIR1,Y,-157.608,-158.070,0.462,,,,
Circle,CIR2,DIAM,12.930,12.912,0.019,-0.150,0.400,,From 4 Pts On PL_CIR_2
Circle,CIR2,X,-151.791,-151.990,0.199,,,,
Circle,CIR2,Y,-46.329,-46.310,-0.019,,,,
Circle,CIR3,DIAM,12.913,12.912,0.002,-0.150,0.400,,From 4 Pts On PL_CIR_3
Circle,CIR3,X,-151.360,-151.990,0.630,,,,
Circle,CIR3,Y,65.499,65.450,0.049,,,,
Circle,CIR4,DIAM,12.934,12.912,0.022,-0.150,0.400,,From 4 Pts On PL_CIR_4
Circle,CIR4,X,-151.489,-151.990,0.501,,,,
Circle,CIR4,Y,177.145,177.210,-0.065,,,,
Circle,CIR5,DIAM,12.861,12.912,-0.050,-0.150,0.400,,From 4 Pts On PL_CIR_5
Circle,CIR5,X,-151.949,-151.990,0.041,,,,
Circle,CIR5,Y,248.441,248.730,-0.289,,,,
Circle,CIR6,DIAM,12.904,12.912,-0.008,-0.150,0.400,,From 4 Pts On PL_CIR_6
Circle,CIR6,X,151.529,151.990,-0.461,,,,
Circle,CIR6,Y,223.117,223.520,-0.403,,,,
Circle,CIR7,DIAM,12.917,12.912,0.006,-0.150,0.400,,From 4 Pts On PL_CIR_7
Circle,CIR7,X,151.368,151.990,-0.622,,,,
Circle,CIR7,Y,111.802,111.760,0.042,,,,
Circle,CIR8,DIAM,12.923,12.912,0.012,-0.150,0.400,,From 4 Pts On PL_CIR_8
Circle,CIR8,X,151.788,151.990,-0.202,,,,
Circle,CIR8,Y,0.342,-0.000,0.342,,,,
Circle,CIR9,DIAM,12.927,12.912,0.015,-0.150,0.400,,From 4 Pts On PL_CIR_9
Circle,CIR9,X,151.662,151.990,-0.328,,,,
Circle,CIR9,Y,-111.271,-111.760,0.489,,,,
Circle,CIR10,DIAM,12.918,12.912,0.006,-0.150,0.400,,From 4 Pts On PL_CIR_10
Circle,CIR10,X,151.924,151.990,-0.066,,,,
Circle,CIR10,Y,-182.680,-183.280,0.600,,,,
Circle,CIR_11,X,161.099,161.000,0.099,,,,Criterion : Least Square (From 6 Pts On PL_INS_11) 
Circle,CIR_11,Y,-147.218,-147.520,0.302,,,,
Circle,CIR_12,X,161.205,161.000,0.205,,,,Criterion : Least Square (From 6 Pts On PL_INS_12) 
Circle,CIR_12,Y,88.198,88.000,0.198,,,,
Circle,CIR_13,X,-161.060,-161.000,-0.060,,,,Criterion : Least Square (From 6 Pts On PL_INS_13) 
Circle,CIR_13,Y,101.333,101.210,0.123,,,,
Circle,CIR_14,X,-161.351,-161.000,-0.351,,,,Criterion : Least Square (From 6 Pts On PL_INS_14) 
Circle,CIR_14,Y,-122.071,-122.310,0.239,,,,
Circle,CIR_15,DIAM,12.135,12.050,0.085,-0.080,0.130,,Criterion : Least Square (From 12 Pts On PL_PLAST_15) 
Circle,CIR_15,X,137.439,137.000,0.439,,,,
Circle,CIR_15,Y,43.865,43.620,0.245,,,,
Circle,CIR_15,Z,175.508,175.490,0.018,,,,
Circle,CIR_16,DIAM,4.864,4.800,0.064,-0.250,0.250,,Criterion : Least Square (From 6 Pts On PL_PLAST_15) 
Circle,CIR_16,X,-0.000,0.000,0.000,,,,
Circle,CIR_16,Y,-17.461,-17.530,0.069,,,,
Circle,CIR_16,Z,-0.032,0.000,-0.032,,,,
Circle,CIR_17_2,DIAM,17.021,17.000,0.021,-0.050,0.050,,Criterion : Least Square (From 12 Pts On PL_17) 
Circle,CIR_19,DIAM,88.005,87.989,0.017,,,,Criterion : Least Square (From 12 Pts On PL_DATUM_D) 
Circle,CIR_19,X,0.784,-0.000,0.784,,,,
Circle,CIR_19,Y,-225.162,-225.090,-0.072,,,,
Circle,CIR_19,Z,215.538,215.810,-0.272,,,,
Circle,CIR_20,X,52.999,52.000,0.999,,,,Criterion : Least Square (From 6 Pts On PL_INS_20) 
Circle,CIR_20,Y,-225.200,-225.790,0.590,,,,
Circle,CIR_20,Z,250.153,250.810,-0.657,,,,
Circle,CIR_21,X,52.739,52.000,0.739,,,,Criterion : Least Square (From 6 Pts On PL_INS_21) 
Circle,CIR_21,Y,-225.010,-225.340,0.330,,,,
Circle,CIR_21,Z,180.643,180.810,-0.167,,,,
Circle,CIR_22,X,-51.513,-52.000,0.487,,,,Criterion : Least Square (From 6 Pts On PL_INS_22) 
Circle,CIR_22,Y,-224.963,-225.790,0.827,,,,
Circle,CIR_22,Z,181.134,180.810,0.324,,,,
Circle,CIR_23,X,-51.030,-52.000,0.970,,,,Criterion : Least Square (From 6 Pts On PL_INS_23) 
Circle,CIR_23,Y,-225.455,-225.577,0.122,,,,
Circle,CIR_23,Z,250.695,250.810,-0.115,,,,
Circle,2D_CIR_19,X,0.000,0.000,0.000,-0.050,0.050,,
Circle,2D_CIR_19,Z,0.000,0.000,0.000,-0.050,0.050,,
Circle,2D_CIR_20,X,52.025,52.000,0.025,,,,
Circle,2D_CIR_20,Z,34.761,35.000,-0.239,,,,
Circle,2D_CIR_21,X,52.118,52.000,0.118,,,,
Circle,2D_CIR_21,Z,-34.749,-35.000,0.251,,,,
Circle,2D_CIR_22,X,-52.136,-52.000,-0.136,,,,
Circle,2D_CIR_22,Z,-34.788,-35.000,0.212,,,,
Circle,2D_CIR_23,X,-52.006,-52.000,-0.006,,,,
Circle,2D_CIR_23,Z,34.776,35.000,-0.224,,,,
Circle,CIR_25_GAGE_6,DIAM,12.128,12.170,-0.042,-0.120,0.080,,Criterion : Least Square (From 12 Pts On PL_PLAST_25_26) 
Circle,CIR_25_GAGE_6,X,-62.019,-63.396,1.377,,,,
Circle,CIR_25_GAGE_6,Y,-214.216,-214.658,0.442,,,,
Circle,CIR_25_GAGE_6,Z,155.448,155.214,0.234,,,,
Circle,CIR_26,X,0.370,0.000,0.370,,,,Criterion : Least Square (From 6 Pts On PL_INS_26) 
Circle,CIR_26,Y,0.000,0.000,0.000,,,,
Circle,CIR_26,Z,-23.309,-23.500,0.191,,,,
Circle,CIR_18,DIAM,9.902,9.890,0.012,-0.085,0.085,,Inters. PL_18 - CYL_18.
Circle,CIR_18,X,112.673,112.500,0.173,,,,
Circle,CIR_18,Y,-258.207,-258.800,0.593,,,,
Circle,CIR_18,Z,160.558,160.500,0.058,,,,
Distance,DIAM_C,D1,8.787,8.860,-0.073,-0.150,0.150,,SRF_C_TOP - SRF_C_LOW / CS_A-BC_BF_SURFACE
Distance,H_11,Z,0.293,0.000,0.293,0.000,0.500,,CIR_11 - PL_PLAST_11 / CS_CIR_11
Distance,H_12,Z,0.215,0.000,0.215,0.000,0.500,,CIR_12 - PL_PLAST_12 / CS_CIR_12
Distance,H_13,Z,0.316,0.000,0.316,0.000,0.500,,CIR_13 - PL_PLAST_13 / CS_CIR_13
Distance,H_14,Z,0.206,0.000,0.206,0.000,0.500,,CIR_14 - PL_PLAST_14 / CS_CIR_14
Distance,H_20,Y,0.121,0.000,0.121,0.000,0.500,,CIR_20 - PL_PLAST_20 / CS_DE_BF_ROT
Distance,H_21,Y,0.267,0.000,0.267,0.000,0.500,,CIR_21 - PL_PLAST_21 / CS_DE_BF_ROT
Distance,H_22,Y,0.240,0.000,0.240,0.000,0.500,,CIR_22 - PL_PLAST_22 / CS_DE_BF_ROT
Distance,H_23,Y,0.215,0.000,0.215,0.000,0.500,,CIR_23 - PL_PLAST_23 / CS_DE_BF_ROT
Distance,H_26,X,0.377,0.000,0.377,0.000,0.500,,CIR_26 - PL_PLAST_25_26 / CS_H_ROT_180
Distance,OP1_DEPTH_1,D1,5.000,5.000,0.000,-0.300,0.300,,PL_DATUM_K - OP1_PT1_DEPTH / CS_BF_OP1
Distance,OP1_DEPTH_2,D1,4.973,5.000,-0.027,-0.300,0.300,,PL_DATUM_K - OP1_PT2_DEPTH / CS_BF_OP1
Distance,OP1_DEPTH_3,D1,4.952,5.000,-0.048,-0.300,0.300,,PL_DATUM_K - OP1_PT3_DEPTH / CS_BF_OP1
Distance,OP1_DEPTH_4,D1,5.026,5.000,0.026,-0.300,0.300,,PL_DATUM_K - OP1_PT4_DEPTH / CS_BF_OP1
Distance,OP1_DEPTH_5,D1,5.183,5.000,0.183,-0.300,0.300,,PL_DATUM_K - OP1_PT5_DEPTH / CS_BF_OP1
Distance,OP1_DEPTH_6,D1,5.207,5.000,0.207,-0.300,0.300,,PL_DATUM_K - OP1_PT6_DEPTH / CS_BF_OP1
Distance,OP1_DEPTH_7,D1,5.132,5.000,0.132,-0.300,0.300,,PL_DATUM_K - OP1_PT7_DEPTH / CS_BF_OP1
Distance,OP1_DEPTH_8,D1,5.046,5.000,0.046,-0.300,0.300,,PL_DATUM_K - OP1_PT8_DEPTH / CS_BF_OP1
Distance,OP1_WIDTH_1,D1,2.947,2.900,0.047,-0.150,0.150,,OP1_PT1_OW_GAGE - OP1_PT1_IW_GAGE / CS_BF_OP1
Distance,OP1_WIDTH_2,D1,2.851,2.900,-0.049,-0.150,0.150,,OP1_PT2_OW_GAGE - OP1_PT2_IW_GAGE / CS_BF_OP1
Distance,OP1_WIDTH_3,D1,2.938,2.900,0.038,-0.150,0.150,,OP1_PT3_OW_GAGE - OP1_PT3_IW_GAGE / CS_BF_OP1
Distance,OP1_WIDTH_4,D1,2.806,2.900,-0.094,-0.150,0.150,,OP1_PT4_OW_GAGE - OP1_PT4_IW_GAGE / CS_BF_OP1
Distance,OP1_WIDTH_5,D1,2.955,2.900,0.055,-0.150,0.150,,OP1_PT5_OW_GAGE - OP1_PT5_IW_GAGE / CS_BF_OP1
Distance,OP1_WIDTH_6,D1,2.977,2.900,0.077,-0.150,0.150,,OP1_PT6_OW_GAGE - OP1_PT6_IW_GAGE / CS_BF_OP1
Distance,OP1_WIDTH_7,D1,2.752,2.900,-0.148,-0.200,0.150,,OP1_PT7_OW_GAGE - OP1_PT7_IW_GAGE / CS_BF_OP1
Distance,OP1_WIDTH_8,D1,2.998,2.900,0.098,-0.150,0.150,,OP1_PT8_OW_GAGE - OP1_PT8_IW_GAGE / CS_BF_OP1
Distance,OP2_DEPTH_1,D1,4.986,5.000,-0.014,-0.300,0.300,,PL_DATUM_K - OP2_PT1_DEPTH / CS_BF_OP2
Distance,OP2_DEPTH_2,D1,4.991,5.000,-0.009,-0.300,0.300,,PL_DATUM_K - OP2_PT2_DEPTH / CS_BF_OP2
Distance,OP2_DEPTH_3,D1,4.987,5.000,-0.013,-0.300,0.300,,PL_DATUM_K - OP2_PT3_DEPTH / CS_BF_OP2
Distance,OP2_DEPTH_4,D1,4.982,5.000,-0.018,-0.300,0.300,,PL_DATUM_K - OP2_PT4_DEPTH / CS_BF_OP2
Distance,OP2_DEPTH_5,D1,5.196,5.000,0.196,-0.300,0.300,,PL_DATUM_K - OP2_PT5_DEPTH / CS_BF_OP2
Distance,OP2_DEPTH_6,D1,5.145,5.000,0.145,-0.300,0.300,,PL_DATUM_K - OP2_PT6_DEPTH / CS_BF_OP2
Distance,OP2_DEPTH_7,D1,5.102,5.000,0.102,-0.300,0.300,,PL_DATUM_K - OP2_PT7_DEPTH / CS_BF_OP2
Distance,OP2_DEPTH_8,D1,5.110,5.000,0.110,-0.300,0.300,,PL_DATUM_K - OP2_PT8_DEPTH / CS_BF_OP2
Distance,OP2_WIDTH_1,D1,3.001,2.900,0.101,-0.150,0.150,,OP2_PT1_OW_GAGE - OP2_PT1_IW_GAGE / CS_BF_OP2
Distance,OP2_WIDTH_2,D1,2.975,2.900,0.075,-0.150,0.150,,OP2_PT2_OW_GAGE - OP2_PT2_IW_GAGE / CS_BF_OP2
Distance,OP2_WIDTH_3,D1,3.012,2.900,0.112,-0.150,0.150,,OP2_PT3_OW_GAGE - OP2_PT3_IW_GAGE_OFFSET / CS_BF_OP2
Distance,OP2_WIDTH_4,D1,2.962,2.900,0.062,-0.150,0.150,,OP2_PT4_OW_GAGE - OP2_PT4_IW_GAGE / CS_BF_OP2
Distance,OP2_WIDTH_5,D1,2.986,2.900,0.086,-0.150,0.150,,OP2_PT5_OW_GAGE - OP2_PT5_IW_GAGE / CS_BF_OP2
Distance,OP2_WIDTH_6,D1,2.925,2.900,0.025,-0.150,0.150,,OP2_PT6_OW_GAGE - OP2_PT6_IW_GAGE / CS_BF_OP2
Distance,OP2_WIDTH_7,D1,2.960,2.900,0.060,-0.150,0.150,,OP2_PT7_OW_GAGE - OP2_PT7_IW_GAGE / CS_BF_OP2
Distance,OP2_WIDTH_8,D1,2.987,2.900,0.087,-0.150,0.150,,OP2_PT8_OW_GAGE - OP2_PT8_IW_GAGE / CS_BF_OP2
Distance,OP3_DEPTH_1,D1,4.983,5.000,-0.017,-0.300,0.300,,PL_DATUM_K - OP3_PT1_DEPTH / CS_BF_OP3
Distance,OP3_DEPTH_2,D1,4.953,5.000,-0.047,-0.300,0.300,,PL_DATUM_K - OP3_PT2_DEPTH / CS_BF_OP3
Distance,OP3_DEPTH_3,D1,4.990,5.000,-0.010,-0.300,0.300,,PL_DATUM_K - OP3_PT3_DEPTH / CS_BF_OP3
Distance,OP3_DEPTH_4,D1,4.995,5.000,-0.005,-0.300,0.300,,PL_DATUM_K - OP3_PT4_DEPTH / CS_BF_OP3
Distance,OP3_DEPTH_5,D1,5.080,5.000,0.080,-0.300,0.300,,PL_DATUM_K - OP3_PT5_DEPTH / CS_BF_OP3
Distance,OP3_DEPTH_6,D1,5.116,5.000,0.116,-0.300,0.300,,PL_DATUM_K - OP3_PT6_DEPTH / CS_BF_OP3
Distance,OP3_DEPTH_7,D1,5.140,5.000,0.140,-0.300,0.300,,PL_DATUM_K - OP3_PT7_DEPTH / CS_BF_OP3
Distance,OP3_DEPTH_8,D1,5.178,5.000,0.178,-0.300,0.300,,PL_DATUM_K - OP3_PT8_DEPTH / CS_BF_OP3
Distance,OP3_WIDTH_1,D1,2.944,2.900,0.044,-0.150,0.150,,OP3_PT1_OW_GAGE - OP3_PT1_IW_GAGE / CS_BF_OP3
Distance,OP3_WIDTH_2,D1,2.938,2.900,0.038,-0.150,0.150,,OP3_PT2_OW_GAGE - OP3_PT2_IW_GAGE / CS_BF_OP3
Distance,OP3_WIDTH_3,D1,2.906,2.900,0.006,-0.150,0.150,,OP3_PT3_OW_GAGE - OP3_PT3_IW_GAGE / CS_BF_OP3
Distance,OP3_WIDTH_4,D1,2.960,2.900,0.060,-0.150,0.150,,OP3_PT4_OW_GAGE - OP3_PT4_IW_GAGE / CS_BF_OP3
Distance,OP3_WIDTH_5,D1,2.904,2.900,0.004,-0.150,0.150,,OP3_PT5_OW_GAGE - OP3_PT5_IW_GAGE / CS_BF_OP3
Distance,OP3_WIDTH_6,D1,2.971,2.900,0.071,-0.150,0.150,,OP3_PT6_OW_GAGE - OP3_PT6_IW_GAGE / CS_BF_OP3
Distance,OP3_WIDTH_7,D1,2.942,2.900,0.042,-0.150,0.150,,OP3_PT7_OW_GAGE - OP3_PT7_IW_GAGE / CS_BF_OP3
Distance,OP3_WIDTH_8,D1,2.928,2.900,0.028,-0.150,0.150,,OP3_PT8_OW_GAGE - OP3_PT8_IW_GAGE / CS_BF_OP3
Distance,OP4_DEPTH_1,D1,5.046,5.000,0.046,-0.300,0.300,,PL_DATUM_K - OP4_PT1_DEPTH / CS_BF_OP4
Distance,OP4_DEPTH_2,D1,5.054,5.000,0.054,-0.300,0.300,,PL_DATUM_K - OP4_PT2_DEPTH / CS_BF_OP4
Distance,OP4_DEPTH_3,D1,5.078,5.000,0.078,-0.300,0.300,,PL_DATUM_K - OP4_PT3_DEPTH / CS_BF_OP4
Distance,OP4_DEPTH_5,D1,5.182,5.000,0.182,-0.300,0.300,,PL_DATUM_K - OP4_PT5_DEPTH / CS_BF_OP4
Distance,OP4_DEPTH_6,D1,5.149,5.000,0.149,-0.300,0.300,,PL_DATUM_K - OP4_PT6_DEPTH / CS_BF_OP4
Distance,OP4_DEPTH_7,D1,5.126,5.000,0.126,-0.300,0.300,,PL_DATUM_K - OP4_PT7_DEPTH / CS_BF_OP4
Distance,OP4_DEPTH_8,D1,5.160,5.000,0.160,-0.300,0.300,,PL_DATUM_K - OP4_PT8_DEPTH / CS_BF_OP4
Distance,OP4_WIDTH_1,D1,2.928,2.900,0.028,-0.150,0.150,,OP4_PT1_OW_GAGE - OP4_PT1_IW_GAGE / CS_BF_OP4
Distance,OP4_WIDTH_2,D1,2.902,2.900,0.002,-0.150,0.150,,OP4_PT2_OW_GAGE - OP4_PT2_IW_GAGE / CS_BF_OP4
Distance,OP4_WIDTH_3,D1,3.046,2.900,0.146,-0.150,0.150,,OP4_PT3_OW_GAGE - OP4_PT3_IW_GAGE / CS_BF_OP4
Distance,OP4_WIDTH_5,D1,2.906,2.900,0.006,-0.150,0.150,,OP4_PT5_OW_GAGE - OP4_PT5_IW_GAGE / CS_BF_OP4
Distance,OP4_WIDTH_6,D1,2.889,2.900,-0.011,-0.150,0.150,,OP4_PT6_OW_GAGE - OP4_PT6_IW_GAGE / CS_BF_OP4
Distance,OP4_WIDTH_7,D1,2.919,2.900,0.019,-0.150,0.150,,OP4_PT7_OW_GAGE - OP4_PT7_IW_GAGE / CS_BF_OP4
Distance,OP4_WIDTH_8,D1,2.963,2.900,0.063,-0.150,0.150,,OP4_PT8_OW_GAGE - OP4_PT8_IW_GAGE / CS_BF_OP4
Distance,OP5_DEPTH_1,D1,4.995,5.000,-0.005,-0.300,0.300,,PL_DATUM_J - OP5_PT1_DEPTH / CS_BF_OP5
Distance,OP5_DEPTH_2,D1,4.974,5.000,-0.026,-0.300,0.300,,PL_DATUM_J - OP5_PT2_DEPTH / CS_BF_OP5
Distance,OP5_DEPTH_3,D1,4.956,5.000,-0.044,-0.300,0.300,,PL_DATUM_J - OP5_PT3_DEPTH / CS_BF_OP5
Distance,OP5_DEPTH_4,D1,5.039,5.000,0.039,-0.300,0.300,,PL_DATUM_J - OP5_PT4_DEPTH / CS_BF_OP5
Distance,OP5_DEPTH_5,D1,5.201,5.000,0.201,-0.300,0.300,,PL_DATUM_J - OP5_PT5_DEPTH / CS_BF_OP5
Distance,OP5_DEPTH_6,D1,5.133,5.000,0.133,-0.300,0.300,,PL_DATUM_J - OP5_PT6_DEPTH / CS_BF_OP5
Distance,OP5_DEPTH_7,D1,5.043,5.000,0.043,-0.300,0.300,,PL_DATUM_J - OP5_PT7_DEPTH / CS_BF_OP5
Distance,OP5_DEPTH_8,D1,4.986,5.000,-0.014,-0.300,0.300,,PL_DATUM_J - OP5_PT8_DEPTH / CS_BF_OP5
Distance,OP5_WIDTH_1,D1,3.071,2.900,0.171,-0.150,0.200,,OP5_PT1_OW_GAGE - OP5_PT1_IW_GAGE / CS_BF_OP5
Distance,OP5_WIDTH_2,D1,2.884,2.900,-0.016,-0.150,0.150,,OP5_PT2_OW_GAGE - OP5_PT2_IW_GAGE / CS_BF_OP5
Distance,OP5_WIDTH_3,D1,2.919,2.900,0.019,-0.150,0.150,,OP5_PT3_OW_GAGE - OP5_PT3_IW_GAGE / CS_BF_OP5
Distance,OP5_WIDTH_4,D1,2.859,2.900,-0.041,-0.150,0.150,,OP5_PT4_OW_GAGE - OP5_PT4_IW_GAGE / CS_BF_OP5
Distance,OP5_WIDTH_5,D1,2.940,2.900,0.040,-0.150,0.150,,OP5_PT5_OW_GAGE - OP5_PT5_IW_GAGE / CS_BF_OP5
Distance,OP5_WIDTH_6,D1,2.969,2.900,0.069,-0.150,0.150,,OP5_PT6_OW_GAGE - OP5_PT6_IW_GAGE / CS_BF_OP5
Distance,OP5_WIDTH_7,D1,2.942,2.900,0.042,-0.150,0.150,,OP5_PT7_OW_GAGE - OP5_PT7_IW_GAGE / CS_BF_OP5
Distance,OP5_WIDTH_8,D1,3.020,2.900,0.120,-0.150,0.150,,OP5_PT8_OW_GAGE - OP5_PT8_IW_GAGE / CS_BF_OP5
Distance,OP6_DEPTH_1,D1,5.086,5.000,0.086,-0.300,0.300,,PL_DATUM_J - OP6_PT1_DEPTH / CS_BF_OP6
Distance,OP6_DEPTH_2,D1,5.055,5.000,0.055,-0.300,0.300,,PL_DATUM_J - OP6_PT2_DEPTH / CS_BF_OP6
Distance,OP6_DEPTH_3,D1,4.985,5.000,-0.015,-0.300,0.300,,PL_DATUM_J - OP6_PT3_DEPTH / CS_BF_OP6
Distance,OP6_DEPTH_4,D1,4.948,5.000,-0.052,-0.300,0.300,,PL_DATUM_J - OP6_PT4_DEPTH / CS_BF_OP6
Distance,OP6_DEPTH_5,D1,5.003,5.000,0.003,-0.300,0.300,,PL_DATUM_J - OP6_PT5_DEPTH / CS_BF_OP6
Distance,OP6_DEPTH_6,D1,4.978,5.000,-0.022,-0.300,0.300,,PL_DATUM_J - OP6_PT6_DEPTH / CS_BF_OP6
Distance,OP6_DEPTH_7,D1,5.011,5.000,0.011,-0.300,0.300,,PL_DATUM_J - OP6_PT7_DEPTH / CS_BF_OP6
Distance,OP6_DEPTH_8,D1,5.011,5.000,0.011,-0.300,0.300,,PL_DATUM_J - OP6_PT8_DEPTH / CS_BF_OP6
Distance,OP6_WIDTH_1,D1,3.012,2.900,0.112,-0.150,0.150,,OP6_PT1_OW_GAGE - OP6_PT1_IW_GAGE / CS_BF_OP6
Distance,OP6_WIDTH_2,D1,2.918,2.900,0.018,-0.150,0.150,,OP6_PT2_OW_GAGE - OP6_PT2_IW_GAGE / CS_BF_OP6
Distance,OP6_WIDTH_3,D1,3.061,2.900,0.161,-0.150,0.200,,OP6_PT3_OW_GAGE - OP6_PT3_IW_GAGE / CS_BF_OP6
Distance,OP6_WIDTH_4,D1,2.945,2.900,0.045,-0.150,0.150,,OP6_PT4_OW_GAGE - OP6_PT4_IW_GAGE / CS_BF_OP6
Distance,OP6_WIDTH_5,D1,3.046,2.900,0.146,-0.150,0.200,,OP6_PT5_OW_GAGE - OP6_PT5_IW_GAGE / CS_BF_OP6
Distance,OP6_WIDTH_6,D1,2.960,2.900,0.060,-0.150,0.150,,OP6_PT6_OW_GAGE - OP6_PT6_IW_GAGE / CS_BF_OP6
Distance,OP6_WIDTH_7,D1,3.005,2.900,0.105,-0.150,0.150,,OP6_PT7_OW_GAGE - OP6_PT7_IW_GAGE / CS_BF_OP6
Distance,OP6_WIDTH_8,D1,3.039,2.900,0.139,-0.150,0.150,,OP6_PT8_OW_GAGE - OP6_PT8_IW_GAGE / CS_BF_OP6
Distance,OP7_DEPTH_1,D1,4.952,5.000,-0.048,-0.300,0.300,,PL_DATUM_J - OP7_PT1_DEPTH / CS_BF_OP7
Distance,OP7_DEPTH_2,D1,4.983,5.000,-0.017,-0.300,0.300,,PL_DATUM_J - OP7_PT2_DEPTH / CS_BF_OP7
Distance,OP7_DEPTH_3,D1,4.926,5.000,-0.074,-0.300,0.300,,PL_DATUM_J - OP7_PT3_DEPTH / CS_BF_OP7
Distance,OP7_DEPTH_4,D1,4.921,5.000,-0.079,-0.300,0.300,,PL_DATUM_J - OP7_PT4_DEPTH / CS_BF_OP7
Distance,OP7_DEPTH_5,D1,4.956,5.000,-0.044,-0.300,0.300,,PL_DATUM_J - OP7_PT5_DEPTH / CS_BF_OP7
Distance,OP7_DEPTH_6,D1,4.987,5.000,-0.013,-0.300,0.300,,PL_DATUM_J - OP7_PT6_DEPTH / CS_BF_OP7
Distance,OP7_DEPTH_7,D1,5.019,5.000,0.019,-0.300,0.300,,PL_DATUM_J - OP7_PT7_DEPTH / CS_BF_OP7
Distance,OP7_DEPTH_8,D1,5.088,5.000,0.088,-0.300,0.300,,PL_DATUM_J - OP7_PT8_DEPTH / CS_BF_OP7
Distance,OP7_WIDTH_1,D1,3.007,2.900,0.107,-0.150,0.150,,OP7_PT1_OW_GAGE - OP7_PT1_IW_GAGE / CS_BF_OP7
Distance,OP7_WIDTH_2,D1,2.894,2.900,-0.006,-0.150,0.150,,OP7_PT2_OW_GAGE - OP7_PT2_IW_GAGE / CS_BF_OP7
Distance,OP7_WIDTH_3,D1,3.004,2.900,0.104,-0.150,0.150,,OP7_PT3_OW_GAGE - OP7_PT3_IW_GAGE / CS_BF_OP7
Distance,OP7_WIDTH_4,D1,2.891,2.900,-0.009,-0.150,0.150,,OP7_PT4_OW_GAGE - OP7_PT4_IW_GAGE / CS_BF_OP7
Distance,OP7_WIDTH_5,D1,2.985,2.900,0.085,-0.150,0.150,,OP7_PT5_OW_GAGE - OP7_PT5_IW_GAGE / CS_BF_OP7
Distance,OP7_WIDTH_6,D1,2.960,2.900,0.060,-0.150,0.150,,OP7_PT6_OW_GAGE - OP7_PT6_IW_GAGE / CS_BF_OP7
Distance,OP7_WIDTH_7,D1,2.951,2.900,0.051,-0.150,0.150,,OP7_PT7_OW_GAGE - OP7_PT7_IW_GAGE / CS_BF_OP7
Distance,OP7_WIDTH_8,D1,2.939,2.900,0.039,-0.150,0.150,,OP7_PT8_OW_GAGE - OP7_PT8_IW_GAGE / CS_BF_OP7
Distance,OP8_DEPTH_1,D1,5.182,5.000,0.182,-0.300,0.300,,PL_DATUM_J - OP8_PT1_DEPTH / CS_BF_OP8
Distance,OP8_DEPTH_2,D1,5.208,5.000,0.208,-0.300,0.300,,PL_DATUM_J - OP8_PT2_DEPTH / CS_BF_OP8
Distance,OP8_DEPTH_3,D1,5.229,5.000,0.229,-0.300,0.300,,PL_DATUM_J - OP8_PT3_DEPTH / CS_BF_OP8
Distance,OP8_DEPTH_5,D1,5.040,5.000,0.040,-0.300,0.300,,PL_DATUM_J - OP8_PT5_DEPTH / CS_BF_OP8
Distance,OP8_DEPTH_6,D1,4.980,5.000,-0.020,-0.300,0.300,,PL_DATUM_J - OP8_PT6_DEPTH / CS_BF_OP8
Distance,OP8_DEPTH_7,D1,4.998,5.000,-0.002,-0.300,0.300,,PL_DATUM_J - OP8_PT7_DEPTH / CS_BF_OP8
Distance,OP8_DEPTH_8,D1,5.068,5.000,0.068,-0.300,0.300,,PL_DATUM_J - OP8_PT8_DEPTH / CS_BF_OP8
Distance,OP8_WIDTH_1,D1,2.943,2.900,0.043,-0.150,0.150,,OP8_PT1_OW_GAGE - OP8_PT1_IW_GAGE / CS_BF_OP8
Distance,OP8_WIDTH_2,D1,2.854,2.900,-0.046,-0.150,0.150,,OP8_PT2_OW_GAGE - OP8_PT2_IW_GAGE / CS_BF_OP8
Distance,OP8_WIDTH_3,D1,3.002,2.900,0.102,-0.150,0.150,,OP8_PT3_OW_GAGE - OP8_PT3_IW_GAGE / CS_BF_OP8
Distance,OP8_WIDTH_5,D1,3.014,2.900,0.114,-0.150,0.150,,OP8_PT5_OW_GAGE - OP8_PT5_IW_GAGE / CS_BF_OP8
Distance,OP8_WIDTH_6,D1,2.945,2.900,0.045,-0.150,0.150,,OP8_PT6_OW_GAGE - OP8_PT6_IW_GAGE / CS_BF_OP8
Distance,OP8_WIDTH_7,D1,2.984,2.900,0.084,-0.150,0.150,,OP8_PT7_OW_GAGE - OP8_PT7_IW_GAGE / CS_BF_OP8
Distance,OP8_WIDTH_8,D1,3.004,2.900,0.104,-0.150,0.150,,OP8_PT8_OW_GAGE - OP8_PT8_IW_GAGE / CS_BF_OP8
Distance,WIDTH_TB.1,D1,2.905,2.900,0.005,-0.150,0.150,,P0W2.5_1.1 - PIW2.5_1.1 / CS_DE_BF
Distance,WIDTH_TB.10,D1,2.961,2.900,0.061,-0.150,0.150,,P0W2.5_1.10 - PIW2.5_1.10 / CS_DE_BF
Distance,WIDTH_TB.11,D1,2.875,2.900,-0.025,-0.150,0.150,,P0W2.5_1.11 - PIW2.5_1.11 / CS_DE_BF
Distance,WIDTH_TB.12,D1,2.985,2.900,0.085,-0.150,0.150,,P0W2.5_1.12 - PIW2.5_1.12 / CS_DE_BF
Distance,WIDTH_TB.13,D1,2.883,2.900,-0.017,-0.150,0.150,,P0W2.5_1.13 - PIW2.5_1.13 / CS_DE_BF
Distance,WIDTH_TB.14,D1,2.882,2.900,-0.018,-0.150,0.150,,P0W2.5_1.14 - PIW2.5_1.14 / CS_DE_BF
Distance,WIDTH_TB.15,D1,2.998,2.900,0.098,-0.150,0.150,,P0W2.5_1.15 - PIW2.5_1.15 / CS_DE_BF
Distance,WIDTH_TB.2,D1,2.898,2.900,-0.002,-0.150,0.150,,P0W2.5_1.2 - PIW2.5_1.2 / CS_DE_BF
Distance,WIDTH_TB.3,D1,2.809,2.900,-0.091,-0.150,0.150,,P0W2.5_1.3 - PIW2.5_1.3 / CS_DE_BF
Distance,WIDTH_TB.4,D1,2.914,2.900,0.014,-0.150,0.150,,P0W2.5_1.4 - PIW2.5_1.4 / CS_DE_BF
Distance,WIDTH_TB.5,D1,2.904,2.900,0.004,-0.150,0.150,,P0W2.5_1.5 - PIW2.5_1.5 / CS_DE_BF
Distance,WIDTH_TB.6,D1,2.866,2.900,-0.034,-0.150,0.150,,P0W2.5_1.6 - PIW2.5_1.6 / CS_DE_BF
Distance,WIDTH_TB.7,D1,2.999,2.900,0.099,-0.150,0.150,,P0W2.5_1.7 - PIW2.5_1.7 / CS_DE_BF
Distance,WIDTH_TB.8,D1,3.020,2.900,0.120,-0.150,0.150,,P0W2.5_1.8 - PIW2.5_1.8 / CS_DE_BF
Distance,WIDTH_TB.9,D1,2.987,2.900,0.087,-0.150,0.150,,P0W2.5_1.9 - PIW2.5_1.9 / CS_DE_BF
Flatness,FLAT_D,FLTN,0.256,0.000,0.256,0.000,0.300,,PL_DATUM_D
Flatness,FLAT_F,FLTN,0.041,0.000,0.041,0.000,0.200,,PL_DATUM_F
Flatness,FLAT_H,FLTN,0.268,0.000,0.268,0.000,0.500,,PL_DATUM_H
Profile of Line,OP1TOLPRFOW,PRFL,1.193,0.000,1.193,0.000,1.523,,OP1_SECT_OW
Profile of Line,OP1TOL_PRF_IN,PRFL,0.740,0.000,0.740,0.000,1.523,,OP1_SECT_IN
Profile of Line,OP2TOLPRFOW,PRFL,0.854,0.000,0.854,0.000,1.523,,OP2_SECT_OW
Profile of Line,OP2TOL_PRF_IN,PRFL,0.598,0.000,0.598,0.000,1.523,,OP2_SECT_IN
Profile of Line,OP3TOLPRFOW,PRFL,0.480,0.000,0.480,0.000,1.523,,OP3_SECT_OW
Profile of Line,OP3TOL_PRF_IN,PRFL,0.466,0.000,0.466,0.000,1.523,,OP3_SECT_IN
Profile of Line,OP4TOLPRFOW,PRFL,0.824,0.000,0.824,0.000,1.523,,OP4_SECT_OW
Profile of Line,OP4TOL_PRF_IN,PRFL,0.654,0.000,0.654,0.000,1.523,,OP4_SECT_IN
Profile of Line,OP5TOLPRFOW,PRFL,1.140,0.000,1.140,0.000,1.523,,OP5_SECT_OW
Profile of Line,OP5TOL_PRF_IN,PRFL,1.188,0.000,1.188,0.000,1.523,,OP5_SECT_IN
Profile of Line,OP6TOLPRFOW,PRFL,0.863,0.000,0.863,0.000,1.523,,OP6_SECT_OW
Profile of Line,OP6TOL_PRF_IN,PRFL,0.427,0.000,0.427,0.000,1.523,,OP6_SECT_IN
Profile of Line,OP7TOLPRFOW,PRFL,0.916,0.000,0.916,0.000,1.523,,OP7_SECT_OW
Profile of Line,OP7TOL_PRF_IN,PRFL,0.690,0.000,0.690,0.000,1.523,,OP7_SECT_IN
Profile of Line,OP8TOLPRFOW,PRFL,1.115,0.000,1.115,0.000,1.523,,OP8_SECT_OW
Profile of Line,OP8TOL_PRF_IN,PRFL,0.923,0.000,0.923,0.000,1.523,,OP8_SECT_IN
Perpend.,PERP_G,PERP,0.016,0.000,0.016,0.000,0.250,,CYL_15/PL_DATUM_F - C-Zone - Cloud of Points 
Perpend.,PERP_J,PERP,0.010,0.000,0.010,0.000,0.250,,CYL_25/PL_DATUM_H - C-Zone - Cloud of Points 
Pos. Tol.,POS_1,PTOL,0.954,0.000,0.954,0.000,1.623,,CIR1/NOMINAL - CS_A-BC_BF_SURFACE_ROT - C-Zone - XY - Nominal
Pos. Tol.,POS_10,PTOL,1.206,0.000,1.206,0.000,1.623,,CIR10/NOMINAL - CS_A-BC_BF_SURFACE_ROT - C-Zone - XY - Nominal
Pos. Tol.,POS_11,PTOL,0.636,0.000,0.636,0.000,2.223,,CIR_11/NOMINAL - CS_A-BC_BF_SURFACE_ROT - C-Zone - XY - Nominal
Pos. Tol.,POS_12,PTOL,0.571,0.000,0.571,0.000,2.223,,CIR_12/NOMINAL - CS_A-BC_BF_SURFACE_ROT - C-Zone - XY - Nominal
Pos. Tol.,POS_13,PTOL,0.273,0.000,0.273,0.000,2.223,,CIR_13/NOMINAL - CS_A-BC_BF_SURFACE_ROT - C-Zone - XY - Nominal
Pos. Tol.,POS_14,PTOL,0.850,0.000,0.850,0.000,2.223,,CIR_14/NOMINAL - CS_A-BC_BF_SURFACE_ROT - C-Zone - XY - Nominal
Pos. Tol.,POS_15,PTOL,1.005,0.000,1.005,0.000,3.388,,CIR_15/NOMINAL - CS_A-BC_BF_SURFACE_ROT - C-Zone - XY - Nominal
Pos. Tol.,POS_16,PTOL,0.138,0.000,0.138,0.000,0.980,,CIR_16/NOMINAL - CS_FG - C-Zone - XY - Nominal
Pos. Tol.,POS_17,PTOL,0.958,0.000,0.958,0.000,3.223,,CIR_17_1/NOMINAL - CS_A-BC_BF_SURFACE_ROT - C-Zone - XYZ - Nominal
Pos. Tol.,POS_18,PTOL,1.240,0.000,1.240,0.000,3.271,,CIR_18/NOMINAL - CS_A-BC_BF_SURFACE_ROT - C-Zone - XYZ - Nominal
Pos. Tol.,POS_2,PTOL,0.400,0.000,0.400,0.000,1.623,,CIR2/NOMINAL - CS_A-BC_BF_SURFACE_ROT - C-Zone - XY - Nominal
Pos. Tol.,POS_20,PTOL,2.392,0.000,2.392,0.000,3.223,,CIR_20/NOMINAL - CS_A-BC_ROT_18_TBA - C-Zone - XZ - Nominal
Pos. Tol.,POS_21,PTOL,1.515,0.000,1.515,0.000,3.223,,CIR_21/NOMINAL - CS_A-BC_ROT_18_TBA - C-Zone - XZ - Nominal
Pos. Tol.,POS_22,PTOL,1.169,0.000,1.169,0.000,3.223,,CIR_22/NOMINAL - CS_A-BC_ROT_18_TBA - C-Zone - XZ - Nominal
Pos. Tol.,POS_23,PTOL,1.953,0.000,1.953,0.000,3.223,,CIR_23/NOMINAL - CS_A-BC_ROT_18_TBA - C-Zone - XZ - Nominal
Pos. Tol.,POS_25,PTOL,2.930,0.000,2.930,0.000,3.261,,CIR_25_GAGE_6/NOMINAL - CS_A-BC_BF_SURFACE_ROT - C-Zone - XYZ - Nominal
Pos. Tol.,POS_26,PTOL,0.382,0.000,0.382,0.000,0.538,,CIR_26/NOMINAL - CS_H - C-Zone - YZ - Nominal
Pos. Tol.,POS_2D_20,PTOL,0.480,0.000,0.480,0.000,0.800,,2D_CIR_20/NOMINAL - CS_DE_BF - C-Zone - XZ - Nominal
Pos. Tol.,POS_2D_21,PTOL,0.554,0.000,0.554,0.000,0.800,,2D_CIR_21/NOMINAL - CS_DE_BF - C-Zone - XZ - Nominal
Pos. Tol.,POS_2D_22,PTOL,0.503,0.000,0.503,0.000,0.800,,2D_CIR_22/NOMINAL - CS_DE_BF - C-Zone - XZ - Nominal
Pos. Tol.,POS_2D_23,PTOL,0.448,0.000,0.448,0.000,0.800,,2D_CIR_23/NOMINAL - CS_DE_BF - C-Zone - XZ - Nominal
Pos. Tol.,POS_3,PTOL,1.264,0.000,1.264,0.000,1.623,,CIR3/NOMINAL - CS_A-BC_BF_SURFACE_ROT - C-Zone - XY - Nominal
Pos. Tol.,POS_4,PTOL,1.011,0.000,1.011,0.000,1.623,,CIR4/NOMINAL - CS_A-BC_BF_SURFACE_ROT - C-Zone - XY - Nominal
Pos. Tol.,POS_5,PTOL,0.584,0.000,0.584,0.000,1.623,,CIR5/NOMINAL - CS_A-BC_BF_SURFACE_ROT - C-Zone - XY - Nominal
Pos. Tol.,POS_6,PTOL,1.226,0.000,1.226,0.000,1.623,,CIR6/NOMINAL - CS_A-BC_BF_SURFACE_ROT - C-Zone - XY - Nominal
Pos. Tol.,POS_7,PTOL,1.247,0.000,1.247,0.000,1.623,,CIR7/NOMINAL - CS_A-BC_BF_SURFACE_ROT - C-Zone - XY - Nominal
Pos. Tol.,POS_8,PTOL,0.794,0.000,0.794,0.000,1.623,,CIR8/NOMINAL - CS_A-BC_BF_SURFACE_ROT - C-Zone - XY - Nominal
Pos. Tol.,POS_9,PTOL,1.177,0.000,1.177,0.000,1.623,,CIR9/NOMINAL - CS_A-BC_BF_SURFACE_ROT - C-Zone - XY - Nominal
Pos. Tol.,POS_C,PTOL,0.020,0.000,0.020,0.000,0.373,,PT_DATUM_C/NOMINAL - CS_A-BC_BF_SURFACE - P-Zone - Z - Nominal
Circle,LOCAL_2D_CIR_11,X,0.000,0.000,0.000,,,,
Circle,LOCAL_2D_CIR_11,Y,0.052,0.000,0.052,,,,
Circle,LOCAL_2D_CIR_12,X,0.000,0.000,0.000,,,,
Circle,LOCAL_2D_CIR_12,Y,235.468,235.520,-0.052,,,,
Circle,LOCAL_2D_CIR_13,X,-0.000,0.000,0.000,,,,
Circle,LOCAL_2D_CIR_13,Y,223.462,223.520,-0.058,,,,
Circle,LOCAL_2D_CIR_14,X,-0.000,0.000,0.000,,,,
Circle,LOCAL_2D_CIR_14,Y,0.058,0.000,0.058,,,,
Pos. Tol.,POS_2D_LOCAL_11,PTOL,0.104,0.000,0.104,0.000,0.250,,LOCAL_2D_CIR_11/NOMINAL - CS_CIR_11_12_BF - C-Zone - XY - Nominal
Pos. Tol.,POS_2D_LOCAL_12,PTOL,0.104,0.000,0.104,0.000,0.250,,LOCAL_2D_CIR_12/NOMINAL - CS_CIR_11_12_BF - C-Zone - XY - Nominal
Pos. Tol.,POS_2D_LOCAL_13,PTOL,0.116,0.000,0.116,0.000,0.250,,LOCAL_2D_CIR_13/NOMINAL - CS_CIR_13_14_BF - C-Zone - XY - Nominal
Pos. Tol.,POS_2D_LOCAL_14,PTOL,0.116,0.000,0.116,0.000,0.250,,LOCAL_2D_CIR_14/NOMINAL - CS_CIR_13_14_BF - C-Zone - XY - Nominal
