Feat. Type,Feat. Name,Value,Actual,Nominal,Dev.,Tol-,Tol+,Out of Tol.,Comment
Text/Value,VAR_PROGRAM,VAL,,,,,,,'N:\Metrolog XG\Programmes\GMI 700\GMI 700 Moule 1 Complete Module 51.gm2'
Text/Value,VAR_EVENEMENT,VAL,,,,,,,'FIP:05785 1h00 apres'
Text/Value,VAR_COMMENTAIRES,VAL,,,,,,,'297B'
Text/Value,SRF_A,VAL,0.299456,0.000000,0.299456,0.000000,0.500000,,
Circle,CIR_B,DIAM,9.884,9.850,0.034,-0.100,0.100,,Criterion : Least Square (From 4 Pts On PL_FIXTURE) 
Distance,DIAMETRE_C,D1,9.885,9.900,-0.015,-0.100,0.100,,SRF_C_TOP - SRF_C_DOWN / CS_ABC
Point,PNT_C_PRJ_FIXT,X,-141.669,-142.000,0.331,,,,Proj. PNT_MID_C / PL_FIXTURE.
Point,PNT_C_PRJ_FIXT,Z,-45.893,-46.000,0.107,,,,
Pos. Tol.,POS_C,PTOL,0.695,0.000,0.695,0.000,1.400,,PNT_C_PRJ_FIXT/NOMINAL - CS_ABC - C-Zone - XZ - Nominal
Circle,CIR1,X,-228.644,-228.500,-0.144,,,,From 4 Pts On PL_FIXTURE
Circle,CIR1,Z,-78.388,-78.000,-0.388,,,,
Pos. Tol.,POS_1,PTOL,0.827,0.000,0.827,0.000,1.500,,CIR1/NOMINAL - CS_ABC - C-Zone - XZ - Nominal
Circle,CIR2,X,-125.428,-125.500,0.072,,,,From 4 Pts On PL_FIXTURE
Circle,CIR2,Z,-78.582,-78.000,-0.581,,,,
Pos. Tol.,POS_2,PTOL,1.172,0.000,1.172,0.000,1.500,,CIR2/NOMINAL - CS_ABC - C-Zone - XZ - Nominal
Circle,CIR3,X,-22.453,-22.500,0.047,,,,From 4 Pts On PL_FIXTURE
Circle,CIR3,Z,-78.209,-78.000,-0.209,,,,
Pos. Tol.,POS_3,PTOL,0.428,0.000,0.428,0.000,1.500,,CIR3/NOMINAL - CS_ABC - C-Zone - XZ - Nominal
Circle,CIR4,X,86.350,86.500,-0.150,,,,From 4 Pts On PL_FIXTURE
Circle,CIR4,Z,31.486,32.000,-0.513,,,,
Pos. Tol.,POS_4,PTOL,1.069,0.000,1.069,0.000,1.500,,CIR4/NOMINAL - CS_ABC - C-Zone - XZ - Nominal
Circle,CIR5,X,-16.669,-16.500,-0.169,,,,From 4 Pts On PL_FIXTURE
Circle,CIR5,Z,31.527,32.000,-0.472,,,,
Pos. Tol.,POS_5,PTOL,1.004,0.000,1.004,0.000,1.500,,CIR5/NOMINAL - CS_ABC - C-Zone - XZ - Nominal
Circle,CIR6,X,-119.624,-119.500,-0.124,,,,From 4 Pts On PL_FIXTURE
Circle,CIR6,Z,31.892,32.000,-0.107,,,,
Pos. Tol.,POS_6,PTOL,0.329,0.000,0.329,0.000,1.500,,CIR6/NOMINAL - CS_ABC - C-Zone - XZ - Nominal
Profile of Line,PROF_OP1,PRFL,1.098,0.000,1.098,0.000,1.500,,SCT_OP1
Profile of Line,OP1_PROF_INNER_WALL,PRFL,1.560,0.000,1.560,0.000,1.500,0.060,OP1_SRF_INNER_WALL
Profile of Line,OP1_PROF_OUTTER_WALL,PRFL,1.414,0.000,1.414,0.000,1.500,,OP1_SRF_OUTTER_WALL
Profile of Line,PROF_OP2,PRFL,0.635,0.000,0.635,0.000,1.500,,SCT_OP2
Profile of Line,OP2_PROF_INNER_WALL,PRFL,2.287,0.000,2.287,0.000,1.500,0.787,OP2_SRF_INNER_WALL
Profile of Line,OP2_PROF_OUTTER_WALL,PRFL,0.927,0.000,0.927,0.000,1.500,,OP2_SRF_OUTTER_WALL
Profile of Line,PROF_OP3,PRFL,0.536,0.000,0.536,0.000,1.500,,SCT_OP3
Profile of Line,OP3_PROF_INNER_WALL,PRFL,0.409,0.000,0.409,0.000,1.500,,OP3_SRF_INNER_WALL
Profile of Line,OP3_PROF_OUTTER_WALL,PRFL,0.575,0.000,0.575,0.000,1.500,,OP3_SRF_OUTTER_WALL
Profile of Line,PROF_OP4,PRFL,0.704,0.000,0.704,0.000,1.500,,SCT_OP4
Profile of Line,OP4_PROF_INNER_WALL,PRFL,0.780,0.000,0.780,0.000,1.500,,OP4_SRF_INNER_WALL
Profile of Line,OP4_PROF_OUTTER_WALL,PRFL,0.597,0.000,0.597,0.000,1.500,,OP4_SRF_OUTTER_WALL
Profile of Line,PROF_OP5,PRFL,0.550,0.000,0.550,0.000,1.500,,SCT_OP5
Profile of Line,OP5_PROF_INNER_WALL,PRFL,0.575,0.000,0.575,0.000,1.500,,OP5_SRF_INNER_WALL
Profile of Line,OP5_PROF_OUTTER_WALL,PRFL,0.574,0.000,0.574,0.000,1.500,,OP5_SRF_OUTTER_WALL
Profile of Line,PROF_OP6,PRFL,1.351,0.000,1.351,0.000,1.500,,SCT_OP6
Profile of Line,OP6_PROF_INNER_WALL,PRFL,1.457,0.000,1.457,0.000,1.500,,OP6_SRF_INNER_WALL
Profile of Line,OP6_PROF_OUTTER_WALL,PRFL,1.528,0.000,1.528,0.000,1.500,0.028,OP6_SRF_OUTTER_WALL
Distance,OP1_WIDTH_1,D1,2.958,3.000,-0.042,-0.150,0.150,,OP1_P2 - OP1_P3 / OP1_CS
Distance,OP1_WIDTH_5,D1,2.903,3.000,-0.097,-0.150,0.150,,OP1_P22 - OP1_P23 / OP1_CS
Distance,OP1_WIDTH_9,D1,2.974,3.000,-0.026,-0.150,0.150,,OP1_P42 - OP1_P43 / OP1_CS
Distance,OP1_WIDTH_12,D1,3.019,3.000,0.019,-0.150,0.150,,OP1_P57 - OP1_P58 / OP1_CS
Distance,OP1_DEPTH_1,Y,4.988,5.000,-0.012,-0.150,0.150,,OP1_P4 - PL_FIXTURE / OP1_CS
Distance,OP1_DEPTH_5,Y,5.050,5.000,0.050,-0.150,0.150,,OP1_P24 - PL_FIXTURE / OP1_CS
Distance,OP1_DEPTH_9,Y,5.047,5.000,0.047,-0.150,0.150,,OP1_P44 - PL_FIXTURE / OP1_CS
Distance,OP1_DEPTH_12,Y,5.020,5.000,0.020,-0.150,0.150,,OP1_P59 - PL_FIXTURE / OP1_CS
Distance,OP2_WIDTH_1,D1,2.967,3.000,-0.033,-0.200,0.200,,OP2_P2 - OP2_P3 / OP2_CS
Distance,OP2_WIDTH_5,D1,2.982,3.000,-0.018,-0.200,0.200,,OP2_P22 - OP2_P23 / OP2_CS
Distance,OP2_WIDTH_9,D1,3.009,3.000,0.009,-0.200,0.200,,OP2_P42 - OP2_P43 / OP2_CS
Distance,OP2_WIDTH_12,D1,3.026,3.000,0.026,-0.200,0.200,,OP2_P57 - OP2_P58 / OP2_CS
Distance,OP2_DEPTH_1,Y,5.012,5.000,0.012,-0.150,0.150,,OP2_P4 - PL_FIXTURE / OP2_CS
Distance,OP2_DEPTH_5,Y,4.912,5.000,-0.088,-0.150,0.150,,OP2_P24 - PL_FIXTURE / OP2_CS
Distance,OP2_DEPTH_9,Y,5.017,5.000,0.017,-0.150,0.150,,OP2_P44 - PL_FIXTURE / OP2_CS
Distance,OP2_DEPTH_12,Y,4.981,5.000,-0.019,-0.150,0.150,,OP2_P59 - PL_FIXTURE / OP2_CS
Distance,OP3_WIDTH_1,D1,2.969,3.000,-0.031,-0.200,0.200,,OP3_P2 - OP3_P3 / OP3_CS
Distance,OP3_WIDTH_5,D1,2.865,3.000,-0.135,-0.200,0.200,,OP3_P22 - OP3_P23 / OP3_CS
Distance,OP3_WIDTH_9,D1,3.004,3.000,0.004,-0.200,0.200,,OP3_P42 - OP3_P43 / OP3_CS
Distance,OP3_WIDTH_12,D1,2.997,3.000,-0.003,-0.200,0.200,,OP3_P57 - OP3_P58 / OP3_CS
Distance,OP3_DEPTH_1,Y,5.072,5.000,0.072,-0.150,0.150,,OP3_P4 - PL_FIXTURE / OP3_CS
Distance,OP3_DEPTH_5,Y,5.048,5.000,0.048,-0.150,0.150,,OP3_P24 - PL_FIXTURE / OP3_CS
Distance,OP3_DEPTH_9,Y,4.886,5.000,-0.114,-0.150,0.150,,OP3_P44 - PL_FIXTURE / OP3_CS
Distance,OP3_DEPTH_12,Y,5.045,5.000,0.045,-0.150,0.150,,OP3_P59 - PL_FIXTURE / OP3_CS
Distance,OP4_WIDTH_1,D1,2.864,3.000,-0.136,-0.200,0.200,,OP4_P2 - OP4_P3 / OP4_CS
Distance,OP4_WIDTH_5,D1,2.910,3.000,-0.090,-0.200,0.200,,OP4_P22 - OP4_P23 / OP4_CS
Distance,OP4_WIDTH_9,D1,2.896,3.000,-0.104,-0.200,0.200,,OP4_P42 - OP4_P43 / OP4_CS
Distance,OP4_WIDTH_12,D1,2.791,3.000,-0.209,-0.200,0.200,-0.009,OP4_P57 - OP4_P58 / OP4_CS
Distance,OP4_DEPTH_1,Y,5.071,5.000,0.071,-0.150,0.150,,OP4_P4 - PL_FIXTURE / OP4_CS
Distance,OP4_DEPTH_5,Y,4.874,5.000,-0.126,-0.150,0.150,,OP4_P24 - PL_FIXTURE / OP4_CS
Distance,OP4_DEPTH_9,Y,4.963,5.000,-0.037,-0.150,0.150,,OP4_P44 - PL_FIXTURE / OP4_CS
Distance,OP4_DEPTH_12,Y,5.073,5.000,0.073,-0.150,0.150,,OP4_P59 - PL_FIXTURE / OP4_CS
Distance,OP5_WIDTH_1,D1,2.973,3.000,-0.027,-0.200,0.200,,OP5_P2 - OP5_P3 / OP5_CS
Distance,OP5_WIDTH_5,D1,2.985,3.000,-0.015,-0.200,0.200,,OP5_P22 - OP5_P23 / OP5_CS
Distance,OP5_WIDTH_9,D1,3.012,3.000,0.012,-0.200,0.200,,OP5_P42 - OP5_P43 / OP5_CS
Distance,OP5_WIDTH_12,D1,2.986,3.000,-0.014,-0.200,0.200,,OP5_P57 - OP5_P58 / OP5_CS
Distance,OP5_DEPTH_1,Y,4.802,5.000,-0.198,-0.150,0.150,-0.048,OP5_P4 - PL_FIXTURE / OP5_CS
Distance,OP5_DEPTH_5,Y,5.033,5.000,0.033,-0.150,0.150,,OP5_P24 - PL_FIXTURE / OP5_CS
Distance,OP5_DEPTH_9,Y,4.839,5.000,-0.161,-0.150,0.150,-0.011,OP5_P44 - PL_FIXTURE / OP5_CS
Distance,OP5_DEPTH_12,Y,4.963,5.000,-0.037,-0.150,0.150,,OP5_P59 - PL_FIXTURE / OP5_CS
Distance,OP6_WIDTH_1,D1,3.008,3.000,0.008,-0.200,0.200,,OP6_P2 - OP6_P3 / OP6_CS
Distance,OP6_WIDTH_5,D1,2.994,3.000,-0.006,-0.200,0.200,,OP6_P22 - OP6_P23 / OP6_CS
Distance,OP6_WIDTH_9,D1,2.983,3.000,-0.017,-0.200,0.200,,OP6_P42 - OP6_P43 / OP6_CS
Distance,OP6_WIDTH_12,D1,3.001,3.000,0.001,-0.200,0.200,,OP6_P57 - OP6_P58 / OP6_CS
Distance,OP6_DEPTH_1,Y,5.041,5.000,0.041,-0.150,0.150,,OP6_P4 - PL_FIXTURE / OP6_CS
Distance,OP6_DEPTH_5,Y,5.028,5.000,0.028,-0.150,0.150,,OP6_P24 - PL_FIXTURE / OP6_CS
Distance,OP6_DEPTH_9,Y,4.808,5.000,-0.192,-0.150,0.150,-0.042,OP6_P44 - PL_FIXTURE / OP6_CS
Distance,OP6_DEPTH_12,Y,5.017,5.000,0.017,-0.150,0.150,,OP6_P59 - PL_FIXTURE / OP6_CS
Circle,CIR_A,DIAM,79.057,79.000,0.057,-0.500,0.500,,Criterion : Least Square (From 12 Pts On PL_D) 
Circle,CIR_A,X,96.341,96.049,0.292,,,,
Circle,CIR_A,Y,70.871,70.746,0.126,,,,
Circle,CIR_A,Z,113.657,114.049,-0.392,,,,
Pos. Tol.,POS_A,PTOL,1.010,0.000,1.010,0.000,4.000,,CIR_A/NOMINAL - CS_ABC - C-Zone - XYZ - Nominal
Circle,CIR_INS_11,X,90.806,90.385,0.422,,,,Criterion : Least Square (From 6 Pts On PL_INS_11) 
Circle,CIR_INS_11,Y,95.186,95.065,0.121,,,,
Circle,CIR_INS_11,Z,159.803,160.233,-0.430,,,,
Pos. Tol.,POS_11,PTOL,1.229,0.000,1.229,0.000,3.000,,CIR_INS_11/NOMINAL - CS_ABC - C-Zone - XYZ - Nominal
Circle,CIR_INS_12,X,116.091,115.649,0.442,,,,Criterion : Least Square (From 6 Pts On PL_INS_12) 
Circle,CIR_INS_12,Y,38.296,38.214,0.082,,,,
Circle,CIR_INS_12,Z,149.869,150.299,-0.430,,,,
Pos. Tol.,POS_12,PTOL,1.244,0.000,1.244,0.000,3.600,,CIR_INS_12/NOMINAL - CS_ABC - C-Zone - XYZ - Nominal
Circle,CIR_INS_13,X,101.856,102.615,-0.760,,,,Criterion : Least Square (From 6 Pts On PL_INS_13) 
Circle,CIR_INS_13,Y,46.602,46.845,-0.243,,,,
Circle,CIR_INS_13,Z,67.582,67.766,-0.184,,,,
Pos. Tol.,POS_13,PTOL,1.637,0.000,1.637,0.000,3.000,,CIR_INS_13/NOMINAL - CS_ABC - C-Zone - XYZ - Nominal
Circle,CIR_INS_14,X,76.727,77.351,-0.624,,,,Criterion : Least Square (From 6 Pts On PL_INS_14) 
Circle,CIR_INS_14,Y,103.162,103.696,-0.534,,,,
Circle,CIR_INS_14,Z,77.278,77.701,-0.423,,,,
Pos. Tol.,POS_14,PTOL,1.847,0.000,1.847,0.000,3.000,,CIR_INS_14/NOMINAL - CS_ABC - C-Zone - XYZ - Nominal
Circle,2D_CIR_INS_11,Y,31.480,31.500,-0.020,,,,
Circle,2D_CIR_INS_11,Z,42.008,42.000,0.008,,,,
Pos. Tol.,POS_2D_11,PTOL,0.044,0.000,0.044,0.000,0.800,,2D_CIR_INS_11/NOMINAL - CS_DE_BF - C-Zone - YZ - Nominal
Circle,2D_CIR_INS_12,Y,-31.563,-31.500,-0.063,,,,
Circle,2D_CIR_INS_12,Z,41.995,42.000,-0.005,,,,
Pos. Tol.,POS_2D_12,PTOL,0.127,0.000,0.127,0.000,0.800,,2D_CIR_INS_12/NOMINAL - CS_DE_BF - C-Zone - YZ - Nominal
Circle,2D_CIR_INS_13,Y,-31.309,-31.500,0.191,,,,
Circle,2D_CIR_INS_13,Z,-41.926,-42.000,0.074,,,,
Pos. Tol.,POS_2D_13,PTOL,0.410,0.000,0.410,0.000,0.800,,2D_CIR_INS_13/NOMINAL - CS_DE_BF - C-Zone - YZ - Nominal
Circle,2D_CIR_INS_14,Y,31.337,31.500,-0.163,,,,
Circle,2D_CIR_INS_14,Z,-42.088,-42.000,-0.088,,,,
Pos. Tol.,POS_2D_14,PTOL,0.370,0.000,0.370,0.000,0.800,,2D_CIR_INS_14/NOMINAL - CS_DE_BF - C-Zone - YZ - Nominal
Distance,H_11,X,0.168,0.000,0.168,0.000,0.500,,CIR_INS_11 - PL_PLAST_INS_11 / CS_DE_BF
Distance,H_12,X,0.325,-0.000,0.325,0.000,0.500,,CIR_INS_12 - PL_PLAST_INS_12 / CS_DE_BF
Distance,H_13,X,0.116,-0.000,0.116,0.000,0.500,,CIR_INS_13 - PL_PLAST_INS_13 / CS_DE_BF
Distance,H_14,X,-0.038,-0.000,-0.038,0.000,0.500,-0.038,CIR_INS_14 - PL_PLAST_INS_14 / CS_DE_BF
Flatness,FLAT_D,FLTN,0.159,0.000,0.159,0.000,0.500,,PL_D
Distance,WIDTH_TB_2,D1,2.782,3.000,-0.218,-0.150,0.150,-0.068,0W2.5_1.2 - IW2.5_1.2 / CS_DE_BF
Distance,WIDTH_TB_4,D1,2.851,3.000,-0.149,-0.150,0.150,,0W2.5_1.4 - IW2.5_1.4 / CS_DE_BF
Distance,WIDTH_TB_6,D1,2.909,3.000,-0.091,-0.150,0.150,,0W2.5_1.6 - IW2.5_1.6 / CS_DE_BF
Distance,WIDTH_TB_7,D1,3.027,3.000,0.027,-0.150,0.150,,0W2.5_1.7 - IW2.5_1.7 / CS_DE_BF
Distance,DEPTH_TB_2,D1,4.830,5.000,-0.170,-0.250,0.250,,TB_BOT_1.2 - PL_D / CS_DE_BF
Distance,DEPTH_TB_4,D1,4.844,5.000,-0.156,-0.250,0.250,,TB_BOT_1.4 - PL_D / CS_DE_BF
Distance,DEPTH_TB_6,D1,4.770,5.000,-0.230,-0.250,0.250,,TB_BOT_1.6 - PL_D / CS_DE_BF
Distance,DEPTH_TB_7,D1,4.976,5.000,-0.024,-0.250,0.250,,TB_BOT_1.7 - PL_D / CS_DE_BF
Profile of Line,PROF_2D_IW_TB,PRFL,0.887,0.000,0.887,0.000,1.500,,SCT_2D_IW_TB
Circle,CIR_INS_15,X,31.086,29.890,1.196,,,,Criterion : Least Square (From 6 Pts On PL_PLAST_INS_15) 
Circle,CIR_INS_15,Y,44.334,44.400,-0.066,,,,
Circle,CIR_INS_15,Z,204.950,204.750,0.200,,,,
Pos. Tol.,POS_15,PTOL,2.428,0.000,2.428,0.000,3.500,,CIR_INS_15/NOMINAL - CS_ABC - C-Zone - XYZ - Nominal
Circle,CIR_16_MID_GAGE,DIAM,12.097,12.170,-0.073,-0.100,0.100,,Proj. CIR_16_9MM / PL_PLAST_16.
Circle,CIR_16_MID_GAGE,X,31.081,29.988,1.093,,,,
Circle,CIR_16_MID_GAGE,Y,60.582,61.026,-0.445,,,,
Circle,CIR_16_MID_GAGE,Z,221.753,221.344,0.409,,,,
Pos. Tol.,POS_16,PTOL,2.498,0.000,2.498,0.000,3.500,,CIR_16_MID_GAGE/NOMINAL - CS_ABC - C-Zone - XYZ - Nominal
Distance,H_15,X,0.281,0.000,0.281,0.000,0.400,,CIR_INS_15 - PL_PLAST_16 / CS_15_16
Circle,2D_CIR_15,Y,-23.372,-23.500,0.128,,,,
Circle,2D_CIR_15,Z,0.000,0.000,0.000,,,,
Pos. Tol.,POS_2D_15,PTOL,0.256,0.000,0.256,0.000,0.500,,2D_CIR_15/NOMINAL - CS_15_16 - C-Zone - YZ - Nominal
Circle,CIR_18,DIAM,12.930,13.000,-0.070,-0.100,0.100,,Inters. PL_PLAST_18 - CYL_18.
Circle,CIR_18,X,-85.831,-86.500,0.669,,,,
Circle,CIR_18,Y,73.028,74.000,-0.972,,,,
Pos. Tol.,POS_18,PTOL,2.359,0.000,2.359,0.000,2.500,,CIR_18/NOMINAL - CS_ABC - C-Zone - XY - Nominal
Distance,PROF_18,Z,176.012,176.000,0.013,-2.000,2.000,,CIR_18 - ORIGIN / CS_ABC
Circle,CIR_20,X,-274.613,-274.784,0.171,,,,Criterion : Least Square (From 6 Pts On PL_INS_20) 
Circle,CIR_20,Y,114.122,114.438,-0.317,,,,
Circle,CIR_20,Z,-19.582,-19.512,-0.070,,,,
Pos. Tol.,POS_20,PTOL,0.733,0.000,0.733,0.000,3.000,,CIR_20/NOMINAL - CS_ABC - C-Zone - XYZ - Nominal
Circle,CIR_22,X,39.897,39.216,0.681,,,,Criterion : Least Square (From 6 Pts On PL_INS_22) 
Circle,CIR_22,Y,111.395,111.457,-0.063,,,,
Circle,CIR_22,Z,200.284,200.504,-0.220,,,,
Pos. Tol.,POS_22,PTOL,1.437,0.000,1.437,0.000,3.000,,CIR_22/NOMINAL - CS_ABC - C-Zone - XYZ - Nominal
Circle,CIR_23,X,48.952,48.716,0.235,,,,Criterion : Least Square (From 6 Pts On PL_INS_23) 
Circle,CIR_23,Y,114.367,114.438,-0.071,,,,
Circle,CIR_23,Z,-19.519,-19.512,-0.007,,,,
Pos. Tol.,POS_23,PTOL,0.492,0.000,0.492,0.000,3.000,,CIR_23/NOMINAL - CS_ABC - C-Zone - XYZ - Nominal
Distance,H_20,Y,0.231,0.000,0.231,0.000,0.500,,CIR_20 - PL_PLAST_20 / CS_20
Distance,H_22,Y,0.106,0.000,0.106,0.000,0.500,,CIR_22 - PL_PLAST_22 / CS_22
Distance,H_23,Y,0.263,0.000,0.263,0.000,0.500,,CIR_23 - PL_PLAST_23 / CS_23
Angle,ANG_20,3D,29.280,28.000,1.280,-2.000,2.000,,PL_INS_22 - PL_FIXTURE / CS_20
Angle,ANG_22,3D,29.280,28.000,1.280,-2.000,2.000,,PL_INS_22 - PL_FIXTURE / CS_22
Angle,ANG_23,3D,28.304,28.000,0.304,-2.000,2.000,,PL_INS_23 - PL_FIXTURE / CS_23
Circle,2D_CIR_20,X,-323.536,-323.500,-0.036,,,,
Circle,2D_CIR_20,Z,-0.011,0.000,-0.011,,,,
Pos. Tol.,POS_2D_20,PTOL,0.076,0.000,0.076,0.000,1.250,,2D_CIR_20/NOMINAL - CS_23_BF - C-Zone - XZ - Nominal
Circle,2D_CIR_22,X,-9.504,-9.500,-0.004,,,,
Circle,2D_CIR_22,Z,195.640,195.643,-0.003,,,,
Pos. Tol.,POS_2D_22,PTOL,0.010,0.000,0.010,0.000,1.250,,2D_CIR_22/NOMINAL - CS_23_BF - C-Zone - XZ - Nominal
Circle,2D_CIR_23,X,0.024,0.000,0.024,,,,
Circle,2D_CIR_23,Z,0.000,0.000,0.000,,,,
Pos. Tol.,POS_2D_23,PTOL,0.048,0.000,0.048,0.000,1.250,,2D_CIR_23/NOMINAL - CS_23_BF - C-Zone - XZ - Nominal
Circle,CIR_INS_21,X,-257.037,-257.000,-0.037,,,,Criterion : Least Square (From 6 Pts On PL_INS_21) 
Circle,CIR_INS_21,Z,124.290,125.000,-0.710,,,,
Pos. Tol.,POS_21,PTOL,1.421,0.000,1.421,0.000,3.000,,CIR_INS_21/NOMINAL - CS_ABC - C-Zone - XZ - Nominal
Circle,CIR_29,X,28.787,28.699,0.087,,,,Criterion : Least Square (From 6 Pts On PL_INS_29) 
Circle,CIR_29,Z,12.356,12.480,-0.124,,,,
Pos. Tol.,POS_29,PTOL,0.303,0.000,0.303,0.000,3.000,,CIR_29/NOMINAL - CS_ABC - C-Zone - XZ - Nominal
Circle,CIR_30,X,42.440,42.500,-0.060,,,,Criterion : Least Square (From 6 Pts On PL_INS_30) 
Circle,CIR_30,Z,-161.956,-161.750,-0.206,,,,
Pos. Tol.,POS_30,PTOL,0.429,0.000,0.429,0.000,3.000,,CIR_30/NOMINAL - CS_ABC - C-Zone - XZ - Nominal
Circle,CIR_32,X,-214.792,-214.979,0.187,,,,Criterion : Least Square (From 6 Pts On PL_INS_32) 
Circle,CIR_32,Z,-162.152,-161.750,-0.402,,,,
Pos. Tol.,POS_32,PTOL,0.429,0.000,0.429,0.000,3.000,,CIR_30/NOMINAL - CS_ABC - C-Zone - XZ - Nominal
Distance,H_21,D1,0.069,0.000,0.069,,,,CIR_INS_21 - PL_PLAST_INS_21 / CS_TEMP_21
Distance,H_21,D2,,,,,,,
Distance,H_21,X,0.000,0.000,0.000,,,,
Distance,H_21,Y,0.069,0.000,0.069,0.000,0.500,,
Distance,H_21,Z,-0.000,0.000,-0.000,,,,
Distance,H_29,D1,0.094,0.000,0.094,,,,CIR_29 - PL_PLAST_29 / CS_TEMP_29
Distance,H_29,D2,,,,,,,
Distance,H_29,X,-0.001,0.000,-0.001,,,,
Distance,H_29,Y,0.094,0.000,0.094,0.000,0.500,,
Distance,H_29,Z,-0.000,0.000,-0.000,,,,
Distance,H_30,D1,0.198,0.000,0.198,,,,CIR_30 - PL_PLAST_30 / CS_TEMP_30
Distance,H_30,D2,,,,,,,
Distance,H_30,X,0.001,0.000,0.001,,,,
Distance,H_30,Y,0.198,0.000,0.198,0.000,0.500,,
Distance,H_30,Z,0.001,0.000,0.001,,,,
Distance,H_32,D1,0.055,0.000,0.055,,,,CIR_32 - PL_PLAST_32 / CS_TEMP_32
Distance,H_32,D2,,,,,,,
Distance,H_32,X,-0.001,0.000,-0.001,,,,
Distance,H_32,Y,0.055,0.000,0.055,0.000,0.500,,
Distance,H_32,Z,0.000,0.000,0.000,,,,
Distance,PROF_21,Y,103.772,104.420,-0.648,-2.000,2.000,,CIR_INS_21 - ORIGIN / CS_ABC
Distance,PROF_29,Y,123.882,124.420,-0.538,-2.000,2.000,,CIR_29 - ORIGIN / CS_ABC
Distance,PROF_30,Y,83.776,83.300,0.476,-2.000,2.000,,CIR_30 - ORIGIN / CS_ABC
Distance,PROF_32,Y,83.068,83.300,-0.232,-2.000,2.000,,CIR_32 - ORIGIN / CS_ABC
Circle,2D_CIR_INS_21,X,0.094,0.000,0.094,,,,
Circle,2D_CIR_INS_21,Z,-0.153,0.000,-0.153,,,,
Pos. Tol.,POS_2D_21,PTOL,0.359,0.000,0.359,0.000,1.250,,2D_CIR_INS_21/NOMINAL - CS_INS_W_BF - C-Zone - XZ - Nominal
Circle,2D_CIR_29,X,285.527,285.599,-0.072,,,,
Circle,2D_CIR_29,Z,-112.713,-112.776,0.063,,,,
Pos. Tol.,POS_2D_29,PTOL,0.191,0.000,0.191,0.000,1.250,,2D_CIR_29/NOMINAL - CS_INS_W_BF - C-Zone - XZ - Nominal
Circle,2D_CIR_30,X,299.067,299.243,-0.176,,,,
Circle,2D_CIR_30,Z,-287.062,-287.018,-0.044,,,,
Pos. Tol.,POS_2D_30,PTOL,0.363,0.000,0.363,0.000,1.250,,2D_CIR_30/NOMINAL - CS_INS_W_BF - C-Zone - XZ - Nominal
Circle,2D_CIR_32,X,41.846,41.763,0.083,,,,
Circle,2D_CIR_32,Z,-286.691,-286.788,0.097,,,,
Pos. Tol.,POS_2D_32,PTOL,0.254,0.000,0.254,0.000,1.250,,2D_CIR_32/NOMINAL - CS_INS_W_BF - C-Zone - XZ - Nominal
Circle,CIR_INS_26,X,-219.514,-219.500,-0.014,,,,Criterion : Least Square (From 6 Pts On PL_INS_26) 
Circle,CIR_INS_26,Z,71.804,72.000,-0.195,,,,
Pos. Tol.,POS_26,PTOL,0.391,0.000,0.391,0.000,3.000,,CIR_INS_26/NOMINAL - CS_ABC - C-Zone - XZ - Nominal
Circle,CIR_27,X,-87.632,-87.500,-0.132,,,,Criterion : Least Square (From 6 Pts On PL_INS_27) 
Circle,CIR_27,Z,71.921,72.000,-0.079,,,,
Pos. Tol.,POS_27,PTOL,0.307,0.000,0.307,0.000,3.000,,CIR_27/NOMINAL - CS_ABC - C-Zone - XZ - Nominal
Circle,CIR_28,X,43.637,43.700,-0.063,,,,Criterion : Least Square (From 6 Pts On PL_INS_28) 
Circle,CIR_28,Z,49.730,50.000,-0.269,,,,
Pos. Tol.,POS_28,PTOL,0.553,0.000,0.553,0.000,3.000,,CIR_28/NOMINAL - CS_ABC - C-Zone - XZ - Nominal
Circle,CIR_31,X,-71.326,-71.500,0.174,,,,Criterion : Least Square (From 6 Pts On PL_INS_31) 
Circle,CIR_31,Z,-161.819,-161.750,-0.068,,,,
Pos. Tol.,POS_31,PTOL,0.373,0.000,0.373,0.000,3.000,,CIR_31/NOMINAL - CS_ABC - C-Zone - XZ - Nominal
Distance,PROF_26,Y,129.752,130.420,-0.668,-2.000,2.000,,CIR_INS_26 - ORIGIN / CS_ABC
Distance,PROF_27,Y,129.630,130.420,-0.790,-2.000,2.000,,CIR_27 - ORIGIN / CS_ABC
Distance,PROF_28,Y,123.134,123.420,-0.286,-2.000,2.000,,CIR_28 - ORIGIN / CS_ABC
Distance,PROF_31,Y,84.108,83.300,0.808,-2.000,2.000,,CIR_31 - ORIGIN / CS_ABC
Distance,H_26,Y,0.163,0.000,0.163,0.000,0.500,,CIR_INS_26 - PL_PLAST_INS_26 / CS_TEMP_26
Distance,H_27,Y,0.097,0.000,0.097,0.000,0.500,,CIR_27 - PL_PLAST_27 / CS_TEMP_27
Distance,H_28,Y,0.229,0.000,0.229,0.000,0.500,,CIR_28 - PL_PLAST_28 / CS_TEMP_28
Distance,H_31,Y,0.092,0.000,0.092,0.000,0.500,,CIR_31 - PL_PLAST_31 / CS_TEMP_31
Circle,CIR_24,DIAM,11.973,12.050,-0.077,-0.080,0.080,,Criterion : Least Square (From 12 Pts On PL_PLAST_24_25) 
Circle,CIR_24,X,-117.185,-117.520,0.335,,,,
Circle,CIR_24,Z,102.081,102.110,-0.029,,,,
Pos. Tol.,POS_24,PTOL,0.673,0.000,0.673,0.000,3.000,,CIR_24/NOMINAL - CS_ABC - C-Zone - XZ - Nominal
Circle,CIR_25,DIAM,4.676,4.650,0.026,-0.050,0.050,,Criterion : Least Square (From 6 Pts On PL_PLAST_24_25) 
Circle,CIR_25,X,-114.654,-115.078,0.424,,,,
Circle,CIR_25,Z,119.299,119.449,-0.151,,,,
Pos. Tol.,POS_25,PTOL,0.900,0.000,0.900,0.000,1.500,,CIR_25/NOMINAL - CS_ABC - C-Zone - XZ - Nominal
Distance,PROF_24,Y,115.050,115.500,-0.450,-1.500,1.500,,CIR_24 - ORIGIN / CS_ABC
Circle,2D_CIR_25,X,0.000,0.000,0.000,,,,
Circle,2D_CIR_25,Z,17.403,17.500,-0.097,,,,
Pos. Tol.,POS_2D_25,PTOL,0.194,0.000,0.194,0.000,0.500,,2D_CIR_25/NOMINAL - CS_24_25 - C-Zone - XZ - Nominal
Circle,CIR_43,DIAM,12.527,12.500,0.027,-0.100,0.100,,Criterion : Least Square (From 12 Pts On PL_PLAST_43) 
Circle,CIR_43,X,-13.109,-13.500,0.391,,,,
Circle,CIR_43,Z,121.885,122.000,-0.115,,,,
Pos. Tol.,POS_43,PTOL,0.815,0.000,0.815,0.000,3.000,,CIR_43/NOMINAL - CS_ABC - C-Zone - XZ - Nominal
Distance,PROF_43,Y,124.822,125.000,-0.178,-2.000,2.000,,CIR_43 - ORIGIN / CS_ABC
Angle,ANG_43,3D,9.897,9.000,0.897,-3.000,3.000,,LINE_43_MIDDLE - Z-AXIS / CS_ABC
Circle,CIR_55,X,-297.011,-296.400,-0.611,,,,Criterion : Least Square (From 6 Pts On PL_INS_55) 
Circle,CIR_55,Z,-83.140,-84.000,0.860,,,,
Pos. Tol.,POS_55,PTOL,2.110,0.000,2.110,0.000,3.000,,CIR_55/NOMINAL - CS_ABC - C-Zone - XZ - Nominal
Distance,PROF_55,D1,314.363,,,,,,CIR_55 - ORIGIN / CS_ABC
Distance,PROF_55,Y,60.795,62.000,-1.205,-2.000,2.000,,
Circle,CIR_56,X,-304.078,-304.000,-0.078,,,,Criterion : Least Square (From 6 Pts On PL_INS_56) 
Circle,CIR_56,Z,47.237,46.200,1.037,,,,
Pos. Tol.,POS_56,PTOL,2.079,0.000,2.079,0.000,3.000,,CIR_56/NOMINAL - CS_ABC - C-Zone - XZ - Nominal
Distance,PROF_56,D1,313.606,,,,,,CIR_56 - ORIGIN / CS_ABC
Distance,PROF_56,Y,60.447,62.000,-1.553,-2.000,2.000,,
