Feat. Type,Feat. Name,Value,Actual,Nominal,Dev.,Tol-,Tol+,Out of Tol.,Comment
Text/Value,VAR_PROGRAM,VAL,,,,,,,'N:\Metrolog XG\Programmes\D-37\D-37 with TMAP Complete (Module 44).gm2'
Text/Value,VAR_EVENEMENT,VAL,,,,,,,'DEMARRAGE'
Text/Value,VAR_COMMENTAIRES,VAL,,,,,,,'320C'
Circle,CIR_DATUM_B,DIAM,8.009,8.050,-0.041,-0.100,0.100,,Criterion : Least Square (From 11 Pts On PL_FIXTURE) 
Circle,CIR_DATUM_B,X,0.000,0.000,0.000,,,,
Circle,CIR_DATUM_B,Z,0.000,0.000,0.000,,,,
Pos. Tol.,POS_B,PTOL,0.000,0.000,0.000,0.141,0.441,,CIR_DATUM_B(M)/NOMINAL - CS_ABC - C-Zone - XZ - Nominal
Distance,DIST_X_Z_DATUM_C,X,4.461,4.500,-0.039,-0.150,0.150,,PNT_DATUM_C - ORIGIN / CS_ABC
Distance,DIST_X_Z_DATUM_C,Z,-351.437,-351.600,0.163,-0.350,0.350,,
Distance,WIDTH_C,D1,7.855,7.850,0.005,-0.050,0.050,,SRF_C_RH - SRF_C_LH / CS_ABC
Circle,CIR1,DIAM,12.122,12.075,0.047,-0.175,0.175,,From 4 Pts On PL_FIXTURE
Circle,CIR1,X,54.604,54.500,0.104,,,,
Circle,CIR1,Z,-346.551,-346.600,0.049,,,,
Pos. Tol.,POS_1,PTOL,0.231,0.000,0.231,0.222,1.222,,CIR1(M)/NOMINAL - CS_ABC - C-Zone - XZ - Nominal
Circle,CIR2,DIAM,12.105,12.075,0.030,-0.175,0.175,,From 4 Pts On PL_FIXTURE
Circle,CIR2,X,-16.386,-16.500,0.114,,,,
Circle,CIR2,Z,-351.320,-351.600,0.280,,,,
Pos. Tol.,POS_2,PTOL,0.605,0.000,0.605,0.205,1.205,,CIR2(M)/NOMINAL - CS_ABC - C-Zone - XZ - Nominal
Circle,CIR4,DIAM,12.046,12.075,-0.029,-0.175,0.175,,From 4 Pts On PL_FIXTURE
Circle,CIR4,X,-16.539,-16.500,-0.039,,,,
Circle,CIR4,Z,-0.994,-1.100,0.106,,,,
Pos. Tol.,POS_4,PTOL,0.226,0.000,0.226,0.146,1.146,,CIR4(M)/NOMINAL - CS_ABC - C-Zone - XZ - Nominal
Circle,CIR5,DIAM,12.064,12.075,-0.011,-0.175,0.175,,From 4 Pts On PL_FIXTURE
Circle,CIR5,X,54.468,54.500,-0.032,,,,
Circle,CIR5,Z,-26.987,-27.100,0.113,,,,
Pos. Tol.,POS_5,PTOL,0.236,0.000,0.236,0.164,1.164,,CIR5(M)/NOMINAL - CS_ABC - C-Zone - XZ - Nominal
Circle,CIR6,DIAM,12.104,12.075,0.029,-0.175,0.175,,From 4 Pts On PL_FIXTURE
Circle,CIR6,X,54.342,54.500,-0.158,,,,
Circle,CIR6,Z,-134.484,-134.600,0.116,,,,
Pos. Tol.,POS_6,PTOL,0.392,0.000,0.392,0.204,1.204,,CIR6(M)/NOMINAL - CS_ABC - C-Zone - XZ - Nominal
Circle,CIR7,DIAM,12.079,12.075,0.004,-0.175,0.175,,From 4 Pts On PL_FIXTURE
Circle,CIR7,X,54.404,54.500,-0.096,,,,
Circle,CIR7,Z,-240.397,-240.600,0.203,,,,
Pos. Tol.,POS_7,PTOL,0.450,0.000,0.450,0.179,1.179,,CIR7(M)/NOMINAL - CS_ABC - C-Zone - XZ - Nominal
Profile of Line,PROF_OP1,PRFL,0.407,0.000,0.407,0.000,1.500,,SCT_OP1
Profile of Line,PROF_OP2,PRFL,0.828,0.000,0.828,0.000,1.500,,SCT_OP2
Profile of Line,PROF_OP3,PRFL,0.818,0.000,0.818,0.000,1.500,,SCT_OP3
Profile of Line,PROF_OP4,PRFL,0.778,0.000,0.778,0.000,1.500,,SCT_OP4
Profile of Line,PROF_OP5,PRFL,0.454,0.000,0.454,0.000,1.500,,SCT_OP5
Profile of Line,PROF_OP6,PRFL,0.517,0.000,0.517,0.000,1.500,,SCT_OP6
Distance,WIDTH_OP1.1,D1,4.104,4.000,0.104,-0.200,0.200,,SRF_OP1_IW1 - SRF_OP1_OW1 / CS_ABC
Distance,WIDTH_OP1.2,D1,4.051,4.000,0.051,-0.200,0.200,,SRF_OP1_IW2 - SRF_OP1_OW2 / CS_ABC
Distance,WIDTH_OP1.3,D1,4.055,4.000,0.055,-0.200,0.200,,SRF_OP1_IW3 - SRF_OP1_OW3 / CS_ABC
Distance,WIDTH_OP1.4,D1,4.039,4.000,0.039,-0.200,0.200,,SRF_OP1_IW4 - SRF_OP1_OW4 / CS_ABC
Distance,WIDTH_OP1.5,D1,3.999,4.000,-0.001,-0.200,0.200,,SRF_OP1_IW5 - SRF_OP1_OW5 / CS_ABC
Distance,WIDTH_OP1.6,D1,4.061,4.000,0.061,-0.200,0.200,,SRF_OP1_IW6 - SRF_OP1_OW6 / CS_ABC
Distance,WIDTH_OP1.7,D1,4.099,4.000,0.099,-0.200,0.200,,SRF_OP1_IW7 - SRF_OP1_OW7 / CS_ABC
Distance,WIDTH_OP2.1,D1,4.137,4.000,0.137,-0.200,0.200,,SRF_OP2_IW1 - SRF_OP2_OW1 / CS_ABC
Distance,WIDTH_OP2.2,D1,3.932,4.000,-0.068,-0.200,0.200,,SRF_OP2_IW2 - SRF_OP2_OW2 / CS_ABC
Distance,WIDTH_OP2.3,D1,3.832,4.000,-0.168,-0.350,0.350,,SRF_OP2_IW3 - SRF_OP2_OW3 / MCS
Distance,WIDTH_OP2.4,D1,4.120,4.000,0.120,-0.200,0.200,,SRF_OP2_IW4 - SRF_OP2_OW4 / CS_ABC
Distance,WIDTH_OP2.5,D1,4.143,4.000,0.143,-0.200,0.200,,SRF_OP2_IW5 - SRF_OP2_OW5 / CS_ABC
Distance,WIDTH_OP2.6,D1,3.991,4.000,-0.009,-0.200,0.200,,SRF_OP2_IW6 - SRF_OP2_OW6 / CS_ABC
Distance,WIDTH_OP2.7,D1,3.842,4.000,-0.158,-0.200,0.200,,SRF_OP2_IW7 - SRF_OP2_OW7 / CS_ABC
Distance,WIDTH_OP3.1,D1,4.013,4.000,0.013,-0.200,0.200,,SRF_OP3_IW1 - SRF_OP3_OW1 / CS_ABC
Distance,WIDTH_OP3.2,D1,4.021,4.000,0.021,-0.200,0.200,,SRF_OP3_IW2 - SRF_OP3_OW2 / CS_ABC
Distance,WIDTH_OP3.3,D1,4.090,4.000,0.090,-0.350,0.350,,SRF_OP3_IW3 - SRF_OP3_OW3 / CS_TEMP_CIR
Distance,WIDTH_OP3.4,D1,4.078,4.000,0.078,-0.200,0.200,,SRF_OP3_IW4 - SRF_OP3_OW4 / CS_ABC
Distance,WIDTH_OP4.1,D1,4.104,4.000,0.104,-0.200,0.200,,SRF_OP4_IW1 - SRF_OP4_OW1 / CS_ABC
Distance,WIDTH_OP4.2,D1,4.045,4.000,0.045,-0.200,0.200,,SRF_OP4_IW2 - SRF_OP4_OW2 / CS_ABC
Distance,WIDTH_OP4.3,D1,4.041,4.000,0.041,-0.200,0.200,,SRF_OP4_IW3 - SRF_OP4_OW3 / CS_ABC
Distance,WIDTH_OP4.4,D1,4.121,4.000,0.121,-0.200,0.200,,SRF_OP4_IW4 - SRF_OP4_OW4 / CS_ABC
Distance,WIDTH_OP4.5,D1,4.155,4.000,0.155,-0.300,0.300,,SRF_OP4_IW5 - SRF_OP4_OW5 / CS_TEMP_CIR
Distance,WIDTH_OP4.6,D1,4.005,4.000,0.005,-0.200,0.200,,SRF_OP4_IW6 - SRF_OP4_OW6 / CS_ABC
Distance,WIDTH_OP4.7,D1,3.928,4.000,-0.072,-0.200,0.200,,SRF_OP4_IW7 - SRF_OP4_OW7 / CS_ABC
Distance,WIDTH_OP5.1,D1,4.133,4.000,0.133,-0.200,0.200,,SRF_OP5_IW1 - SRF_OP5_OW1 / CS_ABC
Distance,WIDTH_OP5.2,D1,4.122,4.000,0.122,-0.200,0.200,,SRF_OP5_IW2 - SRF_OP5_OW2 / CS_ABC
Distance,WIDTH_OP5.3,D1,3.981,4.000,-0.019,-0.200,0.200,,SRF_OP5_IW3 - SRF_OP5_OW3 / CS_ABC
Distance,WIDTH_OP5.4,D1,4.113,4.000,0.113,-0.200,0.200,,SRF_OP5_IW4 - SRF_OP5_OW4 / CS_ABC
Distance,WIDTH_OP5.5,D1,4.130,4.000,0.130,-0.200,0.200,,SRF_OP5_IW5 - SRF_OP5_OW5 / CS_ABC
Distance,WIDTH_OP6.1,D1,4.065,4.000,0.065,-0.200,0.200,,SRF_OP6_IW1 - SRF_OP6_OW1 / CS_ABC
Distance,WIDTH_OP6.2,D1,4.066,4.000,0.066,-0.200,0.200,,SRF_OP6_IW2 - SRF_OP6_OW2 / CS_ABC
Distance,WIDTH_OP6.3,D1,3.935,4.000,-0.065,-0.200,0.200,,SRF_OP6_IW3 - SRF_OP6_OW3 / CS_ABC
Distance,WIDTH_OP6.4,D1,4.090,4.000,0.090,-0.200,0.200,,SRF_OP6_IW4 - SRF_OP6_OW4 / CS_ABC
Distance,WIDTH_OP6.5,D1,3.878,4.000,-0.122,-0.200,0.200,,SRF_OP6_IW5 - SRF_OP6_OW5 / CS_ABC
Distance,WIDTH_OP6.6,D1,4.045,4.000,0.045,-0.200,0.200,,SRF_OP6_IW6 - SRF_OP6_OW6 / CS_ABC
Distance,WIDTH_OP6.7,D1,4.103,4.000,0.103,-0.200,0.200,,SRF_OP6_IW7 - SRF_OP6_OW7 / CS_ABC
Distance,DP_OP1.1,Y,6.155,6.000,0.155,-0.325,0.325,,SRF_OP1_DP1 - PL_FIXTURE / CS_TEMP_CIR
Distance,DP_OP1.2,Y,6.127,6.000,0.127,-0.250,0.250,,SRF_OP1_DP2 - PL_FIXTURE / CS_PORTS_BF
Distance,DP_OP1.3,Y,6.088,6.000,0.088,-0.250,0.250,,SRF_OP1_DP3 - PL_FIXTURE / CS_PORTS_BF
Distance,DP_OP1.4,Y,6.095,6.000,0.095,-0.250,0.250,,SRF_OP1_DP4 - PL_FIXTURE / CS_PORTS_BF
Distance,DP_OP1.5,Y,6.147,6.000,0.147,-0.250,0.250,,SRF_OP1_DP5 - PL_FIXTURE / CS_PORTS_BF
Distance,DP_OP1.6,Y,6.346,6.000,0.346,-0.325,0.325,0.021,SRF_OP1_DP6 - PL_FIXTURE / CS_TEMP_CIR
Distance,DP_OP1.7,Y,6.200,6.000,0.200,-0.250,0.250,,SRF_OP1_DP7 - PL_FIXTURE / CS_PORTS_BF
Distance,DP_OP2.1,Y,6.158,6.000,0.158,-0.325,0.325,,SRF_OP2_DP1 - PL_FIXTURE / CS_TEMP_CIR
Distance,DP_OP2.2,Y,5.956,6.000,-0.044,-0.250,0.250,,SRF_OP2_DP2 - PL_FIXTURE / CS_PORTS_BF
Distance,DP_OP2.3,Y,5.981,6.000,-0.019,-0.250,0.250,,SRF_OP2_DP3 - PL_FIXTURE / CS_PORTS_BF
Distance,DP_OP2.4,Y,6.064,6.000,0.064,-0.250,0.250,,SRF_OP2_DP4 - PL_FIXTURE / CS_PORTS_BF
Distance,DP_OP2.5,Y,5.990,6.000,-0.010,-0.250,0.250,,SRF_OP2_DP5 - PL_FIXTURE / CS_PORTS_BF
Distance,DP_OP2.6,Y,6.229,6.000,0.229,-0.250,0.250,,SRF_OP2_DP6 - PL_FIXTURE / CS_PORTS_BF
Distance,DP_OP2.7,Y,6.273,6.000,0.273,-0.250,0.250,0.023,SRF_OP2_DP7 - PL_FIXTURE / CS_PORTS_BF
Distance,DP_OP3.1,Y,6.072,6.000,0.072,-0.250,0.250,,SRF_OP3_DP1 - PL_FIXTURE / CS_PORTS_BF
Distance,DP_OP3.2,Y,6.124,6.000,0.124,-0.250,0.250,,SRF_OP3_DP2 - PL_FIXTURE / CS_PORTS_BF
Distance,DP_OP3.3,Y,6.083,6.000,0.083,-0.250,0.250,,SRF_OP3_DP3 - PL_FIXTURE / CS_PORTS_BF
Distance,DP_OP3.4,Y,6.080,6.000,0.080,-0.250,0.250,,SRF_OP3_DP4 - PL_FIXTURE / CS_PORTS_BF
Distance,DP_OP4.1,Y,6.213,6.000,0.213,-0.250,0.250,,SRF_OP4_DP1 - PL_FIXTURE / CS_PORTS_BF
Distance,DP_OP4.2,Y,6.199,6.000,0.199,-0.250,0.250,,SRF_OP4_DP2 - PL_FIXTURE / CS_PORTS_BF
Distance,DP_OP4.3,Y,6.132,6.000,0.132,-0.250,0.250,,SRF_OP4_DP3 - PL_FIXTURE / CS_PORTS_BF
Distance,DP_OP4.4,Y,6.089,6.000,0.089,-0.250,0.250,,SRF_OP4_DP4 - PL_FIXTURE / CS_PORTS_BF
Distance,DP_OP4.5,Y,6.000,6.000,0.000,-0.250,0.250,,SRF_OP4_DP5 - PL_FIXTURE / CS_PORTS_BF
Distance,DP_OP4.6,Y,6.212,6.000,0.212,-0.250,0.250,,SRF_OP4_DP6 - PL_FIXTURE / CS_PORTS_BF
Distance,DP_OP4.7,Y,6.217,6.000,0.217,-0.250,0.250,,SRF_OP4_DP7 - PL_FIXTURE / CS_PORTS_BF
Distance,DP_OP5.1,Y,6.119,6.000,0.119,-0.250,0.250,,SRF_OP5_DP1 - PL_FIXTURE / CS_PORTS_BF
Distance,DP_OP5.2,Y,6.175,6.000,0.175,-0.250,0.250,,SRF_OP5_DP2 - PL_FIXTURE / CS_PORTS_BF
Distance,DP_OP5.3,Y,6.094,6.000,0.094,-0.250,0.250,,SRF_OP5_DP3 - PL_FIXTURE / CS_PORTS_BF
Distance,DP_OP5.4,Y,6.087,6.000,0.087,-0.250,0.250,,SRF_OP5_DP4 - PL_FIXTURE / CS_PORTS_BF
Distance,DP_OP5.5,Y,6.076,6.000,0.076,-0.250,0.250,,SRF_OP5_DP5 - PL_FIXTURE / CS_PORTS_BF
Distance,DP_OP6.1,Y,6.251,6.000,0.251,-0.325,0.325,,SRF_OP6_DP1 - PL_FIXTURE / CS_TEMP_CIR
Distance,DP_OP6.2,Y,6.181,6.000,0.181,-0.250,0.250,,SRF_OP6_DP2 - PL_FIXTURE / CS_PORTS_BF
Distance,DP_OP6.3,Y,6.214,6.000,0.214,-0.250,0.250,,SRF_OP6_DP3 - PL_FIXTURE / CS_PORTS_BF
Distance,DP_OP6.4,Y,6.087,6.000,0.087,-0.250,0.250,,SRF_OP6_DP4 - PL_FIXTURE / CS_PORTS_BF
Distance,DP_OP6.5,Y,6.194,6.000,0.194,-0.250,0.250,,SRF_OP6_DP5 - PL_FIXTURE / CS_PORTS_BF
Distance,DP_OP6.6,Y,6.115,6.000,0.115,-0.250,0.250,,SRF_OP6_DP6 - PL_FIXTURE / CS_PORTS_BF
Distance,DP_OP6.7,Y,6.123,6.000,0.123,-0.250,0.250,,SRF_OP6_DP7 - PL_FIXTURE / CS_PORTS_BF
Circle,CIR_8,DIAM,75.753,75.500,0.253,-0.500,0.500,,Criterion : Least Square (From 6 Pts On PL_D) 
Circle,CIR_8,X,-28.336,-29.500,1.164,,,,
Circle,CIR_8,Y,63.015,62.500,0.515,,,,
Circle,CIR_8,Z,96.858,97.698,-0.841,,,,
Pos. Tol.,POS_8,PTOL,3.051,0.000,3.051,0.000,4.000,,CIR_8/NOMINAL - CS_ABC - C-Zone - XYZ - Nominal
Circle,CIR_18,X,-13.703,-14.333,0.630,,,,Criterion : Least Square (From 6 Pts On PL_INS_18) 
Circle,CIR_18,Y,95.382,95.187,0.196,,,,
Circle,CIR_18,Z,59.830,60.851,-1.021,,,,
Pos. Tol.,POS_18,PTOL,2.431,0.000,2.431,0.000,4.000,,CIR_18/NOMINAL - CS_ABC - C-Zone - XYZ - Nominal
Circle,CIR_19,X,-17.498,-18.623,1.125,,,,Criterion : Least Square (From 6 Pts On PL_INS_19) 
Circle,CIR_19,Y,30.688,30.358,0.330,,,,
Circle,CIR_19,Z,58.251,58.907,-0.656,,,,
Pos. Tol.,POS_19,PTOL,2.687,0.000,2.687,0.000,4.000,,CIR_19/NOMINAL - CS_ABC - C-Zone - XYZ - Nominal
Circle,CIR_20,X,-42.887,-44.668,1.781,,,,Criterion : Least Square (From 6 Pts On PL_INS_20) 
Circle,CIR_20,Y,30.312,29.813,0.499,,,,
Circle,CIR_20,Z,134.021,134.547,-0.526,,,,
Pos. Tol.,POS_20,PTOL,3.845,0.000,3.845,0.000,4.000,,CIR_20/NOMINAL - CS_ABC - C-Zone - XYZ - Nominal
Circle,CIR_21,X,-39.271,-40.378,1.106,,,,Criterion : Least Square (From 6 Pts On PL_INS_21) 
Circle,CIR_21,Y,94.884,94.642,0.241,,,,
Circle,CIR_21,Z,135.414,136.490,-1.076,,,,
Pos. Tol.,POS_21,PTOL,3.125,0.000,3.125,0.000,4.000,,CIR_21/NOMINAL - CS_ABC - C-Zone - XYZ - Nominal
Circle,2D_CIR_18,Y,32.404,32.500,-0.096,,,,
Circle,2D_CIR_18,Z,-39.931,-40.000,0.069,,,,
Pos. Tol.,POS_2D_18,PTOL,0.237,0.000,0.237,0.000,0.600,,2D_CIR_18/NOMINAL - CS_DE_BF - C-Zone - YZ - Nominal
Circle,2D_CIR_19,Y,-32.421,-32.500,0.079,,,,
Circle,2D_CIR_19,Z,-39.913,-40.000,0.087,,,,
Pos. Tol.,POS_2D_19,PTOL,0.236,0.000,0.236,0.000,0.600,,2D_CIR_19/NOMINAL - CS_DE_BF - C-Zone - YZ - Nominal
Circle,2D_CIR_20,Y,-32.415,-32.500,0.085,,,,
Circle,2D_CIR_20,Z,39.999,40.000,-0.001,,,,
Pos. Tol.,POS_2D_20,PTOL,0.171,0.000,0.171,0.000,0.700,,2D_CIR_20/NOMINAL - CS_DE_BF - C-Zone - YZ - Nominal
Circle,2D_CIR_21,Y,32.273,32.500,-0.227,,,,
Circle,2D_CIR_21,Z,39.862,40.000,-0.138,,,,
Pos. Tol.,POS_2D_21,PTOL,0.531,0.000,0.531,0.000,0.700,,2D_CIR_21/NOMINAL - CS_DE_BF - C-Zone - YZ - Nominal
Distance,INSERT HEIGHT 18,X,0.036,0.000,0.036,0.000,0.500,,CIR_18 - PL_PLAST_18 / CS_DE_BF
Distance,INSERT HEIGHT 19,X,0.129,-0.000,0.129,0.000,0.500,,CIR_19 - PL_PLAST_19 / CS_DE_BF
Distance,INSERT HEIGHT 20,X,0.222,-0.000,0.222,0.000,0.500,,CIR_20 - PL_PLAST_20 / CS_DE_BF
Distance,INSERT HEIGHT 21,X,0.075,0.000,0.075,0.000,0.500,,CIR_21 - PL_PLAST_21 / CS_DE_BF
Distance,WIDTH_TB1,D1,3.004,3.000,0.004,-0.200,0.200,,P0W2.5_1.1 - PIW2.5_1.1 / CS_DE_BF
Distance,WIDTH_TB2,D1,2.946,3.000,-0.054,-0.200,0.200,,P0W2.5_1.2 - PIW2.5_1.2 / CS_DE_BF
Distance,WIDTH_TB3,D1,3.033,3.000,0.033,-0.200,0.200,,P0W2.5_1.3 - PIW2.5_1.3 / CS_DE_BF
Distance,WIDTH_TB4,D1,2.924,3.000,-0.076,-0.200,0.200,,P0W2.5_1.4 - PIW2.5_1.4 / CS_DE_BF
Distance,WIDTH_TB5,D1,3.027,3.000,0.027,-0.200,0.200,,P0W2.5_1.5 - PIW2.5_1.5 / CS_DE_BF
Distance,WIDTH_TB6,D1,3.013,3.000,0.013,-0.200,0.200,,P0W2.5_1.6 - PIW2.5_1.6 / CS_DE_BF
Distance,WIDTH_TB7,D1,2.984,3.000,-0.016,-0.200,0.200,,P0W2.5_1.7 - PIW2.5_1.7 / CS_DE_BF
Distance,WIDTH_TB8,D1,3.029,3.000,0.029,-0.200,0.200,,P0W2.5_1.8 - PIW2.5_1.8 / CS_DE_BF
Distance,DEPTH_TB1,X,-4.617,-5.000,0.383,-0.350,0.300,0.083,TB_BOT_1.1 - PL_D / CS_DE_BF
Distance,DEPTH_TB2,X,-4.111,-5.000,0.889,-0.300,0.300,0.589,TB_BOT_1.2 - PL_D / CS_DE_BF
Distance,DEPTH_TB3,X,-4.930,-5.000,0.070,-0.300,0.300,,TB_BOT_1.3 - PL_D / CS_DE_BF
Distance,DEPTH_TB4,X,-5.083,-5.000,-0.083,-0.300,0.300,,TB_BOT_1.4 - PL_D / CS_DE_BF
Distance,DEPTH_TB5,X,-5.247,-5.000,-0.247,-0.300,0.300,,TB_BOT_1.5 - PL_D / CS_DE_BF
Distance,DEPTH_TB6,X,-4.987,-5.000,0.013,-0.300,0.300,,TB_BOT_1.6 - PL_D / CS_DE_BF
Distance,DEPTH_TB7,X,-4.796,-5.000,0.204,-0.300,0.300,,TB_BOT_1.7 - PL_D / CS_DE_BF
Distance,DEPTH_TB8,X,-4.609,-5.000,0.391,-0.350,0.300,0.091,TB_BOT_1.8 - PL_D / CS_DE_BF
Flatness,FLAT_D,FLTN,0.207,0.000,0.207,0.000,1.000,,PL_D
Circle,CIR_9,DIAM,12.566,12.600,-0.034,-0.100,0.100,,Inters. PL_PLAST_9 - CYL_9.
Circle,CIR_9,X,-97.795,-98.500,0.705,,,,
Circle,CIR_9,Y,73.240,73.400,-0.160,,,,
Circle,CIR_9,Z,147.727,148.323,-0.596,,,,
Pos. Tol.,POS_9,PTOL,1.874,0.000,1.874,0.000,4.000,,CIR_9/NOMINAL - CS_ABC - C-Zone - XYZ - Nominal
Circle,CIR_10_GAGE_12,DIAM,22.300,22.200,0.100,-0.150,0.150,,From 8 Pts On PL_PLAST_10
Circle,CIR_10_GAGE_12,X,-206.563,-207.000,0.437,,,,
Circle,CIR_10_GAGE_12,Y,79.000,79.300,-0.300,,,,
Circle,CIR_10_GAGE_12,Z,61.780,61.870,-0.090,,,,
Pos. Tol.,POS_10,PTOL,1.076,0.000,1.076,0.000,3.000,,CIR_10_GAGE_12/NOMINAL - CS_ABC - C-Zone - XYZ - Nominal
Circle,CIR_22,X,-192.193,-192.954,0.761,,,,Criterion : Least Square (From 6 Pts On PL_PLAST_10) 
Circle,CIR_22,Y,68.893,69.915,-1.022,,,,
Circle,CIR_22,Z,75.910,76.469,-0.559,,,,
Pos. Tol.,POS_22,PTOL,2.782,0.000,2.782,0.000,3.000,,CIR_22/NOMINAL - CS_ABC - C-Zone - XYZ - Nominal
Circle,CIR_23,X,-191.539,-192.345,0.806,,,,Criterion : Least Square (From 6 Pts On PL_PLAST_10) 
Circle,CIR_23,Y,75.540,76.580,-1.040,,,,
Circle,CIR_23,Z,78.213,78.652,-0.439,,,,
Pos. Tol.,POS_23,PTOL,1.835,0.000,1.835,0.000,3.000,,CIR_23/NOMINAL - CS_ABC - C-Zone - XZ - Nominal
Circle,2D_CIR_22,DIAM,4.842,4.600,0.242,-0.150,0.150,0.092,
Circle,2D_CIR_22,X,22.583,22.500,0.083,,,,
Circle,2D_CIR_22,Y,0.000,0.000,0.000,,,,
Pos. Tol.,POS_2D_22,PTOL,0.166,0.000,0.166,0.000,0.500,,2D_CIR_22/NOMINAL - CS_10_22 - C-Zone - XY - Nominal
Circle,2D_CIR_23,DIAM,4.689,4.600,0.089,-0.150,0.150,,
Circle,2D_CIR_23,X,22.541,22.500,0.041,,,,
Circle,2D_CIR_23,Y,0.000,0.000,0.000,,,,
Pos. Tol.,POS_2D_23,PTOL,0.082,0.000,0.082,0.000,0.500,,2D_CIR_23/NOMINAL - CS_10_23 - C-Zone - XY - Nominal
Flatness,FLAT_F,FLTN,0.028,0.000,0.028,0.000,1.000,,PL_11_12
Circle,CIR_13_GAGE,DIAM,16.219,16.100,0.119,-0.200,0.200,,Criterion : Least Square (From 10 Pts On PL_13) 
Circle,CIR_13_GAGE,X,-71.829,-72.550,0.721,,,,
Circle,CIR_13_GAGE,Z,-1.470,-1.077,-0.393,,,,
Pos. Tol.,POS_13,PTOL,1.643,0.000,1.643,0.000,3.000,,CIR_13_GAGE/NOMINAL - CS_ABC - C-Zone - XZ - Nominal
Distance,PROF_13,Y,71.441,71.500,-0.059,-1.500,1.500,,2D_CIR_13 - PL_FIXTURE / CS_ABC
Circle,CIR_INSERT_11,X,-84.305,-85.228,0.923,,,,Criterion : Least Square (From 6 Pts On PL_INSERT_11) 
Circle,CIR_INSERT_11,Z,25.907,26.112,-0.204,,,,
Pos. Tol.,POS_11,PTOL,1.890,0.000,1.890,0.000,3.000,,CIR_INSERT_11/NOMINAL - CS_ABC - C-Zone - XZ - Nominal
Distance,PROF_11,Y,90.953,91.250,-0.297,-1.500,1.500,,CIR_INSERT_11 - ORIGIN / CS_ABC
Circle,CIR_INSERT_12,X,-59.658,-59.871,0.213,,,,Criterion : Least Square (From 6 Pts On PL_INSERT_12) 
Circle,CIR_INSERT_12,Z,-28.582,-28.266,-0.316,,,,
Pos. Tol.,POS_12,PTOL,0.761,0.000,0.761,0.000,3.000,,CIR_INSERT_12/NOMINAL - CS_ABC - C-Zone - XZ - Nominal
Distance,PROF_12,Y,91.173,91.250,-0.077,-1.500,1.500,,CIR_INSERT_12 - ORIGIN / CS_ABC
Circle,2D_CIR_INSERT_11,X,0.034,0.000,0.034,,,,
Circle,2D_CIR_INSERT_11,Z,30.014,30.000,0.014,,,,
Pos. Tol.,POS_2D_11,PTOL,0.073,0.000,0.073,0.000,0.700,,2D_CIR_INSERT_11/NOMINAL - CS_FG_BF - C-Zone - XZ - Nominal
Distance,INSERT HEIGHT 11,Y,0.105,0.000,0.105,0.000,0.500,,CIR_INSERT_11 - PL_PLAST_11 / CS_FG_BF
Circle,2D_CIR_INSERT_12,X,0.034,0.000,0.034,,,,
Circle,2D_CIR_INSERT_12,Z,-29.791,-30.000,0.209,,,,
Pos. Tol.,POS_2D_12,PTOL,0.424,0.000,0.424,0.000,0.700,,2D_CIR_INSERT_12/NOMINAL - CS_FG_BF - C-Zone - XZ - Nominal
Distance,INSERT HEIGHT 12,Y,0.174,-0.000,0.174,0.000,0.500,,CIR_INSERT_12 - PL_PLAST_12 / CS_FG_BF
Circle,CIR_14,DIAM,8.137,8.000,0.137,-0.200,0.200,,Criterion : Least Square (From 6 Pts On PL_PLAST_14) 
Circle,CIR_14,X,14.042,14.463,-0.421,,,,
Circle,CIR_14,Z,-350.739,-351.600,0.861,,,,
Pos. Tol.,POS_14,PTOL,1.916,0.000,1.916,0.000,3.000,,CIR_14/NOMINAL - CS_ABC - C-Zone - XZ - Nominal
Distance,PROF_14,Y,35.716,35.900,-0.184,-0.500,0.500,,CIR_14 - ORIGIN / CS_ABC
Circle,CIR_15,X,-105.452,-107.500,2.048,,,,Criterion : Least Square (From 6 Pts On PL_INS_15) 
Circle,CIR_15,Y,28.708,29.200,-0.492,,,,
Circle,CIR_15,Z,130.355,130.573,-0.218,,,,
Pos. Tol.,POS_15,PTOL,4.118,0.000,4.118,0.000,4.000,0.118,CIR_15/NOMINAL - CS_ABC - C-Zone - XZ - Nominal
Distance,PROF_15,Y,28.708,29.200,-0.492,,,,CIR_15 - ORIGIN / CS_ABC
Distance,INSERT HEIGHT 15,Z,0.302,0.000,0.302,0.000,0.500,,CIR_15 - PL_PLAST_15 / CS_TEMP_SRF_15
Circle,CIR_16,X,7.898,8.450,-0.552,,,,Criterion : Least Square (From 10 Pts On PL_PLAST_16) 
Circle,CIR_16,Z,-202.585,-202.782,0.197,,,,
Pos. Tol.,POS_16,PTOL,1.172,0.000,1.172,0.000,4.000,,CIR_16/NOMINAL - CS_ABC - C-Zone - XZ - Nominal
Circle,CIR_17,X,8.614,8.450,0.164,,,,Criterion : Least Square (From 8 Pts On PL_PLAST_17) 
Circle,CIR_17,Z,-96.850,-96.778,-0.073,,,,
Pos. Tol.,POS_17,PTOL,0.359,0.000,0.359,0.000,4.000,,CIR_17/NOMINAL - CS_ABC - C-Zone - XZ - Nominal
Distance,PROF_16,Y,72.605,72.800,-0.195,-1.500,1.500,,CIR_16 - ORIGIN / CS_ABC
Distance,PROF_17,Y,72.605,72.800,-0.195,-1.500,1.500,,CIR_17 - ORIGIN / CS_ABC
Circle,CIR_24,DIAM,7.986,8.000,-0.014,-0.200,0.200,,Criterion : Least Square (From 8 Pts On PL_PLAST_24) 
Circle,CIR_24,X,55.943,56.450,-0.507,,,,
Circle,CIR_24,Z,-161.900,-161.827,-0.073,,,,
Pos. Tol.,POS_24,PTOL,1.025,0.000,1.025,0.000,3.000,,CIR_24/NOMINAL - CS_ABC - C-Zone - XZ - Nominal
Distance,PROF_24,Y,55.590,55.800,-0.210,-1.500,1.500,,CIR_24 - ORIGIN / CS_ABC
Circle,CIR_25,DIAM,6.641,6.500,0.141,-0.200,0.200,,Criterion : Least Square (From 6 Pts On PL_PLAST_25) 
Circle,CIR_25,X,14.901,14.450,0.451,,,,
Circle,CIR_25,Z,-3.886,-3.576,-0.310,,,,
Pos. Tol.,POS_25,PTOL,1.093,0.000,1.093,0.000,3.000,,CIR_25/NOMINAL - CS_ABC - C-Zone - XZ - Nominal
Distance,PROF_25,Y,68.314,68.700,-0.386,-0.500,0.500,,CIR_25 - ORIGIN / CS_ABC_BF_SURFACE
Circle,CIR_26,DIAM,10.360,10.180,0.180,-0.200,0.200,,Criterion : Least Square (From 8 Pts On PL_PLAST_26) 
Circle,CIR_26,X,54.810,55.450,-0.640,,,,
Circle,CIR_26,Z,-206.633,-206.828,0.195,,,,
Pos. Tol.,POS_26,PTOL,1.339,0.000,1.339,0.000,3.000,,CIR_26/NOMINAL - CS_ABC - C-Zone - XZ - Nominal
Distance,PROF_26,Y,55.864,55.800,0.064,-1.500,1.500,,CIR_26 - ORIGIN / CS_ABC
Circle,CIR_30,DIAM,12.193,12.050,0.143,-0.080,0.080,0.063,Criterion : Least Square (From 12 Pts On PL_PLAST_30) 
Circle,CIR_30,X,-212.304,-211.066,-1.238,,,,
Circle,CIR_30,Z,-313.456,-314.163,0.707,,,,
Circle,2D_CIR_31,DIAM,4.033,4.000,0.033,-0.100,0.100,,
Circle,2D_CIR_31,X,-19.823,-21.000,1.177,,,,
Circle,2D_CIR_31,Z,-0.000,0.000,0.000,,,,
Circle,2D_CIR_32,DIAM,4.195,4.000,0.195,-0.100,0.100,0.095,
Circle,2D_CIR_32,X,-19.718,-21.000,1.282,,,,
Circle,2D_CIR_32,Z,0.000,0.000,0.000,,,,
