Feat. Type,Feat. Name,Value,Actual,Nominal,Dev.,Tol-,Tol+,Out of Tol.,Comment
Text/Value,VAR_PROGRAM,VAL,,,,,,,'N:\Metrolog XG\Programmes\I4 Moule 2\I4 Complete Moule 2 (Module 44).gm2'
Text/Value,VAR_EVENEMENT,VAL,,,,,,,'I4 VAlid FIP-06093'
Text/Value,VAR_COMMENTAIRES,VAL,,,,,,,'297C'
Text/Value,PROFILE_A,VAL,0.242539,0.000000,0.242539,0.000000,0.500000,,
Circle,CIR_B,DIAM,6.904,7.000,-0.096,-0.100,0.100,,Criterion : Least Square (From 10 Pts On PL_FIXTURE) 
Circle,CIR_B,X,-0.083,0.000,-0.083,,,,
Circle,CIR_B,Z,-0.018,0.000,-0.018,,,,
Circle,CIR_1,X,-40.203,-40.000,-0.203,,,,From 4 Pts On PL_FIXTURE
Circle,CIR_1,Z,-184.273,-184.000,-0.273,,,,
Circle,CIR_2,X,-32.851,-33.000,0.149,,,,From 4 Pts On PL_FIXTURE
Circle,CIR_2,Z,-0.096,-0.000,-0.096,,,,
Circle,CIR_3,X,-31.942,-32.000,0.058,,,,From 4 Pts On PL_FIXTURE
Circle,CIR_3,Z,189.511,189.500,0.011,,,,
Circle,CIR_4,X,-0.088,-0.000,-0.088,,,,From 4 Pts On PL_FIXTURE
Circle,CIR_4,Z,95.957,96.000,-0.043,,,,
Circle,CIR_5,X,-0.168,-0.000,-0.168,,,,From 4 Pts On PL_FIXTURE
Circle,CIR_5,Z,-96.169,-96.000,-0.169,,,,
Circle,CIR_6,X,-300.247,-300.100,-0.147,,,,From 4 Pts On PL_FIXTURE_6
Circle,CIR_6,Z,-53.795,-54.000,0.205,,,,
Distance,OP1_WIDTH_1,D1,2.810,2.930,-0.120,-0.150,0.150,,OP1_P2 - OP1_P4 / OP1_CS
Distance,OP1_WIDTH_2,D1,2.816,2.930,-0.114,-0.150,0.150,,OP1_P7 - OP1_P9 / OP1_CS
Distance,OP1_WIDTH_3,D1,2.961,2.930,0.031,-0.150,0.150,,OP1_P11 - OP1_P13 / OP1_CS
Distance,OP1_WIDTH_4,D1,2.934,2.930,0.004,-0.150,0.150,,OP1_P15 - OP1_P17 / OP1_CS
Distance,OP1_WIDTH_5,D1,2.767,2.930,-0.163,-0.180,0.150,,OP1_P19 - OP1_P21 / OP1_CS
Distance,OP1_WIDTH_6,D1,2.826,2.930,-0.104,-0.150,0.150,,OP1_P23 - OP1_P25 / OP1_CS
Distance,OP1_WIDTH_7,D1,2.746,2.930,-0.184,-0.150,0.150,-0.034,OP1_P28 - OP1_P30 / OP1_CS
Distance,OP1_WIDTH_8,D1,2.869,2.930,-0.061,-0.150,0.150,,OP1_P33 - OP1_P35 / OP1_CS
Distance,OP1_WIDTH_9,D1,2.861,2.930,-0.069,-0.150,0.150,,OP1_P38 - OP1_P40 / OP1_CS
Distance,OP1_WIDTH_10,D1,2.876,2.930,-0.054,-0.150,0.150,,OP1_P43 - OP1_P45 / OP1_CS
Distance,OP1_WIDTH_11,D1,2.747,2.930,-0.183,-0.180,0.150,-0.003,OP1_P48 - OP1_P50 / OP1_CS
Distance,OP1_DEPTH_1,Y,4.583,4.500,0.083,-0.250,0.250,,OP1_P3 - PL_FIXTURE / OP1_CS
Distance,OP1_DEPTH_2,Y,4.534,4.500,0.034,-0.250,0.250,,OP1_P8 - PL_FIXTURE / OP1_CS
Distance,OP1_DEPTH_3,Y,4.569,4.500,0.069,-0.250,0.250,,OP1_P12 - PL_FIXTURE / OP1_CS
Distance,OP1_DEPTH_4,Y,4.493,4.500,-0.007,-0.250,0.250,,OP1_P16 - PL_FIXTURE / OP1_CS
Distance,OP1_DEPTH_5,Y,4.555,4.500,0.055,-0.250,0.250,,OP1_P20 - PL_FIXTURE / OP1_CS
Distance,OP1_DEPTH_6,Y,4.580,4.500,0.080,-0.250,0.250,,OP1_P24 - PL_FIXTURE / OP1_CS
Distance,OP1_DEPTH_7,Y,4.469,4.500,-0.031,-0.250,0.250,,OP1_P29 - PL_FIXTURE / OP1_CS
Distance,OP1_DEPTH_8,Y,4.546,4.500,0.046,-0.250,0.250,,OP1_P34 - PL_FIXTURE / OP1_CS
Distance,OP1_DEPTH_9,Y,4.535,4.500,0.035,-0.250,0.250,,OP1_P39 - PL_FIXTURE / OP1_CS
Distance,OP1_DEPTH_10,Y,4.501,4.500,0.001,-0.250,0.250,,OP1_P44 - PL_FIXTURE / OP1_CS
Distance,OP1_DEPTH_11,Y,4.581,4.500,0.081,-0.250,0.250,,OP1_P49 - PL_FIXTURE / OP1_CS
Distance,OP2_WIDTH_1,D1,2.825,2.930,-0.105,-0.150,0.150,,OP2_P2 - OP2_P4 / OP2_CS
Distance,OP2_WIDTH_2,D1,2.890,2.930,-0.040,-0.180,0.150,,OP2_P7 - OP2_P9 / OP2_CS
Distance,OP2_WIDTH_3,D1,2.979,2.930,0.049,-0.150,0.150,,OP2_P11 - OP2_P13 / OP2_CS
Distance,OP2_WIDTH_4,D1,2.954,2.930,0.024,-0.150,0.150,,OP2_P15 - OP2_P17 / OP2_CS
Distance,OP2_WIDTH_5,D1,2.957,2.930,0.027,-0.150,0.150,,OP2_P19 - OP2_P21 / OP2_CS
Distance,OP2_WIDTH_6,D1,2.852,2.930,-0.078,-0.150,0.150,,OP2_P23 - OP2_P25 / OP2_CS
Distance,OP2_WIDTH_7,D1,2.815,2.930,-0.115,-0.150,0.150,,OP2_P28 - OP2_P30 / OP2_CS
Distance,OP2_WIDTH_8,D1,2.805,2.930,-0.125,-0.150,0.150,,OP2_P33 - OP2_P35 / OP2_CS
Distance,OP2_WIDTH_9,D1,2.796,2.930,-0.134,-0.150,0.150,,OP2_P38 - OP2_P40 / OP2_CS
Distance,OP2_WIDTH_10,D1,2.842,2.930,-0.088,-0.150,0.150,,OP2_P43 - OP2_P45 / OP2_CS
Distance,OP2_WIDTH_11,D1,2.872,2.930,-0.058,-0.150,0.150,,OP2_P48 - OP2_P50 / OP2_CS
Distance,OP2_DEPTH_1,Y,4.468,4.500,-0.032,-0.250,0.250,,OP2_P3 - PL_FIXTURE / OP2_CS
Distance,OP2_DEPTH_2,Y,4.434,4.500,-0.066,-0.250,0.250,,OP2_P8 - PL_FIXTURE / OP2_CS
Distance,OP2_DEPTH_3,Y,4.394,4.500,-0.106,-0.250,0.250,,OP2_P12 - PL_FIXTURE / OP2_CS
Distance,OP2_DEPTH_4,Y,4.369,4.500,-0.131,-0.250,0.250,,OP2_P16 - PL_FIXTURE / OP2_CS
Distance,OP2_DEPTH_5,Y,4.398,4.500,-0.102,-0.250,0.250,,OP2_P20 - PL_FIXTURE / OP2_CS
Distance,OP2_DEPTH_6,Y,4.366,4.500,-0.134,-0.250,0.250,,OP2_P24 - PL_FIXTURE / OP2_CS
Distance,OP2_DEPTH_7,Y,4.363,4.500,-0.137,-0.250,0.250,,OP2_P29 - PL_FIXTURE / OP2_CS
Distance,OP2_DEPTH_8,Y,4.422,4.500,-0.078,-0.250,0.250,,OP2_P34 - PL_FIXTURE / OP2_CS
Distance,OP2_DEPTH_9,Y,4.415,4.500,-0.085,-0.250,0.250,,OP2_P39 - PL_FIXTURE / OP2_CS
Distance,OP2_DEPTH_10,Y,4.445,4.500,-0.055,-0.250,0.250,,OP2_P44 - PL_FIXTURE / OP2_CS
Distance,OP2_DEPTH_11,Y,4.453,4.500,-0.047,-0.250,0.250,,OP2_P49 - PL_FIXTURE / OP2_CS
Distance,OP3_WIDTH_1,D1,2.871,2.930,-0.059,-0.150,0.150,,OP3_P2 - OP3_P4 / OP3_CS
Distance,OP3_WIDTH_2,D1,2.905,2.930,-0.025,-0.150,0.150,,OP3_P7 - OP3_P9 / OP3_CS
Distance,OP3_WIDTH_3,D1,3.046,2.930,0.116,-0.150,0.150,,OP3_P11 - OP3_P13 / OP3_CS
Distance,OP3_WIDTH_4,D1,3.041,2.930,0.111,-0.150,0.150,,OP3_P15 - OP3_P17 / OP3_CS
Distance,OP3_WIDTH_5,D1,2.859,2.930,-0.071,-0.150,0.150,,OP3_P19 - OP3_P21 / OP3_CS
Distance,OP3_WIDTH_6,D1,2.830,2.930,-0.100,-0.150,0.150,,OP3_P23 - OP3_P25 / OP3_CS
Distance,OP3_WIDTH_7,D1,2.765,2.930,-0.165,-0.150,0.150,-0.015,OP3_P28 - OP3_P30 / OP3_CS
Distance,OP3_WIDTH_8,D1,2.810,2.930,-0.120,-0.150,0.150,,OP3_P33 - OP3_P35 / OP3_CS
Distance,OP3_WIDTH_9,D1,2.807,2.930,-0.123,-0.150,0.150,,OP3_P38 - OP3_P40 / OP3_CS
Distance,OP3_WIDTH_10,D1,2.831,2.930,-0.099,-0.150,0.150,,OP3_P43 - OP3_P45 / OP3_CS
Distance,OP3_WIDTH_11,D1,2.858,2.930,-0.072,-0.150,0.150,,OP3_P48 - OP3_P50 / OP3_CS
Distance,OP3_DEPTH_1,Y,4.422,4.500,-0.078,-0.250,0.250,,OP3_P3 - PL_FIXTURE / OP3_CS
Distance,OP3_DEPTH_2,Y,4.420,4.500,-0.080,-0.250,0.250,,OP3_P8 - PL_FIXTURE / OP3_CS
Distance,OP3_DEPTH_3,Y,4.513,4.500,0.013,-0.250,0.250,,OP3_P12 - PL_FIXTURE / OP3_CS
Distance,OP3_DEPTH_4,Y,4.483,4.500,-0.017,-0.250,0.250,,OP3_P16 - PL_FIXTURE / OP3_CS
Distance,OP3_DEPTH_5,Y,4.443,4.500,-0.057,-0.250,0.250,,OP3_P20 - PL_FIXTURE / OP3_CS
Distance,OP3_DEPTH_6,Y,4.390,4.500,-0.110,-0.250,0.250,,OP3_P24 - PL_FIXTURE / OP3_CS
Distance,OP3_DEPTH_7,Y,4.413,4.500,-0.087,-0.250,0.250,,OP3_P29 - PL_FIXTURE / OP3_CS
Distance,OP3_DEPTH_8,Y,4.482,4.500,-0.018,-0.250,0.250,,OP3_P34 - PL_FIXTURE / OP3_CS
Distance,OP3_DEPTH_9,Y,4.535,4.500,0.035,-0.250,0.250,,OP3_P39 - PL_FIXTURE / OP3_CS
Distance,OP3_DEPTH_10,Y,4.601,4.500,0.101,-0.250,0.250,,OP3_P44 - PL_FIXTURE / OP3_CS
Distance,OP3_DEPTH_11,Y,4.576,4.500,0.076,-0.250,0.250,,OP3_P49 - PL_FIXTURE / OP3_CS
Distance,OP4_WIDTH_1,D1,2.776,2.930,-0.154,-0.150,0.150,-0.004,OP4_P2 - OP4_P4 / OP4_CS
Distance,OP4_WIDTH_2,D1,2.807,2.930,-0.123,-0.150,0.150,,OP4_P7 - OP4_P9 / OP4_CS
Distance,OP4_WIDTH_3,D1,2.997,2.930,0.067,-0.150,0.150,,OP4_P11 - OP4_P13 / OP4_CS
Distance,OP4_WIDTH_4,D1,2.985,2.930,0.055,-0.150,0.150,,OP4_P15 - OP4_P17 / OP4_CS
Distance,OP4_WIDTH_5,D1,2.787,2.930,-0.143,-0.150,0.150,,OP4_P19 - OP4_P21 / OP4_CS
Distance,OP4_WIDTH_6,D1,2.831,2.930,-0.099,-0.150,0.150,,OP4_P23 - OP4_P25 / OP4_CS
Distance,OP4_WIDTH_7,D1,2.748,2.930,-0.182,-0.150,0.150,-0.032,OP4_P28 - OP4_P30 / OP4_CS
Distance,OP4_WIDTH_8,D1,2.868,2.930,-0.062,-0.150,0.150,,OP4_P33 - OP4_P35 / OP4_CS
Distance,OP4_WIDTH_9,D1,2.799,2.930,-0.131,-0.150,0.150,,OP4_P38 - OP4_P40 / OP4_CS
Distance,OP4_WIDTH_10,D1,2.858,2.930,-0.072,-0.150,0.150,,OP4_P43 - OP4_P45 / OP4_CS
Distance,OP4_WIDTH_11,D1,2.771,2.930,-0.159,-0.150,0.150,-0.009,OP4_P48 - OP4_P50 / OP4_CS
Distance,OP4_DEPTH_1,Y,4.511,4.500,0.011,-0.250,0.250,,OP4_P3 - PL_FIXTURE / OP4_CS
Distance,OP4_DEPTH_2,Y,4.418,4.500,-0.082,-0.250,0.250,,OP4_P8 - PL_FIXTURE / OP4_CS
Distance,OP4_DEPTH_3,Y,4.406,4.500,-0.094,-0.250,0.250,,OP4_P12 - PL_FIXTURE / OP4_CS
Distance,OP4_DEPTH_4,Y,4.326,4.500,-0.174,-0.250,0.250,,OP4_P16 - PL_FIXTURE / OP4_CS
Distance,OP4_DEPTH_5,Y,4.348,4.500,-0.152,-0.250,0.250,,OP4_P20 - PL_FIXTURE / OP4_CS
Distance,OP4_DEPTH_6,Y,4.450,4.500,-0.050,-0.250,0.250,,OP4_P24 - PL_FIXTURE / OP4_CS
Distance,OP4_DEPTH_7,Y,4.475,4.500,-0.025,-0.250,0.250,,OP4_P29 - PL_FIXTURE / OP4_CS
Distance,OP4_DEPTH_8,Y,4.447,4.500,-0.053,-0.250,0.250,,OP4_P34 - PL_FIXTURE / OP4_CS
Distance,OP4_DEPTH_9,Y,4.501,4.500,0.001,-0.250,0.250,,OP4_P39 - PL_FIXTURE / OP4_CS
Distance,OP4_DEPTH_10,Y,4.492,4.500,-0.008,-0.250,0.250,,OP4_P44 - PL_FIXTURE / OP4_CS
Distance,OP4_DEPTH_11,Y,4.397,4.500,-0.103,-0.250,0.250,,OP4_P49 - PL_FIXTURE / OP4_CS
Circle,CIR_7,X,-102.041,-101.900,-0.141,,,,Inters. PL_PLAST_7 - CYL_7.
Circle,CIR_7,Y,12.930,13.400,-0.470,,,,
Circle,CIR_7,Z,233.643,233.000,0.643,,,,
Circle,CIR_8,DIAM,14.670,14.675,-0.005,-0.075,0.075,,Criterion : Least Square (From 10 Pts On PL_PLAST_8) 
Circle,CIR_8,X,-199.348,-199.900,0.552,,,,
Circle,CIR_8,Z,101.722,101.200,0.522,,,,
Circle,CIR_9_5.5MM,DIAM,19.989,20.000,-0.011,-0.050,0.050,,Criterion : Least Square (From 8 Pts On PL_PLAST_9) 
Circle,CIR_9_5.5MM,X,-111.123,-112.100,0.977,,,,
Circle,CIR_9_5.5MM,Y,144.618,144.900,-0.282,,,,
Circle,CIR_9_5.5MM,Z,201.827,201.500,0.327,,,,
Plane,PL_D,F.F.,0.270,,0.270,,,,Criterion : Least Square (From 13 Pts) 
Circle,CIR_10,DIAM,65.154,65.000,0.154,-0.500,0.500,,Criterion : Least Square (From 12 Pts On PL_D) 
Circle,CIR_10,X,-80.022,-80.500,0.478,,,,
Circle,CIR_10,Y,86.732,87.100,-0.368,,,,
Circle,CIR_10,Z,232.608,232.330,0.278,,,,
Circle,CIR_11,X,-96.395,-96.800,0.405,,,,Criterion : Least Square (From 6 Pts On PL_INS_11) 
Circle,CIR_11,Y,46.874,47.290,-0.416,,,,
Circle,CIR_11,Z,248.765,248.580,0.185,,,,
Circle,CIR_12,X,-107.917,-108.693,0.775,,,,Criterion : Least Square (From 6 Pts On PL_INS_12) 
Circle,CIR_12,Y,109.451,110.079,-0.628,,,,
Circle,CIR_12,Z,260.994,260.479,0.515,,,,
Circle,CIR_13,X,-63.722,-64.297,0.575,,,,Criterion : Least Square (From 6 Pts On PL_INS_13) 
Circle,CIR_13,Y,126.531,126.902,-0.371,,,,
Circle,CIR_13,Z,216.267,216.083,0.184,,,,
Circle,CIR_14,X,-52.171,-52.402,0.231,,,,Criterion : Least Square (From 6 Pts On PL_INS_14) 
Circle,CIR_14,Y,63.697,64.116,-0.419,,,,
Circle,CIR_14,Z,204.509,204.188,0.321,,,,
Circle,2D_CIR_11,Y,-32.540,-32.500,-0.040,,,,
Circle,2D_CIR_11,Z,32.540,32.500,0.040,,,,
Circle,2D_CIR_12,Y,32.253,32.500,-0.247,,,,
Circle,2D_CIR_12,Z,32.555,32.500,0.055,,,,
Circle,2D_CIR_13,Y,32.461,32.500,-0.039,,,,
Circle,2D_CIR_13,Z,-32.602,-32.500,-0.102,,,,
Circle,2D_CIR_14,Y,-32.497,-32.500,0.003,,,,
Circle,2D_CIR_14,Z,-32.247,-32.500,0.253,,,,
Distance,H11,X,-0.001,0.000,-0.001,0.000,0.500,-0.001,CIR_11 - PL_PLAST_11 / CS_DE_BF
Distance,H12,X,0.089,-0.000,0.089,0.000,0.500,,CIR_12 - PL_PLAST_12 / CS_DE_BF
Distance,H13,X,0.243,-0.000,0.243,0.000,0.500,,CIR_13 - PL_PLAST_13 / CS_DE_BF
Distance,H14,X,0.131,0.000,0.131,0.000,0.500,,CIR_14 - PL_PLAST_14 / CS_DE_BF
Distance,DP_11,X,-18.108,-17.377,-0.730,,,,PNT_BOTTOM_11 - PL_INS_11 / CS_11
Distance,DP_12,X,-18.944,-17.386,-1.558,,,,PNT_BOTTOM_12 - PL_INS_12 / CS_12
Distance,DP_13,X,-17.191,-17.763,0.572,,,,PNT_BOTTOM_13 - PL_INS_13 / CS_13
Distance,DP_14,X,-18.767,-17.530,-1.237,,,,PNT_BOTTOM_14 - PL_INS_14 / CS_14
Distance,WIDTH_TB.1,D1,3.055,3.000,0.055,-0.150,0.150,,0W2.25.1 - IW2.25.1 / CS_DE_BF_ROT_TOL
Distance,WIDTH_TB.2,D1,3.018,3.000,0.018,-0.150,0.150,,0W2.25.2 - IW2.25.2 / CS_DE_BF_ROT_TOL
Distance,WIDTH_TB.3,D1,3.067,3.000,0.067,-0.150,0.150,,0W2.25.3 - IW2.25.3 / CS_DE_BF_ROT_TOL
Distance,WIDTH_TB.4,D1,3.002,3.000,0.002,-0.150,0.150,,0W2.25.4 - IW2.25.4 / CS_DE_BF_ROT_TOL
Distance,WIDTH_TB.5,D1,3.096,3.000,0.096,-0.150,0.150,,0W2.25.5 - IW2.25.5 / CS_DE_BF_ROT_TOL
Distance,WIDTH_TB.6,D1,3.101,3.000,0.101,-0.150,0.150,,0W2.25.6 - IW2.25.6 / CS_DE_BF_ROT_TOL
Distance,WIDTH_TB.7,D1,3.133,3.000,0.133,-0.150,0.150,,0W2.25.7 - IW2.25.7 / CS_DE_BF_ROT_TOL
Distance,WIDTH_TB.8,D1,3.013,3.000,0.013,-0.150,0.150,,0W2.25.8 - IW2.25.8 / CS_DE_BF_ROT_TOL
Distance,DEPTH_TB.1,D1,4.516,4.500,0.016,-0.250,0.250,,TB_DP.1 - PL_D / CS_DE_BF_ROT_TOL
Distance,DEPTH_TB.2,D1,4.471,4.500,-0.029,-0.250,0.250,,TB_DP.2 - PL_D / CS_DE_BF_ROT_TOL
Distance,DEPTH_TB.3,D1,4.357,4.500,-0.143,-0.250,0.250,,TB_DP.3 - PL_D / CS_DE_BF_ROT_TOL
Distance,DEPTH_TB.4,D1,4.395,4.500,-0.105,-0.250,0.250,,TB_DP.4 - PL_D / CS_DE_BF_ROT_TOL
Distance,DEPTH_TB.5,D1,4.358,4.500,-0.142,-0.250,0.250,,TB_DP.5 - PL_D / CS_DE_BF_ROT_TOL
Distance,DEPTH_TB.6,D1,4.365,4.500,-0.135,-0.250,0.250,,TB_DP.6 - PL_D / CS_DE_BF_ROT_TOL
Distance,DEPTH_TB.7,D1,4.529,4.500,0.029,-0.250,0.250,,TB_DP.7 - PL_D / CS_DE_BF_ROT_TOL
Distance,DEPTH_TB.8,D1,4.560,4.500,0.060,-0.250,0.250,,TB_DP.8 - PL_D / CS_DE_BF_ROT_TOL
Circle,CIR_15,DIAM,18.071,18.000,0.071,-0.250,0.250,,Criterion : Least Square (From 8 Pts On PL_PLAST_15) 
Circle,CIR_15,Y,111.001,111.000,0.001,,,,
Circle,CIR_15,Z,-151.535,-150.500,-1.035,,,,
Circle,CIR_16,DIAM,18.190,18.000,0.190,-0.250,0.250,,Criterion : Least Square (From 8 Pts On PL_PLAST_16) 
Circle,CIR_16,Y,110.716,111.000,-0.284,,,,
Circle,CIR_16,Z,151.446,151.500,-0.054,,,,
Circle,CIR_17,DIAM,6.596,6.500,0.096,-0.200,0.200,,Criterion : Least Square (From 6 Pts On PL_PLAST_17) 
Circle,CIR_17,X,-112.338,-112.600,0.262,,,,
Circle,CIR_17,Z,151.499,151.500,-0.001,,,,
Circle,CIR_18,DIAM,5.097,5.000,0.097,-0.200,0.200,,Criterion : Least Square (From 6 Pts On PL_PLAST_18_19) 
Circle,CIR_18,X,-233.758,-234.500,0.742,,,,
Circle,CIR_18,Y,58.752,58.500,0.252,,,,
Circle,CIR_18,Z,38.240,38.100,0.140,,,,
Circle,CIR_19,DIAM,6.611,6.500,0.111,-0.200,0.200,,Criterion : Least Square (From 6 Pts On PL_PLAST_18_19) 
Circle,CIR_19,X,-233.996,-234.500,0.504,,,,
Circle,CIR_19,Y,71.267,71.000,0.267,,,,
Circle,CIR_19,Z,38.396,38.100,0.296,,,,
Circle,CIR_20,DIAM,6.452,6.500,-0.048,-0.200,0.200,,Criterion : Least Square (From 6 Pts On PL_PLAST_20) 
Circle,CIR_20,X,-158.490,-158.500,0.010,,,,
Circle,CIR_20,Z,-123.062,-123.900,0.838,,,,
Circle,CIR_21,DIAM,6.507,6.500,0.007,-0.200,0.200,,Criterion : Least Square (From 6 Pts On PL_PLAST_21_22) 
Circle,CIR_21,X,-251.753,-251.700,-0.053,,,,
Circle,CIR_21,Z,-38.702,-39.000,0.298,,,,
Circle,CIR_22,DIAM,4.929,5.000,-0.071,-0.200,0.200,,Criterion : Least Square (From 6 Pts On PL_PLAST_21_22) 
Circle,CIR_22,X,0.000,0.000,0.000,,,,
Circle,CIR_22,Z,-12.503,-12.500,-0.003,,,,
Circle,CIR_23,DIAM,6.502,6.500,0.002,-0.200,0.200,,Criterion : Least Square (From 6 Pts On PL_PLAST_23_24) 
Circle,CIR_23,X,-31.363,-31.600,0.237,,,,
Circle,CIR_23,Z,-90.756,-91.500,0.744,,,,
Circle,CIR_24,DIAM,5.032,5.000,0.032,-0.200,0.200,,Criterion : Least Square (From 6 Pts On PL_PLAST_23_24) 
Circle,CIR_24,X,12.752,12.500,0.252,,,,
Circle,CIR_24,Z,0.000,0.000,0.000,,,,
Circle,CIR_25,DIAM,6.566,6.500,0.066,-0.200,0.200,,Criterion : Least Square (From 6 Pts On PL_PLAST_25) 
Circle,CIR_25,Y,111.111,111.000,0.111,,,,
Circle,CIR_25,Z,-106.338,-105.500,-0.838,,,,
Circle,CIR_26,DIAM,6.489,6.500,-0.011,-0.200,0.200,,Criterion : Least Square (From 6 Pts On PL_PLAST_26) 
Circle,CIR_26,Y,97.853,98.000,-0.147,,,,
Circle,CIR_26,Z,194.261,194.500,-0.239,,,,
Pos. Tol.,POS_B,PTOL,0.171,0.000,0.171,0.000,0.300,,CIR_B/NOMINAL - CS_ABC_BF_SURFACE - C-Zone - XZ - Nominal
Distance,DIM_X_C,D1,184.748,184.993,-0.245,,,,PNT_C - ORIGIN / CS_ABC_BF_SURFACE
Distance,DIM_X_C,D2,,,,,,,
Distance,DIM_X_C,X,-0.093,0.000,-0.093,-0.150,0.150,,
Distance,DIM_X_C,Y,0.000,-0.000,0.000,,,,
Distance,DIM_X_C,Z,184.748,184.993,-0.245,,,,
Distance,DIM_Z_C,D1,184.748,184.993,-0.245,,,,PNT_C - ORIGIN / CS_ABC_BF_SURFACE
Distance,DIM_Z_C,D2,,,,,,,
Distance,DIM_Z_C,X,-0.093,0.000,-0.093,,,,
Distance,DIM_Z_C,Y,0.000,-0.000,0.000,,,,
Distance,DIM_Z_C,Z,184.748,185.000,-0.252,-0.350,0.350,,
Pos. Tol.,POS_1,PTOL,0.680,0.000,0.680,0.000,1.000,,CIR_1/NOMINAL - CS_ABC_BF_SURFACE - C-Zone - XZ - Nominal
Pos. Tol.,POS_2,PTOL,0.355,0.000,0.355,0.000,1.000,,CIR_2/NOMINAL - CS_ABC_BF_SURFACE - C-Zone - XZ - Nominal
Pos. Tol.,POS_3,PTOL,0.118,0.000,0.118,0.000,1.000,,CIR_3/NOMINAL - CS_ABC_BF_SURFACE - C-Zone - XZ - Nominal
Pos. Tol.,POS_4,PTOL,0.196,0.000,0.196,0.000,1.000,,CIR_4/NOMINAL - CS_ABC_BF_SURFACE - C-Zone - XZ - Nominal
Pos. Tol.,POS_5,PTOL,0.477,0.000,0.477,0.000,1.000,,CIR_5/NOMINAL - CS_ABC_BF_SURFACE - C-Zone - XZ - Nominal
Pos. Tol.,POS_6,PTOL,0.504,0.000,0.504,0.000,1.000,,CIR_6/NOMINAL - CS_ABC_BF_SURFACE - C-Zone - XZ - Nominal
Pos. Tol.,POS_7,PTOL,1.618,0.000,1.618,0.000,3.000,,CIR_7/NOMINAL - CS_ABC_BF_SURFACE - C-Zone - XYZ - Nominal
Pos. Tol.,POS_8,PTOL,1.518,0.000,1.518,0.000,3.000,,CIR_8/NOMINAL - CS_ABC_BF_SURFACE - C-Zone - XZ - Nominal
Pos. Tol.,POS_9,PTOL,2.137,0.000,2.137,0.000,3.000,,CIR_9_5.5MM/NOMINAL - CS_ABC_BF_SURFACE - C-Zone - XYZ - Nominal
Pos. Tol.,POS_10,PTOL,1.328,0.000,1.328,0.000,4.000,,CIR_10/NOMINAL - CS_ABC_BF_SURFACE - C-Zone - XYZ - Nominal
Pos. Tol.,POS_11,PTOL,1.218,0.000,1.218,0.000,4.000,,CIR_11/NOMINAL - CS_ABC_BF_SURFACE - C-Zone - XYZ - Nominal
Pos. Tol.,POS_12,PTOL,2.246,0.000,2.246,0.000,4.000,,CIR_12/NOMINAL - CS_ABC_BF_SURFACE - C-Zone - XYZ - Nominal
Pos. Tol.,POS_13,PTOL,1.418,0.000,1.418,0.000,4.000,,CIR_13/NOMINAL - CS_ABC_BF_SURFACE - C-Zone - XYZ - Nominal
Pos. Tol.,POS_14,PTOL,1.151,0.000,1.151,0.000,4.000,,CIR_14/NOMINAL - CS_ABC_BF_SURFACE - C-Zone - XYZ - Nominal
Pos. Tol.,POS_2D_11,PTOL,0.114,0.000,0.114,0.000,0.650,,2D_CIR_11/NOMINAL - CS_DE_BF - C-Zone - YZ - Nominal
Pos. Tol.,POS_2D_12,PTOL,0.507,0.000,0.507,0.000,0.650,,2D_CIR_12/NOMINAL - CS_DE_BF - C-Zone - YZ - Nominal
Pos. Tol.,POS_2D_13,PTOL,0.219,0.000,0.219,0.000,0.650,,2D_CIR_13/NOMINAL - CS_DE_BF - C-Zone - YZ - Nominal
Pos. Tol.,POS_2D_14,PTOL,0.507,0.000,0.507,0.000,0.650,,2D_CIR_14/NOMINAL - CS_DE_BF - C-Zone - YZ - Nominal
Pos. Tol.,POS_15,PTOL,2.071,0.000,2.071,0.000,4.000,,CIR_15/NOMINAL - CS_ABC_BF_SURFACE - C-Zone - YZ - Nominal
Pos. Tol.,POS_16,PTOL,0.578,0.000,0.578,0.000,4.000,,CIR_16/NOMINAL - CS_ABC_BF_SURFACE - C-Zone - YZ - Nominal
Pos. Tol.,POS_17,PTOL,0.523,0.000,0.523,0.000,3.000,,CIR_17/NOMINAL - CS_ABC_BF_SURFACE - C-Zone - XZ - Nominal
Pos. Tol.,POS_18,PTOL,1.591,0.000,1.591,0.000,3.000,,CIR_18/NOMINAL - CS_ABC_BF_SURFACE - C-Zone - XYZ - Nominal
Pos. Tol.,POS_19,PTOL,1.286,0.000,1.286,0.000,3.000,,CIR_19/NOMINAL - CS_ABC_BF_SURFACE - C-Zone - XYZ - Nominal
Pos. Tol.,POS_20,PTOL,1.676,0.000,1.676,0.000,3.000,,CIR_20/NOMINAL - CS_ABC_BF_SURFACE - C-Zone - XZ - Nominal
Pos. Tol.,POS_21,PTOL,0.605,0.000,0.605,0.000,3.000,,CIR_21/NOMINAL - CS_ABC_BF_SURFACE - C-Zone - XZ - Nominal
Pos. Tol.,POS_22,PTOL,0.007,0.000,0.007,0.000,3.000,,CIR_22/NOMINAL - CS_21_22 - C-Zone - XZ - Nominal
Pos. Tol.,POS_23,PTOL,1.562,0.000,1.562,0.000,3.000,,CIR_23/NOMINAL - CS_ABC_BF_SURFACE - C-Zone - XZ - Nominal
Pos. Tol.,POS_24,PTOL,0.504,0.000,0.504,0.000,3.000,,CIR_24/NOMINAL - CS_23_24 - C-Zone - XZ - Nominal
Pos. Tol.,POS_25,PTOL,1.690,0.000,1.690,0.000,3.000,,CIR_25/NOMINAL - CS_ABC_BF_SURFACE - C-Zone - YZ - Nominal
Pos. Tol.,POS_26,PTOL,0.818,0.000,0.818,0.000,3.000,,CIR_26/NOMINAL - CS_ABC_BF_SURFACE - C-Zone - XZ - Nominal
Distance,PROF_15,X,62.493,62.200,0.293,-2.000,2.000,,CIR_15 - ORIGIN / CS_ABC_BF_SURFACE
Distance,PROF_16,X,62.636,62.190,0.446,-2.000,2.000,,CIR_16 - ORIGIN / CS_ABC_BF_SURFACE
Distance,PROF_17,Y,155.306,156.000,-0.694,-1.500,1.500,,CIR_17 - ORIGIN / CS_ABC_BF_SURFACE
Distance,PROF_20,Y,138.326,139.000,-0.674,-1.500,1.500,,CIR_20 - ORIGIN / CS_ABC_BF_SURFACE
Distance,PROF_21,Y,128.719,129.000,-0.281,-1.500,1.500,,CIR_21 - ORIGIN / CS_ABC_BF_SURFACE
Distance,PROF_22,Y,128.760,128.432,0.328,-1.500,1.500,,CIR_22 - ORIGIN / CS_ABC_BF_SURFACE
Distance,PROF_23,Y,177.096,177.500,-0.404,-1.500,1.500,,CIR_23 - ORIGIN / CS_ABC_BF_SURFACE
Distance,PROF_24,Y,177.082,177.622,-0.540,-1.500,1.500,,CIR_24 - ORIGIN / CS_ABC_BF_SURFACE
Distance,PROF_25,X,49.398,49.400,-0.002,-1.500,1.500,,CIR_25 - ORIGIN / CS_ABC_BF_SURFACE
Distance,PROF_26,Y,97.853,98.000,-0.147,-1.500,1.500,,CIR_26 - ORIGIN / CS_ABC_BF_SURFACE
Angle,ANG_SPIN_WELD,ZoX,-0.657,0.000,-0.657,-1.000,1.000,,CYL_7 - Z-AXIS / CS_ABC_BF_SURFACE
Profile of Line,OP1_PROF_INSIDE_PORT,PRFL,1.058,0.000,1.058,0.000,1.000,0.058,OP1_SRF_IN_PORT
Profile of Line,OP2_PROF_INSIDE_PORT,PRFL,0.763,0.000,0.763,0.000,1.000,,OP2_SRF_IN_PORT
Profile of Line,OP3_PROF_INSIDE_PORT,PRFL,1.619,0.000,1.619,0.000,1.000,0.619,OP3_SRF_IN_PORT
Profile of Line,OP4_PROF_INSIDE_PORT,PRFL,1.468,0.000,1.468,0.000,1.000,0.468,OP4_SRF_IN_PORT
Distance,WIDTH_C,D1,7.139,7.000,0.139,0.000,0.200,,SRF_PT_C_LH - SRF_PT_C_RH / CS_ABC_BF_SURFACE
