Feat. Type,Feat. Name,Value,Actual,Nominal,Dev.,Tol-,Tol+,Out of Tol.,Comment
Text/Value,VAR_PROGRAM,VAL,,,,,,,'N:\Metrolog XG\Programmes\D-35\D-35 Moule 2 Complete with TMAP (Module 44).gm2'
Text/Value,VAR_EVENEMENT,VAL,,,,,,,'Valid_Apr�s 1 heure_FIP-05631+FIP-06096'
Text/Value,VAR_COMMENTAIRES,VAL,,,,,,,'305A.'
Circle,CIR_DATUM_B,DIAM,8.031,8.000,0.031,-0.100,0.100,,Criterion : Least Square (From 10 Pts On PL_FIXTURE) 
Circle,CIR_DATUM_B,X,0.000,0.000,0.000,,,,
Circle,CIR_DATUM_B,Z,0.000,0.000,0.000,,,,
Pos. Tol.,POS_B,PTOL,0.000,0.000,0.000,0.069,0.369,,CIR_DATUM_B(M)/NOMINAL - CS_ABC - C-Zone - XZ - Nominal
Distance,DIST_X_Z_DATUM_C,X,-4.462,-4.500,0.038,-0.150,0.150,,PNT_DATUM_C - ORIGIN / CS_ABC
Distance,DIST_X_Z_DATUM_C,Z,351.553,351.600,-0.047,-0.400,0.400,,
Distance,WIDTH_C,D1,7.852,7.850,0.002,-0.050,0.050,,SRF_C_RH - SRF_C_LH / CS_ABC
Circle,CIR1,DIAM,12.145,12.075,0.070,-0.175,0.175,,From 4 Pts On PL_FIXTURE
Circle,CIR1,X,-54.571,-54.500,-0.071,,,,
Circle,CIR1,Z,346.659,346.600,0.059,,,,
Pos. Tol.,POS_1,PTOL,0.184,0.000,0.184,0.245,1.245,,CIR1(M)/NOMINAL - CS_ABC - C-Zone - XZ - Nominal
Circle,CIR2,DIAM,12.046,12.075,-0.029,-0.175,0.175,,From 4 Pts On PL_FIXTURE
Circle,CIR2,X,16.215,16.500,-0.285,,,,
Circle,CIR2,Z,351.562,351.600,-0.038,,,,
Pos. Tol.,POS_2,PTOL,0.574,0.000,0.574,0.146,1.146,,CIR2(M)/NOMINAL - CS_ABC - C-Zone - XZ - Nominal
Circle,CIR4,DIAM,12.078,12.075,0.003,-0.175,0.175,,From 4 Pts On PL_FIXTURE
Circle,CIR4,X,16.130,16.500,-0.370,,,,
Circle,CIR4,Z,0.724,1.100,-0.376,,,,
Pos. Tol.,POS_4,PTOL,1.054,0.000,1.054,0.178,1.178,,CIR4(M)/NOMINAL - CS_ABC - C-Zone - XZ - Nominal
Circle,CIR5,DIAM,11.912,12.075,-0.163,-0.175,0.175,,From 4 Pts On PL_FIXTURE
Circle,CIR5,X,-54.515,-54.500,-0.015,,,,
Circle,CIR5,Z,27.056,27.100,-0.044,,,,
Pos. Tol.,POS_5,PTOL,0.092,0.000,0.092,0.012,1.012,,CIR5(M)/NOMINAL - CS_ABC - C-Zone - XZ - Nominal
Circle,CIR6,DIAM,12.170,12.075,0.095,-0.175,0.175,,From 4 Pts On PL_FIXTURE
Circle,CIR6,X,-54.298,-54.500,0.202,,,,
Circle,CIR6,Z,134.488,134.600,-0.112,,,,
Pos. Tol.,POS_6,PTOL,0.463,0.000,0.463,0.270,1.270,,CIR6(M)/NOMINAL - CS_ABC - C-Zone - XZ - Nominal
Circle,CIR7,DIAM,12.122,12.075,0.047,-0.175,0.175,,From 4 Pts On PL_FIXTURE
Circle,CIR7,X,-54.244,-54.500,0.256,,,,
Circle,CIR7,Z,240.549,240.600,-0.050,,,,
Pos. Tol.,POS_7,PTOL,0.522,0.000,0.522,0.222,1.222,,CIR7(M)/NOMINAL - CS_ABC - C-Zone - XZ - Nominal
Profile of Line,PROF_OP1,PRFL,0.793,0.000,0.793,0.000,1.500,,SCT_OP1
Profile of Line,PROF_OP2,PRFL,0.911,0.000,0.911,0.000,1.500,,SCT_OP2
Profile of Line,PROF_OP3,PRFL,0.825,0.000,0.825,0.000,1.500,,SCT_OP3
Profile of Line,PROF_OP4,PRFL,0.449,0.000,0.449,0.000,1.500,,SCT_OP4
Profile of Line,PROF_OP5,PRFL,0.172,0.000,0.172,0.000,1.500,,SCT_OP5
Profile of Line,PROF_OP6,PRFL,0.843,0.000,0.843,0.000,1.500,,SCT_OP6
Distance,WIDTH_OP1.1,D1,4.050,4.000,0.050,-0.200,0.200,,SRF_OP1_IW1 - SRF_OP1_OW1 / CS_ABC
Distance,WIDTH_OP1.2,D1,3.923,4.000,-0.077,-0.200,0.200,,SRF_OP1_IW2 - SRF_OP1_OW2 / CS_ABC
Distance,WIDTH_OP1.3,D1,4.054,4.000,0.054,-0.200,0.200,,SRF_OP1_IW3 - SRF_OP1_OW3 / CS_ABC
Distance,WIDTH_OP1.4,D1,4.096,4.000,0.096,-0.200,0.200,,SRF_OP1_IW4 - SRF_OP1_OW4 / CS_ABC
Distance,WIDTH_OP1.5,D1,3.984,4.000,-0.016,-0.200,0.200,,SRF_OP1_IW5 - SRF_OP1_OW5 / CS_ABC
Distance,WIDTH_OP1.6,D1,4.019,4.000,0.019,-0.200,0.200,,SRF_OP1_IW6 - SRF_OP1_OW6 / CS_ABC
Distance,WIDTH_OP1.7,D1,3.902,4.000,-0.098,-0.200,0.200,,SRF_OP1_IW7 - SRF_OP1_OW7 / CS_ABC
Distance,WIDTH_OP2.1,D1,3.964,4.000,-0.036,-0.200,0.200,,SRF_OP2_IW1 - SRF_OP2_OW1 / CS_ABC
Distance,WIDTH_OP2.2,D1,4.136,4.000,0.136,-0.200,0.200,,SRF_OP2_IW2 - SRF_OP2_OW2 / CS_ABC
Distance,WIDTH_OP2.3,D1,4.056,4.000,0.056,-0.200,0.200,,SRF_OP2_IW3 - SRF_OP2_OW3 / CS_ABC
Distance,WIDTH_OP2.4,D1,4.040,4.000,0.040,-0.200,0.200,,SRF_OP2_IW4 - SRF_OP2_OW4 / CS_ABC
Distance,WIDTH_OP2.5,D1,4.112,4.000,0.112,-0.200,0.200,,SRF_OP2_IW5 - SRF_OP2_OW5 / CS_ABC
Distance,WIDTH_OP2.6,D1,3.854,4.000,-0.146,-0.200,0.200,,SRF_OP2_IW6 - SRF_OP2_OW6 / CS_ABC
Distance,WIDTH_OP2.7,D1,3.920,4.000,-0.080,-0.200,0.200,,SRF_OP2_IW7 - SRF_OP2_OW7 / CS_ABC
Distance,WIDTH_OP3.1,D1,3.933,4.000,-0.067,-0.200,0.200,,SRF_OP3_IW1 - SRF_OP3_OW1 / CS_ABC
Distance,WIDTH_OP3.2,D1,4.007,4.000,0.007,-0.200,0.200,,SRF_OP3_IW2 - SRF_OP3_OW2 / CS_ABC
Distance,WIDTH_OP3.3,D1,4.068,4.000,0.068,-0.200,0.200,,SRF_OP3_IW3 - SRF_OP3_OW3 / CS_ABC
Distance,WIDTH_OP3.4,D1,4.092,4.000,0.092,-0.200,0.200,,SRF_OP3_IW4 - SRF_OP3_OW4 / CS_ABC
Distance,WIDTH_OP4.1,D1,4.055,4.000,0.055,-0.200,0.200,,SRF_OP4_IW1 - SRF_OP4_OW1 / CS_ABC
Distance,WIDTH_OP4.2,D1,4.152,4.000,0.152,-0.200,0.200,,SRF_OP4_IW2 - SRF_OP4_OW2 / CS_ABC
Distance,WIDTH_OP4.3,D1,4.118,4.000,0.118,-0.200,0.200,,SRF_OP4_IW3 - SRF_OP4_OW3 / CS_ABC
Distance,WIDTH_OP4.4,D1,4.105,4.000,0.105,-0.200,0.200,,SRF_OP4_IW4 - SRF_OP4_OW4 / CS_ABC
Distance,WIDTH_OP4.5,D1,3.983,4.000,-0.017,-0.200,0.200,,SRF_OP4_IW5 - SRF_OP4_OW5 / CS_ABC
Distance,WIDTH_OP4.6,D1,4.012,4.000,0.012,-0.200,0.200,,SRF_OP4_IW6 - SRF_OP4_OW6 / CS_ABC
Distance,WIDTH_OP4.7,D1,3.937,4.000,-0.063,-0.200,0.200,,SRF_OP4_IW7 - SRF_OP4_OW7 / CS_ABC
Distance,WIDTH_OP5.1,D1,3.928,4.000,-0.072,-0.200,0.200,,SRF_OP5_IW1 - SRF_OP5_OW1 / CS_ABC
Distance,WIDTH_OP5.2,D1,3.919,4.000,-0.081,-0.200,0.200,,SRF_OP5_IW2 - SRF_OP5_OW2 / CS_ABC
Distance,WIDTH_OP5.3,D1,3.945,4.000,-0.055,-0.200,0.200,,SRF_OP5_IW3 - SRF_OP5_OW3 / CS_ABC
Distance,WIDTH_OP5.4,D1,4.109,4.000,0.109,-0.200,0.200,,SRF_OP5_IW4 - SRF_OP5_OW4 / CS_ABC
Distance,WIDTH_OP5.5,D1,4.060,4.000,0.060,-0.200,0.200,,SRF_OP5_IW5 - SRF_OP5_OW5 / CS_ABC
Distance,WIDTH_OP6.1,D1,3.936,4.000,-0.064,-0.200,0.200,,SRF_OP6_IW1 - SRF_OP6_OW1 / CS_ABC
Distance,WIDTH_OP6.2,D1,4.025,4.000,0.025,-0.200,0.200,,SRF_OP6_IW2 - SRF_OP6_OW2 / CS_ABC
Distance,WIDTH_OP6.3,D1,4.068,4.000,0.068,-0.200,0.200,,SRF_OP6_IW3 - SRF_OP6_OW3 / CS_ABC
Distance,WIDTH_OP6.4,D1,4.088,4.000,0.088,-0.200,0.200,,SRF_OP6_IW4 - SRF_OP6_OW4 / CS_ABC
Distance,WIDTH_OP6.5,D1,4.015,4.000,0.015,-0.200,0.200,,SRF_OP6_IW5 - SRF_OP6_OW5 / CS_ABC
Distance,WIDTH_OP6.6,D1,4.191,4.000,0.191,-0.200,0.200,,SRF_OP6_IW6 - SRF_OP6_OW6 / CS_ABC
Distance,WIDTH_OP6.7,D1,4.131,4.000,0.131,-0.300,0.300,,SRF_OP6_IW7 - SRF_OP6_OW7 / CS_TEMP_CIR
Distance,DP_OP1.1,Y,6.182,6.000,0.182,-0.350,0.350,,SRF_OP1_DP1 - PL_FIXTURE / CS_PORTS_BF
Distance,DP_OP1.2,Y,6.069,6.000,0.069,-0.350,0.350,,SRF_OP1_DP2 - PL_FIXTURE / CS_PORTS_BF
Distance,DP_OP1.3,Y,6.033,6.000,0.033,-0.350,0.350,,SRF_OP1_DP3 - PL_FIXTURE / CS_PORTS_BF
Distance,DP_OP1.4,Y,6.065,6.000,0.065,-0.350,0.350,,SRF_OP1_DP4 - PL_FIXTURE / CS_PORTS_BF
Distance,DP_OP1.5,Y,6.330,6.000,0.330,-0.350,0.350,,SRF_OP1_DP5 - PL_FIXTURE / CS_PORTS_BF
Distance,DP_OP1.6,Y,6.439,6.000,0.439,-0.350,0.350,0.089,SRF_OP1_DP6 - PL_FIXTURE / CS_PORTS_BF
Distance,DP_OP1.7,Y,6.371,6.000,0.371,-0.350,0.350,0.021,SRF_OP1_DP7 - PL_FIXTURE / CS_PORTS_BF
Distance,DP_OP2.1,Y,6.202,6.000,0.202,-0.350,0.350,,SRF_OP2_DP1 - PL_FIXTURE / CS_PORTS_BF
Distance,DP_OP2.2,Y,6.025,6.000,0.025,-0.350,0.350,,SRF_OP2_DP2 - PL_FIXTURE / CS_PORTS_BF
Distance,DP_OP2.3,Y,5.991,6.000,-0.009,-0.350,0.350,,SRF_OP2_DP3 - PL_FIXTURE / CS_PORTS_BF
Distance,DP_OP2.4,Y,6.092,6.000,0.092,-0.350,0.350,,SRF_OP2_DP4 - PL_FIXTURE / CS_PORTS_BF
Distance,DP_OP2.5,Y,6.070,6.000,0.070,-0.350,0.350,,SRF_OP2_DP5 - PL_FIXTURE / CS_PORTS_BF
Distance,DP_OP2.6,Y,6.361,6.000,0.361,-0.350,0.350,0.011,SRF_OP2_DP6 - PL_FIXTURE / CS_PORTS_BF
Distance,DP_OP2.7,Y,6.659,6.000,0.659,-0.350,0.350,0.309,SRF_OP2_DP7 - PL_FIXTURE / CS_PORTS_BF
Distance,DP_OP3.1,Y,6.103,6.000,0.103,-0.350,0.350,,SRF_OP3_DP1 - PL_FIXTURE / CS_PORTS_BF
Distance,DP_OP3.2,Y,6.106,6.000,0.106,-0.350,0.350,,SRF_OP3_DP2 - PL_FIXTURE / CS_PORTS_BF
Distance,DP_OP3.3,Y,6.039,6.000,0.039,-0.350,0.350,,SRF_OP3_DP3 - PL_FIXTURE / CS_PORTS_BF
Distance,DP_OP3.4,Y,6.140,6.000,0.140,-0.350,0.350,,SRF_OP3_DP4 - PL_FIXTURE / CS_PORTS_BF
Distance,DP_OP4.1,Y,6.162,6.000,0.162,-0.350,0.350,,SRF_OP4_DP1 - PL_FIXTURE / CS_PORTS_BF
Distance,DP_OP4.2,Y,6.182,6.000,0.182,-0.350,0.350,,SRF_OP4_DP2 - PL_FIXTURE / CS_PORTS_BF
Distance,DP_OP4.3,Y,6.152,6.000,0.152,-0.350,0.350,,SRF_OP4_DP3 - PL_FIXTURE / CS_PORTS_BF
Distance,DP_OP4.4,Y,6.122,6.000,0.122,-0.350,0.350,,SRF_OP4_DP4 - PL_FIXTURE / CS_PORTS_BF
Distance,DP_OP4.5,Y,5.917,6.000,-0.083,-0.350,0.350,,SRF_OP4_DP5 - PL_FIXTURE / CS_PORTS_BF
Distance,DP_OP4.6,Y,5.967,6.000,-0.033,-0.350,0.350,,SRF_OP4_DP6 - PL_FIXTURE / CS_PORTS_BF
Distance,DP_OP4.7,Y,6.071,6.000,0.071,-0.350,0.350,,SRF_OP4_DP7 - PL_FIXTURE / CS_PORTS_BF
Distance,DP_OP5.1,Y,6.068,6.000,0.068,-0.350,0.350,,SRF_OP5_DP1 - PL_FIXTURE / CS_PORTS_BF
Distance,DP_OP5.2,Y,6.115,6.000,0.115,-0.350,0.350,,SRF_OP5_DP2 - PL_FIXTURE / CS_PORTS_BF
Distance,DP_OP5.3,Y,5.960,6.000,-0.040,-0.350,0.350,,SRF_OP5_DP3 - PL_FIXTURE / CS_PORTS_BF
Distance,DP_OP5.4,Y,5.975,6.000,-0.025,-0.350,0.350,,SRF_OP5_DP4 - PL_FIXTURE / CS_PORTS_BF
Distance,DP_OP5.5,Y,5.955,6.000,-0.045,-0.350,0.350,,SRF_OP5_DP5 - PL_FIXTURE / CS_PORTS_BF
Distance,DP_OP6.1,Y,6.052,6.000,0.052,-0.350,0.350,,SRF_OP6_DP1 - PL_FIXTURE / CS_PORTS_BF
Distance,DP_OP6.2,Y,6.076,6.000,0.076,-0.350,0.350,,SRF_OP6_DP2 - PL_FIXTURE / CS_PORTS_BF
Distance,DP_OP6.3,Y,6.110,6.000,0.110,-0.350,0.350,,SRF_OP6_DP3 - PL_FIXTURE / CS_PORTS_BF
Distance,DP_OP6.4,Y,6.048,6.000,0.048,-0.350,0.350,,SRF_OP6_DP4 - PL_FIXTURE / CS_PORTS_BF
Distance,DP_OP6.5,Y,6.072,6.000,0.072,-0.350,0.350,,SRF_OP6_DP5 - PL_FIXTURE / CS_PORTS_BF
Distance,DP_OP6.6,Y,6.049,6.000,0.049,-0.350,0.350,,SRF_OP6_DP6 - PL_FIXTURE / CS_PORTS_BF
Distance,DP_OP6.7,Y,5.983,6.000,-0.017,-0.350,0.350,,SRF_OP6_DP7 - PL_FIXTURE / CS_PORTS_BF
Circle,CIR_8,DIAM,75.853,75.600,0.253,-0.500,0.500,,Criterion : Least Square (From 8 Pts On PL_D) 
Circle,CIR_8,X,122.411,122.900,-0.489,,,,
Circle,CIR_8,Y,56.383,58.000,-1.617,,,,
Circle,CIR_8,Z,462.057,463.400,-1.343,,,,
Pos. Tol.,POS_8,PTOL,4.315,0.000,4.315,0.000,6.000,,CIR_8/NOMINAL - CS_ABC - C-Zone - XYZ - Nominal
Circle,CIR_18,X,124.532,125.206,-0.673,,,,Criterion : Least Square (From 6 Pts On PL_INS_18) 
Circle,CIR_18,Y,88.600,90.408,-1.809,,,,
Circle,CIR_18,Z,502.198,503.440,-1.242,,,,
Pos. Tol.,POS_18,PTOL,4.590,0.000,4.590,0.000,6.000,,CIR_18/NOMINAL - CS_ABC - C-Zone - XYZ - Nominal
Circle,CIR_19,X,118.944,120.671,-1.728,,,,Criterion : Least Square (From 6 Pts On PL_INS_19) 
Circle,CIR_19,Y,23.695,25.567,-1.872,,,,
Circle,CIR_19,Z,501.669,503.440,-1.771,,,,
Pos. Tol.,POS_19,PTOL,6.205,0.000,6.205,0.000,6.000,0.205,CIR_19/NOMINAL - CS_ABC - C-Zone - XYZ - Nominal
Circle,CIR_20,X,120.354,120.671,-0.318,,,,Criterion : Least Square (From 6 Pts On PL_INS_20) 
Circle,CIR_20,Y,24.498,25.564,-1.066,,,,
Circle,CIR_20,Z,421.917,423.439,-1.522,,,,
Pos. Tol.,POS_20,PTOL,3.770,0.000,3.770,0.000,6.000,,CIR_20/NOMINAL - CS_ABC - C-Zone - XYZ - Nominal
Circle,CIR_21,X,125.948,125.206,0.742,,,,Criterion : Least Square (From 6 Pts On PL_INS_21) 
Circle,CIR_21,Y,89.241,90.408,-1.167,,,,
Circle,CIR_21,Z,422.436,423.440,-1.004,,,,
Pos. Tol.,POS_21,PTOL,3.419,0.000,3.419,0.000,6.000,,CIR_21/NOMINAL - CS_ABC - C-Zone - XYZ - Nominal
Circle,2D_CIR_18,Y,32.559,32.500,0.059,,,,
Circle,2D_CIR_18,Z,39.839,40.000,-0.161,,,,
Pos. Tol.,POS_2D_18,PTOL,0.343,0.000,0.343,0.000,0.600,,2D_CIR_18/NOMINAL - CS_DE_BF - C-Zone - YZ - Nominal
Circle,2D_CIR_19,Y,-32.588,-32.500,-0.088,,,,
Circle,2D_CIR_19,Z,39.932,40.000,-0.068,,,,
Pos. Tol.,POS_2D_19,PTOL,0.221,0.000,0.221,0.000,0.600,,2D_CIR_19/NOMINAL - CS_DE_BF - C-Zone - YZ - Nominal
Circle,2D_CIR_20,Y,-32.428,-32.500,0.072,,,,
Circle,2D_CIR_20,Z,-39.836,-40.000,0.164,,,,
Pos. Tol.,POS_2D_20,PTOL,0.358,0.000,0.358,0.000,0.600,,2D_CIR_20/NOMINAL - CS_DE_BF - C-Zone - YZ - Nominal
Circle,2D_CIR_21,Y,32.558,32.500,0.058,,,,
Circle,2D_CIR_21,Z,-39.938,-40.000,0.062,,,,
Pos. Tol.,POS_2D_21,PTOL,0.170,0.000,0.170,0.000,0.600,,2D_CIR_21/NOMINAL - CS_DE_BF - C-Zone - YZ - Nominal
Distance,INSERT HEIGHT 18,X,0.085,0.000,0.085,0.000,0.500,,CIR_18 - PL_PLAST_18 / CS_DE_BF_RZ180
Distance,INSERT HEIGHT 19,X,0.122,-0.000,0.122,0.000,0.500,,CIR_19 - PL_PLAST_19 / CS_DE_BF_RZ180
Distance,INSERT HEIGHT 20,X,0.099,-0.000,0.099,0.000,0.500,,CIR_20 - PL_PLAST_20 / CS_DE_BF_RZ180
Distance,INSERT HEIGHT 21,X,0.120,0.000,0.120,0.000,0.500,,CIR_21 - PL_PLAST_21 / CS_DE_BF_RZ180
Distance,WIDTH_TB1,D1,3.023,3.000,0.023,-0.200,0.200,,P0W2.5_1.1 - PIW2.5_1.1 / CS_DE_BF
Distance,WIDTH_TB2,D1,2.913,3.000,-0.087,-0.200,0.200,,P0W2.5_1.2 - PIW2.5_1.2 / CS_DE_BF
Distance,WIDTH_TB3,D1,2.977,3.000,-0.023,-0.200,0.200,,P0W2.5_1.3 - PIW2.5_1.3 / CS_DE_BF
Distance,WIDTH_TB4,D1,3.058,3.000,0.058,-0.200,0.200,,P0W2.5_1.4 - PIW2.5_1.4 / CS_DE_BF
Distance,WIDTH_TB5,D1,3.132,3.000,0.132,-0.200,0.200,,P0W2.5_1.5 - PIW2.5_1.5 / CS_DE_BF
Distance,WIDTH_TB6,D1,3.045,3.000,0.045,-0.200,0.200,,P0W2.5_1.6 - PIW2.5_1.6 / CS_DE_BF
Distance,WIDTH_TB7,D1,3.202,3.000,0.202,-0.200,0.200,0.002,P0W2.5_1.7 - PIW2.5_1.7 / CS_DE_BF
Distance,WIDTH_TB8,D1,3.084,3.000,0.084,-0.200,0.200,,P0W2.5_1.8 - PIW2.5_1.8 / CS_DE_BF
Distance,DEPTH_TB1,X,5.044,5.000,0.044,-0.350,0.350,,TB_BOT_1.1 - PL_D / CS_DE_BF
Distance,DEPTH_TB2,X,5.139,5.000,0.139,-0.350,0.350,,TB_BOT_1.2 - PL_D / CS_DE_BF
Distance,DEPTH_TB3,X,5.057,5.000,0.057,-0.350,0.350,,TB_BOT_1.3 - PL_D / CS_DE_BF
Distance,DEPTH_TB4,X,4.872,5.000,-0.128,-0.350,0.350,,TB_BOT_1.4 - PL_D / CS_DE_BF
Distance,DEPTH_TB5,X,4.773,5.000,-0.227,-0.350,0.350,,TB_BOT_1.5 - PL_D / CS_DE_BF
Distance,DEPTH_TB6,X,4.927,5.000,-0.073,-0.350,0.350,,TB_BOT_1.6 - PL_D / CS_DE_BF
Distance,DEPTH_TB7,X,4.920,5.000,-0.080,-0.350,0.350,,TB_BOT_1.7 - PL_D / CS_DE_BF
Distance,DEPTH_TB8,X,4.925,5.000,-0.075,-0.350,0.350,,TB_BOT_1.8 - PL_D / CS_DE_BF
Flatness,FLAT_D,FLTN,0.089,0.000,0.089,0.000,1.000,,PL_D
Circle,CIR_9,DIAM,12.724,12.600,0.124,-0.100,0.100,0.024,Inters. PL_PLAST_9 - CYL_9.
Circle,CIR_9,X,178.809,178.800,0.009,,,,
Circle,CIR_9,Y,113.185,115.400,-2.215,,,,
Circle,CIR_9,Z,477.689,477.100,0.589,,,,
Pos. Tol.,POS_9,PTOL,4.584,0.000,4.584,0.000,6.000,,CIR_9/NOMINAL - CS_ABC - C-Zone - XYZ - Nominal
Circle,CIR_10,DIAM,16.464,16.325,0.139,-0.125,0.125,0.014,Inters. PL_PLAST_10 - CYL_10.
Circle,CIR_10,X,284.999,284.900,0.099,,,,
Circle,CIR_10,Y,69.606,71.100,-1.494,,,,
Circle,CIR_10,Z,296.188,296.200,-0.012,,,,
Pos. Tol.,POS_10,PTOL,2.996,0.000,2.996,0.000,4.000,,CIR_10/NOMINAL - CS_ABC - C-Zone - XYZ - Nominal
Flatness,FLAT_F,FLTN,0.026,0.000,0.026,0.000,1.000,,PL_11_12
Circle,CIR_13_GAGE,DIAM,16.108,16.100,0.008,-0.100,0.100,,Criterion : Least Square (From 10 Pts On PL_13) 
Circle,CIR_13_GAGE,X,163.175,162.100,1.075,,,,
Circle,CIR_13_GAGE,Z,349.945,350.300,-0.355,,,,
Pos. Tol.,POS_13,PTOL,2.264,0.000,2.264,0.000,4.000,,CIR_13_GAGE/NOMINAL - CS_ABC - C-Zone - XZ - Nominal
Distance,PROF_13,Y,-19.741,-19.600,-0.141,-0.500,0.500,,2D_CIR_13 - PL_11_12 / CS_FG_BF
Circle,CIR_INSERT_11,X,163.649,162.100,1.549,,,,Criterion : Least Square (From 6 Pts On PL_INSERT_11) 
Circle,CIR_INSERT_11,Z,379.832,380.300,-0.468,,,,
Pos. Tol.,POS_11,PTOL,3.237,0.000,3.237,0.000,4.000,,CIR_INSERT_11/NOMINAL - CS_ABC - C-Zone - XZ - Nominal
Distance,PROF_11,Y,88.475,89.100,-0.625,-1.500,1.500,,CIR_INSERT_11 - ORIGIN / CS_ABC
Circle,CIR_INSERT_12,X,163.461,162.100,1.361,,,,Criterion : Least Square (From 8 Pts On PL_INSERT_12) 
Circle,CIR_INSERT_12,Z,320.077,320.300,-0.223,,,,
Pos. Tol.,POS_12,PTOL,2.759,0.000,2.759,0.000,4.000,,CIR_INSERT_12/NOMINAL - CS_ABC - C-Zone - XZ - Nominal
Distance,PROF_12,Y,88.819,89.100,-0.281,-1.500,1.500,,CIR_INSERT_12 - ORIGIN / CS_ABC
Circle,2D_CIR_INSERT_11,X,0.209,0.000,0.209,,,,
Circle,2D_CIR_INSERT_11,Z,29.778,30.000,-0.222,,,,
Pos. Tol.,POS_2D_11,PTOL,0.610,0.000,0.610,0.000,0.700,,2D_CIR_INSERT_11/NOMINAL - CS_FG_BF - C-Zone - XZ - Nominal
Distance,INSERT HEIGHT 11,Y,0.126,0.000,0.126,0.000,0.500,,CIR_INSERT_11 - PL_PLAST_11 / CS_FG_BF
Circle,2D_CIR_INSERT_12,X,0.209,0.000,0.209,,,,
Circle,2D_CIR_INSERT_12,Z,-29.978,-30.000,0.022,,,,
Pos. Tol.,POS_2D_12,PTOL,0.419,0.000,0.419,0.000,0.700,,2D_CIR_INSERT_12/NOMINAL - CS_FG_BF - C-Zone - XZ - Nominal
Distance,INSERT HEIGHT 12,Y,0.165,-0.000,0.165,0.000,0.500,,CIR_INSERT_12 - PL_PLAST_12 / CS_FG_BF
Circle,CIR_14,DIAM,6.557,6.500,0.057,-0.100,0.100,,Criterion : Least Square (From 6 Pts On PL_PLAST_14) 
Circle,CIR_14,X,81.166,80.500,0.666,,,,
Circle,CIR_14,Z,317.263,317.600,-0.337,,,,
Pos. Tol.,POS_14,PTOL,1.493,0.000,1.493,0.000,4.000,,CIR_14/NOMINAL - CS_ABC - C-Zone - XZ - Nominal
Distance,PROF_14,Y,97.564,99.800,-2.236,-2.000,2.000,-0.236,CIR_14 - ORIGIN / CS_ABC
Circle,CIR_15,DIAM,7.008,6.975,0.033,-0.225,0.225,,Criterion : Least Square (From 6 Pts On PL_PLAST_15) 
Circle,CIR_15,X,-57.410,-57.500,0.090,,,,
Circle,CIR_15,Z,51.608,51.600,0.008,,,,
Pos. Tol.,POS_15,PTOL,0.180,0.000,0.180,0.000,4.000,,CIR_15/NOMINAL - CS_ABC - C-Zone - XZ - Nominal
Distance,PROF_15,Y,38.733,40.200,-1.467,-2.000,2.000,,CIR_15 - ORIGIN / CS_ABC
Circle,CIR_16,DIAM,7.003,6.975,0.028,-0.225,0.225,,Criterion : Least Square (From 6 Pts On PL_PLAST_16) 
Circle,CIR_16,X,-57.254,-57.500,0.246,,,,
Circle,CIR_16,Z,263.199,263.600,-0.401,,,,
Pos. Tol.,POS_16,PTOL,0.942,0.000,0.942,0.000,4.000,,CIR_16/NOMINAL - CS_ABC - C-Zone - XZ - Nominal
Distance,PROF_16,Y,39.869,40.200,-0.331,-2.000,2.000,,CIR_16 - ORIGIN / CS_ABC
Circle,CIR_17,DIAM,8.155,8.000,0.155,-0.200,0.200,,Criterion : Least Square (From 6 Pts On PL_PLAST_17) 
Circle,CIR_17,X,-14.465,-14.500,0.035,,,,
Circle,CIR_17,Z,351.545,351.600,-0.056,,,,
Pos. Tol.,POS_17,PTOL,0.131,0.000,0.131,0.000,3.000,,CIR_17/NOMINAL - CS_ABC - C-Zone - XZ - Nominal
Distance,PROF_17,Y,35.902,35.900,0.002,-0.500,0.500,,CIR_17 - ORIGIN / CS_ABC
Circle,CIR_23,X,-8.355,-8.500,0.145,,,,Criterion : Least Square (From 10 Pts On PL_PLAST_23) 
Circle,CIR_23,Z,96.606,96.800,-0.194,,,,
Pos. Tol.,POS_23,PTOL,0.484,0.000,0.484,0.000,4.000,,CIR_23/NOMINAL - CS_ABC - C-Zone - XZ - Nominal
Distance,PROF_23,Y,72.329,73.200,-0.871,-2.000,2.000,,CIR_23 - ORIGIN / CS_ABC
Circle,CIR_24,X,-8.091,-8.500,0.409,,,,Criterion : Least Square (From 10 Pts On PL_PLAST_24) 
Circle,CIR_24,Z,202.595,202.800,-0.205,,,,
Pos. Tol.,POS_24,PTOL,0.915,0.000,0.915,0.000,4.000,,CIR_24/NOMINAL - CS_ABC - C-Zone - XZ - Nominal
Distance,PROF_24,Y,72.803,73.200,-0.397,-2.000,2.000,,CIR_24 - ORIGIN / CS_ABC
Circle,CIR_25,DIAM,4.690,4.700,-0.010,-0.100,0.100,,Criterion : Least Square (From 6 Pts On PL_PLAST_25) 
Circle,CIR_25,X,0.172,0.000,0.172,,,,
Circle,CIR_25,Z,0.644,0.000,0.643,,,,
Pos. Tol.,POS_25,PTOL,1.332,0.000,1.332,0.000,2.000,,CIR_25/NOMINAL - CS_ABC - C-Zone - XZ - Nominal
Distance,PROF_25,Y,30.736,30.900,-0.164,-0.500,0.500,,CIR_25 - ORIGIN / CS_ABC
Circle,CIR_26,DIAM,6.624,6.500,0.124,-0.200,0.200,,Criterion : Least Square (From 8 Pts On PL_PLAST_26) 
Circle,CIR_26,X,81.201,80.500,0.701,,,,
Circle,CIR_26,Z,304.901,304.800,0.101,,,,
Pos. Tol.,POS_26,PTOL,1.417,0.000,1.417,0.000,4.000,,CIR_26/NOMINAL - CS_ABC - C-Zone - XZ - Nominal
Distance,PROF_26,Y,112.918,113.700,-0.782,-0.500,0.500,-0.282,CIR_26 - ORIGIN / CS_ABC
Circle,CIR_22,X,224.518,225.500,-0.982,,,,Criterion : Least Square (From 6 Pts On PL_INS_22) 
Circle,CIR_22,Y,-37.833,-35.900,-1.933,,,,
Circle,CIR_22,Z,387.845,388.000,-0.155,,,,
Pos. Tol.,POS_22,PTOL,4.347,0.000,4.347,0.000,6.000,,CIR_22/NOMINAL - CS_ABC - C-Zone - XYZ - Nominal
Distance,INSERT HEIGHT 22,X,0.325,0.000,0.325,0.000,0.500,,CIR_22 - PL_PLAST_22 / CS_22
Circle,CIR_29,DIAM,9.346,9.250,0.096,-0.100,0.100,,Criterion : Least Square (From 8 Pts On PL_PLAST_29) 
Circle,CIR_29,X,134.111,134.100,0.011,,,,
Circle,CIR_29,Z,-10.855,-10.700,-0.155,,,,
Pos. Tol.,POS_29,PTOL,0.312,0.000,0.312,0.000,4.000,,CIR_29/NOMINAL - CS_ABC - C-Zone - XZ - Nominal
Circle,CIR_30,DIAM,9.305,9.250,0.055,-0.100,0.100,,Criterion : Least Square (From 6 Pts On PL_PLAST_30) 
Circle,CIR_30,X,110.453,110.000,0.453,,,,
Circle,CIR_30,Z,312.796,313.200,-0.404,,,,
Pos. Tol.,POS_30,PTOL,1.214,0.000,1.214,0.000,4.000,,CIR_30/NOMINAL - CS_ABC - C-Zone - XZ - Nominal
Circle,CIR_31,DIAM,12.146,12.050,0.096,-0.100,0.100,,Criterion : Least Square (From 12 Pts On PL_PLAST_31) 
Circle,CIR_31,X,240.491,240.842,-0.352,,,,
Circle,CIR_31,Z,28.759,29.405,-0.646,,,,
Circle,CIR_34,DIAM,6.769,6.850,-0.081,-0.100,0.100,,Criterion : Least Square (From 6 Pts On PL_PLAST_34) 
Circle,CIR_34,X,235.509,235.961,-0.452,,,,
Circle,CIR_34,Y,61.707,61.702,0.005,,,,
Circle,CIR_34,Z,-11.727,-11.244,-0.483,,,,
Circle,2D_CIR_32,DIAM,4.131,4.131,0.001,-0.100,0.100,,
Circle,2D_CIR_32,X,-19.905,-20.000,0.095,,,,
Circle,2D_CIR_32,Z,-0.000,0.000,0.000,,,,
Circle,2D_CIR_33,DIAM,4.126,4.131,-0.004,-0.100,0.100,,
Circle,2D_CIR_33,X,-19.863,-20.000,0.137,,,,
Circle,2D_CIR_33,Z,0.000,0.000,0.000,,,,
Perpend.,PERP_TMAP,PERP,0.064,0.000,0.064,0.000,0.100,,CYL_31/PL_PLAST_31 - C-Zone - Cloud of Points 
