Feat. Type,Feat. Name,Value,Actual,Nominal,Dev.,Tol-,Tol+,Out of Tol.,Comment
Text/Value,VAR_PROGRAM,VAL,,,,,,,'N:\Metrolog XG\Programmes\I4 Moule 2\I4 Complete Moule 2 (Module 44).gm2'
Text/Value,VAR_EVENEMENT,VAL,,,,,,,'FIP 06093 I4 2'
Text/Value,VAR_COMMENTAIRES,VAL,,,,,,,'297C'
Text/Value,PROFILE_A,VAL,0.225928,0.000000,0.225928,0.000000,0.500000,,
Circle,CIR_B,DIAM,6.897,7.000,-0.103,-0.100,0.100,-0.003,Criterion : Least Square (From 10 Pts On PL_FIXTURE) 
Circle,CIR_B,X,-0.104,0.000,-0.104,,,,
Circle,CIR_B,Z,-0.019,0.000,-0.019,,,,
Circle,CIR_1,X,-40.194,-40.000,-0.194,,,,From 4 Pts On PL_FIXTURE
Circle,CIR_1,Z,-184.243,-184.000,-0.243,,,,
Circle,CIR_2,X,-32.873,-33.000,0.127,,,,From 4 Pts On PL_FIXTURE
Circle,CIR_2,Z,-0.076,-0.000,-0.076,,,,
Circle,CIR_3,X,-31.976,-32.000,0.024,,,,From 4 Pts On PL_FIXTURE
Circle,CIR_3,Z,189.502,189.500,0.002,,,,
Circle,CIR_4,X,-0.115,-0.000,-0.115,,,,From 4 Pts On PL_FIXTURE
Circle,CIR_4,Z,95.969,96.000,-0.031,,,,
Circle,CIR_5,X,-0.164,-0.000,-0.164,,,,From 4 Pts On PL_FIXTURE
Circle,CIR_5,Z,-96.131,-96.000,-0.131,,,,
Circle,CIR_6,X,-300.077,-300.100,0.023,,,,From 4 Pts On PL_FIXTURE_6
Circle,CIR_6,Z,-53.719,-54.000,0.281,,,,
Distance,OP1_WIDTH_1,D1,2.807,2.930,-0.123,-0.150,0.150,,OP1_P2 - OP1_P4 / OP1_CS
Distance,OP1_WIDTH_2,D1,2.810,2.930,-0.120,-0.150,0.150,,OP1_P7 - OP1_P9 / OP1_CS
Distance,OP1_WIDTH_3,D1,2.968,2.930,0.038,-0.150,0.150,,OP1_P11 - OP1_P13 / OP1_CS
Distance,OP1_WIDTH_4,D1,2.934,2.930,0.004,-0.150,0.150,,OP1_P15 - OP1_P17 / OP1_CS
Distance,OP1_WIDTH_5,D1,2.760,2.930,-0.170,-0.180,0.150,,OP1_P19 - OP1_P21 / OP1_CS
Distance,OP1_WIDTH_6,D1,2.825,2.930,-0.105,-0.150,0.150,,OP1_P23 - OP1_P25 / OP1_CS
Distance,OP1_WIDTH_7,D1,2.741,2.930,-0.189,-0.150,0.150,-0.039,OP1_P28 - OP1_P30 / OP1_CS
Distance,OP1_WIDTH_8,D1,2.872,2.930,-0.058,-0.150,0.150,,OP1_P33 - OP1_P35 / OP1_CS
Distance,OP1_WIDTH_9,D1,2.867,2.930,-0.063,-0.150,0.150,,OP1_P38 - OP1_P40 / OP1_CS
Distance,OP1_WIDTH_10,D1,2.886,2.930,-0.044,-0.150,0.150,,OP1_P43 - OP1_P45 / OP1_CS
Distance,OP1_WIDTH_11,D1,2.750,2.930,-0.180,-0.180,0.150,,OP1_P48 - OP1_P50 / OP1_CS
Distance,OP1_DEPTH_1,Y,4.579,4.500,0.079,-0.250,0.250,,OP1_P3 - PL_FIXTURE / OP1_CS
Distance,OP1_DEPTH_2,Y,4.533,4.500,0.033,-0.250,0.250,,OP1_P8 - PL_FIXTURE / OP1_CS
Distance,OP1_DEPTH_3,Y,4.556,4.500,0.056,-0.250,0.250,,OP1_P12 - PL_FIXTURE / OP1_CS
Distance,OP1_DEPTH_4,Y,4.490,4.500,-0.010,-0.250,0.250,,OP1_P16 - PL_FIXTURE / OP1_CS
Distance,OP1_DEPTH_5,Y,4.562,4.500,0.062,-0.250,0.250,,OP1_P20 - PL_FIXTURE / OP1_CS
Distance,OP1_DEPTH_6,Y,4.591,4.500,0.091,-0.250,0.250,,OP1_P24 - PL_FIXTURE / OP1_CS
Distance,OP1_DEPTH_7,Y,4.482,4.500,-0.018,-0.250,0.250,,OP1_P29 - PL_FIXTURE / OP1_CS
Distance,OP1_DEPTH_8,Y,4.555,4.500,0.055,-0.250,0.250,,OP1_P34 - PL_FIXTURE / OP1_CS
Distance,OP1_DEPTH_9,Y,4.542,4.500,0.042,-0.250,0.250,,OP1_P39 - PL_FIXTURE / OP1_CS
Distance,OP1_DEPTH_10,Y,4.503,4.500,0.003,-0.250,0.250,,OP1_P44 - PL_FIXTURE / OP1_CS
Distance,OP1_DEPTH_11,Y,4.575,4.500,0.075,-0.250,0.250,,OP1_P49 - PL_FIXTURE / OP1_CS
Distance,OP2_WIDTH_1,D1,2.819,2.930,-0.111,-0.150,0.150,,OP2_P2 - OP2_P4 / OP2_CS
Distance,OP2_WIDTH_2,D1,2.896,2.930,-0.034,-0.180,0.150,,OP2_P7 - OP2_P9 / OP2_CS
Distance,OP2_WIDTH_3,D1,2.994,2.930,0.064,-0.150,0.150,,OP2_P11 - OP2_P13 / OP2_CS
Distance,OP2_WIDTH_4,D1,2.952,2.930,0.022,-0.150,0.150,,OP2_P15 - OP2_P17 / OP2_CS
Distance,OP2_WIDTH_5,D1,2.961,2.930,0.031,-0.150,0.150,,OP2_P19 - OP2_P21 / OP2_CS
Distance,OP2_WIDTH_6,D1,2.855,2.930,-0.075,-0.150,0.150,,OP2_P23 - OP2_P25 / OP2_CS
Distance,OP2_WIDTH_7,D1,2.819,2.930,-0.111,-0.150,0.150,,OP2_P28 - OP2_P30 / OP2_CS
Distance,OP2_WIDTH_8,D1,2.805,2.930,-0.125,-0.150,0.150,,OP2_P33 - OP2_P35 / OP2_CS
Distance,OP2_WIDTH_9,D1,2.796,2.930,-0.134,-0.150,0.150,,OP2_P38 - OP2_P40 / OP2_CS
Distance,OP2_WIDTH_10,D1,2.837,2.930,-0.093,-0.150,0.150,,OP2_P43 - OP2_P45 / OP2_CS
Distance,OP2_WIDTH_11,D1,2.876,2.930,-0.054,-0.150,0.150,,OP2_P48 - OP2_P50 / OP2_CS
Distance,OP2_DEPTH_1,Y,4.464,4.500,-0.036,-0.250,0.250,,OP2_P3 - PL_FIXTURE / OP2_CS
Distance,OP2_DEPTH_2,Y,4.423,4.500,-0.077,-0.250,0.250,,OP2_P8 - PL_FIXTURE / OP2_CS
Distance,OP2_DEPTH_3,Y,4.373,4.500,-0.127,-0.250,0.250,,OP2_P12 - PL_FIXTURE / OP2_CS
Distance,OP2_DEPTH_4,Y,4.356,4.500,-0.144,-0.250,0.250,,OP2_P16 - PL_FIXTURE / OP2_CS
Distance,OP2_DEPTH_5,Y,4.391,4.500,-0.109,-0.250,0.250,,OP2_P20 - PL_FIXTURE / OP2_CS
Distance,OP2_DEPTH_6,Y,4.365,4.500,-0.135,-0.250,0.250,,OP2_P24 - PL_FIXTURE / OP2_CS
Distance,OP2_DEPTH_7,Y,4.357,4.500,-0.143,-0.250,0.250,,OP2_P29 - PL_FIXTURE / OP2_CS
Distance,OP2_DEPTH_8,Y,4.415,4.500,-0.085,-0.250,0.250,,OP2_P34 - PL_FIXTURE / OP2_CS
Distance,OP2_DEPTH_9,Y,4.411,4.500,-0.089,-0.250,0.250,,OP2_P39 - PL_FIXTURE / OP2_CS
Distance,OP2_DEPTH_10,Y,4.441,4.500,-0.059,-0.250,0.250,,OP2_P44 - PL_FIXTURE / OP2_CS
Distance,OP2_DEPTH_11,Y,4.445,4.500,-0.055,-0.250,0.250,,OP2_P49 - PL_FIXTURE / OP2_CS
Distance,OP3_WIDTH_1,D1,2.869,2.930,-0.061,-0.150,0.150,,OP3_P2 - OP3_P4 / OP3_CS
Distance,OP3_WIDTH_2,D1,2.904,2.930,-0.026,-0.150,0.150,,OP3_P7 - OP3_P9 / OP3_CS
Distance,OP3_WIDTH_3,D1,3.039,2.930,0.109,-0.150,0.150,,OP3_P11 - OP3_P13 / OP3_CS
Distance,OP3_WIDTH_4,D1,3.042,2.930,0.112,-0.150,0.150,,OP3_P15 - OP3_P17 / OP3_CS
Distance,OP3_WIDTH_5,D1,2.853,2.930,-0.077,-0.150,0.150,,OP3_P19 - OP3_P21 / OP3_CS
Distance,OP3_WIDTH_6,D1,2.831,2.930,-0.099,-0.150,0.150,,OP3_P23 - OP3_P25 / OP3_CS
Distance,OP3_WIDTH_7,D1,2.775,2.930,-0.155,-0.150,0.150,-0.005,OP3_P28 - OP3_P30 / OP3_CS
Distance,OP3_WIDTH_8,D1,2.809,2.930,-0.121,-0.150,0.150,,OP3_P33 - OP3_P35 / OP3_CS
Distance,OP3_WIDTH_9,D1,2.816,2.930,-0.114,-0.150,0.150,,OP3_P38 - OP3_P40 / OP3_CS
Distance,OP3_WIDTH_10,D1,2.845,2.930,-0.085,-0.150,0.150,,OP3_P43 - OP3_P45 / OP3_CS
Distance,OP3_WIDTH_11,D1,2.871,2.930,-0.059,-0.150,0.150,,OP3_P48 - OP3_P50 / OP3_CS
Distance,OP3_DEPTH_1,Y,4.408,4.500,-0.092,-0.250,0.250,,OP3_P3 - PL_FIXTURE / OP3_CS
Distance,OP3_DEPTH_2,Y,4.404,4.500,-0.096,-0.250,0.250,,OP3_P8 - PL_FIXTURE / OP3_CS
Distance,OP3_DEPTH_3,Y,4.492,4.500,-0.008,-0.250,0.250,,OP3_P12 - PL_FIXTURE / OP3_CS
Distance,OP3_DEPTH_4,Y,4.462,4.500,-0.038,-0.250,0.250,,OP3_P16 - PL_FIXTURE / OP3_CS
Distance,OP3_DEPTH_5,Y,4.426,4.500,-0.074,-0.250,0.250,,OP3_P20 - PL_FIXTURE / OP3_CS
Distance,OP3_DEPTH_6,Y,4.382,4.500,-0.118,-0.250,0.250,,OP3_P24 - PL_FIXTURE / OP3_CS
Distance,OP3_DEPTH_7,Y,4.406,4.500,-0.094,-0.250,0.250,,OP3_P29 - PL_FIXTURE / OP3_CS
Distance,OP3_DEPTH_8,Y,4.478,4.500,-0.022,-0.250,0.250,,OP3_P34 - PL_FIXTURE / OP3_CS
Distance,OP3_DEPTH_9,Y,4.527,4.500,0.027,-0.250,0.250,,OP3_P39 - PL_FIXTURE / OP3_CS
Distance,OP3_DEPTH_10,Y,4.581,4.500,0.081,-0.250,0.250,,OP3_P44 - PL_FIXTURE / OP3_CS
Distance,OP3_DEPTH_11,Y,4.563,4.500,0.063,-0.250,0.250,,OP3_P49 - PL_FIXTURE / OP3_CS
Distance,OP4_WIDTH_1,D1,2.769,2.930,-0.161,-0.150,0.150,-0.011,OP4_P2 - OP4_P4 / OP4_CS
Distance,OP4_WIDTH_2,D1,2.802,2.930,-0.128,-0.150,0.150,,OP4_P7 - OP4_P9 / OP4_CS
Distance,OP4_WIDTH_3,D1,3.002,2.930,0.072,-0.150,0.150,,OP4_P11 - OP4_P13 / OP4_CS
Distance,OP4_WIDTH_4,D1,2.986,2.930,0.056,-0.150,0.150,,OP4_P15 - OP4_P17 / OP4_CS
Distance,OP4_WIDTH_5,D1,2.794,2.930,-0.136,-0.150,0.150,,OP4_P19 - OP4_P21 / OP4_CS
Distance,OP4_WIDTH_6,D1,2.839,2.930,-0.091,-0.150,0.150,,OP4_P23 - OP4_P25 / OP4_CS
Distance,OP4_WIDTH_7,D1,2.748,2.930,-0.182,-0.150,0.150,-0.032,OP4_P28 - OP4_P30 / OP4_CS
Distance,OP4_WIDTH_8,D1,2.870,2.930,-0.060,-0.150,0.150,,OP4_P33 - OP4_P35 / OP4_CS
Distance,OP4_WIDTH_9,D1,2.800,2.930,-0.130,-0.150,0.150,,OP4_P38 - OP4_P40 / OP4_CS
Distance,OP4_WIDTH_10,D1,2.858,2.930,-0.072,-0.150,0.150,,OP4_P43 - OP4_P45 / OP4_CS
Distance,OP4_WIDTH_11,D1,2.768,2.930,-0.162,-0.150,0.150,-0.012,OP4_P48 - OP4_P50 / OP4_CS
Distance,OP4_DEPTH_1,Y,4.498,4.500,-0.002,-0.250,0.250,,OP4_P3 - PL_FIXTURE / OP4_CS
Distance,OP4_DEPTH_2,Y,4.399,4.500,-0.101,-0.250,0.250,,OP4_P8 - PL_FIXTURE / OP4_CS
Distance,OP4_DEPTH_3,Y,4.389,4.500,-0.111,-0.250,0.250,,OP4_P12 - PL_FIXTURE / OP4_CS
Distance,OP4_DEPTH_4,Y,4.311,4.500,-0.189,-0.250,0.250,,OP4_P16 - PL_FIXTURE / OP4_CS
Distance,OP4_DEPTH_5,Y,4.335,4.500,-0.165,-0.250,0.250,,OP4_P20 - PL_FIXTURE / OP4_CS
Distance,OP4_DEPTH_6,Y,4.439,4.500,-0.061,-0.250,0.250,,OP4_P24 - PL_FIXTURE / OP4_CS
Distance,OP4_DEPTH_7,Y,4.463,4.500,-0.037,-0.250,0.250,,OP4_P29 - PL_FIXTURE / OP4_CS
Distance,OP4_DEPTH_8,Y,4.434,4.500,-0.066,-0.250,0.250,,OP4_P34 - PL_FIXTURE / OP4_CS
Distance,OP4_DEPTH_9,Y,4.492,4.500,-0.008,-0.250,0.250,,OP4_P39 - PL_FIXTURE / OP4_CS
Distance,OP4_DEPTH_10,Y,4.482,4.500,-0.018,-0.250,0.250,,OP4_P44 - PL_FIXTURE / OP4_CS
Distance,OP4_DEPTH_11,Y,4.391,4.500,-0.109,-0.250,0.250,,OP4_P49 - PL_FIXTURE / OP4_CS
Circle,CIR_7,X,-101.796,-101.900,0.104,,,,Inters. PL_PLAST_7 - CYL_7.
Circle,CIR_7,Y,13.018,13.400,-0.382,,,,
Circle,CIR_7,Z,233.373,233.000,0.373,,,,
Circle,CIR_8,DIAM,14.648,14.675,-0.027,-0.075,0.075,,Criterion : Least Square (From 10 Pts On PL_PLAST_8) 
Circle,CIR_8,X,-199.224,-199.900,0.676,,,,
Circle,CIR_8,Z,101.669,101.200,0.469,,,,
Circle,CIR_9_5.5MM,DIAM,19.994,20.000,-0.006,-0.050,0.050,,Criterion : Least Square (From 8 Pts On PL_PLAST_9) 
Circle,CIR_9_5.5MM,X,-111.080,-112.100,1.020,,,,
Circle,CIR_9_5.5MM,Y,144.597,144.900,-0.303,,,,
Circle,CIR_9_5.5MM,Z,201.860,201.500,0.360,,,,
Plane,PL_D,F.F.,0.329,,0.329,,,,Criterion : Least Square (From 13 Pts) 
Circle,CIR_10,DIAM,65.151,65.000,0.151,-0.500,0.500,,Criterion : Least Square (From 12 Pts On PL_D) 
Circle,CIR_10,X,-79.904,-80.500,0.596,,,,
Circle,CIR_10,Y,86.766,87.100,-0.334,,,,
Circle,CIR_10,Z,232.628,232.330,0.298,,,,
Circle,CIR_11,X,-96.271,-96.800,0.529,,,,Criterion : Least Square (From 6 Pts On PL_INS_11) 
Circle,CIR_11,Y,46.850,47.290,-0.440,,,,
Circle,CIR_11,Z,248.796,248.580,0.216,,,,
Circle,CIR_12,X,-107.782,-108.693,0.911,,,,Criterion : Least Square (From 6 Pts On PL_INS_12) 
Circle,CIR_12,Y,109.605,110.079,-0.474,,,,
Circle,CIR_12,Z,261.046,260.479,0.566,,,,
Circle,CIR_13,X,-63.562,-64.297,0.735,,,,Criterion : Least Square (From 6 Pts On PL_INS_13) 
Circle,CIR_13,Y,126.489,126.902,-0.413,,,,
Circle,CIR_13,Z,216.210,216.083,0.126,,,,
Circle,CIR_14,X,-52.080,-52.402,0.322,,,,Criterion : Least Square (From 6 Pts On PL_INS_14) 
Circle,CIR_14,Y,63.753,64.116,-0.363,,,,
Circle,CIR_14,Z,204.530,204.188,0.342,,,,
Circle,2D_CIR_11,Y,-32.577,-32.500,-0.077,,,,
Circle,2D_CIR_11,Z,32.577,32.500,0.077,,,,
Circle,2D_CIR_12,Y,32.391,32.500,-0.109,,,,
Circle,2D_CIR_12,Z,32.515,32.500,0.015,,,,
Circle,2D_CIR_13,Y,32.348,32.500,-0.152,,,,
Circle,2D_CIR_13,Z,-32.683,-32.500,-0.183,,,,
Circle,2D_CIR_14,Y,-32.489,-32.500,0.011,,,,
Circle,2D_CIR_14,Z,-32.215,-32.500,0.285,,,,
Distance,H11,X,0.063,0.000,0.063,0.000,0.500,,CIR_11 - PL_PLAST_11 / CS_DE_BF
Distance,H12,X,0.149,-0.000,0.149,0.000,0.500,,CIR_12 - PL_PLAST_12 / CS_DE_BF
Distance,H13,X,0.242,-0.000,0.242,0.000,0.500,,CIR_13 - PL_PLAST_13 / CS_DE_BF
Distance,H14,X,0.178,0.000,0.178,0.000,0.500,,CIR_14 - PL_PLAST_14 / CS_DE_BF
Distance,DP_11,X,-18.160,-17.377,-0.783,,,,PNT_BOTTOM_11 - PL_INS_11 / CS_11
Distance,DP_12,X,-18.993,-17.386,-1.607,,,,PNT_BOTTOM_12 - PL_INS_12 / CS_12
Distance,DP_13,X,-17.186,-17.763,0.576,,,,PNT_BOTTOM_13 - PL_INS_13 / CS_13
Distance,DP_14,X,-18.823,-17.530,-1.293,,,,PNT_BOTTOM_14 - PL_INS_14 / CS_14
Distance,WIDTH_TB.1,D1,3.051,3.000,0.051,-0.150,0.150,,0W2.25.1 - IW2.25.1 / CS_DE_BF_ROT_TOL
Distance,WIDTH_TB.2,D1,3.009,3.000,0.009,-0.150,0.150,,0W2.25.2 - IW2.25.2 / CS_DE_BF_ROT_TOL
Distance,WIDTH_TB.3,D1,3.074,3.000,0.074,-0.150,0.150,,0W2.25.3 - IW2.25.3 / CS_DE_BF_ROT_TOL
Distance,WIDTH_TB.4,D1,3.024,3.000,0.024,-0.150,0.150,,0W2.25.4 - IW2.25.4 / CS_DE_BF_ROT_TOL
Distance,WIDTH_TB.5,D1,3.094,3.000,0.094,-0.150,0.150,,0W2.25.5 - IW2.25.5 / CS_DE_BF_ROT_TOL
Distance,WIDTH_TB.6,D1,3.101,3.000,0.101,-0.150,0.150,,0W2.25.6 - IW2.25.6 / CS_DE_BF_ROT_TOL
Distance,WIDTH_TB.7,D1,3.122,3.000,0.122,-0.150,0.150,,0W2.25.7 - IW2.25.7 / CS_DE_BF_ROT_TOL
Distance,WIDTH_TB.8,D1,3.014,3.000,0.014,-0.150,0.150,,0W2.25.8 - IW2.25.8 / CS_DE_BF_ROT_TOL
Distance,DEPTH_TB.1,D1,4.535,4.500,0.035,-0.250,0.250,,TB_DP.1 - PL_D / CS_DE_BF_ROT_TOL
Distance,DEPTH_TB.2,D1,4.511,4.500,0.011,-0.250,0.250,,TB_DP.2 - PL_D / CS_DE_BF_ROT_TOL
Distance,DEPTH_TB.3,D1,4.408,4.500,-0.092,-0.250,0.250,,TB_DP.3 - PL_D / CS_DE_BF_ROT_TOL
Distance,DEPTH_TB.4,D1,4.450,4.500,-0.050,-0.250,0.250,,TB_DP.4 - PL_D / CS_DE_BF_ROT_TOL
Distance,DEPTH_TB.5,D1,4.425,4.500,-0.075,-0.250,0.250,,TB_DP.5 - PL_D / CS_DE_BF_ROT_TOL
Distance,DEPTH_TB.6,D1,4.428,4.500,-0.072,-0.250,0.250,,TB_DP.6 - PL_D / CS_DE_BF_ROT_TOL
Distance,DEPTH_TB.7,D1,4.560,4.500,0.060,-0.250,0.250,,TB_DP.7 - PL_D / CS_DE_BF_ROT_TOL
Distance,DEPTH_TB.8,D1,4.575,4.500,0.075,-0.250,0.250,,TB_DP.8 - PL_D / CS_DE_BF_ROT_TOL
Circle,CIR_15,DIAM,18.069,18.000,0.069,-0.250,0.250,,Criterion : Least Square (From 8 Pts On PL_PLAST_15) 
Circle,CIR_15,Y,110.929,111.000,-0.071,,,,
Circle,CIR_15,Z,-151.537,-150.500,-1.037,,,,
Circle,CIR_16,DIAM,18.185,18.000,0.185,-0.250,0.250,,Criterion : Least Square (From 8 Pts On PL_PLAST_16) 
Circle,CIR_16,Y,110.600,111.000,-0.400,,,,
Circle,CIR_16,Z,151.380,151.500,-0.120,,,,
Circle,CIR_17,DIAM,6.596,6.500,0.096,-0.200,0.200,,Criterion : Least Square (From 6 Pts On PL_PLAST_17) 
Circle,CIR_17,X,-112.240,-112.600,0.360,,,,
Circle,CIR_17,Z,151.513,151.500,0.013,,,,
Circle,CIR_18,DIAM,5.096,5.000,0.096,-0.200,0.200,,Criterion : Least Square (From 6 Pts On PL_PLAST_18_19) 
Circle,CIR_18,X,-233.649,-234.500,0.851,,,,
Circle,CIR_18,Y,58.804,58.500,0.304,,,,
Circle,CIR_18,Z,38.337,38.100,0.237,,,,
Circle,CIR_19,DIAM,6.599,6.500,0.099,-0.200,0.200,,Criterion : Least Square (From 6 Pts On PL_PLAST_18_19) 
Circle,CIR_19,X,-233.881,-234.500,0.619,,,,
Circle,CIR_19,Y,71.328,71.000,0.328,,,,
Circle,CIR_19,Z,38.470,38.100,0.370,,,,
Circle,CIR_20,DIAM,6.443,6.500,-0.057,-0.200,0.200,,Criterion : Least Square (From 6 Pts On PL_PLAST_20) 
Circle,CIR_20,X,-158.468,-158.500,0.032,,,,
Circle,CIR_20,Z,-123.054,-123.900,0.846,,,,
Circle,CIR_21,DIAM,6.512,6.500,0.012,-0.200,0.200,,Criterion : Least Square (From 6 Pts On PL_PLAST_21_22) 
Circle,CIR_21,X,-251.704,-251.700,-0.004,,,,
Circle,CIR_21,Z,-38.660,-39.000,0.340,,,,
Circle,CIR_22,DIAM,4.937,5.000,-0.063,-0.200,0.200,,Criterion : Least Square (From 6 Pts On PL_PLAST_21_22) 
Circle,CIR_22,X,0.000,0.000,0.000,,,,
Circle,CIR_22,Z,-12.506,-12.500,-0.006,,,,
Circle,CIR_23,DIAM,6.506,6.500,0.006,-0.200,0.200,,Criterion : Least Square (From 6 Pts On PL_PLAST_23_24) 
Circle,CIR_23,X,-31.310,-31.600,0.290,,,,
Circle,CIR_23,Z,-90.765,-91.500,0.735,,,,
Circle,CIR_24,DIAM,5.035,5.000,0.035,-0.200,0.200,,Criterion : Least Square (From 6 Pts On PL_PLAST_23_24) 
Circle,CIR_24,X,12.749,12.500,0.249,,,,
Circle,CIR_24,Z,-0.000,0.000,0.000,,,,
Circle,CIR_25,DIAM,6.564,6.500,0.064,-0.200,0.200,,Criterion : Least Square (From 6 Pts On PL_PLAST_25) 
Circle,CIR_25,Y,111.031,111.000,0.031,,,,
Circle,CIR_25,Z,-106.325,-105.500,-0.825,,,,
Circle,CIR_26,DIAM,6.491,6.500,-0.009,-0.200,0.200,,Criterion : Least Square (From 6 Pts On PL_PLAST_26) 
Circle,CIR_26,Y,97.723,98.000,-0.277,,,,
Circle,CIR_26,Z,194.218,194.500,-0.282,,,,
Pos. Tol.,POS_B,PTOL,0.212,0.000,0.212,0.000,0.300,,CIR_B/NOMINAL - CS_ABC_BF_SURFACE - C-Zone - XZ - Nominal
Distance,DIM_X_C,D1,184.663,184.993,-0.330,,,,PNT_C - ORIGIN / CS_ABC_BF_SURFACE
Distance,DIM_X_C,D2,,,,,,,
Distance,DIM_X_C,X,-0.092,0.000,-0.092,-0.150,0.150,,
Distance,DIM_X_C,Y,-0.000,-0.000,0.000,,,,
Distance,DIM_X_C,Z,184.663,184.993,-0.330,,,,
Distance,DIM_Z_C,D1,184.663,184.993,-0.330,,,,PNT_C - ORIGIN / CS_ABC_BF_SURFACE
Distance,DIM_Z_C,D2,,,,,,,
Distance,DIM_Z_C,X,-0.092,0.000,-0.092,,,,
Distance,DIM_Z_C,Y,-0.000,-0.000,0.000,,,,
Distance,DIM_Z_C,Z,184.663,185.000,-0.337,-0.350,0.350,,
Pos. Tol.,POS_1,PTOL,0.621,0.000,0.621,0.000,1.000,,CIR_1/NOMINAL - CS_ABC_BF_SURFACE - C-Zone - XZ - Nominal
Pos. Tol.,POS_2,PTOL,0.297,0.000,0.297,0.000,1.000,,CIR_2/NOMINAL - CS_ABC_BF_SURFACE - C-Zone - XZ - Nominal
Pos. Tol.,POS_3,PTOL,0.048,0.000,0.048,0.000,1.000,,CIR_3/NOMINAL - CS_ABC_BF_SURFACE - C-Zone - XZ - Nominal
Pos. Tol.,POS_4,PTOL,0.239,0.000,0.239,0.000,1.000,,CIR_4/NOMINAL - CS_ABC_BF_SURFACE - C-Zone - XZ - Nominal
Pos. Tol.,POS_5,PTOL,0.420,0.000,0.420,0.000,1.000,,CIR_5/NOMINAL - CS_ABC_BF_SURFACE - C-Zone - XZ - Nominal
Pos. Tol.,POS_6,PTOL,0.563,0.000,0.563,0.000,1.000,,CIR_6/NOMINAL - CS_ABC_BF_SURFACE - C-Zone - XZ - Nominal
Pos. Tol.,POS_7,PTOL,1.088,0.000,1.088,0.000,3.000,,CIR_7/NOMINAL - CS_ABC_BF_SURFACE - C-Zone - XYZ - Nominal
Pos. Tol.,POS_8,PTOL,1.647,0.000,1.647,0.000,3.000,,CIR_8/NOMINAL - CS_ABC_BF_SURFACE - C-Zone - XZ - Nominal
Pos. Tol.,POS_9,PTOL,2.246,0.000,2.246,0.000,3.000,,CIR_9_5.5MM/NOMINAL - CS_ABC_BF_SURFACE - C-Zone - XYZ - Nominal
Pos. Tol.,POS_10,PTOL,1.491,0.000,1.491,0.000,4.000,,CIR_10/NOMINAL - CS_ABC_BF_SURFACE - C-Zone - XYZ - Nominal
Pos. Tol.,POS_11,PTOL,1.443,0.000,1.443,0.000,4.000,,CIR_11/NOMINAL - CS_ABC_BF_SURFACE - C-Zone - XYZ - Nominal
Pos. Tol.,POS_12,PTOL,2.345,0.000,2.345,0.000,4.000,,CIR_12/NOMINAL - CS_ABC_BF_SURFACE - C-Zone - XYZ - Nominal
Pos. Tol.,POS_13,PTOL,1.706,0.000,1.706,0.000,4.000,,CIR_13/NOMINAL - CS_ABC_BF_SURFACE - C-Zone - XYZ - Nominal
Pos. Tol.,POS_14,PTOL,1.187,0.000,1.187,0.000,4.000,,CIR_14/NOMINAL - CS_ABC_BF_SURFACE - C-Zone - XYZ - Nominal
Pos. Tol.,POS_2D_11,PTOL,0.218,0.000,0.218,0.000,0.650,,2D_CIR_11/NOMINAL - CS_DE_BF - C-Zone - YZ - Nominal
Pos. Tol.,POS_2D_12,PTOL,0.221,0.000,0.221,0.000,0.650,,2D_CIR_12/NOMINAL - CS_DE_BF - C-Zone - YZ - Nominal
Pos. Tol.,POS_2D_13,PTOL,0.475,0.000,0.475,0.000,0.650,,2D_CIR_13/NOMINAL - CS_DE_BF - C-Zone - YZ - Nominal
Pos. Tol.,POS_2D_14,PTOL,0.571,0.000,0.571,0.000,0.650,,2D_CIR_14/NOMINAL - CS_DE_BF - C-Zone - YZ - Nominal
Pos. Tol.,POS_15,PTOL,2.078,0.000,2.078,0.000,4.000,,CIR_15/NOMINAL - CS_ABC_BF_SURFACE - C-Zone - YZ - Nominal
Pos. Tol.,POS_16,PTOL,0.835,0.000,0.835,0.000,4.000,,CIR_16/NOMINAL - CS_ABC_BF_SURFACE - C-Zone - YZ - Nominal
Pos. Tol.,POS_17,PTOL,0.721,0.000,0.721,0.000,3.000,,CIR_17/NOMINAL - CS_ABC_BF_SURFACE - C-Zone - XZ - Nominal
Pos. Tol.,POS_18,PTOL,1.868,0.000,1.868,0.000,3.000,,CIR_18/NOMINAL - CS_ABC_BF_SURFACE - C-Zone - XYZ - Nominal
Pos. Tol.,POS_19,PTOL,1.584,0.000,1.584,0.000,3.000,,CIR_19/NOMINAL - CS_ABC_BF_SURFACE - C-Zone - XYZ - Nominal
Pos. Tol.,POS_20,PTOL,1.693,0.000,1.693,0.000,3.000,,CIR_20/NOMINAL - CS_ABC_BF_SURFACE - C-Zone - XZ - Nominal
Pos. Tol.,POS_21,PTOL,0.681,0.000,0.681,0.000,3.000,,CIR_21/NOMINAL - CS_ABC_BF_SURFACE - C-Zone - XZ - Nominal
Pos. Tol.,POS_22,PTOL,0.012,0.000,0.012,0.000,3.000,,CIR_22/NOMINAL - CS_21_22 - C-Zone - XZ - Nominal
Pos. Tol.,POS_23,PTOL,1.581,0.000,1.581,0.000,3.000,,CIR_23/NOMINAL - CS_ABC_BF_SURFACE - C-Zone - XZ - Nominal
Pos. Tol.,POS_24,PTOL,0.499,0.000,0.499,0.000,3.000,,CIR_24/NOMINAL - CS_23_24 - C-Zone - XZ - Nominal
Pos. Tol.,POS_25,PTOL,1.651,0.000,1.651,0.000,3.000,,CIR_25/NOMINAL - CS_ABC_BF_SURFACE - C-Zone - YZ - Nominal
Pos. Tol.,POS_26,PTOL,0.989,0.000,0.989,0.000,3.000,,CIR_26/NOMINAL - CS_ABC_BF_SURFACE - C-Zone - XZ - Nominal
Distance,PROF_15,X,62.524,62.200,0.324,-2.000,2.000,,CIR_15 - ORIGIN / CS_ABC_BF_SURFACE
Distance,PROF_16,X,62.705,62.190,0.515,-2.000,2.000,,CIR_16 - ORIGIN / CS_ABC_BF_SURFACE
Distance,PROF_17,Y,155.326,156.000,-0.674,-1.500,1.500,,CIR_17 - ORIGIN / CS_ABC_BF_SURFACE
Distance,PROF_20,Y,138.334,139.000,-0.666,-1.500,1.500,,CIR_20 - ORIGIN / CS_ABC_BF_SURFACE
Distance,PROF_21,Y,128.752,129.000,-0.248,-1.500,1.500,,CIR_21 - ORIGIN / CS_ABC_BF_SURFACE
Distance,PROF_22,Y,128.807,128.432,0.376,-1.500,1.500,,CIR_22 - ORIGIN / CS_ABC_BF_SURFACE
Distance,PROF_23,Y,177.047,177.500,-0.453,-1.500,1.500,,CIR_23 - ORIGIN / CS_ABC_BF_SURFACE
Distance,PROF_24,Y,177.018,177.622,-0.603,-1.500,1.500,,CIR_24 - ORIGIN / CS_ABC_BF_SURFACE
Distance,PROF_25,X,49.414,49.400,0.014,-1.500,1.500,,CIR_25 - ORIGIN / CS_ABC_BF_SURFACE
Distance,PROF_26,Y,97.723,98.000,-0.277,-1.500,1.500,,CIR_26 - ORIGIN / CS_ABC_BF_SURFACE
Angle,ANG_SPIN_WELD,ZoX,-0.393,0.000,-0.393,-1.000,1.000,,CYL_7 - Z-AXIS / CS_ABC_BF_SURFACE
Profile of Line,OP1_PROF_INSIDE_PORT,PRFL,0.849,0.000,0.849,0.000,1.000,,OP1_SRF_IN_PORT
Profile of Line,OP2_PROF_INSIDE_PORT,PRFL,0.723,0.000,0.723,0.000,1.000,,OP2_SRF_IN_PORT
Profile of Line,OP3_PROF_INSIDE_PORT,PRFL,1.371,0.000,1.371,0.000,1.000,0.371,OP3_SRF_IN_PORT
Profile of Line,OP4_PROF_INSIDE_PORT,PRFL,1.160,0.000,1.160,0.000,1.000,0.160,OP4_SRF_IN_PORT
Distance,WIDTH_C,D1,7.152,7.000,0.152,0.000,0.200,,SRF_PT_C_LH - SRF_PT_C_RH / CS_ABC_BF_SURFACE
