Feat. Type,Feat. Name,Value,Actual,Nominal,Dev.,Tol-,Tol+,Out of Tol.,Comment
Text/Value,VAR_PROGRAM,VAL,,,,,,,'N:\Metrolog XG\Programmes\Mercury Marine TigerShark\Mercury Marine TigerShark Complete (Module 51).gm2'
Text/Value,VAR_EVENEMENT,VAL,,,,,,,'Dem. 275A'
Text/Value,VAR_COMMENTAIRES,VAL,,,,,,,'275B'
Text/Value,PROF_A,VAL,0.268597,,,0.000000,0.500000,,
Circle,CIR_B,DIAM,8.342,8.400,-0.058,-0.100,0.100,,Criterion : Least Square (From 4 Pts On PL_FIXTURE) 
Circle,CIR_B,X,0.000,0.000,0.000,,,,
Circle,CIR_B,Z,0.000,0.000,0.000,,,,
Pos. Tol.,POS_B,PTOL,0.000,0.000,0.000,0.000,0.250,,CIR_B/NOMINAL - CS_ABC - C-Zone - XZ - Nominal
Circle,CIR_C,DIAM,7.824,7.900,-0.076,-0.100,0.100,,Criterion : Least Square (From 4 Pts On PL_FIXTURE) 
Circle,CIR_C,X,0.000,0.000,0.000,,,,
Circle,CIR_C,Z,-362.769,-362.800,0.030,,,,
Pos. Tol.,POS_C,PTOL,0.061,0.000,0.061,0.000,0.500,,CIR_C/NOMINAL - CS_ABC - C-Zone - XZ - Nominal
Circle,CIR1,X,-45.091,-45.500,0.409,,,,From 4 Pts On PL_FIXTURE
Circle,CIR1,Z,4.740,4.600,0.140,,,,
Pos. Tol.,POS_1,PTOL,0.864,0.000,0.864,0.000,1.200,,CIR1/NOMINAL - CS_ABC - C-Zone - XZ - Nominal
Circle,CIR2,X,-44.923,-44.800,-0.123,,,,From 4 Pts On PL_FIXTURE
Circle,CIR2,Z,-89.392,-89.500,0.108,,,,
Pos. Tol.,POS_2,PTOL,0.327,0.000,0.327,0.000,1.200,,CIR2/NOMINAL - CS_ABC - C-Zone - XZ - Nominal
Circle,CIR3,X,-45.004,-44.800,-0.204,,,,From 4 Pts On PL_FIXTURE
Circle,CIR3,Z,-178.802,-179.000,0.198,,,,
Pos. Tol.,POS_3,PTOL,0.569,0.000,0.569,0.000,1.200,,CIR3/NOMINAL - CS_ABC - C-Zone - XZ - Nominal
Circle,CIR4,X,-39.775,-39.550,-0.225,,,,From 4 Pts On PL_FIXTURE
Circle,CIR4,Z,-268.856,-269.100,0.244,,,,
Pos. Tol.,POS_4,PTOL,0.664,0.000,0.664,0.000,1.200,,CIR4/NOMINAL - CS_ABC - C-Zone - XZ - Nominal
Circle,CIR5,X,-31.046,-31.300,0.254,,,,From 4 Pts On PL_FIXTURE
Circle,CIR5,Z,-365.671,-366.000,0.329,,,,
Pos. Tol.,POS_5,PTOL,0.831,0.000,0.831,0.000,1.200,,CIR5/NOMINAL - CS_ABC - C-Zone - XZ - Nominal
Circle,CIR6,X,2.891,3.200,-0.309,,,,From 4 Pts On PL_FIXTURE
Circle,CIR6,Z,-284.244,-284.500,0.256,,,,
Pos. Tol.,POS_6,PTOL,0.802,0.000,0.802,0.000,1.200,,CIR6/NOMINAL - CS_ABC - C-Zone - XZ - Nominal
Circle,CIR7,X,2.949,3.200,-0.251,,,,From 4 Pts On PL_FIXTURE
Circle,CIR7,Z,-187.401,-187.500,0.099,,,,
Pos. Tol.,POS_7,PTOL,0.539,0.000,0.539,0.000,1.200,,CIR7/NOMINAL - CS_ABC - C-Zone - XZ - Nominal
Circle,CIR_8,X,2.886,3.200,-0.314,,,,From 4 Pts On PL_FIXTURE
Circle,CIR_8,Z,-89.566,-89.500,-0.066,,,,
Pos. Tol.,POS_8,PTOL,0.642,0.000,0.642,0.000,1.200,,CIR_8/NOMINAL - CS_ABC - C-Zone - XZ - Nominal
Circle,CIR_9,X,-190.056,-189.800,-0.256,,,,From 4 Pts On PL_PLAST_9
Circle,CIR_9,Z,-67.380,-67.702,0.322,,,,
Pos. Tol.,POS_9,PTOL,0.823,0.000,0.823,0.000,1.200,,CIR_9/NOMINAL - CS_ABC - C-Zone - XZ - Nominal
Circle,CIR_10,X,-190.155,-189.800,-0.355,,,,From 4 Pts On PL_PLAST_10
Circle,CIR_10,Z,-202.514,-203.002,0.487,,,,
Pos. Tol.,POS_10,PTOL,1.206,0.000,1.206,0.000,1.200,0.006,CIR_10/NOMINAL - CS_ABC - C-Zone - XZ - Nominal
Profile of Line,PROFILE_IN_OP1,PRFL,0.418,0.000,0.418,0.000,1.500,,OP1_SECT_IN
Profile of Line,PROFILE_IN_OP2,PRFL,0.712,0.000,0.712,0.000,1.500,,OP2_SECT_IN
Profile of Line,PROFILE_IN_OP3,PRFL,0.803,0.000,0.803,0.000,1.500,,OP3_SECT_IN
Profile of Line,PROFILE_IN_OP4,PRFL,0.692,0.000,0.692,0.000,1.500,,OP4_SECT_IN
Distance,OP1_WIDTH_1,D1,2.965,3.000,-0.035,-0.150,0.150,,OP1_PT1_OW_GAGE - OP1_PT1_IW_GAGE / OP1_CS
Distance,OP1_WIDTH_2,D1,2.974,3.000,-0.026,-0.150,0.150,,OP1_PT2_OW_GAGE - OP1_PT2_IW_GAGE / OP1_CS
Distance,OP1_WIDTH_3,D1,2.990,3.000,-0.010,-0.150,0.150,,OP1_PT3_OW_GAGE - OP1_PT3_IW_GAGE / OP1_CS
Distance,OP1_WIDTH_4,D1,3.107,3.000,0.107,-0.150,0.150,,OP1_PT4_OW_GAGE - OP1_PT4_IW_GAGE / OP1_CS
Distance,OP1_WIDTH_5,D1,2.855,3.000,-0.145,-0.150,0.150,,OP1_PT5_OW_GAGE - OP1_PT5_IW_GAGE / OP1_CS
Distance,OP1_WIDTH_6,D1,2.894,3.000,-0.106,-0.150,0.150,,OP1_PT6_OW_GAGE - OP1_PT6_IW_GAGE / OP1_CS
Distance,OP1_WIDTH_7,D1,3.047,3.000,0.047,-0.150,0.150,,OP1_PT7_OW_GAGE - OP1_PT7_IW_GAGE / OP1_CS
Distance,OP1_DEPTH_1,D1,4.924,5.000,-0.076,-0.250,0.250,,OP1_PT1_DEPTH - PL_FIXTURE / OP1_CS
Distance,OP1_DEPTH_2,D1,4.999,5.000,-0.001,-0.250,0.250,,OP1_PT2_DEPTH - PL_FIXTURE / OP1_CS
Distance,OP1_DEPTH_3,D1,5.150,5.000,0.150,-0.250,0.250,,OP1_PT3_DEPTH - PL_FIXTURE / OP1_CS
Distance,OP1_DEPTH_4,D1,5.079,5.000,0.079,-0.250,0.250,,OP1_PT4_DEPTH - PL_FIXTURE / OP1_CS
Distance,OP1_DEPTH_5,D1,5.103,5.000,0.103,-0.250,0.250,,OP1_PT5_DEPTH - PL_FIXTURE / OP1_CS
Distance,OP1_DEPTH_6,D1,4.946,5.000,-0.054,-0.250,0.250,,OP1_PT6_DEPTH - PL_FIXTURE / OP1_CS
Distance,OP1_DEPTH_7,D1,4.929,5.000,-0.071,-0.250,0.250,,OP1_PT7_DEPTH - PL_FIXTURE / OP1_CS
Distance,OP1_DEPTH_8,D1,5.051,5.000,0.051,-0.250,0.250,,OP1_PT8_DEPTH - PL_FIXTURE / OP1_CS
Distance,OP2_WIDTH_1,D1,2.950,3.000,-0.050,-0.150,0.150,,OP2_PT1_OW_GAGE - OP2_PT1_IW_GAGE / OP2_CS
Distance,OP2_WIDTH_2,D1,2.940,3.000,-0.060,-0.150,0.150,,OP2_PT2_OW_GAGE - OP2_PT2_IW_GAGE / OP2_CS
Distance,OP2_WIDTH_3,D1,2.986,3.000,-0.014,-0.150,0.150,,OP2_PT3_OW_GAGE - OP2_PT3_IW_GAGE / OP2_CS
Distance,OP2_WIDTH_4,D1,2.952,3.000,-0.048,-0.150,0.150,,OP2_PT4_OW_GAGE - OP2_PT4_IW_GAGE / OP2_CS
Distance,OP2_WIDTH_5,D1,2.992,3.000,-0.008,-0.150,0.150,,OP2_PT5_OW_GAGE - OP2_PT5_IW_GAGE / OP2_CS
Distance,OP2_WIDTH_6,D1,2.904,3.000,-0.096,-0.150,0.150,,OP2_PT6_OW_GAGE - OP2_PT6_IW_GAGE / OP2_CS
Distance,OP2_WIDTH_7,D1,3.058,3.000,0.058,-0.150,0.150,,OP2_PT7_OW_GAGE - OP2_PT7_IW_GAGE / OP2_CS
Distance,OP2_DEPTH_1,D1,4.948,5.000,-0.052,-0.250,0.250,,OP2_PT1_DEPTH - PL_FIXTURE / OP2_CS
Distance,OP2_DEPTH_2,D1,5.021,5.000,0.021,-0.250,0.250,,OP2_PT2_DEPTH - PL_FIXTURE / OP2_CS
Distance,OP2_DEPTH_3,D1,5.145,5.000,0.145,-0.250,0.250,,OP2_PT3_DEPTH - PL_FIXTURE / OP2_CS
Distance,OP2_DEPTH_4,D1,5.076,5.000,0.076,-0.250,0.250,,OP2_PT4_DEPTH - PL_FIXTURE / OP2_CS
Distance,OP2_DEPTH_5,D1,5.040,5.000,0.040,-0.250,0.250,,OP2_PT5_DEPTH - PL_FIXTURE / OP2_CS
Distance,OP2_DEPTH_6,D1,4.979,5.000,-0.021,-0.250,0.250,,OP2_PT6_DEPTH - PL_FIXTURE / OP2_CS
Distance,OP2_DEPTH_7,D1,4.918,5.000,-0.082,-0.250,0.250,,OP2_PT7_DEPTH - PL_FIXTURE / OP2_CS
Distance,OP2_DEPTH_8,D1,5.078,5.000,0.078,-0.250,0.250,,OP2_PT8_DEPTH - PL_FIXTURE / OP2_CS
Distance,OP3_WIDTH_1,D1,2.944,3.000,-0.056,-0.150,0.150,,OP3_PT1_OW_GAGE - OP3_PT1_IW_GAGE / OP3_CS
Distance,OP3_WIDTH_2,D1,2.908,3.000,-0.092,-0.150,0.150,,OP3_PT2_OW_GAGE - OP3_PT2_IW_GAGE / OP3_CS
Distance,OP3_WIDTH_3,D1,3.039,3.000,0.039,-0.150,0.150,,OP3_PT3_OW_GAGE - OP3_PT3_IW_GAGE / OP3_CS
Distance,OP3_WIDTH_4,D1,3.008,3.000,0.008,-0.150,0.150,,OP3_PT4_OW_GAGE - OP3_PT4_IW_GAGE / OP3_CS
Distance,OP3_WIDTH_5,D1,2.882,3.000,-0.118,-0.150,0.150,,OP3_PT5_OW_GAGE - OP3_PT5_IW_GAGE / OP3_CS
Distance,OP3_WIDTH_6,D1,2.975,3.000,-0.025,-0.150,0.150,,OP3_PT6_OW_GAGE - OP3_PT6_IW_GAGE / OP3_CS
Distance,OP3_WIDTH_7,D1,3.056,3.000,0.056,-0.150,0.150,,OP3_PT7_OW_GAGE - OP3_PT7_IW_GAGE / OP3_CS
Distance,OP3_DEPTH_1,D1,4.932,5.000,-0.068,-0.250,0.250,,OP3_PT1_DEPTH - PL_FIXTURE / OP3_CS
Distance,OP3_DEPTH_2,D1,4.953,5.000,-0.047,-0.250,0.250,,OP3_PT2_DEPTH - PL_FIXTURE / OP3_CS
Distance,OP3_DEPTH_3,D1,4.999,5.000,-0.001,-0.250,0.250,,OP3_PT3_DEPTH - PL_FIXTURE / OP3_CS
Distance,OP3_DEPTH_4,D1,4.980,5.000,-0.020,-0.250,0.250,,OP3_PT4_DEPTH - PL_FIXTURE / OP3_CS
Distance,OP3_DEPTH_5,D1,4.979,5.000,-0.021,-0.250,0.250,,OP3_PT5_DEPTH - PL_FIXTURE / OP3_CS
Distance,OP3_DEPTH_6,D1,4.836,5.000,-0.164,-0.250,0.250,,OP3_PT6_DEPTH - PL_FIXTURE / OP3_CS
Distance,OP3_DEPTH_7,D1,4.939,5.000,-0.061,-0.250,0.250,,OP3_PT7_DEPTH - PL_FIXTURE / OP3_CS
Distance,OP3_DEPTH_8,D1,5.066,5.000,0.066,-0.250,0.250,,OP3_PT8_DEPTH - PL_FIXTURE / OP3_CS
Distance,OP4_WIDTH_1,D1,2.929,3.000,-0.071,-0.150,0.150,,OP4_PT1_OW_GAGE - OP4_PT1_IW_GAGE / OP4_CS
Distance,OP4_WIDTH_2,D1,2.957,3.000,-0.043,-0.150,0.150,,OP4_PT2_OW_GAGE - OP4_PT2_IW_GAGE / OP4_CS
Distance,OP4_WIDTH_3,D1,3.009,3.000,0.009,-0.150,0.150,,OP4_PT3_OW_GAGE - OP4_PT3_IW_GAGE / OP4_CS
Distance,OP4_WIDTH_4,D1,3.068,3.000,0.068,-0.150,0.150,,OP4_PT4_OW_GAGE - OP4_PT4_IW_GAGE / OP4_CS
Distance,OP4_WIDTH_5,D1,2.876,3.000,-0.124,-0.150,0.150,,OP4_PT5_OW_GAGE - OP4_PT5_IW_GAGE / OP4_CS
Distance,OP4_WIDTH_6,D1,2.916,3.000,-0.084,-0.150,0.150,,OP4_PT6_OW_GAGE - OP4_PT6_IW_GAGE / OP4_CS
Distance,OP4_WIDTH_7,D1,3.030,3.000,0.030,-0.150,0.150,,OP4_PT7_OW_GAGE - OP4_PT7_IW_GAGE / OP4_CS
Distance,OP4_DEPTH_1,D1,4.845,5.000,-0.155,-0.250,0.250,,OP4_PT1_DEPTH - PL_FIXTURE / OP4_CS
Distance,OP4_DEPTH_2,D1,4.954,5.000,-0.046,-0.250,0.250,,OP4_PT2_DEPTH - PL_FIXTURE / OP4_CS
Distance,OP4_DEPTH_3,D1,5.010,5.000,0.010,-0.250,0.250,,OP4_PT3_DEPTH - PL_FIXTURE / OP4_CS
Distance,OP4_DEPTH_4,D1,4.937,5.000,-0.063,-0.250,0.250,,OP4_PT4_DEPTH - PL_FIXTURE / OP4_CS
Distance,OP4_DEPTH_5,D1,5.022,5.000,0.022,-0.250,0.250,,OP4_PT5_DEPTH - PL_FIXTURE / OP4_CS
Distance,OP4_DEPTH_6,D1,4.962,5.000,-0.038,-0.250,0.250,,OP4_PT6_DEPTH - PL_FIXTURE / OP4_CS
Distance,OP4_DEPTH_7,D1,4.937,5.000,-0.063,-0.250,0.250,,OP4_PT7_DEPTH - PL_FIXTURE / OP4_CS
Distance,OP4_DEPTH_8,D1,4.998,5.000,-0.002,-0.250,0.250,,OP4_PT8_DEPTH - PL_FIXTURE / OP4_CS
Circle,2D_CIR_11,DIAM,51.746,52.000,-0.254,-0.500,0.500,,
Circle,2D_CIR_11,X,-28.036,-28.000,-0.036,,,,
Circle,2D_CIR_11,Y,-37.507,-37.400,-0.107,,,,
Pos. Tol.,POS_11,PTOL,0.226,0.000,0.226,0.000,1.000,,2D_CIR_11/NOMINAL - CS_DEF_BF - C-Zone - XY - Nominal
Circle,2D_CIR_12,DIAM,11.077,11.000,0.077,-0.250,0.250,,
Circle,2D_CIR_12,X,-36.664,-36.600,-0.064,,,,
Circle,2D_CIR_12,Y,-78.821,-78.850,0.029,,,,
Pos. Tol.,POS_12,PTOL,0.141,0.000,0.141,0.000,1.000,,2D_CIR_12/NOMINAL - CS_DEF_BF - C-Zone - XY - Nominal
Circle,CIR_13,DIAM,4.966,4.980,-0.014,-0.200,0.100,,Criterion : Least Square (From 6 Pts On PL_DATUM_D) 
Circle,CIR_13,X,-161.134,-160.800,-0.334,,,,
Circle,CIR_13,Y,4.455,4.500,-0.045,,,,
Pos. Tol.,POS_13,PTOL,0.674,0.000,0.674,0.000,3.000,,CIR_13/NOMINAL - CS_ABC - C-Zone - XY - Nominal
Circle,CIR_14,DIAM,4.913,4.980,-0.067,-0.200,0.100,,Criterion : Least Square (From 6 Pts On PL_DATUM_D) 
Circle,CIR_14,X,-161.268,-160.800,-0.468,,,,
Circle,CIR_14,Y,72.159,72.492,-0.333,,,,
Pos. Tol.,POS_14,PTOL,1.149,0.000,1.149,0.000,3.000,,CIR_14/NOMINAL - CS_ABC - C-Zone - XY - Nominal
Circle,CIR_15,DIAM,4.949,4.980,-0.031,-0.200,0.100,,Criterion : Least Square (From 6 Pts On PL_DATUM_D) 
Circle,CIR_15,X,-104.407,-103.794,-0.612,,,,
Circle,CIR_15,Y,75.846,76.004,-0.158,,,,
Pos. Tol.,POS_15,PTOL,1.265,0.000,1.265,0.000,3.000,,CIR_15/NOMINAL - CS_ABC - C-Zone - XY - Nominal
Circle,CIR_16,DIAM,4.941,4.980,-0.039,-0.200,0.100,,Criterion : Least Square (From 6 Pts On PL_DATUM_D) 
Circle,CIR_16,X,-103.402,-102.794,-0.608,,,,
Circle,CIR_16,Y,4.423,4.504,-0.081,,,,
Pos. Tol.,POS_16,PTOL,1.227,0.000,1.227,0.000,3.000,,CIR_16/NOMINAL - CS_ABC - C-Zone - XY - Nominal
Circle,2D_CIR_13,X,-56.872,-57.000,0.128,,,,
Circle,2D_CIR_13,Y,-71.357,-71.500,0.143,,,,
Pos. Tol.,POS_2D_13,PTOL,0.383,0.000,0.383,0.000,0.500,,2D_CIR_13/NOMINAL - CS_DEF_BF - C-Zone - XY - Nominal
Circle,2D_CIR_14,X,-56.927,-57.000,0.073,,,,
Circle,2D_CIR_14,Y,-3.653,-3.500,-0.153,,,,
Pos. Tol.,POS_2D_14,PTOL,0.340,0.000,0.340,0.000,0.500,,2D_CIR_14/NOMINAL - CS_DEF_BF - C-Zone - XY - Nominal
Circle,2D_CIR_15,X,-0.061,0.000,-0.061,,,,
Circle,2D_CIR_15,Y,-0.032,0.000,-0.032,,,,
Pos. Tol.,POS_2D_15,PTOL,0.138,0.000,0.138,0.000,0.500,,2D_CIR_15/NOMINAL - CS_DEF_BF - C-Zone - XY - Nominal
Circle,2D_CIR_16,X,0.860,1.000,-0.140,,,,
Circle,2D_CIR_16,Y,-71.457,-71.500,0.043,,,,
Pos. Tol.,POS_2D_16,PTOL,0.293,0.000,0.293,0.000,0.500,,2D_CIR_16/NOMINAL - CS_DEF_BF - C-Zone - XY - Nominal
Circle,CIR_17,DIAM,16.176,16.000,0.176,-0.250,0.250,,Inters. PL_PLAST_17 - CYL_17.
Circle,CIR_17,X,-181.406,-180.980,-0.426,,,,
Circle,CIR_17,Z,-162.466,-162.880,0.414,,,,
Pos. Tol.,POS_17,PTOL,0.831,0.000,0.831,0.000,2.000,,CIR_17/NOMINAL - CS_ABC - C-Zone - YZ - Nominal
Circle,CIR_18,DIAM,8.523,8.560,-0.037,-0.100,0.100,,Criterion : Least Square (From 8 Pts On PL_PLAST_18) 
Circle,CIR_18,X,-96.048,-95.800,-0.248,,,,
Circle,CIR_18,Z,-255.800,-256.500,0.700,,,,
Pos. Tol.,POS_18,PTOL,1.485,0.000,1.485,0.000,2.000,,CIR_18/NOMINAL - CS_ABC - C-Zone - XZ - Nominal
Circle,CIR_19,DIAM,8.000,8.000,-0.000,-0.100,0.000,,Criterion : Least Square (From 8 Pts On PL_PLAST_19) 
Circle,CIR_19,Y,91.094,91.700,-0.606,,,,
Circle,CIR_19,Z,-95.355,-95.000,-0.355,,,,
Pos. Tol.,POS_19,PTOL,1.406,0.000,1.406,0.000,2.500,,CIR_19/NOMINAL - CS_ABC - C-Zone - YZ - Nominal
Perpend.,PERP_19,PERP,0.058,0.000,0.058,0.000,0.250,,CONE_19/PL_PLAST_19 - C-Zone - Nominal
Circle,2D_CIR_20,DIAM,3.179,3.200,-0.021,-0.100,0.100,,
Circle,2D_CIR_20,Y,0.058,0.000,0.058,,,,
Circle,2D_CIR_20,Z,13.068,13.000,0.068,,,,
Pos. Tol.,POS_20,PTOL,0.178,0.000,0.178,0.000,0.500,,2D_CIR_20/NOMINAL - CS_KL - C-Zone - YZ - Nominal
Circle,2D_CIR_21,DIAM,3.245,3.200,0.045,-0.100,0.100,,
Circle,2D_CIR_21,Y,0.058,0.000,0.058,,,,
Circle,2D_CIR_21,Z,-12.861,-13.000,0.139,,,,
Pos. Tol.,POS_21,PTOL,0.301,0.000,0.301,0.000,0.500,,2D_CIR_21/NOMINAL - CS_KL - C-Zone - YZ - Nominal
Circle,CIR_22,Y,71.201,71.000,0.201,,,,Inters. PL_PLAST_22 - CYL_22.
Circle,CIR_22,Z,-149.263,-149.880,0.617,,,,
Pos. Tol.,POS_22,PTOL,1.298,0.000,1.298,0.000,2.000,,CIR_22/NOMINAL - CS_ABC - C-Zone - YZ - Nominal
Circle,CIR_23,Y,71.026,71.000,0.026,,,,Inters. PL_PLAST_23 - CYL_23.
Circle,CIR_23,Z,-175.480,-175.880,0.400,,,,
Pos. Tol.,POS_23,PTOL,0.802,0.000,0.802,0.000,2.000,,CIR_23/NOMINAL - CS_ABC - C-Zone - YZ - Nominal
Circle,CIR_24,DIAM,4.984,5.000,-0.016,-0.100,0.100,,Criterion : Least Square (From 6 Pts On PL_24) 
Circle,CIR_24,X,16.806,17.185,-0.379,,,,
Circle,CIR_24,Y,66.803,66.455,0.349,,,,
Circle,CIR_24,Z,-37.548,-37.771,0.223,,,,
Pos. Tol.,POS_24,PTOL,1.122,0.000,1.122,0.000,2.000,,CIR_24/NOMINAL - CS_ABC - C-Zone - XYZ - Nominal
Circle,CIR_25,DIAM,4.972,5.000,-0.028,-0.100,0.100,,Criterion : Least Square (From 6 Pts On PL_25) 
Circle,CIR_25,X,16.585,17.185,-0.600,,,,
Circle,CIR_25,Y,66.644,66.455,0.189,,,,
Circle,CIR_25,Z,-135.536,-135.771,0.235,,,,
Pos. Tol.,POS_25,PTOL,1.343,0.000,1.343,0.000,2.000,,CIR_25/NOMINAL - CS_ABC - C-Zone - XYZ - Nominal
Circle,CIR_26,DIAM,4.948,5.000,-0.052,-0.100,0.100,,Criterion : Least Square (From 6 Pts On PL_26) 
Circle,CIR_26,X,16.656,17.185,-0.529,,,,
Circle,CIR_26,Y,66.667,66.455,0.212,,,,
Circle,CIR_26,Z,-233.447,-233.771,0.325,,,,
Pos. Tol.,POS_26,PTOL,1.312,0.000,1.312,0.000,2.000,,CIR_26/NOMINAL - CS_ABC - C-Zone - XYZ - Nominal
Circle,CIR_27,DIAM,4.964,5.000,-0.036,-0.100,0.100,,Criterion : Least Square (From 6 Pts On PL_27) 
Circle,CIR_27,X,16.613,17.185,-0.572,,,,
Circle,CIR_27,Y,66.954,66.455,0.499,,,,
Circle,CIR_27,Z,-331.333,-331.771,0.438,,,,
Pos. Tol.,POS_27,PTOL,1.753,0.000,1.753,0.000,2.000,,CIR_27/NOMINAL - CS_ABC - C-Zone - XYZ - Nominal
Circle,2D_CIR_24,Y,0.111,0.000,0.111,,,,
Circle,2D_CIR_24,Z,-0.082,0.000,-0.082,,,,
Pos. Tol.,POS_2D_24,PTOL,0.166,0.000,0.166,0.000,1.000,,2D_CIR_24/NOMINAL - CS_GHJ_BF - C-Zone - XZ - Nominal
Circle,2D_CIR_25,Y,-0.158,0.000,-0.158,,,,
Circle,2D_CIR_25,Z,-98.070,-98.000,-0.070,,,,
Pos. Tol.,POS_2D_25,PTOL,0.149,0.000,0.149,0.000,1.000,,2D_CIR_25/NOMINAL - CS_GHJ_BF - C-Zone - XZ - Nominal
Circle,2D_CIR_26,Y,-0.108,0.000,-0.108,,,,
Circle,2D_CIR_26,Z,-195.980,-196.000,0.020,,,,
Pos. Tol.,POS_2D_26,PTOL,0.178,0.000,0.178,0.000,1.000,,2D_CIR_26/NOMINAL - CS_GHJ_BF - C-Zone - XZ - Nominal
Circle,2D_CIR_27,Y,0.087,0.000,0.087,,,,
Circle,2D_CIR_27,Z,-293.867,-294.000,0.133,,,,
Pos. Tol.,POS_2D_27,PTOL,0.283,0.000,0.283,0.000,1.000,,2D_CIR_27/NOMINAL - CS_GHJ_BF - C-Zone - XZ - Nominal
Circle,2D_CIR_28,DIAM,13.952,14.000,-0.048,-0.100,0.100,,
Circle,2D_CIR_28,Y,-35.424,-35.200,-0.224,,,,
Circle,2D_CIR_28,Z,-0.350,-0.000,-0.350,,,,
Pos. Tol.,POS_2D_28,PTOL,1.136,0.000,1.136,0.000,1.500,,2D_CIR_28/NOMINAL - CS_GHJ_BF - C-Zone - XZ - Nominal
Circle,2D_CIR_29,DIAM,13.961,14.000,-0.039,-0.100,0.100,,
Circle,2D_CIR_29,Y,-35.122,-35.200,0.078,,,,
Circle,2D_CIR_29,Z,-98.025,-98.000,-0.025,,,,
Pos. Tol.,POS_2D_29,PTOL,1.151,0.000,1.151,0.000,1.500,,2D_CIR_29/NOMINAL - CS_GHJ_BF - C-Zone - XZ - Nominal
Circle,2D_CIR_30,DIAM,13.950,14.000,-0.050,-0.100,0.100,,
Circle,2D_CIR_30,Y,-35.505,-35.200,-0.305,,,,
Circle,2D_CIR_30,Z,-196.119,-196.000,-0.119,,,,
Pos. Tol.,POS_2D_30,PTOL,1.398,0.000,1.398,0.000,1.500,,2D_CIR_30/NOMINAL - CS_GHJ_BF - C-Zone - XZ - Nominal
Circle,2D_CIR_31,DIAM,13.949,14.000,-0.051,-0.100,0.100,,
Circle,2D_CIR_31,Y,-35.455,-35.200,-0.255,,,,
Circle,2D_CIR_31,Z,-293.520,-294.000,0.480,,,,
Pos. Tol.,POS_2D_31,PTOL,1.022,0.000,1.022,0.000,1.500,,2D_CIR_31/NOMINAL - CS_GHJ_BF - C-Zone - XZ - Nominal
Circle,CIR_32,DIAM,6.825,6.700,0.125,-0.250,0.250,,Criterion : Least Square (From 6 Pts On PL_PLAST_32) 
Circle,CIR_32,Y,8.967,8.968,-0.001,,,,
Circle,CIR_32,Z,-107.916,-107.770,-0.146,,,,
Pos. Tol.,POS_32,PTOL,0.292,0.000,0.292,0.000,2.000,,CIR_32/NOMINAL - CS_ABC - C-Zone - YZ - Nominal
Circle,CIR_33,DIAM,6.813,6.700,0.113,-0.250,0.250,,Criterion : Least Square (From 6 Pts On PL_PLAST_33) 
Circle,CIR_33,Y,8.984,8.968,0.016,,,,
Circle,CIR_33,Z,-205.789,-205.770,-0.018,,,,
Pos. Tol.,POS_33,PTOL,0.048,0.000,0.048,0.000,2.000,,CIR_33/NOMINAL - CS_ABC - C-Zone - YZ - Nominal
Circle,CIR_34,DIAM,6.804,6.700,0.104,-0.250,0.250,,Criterion : Least Square (From 6 Pts On PL_PLAST_34) 
Circle,CIR_34,Y,9.003,8.968,0.036,,,,
Circle,CIR_34,Z,-303.488,-303.770,0.282,,,,
Pos. Tol.,POS_34,PTOL,0.569,0.000,0.569,0.000,2.000,,CIR_34/NOMINAL - CS_ABC - C-Zone - YZ - Nominal
Flatness,FLATNESS_D,FLTN,0.313,0.000,0.313,0.000,0.300,0.013,PL_DATUM_D
Distance,WIDTH_TB1,D1,2.984,3.000,-0.016,-0.150,0.150,,0W2.5_1.1 - IW2.5_1.1 / CS_DEF_BF
Distance,WIDTH_TB2,D1,3.026,3.000,0.026,-0.150,0.150,,0W2.5_1.2 - IW2.5_1.2 / CS_DEF_BF
Distance,WIDTH_TB3,D1,3.016,3.000,0.016,-0.150,0.150,,0W2.5_1.3 - IW2.5_1.3 / CS_DEF_BF
Distance,WIDTH_TB4,D1,2.973,3.000,-0.027,-0.150,0.150,,0W2.5_1.4 - IW2.5_1.4 / CS_DEF_BF
Distance,WIDTH_TB5,D1,2.937,3.000,-0.063,-0.150,0.150,,0W2.5_1.5 - IW2.5_1.5 / CS_DEF_BF
Distance,WIDTH_TB6,D1,2.997,3.000,-0.003,-0.150,0.150,,0W2.5_1.6 - IW2.5_1.6 / CS_DEF_BF
Distance,WIDTH_TB7,D1,3.051,3.000,0.051,-0.150,0.150,,0W2.5_1.7 - IW2.5_1.7 / CS_DEF_BF
Distance,WIDTH_TB8,D1,3.010,3.000,0.010,-0.150,0.150,,0W2.5_1.8 - IW2.5_1.8 / CS_DEF_BF
Distance,WIDTH_TB9,D1,3.106,3.000,0.106,-0.150,0.150,,12_0W2.5_1.1 - 12_IW2.5_1.1 / CS_DEF_BF
Distance,WIDTH_TB10,D1,3.133,3.000,0.133,-0.150,0.150,,12_0W2.5_1.2 - 12_IW2.5_1.2 / CS_DEF_BF
Distance,WIDTH_TB11,D1,3.090,3.000,0.090,-0.150,0.150,,12_0W2.5_1.3 - 12_IW2.5_1.3 / CS_DEF_BF
Distance,WIDTH_TB12,D1,2.990,3.000,-0.010,-0.150,0.150,,12_0W2.5_1.4 - 12_IW2.5_1.4 / CS_DEF_BF
Distance,DEPTH_TB1,D1,5.219,5.000,0.219,-0.250,0.250,,TB_BOT_1.1 - PL_DATUM_D / CS_DEF_BF
Distance,DEPTH_TB2,D1,5.072,5.000,0.072,-0.250,0.250,,TB_BOT_1.2 - PL_DATUM_D / CS_DEF_BF
Distance,DEPTH_TB3,D1,5.044,5.000,0.044,-0.250,0.250,,TB_BOT_1.3 - PL_DATUM_D / CS_DEF_BF
Distance,DEPTH_TB4,D1,5.240,5.000,0.240,-0.250,0.250,,TB_BOT_1.4 - PL_DATUM_D / CS_DEF_BF
Distance,DEPTH_TB5,D1,5.259,5.000,0.259,-0.250,0.250,0.009,TB_BOT_1.5 - PL_DATUM_D / CS_DEF_BF
Distance,DEPTH_TB6,D1,5.148,5.000,0.148,-0.250,0.250,,TB_BOT_1.6 - PL_DATUM_D / CS_DEF_BF
Distance,DEPTH_TB7,D1,5.102,5.000,0.102,-0.250,0.250,,TB_BOT_1.7 - PL_DATUM_D / CS_DEF_BF
Distance,DEPTH_TB8,D1,5.202,5.000,0.202,-0.250,0.250,,TB_BOT_1.8 - PL_DATUM_D / CS_DEF_BF
Distance,DEPTH_TB9,D1,5.293,5.000,0.293,-0.250,0.250,0.043,12_BOT_.1 - PL_DATUM_D / CS_DEF_BF
Distance,DEPTH_TB10,D1,5.333,5.000,0.333,-0.250,0.250,0.083,12_BOT_.2 - PL_DATUM_D / CS_DEF_BF
Distance,DEPTH_TB11,D1,5.272,5.000,0.272,-0.250,0.250,0.022,12_BOT_.3 - PL_DATUM_D / CS_DEF_BF
Distance,DEPTH_TB12,D1,5.209,5.000,0.209,-0.250,0.250,,12_BOT_.4 - PL_DATUM_D / CS_DEF_BF
Circle,CIR_35,DIAM,6.715,6.750,-0.035,-0.250,0.250,,Criterion : Least Square (From 6 Pts On PL_PLAST_35) 
Circle,CIR_35,X,19.553,19.200,0.353,,,,
Circle,CIR_35,Z,9.598,10.000,-0.402,,,,
Pos. Tol.,POS_35,PTOL,1.070,0.000,1.070,0.000,2.000,,CIR_35/NOMINAL - CS_ABC - C-Zone - XZ - Nominal
Circle,CIR_36,DIAM,6.772,6.750,0.022,-0.250,0.250,,Criterion : Least Square (From 6 Pts On PL_PLAST_36) 
Circle,CIR_36,X,-207.735,-207.800,0.065,,,,
Circle,CIR_36,Z,-67.179,-67.700,0.521,,,,
Pos. Tol.,POS_36,PTOL,1.051,0.000,1.051,0.000,2.000,,CIR_36/NOMINAL - CS_ABC - C-Zone - XZ - Nominal
