Feat. Type,Feat. Name,Value,Actual,Nominal,Dev.,Tol-,Tol+,Out of Tol.,Comment
Text/Value,VAR_PROGRAM,VAL,,,,,,,'N:\Metrolog XG\Programmes\Ford Transmission Pan 10R60\Ford Transmission Pan 10R60 Free State (Module_44).gm2'
Text/Value,VAR_EVENEMENT,VAL,,,,,,,'OTS-01'
Text/Value,VAR_COMMENTAIRES,VAL,,,,,,,'Part No.36'
Flatness,FLAT_A,FLTN,1.7734,0.0000,1.7734,0.0000,3.5000,,PL_DATUM_A
Flatness,FLAT_A_SECT_1,FLTN,0.3444,0.0000,0.3444,0.0000,1.7500,,PL_DATUM_A_SECT_1
Flatness,FLAT_A_SECT_2,FLTN,0.8678,0.0000,0.8678,0.0000,1.7500,,PL_DATUM_A_SECT_2
Flatness,FLAT_A_SECT_3,FLTN,1.0062,0.0000,1.0062,0.0000,1.7500,,PL_DATUM_A_SECT_3
Flatness,FLAT_A_SECT_4,FLTN,0.3538,0.0000,0.3538,0.0000,1.7500,,PL_DATUM_A_SECT_4
Distance,H_1,D1,9.9032,10.0500,-0.1468,-0.1000,0.1000,-0.0468,CIR_FLANGE_1 - CIR_PRJ_TOP_1 / CS_CAD_CIR_20
Distance,H_2,D1,9.9004,10.0500,-0.1496,-0.1000,0.1000,-0.0496,CIR_FLANGE_2 - CIR_PRJ_TOP_2 / CS_CAD_CIR_20
Distance,H_3,D1,9.8922,10.0500,-0.1578,-0.1000,0.1000,-0.0578,CIR_FLANGE_3 - CIR_PRJ_TOP_3 / CS_CAD_CIR_20
Distance,H_4,D1,9.9199,10.0500,-0.1301,-0.1000,0.1000,-0.0301,CIR_FLANGE_4 - CIR_PRJ_TOP_4 / CS_CAD_CIR_20
Distance,H_5,D1,9.8903,10.0500,-0.1597,-0.1000,0.1000,-0.0597,CIR_FLANGE_5 - CIR_PRJ_TOP_5 / CS_CAD_CIR_20
Distance,H_6,D1,9.9343,10.0500,-0.1157,-0.1000,0.1000,-0.0157,CIR_FLANGE_6 - CIR_PRJ_TOP_6 / CS_CAD_CIR_20
Distance,H_7,D1,9.9909,10.0500,-0.0591,-0.1000,0.1000,,CIR_FLANGE_7 - CIR_PRJ_TOP_7 / CS_CAD_CIR_20
Distance,H_8,D1,9.9821,10.0500,-0.0679,-0.1000,0.1000,,CIR_FLANGE_8 - CIR_PRJ_TOP_8 / CS_CAD_CIR_20
Distance,H_9,D1,10.0646,10.0500,0.0146,-0.1000,0.1000,,CIR_FLANGE_9 - CIR_PRJ_TOP_9 / CS_CAD_CIR_20
Distance,H_10,D1,9.9977,10.0500,-0.0523,-0.1000,0.1000,,CIR_FLANGE_10 - CIR_PRJ_TOP_10 / CS_CAD_CIR_20
Distance,H_11,D1,9.9358,10.0500,-0.1142,-0.1000,0.1000,-0.0142,CIR_FLANGE_11 - CIR_PRJ_TOP_11 / CS_CAD_CIR_20
Distance,H_12,D1,9.9075,10.0500,-0.1425,-0.1000,0.1000,-0.0425,CIR_FLANGE_12 - CIR_PRJ_TOP_12 / CS_CAD_CIR_20
Distance,H_13,D1,9.8891,10.0500,-0.1609,-0.1000,0.1000,-0.0609,CIR_FLANGE_13 - CIR_PRJ_TOP_13 / CS_CAD_CIR_20
Distance,H_14,D1,10.0756,10.0500,0.0256,-0.1000,0.1000,,CIR_FLANGE_14 - CIR_PRJ_TOP_14 / CS_CAD_CIR_20
Distance,H_15,D1,9.9470,10.0500,-0.1030,-0.1000,0.1000,-0.0030,CIR_FLANGE_15 - CIR_PRJ_TOP_15 / CS_CAD_CIR_20
Distance,H_16,D1,10.0552,10.0500,0.0052,-0.1000,0.1000,,CIR_FLANGE_16 - CIR_PRJ_TOP_16 / CS_CAD_CIR_20
Distance,H_17,D1,10.0826,10.0500,0.0326,-0.1000,0.1000,,CIR_FLANGE_17 - CIR_PRJ_TOP_17 / CS_CAD_CIR_20
Distance,H_18,D1,10.0447,10.0500,-0.0053,-0.1000,0.1000,,CIR_FLANGE_18 - CIR_PRJ_TOP_18 / CS_CAD_CIR_20
Distance,H_19,D1,10.0386,10.0500,-0.0114,-0.1000,0.1000,,CIR_FLANGE_19 - CIR_PRJ_TOP_19 / CS_CAD_CIR_20
Distance,H_20,D1,9.9981,10.0500,-0.0519,-0.1000,0.1000,,CIR_FLANGE_20 - CIR_PRJ_TOP_20 / CS_CAD_CIR_20
