Feat. Type,Feat. Name,Value,Actual,Nominal,Dev.,Tol-,Tol+,Out of Tol.,Comment
Text/Value,VAR_PROGRAM,VAL,,,,,,,'N:\Metrolog XG\Programmes\D-33 RWD\D33 RWD Crush Rib (Module 44).gm2'
Text/Value,VAR_EVENEMENT,VAL,,,,,,,'FIP 06054'
Text/Value,VAR_COMMENTAIRES,VAL,,,,,,,'290B'
Circle,CIR_31_TOP,X,230.383,230.300,0.083,,,,Criterion : Least Square (From 8 Pts On PL_PLAST_TOP_31) 
Circle,CIR_31_TOP,Z,-30.232,-30.200,-0.032,,,,
Pos. Tol.,POS_31_TOP,PTOL,0.178,0.000,0.178,0.000,2.000,,CIR_31_TOP/NOMINAL - CS_ABC_BF - C-Zone - XZ - Nominal
Distance,PLASTIC_HEIGHT_31,D1,100.085,100.600,-0.515,,,,CIR_31_TOP - CIR_31_FL / CS_ABC_BF
Circle,CIR_32_TOP,X,124.572,124.300,0.272,,,,Criterion : Least Square (From 8 Pts On PL_PLAST_TOP_32) 
Circle,CIR_32_TOP,Z,-30.636,-30.200,-0.436,,,,
Pos. Tol.,POS_32_TOP,PTOL,1.027,0.000,1.027,0.000,2.000,,CIR_32_TOP/NOMINAL - CS_ABC_BF - C-Zone - XZ - Nominal
Distance,PLASTIC_HEIGHT_32,D1,100.320,100.600,-0.280,,,,CIR_32_TOP - CIR_32_FL / CS_ABC_BF
