Feat. Type,Feat. Name,Value,Actual,Nominal,Dev.,Tol-,Tol+,Out of Tol.,Comment
Text/Value,VAR_PROGRAM,VAL,,,,,,,'N:\Metrolog XG\Programmes\Ford Transmission Pan 10R80\Ford Transmission Pan 10R80 Free State Cavit� 2 (Module_44).gm2'
Text/Value,VAR_EVENEMENT,VAL,,,,,,,'Dem. 275A nid 2'
Text/Value,VAR_COMMENTAIRES,VAL,,,,,,,'275 B'
Flatness,FLAT_A,FLTN,1.739,0.000,1.739,0.000,3.500,,PL_DATUM_A
Flatness,FLAT_A_SECT_1,FLTN,0.194,0.000,0.194,0.000,1.750,,PL_DATUM_A_SECT_1
Flatness,FLAT_A_SECT_2,FLTN,1.068,0.000,1.068,0.000,1.750,,PL_DATUM_A_SECT_2
Flatness,FLAT_A_SECT_3,FLTN,1.258,0.000,1.258,0.000,1.750,,PL_DATUM_A_SECT_3
Flatness,FLAT_A_SECT_4,FLTN,0.212,0.000,0.212,0.000,1.750,,PL_DATUM_A_SECT_4
