Feat. Type,Feat. Name,Value,Actual,Nominal,Dev.,Tol-,Tol+,Out of Tol.,Comment
Text/Value,VAR_PROGRAM,VAL,,,,,,,'N:\Metrolog XG\Programmes\Corvette LT1\Corvette LT1 Free State Boss Height (Module 44).gm2'
Text/Value,VAR_EVENEMENT,VAL,,,,,,,'Validation 1heure FIP-05628'
Text/Value,VAR_COMMENTAIRES,VAL,,,,,,,'304 C'
Flatness,FLAT_DATUM_A,FLTN,0.366,0.000,0.366,0.000,2.000,,PL_DATUM_A
Flatness,FLAT_DATUM_B,FLTN,0.426,0.000,0.426,0.000,2.000,,PL_DATUM_B
Text/Value,H_PLASTIC_1,VAL,145.487320,145.620000,-0.132680,-0.375000,0.375000,,
Text/Value,H_PLASTIC_2,VAL,145.489060,145.620000,-0.130940,-0.375000,0.375000,,
Text/Value,H_PLASTIC_3,VAL,145.589125,145.620000,-0.030875,-0.375000,0.375000,,
Text/Value,H_PLASTIC_4,VAL,145.499862,145.620000,-0.120138,-0.375000,0.375000,,
Text/Value,H_PLASTIC_5,VAL,145.544437,145.620000,-0.075563,-0.375000,0.375000,,
Text/Value,H_PLASTIC_6,VAL,145.402799,145.620000,-0.217201,-0.375000,0.375000,,
Text/Value,H_PLASTIC_7,VAL,145.374214,145.620000,-0.245786,-0.375000,0.375000,,
Text/Value,H_PLASTIC_8,VAL,145.495984,145.620000,-0.124016,-0.375000,0.375000,,
Text/Value,H_PLASTIC_9,VAL,145.336107,145.620000,-0.283893,-0.375000,0.375000,,
Text/Value,H_PLASTIC_10,VAL,145.560916,145.620000,-0.059084,-0.375000,0.375000,,
