Feat. Type,Feat. Name,Value,Actual,Nominal,Dev.,Tol-,Tol+,Out of Tol.,Comment
Text/Value,VAR_PROGRAM,VAL,,,,,,,'N:\Metrolog XG\Programmes\GM HF RWD Gen II\GM HF RWD Gen II Complete (Module 64).gm2'
Text/Value,VAR_EVENEMENT,VAL,,,,,,,'Smed'
Text/Value,VAR_COMMENTAIRES,VAL,,,,,,,'300 B'
Point,PNT_MID_C,Z,-0.106,0.000,-0.106,,,,Med. SRF_C_TOP - SRF_C_DOWN.
Distance,WIDTH_C,D1,8.769,8.860,-0.091,-0.150,0.150,,SRF_C_TOP - SRF_C_DOWN / CS_ABC_BF_SURFACES
Circle,CIR1,X,-51.460,-52.000,0.540,,,,From 4 Pts On PL_PLAST_1
Circle,CIR1,Z,-112.605,-112.500,-0.105,,,,
Pos. Tol.,PTOL_CIR_1,PTOL,1.100,0.000,1.100,0.000,1.941,,CIR1/NOMINAL - CS_AB_PORTS - C-Zone - XZ - Nominal
Circle,CIR2,X,-51.668,-52.000,0.332,,,,From 4 Pts On PL_PLAST_2
Circle,CIR2,Z,-17.994,-18.000,0.006,,,,
Pos. Tol.,PTOL_CIR_2,PTOL,0.664,0.000,0.664,0.000,1.941,,CIR2/NOMINAL - CS_AB_PORTS - C-Zone - XZ - Nominal
Circle,CIR3,X,-51.520,-52.000,0.480,,,,From 4 Pts On PL_PLAST_3
Circle,CIR3,Z,87.627,88.000,-0.373,,,,
Pos. Tol.,PTOL_CIR_3,PTOL,1.216,0.000,1.216,0.000,1.941,,CIR3/NOMINAL - CS_AB_PORTS - C-Zone - XZ - Nominal
Circle,CIR4,X,-51.408,-52.000,0.592,,,,From 4 Pts On PL_PLAST_4
Circle,CIR4,Z,193.504,194.000,-0.496,,,,
Pos. Tol.,PTOL_CIR_4,PTOL,1.545,0.000,1.545,0.000,1.941,,CIR4/NOMINAL - CS_AB_PORTS - C-Zone - XZ - Nominal
Circle,CIR5,X,51.857,52.000,-0.143,,,,From 3 Pts On PL_PLAST_5
Circle,CIR5,Z,154.958,155.500,-0.542,,,,
Pos. Tol.,PTOL_CIR_5,PTOL,1.121,0.000,1.121,0.000,1.941,,CIR5/NOMINAL - CS_AB_PORTS - C-Zone - XZ - Nominal
Circle,CIR6,X,51.666,52.000,-0.334,,,,From 4 Pts On PL_PLAST_6
Circle,CIR6,Z,60.803,61.000,-0.197,,,,
Pos. Tol.,PTOL_CIR_6,PTOL,0.777,0.000,0.777,0.000,1.941,,CIR6/NOMINAL - CS_AB_PORTS - C-Zone - XZ - Nominal
Circle,CIR7,X,51.828,52.000,-0.172,,,,From 4 Pts On PL_PLAST_7
Circle,CIR7,Z,-44.912,-45.000,0.088,,,,
Pos. Tol.,PTOL_CIR_7,PTOL,0.387,0.000,0.387,0.000,1.941,,CIR7/NOMINAL - CS_AB_PORTS - C-Zone - XZ - Nominal
Circle,CIR8,X,51.579,52.000,-0.421,,,,From 4 Pts On PL_PLAST_8
Circle,CIR8,Z,-150.736,-151.000,0.264,,,,
Pos. Tol.,PTOL_CIR_8,PTOL,0.994,0.000,0.994,0.000,1.941,,CIR8/NOMINAL - CS_AB_PORTS - C-Zone - XZ - Nominal
Circle,CIR_9_GAGE_6,DIAM,12.252,12.200,0.052,-0.080,0.120,,Criterion : Least Square (From 12 Pts On PL_PLAST_9) 
Circle,2D_CIR_10,X,-0.272,0.000,-0.272,,,,
Circle,2D_CIR_10,Z,0.000,0.000,0.000,,,,
Pos. Tol.,PTOL_2D_CIR_10,PTOL,0.151,0.000,0.151,0.000,0.500,,2D_CIR_10/NOMINAL - CS_HJ - C-Zone - YZ - Nominal
Distance,H_10,X,0.117,-0.000,0.117,0.000,0.400,,CIR_10 - PL_PLAST_10 / CS_HJ_ROT_180
Circle,2D_CIR_INS_11,X,41.693,42.000,-0.307,,,,
Circle,2D_CIR_INS_11,Y,28.933,29.000,-0.067,,,,
Pos. Tol.,PTOL_2D_CIR_11,PTOL,0.629,0.000,0.629,0.000,0.650,,2D_CIR_INS_11/NOMINAL - CS_D_BF - C-Zone - XY - Nominal
Distance,H_11,Z,0.160,-0.000,0.160,0.000,0.400,,CIR_INS_11 - PL_PLAST_INS_11 / CS_D_BF
Circle,2D_CIR_INS_12,X,42.016,42.000,0.016,,,,
Circle,2D_CIR_INS_12,Y,-34.011,-34.000,-0.011,,,,
Pos. Tol.,PTOL_2D_CIR_12,PTOL,0.038,0.000,0.038,0.000,0.650,,2D_CIR_INS_12/NOMINAL - CS_D_BF - C-Zone - XY - Nominal
Distance,H_12,Z,0.152,-0.000,0.152,0.000,0.400,,CIR_INS_12 - PL_PLAST_INS_12 / CS_D_BF
Circle,2D_CIR_INS_13,X,-41.912,-42.000,0.088,,,,
Circle,2D_CIR_INS_13,Y,-33.935,-34.000,0.065,,,,
Pos. Tol.,PTOL_2D_CIR_13,PTOL,0.220,0.000,0.220,0.000,0.650,,2D_CIR_INS_13/NOMINAL - CS_D_BF - C-Zone - XY - Nominal
Distance,H_13,Z,0.151,-0.000,0.151,0.000,0.400,,CIR_INS_13 - PL_PLAST_INS_13 / CS_D_BF
Circle,2D_CIR_INS_14,X,-41.797,-42.000,0.203,,,,
Circle,2D_CIR_INS_14,Y,29.013,29.000,0.013,,,,
Pos. Tol.,PTOL_2D_CIR_14,PTOL,0.407,0.000,0.407,0.000,0.650,,2D_CIR_INS_14/NOMINAL - CS_D_BF - C-Zone - XY - Nominal
Distance,H_14,Z,0.115,-0.000,0.115,0.000,0.400,,CIR_INS_14 - PL_PLAST_INS_14 / CS_D_BF
Paral.,PERP_11_,PARA,0.159,0.000,0.159,0.000,0.250,,PL_INS_11/PL_PLAST_A - P-Zone - Cloud of Points 
Paral.,PERP_12_,PARA,0.161,0.000,0.161,0.000,0.250,,PL_INS_12/PL_PLAST_A - P-Zone - Cloud of Points 
Paral.,PERP_13_,PARA,0.121,0.000,0.121,0.000,0.250,,PL_INS_13/PL_PLAST_A - P-Zone - Cloud of Points 
Paral.,PERP_14_,PARA,0.106,0.000,0.106,0.000,0.250,,PL_INS_14/PL_PLAST_A - P-Zone - Cloud of Points 
Distance,OP1_WIDTH_1,D1,3.980,4.000,-0.020,-0.250,0.100,,OP1_PT1_OW_GAGE - OP1_PT1_IW_GAGE / CS_BF_OP1
Distance,OP1_WIDTH_2,D1,3.982,4.000,-0.018,-0.250,0.050,,OP1_PT2_OW_GAGE - OP1_PT2_IW_GAGE / CS_BF_OP1
Distance,OP1_WIDTH_3,D1,3.913,4.000,-0.087,-0.250,0.050,,OP1_PT3_OW_GAGE - OP1_PT3_IW_GAGE / CS_BF_OP1
Distance,OP1_WIDTH_4,D1,3.871,4.000,-0.129,-0.250,0.050,,OP1_PT4_OW_GAGE - OP1_PT4_IW_GAGE / CS_BF_OP1
Distance,OP1_WIDTH_5,D1,3.963,4.000,-0.037,-0.250,0.100,,OP1_PT5_OW_GAGE - OP1_PT5_IW_GAGE / CS_BF_OP1
Distance,OP1_WIDTH_6,D1,3.950,4.000,-0.050,-0.250,0.050,,OP1_PT6_OW_GAGE - OP1_PT6_IW_GAGE / CS_BF_OP1
Distance,OP1_WIDTH_7,D1,3.838,4.000,-0.162,-0.250,0.050,,OP1_PT7_OW_GAGE - OP1_PT7_IW_GAGE / CS_BF_OP1
Distance,OP1_WIDTH_8,D1,3.903,4.000,-0.097,-0.250,0.050,,OP1_PT8_OW_GAGE - OP1_PT8_IW_GAGE / CS_BF_OP1
Distance,OP_1_DEPTH_1,D1,6.002,6.000,0.002,-0.150,0.250,,OP1_PT1_DEPTH - PL_FIXTURE_A / CS_BF_OP1
Distance,OP_1_DEPTH_2,D1,6.053,6.000,0.052,-0.150,0.250,,OP1_PT2_DEPTH - PL_FIXTURE_A / CS_BF_OP1
Distance,OP_1_DEPTH_3,D1,6.111,6.000,0.111,-0.150,0.250,,OP1_PT3_DEPTH - PL_FIXTURE_A / CS_BF_OP1
Distance,OP_1_DEPTH_4,D1,6.274,6.000,0.274,-0.150,0.300,,OP1_PT4_DEPTH - PL_FIXTURE_A / CS_BF_OP1
Distance,OP_1_DEPTH_5,D1,6.305,6.000,0.304,-0.150,0.300,0.004,OP1_PT5_DEPTH - PL_FIXTURE_A / CS_BF_OP1
Distance,OP_1_DEPTH_6,D1,6.254,6.000,0.254,-0.150,0.300,,OP1_PT6_DEPTH - PL_FIXTURE_A / CS_BF_OP1
Distance,OP_1_DEPTH_7,D1,6.142,6.000,0.142,-0.150,0.250,,OP1_PT7_DEPTH - PL_FIXTURE_A / CS_BF_OP1
Distance,OP_1_DEPTH_8,D1,6.083,6.000,0.083,-0.150,0.250,,OP1_PT8_DEPTH - PL_FIXTURE_A / CS_BF_OP1
Profile of Line,OP1TOL_PRF_IN,PRFL,0.942,0.000,0.942,0.000,1.441,,OP1_SECT_IN
Distance,OP2_WIDTH_1,D1,3.973,4.000,-0.027,-0.250,0.050,,OP2_PT1_OW_GAGE - OP2_PT1_IW_GAGE / CS_BF_OP2
Distance,OP2_WIDTH_2,D1,3.941,4.000,-0.059,-0.250,0.050,,OP2_PT2_OW_GAGE - OP2_PT2_IW_GAGE / CS_BF_OP2
Distance,OP2_WIDTH_3,D1,3.872,4.000,-0.128,-0.250,0.050,,OP2_PT3_OW_GAGE - OP2_PT3_IW_GAGE / CS_BF_OP2
Distance,OP2_WIDTH_4,D1,3.922,4.000,-0.078,-0.250,0.050,,OP2_PT4_OW_GAGE - OP2_PT4_IW_GAGE / CS_BF_OP2
Distance,OP2_WIDTH_5,D1,3.864,4.000,-0.136,-0.250,0.050,,OP2_PT5_OW_GAGE - OP2_PT5_IW_GAGE / CS_BF_OP2
Distance,OP2_WIDTH_6,D1,3.940,4.000,-0.060,-0.250,0.050,,OP2_PT6_OW_GAGE - OP2_PT6_IW_GAGE / CS_BF_OP2
Distance,OP2_WIDTH_7,D1,3.993,4.000,-0.007,-0.250,0.050,,OP2_PT7_OW_GAGE - OP2_PT7_IW_GAGE / CS_BF_OP2
Distance,OP2_WIDTH_8,D1,3.929,4.000,-0.071,-0.250,0.050,,OP2_PT8_OW_GAGE - OP2_PT8_IW_GAGE / CS_BF_OP2
Distance,OP_2_DEPTH_1,D1,6.016,6.000,0.016,-0.150,0.250,,OP2_PT1_DEPTH - PL_FIXTURE_A / CS_BF_OP2
Distance,OP_2_DEPTH_2,D1,6.031,6.000,0.031,-0.150,0.250,,OP2_PT2_DEPTH - PL_FIXTURE_A / CS_BF_OP2
Distance,OP_2_DEPTH_3,D1,6.058,6.000,0.058,-0.150,0.250,,OP2_PT3_DEPTH - PL_FIXTURE_A / CS_BF_OP2
Distance,OP_2_DEPTH_4,D1,6.204,6.000,0.204,-0.150,0.250,,OP2_PT4_DEPTH - PL_FIXTURE_A / CS_BF_OP2
Distance,OP_2_DEPTH_5,D1,6.272,6.000,0.272,-0.150,0.250,0.022,OP2_PT5_DEPTH - PL_FIXTURE_A / CS_BF_OP2
Distance,OP_2_DEPTH_6,D1,6.267,6.000,0.266,-0.150,0.250,0.016,OP2_PT6_DEPTH - PL_FIXTURE_A / CS_BF_OP2
Distance,OP_2_DEPTH_7,D1,6.165,6.000,0.165,-0.150,0.250,,OP2_PT7_DEPTH - PL_FIXTURE_A / CS_BF_OP2
Distance,OP_2_DEPTH_8,D1,6.075,6.000,0.075,-0.150,0.250,,OP2_PT8_DEPTH - PL_FIXTURE_A / CS_BF_OP2
Profile of Line,OP2TOL_PRF_IN,PRFL,1.121,0.000,1.121,0.000,1.600,,OP2_SECT_IN
Distance,OP3_WIDTH_1,D1,3.952,4.000,-0.048,-0.250,0.050,,OP3_PT1_OW_GAGE - OP3_PT1_IW_GAGE / CS_BF_OP3
Distance,OP3_WIDTH_2,D1,3.975,4.000,-0.025,-0.250,0.050,,OP3_PT2_OW_GAGE - OP3_PT2_IW_GAGE / CS_BF_OP3
Distance,OP3_WIDTH_3,D1,3.906,4.000,-0.094,-0.250,0.050,,OP3_PT3_OW_GAGE - OP3_PT3_IW_GAGE / CS_BF_OP3
Distance,OP3_WIDTH_4,D1,3.948,4.000,-0.052,-0.250,0.050,,OP3_PT4_OW_GAGE - OP3_PT4_IW_GAGE / CS_BF_OP3
Distance,OP3_WIDTH_5,D1,3.881,4.000,-0.119,-0.250,0.050,,OP3_PT5_OW_GAGE - OP3_PT5_IW_GAGE / CS_BF_OP3
Distance,OP3_WIDTH_6,D1,3.957,4.000,-0.043,-0.250,0.050,,OP3_PT6_OW_GAGE - OP3_PT6_IW_GAGE / CS_BF_OP3
Distance,OP3_WIDTH_7,D1,3.906,4.000,-0.094,-0.250,0.050,,OP3_PT7_OW_GAGE - OP3_PT7_IW_GAGE / CS_BF_OP3
Distance,OP3_WIDTH_8,D1,3.904,4.000,-0.096,-0.250,0.050,,OP3_PT8_OW_GAGE - OP3_PT8_IW_GAGE / CS_BF_OP3
Distance,OP_3_DEPTH_1,D1,5.945,6.000,-0.055,-0.150,0.250,,OP3_PT1_DEPTH - PL_FIXTURE_A / CS_BF_OP3
Distance,OP_3_DEPTH_2,D1,5.982,6.000,-0.018,-0.150,0.250,,OP3_PT2_DEPTH - PL_FIXTURE_A / CS_BF_OP3
Distance,OP_3_DEPTH_3,D1,6.006,6.000,0.006,-0.150,0.250,,OP3_PT3_DEPTH - PL_FIXTURE_A / CS_BF_OP3
Distance,OP_3_DEPTH_4,D1,6.188,6.000,0.188,-0.150,0.250,,OP3_PT4_DEPTH - PL_FIXTURE_A / CS_BF_OP3
Distance,OP_3_DEPTH_5,D1,6.255,6.000,0.255,-0.150,0.250,0.005,OP3_PT5_DEPTH - PL_FIXTURE_A / CS_BF_OP3
Distance,OP_3_DEPTH_6,D1,6.143,6.000,0.143,-0.150,0.250,,OP3_PT6_DEPTH - PL_FIXTURE_A / CS_BF_OP3
Distance,OP_3_DEPTH_7,D1,6.023,6.000,0.023,-0.150,0.250,,OP3_PT7_DEPTH - PL_FIXTURE_A / CS_BF_OP3
Distance,OP_3_DEPTH_8,D1,5.994,6.000,-0.006,-0.150,0.250,,OP3_PT8_DEPTH - PL_FIXTURE_A / CS_BF_OP3
Profile of Line,OP3TOL_PRF_IN,PRFL,1.034,0.000,1.034,0.000,1.441,,OP3_SECT_IN
Distance,OP4_WIDTH_1,D1,3.956,4.000,-0.044,-0.250,0.050,,OP4_PT1_OW_GAGE - OP4_PT1_IW_GAGE / CS_BF_OP4
Distance,OP4_WIDTH_2,D1,3.978,4.000,-0.022,-0.250,0.050,,OP4_PT2_OW_GAGE - OP4_PT2_IW_GAGE / CS_BF_OP4
Distance,OP4_WIDTH_3,D1,3.953,4.000,-0.047,-0.250,0.050,,OP4_PT3_OW_GAGE - OP4_PT3_IW_GAGE / CS_BF_OP4
Distance,OP4_WIDTH_4,D1,3.872,4.000,-0.128,-0.250,0.050,,OP4_PT4_OW_GAGE - OP4_PT4_IW_GAGE / CS_BF_OP4
Distance,OP4_WIDTH_5,D1,3.937,4.000,-0.063,-0.250,0.050,,OP4_PT5_OW_GAGE - OP4_PT5_IW_GAGE / CS_BF_OP4
Distance,OP4_WIDTH_6,D1,3.872,4.000,-0.128,-0.250,0.050,,OP4_PT6_OW_GAGE - OP4_PT6_IW_GAGE / CS_BF_OP4
Distance,OP4_WIDTH_7,D1,3.898,4.000,-0.102,-0.250,0.050,,OP4_PT7_OW_GAGE - OP4_PT7_IW_GAGE / CS_BF_OP4
Distance,OP4_WIDTH_8,D1,3.907,4.000,-0.093,-0.250,0.050,,OP4_PT8_OW_GAGE - OP4_PT8_IW_GAGE / CS_BF_OP4
Distance,OP4_DEPTH_1,D1,6.073,6.000,0.073,-0.150,0.250,,PL_FIXTURE_B - OP4_PT1_DEPTH / CS_BF_OP4
Distance,OP4_DEPTH_2,D1,6.131,6.000,0.131,-0.150,0.250,,PL_FIXTURE_B - OP4_PT2_DEPTH / CS_BF_OP4
Distance,OP4_DEPTH_3,D1,6.092,6.000,0.092,-0.150,0.250,,PL_FIXTURE_B - OP4_PT3_DEPTH / CS_BF_OP4
Distance,OP4_DEPTH_4,D1,6.119,6.000,0.119,-0.150,0.250,,PL_FIXTURE_B - OP4_PT4_DEPTH / CS_BF_OP4
Distance,OP4_DEPTH_5,D1,6.219,6.000,0.219,-0.150,0.250,,PL_FIXTURE_B - OP4_PT5_DEPTH / CS_BF_OP4
Distance,OP4_DEPTH_6,D1,6.183,6.000,0.183,-0.150,0.250,,PL_FIXTURE_B - OP4_PT6_DEPTH / CS_BF_OP4
Distance,OP4_DEPTH_7,D1,6.049,6.000,0.049,-0.150,0.250,,PL_FIXTURE_B - OP4_PT7_DEPTH / CS_BF_OP4
Distance,OP4_DEPTH_8,D1,6.074,6.000,0.074,-0.150,0.250,,PL_FIXTURE_B - OP4_PT8_DEPTH / CS_BF_OP4
Profile of Line,OP4TOL_PRF_IN,PRFL,0.643,0.000,0.643,0.000,1.441,,OP4_SECT_IN
Distance,OP5_WIDTH_1,D1,3.939,4.000,-0.061,-0.250,0.050,,OP5_PT1_OW_GAGE - OP5_PT1_IW_GAGE / CS_BF_OP5
Distance,OP5_WIDTH_2,D1,3.986,4.000,-0.014,-0.250,0.050,,OP5_PT2_OW_GAGE - OP5_PT2_IW_GAGE / CS_BF_OP5
Distance,OP5_WIDTH_3,D1,3.886,4.000,-0.114,-0.250,0.050,,OP5_PT3_OW_GAGE - OP5_PT3_IW_GAGE / CS_BF_OP5
Distance,OP5_WIDTH_4,D1,3.926,4.000,-0.074,-0.250,0.050,,OP5_PT4_OW_GAGE - OP5_PT4_IW_GAGE / CS_BF_OP5
Distance,OP5_WIDTH_5,D1,3.854,4.000,-0.146,-0.250,0.050,,OP5_PT5_OW_GAGE - OP5_PT5_IW_GAGE / CS_BF_OP5
Distance,OP5_WIDTH_6,D1,3.853,4.000,-0.147,-0.250,0.050,,OP5_PT6_OW_GAGE - OP5_PT6_IW_GAGE / CS_BF_OP5
Distance,OP5_WIDTH_7,D1,3.918,4.000,-0.082,-0.250,0.050,,OP5_PT7_OW_GAGE - OP5_PT7_IW_GAGE / CS_BF_OP5
Distance,OP5_WIDTH_8,D1,3.889,4.000,-0.111,-0.250,0.050,,OP5_PT8_OW_GAGE - OP5_PT8_IW_GAGE / CS_BF_OP5
Distance,OP5_DEPTH_1,D1,6.033,6.000,0.033,-0.150,0.250,,PL_FIXTURE_B - OP5_PT1_DEPTH / CS_BF_OP5
Distance,OP5_DEPTH_2,D1,6.061,6.000,0.061,-0.150,0.250,,PL_FIXTURE_B - OP5_PT2_DEPTH / CS_BF_OP5
Distance,OP5_DEPTH_3,D1,5.986,6.000,-0.014,-0.200,0.250,,PL_FIXTURE_B - OP5_PT3_DEPTH / CS_BF_OP5
Distance,OP5_DEPTH_4,D1,5.954,6.000,-0.046,-0.200,0.250,,PL_FIXTURE_B - OP5_PT4_DEPTH / CS_BF_OP5
Distance,OP5_DEPTH_5,D1,6.005,6.000,0.005,-0.150,0.250,,PL_FIXTURE_B - OP5_PT5_DEPTH / CS_BF_OP5
Distance,OP5_DEPTH_6,D1,6.042,6.000,0.042,-0.150,0.250,,PL_FIXTURE_B - OP5_PT6_DEPTH / CS_BF_OP5
Distance,OP5_DEPTH_7,D1,6.042,6.000,0.042,-0.150,0.250,,PL_FIXTURE_B - OP5_PT7_DEPTH / CS_BF_OP5
Distance,OP5_DEPTH_8,D1,6.041,6.000,0.041,-0.150,0.250,,PL_FIXTURE_B - OP5_PT8_DEPTH / CS_BF_OP5
Profile of Line,OP5TOL_PRF_IN,PRFL,0.884,0.000,0.884,0.000,1.441,,OP5_SECT_IN
Distance,OP6_WIDTH_1,D1,3.933,4.000,-0.067,-0.250,0.050,,OP6_PT1_OW_GAGE - OP6_PT1_IW_GAGE / CS_BF_OP6
Distance,OP6_WIDTH_2,D1,3.988,4.000,-0.012,-0.250,0.050,,OP6_PT2_OW_GAGE - OP6_PT2_IW_GAGE / CS_BF_OP6
Distance,OP6_WIDTH_3,D1,3.964,4.000,-0.036,-0.250,0.050,,OP6_PT3_OW_GAGE - OP6_PT3_IW_GAGE / CS_BF_OP6
Distance,OP6_WIDTH_4,D1,3.962,4.000,-0.038,-0.250,0.050,,OP6_PT4_OW_GAGE - OP6_PT4_IW_GAGE / CS_BF_OP6
Distance,OP6_WIDTH_5,D1,3.925,4.000,-0.075,-0.250,0.050,,OP6_PT5_OW_GAGE - OP6_PT5_IW_GAGE / CS_BF_OP6
Distance,OP6_WIDTH_6,D1,3.897,4.000,-0.103,-0.250,0.050,,OP6_PT6_OW_GAGE - OP6_PT6_IW_GAGE / CS_BF_OP6
Distance,OP6_WIDTH_7,D1,3.946,4.000,-0.054,-0.250,0.050,,OP6_PT7_OW_GAGE - OP6_PT7_IW_GAGE / CS_BF_OP6
Distance,OP6_WIDTH_8,D1,3.909,4.000,-0.091,-0.250,0.050,,OP6_PT8_OW_GAGE - OP6_PT8_IW_GAGE / CS_BF_OP6
Distance,OP6_DEPTH_1,D1,6.014,6.000,0.014,-0.150,0.250,,PL_FIXTURE_B - OP6_PT1_DEPTH / CS_BF_OP6
Distance,OP6_DEPTH_2,D1,6.250,6.000,0.250,-0.150,0.250,,PL_FIXTURE_B - OP6_PT2_DEPTH / CS_BF_OP6
Distance,OP6_DEPTH_3,D1,6.182,6.000,0.182,-0.150,0.250,,PL_FIXTURE_B - OP6_PT3_DEPTH / CS_BF_OP6
Distance,OP6_DEPTH_4,D1,6.149,6.000,0.149,-0.150,0.250,,PL_FIXTURE_B - OP6_PT4_DEPTH / CS_BF_OP6
Distance,OP6_DEPTH_5,D1,6.169,6.000,0.169,-0.150,0.250,,PL_FIXTURE_B - OP6_PT5_DEPTH / CS_BF_OP6
Distance,OP6_DEPTH_6,D1,6.083,6.000,0.083,-0.150,0.250,,PL_FIXTURE_B - OP6_PT6_DEPTH / CS_BF_OP6
Distance,OP6_DEPTH_7,D1,6.056,6.000,0.056,-0.150,0.250,,PL_FIXTURE_B - OP6_PT7_DEPTH / CS_BF_OP6
Distance,OP6_DEPTH_8,D1,6.066,6.000,0.066,-0.150,0.250,,PL_FIXTURE_B - OP6_PT8_DEPTH / CS_BF_OP6
Profile of Line,OP6TOL_PRF_IN,PRFL,1.110,0.000,1.110,0.000,1.600,,OP6_SECT_IN
Distance,WIDTH_TBA_1,D1,3.124,3.250,-0.126,-0.300,0.150,,0W2.5_1.1 - IW2.5_1.1 / CS_D_BF
Distance,WIDTH_TBA_2,D1,3.125,3.250,-0.125,-0.300,0.150,,0W2.5_1.2 - IW2.5_1.2 / CS_D_BF
Distance,WIDTH_TBA_3,D1,3.225,3.250,-0.025,-0.150,0.150,,0W2.5_1.3 - IW2.5_1.3 / CS_D_BF
Distance,WIDTH_TBA_4,D1,3.314,3.250,0.064,-0.150,0.250,,0W2.5_1.4 - IW2.5_1.4 / CS_D_BF
Distance,WIDTH_TBA_5,D1,3.273,3.250,0.023,-0.300,0.150,,0W2.5_1.5 - IW2.5_1.5 / CS_D_BF
Distance,WIDTH_TBA_6,D1,3.212,3.250,-0.038,-0.150,0.150,,0W2.5_1.6 - IW2.5_1.6 / CS_D_BF
Distance,WIDTH_TBA_7,D1,3.294,3.250,0.044,-0.150,0.150,,0W2.5_1.7 - IW2.5_1.7 / CS_D_BF
Distance,WIDTH_TBA_8,D1,3.270,3.250,0.020,-0.250,0.150,,0W2.5_1.8 - IW2.5_1.8 / CS_D_BF
Distance,DEPTH_TBA_1,D1,5.076,5.150,-0.074,-0.300,0.300,,TB_BOT_1.1 - PL_D / CS_D_BF
Distance,DEPTH_TBA_2,D1,5.000,5.150,-0.150,-0.300,0.300,,TB_BOT_1.2 - PL_D / CS_D_BF
Distance,DEPTH_TBA_3,D1,4.868,5.150,-0.282,-0.400,0.300,,TB_BOT_1.3 - PL_D / CS_D_BF
Distance,DEPTH_TBA_4,D1,4.796,5.150,-0.354,-0.400,0.300,,TB_BOT_1.4 - PL_D / CS_D_BF
Distance,DEPTH_TBA_5,D1,5.007,5.150,-0.143,-0.300,0.300,,TB_BOT_1.5 - PL_D / CS_D_BF
Distance,DEPTH_TBA_6,D1,5.021,5.150,-0.129,-0.300,0.300,,TB_BOT_1.6 - PL_D / CS_D_BF
Distance,DEPTH_TBA_7,D1,5.256,5.150,0.106,-0.300,0.300,,TB_BOT_1.7 - PL_D / CS_D_BF
Distance,DEPTH_TBA_8,D1,5.256,5.150,0.106,-0.300,0.300,,TB_BOT_1.8 - PL_D / CS_D_BF
Profile of Line,PRFL_DATUM_D,PRFL,1.276,0.000,1.276,0.000,3.241,,SCT_DATUM_D
Profile of Line,PRFL_LOCAL_OW_TB,PRFL,0.632,0.000,0.632,0.000,1.100,,SCT_LOCAL_OW_TB
Circle,CIR_24,DIAM,12.045,12.080,-0.035,-0.080,0.080,,Criterion : Least Square (From 12 Pts On PL_PLAST_24) 
Circle,CIR_27,X,-59.781,-60.000,0.219,,,,Criterion : Least Square (From 8 Pts On PL_INS_27) 
Circle,CIR_27,Z,124.317,124.700,-0.383,,,,
Pos. Tol.,PTOL_CIR_27,PTOL,0.884,0.000,0.884,0.000,1.741,,CIR_27/NOMINAL - CS_ABC_BF_SURFACES_ROTATED - C-Zone - XZ - Nominal
Distance,H_27,Y,0.220,0.000,0.220,0.000,0.400,,2D_CIR_27 - PL_PLAST_27 / CS_K
Circle,CIR_28,X,11.324,11.000,0.324,,,,Criterion : Least Square (From 8 Pts On PL_INS_28) 
Circle,CIR_28,Z,124.439,124.700,-0.261,,,,
Pos. Tol.,PTOL_CIR_28,PTOL,0.832,0.000,0.832,0.000,1.741,,CIR_28/NOMINAL - CS_ABC_BF_SURFACES_ROTATED - C-Zone - XZ - Nominal
Distance,H_28,Y,0.211,0.000,0.211,0.000,0.400,,2D_CIR_28 - PL_PLAST_28 / CS_K
Pos. Tol.,PTOL_2D_CIR_28,PTOL,0.407,0.000,0.407,0.000,0.500,,2D_CIR_28/NOMINAL - CS_K - C-Zone - XZ - Nominal
Circle,2D_CIR_28,X,71.203,71.000,0.203,,,,
Circle,2D_CIR_28,Z,0.000,0.000,0.000,,,,
