Feat. Type,Feat. Name,Value,Actual,Nominal,Dev.,Tol-,Tol+,Out of Tol.,Comment
Text/Value,VAR_PROGRAM,VAL,,,,,,,'N:\Metrolog XG\Programmes\GM HF RWD Gen II\GM HF RWD Gen II Complete (Module 64).gm2'
Text/Value,VAR_EVENEMENT,VAL,,,,,,,'SMED NID # 1'
Text/Value,VAR_COMMENTAIRES,VAL,,,,,,,'274 C'
Distance,WIDTH_C,D1,8.790,8.860,-0.070,-0.150,0.150,,SRF_C_TOP - SRF_C_DOWN / CS_ABC_BF_SURFACES
Circle,CIR_9_GAGE_6,DIAM,12.243,12.200,0.043,-0.080,0.120,,Criterion : Least Square (From 12 Pts On PL_PLAST_9) 
Circle,2D_CIR_10,X,-0.202,0.000,-0.202,,,,
Circle,2D_CIR_10,Z,0.000,0.000,0.000,,,,
Pos. Tol.,PTOL_2D_CIR_10,PTOL,0.171,0.000,0.171,0.000,0.500,,2D_CIR_10/NOMINAL - CS_HJ - C-Zone - YZ - Nominal
Distance,H_10,X,0.097,-0.000,0.097,0.000,0.400,,CIR_10 - PL_PLAST_10 / CS_HJ_ROT_180
Circle,2D_CIR_INS_11,X,41.744,42.000,-0.256,,,,
Circle,2D_CIR_INS_11,Y,28.896,29.000,-0.104,,,,
Pos. Tol.,PTOL_2D_CIR_11,PTOL,0.553,0.000,0.553,0.000,0.650,,2D_CIR_INS_11/NOMINAL - CS_D_BF - C-Zone - XY - Nominal
Distance,H_11,Z,0.075,-0.000,0.075,0.000,0.400,,CIR_INS_11 - PL_PLAST_INS_11 / CS_D_BF
Circle,2D_CIR_INS_12,X,42.014,42.000,0.014,,,,
Circle,2D_CIR_INS_12,Y,-33.991,-34.000,0.009,,,,
Pos. Tol.,PTOL_2D_CIR_12,PTOL,0.034,0.000,0.034,0.000,0.650,,2D_CIR_INS_12/NOMINAL - CS_D_BF - C-Zone - XY - Nominal
Distance,H_12,Z,0.082,-0.000,0.082,0.000,0.400,,CIR_INS_12 - PL_PLAST_INS_12 / CS_D_BF
Circle,2D_CIR_INS_13,X,-41.887,-42.000,0.113,,,,
Circle,2D_CIR_INS_13,Y,-33.902,-34.000,0.098,,,,
Pos. Tol.,PTOL_2D_CIR_13,PTOL,0.299,0.000,0.299,0.000,0.650,,2D_CIR_INS_13/NOMINAL - CS_D_BF - C-Zone - XY - Nominal
Distance,H_13,Z,0.110,-0.000,0.110,0.000,0.400,,CIR_INS_13 - PL_PLAST_INS_13 / CS_D_BF
Circle,2D_CIR_INS_14,X,-41.870,-42.000,0.130,,,,
Circle,2D_CIR_INS_14,Y,28.997,29.000,-0.003,,,,
Pos. Tol.,PTOL_2D_CIR_14,PTOL,0.259,0.000,0.259,0.000,0.650,,2D_CIR_INS_14/NOMINAL - CS_D_BF - C-Zone - XY - Nominal
Distance,H_14,Z,0.098,-0.000,0.098,0.000,0.400,,CIR_INS_14 - PL_PLAST_INS_14 / CS_D_BF
Distance,H_27,Y,0.226,0.000,0.226,0.000,0.400,,2D_CIR_27 - PL_PLAST_27 / CS_K
Distance,H_28,Y,0.197,0.000,0.197,0.000,0.400,,2D_CIR_28 - PL_PLAST_28 / CS_K
Circle,2D_CIR_28,X,71.209,71.000,0.209,,,,
Circle,2D_CIR_28,Z,0.000,0.000,0.000,,,,
Pos. Tol.,PTOL_2D_CIR_28,PTOL,0.419,0.000,0.419,0.000,0.500,,2D_CIR_28/NOMINAL - CS_K - C-Zone - XZ - Nominal
