Feat. Type,Feat. Name,Value,Actual,Nominal,Dev.,Tol-,Tol+,Out of Tol.,Comment
Text/Value,VAR_PROGRAM,VAL,,,,,,,'N:\Metrolog XG\Programmes\GM HF FWD GEN II C1xx\GM HF FWD Gen II C1xx Complete (Module 64).gm2'
Text/Value,VAR_EVENEMENT,VAL,,,,,,,'FIP 05773'
Text/Value,VAR_COMMENTAIRES,VAL,,,,,,,'298A'
Distance,WIDTH_C,D1,9.044,9.000,0.044,-0.150,0.150,,SRF_C_TOP - SRF_C_DOWN / CS_ABC_SURFACES_C
Circle,2D_CIR_INS_11,X,41.836,42.000,-0.164,,,,
Circle,2D_CIR_INS_11,Y,33.729,34.000,-0.271,,,,
Circle,2D_CIR_INS_12,X,41.907,42.000,-0.093,,,,
Circle,2D_CIR_INS_12,Y,-28.928,-29.000,0.072,,,,
Circle,2D_CIR_INS_13,X,-41.641,-42.000,0.359,,,,
Circle,2D_CIR_INS_13,Y,-28.843,-29.000,0.157,,,,
Circle,2D_CIR_INS_14,X,-42.101,-42.000,-0.101,,,,
Circle,2D_CIR_INS_14,Y,34.042,34.000,0.042,,,,
Pos. Tol.,POS_2D_11,PTOL,0.633,0.000,0.633,0.000,1.000,,2D_CIR_INS_11/NOMINAL - CS_D_BF - C-Zone - XY - Nominal
Pos. Tol.,POS_2D_12,PTOL,0.236,0.000,0.236,0.000,1.000,,2D_CIR_INS_12/NOMINAL - CS_D_BF - C-Zone - XY - Nominal
Pos. Tol.,POS_2D_13,PTOL,0.784,0.000,0.784,0.000,1.000,,2D_CIR_INS_13/NOMINAL - CS_D_BF - C-Zone - XY - Nominal
Pos. Tol.,POS_2D_14,PTOL,0.219,0.000,0.219,0.000,0.500,,2D_CIR_INS_14/NOMINAL - CS_D_BF - C-Zone - XY - Nominal
Perpend.,PERP_11,PERP,0.093,0.000,0.093,0.000,0.400,,CYL_11/PL_INS_11 - C-Zone - Nominal
Perpend.,PERP_12,PERP,0.092,0.000,0.092,0.000,0.400,,CYL_12/PL_INS_12 - C-Zone - Nominal
Perpend.,PERP_13,PERP,0.056,0.000,0.056,0.000,0.400,,CYL_13/PL_INS_13 - C-Zone - Nominal
Perpend.,PERP_14,PERP,0.121,0.000,0.121,0.000,0.400,,CYL_14/PL_INS_14 - C-Zone - Nominal
Distance,H_11,Z,0.198,-0.000,0.198,0.000,0.400,,CIR_INS_11 - PL_PLAST_INS_11 / CS_D_BF
Distance,H_12,Z,0.143,-0.000,0.143,0.000,0.400,,CIR_INS_12 - PL_PLAST_INS_12 / CS_D_BF
Distance,H_13,Z,0.215,-0.000,0.215,0.000,0.400,,CIR_INS_13 - PL_PLAST_INS_13 / CS_D_BF
Distance,H_14,Z,0.204,-0.000,0.205,0.000,0.400,,CIR_INS_14 - PL_PLAST_INS_14 / CS_D_BF
Distance,H_15,Y,0.140,0.000,0.140,0.000,0.400,,CIR_15 - PL_PLAST_15 / CS_ABC_BF_SURFACES
Distance,H_17,Y,0.137,-0.000,0.137,0.000,0.400,,CIR_17 - PL_PLAST_17 / CS_ABC_BF_SURFACES
Distance,H_18,Y,0.190,-0.000,0.190,0.000,0.400,,CIR_18 - PL_PLAST_18 / CS_ABC_BF_SURFACES
Distance,H_20,Y,0.301,0.000,0.301,0.000,0.400,,CIR_20 - PL_PLAST_20 / CS_ABC_BF_SURFACES
Distance,H_23,Y,0.093,-0.000,0.093,0.000,0.400,,CIR_23 - PL_PLAST_23 / CS_ABC_BF_SURFACES
Circle,CIR_29,DIAM,12.192,12.170,0.022,-0.080,0.080,,Criterion : Least Square (From 16 Pts On PL_DATUM_H) 
Circle,2D_CIR_30,X,-23.409,-23.500,0.091,,,,
Circle,2D_CIR_30,Z,0.000,0.000,0.000,,,,
Pos. Tol.,POS_2D_30,PTOL,0.182,0.000,0.182,0.000,0.500,,2D_CIR_30/NOMINAL - CS_HJ - C-Zone - XZ - Nominal
Distance,H_30,Y,0.146,0.000,0.146,0.000,0.400,,2D_CIR_30 - PL_PLAST_30 / CS_HJ
