Feat. Type,Feat. Name,Value,Actual,Nominal,Dev.,Tol-,Tol+,Out of Tol.,Comment
Text/Value,VAR_PROGRAM,VAL,,,,,,,'N:\Metrolog XG\Programmes\Ford GDTI\GDTI Gap Entretoises Module_50.gm2'
Text/Value,VAR_EVENEMENT,VAL,,,,,,,'demarage'
Text/Value,VAR_COMMENTAIRES,VAL,,,,,,,'293B'
Text/Value,GAP_TOTAL_1,VAL,0.067135,0.000000,0.067135,-0.250000,0.250000,,
Text/Value,GAP_TOTAL_2,VAL,-0.001909,0.000000,-0.001909,-0.250000,0.250000,,
Text/Value,GAP_TOTAL_3,VAL,0.260377,0.000000,0.260377,-0.250000,0.250000,0.010377,
Text/Value,GAP_TOTAL_4,VAL,0.168232,0.000000,0.168232,-0.250000,0.250000,,
Text/Value,GAP_TOTAL_5,VAL,0.039865,0.000000,0.039865,-0.250000,0.250000,,
Text/Value,GAP_TOTAL_6,VAL,0.063764,0.000000,0.063764,-0.250000,0.250000,,
Text/Value,GAP_TOTAL_7,VAL,0.078171,0.000000,0.078171,-0.250000,0.250000,,
Text/Value,GAP_TOTAL_8,VAL,0.017815,0.000000,0.017815,-0.250000,0.250000,,
Circle,CIR_1,DIAM,7.885,7.900,-0.015,-0.200,0.200,,Criterion : Least Square (From 6 Pts On PL_CL_FL_1) 
Circle,CIR_2,DIAM,7.925,7.900,0.025,-0.200,0.200,,Criterion : Least Square (From 6 Pts On PL_CL_FL_2) 
Circle,CIR_3,DIAM,7.920,7.900,0.020,-0.200,0.200,,Criterion : Least Square (From 6 Pts On PL_CL_FL_3) 
Circle,CIR_4,DIAM,5.849,7.850,-2.001,-0.150,0.150,-1.851,Criterion : Least Square (From 6 Pts On PL_CL_FL_4) 
Circle,CIR_5,DIAM,7.871,7.900,-0.029,-0.200,0.200,,Criterion : Least Square (From 6 Pts On PL_CL_FL_5) 
Circle,CIR_6,DIAM,7.912,7.900,0.012,-0.200,0.200,,Criterion : Least Square (From 6 Pts On PL_CL_FL_6) 
Circle,CIR_7,DIAM,7.878,7.900,-0.022,-0.200,0.200,,Criterion : Least Square (From 6 Pts On PL_CL_FL_7) 
Circle,CIR_8,DIAM,7.886,7.900,-0.014,-0.200,0.200,,Criterion : Least Square (From 6 Pts On PL_CL_FL_8) 
Distance,PLASTIC_LENGHT_1,D1,99.912,100.000,-0.088,,,,CIR_PL_FL_1 - CIR_PL_TOP_1 / CS_AXIS_1
Distance,PLASTIC_LENGHT_2,D1,63.836,63.800,0.036,-0.100,0.370,,CIR_PL_FL_2 - CIR_PL_TOP_2 / CS_AXIS_2
Distance,PLASTIC_LENGHT_3,D1,63.555,63.800,-0.245,-0.100,0.370,-0.145,CIR_PL_FL_3 - CIR_PL_TOP_3 / CS_AXIS_3
Distance,PLASTIC_LENGHT_5,D1,99.943,100.000,-0.057,,,,CIR_PL_FL_5 - CIR_PL_TOP_5 / CS_AXIS_5
Distance,PLASTIC_LENGHT_6,D1,63.789,63.800,-0.011,-0.100,0.370,,CIR_PL_FL_6 - CIR_PL_TOP_6 / CS_AXIS_6
Distance,PLASTIC_LENGHT_7,D1,63.730,63.800,-0.070,-0.100,0.370,,CIR_PL_FL_7 - CIR_PL_TOP_7 / CS_AXIS_7
Distance,PLASTIC_LENGHT_8,D1,63.798,63.800,-0.002,-0.100,0.370,,CIR_PL_FL_8 - CIR_PL_TOP_8 / CS_AXIS_8
Distance,CL_LENGHT_1,D1,99.980,100.000,-0.020,,,,CIR_1 - CIR_1T / CS_AXIS_1
Distance,CL_LENGHT_2,D1,63.834,63.800,0.034,,,,CIR_2 - CIR_2T / CS_AXIS_2
Distance,CL_LENGHT_3,D1,63.816,63.800,0.016,,,,CIR_3 - CIR_3T / CS_AXIS_3
Distance,CL_LENGHT_4,D1,47.530,47.650,-0.120,,,,CIR_4 - CIR_4T / CS_AXIS_4
Distance,CL_LENGHT_5,D1,99.982,100.000,-0.018,,,,CIR_5 - CIR_5T / CS_AXIS_5
Distance,CL_LENGHT_6,D1,63.853,63.800,0.053,,,,CIR_6 - CIR_6T / CS_AXIS_6
Distance,CL_LENGHT_7,D1,63.808,63.800,0.008,,,,CIR_7 - CIR_7T / CS_AXIS_7
Distance,CL_LENGHT_8,D1,63.815,63.800,0.015,,,,CIR_8 - CIR_8T / CS_AXIS_8
