Feat. Type,Feat. Name,Value,Actual,Nominal,Dev.,Tol-,Tol+,Out of Tol.,Comment
Text/Value,VAR_PROGRAM,VAL,,,,,,,'N:\Metrolog XG\Programmes\D-33 RWD\D33 RWD Complete (Module 44).gm2'
Text/Value,VAR_EVENEMENT,VAL,,,,,,,'Validation FIP 05955 pce 2'
Text/Value,VAR_COMMENTAIRES,VAL,,,,,,,'285B'
Circle,CIR_DATUM_B,DIAM,7.833,7.900,-0.067,-0.100,0.100,,Criterion : Least Square (From 3 Pts On PL_FIXTURE) 
Circle,CIR_DATUM_C,DIAM,7.890,7.900,-0.010,-0.100,0.100,,Criterion : Least Square (From 3 Pts On PL_FIXTURE) 
Circle,CIR_DATUM_C,X,4.401,4.400,0.001,,,,
Circle,CIR_DATUM_C,Z,-351.709,-351.650,-0.059,,,,
Pos. Tol.,POS_C,PTOL,0.119,0.000,0.119,0.000,0.467,,CIR_DATUM_C/NOMINAL - CS_ABC - C-Zone - XZ - Nominal
Circle,CIR_8,DIAM,74.104,74.350,-0.246,-0.300,0.300,,Criterion : Least Square (From 14 Pts On PL_PLAST_TB) 
Circle,CIR_8,X,-79.825,-80.600,0.775,,,,
Circle,CIR_8,Y,90.943,92.200,-1.257,,,,
Circle,CIR_8,Z,81.851,82.900,-1.049,,,,
Pos. Tol.,POS_8,PTOL,3.274,0.000,3.274,0.054,4.221,,CIR_8(M)/NOMINAL - CS_ABC - C-Zone - YZ - Nominal
Circle,2D_CIR_16,Y,-32.507,-32.500,-0.007,,,,
Circle,2D_CIR_16,Z,-40.099,-40.000,-0.099,,,,
Circle,2D_CIR_17,Y,-32.293,-32.500,0.207,,,,
Circle,2D_CIR_17,Z,39.882,40.000,-0.118,,,,
Circle,2D_CIR_18,Y,32.345,32.500,-0.155,,,,
Circle,2D_CIR_18,Z,40.063,40.000,0.063,,,,
Circle,2D_CIR_19,Y,32.284,32.500,-0.216,,,,
Circle,2D_CIR_19,Z,-39.942,-40.000,0.058,,,,
Pos. Tol.,POS_2D_16,PTOL,0.198,0.000,0.198,0.000,0.500,,2D_CIR_16/NOMINAL - CS_DE - C-Zone - YZ - Nominal
Pos. Tol.,POS_2D_17,PTOL,0.477,0.000,0.477,0.000,0.500,,2D_CIR_17/NOMINAL - CS_DE - C-Zone - YZ - Nominal
Pos. Tol.,POS_2D_18,PTOL,0.335,0.000,0.335,0.000,0.700,,2D_CIR_18/NOMINAL - CS_DE - C-Zone - YZ - Nominal
Pos. Tol.,POS_2D_19,PTOL,0.447,0.000,0.447,0.000,0.700,,2D_CIR_19/NOMINAL - CS_DE - C-Zone - YZ - Nominal
Distance,INSERT HEIGHT 16,X,0.239,0.000,0.239,,,,CIR_16 - PL_PLAST_16 / CS_DE
Distance,INSERT HEIGHT 17,X,0.243,0.000,0.243,,,,CIR_17 - PL_PLAST_17 / CS_DE
Distance,INSERT HEIGHT 18,X,0.306,0.000,0.306,,,,CIR_18 - PL_PLAST_18 / CS_DE
Distance,INSERT HEIGHT 19,X,0.323,0.000,0.323,,,,CIR_19 - PL_PLAST_19 / CS_DE
Flatness,FLAT_D,FLTN,0.281,0.000,0.281,0.000,1.000,,PL_D
Circle,2D_CIR_20,X,-0.194,0.000,-0.194,,,,
Circle,2D_CIR_20,Z,-0.003,0.000,-0.003,,,,
Circle,2D_CIR_21,X,-0.194,0.000,-0.194,,,,
Circle,2D_CIR_21,Z,0.005,0.000,0.005,,,,
Pos. Tol.,POS_2D_20,PTOL,0.387,0.000,0.387,0.000,0.550,,2D_CIR_20/NOMINAL - CS_HJ - C-Zone - XY - Nominal
Pos. Tol.,POS_2D_21,PTOL,0.393,0.000,0.393,0.000,0.550,,2D_CIR_21/NOMINAL - CS_HJ - C-Zone - XY - Nominal
Distance,H_20,Z,0.311,0.000,0.311,0.000,0.500,,2D_CIR_20 - PL_PLAST_20 / CS_HJ
Distance,H_21,Z,0.236,0.000,0.236,0.000,0.500,,2D_CIR_21 - PL_PLAST_21 / CS_HJ
Circle,CIR_15,X,-108.079,-109.800,1.721,,,,Criterion : Least Square (From 6 Pts On PL_INS_15) 
Circle,CIR_15,Y,23.373,24.200,-0.827,,,,
Distance,PROF_15,Z,130.637,130.800,-0.163,-1.500,1.500,,CIR_15 - ORIGIN / CS_ABC
Pos. Tol.,POS_15,PTOL,3.820,0.000,3.820,0.000,5.000,,CIR_15/NOMINAL - CS_ABC - C-Zone - XY - Nominal
Distance,H_15,Z,0.231,0.000,0.231,0.000,0.500,,CIR_15 - PL_PLAST_15 / CS_ABC
Pos. Tol.,POS_42,PTOL,4.990,0.000,4.990,0.225,6.392,,CIR_42(M)/NOMINAL - CS_ABC - C-Zone - XYZ - Nominal
Pos. Tol.,POS_20,PTOL,4.717,0.000,4.717,0.000,6.167,,CIR_20/NOMINAL - CS_ABC - C-Zone - XYZ - Nominal
Pos. Tol.,POS_21,PTOL,4.744,0.000,4.744,0.000,6.167,,CIR_21/NOMINAL - CS_ABC - C-Zone - XYZ - Nominal
Circle,CIR_42,DIAM,36.735,36.660,0.075,-0.150,0.150,,Criterion : Least Square (From 20 Pts On PL_PLAST_42) 
Circle,CIR_42,X,-209.019,-210.550,1.531,,,,
Circle,CIR_42,Y,94.035,96.000,-1.965,,,,
Circle,CIR_42,Z,111.568,111.420,0.148,,,,
Circle,CIR_20,X,-231.282,-232.370,1.088,,,,Criterion : Least Square (From 6 Pts On PL_INS_20) 
Circle,CIR_20,Y,104.800,106.800,-2.000,,,,
Circle,CIR_20,Z,92.045,91.430,0.615,,,,
Circle,CIR_21,X,-186.960,-188.730,1.770,,,,Criterion : Least Square (From 6 Pts On PL_INS_21) 
Circle,CIR_21,Y,83.627,85.200,-1.573,,,,
Circle,CIR_21,Z,131.559,131.420,0.139,,,,
Distance,DEPTH_16,D1,17.923,17.800,0.123,0.000,8.000,,PNT_DEPTH_16 - PL_INS_16 / CS_DE
Distance,DEPTH_17,D1,18.029,17.800,0.229,0.000,8.000,,PNT_DEPTH_17 - PL_INS_17 / CS_DE
Distance,DEPTH_18,D1,21.706,17.800,3.906,0.000,8.000,,PNT_DEPTH_18 - PL_INS_18 / CS_DE
Distance,DEPTH_19,D1,23.141,17.800,5.341,0.000,8.000,,PNT_DEPTH_19 - PL_INS_19 / CS_DE
Circle,CIR_16,X,-77.111,-77.073,-0.039,,,,Criterion : Least Square (From 6 Pts On PL_INS_16) 
Circle,CIR_16,Y,58.828,59.880,-1.052,,,,
Circle,CIR_16,Z,41.526,42.924,-1.398,,,,
Circle,CIR_17,X,-75.437,-77.073,1.636,,,,Criterion : Least Square (From 6 Pts On PL_INS_17) 
Circle,CIR_17,Y,58.643,59.880,-1.237,,,,
Circle,CIR_17,Z,121.489,122.924,-1.435,,,,
Circle,CIR_18,X,-81.475,-82.732,1.257,,,,Criterion : Least Square (From 6 Pts On PL_INS_18) 
Circle,CIR_18,Y,122.995,124.633,-1.638,,,,
Circle,CIR_18,Z,122.119,122.924,-0.805,,,,
Circle,CIR_19,X,-82.945,-82.732,-0.213,,,,Criterion : Least Square (From 6 Pts On PL_INS_19) 
Circle,CIR_19,Y,123.353,124.633,-1.280,,,,
Circle,CIR_19,Z,42.128,42.924,-0.796,,,,
Pos. Tol.,POS_16,PTOL,3.499,0.000,3.499,0.000,4.167,,CIR_16/NOMINAL - CS_ABC - C-Zone - YZ - Nominal
Pos. Tol.,POS_17,PTOL,3.789,0.000,3.789,0.000,4.167,,CIR_17/NOMINAL - CS_ABC - C-Zone - YZ - Nominal
Pos. Tol.,POS_18,PTOL,3.651,0.000,3.651,0.000,4.167,,CIR_18/NOMINAL - CS_ABC - C-Zone - YZ - Nominal
Pos. Tol.,POS_19,PTOL,3.015,0.000,3.015,0.000,4.167,,CIR_19/NOMINAL - CS_ABC - C-Zone - YZ - Nominal
Profile of Line,PROF_OP1,PRFL,1.730,0.000,1.730,0.000,2.167,,SCT_OP1
Profile of Line,PROF_OP2,PRFL,0.272,0.000,0.272,0.000,2.167,,SCT_OP2
Profile of Line,PROF_OP3,PRFL,0.703,0.000,0.703,0.000,2.167,,SCT_OP3
Profile of Line,PROF_OP4,PRFL,0.204,0.000,0.204,0.000,2.167,,SCT_OP4
Profile of Line,PROF_OP5,PRFL,1.108,0.000,1.108,0.000,2.167,,SCT_OP5
Profile of Line,PROF_OP6,PRFL,0.898,0.000,0.898,0.000,2.167,,SCT_OP6
Pos. Tol.,POS_B,PTOL,0.000,0.000,0.000,0.000,0.300,,CIR_DATUM_B/NOMINAL - CS_ABC - C-Zone - XZ - Nominal
Pos. Tol.,POS_1,PTOL,0.207,0.000,0.207,0.000,1.167,,CIR1/NOMINAL - CS_ABC - C-Zone - XZ - Nominal
Pos. Tol.,POS_2,PTOL,0.686,0.000,0.686,0.000,1.167,,CIR2/NOMINAL - CS_ABC - C-Zone - XZ - Nominal
Pos. Tol.,POS_3,PTOL,0.446,0.000,0.446,0.000,1.167,,CIR3/NOMINAL - CS_ABC - C-Zone - XZ - Nominal
Pos. Tol.,POS_4,PTOL,0.215,0.000,0.215,0.000,1.167,,CIR4/NOMINAL - CS_ABC - C-Zone - XZ - Nominal
Pos. Tol.,POS_5,PTOL,0.095,0.000,0.095,0.000,1.167,,CIR5/NOMINAL - CS_ABC - C-Zone - XZ - Nominal
Pos. Tol.,POS_6,PTOL,0.679,0.000,0.679,0.000,1.167,,CIR6/NOMINAL - CS_ABC - C-Zone - XZ - Nominal
Pos. Tol.,POS_31,PTOL,0.375,0.000,0.375,0.000,1.167,,CIR31/NOMINAL - CS_ABC - C-Zone - XZ - Nominal
Pos. Tol.,POS_32,PTOL,0.828,0.000,0.828,0.000,1.167,,CIR32/NOMINAL - CS_ABC - C-Zone - XZ - Nominal
Profile of Line,PROF_2D_OW_TB_GROOVE,PRFL,0.406,0.000,0.406,0.000,1.000,,SECT_2D_OW_TB
Profile of Line,PROF_IW_OP1,PRFL,1.105,0.000,1.105,0.000,1.500,,SECT_IW_OP1
Profile of Line,PROF_IW_OP2,PRFL,0.174,0.000,0.174,0.000,1.500,,SECT_IW_OP2
Profile of Line,PROF_IW_OP3,PRFL,0.398,0.000,0.398,0.000,1.500,,SECT_IW_OP3
Profile of Line,PROF_IW_OP4,PRFL,0.478,0.000,0.478,0.000,1.500,,SECT_IW_OP4
Profile of Line,PROF_IW_OP5,PRFL,1.143,0.000,1.143,0.000,1.500,,SECT_IW_OP5
Profile of Line,PROF_IW_OP6,PRFL,1.091,0.000,1.091,0.000,1.500,,SECT_IW_OP6
Pos. Tol.,POS_10,PTOL,0.806,0.000,0.806,0.000,4.167,,CIR_10/NOMINAL - CS_ABC - C-Zone - XZ - Nominal
Pos. Tol.,POS_11,PTOL,2.978,0.000,2.978,0.000,4.167,,CIR_11/NOMINAL - CS_ABC - C-Zone - XZ - Nominal
Pos. Tol.,POS_12,PTOL,3.313,0.000,3.313,0.000,5.167,,CIR_12/NOMINAL - CS_ABC - C-Zone - XZ - Nominal
Pos. Tol.,POS_13,PTOL,3.355,0.000,3.355,0.000,5.167,,CIR_13/NOMINAL - CS_ABC - C-Zone - XZ - Nominal
Pos. Tol.,POS_14,PTOL,2.169,0.000,2.169,0.000,4.167,,CIR_14/NOMINAL - CS_ABC - C-Zone - XZ - Nominal
Pos. Tol.,POS_22,PTOL,4.919,0.000,4.919,0.000,6.167,,SLOT_22/NOMINAL - CS_ABC - C-Zone - XY - Nominal
Pos. Tol.,POS_9,PTOL,6.010,0.000,6.010,0.000,7.167,,CIR_9/NOMINAL - CS_ABC - C-Zone - XYZ - Nominal
Pos. Tol.,POS_25,PTOL,4.629,0.000,4.629,0.000,7.167,,CIR_25/NOMINAL - CS_ABC - C-Zone - XY - Nominal
Pos. Tol.,POS_26,PTOL,5.655,0.000,5.655,0.000,6.167,,CIR_26/NOMINAL - CS_ABC - C-Zone - XY - Nominal
Distance,HEIGHT_B,D1,6.143,6.450,-0.307,-0.100,0.100,-0.207,PNT_TOP_B - PL_FIXTURE / CS_ABC
Distance,HEIGHT_C,D1,6.275,6.450,-0.175,-0.100,0.100,-0.075,PNT_TOP_C - PL_FIXTURE / CS_ABC
Circle,CIR2,X,-16.807,-16.500,-0.307,,,,From 4 Pts On PL_FIXTURE
Circle,CIR2,Z,-351.447,-351.600,0.153,,,,
Circle,CIR1,X,54.488,54.400,0.088,,,,From 4 Pts On PL_FIXTURE
Circle,CIR1,Z,-346.546,-346.600,0.055,,,,
Circle,CIR6,X,54.071,54.400,-0.329,,,,From 4 Pts On PL_FIXTURE
Circle,CIR6,Z,-240.518,-240.600,0.082,,,,
Circle,CIR5,X,54.357,54.400,-0.043,,,,From 4 Pts On PL_FIXTURE
Circle,CIR5,Z,-134.580,-134.600,0.020,,,,
Circle,CIR4,X,54.318,54.400,-0.082,,,,From 4 Pts On PL_FIXTURE
Circle,CIR4,Z,-27.031,-27.100,0.070,,,,
Circle,CIR3,X,-16.657,-16.500,-0.157,,,,From 4 Pts On PL_FIXTURE
Circle,CIR3,Z,-0.941,-1.100,0.159,,,,
Circle,CIR32,X,-30.610,-30.200,-0.410,,,,From 4 Pts On PL_FIXTURE
Circle,CIR32,Z,-124.240,-124.300,0.060,,,,
Circle,CIR31,X,-30.385,-30.200,-0.185,,,,From 4 Pts On PL_FIXTURE
Circle,CIR31,Z,-230.270,-230.300,0.030,,,,
Distance,DEPTH_TB1,D1,5.068,5.000,0.068,-0.250,0.250,,TB_BOT_1.1 - PL_D / CS_DE
Distance,DEPTH_TB2,D1,4.912,5.000,-0.088,-0.250,0.250,,TB_BOT_1.2 - PL_D / CS_DE
Distance,DEPTH_TB3,D1,4.977,5.000,-0.023,-0.250,0.250,,TB_BOT_1.3 - PL_D / CS_DE
Distance,DEPTH_TB4,D1,4.873,5.000,-0.127,-0.250,0.250,,TB_BOT_1.4 - PL_D / CS_DE
Distance,DEPTH_TB5,D1,5.057,5.000,0.057,-0.250,0.250,,TB_BOT_1.5 - PL_D / CS_DE
Distance,DEPTH_TB6,D1,4.951,5.000,-0.049,-0.250,0.250,,TB_BOT_1.6 - PL_D / CS_DE
Distance,DEPTH_TB7,D1,4.994,5.000,-0.006,-0.250,0.250,,TB_BOT_1.7 - PL_D / CS_DE
Distance,DEPTH_TB8,D1,4.992,5.000,-0.008,-0.250,0.250,,TB_BOT_1.8 - PL_D / CS_DE
Distance,PROF_RECESS_SURFACE_TB,D1,0.793,0.650,0.143,0.000,0.750,,PL_PLAST_RECESS_TB - PL_D / CS_DE
Distance,OP1_DEPTH_1,D1,6.279,6.000,0.279,-0.250,0.250,0.029,OP1_PT1_DEPTH - PL_FIXTURE / OP1CS
Distance,OP1_DEPTH_2,D1,5.977,6.000,-0.023,-0.250,0.250,,OP1_PT2_DEPTH - PL_FIXTURE / OP1CS
Distance,OP1_DEPTH_3,D1,6.003,6.000,0.003,-0.250,0.250,,OP1_PT3_DEPTH - PL_FIXTURE / OP1CS
Distance,OP1_DEPTH_4,D1,6.026,6.000,0.026,-0.250,0.250,,OP1_PT4_DEPTH - PL_FIXTURE / OP1CS
Distance,OP1_DEPTH_5,D1,6.047,6.000,0.047,-0.250,0.250,,OP1_PT5_DEPTH - PL_FIXTURE / OP1CS
Distance,OP1_DEPTH_6,D1,6.154,6.000,0.154,-0.250,0.250,,OP1_PT6_DEPTH - PL_FIXTURE / OP1CS
Distance,OP1_DEPTH_7,D1,6.319,6.000,0.319,-0.250,0.250,0.069,OP1_PT7_DEPTH - PL_FIXTURE / OP1CS
Distance,OP2_DEPTH_1,D1,6.010,6.000,0.010,-0.250,0.250,,OP2_PT1_DEPTH - PL_FIXTURE / OP2CS
Distance,OP2_DEPTH_2,D1,5.966,6.000,-0.034,-0.250,0.250,,OP2_PT2_DEPTH - PL_FIXTURE / OP2CS
Distance,OP2_DEPTH_3,D1,5.982,6.000,-0.018,-0.250,0.250,,OP2_PT3_DEPTH - PL_FIXTURE / OP2CS
Distance,OP2_DEPTH_4,D1,5.993,6.000,-0.007,-0.250,0.250,,OP2_PT4_DEPTH - PL_FIXTURE / OP2CS
Distance,OP2_DEPTH_5,D1,5.886,6.000,-0.114,-0.250,0.250,,OP2_PT5_DEPTH - PL_FIXTURE / OP2CS
Distance,OP2_DEPTH_6,D1,6.036,6.000,0.036,-0.250,0.250,,OP2_PT6_DEPTH - PL_FIXTURE / OP2CS
Distance,OP2_DEPTH_7,D1,6.100,6.000,0.100,-0.250,0.250,,OP2_PT7_DEPTH - PL_FIXTURE / OP2CS
Distance,OP3_DEPTH_3,D1,6.004,6.000,0.004,-0.250,0.250,,OP3_PT3_DEPTH - PL_FIXTURE / OP3CS
Distance,OP3_DEPTH_4,D1,6.050,6.000,0.050,-0.250,0.250,,OP3_PT4_DEPTH - PL_FIXTURE / OP3CS
Distance,OP3_DEPTH_5,D1,5.892,6.000,-0.108,-0.250,0.250,,OP3_PT5_DEPTH - PL_FIXTURE / OP3CS
Distance,OP3_DEPTH_6,D1,5.893,6.000,-0.107,-0.250,0.250,,OP3_PT6_DEPTH - PL_FIXTURE / OP3CS
Distance,OP4_DEPTH_1,D1,6.014,6.000,0.014,-0.250,0.250,,OP4_PT1_DEPTH - PL_FIXTURE / OP4CS
Distance,OP4_DEPTH_2,D1,6.141,6.000,0.141,-0.250,0.250,,OP4_PT2_DEPTH - PL_FIXTURE / OP4CS
Distance,OP4_DEPTH_3,D1,6.083,6.000,0.083,-0.250,0.250,,OP4_PT3_DEPTH - PL_FIXTURE / OP4CS
Distance,OP4_DEPTH_4,D1,6.033,6.000,0.033,-0.250,0.250,,OP4_PT4_DEPTH - PL_FIXTURE / OP4CS
Distance,OP4_DEPTH_5,D1,5.888,6.000,-0.112,-0.250,0.250,,OP4_PT5_DEPTH - PL_FIXTURE / OP4CS
Distance,OP4_DEPTH_6,D1,6.028,6.000,0.028,-0.250,0.250,,OP4_PT6_DEPTH - PL_FIXTURE / OP4CS
Distance,OP4_DEPTH_7,D1,6.073,6.000,0.073,-0.250,0.250,,OP4_PT7_DEPTH - PL_FIXTURE / OP4CS
Distance,OP5_DEPTH_3,D1,6.024,6.000,0.024,-0.250,0.250,,OP5_PT3_DEPTH - PL_FIXTURE / OP5CS
Distance,OP5_DEPTH_4,D1,6.149,6.000,0.149,-0.250,0.250,,OP5_PT4_DEPTH - PL_FIXTURE / OP5CS
Distance,OP5_DEPTH_5,D1,5.844,6.000,-0.156,-0.250,0.250,,OP5_PT5_DEPTH - PL_FIXTURE / OP5CS
Distance,OP5_DEPTH_6,D1,6.029,6.000,0.029,-0.250,0.250,,OP5_PT6_DEPTH - PL_FIXTURE / OP5CS
Distance,OP5_DEPTH_7,D1,6.021,6.000,0.021,-0.250,0.250,,OP5_PT7_DEPTH - PL_FIXTURE / OP5CS
Distance,OP6_DEPTH_1,D1,6.041,6.000,0.041,-0.250,0.250,,OP6_PT1_DEPTH - PL_FIXTURE / OP6CS
Distance,OP6_DEPTH_2,D1,6.086,6.000,0.086,-0.250,0.250,,OP6_PT2_DEPTH - PL_FIXTURE / OP6CS
Distance,OP6_DEPTH_3,D1,6.055,6.000,0.055,-0.250,0.250,,OP6_PT3_DEPTH - PL_FIXTURE / OP6CS
Distance,OP6_DEPTH_4,D1,6.148,6.000,0.148,-0.250,0.250,,OP6_PT4_DEPTH - PL_FIXTURE / OP6CS
Distance,OP6_DEPTH_5,D1,6.211,6.000,0.211,-0.250,0.250,,OP6_PT5_DEPTH - PL_FIXTURE / OP6CS
Distance,OP6_DEPTH_6,D1,6.224,6.000,0.224,-0.250,0.250,,OP6_PT6_DEPTH - PL_FIXTURE / OP6CS
Distance,OP6_DEPTH_7,D1,6.197,6.000,0.197,-0.250,0.250,,OP6_PT7_DEPTH - PL_FIXTURE / OP6CS
Circle,CIR_25,X,-118.310,-120.300,1.990,,,,Inters. PL_PLAST_25 - CYL_25.
Circle,CIR_25,Y,86.218,87.400,-1.182,,,,
Circle,CIR_25,Z,178.445,179.200,-0.755,,,,
Circle,CIR_26,X,-156.618,-158.500,1.882,,,,Inters. PL_PLAST_26 - CYL_26.
Circle,CIR_26,Y,119.990,122.100,-2.110,,,,
Circle,CIR_26,Z,160.394,160.700,-0.306,,,,
Circle,CIR_9,X,-269.566,-270.700,1.134,,,,Inters. PL_PLAST_9 - CYL_9.
Circle,CIR_9,Y,86.985,89.700,-2.715,,,,
Circle,CIR_9,Z,88.913,88.300,0.613,,,,
Circle,CIR_11,DIAM,8.020,8.000,0.020,-0.200,0.200,,Criterion : Least Square (From 8 Pts On PL_PLAST_11) 
Circle,CIR_11,X,-269.565,-270.600,1.035,,,,
Circle,CIR_11,Y,60.388,62.700,-2.312,,,,
Circle,CIR_11,Z,52.471,51.400,1.071,,,,
Circle,CIR_12,DIAM,8.018,8.000,0.018,-0.200,0.200,,Criterion : Least Square (From 8 Pts On PL_PLAST_12) 
Circle,CIR_12,X,-291.088,-290.600,-0.488,,,,
Circle,CIR_12,Y,59.571,62.700,-3.129,,,,
Circle,CIR_12,Z,-147.017,-148.600,1.583,,,,
Circle,CIR_13,DIAM,6.866,6.800,0.066,-0.200,0.200,,Criterion : Least Square (From 8 Pts On PL_PLAST_13) 
Circle,CIR_13,X,-175.349,-174.700,-0.649,,,,
Circle,CIR_13,Y,85.356,86.600,-1.244,,,,
Circle,CIR_13,Z,-372.053,-373.600,1.547,,,,
Circle,CIR_14,DIAM,6.925,6.800,0.125,-0.200,0.200,,Criterion : Least Square (From 8 Pts On PL_PLAST_14) 
Circle,CIR_14,X,13.678,14.500,-0.822,,,,
Circle,CIR_14,Y,35.676,36.000,-0.324,,,,
Circle,CIR_14,Z,-374.893,-375.600,0.707,,,,
Circle,CIR_10,DIAM,6.917,6.800,0.117,-0.200,0.200,,Criterion : Least Square (From 8 Pts On PL_PLAST_10) 
Circle,CIR_10,X,-50.343,-50.100,-0.243,,,,
Circle,CIR_10,Y,127.538,127.700,-0.162,,,,
Circle,CIR_10,Z,-8.922,-8.600,-0.322,,,,
Slot,SLOT_22,LEN,12.612,12.500,0.112,-0.200,0.200,,Criterion : Least Square (From 12 Pts On PL_PLAST_22) 
Slot,SLOT_22,WID,6.593,6.500,0.093,-0.200,0.200,,
Slot,SLOT_22,X,-131.164,-132.730,1.566,,,,
Slot,SLOT_22,Y,103.203,105.100,-1.897,,,,
Slot,SLOT_22,Z,128.172,128.800,-0.628,,,,
Distance,DEPTH_15,D1,22.174,22.000,0.174,0.000,8.000,,PNT_DEPTH_15 - PL_INS_15 / CS_SRF_TEMP_15.2
