Feat. Type,Feat. Name,Value,Actual,Nominal,Dev.,Tol-,Tol+,Out of Tol.,Comment
Text/Value,VAR_PROGRAM,VAL,,,,,,,'N:\Metrolog XG\Programmes\GM HF RWD Gen II\GM HF RWD Gen II Complete (Module 64).gm2'
Text/Value,VAR_EVENEMENT,VAL,,,,,,,'Demarrage 279 B'
Text/Value,VAR_COMMENTAIRES,VAL,,,,,,,' 280 A'
Point,PNT_MID_C,Z,-0.091,0.000,-0.091,,,,Med. SRF_C_TOP - SRF_C_DOWN.
Distance,WIDTH_C,D1,8.804,8.860,-0.056,-0.150,0.150,,SRF_C_TOP - SRF_C_DOWN / CS_ABC_BF_SURFACES
Circle,CIR1,X,-51.444,-52.000,0.556,,,,From 4 Pts On PL_PLAST_1
Circle,CIR1,Z,-112.505,-112.500,-0.005,,,,
Pos. Tol.,PTOL_CIR_1,PTOL,1.112,0.000,1.112,0.000,1.906,,CIR1/NOMINAL - CS_AB_PORTS - C-Zone - XZ - Nominal
Circle,CIR2,X,-51.574,-52.000,0.426,,,,From 4 Pts On PL_PLAST_2
Circle,CIR2,Z,-17.840,-18.000,0.160,,,,
Pos. Tol.,PTOL_CIR_2,PTOL,0.911,0.000,0.911,0.000,1.906,,CIR2/NOMINAL - CS_AB_PORTS - C-Zone - XZ - Nominal
Circle,CIR3,X,-51.446,-52.000,0.554,,,,From 4 Pts On PL_PLAST_3
Circle,CIR3,Z,87.678,88.000,-0.322,,,,
Pos. Tol.,PTOL_CIR_3,PTOL,1.281,0.000,1.281,0.000,1.906,,CIR3/NOMINAL - CS_AB_PORTS - C-Zone - XZ - Nominal
Circle,CIR4,X,-51.200,-52.000,0.800,,,,From 4 Pts On PL_PLAST_4
Circle,CIR4,Z,193.508,194.000,-0.492,,,,
Pos. Tol.,PTOL_CIR_4,PTOL,1.879,0.000,1.879,0.000,1.906,,CIR4/NOMINAL - CS_AB_PORTS - C-Zone - XZ - Nominal
Circle,CIR5,X,51.803,52.000,-0.197,,,,From 3 Pts On PL_PLAST_5
Circle,CIR5,Z,154.855,155.500,-0.645,,,,
Pos. Tol.,PTOL_CIR_5,PTOL,1.348,0.000,1.348,0.000,1.906,,CIR5/NOMINAL - CS_AB_PORTS - C-Zone - XZ - Nominal
Circle,CIR6,X,51.792,52.000,-0.208,,,,From 4 Pts On PL_PLAST_6
Circle,CIR6,Z,60.769,61.000,-0.231,,,,
Pos. Tol.,PTOL_CIR_6,PTOL,0.622,0.000,0.622,0.000,1.906,,CIR6/NOMINAL - CS_AB_PORTS - C-Zone - XZ - Nominal
Circle,CIR7,X,52.005,52.000,0.005,,,,From 4 Pts On PL_PLAST_7
Circle,CIR7,Z,-44.906,-45.000,0.094,,,,
Pos. Tol.,PTOL_CIR_7,PTOL,0.189,0.000,0.189,0.000,1.906,,CIR7/NOMINAL - CS_AB_PORTS - C-Zone - XZ - Nominal
Circle,CIR8,X,51.729,52.000,-0.271,,,,From 4 Pts On PL_PLAST_8
Circle,CIR8,Z,-150.639,-151.000,0.361,,,,
Pos. Tol.,PTOL_CIR_8,PTOL,0.904,0.000,0.904,0.000,1.906,,CIR8/NOMINAL - CS_AB_PORTS - C-Zone - XZ - Nominal
Circle,CIR_9_GAGE_6,DIAM,12.238,12.200,0.038,-0.080,0.120,,Criterion : Least Square (From 12 Pts On PL_PLAST_9) 
Circle,2D_CIR_10,X,-0.192,0.000,-0.192,,,,
Circle,2D_CIR_10,Z,0.000,0.000,0.000,,,,
Pos. Tol.,PTOL_2D_CIR_10,PTOL,0.301,0.000,0.301,0.000,0.500,,2D_CIR_10/NOMINAL - CS_HJ - C-Zone - YZ - Nominal
Distance,H_10,X,0.091,-0.000,0.091,0.000,0.400,,CIR_10 - PL_PLAST_10 / CS_HJ_ROT_180
Circle,2D_CIR_INS_11,X,41.716,42.000,-0.284,,,,
Circle,2D_CIR_INS_11,Y,28.886,29.000,-0.114,,,,
Pos. Tol.,PTOL_2D_CIR_11,PTOL,0.612,0.000,0.612,0.000,0.650,,2D_CIR_INS_11/NOMINAL - CS_D_BF - C-Zone - XY - Nominal
Distance,H_11,Z,0.064,-0.000,0.064,0.000,0.400,,CIR_INS_11 - PL_PLAST_INS_11 / CS_D_BF
Circle,2D_CIR_INS_12,X,42.021,42.000,0.021,,,,
Circle,2D_CIR_INS_12,Y,-33.990,-34.000,0.010,,,,
Pos. Tol.,PTOL_2D_CIR_12,PTOL,0.046,0.000,0.046,0.000,0.650,,2D_CIR_INS_12/NOMINAL - CS_D_BF - C-Zone - XY - Nominal
Distance,H_12,Z,0.081,-0.000,0.081,0.000,0.400,,CIR_INS_12 - PL_PLAST_INS_12 / CS_D_BF
Circle,2D_CIR_INS_13,X,-41.882,-42.000,0.118,,,,
Circle,2D_CIR_INS_13,Y,-33.915,-34.000,0.085,,,,
Pos. Tol.,PTOL_2D_CIR_13,PTOL,0.290,0.000,0.290,0.000,0.650,,2D_CIR_INS_13/NOMINAL - CS_D_BF - C-Zone - XY - Nominal
Distance,H_13,Z,0.144,-0.000,0.144,0.000,0.400,,CIR_INS_13 - PL_PLAST_INS_13 / CS_D_BF
Circle,2D_CIR_INS_14,X,-41.854,-42.000,0.146,,,,
Circle,2D_CIR_INS_14,Y,29.020,29.000,0.020,,,,
Pos. Tol.,PTOL_2D_CIR_14,PTOL,0.294,0.000,0.294,0.000,0.650,,2D_CIR_INS_14/NOMINAL - CS_D_BF - C-Zone - XY - Nominal
Distance,H_14,Z,0.081,-0.000,0.081,0.000,0.400,,CIR_INS_14 - PL_PLAST_INS_14 / CS_D_BF
Paral.,PERP_11_,PARA,0.032,0.000,0.032,0.000,0.250,,PL_INS_11/PL_PLAST_A - P-Zone - Cloud of Points 
Paral.,PERP_12_,PARA,0.080,0.000,0.080,0.000,0.250,,PL_INS_12/PL_PLAST_A - P-Zone - Cloud of Points 
Paral.,PERP_13_,PARA,0.120,0.000,0.120,0.000,0.250,,PL_INS_13/PL_PLAST_A - P-Zone - Cloud of Points 
Paral.,PERP_14_,PARA,0.143,0.000,0.143,0.000,0.250,,PL_INS_14/PL_PLAST_A - P-Zone - Cloud of Points 
Distance,OP1_WIDTH_1,D1,3.975,4.000,-0.025,-0.250,0.100,,OP1_PT1_OW_GAGE - OP1_PT1_IW_GAGE / CS_BF_OP1
Distance,OP1_WIDTH_2,D1,3.978,4.000,-0.022,-0.250,0.050,,OP1_PT2_OW_GAGE - OP1_PT2_IW_GAGE / CS_BF_OP1
Distance,OP1_WIDTH_3,D1,3.890,4.000,-0.110,-0.250,0.050,,OP1_PT3_OW_GAGE - OP1_PT3_IW_GAGE / CS_BF_OP1
Distance,OP1_WIDTH_4,D1,3.863,4.000,-0.137,-0.250,0.050,,OP1_PT4_OW_GAGE - OP1_PT4_IW_GAGE / CS_BF_OP1
Distance,OP1_WIDTH_5,D1,3.952,4.000,-0.048,-0.250,0.100,,OP1_PT5_OW_GAGE - OP1_PT5_IW_GAGE / CS_BF_OP1
Distance,OP1_WIDTH_6,D1,3.951,4.000,-0.049,-0.250,0.050,,OP1_PT6_OW_GAGE - OP1_PT6_IW_GAGE / CS_BF_OP1
Distance,OP1_WIDTH_7,D1,3.820,4.000,-0.180,-0.250,0.050,,OP1_PT7_OW_GAGE - OP1_PT7_IW_GAGE / CS_BF_OP1
Distance,OP1_WIDTH_8,D1,3.897,4.000,-0.103,-0.250,0.050,,OP1_PT8_OW_GAGE - OP1_PT8_IW_GAGE / CS_BF_OP1
Distance,OP_1_DEPTH_1,D1,6.004,6.000,0.004,-0.150,0.250,,OP1_PT1_DEPTH - PL_FIXTURE_A / CS_BF_OP1
Distance,OP_1_DEPTH_2,D1,6.037,6.000,0.036,-0.150,0.250,,OP1_PT2_DEPTH - PL_FIXTURE_A / CS_BF_OP1
Distance,OP_1_DEPTH_3,D1,6.097,6.000,0.097,-0.150,0.250,,OP1_PT3_DEPTH - PL_FIXTURE_A / CS_BF_OP1
Distance,OP_1_DEPTH_4,D1,6.234,6.000,0.233,-0.150,0.300,,OP1_PT4_DEPTH - PL_FIXTURE_A / CS_BF_OP1
Distance,OP_1_DEPTH_5,D1,6.259,6.000,0.258,-0.150,0.300,,OP1_PT5_DEPTH - PL_FIXTURE_A / CS_BF_OP1
Distance,OP_1_DEPTH_6,D1,6.228,6.000,0.228,-0.150,0.300,,OP1_PT6_DEPTH - PL_FIXTURE_A / CS_BF_OP1
Distance,OP_1_DEPTH_7,D1,6.162,6.000,0.161,-0.150,0.250,,OP1_PT7_DEPTH - PL_FIXTURE_A / CS_BF_OP1
Distance,OP_1_DEPTH_8,D1,6.108,6.000,0.108,-0.150,0.250,,OP1_PT8_DEPTH - PL_FIXTURE_A / CS_BF_OP1
Profile of Line,OP1TOL_PRF_IN,PRFL,1.059,0.000,1.059,0.000,1.406,,OP1_SECT_IN
Distance,OP2_WIDTH_1,D1,3.950,4.000,-0.050,-0.250,0.050,,OP2_PT1_OW_GAGE - OP2_PT1_IW_GAGE / CS_BF_OP2
Distance,OP2_WIDTH_2,D1,3.930,4.000,-0.070,-0.250,0.050,,OP2_PT2_OW_GAGE - OP2_PT2_IW_GAGE / CS_BF_OP2
Distance,OP2_WIDTH_3,D1,3.885,4.000,-0.115,-0.250,0.050,,OP2_PT3_OW_GAGE - OP2_PT3_IW_GAGE / CS_BF_OP2
Distance,OP2_WIDTH_4,D1,3.909,4.000,-0.091,-0.250,0.050,,OP2_PT4_OW_GAGE - OP2_PT4_IW_GAGE / CS_BF_OP2
Distance,OP2_WIDTH_5,D1,3.858,4.000,-0.142,-0.250,0.050,,OP2_PT5_OW_GAGE - OP2_PT5_IW_GAGE / CS_BF_OP2
Distance,OP2_WIDTH_6,D1,3.953,4.000,-0.047,-0.250,0.050,,OP2_PT6_OW_GAGE - OP2_PT6_IW_GAGE / CS_BF_OP2
Distance,OP2_WIDTH_7,D1,4.037,4.000,0.037,-0.250,0.050,,OP2_PT7_OW_GAGE - OP2_PT7_IW_GAGE / CS_BF_OP2
Distance,OP2_WIDTH_8,D1,3.968,4.000,-0.032,-0.250,0.050,,OP2_PT8_OW_GAGE - OP2_PT8_IW_GAGE / CS_BF_OP2
Distance,OP_2_DEPTH_1,D1,6.020,6.000,0.020,-0.150,0.250,,OP2_PT1_DEPTH - PL_FIXTURE_A / CS_BF_OP2
Distance,OP_2_DEPTH_2,D1,6.046,6.000,0.046,-0.150,0.250,,OP2_PT2_DEPTH - PL_FIXTURE_A / CS_BF_OP2
Distance,OP_2_DEPTH_3,D1,6.063,6.000,0.063,-0.150,0.250,,OP2_PT3_DEPTH - PL_FIXTURE_A / CS_BF_OP2
Distance,OP_2_DEPTH_4,D1,6.174,6.000,0.174,-0.150,0.250,,OP2_PT4_DEPTH - PL_FIXTURE_A / CS_BF_OP2
Distance,OP_2_DEPTH_5,D1,6.219,6.000,0.219,-0.150,0.250,,OP2_PT5_DEPTH - PL_FIXTURE_A / CS_BF_OP2
Distance,OP_2_DEPTH_6,D1,6.192,6.000,0.192,-0.150,0.250,,OP2_PT6_DEPTH - PL_FIXTURE_A / CS_BF_OP2
Distance,OP_2_DEPTH_7,D1,6.141,6.000,0.141,-0.150,0.250,,OP2_PT7_DEPTH - PL_FIXTURE_A / CS_BF_OP2
Distance,OP_2_DEPTH_8,D1,6.069,6.000,0.069,-0.150,0.250,,OP2_PT8_DEPTH - PL_FIXTURE_A / CS_BF_OP2
Profile of Line,OP2TOL_PRF_IN,PRFL,1.247,0.000,1.247,0.000,1.600,,OP2_SECT_IN
Distance,OP3_WIDTH_1,D1,3.934,4.000,-0.066,-0.250,0.050,,OP3_PT1_OW_GAGE - OP3_PT1_IW_GAGE / CS_BF_OP3
Distance,OP3_WIDTH_2,D1,3.974,4.000,-0.026,-0.250,0.050,,OP3_PT2_OW_GAGE - OP3_PT2_IW_GAGE / CS_BF_OP3
Distance,OP3_WIDTH_3,D1,3.889,4.000,-0.111,-0.250,0.050,,OP3_PT3_OW_GAGE - OP3_PT3_IW_GAGE / CS_BF_OP3
Distance,OP3_WIDTH_4,D1,3.942,4.000,-0.058,-0.250,0.050,,OP3_PT4_OW_GAGE - OP3_PT4_IW_GAGE / CS_BF_OP3
Distance,OP3_WIDTH_5,D1,3.883,4.000,-0.117,-0.250,0.050,,OP3_PT5_OW_GAGE - OP3_PT5_IW_GAGE / CS_BF_OP3
Distance,OP3_WIDTH_6,D1,3.955,4.000,-0.045,-0.250,0.050,,OP3_PT6_OW_GAGE - OP3_PT6_IW_GAGE / CS_BF_OP3
Distance,OP3_WIDTH_7,D1,3.965,4.000,-0.035,-0.250,0.050,,OP3_PT7_OW_GAGE - OP3_PT7_IW_GAGE / CS_BF_OP3
Distance,OP3_WIDTH_8,D1,3.947,4.000,-0.053,-0.250,0.050,,OP3_PT8_OW_GAGE - OP3_PT8_IW_GAGE / CS_BF_OP3
Distance,OP_3_DEPTH_1,D1,5.946,6.000,-0.054,-0.150,0.250,,OP3_PT1_DEPTH - PL_FIXTURE_A / CS_BF_OP3
Distance,OP_3_DEPTH_2,D1,5.991,6.000,-0.009,-0.150,0.250,,OP3_PT2_DEPTH - PL_FIXTURE_A / CS_BF_OP3
Distance,OP_3_DEPTH_3,D1,6.000,6.000,0.000,-0.150,0.250,,OP3_PT3_DEPTH - PL_FIXTURE_A / CS_BF_OP3
Distance,OP_3_DEPTH_4,D1,6.185,6.000,0.185,-0.150,0.250,,OP3_PT4_DEPTH - PL_FIXTURE_A / CS_BF_OP3
Distance,OP_3_DEPTH_5,D1,6.254,6.000,0.254,-0.150,0.250,0.004,OP3_PT5_DEPTH - PL_FIXTURE_A / CS_BF_OP3
Distance,OP_3_DEPTH_6,D1,6.163,6.000,0.163,-0.150,0.250,,OP3_PT6_DEPTH - PL_FIXTURE_A / CS_BF_OP3
Distance,OP_3_DEPTH_7,D1,6.031,6.000,0.031,-0.150,0.250,,OP3_PT7_DEPTH - PL_FIXTURE_A / CS_BF_OP3
Distance,OP_3_DEPTH_8,D1,5.996,6.000,-0.005,-0.150,0.250,,OP3_PT8_DEPTH - PL_FIXTURE_A / CS_BF_OP3
Profile of Line,OP3TOL_PRF_IN,PRFL,1.090,0.000,1.090,0.000,1.406,,OP3_SECT_IN
Distance,OP4_WIDTH_1,D1,3.944,4.000,-0.056,-0.250,0.050,,OP4_PT1_OW_GAGE - OP4_PT1_IW_GAGE / CS_BF_OP4
Distance,OP4_WIDTH_2,D1,3.978,4.000,-0.022,-0.250,0.050,,OP4_PT2_OW_GAGE - OP4_PT2_IW_GAGE / CS_BF_OP4
Distance,OP4_WIDTH_3,D1,3.928,4.000,-0.072,-0.250,0.050,,OP4_PT3_OW_GAGE - OP4_PT3_IW_GAGE / CS_BF_OP4
Distance,OP4_WIDTH_4,D1,3.879,4.000,-0.121,-0.250,0.050,,OP4_PT4_OW_GAGE - OP4_PT4_IW_GAGE / CS_BF_OP4
Distance,OP4_WIDTH_5,D1,3.857,4.000,-0.143,-0.250,0.050,,OP4_PT5_OW_GAGE - OP4_PT5_IW_GAGE / CS_BF_OP4
Distance,OP4_WIDTH_6,D1,3.868,4.000,-0.132,-0.250,0.050,,OP4_PT6_OW_GAGE - OP4_PT6_IW_GAGE / CS_BF_OP4
Distance,OP4_WIDTH_7,D1,3.852,4.000,-0.148,-0.250,0.050,,OP4_PT7_OW_GAGE - OP4_PT7_IW_GAGE / CS_BF_OP4
Distance,OP4_WIDTH_8,D1,3.911,4.000,-0.089,-0.250,0.050,,OP4_PT8_OW_GAGE - OP4_PT8_IW_GAGE / CS_BF_OP4
Distance,OP4_DEPTH_1,D1,6.039,6.000,0.039,-0.150,0.250,,PL_FIXTURE_B - OP4_PT1_DEPTH / CS_BF_OP4
Distance,OP4_DEPTH_2,D1,6.071,6.000,0.071,-0.150,0.250,,PL_FIXTURE_B - OP4_PT2_DEPTH / CS_BF_OP4
Distance,OP4_DEPTH_3,D1,6.060,6.000,0.060,-0.150,0.250,,PL_FIXTURE_B - OP4_PT3_DEPTH / CS_BF_OP4
Distance,OP4_DEPTH_4,D1,6.101,6.000,0.101,-0.150,0.250,,PL_FIXTURE_B - OP4_PT4_DEPTH / CS_BF_OP4
Distance,OP4_DEPTH_5,D1,6.222,6.000,0.222,-0.150,0.250,,PL_FIXTURE_B - OP4_PT5_DEPTH / CS_BF_OP4
Distance,OP4_DEPTH_6,D1,6.170,6.000,0.170,-0.150,0.250,,PL_FIXTURE_B - OP4_PT6_DEPTH / CS_BF_OP4
Distance,OP4_DEPTH_7,D1,6.018,6.000,0.018,-0.150,0.250,,PL_FIXTURE_B - OP4_PT7_DEPTH / CS_BF_OP4
Distance,OP4_DEPTH_8,D1,6.032,6.000,0.032,-0.150,0.250,,PL_FIXTURE_B - OP4_PT8_DEPTH / CS_BF_OP4
Profile of Line,OP4TOL_PRF_IN,PRFL,0.836,0.000,0.836,0.000,1.406,,OP4_SECT_IN
Distance,OP5_WIDTH_1,D1,3.949,4.000,-0.051,-0.250,0.050,,OP5_PT1_OW_GAGE - OP5_PT1_IW_GAGE / CS_BF_OP5
Distance,OP5_WIDTH_2,D1,3.987,4.000,-0.013,-0.250,0.050,,OP5_PT2_OW_GAGE - OP5_PT2_IW_GAGE / CS_BF_OP5
Distance,OP5_WIDTH_3,D1,3.849,4.000,-0.151,-0.250,0.050,,OP5_PT3_OW_GAGE - OP5_PT3_IW_GAGE / CS_BF_OP5
Distance,OP5_WIDTH_4,D1,4.026,4.000,0.026,-0.250,0.050,,OP5_PT4_OW_GAGE - OP5_PT4_IW_GAGE / CS_BF_OP5
Distance,OP5_WIDTH_5,D1,3.820,4.000,-0.180,-0.250,0.050,,OP5_PT5_OW_GAGE - OP5_PT5_IW_GAGE / CS_BF_OP5
Distance,OP5_WIDTH_6,D1,3.871,4.000,-0.129,-0.250,0.050,,OP5_PT6_OW_GAGE - OP5_PT6_IW_GAGE / CS_BF_OP5
Distance,OP5_WIDTH_7,D1,3.871,4.000,-0.129,-0.250,0.050,,OP5_PT7_OW_GAGE - OP5_PT7_IW_GAGE / CS_BF_OP5
Distance,OP5_WIDTH_8,D1,3.879,4.000,-0.121,-0.250,0.050,,OP5_PT8_OW_GAGE - OP5_PT8_IW_GAGE / CS_BF_OP5
Distance,OP5_DEPTH_1,D1,6.007,6.000,0.007,-0.150,0.250,,PL_FIXTURE_B - OP5_PT1_DEPTH / CS_BF_OP5
Distance,OP5_DEPTH_2,D1,6.030,6.000,0.030,-0.150,0.250,,PL_FIXTURE_B - OP5_PT2_DEPTH / CS_BF_OP5
Distance,OP5_DEPTH_3,D1,5.978,6.000,-0.022,-0.200,0.250,,PL_FIXTURE_B - OP5_PT3_DEPTH / CS_BF_OP5
Distance,OP5_DEPTH_4,D1,5.933,6.000,-0.067,-0.200,0.250,,PL_FIXTURE_B - OP5_PT4_DEPTH / CS_BF_OP5
Distance,OP5_DEPTH_5,D1,6.005,6.000,0.005,-0.150,0.250,,PL_FIXTURE_B - OP5_PT5_DEPTH / CS_BF_OP5
Distance,OP5_DEPTH_6,D1,6.033,6.000,0.033,-0.150,0.250,,PL_FIXTURE_B - OP5_PT6_DEPTH / CS_BF_OP5
Distance,OP5_DEPTH_7,D1,5.997,6.000,-0.003,-0.150,0.250,,PL_FIXTURE_B - OP5_PT7_DEPTH / CS_BF_OP5
Distance,OP5_DEPTH_8,D1,5.972,6.000,-0.028,-0.150,0.250,,PL_FIXTURE_B - OP5_PT8_DEPTH / CS_BF_OP5
Profile of Line,OP5TOL_PRF_IN,PRFL,0.955,0.000,0.955,0.000,1.406,,OP5_SECT_IN
Distance,OP6_WIDTH_1,D1,3.924,4.000,-0.076,-0.250,0.050,,OP6_PT1_OW_GAGE - OP6_PT1_IW_GAGE / CS_BF_OP6
Distance,OP6_WIDTH_2,D1,4.005,4.000,0.005,-0.250,0.050,,OP6_PT2_OW_GAGE - OP6_PT2_IW_GAGE / CS_BF_OP6
Distance,OP6_WIDTH_3,D1,3.893,4.000,-0.107,-0.250,0.050,,OP6_PT3_OW_GAGE - OP6_PT3_IW_GAGE / CS_BF_OP6
Distance,OP6_WIDTH_4,D1,3.904,4.000,-0.096,-0.250,0.050,,OP6_PT4_OW_GAGE - OP6_PT4_IW_GAGE / CS_BF_OP6
Distance,OP6_WIDTH_5,D1,3.865,4.000,-0.135,-0.250,0.050,,OP6_PT5_OW_GAGE - OP6_PT5_IW_GAGE / CS_BF_OP6
Distance,OP6_WIDTH_6,D1,3.906,4.000,-0.094,-0.250,0.050,,OP6_PT6_OW_GAGE - OP6_PT6_IW_GAGE / CS_BF_OP6
Distance,OP6_WIDTH_7,D1,3.903,4.000,-0.097,-0.250,0.050,,OP6_PT7_OW_GAGE - OP6_PT7_IW_GAGE / CS_BF_OP6
Distance,OP6_WIDTH_8,D1,3.910,4.000,-0.090,-0.250,0.050,,OP6_PT8_OW_GAGE - OP6_PT8_IW_GAGE / CS_BF_OP6
Distance,OP6_DEPTH_1,D1,5.988,6.000,-0.012,-0.150,0.250,,PL_FIXTURE_B - OP6_PT1_DEPTH / CS_BF_OP6
Distance,OP6_DEPTH_2,D1,6.227,6.000,0.227,-0.150,0.250,,PL_FIXTURE_B - OP6_PT2_DEPTH / CS_BF_OP6
Distance,OP6_DEPTH_3,D1,6.190,6.000,0.190,-0.150,0.250,,PL_FIXTURE_B - OP6_PT3_DEPTH / CS_BF_OP6
Distance,OP6_DEPTH_4,D1,6.228,6.000,0.228,-0.150,0.250,,PL_FIXTURE_B - OP6_PT4_DEPTH / CS_BF_OP6
Distance,OP6_DEPTH_5,D1,6.211,6.000,0.211,-0.150,0.250,,PL_FIXTURE_B - OP6_PT5_DEPTH / CS_BF_OP6
Distance,OP6_DEPTH_6,D1,6.078,6.000,0.078,-0.150,0.250,,PL_FIXTURE_B - OP6_PT6_DEPTH / CS_BF_OP6
Distance,OP6_DEPTH_7,D1,6.030,6.000,0.030,-0.150,0.250,,PL_FIXTURE_B - OP6_PT7_DEPTH / CS_BF_OP6
Distance,OP6_DEPTH_8,D1,6.025,6.000,0.025,-0.150,0.250,,PL_FIXTURE_B - OP6_PT8_DEPTH / CS_BF_OP6
Profile of Line,OP6TOL_PRF_IN,PRFL,1.285,0.000,1.285,0.000,1.600,,OP6_SECT_IN
Distance,WIDTH_TBA_1,D1,3.154,3.250,-0.096,-0.300,0.150,,0W2.5_1.1 - IW2.5_1.1 / CS_D_BF
Distance,WIDTH_TBA_2,D1,3.136,3.250,-0.114,-0.300,0.150,,0W2.5_1.2 - IW2.5_1.2 / CS_D_BF
Distance,WIDTH_TBA_3,D1,3.245,3.250,-0.005,-0.150,0.150,,0W2.5_1.3 - IW2.5_1.3 / CS_D_BF
Distance,WIDTH_TBA_4,D1,3.334,3.250,0.084,-0.150,0.250,,0W2.5_1.4 - IW2.5_1.4 / CS_D_BF
Distance,WIDTH_TBA_5,D1,3.279,3.250,0.029,-0.300,0.150,,0W2.5_1.5 - IW2.5_1.5 / CS_D_BF
Distance,WIDTH_TBA_6,D1,3.212,3.250,-0.038,-0.150,0.150,,0W2.5_1.6 - IW2.5_1.6 / CS_D_BF
Distance,WIDTH_TBA_7,D1,3.259,3.250,0.009,-0.150,0.150,,0W2.5_1.7 - IW2.5_1.7 / CS_D_BF
Distance,WIDTH_TBA_8,D1,3.265,3.250,0.015,-0.250,0.150,,0W2.5_1.8 - IW2.5_1.8 / CS_D_BF
Distance,DEPTH_TBA_1,D1,4.992,5.150,-0.158,-0.300,0.300,,TB_BOT_1.1 - PL_D / CS_D_BF
Distance,DEPTH_TBA_2,D1,4.905,5.150,-0.245,-0.300,0.300,,TB_BOT_1.2 - PL_D / CS_D_BF
Distance,DEPTH_TBA_3,D1,4.810,5.150,-0.340,-0.400,0.300,,TB_BOT_1.3 - PL_D / CS_D_BF
Distance,DEPTH_TBA_4,D1,4.775,5.150,-0.375,-0.400,0.300,,TB_BOT_1.4 - PL_D / CS_D_BF
Distance,DEPTH_TBA_5,D1,5.007,5.150,-0.143,-0.300,0.300,,TB_BOT_1.5 - PL_D / CS_D_BF
Distance,DEPTH_TBA_6,D1,5.006,5.150,-0.144,-0.300,0.300,,TB_BOT_1.6 - PL_D / CS_D_BF
Distance,DEPTH_TBA_7,D1,5.238,5.150,0.088,-0.300,0.300,,TB_BOT_1.7 - PL_D / CS_D_BF
Distance,DEPTH_TBA_8,D1,5.191,5.150,0.041,-0.300,0.300,,TB_BOT_1.8 - PL_D / CS_D_BF
Profile of Line,PRFL_DATUM_D,PRFL,1.349,0.000,1.349,0.000,3.206,,SCT_DATUM_D
Profile of Line,PRFL_LOCAL_OW_TB,PRFL,0.583,0.000,0.583,0.000,1.100,,SCT_LOCAL_OW_TB
Circle,CIR_24,DIAM,12.043,12.080,-0.037,-0.080,0.080,,Criterion : Least Square (From 12 Pts On PL_PLAST_24) 
Circle,CIR_27,X,-59.669,-60.000,0.331,,,,Criterion : Least Square (From 8 Pts On PL_INS_27) 
Circle,CIR_27,Z,124.390,124.700,-0.311,,,,
Pos. Tol.,PTOL_CIR_27,PTOL,0.907,0.000,0.907,0.000,1.706,,CIR_27/NOMINAL - CS_ABC_BF_SURFACES_ROTATED - C-Zone - XZ - Nominal
Distance,H_27,Y,0.216,0.000,0.216,0.000,0.400,,2D_CIR_27 - PL_PLAST_27 / CS_K
Circle,CIR_28,X,11.371,11.000,0.371,,,,Criterion : Least Square (From 8 Pts On PL_INS_28) 
Circle,CIR_28,Z,124.313,124.700,-0.387,,,,
Pos. Tol.,PTOL_CIR_28,PTOL,1.072,0.000,1.072,0.000,1.706,,CIR_28/NOMINAL - CS_ABC_BF_SURFACES_ROTATED - C-Zone - XZ - Nominal
Distance,H_28,Y,0.211,0.000,0.211,0.000,0.400,,2D_CIR_28 - PL_PLAST_28 / CS_K
Pos. Tol.,PTOL_2D_CIR_28,PTOL,0.264,0.000,0.264,0.000,0.500,,2D_CIR_28/NOMINAL - CS_K - C-Zone - XZ - Nominal
Circle,2D_CIR_28,X,71.132,71.000,0.132,,,,
Circle,2D_CIR_28,Z,-0.000,0.000,0.000,,,,
