Feat. Type,Feat. Name,Value,Actual,Nominal,Dev.,Tol-,Tol+,Out of Tol.,Comment
Text/Value,VAR_PROGRAM,VAL,,,,,,,'N:\Metrolog XG\Programmes\TBA 2V\TBA 2V Complete Module 51.gm2'
Text/Value,VAR_EVENEMENT,VAL,,,,,,,'dem 317'
Text/Value,VAR_COMMENTAIRES,VAL,1.000000,,,,,,
Circle,B,X,-0.008,0.000,-0.008,,,,Criterion : Least Square (From 6 Pts On A) 
Circle,B,Y,0.077,0.000,0.077,,,,
Pos. Tol.,PTOL_B,PTOL,0.155,0.000,0.155,0.000,0.800,,B/NOMINAL - ABC_BF - C-Zone - XY - Nominal
Circle,C,X,-128.709,-128.500,-0.209,,,,Criterion : Least Square (From 6 Pts On A) 
Circle,C,Y,-24.355,-24.400,0.045,,,,
Pos. Tol.,PTOL_C,PTOL,0.428,0.000,0.428,0.000,0.800,,C/NOMINAL - ABC_BF - C-Zone - XY - Nominal
Circle,CIR_3,X,-115.301,-115.500,0.199,,,,Criterion : Least Square (From 6 Pts On A) 
Circle,CIR_3,Y,-98.877,-98.900,0.023,,,,
Pos. Tol.,PTOL_3,PTOL,0.401,0.000,0.401,0.000,0.800,,CIR_3/NOMINAL - ABC_BF - C-Zone - XY - Nominal
Circle,CIR_4,X,51.518,51.500,0.018,,,,Criterion : Least Square (From 6 Pts On A) 
Circle,CIR_4,Y,-70.145,-70.000,-0.145,,,,
Pos. Tol.,PTOL_4,PTOL,0.292,0.000,0.292,0.000,0.800,,CIR_4/NOMINAL - ABC_BF - C-Zone - XY - Nominal
Circle,CIR_INS_11,X,-80.468,-79.800,-0.668,,,,Criterion : Least Square (From 6 Pts On PL_INS_11) 
Circle,CIR_INS_11,Y,-158.534,-159.300,0.766,,,,
Pos. Tol.,PTOL_11,PTOL,2.034,0.000,2.034,0.000,2.000,0.034,CIR_INS_11/NOMINAL - ABC_BF - C-Zone - XY - Nominal
Distance,PROF_11,Z,91.688,91.500,0.188,-1.000,1.000,,CIR_INS_11 - A / ABC_BF
Distance,H_11,Z,0.134,0.000,0.134,0.000,0.500,,CIR_INS_11 - PL_PLAST_11 / ABC_BF
Flatness,FLATNESS_D,FLTN,0.543,0.000,0.543,0.000,0.500,0.043,D
Text/Value,PROF_SURF_C,VAL,2.996287,0.000000,2.996287,0.000000,3.000000,,
Circle,CIR_INS_5,X,-167.177,-167.300,0.123,,,,Criterion : Least Square (From 6 Pts On PL_INS_5) 
Circle,CIR_INS_5,Z,105.636,105.500,0.136,,,,
Pos. Tol.,PTOL_5,PTOL,0.367,0.000,0.367,0.000,2.000,,CIR_INS_5/NOMINAL - ABC_BF_ROT_45 - C-Zone - XZ - Nominal
Circle,CIR_INS_6,X,-167.632,-167.300,-0.332,,,,Criterion : Least Square (From 6 Pts On PL_INS_6) 
Circle,CIR_INS_6,Z,35.934,35.500,0.434,,,,
Pos. Tol.,PTOL_6,PTOL,1.094,0.000,1.094,0.000,2.000,,CIR_INS_6/NOMINAL - ABC_BF_ROT_45 - C-Zone - XZ - Nominal
Circle,CIR_INS_7,X,-27.046,-27.300,0.254,,,,Criterion : Least Square (From 6 Pts On PL_INS_7) 
Circle,CIR_INS_7,Z,36.458,35.500,0.958,,,,
Pos. Tol.,PTOL_7,PTOL,1.982,0.000,1.982,0.000,2.000,,CIR_INS_7/NOMINAL - ABC_BF_ROT_45 - C-Zone - XZ - Nominal
Circle,CIR_INS_8,X,-26.804,-27.300,0.496,,,,Criterion : Least Square (From 6 Pts On PL_INS_8) 
Circle,CIR_INS_8,Z,106.060,105.500,0.560,,,,
Pos. Tol.,PTOL_8,PTOL,1.497,0.000,1.497,0.000,2.000,,CIR_INS_8/NOMINAL - ABC_BF_ROT_45 - C-Zone - XZ - Nominal
Circle,2D_CIR_INS_5,X,0.047,0.000,0.047,,,,
Circle,2D_CIR_INS_5,Z,-0.267,0.000,-0.267,,,,
Pos. Tol.,PTOL_2D_5,PTOL,0.541,0.000,0.541,0.000,0.800,,2D_CIR_INS_5/NOMINAL - CS_CD_BEST - C-Zone - XZ - Nominal
Circle,2D_CIR_INS_6,X,-0.528,0.000,-0.528,,,,
Circle,2D_CIR_INS_6,Z,-69.967,-70.000,0.033,,,,
Pos. Tol.,PTOL_2D_6,PTOL,1.058,0.000,1.058,0.000,0.800,0.258,2D_CIR_INS_6/NOMINAL - CS_CD_BEST - C-Zone - XZ - Nominal
Circle,2D_CIR_INS_7,X,140.060,140.000,0.060,,,,
Circle,2D_CIR_INS_7,Z,-69.684,-70.000,0.316,,,,
Pos. Tol.,PTOL_2D_7,PTOL,0.642,0.000,0.642,0.000,0.800,,2D_CIR_INS_7/NOMINAL - CS_CD_BEST - C-Zone - XZ - Nominal
Circle,2D_CIR_INS_8,X,140.421,140.000,0.421,,,,
Circle,2D_CIR_INS_8,Z,-0.082,0.000,-0.082,,,,
Pos. Tol.,PTOL_2D_8,PTOL,0.857,0.000,0.857,0.000,0.800,0.057,2D_CIR_INS_8/NOMINAL - CS_CD_BEST - C-Zone - XZ - Nominal
Distance,H_5,Y,-0.008,0.000,-0.008,0.000,0.500,-0.008,CIR_INS_5 - PL_PLAST_5 / CS_CD_BEST_ROT
Distance,H_6,Y,-0.010,0.000,-0.010,-0.000,0.500,-0.010,CIR_INS_6 - PL_PLAST_6 / CS_CD_BEST_ROT
Distance,H_7,Y,-0.026,0.000,-0.026,0.000,0.500,-0.026,CIR_INS_7 - PL_PLAST_7 / CS_CD_BEST_ROT
Distance,H_8,Y,-0.030,0.000,-0.030,-0.000,0.500,-0.030,CIR_INS_8 - PL_PLAST_8 / CS_CD_BEST_ROT
Distance,PROF_5,Y,-112.690,-112.682,-0.008,-1.500,1.500,,CIR_INS_5 - ORIGIN / CS_ABC_ROT_45
Distance,PROF_6,Y,-112.551,-112.682,0.131,-1.500,1.500,,CIR_INS_6 - ORIGIN / CS_ABC_ROT_45
Distance,PROF_7,Y,-112.994,-112.682,-0.312,-1.500,1.500,,CIR_INS_7 - ORIGIN / CS_ABC_ROT_45
Distance,PROF_8,Y,-112.628,-112.682,0.054,-1.500,1.500,,CIR_INS_8 - ORIGIN / CS_ABC_ROT_45
Circle,CIR_F,DIAM,31.740,31.750,-0.010,-0.050,0.050,,Criterion : Least Square (From 12 Pts On PL_E) 
Circle,CIR_F,Y,-61.346,-62.032,0.686,,,,
Circle,CIR_F,Z,69.950,70.000,-0.050,,,,
Pos. Tol.,PTOL_PCV,PTOL,1.376,0.000,1.376,0.000,3.000,,CIR_F/NOMINAL - ABC_BF - C-Zone - YZ - Nominal
Distance,PROF_E,X,-123.987,-124.699,0.712,-1.000,1.000,,PL_E - ORIGIN / ABC_BF
Flatness,FLATNESS_E,FLTN,0.202,0.000,0.202,0.000,0.500,,PL_E
Circle,CIR_10,DIAM,9.727,9.700,0.027,-0.100,0.100,,Inters. PL_10 - CYL_10.
Circle,CIR_10,Y,-48.384,-48.214,-0.170,,,,
Circle,CIR_10,Z,26.112,26.039,0.073,,,,
Pos. Tol.,PTOL_CIR_10,PTOL,0.370,0.000,0.370,0.000,3.000,,CIR_10/NOMINAL - ABC_BF - C-Zone - YZ - Nominal
Distance,PROF_10,X,-145.889,-146.500,0.611,-1.500,1.500,,PNT_INT_10 - B / ABC_BF
Circle,CIR_12_PRJ,X,-52.014,-51.867,-0.147,,,,Inters. PL_12 - CYL_12.
Circle,CIR_12_PRJ,Y,23.569,22.547,1.022,,,,
Circle,CIR_12_PRJ,Z,36.931,36.838,0.094,,,,
Pos. Tol.,PTOL_CIR_12_PRJ,PTOL,2.074,0.000,2.074,0.000,3.000,,CIR_12_PRJ/NOMINAL - ABC_BF - C-Zone - XYZ - Nominal
Circle,CIR_13_PRJ,X,-52.031,-51.979,-0.052,,,,Inters. PL_13 - CYL_13.
Circle,CIR_13_PRJ,Y,12.528,11.286,1.242,,,,
Circle,CIR_13_PRJ,Z,66.843,67.363,-0.520,,,,
Pos. Tol.,PTOL_CIR_13_PRJ,PTOL,2.695,0.000,2.695,0.000,3.000,,CIR_13_PRJ/NOMINAL - ABC_BF - C-Zone - XYZ - Nominal
Circle,2D_CIR_14,Y,-18.945,-19.000,0.055,,,,
Circle,2D_CIR_14,Z,15.890,15.900,-0.010,,,,
Pos. Tol.,PTOL_2D_CIR_14,PTOL,0.113,0.000,0.113,0.000,0.700,,2D_CIR_14/NOMINAL - CS_EF_BEST - C-Zone - YZ - Nominal
Circle,2D_CIR_15,Y,-13.785,-13.790,0.005,,,,
Circle,2D_CIR_15,Z,20.499,20.550,-0.051,,,,
Pos. Tol.,PTOL_2D_CIR_15,PTOL,0.102,0.000,0.102,0.000,0.700,,2D_CIR_15/NOMINAL - CS_EF_BEST - C-Zone - YZ - Nominal
Circle,2D_CIR_17,Y,13.830,13.790,0.040,,,,
Circle,2D_CIR_17,Z,-20.495,-20.550,0.055,,,,
Pos. Tol.,PTOL_2D_CIR_17,PTOL,0.135,0.000,0.135,0.000,0.700,,2D_CIR_17/NOMINAL - CS_EF_BEST - C-Zone - YZ - Nominal
Circle,2D_CIR_18,Y,18.900,19.000,-0.100,,,,
Circle,2D_CIR_18,Z,-15.894,-15.900,0.006,,,,
Pos. Tol.,PTOL_2D_CIR_18,PTOL,0.201,0.000,0.201,0.000,0.700,,2D_CIR_18/NOMINAL - CS_EF_BEST - C-Zone - YZ - Nominal
