Feat. Type,Feat. Name,Value,Actual,Nominal,Dev.,Tol-,Tol+,Out of Tol.,Comment
Text/Value,VAR_PROGRAM,VAL,,,,,,,'N:\Metrolog XG\Programmes\D-35\D-35 Hauteur Plastic Crush Rib Moule 2 (Module 44).gm2'
Text/Value,VAR_EVENEMENT,VAL,,,,,,,'FIP05631/06096'
Text/Value,VAR_COMMENTAIRES,VAL,,,,,,,'304A'
Circle,CIR_3_FL,X,123.757,124.294,-0.537,,,,Criterion : Least Square (From 6 Pts On PL_PLAST_FL_3) 
Circle,CIR_3_FL,Z,-30.097,-30.147,0.050,,,,
Pos. Tol.,POS_3_FLANGE,PTOL,1.079,0.000,1.079,0.000,1.000,0.079,CIR_3_FL/NOMINAL - CS_ABC - C-Zone - XZ - Nominal
Circle,CIR_3_TOP,X,124.335,124.294,0.041,,,,Criterion : Least Square (From 6 Pts On PL_PLAST_TOP_3) 
Circle,CIR_3_TOP,Z,-29.392,-30.147,0.755,,,,
Pos. Tol.,POS_3_TOP,PTOL,1.512,0.000,1.512,0.000,2.000,,CIR_3_TOP/NOMINAL - CS_ABC - C-Zone - XZ - Nominal
Distance,PLASTIC_HEIGHT,D1,100.266,100.350,-0.084,-0.300,0.300,,CIR_3_FL - CIR_3_TOP / CS_ABC
