Feat. Type,Feat. Name,Value,Actual,Nominal,Dev.,Tol-,Tol+,Out of Tol.,Comment
Text/Value,VAR_PROGRAM,VAL,,,,,,,'N:\Metrolog XG\Programmes\V10 6.8L Triton\V10 6.8L Triton Complete Module 51.gm2'
Text/Value,VAR_EVENEMENT,VAL,,,,,,,'Demarrage '
Text/Value,VAR_COMMENTAIRES,VAL,,,,,,,'306 C'
Circle,CIR_1,DIAM,8.102,8.000,0.102,-0.100,0.100,0.002,Criterion : Least Square (From 6 Pts On PL_FIXTURE) 
Circle,CIR_1,X,0.324,0.000,0.324,,,,
Circle,CIR_1,Y,-0.170,0.000,-0.170,,,,
Circle,CIR_2,DIAM,7.998,8.000,-0.002,-0.100,0.100,,Criterion : Least Square (From 6 Pts On PL_FIXTURE) 
Circle,CIR_2,X,-27.886,-28.000,0.114,,,,
Circle,CIR_2,Y,-100.019,-100.000,-0.019,,,,
Circle,CIR_3,DIAM,8.075,8.000,0.075,-0.100,0.100,,Criterion : Least Square (From 6 Pts On PL_FIXTURE) 
Circle,CIR_3,X,0.095,0.000,0.095,,,,
Circle,CIR_3,Y,-200.015,-200.000,-0.015,,,,
Circle,CIR_4,DIAM,7.991,8.000,-0.009,-0.100,0.100,,Criterion : Least Square (From 6 Pts On PL_FIXTURE) 
Circle,CIR_4,X,-27.997,-28.000,0.003,,,,
Circle,CIR_4,Y,-300.036,-300.000,-0.036,,,,
Circle,CIR_5,DIAM,8.088,8.000,0.088,-0.100,0.100,,Criterion : Least Square (From 6 Pts On PL_FIXTURE) 
Circle,CIR_5,X,0.199,0.000,0.199,,,,
Circle,CIR_5,Y,-400.001,-400.000,-0.001,,,,
Circle,CIR_6,DIAM,8.092,8.000,0.092,-0.100,0.100,,Criterion : Least Square (From 6 Pts On PL_FIXTURE) 
Circle,CIR_6,X,-25.681,-26.000,0.319,,,,
Circle,CIR_6,Y,-498.536,-498.400,-0.136,,,,
Circle,CIR_7,DIAM,8.030,8.000,0.030,-0.100,0.100,,Criterion : Least Square (From 6 Pts On PL_FIXTURE) 
Circle,CIR_7,X,-362.889,-362.900,0.011,,,,
Circle,CIR_7,Y,-525.222,-525.100,-0.122,,,,
Circle,CIR_8,DIAM,8.112,8.000,0.112,-0.100,0.100,0.012,Criterion : Least Square (From 6 Pts On PL_FIXTURE) 
Circle,CIR_8,X,-390.782,-390.565,-0.217,,,,
Circle,CIR_8,Y,-423.816,-424.000,0.184,,,,
Circle,CIR_9,DIAM,8.054,8.000,0.054,-0.100,0.100,,Criterion : Least Square (From 6 Pts On PL_FIXTURE) 
Circle,CIR_9,X,-362.441,-362.600,0.159,,,,
Circle,CIR_9,Y,-323.847,-324.000,0.153,,,,
Circle,CIR_10,DIAM,8.099,8.000,0.099,-0.100,0.100,,Criterion : Least Square (From 6 Pts On PL_FIXTURE) 
Circle,CIR_10,X,-390.834,-390.600,-0.234,,,,
Circle,CIR_10,Y,-223.944,-224.000,0.056,,,,
Circle,CIR_11,DIAM,8.012,8.000,0.012,-0.100,0.100,,Criterion : Least Square (From 6 Pts On PL_FIXTURE) 
Circle,CIR_11,X,-362.878,-362.600,-0.278,,,,
Circle,CIR_11,Y,-125.403,-125.600,0.197,,,,
Circle,CIR_12,DIAM,8.096,8.000,0.096,-0.100,0.100,,Criterion : Least Square (From 6 Pts On PL_FIXTURE) 
Circle,CIR_12,X,-391.096,-390.600,-0.496,,,,
Circle,CIR_12,Y,-25.691,-25.600,-0.091,,,,
Pos. Tol.,POS_1,PTOL,0.731,0.000,0.731,0.200,1.400,,CIR_1(M)/NOMINAL - CS_ABC_BF - C-Zone - XY - Nominal
Pos. Tol.,POS_2,PTOL,0.232,0.000,0.232,0.098,1.298,,CIR_2(M)/NOMINAL - CS_ABC_BF - C-Zone - XY - Nominal
Pos. Tol.,POS_3,PTOL,0.192,0.000,0.192,0.175,1.375,,CIR_3(M)/NOMINAL - CS_ABC_BF - C-Zone - XY - Nominal
Pos. Tol.,POS_4,PTOL,0.073,0.000,0.073,0.091,1.291,,CIR_4(M)/NOMINAL - CS_ABC_BF - C-Zone - XY - Nominal
Pos. Tol.,POS_5,PTOL,0.399,0.000,0.399,0.188,1.388,,CIR_5(M)/NOMINAL - CS_ABC_BF - C-Zone - XY - Nominal
Pos. Tol.,POS_6,PTOL,0.693,0.000,0.693,0.192,1.392,,CIR_6(M)/NOMINAL - CS_ABC_BF - C-Zone - XY - Nominal
Pos. Tol.,POS_7,PTOL,0.246,0.000,0.246,0.130,1.330,,CIR_7(M)/NOMINAL - CS_ABC_BF - C-Zone - XY - Nominal
Pos. Tol.,POS_8,PTOL,0.569,0.000,0.569,0.200,1.400,,CIR_8(M)/NOMINAL - CS_ABC_BF - C-Zone - XY - Nominal
Pos. Tol.,POS_9,PTOL,0.442,0.000,0.442,0.154,1.354,,CIR_9(M)/NOMINAL - CS_ABC_BF - C-Zone - XY - Nominal
Pos. Tol.,POS_10,PTOL,0.482,0.000,0.482,0.199,1.399,,CIR_10(M)/NOMINAL - CS_ABC_BF - C-Zone - XY - Nominal
Pos. Tol.,POS_11,PTOL,0.681,0.000,0.681,0.112,1.312,,CIR_11(M)/NOMINAL - CS_ABC_BF - C-Zone - XY - Nominal
Pos. Tol.,POS_12,PTOL,1.008,0.000,1.008,0.196,1.396,,CIR_12(M)/NOMINAL - CS_ABC_BF - C-Zone - XY - Nominal
Pos. Tol.,POS_13,PTOL,0.286,0.000,0.286,0.026,0.826,,PNT_INJ_13(M)/NOMINAL(M) - CS_A_12_8_BF - C-Zone - XY - Nominal
Pos. Tol.,POS_14,PTOL,0.404,0.000,0.404,0.162,0.962,,PNT_INJ_14(M)/NOMINAL(M) - CS_A_12_8_BF - C-Zone - XY - Nominal
Pos. Tol.,POS_15,PTOL,0.435,0.000,0.435,0.118,0.918,,PNT_INJ_15(M)/NOMINAL(M) - CS_A_12_8_BF - C-Zone - XY - Nominal
Pos. Tol.,POS_16,PTOL,0.755,0.000,0.755,0.124,0.924,,PNT_INJ_16(M)/NOMINAL(M) - CS_A_12_8_BF - C-Zone - XY - Nominal
Pos. Tol.,POS_17,PTOL,0.501,0.000,0.501,0.119,0.919,,PNT_INJ_17(M)/NOMINAL(M) - CS_A_12_8_BF - C-Zone - XY - Nominal
Pos. Tol.,POS_18,PTOL,0.603,0.000,0.603,0.112,0.912,,PNT_INJ_18(M)/NOMINAL(M) - CS_AB_BF_1_6 - C-Zone - XY - Nominal
Pos. Tol.,POS_19,PTOL,0.395,0.000,0.395,0.074,0.874,,PNT_INJ_19(M)/NOMINAL(M) - CS_AB_BF_1_6 - C-Zone - XY - Nominal
Pos. Tol.,POS_20,PTOL,0.254,0.000,0.254,0.109,0.909,,PNT_INJ_20(M)/NOMINAL(M) - CS_AB_BF_1_6 - C-Zone - XY - Nominal
Pos. Tol.,POS_21,PTOL,0.451,0.000,0.451,0.118,0.918,,PNT_INJ_21(M)/NOMINAL(M) - CS_AB_BF_1_6 - C-Zone - XY - Nominal
Pos. Tol.,POS_22,PTOL,0.450,0.000,0.450,0.117,0.917,,PNT_INJ_22(M)/NOMINAL(M) - CS_AB_BF_1_6 - C-Zone - XY - Nominal
Pos. Tol.,POS_23,PTOL,0.133,0.000,0.133,0.000,1.200,,CIR_23/NOMINAL - CS_AJ_BF - C-Zone - YZ - Nominal
Pos. Tol.,POS_24,PTOL,0.773,0.000,0.773,0.000,1.200,,CIR_24/NOMINAL - CS_AJ_BF - C-Zone - YZ - Nominal
Pos. Tol.,POS_25,PTOL,0.724,0.000,0.724,0.000,1.200,,CIR_25/NOMINAL - CS_AJ_BF - C-Zone - YZ - Nominal
Pos. Tol.,POS_26,PTOL,0.803,0.000,0.803,0.000,1.200,,CIR_26/NOMINAL - CS_AK_BF - C-Zone - YZ - Nominal
Pos. Tol.,POS_27,PTOL,0.572,0.000,0.572,0.000,1.200,,CIR_27/NOMINAL - CS_AK_BF - C-Zone - YZ - Nominal
Pos. Tol.,POS_28,PTOL,0.790,0.000,0.790,0.000,1.200,,CIR_28/NOMINAL - CS_AK_BF - C-Zone - YZ - Nominal
Pos. Tol.,POS_DATUM_E,PTOL,2.676,0.000,2.676,0.000,5.000,,CIR_29/NOMINAL - CS_ABC_BF - C-Zone - XY - Nominal
Pos. Tol.,POS_DATUM_F,PTOL,2.494,0.000,2.494,0.000,5.000,,PNT_30/NOMINAL - CS_ABC_BF - C-Zone - XY - Nominal
Pos. Tol.,POS_31,PTOL,2.394,0.000,2.394,0.000,5.000,,CIR_31/NOMINAL - CS_ABC_BF - C-Zone - XY - Nominal
Pos. Tol.,POS_32,PTOL,2.357,0.000,2.357,0.000,5.000,,CIR_32/NOMINAL - CS_ABC_BF - C-Zone - XY - Nominal
Pos. Tol.,POS_33,PTOL,2.446,0.000,2.446,0.000,5.000,,CIR_33/NOMINAL - CS_ABC_BF - C-Zone - XY - Nominal
Pos. Tol.,POS_34,PTOL,2.629,0.000,2.629,0.000,5.000,,CIR_34/NOMINAL - CS_ABC_BF - C-Zone - XY - Nominal
Pos. Tol.,POS_35,PTOL,0.828,0.000,0.828,0.000,5.000,,CIR_35/NOMINAL - CS_ABC_BF - C-Zone - XY - Nominal
Pos. Tol.,POS_36,PTOL,0.600,0.000,0.600,0.000,5.000,,CIR_36/NOMINAL - CS_ABC_BF - C-Zone - XY - Nominal
Pos. Tol.,POS_2D_31,PTOL,0.227,0.000,0.227,0.000,0.800,,2D_CIR_31/NOMINAL - CS_DEF_BF_ALL - C-Zone - XY - Nominal
Pos. Tol.,POS_2D_32,PTOL,0.144,0.000,0.144,0.000,0.800,,2D_CIR_32/NOMINAL - CS_DEF_BF_ALL - C-Zone - XY - Nominal
Pos. Tol.,POS_2D_33,PTOL,0.457,0.000,0.457,0.000,0.800,,2D_CIR_33/NOMINAL - CS_DEF_BF_ALL - C-Zone - XY - Nominal
Pos. Tol.,POS_2D_34,PTOL,0.434,0.000,0.434,0.000,0.800,,2D_CIR_34/NOMINAL - CS_DEF_BF_ALL - C-Zone - XY - Nominal
Pos. Tol.,POS_2D_35,PTOL,0.989,0.000,0.989,0.000,0.800,0.189,2D_CIR_35/NOMINAL - CS_DEF_BF_ALL - C-Zone - XY - Nominal
Pos. Tol.,POS_2D_36,PTOL,0.644,0.000,0.644,0.000,0.800,,Modifier Tolerance a 1.2 selon derogation D10-0102
Pos. Tol.,POS_42,PTOL,1.356,0.000,1.356,0.000,5.000,,CIR_42/NOMINAL - CS_ABC_BF - C-Zone - XY - Nominal
Pos. Tol.,POS_44,PTOL,2.196,0.000,2.196,0.000,5.000,,CIR_44/NOMINAL - CS_ABC_BF - C-Zone - XY - Nominal
Pos. Tol.,POS_62,PTOL,1.857,0.000,1.857,0.000,5.000,,CIR_62/NOMINAL - CS_ABC_BF - C-Zone - XY - Nominal
Circle,CIR_GAGE_INJ_13,DIAM,13.926,14.000,-0.074,-0.100,0.100,,Criterion : Least Square (From 10 Pts On AUTO) 
Circle,CIR_GAGE_INJ_14,DIAM,14.062,14.000,0.062,-0.100,0.100,,Criterion : Least Square (From 10 Pts On AUTO) 
Circle,CIR_GAGE_INJ_15,DIAM,14.018,14.000,0.018,-0.100,0.100,,Criterion : Least Square (From 10 Pts On AUTO) 
Circle,CIR_GAGE_INJ_16,DIAM,14.024,14.000,0.024,-0.100,0.100,,Criterion : Least Square (From 10 Pts On AUTO) 
Circle,CIR_GAGE_INJ_17,DIAM,14.019,14.000,0.019,-0.100,0.100,,Criterion : Least Square (From 10 Pts On AUTO) 
Circle,CIR_GAGE_INJ_18,DIAM,14.012,14.000,0.012,-0.100,0.100,,Criterion : Least Square (From 10 Pts On AUTO) 
Circle,CIR_GAGE_INJ_19,DIAM,13.974,14.000,-0.026,-0.100,0.100,,Criterion : Least Square (From 10 Pts On AUTO) 
Circle,CIR_GAGE_INJ_20,DIAM,14.009,14.000,0.009,-0.100,0.100,,Criterion : Least Square (From 10 Pts On AUTO) 
Circle,CIR_GAGE_INJ_21,DIAM,14.018,14.000,0.018,-0.100,0.100,,Criterion : Least Square (From 10 Pts On AUTO) 
Circle,CIR_GAGE_INJ_22,DIAM,14.017,14.000,0.017,-0.100,0.100,,Criterion : Least Square (From 10 Pts On AUTO) 
Circle,CIR_23,X,-12.764,-13.100,0.336,,,,Criterion : Least Square (From 6 Pts On PL_INS_23) 
Circle,CIR_23,Y,149.941,150.000,-0.059,,,,
Circle,CIR_23,Z,54.471,54.500,-0.029,,,,
Circle,CIR_25,X,-12.295,-13.100,0.805,,,,Criterion : Least Square (From 6 Pts On PL_INS_25) 
Circle,CIR_25,Y,-249.672,-250.000,0.328,,,,
Circle,CIR_25,Z,54.653,54.500,0.153,,,,
Circle,CIR_24,X,-12.846,-13.100,0.254,,,,Criterion : Least Square (From 6 Pts On PL_INS_24) 
Circle,CIR_24,Y,-49.638,-50.000,0.362,,,,
Circle,CIR_24,Z,54.364,54.500,-0.136,,,,
Circle,CIR_26,X,13.581,13.100,0.481,,,,Criterion : Least Square (From 6 Pts On PL_INS_26) 
Circle,CIR_26,Y,-250.138,-250.000,-0.138,,,,
Circle,CIR_26,Z,54.877,54.500,0.377,,,,
Circle,CIR_27,X,13.357,13.100,0.257,,,,Criterion : Least Square (From 6 Pts On PL_INS_27) 
Circle,CIR_27,Y,-49.715,-50.000,0.285,,,,
Circle,CIR_27,Z,54.476,54.500,-0.024,,,,
Circle,CIR_28,X,13.152,13.100,0.052,,,,Criterion : Least Square (From 6 Pts On PL_INS_28) 
Circle,CIR_28,Y,149.835,150.000,-0.165,,,,
Circle,CIR_28,Z,54.141,54.500,-0.359,,,,
Point,PNT_INJ_13,X,-3.204,-3.300,0.096,,,,Inters. AXIS_INJ_13 - PL_FIXTURE.
Point,PNT_INJ_13,Y,-48.294,-48.400,0.106,,,,
Point,PNT_INJ_14,X,-3.481,-3.300,-0.181,,,,Inters. AXIS_INJ_14 - PL_FIXTURE.
Point,PNT_INJ_14,Y,-148.311,-148.400,0.089,,,,
Point,PNT_INJ_15,X,-3.087,-3.300,0.213,,,,Inters. AXIS_INJ_15 - PL_FIXTURE.
Point,PNT_INJ_15,Y,-248.444,-248.400,-0.044,,,,
Point,PNT_INJ_16,X,-3.308,-3.300,-0.008,,,,Inters. AXIS_INJ_16 - PL_FIXTURE.
Point,PNT_INJ_16,Y,-348.023,-348.400,0.377,,,,
Point,PNT_INJ_17,X,-3.533,-3.300,-0.233,,,,Inters. AXIS_INJ_17 - PL_FIXTURE.
Point,PNT_INJ_17,Y,-448.491,-448.400,-0.091,,,,
Point,PNT_INJ_18,X,3.591,3.300,0.291,,,,Inters. AXIS_INJ_18 - PL_FIXTURE.
Point,PNT_INJ_18,Y,-449.921,-450.000,0.079,,,,
Point,PNT_INJ_19,X,3.477,3.300,0.177,,,,Inters. AXIS_INJ_19 - PL_FIXTURE.
Point,PNT_INJ_19,Y,-349.912,-350.000,0.088,,,,
Point,PNT_INJ_20,X,3.373,3.300,0.073,,,,Inters. AXIS_INJ_20 - PL_FIXTURE.
Point,PNT_INJ_20,Y,-250.104,-250.000,-0.104,,,,
Point,PNT_INJ_21,X,3.440,3.300,0.140,,,,Inters. AXIS_INJ_21 - PL_FIXTURE.
Point,PNT_INJ_21,Y,-150.177,-150.000,-0.177,,,,
Point,PNT_INJ_22,X,3.496,3.300,0.196,,,,Inters. AXIS_INJ_22 - PL_FIXTURE.
Point,PNT_INJ_22,Y,-49.889,-50.000,0.111,,,,
Distance,H_37,Y,0.145,0.000,0.145,,,,CIR_37 - PL_PLAST_37 / CS_37_38_39_ROT_180
Distance,H_38,Y,0.146,0.000,0.146,,,,CIR_38 - PL_PLAST_38 / CS_37_38_39_ROT_180
Distance,H_39,Y,0.465,0.000,0.465,,,,CIR_39 - PL_PLAST_39 / CS_37_38_39_ROT_180
Distance,H_35,Z,0.331,-0.000,0.331,,,,CIR_35 - PL_PLAST_35 / CS_TEMP_35_SRF
Distance,H_36,Z,0.375,0.000,0.375,,,,CIR_36 - PL_PLAST_36 / CS_TEMP_36_SRF
Distance,PROF_62,Z,154.728,156.000,-1.272,-1.500,1.500,,CIR_62 - PL_FIXTURE / CS_ABC_BF
Distance,H_62,Z,0.132,0.000,0.132,0.000,0.500,,CIR_62 - PL_PLAST_62 / CS_TEMP_62_SRF
Circle,CIR_29,X,-227.452,-226.340,-1.111,,,,Criterion : Least Square (From 4 Pts On PL_DATUM_D) 
Circle,CIR_29,Y,66.447,65.702,0.745,,,,
Point,PNT_30,X,-160.714,-159.800,-0.914,,,,Proj. PNT_MID_30 / PL_DATUM_D.
Point,PNT_30,Y,66.549,65.700,0.849,,,,
Circle,2D_CIR_34,X,-25.916,-25.800,-0.116,,,,
Circle,2D_CIR_34,Y,-3.217,-3.400,0.183,,,,
Circle,2D_CIR_33,X,-41.628,-41.500,-0.128,,,,
Circle,2D_CIR_33,Y,-76.011,-76.200,0.189,,,,
Circle,2D_CIR_32,X,113.702,113.700,0.002,,,,
Circle,2D_CIR_32,Y,-70.128,-70.200,0.072,,,,
Circle,2D_CIR_31,X,94.248,94.200,0.048,,,,
Circle,2D_CIR_31,Y,-3.297,-3.400,0.103,,,,
Circle,2D_CIR_36,X,-56.985,-57.100,0.115,,,,
Circle,2D_CIR_36,Y,-172.201,-171.900,-0.301,,,,
Circle,2D_CIR_35,X,119.540,119.400,0.140,,,,
Circle,2D_CIR_35,Y,-172.874,-172.400,-0.474,,,,
Circle,CIR_42,X,-27.428,-27.063,-0.365,,,,Criterion : Least Square (From 6 Pts On PL_CL_42) 
Circle,CIR_42,Y,-246.429,-247.000,0.571,,,,
Circle,CIR_44,X,-364.332,-363.275,-1.057,,,,Criterion : Least Square (From 6 Pts On PL_CL_44) 
Circle,CIR_44,Y,-366.145,-365.850,-0.295,,,,
Circle,CIR_62,X,-364.126,-363.275,-0.851,,,,Criterion : Least Square (From 6 Pts On PL_INS_62) 
Circle,CIR_62,Y,-180.480,-180.850,0.370,,,,
Circle,CIR_63,X,-364.484,-363.300,-1.184,,,,Criterion : Least Square (From 6 Pts On PL_INS_63) 
Circle,CIR_63,Y,-273.198,-273.600,0.402,,,,
Pos. Tol.,POS_63,PTOL,2.500,0.000,2.500,0.000,5.000,,CIR_63/NOMINAL - CS_ABC_BF - C-Zone - XY - Nominal
Distance,PROF_63,Z,150.562,151.400,-0.838,-1.500,1.500,,CIR_63 - PL_FIXTURE / CS_ABC_BF
Distance,H_63,Z,0.022,0.000,0.022,0.000,0.500,,CIR_63 - PL_PLAST_63 / CS_SRF_TEMP_BF_63
