Feat. Type,Feat. Name,Value,Actual,Nominal,Dev.,Tol-,Tol+,Out of Tol.,Comment
Text/Value,VAR_PROGRAM,VAL,,,,,,,'N:\Metrolog XG\Programmes\D-35\D-35 Hauteur Plastic Crush Rib Moule 2 (Module 44).gm2'
Text/Value,VAR_EVENEMENT,VAL,,,,,,,'FIP:6096 '
Text/Value,VAR_COMMENTAIRES,VAL,,,,,,,'303 B'
Circle,CIR_3_FL,X,123.759,124.294,-0.535,,,,Criterion : Least Square (From 6 Pts On PL_PLAST_FL_3) 
Circle,CIR_3_FL,Z,-30.097,-30.147,0.050,,,,
Pos. Tol.,POS_3_FLANGE,PTOL,1.075,0.000,1.075,0.000,1.000,0.075,CIR_3_FL/NOMINAL - CS_ABC - C-Zone - XZ - Nominal
Circle,CIR_3_TOP,X,124.420,124.294,0.126,,,,Criterion : Least Square (From 6 Pts On PL_PLAST_TOP_3) 
Circle,CIR_3_TOP,Z,-29.149,-30.147,0.998,,,,
Pos. Tol.,POS_3_TOP,PTOL,2.011,0.000,2.011,0.000,2.000,0.011,CIR_3_TOP/NOMINAL - CS_ABC - C-Zone - XZ - Nominal
Distance,PLASTIC_HEIGHT,D1,100.379,100.350,0.029,-0.300,0.300,,CIR_3_FL - CIR_3_TOP / CS_ABC
