Feat. Type,Feat. Name,Value,Actual,Nominal,Dev.,Tol-,Tol+,Out of Tol.,Comment
Text/Value,VAR_PROGRAM,VAL,,,,,,,'N:\Metrolog XG\Programmes\Denso 640F\Denso 640F Complet (Module 51).gm2'
Text/Value,VAR_EVENEMENT,VAL,,,,,,,'Demarrage Stage 3'
Text/Value,VAR_COMMENTAIRES,VAL,,,,,,,'286 A'
Circle,CIR_1,DIAM,9.224,9.000,0.224,-0.450,0.350,,Criterion : Least Square (From 6 Pts On PL_FIXTURE) 
Circle,CIR_1,X,0.000,0.000,0.000,,,,
Circle,CIR_1,Y,0.000,0.000,0.000,,,,
Pos. Tol.,POS_1,PTOL,0.000,0.000,0.000,0.674,1.174,,CIR_1(M)/NOMINAL - CS_ABC - C-Zone - XY - Nominal
Circle,CIR_6,DIAM,9.146,9.000,0.146,-0.450,0.350,,Criterion : Least Square (From 6 Pts On PL_FIXTURE) 
Circle,CIR_6,X,264.365,264.700,-0.335,,,,
Circle,CIR_6,Y,-432.629,-432.500,-0.129,,,,
Pos. Tol.,POS_6,PTOL,0.719,0.000,0.719,0.596,1.096,,CIR_6(M)/NOMINAL - CS_ABC - C-Zone - XY - Nominal
Circle,CIR_10,DIAM,9.226,9.000,0.226,-0.450,0.350,,Criterion : Least Square (From 8 Pts On PL_FIXTURE) 
Circle,CIR_10,X,281.537,281.200,0.337,,,,
Circle,CIR_10,Y,-24.529,-24.500,-0.029,,,,
Pos. Tol.,POS_10,PTOL,0.676,0.000,0.676,0.676,1.176,,CIR_10(M)/NOMINAL - CS_ABC - C-Zone - XY - Nominal
Flatness,FLAT_LASER_WELD,FLTN,0.395,0.000,0.395,0.000,0.400,,PL_LASER_WELD
Text/Value,PERPENDICULARITY_LASER_WELD,VAL,0.238842,0.210000,0.028842,-0.210000,0.050000,,
Distance,DISTANCE_LASER_WELD_TBDN_1,Y,-18.514,-17.824,-0.690,,,,PL_LASER_WELD_PNT42 - CIR_6 / CS_CIR_6_TBDN
Distance,DISTANCE_LASER_WELD_TBDN_2,Y,-18.600,-17.824,-0.776,,,,PL_LASER_WELD_PNT3 - CIR_6 / CS_CIR_6_TBDN
Distance,DISTANCE_LASER_WELD_TBDN_3,Y,-18.707,-17.824,-0.883,,,,PL_LASER_WELD_PNT9 - CIR_6 / CS_CIR_6_TBDN
Distance,DISTANCE_LASER_WELD_TBDN_4,Y,-18.683,-17.824,-0.859,,,,PL_LASER_WELD_PNT15 - CIR_6 / CS_CIR_6_TBDN
Distance,DISTANCE_LASER_WELD_TBDN_5,Y,-18.615,-17.824,-0.791,,,,PL_LASER_WELD_PNT22 - CIR_6 / CS_CIR_6_TBDN
Distance,DISTANCE_LASER_WELD_TBDN_6,Y,-18.564,-17.824,-0.740,,,,PL_LASER_WELD_PNT25 - CIR_6 / CS_CIR_6_TBDN
Distance,DISTANCE_LASER_WELD_TBDN_7,Y,-18.743,-17.824,-0.919,,,,PL_LASER_WELD_PNT31 - CIR_6 / CS_CIR_6_TBDN
Distance,DISTANCE_LASER_WELD_TBDN_8,Y,-18.752,-17.824,-0.928,,,,PL_LASER_WELD_PNT36 - CIR_6 / CS_CIR_6_TBDN
