Feat. Type,Feat. Name,Value,Actual,Nominal,Dev.,Tol-,Tol+,Out of Tol.,Comment
Text/Value,VAR_PROGRAM,VAL,,,,,,,'N:\Metrolog XG\Programmes\V10 6.8L Triton\V10 6.8L Triton Stage-1 Module 51.gm2'
Text/Value,VAR_EVENEMENT,VAL,,,,,,,'demarage'
Text/Value,VAR_COMMENTAIRES,VAL,,,,,,,'300A'
Flatness,FLAT_N,FLTN,1.067,0.000,1.067,0.000,2.000,,PL_DATUM_N
Circle,2D_CIR_50,X,0.490,0.000,0.490,,,,
Circle,2D_CIR_50,Y,164.907,165.000,-0.093,,,,
Pos. Tol.,POS_2D_50,PTOL,0.998,0.000,0.998,0.000,2.000,,2D_CIR_50/NOMINAL - CS_N_52_50_BF_ - C-Zone - XY - Nominal
Circle,2D_CIR_51,X,0.248,0.000,0.248,,,,
Circle,2D_CIR_51,Y,82.482,82.000,0.482,,,,
Pos. Tol.,POS_2D_51,PTOL,1.084,0.000,1.084,0.000,2.000,,2D_CIR_51/NOMINAL - CS_N_52_50_BF_ - C-Zone - XY - Nominal
Circle,2D_CIR_52,X,0.291,0.000,0.291,,,,
Circle,2D_CIR_52,Y,0.222,0.000,0.222,,,,
Pos. Tol.,POS_2D_52,PTOL,0.732,0.000,0.732,0.000,2.000,,2D_CIR_52/NOMINAL - CS_N_52_50_BF_ - C-Zone - XY - Nominal
Circle,2D_CIR_53,X,0.453,0.000,0.453,,,,
Circle,2D_CIR_53,Y,-82.134,-82.000,-0.134,,,,
Pos. Tol.,POS_2D_53,PTOL,0.945,0.000,0.945,0.000,2.000,,2D_CIR_53/NOMINAL - CS_N_52_50_BF_ - C-Zone - XY - Nominal
Circle,2D_CIR_54,X,0.199,0.000,0.199,,,,
Circle,2D_CIR_54,Y,-164.474,-165.000,0.526,,,,
Pos. Tol.,POS_2D_54,PTOL,1.126,0.000,1.126,0.000,2.000,,2D_CIR_54/NOMINAL - CS_N_52_50_BF_ - C-Zone - XY - Nominal
Circle,2D_CIR_55,X,-22.353,-22.200,-0.153,,,,
Circle,2D_CIR_55,Y,-214.370,-214.000,-0.370,,,,
Pos. Tol.,POS_2D_55,PTOL,0.801,0.000,0.801,0.000,2.000,,2D_CIR_55/NOMINAL - CS_N_52_50_BF_ - C-Zone - XY - Nominal
Circle,2D_CIR_56,X,-68.322,-68.200,-0.122,,,,
Circle,2D_CIR_56,Y,-214.538,-214.000,-0.538,,,,
Pos. Tol.,POS_2D_56,PTOL,1.103,0.000,1.103,0.000,2.000,,2D_CIR_56/NOMINAL - CS_N_52_50_BF_ - C-Zone - XY - Nominal
Circle,2D_CIR_57,X,-90.291,-90.100,-0.191,,,,
Circle,2D_CIR_57,Y,-123.744,-124.000,0.256,,,,
Pos. Tol.,POS_2D_57,PTOL,0.640,0.000,0.640,0.000,2.000,,2D_CIR_57/NOMINAL - CS_N_52_50_BF_ - C-Zone - XY - Nominal
Circle,2D_CIR_58,X,-90.428,-90.100,-0.328,,,,
Circle,2D_CIR_58,Y,-41.177,-41.000,-0.177,,,,
Pos. Tol.,POS_2D_58,PTOL,0.746,0.000,0.746,0.000,2.000,,2D_CIR_58/NOMINAL - CS_N_52_50_BF_ - C-Zone - XY - Nominal
Circle,2D_CIR_59,X,-90.508,-90.100,-0.408,,,,
Circle,2D_CIR_59,Y,41.173,41.000,0.173,,,,
Pos. Tol.,POS_2D_59,PTOL,0.886,0.000,0.886,0.000,2.000,,2D_CIR_59/NOMINAL - CS_N_52_50_BF_ - C-Zone - XY - Nominal
Circle,2D_CIR_60,X,-90.573,-90.100,-0.473,,,,
Circle,2D_CIR_60,Y,123.441,124.000,-0.559,,,,
Pos. Tol.,POS_2D_60,PTOL,1.464,0.000,1.464,0.000,2.000,,2D_CIR_60/NOMINAL - CS_N_52_50_BF_ - C-Zone - XY - Nominal
Circle,2D_CIR_61,X,-105.208,-105.200,-0.008,,,,
Circle,2D_CIR_61,Y,185.213,185.000,0.213,,,,
Pos. Tol.,POS_2D_61,PTOL,0.426,0.000,0.426,0.000,2.000,,2D_CIR_61/NOMINAL - CS_N_52_50_BF_ - C-Zone - XY - Nominal
Distance,H50,Z,-11.995,-12.000,0.005,-0.500,0.500,,PNT_BOTTOM_50 - PL_PLAST_50 / CS_N_52_50_BF
Distance,H51,Z,-12.206,-12.000,-0.206,-0.500,0.500,,PNT_BOTTOM_51 - PL_PLAST_51 / CS_N_52_50_BF
Distance,H52,Z,-11.956,-12.000,0.044,-0.500,0.500,,PNT_BOTTOM_52 - PL_PLAST_52 / CS_N_52_50_BF
Distance,H53,Z,-12.329,-12.000,-0.329,-0.500,0.500,,PNT_BOTTOM_53 - PL_PLAST_53 / CS_N_52_50_BF
Distance,H54,Z,-12.162,-12.000,-0.162,-0.500,0.500,,PNT_BOTTOM_54 - PL_PLAST_54 / CS_N_52_50_BF
Distance,H55,Z,-12.094,-12.000,-0.094,-0.500,0.500,,PNT_BOTTOM_55 - PL_PLAST_55 / CS_N_52_50_BF
Distance,H56,Z,-12.356,-12.000,-0.356,-0.500,0.500,,PNT_BOTTOM_56 - PL_PLAST_56 / CS_N_52_50_BF
Distance,H57,Z,-12.261,-12.000,-0.261,-0.500,0.500,,PNT_BOTTOM_57 - PL_PLAST_57 / CS_N_52_50_BF
Distance,H58,Z,-12.222,-12.000,-0.222,-0.500,0.500,,PNT_BOTTOM_58 - PL_PLAST_58 / CS_N_52_50_BF
Distance,H59,Z,-12.424,-12.000,-0.424,-0.500,0.500,,PNT_BOTTOM_59 - PL_PLAST_59 / CS_N_52_50_BF
Distance,H60,Z,-12.222,-12.000,-0.222,-0.500,0.500,,PNT_BOTTOM_60 - PL_PLAST_60 / CS_N_52_50_BF
Distance,H61,Z,-12.312,-12.000,-0.312,-0.500,0.500,,PNT_BOTTOM_61 - PL_PLAST_61 / CS_N_52_50_BF
Profile of Line,PROF_LSRC_OP_1,PRFL,1.034,0.000,1.034,0.000,2.000,,SCT_LSRC_OP10
Profile of Line,PROF_LSRC_OP_2,PRFL,1.263,0.000,1.263,0.000,2.000,,SCT_LSRC_OP2
Profile of Line,PROF_LSRC_OP_3,PRFL,1.424,0.000,1.424,0.000,2.000,,SCT_LSRC_OP3
Profile of Line,PROF_LSRC_OP_4,PRFL,0.907,0.000,0.907,0.000,2.000,,SCT_LSRC_OP4
Profile of Line,PROF_LSRC_OP_5,PRFL,1.208,0.000,1.208,0.000,2.000,,SCT_LSRC_OP5
Profile of Line,PROF_LSRC_OP_6,PRFL,0.666,0.000,0.666,0.000,2.000,,SCT_LSRC_OP6
Profile of Line,PROF_LSRC_OP_7,PRFL,1.441,0.000,1.441,0.000,2.000,,SCT_LSRC_OP7
Profile of Line,PROF_LSRC_OP_8,PRFL,0.786,0.000,0.786,0.000,2.000,,SCT_LSRC_OP8
Profile of Line,PROF_LSRC_OP_9,PRFL,1.228,0.000,1.228,0.000,2.000,,SCT_LSRC_OP9
Profile of Line,PROF_LSRC_OP_10,PRFL,1.034,0.000,1.034,0.000,2.000,,SCT_LSRC_OP10
