Feat. Type,Feat. Name,Value,Actual,Nominal,Dev.,Tol-,Tol+,Out of Tol.,Comment
Text/Value,VAR_PROGRAM,VAL,,,,,,,'N:\Metrolog XG\Programmes\GM HF FWD GEN II 31xx\GM HF FWD Gen II High Hood 31xx Complete (Module 64).gm2'
Text/Value,VAR_EVENEMENT,VAL,,,,,,,'Dem 321A'
Text/Value,VAR_COMMENTAIRES,VAL,,,,,,,'part 2'
Distance,WIDTH_C,D1,9.036,9.000,0.036,-0.150,0.150,,SRF_C_TOP - SRF_C_DOWN / CS_ABC_SURFACES_C
Circle,2D_CIR_INS_11,X,41.921,42.000,-0.079,,,,
Circle,2D_CIR_INS_11,Y,33.860,34.000,-0.140,,,,
Circle,2D_CIR_INS_12,X,41.860,42.000,-0.140,,,,
Circle,2D_CIR_INS_12,Y,-28.899,-29.000,0.101,,,,
Circle,2D_CIR_INS_13,X,-41.809,-42.000,0.191,,,,
Circle,2D_CIR_INS_13,Y,-28.899,-29.000,0.101,,,,
Circle,2D_CIR_INS_14,X,-41.972,-42.000,0.028,,,,
Circle,2D_CIR_INS_14,Y,33.937,34.000,-0.063,,,,
Pos. Tol.,POS_2D_11,PTOL,0.321,0.000,0.321,0.000,0.500,,2D_CIR_INS_11/NOMINAL - CS_D_BF - C-Zone - XY - Nominal
Pos. Tol.,POS_2D_12,PTOL,0.346,0.000,0.346,0.000,0.800,,2D_CIR_INS_12/NOMINAL - CS_D_BF - C-Zone - XY - Nominal
Pos. Tol.,POS_2D_13,PTOL,0.433,0.000,0.433,0.000,0.500,,2D_CIR_INS_13/NOMINAL - CS_D_BF - C-Zone - XY - Nominal
Pos. Tol.,POS_2D_14,PTOL,0.138,0.000,0.138,0.000,0.500,,2D_CIR_INS_14/NOMINAL - CS_D_BF - C-Zone - XY - Nominal
Paral.,PERP_11,PARA,0.307,0.000,0.307,0.000,0.400,,PL_INS_11/PL_PLAST_INS_11 - P-Zone - Cloud of Points 
Paral.,PERP_12,PARA,0.129,0.000,0.129,0.000,0.400,,PL_INS_12/PL_PLAST_INS_12 - P-Zone - Cloud of Points 
Paral.,PERP_13,PARA,0.054,0.000,0.054,0.000,0.400,,PL_INS_13/PL_PLAST_INS_13 - P-Zone - Cloud of Points 
Paral.,PERP_14,PARA,0.296,0.000,0.296,0.000,0.250,0.046,PL_INS_14/PL_PLAST_INS_14 - P-Zone - Cloud of Points 
Distance,H_11,Z,0.167,-0.000,0.167,0.000,0.400,,CIR_INS_11 - PL_PLAST_INS_11 / CS_D_BF
Distance,H_12,Z,0.093,-0.000,0.093,0.000,0.400,,CIR_INS_12 - PL_PLAST_INS_12 / CS_D_BF
Distance,H_13,Z,0.045,-0.000,0.045,0.000,0.400,,CIR_INS_13 - PL_PLAST_INS_13 / CS_D_BF
Distance,H_14,Z,0.159,-0.000,0.159,0.000,0.400,,CIR_INS_14 - PL_PLAST_INS_14 / CS_D_BF
Distance,H_19,Y,0.114,0.000,0.114,0.000,0.400,,CIR_19 - PL_PLAST_19 / CS_ABC_BF_SURFACES
Distance,H_20,Y,0.098,0.000,0.098,0.000,0.400,,CIR_20 - PL_PLAST_20 / CS_ABC_BF_SURFACES
Circle,CIR_29,DIAM,12.188,12.170,0.018,-0.080,0.080,,Criterion : Least Square (From 16 Pts On PL_DATUM_H) 
Circle,2D_CIR_30,X,-23.436,-23.500,0.064,,,,
Circle,2D_CIR_30,Z,-0.000,0.000,0.000,,,,
Pos. Tol.,POS_2D_30,PTOL,0.127,0.000,0.127,0.000,0.500,,2D_CIR_30/NOMINAL - CS_HJ - C-Zone - XZ - Nominal
Distance,H_30,Y,0.179,0.000,0.179,0.000,0.400,,2D_CIR_30 - PL_PLAST_30 / CS_HJ
Circle,2D_CIR_33,X,-70.935,-71.000,0.065,,,,
Circle,2D_CIR_33,Z,0.000,0.000,0.000,,,,
Pos. Tol.,POS_2D_33,PTOL,0.129,0.000,0.129,0.000,0.500,,2D_CIR_33/NOMINAL - CS_K_BF - C-Zone - XZ - Nominal
Distance,H_32,Y,0.147,0.150,-0.003,-0.150,0.150,,CIR_32 - PL_PLAST_32 / CS_K
Distance,H_33,Y,0.157,0.150,0.007,-0.150,0.150,,CIR_33 - PL_PLAST_33 / CS_K
