Feat. Type,Feat. Name,Value,Actual,Nominal,Dev.,Tol-,Tol+,Out of Tol.,Comment
Text/Value,VAR_PROGRAM,VAL,,,,,,,'N:\Metrolog XG\Programmes\D-33 RWD\D33 RWD Complete (Module 44).gm2'
Text/Value,VAR_EVENEMENT,VAL,,,,,,,'Validation special piece # 33'
Text/Value,VAR_COMMENTAIRES,VAL,,,,,,,'275 C'
Circle,CIR_DATUM_B,DIAM,7.843,7.900,-0.057,-0.100,0.100,,Criterion : Least Square (From 3 Pts On PL_FIXTURE) 
Circle,CIR_DATUM_C,DIAM,7.886,7.900,-0.014,-0.100,0.100,,Criterion : Least Square (From 3 Pts On PL_FIXTURE) 
Circle,CIR_DATUM_C,X,4.402,4.400,0.002,,,,
Circle,CIR_DATUM_C,Z,-351.812,-351.650,-0.162,,,,
Pos. Tol.,POS_C,PTOL,0.325,0.000,0.325,0.000,0.457,,CIR_DATUM_C/NOMINAL - CS_ABC - C-Zone - XZ - Nominal
Circle,CIR_8,DIAM,74.138,74.350,-0.212,-0.300,0.300,,Criterion : Least Square (From 14 Pts On PL_PLAST_TB) 
Circle,CIR_8,X,-79.914,-80.600,0.686,,,,
Circle,CIR_8,Y,91.547,92.200,-0.653,,,,
Circle,CIR_8,Z,81.760,82.900,-1.140,,,,
Pos. Tol.,POS_8,PTOL,2.628,0.000,2.628,0.088,4.245,,CIR_8(M)/NOMINAL - CS_ABC - C-Zone - YZ - Nominal
Circle,2D_CIR_16,Y,-32.385,-32.500,0.115,,,,
Circle,2D_CIR_16,Z,-40.097,-40.000,-0.097,,,,
Circle,2D_CIR_17,Y,-32.341,-32.500,0.159,,,,
Circle,2D_CIR_17,Z,39.914,40.000,-0.086,,,,
Circle,2D_CIR_18,Y,32.409,32.500,-0.091,,,,
Circle,2D_CIR_18,Z,39.997,40.000,-0.003,,,,
Circle,2D_CIR_19,Y,32.379,32.500,-0.121,,,,
Circle,2D_CIR_19,Z,-40.089,-40.000,-0.089,,,,
Pos. Tol.,POS_2D_16,PTOL,0.301,0.000,0.301,0.000,0.500,,2D_CIR_16/NOMINAL - CS_DE - C-Zone - YZ - Nominal
Pos. Tol.,POS_2D_17,PTOL,0.362,0.000,0.362,0.000,0.500,,2D_CIR_17/NOMINAL - CS_DE - C-Zone - YZ - Nominal
Pos. Tol.,POS_2D_18,PTOL,0.182,0.000,0.182,0.000,0.700,,2D_CIR_18/NOMINAL - CS_DE - C-Zone - YZ - Nominal
Pos. Tol.,POS_2D_19,PTOL,0.300,0.000,0.300,0.000,0.700,,2D_CIR_19/NOMINAL - CS_DE - C-Zone - YZ - Nominal
Distance,INSERT HEIGHT 16,X,0.219,0.000,0.219,,,,CIR_16 - PL_PLAST_16 / CS_DE
Distance,INSERT HEIGHT 17,X,0.220,0.000,0.220,,,,CIR_17 - PL_PLAST_17 / CS_DE
Distance,INSERT HEIGHT 18,X,0.254,0.000,0.254,,,,CIR_18 - PL_PLAST_18 / CS_DE
Distance,INSERT HEIGHT 19,X,0.255,0.000,0.255,,,,CIR_19 - PL_PLAST_19 / CS_DE
Flatness,FLAT_D,FLTN,0.240,0.000,0.240,0.000,1.000,,PL_D
Circle,2D_CIR_20,X,-0.227,0.000,-0.227,,,,
Circle,2D_CIR_20,Z,-0.004,0.000,-0.004,,,,
Circle,2D_CIR_21,X,-0.227,0.000,-0.227,,,,
Circle,2D_CIR_21,Z,0.006,0.000,0.006,,,,
Pos. Tol.,POS_2D_20,PTOL,0.524,0.000,0.524,0.000,0.550,,2D_CIR_20/NOMINAL - CS_HJ - C-Zone - XY - Nominal
Pos. Tol.,POS_2D_21,PTOL,0.454,0.000,0.454,0.000,0.550,,2D_CIR_21/NOMINAL - CS_HJ - C-Zone - XY - Nominal
Distance,H_20,Z,0.279,0.000,0.279,0.000,0.500,,2D_CIR_20 - PL_PLAST_20 / CS_HJ
Distance,H_21,Z,0.223,0.000,0.223,0.000,0.500,,2D_CIR_21 - PL_PLAST_21 / CS_HJ
Circle,CIR_15,X,-108.203,-109.800,1.597,,,,Criterion : Least Square (From 6 Pts On PL_INS_15) 
Circle,CIR_15,Y,24.338,24.200,0.138,,,,
Distance,PROF_15,Z,131.184,130.800,0.384,-1.500,1.500,,CIR_15 - ORIGIN / CS_ABC
Pos. Tol.,POS_15,PTOL,3.205,0.000,3.205,0.000,5.000,,CIR_15/NOMINAL - CS_ABC - C-Zone - XY - Nominal
Distance,H_15,Z,0.241,0.000,0.241,0.000,0.500,,CIR_15 - PL_PLAST_15 / CS_ABC
Pos. Tol.,POS_42,PTOL,3.996,0.000,3.996,0.192,6.349,,CIR_42(M)/NOMINAL - CS_ABC - C-Zone - XYZ - Nominal
Pos. Tol.,POS_20,PTOL,3.508,0.000,3.508,0.000,6.157,,CIR_20/NOMINAL - CS_ABC - C-Zone - XYZ - Nominal
Pos. Tol.,POS_21,PTOL,3.827,0.000,3.827,0.000,6.157,,CIR_21/NOMINAL - CS_ABC - C-Zone - XYZ - Nominal
Circle,CIR_42,DIAM,36.702,36.660,0.042,-0.150,0.150,,Criterion : Least Square (From 20 Pts On PL_PLAST_42) 
Circle,CIR_42,X,-209.161,-210.550,1.389,,,,
Circle,CIR_42,Y,94.579,96.000,-1.421,,,,
Circle,CIR_42,Z,111.635,111.420,0.215,,,,
Circle,CIR_20,X,-231.511,-232.370,0.859,,,,Criterion : Least Square (From 6 Pts On PL_INS_20) 
Circle,CIR_20,Y,105.396,106.800,-1.404,,,,
Circle,CIR_20,Z,92.038,91.430,0.608,,,,
Circle,CIR_21,X,-187.086,-188.730,1.644,,,,Criterion : Least Square (From 6 Pts On PL_INS_21) 
Circle,CIR_21,Y,84.235,85.200,-0.965,,,,
Circle,CIR_21,Z,131.589,131.420,0.169,,,,
Distance,DEPTH_16,D1,17.900,17.800,0.100,0.000,8.000,,PNT_DEPTH_16 - PL_INS_16 / CS_DE
Distance,DEPTH_17,D1,17.986,17.800,0.186,0.000,8.000,,PNT_DEPTH_17 - PL_INS_17 / CS_DE
Distance,DEPTH_18,D1,21.691,17.800,3.891,0.000,8.000,,PNT_DEPTH_18 - PL_INS_18 / CS_DE
Distance,DEPTH_19,D1,23.090,17.800,5.290,0.000,8.000,,PNT_DEPTH_19 - PL_INS_19 / CS_DE
Circle,CIR_16,X,-77.199,-77.073,-0.126,,,,Criterion : Least Square (From 6 Pts On PL_INS_16) 
Circle,CIR_16,Y,59.391,59.880,-0.489,,,,
Circle,CIR_16,Z,41.567,42.924,-1.357,,,,
Circle,CIR_17,X,-75.518,-77.073,1.555,,,,Criterion : Least Square (From 6 Pts On PL_INS_17) 
Circle,CIR_17,Y,59.361,59.880,-0.519,,,,
Circle,CIR_17,Z,121.560,122.924,-1.364,,,,
Circle,CIR_18,X,-81.610,-82.732,1.122,,,,Criterion : Least Square (From 6 Pts On PL_INS_18) 
Circle,CIR_18,Y,123.823,124.633,-0.810,,,,
Circle,CIR_18,Z,121.831,122.924,-1.093,,,,
Circle,CIR_19,X,-83.198,-82.732,-0.466,,,,Criterion : Least Square (From 6 Pts On PL_INS_19) 
Circle,CIR_19,Y,123.877,124.633,-0.756,,,,
Circle,CIR_19,Z,41.762,42.924,-1.162,,,,
Pos. Tol.,POS_16,PTOL,2.885,0.000,2.885,0.000,4.157,,CIR_16/NOMINAL - CS_ABC - C-Zone - YZ - Nominal
Pos. Tol.,POS_17,PTOL,2.919,0.000,2.919,0.000,4.157,,CIR_17/NOMINAL - CS_ABC - C-Zone - YZ - Nominal
Pos. Tol.,POS_18,PTOL,2.720,0.000,2.720,0.000,4.157,,CIR_18/NOMINAL - CS_ABC - C-Zone - YZ - Nominal
Pos. Tol.,POS_19,PTOL,2.773,0.000,2.773,0.000,4.157,,CIR_19/NOMINAL - CS_ABC - C-Zone - YZ - Nominal
Profile of Line,PROF_OP1,PRFL,1.749,0.000,1.749,0.000,2.157,,SCT_OP1
Profile of Line,PROF_OP2,PRFL,0.563,0.000,0.563,0.000,2.157,,SCT_OP2
Profile of Line,PROF_OP3,PRFL,0.623,0.000,0.623,0.000,2.157,,SCT_OP3
Profile of Line,PROF_OP4,PRFL,0.215,0.000,0.215,0.000,2.157,,SCT_OP4
Profile of Line,PROF_OP5,PRFL,1.215,0.000,1.215,0.000,2.157,,SCT_OP5
Profile of Line,PROF_OP6,PRFL,0.801,0.000,0.801,0.000,2.157,,SCT_OP6
Pos. Tol.,POS_B,PTOL,0.000,0.000,0.000,0.000,0.300,,CIR_DATUM_B/NOMINAL - CS_ABC - C-Zone - XZ - Nominal
Pos. Tol.,POS_1,PTOL,0.219,0.000,0.219,0.000,1.157,,CIR1/NOMINAL - CS_ABC - C-Zone - XZ - Nominal
Pos. Tol.,POS_2,PTOL,0.637,0.000,0.637,0.000,1.157,,CIR2/NOMINAL - CS_ABC - C-Zone - XZ - Nominal
Pos. Tol.,POS_3,PTOL,0.332,0.000,0.332,0.000,1.157,,CIR3/NOMINAL - CS_ABC - C-Zone - XZ - Nominal
Pos. Tol.,POS_4,PTOL,0.219,0.000,0.219,0.000,1.157,,CIR4/NOMINAL - CS_ABC - C-Zone - XZ - Nominal
Pos. Tol.,POS_5,PTOL,0.327,0.000,0.327,0.000,1.157,,CIR5/NOMINAL - CS_ABC - C-Zone - XZ - Nominal
Pos. Tol.,POS_6,PTOL,0.703,0.000,0.703,0.000,1.157,,CIR6/NOMINAL - CS_ABC - C-Zone - XZ - Nominal
Pos. Tol.,POS_31,PTOL,0.515,0.000,0.515,0.000,1.157,,CIR31/NOMINAL - CS_ABC - C-Zone - XZ - Nominal
Pos. Tol.,POS_32,PTOL,0.873,0.000,0.873,0.000,1.157,,CIR32/NOMINAL - CS_ABC - C-Zone - XZ - Nominal
Profile of Line,PROF_2D_OW_TB_GROOVE,PRFL,0.554,0.000,0.554,0.000,1.000,,SECT_2D_OW_TB
Profile of Line,PROF_IW_OP1,PRFL,1.244,0.000,1.244,0.000,1.500,,SECT_IW_OP1
Profile of Line,PROF_IW_OP2,PRFL,0.388,0.000,0.388,0.000,1.500,,SECT_IW_OP2
Profile of Line,PROF_IW_OP3,PRFL,0.339,0.000,0.339,0.000,1.500,,SECT_IW_OP3
Profile of Line,PROF_IW_OP4,PRFL,0.223,0.000,0.223,0.000,1.500,,SECT_IW_OP4
Profile of Line,PROF_IW_OP5,PRFL,0.916,0.000,0.916,0.000,1.500,,SECT_IW_OP5
Profile of Line,PROF_IW_OP6,PRFL,1.032,0.000,1.032,0.000,1.500,,SECT_IW_OP6
Pos. Tol.,POS_10,PTOL,1.570,0.000,1.570,0.000,4.157,,CIR_10/NOMINAL - CS_ABC - C-Zone - XZ - Nominal
Pos. Tol.,POS_11,PTOL,3.177,0.000,3.177,0.000,4.157,,CIR_11/NOMINAL - CS_ABC - C-Zone - XZ - Nominal
Pos. Tol.,POS_12,PTOL,3.997,0.000,3.997,0.000,5.157,,CIR_12/NOMINAL - CS_ABC - C-Zone - XZ - Nominal
Pos. Tol.,POS_13,PTOL,3.899,0.000,3.899,0.000,5.157,,CIR_13/NOMINAL - CS_ABC - C-Zone - XZ - Nominal
Pos. Tol.,POS_14,PTOL,2.117,0.000,2.117,0.000,4.157,,CIR_14/NOMINAL - CS_ABC - C-Zone - XZ - Nominal
Pos. Tol.,POS_22,PTOL,3.529,0.000,3.529,0.000,6.157,,SLOT_22/NOMINAL - CS_ABC - C-Zone - XY - Nominal
Pos. Tol.,POS_9,PTOL,4.504,0.000,4.504,0.000,7.157,,CIR_9/NOMINAL - CS_ABC - C-Zone - XYZ - Nominal
Pos. Tol.,POS_25,PTOL,4.558,0.000,4.558,0.000,7.157,,CIR_25/NOMINAL - CS_ABC - C-Zone - XY - Nominal
Pos. Tol.,POS_26,PTOL,3.655,0.000,3.655,0.000,6.157,,CIR_26/NOMINAL - CS_ABC - C-Zone - XY - Nominal
Distance,HEIGHT_B,D1,6.177,6.450,-0.273,-0.100,0.100,-0.173,PNT_TOP_B - PL_FIXTURE / CS_ABC
Distance,HEIGHT_C,D1,6.257,6.450,-0.193,-0.100,0.100,-0.093,PNT_TOP_C - PL_FIXTURE / CS_ABC
Circle,CIR2,X,-16.817,-16.500,-0.317,,,,From 4 Pts On PL_FIXTURE
Circle,CIR2,Z,-351.570,-351.600,0.030,,,,
Circle,CIR1,X,54.498,54.400,0.098,,,,From 4 Pts On PL_FIXTURE
Circle,CIR1,Z,-346.648,-346.600,-0.048,,,,
Circle,CIR6,X,54.050,54.400,-0.350,,,,From 4 Pts On PL_FIXTURE
Circle,CIR6,Z,-240.635,-240.600,-0.035,,,,
Circle,CIR5,X,54.272,54.400,-0.128,,,,From 4 Pts On PL_FIXTURE
Circle,CIR5,Z,-134.702,-134.600,-0.102,,,,
Circle,CIR4,X,54.338,54.400,-0.062,,,,From 4 Pts On PL_FIXTURE
Circle,CIR4,Z,-27.191,-27.100,-0.090,,,,
Circle,CIR3,X,-16.623,-16.500,-0.123,,,,From 4 Pts On PL_FIXTURE
Circle,CIR3,Z,-0.989,-1.100,0.112,,,,
Circle,CIR32,X,-30.635,-30.200,-0.435,,,,From 4 Pts On PL_FIXTURE
Circle,CIR32,Z,-124.335,-124.300,-0.035,,,,
Circle,CIR31,X,-30.432,-30.200,-0.232,,,,From 4 Pts On PL_FIXTURE
Circle,CIR31,Z,-230.411,-230.300,-0.111,,,,
Distance,DEPTH_TB1,D1,4.986,5.000,-0.014,-0.250,0.250,,TB_BOT_1.1 - PL_D / CS_DE
Distance,DEPTH_TB2,D1,4.851,5.000,-0.149,-0.250,0.250,,TB_BOT_1.2 - PL_D / CS_DE
Distance,DEPTH_TB3,D1,4.941,5.000,-0.059,-0.250,0.250,,TB_BOT_1.3 - PL_D / CS_DE
Distance,DEPTH_TB4,D1,4.879,5.000,-0.121,-0.250,0.250,,TB_BOT_1.4 - PL_D / CS_DE
Distance,DEPTH_TB5,D1,5.052,5.000,0.052,-0.250,0.250,,TB_BOT_1.5 - PL_D / CS_DE
Distance,DEPTH_TB6,D1,4.896,5.000,-0.104,-0.250,0.250,,TB_BOT_1.6 - PL_D / CS_DE
Distance,DEPTH_TB7,D1,4.959,5.000,-0.041,-0.250,0.250,,TB_BOT_1.7 - PL_D / CS_DE
Distance,DEPTH_TB8,D1,4.939,5.000,-0.061,-0.250,0.250,,TB_BOT_1.8 - PL_D / CS_DE
Distance,PROF_RECESS_SURFACE_TB,D1,0.801,0.650,0.151,0.000,0.750,,PL_PLAST_RECESS_TB - PL_D / CS_DE
Distance,OP1_DEPTH_1,D1,6.192,6.000,0.192,-0.250,0.250,,OP1_PT1_DEPTH - PL_FIXTURE / OP1CS
Distance,OP1_DEPTH_2,D1,5.895,6.000,-0.105,-0.250,0.250,,OP1_PT2_DEPTH - PL_FIXTURE / OP1CS
Distance,OP1_DEPTH_3,D1,5.995,6.000,-0.005,-0.250,0.250,,OP1_PT3_DEPTH - PL_FIXTURE / OP1CS
Distance,OP1_DEPTH_4,D1,6.042,6.000,0.042,-0.250,0.250,,OP1_PT4_DEPTH - PL_FIXTURE / OP1CS
Distance,OP1_DEPTH_5,D1,6.010,6.000,0.010,-0.250,0.250,,OP1_PT5_DEPTH - PL_FIXTURE / OP1CS
Distance,OP1_DEPTH_6,D1,6.104,6.000,0.104,-0.250,0.250,,OP1_PT6_DEPTH - PL_FIXTURE / OP1CS
Distance,OP1_DEPTH_7,D1,6.247,6.000,0.247,-0.250,0.250,,OP1_PT7_DEPTH - PL_FIXTURE / OP1CS
Distance,OP2_DEPTH_1,D1,6.044,6.000,0.044,-0.250,0.250,,OP2_PT1_DEPTH - PL_FIXTURE / OP2CS
Distance,OP2_DEPTH_2,D1,6.007,6.000,0.007,-0.250,0.250,,OP2_PT2_DEPTH - PL_FIXTURE / OP2CS
Distance,OP2_DEPTH_3,D1,6.018,6.000,0.018,-0.250,0.250,,OP2_PT3_DEPTH - PL_FIXTURE / OP2CS
Distance,OP2_DEPTH_4,D1,6.052,6.000,0.052,-0.250,0.250,,OP2_PT4_DEPTH - PL_FIXTURE / OP2CS
Distance,OP2_DEPTH_5,D1,5.880,6.000,-0.120,-0.250,0.250,,OP2_PT5_DEPTH - PL_FIXTURE / OP2CS
Distance,OP2_DEPTH_6,D1,6.093,6.000,0.093,-0.250,0.250,,OP2_PT6_DEPTH - PL_FIXTURE / OP2CS
Distance,OP2_DEPTH_7,D1,6.168,6.000,0.168,-0.250,0.250,,OP2_PT7_DEPTH - PL_FIXTURE / OP2CS
Distance,OP3_DEPTH_3,D1,6.035,6.000,0.035,-0.250,0.250,,OP3_PT3_DEPTH - PL_FIXTURE / OP3CS
Distance,OP3_DEPTH_4,D1,6.074,6.000,0.074,-0.250,0.250,,OP3_PT4_DEPTH - PL_FIXTURE / OP3CS
Distance,OP3_DEPTH_5,D1,5.924,6.000,-0.076,-0.250,0.250,,OP3_PT5_DEPTH - PL_FIXTURE / OP3CS
Distance,OP3_DEPTH_6,D1,5.917,6.000,-0.083,-0.250,0.250,,OP3_PT6_DEPTH - PL_FIXTURE / OP3CS
Distance,OP4_DEPTH_1,D1,6.056,6.000,0.056,-0.250,0.250,,OP4_PT1_DEPTH - PL_FIXTURE / OP4CS
Distance,OP4_DEPTH_2,D1,6.105,6.000,0.105,-0.250,0.250,,OP4_PT2_DEPTH - PL_FIXTURE / OP4CS
Distance,OP4_DEPTH_3,D1,6.051,6.000,0.051,-0.250,0.250,,OP4_PT3_DEPTH - PL_FIXTURE / OP4CS
Distance,OP4_DEPTH_4,D1,6.043,6.000,0.043,-0.250,0.250,,OP4_PT4_DEPTH - PL_FIXTURE / OP4CS
Distance,OP4_DEPTH_5,D1,5.888,6.000,-0.112,-0.250,0.250,,OP4_PT5_DEPTH - PL_FIXTURE / OP4CS
Distance,OP4_DEPTH_6,D1,6.042,6.000,0.042,-0.250,0.250,,OP4_PT6_DEPTH - PL_FIXTURE / OP4CS
Distance,OP4_DEPTH_7,D1,6.081,6.000,0.081,-0.250,0.250,,OP4_PT7_DEPTH - PL_FIXTURE / OP4CS
Distance,OP5_DEPTH_3,D1,6.030,6.000,0.030,-0.250,0.250,,OP5_PT3_DEPTH - PL_FIXTURE / OP5CS
Distance,OP5_DEPTH_4,D1,6.156,6.000,0.156,-0.250,0.250,,OP5_PT4_DEPTH - PL_FIXTURE / OP5CS
Distance,OP5_DEPTH_5,D1,5.847,6.000,-0.153,-0.250,0.250,,OP5_PT5_DEPTH - PL_FIXTURE / OP5CS
Distance,OP5_DEPTH_6,D1,6.029,6.000,0.029,-0.250,0.250,,OP5_PT6_DEPTH - PL_FIXTURE / OP5CS
Distance,OP5_DEPTH_7,D1,6.002,6.000,0.002,-0.250,0.250,,OP5_PT7_DEPTH - PL_FIXTURE / OP5CS
Distance,OP6_DEPTH_1,D1,6.059,6.000,0.059,-0.250,0.250,,OP6_PT1_DEPTH - PL_FIXTURE / OP6CS
Distance,OP6_DEPTH_2,D1,6.095,6.000,0.095,-0.250,0.250,,OP6_PT2_DEPTH - PL_FIXTURE / OP6CS
Distance,OP6_DEPTH_3,D1,6.041,6.000,0.041,-0.250,0.250,,OP6_PT3_DEPTH - PL_FIXTURE / OP6CS
Distance,OP6_DEPTH_4,D1,6.161,6.000,0.161,-0.250,0.250,,OP6_PT4_DEPTH - PL_FIXTURE / OP6CS
Distance,OP6_DEPTH_5,D1,6.209,6.000,0.209,-0.250,0.250,,OP6_PT5_DEPTH - PL_FIXTURE / OP6CS
Distance,OP6_DEPTH_6,D1,6.250,6.000,0.250,-0.250,0.250,0.000,OP6_PT6_DEPTH - PL_FIXTURE / OP6CS
Distance,OP6_DEPTH_7,D1,6.227,6.000,0.227,-0.250,0.250,,OP6_PT7_DEPTH - PL_FIXTURE / OP6CS
Circle,CIR_25,X,-118.033,-120.300,2.267,,,,Inters. PL_PLAST_25 - CYL_25.
Circle,CIR_25,Y,87.170,87.400,-0.230,,,,
Circle,CIR_25,Z,178.450,179.200,-0.750,,,,
Circle,CIR_26,X,-156.873,-158.500,1.627,,,,Inters. PL_PLAST_26 - CYL_26.
Circle,CIR_26,Y,121.268,122.100,-0.832,,,,
Circle,CIR_26,Z,160.216,160.700,-0.484,,,,
Circle,CIR_9,X,-270.044,-270.700,0.656,,,,Inters. PL_PLAST_9 - CYL_9.
Circle,CIR_9,Y,87.552,89.700,-2.148,,,,
Circle,CIR_9,Z,88.464,88.300,0.164,,,,
Circle,CIR_11,DIAM,8.024,8.000,0.024,-0.200,0.200,,Criterion : Least Square (From 8 Pts On PL_PLAST_11) 
Circle,CIR_11,X,-269.638,-270.600,0.962,,,,
Circle,CIR_11,Y,60.819,62.700,-1.881,,,,
Circle,CIR_11,Z,52.664,51.400,1.264,,,,
Circle,CIR_12,DIAM,8.021,8.000,0.021,-0.200,0.200,,Criterion : Least Square (From 8 Pts On PL_PLAST_12) 
Circle,CIR_12,X,-291.469,-290.600,-0.869,,,,
Circle,CIR_12,Y,59.356,62.700,-3.344,,,,
Circle,CIR_12,Z,-146.801,-148.600,1.799,,,,
Circle,CIR_13,DIAM,6.870,6.800,0.070,-0.200,0.200,,Criterion : Least Square (From 8 Pts On PL_PLAST_13) 
Circle,CIR_13,X,-175.994,-174.700,-1.294,,,,
Circle,CIR_13,Y,84.980,86.600,-1.620,,,,
Circle,CIR_13,Z,-372.142,-373.600,1.458,,,,
Circle,CIR_14,DIAM,6.931,6.800,0.131,-0.200,0.200,,Criterion : Least Square (From 8 Pts On PL_PLAST_14) 
Circle,CIR_14,X,13.595,14.500,-0.905,,,,
Circle,CIR_14,Y,35.700,36.000,-0.300,,,,
Circle,CIR_14,Z,-375.050,-375.600,0.550,,,,
Circle,CIR_10,DIAM,6.923,6.800,0.123,-0.200,0.200,,Criterion : Least Square (From 8 Pts On PL_PLAST_10) 
Circle,CIR_10,X,-50.644,-50.100,-0.544,,,,
Circle,CIR_10,Y,127.606,127.700,-0.094,,,,
Circle,CIR_10,Z,-9.166,-8.600,-0.566,,,,
Slot,SLOT_22,LEN,12.617,12.500,0.117,-0.200,0.200,,Criterion : Least Square (From 12 Pts On PL_PLAST_22) 
Slot,SLOT_22,WID,6.595,6.500,0.095,-0.200,0.200,,
Slot,SLOT_22,X,-131.309,-132.730,1.421,,,,
Slot,SLOT_22,Y,104.055,105.100,-1.045,,,,
Slot,SLOT_22,Z,128.176,128.800,-0.624,,,,
Distance,DEPTH_15,D1,22.177,22.000,0.177,0.000,8.000,,PNT_DEPTH_15 - PL_INS_15 / CS_SRF_TEMP_15.2
