Feat. Type,Feat. Name,Value,Actual,Nominal,Dev.,Tol-,Tol+,Out of Tol.,Comment
Text/Value,VAR_PROGRAM,VAL,,,,,,,'N:\Metrolog XG\Programmes\D-33 RWD\D33 RWD Complete (Module 44).gm2'
Text/Value,VAR_EVENEMENT,VAL,,,,,,,'FIP 05956 - NID 2'
Text/Value,VAR_COMMENTAIRES,VAL,,,,,,,'286 A'
Circle,CIR_DATUM_B,DIAM,7.835,7.900,-0.065,-0.100,0.100,,Criterion : Least Square (From 3 Pts On PL_FIXTURE) 
Circle,CIR_DATUM_C,DIAM,7.897,7.900,-0.003,-0.100,0.100,,Criterion : Least Square (From 3 Pts On PL_FIXTURE) 
Circle,CIR_DATUM_C,X,4.402,4.400,0.002,,,,
Circle,CIR_DATUM_C,Z,-351.799,-351.650,-0.149,,,,
Pos. Tol.,POS_C,PTOL,0.298,0.000,0.298,0.000,0.465,,CIR_DATUM_C/NOMINAL - CS_ABC - C-Zone - XZ - Nominal
Circle,CIR_8,DIAM,74.090,74.350,-0.260,-0.300,0.300,,Criterion : Least Square (From 14 Pts On PL_PLAST_TB) 
Circle,CIR_8,X,-79.983,-80.600,0.617,,,,
Circle,CIR_8,Y,91.283,92.200,-0.917,,,,
Circle,CIR_8,Z,81.737,82.900,-1.163,,,,
Pos. Tol.,POS_8,PTOL,2.963,0.000,2.963,0.040,4.205,,CIR_8(M)/NOMINAL - CS_ABC - C-Zone - YZ - Nominal
Circle,2D_CIR_16,Y,-32.502,-32.500,-0.002,,,,
Circle,2D_CIR_16,Z,-40.012,-40.000,-0.012,,,,
Circle,2D_CIR_17,Y,-32.388,-32.500,0.112,,,,
Circle,2D_CIR_17,Z,39.968,40.000,-0.032,,,,
Circle,2D_CIR_18,Y,32.377,32.500,-0.123,,,,
Circle,2D_CIR_18,Z,40.143,40.000,0.143,,,,
Circle,2D_CIR_19,Y,32.259,32.500,-0.241,,,,
Circle,2D_CIR_19,Z,-39.901,-40.000,0.099,,,,
Pos. Tol.,POS_2D_16,PTOL,0.025,0.000,0.025,0.000,0.500,,2D_CIR_16/NOMINAL - CS_DE - C-Zone - YZ - Nominal
Pos. Tol.,POS_2D_17,PTOL,0.234,0.000,0.234,0.000,0.500,,2D_CIR_17/NOMINAL - CS_DE - C-Zone - YZ - Nominal
Pos. Tol.,POS_2D_18,PTOL,0.377,0.000,0.377,0.000,0.700,,2D_CIR_18/NOMINAL - CS_DE - C-Zone - YZ - Nominal
Pos. Tol.,POS_2D_19,PTOL,0.522,0.000,0.522,0.000,0.700,,2D_CIR_19/NOMINAL - CS_DE - C-Zone - YZ - Nominal
Distance,INSERT HEIGHT 16,X,0.231,0.000,0.231,,,,CIR_16 - PL_PLAST_16 / CS_DE
Distance,INSERT HEIGHT 17,X,0.246,0.000,0.246,,,,CIR_17 - PL_PLAST_17 / CS_DE
Distance,INSERT HEIGHT 18,X,0.292,0.000,0.292,,,,CIR_18 - PL_PLAST_18 / CS_DE
Distance,INSERT HEIGHT 19,X,0.323,0.000,0.323,,,,CIR_19 - PL_PLAST_19 / CS_DE
Flatness,FLAT_D,FLTN,0.262,0.000,0.262,0.000,1.000,,PL_D
Circle,2D_CIR_20,X,-0.204,0.000,-0.204,,,,
Circle,2D_CIR_20,Z,-0.003,0.000,-0.003,,,,
Circle,2D_CIR_21,X,-0.204,0.000,-0.204,,,,
Circle,2D_CIR_21,Z,0.005,0.000,0.005,,,,
Pos. Tol.,POS_2D_20,PTOL,0.421,0.000,0.421,0.000,0.550,,2D_CIR_20/NOMINAL - CS_HJ - C-Zone - XY - Nominal
Pos. Tol.,POS_2D_21,PTOL,0.411,0.000,0.411,0.000,0.550,,2D_CIR_21/NOMINAL - CS_HJ - C-Zone - XY - Nominal
Distance,H_20,Z,0.297,0.000,0.297,0.000,0.500,,2D_CIR_20 - PL_PLAST_20 / CS_HJ
Distance,H_21,Z,0.234,0.000,0.234,0.000,0.500,,2D_CIR_21 - PL_PLAST_21 / CS_HJ
Circle,CIR_15,X,-108.341,-109.800,1.459,,,,Criterion : Least Square (From 6 Pts On PL_INS_15) 
Circle,CIR_15,Y,23.819,24.200,-0.381,,,,
Distance,PROF_15,Z,130.843,130.800,0.043,-1.500,1.500,,CIR_15 - ORIGIN / CS_ABC
Pos. Tol.,POS_15,PTOL,3.016,0.000,3.016,0.000,5.000,,CIR_15/NOMINAL - CS_ABC - C-Zone - XY - Nominal
Distance,H_15,Z,0.239,0.000,0.239,0.000,0.500,,CIR_15 - PL_PLAST_15 / CS_ABC
Pos. Tol.,POS_42,PTOL,4.244,0.000,4.244,0.220,6.386,,CIR_42(M)/NOMINAL - CS_ABC - C-Zone - XYZ - Nominal
Pos. Tol.,POS_20,PTOL,3.899,0.000,3.899,0.000,6.165,,CIR_20/NOMINAL - CS_ABC - C-Zone - XYZ - Nominal
Pos. Tol.,POS_21,PTOL,3.960,0.000,3.960,0.000,6.165,,CIR_21/NOMINAL - CS_ABC - C-Zone - XYZ - Nominal
Circle,CIR_42,DIAM,36.730,36.660,0.070,-0.150,0.150,,Criterion : Least Square (From 20 Pts On PL_PLAST_42) 
Circle,CIR_42,X,-209.299,-210.550,1.251,,,,
Circle,CIR_42,Y,94.289,96.000,-1.711,,,,
Circle,CIR_42,Z,111.518,111.420,0.098,,,,
Circle,CIR_20,X,-231.574,-232.370,0.796,,,,Criterion : Least Square (From 6 Pts On PL_INS_20) 
Circle,CIR_20,Y,105.101,106.800,-1.699,,,,
Circle,CIR_20,Z,91.961,91.430,0.531,,,,
Circle,CIR_21,X,-187.263,-188.730,1.467,,,,Criterion : Least Square (From 6 Pts On PL_INS_21) 
Circle,CIR_21,Y,83.873,85.200,-1.327,,,,
Circle,CIR_21,Z,131.506,131.420,0.086,,,,
Distance,DEPTH_16,D1,17.913,17.800,0.113,0.000,8.000,,PNT_DEPTH_16 - PL_INS_16 / CS_DE
Distance,DEPTH_17,D1,18.020,17.800,0.220,0.000,8.000,,PNT_DEPTH_17 - PL_INS_17 / CS_DE
Distance,DEPTH_18,D1,21.695,17.800,3.895,0.000,8.000,,PNT_DEPTH_18 - PL_INS_18 / CS_DE
Distance,DEPTH_19,D1,23.147,17.800,5.347,0.000,8.000,,PNT_DEPTH_19 - PL_INS_19 / CS_DE
Circle,CIR_16,X,-77.279,-77.073,-0.206,,,,Criterion : Least Square (From 6 Pts On PL_INS_16) 
Circle,CIR_16,Y,59.107,59.880,-0.773,,,,
Circle,CIR_16,Z,41.549,42.924,-1.375,,,,
Circle,CIR_17,X,-75.608,-77.073,1.465,,,,Criterion : Least Square (From 6 Pts On PL_INS_17) 
Circle,CIR_17,Y,58.946,59.880,-0.934,,,,
Circle,CIR_17,Z,121.512,122.924,-1.412,,,,
Circle,CIR_18,X,-81.630,-82.732,1.102,,,,Criterion : Least Square (From 6 Pts On PL_INS_18) 
Circle,CIR_18,Y,123.429,124.633,-1.204,,,,
Circle,CIR_18,Z,122.035,122.924,-0.889,,,,
Circle,CIR_19,X,-83.085,-82.732,-0.353,,,,Criterion : Least Square (From 6 Pts On PL_INS_19) 
Circle,CIR_19,Y,123.606,124.633,-1.027,,,,
Circle,CIR_19,Z,42.004,42.924,-0.920,,,,
Pos. Tol.,POS_16,PTOL,3.156,0.000,3.156,0.000,4.165,,CIR_16/NOMINAL - CS_ABC - C-Zone - YZ - Nominal
Pos. Tol.,POS_17,PTOL,3.386,0.000,3.386,0.000,4.165,,CIR_17/NOMINAL - CS_ABC - C-Zone - YZ - Nominal
Pos. Tol.,POS_18,PTOL,2.994,0.000,2.994,0.000,4.165,,CIR_18/NOMINAL - CS_ABC - C-Zone - YZ - Nominal
Pos. Tol.,POS_19,PTOL,2.758,0.000,2.758,0.000,4.165,,CIR_19/NOMINAL - CS_ABC - C-Zone - YZ - Nominal
Distance,DEPTH_15,D1,22.210,22.000,0.210,0.000,8.000,,PNT_DEPTH_15 - PL_INS_15 / CS_SRF_TEMP_15.2
