Feat. Type,Feat. Name,Value,Actual,Nominal,Dev.,Tol-,Tol+,Out of Tol.,Comment
Text/Value,VAR_PROGRAM,VAL,,,,,,,'N:\Metrolog XG\Programmes\Ford GDTI\GDTI Gap Entretoises Module_50.gm2'
Text/Value,VAR_EVENEMENT,VAL,,,,,,,'Demarrage 279 A'
Text/Value,VAR_COMMENTAIRES,VAL,,,,,,,'280 A'
Text/Value,GAP_TOTAL_1,VAL,0.063611,0.000000,0.063611,-0.250000,0.250000,,
Text/Value,GAP_TOTAL_2,VAL,-0.082893,0.000000,-0.082893,-0.250000,0.250000,,
Text/Value,GAP_TOTAL_3,VAL,0.231184,0.000000,0.231184,-0.250000,0.250000,,
Text/Value,GAP_TOTAL_4,VAL,0.143118,0.000000,0.143118,-0.250000,0.250000,,
Text/Value,GAP_TOTAL_5,VAL,0.014667,0.000000,0.014667,-0.250000,0.250000,,
Text/Value,GAP_TOTAL_6,VAL,0.084757,0.000000,0.084757,-0.250000,0.250000,,
Text/Value,GAP_TOTAL_7,VAL,0.106802,0.000000,0.106802,-0.250000,0.250000,,
Text/Value,GAP_TOTAL_8,VAL,-0.002987,0.000000,-0.002987,-0.250000,0.250000,,
Circle,CIR_1,DIAM,7.866,7.900,-0.034,-0.200,0.200,,Criterion : Least Square (From 6 Pts On PL_CL_FL_1) 
Circle,CIR_2,DIAM,7.937,7.900,0.037,-0.200,0.200,,Criterion : Least Square (From 6 Pts On PL_CL_FL_2) 
Circle,CIR_3,DIAM,7.876,7.900,-0.024,-0.200,0.200,,Criterion : Least Square (From 6 Pts On PL_CL_FL_3) 
Circle,CIR_4,DIAM,7.894,7.850,0.044,-0.150,0.150,,Criterion : Least Square (From 6 Pts On PL_CL_FL_4) 
Circle,CIR_5,DIAM,7.869,7.900,-0.031,-0.200,0.200,,Criterion : Least Square (From 6 Pts On PL_CL_FL_5) 
Circle,CIR_6,DIAM,7.920,7.900,0.020,-0.200,0.200,,Criterion : Least Square (From 6 Pts On PL_CL_FL_6) 
Circle,CIR_7,DIAM,7.934,7.900,0.034,-0.200,0.200,,Criterion : Least Square (From 6 Pts On PL_CL_FL_7) 
Circle,CIR_8,DIAM,7.934,7.900,0.034,-0.200,0.200,,Criterion : Least Square (From 6 Pts On PL_CL_FL_8) 
Distance,PLASTIC_LENGHT_1,D1,99.926,100.000,-0.074,,,,CIR_PL_FL_1 - CIR_PL_TOP_1 / CS_AXIS_1
Distance,PLASTIC_LENGHT_2,D1,63.882,63.800,0.082,-0.100,0.370,,CIR_PL_FL_2 - CIR_PL_TOP_2 / CS_AXIS_2
Distance,PLASTIC_LENGHT_3,D1,63.602,63.800,-0.198,-0.100,0.370,-0.098,CIR_PL_FL_3 - CIR_PL_TOP_3 / CS_AXIS_3
Distance,PLASTIC_LENGHT_5,D1,99.985,100.000,-0.015,,,,CIR_PL_FL_5 - CIR_PL_TOP_5 / CS_AXIS_5
Distance,PLASTIC_LENGHT_6,D1,63.774,63.800,-0.026,-0.100,0.370,,CIR_PL_FL_6 - CIR_PL_TOP_6 / CS_AXIS_6
Distance,PLASTIC_LENGHT_7,D1,63.720,63.800,-0.080,-0.100,0.370,,CIR_PL_FL_7 - CIR_PL_TOP_7 / CS_AXIS_7
Distance,PLASTIC_LENGHT_8,D1,63.828,63.800,0.028,-0.100,0.370,,CIR_PL_FL_8 - CIR_PL_TOP_8 / CS_AXIS_8
Distance,CL_LENGHT_1,D1,99.990,100.000,-0.010,,,,CIR_1 - CIR_1T / CS_AXIS_1
Distance,CL_LENGHT_2,D1,63.799,63.800,-0.001,,,,CIR_2 - CIR_2T / CS_AXIS_2
Distance,CL_LENGHT_3,D1,63.833,63.800,0.033,,,,CIR_3 - CIR_3T / CS_AXIS_3
Distance,CL_LENGHT_4,D1,47.551,47.650,-0.099,,,,CIR_4 - CIR_4T / CS_AXIS_4
Distance,CL_LENGHT_5,D1,100.000,100.000,-0.000,,,,CIR_5 - CIR_5T / CS_AXIS_5
Distance,CL_LENGHT_6,D1,63.859,63.800,0.059,,,,CIR_6 - CIR_6T / CS_AXIS_6
Distance,CL_LENGHT_7,D1,63.827,63.800,0.027,,,,CIR_7 - CIR_7T / CS_AXIS_7
Distance,CL_LENGHT_8,D1,63.825,63.800,0.025,,,,CIR_8 - CIR_8T / CS_AXIS_8
