Feat. Type,Feat. Name,Value,Actual,Nominal,Dev.,Tol-,Tol+,Out of Tol.,Comment
Text/Value,VAR_PROGRAM,VAL,,,,,,,'N:\Metrolog XG\Programmes\Ford 2L GTDI\Ford 2L GTDI Complete (Module 51).gm2'
Text/Value,VAR_EVENEMENT,VAL,,,,,,,'FIP 10092'
Text/Value,VAR_COMMENTAIRES,VAL,,,,,,,'321A'
Distance,WIDTH_TB1,D1,3.133,3.000,0.133,-0.150,0.150,,P0W2.5_1.1 - PIW2.5_1.1 / CS_A_18
Distance,WIDTH_TB2,D1,3.006,3.000,0.006,-0.150,0.150,,P0W2.5_1.2 - PIW2.5_1.2 / CS_A_18
Distance,WIDTH_TB3,D1,3.040,3.000,0.040,-0.150,0.150,,P0W2.5_1.3 - PIW2.5_1.3 / CS_A_18
Distance,WIDTH_TB4,D1,3.048,3.000,0.048,-0.150,0.150,,P0W2.5_1.4 - PIW2.5_1.4 / CS_A_18
Distance,WIDTH_TB5,D1,3.079,3.000,0.079,-0.150,0.150,,P0W2.5_1.5 - PIW2.5_1.5 / CS_A_18
Distance,WIDTH_TB6,D1,2.977,3.000,-0.023,-0.150,0.150,,P0W2.5_1.6 - PIW2.5_1.6 / CS_A_18
Distance,WIDTH_TB7,D1,3.022,3.000,0.022,-0.150,0.150,,P0W2.5_1.7 - PIW2.5_1.7 / CS_A_18
Distance,WIDTH_TB8,D1,3.025,3.000,0.025,-0.150,0.150,,P0W2.5_1.8 - PIW2.5_1.8 / CS_A_18
Distance,WIDTH_TB9,D1,2.998,3.000,-0.002,-0.150,0.150,,P0W2.5_1.9 - PIW2.5_1.9 / CS_A_18
Distance,WIDTH_TB10,D1,3.030,3.000,0.030,-0.150,0.150,,P0W2.5_1.10 - PIW2.5_1.10 / CS_A_18
Distance,WIDTH_TB11,D1,3.016,3.000,0.016,-0.150,0.150,,P0W2.5_1.11 - PIW2.5_1.11 / CS_A_18
Distance,WIDTH_TB12,D1,3.079,3.000,0.079,-0.150,0.150,,P0W2.5_1.12 - PIW2.5_1.12 / CS_A_18
Distance,WIDTH_TB13,D1,3.063,3.000,0.063,-0.150,0.150,,P0W2.5_1.13 - PIW2.5_1.13 / CS_A_18
Distance,WIDTH_TB14,D1,3.069,3.000,0.069,-0.150,0.150,,P0W2.5_1.14 - PIW2.5_1.14 / CS_A_18
Distance,WIDTH_TB15,D1,3.059,3.000,0.059,-0.150,0.150,,P0W2.5_1.15 - PIW2.5_1.15 / CS_A_18
Distance,DEPTH_TB1,D1,4.557,4.500,0.057,-0.250,0.250,,PTB_BOT_1.1 - PL_D / CS_A_18
Distance,DEPTH_TB2,D1,4.531,4.500,0.031,-0.250,0.250,,PTB_BOT_1.2 - PL_D / CS_A_18
Distance,DEPTH_TB3,D1,4.457,4.500,-0.043,-0.250,0.250,,PTB_BOT_1.3 - PL_D / CS_A_18
Distance,DEPTH_TB4,D1,4.490,4.500,-0.010,-0.250,0.250,,PTB_BOT_1.4 - PL_D / CS_A_18
Distance,DEPTH_TB5,D1,4.508,4.500,0.008,-0.250,0.250,,PTB_BOT_1.5 - PL_D / CS_A_18
Distance,DEPTH_TB6,D1,4.484,4.500,-0.016,-0.250,0.250,,PTB_BOT_1.6 - PL_D / CS_A_18
Distance,DEPTH_TB7,D1,4.370,4.500,-0.130,-0.250,0.250,,PTB_BOT_1.7 - PL_D / CS_A_18
Distance,DEPTH_TB8,D1,4.252,4.500,-0.248,-0.250,0.250,,PTB_BOT_1.8 - PL_D / CS_A_18
Distance,DEPTH_TB9,D1,4.207,4.500,-0.293,-0.250,0.250,-0.043,PTB_BOT_1.9 - PL_D / CS_A_18
Distance,DEPTH_TB10,D1,4.282,4.500,-0.218,-0.250,0.250,,PTB_BOT_1.10 - PL_D / CS_A_18
Distance,DEPTH_TB11,D1,4.365,4.500,-0.135,-0.250,0.250,,PTB_BOT_1.11 - PL_D / CS_A_18
Distance,DEPTH_TB12,D1,4.469,4.500,-0.031,-0.250,0.250,,PTB_BOT_1.12 - PL_D / CS_A_18
Distance,DEPTH_TB13,D1,4.512,4.500,0.012,-0.250,0.250,,PTB_BOT_1.13 - PL_D / CS_A_18
Distance,DEPTH_TB14,D1,4.518,4.500,0.018,-0.250,0.250,,PTB_BOT_1.14 - PL_D / CS_A_18
Distance,DEPTH_TB15,D1,4.579,4.500,0.079,-0.250,0.250,,PTB_BOT_1.15 - PL_D / CS_A_18
Circle,CIR_B,DIAM,7.777,7.800,-0.023,-0.100,0.100,,Criterion : Least Square (From 16 Pts On PL_FIXTURE) 
Circle,CIR_B,X,0.000,0.000,0.000,,,,
Circle,CIR_B,Z,0.000,0.000,0.000,,,,
Circle,CIR_A,DIAM,65.213,65.000,0.213,-0.500,0.500,,Criterion : Least Square (From 12 Pts On PL_D) 
Circle,CIR_A,X,0.076,-0.000,0.076,,,,
Circle,CIR_A,Y,133.817,133.293,0.523,,,,
Circle,CIR_A,Z,195.341,195.188,0.154,,,,
Circle,CIR_18,X,32.678,32.500,0.178,,,,Criterion : Least Square (From 6 Pts On PL_INS_18) 
Circle,CIR_18,Y,165.777,165.616,0.161,,,,
Circle,CIR_18,Z,198.674,198.583,0.091,,,,
Circle,CIR_19,X,32.576,32.500,0.076,,,,Criterion : Least Square (From 6 Pts On PL_INS_19) 
Circle,CIR_19,Y,101.447,101.325,0.122,,,,
Circle,CIR_19,Z,192.246,191.830,0.416,,,,
Circle,CIR_16,X,-32.643,-32.500,-0.143,,,,Criterion : Least Square (From 6 Pts On PL_INS_16) 
Circle,CIR_16,Y,101.754,101.325,0.429,,,,
Circle,CIR_16,Z,192.196,191.830,0.366,,,,
Circle,CIR_17,X,-32.667,-32.500,-0.167,,,,Criterion : Least Square (From 6 Pts On PL_INS_17) 
Circle,CIR_17,Y,166.418,165.615,0.803,,,,
Circle,CIR_17,Z,198.256,198.583,-0.327,,,,
Circle,2D_CIR_18,X,32.554,32.500,0.054,,,,
Circle,2D_CIR_18,Y,32.229,32.500,-0.271,,,,
Circle,2D_CIR_19,X,32.694,32.500,0.194,,,,
Circle,2D_CIR_19,Y,-32.421,-32.500,0.079,,,,
Circle,2D_CIR_16,X,-32.526,-32.500,-0.026,,,,
Circle,2D_CIR_16,Y,-32.365,-32.500,0.135,,,,
Circle,2D_CIR_17,X,-32.794,-32.500,-0.294,,,,
Circle,2D_CIR_17,Y,32.582,32.500,0.082,,,,
Distance,WIDTH_C,D1,7.405,7.200,0.205,-0.500,0.500,,SRF_C_TOP - SRF_C_DOWN / CS_ABC
Distance,H_18,Z,0.278,0.000,0.278,0.000,0.500,,CIR_18 - PL_PLAST_18 / CS_DE_BF
Distance,H_19,Z,0.189,-0.000,0.189,0.000,0.500,,CIR_19 - PL_PLAST_19 / CS_DE_BF
Distance,H_16,Z,0.198,-0.000,0.198,0.000,0.500,,CIR_16 - PL_PLAST_16 / CS_DE_BF
Distance,H_17,Z,0.202,0.000,0.202,0.000,0.500,,CIR_17 - PL_PLAST_17 / CS_DE_BF
Point,PNT_C_PRJ_FIXT,X,185.134,185.000,0.134,,,,Proj. PNT_MID_C / PL_FIXTURE.
Pos. Tol.,POS_B,PTOL,0.000,0.000,0.000,0.000,0.300,,CIR_B/NOMINAL - CS_ABC - C-Zone - XZ - Nominal
Pos. Tol.,POS_C,PTOL,0.267,0.000,0.267,0.000,0.500,,PNT_C_PRJ_FIXT/NOMINAL - CS_ABC - P-Zone - X - Nominal
Pos. Tol.,POS_A,PTOL,1.101,0.000,1.101,0.000,3.000,,CIR_A/NOMINAL - CS_ABC - C-Zone - XYZ - Nominal
Pos. Tol.,POS_16,PTOL,1.164,0.000,1.164,0.000,3.000,,CIR_16/NOMINAL - CS_ABC - C-Zone - XYZ - Nominal
Pos. Tol.,POS_17,PTOL,1.766,0.000,1.766,0.000,3.000,,CIR_17/NOMINAL - CS_ABC - C-Zone - XYZ - Nominal
Pos. Tol.,POS_18,PTOL,0.514,0.000,0.514,0.000,3.000,,CIR_18/NOMINAL - CS_ABC - C-Zone - XYZ - Nominal
Pos. Tol.,POS_19,PTOL,0.879,0.000,0.879,0.000,3.000,,CIR_19/NOMINAL - CS_ABC - C-Zone - XYZ - Nominal
Pos. Tol.,POS_2D_16,PTOL,0.276,0.000,0.276,0.000,0.500,,2D_CIR_16/NOMINAL - CS_DE_BF - C-Zone - XY - Nominal
Pos. Tol.,POS_2D_17,PTOL,0.611,0.000,0.611,0.000,0.500,0.111,2D_CIR_17/NOMINAL - CS_DE_BF - C-Zone - XY - Nominal
Pos. Tol.,POS_2D_18,PTOL,0.552,0.000,0.552,0.000,0.500,0.052,2D_CIR_18/NOMINAL - CS_DE_BF - C-Zone - XY - Nominal
Pos. Tol.,POS_2D_19,PTOL,0.419,0.000,0.419,0.000,0.500,,2D_CIR_19/NOMINAL - CS_DE_BF - C-Zone - XY - Nominal
Flatness,FLATNESS_D,FLTN,0.486,0.000,0.486,0.000,1.000,,PL_D
