Feat. Type,Feat. Name,Value,Actual,Nominal,Dev.,Tol-,Tol+,Out of Tol.,Comment
Text/Value,VAR_PROGRAM,VAL,,,,,,,'N:\Metrolog XG\Programmes\Denso 507F\Denso 507F Complet (Module 51).gm2'
Text/Value,VAR_EVENEMENT,VAL,,,,,,,'smed'
Text/Value,VAR_COMMENTAIRES,VAL,,,,,,,'300 B'
Circle,CIR_1,DIAM,9.165,9.000,0.165,-0.450,0.350,,Criterion : Least Square (From 6 Pts On PL_FIXTURE) 
Circle,CIR_1,X,-0.075,0.000,-0.075,,,,
Circle,CIR_1,Y,-0.039,0.000,-0.039,,,,
Pos. Tol.,POS_1,PTOL,0.169,0.000,0.169,0.000,1.115,,CIR_1/NOMINAL - CS_ABC_BF - C-Zone - XY - Nominal
Circle,CIR_2,DIAM,9.161,9.000,0.161,-0.450,0.350,,Criterion : Least Square (From 6 Pts On PL_FIXTURE) 
Circle,CIR_2,X,11.169,11.500,-0.331,,,,
Circle,CIR_2,Y,-100.063,-100.250,0.187,,,,
Pos. Tol.,POS_2,PTOL,0.761,0.000,0.761,0.000,1.111,,CIR_2/NOMINAL - CS_ABC_BF - C-Zone - XY - Nominal
Circle,CIR_3,DIAM,9.149,9.000,0.149,-0.450,0.350,,Criterion : Least Square (From 6 Pts On PL_FIXTURE) 
Circle,CIR_3,X,-19.363,-19.500,0.137,,,,
Circle,CIR_3,Y,-205.690,-205.750,0.059,,,,
Pos. Tol.,POS_3,PTOL,0.299,0.000,0.299,0.000,1.099,,CIR_3/NOMINAL - CS_ABC_BF - C-Zone - XY - Nominal
Circle,CIR_4,DIAM,9.238,9.000,0.238,-0.450,0.350,,Criterion : Least Square (From 6 Pts On PL_FIXTURE) 
Circle,CIR_4,X,11.344,11.500,-0.156,,,,
Circle,CIR_4,Y,-311.297,-311.250,-0.047,,,,
Pos. Tol.,POS_4,PTOL,0.327,0.000,0.327,0.000,1.188,,CIR_4/NOMINAL - CS_ABC_BF - C-Zone - XY - Nominal
Circle,CIR_5,DIAM,9.168,9.000,0.168,-0.450,0.350,,Criterion : Least Square (From 6 Pts On PL_FIXTURE) 
Circle,CIR_5,X,-16.191,-16.500,0.309,,,,
Circle,CIR_5,Y,-408.100,-408.000,-0.100,,,,
Pos. Tol.,POS_5,PTOL,0.649,0.000,0.649,0.000,1.118,,CIR_5/NOMINAL - CS_ABC_BF - C-Zone - XY - Nominal
Circle,CIR_6,DIAM,9.169,9.000,0.169,-0.450,0.350,,Criterion : Least Square (From 6 Pts On PL_FIXTURE) 
Circle,CIR_6,X,305.460,305.500,-0.040,,,,
Circle,CIR_6,Y,-432.455,-432.500,0.045,,,,
Pos. Tol.,POS_6,PTOL,0.121,0.000,0.121,0.000,1.119,,CIR_6/NOMINAL - CS_ABC_BF - C-Zone - XY - Nominal
Circle,CIR_7,DIAM,9.171,9.000,0.171,-0.450,0.350,,Criterion : Least Square (From 6 Pts On PL_FIXTURE) 
Circle,CIR_7,X,293.824,294.000,-0.176,,,,
Circle,CIR_7,Y,-332.362,-332.250,-0.112,,,,
Pos. Tol.,POS_7,PTOL,0.417,0.000,0.417,0.000,1.121,,CIR_7/NOMINAL - CS_ABC_BF - C-Zone - XY - Nominal
Circle,CIR_8,DIAM,9.237,9.000,0.237,-0.450,0.350,,Criterion : Least Square (From 6 Pts On PL_FIXTURE) 
Circle,CIR_8,X,325.070,325.000,0.070,,,,
Circle,CIR_8,Y,-226.741,-226.750,0.009,,,,
Pos. Tol.,POS_8,PTOL,0.141,0.000,0.141,0.000,1.187,,CIR_8/NOMINAL - CS_ABC_BF - C-Zone - XY - Nominal
Circle,CIR_9,DIAM,9.250,9.000,0.250,-0.450,0.350,,Criterion : Least Square (From 6 Pts On PL_FIXTURE) 
Circle,CIR_9,X,293.970,294.000,-0.030,,,,
Circle,CIR_9,Y,-121.216,-121.250,0.034,,,,
Pos. Tol.,POS_9,PTOL,0.091,0.000,0.091,0.000,1.200,,CIR_9/NOMINAL - CS_ABC_BF - C-Zone - XY - Nominal
Circle,CIR_10,DIAM,9.247,9.000,0.247,-0.450,0.350,,Criterion : Least Square (From 6 Pts On PL_FIXTURE) 
Circle,CIR_10,X,322.292,322.000,0.292,,,,
Circle,CIR_10,Y,-24.538,-24.500,-0.038,,,,
Pos. Tol.,POS_10,PTOL,0.590,0.000,0.590,0.000,1.197,,CIR_10/NOMINAL - CS_ABC_BF - C-Zone - XY - Nominal
Distance,PLASTIC_1,Z,20.015,20.000,0.015,-0.050,0.200,,PNT_TOP_1 - PNT_BOTTOM_1 / CS_ABC_BF
Distance,PLASTIC_2,Z,20.127,20.000,0.127,-0.050,0.200,,PNT_TOP_2 - PNT_BOTTOM_2 / CS_ABC_BF
Distance,PLASTIC_3,Z,20.005,20.000,0.005,-0.050,0.200,,PNT_TOP_3 - PNT_BOTTOM_3 / CS_ABC_BF
Distance,PLASTIC_4,Z,20.032,20.000,0.032,-0.050,0.200,,PNT_TOP_4 - PNT_BOTTOM_4 / CS_ABC_BF
Distance,PLASTIC_5,Z,20.078,20.000,0.078,-0.050,0.200,,PNT_TOP_5 - PNT_BOTTOM_5 / CS_ABC_BF
Distance,PLASTIC_6,Z,20.131,20.000,0.131,-0.050,0.200,,PNT_TOP_6 - PNT_BOTTOM_6 / CS_ABC_BF
Distance,PLASTIC_7,Z,20.209,20.000,0.209,-0.050,0.200,0.009,PNT_TOP_7 - PNT_BOTTOM_7 / CS_ABC_BF
Distance,PLASTIC_8,Z,20.090,20.000,0.090,-0.050,0.200,,PNT_TOP_8 - PNT_BOTTOM_8 / CS_ABC_BF
Distance,PLASTIC_9,Z,20.032,20.000,0.032,-0.050,0.250,,PNT_TOP_9 - PNT_BOTTOM_9 / CS_ABC_BF
Distance,PLASTIC_10,Z,20.016,20.000,0.016,-0.050,0.200,,PNT_TOP_10 - PNT_BOTTOM_10 / CS_ABC_BF
Circle,CIR_11,X,22.456,22.800,-0.344,,,,Criterion : Least Square (From 8 Pts On PL_INS_11) 
Circle,CIR_11,Y,-26.345,-26.200,-0.145,,,,
Pos. Tol.,POS_11,PTOL,0.747,0.000,0.747,0.000,2.615,,CIR_11/NOMINAL - CS_ABC_BF - C-Zone - XY - Nominal
Circle,CIR_12,X,65.147,64.800,0.347,,,,Criterion : Least Square (From 8 Pts On PL_INS_12) 
Circle,CIR_12,Y,-158.677,-158.600,-0.077,,,,
Pos. Tol.,POS_12,PTOL,0.711,0.000,0.711,0.000,2.615,,CIR_12/NOMINAL - CS_ABC_BF - C-Zone - XY - Nominal
Circle,CIR_13,X,82.583,82.800,-0.217,,,,Criterion : Least Square (From 6 Pts On PL_INS_13) 
Circle,CIR_13,Y,-238.809,-238.300,-0.509,,,,
Pos. Tol.,POS_13,PTOL,1.108,0.000,1.108,0.000,2.615,,CIR_13/NOMINAL - CS_ABC_BF - C-Zone - XY - Nominal
Circle,CIR_14,X,57.719,57.800,-0.081,,,,Criterion : Least Square (From 6 Pts On PL_INS_14) 
Circle,CIR_14,Y,-356.963,-356.200,-0.763,,,,
Pos. Tol.,POS_14,PTOL,1.534,0.000,1.534,0.000,2.615,,CIR_14/NOMINAL - CS_ABC_BF - C-Zone - XY - Nominal
Circle,CIR_15,X,-7.116,-7.400,0.284,,,,Criterion : Least Square (From 6 Pts On PL_INS_15) 
Circle,CIR_15,Y,-371.619,-370.800,-0.819,,,,
Pos. Tol.,POS_15,PTOL,1.733,0.000,1.733,0.000,2.615,,CIR_15/NOMINAL - CS_ABC_BF - C-Zone - XY - Nominal
Circle,CIR_17,X,317.885,317.800,0.085,,,,Criterion : Least Square (From 6 Pts On PL_INS_17) 
Circle,CIR_17,Y,-398.207,-398.400,0.193,,,,
Pos. Tol.,POS_17,PTOL,0.421,0.000,0.421,0.000,2.615,,CIR_17/NOMINAL - CS_ABC_BF - C-Zone - XY - Nominal
Circle,CIR_19,X,237.300,237.800,-0.500,,,,Criterion : Least Square (From 6 Pts On PL_INS_19) 
Circle,CIR_19,Y,-206.643,-206.300,-0.343,,,,
Pos. Tol.,POS_19,PTOL,1.214,0.000,1.214,0.000,2.615,,CIR_19/NOMINAL - CS_ABC_BF - C-Zone - XY - Nominal
Circle,CIR_21,X,126.948,126.800,0.148,,,,Criterion : Least Square (From 6 Pts On PL_INS_21) 
Circle,CIR_21,Y,57.728,58.700,-0.972,,,,
Pos. Tol.,POS_21,PTOL,1.966,0.000,1.966,0.000,2.615,,CIR_21/NOMINAL - CS_ABC_BF - C-Zone - XY - Nominal
Circle,CIR_16,X,146.927,147.000,-0.073,,,,Criterion : Least Square (From 6 Pts On PL_INS_16) 
Circle,CIR_16,Y,-40.580,-40.600,0.020,,,,
Pos. Tol.,POS_16,PTOL,0.152,0.000,0.152,0.000,1.000,,CIR_16/NOMINAL - CS_AF_BF - C-Zone - XY - Nominal
Circle,CIR_18,X,201.803,202.000,-0.197,,,,Criterion : Least Square (From 6 Pts On PL_INS_18) 
Circle,CIR_18,Y,-15.485,-15.500,0.015,,,,
Pos. Tol.,POS_18,PTOL,0.394,0.000,0.394,0.000,1.000,,CIR_18/NOMINAL - CS_AD - C-Zone - XY - Nominal
Circle,CIR_20,X,101.005,101.000,0.005,,,,Criterion : Least Square (From 6 Pts On PL_INS_20) 
Circle,CIR_20,Y,-195.010,-195.000,-0.010,,,,
Pos. Tol.,POS_20,PTOL,0.023,0.000,0.023,0.000,2.000,,CIR_20/NOMINAL - CS_AE - C-Zone - XY - Nominal
Circle,CIR_22,X,177.001,177.200,-0.199,,,,Criterion : Least Square (From 7 Pts On PL_PLAST_22) 
Circle,CIR_22,Y,119.234,119.900,-0.666,,,,
Pos. Tol.,POS_22,PTOL,1.390,0.000,1.390,0.000,2.615,,CIR_22/NOMINAL - CS_ABC_BF - C-Zone - XY - Nominal
Distance,H11,Z,0.241,0.000,0.241,0.000,0.300,,CIR_11 - PL_PLAST_11 / CS_ABC_BF
Distance,H12,Z,0.208,0.000,0.208,0.000,0.300,,CIR_12 - PL_PLAST_12 / CS_ABC_BF
Distance,H13,Z,-0.004,0.000,-0.004,0.000,0.300,-0.004,CIR_13 - PL_PLAST_13 / CS_ABC_BF
Distance,H14,Z,0.251,0.000,0.251,0.000,0.300,,CIR_14 - PL_PLAST_14 / CS_ABC_BF
Distance,H15,Z,0.160,0.000,0.160,0.000,0.300,,CIR_15 - PL_PLAST_15 / CS_ABC_BF
Distance,H16,Z,0.203,0.000,0.203,0.000,0.300,,CIR_16 - PL_PLAST_16 / CS_ABC_BF
Distance,H17,Z,0.182,0.000,0.182,0.000,0.300,,CIR_17 - PL_PLAST_17 / CS_ABC_BF
Distance,H18,Z,0.100,0.000,0.100,0.000,0.300,,CIR_18 - PL_PLAST_18 / CS_ABC_BF
Distance,H19,Z,0.069,0.000,0.069,0.000,0.300,,CIR_19 - PL_PLAST_19 / CS_ABC_BF
Distance,H20,Z,0.085,0.000,0.085,0.000,0.300,,CIR_20 - PL_PLAST_20 / CS_ABC_BF
Distance,H21,Z,0.015,0.000,0.015,0.000,0.300,,CIR_21 - PL_PLAST_21 / CS_ABC_BF
Circle,CIR_34,DIAM,4.887,4.800,0.087,0.000,0.150,,Criterion : Least Square (From 8 Pts On PL_PLAST_34) 
Distance,LONGEUR_34,D1,12.538,11.000,1.538,0.000,5.000,,PNT_BOTTOM_34 - PL_PLAST_34 / CS_34_TOP
Circle,CIR_35,DIAM,4.887,4.800,0.087,0.000,0.150,,Criterion : Least Square (From 8 Pts On PL_PLAST_35) 
Distance,LONGEUR_35,D1,12.484,11.000,1.484,0.000,5.000,,PNT_BOTTOM_35 - PL_PLAST_35 / CS_CIR_35_TOP
Circle,CIR_36,DIAM,4.880,4.800,0.080,0.000,0.150,,Criterion : Least Square (From 6 Pts On PL_PLAST_36) 
Distance,LONGEUR_36,D1,12.552,11.000,1.552,0.000,5.000,,PNT_BOTTOM_36 - PL_PLAST_36 / CS_CIR_36_TOP
Flatness,FLAT_DATUM_R,FLTN,0.288,0.000,0.288,0.000,0.800,,PL_DATUM_R
Circle,CIR_23,DIAM,78.082,78.000,0.082,-0.250,0.250,,Criterion : Least Square (From 12 Pts On PL_DATUM_R) 
Circle,CIR_23,X,229.360,229.000,0.360,,,,
Circle,CIR_23,Y,110.360,111.600,-1.240,,,,
Circle,CIR_23,Z,75.930,75.000,0.930,,,,
Pos. Tol.,POS_23,PTOL,3.183,0.000,3.183,0.947,4.447,,CIR_23(M)/NOMINAL(M) - CS_ABC_BF - C-Zone - XYZ - Nominal
Circle,CIR_24,Y,-41.029,-41.000,-0.029,,,,Criterion : Least Square (From 6 Pts On PL_INS_24) 
Circle,CIR_24,Z,33.615,33.500,0.115,,,,
Pos. Tol.,POS_24,PTOL,0.238,0.000,0.238,0.000,0.500,,CIR_24/NOMINAL - CS_HD_BF - C-Zone - YZ - Nominal
Circle,CIR_25,Y,-41.039,-41.000,-0.039,,,,Criterion : Least Square (From 6 Pts On PL_INS_25) 
Circle,CIR_25,Z,-33.563,-33.500,-0.063,,,,
Pos. Tol.,POS_25,PTOL,0.147,0.000,0.147,0.000,0.500,,CIR_25/NOMINAL - CS_HD_BF - C-Zone - YZ - Nominal
Circle,CIR_26,Y,41.103,41.000,0.103,,,,Criterion : Least Square (From 6 Pts On PL_INS_26) 
Circle,CIR_26,Z,-33.477,-33.500,0.023,,,,
Pos. Tol.,POS_26,PTOL,0.211,0.000,0.211,0.000,0.500,,CIR_26/NOMINAL - CS_HD_BF - C-Zone - YZ - Nominal
Circle,CIR_27,Y,40.965,41.000,-0.035,,,,Criterion : Least Square (From 6 Pts On PL_INS_27) 
Circle,CIR_27,Z,33.424,33.500,-0.076,,,,
Pos. Tol.,POS_27,PTOL,0.167,0.000,0.167,0.000,0.500,,CIR_27/NOMINAL - CS_HD_BF - C-Zone - YZ - Nominal
Distance,H24,X,0.185,0.000,0.185,0.000,0.300,,CIR_24 - PL_PLAST_24 / CS_HD_BF
Distance,H25,X,0.169,0.000,0.169,0.000,0.300,,CIR_25 - PL_PLAST_25 / CS_HD_BF
Distance,H26,X,0.159,0.000,0.159,0.000,0.300,,CIR_26 - PL_PLAST_26 / CS_HD_BF
Distance,H27,X,0.119,0.000,0.119,0.000,0.300,,CIR_27 - PL_PLAST_27 / CS_HD_BF
Distance,TB_WIDTH_1,D1,3.411,3.500,-0.089,-0.150,0.150,,P_TB_IW.1 - P_TB_OW.1 / CS_HD_BF
Distance,TB_WIDTH_2,D1,3.471,3.500,-0.029,-0.100,0.100,,P_TB_IW.2 - P_TB_OW.2 / CS_HD_BF
Distance,TB_WIDTH_3,D1,3.394,3.500,-0.106,-0.150,0.150,,P_TB_IW.3 - P_TB_OW.3 / CS_HD_BF
Distance,TB_WIDTH_4,D1,3.373,3.500,-0.127,-0.150,0.150,,P_TB_IW.4 - P_TB_OW.4 / CS_HD_BF
Distance,TB_WIDTH_5,D1,3.338,3.500,-0.162,-0.200,0.150,,P_TB_IW.5 - P_TB_OW.5 / CS_HD_BF
Distance,TB_WIDTH_6,D1,3.420,3.500,-0.080,-0.150,0.150,,P_TB_IW.6 - P_TB_OW.6 / CS_HD_BF
Distance,TB_DEPTH_1,X,5.142,5.000,0.142,-0.250,0.250,,P_TB_TOP.1 - P_TB_BOTTOM.1 / CS_HD_BF
Distance,TB_DEPTH_2,X,4.927,5.000,-0.073,-0.100,0.100,,P_TB_TOP.2 - P_TB_BOTTOM.2 / CS_HD_BF
Distance,TB_DEPTH_3,X,4.978,5.000,-0.022,-0.100,0.100,,P_TB_TOP.3 - P_TB_BOTTOM.3 / CS_HD_BF
Distance,TB_DEPTH_4,X,4.846,5.000,-0.154,-0.250,0.250,,P_TB_TOP.4 - P_TB_BOTTOM.4 / CS_HD_BF
Distance,TB_DEPTH_5,X,5.086,5.000,0.086,-0.100,0.100,,P_TB_TOP.5 - P_TB_BOTTOM.5 / CS_HD_BF
Distance,TB_DEPTH_6,X,5.192,5.000,0.192,-0.250,0.300,,P_TB_TOP.6 - P_TB_BOTTOM.6 / CS_HD_BF
Circle,CIR_28,X,65.125,64.800,0.325,,,,Criterion : Least Square (From 8 Pts On PL_PLAST_28) 
Circle,CIR_28,Z,59.368,59.000,0.368,,,,
Pos. Tol.,POS_28,PTOL,0.983,0.000,0.983,0.000,2.615,,CIR_28/NOMINAL - CS_ABC_BF - C-Zone - XZ - Nominal
Circle,CIR_29,X,51.971,51.800,0.171,,,,Criterion : Least Square (From 6 Pts On PL_INS_29) 
Circle,CIR_29,Z,22.566,23.200,-0.634,,,,
Pos. Tol.,POS_29,PTOL,1.313,0.000,1.313,0.000,2.615,,CIR_29/NOMINAL - CS_ABC_BF - C-Zone - XZ - Nominal
Circle,CIR_30,X,216.924,216.800,0.124,,,,Criterion : Least Square (From 6 Pts On PL_INS_30) 
Circle,CIR_30,Z,22.726,23.200,-0.474,,,,
Pos. Tol.,POS_30,PTOL,0.981,0.000,0.981,0.000,2.615,,CIR_30/NOMINAL - CS_ABC_BF - C-Zone - XZ - Nominal
Distance,H29,Y,0.024,0.000,0.024,0.000,0.300,,CIR_29 - PL_PLAST_29 / CS_ABC_BF_ROT180
Distance,H30,Y,0.091,0.000,0.091,0.000,0.300,,CIR_30 - PL_PLAST_30 / CS_ABC_BF_ROT180
Circle,CIR_31,DIAM,12.060,12.000,0.060,,,,Criterion : Least Square (From 7 Pts On PL_PLAST_31) 
Circle,CIR_31,X,233.007,232.800,0.207,,,,
Circle,CIR_31,Z,74.760,75.000,-0.240,,,,
Pos. Tol.,POS_31,PTOL,0.413,0.000,0.413,0.000,2.615,,CIR_31/NOMINAL - CS_ABC_BF - P-Zone - X - Nominal
Flatness,FLAT_LASER_WELD,FLTN,0.217,0.000,0.217,0.000,0.450,,PL_LASER_WELD
Flatness,FLAT_DATUM_A,FLTN,0.645,0.000,0.645,0.000,0.400,0.245,PL_DATUM_A
Distance,WIDTH_1_OP1,D1,3.418,3.500,-0.082,-0.100,0.100,,PNT_OW_1_OP1 - PNT_IW_1_OP1 / CS_BF_OP1
Distance,WIDTH_2_OP1,D1,3.487,3.500,-0.013,-0.100,0.100,,PNT_OW_2_OP1 - PNT_IW_2_OP1 / CS_BF_OP1
Distance,WIDTH_3_OP1,D1,3.376,3.500,-0.124,-0.150,0.150,,PNT_OW_3_OP1 - PNT_IW_3_OP1 / CS_BF_OP1
Distance,WIDTH_4_OP1,D1,3.421,3.500,-0.079,-0.100,0.100,,PNT_OW_4_OP1 - PNT_IW_4_OP1 / CS_BF_OP1
Distance,DEPTH_1_OP1,Z,5.042,5.000,0.042,-0.100,0.100,,PNT_TOP_1_OP1 - PNT_DP_1_OP1 / CS_BF_OP1
Distance,DEPTH_2_OP1,Z,5.077,5.000,0.077,-0.100,0.100,,PNT_TOP_2_OP1 - PNT_DP_2_OP1 / CS_BF_OP1
Distance,DEPTH_3_OP1,Z,5.186,5.000,0.186,-0.100,0.100,0.086,PNT_TOP_3_OP1 - PNT_DP_3_OP1 / CS_BF_OP1
Distance,DEPTH_4_OP1,Z,5.127,5.000,0.127,-0.100,0.100,0.027,PNT_TOP_4_OP1 - PNT_DP_4_OP1 / CS_BF_OP1
Distance,WIDTH_1_OP2,D1,3.416,3.500,-0.084,-0.150,0.150,,PNT_OW_1_OP2 - PNT_IW_1_OP2 / CS_BF_OP2
Distance,WIDTH_2_OP2,D1,3.496,3.500,-0.004,-0.100,0.100,,PNT_OW_2_OP2 - PNT_IW_2_OP2 / CS_BF_OP2
Distance,WIDTH_3_OP2,D1,3.407,3.500,-0.093,-0.100,0.100,,PNT_OW_3_OP2 - PNT_IW_3_OP2 / CS_BF_OP2
Distance,WIDTH_4_OP2,D1,3.490,3.500,-0.010,-0.100,0.100,,PNT_OW_4_OP2 - PNT_IW_4_OP2 / CS_BF_OP2
Distance,DEPTH_1_OP2,Z,5.041,5.000,0.041,-0.100,0.100,,PNT_TOP_1_OP2 - PNT_DP_1_OP2 / CS_BF_OP2
Distance,DEPTH_2_OP2,Z,5.071,5.000,0.071,-0.100,0.100,,PNT_TOP_2_OP2 - PNT_DP_2_OP2 / CS_BF_OP2
Distance,DEPTH_3_OP2,Z,5.068,5.000,0.068,-0.250,0.250,,PNT_TOP_3_OP2 - PNT_DP_3_OP2 / CS_BF_OP2
Distance,DEPTH_4_OP2,Z,4.976,5.000,-0.024,-0.100,0.100,,PNT_TOP_4_OP2 - PNT_DP_4_OP2 / CS_BF_OP2
Distance,WIDTH_1_OP3,D1,3.459,3.500,-0.041,-0.100,0.100,,PNT_OW_1_OP3 - PNT_IW_1_OP3 / CS_BF_OP3
Distance,WIDTH_2_OP3,D1,3.472,3.500,-0.028,-0.100,0.100,,PNT_OW_2_OP3 - PNT_IW_2_OP3 / CS_BF_OP3
Distance,WIDTH_3_OP3,D1,3.448,3.500,-0.052,-0.100,0.100,,PNT_OW_3_OP3 - PNT_IW_3_OP3 / CS_BF_OP3
Distance,WIDTH_4_OP3,D1,3.436,3.500,-0.064,-0.100,0.100,,PNT_OW_4_OP3 - PNT_IW_4_OP3 / CS_BF_OP3
Distance,DEPTH_1_OP3,Z,5.011,5.000,0.011,-0.100,0.100,,PNT_TOP_1_OP3 - PNT_DP_1_OP3 / CS_BF_OP3
Distance,DEPTH_2_OP3,Z,5.038,5.000,0.038,-0.250,0.250,,PNT_TOP_2_OP3 - PNT_DP_2_OP3 / CS_BF_OP3
Distance,DEPTH_3_OP3,Z,5.144,5.000,0.144,-0.100,0.100,0.044,PNT_TOP_3_OP3 - PNT_DP_3_OP3 / CS_BF_OP3
Distance,DEPTH_4_OP3,Z,5.236,5.000,0.236,-0.250,0.250,,PNT_TOP_4_OP3 - PNT_DP_4_OP3 / CS_BF_OP3
Distance,WIDTH_1_OP4,D1,3.316,3.500,-0.184,-0.200,0.150,,PNT_OW_1_OP4 - PNT_IW_1_OP4 / CS_BF_OP4
Distance,WIDTH_2_OP4,D1,3.449,3.500,-0.051,-0.100,0.100,,PNT_OW_2_OP4 - PNT_IW_2_OP4 / CS_BF_OP4
Distance,WIDTH_3_OP4,D1,3.302,3.500,-0.198,-0.200,0.150,,PNT_OW_3_OP4 - PNT_IW_3_OP4 / CS_BF_OP4
Distance,WIDTH_4_OP4,D1,3.370,3.500,-0.130,-0.100,0.100,-0.030,PNT_OW_4_OP4 - PNT_IW_4_OP4 / CS_BF_OP4
Distance,DEPTH_1_OP4,Z,4.958,5.000,-0.042,-0.100,0.100,,PNT_TOP_1_OP4 - PNT_DP_1_OP4 / CS_BF_OP4
Distance,DEPTH_2_OP4,Z,4.971,5.000,-0.029,-0.100,0.100,,PNT_TOP_2_OP4 - PNT_DP_2_OP4 / CS_BF_OP4
Distance,DEPTH_3_OP4,Z,5.198,5.000,0.198,-0.250,0.300,,PNT_TOP_3_OP4 - PNT_DP_3_OP4 / CS_BF_OP4
Distance,DEPTH_4_OP4,Z,5.305,5.000,0.305,-0.250,0.300,0.005,PNT_TOP_4_OP4 - PNT_DP_4_OP4 / CS_BF_OP4
Distance,WIDTH_1_OP5,D1,3.453,3.500,-0.047,-0.100,0.100,,PNT_OW_1_OP5 - PNT_IW_1_OP5 / CS_BF_OP5
Distance,WIDTH_2_OP5,D1,3.445,3.500,-0.055,-0.100,0.100,,PNT_OW_2_OP5 - PNT_IW_2_OP5 / CS_BF_OP5
Distance,WIDTH_3_OP5,D1,3.433,3.500,-0.067,-0.100,0.100,,PNT_OW_3_OP5 - PNT_IW_3_OP5 / CS_BF_OP5
Distance,WIDTH_4_OP5,D1,3.383,3.500,-0.117,-0.100,0.100,-0.017,PNT_OW_4_OP5 - PNT_IW_4_OP5 / CS_BF_OP5
Distance,DEPTH_1_OP5,Z,5.064,5.000,0.064,-0.100,0.100,,PNT_TOP_1_OP5 - PNT_DP_1_OP5 / CS_BF_OP5
Distance,DEPTH_2_OP5,Z,5.097,5.000,0.097,-0.100,0.100,,PNT_TOP_2_OP5 - PNT_DP_2_OP5 / CS_BF_OP5
Distance,DEPTH_3_OP5,Z,5.111,5.000,0.111,-0.100,0.100,0.011,PNT_TOP_3_OP5 - PNT_DP_3_OP5 / CS_BF_OP5
Distance,DEPTH_4_OP5,Z,5.029,5.000,0.029,-0.100,0.100,,PNT_TOP_4_OP5 - PNT_DP_4_OP5 / CS_BF_OP5
Distance,WIDTH_1_OP6,D1,3.395,3.500,-0.105,-0.100,0.100,-0.005,PNT_OW_1_OP6 - PNT_IW_1_OP6 / CS_BF_OP6
Distance,WIDTH_2_OP6,D1,3.496,3.500,-0.004,-0.100,0.100,,PNT_OW_2_OP6 - PNT_IW_2_OP6 / CS_BF_OP6
Distance,WIDTH_3_OP6,D1,3.392,3.500,-0.108,-0.100,0.100,-0.008,PNT_OW_3_OP6 - PNT_IW_3_OP6 / CS_BF_OP6
Distance,WIDTH_4_OP6,D1,3.464,3.500,-0.036,-0.100,0.100,,PNT_OW_4_OP6 - PNT_IW_4_OP6 / CS_BF_OP6
Distance,DEPTH_1_OP6,Z,4.954,5.000,-0.046,-0.100,0.100,,PNT_TOP_1_OP6 - PNT_DP_1_OP6 / CS_BF_OP6
Distance,DEPTH_2_OP6,Z,4.813,5.000,-0.187,-0.250,0.250,,PNT_TOP_2_OP6 - PNT_DP_2_OP6 / CS_BF_OP6
Distance,DEPTH_3_OP6,Z,5.183,5.000,0.183,-0.100,0.100,0.083,PNT_TOP_3_OP6 - PNT_DP_3_OP6 / CS_BF_OP6
Distance,DEPTH_4_OP6,Z,5.200,5.000,0.200,-0.100,0.100,0.100,PNT_TOP_4_OP6 - PNT_DP_4_OP6 / CS_BF_OP6
Distance,WIDTH_1_OP7,D1,3.502,3.500,0.002,-0.100,0.100,,PNT_OW_1_OP7 - PNT_IW_1_OP7 / CS_BF_OP7
Distance,WIDTH_2_OP7,D1,3.511,3.500,0.011,-0.100,0.100,,PNT_OW_2_OP7 - PNT_IW_2_OP7 / CS_BF_OP7
Distance,WIDTH_3_OP7,D1,3.471,3.500,-0.029,-0.100,0.100,,PNT_OW_3_OP7 - PNT_IW_3_OP7 / CS_BF_OP7
Distance,WIDTH_4_OP7,D1,3.390,3.500,-0.110,-0.100,0.100,-0.010,PNT_OW_4_OP7 - PNT_IW_4_OP7 / CS_BF_OP7
Distance,DEPTH_1_OP7,Z,4.930,5.000,-0.070,-0.100,0.100,,PNT_TOP_1_OP7 - PNT_DP_1_OP7 / CS_BF_OP7
Distance,DEPTH_2_OP7,Z,5.000,5.000,-0.000,-0.100,0.100,,PNT_TOP_2_OP7 - PNT_DP_2_OP7 / CS_BF_OP7
Distance,DEPTH_3_OP7,Z,5.094,5.000,0.094,-0.250,0.250,,PNT_TOP_3_OP7 - PNT_DP_3_OP7 / CS_BF_OP7
Distance,DEPTH_4_OP7,Z,5.122,5.000,0.122,-0.250,0.250,,PNT_TOP_4_OP7 - PNT_DP_4_OP7 / CS_BF_OP7
Distance,WIDTH_1_OP8,D1,3.419,3.500,-0.081,-0.100,0.100,,PNT_OW_1_OP8 - PNT_IW_1_OP8 / CS_BF_OP8
Distance,WIDTH_2_OP8,D1,3.446,3.500,-0.054,-0.100,0.100,,PNT_OW_2_OP8 - PNT_IW_2_OP8 / CS_BF_OP8
Distance,WIDTH_3_OP8,D1,3.324,3.500,-0.176,-0.150,0.150,-0.026,PNT_OW_3_OP8 - PNT_IW_3_OP8 / CS_BF_OP8
Distance,WIDTH_4_OP8,D1,3.355,3.500,-0.145,-0.150,0.150,,PNT_OW_4_OP8 - PNT_IW_4_OP8 / CS_BF_OP8
Distance,DEPTH_1_OP8,Z,5.007,5.000,0.007,-0.100,0.100,,PNT_TOP_1_OP8 - PNT_DP_1_OP8 / CS_BF_OP8
Distance,DEPTH_2_OP8,Z,5.037,5.000,0.037,-0.100,0.100,,PNT_TOP_2_OP8 - PNT_DP_2_OP8 / CS_BF_OP8
Distance,DEPTH_3_OP8,Z,5.301,5.000,0.301,-0.250,0.250,0.051,PNT_TOP_3_OP8 - PNT_DP_3_OP8 / CS_BF_OP8
Distance,DEPTH_4_OP8,Z,5.282,5.000,0.282,-0.250,0.300,,PNT_TOP_4_OP8 - PNT_DP_4_OP8 / CS_BF_OP8
