Feat. Type,Feat. Name,Value,Actual,Nominal,Dev.,Tol-,Tol+,Out of Tol.,Comment
Text/Value,VAR_PROGRAM,VAL,,,,,,,'N:\Metrolog XG\Programmes\Ford 3,5L GTDI 2017\Ford 3.5L GTDI Complete (Module 44).gm2'
Text/Value,VAR_EVENEMENT,VAL,,,,,,,'demarage'
Text/Value,VAR_COMMENTAIRES,VAL,,,,,,,'298A'
Text/Value,PROFILE_A,VAL,0.140402,0.000000,0.140402,0.000000,0.500000,,
Circle,CIR_B,DIAM,4.688,4.700,-0.012,-0.100,0.100,,Criterion : Least Square (From 3 Pts On PL_BACK_FIXTURE) 
Circle,CIR_B,X,-0.000,0.000,0.000,,,,
Circle,CIR_B,Z,0.000,0.000,0.000,,,,
Circle,CIR_C,DIAM,4.649,4.700,-0.051,-0.100,0.100,,Criterion : Least Square (From 3 Pts On PL_BACK_FIXTURE) 
Circle,CIR_C,X,-0.000,-0.000,0.000,,,,
Circle,CIR_C,Z,-211.833,-212.000,0.167,,,,
Circle,CIR1,X,16.044,15.900,0.144,,,,From 4 Pts On PL_PLAST_1
Circle,CIR1,Z,48.746,48.700,0.046,,,,
Circle,CIR2,X,43.564,43.400,0.164,,,,From 4 Pts On PL_PLAST_2
Circle,CIR2,Z,-52.714,-52.800,0.086,,,,
Circle,CIR3,X,16.027,15.900,0.127,,,,From 4 Pts On PL_PLAST_3
Circle,CIR3,Z,-158.722,-158.800,0.078,,,,
Circle,CIR4,X,43.397,43.400,-0.003,,,,From 4 Pts On PL_PLAST_4
Circle,CIR4,Z,-264.717,-264.800,0.083,,,,
Circle,CIR5,X,221.666,221.700,-0.034,,,,From 4 Pts On PL_PLAST_5
Circle,CIR5,Z,-297.101,-296.800,-0.301,,,,
Circle,CIR6,X,194.807,195.200,-0.393,,,,From 4 Pts On PL_PLAST_6
Circle,CIR6,Z,-195.578,-195.300,-0.278,,,,
Circle,CIR7,X,222.561,222.700,-0.139,,,,From 3 Pts On PL_PLAST_7
Circle,CIR7,Z,-89.591,-89.300,-0.291,,,,
Circle,CIR8,X,194.949,195.200,-0.251,,,,From 4 Pts On PL_PLAST_8
Circle,CIR8,Z,16.357,16.700,-0.343,,,,
Pos. Tol.,POS_B,PTOL,0.000,0.000,0.000,0.000,0.500,,CIR_B/NOMINAL - CS_ABC - C-Zone - XZ - Nominal
Pos. Tol.,POS_C,PTOL,0.333,0.000,0.333,0.000,0.500,,CIR_C/NOMINAL - CS_ABC_BF_PORTS - C-Zone - XZ - Nominal
Pos. Tol.,POS_1,PTOL,0.302,0.000,0.302,0.000,1.500,,CIR1/NOMINAL - CS_ABC_BF_PORTS - C-Zone - XZ - Nominal
Pos. Tol.,POS_2,PTOL,0.371,0.000,0.371,0.000,1.500,,CIR2/NOMINAL - CS_ABC_BF_PORTS - C-Zone - XZ - Nominal
Pos. Tol.,POS_3,PTOL,0.299,0.000,0.299,0.000,1.500,,CIR3/NOMINAL - CS_ABC_BF_PORTS - C-Zone - XZ - Nominal
Pos. Tol.,POS_4,PTOL,0.166,0.000,0.166,0.000,1.500,,CIR4/NOMINAL - CS_ABC_BF_PORTS - C-Zone - XZ - Nominal
Pos. Tol.,POS_5,PTOL,0.606,0.000,0.606,0.000,1.500,,CIR5/NOMINAL - CS_ABC_BF_PORTS - C-Zone - XZ - Nominal
Pos. Tol.,POS_6,PTOL,0.963,0.000,0.963,0.000,1.500,,CIR6/NOMINAL - CS_ABC_BF_PORTS - C-Zone - XZ - Nominal
Pos. Tol.,POS_7,PTOL,0.645,0.000,0.645,0.000,1.500,,CIR7/NOMINAL - CS_ABC_BF_PORTS - C-Zone - XZ - Nominal
Pos. Tol.,POS_8,PTOL,0.851,0.000,0.851,0.000,1.500,,CIR8/NOMINAL - CS_ABC_BF_PORTS - C-Zone - XZ - Nominal
Circle,CIR_11,DIAM,6.774,6.800,-0.026,-0.100,0.100,,Criterion : Least Square (From 8 Pts On PL_PLAST_11) 
Circle,CIR_11,X,-14.115,-14.000,-0.115,,,,
Circle,CIR_11,Y,29.611,30.500,-0.889,,,,
Circle,CIR_11,Z,0.022,-0.000,0.022,,,,
Circle,CIR_12,DIAM,6.761,6.800,-0.039,-0.100,0.100,,Criterion : Least Square (From 8 Pts On PL_PLAST_12) 
Circle,CIR_12,X,-14.213,-14.000,-0.212,,,,
Circle,CIR_12,Y,29.612,30.500,-0.888,,,,
Circle,CIR_12,Z,-105.825,-106.000,0.174,,,,
Circle,CIR_13,DIAM,6.773,6.800,-0.027,-0.100,0.100,,Criterion : Least Square (From 8 Pts On PL_PLAST_13) 
Circle,CIR_13,X,-14.183,-14.000,-0.183,,,,
Circle,CIR_13,Y,29.714,30.500,-0.786,,,,
Circle,CIR_13,Z,-211.900,-212.000,0.099,,,,
Circle,CIR_14,DIAM,6.814,6.800,0.014,-0.100,0.100,,Criterion : Least Square (From 6 Pts On PL_PLAST_14) 
Circle,CIR_14,X,119.142,119.320,-0.178,,,,
Circle,CIR_14,Y,30.696,30.500,0.196,,,,
Circle,CIR_14,Z,-281.036,-281.000,-0.036,,,,
Circle,CIR_15,DIAM,6.768,6.800,-0.032,-0.100,0.100,,Criterion : Least Square (From 8 Pts On PL_PLAST_15) 
Circle,CIR_15,X,252.447,252.640,-0.193,,,,
Circle,CIR_15,Y,29.649,30.500,-0.851,,,,
Circle,CIR_15,Z,-142.748,-142.300,-0.448,,,,
Circle,CIR_16,DIAM,6.748,6.800,-0.052,-0.100,0.100,,Criterion : Least Square (From 8 Pts On PL_PLAST_16) 
Circle,CIR_16,X,252.684,252.640,0.044,,,,
Circle,CIR_16,Y,29.565,30.500,-0.935,,,,
Circle,CIR_16,Z,-36.508,-36.300,-0.208,,,,
Circle,CIR_A,DIAM,73.997,74.000,-0.003,-0.300,0.300,,Criterion : Least Square (From 36 Pts On PL_PLAST_PT.A) 
Circle,CIR_A,X,119.511,119.162,0.349,,,,
Circle,CIR_A,Y,1.598,3.289,-1.691,,,,
Circle,CIR_A,Z,188.235,188.276,-0.041,,,,
Circle,CIR_17,X,79.825,79.320,0.505,,,,Criterion : Least Square (From 6 Pts On PL_INS_17) 
Circle,CIR_17,Y,33.687,35.146,-1.459,,,,
Circle,CIR_17,Z,194.251,193.894,0.357,,,,
Circle,CIR_18,X,159.612,159.320,0.292,,,,Criterion : Least Square (From 6 Pts On PL_INS_18) 
Circle,CIR_18,Y,33.160,35.146,-1.986,,,,
Circle,CIR_18,Z,194.329,193.894,0.435,,,,
Circle,CIR_19,X,159.283,159.320,-0.037,,,,Criterion : Least Square (From 6 Pts On PL_INS_19) 
Circle,CIR_19,Y,-30.668,-28.866,-1.802,,,,
Circle,CIR_19,Z,182.476,182.606,-0.130,,,,
Circle,CIR_20,X,79.402,79.320,0.082,,,,Criterion : Least Square (From 6 Pts On PL_INS_20) 
Circle,CIR_20,Y,-30.181,-28.866,-1.315,,,,
Circle,CIR_20,Z,182.607,182.606,0.001,,,,
Circle,2D_CIR_A,X,-0.000,0.000,0.000,,,,
Circle,2D_CIR_A,Y,-0.000,0.000,0.000,,,,
Circle,2D_CIR_17,X,-39.884,-40.000,0.116,,,,
Circle,2D_CIR_17,Y,32.405,32.500,-0.095,,,,
Circle,2D_CIR_17,F.F.,0.051,,0.051,,,,
Circle,2D_CIR_18,X,39.905,40.000,-0.095,,,,
Circle,2D_CIR_18,Y,32.387,32.500,-0.113,,,,
Circle,2D_CIR_18,F.F.,0.028,,0.028,,,,
Circle,2D_CIR_19,X,39.972,40.000,-0.028,,,,
Circle,2D_CIR_19,Y,-32.533,-32.500,-0.033,,,,
Circle,2D_CIR_19,F.F.,0.026,,0.026,,,,
Circle,2D_CIR_20,X,-39.911,-40.000,0.089,,,,
Circle,2D_CIR_20,Y,-32.518,-32.500,-0.018,,,,
Circle,2D_CIR_20,F.F.,0.025,,0.025,,,,
Circle,CIR_25,DIAM,12.047,12.000,0.047,-0.080,0.080,,Criterion : Least Square (From 24 Pts On PL_PLAST_25) 
Circle,CIR_25,X,124.584,124.320,0.264,,,,
Circle,CIR_25,Y,73.080,74.140,-1.060,,,,
Circle,CIR_25,Z,-238.707,-238.750,0.043,,,,
Circle,CIR_PORT_C,DIAM,9.485,9.490,-0.005,-0.060,0.060,,Inters. PL_PORT_C - CYL_PORT_C.
Circle,CIR_PORT_C,X,204.758,202.700,2.058,,,,
Circle,CIR_PORT_C,Y,46.816,47.600,-0.784,,,,
Circle,CIR_PORT_C,Z,142.054,141.400,0.654,,,,
Circle,CIR_PORT_B,DIAM,15.835,15.800,0.035,-0.100,0.150,,Inters. PL_PORT_B - CYL_PORT_B.
Circle,CIR_PORT_B,X,217.509,217.150,0.359,,,,
Circle,CIR_PORT_B,Y,15.324,15.090,0.234,,,,
Circle,CIR_PORT_B,Z,175.453,176.250,-0.797,,,,
Circle,CIR_PORT_D,DIAM,15.850,15.800,0.050,-0.100,0.150,,Inters. PL_PORT_D - CYL_PORT_D.
Circle,CIR_PORT_D,X,19.521,19.400,0.121,,,,
Circle,CIR_PORT_D,Y,53.335,53.550,-0.215,,,,
Circle,CIR_PORT_D,Z,69.316,69.250,0.066,,,,
Circle,2D_CIR_26,DIAM,5.113,5.200,-0.087,-0.100,0.100,,
Circle,2D_CIR_26,X,-20.150,-20.000,-0.150,,,,
Circle,2D_CIR_26,Z,-0.000,0.000,0.000,,,,
Circle,2D_CIR_26A,DIAM,5.086,5.200,-0.114,-0.100,0.100,-0.014,
Circle,2D_CIR_26A,X,-20.120,-20.000,-0.120,,,,
Circle,2D_CIR_26A,Z,-0.019,0.000,-0.019,,,,
Distance,OP1_WIDTH_1,D1,4.051,4.000,0.051,-0.200,0.200,,OP1_PT1_OW_GAGE - OP1_PT1_IW_GAGE / OP1_CS
Distance,OP1_WIDTH_2,D1,3.848,4.000,-0.152,-0.200,0.200,,OP1_PT2_OW_GAGE - OP1_PT2_IW_GAGE / OP1_CS
Distance,OP1_WIDTH_3,D1,3.701,4.000,-0.299,-0.350,0.200,,OP1_PT3_OW_GAGE - OP1_PT3_IW_GAGE / OP1_CS
Distance,OP1_WIDTH_4,D1,3.720,4.000,-0.280,-0.350,0.200,,OP1_PT4_OW_GAGE - OP1_PT4_IW_GAGE / OP1_CS
Distance,OP1_WIDTH_5,D1,4.021,4.000,0.021,-0.200,0.200,,OP1_PT5_OW_GAGE - OP1_PT5_IW_GAGE / OP1_CS
Distance,OP1_WIDTH_6,D1,4.162,4.000,0.162,-0.200,0.200,,OP1_PT6_OW_GAGE - OP1_PT6_IW_GAGE / OP1_CS
Distance,OP1_WIDTH_7,D1,3.982,4.000,-0.018,-0.200,0.200,,OP1_PT7_OW_GAGE - OP1_PT7_IW_GAGE / OP1_CS
Distance,OP1_WIDTH_8,D1,3.891,4.000,-0.109,-0.200,0.200,,OP1_PT8_OW_GAGE - OP1_PT8_IW_GAGE / OP1_CS
Distance,OP1_WIDTH_9,D1,3.944,4.000,-0.056,-0.200,0.200,,OP1_PT9_OW_GAGE - OP1_PT9_IW_GAGE / OP1_CS
Distance,OP1_WIDTH_10,D1,4.102,4.000,0.102,-0.200,0.200,,OP1_PT10_OW_GAGE - OP1_PT10_IW_GAGE / OP1_CS
Distance,OP1_DEPTH_1,D1,2.784,3.000,-0.216,-0.300,0.250,,OP1_PT1_DEPTH - PL_FIXTURE / OP1_CS
Distance,OP1_DEPTH_2,D1,2.751,3.000,-0.249,-0.350,0.250,,OP1_PT2_DEPTH - PL_FIXTURE / OP1_CS
Distance,OP1_DEPTH_3,D1,2.807,3.000,-0.193,-0.250,0.250,,OP1_PT3_DEPTH - PL_FIXTURE / OP1_CS
Distance,OP1_DEPTH_4,D1,2.837,3.000,-0.163,-0.250,0.250,,OP1_PT4_DEPTH - PL_FIXTURE / OP1_CS
Distance,OP1_DEPTH_5,D1,2.880,3.000,-0.120,-0.250,0.250,,OP1_PT5_DEPTH - PL_FIXTURE / OP1_CS
Distance,OP1_DEPTH_6,D1,2.772,3.000,-0.228,-0.250,0.250,,OP1_PT6_DEPTH - PL_FIXTURE / OP1_CS
Distance,OP1_DEPTH_7,D1,2.713,3.000,-0.287,-0.300,0.250,,OP1_PT7_DEPTH - PL_FIXTURE / OP1_CS
Distance,OP1_DEPTH_8,D1,2.754,3.000,-0.246,-0.300,0.250,,OP1_PT8_DEPTH - PL_FIXTURE / OP1_CS
Distance,OP1_DEPTH_9,D1,2.810,3.000,-0.190,-0.250,0.250,,OP1_PT9_DEPTH - PL_FIXTURE / OP1_CS
Distance,OP1_DEPTH_10,D1,2.887,3.000,-0.113,-0.250,0.250,,OP1_PT10_DEPTH - PL_FIXTURE / OP1_CS
Distance,OP2_WIDTH_1,D1,4.153,4.000,0.153,-0.200,0.200,,OP2_PT1_OW_GAGE - OP2_PT1_IW_GAGE / OP2_CS
Distance,OP2_WIDTH_2,D1,3.984,4.000,-0.016,-0.200,0.200,,OP2_PT2_OW_GAGE - OP2_PT2_IW_GAGE / OP2_CS
Distance,OP2_WIDTH_3,D1,3.717,4.000,-0.283,-0.300,0.200,,OP2_PT3_OW_GAGE - OP2_PT3_IW_GAGE / OP2_CS
Distance,OP2_WIDTH_4,D1,3.758,4.000,-0.242,-0.300,0.200,,OP2_PT4_OW_GAGE - OP2_PT4_IW_GAGE / OP2_CS
Distance,OP2_WIDTH_5,D1,3.962,4.000,-0.038,-0.200,0.200,,OP2_PT5_OW_GAGE - OP2_PT5_IW_GAGE / OP2_CS
Distance,OP2_WIDTH_6,D1,4.124,4.000,0.124,-0.200,0.200,,OP2_PT6_OW_GAGE - OP2_PT6_IW_GAGE / OP2_CS
Distance,OP2_WIDTH_7,D1,4.075,4.000,0.075,-0.200,0.200,,OP2_PT7_OW_GAGE - OP2_PT7_IW_GAGE / OP2_CS
Distance,OP2_WIDTH_8,D1,3.996,4.000,-0.004,-0.200,0.200,,OP2_PT8_OW_GAGE - OP2_PT8_IW_GAGE / OP2_CS
Distance,OP2_WIDTH_9,D1,4.027,4.000,0.027,-0.200,0.200,,OP2_PT9_OW_GAGE - OP2_PT9_IW_GAGE / OP2_CS
Distance,OP2_WIDTH_10,D1,4.122,4.000,0.122,-0.200,0.200,,OP2_PT10_OW_GAGE - OP2_PT10_IW_GAGE / OP2_CS
Distance,OP2_DEPTH_1,D1,2.791,3.000,-0.209,-0.250,0.250,,OP2_PT1_DEPTH - PL_FIXTURE / OP2_CS
Distance,OP2_DEPTH_2,D1,2.915,3.000,-0.085,-0.250,0.250,,OP2_PT2_DEPTH - PL_FIXTURE / OP2_CS
Distance,OP2_DEPTH_3,D1,3.035,3.000,0.035,-0.250,0.250,,OP2_PT3_DEPTH - PL_FIXTURE / OP2_CS
Distance,OP2_DEPTH_4,D1,3.074,3.000,0.074,-0.250,0.250,,OP2_PT4_DEPTH - PL_FIXTURE / OP2_CS
Distance,OP2_DEPTH_5,D1,2.953,3.000,-0.047,-0.250,0.250,,OP2_PT5_DEPTH - PL_FIXTURE / OP2_CS
Distance,OP2_DEPTH_6,D1,2.802,3.000,-0.198,-0.250,0.250,,OP2_PT6_DEPTH - PL_FIXTURE / OP2_CS
Distance,OP2_DEPTH_7,D1,2.793,3.000,-0.207,-0.250,0.250,,OP2_PT7_DEPTH - PL_FIXTURE / OP2_CS
Distance,OP2_DEPTH_8,D1,2.789,3.000,-0.211,-0.250,0.250,,OP2_PT8_DEPTH - PL_FIXTURE / OP2_CS
Distance,OP2_DEPTH_9,D1,2.791,3.000,-0.209,-0.250,0.250,,OP2_PT9_DEPTH - PL_FIXTURE / OP2_CS
Distance,OP2_DEPTH_10,D1,2.815,3.000,-0.185,-0.250,0.250,,OP2_PT10_DEPTH - PL_FIXTURE / OP2_CS
Distance,OP3_WIDTH_1,D1,4.148,4.000,0.148,-0.200,0.200,,OP3_PT1_OW_GAGE - OP3_PT1_IW_GAGE / OP3_CS
Distance,OP3_WIDTH_2,D1,3.971,4.000,-0.029,-0.200,0.200,,OP3_PT2_OW_GAGE - OP3_PT2_IW_GAGE / OP3_CS
Distance,OP3_WIDTH_3,D1,3.685,4.000,-0.315,-0.350,0.200,,OP3_PT3_OW_GAGE - OP3_PT3_IW_GAGE / OP3_CS
Distance,OP3_WIDTH_4,D1,3.711,4.000,-0.289,-0.300,0.200,,OP3_PT4_OW_GAGE - OP3_PT4_IW_GAGE / OP3_CS
Distance,OP3_WIDTH_5,D1,3.962,4.000,-0.038,-0.200,0.200,,OP3_PT5_OW_GAGE - OP3_PT5_IW_GAGE / OP3_CS
Distance,OP3_WIDTH_6,D1,4.019,4.000,0.019,-0.200,0.200,,OP3_PT6_OW_GAGE - OP3_PT6_IW_GAGE / OP3_CS
Distance,OP3_WIDTH_7,D1,3.989,4.000,-0.011,-0.200,0.200,,OP3_PT7_OW_GAGE - OP3_PT7_IW_GAGE / OP3_CS
Distance,OP3_WIDTH_8,D1,3.992,4.000,-0.008,-0.200,0.200,,OP3_PT8_OW_GAGE - OP3_PT8_IW_GAGE / OP3_CS
Distance,OP3_WIDTH_9,D1,3.990,4.000,-0.010,-0.200,0.200,,OP3_PT9_OW_GAGE - OP3_PT9_IW_GAGE / OP3_CS
Distance,OP3_WIDTH_10,D1,4.153,4.000,0.153,-0.200,0.250,,OP3_PT10_OW_GAGE - OP3_PT10_IW_GAGE / OP3_CS
Distance,OP3_DEPTH_1,D1,2.963,3.000,-0.037,-0.250,0.250,,OP3_PT1_DEPTH - PL_FIXTURE / OP3_CS
Distance,OP3_DEPTH_2,D1,3.093,3.000,0.093,-0.250,0.250,,OP3_PT2_DEPTH - PL_FIXTURE / OP3_CS
Distance,OP3_DEPTH_3,D1,3.149,3.000,0.149,-0.250,0.250,,OP3_PT3_DEPTH - PL_FIXTURE / OP3_CS
Distance,OP3_DEPTH_4,D1,3.162,3.000,0.162,-0.250,0.250,,OP3_PT4_DEPTH - PL_FIXTURE / OP3_CS
Distance,OP3_DEPTH_5,D1,3.085,3.000,0.085,-0.250,0.250,,OP3_PT5_DEPTH - PL_FIXTURE / OP3_CS
Distance,OP3_DEPTH_6,D1,3.021,3.000,0.021,-0.250,0.250,,OP3_PT6_DEPTH - PL_FIXTURE / OP3_CS
Distance,OP3_DEPTH_7,D1,2.977,3.000,-0.023,-0.250,0.250,,OP3_PT7_DEPTH - PL_FIXTURE / OP3_CS
Distance,OP3_DEPTH_8,D1,2.925,3.000,-0.075,-0.250,0.250,,OP3_PT8_DEPTH - PL_FIXTURE / OP3_CS
Distance,OP3_DEPTH_9,D1,2.888,3.000,-0.112,-0.250,0.250,,OP3_PT9_DEPTH - PL_FIXTURE / OP3_CS
Distance,OP3_DEPTH_10,D1,2.844,3.000,-0.156,-0.250,0.250,,OP3_PT10_DEPTH - PL_FIXTURE / OP3_CS
Distance,OP4_WIDTH_1,D1,4.175,4.000,0.175,-0.200,0.250,,OP4_PT1_OW_GAGE - OP4_PT1_IW_GAGE / OP4_CS
Distance,OP4_WIDTH_2,D1,4.010,4.000,0.010,-0.200,0.200,,OP4_PT2_OW_GAGE - OP4_PT2_IW_GAGE / OP4_CS
Distance,OP4_WIDTH_3,D1,3.777,4.000,-0.223,-0.300,0.200,,OP4_PT3_OW_GAGE - OP4_PT3_IW_GAGE / OP4_CS
Distance,OP4_WIDTH_4,D1,3.783,4.000,-0.217,-0.300,0.200,,OP4_PT4_OW_GAGE - OP4_PT4_IW_GAGE / OP4_CS
Distance,OP4_WIDTH_5,D1,4.043,4.000,0.043,-0.200,0.200,,OP4_PT5_OW_GAGE - OP4_PT5_IW_GAGE / OP4_CS
Distance,OP4_WIDTH_6,D1,4.178,4.000,0.178,-0.200,0.200,,OP4_PT6_OW_GAGE - OP4_PT6_IW_GAGE / OP4_CS
Distance,OP4_WIDTH_7,D1,4.063,4.000,0.063,-0.200,0.200,,OP4_PT7_OW_GAGE - OP4_PT7_IW_GAGE / OP4_CS
Distance,OP4_WIDTH_8,D1,4.010,4.000,0.010,-0.200,0.200,,OP4_PT8_OW_GAGE - OP4_PT8_IW_GAGE / OP4_CS
Distance,OP4_WIDTH_9,D1,4.040,4.000,0.040,-0.200,0.200,,OP4_PT9_OW_GAGE - OP4_PT9_IW_GAGE / OP4_CS
Distance,OP4_WIDTH_10,D1,4.205,4.000,0.205,-0.200,0.250,,OP4_PT10_OW_GAGE - OP4_PT10_IW_GAGE / OP4_CS
Distance,OP4_DEPTH_1,D1,2.943,3.000,-0.057,-0.250,0.250,,OP4_PT1_DEPTH - PL_FIXTURE / OP4_CS
Distance,OP4_DEPTH_2,D1,2.977,3.000,-0.023,-0.250,0.250,,OP4_PT2_DEPTH - PL_FIXTURE / OP4_CS
Distance,OP4_DEPTH_3,D1,2.996,3.000,-0.004,-0.250,0.250,,OP4_PT3_DEPTH - PL_FIXTURE / OP4_CS
Distance,OP4_DEPTH_4,D1,2.994,3.000,-0.006,-0.250,0.250,,OP4_PT4_DEPTH - PL_FIXTURE / OP4_CS
Distance,OP4_DEPTH_5,D1,2.936,3.000,-0.064,-0.250,0.250,,OP4_PT5_DEPTH - PL_FIXTURE / OP4_CS
Distance,OP4_DEPTH_6,D1,2.799,3.000,-0.201,-0.250,0.250,,OP4_PT6_DEPTH - PL_FIXTURE / OP4_CS
Distance,OP4_DEPTH_7,D1,2.794,3.000,-0.206,-0.250,0.250,,OP4_PT7_DEPTH - PL_FIXTURE / OP4_CS
Distance,OP4_DEPTH_8,D1,2.817,3.000,-0.183,-0.250,0.250,,OP4_PT8_DEPTH - PL_FIXTURE / OP4_CS
Distance,OP4_DEPTH_9,D1,2.852,3.000,-0.148,-0.250,0.250,,OP4_PT9_DEPTH - PL_FIXTURE / OP4_CS
Distance,OP4_DEPTH_10,D1,2.906,3.000,-0.094,-0.250,0.250,,OP4_PT10_DEPTH - PL_FIXTURE / OP4_CS
Distance,OP5_WIDTH_1,D1,4.127,4.000,0.127,-0.200,0.200,,OP5_PT1_OW_GAGE - OP5_PT1_IW_GAGE / OP5_CS
Distance,OP5_WIDTH_2,D1,3.999,4.000,-0.001,-0.200,0.200,,OP5_PT2_OW_GAGE - OP5_PT2_IW_GAGE / OP5_CS
Distance,OP5_WIDTH_3,D1,3.741,4.000,-0.259,-0.300,0.200,,OP5_PT3_OW_GAGE - OP5_PT3_IW_GAGE / OP5_CS
Distance,OP5_WIDTH_4,D1,3.740,4.000,-0.260,-0.300,0.200,,OP5_PT4_OW_GAGE - OP5_PT4_IW_GAGE / OP5_CS
Distance,OP5_WIDTH_5,D1,3.955,4.000,-0.045,-0.200,0.200,,OP5_PT5_OW_GAGE - OP5_PT5_IW_GAGE / OP5_CS
Distance,OP5_WIDTH_6,D1,4.135,4.000,0.135,-0.200,0.200,,OP5_PT6_OW_GAGE - OP5_PT6_IW_GAGE / OP5_CS
Distance,OP5_WIDTH_7,D1,4.151,4.000,0.151,-0.200,0.200,,OP5_PT7_OW_GAGE - OP5_PT7_IW_GAGE / OP5_CS
Distance,OP5_WIDTH_8,D1,4.001,4.000,0.001,-0.200,0.200,,OP5_PT8_OW_GAGE - OP5_PT8_IW_GAGE / OP5_CS
Distance,OP5_WIDTH_9,D1,4.006,4.000,0.006,-0.200,0.200,,OP5_PT9_OW_GAGE - OP5_PT9_IW_GAGE / OP5_CS
Distance,OP5_WIDTH_10,D1,4.071,4.000,0.071,-0.200,0.200,,OP5_PT10_OW_GAGE - OP5_PT10_IW_GAGE / OP5_CS
Distance,OP5_DEPTH_1,D1,2.964,3.000,-0.036,-0.250,0.250,,OP5_PT1_DEPTH - PL_FIXTURE / OP5_CS
Distance,OP5_DEPTH_2,D1,3.039,3.000,0.039,-0.250,0.250,,OP5_PT2_DEPTH - PL_FIXTURE / OP5_CS
Distance,OP5_DEPTH_3,D1,3.071,3.000,0.071,-0.250,0.250,,OP5_PT3_DEPTH - PL_FIXTURE / OP5_CS
Distance,OP5_DEPTH_4,D1,3.074,3.000,0.074,-0.250,0.250,,OP5_PT4_DEPTH - PL_FIXTURE / OP5_CS
Distance,OP5_DEPTH_5,D1,3.031,3.000,0.031,-0.250,0.250,,OP5_PT5_DEPTH - PL_FIXTURE / OP5_CS
Distance,OP5_DEPTH_6,D1,2.966,3.000,-0.034,-0.250,0.250,,OP5_PT6_DEPTH - PL_FIXTURE / OP5_CS
Distance,OP5_DEPTH_7,D1,2.946,3.000,-0.054,-0.250,0.250,,OP5_PT7_DEPTH - PL_FIXTURE / OP5_CS
Distance,OP5_DEPTH_8,D1,2.961,3.000,-0.039,-0.250,0.250,,OP5_PT8_DEPTH - PL_FIXTURE / OP5_CS
Distance,OP5_DEPTH_9,D1,2.979,3.000,-0.021,-0.250,0.250,,OP5_PT9_DEPTH - PL_FIXTURE / OP5_CS
Distance,OP5_DEPTH_10,D1,3.018,3.000,0.018,-0.250,0.250,,OP5_PT10_DEPTH - PL_FIXTURE / OP5_CS
Distance,OP6_WIDTH_1,D1,4.133,4.000,0.133,-0.200,0.200,,OP6_PT1_OW_GAGE - OP6_PT1_IW_GAGE / OP6_CS
Distance,OP6_WIDTH_2,D1,3.981,4.000,-0.019,-0.200,0.200,,OP6_PT2_OW_GAGE - OP6_PT2_IW_GAGE / OP6_CS
Distance,OP6_WIDTH_3,D1,3.797,4.000,-0.203,-0.300,0.200,,OP6_PT3_OW_GAGE - OP6_PT3_IW_GAGE / OP6_CS
Distance,OP6_WIDTH_4,D1,3.818,4.000,-0.182,-0.300,0.200,,OP6_PT4_OW_GAGE - OP6_PT4_IW_GAGE / OP6_CS
Distance,OP6_WIDTH_5,D1,4.034,4.000,0.034,-0.200,0.200,,OP6_PT5_OW_GAGE - OP6_PT5_IW_GAGE / OP6_CS
Distance,OP6_WIDTH_6,D1,4.227,4.000,0.227,-0.200,0.300,,OP6_PT6_OW_GAGE - OP6_PT6_IW_GAGE / OP6_CS
Distance,OP6_WIDTH_7,D1,4.108,4.000,0.108,-0.200,0.200,,OP6_PT7_OW_GAGE - OP6_PT7_IW_GAGE / OP6_CS
Distance,OP6_WIDTH_8,D1,4.013,4.000,0.013,-0.200,0.200,,OP6_PT8_OW_GAGE - OP6_PT8_IW_GAGE / OP6_CS
Distance,OP6_WIDTH_9,D1,3.987,4.000,-0.013,-0.200,0.200,,OP6_PT9_OW_GAGE - OP6_PT9_IW_GAGE / OP6_CS
Distance,OP6_WIDTH_10,D1,4.172,4.000,0.172,-0.200,0.250,,OP6_PT10_OW_GAGE - OP6_PT10_IW_GAGE / OP6_CS
Distance,OP6_DEPTH_1,D1,2.861,3.000,-0.139,-0.250,0.250,,OP6_PT1_DEPTH - PL_FIXTURE / OP6_CS
Distance,OP6_DEPTH_2,D1,2.938,3.000,-0.062,-0.250,0.250,,OP6_PT2_DEPTH - PL_FIXTURE / OP6_CS
Distance,OP6_DEPTH_3,D1,2.936,3.000,-0.064,-0.250,0.250,,OP6_PT3_DEPTH - PL_FIXTURE / OP6_CS
Distance,OP6_DEPTH_4,D1,2.893,3.000,-0.107,-0.250,0.250,,OP6_PT4_DEPTH - PL_FIXTURE / OP6_CS
Distance,OP6_DEPTH_5,D1,2.820,3.000,-0.180,-0.250,0.250,,OP6_PT5_DEPTH - PL_FIXTURE / OP6_CS
Distance,OP6_DEPTH_6,D1,2.768,3.000,-0.232,-0.350,0.250,,OP6_PT6_DEPTH - PL_FIXTURE / OP6_CS
Distance,OP6_DEPTH_7,D1,2.827,3.000,-0.173,-0.250,0.250,,OP6_PT7_DEPTH - PL_FIXTURE / OP6_CS
Distance,OP6_DEPTH_8,D1,2.785,3.000,-0.215,-0.250,0.250,,OP6_PT8_DEPTH - PL_FIXTURE / OP6_CS
Distance,OP6_DEPTH_9,D1,2.767,3.000,-0.233,-0.250,0.250,,OP6_PT9_DEPTH - PL_FIXTURE / OP6_CS
Distance,OP6_DEPTH_10,D1,2.793,3.000,-0.207,-0.250,0.250,,OP6_PT10_DEPTH - PL_FIXTURE / OP6_CS
Profile of Line,PROFILE_OP_1,PRFL,0.223,0.000,0.223,0.000,1.750,,SECT_OP1
Profile of Line,PROFILE_OP_2,PRFL,0.326,0.000,0.326,0.000,1.750,,SECT_OP2
Profile of Line,PROFILE_OP_3,PRFL,0.937,0.000,0.937,0.000,1.750,,SECT_OP3
Profile of Line,PROFILE_OP_4,PRFL,0.834,0.000,0.834,0.000,1.750,,SECT_OP4
Profile of Line,PROFILE_OP_5,PRFL,1.110,0.000,1.110,0.000,1.750,,SECT_OP5
Profile of Line,PROFILE_OP_6,PRFL,1.186,0.000,1.186,0.000,1.750,,SECT_OP6
Pos. Tol.,POS_11,PTOL,0.234,0.000,0.234,0.000,4.000,,CIR_11/NOMINAL - CS_ABC - C-Zone - XZ - Nominal
Pos. Tol.,POS_12,PTOL,0.549,0.000,0.549,0.000,4.000,,CIR_12/NOMINAL - CS_ABC - C-Zone - XZ - Nominal
Pos. Tol.,POS_13,PTOL,0.417,0.000,0.417,0.000,4.000,,CIR_13/NOMINAL - CS_ABC - C-Zone - XZ - Nominal
Pos. Tol.,POS_14,PTOL,0.364,0.000,0.364,0.000,4.000,,CIR_14/NOMINAL - CS_ABC - C-Zone - XZ - Nominal
Pos. Tol.,POS_15,PTOL,0.976,0.000,0.976,0.000,4.000,,CIR_15/NOMINAL - CS_ABC - C-Zone - XZ - Nominal
Pos. Tol.,POS_16,PTOL,0.426,0.000,0.426,0.000,4.000,,CIR_16/NOMINAL - CS_ABC - C-Zone - XZ - Nominal
Flatness,FLATNESS_D,FLTN,0.251,0.000,0.251,0.000,0.500,,PL_DATUM_D
Pos. Tol.,POS_2D_17,PTOL,0.300,0.000,0.300,0.000,0.500,,2D_CIR_17/NOMINAL - CS_DE_BF - C-Zone - XY - Nominal
Pos. Tol.,POS_2D_18,PTOL,0.295,0.000,0.295,0.000,0.500,,2D_CIR_18/NOMINAL - CS_DE_BF - C-Zone - XY - Nominal
Pos. Tol.,POS_2D_19,PTOL,0.087,0.000,0.087,0.000,0.500,,2D_CIR_19/NOMINAL - CS_DE_BF - C-Zone - XY - Nominal
Pos. Tol.,POS_2D_20,PTOL,0.181,0.000,0.181,0.000,0.500,,2D_CIR_20/NOMINAL - CS_DE_BF - C-Zone - XY - Nominal
Pos. Tol.,POS_PORT_B,PTOL,1.661,0.000,1.661,0.000,4.000,,CIR_PORT_B/NOMINAL - CS_ABC - C-Zone - YZ - Nominal
Pos. Tol.,POS_PORT_C,PTOL,2.041,0.000,2.041,0.000,4.000,,CIR_PORT_C/NOMINAL - CS_ABC - C-Zone - YZ - Nominal
Pos. Tol.,POS_PORT_D,PTOL,0.450,0.000,0.450,0.000,4.000,,CIR_PORT_D/NOMINAL - CS_ABC - C-Zone - YZ - Nominal
Pos. Tol.,POS_25,PTOL,0.535,0.000,0.535,0.000,3.000,,CIR_25/NOMINAL - CS_ABC_BF_PORTS - C-Zone - XZ - Nominal
Pos. Tol.,POS_26,PTOL,0.466,0.000,0.466,0.000,3.000,,CIR_26/NOMINAL - CS_ABC_BF_PORTS - C-Zone - XZ - Nominal
Pos. Tol.,POS_26A,PTOL,0.371,0.000,0.371,0.000,3.000,,CIR_26A/NOMINAL - CS_ABC_BF_PORTS - C-Zone - XZ - Nominal
Perpend.,PERP_25,PERP,0.008,0.000,0.008,0.000,0.250,,CONE_25/PL_PLAST_25 - C-Zone - Cloud of Points 
Pos. Tol.,POS_17,PTOL,3.169,0.000,3.169,0.000,5.000,,CIR_17/NOMINAL - CS_ABC - C-Zone - XYZ - Nominal
Pos. Tol.,POS_18,PTOL,4.109,0.000,4.109,0.000,5.000,,CIR_18/NOMINAL - CS_ABC - C-Zone - XYZ - Nominal
Pos. Tol.,POS_19,PTOL,3.614,0.000,3.614,0.000,5.000,,CIR_19/NOMINAL - CS_ABC - C-Zone - XYZ - Nominal
Pos. Tol.,POS_20,PTOL,2.635,0.000,2.635,0.000,5.000,,CIR_20/NOMINAL - CS_ABC - C-Zone - XYZ - Nominal
Distance,H_17,Z,0.398,0.275,0.123,-0.225,0.225,,CIR_17 - PL_PLAST_17 / CS_DE_BF
Distance,H_18,Z,0.436,0.275,0.161,-0.225,0.225,,CIR_18 - PL_PLAST_18 / CS_DE_BF
Distance,H_19,Z,0.420,0.275,0.145,-0.225,0.225,,CIR_19 - PL_PLAST_19 / CS_DE_BF
Distance,H_20,Z,0.335,0.275,0.060,-0.225,0.225,,CIR_20 - PL_PLAST_20 / CS_DE_BF
Distance,WIDTH_TB.1,D1,2.938,3.000,-0.062,-0.200,0.200,,0W2.5_1.1 - IW2.5_1.1 / CS_DE_BF
Distance,WIDTH_TB.2,D1,2.976,3.000,-0.024,-0.200,0.200,,0W2.5_1.2 - IW2.5_1.2 / CS_DE_BF
Distance,WIDTH_TB.3,D1,2.979,3.000,-0.021,-0.200,0.200,,0W2.5_1.3 - IW2.5_1.3 / CS_DE_BF
Distance,WIDTH_TB.4,D1,2.942,3.000,-0.058,-0.200,0.200,,0W2.5_1.4 - IW2.5_1.4 / CS_DE_BF
Distance,WIDTH_TB.5,D1,2.938,3.000,-0.062,-0.200,0.200,,0W2.5_1.5 - IW2.5_1.5 / CS_DE_BF
Distance,WIDTH_TB.6,D1,3.056,3.000,0.056,-0.200,0.200,,0W2.5_1.6 - IW2.5_1.6 / CS_DE_BF
Distance,WIDTH_TB.7,D1,3.031,3.000,0.031,-0.200,0.200,,0W2.5_1.7 - IW2.5_1.7 / CS_DE_BF
Distance,WIDTH_TB.8,D1,2.898,3.000,-0.102,-0.200,0.200,,0W2.5_1.8 - IW2.5_1.8 / CS_DE_BF
Distance,DEPTH_TB.1,D1,5.066,5.000,0.066,-0.250,0.250,,TB_DP.1 - PL_DATUM_D / CS_DE_BF
Distance,DEPTH_TB.2,D1,4.946,5.000,-0.054,-0.300,0.250,,TB_DP.2 - PL_DATUM_D / CS_DE_BF
Distance,DEPTH_TB.3,D1,4.987,5.000,-0.013,-0.250,0.250,,TB_DP.3 - PL_DATUM_D / CS_DE_BF
Distance,DEPTH_TB.4,D1,5.092,5.000,0.092,-0.250,0.250,,TB_DP.4 - PL_DATUM_D / CS_DE_BF
Distance,DEPTH_TB.5,D1,5.057,5.000,0.057,-0.250,0.250,,TB_DP.5 - PL_DATUM_D / CS_DE_BF
Distance,DEPTH_TB.6,D1,4.727,5.000,-0.273,-0.450,0.250,,TB_DP.6 - PL_DATUM_D / CS_DE_BF
Distance,DEPTH_TB.7,D1,4.823,5.000,-0.177,-0.350,0.250,,TB_DP.7 - PL_DATUM_D / CS_DE_BF
Distance,DEPTH_TB.8,D1,5.128,5.000,0.128,-0.250,0.250,,TB_DP.8 - PL_DATUM_D / CS_DE_BF
