Feat. Type,Feat. Name,Value,Actual,Nominal,Dev.,Tol-,Tol+,Out of Tol.,Comment
Text/Value,VAR_PROGRAM,VAL,,,,,,,'N:\Metrolog XG\Programmes\D-33 RWD\D33 RWD Complete (Module 44).gm2'
Text/Value,VAR_EVENEMENT,VAL,,,,,,,'Validation special Piece # 30'
Text/Value,VAR_COMMENTAIRES,VAL,,,,,,,'274 C'
Circle,CIR_DATUM_B,DIAM,7.839,7.900,-0.061,-0.100,0.100,,Criterion : Least Square (From 3 Pts On PL_FIXTURE) 
Circle,CIR_DATUM_C,DIAM,7.884,7.900,-0.016,-0.100,0.100,,Criterion : Least Square (From 3 Pts On PL_FIXTURE) 
Circle,CIR_DATUM_C,X,4.402,4.400,0.002,,,,
Circle,CIR_DATUM_C,Z,-351.783,-351.650,-0.133,,,,
Pos. Tol.,POS_C,PTOL,0.265,0.000,0.265,0.000,0.461,,CIR_DATUM_C/NOMINAL - CS_ABC - C-Zone - XZ - Nominal
Circle,CIR_8,DIAM,74.114,74.350,-0.236,-0.300,0.300,,Criterion : Least Square (From 14 Pts On PL_PLAST_TB) 
Circle,CIR_8,X,-79.842,-80.600,0.758,,,,
Circle,CIR_8,Y,91.806,92.200,-0.394,,,,
Circle,CIR_8,Z,81.691,82.900,-1.209,,,,
Pos. Tol.,POS_8,PTOL,2.543,0.000,2.543,0.064,4.226,,CIR_8(M)/NOMINAL - CS_ABC - C-Zone - YZ - Nominal
Circle,2D_CIR_16,Y,-32.406,-32.500,0.094,,,,
Circle,2D_CIR_16,Z,-40.069,-40.000,-0.069,,,,
Circle,2D_CIR_17,Y,-32.278,-32.500,0.222,,,,
Circle,2D_CIR_17,Z,39.930,40.000,-0.070,,,,
Circle,2D_CIR_18,Y,32.430,32.500,-0.070,,,,
Circle,2D_CIR_18,Z,40.110,40.000,0.110,,,,
Circle,2D_CIR_19,Y,32.360,32.500,-0.140,,,,
Circle,2D_CIR_19,Z,-40.005,-40.000,-0.005,,,,
Pos. Tol.,POS_2D_16,PTOL,0.234,0.000,0.234,0.000,0.500,,2D_CIR_16/NOMINAL - CS_DE - C-Zone - YZ - Nominal
Pos. Tol.,POS_2D_17,PTOL,0.466,0.000,0.466,0.000,0.500,,2D_CIR_17/NOMINAL - CS_DE - C-Zone - YZ - Nominal
Pos. Tol.,POS_2D_18,PTOL,0.260,0.000,0.260,0.000,0.700,,2D_CIR_18/NOMINAL - CS_DE - C-Zone - YZ - Nominal
Pos. Tol.,POS_2D_19,PTOL,0.280,0.000,0.280,0.000,0.700,,2D_CIR_19/NOMINAL - CS_DE - C-Zone - YZ - Nominal
Distance,INSERT HEIGHT 16,X,0.232,0.000,0.232,,,,CIR_16 - PL_PLAST_16 / CS_DE
Distance,INSERT HEIGHT 17,X,0.216,0.000,0.216,,,,CIR_17 - PL_PLAST_17 / CS_DE
Distance,INSERT HEIGHT 18,X,0.248,0.000,0.248,,,,CIR_18 - PL_PLAST_18 / CS_DE
Distance,INSERT HEIGHT 19,X,0.281,0.000,0.281,,,,CIR_19 - PL_PLAST_19 / CS_DE
Flatness,FLAT_D,FLTN,0.243,0.000,0.243,0.000,1.000,,PL_D
Circle,2D_CIR_20,X,-0.148,0.000,-0.148,,,,
Circle,2D_CIR_20,Z,-0.004,0.000,-0.004,,,,
Circle,2D_CIR_21,X,-0.148,0.000,-0.148,,,,
Circle,2D_CIR_21,Z,0.004,0.000,0.004,,,,
Pos. Tol.,POS_2D_20,PTOL,0.346,0.000,0.346,0.000,0.550,,2D_CIR_20/NOMINAL - CS_HJ - C-Zone - XY - Nominal
Pos. Tol.,POS_2D_21,PTOL,0.298,0.000,0.298,0.000,0.550,,2D_CIR_21/NOMINAL - CS_HJ - C-Zone - XY - Nominal
Distance,H_20,Z,0.281,0.000,0.281,0.000,0.500,,2D_CIR_20 - PL_PLAST_20 / CS_HJ
Distance,H_21,Z,0.212,0.000,0.212,0.000,0.500,,2D_CIR_21 - PL_PLAST_21 / CS_HJ
Circle,CIR_15,X,-107.944,-109.800,1.856,,,,Criterion : Least Square (From 6 Pts On PL_INS_15) 
Circle,CIR_15,Y,24.724,24.200,0.524,,,,
Distance,PROF_15,Z,131.241,130.800,0.441,-1.500,1.500,,CIR_15 - ORIGIN / CS_ABC
Pos. Tol.,POS_15,PTOL,3.858,0.000,3.858,0.000,5.000,,CIR_15/NOMINAL - CS_ABC - C-Zone - XY - Nominal
Distance,H_15,Z,0.221,0.000,0.221,0.000,0.500,,CIR_15 - PL_PLAST_15 / CS_ABC
Pos. Tol.,POS_42,PTOL,3.785,0.000,3.785,0.199,6.361,,CIR_42(M)/NOMINAL - CS_ABC - C-Zone - XYZ - Nominal
Pos. Tol.,POS_20,PTOL,3.374,0.000,3.374,0.000,6.161,,CIR_20/NOMINAL - CS_ABC - C-Zone - XYZ - Nominal
Pos. Tol.,POS_21,PTOL,3.791,0.000,3.791,0.000,6.161,,CIR_21/NOMINAL - CS_ABC - C-Zone - XYZ - Nominal
Circle,CIR_42,DIAM,36.709,36.660,0.049,-0.150,0.150,,Criterion : Least Square (From 20 Pts On PL_PLAST_42) 
Circle,CIR_42,X,-209.075,-210.550,1.475,,,,
Circle,CIR_42,Y,94.825,96.000,-1.175,,,,
Circle,CIR_42,Z,111.585,111.420,0.165,,,,
Circle,CIR_20,X,-231.431,-232.370,0.939,,,,Criterion : Least Square (From 6 Pts On PL_INS_20) 
Circle,CIR_20,Y,105.516,106.800,-1.284,,,,
Circle,CIR_20,Z,91.991,91.430,0.561,,,,
Circle,CIR_21,X,-186.998,-188.730,1.732,,,,Criterion : Least Square (From 6 Pts On PL_INS_21) 
Circle,CIR_21,Y,84.439,85.200,-0.761,,,,
Circle,CIR_21,Z,131.535,131.420,0.115,,,,
Distance,DEPTH_16,D1,17.906,17.800,0.106,0.000,8.000,,PNT_DEPTH_16 - PL_INS_16 / CS_DE
Distance,DEPTH_17,D1,17.985,17.800,0.185,0.000,8.000,,PNT_DEPTH_17 - PL_INS_17 / CS_DE
Distance,DEPTH_18,D1,21.656,17.800,3.856,0.000,8.000,,PNT_DEPTH_18 - PL_INS_18 / CS_DE
Distance,DEPTH_19,D1,23.097,17.800,5.297,0.000,8.000,,PNT_DEPTH_19 - PL_INS_19 / CS_DE
Circle,CIR_16,X,-77.135,-77.073,-0.062,,,,Criterion : Least Square (From 6 Pts On PL_INS_16) 
Circle,CIR_16,Y,59.565,59.880,-0.315,,,,
Circle,CIR_16,Z,41.577,42.924,-1.347,,,,
Circle,CIR_17,X,-75.430,-77.073,1.643,,,,Criterion : Least Square (From 6 Pts On PL_INS_17) 
Circle,CIR_17,Y,59.747,59.880,-0.133,,,,
Circle,CIR_17,Z,121.558,122.924,-1.366,,,,
Circle,CIR_18,X,-81.542,-82.732,1.191,,,,Criterion : Least Square (From 6 Pts On PL_INS_18) 
Circle,CIR_18,Y,124.166,124.633,-0.467,,,,
Circle,CIR_18,Z,121.824,122.924,-1.100,,,,
Circle,CIR_19,X,-83.124,-82.732,-0.392,,,,Criterion : Least Square (From 6 Pts On PL_INS_19) 
Circle,CIR_19,Y,124.053,124.633,-0.580,,,,
Circle,CIR_19,Z,41.726,42.924,-1.198,,,,
Pos. Tol.,POS_16,PTOL,2.766,0.000,2.766,0.000,4.161,,CIR_16/NOMINAL - CS_ABC - C-Zone - YZ - Nominal
Pos. Tol.,POS_17,PTOL,2.744,0.000,2.744,0.000,4.161,,CIR_17/NOMINAL - CS_ABC - C-Zone - YZ - Nominal
Pos. Tol.,POS_18,PTOL,2.389,0.000,2.389,0.000,4.161,,CIR_18/NOMINAL - CS_ABC - C-Zone - YZ - Nominal
Pos. Tol.,POS_19,PTOL,2.662,0.000,2.662,0.000,4.161,,CIR_19/NOMINAL - CS_ABC - C-Zone - YZ - Nominal
Profile of Line,PROF_OP1,PRFL,1.779,0.000,1.779,0.000,2.161,,SCT_OP1
Profile of Line,PROF_OP2,PRFL,0.540,0.000,0.540,0.000,2.161,,SCT_OP2
Profile of Line,PROF_OP3,PRFL,0.644,0.000,0.644,0.000,2.161,,SCT_OP3
Profile of Line,PROF_OP4,PRFL,0.222,0.000,0.222,0.000,2.161,,SCT_OP4
Profile of Line,PROF_OP5,PRFL,1.053,0.000,1.053,0.000,2.161,,SCT_OP5
Profile of Line,PROF_OP6,PRFL,0.743,0.000,0.743,0.000,2.161,,SCT_OP6
Pos. Tol.,POS_B,PTOL,0.000,0.000,0.000,0.000,0.300,,CIR_DATUM_B/NOMINAL - CS_ABC - C-Zone - XZ - Nominal
Pos. Tol.,POS_1,PTOL,0.209,0.000,0.209,0.000,1.161,,CIR1/NOMINAL - CS_ABC - C-Zone - XZ - Nominal
Pos. Tol.,POS_2,PTOL,0.652,0.000,0.652,0.000,1.161,,CIR2/NOMINAL - CS_ABC - C-Zone - XZ - Nominal
Pos. Tol.,POS_3,PTOL,0.298,0.000,0.298,0.000,1.161,,CIR3/NOMINAL - CS_ABC - C-Zone - XZ - Nominal
Pos. Tol.,POS_4,PTOL,0.214,0.000,0.214,0.000,1.161,,CIR4/NOMINAL - CS_ABC - C-Zone - XZ - Nominal
Pos. Tol.,POS_5,PTOL,0.234,0.000,0.234,0.000,1.161,,CIR5/NOMINAL - CS_ABC - C-Zone - XZ - Nominal
Pos. Tol.,POS_6,PTOL,0.693,0.000,0.693,0.000,1.161,,CIR6/NOMINAL - CS_ABC - C-Zone - XZ - Nominal
Pos. Tol.,POS_31,PTOL,0.427,0.000,0.427,0.000,1.161,,CIR31/NOMINAL - CS_ABC - C-Zone - XZ - Nominal
Pos. Tol.,POS_32,PTOL,0.816,0.000,0.816,0.000,1.161,,CIR32/NOMINAL - CS_ABC - C-Zone - XZ - Nominal
Profile of Line,PROF_2D_OW_TB_GROOVE,PRFL,0.392,0.000,0.392,0.000,1.000,,SECT_2D_OW_TB
Profile of Line,PROF_IW_OP1,PRFL,1.288,0.000,1.288,0.000,1.500,,SECT_IW_OP1
Profile of Line,PROF_IW_OP2,PRFL,0.372,0.000,0.372,0.000,1.500,,SECT_IW_OP2
Profile of Line,PROF_IW_OP3,PRFL,0.359,0.000,0.359,0.000,1.500,,SECT_IW_OP3
Profile of Line,PROF_IW_OP4,PRFL,0.279,0.000,0.279,0.000,1.500,,SECT_IW_OP4
Profile of Line,PROF_IW_OP5,PRFL,1.035,0.000,1.035,0.000,1.500,,SECT_IW_OP5
Profile of Line,PROF_IW_OP6,PRFL,0.959,0.000,0.959,0.000,1.500,,SECT_IW_OP6
Pos. Tol.,POS_10,PTOL,1.551,0.000,1.551,0.000,4.161,,CIR_10/NOMINAL - CS_ABC - C-Zone - XZ - Nominal
Pos. Tol.,POS_11,PTOL,3.532,0.000,3.532,0.000,4.161,,CIR_11/NOMINAL - CS_ABC - C-Zone - XZ - Nominal
Pos. Tol.,POS_12,PTOL,4.158,0.000,4.158,0.000,5.161,,CIR_12/NOMINAL - CS_ABC - C-Zone - XZ - Nominal
Pos. Tol.,POS_13,PTOL,3.831,0.000,3.831,0.000,5.161,,CIR_13/NOMINAL - CS_ABC - C-Zone - XZ - Nominal
Pos. Tol.,POS_14,PTOL,2.309,0.000,2.309,0.000,4.161,,CIR_14/NOMINAL - CS_ABC - C-Zone - XZ - Nominal
Pos. Tol.,POS_22,PTOL,3.302,0.000,3.302,0.000,6.161,,SLOT_22/NOMINAL - CS_ABC - C-Zone - XY - Nominal
Pos. Tol.,POS_9,PTOL,4.158,0.000,4.158,0.000,7.161,,CIR_9/NOMINAL - CS_ABC - C-Zone - XYZ - Nominal
Pos. Tol.,POS_25,PTOL,4.584,0.000,4.584,0.000,7.161,,CIR_25/NOMINAL - CS_ABC - C-Zone - XY - Nominal
Pos. Tol.,POS_26,PTOL,4.290,0.000,4.290,0.000,6.161,,CIR_26/NOMINAL - CS_ABC - C-Zone - XY - Nominal
Distance,HEIGHT_B,D1,6.260,6.450,-0.190,-0.100,0.100,-0.090,PNT_TOP_B - PL_FIXTURE / CS_ABC
Distance,HEIGHT_C,D1,6.314,6.450,-0.136,-0.100,0.100,-0.036,PNT_TOP_C - PL_FIXTURE / CS_ABC
Circle,CIR2,X,-16.813,-16.500,-0.313,,,,From 4 Pts On PL_FIXTURE
Circle,CIR2,Z,-351.510,-351.600,0.091,,,,
Circle,CIR1,X,54.502,54.400,0.102,,,,From 4 Pts On PL_FIXTURE
Circle,CIR1,Z,-346.624,-346.600,-0.024,,,,
Circle,CIR6,X,54.054,54.400,-0.346,,,,From 4 Pts On PL_FIXTURE
Circle,CIR6,Z,-240.618,-240.600,-0.017,,,,
Circle,CIR5,X,54.318,54.400,-0.082,,,,From 4 Pts On PL_FIXTURE
Circle,CIR5,Z,-134.684,-134.600,-0.083,,,,
Circle,CIR4,X,54.352,54.400,-0.048,,,,From 4 Pts On PL_FIXTURE
Circle,CIR4,Z,-27.196,-27.100,-0.095,,,,
Circle,CIR3,X,-16.620,-16.500,-0.120,,,,From 4 Pts On PL_FIXTURE
Circle,CIR3,Z,-1.011,-1.100,0.089,,,,
Circle,CIR32,X,-30.608,-30.200,-0.408,,,,From 4 Pts On PL_FIXTURE
Circle,CIR32,Z,-124.319,-124.300,-0.019,,,,
Circle,CIR31,X,-30.404,-30.200,-0.204,,,,From 4 Pts On PL_FIXTURE
Circle,CIR31,Z,-230.363,-230.300,-0.063,,,,
Distance,DEPTH_TB1,D1,4.991,5.000,-0.009,-0.250,0.250,,TB_BOT_1.1 - PL_D / CS_DE
Distance,DEPTH_TB2,D1,4.873,5.000,-0.127,-0.250,0.250,,TB_BOT_1.2 - PL_D / CS_DE
Distance,DEPTH_TB3,D1,4.918,5.000,-0.082,-0.250,0.250,,TB_BOT_1.3 - PL_D / CS_DE
Distance,DEPTH_TB4,D1,4.877,5.000,-0.123,-0.250,0.250,,TB_BOT_1.4 - PL_D / CS_DE
Distance,DEPTH_TB5,D1,5.054,5.000,0.054,-0.250,0.250,,TB_BOT_1.5 - PL_D / CS_DE
Distance,DEPTH_TB6,D1,4.925,5.000,-0.075,-0.250,0.250,,TB_BOT_1.6 - PL_D / CS_DE
Distance,DEPTH_TB7,D1,4.947,5.000,-0.053,-0.250,0.250,,TB_BOT_1.7 - PL_D / CS_DE
Distance,DEPTH_TB8,D1,4.947,5.000,-0.053,-0.250,0.250,,TB_BOT_1.8 - PL_D / CS_DE
Distance,PROF_RECESS_SURFACE_TB,D1,0.791,0.650,0.141,0.000,0.750,,PL_PLAST_RECESS_TB - PL_D / CS_DE
Distance,OP1_DEPTH_1,D1,6.135,6.000,0.135,-0.250,0.250,,OP1_PT1_DEPTH - PL_FIXTURE / OP1CS
Distance,OP1_DEPTH_2,D1,5.854,6.000,-0.146,-0.250,0.250,,OP1_PT2_DEPTH - PL_FIXTURE / OP1CS
Distance,OP1_DEPTH_3,D1,5.982,6.000,-0.018,-0.250,0.250,,OP1_PT3_DEPTH - PL_FIXTURE / OP1CS
Distance,OP1_DEPTH_4,D1,6.040,6.000,0.040,-0.250,0.250,,OP1_PT4_DEPTH - PL_FIXTURE / OP1CS
Distance,OP1_DEPTH_5,D1,6.008,6.000,0.008,-0.250,0.250,,OP1_PT5_DEPTH - PL_FIXTURE / OP1CS
Distance,OP1_DEPTH_6,D1,6.072,6.000,0.072,-0.250,0.250,,OP1_PT6_DEPTH - PL_FIXTURE / OP1CS
Distance,OP1_DEPTH_7,D1,6.209,6.000,0.209,-0.250,0.250,,OP1_PT7_DEPTH - PL_FIXTURE / OP1CS
Distance,OP2_DEPTH_1,D1,6.068,6.000,0.068,-0.250,0.250,,OP2_PT1_DEPTH - PL_FIXTURE / OP2CS
Distance,OP2_DEPTH_2,D1,6.031,6.000,0.031,-0.250,0.250,,OP2_PT2_DEPTH - PL_FIXTURE / OP2CS
Distance,OP2_DEPTH_3,D1,6.027,6.000,0.027,-0.250,0.250,,OP2_PT3_DEPTH - PL_FIXTURE / OP2CS
Distance,OP2_DEPTH_4,D1,6.042,6.000,0.042,-0.250,0.250,,OP2_PT4_DEPTH - PL_FIXTURE / OP2CS
Distance,OP2_DEPTH_5,D1,5.886,6.000,-0.114,-0.250,0.250,,OP2_PT5_DEPTH - PL_FIXTURE / OP2CS
Distance,OP2_DEPTH_6,D1,6.109,6.000,0.109,-0.250,0.250,,OP2_PT6_DEPTH - PL_FIXTURE / OP2CS
Distance,OP2_DEPTH_7,D1,6.163,6.000,0.163,-0.250,0.250,,OP2_PT7_DEPTH - PL_FIXTURE / OP2CS
Distance,OP3_DEPTH_3,D1,6.027,6.000,0.027,-0.250,0.250,,OP3_PT3_DEPTH - PL_FIXTURE / OP3CS
Distance,OP3_DEPTH_4,D1,6.072,6.000,0.072,-0.250,0.250,,OP3_PT4_DEPTH - PL_FIXTURE / OP3CS
Distance,OP3_DEPTH_5,D1,5.920,6.000,-0.080,-0.250,0.250,,OP3_PT5_DEPTH - PL_FIXTURE / OP3CS
Distance,OP3_DEPTH_6,D1,5.930,6.000,-0.070,-0.250,0.250,,OP3_PT6_DEPTH - PL_FIXTURE / OP3CS
Distance,OP4_DEPTH_1,D1,6.043,6.000,0.043,-0.250,0.250,,OP4_PT1_DEPTH - PL_FIXTURE / OP4CS
Distance,OP4_DEPTH_2,D1,6.094,6.000,0.094,-0.250,0.250,,OP4_PT2_DEPTH - PL_FIXTURE / OP4CS
Distance,OP4_DEPTH_3,D1,6.039,6.000,0.039,-0.250,0.250,,OP4_PT3_DEPTH - PL_FIXTURE / OP4CS
Distance,OP4_DEPTH_4,D1,6.036,6.000,0.036,-0.250,0.250,,OP4_PT4_DEPTH - PL_FIXTURE / OP4CS
Distance,OP4_DEPTH_5,D1,5.892,6.000,-0.108,-0.250,0.250,,OP4_PT5_DEPTH - PL_FIXTURE / OP4CS
Distance,OP4_DEPTH_6,D1,6.034,6.000,0.034,-0.250,0.250,,OP4_PT6_DEPTH - PL_FIXTURE / OP4CS
Distance,OP4_DEPTH_7,D1,6.129,6.000,0.129,-0.250,0.250,,OP4_PT7_DEPTH - PL_FIXTURE / OP4CS
Distance,OP5_DEPTH_3,D1,6.058,6.000,0.058,-0.250,0.250,,OP5_PT3_DEPTH - PL_FIXTURE / OP5CS
Distance,OP5_DEPTH_4,D1,6.178,6.000,0.178,-0.250,0.250,,OP5_PT4_DEPTH - PL_FIXTURE / OP5CS
Distance,OP5_DEPTH_5,D1,5.844,6.000,-0.156,-0.250,0.250,,OP5_PT5_DEPTH - PL_FIXTURE / OP5CS
Distance,OP5_DEPTH_6,D1,6.007,6.000,0.007,-0.250,0.250,,OP5_PT6_DEPTH - PL_FIXTURE / OP5CS
Distance,OP5_DEPTH_7,D1,6.009,6.000,0.009,-0.250,0.250,,OP5_PT7_DEPTH - PL_FIXTURE / OP5CS
Distance,OP6_DEPTH_1,D1,6.054,6.000,0.054,-0.250,0.250,,OP6_PT1_DEPTH - PL_FIXTURE / OP6CS
Distance,OP6_DEPTH_2,D1,6.114,6.000,0.114,-0.250,0.250,,OP6_PT2_DEPTH - PL_FIXTURE / OP6CS
Distance,OP6_DEPTH_3,D1,6.061,6.000,0.061,-0.250,0.250,,OP6_PT3_DEPTH - PL_FIXTURE / OP6CS
Distance,OP6_DEPTH_4,D1,6.143,6.000,0.143,-0.250,0.250,,OP6_PT4_DEPTH - PL_FIXTURE / OP6CS
Distance,OP6_DEPTH_5,D1,6.162,6.000,0.162,-0.250,0.250,,OP6_PT5_DEPTH - PL_FIXTURE / OP6CS
Distance,OP6_DEPTH_6,D1,6.205,6.000,0.205,-0.250,0.250,,OP6_PT6_DEPTH - PL_FIXTURE / OP6CS
Distance,OP6_DEPTH_7,D1,6.189,6.000,0.189,-0.250,0.250,,OP6_PT7_DEPTH - PL_FIXTURE / OP6CS
Circle,CIR_25,X,-118.008,-120.300,2.292,,,,Inters. PL_PLAST_25 - CYL_25.
Circle,CIR_25,Y,87.404,87.400,0.004,,,,
Circle,CIR_25,Z,178.505,179.200,-0.695,,,,
Circle,CIR_26,X,-156.566,-158.500,1.934,,,,Inters. PL_PLAST_26 - CYL_26.
Circle,CIR_26,Y,121.171,122.100,-0.929,,,,
Circle,CIR_26,Z,160.276,160.700,-0.424,,,,
Circle,CIR_9,X,-269.827,-270.700,0.873,,,,Inters. PL_PLAST_9 - CYL_9.
Circle,CIR_9,Y,87.845,89.700,-1.855,,,,
Circle,CIR_9,Z,88.644,88.300,0.344,,,,
Circle,CIR_11,DIAM,8.023,8.000,0.023,-0.200,0.200,,Criterion : Least Square (From 8 Pts On PL_PLAST_11) 
Circle,CIR_11,X,-269.462,-270.600,1.138,,,,
Circle,CIR_11,Y,61.070,62.700,-1.630,,,,
Circle,CIR_11,Z,52.751,51.400,1.351,,,,
Circle,CIR_12,DIAM,8.025,8.000,0.025,-0.200,0.200,,Criterion : Least Square (From 8 Pts On PL_PLAST_12) 
Circle,CIR_12,X,-291.428,-290.600,-0.828,,,,
Circle,CIR_12,Y,59.410,62.700,-3.290,,,,
Circle,CIR_12,Z,-146.693,-148.600,1.907,,,,
Circle,CIR_13,DIAM,6.871,6.800,0.071,-0.200,0.200,,Criterion : Least Square (From 8 Pts On PL_PLAST_13) 
Circle,CIR_13,X,-175.971,-174.700,-1.271,,,,
Circle,CIR_13,Y,84.747,86.600,-1.853,,,,
Circle,CIR_13,Z,-372.167,-373.600,1.433,,,,
Circle,CIR_14,DIAM,6.932,6.800,0.132,-0.200,0.200,,Criterion : Least Square (From 8 Pts On PL_PLAST_14) 
Circle,CIR_14,X,13.517,14.500,-0.983,,,,
Circle,CIR_14,Y,35.647,36.000,-0.353,,,,
Circle,CIR_14,Z,-374.994,-375.600,0.606,,,,
Circle,CIR_10,DIAM,6.929,6.800,0.129,-0.200,0.200,,Criterion : Least Square (From 8 Pts On PL_PLAST_10) 
Circle,CIR_10,X,-50.573,-50.100,-0.473,,,,
Circle,CIR_10,Y,127.620,127.700,-0.080,,,,
Circle,CIR_10,Z,-9.214,-8.600,-0.614,,,,
Slot,SLOT_22,LEN,12.621,12.500,0.121,-0.200,0.200,,Criterion : Least Square (From 12 Pts On PL_PLAST_22) 
Slot,SLOT_22,WID,6.593,6.500,0.093,-0.200,0.200,,
Slot,SLOT_22,X,-131.247,-132.730,1.483,,,,
Slot,SLOT_22,Y,104.374,105.100,-0.726,,,,
Slot,SLOT_22,Z,128.117,128.800,-0.683,,,,
Distance,DEPTH_15,D1,22.161,22.000,0.161,0.000,8.000,,PNT_DEPTH_15 - PL_INS_15 / CS_SRF_TEMP_15.2
