Feat. Type,Feat. Name,Value,Actual,Nominal,Dev.,Tol-,Tol+,Out of Tol.,Comment
Text/Value,VAR_PROGRAM,VAL,,,,,,,'N:\Metrolog XG\Programmes\V10 6.8L Triton\V10 6.8L Triton Complete Module 51.gm2'
Text/Value,VAR_EVENEMENT,VAL,,,,,,,'FIP 10075'
Text/Value,VAR_COMMENTAIRES,VAL,,,,,,,'217 C'
Circle,CIR_1,DIAM,8.019,8.000,0.019,-0.100,0.100,,Criterion : Least Square (From 6 Pts On PL_FIXTURE) 
Circle,CIR_1,X,0.330,0.000,0.330,,,,
Circle,CIR_1,Y,-0.103,0.000,-0.103,,,,
Circle,CIR_2,DIAM,8.061,8.000,0.061,-0.100,0.100,,Criterion : Least Square (From 6 Pts On PL_FIXTURE) 
Circle,CIR_2,X,-27.919,-28.000,0.081,,,,
Circle,CIR_2,Y,-100.008,-100.000,-0.008,,,,
Circle,CIR_3,DIAM,8.051,8.000,0.051,-0.100,0.100,,Criterion : Least Square (From 6 Pts On PL_FIXTURE) 
Circle,CIR_3,X,0.133,0.000,0.133,,,,
Circle,CIR_3,Y,-200.048,-200.000,-0.048,,,,
Circle,CIR_4,DIAM,7.971,8.000,-0.029,-0.100,0.100,,Criterion : Least Square (From 6 Pts On PL_FIXTURE) 
Circle,CIR_4,X,-27.901,-28.000,0.099,,,,
Circle,CIR_4,Y,-300.041,-300.000,-0.041,,,,
Circle,CIR_5,DIAM,8.021,8.000,0.021,-0.100,0.100,,Criterion : Least Square (From 6 Pts On PL_FIXTURE) 
Circle,CIR_5,X,0.198,0.000,0.198,,,,
Circle,CIR_5,Y,-400.035,-400.000,-0.035,,,,
Circle,CIR_6,DIAM,8.025,8.000,0.025,-0.100,0.100,,Criterion : Least Square (From 6 Pts On PL_FIXTURE) 
Circle,CIR_6,X,-25.699,-26.000,0.301,,,,
Circle,CIR_6,Y,-498.600,-498.400,-0.200,,,,
Circle,CIR_7,DIAM,8.051,8.000,0.051,-0.100,0.100,,Criterion : Least Square (From 6 Pts On PL_FIXTURE) 
Circle,CIR_7,X,-362.874,-362.900,0.026,,,,
Circle,CIR_7,Y,-525.195,-525.100,-0.095,,,,
Circle,CIR_8,DIAM,7.996,8.000,-0.004,-0.100,0.100,,Criterion : Least Square (From 6 Pts On PL_FIXTURE) 
Circle,CIR_8,X,-390.800,-390.565,-0.235,,,,
Circle,CIR_8,Y,-423.821,-424.000,0.179,,,,
Circle,CIR_9,DIAM,8.035,8.000,0.035,-0.100,0.100,,Criterion : Least Square (From 6 Pts On PL_FIXTURE) 
Circle,CIR_9,X,-362.398,-362.600,0.202,,,,
Circle,CIR_9,Y,-323.850,-324.000,0.150,,,,
Circle,CIR_10,DIAM,8.099,8.000,0.099,-0.100,0.100,,Criterion : Least Square (From 6 Pts On PL_FIXTURE) 
Circle,CIR_10,X,-390.869,-390.600,-0.269,,,,
Circle,CIR_10,Y,-223.910,-224.000,0.090,,,,
Circle,CIR_11,DIAM,8.045,8.000,0.045,-0.100,0.100,,Criterion : Least Square (From 6 Pts On PL_FIXTURE) 
Circle,CIR_11,X,-362.964,-362.600,-0.364,,,,
Circle,CIR_11,Y,-125.331,-125.600,0.269,,,,
Circle,CIR_12,DIAM,8.058,8.000,0.058,-0.100,0.100,,Criterion : Least Square (From 6 Pts On PL_FIXTURE) 
Circle,CIR_12,X,-391.101,-390.600,-0.501,,,,
Circle,CIR_12,Y,-25.758,-25.600,-0.158,,,,
Pos. Tol.,POS_1,PTOL,0.691,0.000,0.691,0.119,1.319,,CIR_1(M)/NOMINAL - CS_ABC_BF - C-Zone - XY - Nominal
Pos. Tol.,POS_2,PTOL,0.163,0.000,0.163,0.161,1.361,,CIR_2(M)/NOMINAL - CS_ABC_BF - C-Zone - XY - Nominal
Pos. Tol.,POS_3,PTOL,0.282,0.000,0.282,0.151,1.351,,CIR_3(M)/NOMINAL - CS_ABC_BF - C-Zone - XY - Nominal
Pos. Tol.,POS_4,PTOL,0.213,0.000,0.213,0.071,1.271,,CIR_4(M)/NOMINAL - CS_ABC_BF - C-Zone - XY - Nominal
Pos. Tol.,POS_5,PTOL,0.402,0.000,0.402,0.121,1.321,,CIR_5(M)/NOMINAL - CS_ABC_BF - C-Zone - XY - Nominal
Pos. Tol.,POS_6,PTOL,0.723,0.000,0.723,0.125,1.325,,CIR_6(M)/NOMINAL - CS_ABC_BF - C-Zone - XY - Nominal
Pos. Tol.,POS_7,PTOL,0.197,0.000,0.197,0.151,1.351,,CIR_7(M)/NOMINAL - CS_ABC_BF - C-Zone - XY - Nominal
Pos. Tol.,POS_8,PTOL,0.590,0.000,0.590,0.096,1.296,,CIR_8(M)/NOMINAL - CS_ABC_BF - C-Zone - XY - Nominal
Pos. Tol.,POS_9,PTOL,0.504,0.000,0.504,0.135,1.335,,CIR_9(M)/NOMINAL - CS_ABC_BF - C-Zone - XY - Nominal
Pos. Tol.,POS_10,PTOL,0.568,0.000,0.568,0.199,1.399,,CIR_10(M)/NOMINAL - CS_ABC_BF - C-Zone - XY - Nominal
Pos. Tol.,POS_11,PTOL,0.906,0.000,0.906,0.145,1.345,,CIR_11(M)/NOMINAL - CS_ABC_BF - C-Zone - XY - Nominal
Pos. Tol.,POS_12,PTOL,1.051,0.000,1.051,0.158,1.358,,CIR_12(M)/NOMINAL - CS_ABC_BF - C-Zone - XY - Nominal
Pos. Tol.,POS_13,PTOL,0.472,0.000,0.472,0.019,0.819,,PNT_INJ_13(M)/NOMINAL(M) - CS_A_12_8_BF - C-Zone - XY - Nominal
Pos. Tol.,POS_14,PTOL,0.548,0.000,0.548,0.155,0.955,,PNT_INJ_14(M)/NOMINAL(M) - CS_A_12_8_BF - C-Zone - XY - Nominal
Pos. Tol.,POS_15,PTOL,0.479,0.000,0.479,0.117,0.917,,PNT_INJ_15(M)/NOMINAL(M) - CS_A_12_8_BF - C-Zone - XY - Nominal
Pos. Tol.,POS_16,PTOL,0.946,0.000,0.946,0.126,0.926,0.020,PNT_INJ_16(M)/NOMINAL(M) - CS_A_12_8_BF - C-Zone - XY - Nominal
Pos. Tol.,POS_17,PTOL,0.423,0.000,0.423,0.121,0.921,,PNT_INJ_17(M)/NOMINAL(M) - CS_A_12_8_BF - C-Zone - XY - Nominal
Pos. Tol.,POS_18,PTOL,0.362,0.000,0.362,0.109,0.909,,PNT_INJ_18(M)/NOMINAL(M) - CS_AB_BF_1_6 - C-Zone - XY - Nominal
Pos. Tol.,POS_19,PTOL,0.119,0.000,0.119,0.073,0.873,,PNT_INJ_19(M)/NOMINAL(M) - CS_AB_BF_1_6 - C-Zone - XY - Nominal
Pos. Tol.,POS_20,PTOL,0.354,0.000,0.354,0.108,0.908,,PNT_INJ_20(M)/NOMINAL(M) - CS_AB_BF_1_6 - C-Zone - XY - Nominal
Pos. Tol.,POS_21,PTOL,0.450,0.000,0.450,0.118,0.918,,PNT_INJ_21(M)/NOMINAL(M) - CS_AB_BF_1_6 - C-Zone - XY - Nominal
Pos. Tol.,POS_22,PTOL,0.202,0.000,0.202,0.116,0.916,,PNT_INJ_22(M)/NOMINAL(M) - CS_AB_BF_1_6 - C-Zone - XY - Nominal
Pos. Tol.,POS_23,PTOL,0.144,0.000,0.144,0.000,1.200,,CIR_23/NOMINAL - CS_AJ_BF - C-Zone - YZ - Nominal
Pos. Tol.,POS_24,PTOL,0.670,0.000,0.670,0.000,1.200,,CIR_24/NOMINAL - CS_AJ_BF - C-Zone - YZ - Nominal
Pos. Tol.,POS_25,PTOL,0.649,0.000,0.649,0.000,1.200,,CIR_25/NOMINAL - CS_AJ_BF - C-Zone - YZ - Nominal
Pos. Tol.,POS_26,PTOL,0.844,0.000,0.844,0.000,1.200,,CIR_26/NOMINAL - CS_AK_BF - C-Zone - YZ - Nominal
Pos. Tol.,POS_27,PTOL,0.472,0.000,0.472,0.000,1.200,,CIR_27/NOMINAL - CS_AK_BF - C-Zone - YZ - Nominal
Pos. Tol.,POS_28,PTOL,0.677,0.000,0.677,0.000,1.200,,CIR_28/NOMINAL - CS_AK_BF - C-Zone - YZ - Nominal
Pos. Tol.,POS_DATUM_E,PTOL,2.434,0.000,2.434,0.000,5.000,,CIR_29/NOMINAL - CS_ABC_BF - C-Zone - XY - Nominal
Pos. Tol.,POS_DATUM_F,PTOL,2.211,0.000,2.211,0.000,5.000,,PNT_30/NOMINAL - CS_ABC_BF - C-Zone - XY - Nominal
Pos. Tol.,POS_31,PTOL,2.282,0.000,2.282,0.000,5.000,,CIR_31/NOMINAL - CS_ABC_BF - C-Zone - XY - Nominal
Pos. Tol.,POS_32,PTOL,2.284,0.000,2.284,0.000,5.000,,CIR_32/NOMINAL - CS_ABC_BF - C-Zone - XY - Nominal
Pos. Tol.,POS_33,PTOL,2.386,0.000,2.386,0.000,5.000,,CIR_33/NOMINAL - CS_ABC_BF - C-Zone - XY - Nominal
Pos. Tol.,POS_34,PTOL,2.181,0.000,2.181,0.000,5.000,,CIR_34/NOMINAL - CS_ABC_BF - C-Zone - XY - Nominal
Pos. Tol.,POS_35,PTOL,0.787,0.000,0.787,0.000,5.000,,CIR_35/NOMINAL - CS_ABC_BF - C-Zone - XY - Nominal
Pos. Tol.,POS_36,PTOL,0.668,0.000,0.668,0.000,5.000,,CIR_36/NOMINAL - CS_ABC_BF - C-Zone - XY - Nominal
Pos. Tol.,POS_2D_31,PTOL,0.233,0.000,0.233,0.000,0.800,,2D_CIR_31/NOMINAL - CS_DEF_BF_ALL - C-Zone - XY - Nominal
Pos. Tol.,POS_2D_32,PTOL,0.204,0.000,0.204,0.000,0.800,,2D_CIR_32/NOMINAL - CS_DEF_BF_ALL - C-Zone - XY - Nominal
Pos. Tol.,POS_2D_33,PTOL,0.477,0.000,0.477,0.000,0.800,,2D_CIR_33/NOMINAL - CS_DEF_BF_ALL - C-Zone - XY - Nominal
Pos. Tol.,POS_2D_34,PTOL,0.243,0.000,0.243,0.000,0.800,,2D_CIR_34/NOMINAL - CS_DEF_BF_ALL - C-Zone - XY - Nominal
Pos. Tol.,POS_2D_35,PTOL,0.864,0.000,0.864,0.000,0.800,0.064,2D_CIR_35/NOMINAL - CS_DEF_BF_ALL - C-Zone - XY - Nominal
Pos. Tol.,POS_2D_36,PTOL,0.572,0.000,0.572,0.000,0.800,,Modifier Tolerance a 1.2 selon derogation D10-0102
Pos. Tol.,POS_42,PTOL,0.940,0.000,0.940,0.000,5.000,,CIR_42/NOMINAL - CS_ABC_BF - C-Zone - XY - Nominal
Pos. Tol.,POS_44,PTOL,2.325,0.000,2.325,0.000,5.000,,CIR_44/NOMINAL - CS_ABC_BF - C-Zone - XY - Nominal
Pos. Tol.,POS_62,PTOL,2.061,0.000,2.061,0.000,5.000,,CIR_62/NOMINAL - CS_ABC_BF - C-Zone - XY - Nominal
Circle,CIR_GAGE_INJ_13,DIAM,13.919,14.000,-0.081,-0.100,0.100,,Criterion : Least Square (From 10 Pts On AUTO) 
Circle,CIR_GAGE_INJ_14,DIAM,14.055,14.000,0.055,-0.100,0.100,,Criterion : Least Square (From 10 Pts On AUTO) 
Circle,CIR_GAGE_INJ_15,DIAM,14.017,14.000,0.017,-0.100,0.100,,Criterion : Least Square (From 10 Pts On AUTO) 
Circle,CIR_GAGE_INJ_16,DIAM,14.026,14.000,0.026,-0.100,0.100,,Criterion : Least Square (From 10 Pts On AUTO) 
Circle,CIR_GAGE_INJ_17,DIAM,14.021,14.000,0.021,-0.100,0.100,,Criterion : Least Square (From 10 Pts On AUTO) 
Circle,CIR_GAGE_INJ_18,DIAM,14.009,14.000,0.009,-0.100,0.100,,Criterion : Least Square (From 10 Pts On AUTO) 
Circle,CIR_GAGE_INJ_19,DIAM,13.973,14.000,-0.027,-0.100,0.100,,Criterion : Least Square (From 10 Pts On AUTO) 
Circle,CIR_GAGE_INJ_20,DIAM,14.008,14.000,0.008,-0.100,0.100,,Criterion : Least Square (From 10 Pts On AUTO) 
Circle,CIR_GAGE_INJ_21,DIAM,14.018,14.000,0.018,-0.100,0.100,,Criterion : Least Square (From 10 Pts On AUTO) 
Circle,CIR_GAGE_INJ_22,DIAM,14.016,14.000,0.016,-0.100,0.100,,Criterion : Least Square (From 10 Pts On AUTO) 
Circle,CIR_23,X,-12.735,-13.100,0.365,,,,Criterion : Least Square (From 6 Pts On PL_INS_23) 
Circle,CIR_23,Y,149.929,150.000,-0.071,,,,
Circle,CIR_23,Z,54.510,54.500,0.010,,,,
Circle,CIR_25,X,-12.328,-13.100,0.772,,,,Criterion : Least Square (From 6 Pts On PL_INS_25) 
Circle,CIR_25,Y,-249.694,-250.000,0.306,,,,
Circle,CIR_25,Z,54.606,54.500,0.106,,,,
Circle,CIR_24,X,-12.822,-13.100,0.278,,,,Criterion : Least Square (From 6 Pts On PL_INS_24) 
Circle,CIR_24,Y,-49.690,-50.000,0.310,,,,
Circle,CIR_24,Z,54.373,54.500,-0.127,,,,
Circle,CIR_26,X,13.531,13.100,0.431,,,,Criterion : Least Square (From 6 Pts On PL_INS_26) 
Circle,CIR_26,Y,-250.229,-250.000,-0.229,,,,
Circle,CIR_26,Z,54.855,54.500,0.355,,,,
Circle,CIR_27,X,13.289,13.100,0.189,,,,Criterion : Least Square (From 6 Pts On PL_INS_27) 
Circle,CIR_27,Y,-49.765,-50.000,0.235,,,,
Circle,CIR_27,Z,54.474,54.500,-0.026,,,,
Circle,CIR_28,X,13.125,13.100,0.025,,,,Criterion : Least Square (From 6 Pts On PL_INS_28) 
Circle,CIR_28,Y,149.943,150.000,-0.057,,,,
Circle,CIR_28,Z,54.166,54.500,-0.334,,,,
Point,PNT_INJ_13,X,-3.182,-3.300,0.118,,,,Inters. AXIS_INJ_13 - PL_FIXTURE.
Point,PNT_INJ_13,Y,-48.196,-48.400,0.204,,,,
Point,PNT_INJ_14,X,-3.499,-3.300,-0.199,,,,Inters. AXIS_INJ_14 - PL_FIXTURE.
Point,PNT_INJ_14,Y,-148.211,-148.400,0.189,,,,
Point,PNT_INJ_15,X,-3.069,-3.300,0.231,,,,Inters. AXIS_INJ_15 - PL_FIXTURE.
Point,PNT_INJ_15,Y,-248.336,-248.400,0.064,,,,
Point,PNT_INJ_16,X,-3.278,-3.300,0.022,,,,Inters. AXIS_INJ_16 - PL_FIXTURE.
Point,PNT_INJ_16,Y,-347.928,-348.400,0.472,,,,
Point,PNT_INJ_17,X,-3.511,-3.300,-0.211,,,,Inters. AXIS_INJ_17 - PL_FIXTURE.
Point,PNT_INJ_17,Y,-448.395,-448.400,0.005,,,,
Point,PNT_INJ_18,X,3.480,3.300,0.180,,,,Inters. AXIS_INJ_18 - PL_FIXTURE.
Point,PNT_INJ_18,Y,-449.987,-450.000,0.013,,,,
Point,PNT_INJ_19,X,3.355,3.300,0.055,,,,Inters. AXIS_INJ_19 - PL_FIXTURE.
Point,PNT_INJ_19,Y,-349.977,-350.000,0.023,,,,
Point,PNT_INJ_20,X,3.241,3.300,-0.059,,,,Inters. AXIS_INJ_20 - PL_FIXTURE.
Point,PNT_INJ_20,Y,-250.167,-250.000,-0.167,,,,
Point,PNT_INJ_21,X,3.310,3.300,0.010,,,,Inters. AXIS_INJ_21 - PL_FIXTURE.
Point,PNT_INJ_21,Y,-150.225,-150.000,-0.225,,,,
Point,PNT_INJ_22,X,3.381,3.300,0.081,,,,Inters. AXIS_INJ_22 - PL_FIXTURE.
Point,PNT_INJ_22,Y,-49.940,-50.000,0.060,,,,
Distance,H_37,Y,0.150,0.000,0.150,,,,CIR_37 - PL_PLAST_37 / CS_37_38_39_ROT_180
Distance,H_38,Y,0.269,0.000,0.269,,,,CIR_38 - PL_PLAST_38 / CS_37_38_39_ROT_180
Distance,H_39,Y,0.299,0.000,0.299,,,,CIR_39 - PL_PLAST_39 / CS_37_38_39_ROT_180
Distance,H_35,Z,0.280,-0.000,0.280,,,,CIR_35 - PL_PLAST_35 / CS_TEMP_35_SRF
Distance,H_36,Z,0.314,0.000,0.314,,,,CIR_36 - PL_PLAST_36 / CS_TEMP_36_SRF
Distance,PROF_62,Z,154.917,156.000,-1.083,-1.500,1.500,,CIR_62 - PL_FIXTURE / CS_ABC_BF
Distance,H_62,Z,0.126,0.000,0.126,0.000,0.500,,CIR_62 - PL_PLAST_62 / CS_TEMP_62_SRF
Circle,CIR_29,X,-227.395,-226.340,-1.054,,,,Criterion : Least Square (From 4 Pts On PL_DATUM_D) 
Circle,CIR_29,Y,66.310,65.702,0.607,,,,
Point,PNT_30,X,-160.641,-159.800,-0.841,,,,Proj. PNT_MID_30 / PL_DATUM_D.
Point,PNT_30,Y,66.417,65.700,0.717,,,,
Circle,2D_CIR_34,X,-25.778,-25.800,0.022,,,,
Circle,2D_CIR_34,Y,-3.281,-3.400,0.119,,,,
Circle,2D_CIR_33,X,-41.688,-41.500,-0.188,,,,
Circle,2D_CIR_33,Y,-76.053,-76.200,0.147,,,,
Circle,2D_CIR_32,X,113.645,113.700,-0.055,,,,
Circle,2D_CIR_32,Y,-70.114,-70.200,0.086,,,,
Circle,2D_CIR_31,X,94.216,94.200,0.016,,,,
Circle,2D_CIR_31,Y,-3.284,-3.400,0.116,,,,
Circle,2D_CIR_36,X,-56.996,-57.100,0.104,,,,
Circle,2D_CIR_36,Y,-172.166,-171.900,-0.266,,,,
Circle,2D_CIR_35,X,119.531,119.400,0.131,,,,
Circle,2D_CIR_35,Y,-172.812,-172.400,-0.412,,,,
Circle,CIR_42,X,-27.386,-27.063,-0.323,,,,Criterion : Least Square (From 6 Pts On PL_CL_42) 
Circle,CIR_42,Y,-246.659,-247.000,0.341,,,,
Circle,CIR_44,X,-364.332,-363.275,-1.057,,,,Criterion : Least Square (From 6 Pts On PL_CL_44) 
Circle,CIR_44,Y,-366.334,-365.850,-0.484,,,,
Circle,CIR_62,X,-364.246,-363.275,-0.971,,,,Criterion : Least Square (From 6 Pts On PL_INS_62) 
Circle,CIR_62,Y,-180.506,-180.850,0.344,,,,
Circle,CIR_63,X,-364.382,-363.300,-1.082,,,,Criterion : Least Square (From 6 Pts On PL_INS_63) 
Circle,CIR_63,Y,-273.406,-273.600,0.194,,,,
Pos. Tol.,POS_63,PTOL,2.198,0.000,2.198,0.000,5.000,,CIR_63/NOMINAL - CS_ABC_BF - C-Zone - XY - Nominal
Distance,PROF_63,Z,150.668,151.400,-0.732,-1.500,1.500,,CIR_63 - PL_FIXTURE / CS_ABC_BF
Distance,H_63,Z,-0.013,0.000,-0.013,0.000,0.500,-0.013,CIR_63 - PL_PLAST_63 / CS_SRF_TEMP_BF_63
