Feat. Type,Feat. Name,Value,Actual,Nominal,Dev.,Tol-,Tol+,Out of Tol.,Comment
Text/Value,VAR_PROGRAM,VAL,,,,,,,'N:\Metrolog XG\Programmes\D-33 RWD\D33 RWD Crush Rib (Module 44).gm2'
Text/Value,VAR_EVENEMENT,VAL,,,,,,,'Special'
Text/Value,VAR_COMMENTAIRES,VAL,,,,,,,'290 C'
Circle,CIR_31_TOP,X,230.393,230.300,0.093,,,,Criterion : Least Square (From 8 Pts On PL_PLAST_TOP_31) 
Circle,CIR_31_TOP,Z,-30.229,-30.200,-0.029,,,,
Pos. Tol.,POS_31_TOP,PTOL,0.194,0.000,0.194,0.000,2.000,,CIR_31_TOP/NOMINAL - CS_ABC_BF - C-Zone - XZ - Nominal
Distance,PLASTIC_HEIGHT_31,D1,99.988,100.600,-0.612,,,,CIR_31_TOP - CIR_31_FL / CS_ABC_BF
Circle,CIR_32_TOP,X,124.683,124.300,0.383,,,,Criterion : Least Square (From 8 Pts On PL_PLAST_TOP_32) 
Circle,CIR_32_TOP,Z,-30.652,-30.200,-0.452,,,,
Pos. Tol.,POS_32_TOP,PTOL,1.186,0.000,1.186,0.000,2.000,,CIR_32_TOP/NOMINAL - CS_ABC_BF - C-Zone - XZ - Nominal
Distance,PLASTIC_HEIGHT_32,D1,100.255,100.600,-0.345,,,,CIR_32_TOP - CIR_32_FL / CS_ABC_BF
