Feat. Type,Feat. Name,Value,Actual,Nominal,Dev.,Tol-,Tol+,Out of Tol.,Comment
Text/Value,VAR_PROGRAM,VAL,,,,,,,'N:\Metrolog XG\Programmes\I4 Moule 2\I4 Complete Moule 2 (Module 44).gm2'
Text/Value,VAR_EVENEMENT,VAL,,,,,,,'Demarrage '
Text/Value,VAR_COMMENTAIRES,VAL,,,,,,,'283B'
Text/Value,PROFILE_A,VAL,0.239352,0.000000,0.239352,0.000000,0.500000,,
Circle,CIR_B,DIAM,6.905,7.000,-0.095,-0.100,0.100,,Criterion : Least Square (From 10 Pts On PL_FIXTURE) 
Circle,CIR_B,X,-0.035,0.000,-0.035,,,,
Circle,CIR_B,Z,-0.036,0.000,-0.036,,,,
Circle,CIR_1,X,-40.160,-40.000,-0.160,,,,From 4 Pts On PL_FIXTURE
Circle,CIR_1,Z,-184.258,-184.000,-0.258,,,,
Circle,CIR_2,X,-32.875,-33.000,0.125,,,,From 4 Pts On PL_FIXTURE
Circle,CIR_2,Z,-0.082,-0.000,-0.082,,,,
Circle,CIR_3,X,-31.939,-32.000,0.061,,,,From 4 Pts On PL_FIXTURE
Circle,CIR_3,Z,189.529,189.500,0.029,,,,
Circle,CIR_4,X,-0.082,-0.000,-0.082,,,,From 4 Pts On PL_FIXTURE
Circle,CIR_4,Z,95.980,96.000,-0.020,,,,
Circle,CIR_5,X,-0.138,-0.000,-0.138,,,,From 4 Pts On PL_FIXTURE
Circle,CIR_5,Z,-96.148,-96.000,-0.148,,,,
Circle,CIR_6,X,-300.051,-300.100,0.049,,,,From 4 Pts On PL_FIXTURE_6
Circle,CIR_6,Z,-53.778,-54.000,0.222,,,,
Distance,OP1_WIDTH_1,D1,2.810,2.930,-0.120,-0.150,0.150,,OP1_P2 - OP1_P4 / OP1_CS
Distance,OP1_WIDTH_2,D1,2.813,2.930,-0.117,-0.150,0.150,,OP1_P7 - OP1_P9 / OP1_CS
Distance,OP1_WIDTH_3,D1,2.967,2.930,0.037,-0.150,0.150,,OP1_P11 - OP1_P13 / OP1_CS
Distance,OP1_WIDTH_4,D1,2.947,2.930,0.017,-0.150,0.150,,OP1_P15 - OP1_P17 / OP1_CS
Distance,OP1_WIDTH_5,D1,2.773,2.930,-0.157,-0.180,0.150,,OP1_P19 - OP1_P21 / OP1_CS
Distance,OP1_WIDTH_6,D1,2.840,2.930,-0.090,-0.150,0.150,,OP1_P23 - OP1_P25 / OP1_CS
Distance,OP1_WIDTH_7,D1,2.748,2.930,-0.182,-0.150,0.150,-0.032,OP1_P28 - OP1_P30 / OP1_CS
Distance,OP1_WIDTH_8,D1,2.880,2.930,-0.050,-0.150,0.150,,OP1_P33 - OP1_P35 / OP1_CS
Distance,OP1_WIDTH_9,D1,2.878,2.930,-0.052,-0.150,0.150,,OP1_P38 - OP1_P40 / OP1_CS
Distance,OP1_WIDTH_10,D1,2.883,2.930,-0.047,-0.150,0.150,,OP1_P43 - OP1_P45 / OP1_CS
Distance,OP1_WIDTH_11,D1,2.751,2.930,-0.179,-0.180,0.150,,OP1_P48 - OP1_P50 / OP1_CS
Distance,OP1_DEPTH_1,Y,4.570,4.500,0.070,-0.250,0.250,,OP1_P3 - PL_FIXTURE / OP1_CS
Distance,OP1_DEPTH_2,Y,4.530,4.500,0.030,-0.250,0.250,,OP1_P8 - PL_FIXTURE / OP1_CS
Distance,OP1_DEPTH_3,Y,4.557,4.500,0.057,-0.250,0.250,,OP1_P12 - PL_FIXTURE / OP1_CS
Distance,OP1_DEPTH_4,Y,4.470,4.500,-0.030,-0.250,0.250,,OP1_P16 - PL_FIXTURE / OP1_CS
Distance,OP1_DEPTH_5,Y,4.550,4.500,0.050,-0.250,0.250,,OP1_P20 - PL_FIXTURE / OP1_CS
Distance,OP1_DEPTH_6,Y,4.571,4.500,0.071,-0.250,0.250,,OP1_P24 - PL_FIXTURE / OP1_CS
Distance,OP1_DEPTH_7,Y,4.463,4.500,-0.037,-0.250,0.250,,OP1_P29 - PL_FIXTURE / OP1_CS
Distance,OP1_DEPTH_8,Y,4.544,4.500,0.044,-0.250,0.250,,OP1_P34 - PL_FIXTURE / OP1_CS
Distance,OP1_DEPTH_9,Y,4.529,4.500,0.029,-0.250,0.250,,OP1_P39 - PL_FIXTURE / OP1_CS
Distance,OP1_DEPTH_10,Y,4.491,4.500,-0.009,-0.250,0.250,,OP1_P44 - PL_FIXTURE / OP1_CS
Distance,OP1_DEPTH_11,Y,4.551,4.500,0.051,-0.250,0.250,,OP1_P49 - PL_FIXTURE / OP1_CS
Distance,OP2_WIDTH_1,D1,2.813,2.930,-0.117,-0.150,0.150,,OP2_P2 - OP2_P4 / OP2_CS
Distance,OP2_WIDTH_2,D1,2.886,2.930,-0.044,-0.180,0.150,,OP2_P7 - OP2_P9 / OP2_CS
Distance,OP2_WIDTH_3,D1,2.996,2.930,0.066,-0.150,0.150,,OP2_P11 - OP2_P13 / OP2_CS
Distance,OP2_WIDTH_4,D1,2.964,2.930,0.034,-0.150,0.150,,OP2_P15 - OP2_P17 / OP2_CS
Distance,OP2_WIDTH_5,D1,2.955,2.930,0.025,-0.150,0.150,,OP2_P19 - OP2_P21 / OP2_CS
Distance,OP2_WIDTH_6,D1,2.861,2.930,-0.069,-0.150,0.150,,OP2_P23 - OP2_P25 / OP2_CS
Distance,OP2_WIDTH_7,D1,2.826,2.930,-0.104,-0.150,0.150,,OP2_P28 - OP2_P30 / OP2_CS
Distance,OP2_WIDTH_8,D1,2.818,2.930,-0.112,-0.150,0.150,,OP2_P33 - OP2_P35 / OP2_CS
Distance,OP2_WIDTH_9,D1,2.811,2.930,-0.119,-0.150,0.150,,OP2_P38 - OP2_P40 / OP2_CS
Distance,OP2_WIDTH_10,D1,2.840,2.930,-0.090,-0.150,0.150,,OP2_P43 - OP2_P45 / OP2_CS
Distance,OP2_WIDTH_11,D1,2.874,2.930,-0.056,-0.150,0.150,,OP2_P48 - OP2_P50 / OP2_CS
Distance,OP2_DEPTH_1,Y,4.453,4.500,-0.047,-0.250,0.250,,OP2_P3 - PL_FIXTURE / OP2_CS
Distance,OP2_DEPTH_2,Y,4.420,4.500,-0.080,-0.250,0.250,,OP2_P8 - PL_FIXTURE / OP2_CS
Distance,OP2_DEPTH_3,Y,4.362,4.500,-0.138,-0.250,0.250,,OP2_P12 - PL_FIXTURE / OP2_CS
Distance,OP2_DEPTH_4,Y,4.346,4.500,-0.154,-0.250,0.250,,OP2_P16 - PL_FIXTURE / OP2_CS
Distance,OP2_DEPTH_5,Y,4.375,4.500,-0.125,-0.250,0.250,,OP2_P20 - PL_FIXTURE / OP2_CS
Distance,OP2_DEPTH_6,Y,4.340,4.500,-0.160,-0.250,0.250,,OP2_P24 - PL_FIXTURE / OP2_CS
Distance,OP2_DEPTH_7,Y,4.322,4.500,-0.178,-0.250,0.250,,OP2_P29 - PL_FIXTURE / OP2_CS
Distance,OP2_DEPTH_8,Y,4.397,4.500,-0.103,-0.250,0.250,,OP2_P34 - PL_FIXTURE / OP2_CS
Distance,OP2_DEPTH_9,Y,4.398,4.500,-0.102,-0.250,0.250,,OP2_P39 - PL_FIXTURE / OP2_CS
Distance,OP2_DEPTH_10,Y,4.427,4.500,-0.073,-0.250,0.250,,OP2_P44 - PL_FIXTURE / OP2_CS
Distance,OP2_DEPTH_11,Y,4.427,4.500,-0.073,-0.250,0.250,,OP2_P49 - PL_FIXTURE / OP2_CS
Distance,OP3_WIDTH_1,D1,2.871,2.930,-0.059,-0.150,0.150,,OP3_P2 - OP3_P4 / OP3_CS
Distance,OP3_WIDTH_2,D1,2.902,2.930,-0.028,-0.150,0.150,,OP3_P7 - OP3_P9 / OP3_CS
Distance,OP3_WIDTH_3,D1,3.039,2.930,0.109,-0.150,0.150,,OP3_P11 - OP3_P13 / OP3_CS
Distance,OP3_WIDTH_4,D1,3.036,2.930,0.106,-0.150,0.150,,OP3_P15 - OP3_P17 / OP3_CS
Distance,OP3_WIDTH_5,D1,2.854,2.930,-0.076,-0.150,0.150,,OP3_P19 - OP3_P21 / OP3_CS
Distance,OP3_WIDTH_6,D1,2.848,2.930,-0.082,-0.150,0.150,,OP3_P23 - OP3_P25 / OP3_CS
Distance,OP3_WIDTH_7,D1,2.789,2.930,-0.141,-0.150,0.150,,OP3_P28 - OP3_P30 / OP3_CS
Distance,OP3_WIDTH_8,D1,2.817,2.930,-0.113,-0.150,0.150,,OP3_P33 - OP3_P35 / OP3_CS
Distance,OP3_WIDTH_9,D1,2.823,2.930,-0.107,-0.150,0.150,,OP3_P38 - OP3_P40 / OP3_CS
Distance,OP3_WIDTH_10,D1,2.856,2.930,-0.074,-0.150,0.150,,OP3_P43 - OP3_P45 / OP3_CS
Distance,OP3_WIDTH_11,D1,2.893,2.930,-0.037,-0.150,0.150,,OP3_P48 - OP3_P50 / OP3_CS
Distance,OP3_DEPTH_1,Y,4.396,4.500,-0.104,-0.250,0.250,,OP3_P3 - PL_FIXTURE / OP3_CS
Distance,OP3_DEPTH_2,Y,4.398,4.500,-0.102,-0.250,0.250,,OP3_P8 - PL_FIXTURE / OP3_CS
Distance,OP3_DEPTH_3,Y,4.490,4.500,-0.010,-0.250,0.250,,OP3_P12 - PL_FIXTURE / OP3_CS
Distance,OP3_DEPTH_4,Y,4.481,4.500,-0.019,-0.250,0.250,,OP3_P16 - PL_FIXTURE / OP3_CS
Distance,OP3_DEPTH_5,Y,4.430,4.500,-0.070,-0.250,0.250,,OP3_P20 - PL_FIXTURE / OP3_CS
Distance,OP3_DEPTH_6,Y,4.377,4.500,-0.123,-0.250,0.250,,OP3_P24 - PL_FIXTURE / OP3_CS
Distance,OP3_DEPTH_7,Y,4.384,4.500,-0.116,-0.250,0.250,,OP3_P29 - PL_FIXTURE / OP3_CS
Distance,OP3_DEPTH_8,Y,4.458,4.500,-0.042,-0.250,0.250,,OP3_P34 - PL_FIXTURE / OP3_CS
Distance,OP3_DEPTH_9,Y,4.513,4.500,0.013,-0.250,0.250,,OP3_P39 - PL_FIXTURE / OP3_CS
Distance,OP3_DEPTH_10,Y,4.564,4.500,0.064,-0.250,0.250,,OP3_P44 - PL_FIXTURE / OP3_CS
Distance,OP3_DEPTH_11,Y,4.540,4.500,0.040,-0.250,0.250,,OP3_P49 - PL_FIXTURE / OP3_CS
Distance,OP4_WIDTH_1,D1,2.782,2.930,-0.148,-0.150,0.150,,OP4_P2 - OP4_P4 / OP4_CS
Distance,OP4_WIDTH_2,D1,2.801,2.930,-0.129,-0.150,0.150,,OP4_P7 - OP4_P9 / OP4_CS
Distance,OP4_WIDTH_3,D1,3.009,2.930,0.079,-0.150,0.150,,OP4_P11 - OP4_P13 / OP4_CS
Distance,OP4_WIDTH_4,D1,2.985,2.930,0.055,-0.150,0.150,,OP4_P15 - OP4_P17 / OP4_CS
Distance,OP4_WIDTH_5,D1,2.788,2.930,-0.142,-0.150,0.150,,OP4_P19 - OP4_P21 / OP4_CS
Distance,OP4_WIDTH_6,D1,2.839,2.930,-0.091,-0.150,0.150,,OP4_P23 - OP4_P25 / OP4_CS
Distance,OP4_WIDTH_7,D1,2.747,2.930,-0.183,-0.150,0.150,-0.033,OP4_P28 - OP4_P30 / OP4_CS
Distance,OP4_WIDTH_8,D1,2.870,2.930,-0.060,-0.150,0.150,,OP4_P33 - OP4_P35 / OP4_CS
Distance,OP4_WIDTH_9,D1,2.804,2.930,-0.126,-0.150,0.150,,OP4_P38 - OP4_P40 / OP4_CS
Distance,OP4_WIDTH_10,D1,2.855,2.930,-0.075,-0.150,0.150,,OP4_P43 - OP4_P45 / OP4_CS
Distance,OP4_WIDTH_11,D1,2.758,2.930,-0.172,-0.150,0.150,-0.022,OP4_P48 - OP4_P50 / OP4_CS
Distance,OP4_DEPTH_1,Y,4.478,4.500,-0.022,-0.250,0.250,,OP4_P3 - PL_FIXTURE / OP4_CS
Distance,OP4_DEPTH_2,Y,4.395,4.500,-0.105,-0.250,0.250,,OP4_P8 - PL_FIXTURE / OP4_CS
Distance,OP4_DEPTH_3,Y,4.390,4.500,-0.110,-0.250,0.250,,OP4_P12 - PL_FIXTURE / OP4_CS
Distance,OP4_DEPTH_4,Y,4.313,4.500,-0.187,-0.250,0.250,,OP4_P16 - PL_FIXTURE / OP4_CS
Distance,OP4_DEPTH_5,Y,4.328,4.500,-0.172,-0.250,0.250,,OP4_P20 - PL_FIXTURE / OP4_CS
Distance,OP4_DEPTH_6,Y,4.427,4.500,-0.073,-0.250,0.250,,OP4_P24 - PL_FIXTURE / OP4_CS
Distance,OP4_DEPTH_7,Y,4.441,4.500,-0.059,-0.250,0.250,,OP4_P29 - PL_FIXTURE / OP4_CS
Distance,OP4_DEPTH_8,Y,4.415,4.500,-0.085,-0.250,0.250,,OP4_P34 - PL_FIXTURE / OP4_CS
Distance,OP4_DEPTH_9,Y,4.483,4.500,-0.017,-0.250,0.250,,OP4_P39 - PL_FIXTURE / OP4_CS
Distance,OP4_DEPTH_10,Y,4.476,4.500,-0.024,-0.250,0.250,,OP4_P44 - PL_FIXTURE / OP4_CS
Distance,OP4_DEPTH_11,Y,4.380,4.500,-0.120,-0.250,0.250,,OP4_P49 - PL_FIXTURE / OP4_CS
Circle,CIR_7,X,-101.945,-101.900,-0.045,,,,Inters. PL_PLAST_7 - CYL_7.
Circle,CIR_7,Y,12.919,13.400,-0.481,,,,
Circle,CIR_7,Z,233.395,233.000,0.395,,,,
Circle,CIR_8,DIAM,14.622,14.675,-0.053,-0.075,0.075,,Criterion : Least Square (From 10 Pts On PL_PLAST_8) 
Circle,CIR_8,X,-199.218,-199.900,0.682,,,,
Circle,CIR_8,Z,101.614,101.200,0.414,,,,
Circle,CIR_9_5.5MM,DIAM,19.996,20.000,-0.004,-0.050,0.050,,Criterion : Least Square (From 8 Pts On PL_PLAST_9) 
Circle,CIR_9_5.5MM,X,-111.088,-112.100,1.012,,,,
Circle,CIR_9_5.5MM,Y,144.720,144.900,-0.180,,,,
Circle,CIR_9_5.5MM,Z,201.631,201.500,0.131,,,,
Plane,PL_D,F.F.,0.255,,0.255,,,,Criterion : Least Square (From 13 Pts) 
Circle,CIR_10,DIAM,65.133,65.000,0.133,-0.500,0.500,,Criterion : Least Square (From 12 Pts On PL_D) 
Circle,CIR_10,X,-80.074,-80.500,0.426,,,,
Circle,CIR_10,Y,86.680,87.100,-0.420,,,,
Circle,CIR_10,Z,232.633,232.330,0.303,,,,
Circle,CIR_11,X,-96.456,-96.800,0.344,,,,Criterion : Least Square (From 6 Pts On PL_INS_11) 
Circle,CIR_11,Y,46.680,47.290,-0.610,,,,
Circle,CIR_11,Z,248.843,248.580,0.263,,,,
Circle,CIR_12,X,-107.993,-108.693,0.700,,,,Criterion : Least Square (From 6 Pts On PL_INS_12) 
Circle,CIR_12,Y,109.446,110.079,-0.633,,,,
Circle,CIR_12,Z,260.991,260.479,0.512,,,,
Circle,CIR_13,X,-63.709,-64.297,0.588,,,,Criterion : Least Square (From 6 Pts On PL_INS_13) 
Circle,CIR_13,Y,126.464,126.902,-0.439,,,,
Circle,CIR_13,Z,216.240,216.083,0.156,,,,
Circle,CIR_14,X,-52.238,-52.402,0.163,,,,Criterion : Least Square (From 6 Pts On PL_INS_14) 
Circle,CIR_14,Y,63.757,64.116,-0.359,,,,
Circle,CIR_14,Z,204.554,204.188,0.366,,,,
Circle,2D_CIR_11,Y,-32.643,-32.500,-0.143,,,,
Circle,2D_CIR_11,Z,32.643,32.500,0.143,,,,
Circle,2D_CIR_12,Y,32.320,32.500,-0.180,,,,
Circle,2D_CIR_12,Z,32.517,32.500,0.017,,,,
Circle,2D_CIR_13,Y,32.404,32.500,-0.096,,,,
Circle,2D_CIR_13,Z,-32.700,-32.500,-0.200,,,,
Circle,2D_CIR_14,Y,-32.404,-32.500,0.096,,,,
Circle,2D_CIR_14,Z,-32.229,-32.500,0.271,,,,
Distance,H11,X,0.087,0.000,0.087,0.000,0.500,,CIR_11 - PL_PLAST_11 / CS_DE_BF
Distance,H12,X,0.016,-0.000,0.016,0.000,0.500,,CIR_12 - PL_PLAST_12 / CS_DE_BF
Distance,H13,X,0.192,-0.000,0.192,0.000,0.500,,CIR_13 - PL_PLAST_13 / CS_DE_BF
Distance,H14,X,0.134,0.000,0.134,0.000,0.500,,CIR_14 - PL_PLAST_14 / CS_DE_BF
Distance,DP_11,X,-18.207,-17.377,-0.829,,,,PNT_BOTTOM_11 - PL_INS_11 / CS_11
Distance,DP_12,X,-18.858,-17.386,-1.472,,,,PNT_BOTTOM_12 - PL_INS_12 / CS_12
Distance,DP_13,X,-17.113,-17.763,0.650,,,,PNT_BOTTOM_13 - PL_INS_13 / CS_13
Distance,DP_14,X,-18.777,-17.530,-1.247,,,,PNT_BOTTOM_14 - PL_INS_14 / CS_14
Distance,WIDTH_TB.1,D1,3.046,3.000,0.046,-0.150,0.150,,0W2.25.1 - IW2.25.1 / CS_DE_BF_ROT_TOL
Distance,WIDTH_TB.2,D1,3.035,3.000,0.035,-0.150,0.150,,0W2.25.2 - IW2.25.2 / CS_DE_BF_ROT_TOL
Distance,WIDTH_TB.3,D1,3.093,3.000,0.093,-0.150,0.150,,0W2.25.3 - IW2.25.3 / CS_DE_BF_ROT_TOL
Distance,WIDTH_TB.4,D1,3.032,3.000,0.032,-0.150,0.150,,0W2.25.4 - IW2.25.4 / CS_DE_BF_ROT_TOL
Distance,WIDTH_TB.5,D1,3.102,3.000,0.102,-0.150,0.150,,0W2.25.5 - IW2.25.5 / CS_DE_BF_ROT_TOL
Distance,WIDTH_TB.6,D1,3.113,3.000,0.113,-0.150,0.150,,0W2.25.6 - IW2.25.6 / CS_DE_BF_ROT_TOL
Distance,WIDTH_TB.7,D1,3.125,3.000,0.125,-0.150,0.150,,0W2.25.7 - IW2.25.7 / CS_DE_BF_ROT_TOL
Distance,WIDTH_TB.8,D1,3.024,3.000,0.024,-0.150,0.150,,0W2.25.8 - IW2.25.8 / CS_DE_BF_ROT_TOL
Distance,DEPTH_TB.1,D1,4.524,4.500,0.024,-0.250,0.250,,TB_DP.1 - PL_D / CS_DE_BF_ROT_TOL
Distance,DEPTH_TB.2,D1,4.482,4.500,-0.018,-0.250,0.250,,TB_DP.2 - PL_D / CS_DE_BF_ROT_TOL
Distance,DEPTH_TB.3,D1,4.402,4.500,-0.098,-0.250,0.250,,TB_DP.3 - PL_D / CS_DE_BF_ROT_TOL
Distance,DEPTH_TB.4,D1,4.446,4.500,-0.054,-0.250,0.250,,TB_DP.4 - PL_D / CS_DE_BF_ROT_TOL
Distance,DEPTH_TB.5,D1,4.385,4.500,-0.115,-0.250,0.250,,TB_DP.5 - PL_D / CS_DE_BF_ROT_TOL
Distance,DEPTH_TB.6,D1,4.336,4.500,-0.164,-0.250,0.250,,TB_DP.6 - PL_D / CS_DE_BF_ROT_TOL
Distance,DEPTH_TB.7,D1,4.434,4.500,-0.066,-0.250,0.250,,TB_DP.7 - PL_D / CS_DE_BF_ROT_TOL
Distance,DEPTH_TB.8,D1,4.484,4.500,-0.016,-0.250,0.250,,TB_DP.8 - PL_D / CS_DE_BF_ROT_TOL
Circle,CIR_15,DIAM,18.085,18.000,0.085,-0.250,0.250,,Criterion : Least Square (From 8 Pts On PL_PLAST_15) 
Circle,CIR_15,Y,111.090,111.000,0.090,,,,
Circle,CIR_15,Z,-151.547,-150.500,-1.047,,,,
Circle,CIR_16,DIAM,18.182,18.000,0.182,-0.250,0.250,,Criterion : Least Square (From 8 Pts On PL_PLAST_16) 
Circle,CIR_16,Y,110.812,111.000,-0.188,,,,
Circle,CIR_16,Z,151.362,151.500,-0.138,,,,
Circle,CIR_17,DIAM,6.643,6.500,0.143,-0.200,0.200,,Criterion : Least Square (From 6 Pts On PL_PLAST_17) 
Circle,CIR_17,X,-112.332,-112.600,0.268,,,,
Circle,CIR_17,Z,151.506,151.500,0.006,,,,
Circle,CIR_18,DIAM,5.075,5.000,0.075,-0.200,0.200,,Criterion : Least Square (From 6 Pts On PL_PLAST_18_19) 
Circle,CIR_18,X,-233.789,-234.500,0.711,,,,
Circle,CIR_18,Y,58.746,58.500,0.246,,,,
Circle,CIR_18,Z,38.485,38.100,0.385,,,,
Circle,CIR_19,DIAM,6.609,6.500,0.109,-0.200,0.200,,Criterion : Least Square (From 6 Pts On PL_PLAST_18_19) 
Circle,CIR_19,X,-233.924,-234.500,0.576,,,,
Circle,CIR_19,Y,71.265,71.000,0.265,,,,
Circle,CIR_19,Z,38.544,38.100,0.444,,,,
Circle,CIR_20,DIAM,6.463,6.500,-0.037,-0.200,0.200,,Criterion : Least Square (From 6 Pts On PL_PLAST_20) 
Circle,CIR_20,X,-158.438,-158.500,0.062,,,,
Circle,CIR_20,Z,-123.061,-123.900,0.839,,,,
Circle,CIR_21,DIAM,6.512,6.500,0.012,-0.200,0.200,,Criterion : Least Square (From 6 Pts On PL_PLAST_21_22) 
Circle,CIR_21,X,-251.673,-251.700,0.027,,,,
Circle,CIR_21,Z,-38.593,-39.000,0.407,,,,
Circle,CIR_22,DIAM,4.927,5.000,-0.073,-0.200,0.200,,Criterion : Least Square (From 6 Pts On PL_PLAST_21_22) 
Circle,CIR_22,X,0.000,0.000,0.000,,,,
Circle,CIR_22,Z,-12.496,-12.500,0.004,,,,
Circle,CIR_23,DIAM,6.394,6.500,-0.106,-0.200,0.200,,Criterion : Least Square (From 6 Pts On PL_PLAST_23_24) 
Circle,CIR_23,X,-31.465,-31.600,0.135,,,,
Circle,CIR_23,Z,-90.664,-91.500,0.836,,,,
Circle,CIR_24,DIAM,4.974,5.000,-0.026,-0.200,0.200,,Criterion : Least Square (From 6 Pts On PL_PLAST_23_24) 
Circle,CIR_24,X,12.895,12.500,0.395,,,,
Circle,CIR_24,Z,0.000,0.000,0.000,,,,
Circle,CIR_25,DIAM,6.564,6.500,0.064,-0.200,0.200,,Criterion : Least Square (From 6 Pts On PL_PLAST_25) 
Circle,CIR_25,Y,111.200,111.000,0.200,,,,
Circle,CIR_25,Z,-106.350,-105.500,-0.850,,,,
Circle,CIR_26,DIAM,6.493,6.500,-0.007,-0.200,0.200,,Criterion : Least Square (From 6 Pts On PL_PLAST_26) 
Circle,CIR_26,Y,97.987,98.000,-0.013,,,,
Circle,CIR_26,Z,194.266,194.500,-0.234,,,,
Pos. Tol.,POS_B,PTOL,0.100,0.000,0.100,0.000,0.300,,CIR_B/NOMINAL - CS_ABC_BF_SURFACE - C-Zone - XZ - Nominal
Distance,DIM_X_C,D1,184.778,184.993,-0.215,,,,PNT_C - ORIGIN / CS_ABC_BF_SURFACE
Distance,DIM_X_C,D2,,,,,,,
Distance,DIM_X_C,X,-0.045,0.000,-0.045,-0.150,0.150,,
Distance,DIM_X_C,Y,-0.000,-0.000,0.000,,,,
Distance,DIM_X_C,Z,184.778,184.993,-0.215,,,,
Distance,DIM_Z_C,D1,184.778,184.993,-0.215,,,,PNT_C - ORIGIN / CS_ABC_BF_SURFACE
Distance,DIM_Z_C,D2,,,,,,,
Distance,DIM_Z_C,X,-0.045,0.000,-0.045,,,,
Distance,DIM_Z_C,Y,-0.000,-0.000,0.000,,,,
Distance,DIM_Z_C,Z,184.778,185.000,-0.222,-0.350,0.350,,
Pos. Tol.,POS_1,PTOL,0.608,0.000,0.608,0.000,1.000,,CIR_1/NOMINAL - CS_ABC_BF_SURFACE - C-Zone - XZ - Nominal
Pos. Tol.,POS_2,PTOL,0.298,0.000,0.298,0.000,1.000,,CIR_2/NOMINAL - CS_ABC_BF_SURFACE - C-Zone - XZ - Nominal
Pos. Tol.,POS_3,PTOL,0.136,0.000,0.136,0.000,1.000,,CIR_3/NOMINAL - CS_ABC_BF_SURFACE - C-Zone - XZ - Nominal
Pos. Tol.,POS_4,PTOL,0.168,0.000,0.168,0.000,1.000,,CIR_4/NOMINAL - CS_ABC_BF_SURFACE - C-Zone - XZ - Nominal
Pos. Tol.,POS_5,PTOL,0.406,0.000,0.406,0.000,1.000,,CIR_5/NOMINAL - CS_ABC_BF_SURFACE - C-Zone - XZ - Nominal
Pos. Tol.,POS_6,PTOL,0.454,0.000,0.454,0.000,1.000,,CIR_6/NOMINAL - CS_ABC_BF_SURFACE - C-Zone - XZ - Nominal
Pos. Tol.,POS_7,PTOL,1.249,0.000,1.249,0.000,3.000,,CIR_7/NOMINAL - CS_ABC_BF_SURFACE - C-Zone - XYZ - Nominal
Pos. Tol.,POS_8,PTOL,1.596,0.000,1.596,0.000,3.000,,CIR_8/NOMINAL - CS_ABC_BF_SURFACE - C-Zone - XZ - Nominal
Pos. Tol.,POS_9,PTOL,2.072,0.000,2.072,0.000,3.000,,CIR_9_5.5MM/NOMINAL - CS_ABC_BF_SURFACE - C-Zone - XYZ - Nominal
Pos. Tol.,POS_10,PTOL,1.342,0.000,1.342,0.000,4.000,,CIR_10/NOMINAL - CS_ABC_BF_SURFACE - C-Zone - XYZ - Nominal
Pos. Tol.,POS_11,PTOL,1.496,0.000,1.496,0.000,4.000,,CIR_11/NOMINAL - CS_ABC_BF_SURFACE - C-Zone - XYZ - Nominal
Pos. Tol.,POS_12,PTOL,2.147,0.000,2.147,0.000,4.000,,CIR_12/NOMINAL - CS_ABC_BF_SURFACE - C-Zone - XYZ - Nominal
Pos. Tol.,POS_13,PTOL,1.499,0.000,1.499,0.000,4.000,,CIR_13/NOMINAL - CS_ABC_BF_SURFACE - C-Zone - XYZ - Nominal
Pos. Tol.,POS_14,PTOL,1.076,0.000,1.076,0.000,4.000,,CIR_14/NOMINAL - CS_ABC_BF_SURFACE - C-Zone - XYZ - Nominal
Pos. Tol.,POS_2D_11,PTOL,0.404,0.000,0.404,0.000,0.650,,2D_CIR_11/NOMINAL - CS_DE_BF - C-Zone - YZ - Nominal
Pos. Tol.,POS_2D_12,PTOL,0.362,0.000,0.362,0.000,0.650,,2D_CIR_12/NOMINAL - CS_DE_BF - C-Zone - YZ - Nominal
Pos. Tol.,POS_2D_13,PTOL,0.444,0.000,0.444,0.000,0.650,,2D_CIR_13/NOMINAL - CS_DE_BF - C-Zone - YZ - Nominal
Pos. Tol.,POS_2D_14,PTOL,0.576,0.000,0.576,0.000,0.650,,2D_CIR_14/NOMINAL - CS_DE_BF - C-Zone - YZ - Nominal
Pos. Tol.,POS_15,PTOL,2.101,0.000,2.101,0.000,4.000,,CIR_15/NOMINAL - CS_ABC_BF_SURFACE - C-Zone - YZ - Nominal
Pos. Tol.,POS_16,PTOL,0.466,0.000,0.466,0.000,4.000,,CIR_16/NOMINAL - CS_ABC_BF_SURFACE - C-Zone - YZ - Nominal
Pos. Tol.,POS_17,PTOL,0.535,0.000,0.535,0.000,3.000,,CIR_17/NOMINAL - CS_ABC_BF_SURFACE - C-Zone - XZ - Nominal
Pos. Tol.,POS_18,PTOL,1.690,0.000,1.690,0.000,3.000,,CIR_18/NOMINAL - CS_ABC_BF_SURFACE - C-Zone - XYZ - Nominal
Pos. Tol.,POS_19,PTOL,1.548,0.000,1.548,0.000,3.000,,CIR_19/NOMINAL - CS_ABC_BF_SURFACE - C-Zone - XYZ - Nominal
Pos. Tol.,POS_20,PTOL,1.683,0.000,1.683,0.000,3.000,,CIR_20/NOMINAL - CS_ABC_BF_SURFACE - C-Zone - XZ - Nominal
Pos. Tol.,POS_21,PTOL,0.815,0.000,0.815,0.000,3.000,,CIR_21/NOMINAL - CS_ABC_BF_SURFACE - C-Zone - XZ - Nominal
Pos. Tol.,POS_22,PTOL,0.007,0.000,0.007,0.000,3.000,,CIR_22/NOMINAL - CS_21_22 - C-Zone - XZ - Nominal
Pos. Tol.,POS_23,PTOL,1.694,0.000,1.694,0.000,3.000,,CIR_23/NOMINAL - CS_ABC_BF_SURFACE - C-Zone - XZ - Nominal
Pos. Tol.,POS_24,PTOL,0.791,0.000,0.791,0.000,3.000,,CIR_24/NOMINAL - CS_23_24 - C-Zone - XZ - Nominal
Pos. Tol.,POS_25,PTOL,1.746,0.000,1.746,0.000,3.000,,CIR_25/NOMINAL - CS_ABC_BF_SURFACE - C-Zone - YZ - Nominal
Pos. Tol.,POS_26,PTOL,0.991,0.000,0.991,0.000,3.000,,CIR_26/NOMINAL - CS_ABC_BF_SURFACE - C-Zone - XZ - Nominal
Distance,PROF_15,X,62.434,62.200,0.234,-2.000,2.000,,CIR_15 - ORIGIN / CS_ABC_BF_SURFACE
Distance,PROF_16,X,62.602,62.190,0.412,-2.000,2.000,,CIR_16 - ORIGIN / CS_ABC_BF_SURFACE
Distance,PROF_17,Y,155.420,156.000,-0.580,-1.500,1.500,,CIR_17 - ORIGIN / CS_ABC_BF_SURFACE
Distance,PROF_20,Y,138.497,139.000,-0.503,-1.500,1.500,,CIR_20 - ORIGIN / CS_ABC_BF_SURFACE
Distance,PROF_21,Y,128.680,129.000,-0.320,-1.500,1.500,,CIR_21 - ORIGIN / CS_ABC_BF_SURFACE
Distance,PROF_22,Y,128.800,128.432,0.368,-1.500,1.500,,CIR_22 - ORIGIN / CS_ABC_BF_SURFACE
Distance,PROF_23,Y,177.301,177.500,-0.199,-1.500,1.500,,CIR_23 - ORIGIN / CS_ABC_BF_SURFACE
Distance,PROF_24,Y,177.299,177.622,-0.322,-1.500,1.500,,CIR_24 - ORIGIN / CS_ABC_BF_SURFACE
Distance,PROF_25,X,49.382,49.400,-0.018,-1.500,1.500,,CIR_25 - ORIGIN / CS_ABC_BF_SURFACE
Distance,PROF_26,Y,97.987,98.000,-0.013,-1.500,1.500,,CIR_26 - ORIGIN / CS_ABC_BF_SURFACE
Angle,ANG_SPIN_WELD,ZoX,-0.448,0.000,-0.448,-1.000,1.000,,CYL_7 - Z-AXIS / CS_ABC_BF_SURFACE
Profile of Line,OP1_PROF_INSIDE_PORT,PRFL,0.840,0.000,0.840,0.000,1.000,,OP1_SRF_IN_PORT
Profile of Line,OP2_PROF_INSIDE_PORT,PRFL,0.724,0.000,0.724,0.000,1.000,,OP2_SRF_IN_PORT
Profile of Line,OP3_PROF_INSIDE_PORT,PRFL,0.161,0.000,0.161,0.000,1.000,,OP3_SRF_IN_PORT
Profile of Line,OP4_PROF_INSIDE_PORT,PRFL,0.678,0.000,0.678,0.000,1.000,,OP4_SRF_IN_PORT
Distance,WIDTH_C,D1,7.152,7.000,0.152,0.000,0.200,,SRF_PT_C_LH - SRF_PT_C_RH / CS_ABC_BF_SURFACE
