Feat. Type,Feat. Name,Value,Actual,Nominal,Dev.,Tol-,Tol+,Out of Tol.,Comment
Text/Value,VAR_PROGRAM,VAL,,,,,,,'N:\Metrolog XG\Programmes\GM HF RWD Gen II\GM HF RWD Gen II Complete (Module 64).gm2'
Text/Value,VAR_EVENEMENT,VAL,,,,,,,'Demarrage 274 C'
Text/Value,VAR_COMMENTAIRES,VAL,,,,,,,'275 A'
Point,PNT_MID_C,Z,-0.132,0.000,-0.132,,,,Med. SRF_C_TOP - SRF_C_DOWN.
Distance,WIDTH_C,D1,8.772,8.860,-0.088,-0.150,0.150,,SRF_C_TOP - SRF_C_DOWN / CS_ABC_BF_SURFACES
Circle,CIR1,X,-51.549,-52.000,0.451,,,,From 4 Pts On PL_PLAST_1
Circle,CIR1,Z,-112.585,-112.500,-0.085,,,,
Pos. Tol.,PTOL_CIR_1,PTOL,0.917,0.000,0.917,0.000,1.938,,CIR1/NOMINAL - CS_AB_PORTS - C-Zone - XZ - Nominal
Circle,CIR2,X,-51.674,-52.000,0.326,,,,From 4 Pts On PL_PLAST_2
Circle,CIR2,Z,-17.847,-18.000,0.153,,,,
Pos. Tol.,PTOL_CIR_2,PTOL,0.720,0.000,0.720,0.000,1.938,,CIR2/NOMINAL - CS_AB_PORTS - C-Zone - XZ - Nominal
Circle,CIR3,X,-51.493,-52.000,0.507,,,,From 4 Pts On PL_PLAST_3
Circle,CIR3,Z,87.559,88.000,-0.441,,,,
Pos. Tol.,PTOL_CIR_3,PTOL,1.344,0.000,1.344,0.000,1.938,,CIR3/NOMINAL - CS_AB_PORTS - C-Zone - XZ - Nominal
Circle,CIR4,X,-51.314,-52.000,0.686,,,,From 4 Pts On PL_PLAST_4
Circle,CIR4,Z,193.501,194.000,-0.499,,,,
Pos. Tol.,PTOL_CIR_4,PTOL,1.697,0.000,1.697,0.000,1.938,,CIR4/NOMINAL - CS_AB_PORTS - C-Zone - XZ - Nominal
Circle,CIR5,X,51.745,52.000,-0.255,,,,From 3 Pts On PL_PLAST_5
Circle,CIR5,Z,154.861,155.500,-0.639,,,,
Pos. Tol.,PTOL_CIR_5,PTOL,1.376,0.000,1.376,0.000,1.938,,CIR5/NOMINAL - CS_AB_PORTS - C-Zone - XZ - Nominal
Circle,CIR6,X,51.591,52.000,-0.409,,,,From 4 Pts On PL_PLAST_6
Circle,CIR6,Z,60.704,61.000,-0.296,,,,
Pos. Tol.,PTOL_CIR_6,PTOL,1.011,0.000,1.011,0.000,1.938,,CIR6/NOMINAL - CS_AB_PORTS - C-Zone - XZ - Nominal
Circle,CIR7,X,51.767,52.000,-0.233,,,,From 4 Pts On PL_PLAST_7
Circle,CIR7,Z,-44.944,-45.000,0.056,,,,
Pos. Tol.,PTOL_CIR_7,PTOL,0.480,0.000,0.480,0.000,1.938,,CIR7/NOMINAL - CS_AB_PORTS - C-Zone - XZ - Nominal
Circle,CIR8,X,51.633,52.000,-0.367,,,,From 4 Pts On PL_PLAST_8
Circle,CIR8,Z,-150.689,-151.000,0.311,,,,
Pos. Tol.,PTOL_CIR_8,PTOL,0.963,0.000,0.963,0.000,1.938,,CIR8/NOMINAL - CS_AB_PORTS - C-Zone - XZ - Nominal
Circle,CIR_9_GAGE_6,DIAM,12.242,12.200,0.042,-0.080,0.120,,Criterion : Least Square (From 12 Pts On PL_PLAST_9) 
Circle,2D_CIR_10,X,-0.219,0.000,-0.219,,,,
Circle,2D_CIR_10,Z,0.000,0.000,0.000,,,,
Pos. Tol.,PTOL_2D_CIR_10,PTOL,0.414,0.000,0.414,0.000,0.500,,2D_CIR_10/NOMINAL - CS_HJ - C-Zone - YZ - Nominal
Distance,H_10,X,0.085,-0.000,0.085,0.000,0.400,,CIR_10 - PL_PLAST_10 / CS_HJ_ROT_180
Circle,2D_CIR_INS_11,X,41.633,42.000,-0.367,,,,
Circle,2D_CIR_INS_11,Y,28.847,29.000,-0.153,,,,
Pos. Tol.,PTOL_2D_CIR_11,PTOL,0.795,0.000,0.795,0.000,0.650,0.145,2D_CIR_INS_11/NOMINAL - CS_D_BF - C-Zone - XY - Nominal
Distance,H_11,Z,0.134,-0.000,0.134,0.000,0.400,,CIR_INS_11 - PL_PLAST_INS_11 / CS_D_BF
Circle,2D_CIR_INS_12,X,42.078,42.000,0.078,,,,
Circle,2D_CIR_INS_12,Y,-33.961,-34.000,0.039,,,,
Pos. Tol.,PTOL_2D_CIR_12,PTOL,0.175,0.000,0.175,0.000,0.650,,2D_CIR_INS_12/NOMINAL - CS_D_BF - C-Zone - XY - Nominal
Distance,H_12,Z,0.137,-0.000,0.138,0.000,0.400,,CIR_INS_12 - PL_PLAST_INS_12 / CS_D_BF
Circle,2D_CIR_INS_13,X,-41.926,-42.000,0.074,,,,
Circle,2D_CIR_INS_13,Y,-33.957,-34.000,0.043,,,,
Pos. Tol.,PTOL_2D_CIR_13,PTOL,0.171,0.000,0.171,0.000,0.650,,2D_CIR_INS_13/NOMINAL - CS_D_BF - C-Zone - XY - Nominal
Distance,H_13,Z,0.101,-0.000,0.101,0.000,0.400,,CIR_INS_13 - PL_PLAST_INS_13 / CS_D_BF
Circle,2D_CIR_INS_14,X,-41.785,-42.000,0.215,,,,
Circle,2D_CIR_INS_14,Y,29.071,29.000,0.071,,,,
Pos. Tol.,PTOL_2D_CIR_14,PTOL,0.452,0.000,0.452,0.000,0.650,,2D_CIR_INS_14/NOMINAL - CS_D_BF - C-Zone - XY - Nominal
Distance,H_14,Z,0.077,-0.000,0.077,0.000,0.400,,CIR_INS_14 - PL_PLAST_INS_14 / CS_D_BF
Paral.,PERP_11_,PARA,0.205,0.000,0.205,0.000,0.250,,PL_INS_11/PL_PLAST_A - P-Zone - Cloud of Points 
Paral.,PERP_12_,PARA,0.156,0.000,0.156,0.000,0.250,,PL_INS_12/PL_PLAST_A - P-Zone - Cloud of Points 
Paral.,PERP_13_,PARA,0.123,0.000,0.123,0.000,0.250,,PL_INS_13/PL_PLAST_A - P-Zone - Cloud of Points 
Paral.,PERP_14_,PARA,0.308,0.000,0.308,0.000,0.250,0.058,PL_INS_14/PL_PLAST_A - P-Zone - Cloud of Points 
Distance,OP1_WIDTH_1,D1,3.971,4.000,-0.029,-0.250,0.100,,OP1_PT1_OW_GAGE - OP1_PT1_IW_GAGE / CS_BF_OP1
Distance,OP1_WIDTH_2,D1,3.968,4.000,-0.032,-0.250,0.050,,OP1_PT2_OW_GAGE - OP1_PT2_IW_GAGE / CS_BF_OP1
Distance,OP1_WIDTH_3,D1,3.854,4.000,-0.146,-0.250,0.050,,OP1_PT3_OW_GAGE - OP1_PT3_IW_GAGE / CS_BF_OP1
Distance,OP1_WIDTH_4,D1,3.847,4.000,-0.153,-0.250,0.050,,OP1_PT4_OW_GAGE - OP1_PT4_IW_GAGE / CS_BF_OP1
Distance,OP1_WIDTH_5,D1,3.943,4.000,-0.057,-0.250,0.100,,OP1_PT5_OW_GAGE - OP1_PT5_IW_GAGE / CS_BF_OP1
Distance,OP1_WIDTH_6,D1,3.948,4.000,-0.052,-0.250,0.050,,OP1_PT6_OW_GAGE - OP1_PT6_IW_GAGE / CS_BF_OP1
Distance,OP1_WIDTH_7,D1,3.835,4.000,-0.165,-0.250,0.050,,OP1_PT7_OW_GAGE - OP1_PT7_IW_GAGE / CS_BF_OP1
Distance,OP1_WIDTH_8,D1,3.886,4.000,-0.114,-0.250,0.050,,OP1_PT8_OW_GAGE - OP1_PT8_IW_GAGE / CS_BF_OP1
Distance,OP_1_DEPTH_1,D1,6.010,6.000,0.010,-0.150,0.250,,OP1_PT1_DEPTH - PL_FIXTURE_A / CS_BF_OP1
Distance,OP_1_DEPTH_2,D1,6.081,6.000,0.081,-0.150,0.250,,OP1_PT2_DEPTH - PL_FIXTURE_A / CS_BF_OP1
Distance,OP_1_DEPTH_3,D1,6.173,6.000,0.173,-0.150,0.250,,OP1_PT3_DEPTH - PL_FIXTURE_A / CS_BF_OP1
Distance,OP_1_DEPTH_4,D1,6.342,6.000,0.342,-0.150,0.300,0.042,OP1_PT4_DEPTH - PL_FIXTURE_A / CS_BF_OP1
Distance,OP_1_DEPTH_5,D1,6.366,6.000,0.366,-0.150,0.300,0.066,OP1_PT5_DEPTH - PL_FIXTURE_A / CS_BF_OP1
Distance,OP_1_DEPTH_6,D1,6.283,6.000,0.283,-0.150,0.300,,OP1_PT6_DEPTH - PL_FIXTURE_A / CS_BF_OP1
Distance,OP_1_DEPTH_7,D1,6.162,6.000,0.162,-0.150,0.250,,OP1_PT7_DEPTH - PL_FIXTURE_A / CS_BF_OP1
Distance,OP_1_DEPTH_8,D1,6.089,6.000,0.089,-0.150,0.250,,OP1_PT8_DEPTH - PL_FIXTURE_A / CS_BF_OP1
Profile of Line,OP1TOL_PRF_IN,PRFL,0.859,0.000,0.859,0.000,1.438,,OP1_SECT_IN
Distance,OP2_WIDTH_1,D1,3.952,4.000,-0.048,-0.250,0.050,,OP2_PT1_OW_GAGE - OP2_PT1_IW_GAGE / CS_BF_OP2
Distance,OP2_WIDTH_2,D1,3.921,4.000,-0.079,-0.250,0.050,,OP2_PT2_OW_GAGE - OP2_PT2_IW_GAGE / CS_BF_OP2
Distance,OP2_WIDTH_3,D1,3.859,4.000,-0.141,-0.250,0.050,,OP2_PT3_OW_GAGE - OP2_PT3_IW_GAGE / CS_BF_OP2
Distance,OP2_WIDTH_4,D1,3.909,4.000,-0.091,-0.250,0.050,,OP2_PT4_OW_GAGE - OP2_PT4_IW_GAGE / CS_BF_OP2
Distance,OP2_WIDTH_5,D1,3.874,4.000,-0.126,-0.250,0.050,,OP2_PT5_OW_GAGE - OP2_PT5_IW_GAGE / CS_BF_OP2
Distance,OP2_WIDTH_6,D1,3.948,4.000,-0.052,-0.250,0.050,,OP2_PT6_OW_GAGE - OP2_PT6_IW_GAGE / CS_BF_OP2
Distance,OP2_WIDTH_7,D1,3.988,4.000,-0.012,-0.250,0.050,,OP2_PT7_OW_GAGE - OP2_PT7_IW_GAGE / CS_BF_OP2
Distance,OP2_WIDTH_8,D1,3.923,4.000,-0.077,-0.250,0.050,,OP2_PT8_OW_GAGE - OP2_PT8_IW_GAGE / CS_BF_OP2
Distance,OP_2_DEPTH_1,D1,6.016,6.000,0.016,-0.150,0.250,,OP2_PT1_DEPTH - PL_FIXTURE_A / CS_BF_OP2
Distance,OP_2_DEPTH_2,D1,6.022,6.000,0.022,-0.150,0.250,,OP2_PT2_DEPTH - PL_FIXTURE_A / CS_BF_OP2
Distance,OP_2_DEPTH_3,D1,6.053,6.000,0.053,-0.150,0.250,,OP2_PT3_DEPTH - PL_FIXTURE_A / CS_BF_OP2
Distance,OP_2_DEPTH_4,D1,6.206,6.000,0.206,-0.150,0.250,,OP2_PT4_DEPTH - PL_FIXTURE_A / CS_BF_OP2
Distance,OP_2_DEPTH_5,D1,6.293,6.000,0.293,-0.150,0.250,0.043,OP2_PT5_DEPTH - PL_FIXTURE_A / CS_BF_OP2
Distance,OP_2_DEPTH_6,D1,6.297,6.000,0.297,-0.150,0.250,0.047,OP2_PT6_DEPTH - PL_FIXTURE_A / CS_BF_OP2
Distance,OP_2_DEPTH_7,D1,6.196,6.000,0.196,-0.150,0.250,,OP2_PT7_DEPTH - PL_FIXTURE_A / CS_BF_OP2
Distance,OP_2_DEPTH_8,D1,6.114,6.000,0.114,-0.150,0.250,,OP2_PT8_DEPTH - PL_FIXTURE_A / CS_BF_OP2
Profile of Line,OP2TOL_PRF_IN,PRFL,1.143,0.000,1.143,0.000,1.600,,OP2_SECT_IN
Distance,OP3_WIDTH_1,D1,3.928,4.000,-0.072,-0.250,0.050,,OP3_PT1_OW_GAGE - OP3_PT1_IW_GAGE / CS_BF_OP3
Distance,OP3_WIDTH_2,D1,3.959,4.000,-0.041,-0.250,0.050,,OP3_PT2_OW_GAGE - OP3_PT2_IW_GAGE / CS_BF_OP3
Distance,OP3_WIDTH_3,D1,3.866,4.000,-0.134,-0.250,0.050,,OP3_PT3_OW_GAGE - OP3_PT3_IW_GAGE / CS_BF_OP3
Distance,OP3_WIDTH_4,D1,3.927,4.000,-0.073,-0.250,0.050,,OP3_PT4_OW_GAGE - OP3_PT4_IW_GAGE / CS_BF_OP3
Distance,OP3_WIDTH_5,D1,3.865,4.000,-0.135,-0.250,0.050,,OP3_PT5_OW_GAGE - OP3_PT5_IW_GAGE / CS_BF_OP3
Distance,OP3_WIDTH_6,D1,3.944,4.000,-0.056,-0.250,0.050,,OP3_PT6_OW_GAGE - OP3_PT6_IW_GAGE / CS_BF_OP3
Distance,OP3_WIDTH_7,D1,3.874,4.000,-0.126,-0.250,0.050,,OP3_PT7_OW_GAGE - OP3_PT7_IW_GAGE / CS_BF_OP3
Distance,OP3_WIDTH_8,D1,3.894,4.000,-0.106,-0.250,0.050,,OP3_PT8_OW_GAGE - OP3_PT8_IW_GAGE / CS_BF_OP3
Distance,OP_3_DEPTH_1,D1,5.955,6.000,-0.045,-0.150,0.250,,OP3_PT1_DEPTH - PL_FIXTURE_A / CS_BF_OP3
Distance,OP_3_DEPTH_2,D1,5.998,6.000,-0.003,-0.150,0.250,,OP3_PT2_DEPTH - PL_FIXTURE_A / CS_BF_OP3
Distance,OP_3_DEPTH_3,D1,6.008,6.000,0.008,-0.150,0.250,,OP3_PT3_DEPTH - PL_FIXTURE_A / CS_BF_OP3
Distance,OP_3_DEPTH_4,D1,6.176,6.000,0.176,-0.150,0.250,,OP3_PT4_DEPTH - PL_FIXTURE_A / CS_BF_OP3
Distance,OP_3_DEPTH_5,D1,6.246,6.000,0.245,-0.150,0.250,,OP3_PT5_DEPTH - PL_FIXTURE_A / CS_BF_OP3
Distance,OP_3_DEPTH_6,D1,6.139,6.000,0.139,-0.150,0.250,,OP3_PT6_DEPTH - PL_FIXTURE_A / CS_BF_OP3
Distance,OP_3_DEPTH_7,D1,6.033,6.000,0.033,-0.150,0.250,,OP3_PT7_DEPTH - PL_FIXTURE_A / CS_BF_OP3
Distance,OP_3_DEPTH_8,D1,5.997,6.000,-0.003,-0.150,0.250,,OP3_PT8_DEPTH - PL_FIXTURE_A / CS_BF_OP3
Profile of Line,OP3TOL_PRF_IN,PRFL,1.022,0.000,1.022,0.000,1.438,,OP3_SECT_IN
Distance,OP4_WIDTH_1,D1,3.963,4.000,-0.037,-0.250,0.050,,OP4_PT1_OW_GAGE - OP4_PT1_IW_GAGE / CS_BF_OP4
Distance,OP4_WIDTH_2,D1,3.966,4.000,-0.034,-0.250,0.050,,OP4_PT2_OW_GAGE - OP4_PT2_IW_GAGE / CS_BF_OP4
Distance,OP4_WIDTH_3,D1,3.934,4.000,-0.066,-0.250,0.050,,OP4_PT3_OW_GAGE - OP4_PT3_IW_GAGE / CS_BF_OP4
Distance,OP4_WIDTH_4,D1,3.859,4.000,-0.141,-0.250,0.050,,OP4_PT4_OW_GAGE - OP4_PT4_IW_GAGE / CS_BF_OP4
Distance,OP4_WIDTH_5,D1,3.923,4.000,-0.077,-0.250,0.050,,OP4_PT5_OW_GAGE - OP4_PT5_IW_GAGE / CS_BF_OP4
Distance,OP4_WIDTH_6,D1,3.873,4.000,-0.127,-0.250,0.050,,OP4_PT6_OW_GAGE - OP4_PT6_IW_GAGE / CS_BF_OP4
Distance,OP4_WIDTH_7,D1,3.869,4.000,-0.131,-0.250,0.050,,OP4_PT7_OW_GAGE - OP4_PT7_IW_GAGE / CS_BF_OP4
Distance,OP4_WIDTH_8,D1,3.900,4.000,-0.100,-0.250,0.050,,OP4_PT8_OW_GAGE - OP4_PT8_IW_GAGE / CS_BF_OP4
Distance,OP4_DEPTH_1,D1,6.038,6.000,0.038,-0.150,0.250,,PL_FIXTURE_B - OP4_PT1_DEPTH / CS_BF_OP4
Distance,OP4_DEPTH_2,D1,6.082,6.000,0.082,-0.150,0.250,,PL_FIXTURE_B - OP4_PT2_DEPTH / CS_BF_OP4
Distance,OP4_DEPTH_3,D1,6.043,6.000,0.043,-0.150,0.250,,PL_FIXTURE_B - OP4_PT3_DEPTH / CS_BF_OP4
Distance,OP4_DEPTH_4,D1,6.076,6.000,0.076,-0.150,0.250,,PL_FIXTURE_B - OP4_PT4_DEPTH / CS_BF_OP4
Distance,OP4_DEPTH_5,D1,6.167,6.000,0.167,-0.150,0.250,,PL_FIXTURE_B - OP4_PT5_DEPTH / CS_BF_OP4
Distance,OP4_DEPTH_6,D1,6.138,6.000,0.138,-0.150,0.250,,PL_FIXTURE_B - OP4_PT6_DEPTH / CS_BF_OP4
Distance,OP4_DEPTH_7,D1,6.019,6.000,0.019,-0.150,0.250,,PL_FIXTURE_B - OP4_PT7_DEPTH / CS_BF_OP4
Distance,OP4_DEPTH_8,D1,6.048,6.000,0.048,-0.150,0.250,,PL_FIXTURE_B - OP4_PT8_DEPTH / CS_BF_OP4
Profile of Line,OP4TOL_PRF_IN,PRFL,0.669,0.000,0.669,0.000,1.438,,OP4_SECT_IN
Distance,OP5_WIDTH_1,D1,3.946,4.000,-0.054,-0.250,0.050,,OP5_PT1_OW_GAGE - OP5_PT1_IW_GAGE / CS_BF_OP5
Distance,OP5_WIDTH_2,D1,3.978,4.000,-0.022,-0.250,0.050,,OP5_PT2_OW_GAGE - OP5_PT2_IW_GAGE / CS_BF_OP5
Distance,OP5_WIDTH_3,D1,3.886,4.000,-0.114,-0.250,0.050,,OP5_PT3_OW_GAGE - OP5_PT3_IW_GAGE / CS_BF_OP5
Distance,OP5_WIDTH_4,D1,3.913,4.000,-0.087,-0.250,0.050,,OP5_PT4_OW_GAGE - OP5_PT4_IW_GAGE / CS_BF_OP5
Distance,OP5_WIDTH_5,D1,3.873,4.000,-0.127,-0.250,0.050,,OP5_PT5_OW_GAGE - OP5_PT5_IW_GAGE / CS_BF_OP5
Distance,OP5_WIDTH_6,D1,3.864,4.000,-0.136,-0.250,0.050,,OP5_PT6_OW_GAGE - OP5_PT6_IW_GAGE / CS_BF_OP5
Distance,OP5_WIDTH_7,D1,3.920,4.000,-0.080,-0.250,0.050,,OP5_PT7_OW_GAGE - OP5_PT7_IW_GAGE / CS_BF_OP5
Distance,OP5_WIDTH_8,D1,3.885,4.000,-0.115,-0.250,0.050,,OP5_PT8_OW_GAGE - OP5_PT8_IW_GAGE / CS_BF_OP5
Distance,OP5_DEPTH_1,D1,6.023,6.000,0.023,-0.150,0.250,,PL_FIXTURE_B - OP5_PT1_DEPTH / CS_BF_OP5
Distance,OP5_DEPTH_2,D1,6.050,6.000,0.050,-0.150,0.250,,PL_FIXTURE_B - OP5_PT2_DEPTH / CS_BF_OP5
Distance,OP5_DEPTH_3,D1,5.977,6.000,-0.023,-0.200,0.250,,PL_FIXTURE_B - OP5_PT3_DEPTH / CS_BF_OP5
Distance,OP5_DEPTH_4,D1,5.956,6.000,-0.044,-0.200,0.250,,PL_FIXTURE_B - OP5_PT4_DEPTH / CS_BF_OP5
Distance,OP5_DEPTH_5,D1,6.008,6.000,0.008,-0.150,0.250,,PL_FIXTURE_B - OP5_PT5_DEPTH / CS_BF_OP5
Distance,OP5_DEPTH_6,D1,6.025,6.000,0.025,-0.150,0.250,,PL_FIXTURE_B - OP5_PT6_DEPTH / CS_BF_OP5
Distance,OP5_DEPTH_7,D1,6.013,6.000,0.013,-0.150,0.250,,PL_FIXTURE_B - OP5_PT7_DEPTH / CS_BF_OP5
Distance,OP5_DEPTH_8,D1,6.008,6.000,0.008,-0.150,0.250,,PL_FIXTURE_B - OP5_PT8_DEPTH / CS_BF_OP5
Profile of Line,OP5TOL_PRF_IN,PRFL,0.894,0.000,0.894,0.000,1.438,,OP5_SECT_IN
Distance,OP6_WIDTH_1,D1,3.940,4.000,-0.060,-0.250,0.050,,OP6_PT1_OW_GAGE - OP6_PT1_IW_GAGE / CS_BF_OP6
Distance,OP6_WIDTH_2,D1,3.976,4.000,-0.024,-0.250,0.050,,OP6_PT2_OW_GAGE - OP6_PT2_IW_GAGE / CS_BF_OP6
Distance,OP6_WIDTH_3,D1,3.908,4.000,-0.092,-0.250,0.050,,OP6_PT3_OW_GAGE - OP6_PT3_IW_GAGE / CS_BF_OP6
Distance,OP6_WIDTH_4,D1,3.908,4.000,-0.092,-0.250,0.050,,OP6_PT4_OW_GAGE - OP6_PT4_IW_GAGE / CS_BF_OP6
Distance,OP6_WIDTH_5,D1,3.934,4.000,-0.066,-0.250,0.050,,OP6_PT5_OW_GAGE - OP6_PT5_IW_GAGE / CS_BF_OP6
Distance,OP6_WIDTH_6,D1,3.905,4.000,-0.095,-0.250,0.050,,OP6_PT6_OW_GAGE - OP6_PT6_IW_GAGE / CS_BF_OP6
Distance,OP6_WIDTH_7,D1,3.931,4.000,-0.069,-0.250,0.050,,OP6_PT7_OW_GAGE - OP6_PT7_IW_GAGE / CS_BF_OP6
Distance,OP6_WIDTH_8,D1,3.905,4.000,-0.095,-0.250,0.050,,OP6_PT8_OW_GAGE - OP6_PT8_IW_GAGE / CS_BF_OP6
Distance,OP6_DEPTH_1,D1,6.009,6.000,0.009,-0.150,0.250,,PL_FIXTURE_B - OP6_PT1_DEPTH / CS_BF_OP6
Distance,OP6_DEPTH_2,D1,6.248,6.000,0.248,-0.150,0.250,,PL_FIXTURE_B - OP6_PT2_DEPTH / CS_BF_OP6
Distance,OP6_DEPTH_3,D1,6.177,6.000,0.177,-0.150,0.250,,PL_FIXTURE_B - OP6_PT3_DEPTH / CS_BF_OP6
Distance,OP6_DEPTH_4,D1,6.144,6.000,0.144,-0.150,0.250,,PL_FIXTURE_B - OP6_PT4_DEPTH / CS_BF_OP6
Distance,OP6_DEPTH_5,D1,6.164,6.000,0.164,-0.150,0.250,,PL_FIXTURE_B - OP6_PT5_DEPTH / CS_BF_OP6
Distance,OP6_DEPTH_6,D1,6.095,6.000,0.095,-0.150,0.250,,PL_FIXTURE_B - OP6_PT6_DEPTH / CS_BF_OP6
Distance,OP6_DEPTH_7,D1,6.066,6.000,0.066,-0.150,0.250,,PL_FIXTURE_B - OP6_PT7_DEPTH / CS_BF_OP6
Distance,OP6_DEPTH_8,D1,6.078,6.000,0.078,-0.150,0.250,,PL_FIXTURE_B - OP6_PT8_DEPTH / CS_BF_OP6
Profile of Line,OP6TOL_PRF_IN,PRFL,1.129,0.000,1.129,0.000,1.600,,OP6_SECT_IN
Distance,WIDTH_TBA_1,D1,3.152,3.250,-0.098,-0.300,0.150,,0W2.5_1.1 - IW2.5_1.1 / CS_D_BF
Distance,WIDTH_TBA_2,D1,3.127,3.250,-0.123,-0.300,0.150,,0W2.5_1.2 - IW2.5_1.2 / CS_D_BF
Distance,WIDTH_TBA_3,D1,3.226,3.250,-0.024,-0.150,0.150,,0W2.5_1.3 - IW2.5_1.3 / CS_D_BF
Distance,WIDTH_TBA_4,D1,3.323,3.250,0.073,-0.150,0.250,,0W2.5_1.4 - IW2.5_1.4 / CS_D_BF
Distance,WIDTH_TBA_5,D1,3.281,3.250,0.031,-0.300,0.150,,0W2.5_1.5 - IW2.5_1.5 / CS_D_BF
Distance,WIDTH_TBA_6,D1,3.216,3.250,-0.034,-0.150,0.150,,0W2.5_1.6 - IW2.5_1.6 / CS_D_BF
Distance,WIDTH_TBA_7,D1,3.324,3.250,0.074,-0.150,0.150,,0W2.5_1.7 - IW2.5_1.7 / CS_D_BF
Distance,WIDTH_TBA_8,D1,3.275,3.250,0.025,-0.250,0.150,,0W2.5_1.8 - IW2.5_1.8 / CS_D_BF
Distance,DEPTH_TBA_1,D1,5.073,5.150,-0.077,-0.300,0.300,,TB_BOT_1.1 - PL_D / CS_D_BF
Distance,DEPTH_TBA_2,D1,4.977,5.150,-0.173,-0.300,0.300,,TB_BOT_1.2 - PL_D / CS_D_BF
Distance,DEPTH_TBA_3,D1,4.840,5.150,-0.310,-0.400,0.300,,TB_BOT_1.3 - PL_D / CS_D_BF
Distance,DEPTH_TBA_4,D1,4.785,5.150,-0.365,-0.400,0.300,,TB_BOT_1.4 - PL_D / CS_D_BF
Distance,DEPTH_TBA_5,D1,5.005,5.150,-0.145,-0.300,0.300,,TB_BOT_1.5 - PL_D / CS_D_BF
Distance,DEPTH_TBA_6,D1,5.020,5.150,-0.130,-0.300,0.300,,TB_BOT_1.6 - PL_D / CS_D_BF
Distance,DEPTH_TBA_7,D1,5.235,5.150,0.085,-0.300,0.300,,TB_BOT_1.7 - PL_D / CS_D_BF
Distance,DEPTH_TBA_8,D1,5.260,5.150,0.110,-0.300,0.300,,TB_BOT_1.8 - PL_D / CS_D_BF
Profile of Line,PRFL_DATUM_D,PRFL,1.307,0.000,1.307,0.000,3.238,,SCT_DATUM_D
Profile of Line,PRFL_LOCAL_OW_TB,PRFL,0.535,0.000,0.535,0.000,1.100,,SCT_LOCAL_OW_TB
Circle,CIR_24,DIAM,12.032,12.080,-0.048,-0.080,0.080,,Criterion : Least Square (From 12 Pts On PL_PLAST_24) 
Circle,CIR_27,X,-59.586,-60.000,0.414,,,,Criterion : Least Square (From 8 Pts On PL_INS_27) 
Circle,CIR_27,Z,124.329,124.700,-0.371,,,,
Pos. Tol.,PTOL_CIR_27,PTOL,1.113,0.000,1.113,0.000,1.738,,CIR_27/NOMINAL - CS_ABC_BF_SURFACES_ROTATED - C-Zone - XZ - Nominal
Distance,H_27,Y,0.214,0.000,0.214,0.000,0.400,,2D_CIR_27 - PL_PLAST_27 / CS_K
Circle,CIR_28,X,11.321,11.000,0.321,,,,Criterion : Least Square (From 8 Pts On PL_INS_28) 
Circle,CIR_28,Z,124.412,124.700,-0.288,,,,
Pos. Tol.,PTOL_CIR_28,PTOL,0.862,0.000,0.862,0.000,1.738,,CIR_28/NOMINAL - CS_ABC_BF_SURFACES_ROTATED - C-Zone - XZ - Nominal
Distance,H_28,Y,0.207,0.000,0.207,0.000,0.400,,2D_CIR_28 - PL_PLAST_28 / CS_K
Pos. Tol.,PTOL_2D_CIR_28,PTOL,0.446,0.000,0.446,0.000,0.500,,2D_CIR_28/NOMINAL - CS_K - C-Zone - XZ - Nominal
Circle,2D_CIR_28,X,70.777,71.000,-0.223,,,,
Circle,2D_CIR_28,Z,0.000,0.000,0.000,,,,
