Feat. Type,Feat. Name,Value,Actual,Nominal,Dev.,Tol-,Tol+,Out of Tol.,Comment
Text/Value,VAR_PROGRAM,VAL,,,,,,,'N:\Metrolog XG\Programmes\Mercury Marine\Mercury Marine Complete (Module 51).gm2'
Text/Value,VAR_EVENEMENT,VAL,,,,,,,'Dem. 276 C'
Text/Value,VAR_COMMENTAIRES,VAL,,,,,,,'277 B'
Text/Value,PROF_A,VAL,0.434764,,,0.000000,0.500000,,
Circle,CIR_B,DIAM,8.314,8.400,-0.086,-0.100,0.100,,Criterion : Least Square (From 4 Pts On PL_FIXTURE) 
Circle,CIR_B,X,0.000,0.000,0.000,,,,
Circle,CIR_B,Z,0.000,0.000,0.000,,,,
Pos. Tol.,POS_B,PTOL,0.000,0.000,0.000,0.000,0.250,,CIR_B/NOMINAL - CS_ABC - C-Zone - XZ - Nominal
Point,PNT_DATUM_C,X,32.484,32.500,-0.016,,,,Proj. PNT_MID_C / PL_FIXTURE.
Point,PNT_DATUM_C,Z,-393.108,-393.295,0.187,,,,
Pos. Tol.,POS_C,PTOL,0.375,0.000,0.375,0.000,0.500,,PNT_DATUM_C/NOMINAL - CS_ABC - C-Zone - XZ - Nominal
Distance,WIDTH_C,D1,7.817,7.900,-0.083,-0.100,0.100,,SCT_C_RH - SCT_C_LH / CS_ABC
Circle,CIR1,X,-34.242,-34.000,-0.242,,,,From 4 Pts On AUTO
Circle,CIR1,Z,9.277,9.500,-0.223,,,,
Pos. Tol.,POS_1,PTOL,0.658,0.000,0.658,0.000,1.200,,CIR1/NOMINAL - CS_ABC - C-Zone - XZ - Nominal
Circle,CIR2,X,-33.856,-34.000,0.144,,,,From 4 Pts On AUTO
Circle,CIR2,Z,-92.948,-92.600,-0.348,,,,
Pos. Tol.,POS_2,PTOL,0.753,0.000,0.753,0.000,1.200,,CIR2/NOMINAL - CS_ABC - C-Zone - XZ - Nominal
Circle,CIR3,X,32.049,32.000,0.049,,,,From 4 Pts On AUTO
Circle,CIR3,Z,-106.352,-106.100,-0.252,,,,
Pos. Tol.,POS_3,PTOL,0.513,0.000,0.513,0.000,1.200,,CIR3/NOMINAL - CS_ABC - C-Zone - XZ - Nominal
Circle,CIR4,X,-33.838,-34.000,0.162,,,,From 4 Pts On AUTO
Circle,CIR4,Z,-183.705,-183.600,-0.105,,,,
Pos. Tol.,POS_4,PTOL,0.386,0.000,0.386,0.000,1.200,,CIR4/NOMINAL - CS_ABC - C-Zone - XZ - Nominal
Circle,CIR5,X,-33.863,-34.000,0.137,,,,From 4 Pts On AUTO
Circle,CIR5,Z,-293.871,-294.200,0.329,,,,
Pos. Tol.,POS_5,PTOL,0.713,0.000,0.713,0.000,1.200,,CIR5/NOMINAL - CS_ABC - C-Zone - XZ - Nominal
Circle,CIR6,X,31.975,32.000,-0.025,,,,From 4 Pts On AUTO
Circle,CIR6,Z,-327.068,-327.300,0.232,,,,
Pos. Tol.,POS_6,PTOL,0.467,0.000,0.467,0.000,1.200,,CIR6/NOMINAL - CS_ABC - C-Zone - XZ - Nominal
Circle,CIR7,X,-34.025,-34.000,-0.025,,,,From 4 Pts On AUTO
Circle,CIR7,Z,-399.729,-399.800,0.071,,,,
Pos. Tol.,POS_7,PTOL,0.151,0.000,0.151,0.000,1.200,,CIR7/NOMINAL - CS_ABC - C-Zone - XZ - Nominal
Circle,CIR_8,X,-152.263,-152.200,-0.064,,,,From 4 Pts On AUTO
Circle,CIR_8,Z,-375.062,-375.300,0.238,,,,
Pos. Tol.,POS_8,PTOL,0.492,0.000,0.492,0.000,1.200,,CIR_8/NOMINAL - CS_ABC - C-Zone - XZ - Nominal
Circle,CIR_9,X,-210.156,-210.000,-0.156,,,,From 4 Pts On AUTO
Circle,CIR_9,Z,-226.734,-227.000,0.266,,,,
Pos. Tol.,POS_9,PTOL,0.617,0.000,0.617,0.000,1.200,,CIR_9/NOMINAL - CS_ABC - C-Zone - XZ - Nominal
Circle,CIR_10,X,-209.636,-210.000,0.364,,,,From 4 Pts On AUTO
Circle,CIR_10,Z,-154.571,-154.910,0.339,,,,
Pos. Tol.,POS_10,PTOL,0.994,0.000,0.994,0.000,1.200,,CIR_10/NOMINAL - CS_ABC - C-Zone - XZ - Nominal
Circle,CIR_11,X,-209.899,-210.000,0.101,,,,From 4 Pts On AUTO
Circle,CIR_11,Z,-69.993,-69.900,-0.093,,,,
Pos. Tol.,POS_11,PTOL,0.275,0.000,0.275,0.000,1.200,,CIR_11/NOMINAL - CS_ABC - C-Zone - XZ - Nominal
Profile of Line,OP1_PROF_INSIDE_PORT,PRFL,1.144,0.000,1.144,0.000,1.500,,OP1_SRF_INSIDE_PORT
Profile of Line,OP2_PROF_INSIDE_PORT,PRFL,0.677,0.000,0.677,0.000,1.500,,OP2_SRF_INSIDE_PORT
Profile of Line,OP3_PROF_INSIDE_PORT,PRFL,0.741,0.000,0.741,0.000,1.500,,OP3_SRF_INSIDE_PORT
Profile of Line,OP4_PROF_INSIDE_PORT,PRFL,1.362,0.000,1.362,0.000,1.500,,OP4_SRF_INSIDE_PORT
Distance,OP1_WIDTH_1,D1,3.029,3.000,0.029,-0.150,0.150,,OP1_P3 - OP1_P7 / OP1_CS
Distance,OP1_WIDTH_2,D1,3.099,3.000,0.099,-0.150,0.150,,OP1_P11 - OP1_P15 / OP1_CS
Distance,OP1_WIDTH_3,D1,2.987,3.000,-0.013,-0.150,0.150,,OP1_P19 - OP1_P23 / OP1_CS
Distance,OP1_WIDTH_4,D1,3.036,3.000,0.036,-0.150,0.150,,OP1_P27 - OP1_P31 / OP1_CS
Distance,OP1_WIDTH_5,D1,2.893,3.000,-0.107,-0.150,0.150,,OP1_P35 - OP1_P39 / OP1_CS
Distance,OP1_WIDTH_6,D1,2.896,3.000,-0.104,-0.150,0.150,,OP1_P43 - OP1_P47 / OP1_CS
Distance,OP1_WIDTH_7,D1,2.888,3.000,-0.112,-0.150,0.150,,OP1_P51 - OP1_P55 / OP1_CS
Distance,OP1_WIDTH_8,D1,2.910,3.000,-0.090,-0.150,0.150,,OP1_P59 - OP1_P63 / OP1_CS
Distance,OP1_DEPTH_1,Y,4.953,5.000,-0.047,-0.250,0.250,,OP1_P5 - PL_FIXTURE / OP1_CS
Distance,OP1_DEPTH_2,Y,5.036,5.000,0.036,-0.250,0.250,,OP1_P13 - PL_FIXTURE / OP1_CS
Distance,OP1_DEPTH_3,Y,5.061,5.000,0.061,-0.250,0.250,,OP1_P21 - PL_FIXTURE / OP1_CS
Distance,OP1_DEPTH_4,Y,5.149,5.000,0.149,-0.250,0.250,,OP1_P29 - PL_FIXTURE / OP1_CS
Distance,OP1_DEPTH_5,Y,5.109,5.000,0.109,-0.250,0.250,,OP1_P37 - PL_FIXTURE / OP1_CS
Distance,OP1_DEPTH_6,Y,5.036,5.000,0.036,-0.250,0.250,,OP1_P45 - PL_FIXTURE / OP1_CS
Distance,OP1_DEPTH_7,Y,4.922,5.000,-0.078,-0.250,0.250,,OP1_P53 - PL_FIXTURE / OP1_CS
Distance,OP1_DEPTH_8,Y,4.919,5.000,-0.081,-0.250,0.250,,OP1_P61 - PL_FIXTURE / OP1_CS
Distance,OP2_WIDTH_1,D1,3.017,3.000,0.017,-0.150,0.150,,OP2_P3 - OP2_P7 / OP2_CS
Distance,OP2_WIDTH_2,D1,2.999,3.000,-0.001,-0.150,0.150,,OP2_P11 - OP2_P15 / OP2_CS
Distance,OP2_WIDTH_3,D1,2.958,3.000,-0.042,-0.150,0.150,,OP2_P19 - OP2_P23 / OP2_CS
Distance,OP2_WIDTH_4,D1,3.049,3.000,0.049,-0.150,0.150,,OP2_P27 - OP2_P31 / OP2_CS
Distance,OP2_WIDTH_5,D1,2.997,3.000,-0.003,-0.150,0.150,,OP2_P35 - OP2_P39 / OP2_CS
Distance,OP2_WIDTH_6,D1,2.975,3.000,-0.025,-0.150,0.150,,OP2_P43 - OP2_P47 / OP2_CS
Distance,OP2_WIDTH_7,D1,2.989,3.000,-0.011,-0.150,0.150,,OP2_P51 - OP2_P55 / OP2_CS
Distance,OP2_WIDTH_8,D1,3.073,3.000,0.073,-0.150,0.150,,OP2_P59 - OP2_P63 / OP2_CS
Distance,OP2_DEPTH_1,Y,4.967,5.000,-0.033,-0.250,0.250,,OP2_P5 - PL_FIXTURE / OP2_CS
Distance,OP2_DEPTH_2,Y,5.109,5.000,0.109,-0.250,0.250,,OP2_P13 - PL_FIXTURE / OP2_CS
Distance,OP2_DEPTH_3,Y,5.057,5.000,0.057,-0.250,0.250,,OP2_P21 - PL_FIXTURE / OP2_CS
Distance,OP2_DEPTH_4,Y,5.139,5.000,0.139,-0.250,0.250,,OP2_P29 - PL_FIXTURE / OP2_CS
Distance,OP2_DEPTH_5,Y,5.200,5.000,0.200,-0.250,0.250,,OP2_P37 - PL_FIXTURE / OP2_CS
Distance,OP2_DEPTH_6,Y,5.236,5.000,0.236,-0.250,0.250,,OP2_P45 - PL_FIXTURE / OP2_CS
Distance,OP2_DEPTH_7,Y,5.023,5.000,0.023,-0.250,0.250,,OP2_P53 - PL_FIXTURE / OP2_CS
Distance,OP2_DEPTH_8,Y,4.890,5.000,-0.110,-0.250,0.250,,OP2_P61 - PL_FIXTURE / OP2_CS
Distance,OP3_WIDTH_1,D1,2.986,3.000,-0.014,-0.150,0.150,,OP3_P3 - OP3_P7 / OP3_CS
Distance,OP3_WIDTH_2,D1,3.069,3.000,0.069,-0.150,0.150,,OP3_P11 - OP3_P15 / OP3_CS
Distance,OP3_WIDTH_3,D1,3.064,3.000,0.064,-0.150,0.150,,OP3_P19 - OP3_P23 / OP3_CS
Distance,OP3_WIDTH_4,D1,3.074,3.000,0.074,-0.150,0.150,,OP3_P27 - OP3_P31 / OP3_CS
Distance,OP3_WIDTH_5,D1,3.006,3.000,0.006,-0.150,0.150,,OP3_P35 - OP3_P39 / OP3_CS
Distance,OP3_WIDTH_6,D1,3.087,3.000,0.087,-0.150,0.150,,OP3_P43 - OP3_P47 / OP3_CS
Distance,OP3_WIDTH_7,D1,3.017,3.000,0.017,-0.150,0.150,,OP3_P51 - OP3_P55 / OP3_CS
Distance,OP3_WIDTH_8,D1,3.068,3.000,0.068,-0.150,0.150,,OP3_P59 - OP3_P63 / OP3_CS
Distance,OP3_DEPTH_1,Y,5.104,5.000,0.104,-0.250,0.250,,OP3_P5 - PL_FIXTURE / OP3_CS
Distance,OP3_DEPTH_2,Y,5.096,5.000,0.096,-0.250,0.250,,OP3_P13 - PL_FIXTURE / OP3_CS
Distance,OP3_DEPTH_3,Y,5.104,5.000,0.104,-0.250,0.250,,OP3_P21 - PL_FIXTURE / OP3_CS
Distance,OP3_DEPTH_4,Y,5.199,5.000,0.199,-0.250,0.250,,OP3_P29 - PL_FIXTURE / OP3_CS
Distance,OP3_DEPTH_5,Y,5.082,5.000,0.082,-0.250,0.250,,OP3_P37 - PL_FIXTURE / OP3_CS
Distance,OP3_DEPTH_6,Y,5.017,5.000,0.017,-0.250,0.250,,OP3_P45 - PL_FIXTURE / OP3_CS
Distance,OP3_DEPTH_7,Y,5.032,5.000,0.032,-0.250,0.250,,OP3_P53 - PL_FIXTURE / OP3_CS
Distance,OP3_DEPTH_8,Y,5.092,5.000,0.092,-0.250,0.250,,OP3_P61 - PL_FIXTURE / OP3_CS
Distance,OP4_WIDTH_1,D1,2.941,3.000,-0.059,-0.150,0.150,,OP4_P3 - OP4_P7 / OP4_CS
Distance,OP4_WIDTH_2,D1,2.981,3.000,-0.019,-0.150,0.150,,OP4_P11 - OP4_P15 / OP4_CS
Distance,OP4_WIDTH_3,D1,2.983,3.000,-0.017,-0.150,0.150,,OP4_P19 - OP4_P23 / OP4_CS
Distance,OP4_WIDTH_4,D1,2.955,3.000,-0.045,-0.150,0.150,,OP4_P27 - OP4_P31 / OP4_CS
Distance,OP4_WIDTH_5,D1,2.921,3.000,-0.079,-0.150,0.150,,OP4_P35 - OP4_P39 / OP4_CS
Distance,OP4_WIDTH_6,D1,2.910,3.000,-0.090,-0.150,0.150,,OP4_P43 - OP4_P47 / OP4_CS
Distance,OP4_WIDTH_7,D1,2.939,3.000,-0.061,-0.150,0.150,,OP4_P51 - OP4_P55 / OP4_CS
Distance,OP4_WIDTH_8,D1,2.996,3.000,-0.004,-0.150,0.150,,OP4_P59 - OP4_P63 / OP4_CS
Distance,OP4_DEPTH_1,Y,5.103,5.000,0.103,-0.250,0.250,,OP4_P5 - PL_FIXTURE / OP4_CS
Distance,OP4_DEPTH_2,Y,5.178,5.000,0.178,-0.250,0.250,,OP4_P13 - PL_FIXTURE / OP4_CS
Distance,OP4_DEPTH_3,Y,5.153,5.000,0.153,-0.250,0.250,,OP4_P21 - PL_FIXTURE / OP4_CS
Distance,OP4_DEPTH_4,Y,5.204,5.000,0.204,-0.250,0.250,,OP4_P29 - PL_FIXTURE / OP4_CS
Distance,OP4_DEPTH_5,Y,5.200,5.000,0.200,-0.250,0.250,,OP4_P37 - PL_FIXTURE / OP4_CS
Distance,OP4_DEPTH_6,Y,5.153,5.000,0.153,-0.250,0.250,,OP4_P45 - PL_FIXTURE / OP4_CS
Distance,OP4_DEPTH_7,Y,5.057,5.000,0.057,-0.250,0.250,,OP4_P53 - PL_FIXTURE / OP4_CS
Distance,OP4_DEPTH_8,Y,5.086,5.000,0.086,-0.250,0.250,,OP4_P61 - PL_FIXTURE / OP4_CS
Circle,CIR_12,DIAM,8.632,8.600,0.032,-0.100,0.100,,Criterion : Least Square (From 8 Pts On PL_PLAST_12) 
Circle,CIR_12,X,-115.500,-116.000,0.500,,,,
Circle,CIR_12,Z,-308.817,-309.000,0.183,,,,
Pos. Tol.,POS_12,PTOL,1.065,0.000,1.065,0.000,2.000,,CIR_12/NOMINAL - CS_ABC - C-Zone - XZ - Nominal
Circle,CIR_13,X,-105.043,-105.708,0.665,,,,Criterion : Least Square (From 6 Pts On PL_INS_13) 
Circle,CIR_13,Y,87.910,88.280,-0.370,,,,
Circle,CIR_13,Z,-399.900,-399.800,-0.100,,,,
Pos. Tol.,POS_13,PTOL,1.535,0.000,1.535,0.000,3.500,,CIR_13/NOMINAL - CS_ABC - C-Zone - XYZ - Nominal
Circle,CIR_14,X,-146.120,-147.031,0.910,,,,Criterion : Least Square (From 6 Pts On PL_INS_14) 
Circle,CIR_14,Y,103.300,103.320,-0.020,,,,
Circle,CIR_14,Z,-425.376,-425.600,0.224,,,,
Pos. Tol.,POS_14,PTOL,1.875,0.000,1.875,0.000,3.500,,CIR_14/NOMINAL - CS_ABC - C-Zone - XYZ - Nominal
Circle,2D_CIR_13,X,36.576,36.670,-0.094,,,,
Circle,2D_CIR_13,Z,25.734,25.800,-0.066,,,,
Pos. Tol.,POS_2D_13,PTOL,0.230,0.000,0.230,0.000,0.500,,2D_CIR_13/NOMINAL - CS_P_13_14 - C-Zone - XZ - Nominal
Distance,H_13,Y,-0.235,0.000,-0.235,-0.300,0.000,,CIR_13 - PL_PLAST_13 / CS_P_13
Circle,2D_CIR_14,X,0.000,0.000,0.000,,,,
Circle,2D_CIR_14,Z,0.000,0.000,0.000,,,,
Pos. Tol.,POS_2D_14,PTOL,0.000,0.000,0.000,0.000,0.500,,2D_CIR_14/NOMINAL - CS_P_13_14 - C-Zone - XZ - Nominal
Distance,H_14,Y,0.011,0.000,0.011,-0.300,0.000,0.011,CIR_14 - PL_PLAST_14 / CS_P_14
Distance,W_SPRING_1,D1,2.744,3.000,-0.256,-0.250,0.250,-0.006,SPRG_WALL_LH_0.5.1 - SPRG_WALL_RH_0.5.1 / CS_P_13_14
Distance,W_SPRING_2,D1,2.860,3.000,-0.140,-0.250,0.250,,SPRG_WALL_LH_0.5.2 - SPRG_WALL_RH_0.5.2 / CS_P_13_14
Distance,W_SPRING_3,D1,2.873,3.000,-0.127,-0.250,0.250,,SPRG_WALL_LH_0.5.3 - SPRG_WALL_RH_0.5.3 / CS_P_13_14
Distance,W_SPRING_4,D1,2.768,3.000,-0.232,-0.250,0.250,,SPRG_WALL_LH_0.5.4 - SPRG_WALL_RH_0.5.4 / CS_P_13_14
Distance,DP_SPRING_1,D1,3.166,3.000,0.166,-0.250,0.250,,SPRG_DEPTH.1 - PL_DATUM_P / CS_P_13_14
Distance,DP_SPRING_2,D1,3.163,3.000,0.163,-0.250,0.250,,SPRG_DEPTH.2 - PL_DATUM_P / CS_P_13_14
Distance,DP_SPRING_3,D1,3.193,3.000,0.193,-0.250,0.250,,SPRG_DEPTH.3 - PL_DATUM_P / CS_P_13_14
Distance,DP_SPRING_4,D1,3.251,3.000,0.251,-0.250,0.250,0.001,SPRG_DEPTH.4 - PL_DATUM_P / CS_P_13_14
Distance,TOP_LH_SPRING_1,D1,3.962,4.000,-0.038,-0.250,0.250,,SPRG_TOP_LH.1 - PL_DATUM_P / CS_P_13_14
Distance,TOP_LH_SPRING_2,D1,3.950,4.000,-0.050,-0.250,0.250,,SPRG_TOP_LH.2 - PL_DATUM_P / CS_P_13_14
Distance,TOP_LH_SPRING_3,D1,3.926,4.000,-0.074,-0.250,0.250,,SPRG_TOP_LH.3 - PL_DATUM_P / CS_P_13_14
Distance,TOP_LH_SPRING_4,D1,3.915,4.000,-0.085,-0.250,0.250,,SPRG_TOP_LH.4 - PL_DATUM_P / CS_P_13_14
Distance,TOP_RH_SPRING_1,D1,4.117,4.000,0.117,-0.250,0.250,,SPRG_TOP_RH.1 - PL_DATUM_P / CS_P_13_14
Distance,TOP_RH_SPRING_2,D1,4.088,4.000,0.088,-0.250,0.250,,SPRG_TOP_RH.2 - PL_DATUM_P / CS_P_13_14
Distance,TOP_RH_SPRING_3,D1,4.063,4.000,0.063,-0.250,0.250,,SPRG_TOP_RH.3 - PL_DATUM_P / CS_P_13_14
Distance,TOP_RH_SPRING_4,D1,4.037,4.000,0.037,-0.250,0.250,,SPRG_TOP_RH.4 - PL_DATUM_P / CS_P_13_14
Point,2D_SPRG_OUT_LH_0.5.1,Z,-5.757,-5.800,0.043,-0.250,0.250,,
Point,2D_SPRG_OUT_LH_0.5.2,Z,-5.711,-5.800,0.089,-0.250,0.250,,
Point,2D_SPRG_OUT_LH_0.5.3,Z,-5.720,-5.800,0.080,-0.250,0.250,,
Point,2D_SPRG_OUT_LH_0.5.4,Z,-5.780,-5.800,0.020,-0.250,0.250,,
Point,2D_SPRG_OUT_LH_1.5.1,Z,-5.727,-5.800,0.073,-0.250,0.250,,
Point,2D_SPRG_OUT_LH_1.5.2,Z,-5.717,-5.800,0.083,-0.250,0.250,,
Point,2D_SPRG_OUT_LH_1.5.3,Z,-5.717,-5.800,0.083,-0.250,0.250,,
Point,2D_SPRG_OUT_LH_1.5.4,Z,-5.728,-5.800,0.072,-0.250,0.250,,
Point,2D_SPRG_OUT_RH_0.5.1,Z,6.883,6.900,-0.017,-0.250,0.250,,
Point,2D_SPRG_OUT_RH_0.5.2,Z,6.835,6.900,-0.065,-0.250,0.250,,
Point,2D_SPRG_OUT_RH_0.5.3,Z,6.831,6.900,-0.069,-0.250,0.250,,
Point,2D_SPRG_OUT_RH_0.5.4,Z,6.897,6.900,-0.003,-0.250,0.250,,
Point,2D_SPRG_OUT_RH_1.5.1,Z,6.881,6.900,-0.019,-0.250,0.250,,
Point,2D_SPRG_OUT_RH_1.5.2,Z,6.856,6.900,-0.044,-0.250,0.250,,
Point,2D_SPRG_OUT_RH_1.5.3,Z,6.863,6.900,-0.037,-0.250,0.250,,
Point,2D_SPRG_OUT_RH_1.5.4,Z,6.899,6.900,-0.001,-0.250,0.250,,
Circle,CIR_15,DIAM,5.325,5.200,0.125,-0.100,0.100,0.025,Criterion : Least Square (From 6 Pts On PL_PLAST_15) 
Circle,CIR_15,X,2.235,1.992,0.243,,,,
Circle,CIR_15,Z,-406.911,-406.515,-0.396,,,,
Pos. Tol.,POS_15,PTOL,0.929,0.000,0.929,0.000,2.000,,CIR_15/NOMINAL - CS_ABC - C-Zone - XZ - Nominal
Circle,CIR_16,DIAM,6.719,6.750,-0.031,-0.100,0.100,,Criterion : Least Square (From 6 Pts On PL_PLAST_16) 
Circle,CIR_16,X,28.033,28.242,-0.209,,,,
Circle,CIR_16,Z,9.535,9.985,-0.450,,,,
Pos. Tol.,POS_16,PTOL,0.993,0.000,0.993,0.000,2.000,,CIR_16/NOMINAL - CS_ABC - C-Zone - XZ - Nominal
Flatness,FLATNESS_G,FLTN,0.060,0.000,0.060,0.000,0.250,,PL_DATUM_G
Distance,PROF_G,X,-212.910,-213.100,0.190,-0.500,0.500,,CIR_19 - ORIGIN / CS_ABC
Circle,CIR_19,DIAM,33.158,33.200,-0.042,-0.100,0.100,,Criterion : Least Square (From 16 Pts On PL_DATUM_G) 
Circle,CIR_19,Y,60.281,60.550,-0.269,,,,
Circle,CIR_19,Z,-190.872,-191.000,0.128,,,,
Circle,CIR_19_GAGE_27.5,DIAM,28.177,28.100,0.077,-0.100,0.100,,Criterion : Least Square (From 16 Pts On PL_DATUM_G) 
Pos. Tol.,POS_19,PTOL,0.595,0.000,0.595,0.000,1.500,,CIR_19/NOMINAL - CS_ABC - C-Zone - YZ - Nominal
Circle,2D_GHA_CIR_20,DIAM,4.947,4.980,-0.033,-0.100,0.100,,
Circle,2D_GHA_CIR_20,Y,29.184,29.000,0.184,,,,
Circle,2D_GHA_CIR_20,Z,7.653,7.760,-0.107,,,,
Pos. Tol.,POS_20,PTOL,0.425,0.000,0.425,0.000,1.000,,2D_GHA_CIR_20/NOMINAL - CS_GH - C-Zone - YZ - Nominal
Circle,2D_GHA_CIR_21,DIAM,4.988,4.980,0.008,-0.100,0.100,,
Circle,2D_GHA_CIR_21,Y,-28.885,-29.000,0.115,,,,
Circle,2D_GHA_CIR_21,Z,-7.885,-7.760,-0.125,,,,
Pos. Tol.,POS_21,PTOL,0.340,0.000,0.340,0.000,1.000,,2D_GHA_CIR_21/NOMINAL - CS_GH - C-Zone - YZ - Nominal
Circle,JKM_CIR_22,DIAM,14.073,14.000,0.073,-0.100,0.100,,
Circle,JKM_CIR_22,X,23.612,23.540,0.072,,,,
Circle,JKM_CIR_22,Z,-0.482,0.000,-0.482,,,,
Pos. Tol.,POS_22,PTOL,0.975,0.000,0.975,0.000,1.500,,JKM_CIR_22/NOMINAL - CS_JKM_BF - C-Zone - XZ - Nominal
Circle,JKM_CIR_23,DIAM,14.125,14.050,0.075,-0.100,0.100,,
Circle,JKM_CIR_23,X,23.608,23.540,0.068,,,,
Circle,JKM_CIR_23,Z,-110.561,-110.600,0.039,,,,
Pos. Tol.,POS_23,PTOL,0.156,0.000,0.156,0.000,1.500,,JKM_CIR_23/NOMINAL - CS_JKM_BF - C-Zone - XZ - Nominal
Circle,JKM_CIR_24,DIAM,14.097,14.050,0.047,-0.100,0.100,,
Circle,JKM_CIR_24,X,23.810,23.540,0.270,,,,
Circle,JKM_CIR_24,Z,-220.969,-221.200,0.231,,,,
Pos. Tol.,POS_24,PTOL,0.710,0.000,0.710,0.000,1.500,,JKM_CIR_24/NOMINAL - CS_JKM_BF - C-Zone - XZ - Nominal
Circle,JKM_CIR_25,DIAM,14.106,14.050,0.056,-0.100,0.100,,
Circle,JKM_CIR_25,X,23.783,23.540,0.243,,,,
Circle,JKM_CIR_25,Z,-331.151,-331.800,0.649,,,,
Pos. Tol.,POS_25,PTOL,1.386,0.000,1.386,0.000,1.500,,JKM_CIR_25/NOMINAL - CS_JKM_BF - C-Zone - XZ - Nominal
Circle,CIR_26,DIAM,4.894,4.960,-0.066,-0.100,0.100,,Criterion : Least Square (From 6 Pts On PL_26) 
Circle,CIR_26,X,41.782,42.250,-0.468,,,,
Circle,CIR_26,Y,81.547,81.850,-0.303,,,,
Circle,CIR_26,Z,-41.428,-41.100,-0.328,,,,
Pos. Tol.,POS_26,PTOL,1.294,0.000,1.294,0.000,2.000,,CIR_26/NOMINAL - CS_ABC - C-Zone - XYZ - Nominal
Circle,CIR_27,DIAM,4.955,4.960,-0.005,-0.100,0.100,,Criterion : Least Square (From 6 Pts On PL_27) 
Circle,CIR_27,X,41.497,42.250,-0.753,,,,
Circle,CIR_27,Y,81.887,81.850,0.036,,,,
Circle,CIR_27,Z,-151.988,-151.700,-0.288,,,,
Pos. Tol.,POS_27,PTOL,1.614,0.000,1.614,0.000,2.000,,CIR_27/NOMINAL - CS_ABC - C-Zone - XYZ - Nominal
Circle,CIR_28,DIAM,4.927,4.960,-0.033,-0.100,0.100,,Criterion : Least Square (From 6 Pts On PL_28) 
Circle,CIR_28,X,41.609,42.250,-0.641,,,,
Circle,CIR_28,Y,81.801,81.850,-0.049,,,,
Circle,CIR_28,Z,-262.000,-262.300,0.300,,,,
Pos. Tol.,POS_28,PTOL,1.419,0.000,1.419,0.000,2.000,,CIR_28/NOMINAL - CS_ABC - C-Zone - XYZ - Nominal
Circle,CIR_29,DIAM,4.907,4.960,-0.053,-0.100,0.100,,Criterion : Least Square (From 6 Pts On PL_29) 
Circle,CIR_29,X,41.601,42.250,-0.649,,,,
Circle,CIR_29,Y,81.964,81.850,0.114,,,,
Circle,CIR_29,Z,-372.467,-372.900,0.433,,,,
Pos. Tol.,POS_29,PTOL,1.577,0.000,1.577,0.000,2.000,,CIR_29/NOMINAL - CS_ABC - C-Zone - XYZ - Nominal
Circle,2D_CIR_26,X,0.123,0.000,0.123,,,,
Circle,2D_CIR_26,Z,-0.357,0.000,-0.357,,,,
Pos. Tol.,POS_2D_26,PTOL,0.756,0.000,0.756,0.000,1.000,,2D_CIR_26/NOMINAL - CS_JKM_BF - C-Zone - XZ - Nominal
Circle,2D_CIR_27,X,-0.205,0.000,-0.205,,,,
Circle,2D_CIR_27,Z,-110.917,-110.600,-0.317,,,,
Pos. Tol.,POS_2D_27,PTOL,0.755,0.000,0.755,0.000,1.000,,2D_CIR_27/NOMINAL - CS_JKM_BF - C-Zone - XZ - Nominal
Circle,2D_CIR_28,X,0.041,0.000,0.041,,,,
Circle,2D_CIR_28,Z,-220.929,-221.200,0.271,,,,
Pos. Tol.,POS_2D_28,PTOL,0.548,0.000,0.548,0.000,1.000,,2D_CIR_28/NOMINAL - CS_JKM_BF - C-Zone - XZ - Nominal
Circle,2D_CIR_29,X,0.041,0.000,0.041,,,,
Circle,2D_CIR_29,Z,-331.397,-331.800,0.403,,,,
Pos. Tol.,POS_2D_29,PTOL,0.811,0.000,0.811,0.000,1.000,,2D_CIR_29/NOMINAL - CS_JKM_BF - C-Zone - XZ - Nominal
Circle,CIR_30,DIAM,6.768,6.750,0.018,-0.100,0.100,,Criterion : Least Square (From 6 Pts On PL_PLAST_30) 
Circle,CIR_30,Y,15.475,15.633,-0.159,,,,
Circle,CIR_30,Z,-65.314,-65.019,-0.295,,,,
Pos. Tol.,POS_30,PTOL,0.670,0.000,0.670,0.000,2.000,,CIR_30/NOMINAL - CS_ABC - C-Zone - YZ - Nominal
Circle,CIR_31,DIAM,6.793,6.750,0.043,-0.100,0.100,,Criterion : Least Square (From 6 Pts On PL_PLAST_31) 
Circle,CIR_31,Y,15.725,15.564,0.161,,,,
Circle,CIR_31,Z,-175.016,-175.015,-0.001,,,,
Pos. Tol.,POS_31,PTOL,0.321,0.000,0.321,0.000,2.000,,CIR_31/NOMINAL - CS_ABC - C-Zone - YZ - Nominal
Circle,CIR_32,DIAM,6.798,6.750,0.048,-0.100,0.100,,Criterion : Least Square (From 6 Pts On PL_PLAST_32) 
Circle,CIR_32,Y,15.575,15.564,0.010,,,,
Circle,CIR_32,Z,-285.805,-286.015,0.210,,,,
Pos. Tol.,POS_32,PTOL,0.420,0.000,0.420,0.000,2.000,,CIR_32/NOMINAL - CS_ABC - C-Zone - YZ - Nominal
Circle,CIR_33,DIAM,6.717,6.750,-0.033,-0.100,0.100,,Criterion : Least Square (From 8 Pts On PL_PLAST_33) 
Circle,CIR_33,Y,15.818,15.565,0.254,,,,
Circle,CIR_33,Z,-401.105,-402.034,0.929,,,,
Pos. Tol.,POS_33,PTOL,1.926,0.000,1.926,0.000,2.000,,CIR_33/NOMINAL - CS_ABC - C-Zone - YZ - Nominal
Flatness,FLATNESS_R,FLTN,0.120,0.000,0.120,0.000,0.250,,CS_ABC
Circle,CIR_34,DIAM,7.927,8.000,-0.073,-0.100,0.100,,Criterion : Least Square (From 10 Pts On CS_ABC) 
Circle,CIR_34,X,32.634,31.994,0.640,,,,
Circle,CIR_34,Y,117.662,118.547,-0.886,,,,
Circle,CIR_34,Z,-365.614,-365.869,0.255,,,,
Pos. Tol.,POS_34,PTOL,2.244,0.000,2.244,0.000,2.500,,CIR_34/NOMINAL - CS_ABC - C-Zone - XYZ - Nominal
Circle,2D_CIR_35,Y,12.904,13.000,-0.096,,,,
Circle,2D_CIR_35,Z,0.005,0.000,0.005,,,,
Pos. Tol.,POS_2D_35,PTOL,0.192,0.000,0.192,0.000,0.500,,2D_CIR_35/NOMINAL - CS_RS_BF - C-Zone - YZ - Nominal
Circle,2D_CIR_36,Y,-12.906,-13.000,0.094,,,,
Circle,2D_CIR_36,Z,0.005,0.000,0.005,,,,
Pos. Tol.,POS_2D_36,PTOL,0.188,0.000,0.188,0.000,0.500,,2D_CIR_36/NOMINAL - CS_RS_BF - C-Zone - YZ - Nominal
Circle,CIR_37,DIAM,10.483,10.390,0.093,0.000,0.130,,Criterion : Least Square (From 12 Pts On PL_PLAST_37) 
Circle,CIR_37,X,-201.300,-201.200,-0.100,,,,
Circle,CIR_37,Y,75.225,75.457,-0.232,,,,
Pos. Tol.,POS_37,PTOL,0.505,0.000,0.505,0.000,3.500,,CIR_37/NOMINAL - CS_ABC - C-Zone - XY - Nominal
Flatness,FLATNESS_D,FLTN,0.307,0.000,0.307,0.000,0.400,,PL_DATUM_D
Distance,PROF_D,Z,-6.693,-6.000,-0.693,-1.500,1.500,,CIR_38 - ORIGIN / CS_ABC
Circle,CIR_39,DIAM,4.912,4.980,-0.068,-0.100,0.100,,Criterion : Least Square (From 6 Pts On PL_PLAST_39) 
Circle,CIR_39,X,-170.544,-171.258,0.714,,,,
Circle,CIR_39,Y,94.249,94.550,-0.301,,,,
Pos. Tol.,POS_39,PTOL,1.549,0.000,1.549,0.000,3.000,,CIR_39/NOMINAL - CS_ABC - C-Zone - XY - Nominal
Circle,CIR_40,DIAM,4.914,4.980,-0.066,-0.100,0.100,,Criterion : Least Square (From 6 Pts On PL_PLAST_40) 
Circle,CIR_40,X,-103.581,-104.259,0.678,,,,
Circle,CIR_40,Y,97.377,98.050,-0.673,,,,
Pos. Tol.,POS_40,PTOL,1.911,0.000,1.911,0.000,3.000,,CIR_40/NOMINAL - CS_ABC - C-Zone - XY - Nominal
Circle,CIR_41,DIAM,4.898,4.980,-0.082,-0.200,0.100,,Criterion : Least Square (From 6 Pts On PL_PLAST_41) 
Circle,CIR_41,X,-102.934,-103.258,0.324,,,,
Circle,CIR_41,Y,25.876,26.550,-0.674,,,,
Pos. Tol.,POS_41,PTOL,1.496,0.000,1.496,0.000,3.000,,CIR_41/NOMINAL - CS_ABC - C-Zone - XY - Nominal
Circle,CIR_42,DIAM,4.883,4.980,-0.097,-0.100,0.100,,Criterion : Least Square (From 6 Pts On PL_PLAST_42) 
Circle,CIR_42,X,-170.982,-171.258,0.276,,,,
Circle,CIR_42,Y,26.253,26.550,-0.297,,,,
Pos. Tol.,POS_42,PTOL,0.811,0.000,0.811,0.000,3.000,,CIR_42/NOMINAL - CS_ABC - C-Zone - XY - Nominal
Circle,2D_CIR_38,DIAM,62.983,63.000,-0.017,-0.500,0.500,,
Circle,2D_CIR_38,X,-34.049,-34.000,-0.049,,,,
Circle,2D_CIR_38,Y,33.914,34.000,-0.086,,,,
Pos. Tol.,POS_2D_38,PTOL,0.198,0.000,0.198,0.000,1.000,,2D_CIR_38/NOMINAL - CS_DEF_BF - C-Zone - XY - Nominal
Circle,2D_CIR_39,X,-67.958,-68.000,0.042,,,,
Circle,2D_CIR_39,Y,68.018,68.000,0.018,,,,
Pos. Tol.,POS_2D_39,PTOL,0.091,0.000,0.091,0.000,0.500,,2D_CIR_39/NOMINAL - CS_DEF_BF - C-Zone - XY - Nominal
Circle,2D_CIR_40,X,-1.013,-1.000,-0.013,,,,
Circle,2D_CIR_40,Y,71.522,71.500,0.022,,,,
Pos. Tol.,POS_2D_40,PTOL,0.051,0.000,0.051,0.000,0.500,,2D_CIR_40/NOMINAL - CS_DEF_BF - C-Zone - XY - Nominal
Circle,2D_CIR_41,X,0.034,0.000,0.034,,,,
Circle,2D_CIR_41,Y,0.025,0.000,0.025,,,,
Pos. Tol.,POS_2D_41,PTOL,0.085,0.000,0.085,0.000,0.500,,2D_CIR_41/NOMINAL - CS_DEF_BF - C-Zone - XY - Nominal
Circle,2D_CIR_42,X,-68.014,-68.000,-0.014,,,,
Circle,2D_CIR_42,Y,0.021,0.000,0.021,,,,
Pos. Tol.,POS_2D_42,PTOL,0.051,0.000,0.051,0.000,0.500,,2D_CIR_42/NOMINAL - CS_DEF_BF - C-Zone - XY - Nominal
Distance,WIDTH_TB1,D1,2.930,3.000,-0.070,-0.150,0.150,,P0W2.5_1.1 - PIW2.5_1.1 / CS_DEF_BF
Distance,WIDTH_TB2,D1,3.011,3.000,0.011,-0.150,0.150,,P0W2.5_1.2 - PIW2.5_1.2 / CS_DEF_BF
Distance,WIDTH_TB3,D1,3.064,3.000,0.064,-0.150,0.150,,P0W2.5_1.3 - PIW2.5_1.3 / CS_DEF_BF
Distance,WIDTH_TB4,D1,2.978,3.000,-0.022,-0.150,0.150,,P0W2.5_1.4 - PIW2.5_1.4 / CS_DEF_BF
Distance,WIDTH_TB5,D1,3.028,3.000,0.028,-0.150,0.150,,P0W2.5_1.5 - PIW2.5_1.5 / CS_DEF_BF
Distance,WIDTH_TB6,D1,2.951,3.000,-0.049,-0.150,0.150,,P0W2.5_1.6 - PIW2.5_1.6 / CS_DEF_BF
Distance,WIDTH_TB7,D1,3.034,3.000,0.034,-0.150,0.150,,P0W2.5_1.7 - PIW2.5_1.7 / CS_DEF_BF
Distance,WIDTH_TB8,D1,2.853,2.850,0.003,-0.150,0.150,,P0W2.5_1.8 - PIW2.5_1.8 / CS_DEF_BF
Distance,WIDTH_TB9,D1,2.980,3.000,-0.020,-0.150,0.150,,P0W2.5_1.9 - PIW2.5_1.9 / CS_DEF_BF
Distance,WIDTH_TB10,D1,2.933,2.950,-0.017,-0.150,0.150,,P0W2.5_1.10 - PIW2.5_1.10 / CS_DEF_BF
Distance,WIDTH_TB11,D1,3.000,3.000,0.000,-0.150,0.150,,P0W2.5_1.11 - PIW2.5_1.11 / CS_DEF_BF
Distance,WIDTH_TB12,D1,3.113,3.100,0.013,-0.150,0.150,,P0W2.5_1.12 - PIW2.5_1.12 / CS_DEF_BF
Distance,WIDTH_TB13,D1,3.133,3.050,0.083,-0.150,0.150,,P0W2.5_1.13 - PIW2.5_1.13 / CS_DEF_BF
Distance,WIDTH_TB14,D1,3.048,3.000,0.048,-0.150,0.150,,P0W2.5_1.14 - PIW2.5_1.14 / CS_DEF_BF
Distance,WIDTH_TB15,D1,2.946,2.950,-0.004,-0.150,0.150,,P0W2.5_1.15 - PIW2.5_1.15 / CS_DEF_BF
Distance,DEPTH_TB1,D1,4.942,5.000,-0.058,-0.250,0.250,,PTB_BOT_1.1 - PL_DATUM_D / CS_DEF_BF
Distance,DEPTH_TB2,D1,4.918,5.000,-0.082,-0.250,0.250,,PTB_BOT_1.2 - PL_DATUM_D / CS_DEF_BF
Distance,DEPTH_TB3,D1,5.021,5.000,0.021,-0.250,0.250,,PTB_BOT_1.3 - PL_DATUM_D / CS_DEF_BF
Distance,DEPTH_TB4,D1,4.990,5.000,-0.010,-0.250,0.250,,PTB_BOT_1.4 - PL_DATUM_D / CS_DEF_BF
Distance,DEPTH_TB5,D1,4.966,5.000,-0.034,-0.250,0.250,,PTB_BOT_1.5 - PL_DATUM_D / CS_DEF_BF
Distance,DEPTH_TB6,D1,4.997,5.000,-0.003,-0.250,0.250,,PTB_BOT_1.6 - PL_DATUM_D / CS_DEF_BF
Distance,DEPTH_TB7,D1,4.984,5.000,-0.016,-0.250,0.250,,PTB_BOT_1.7 - PL_DATUM_D / CS_DEF_BF
Distance,DEPTH_TB8,D1,5.018,5.000,0.018,-0.250,0.250,,PTB_BOT_1.8 - PL_DATUM_D / CS_DEF_BF
Distance,DEPTH_TB9,D1,5.087,5.000,0.087,-0.250,0.250,,PTB_BOT_1.9 - PL_DATUM_D / CS_DEF_BF
Distance,DEPTH_TB10,D1,5.134,5.000,0.134,-0.250,0.250,,PTB_BOT_1.10 - PL_DATUM_D / CS_DEF_BF
Distance,DEPTH_TB11,D1,5.139,5.000,0.139,-0.250,0.250,,PTB_BOT_1.11 - PL_DATUM_D / CS_DEF_BF
Distance,DEPTH_TB12,D1,5.090,5.000,0.090,-0.250,0.250,,PTB_BOT_1.12 - PL_DATUM_D / CS_DEF_BF
Distance,DEPTH_TB13,D1,5.003,5.000,0.003,-0.250,0.250,,PTB_BOT_1.13 - PL_DATUM_D / CS_DEF_BF
Distance,DEPTH_TB14,D1,4.958,5.000,-0.042,-0.250,0.250,,PTB_BOT_1.14 - PL_DATUM_D / CS_DEF_BF
Distance,DEPTH_TB15,D1,4.967,5.000,-0.033,-0.250,0.250,,PTB_BOT_1.15 - PL_DATUM_D / CS_DEF_BF
