Feat. Type,Feat. Name,Value,Actual,Nominal,Dev.,Tol-,Tol+,Out of Tol.,Comment
Text/Value,VAR_PROGRAM,VAL,,,,,,,'N:\Metrolog XG\Programmes\GM HF FWD GEN II 31xx\GM HF FWD Gen II High Hood 31xx Complete (Module 64).gm2'
Text/Value,VAR_EVENEMENT,VAL,,,,,,,'GEN II 31 DEM 300 C NID 2'
Text/Value,VAR_COMMENTAIRES,VAL,,,,,,,'301 A'
Distance,WIDTH_C,D1,9.020,9.000,0.020,-0.150,0.150,,SRF_C_TOP - SRF_C_DOWN / CS_ABC_SURFACES_C
Circle,2D_CIR_INS_11,X,41.880,42.000,-0.120,,,,
Circle,2D_CIR_INS_11,Y,33.804,34.000,-0.196,,,,
Circle,2D_CIR_INS_12,X,41.922,42.000,-0.078,,,,
Circle,2D_CIR_INS_12,Y,-28.883,-29.000,0.117,,,,
Circle,2D_CIR_INS_13,X,-41.817,-42.000,0.183,,,,
Circle,2D_CIR_INS_13,Y,-28.890,-29.000,0.110,,,,
Circle,2D_CIR_INS_14,X,-41.985,-42.000,0.015,,,,
Circle,2D_CIR_INS_14,Y,33.969,34.000,-0.031,,,,
Pos. Tol.,POS_2D_11,PTOL,0.459,0.000,0.459,0.000,0.500,,2D_CIR_INS_11/NOMINAL - CS_D_BF - C-Zone - XY - Nominal
Pos. Tol.,POS_2D_12,PTOL,0.282,0.000,0.282,0.000,0.800,,2D_CIR_INS_12/NOMINAL - CS_D_BF - C-Zone - XY - Nominal
Pos. Tol.,POS_2D_13,PTOL,0.427,0.000,0.427,0.000,0.500,,2D_CIR_INS_13/NOMINAL - CS_D_BF - C-Zone - XY - Nominal
Pos. Tol.,POS_2D_14,PTOL,0.069,0.000,0.069,0.000,0.500,,2D_CIR_INS_14/NOMINAL - CS_D_BF - C-Zone - XY - Nominal
Paral.,PERP_11,PARA,0.346,0.000,0.346,0.000,0.400,,PL_INS_11/PL_PLAST_INS_11 - P-Zone - Cloud of Points 
Paral.,PERP_12,PARA,0.184,0.000,0.184,0.000,0.400,,PL_INS_12/PL_PLAST_INS_12 - P-Zone - Cloud of Points 
Paral.,PERP_13,PARA,0.041,0.000,0.041,0.000,0.400,,PL_INS_13/PL_PLAST_INS_13 - P-Zone - Cloud of Points 
Paral.,PERP_14,PARA,0.325,0.000,0.325,0.000,0.250,0.075,PL_INS_14/PL_PLAST_INS_14 - P-Zone - Cloud of Points 
Distance,H_11,Z,0.138,-0.000,0.138,0.000,0.400,,CIR_INS_11 - PL_PLAST_INS_11 / CS_D_BF
Distance,H_12,Z,0.071,-0.000,0.071,0.000,0.400,,CIR_INS_12 - PL_PLAST_INS_12 / CS_D_BF
Distance,H_13,Z,0.021,-0.000,0.021,0.000,0.400,,CIR_INS_13 - PL_PLAST_INS_13 / CS_D_BF
Distance,H_14,Z,0.201,-0.000,0.201,0.000,0.400,,CIR_INS_14 - PL_PLAST_INS_14 / CS_D_BF
Distance,H_19,Y,0.154,0.000,0.154,0.000,0.400,,CIR_19 - PL_PLAST_19 / CS_ABC_BF_SURFACES
Distance,H_20,Y,0.088,0.000,0.088,0.000,0.400,,CIR_20 - PL_PLAST_20 / CS_ABC_BF_SURFACES
Circle,CIR_29,DIAM,12.182,12.170,0.012,-0.080,0.080,,Criterion : Least Square (From 16 Pts On PL_DATUM_H) 
Circle,2D_CIR_30,X,-23.383,-23.500,0.117,,,,
Circle,2D_CIR_30,Z,-0.000,0.000,0.000,,,,
Pos. Tol.,POS_2D_30,PTOL,0.234,0.000,0.234,0.000,0.500,,2D_CIR_30/NOMINAL - CS_HJ - C-Zone - XZ - Nominal
Distance,H_30,Y,0.158,0.000,0.158,0.000,0.400,,2D_CIR_30 - PL_PLAST_30 / CS_HJ
Circle,2D_CIR_33,X,-71.038,-71.000,-0.038,,,,
Circle,2D_CIR_33,Z,0.000,0.000,0.000,,,,
Pos. Tol.,POS_2D_33,PTOL,0.076,0.000,0.076,0.000,0.500,,2D_CIR_33/NOMINAL - CS_K_BF - C-Zone - XZ - Nominal
Distance,H_32,Y,0.082,0.150,-0.068,-0.150,0.150,,CIR_32 - PL_PLAST_32 / CS_K
Distance,H_33,Y,0.159,0.150,0.009,-0.150,0.150,,CIR_33 - PL_PLAST_33 / CS_K
