Feat. Type,Feat. Name,Value,Actual,Nominal,Dev.,Tol-,Tol+,Out of Tol.,Comment
Text/Value,VAR_PROGRAM,VAL,,,,,,,'N:\Metrolog XG\Programmes\Denso 640F\Denso 640F Complet (Module 51).gm2'
Text/Value,VAR_EVENEMENT,VAL,,,,,,,'SMED'
Text/Value,VAR_COMMENTAIRES,VAL,,,,,,,'318 C'
Circle,CIR_1,DIAM,9.240,9.000,0.240,-0.450,0.350,,Criterion : Least Square (From 6 Pts On PL_FIXTURE) 
Circle,CIR_1,X,0.000,0.000,0.000,,,,
Circle,CIR_1,Y,0.000,0.000,0.000,,,,
Pos. Tol.,POS_1,PTOL,0.000,0.000,0.000,0.690,1.190,,CIR_1(M)/NOMINAL - CS_ABC - C-Zone - XY - Nominal
Circle,CIR_6,DIAM,9.110,9.000,0.110,-0.450,0.350,,Criterion : Least Square (From 6 Pts On PL_FIXTURE) 
Circle,CIR_6,X,264.417,264.700,-0.283,,,,
Circle,CIR_6,Y,-432.491,-432.500,0.009,,,,
Pos. Tol.,POS_6,PTOL,0.566,0.000,0.566,0.560,1.060,,CIR_6(M)/NOMINAL - CS_ABC - C-Zone - XY - Nominal
Circle,CIR_10,DIAM,9.160,9.000,0.160,-0.450,0.350,,Criterion : Least Square (From 8 Pts On PL_FIXTURE) 
Circle,CIR_10,X,281.578,281.200,0.378,,,,
Circle,CIR_10,Y,-24.533,-24.500,-0.033,,,,
Pos. Tol.,POS_10,PTOL,0.760,0.000,0.760,0.610,1.110,,CIR_10(M)/NOMINAL - CS_ABC - C-Zone - XY - Nominal
Flatness,FLAT_LASER_WELD,FLTN,0.375,0.000,0.375,0.000,0.400,,PL_LASER_WELD
Text/Value,PERPENDICULARITY_LASER_WELD,VAL,0.220996,0.210000,0.010996,-0.210000,0.050000,,
Distance,DISTANCE_LASER_WELD_TBDN_1,Y,-18.745,-17.824,-0.921,,,,PL_LASER_WELD_PNT42 - CIR_6 / CS_CIR_6_TBDN
Distance,DISTANCE_LASER_WELD_TBDN_2,Y,-18.821,-17.824,-0.997,,,,PL_LASER_WELD_PNT3 - CIR_6 / CS_CIR_6_TBDN
Distance,DISTANCE_LASER_WELD_TBDN_3,Y,-18.905,-17.824,-1.081,,,,PL_LASER_WELD_PNT9 - CIR_6 / CS_CIR_6_TBDN
Distance,DISTANCE_LASER_WELD_TBDN_4,Y,-18.821,-17.824,-0.997,,,,PL_LASER_WELD_PNT15 - CIR_6 / CS_CIR_6_TBDN
Distance,DISTANCE_LASER_WELD_TBDN_5,Y,-18.779,-17.824,-0.955,,,,PL_LASER_WELD_PNT22 - CIR_6 / CS_CIR_6_TBDN
Distance,DISTANCE_LASER_WELD_TBDN_6,Y,-18.722,-17.824,-0.898,,,,PL_LASER_WELD_PNT25 - CIR_6 / CS_CIR_6_TBDN
Distance,DISTANCE_LASER_WELD_TBDN_7,Y,-18.913,-17.824,-1.089,,,,PL_LASER_WELD_PNT31 - CIR_6 / CS_CIR_6_TBDN
Distance,DISTANCE_LASER_WELD_TBDN_8,Y,-18.943,-17.824,-1.119,,,,PL_LASER_WELD_PNT36 - CIR_6 / CS_CIR_6_TBDN
