Feat. Type,Feat. Name,Value,Actual,Nominal,Dev.,Tol-,Tol+,Out of Tol.,Comment
Text/Value,VAR_PROGRAM,VAL,,,,,,,'N:\Metrolog XG\Programmes\GM HF FWD GEN II E2xx\GM HF FWD Gen II E2xx Complete (Module 64).gm2'
Text/Value,VAR_EVENEMENT,VAL,,,,,,,'DEM 303C NID 1'
Text/Value,VAR_COMMENTAIRES,VAL,,,,,,,'304A'
Text/Value,PROFILE_DATUM_A,VAL,0.511884,0.000000,0.511884,0.000000,1.000000,,
Text/Value,PROFILE_DATUM_B,VAL,0.437551,0.000000,0.437551,0.000000,1.000000,,
Distance,WIDTH_C,D1,8.751,8.860,-0.109,-0.150,0.150,,SRF_C_TOP - SRF_C_DOWN / CS_ABC_BF
Pos. Tol.,POS_1,PTOL,0.909,0.000,0.909,0.000,2.000,,CIR1/NOMINAL - CS_ABC_BF_CL - C-Zone - XZ - Nominal
Pos. Tol.,POS_2,PTOL,1.183,0.000,1.183,0.000,2.000,,CIR2/NOMINAL - CS_ABC_BF_CL - C-Zone - XZ - Nominal
Pos. Tol.,POS_3,PTOL,0.834,0.000,0.834,0.000,2.000,,CIR3/NOMINAL - CS_ABC_BF_CL - C-Zone - XZ - Nominal
Pos. Tol.,POS_4,PTOL,0.798,0.000,0.798,0.000,2.000,,CIR4/NOMINAL - CS_ABC_BF_CL - C-Zone - XZ - Nominal
Pos. Tol.,POS_5,PTOL,1.318,0.000,1.318,0.000,2.000,,CIR5/NOMINAL - CS_ABC_BF_CL - C-Zone - XZ - Nominal
Pos. Tol.,POS_6,PTOL,0.397,0.000,0.397,0.000,2.000,,CIR6/NOMINAL - CS_ABC_BF_CL - C-Zone - XZ - Nominal
Pos. Tol.,POS_7,PTOL,1.067,0.000,1.067,0.000,2.000,,CIR7/NOMINAL - CS_ABC_BF_CL - C-Zone - XZ - Nominal
Pos. Tol.,POS_8,PTOL,1.279,0.000,1.279,0.000,2.600,,CIR8/NOMINAL - CS_ABC_BF_CL - C-Zone - XZ - Nominal
Pos. Tol.,POS_9,PTOL,0.868,0.000,0.868,0.000,2.000,,CIR9/NOMINAL - CS_ABC_BF_CL - C-Zone - XZ - Nominal
Circle,CIR1,DIAM,15.077,15.150,-0.073,-0.100,0.150,,From 4 Pts On PL_PLAST_1
Circle,CIR1,X,-52.384,-52.000,-0.384,,,,
Circle,CIR1,Y,85.234,85.240,-0.006,,,,
Circle,CIR1,Z,-155.257,-155.500,0.243,,,,
Circle,CIR2,DIAM,15.038,15.000,0.038,-0.100,0.100,,From 4 Pts On PL_PLAST_2
Circle,CIR2,X,-52.551,-52.000,-0.551,,,,
Circle,CIR2,Y,85.444,85.240,0.204,,,,
Circle,CIR2,Z,-61.216,-61.000,-0.216,,,,
Circle,CIR3,DIAM,15.077,15.150,-0.073,-0.100,0.150,,From 4 Pts On PL_PLAST_3
Circle,CIR3,X,-52.176,-52.000,-0.176,,,,
Circle,CIR3,Y,85.354,85.240,0.114,,,,
Circle,CIR3,Z,45.379,45.000,0.379,,,,
Circle,CIR4,DIAM,15.050,15.000,0.050,-0.100,0.100,,From 4 Pts On PL_PLAST_4
Circle,CIR4,X,-52.267,-52.000,-0.267,,,,
Circle,CIR4,Y,85.075,85.240,-0.165,,,,
Circle,CIR4,Z,151.296,151.000,0.296,,,,
Circle,CIR5,DIAM,14.999,15.000,-0.001,-0.100,0.100,,From 4 Pts On PL_PLAST_5
Circle,CIR5,X,51.396,52.000,-0.604,,,,
Circle,CIR5,Y,85.252,85.240,0.011,,,,
Circle,CIR5,Z,112.237,112.500,-0.263,,,,
Circle,CIR6,DIAM,14.961,15.000,-0.039,-0.100,0.100,,From 4 Pts On PL_PLAST_6
Circle,CIR6,X,51.803,52.000,-0.197,,,,
Circle,CIR6,Y,85.007,85.240,-0.233,,,,
Circle,CIR6,Z,17.973,18.000,-0.027,,,,
Circle,CIR7,DIAM,14.978,15.000,-0.022,-0.100,0.100,,From 4 Pts On PL_PLAST_7
Circle,CIR7,X,52.492,52.000,0.492,,,,
Circle,CIR7,Y,84.860,85.240,-0.380,,,,
Circle,CIR7,Z,-88.207,-88.000,-0.207,,,,
Circle,CIR8,DIAM,15.023,15.000,0.023,-0.100,0.100,,From 4 Pts On PL_PLAST_8
Circle,CIR8,X,52.614,52.000,0.614,,,,
Circle,CIR8,Y,84.777,85.240,-0.463,,,,
Circle,CIR8,Z,-194.180,-194.000,-0.180,,,,
Circle,CIR9,DIAM,12.763,12.700,0.063,-0.100,0.100,,From 4 Pts On PL_PLAST_9
Circle,CIR9,X,269.827,270.260,-0.433,,,,
Circle,CIR9,Y,42.280,45.720,-3.440,,,,
Circle,CIR9,Z,102.976,103.000,-0.024,,,,
Profile of Line,PROFILE_VERTICAL_OP_1,PRFL,1.727,0.000,1.727,0.000,1.500,0.227,SECTION_VERTICAL_OP_1
Profile of Line,PROFILE_VERTICAL_OP_2,PRFL,2.048,0.000,2.048,0.000,1.200,0.848,SECTION_VERTICAL_OP_2
Profile of Line,PROFILE_VERTICAL_OP_3,PRFL,1.588,0.000,1.588,0.000,1.500,0.088,SECTION_VERTICAL_OP_3
Profile of Line,PROFILE_VERTICAL_OP_4,PRFL,1.925,0.000,1.925,0.000,1.200,0.725,SECTION_VERTICAL_OP_4
Profile of Line,PROFILE_VERTICAL_OP_5,PRFL,1.566,0.000,1.566,0.000,1.200,0.366,SECTION_VERTICAL_OP_5
Profile of Line,PROFILE_VERTICAL_OP_6,PRFL,1.413,0.000,1.413,0.000,1.200,0.213,SECTION_VERTICAL_OP_6
Profile of Line,PROFILE_HORIZONTAL_OP_1,PRFL,1.690,0.000,1.690,0.000,2.000,,SECTION_HORIZONTAL_OP_1
Profile of Line,PROFILE_HORIZONTAL_OP_2,PRFL,1.864,0.000,1.864,0.000,2.000,,SECTION_HORIZONTAL_OP_2
Profile of Line,PROFILE_HORIZONTAL_OP_3,PRFL,1.255,0.000,1.255,0.000,2.000,,SECTION_HORIZONTAL_OP_3
Profile of Line,PROFILE_HORIZONTAL_OP_4,PRFL,2.368,0.000,2.368,0.000,2.000,0.368,SECTION_HORIZONTAL_OP_4
Profile of Line,PROFILE_HORIZONTAL_OP_5,PRFL,1.204,0.000,1.204,0.000,2.000,,SECTION_HORIZONTAL_OP_5
Profile of Line,PROFILE_HORIZONTAL_OP_6,PRFL,1.793,0.000,1.793,0.000,2.000,,SECTION_HORIZONTAL_OP_6
Distance,OP1_WIDTH_1,D1,3.818,3.900,-0.082,-0.150,0.150,,OP1_PT1_OW_GAGE - OP1_PT1_IW_GAGE / CS_BF_OP1
Distance,OP1_WIDTH_2,D1,3.846,3.900,-0.054,-0.150,0.150,,OP1_PT2_OW_GAGE - OP1_PT2_IW_GAGE / CS_BF_OP1
Distance,OP1_WIDTH_3,D1,3.782,3.900,-0.118,-0.200,0.150,,OP1_PT3_OW_GAGE - OP1_PT3_IW_GAGE / CS_BF_OP1
Distance,OP1_WIDTH_4,D1,3.793,3.900,-0.107,-0.150,0.150,,OP1_PT4_OW_GAGE - OP1_PT4_IW_GAGE / CS_BF_OP1
Distance,OP1_WIDTH_5,D1,3.899,3.900,-0.001,-0.150,0.150,,OP1_PT5_OW_GAGE - OP1_PT5_IW_GAGE / CS_BF_OP1
Distance,OP1_WIDTH_6,D1,3.772,3.900,-0.128,-0.200,0.150,,OP1_PT6_OW_GAGE - OP1_PT6_IW_GAGE / CS_BF_OP1
Distance,OP1_WIDTH_7,D1,3.889,3.900,-0.011,-0.150,0.150,,OP1_PT7_OW_GAGE - OP1_PT7_IW_GAGE / CS_BF_OP1
Distance,OP1_WIDTH_8,D1,3.884,3.900,-0.016,-0.150,0.150,,OP1_PT8_OW_GAGE - OP1_PT8_IW_GAGE / CS_BF_OP1
Distance,OP1_DEPTH_1,D1,6.011,6.000,0.011,-0.150,0.400,,PL_FIXTURE_A - OP1_PT1_DEPTH / CS_BF_OP1
Distance,OP1_DEPTH_2,D1,5.935,6.000,-0.065,-0.150,0.150,,PL_FIXTURE_A - OP1_PT2_DEPTH / CS_BF_OP1
Distance,OP1_DEPTH_3,D1,5.892,6.000,-0.108,-0.300,0.150,,PL_FIXTURE_A - OP1_PT3_DEPTH / CS_BF_OP1
Distance,OP1_DEPTH_4,D1,5.929,6.000,-0.071,-0.150,0.150,,PL_FIXTURE_A - OP1_PT4_DEPTH / CS_BF_OP1
Distance,OP1_DEPTH_5,D1,6.013,6.000,0.013,-0.150,0.150,,PL_FIXTURE_A - OP1_PT5_DEPTH / CS_BF_OP1
Distance,OP1_DEPTH_6,D1,5.955,6.000,-0.045,-0.300,0.150,,PL_FIXTURE_A - OP1_PT6_DEPTH / CS_BF_OP1
Distance,OP1_DEPTH_7,D1,6.061,6.000,0.061,-0.150,0.150,,PL_FIXTURE_A - OP1_PT7_DEPTH / CS_BF_OP1
Distance,OP1_DEPTH_8,D1,6.262,6.000,0.262,-0.150,0.400,,PL_FIXTURE_A - OP1_PT8_DEPTH / CS_BF_OP1
Distance,OP2_WIDTH_1,D1,3.716,3.900,-0.184,-0.200,0.150,,OP2_PT1_OW_GAGE - OP2_PT1_IW_GAGE / CS_BF_OP2
Distance,OP2_WIDTH_2,D1,3.770,3.900,-0.130,-0.200,0.150,,OP2_PT2_OW_GAGE - OP2_PT2_IW_GAGE / CS_BF_OP2
Distance,OP2_WIDTH_4,D1,3.766,3.900,-0.134,-0.200,0.150,,OP2_PT4_OW_GAGE - OP2_PT4_IW_GAGE / CS_BF_OP2
Distance,OP2_WIDTH_5,D1,3.810,3.900,-0.090,-0.150,0.150,,OP2_PT5_OW_GAGE - OP2_PT5_IW_GAGE / CS_BF_OP2
Distance,OP2_WIDTH_7,D1,3.917,3.900,0.017,-0.150,0.150,,OP2_PT7_OW_GAGE - OP2_PT7_IW_GAGE / CS_BF_OP2
Distance,OP2_WIDTH_8,D1,3.784,3.900,-0.116,-0.150,0.150,,OP2_PT8_OW_GAGE - OP2_PT8_IW_GAGE / CS_BF_OP2
Distance,OP2_DEPTH_1,D1,5.915,6.000,-0.085,-0.300,0.150,,PL_FIXTURE_A - OP2_PT1_DEPTH / CS_BF_OP2
Distance,OP2_DEPTH_2,D1,6.040,6.000,0.040,-0.150,0.150,,PL_FIXTURE_A - OP2_PT2_DEPTH / CS_BF_OP2
Distance,OP2_DEPTH_3,D1,5.943,6.000,-0.057,-0.150,0.150,,PL_FIXTURE_A - OP2_PT3_DEPTH / CS_BF_OP2
Distance,OP2_DEPTH_4,D1,5.961,6.000,-0.039,-0.150,0.150,,PL_FIXTURE_A - OP2_PT4_DEPTH / CS_BF_OP2
Distance,OP2_DEPTH_5,D1,6.050,6.000,0.050,-0.150,0.150,,PL_FIXTURE_A - OP2_PT5_DEPTH / CS_BF_OP2
Distance,OP2_DEPTH_6,D1,6.049,6.000,0.049,-0.150,0.150,,PL_FIXTURE_A - OP2_PT6_DEPTH / CS_BF_OP2
Distance,OP2_DEPTH_7,D1,5.883,6.000,-0.117,-0.300,0.150,,PL_FIXTURE_A - OP2_PT7_DEPTH / CS_BF_OP2
Distance,OP2_DEPTH_8,D1,5.950,6.000,-0.050,-0.150,0.150,,PL_FIXTURE_A - OP2_PT8_DEPTH / CS_BF_OP2
Distance,OP3_WIDTH_1,D1,3.816,3.900,-0.084,-0.150,0.150,,OP3_PT1_OW_GAGE - OP3_PT1_IW_GAGE / CS_BF_OP3
Distance,OP3_WIDTH_2,D1,3.855,3.900,-0.045,-0.150,0.150,,OP3_PT2_OW_GAGE - OP3_PT2_IW_GAGE / CS_BF_OP3
Distance,OP3_WIDTH_3,D1,3.833,3.900,-0.067,-0.150,0.150,,OP3_PT3_OW_GAGE - OP3_PT3_IW_GAGE / CS_BF_OP3
Distance,OP3_WIDTH_4,D1,3.763,3.900,-0.137,-0.200,0.150,,OP3_PT4_OW_GAGE - OP3_PT4_IW_GAGE / CS_BF_OP3
Distance,OP3_WIDTH_5,D1,3.866,3.900,-0.034,-0.150,0.150,,OP3_PT5_OW_GAGE - OP3_PT5_IW_GAGE / CS_BF_OP3
Distance,OP3_WIDTH_6,D1,3.770,3.900,-0.130,-0.150,0.150,,OP3_PT6_OW_GAGE - OP3_PT6_IW_GAGE / CS_BF_OP3
Distance,OP3_WIDTH_7,D1,3.889,3.900,-0.011,-0.150,0.150,,OP3_PT7_OW_GAGE - OP3_PT7_IW_GAGE / CS_BF_OP3
Distance,OP3_WIDTH_8,D1,3.851,3.900,-0.049,-0.150,0.150,,OP3_PT8_OW_GAGE - OP3_PT8_IW_GAGE / CS_BF_OP3
Distance,OP3_DEPTH_1,D1,5.979,6.000,-0.021,-0.300,0.150,,PL_FIXTURE_A - OP3_PT1_DEPTH / CS_BF_OP3
Distance,OP3_DEPTH_2,D1,6.107,6.000,0.107,-0.150,0.400,,PL_FIXTURE_A - OP3_PT2_DEPTH / CS_BF_OP3
Distance,OP3_DEPTH_3,D1,5.875,6.000,-0.125,-0.300,0.150,,PL_FIXTURE_A - OP3_PT3_DEPTH / CS_BF_OP3
Distance,OP3_DEPTH_4,D1,5.867,6.000,-0.133,-0.300,0.150,,PL_FIXTURE_A - OP3_PT4_DEPTH / CS_BF_OP3
Distance,OP3_DEPTH_5,D1,5.945,6.000,-0.055,-0.150,0.150,,PL_FIXTURE_A - OP3_PT5_DEPTH / CS_BF_OP3
Distance,OP3_DEPTH_6,D1,5.975,6.000,-0.025,-0.150,0.150,,PL_FIXTURE_A - OP3_PT6_DEPTH / CS_BF_OP3
Distance,OP3_DEPTH_7,D1,5.920,6.000,-0.080,-0.300,0.150,,PL_FIXTURE_A - OP3_PT7_DEPTH / CS_BF_OP3
Distance,OP3_DEPTH_8,D1,6.009,6.000,0.009,-0.300,0.150,,PL_FIXTURE_A - OP3_PT8_DEPTH / CS_BF_OP3
Distance,OP4_WIDTH_2,D1,3.880,3.900,-0.020,-0.150,0.150,,OP4_PT2_OW_GAGE - OP4_PT2_IW_GAGE / CS_BF_OP4
Distance,OP4_WIDTH_3,D1,3.799,3.900,-0.101,-0.200,0.150,,OP4_PT3_OW_GAGE - OP4_PT3_IW_GAGE / CS_BF_OP4
Distance,OP4_WIDTH_4,D1,3.795,3.900,-0.105,-0.150,0.150,,OP4_PT4_OW_GAGE - OP4_PT4_IW_GAGE / CS_BF_OP4
Distance,OP4_WIDTH_5,D1,3.900,3.900,-0.000,-0.150,0.300,,OP4_PT5_OW_GAGE - OP4_PT5_IW_GAGE / CS_BF_OP4
Distance,OP4_WIDTH_6,D1,3.923,3.900,0.023,-0.150,0.150,,OP4_PT6_OW_GAGE - OP4_PT6_IW_GAGE / CS_BF_OP4
Distance,OP4_WIDTH_7,D1,3.884,3.900,-0.016,-0.150,0.150,,OP4_PT7_OW_GAGE - OP4_PT7_IW_GAGE / CS_BF_OP4
Distance,OP4_WIDTH_8,D1,3.751,3.900,-0.149,-0.200,0.150,,OP4_PT8_OW_GAGE - OP4_PT8_IW_GAGE / CS_BF_OP4
Distance,OP4_DEPTH_1,D1,6.042,6.000,0.042,-0.150,0.400,,PL_FIXTURE_B - OP4_PT1_DEPTH / CS_BF_OP4
Distance,OP4_DEPTH_2,D1,6.112,6.000,0.112,-0.150,0.400,,PL_FIXTURE_B - OP4_PT2_DEPTH / CS_BF_OP4
Distance,OP4_DEPTH_3,D1,6.122,6.000,0.122,-0.150,0.400,,PL_FIXTURE_B - OP4_PT3_DEPTH / CS_BF_OP4
Distance,OP4_DEPTH_4,D1,5.986,6.000,-0.014,-0.150,0.150,,PL_FIXTURE_B - OP4_PT4_DEPTH / CS_BF_OP4
Distance,OP4_DEPTH_5,D1,6.028,6.000,0.028,-0.150,0.150,,PL_FIXTURE_B - OP4_PT5_DEPTH / CS_BF_OP4
Distance,OP4_DEPTH_6,D1,6.019,6.000,0.019,-0.150,0.150,,PL_FIXTURE_B - OP4_PT6_DEPTH / CS_BF_OP4
Distance,OP4_DEPTH_7,D1,6.067,6.000,0.067,-0.150,0.500,,PL_FIXTURE_B - OP4_PT7_DEPTH / CS_BF_OP4
Distance,OP4_DEPTH_8,D1,6.140,6.000,0.140,-0.150,0.400,,PL_FIXTURE_B - OP4_PT8_DEPTH / CS_BF_OP4
Distance,OP5_WIDTH_1,D1,3.738,3.900,-0.162,-0.200,0.150,,OP5_PT1_OW_GAGE - OP5_PT1_IW_GAGE / CS_BF_OP5
Distance,OP5_WIDTH_2,D1,3.921,3.900,0.021,-0.150,0.150,,OP5_PT2_OW_GAGE - OP5_PT2_IW_GAGE / CS_BF_OP5
Distance,OP5_WIDTH_3,D1,3.815,3.900,-0.085,-0.150,0.150,,OP5_PT3_OW_GAGE - OP5_PT3_IW_GAGE / CS_BF_OP5
Distance,OP5_WIDTH_4,D1,3.816,3.900,-0.084,-0.150,0.150,,OP5_PT4_OW_GAGE - OP5_PT4_IW_GAGE / CS_BF_OP5
Distance,OP5_WIDTH_5,D1,3.965,3.900,0.065,-0.150,0.400,,OP5_PT5_OW_GAGE - OP5_PT5_IW_GAGE / CS_BF_OP5
Distance,OP5_WIDTH_6,D1,3.878,3.900,-0.022,-0.150,0.150,,OP5_PT6_OW_GAGE - OP5_PT6_IW_GAGE / CS_BF_OP5
Distance,OP5_WIDTH_7,D1,3.873,3.900,-0.027,-0.150,0.150,,OP5_PT7_OW_GAGE - OP5_PT7_IW_GAGE / CS_BF_OP5
Distance,OP5_WIDTH_8,D1,3.828,3.900,-0.072,-0.150,0.150,,OP5_PT8_OW_GAGE - OP5_PT8_IW_GAGE / CS_BF_OP5
Distance,OP5_DEPTH_3,D1,6.237,6.000,0.237,-0.150,0.400,,PL_FIXTURE_B - OP5_PT3_DEPTH / CS_BF_OP5
Distance,OP5_DEPTH_4,D1,6.065,6.000,0.065,-0.150,0.400,,PL_FIXTURE_B - OP5_PT4_DEPTH / CS_BF_OP5
Distance,OP5_DEPTH_5,D1,6.063,6.000,0.063,-0.150,0.400,,PL_FIXTURE_B - OP5_PT5_DEPTH / CS_BF_OP5
Distance,OP5_DEPTH_6,D1,6.019,6.000,0.019,-0.150,0.400,,PL_FIXTURE_B - OP5_PT6_DEPTH / CS_BF_OP5
Distance,OP5_DEPTH_7,D1,6.176,6.000,0.176,-0.150,0.400,,PL_FIXTURE_B - OP5_PT7_DEPTH / CS_BF_OP5
Distance,OP6_WIDTH_2,D1,3.836,3.900,-0.064,-0.150,0.150,,OP6_PT2_OW_GAGE - OP6_PT2_IW_GAGE / CS_BF_OP6
Distance,OP6_WIDTH_3,D1,3.831,3.900,-0.069,-0.150,0.150,,OP6_PT3_OW_GAGE - OP6_PT3_IW_GAGE / CS_BF_OP6
Distance,OP6_WIDTH_4,D1,3.827,3.900,-0.073,-0.150,0.150,,OP6_PT4_OW_GAGE - OP6_PT4_IW_GAGE / CS_BF_OP6
Distance,OP6_WIDTH_5,D1,3.963,3.900,0.063,-0.150,0.150,,OP6_PT5_OW_GAGE - OP6_PT5_IW_GAGE / CS_BF_OP6
Distance,OP6_WIDTH_6,D1,3.886,3.900,-0.014,-0.150,0.150,,OP6_PT6_OW_GAGE - OP6_PT6_IW_GAGE / CS_BF_OP6
Distance,OP6_WIDTH_7,D1,3.853,3.900,-0.047,-0.150,0.150,,OP6_PT7_OW_GAGE - OP6_PT7_IW_GAGE / CS_BF_OP6
Distance,OP6_WIDTH_8,D1,3.902,3.900,0.002,-0.150,0.150,,OP6_PT8_OW_GAGE - OP6_PT8_IW_GAGE / CS_BF_OP6
Distance,OP6_DEPTH_1,D1,6.182,6.000,0.182,-0.150,0.400,,PL_FIXTURE_B - OP6_PT1_DEPTH / CS_BF_OP6
Distance,OP6_DEPTH_2,D1,6.187,6.000,0.187,-0.150,0.400,,PL_FIXTURE_B - OP6_PT2_DEPTH / CS_BF_OP6
Distance,OP6_DEPTH_3,D1,6.068,6.000,0.068,-0.150,0.150,,PL_FIXTURE_B - OP6_PT3_DEPTH / CS_BF_OP6
Distance,OP6_DEPTH_4,D1,5.941,6.000,-0.059,-0.150,0.150,,PL_FIXTURE_B - OP6_PT4_DEPTH / CS_BF_OP6
Distance,OP6_DEPTH_5,D1,5.946,6.000,-0.054,-0.150,0.150,,PL_FIXTURE_B - OP6_PT5_DEPTH / CS_BF_OP6
Distance,OP6_DEPTH_6,D1,5.968,6.000,-0.032,-0.150,0.150,,PL_FIXTURE_B - OP6_PT6_DEPTH / CS_BF_OP6
Distance,OP6_DEPTH_7,D1,6.144,6.000,0.144,-0.150,0.400,,PL_FIXTURE_B - OP6_PT7_DEPTH / CS_BF_OP6
Circle,CIR_A,DIAM,74.038,73.800,0.238,-0.500,0.500,,Criterion : Least Square (From 36 Pts On PL_PLAST_A) 
Circle,CIR_A,X,99.523,99.063,0.460,,,,
Circle,CIR_A,Y,176.596,177.324,-0.728,,,,
Circle,CIR_A,Z,208.215,208.274,-0.059,,,,
Circle,CIR_INS_11,X,116.424,116.161,0.262,,,,Criterion : Least Square (From 6 Pts On PL_INS_11) 
Circle,CIR_INS_11,Y,209.181,209.942,-0.761,,,,
Circle,CIR_INS_11,Z,243.847,243.644,0.203,,,,
Circle,CIR_INS_12,X,136.754,136.968,-0.215,,,,Criterion : Least Square (From 6 Pts On PL_INS_12) 
Circle,CIR_INS_12,Y,150.221,150.861,-0.640,,,,
Circle,CIR_INS_12,Z,237.001,236.898,0.103,,,,
Circle,CIR_INS_13,X,83.602,83.274,0.328,,,,Criterion : Least Square (From 6 Pts On PL_INS_13) 
Circle,CIR_INS_13,Y,139.061,139.206,-0.145,,,,
Circle,CIR_INS_13,Z,172.830,173.360,-0.530,,,,
Circle,CIR_INS_14,X,63.250,62.363,0.887,,,,Criterion : Least Square (From 6 Pts On PL_INS_14) 
Circle,CIR_INS_14,Y,197.948,198.239,-0.291,,,,
Circle,CIR_INS_14,Z,180.084,180.203,-0.119,,,,
Circle,2D_CIR_INS_11,X,42.003,42.000,0.003,,,,
Circle,2D_CIR_INS_11,Y,28.955,29.000,-0.045,,,,
Circle,2D_CIR_INS_12,X,41.922,42.000,-0.078,,,,
Circle,2D_CIR_INS_12,Y,-33.787,-34.000,0.213,,,,
Circle,2D_CIR_INS_13,X,-42.146,-42.000,-0.146,,,,
Circle,2D_CIR_INS_13,Y,-33.946,-34.000,0.054,,,,
Circle,2D_CIR_INS_14,X,-41.779,-42.000,0.221,,,,
Circle,2D_CIR_INS_14,Y,28.778,29.000,-0.222,,,,
Pos. Tol.,POS_11,PTOL,1.659,0.000,1.659,0.000,3.000,,CIR_INS_11/NOMINAL - CS_ABC_BF_CL - C-Zone - XYZ - Nominal
Pos. Tol.,POS_12,PTOL,1.365,0.000,1.365,0.000,3.000,,CIR_INS_12/NOMINAL - CS_ABC_BF_CL - C-Zone - XYZ - Nominal
Pos. Tol.,POS_13,PTOL,1.280,0.000,1.280,0.000,3.000,,CIR_INS_13/NOMINAL - CS_ABC_BF_CL - C-Zone - XYZ - Nominal
Pos. Tol.,POS_2D_11,PTOL,0.091,0.000,0.091,0.000,1.200,,2D_CIR_INS_11/NOMINAL - CS_D_BF - C-Zone - XY - Nominal
Pos. Tol.,POS_2D_12,PTOL,0.454,0.000,0.454,0.000,1.200,,2D_CIR_INS_12/NOMINAL - CS_D_BF - C-Zone - XY - Nominal
Pos. Tol.,POS_2D_13,PTOL,0.311,0.000,0.311,0.000,1.200,,2D_CIR_INS_13/NOMINAL - CS_D_BF - C-Zone - XY - Nominal
Pos. Tol.,POS_2D_14,PTOL,0.627,0.000,0.627,0.000,1.200,,2D_CIR_INS_14/NOMINAL - CS_D_BF - C-Zone - XY - Nominal
Perpend.,PERP_11,PERP,,0.000,,0.000,0.350,,CYL_11/PL_INS_11 - C-Zone - Nominal
Perpend.,PERP_12,PERP,,0.000,,0.000,0.250,,CYL_12/PL_INS_12 - C-Zone - Nominal
Perpend.,PERP_13,PERP,,0.000,,0.000,0.250,,CYL_13/PL_INS_13 - C-Zone - Nominal
Perpend.,PERP_14,PERP,,0.000,,0.000,0.250,,CYL_14/PL_INS_14 - C-Zone - Nominal
Distance,H_11,Z,0.219,-0.000,0.219,0.000,0.300,,CIR_INS_11 - PL_PLAST_INS_11 / CS_D_BF
Distance,H_12,Z,0.092,-0.000,0.092,0.000,0.300,,CIR_INS_12 - PL_PLAST_INS_12 / CS_D_BF
Distance,H_13,Z,0.168,-0.000,0.169,0.000,0.300,,CIR_INS_13 - PL_PLAST_INS_13 / CS_D_BF
Distance,H_14,Z,0.220,-0.000,0.220,0.000,0.300,,CIR_INS_14 - PL_PLAST_INS_14 / CS_D_BF
Flatness,FLATNESS_D,FLTN,0.400,0.000,0.400,0.000,1.200,,PL_DATUM_D
Profile of Line,PROFILE_SURFACE_D,PRFL,1.536,0.000,1.536,0.000,4.000,,SECTION_D
Paral.,PERP_INS_11,PARA,0.284,0.000,0.284,0.000,0.250,0.034,PL_INS_11/PL_PLAST_INS_11 - P-Zone - Cloud of Points 
Paral.,PERP_INS_12,PARA,0.083,0.000,0.083,0.000,0.250,,PL_INS_12/PL_PLAST_INS_12 - P-Zone - Cloud of Points 
Paral.,PERP_INS_13,PARA,0.187,0.000,0.187,0.000,0.250,,PL_INS_13/PL_PLAST_INS_13 - P-Zone - Cloud of Points 
Paral.,PERP_INS_14,PARA,0.212,0.000,0.212,0.000,0.250,,PL_INS_14/PL_PLAST_INS_14 - P-Zone - Cloud of Points 
Distance,PROF_11_D,Z,0.752,0.650,0.102,-0.500,0.500,,CIR_INS_11 - PL_DATUM_D / CS_D_BF
Distance,PROF_12_D,Z,0.527,0.650,-0.123,-0.500,0.500,,CIR_INS_12 - PL_DATUM_D / CS_D_BF
Distance,PROF_13_D,Z,0.373,0.650,-0.277,-0.500,0.500,,CIR_INS_13 - PL_DATUM_D / CS_D_BF
Distance,PROF_14_D,Z,0.897,0.650,0.247,-0.500,0.500,,CIR_INS_14 - PL_DATUM_D / CS_D_BF
Distance,WIDTH_TBA_1,D1,3.228,3.250,-0.022,-0.150,0.150,,0W2.5_1.1 - IW2.5_1.1 / CS_D_BF
Distance,WIDTH_TBA_2,D1,3.170,3.250,-0.080,-0.150,0.150,,0W2.5_1.2 - IW2.5_1.2 / CS_D_BF
Distance,WIDTH_TBA_3,D1,3.226,3.250,-0.024,-0.150,0.150,,0W2.5_1.3 - IW2.5_1.3 / CS_D_BF
Distance,WIDTH_TBA_4,D1,3.225,3.250,-0.025,-0.150,0.150,,0W2.5_1.4 - IW2.5_1.4 / CS_D_BF
Distance,WIDTH_TBA_5,D1,3.212,3.250,-0.038,-0.150,0.150,,0W2.5_1.5 - IW2.5_1.5 / CS_D_BF
Distance,WIDTH_TBA_6,D1,3.176,3.250,-0.074,-0.150,0.150,,0W2.5_1.6 - IW2.5_1.6 / CS_D_BF
Distance,WIDTH_TBA_7,D1,3.283,3.250,0.033,-0.150,0.150,,0W2.5_1.7 - IW2.5_1.7 / CS_D_BF
Distance,WIDTH_TBA_8,D1,3.316,3.250,0.066,-0.150,0.150,,0W2.5_1.8 - IW2.5_1.8 / CS_D_BF
Distance,DEPTH_TBA_1,D1,5.060,5.150,-0.090,-0.300,0.300,,TB_BOT_1.1 - PL_D / CS_D_BF
Distance,DEPTH_TBA_2,D1,5.129,5.150,-0.021,-0.300,0.300,,TB_BOT_1.2 - PL_D / CS_D_BF
Distance,DEPTH_TBA_3,D1,4.909,5.150,-0.241,-0.350,0.300,,TB_BOT_1.3 - PL_D / CS_D_BF
Distance,DEPTH_TBA_4,D1,4.985,5.150,-0.165,-0.300,0.300,,TB_BOT_1.4 - PL_D / CS_D_BF
Distance,DEPTH_TBA_5,D1,5.218,5.150,0.068,-0.300,0.300,,TB_BOT_1.5 - PL_D / CS_D_BF
Distance,DEPTH_TBA_6,D1,5.240,5.150,0.090,-0.300,0.300,,TB_BOT_1.6 - PL_D / CS_D_BF
Distance,DEPTH_TBA_7,D1,5.228,5.150,0.078,-0.300,0.500,,TB_BOT_1.7 - PL_D / CS_D_BF
Distance,DEPTH_TBA_8,D1,5.291,5.150,0.141,-0.300,0.500,,TB_BOT_1.8 - PL_D / CS_D_BF
Profile of Line,PROFILE_TB_IW,PRFL,0.547,0.000,0.547,0.000,1.400,,SECTION_IW_TB
Profile of Line,PROFILE_TB_OW,PRFL,0.570,0.000,0.570,0.000,1.400,,SECTION_OW_TB
Circle,CIR_15,DIAM,12.216,12.170,0.046,-0.080,0.080,,Criterion : Least Square (From 20 Pts On PL_DATUM_H) 
Circle,CIR_15,X,166.831,167.324,-0.493,,,,
Circle,CIR_15,Y,162.132,162.970,-0.838,,,,
Circle,CIR_15,Z,218.712,218.421,0.291,,,,
Pos. Tol.,POS_15,PTOL,2.030,0.000,2.030,0.000,3.600,,CIR_15/NOMINAL - CS_ABC_BF_CL - C-Zone - XYZ - Nominal
Circle,2D_CIR_16,X,23.485,23.540,-0.055,,,,
Circle,2D_CIR_16,Y,0.000,0.000,0.000,,,,
Pos. Tol.,POS_2D_16,PTOL,0.110,0.000,0.110,0.000,0.500,,2D_CIR_16/NOMINAL - CS_HJ - C-Zone - XY - Nominal
Circle,CIR_17,DIAM,6.065,6.000,0.065,-0.250,0.250,,Criterion : Least Square (From 8 Pts On PL_PLAST_17) 
Circle,CIR_17,X,287.576,287.000,0.576,,,,
Circle,CIR_17,Y,100.164,103.210,-3.046,,,,
Circle,CIR_17,Z,66.327,66.000,0.327,,,,
Pos. Tol.,POS_17,PTOL,1.324,0.000,1.324,0.000,3.000,,CIR_17/NOMINAL - CS_ABC_BF_CL - C-Zone - XZ - Nominal
Circle,CIR_18,DIAM,6.089,6.000,0.089,-0.250,0.250,,Criterion : Least Square (From 6 Pts On PL_PLAST_18) 
Circle,CIR_18,X,227.684,226.330,1.354,,,,
Circle,CIR_18,Y,113.794,115.710,-1.916,,,,
Circle,CIR_18,Z,-135.906,-136.000,0.094,,,,
Pos. Tol.,POS_18,PTOL,2.714,0.000,2.714,0.000,3.500,,CIR_18/NOMINAL - CS_ABC_BF_CL - C-Zone - XZ - Nominal
Circle,CIR_19,DIAM,12.047,12.050,-0.003,-0.080,0.080,,Criterion : Least Square (From 20 Pts On PL_DATUM_F) 
Circle,CIR_19,X,181.513,179.990,1.523,,,,
Circle,CIR_19,Y,199.353,201.240,-1.887,,,,
Circle,CIR_19,Z,-80.989,-81.262,0.273,,,,
Pos. Tol.,POS_19,PTOL,3.093,0.000,3.093,0.000,4.000,,CIR_19/NOMINAL - CS_ABC_BF_CL - C-Zone - XZ - Nominal
Circle,2D_CIR_20,DIAM,4.843,4.700,0.143,-0.100,0.100,0.043,
Circle,2D_CIR_20,X,-17.389,-17.500,0.111,,,,
Circle,2D_CIR_20,Z,0.000,0.000,0.000,,,,
Pos. Tol.,POS_2D_20,PTOL,0.222,0.000,0.222,0.000,0.500,,2D_CIR_20/NOMINAL - CS_FG - C-Zone - XZ - Nominal
Circle,CIR_21,DIAM,4.894,4.820,0.074,-0.100,0.180,,Criterion : Least Square (From 8 Pts On PL_PLAST_21) 
Circle,CIR_21,X,147.845,146.000,1.845,,,,
Circle,CIR_21,Y,214.525,216.210,-1.685,,,,
Circle,CIR_21,Z,-8.409,-8.500,0.091,,,,
Pos. Tol.,POS_21,PTOL,3.694,0.000,3.694,0.000,4.500,,CIR_21/NOMINAL - CS_ABC_BF_CL - C-Zone - XZ - Nominal
Circle,CIR_22,DIAM,4.864,4.820,0.044,-0.100,0.180,,Criterion : Least Square (From 8 Pts On PL_PLAST_22) 
Circle,CIR_22,X,-47.411,-48.500,1.089,,,,
Circle,CIR_22,Y,76.357,76.158,0.199,,,,
Circle,CIR_22,Z,104.950,105.000,-0.050,,,,
Pos. Tol.,POS_22,PTOL,2.180,0.000,2.180,0.000,4.000,,CIR_22/NOMINAL - CS_ABC_BF_CL - C-Zone - XZ - Nominal
Circle,CIR_23,DIAM,4.831,4.820,0.011,-0.100,0.180,,Criterion : Least Square (From 8 Pts On PL_PLAST_23) 
Circle,CIR_23,X,-48.279,-48.500,0.221,,,,
Circle,CIR_23,Y,76.366,76.158,0.208,,,,
Circle,CIR_23,Z,-107.056,-107.000,-0.056,,,,
Pos. Tol.,POS_23,PTOL,0.456,0.000,0.456,0.000,3.000,,CIR_23/NOMINAL - CS_ABC_BF_CL - C-Zone - XZ - Nominal
Circle,CIR_24,X,7.858,6.900,0.958,,,,Criterion : Least Square (From 6 Pts On PL_INS_24) 
Circle,CIR_24,Y,170.378,170.150,0.228,,,,
Circle,CIR_24,Z,74.967,74.720,0.247,,,,
Pos. Tol.,POS_24,PTOL,1.979,0.000,1.979,0.000,4.000,,CIR_24/NOMINAL - CS_ABC_BF_CL - C-Zone - XZ - Nominal
Circle,CIR_25,X,7.534,6.900,0.634,,,,Criterion : Least Square (From 6 Pts On PL_INS_25) 
Circle,CIR_25,Y,170.373,170.150,0.223,,,,
Circle,CIR_25,Z,-140.826,-141.050,0.223,,,,
Pos. Tol.,POS_25,PTOL,1.344,0.000,1.344,0.000,3.000,,CIR_25/NOMINAL - CS_ABC_BF_CL - C-Zone - XZ - Nominal
Slot,SLOT_26,LEN,13.127,13.000,0.127,-0.250,0.250,,Criterion : Least Square (From 16 Pts On PL_PLAST_26) 
Slot,SLOT_26,WID,6.548,6.500,0.048,-0.250,0.250,,
Slot,SLOT_26,X,132.144,131.300,0.844,,,,
Slot,SLOT_26,Y,152.347,153.910,-1.563,,,,
Slot,SLOT_26,Z,-211.268,-211.400,0.132,,,,
Pos. Tol.,POS_26,PTOL,1.708,0.000,1.708,0.000,3.000,,SLOT_26/NOMINAL - CS_ABC_BF_CL - C-Zone - XZ - Nominal
Distance,H_16,Z,0.315,0.000,0.315,0.000,0.300,0.015,2D_CIR_16 - PL_PLAST_16 / CS_HJ
Distance,PROF_17,Y,100.164,103.210,-3.046,-1.500,1.500,-1.546,CIR_17 - ORIGIN / CS_ABC_FIXTURE
Distance,PROF_18,Y,113.794,115.710,-1.916,-1.500,1.500,-0.416,CIR_18 - ORIGIN / CS_ABC_FIXTURE
Distance,H_24,Y,0.197,0.150,0.047,-0.150,0.150,,CIR_24 - PL_PLAST_24 / CS_ABC_SURFACES_C
Distance,H_25,Y,0.070,0.150,-0.080,-0.150,0.150,,CIR_25 - PL_PLAST_25 / CS_ABC_SURFACES_C
