Feat. Type,Feat. Name,Value,Actual,Nominal,Dev.,Tol-,Tol+,Out of Tol.,Comment
Text/Value,VAR_PROGRAM,VAL,,,,,,,'N:\Metrolog XG\Programmes\Ford GDTI\GDTI Complete Module_18.gm2'
Text/Value,VAR_EVENEMENT,VAL,,,,,,,'D�marrage '
Text/Value,VAR_COMMENTAIRES,VAL,,,,,,,'293B'
Circle,CIR1,X,307.538,307.500,0.038,,,,From 4 Pts On PL_FIXTURE
Circle,CIR1,Z,19.247,19.500,-0.253,,,,
Pos. Tol.,POS_1,PTOL,0.512,0.000,0.512,0.000,1.000,,CIR1/NOMINAL - CS_PORTS_BF - C-Zone - XZ - Nominal
Circle,CIR2,X,201.857,201.500,0.357,,,,From 4 Pts On PL_FIXTURE
Circle,CIR2,Z,19.813,19.500,0.313,,,,
Pos. Tol.,POS_2,PTOL,0.950,0.000,0.950,0.000,1.000,,CIR2/NOMINAL - CS_PORTS_BF - C-Zone - XZ - Nominal
Circle,CIR3,X,95.704,95.500,0.204,,,,From 4 Pts On PL_FIXTURE
Circle,CIR3,Z,19.471,19.500,-0.029,,,,
Pos. Tol.,POS_3,PTOL,0.411,0.000,0.411,0.000,1.000,,CIR3/NOMINAL - CS_PORTS_BF - C-Zone - XZ - Nominal
Circle,CIR4,X,0.115,-0.000,0.115,,,,From 4 Pts On PL_WC
Circle,CIR4,Z,-0.131,-0.000,-0.131,,,,
Pos. Tol.,POS_4,PTOL,0.348,0.000,0.348,0.000,1.000,,CIR4/NOMINAL - CS_PORTS_BF - C-Zone - XZ - Nominal
Circle,CIR5,X,333.317,333.500,-0.183,,,,From 4 Pts On PL_FIXTURE
Circle,CIR5,Z,136.475,136.430,0.045,,,,
Pos. Tol.,POS_5,PTOL,0.377,0.000,0.377,0.000,1.000,,CIR5/NOMINAL - CS_PORTS_BF - C-Zone - XZ - Nominal
Circle,CIR6,X,237.899,237.980,-0.081,,,,From 4 Pts On PL_FIXTURE
Circle,CIR6,Z,136.211,136.430,-0.219,,,,
Pos. Tol.,POS_6,PTOL,0.467,0.000,0.467,0.000,1.000,,CIR6/NOMINAL - CS_PORTS_BF - C-Zone - XZ - Nominal
Circle,CIR7,X,131.994,131.980,0.014,,,,From 4 Pts On PL_FIXTURE
Circle,CIR7,Z,136.390,136.430,-0.040,,,,
Pos. Tol.,POS_7,PTOL,0.084,0.000,0.084,0.000,1.000,,CIR7/NOMINAL - CS_PORTS_BF - C-Zone - XZ - Nominal
Circle,CIR8,X,26.042,25.980,0.062,,,,From 4 Pts On PL_FIXTURE
Circle,CIR8,Z,136.425,136.430,-0.005,,,,
Pos. Tol.,POS_8,PTOL,0.124,0.000,0.124,0.000,1.000,,CIR8/NOMINAL - CS_PORTS_BF - C-Zone - XZ - Nominal
Distance,OP1_WIDTH_1,D1,4.073,4.000,0.073,-0.200,0.200,,OP1_P2 - OP1_P6 / OP1_CS
Distance,OP1_WIDTH_2,D1,4.124,4.000,0.124,-0.200,0.200,,OP1_P9 - OP1_P13 / OP1_CS
Distance,OP1_WIDTH_3,D1,4.035,4.000,0.035,-0.200,0.200,,OP1_P16 - OP1_P20 / OP1_CS
Distance,OP1_WIDTH_4,D1,4.132,4.000,0.132,-0.200,0.200,,OP1_P24 - OP1_P28 / OP1_CS
Distance,OP1_WIDTH_5,D1,4.122,4.000,0.122,-0.200,0.200,,OP1_P32 - OP1_P36 / OP1_CS
Distance,OP1_WIDTH_6,D1,4.058,4.000,0.058,-0.200,0.200,,OP1_P40 - OP1_P44 / OP1_CS
Distance,OP1_DEPTH_1,D1,6.148,6.000,0.148,-0.250,0.250,,OP1_P4 - PL_FIXTURE / OP1_CS
Distance,OP1_DEPTH_2,D1,6.107,6.000,0.107,-0.250,0.250,,OP1_P11 - PL_FIXTURE / OP1_CS
Distance,OP1_DEPTH_3,D1,5.949,6.000,-0.051,-0.250,0.250,,OP1_P18 - PL_FIXTURE / OP1_CS
Distance,OP1_DEPTH_4,D1,5.970,6.000,-0.030,-0.250,0.250,,OP1_P26 - PL_FIXTURE / OP1_CS
Distance,OP1_DEPTH_5,D1,5.958,6.000,-0.042,-0.250,0.250,,OP1_P34 - PL_FIXTURE / OP1_CS
Distance,OP1_DEPTH_6,D1,6.086,6.000,0.086,-0.250,0.250,,OP1_P42 - PL_FIXTURE / OP1_CS
Distance,OP2_WIDTH_1,D1,4.084,4.000,0.084,-0.200,0.200,,OP2_P2 - OP2_P6 / OP2_CS
Distance,OP2_WIDTH_2,D1,4.099,4.000,0.099,-0.200,0.200,,OP2_P9 - OP2_P13 / OP2_CS
Distance,OP2_WIDTH_3,D1,4.076,4.000,0.076,-0.200,0.200,,OP2_P16 - OP2_P20 / OP2_CS
Distance,OP2_WIDTH_4,D1,4.107,4.000,0.107,-0.200,0.200,,OP2_P24 - OP2_P28 / OP2_CS
Distance,OP2_WIDTH_5,D1,4.155,4.000,0.155,-0.200,0.200,,OP2_P32 - OP2_P36 / OP2_CS
Distance,OP2_WIDTH_6,D1,4.149,4.000,0.149,-0.200,0.200,,OP2_P40 - OP2_P44 / OP2_CS
Distance,OP2_DEPTH_1,D1,6.271,6.000,0.271,-0.250,0.250,0.021,OP2_P4 - PL_FIXTURE / OP2_CS
Distance,OP2_DEPTH_2,D1,6.244,6.000,0.244,-0.250,0.250,,OP2_P11 - PL_FIXTURE / OP2_CS
Distance,OP2_DEPTH_3,D1,6.019,6.000,0.019,-0.250,0.250,,OP2_P18 - PL_FIXTURE / OP2_CS
Distance,OP2_DEPTH_4,D1,5.913,6.000,-0.087,-0.250,0.250,,OP2_P26 - PL_FIXTURE / OP2_CS
Distance,OP2_DEPTH_5,D1,5.914,6.000,-0.086,-0.250,0.250,,OP2_P34 - PL_FIXTURE / OP2_CS
Distance,OP2_DEPTH_6,D1,6.142,6.000,0.142,-0.250,0.250,,OP2_P42 - PL_FIXTURE / OP2_CS
Distance,OP3_WIDTH_1,D1,4.097,4.000,0.097,-0.200,0.200,,OP3_P2 - OP3_P6 / OP3_CS
Distance,OP3_WIDTH_2,D1,4.084,4.000,0.084,-0.200,0.200,,OP3_P9 - OP3_P13 / OP3_CS
Distance,OP3_WIDTH_3,D1,3.997,4.000,-0.003,-0.200,0.200,,OP3_P16 - OP3_P20 / OP3_CS
Distance,OP3_WIDTH_4,D1,4.120,4.000,0.120,-0.200,0.200,,OP3_P24 - OP3_P28 / OP3_CS
Distance,OP3_WIDTH_5,D1,4.120,4.000,0.120,-0.200,0.200,,OP3_P32 - OP3_P36 / OP3_CS
Distance,OP3_WIDTH_6,D1,4.155,4.000,0.155,-0.200,0.200,,OP3_P40 - OP3_P44 / OP3_CS
Distance,OP3_DEPTH_1,D1,6.191,6.000,0.191,-0.250,0.250,,OP3_P4 - PL_FIXTURE / OP3_CS
Distance,OP3_DEPTH_2,D1,6.134,6.000,0.134,-0.250,0.250,,OP3_P11 - PL_FIXTURE / OP3_CS
Distance,OP3_DEPTH_3,D1,6.127,6.000,0.127,-0.250,0.250,,OP3_P18 - PL_FIXTURE / OP3_CS
Distance,OP3_DEPTH_4,D1,5.997,6.000,-0.003,-0.250,0.250,,OP3_P26 - PL_FIXTURE / OP3_CS
Distance,OP3_DEPTH_5,D1,6.005,6.000,0.005,-0.250,0.250,,OP3_P34 - PL_FIXTURE / OP3_CS
Distance,OP3_DEPTH_6,D1,6.159,6.000,0.159,-0.250,0.250,,OP3_P42 - PL_FIXTURE / OP3_CS
Distance,OP4_WIDTH_1,D1,4.080,4.000,0.080,-0.200,0.200,,OP4_P2 - OP4_P6 / OP4_CS
Distance,OP4_WIDTH_2,D1,4.090,4.000,0.090,-0.200,0.200,,OP4_P9 - OP4_P13 / OP4_CS
Distance,OP4_WIDTH_3,D1,4.044,4.000,0.044,-0.200,0.200,,OP4_P16 - OP4_P20 / OP4_CS
Distance,OP4_WIDTH_4,D1,1.882,4.000,-2.118,-0.200,0.200,-1.918,OP4_P24 - OP4_P28 / OP4_CS
Distance,OP4_WIDTH_5,D1,4.129,4.000,0.129,-0.200,0.200,,OP4_P32 - OP4_P36 / OP4_CS
Distance,OP4_WIDTH_6,D1,4.038,4.000,0.038,-0.200,0.200,,OP4_P40 - OP4_P44 / OP4_CS
Distance,OP4_DEPTH_1,D1,6.188,6.000,0.188,-0.250,0.250,,OP4_P4 - PL_FIXTURE / OP4_CS
Distance,OP4_DEPTH_2,D1,6.194,6.000,0.194,-0.250,0.250,,OP4_P11 - PL_FIXTURE / OP4_CS
Distance,OP4_DEPTH_3,D1,6.118,6.000,0.118,-0.250,0.250,,OP4_P18 - PL_FIXTURE / OP4_CS
Distance,OP4_DEPTH_4,D1,5.888,6.000,-0.112,-0.250,0.250,,OP4_P26 - PL_FIXTURE / OP4_CS
Distance,OP4_DEPTH_5,D1,5.876,6.000,-0.124,-0.250,0.250,,OP4_P34 - PL_FIXTURE / OP4_CS
Distance,OP4_DEPTH_6,D1,5.951,6.000,-0.049,-0.250,0.250,,OP4_P42 - PL_FIXTURE / OP4_CS
Distance,OP5_WIDTH_1,D1,4.092,4.000,0.092,-0.200,0.200,,OP5_P2 - OP5_P6 / OP5_CS
Distance,OP5_WIDTH_2,D1,4.091,4.000,0.091,-0.200,0.200,,OP5_P9 - OP5_P13 / OP5_CS
Distance,OP5_WIDTH_3,D1,4.142,4.000,0.142,-0.200,0.200,,OP5_P16 - OP5_P20 / OP5_CS
Distance,OP5_WIDTH_4,D1,4.128,4.000,0.128,-0.200,0.200,,OP5_P24 - OP5_P28 / OP5_CS
Distance,OP5_WIDTH_5,D1,4.150,4.000,0.150,-0.200,0.200,,OP5_P32 - OP5_P36 / OP5_CS
Distance,OP5_WIDTH_6,D1,4.120,4.000,0.120,-0.200,0.200,,OP5_P40 - OP5_P44 / OP5_CS
Distance,OP5_DEPTH_1,D1,6.115,6.000,0.115,-0.250,0.250,,OP5_P4 - PL_FIXTURE / OP5_CS
Distance,OP5_DEPTH_2,D1,6.113,6.000,0.113,-0.250,0.250,,OP5_P11 - PL_FIXTURE / OP5_CS
Distance,OP5_DEPTH_3,D1,6.121,6.000,0.121,-0.250,0.250,,OP5_P18 - PL_FIXTURE / OP5_CS
Distance,OP5_DEPTH_4,D1,5.941,6.000,-0.059,-0.250,0.250,,OP5_P26 - PL_FIXTURE / OP5_CS
Distance,OP5_DEPTH_5,D1,5.920,6.000,-0.080,-0.250,0.250,,OP5_P34 - PL_FIXTURE / OP5_CS
Distance,OP5_DEPTH_6,D1,6.037,6.000,0.037,-0.250,0.250,,OP5_P42 - PL_FIXTURE / OP5_CS
Distance,OP6_WIDTH_1,D1,4.081,4.000,0.081,-0.200,0.200,,OP6_P2 - OP6_P6 / OP6_CS
Distance,OP6_WIDTH_2,D1,4.063,4.000,0.063,-0.200,0.200,,OP6_P9 - OP6_P13 / OP6_CS
Distance,OP6_WIDTH_3,D1,4.072,4.000,0.072,-0.200,0.200,,OP6_P16 - OP6_P20 / OP6_CS
Distance,OP6_WIDTH_4,D1,4.084,4.000,0.084,-0.200,0.200,,OP6_P24 - OP6_P28 / OP6_CS
Distance,OP6_WIDTH_5,D1,4.088,4.000,0.088,-0.200,0.200,,OP6_P32 - OP6_P36 / OP6_CS
Distance,OP6_WIDTH_6,D1,3.949,4.000,-0.051,-0.200,0.200,,OP6_P40 - OP6_P44 / OP6_CS
Distance,OP6_DEPTH_1,D1,5.992,6.000,-0.008,-0.250,0.250,,OP6_P4 - PL_FIXTURE / OP6_CS
Distance,OP6_DEPTH_2,D1,5.967,6.000,-0.033,-0.250,0.250,,OP6_P11 - PL_FIXTURE / OP6_CS
Distance,OP6_DEPTH_3,D1,6.049,6.000,0.049,-0.250,0.250,,OP6_P18 - PL_FIXTURE / OP6_CS
Distance,OP6_DEPTH_4,D1,6.003,6.000,0.003,-0.250,0.250,,OP6_P26 - PL_FIXTURE / OP6_CS
Distance,OP6_DEPTH_5,D1,6.011,6.000,0.011,-0.250,0.250,,OP6_P34 - PL_FIXTURE / OP6_CS
Distance,OP6_DEPTH_6,D1,6.136,6.000,0.136,-0.250,0.250,,OP6_P42 - PL_FIXTURE / OP6_CS
Circle,CIR_9,X,227.457,227.100,0.357,,,,Criterion : Least Square (From 6 Pts On PL_INS_9) 
Circle,CIR_9,Z,11.873,11.000,0.873,,,,
Pos. Tol.,POS_3D_9,PTOL,1.887,0.000,1.887,0.000,3.000,,CIR_9/NOMINAL - CS_PORTS_BF - C-Zone - XZ - Nominal
Circle,CIR_10,X,38.975,38.500,0.475,,,,Criterion : Least Square (From 6 Pts On PL_INS_10) 
Circle,CIR_10,Z,-5.131,-6.500,1.369,,,,
Pos. Tol.,POS_3D_10,PTOL,2.898,0.000,2.898,0.000,3.000,,CIR_10/NOMINAL - CS_PORTS_BF - C-Zone - XZ - Nominal
Circle,CIR_INS_11,X,64.051,63.500,0.551,,,,Criterion : Least Square (From 6 Pts On PL_INS_11) 
Circle,CIR_INS_11,Z,163.249,163.500,-0.251,,,,
Pos. Tol.,POS_3D_11,PTOL,1.211,0.000,1.211,0.000,3.000,,CIR_INS_11/NOMINAL - CS_PORTS_BF - C-Zone - XZ - Nominal
Circle,CIR_INS_12,X,113.960,113.500,0.460,,,,Criterion : Least Square (From 6 Pts On PL_INS_12) 
Circle,CIR_INS_12,Z,78.347,78.000,0.347,,,,
Pos. Tol.,POS_3D_12,PTOL,1.152,0.000,1.152,0.000,3.000,,CIR_INS_12/NOMINAL - CS_PORTS_BF - C-Zone - XZ - Nominal
Distance,H_9,Y,0.082,0.000,0.082,0.000,0.500,,CIR_9 - PL_PLAST_9 / CS_PORTS_BF
Distance,H_10,Y,0.144,-0.000,0.144,0.000,0.500,,CIR_10 - PL_PLAST_10 / CS_PORTS_BF
Distance,H_11,Y,0.167,0.000,0.167,0.000,0.500,,CIR_INS_11 - PL_PLAST_11 / CS_PORTS_BF
Distance,H_12,Y,0.173,0.000,0.173,0.000,0.500,,CIR_INS_12 - PL_PLAST_12 / CS_PORTS_BF
Circle,CIR_13,X,113.666,113.500,0.166,,,,Criterion : Least Square (From 6 Pts On PL_13) 
Circle,CIR_13,Z,49.855,49.000,0.855,,,,
Pos. Tol.,POS_3D_13,PTOL,1.742,0.000,1.742,0.000,3.000,,CIR_13/NOMINAL - CS_PORTS_BF - C-Zone - XZ - Nominal
Circle,CIR_14_10MM,DIAM,13.179,13.200,-0.021,-0.050,0.050,,Criterion : Least Square (From 8 Pts On PL_14) 
Circle,CIR_14_10MM,X,193.725,193.500,0.225,,,,
Circle,CIR_14_10MM,Z,78.552,78.000,0.552,,,,
Pos. Tol.,POS_3D_14,PTOL,1.109,0.000,1.109,0.000,4.000,,CIR_14_5MM/NOMINAL - CS_PORTS_BF - C-Zone - XZ - Nominal
Circle,CR_15_GF,X,0.000,0.000,0.000,,,,
Circle,CR_15_GF,Z,-21.376,-21.500,0.124,,,,
Pos. Tol.,POS_2D_15,PTOL,0.248,0.000,0.248,0.000,0.500,,CR_15_GF/NOMINAL - CS_GF_15 - C-Zone - XZ - Nominal
Circle,CR_16_GF,X,0.000,0.000,0.000,,,,
Circle,CR_16_GF,Z,-21.440,-21.500,0.060,,,,
Pos. Tol.,POS_2D_16,PTOL,0.120,0.000,0.120,0.000,0.500,,CR_16_GF/NOMINAL - CS_GF_16 - C-Zone - XZ - Nominal
Circle,CIR_17,X,525.200,525.070,0.130,,,,Criterion : Least Square (From 6 Pts On PL_INS_17) 
Circle,CIR_17,Y,59.967,60.535,-0.568,,,,
Circle,CIR_17,Z,55.291,55.645,-0.353,,,,
Pos. Tol.,POS_3D_17,PTOL,1.363,0.000,1.363,0.000,5.000,,CIR_17/NOMINAL - CS_PORTS_BF - C-Zone - XYZ - Nominal
Circle,CIR_18,X,497.609,497.708,-0.100,,,,Criterion : Least Square (From 6 Pts On PL_INS_18) 
Circle,CIR_18,Y,59.221,60.535,-1.314,,,,
Circle,CIR_18,Z,130.136,130.820,-0.684,,,,
Pos. Tol.,POS_3D_18,PTOL,2.970,0.000,2.970,0.000,5.000,,CIR_18/NOMINAL - CS_PORTS_BF - C-Zone - XYZ - Nominal
Circle,CIR_19,X,513.197,513.002,0.195,,,,Criterion : Least Square (From 6 Pts On PL_INS_19) 
Circle,CIR_19,Y,121.764,123.465,-1.701,,,,
Circle,CIR_19,Z,136.622,136.386,0.236,,,,
Pos. Tol.,POS_3D_19,PTOL,3.457,0.000,3.457,0.000,5.000,,CIR_19/NOMINAL - CS_PORTS_BF - C-Zone - XYZ - Nominal
Circle,CIR_20,X,540.513,540.363,0.150,,,,Criterion : Least Square (From 6 Pts On PL_INS_20) 
Circle,CIR_20,Y,122.543,123.465,-0.922,,,,
Circle,CIR_20,Z,61.475,61.211,0.264,,,,
Pos. Tol.,POS_3D_20,PTOL,1.941,0.000,1.941,0.000,5.000,,CIR_20/NOMINAL - CS_PORTS_BF - C-Zone - XYZ - Nominal
Circle,CIR_21,DIAM,74.024,74.000,0.024,,,,Criterion : Least Square (From 12 Pts On PL_D) 
Circle,CIR_21,X,519.110,519.036,0.075,,,,
Circle,CIR_21,Y,90.702,92.000,-1.298,,,,
Circle,CIR_21,Z,95.816,96.015,-0.200,,,,
Pos. Tol.,POS_3D_21,PTOL,2.631,0.000,2.631,0.000,5.000,,CIR_21/NOMINAL - CS_PORTS_BF - C-Zone - XYZ - Nominal
Circle,CR_17_DE,Y,-32.369,-32.500,0.131,,,,
Circle,CR_17_DE,Z,-39.898,-40.000,0.102,,,,
Pos. Tol.,POS_2D_17,PTOL,0.332,0.000,0.332,0.000,0.500,,CR_17_DE/NOMINAL - CS_DE_BF - C-Zone - YZ - Nominal
Circle,CR_18_DE,Y,-32.381,-32.500,0.119,,,,
Circle,CR_18_DE,Z,39.874,40.000,-0.126,,,,
Pos. Tol.,POS_2D_18,PTOL,0.347,0.000,0.347,0.000,0.500,,CR_18_DE/NOMINAL - CS_DE_BF - C-Zone - YZ - Nominal
Circle,CR_19_DE,Y,32.400,32.500,-0.100,,,,
Circle,CR_19_DE,Z,39.993,40.000,-0.007,,,,
Pos. Tol.,POS_2D_19,PTOL,0.200,0.000,0.200,0.000,0.500,,CR_19_DE/NOMINAL - CS_DE_BF - C-Zone - YZ - Nominal
Circle,CR_20_DE,Y,32.349,32.500,-0.151,,,,
Circle,CR_20_DE,Z,-39.969,-40.000,0.031,,,,
Pos. Tol.,POS_2D_20,PTOL,0.308,0.000,0.308,0.000,0.500,,CR_20_DE/NOMINAL - CS_DE_BF - C-Zone - YZ - Nominal
Distance,H17,X,0.036,0.000,0.036,0.000,0.500,,CIR_17 - PL_PLAST_17 / CS_DE_BF
Distance,H18,X,0.182,0.000,0.182,0.000,0.500,,CIR_18 - PL_PLAST_18 / CS_DE_BF
Distance,H19,X,0.281,0.000,0.281,0.000,0.500,,CIR_19 - PL_PLAST_19 / CS_DE_BF
Distance,H20,X,0.070,0.000,0.070,0.000,0.500,,CIR_20 - PL_PLAST_20 / CS_DE_BF
Flatness,FLAT_D,FLTN,0.296,0.000,0.296,0.000,1.000,,PL_D
Distance,WIDTH_TB1,D1,3.119,3.000,0.119,-0.200,0.200,,P0W2.5_1.1 - PIW2.5_1.1 / CS_DE_BF
Distance,WIDTH_TB2,D1,3.045,3.000,0.045,-0.200,0.200,,P0W2.5_1.2 - PIW2.5_1.2 / CS_DE_BF
Distance,WIDTH_TB3,D1,3.097,3.000,0.097,-0.200,0.200,,P0W2.5_1.3 - PIW2.5_1.3 / CS_DE_BF
Distance,WIDTH_TB4,D1,3.119,3.000,0.119,-0.200,0.200,,P0W2.5_1.4 - PIW2.5_1.4 / CS_DE_BF
Distance,WIDTH_TB5,D1,3.089,3.000,0.089,-0.200,0.200,,P0W2.5_1.5 - PIW2.5_1.5 / CS_DE_BF
Distance,WIDTH_TB6,D1,3.126,3.000,0.126,-0.200,0.200,,P0W2.5_1.6 - PIW2.5_1.6 / CS_DE_BF
Distance,WIDTH_TB7,D1,2.951,3.000,-0.049,-0.200,0.200,,P0W2.5_1.7 - PIW2.5_1.7 / CS_DE_BF
Distance,WIDTH_TB8,D1,2.975,3.000,-0.025,-0.200,0.200,,P0W2.5_1.8 - PIW2.5_1.8 / CS_DE_BF
Distance,WIDTH_TB9,D1,2.941,3.000,-0.059,-0.200,0.200,,P0W2.5_1.9 - PIW2.5_1.9 / CS_DE_BF
Distance,WIDTH_TB10,D1,2.965,3.000,-0.035,-0.200,0.200,,P0W2.5_1.10 - PIW2.5_1.10 / CS_DE_BF
Distance,WIDTH_TB11,D1,2.915,3.000,-0.085,-0.200,0.200,,P0W2.5_1.11 - PIW2.5_1.11 / CS_DE_BF
Distance,WIDTH_TB12,D1,3.024,3.000,0.024,-0.200,0.200,,P0W2.5_1.12 - PIW2.5_1.12 / CS_DE_BF
Distance,WIDTH_TB13,D1,3.144,3.000,0.144,-0.200,0.200,,P0W2.5_1.13 - PIW2.5_1.13 / CS_DE_BF
Distance,WIDTH_TB14,D1,3.042,3.000,0.042,-0.200,0.200,,P0W2.5_1.14 - PIW2.5_1.14 / CS_DE_BF
Distance,WIDTH_TB15,D1,3.079,3.000,0.079,-0.200,0.200,,P0W2.5_1.15 - PIW2.5_1.15 / CS_DE_BF
Distance,DEPTH_TB1,D1,5.131,5.000,0.131,-0.250,0.250,,PTB_BOT_1.1 - PL_D / CS_DE_BF
Distance,DEPTH_TB2,D1,5.010,5.000,0.010,-0.250,0.250,,PTB_BOT_1.2 - PL_D / CS_DE_BF
Distance,DEPTH_TB3,D1,4.900,5.000,-0.100,-0.250,0.250,,PTB_BOT_1.3 - PL_D / CS_DE_BF
Distance,DEPTH_TB4,D1,4.758,5.000,-0.242,-0.250,0.250,,PTB_BOT_1.4 - PL_D / CS_DE_BF
Distance,DEPTH_TB5,D1,4.712,5.000,-0.288,-0.250,0.250,-0.038,PTB_BOT_1.5 - PL_D / CS_DE_BF
Distance,DEPTH_TB6,D1,4.793,5.000,-0.207,-0.250,0.250,,PTB_BOT_1.6 - PL_D / CS_DE_BF
Distance,DEPTH_TB7,D1,4.914,5.000,-0.086,-0.250,0.250,,PTB_BOT_1.7 - PL_D / CS_DE_BF
Distance,DEPTH_TB8,D1,4.885,5.000,-0.115,-0.250,0.250,,PTB_BOT_1.8 - PL_D / CS_DE_BF
Distance,DEPTH_TB9,D1,4.768,5.000,-0.232,-0.250,0.250,,PTB_BOT_1.9 - PL_D / CS_DE_BF
Distance,DEPTH_TB10,D1,4.701,5.000,-0.299,-0.250,0.250,-0.049,PTB_BOT_1.10 - PL_D / CS_DE_BF
Distance,DEPTH_TB11,D1,5.039,5.000,0.039,-0.250,0.250,,PTB_BOT_1.11 - PL_D / CS_DE_BF
Distance,DEPTH_TB12,D1,5.026,5.000,0.026,-0.250,0.250,,PTB_BOT_1.12 - PL_D / CS_DE_BF
Distance,DEPTH_TB13,D1,5.071,5.000,0.071,-0.250,0.250,,PTB_BOT_1.13 - PL_D / CS_DE_BF
Distance,DEPTH_TB14,D1,5.085,5.000,0.085,-0.250,0.250,,PTB_BOT_1.14 - PL_D / CS_DE_BF
Distance,DEPTH_TB15,D1,5.112,5.000,0.112,-0.250,0.250,,PTB_BOT_1.15 - PL_D / CS_DE_BF
Circle,CR_22,DIAM,22.149,22.200,-0.051,-0.100,0.100,,Criterion : Least Square (From 12 Pts On PL_22) 
Circle,CR_22,X,417.906,417.800,0.106,,,,
Circle,CR_22,Y,130.153,130.900,-0.747,,,,
Circle,CR_22,Z,134.284,134.500,-0.216,,,,
Pos. Tol.,POS_PCV,PTOL,1.570,0.000,1.570,0.000,5.000,,CR_22/NOMINAL - CS_PORTS_BF - C-Zone - XYZ - Nominal
Circle,CR_23_HJ,X,14.090,14.310,-0.220,,,,
Circle,CR_23_HJ,Y,17.177,17.360,-0.183,,,,
Pos. Tol.,POS_2D_23,PTOL,0.572,0.000,0.572,0.000,0.500,0.072,CR_23_HJ/NOMINAL - CS_HJ_BF - C-Zone - XY - Nominal
Circle,CR_24_HJ,X,20.888,21.080,-0.192,,,,
Circle,CR_24_HJ,Y,7.751,7.880,-0.129,,,,
Pos. Tol.,POS_2D_24,PTOL,0.462,0.000,0.462,0.000,0.500,,CR_24_HJ/NOMINAL - CS_HJ_BF - C-Zone - XY - Nominal
Circle,CIR_BREAK,DIAM,9.627,9.600,0.027,-0.100,0.100,,Inters. PL_BREAK - CYL_BREAK.
Circle,CIR_BREAK,X,506.760,506.700,0.060,,,,
Circle,CIR_BREAK,Y,123.168,123.400,-0.232,,,,
Circle,CIR_BREAK,Z,9.423,8.700,0.723,,,,
Pos. Tol.,POS_BRAKE_ASPIRATOR,PTOL,1.524,0.000,1.524,0.000,5.000,,CIR_BREAK/NOMINAL - CS_PORTS_BF - C-Zone - XYZ - Nominal
Circle,CIR_PURGE,X,513.716,513.400,0.316,,,,Inters. PL_PURGE - CYL_PURGE.
Circle,CIR_PURGE,Y,91.601,92.500,-0.899,,,,
Circle,CIR_PURGE,Z,-8.759,-9.000,0.241,,,,
Pos. Tol.,POS_PURGE,PTOL,1.965,0.000,1.965,0.000,5.000,,CIR_PURGE/NOMINAL - CS_PORTS_BF - C-Zone - XYZ - Nominal
Circle,CIR_25_,X,323.627,323.200,0.427,,,,
Circle,CIR_25_,Y,137.553,138.672,-1.119,,,,
Circle,CIR_25_,Z,168.748,168.500,0.248,,,,
Pos. Tol.,POS_25,PTOL,2.446,0.000,2.446,0.000,5.000,,CIR_25_/NOMINAL - CS_PORTS_BF - C-Zone - XYZ - Nominal
Circle,CIR_26_,X,143.532,143.300,0.232,,,,
Circle,CIR_26_,Y,137.984,138.672,-0.688,,,,
Circle,CIR_26_,Z,167.969,168.500,-0.531,,,,
Pos. Tol.,POS_26,PTOL,1.799,0.000,1.799,0.000,5.000,,CIR_26_/NOMINAL - CS_PORTS_BF - C-Zone - XYZ - Nominal
Circle,CIR_25_2D_,X,24.923,25.000,-0.077,,,,
Circle,CIR_25_2D_,Z,-12.957,-13.000,0.043,,,,
Pos. Tol.,POS_2D_25,PTOL,0.177,0.000,0.177,0.000,0.500,,CIR_25_2D_/NOMINAL - CS_LOC_1 - C-Zone - XZ - Nominal
