Feat. Type,Feat. Name,Value,Actual,Nominal,Dev.,Tol-,Tol+,Out of Tol.,Comment
Text/Value,VAR_PROGRAM,VAL,,,,,,,'N:\Metrolog XG\Programmes\Ford Transmission Pan 10R80\Ford Transmission Pan 10R80 Complete Cavit� 1 (Module_51).gm2'
Text/Value,VAR_EVENEMENT,VAL,,,,,,,'FIP 10080'
Text/Value,VAR_COMMENTAIRES,VAL,,,,,,,'318 C'
Text/Value,PROFILE_A,VAL,0.147231,0.000000,0.147231,0.000000,0.280000,,
Circle,CIR_1,DIAM,7.083,7.100,-0.017,-0.100,0.100,,Criterion : Least Square (From 4 Pts On PL_FIXTURE) 
Circle,CIR_1,X,0.000,0.000,0.000,,,,
Circle,CIR_1,Z,0.000,0.000,0.000,,,,
Circle,CIR_2,DIAM,7.107,7.100,0.007,-0.100,0.100,,Criterion : Least Square (From 4 Pts On PL_FIXTURE) 
Circle,CIR_2,X,-80.098,-80.100,0.002,,,,
Circle,CIR_2,Z,-3.015,-2.800,-0.215,,,,
Circle,CIR_3,DIAM,7.101,7.100,0.001,-0.100,0.100,,Criterion : Least Square (From 4 Pts On PL_FIXTURE) 
Circle,CIR_3,X,-170.108,-170.100,-0.008,,,,
Circle,CIR_3,Z,-3.024,-2.800,-0.224,,,,
Circle,CIR_4,DIAM,8.070,8.000,0.070,-0.100,0.100,,Criterion : Least Square (From 4 Pts On PL_FIXTURE) 
Circle,CIR_4,X,-224.549,-224.500,-0.049,,,,
Circle,CIR_4,Z,-4.639,-4.600,-0.039,,,,
Circle,CIR_5,DIAM,7.103,7.100,0.003,-0.100,0.100,,Criterion : Least Square (From 4 Pts On PL_FIXTURE) 
Circle,CIR_5,X,-249.528,-249.500,-0.028,,,,
Circle,CIR_5,Z,-1.548,-1.600,0.052,,,,
Circle,CIR_6,DIAM,7.106,7.100,0.006,-0.100,0.100,,Criterion : Least Square (From 4 Pts On PL_FIXTURE) 
Circle,CIR_6,X,-272.832,-272.700,-0.132,,,,
Circle,CIR_6,Z,78.215,78.100,0.115,,,,
Circle,CIR_7,DIAM,7.105,7.100,0.005,-0.100,0.100,,Criterion : Least Square (From 4 Pts On PL_FIXTURE) 
Circle,CIR_7,X,-272.934,-272.700,-0.234,,,,
Circle,CIR_7,Z,157.262,157.100,0.162,,,,
Circle,CIR_8,DIAM,7.103,7.100,0.003,-0.100,0.100,,Criterion : Least Square (From 4 Pts On PL_FIXTURE) 
Circle,CIR_8,X,-273.018,-272.700,-0.318,,,,
Circle,CIR_8,Z,236.317,236.100,0.217,,,,
Circle,CIR_9,DIAM,7.103,7.100,0.003,-0.100,0.100,,Criterion : Least Square (From 4 Pts On PL_FIXTURE) 
Circle,CIR_9,X,-272.901,-272.679,-0.222,,,,
Circle,CIR_9,Z,315.299,315.140,0.159,,,,
Circle,CIR_10,DIAM,7.102,7.100,0.002,-0.100,0.100,,Criterion : Least Square (From 4 Pts On PL_FIXTURE) 
Circle,CIR_10,X,-272.953,-272.700,-0.253,,,,
Circle,CIR_10,Z,394.325,394.100,0.225,,,,
Circle,CIR_11,DIAM,7.100,7.100,0.000,-0.100,0.100,,Criterion : Least Square (From 4 Pts On PL_FIXTURE) 
Circle,CIR_11,X,-254.721,-254.600,-0.121,,,,
Circle,CIR_11,Z,463.820,463.600,0.220,,,,
Circle,CIR_12,DIAM,7.105,7.100,0.005,-0.100,0.100,,Criterion : Least Square (From 4 Pts On PL_FIXTURE) 
Circle,CIR_12,X,-167.029,-166.900,-0.129,,,,
Circle,CIR_12,Z,474.899,474.600,0.299,,,,
Circle,CIR_13,DIAM,7.101,7.100,0.001,-0.100,0.100,,Criterion : Least Square (From 4 Pts On PL_FIXTURE) 
Circle,CIR_13,X,-79.299,-79.300,0.001,,,,
Circle,CIR_13,Z,475.038,474.600,0.438,,,,
Circle,CIR_14,DIAM,8.052,8.000,0.052,-0.100,0.100,,Criterion : Least Square (From 4 Pts On PL_FIXTURE) 
Circle,CIR_14,X,-19.436,-19.500,0.064,,,,
Circle,CIR_14,Z,473.600,473.400,0.200,,,,
Circle,CIR_15,DIAM,7.104,7.100,0.004,-0.100,0.100,,Criterion : Least Square (From 4 Pts On PL_FIXTURE) 
Circle,CIR_15,X,8.459,8.300,0.159,,,,
Circle,CIR_15,Z,470.785,470.600,0.185,,,,
Circle,CIR_16,DIAM,7.100,7.100,-0.000,-0.100,0.100,,Criterion : Least Square (From 4 Pts On PL_FIXTURE) 
Circle,CIR_16,X,17.570,17.300,0.270,,,,
Circle,CIR_16,Z,387.614,387.400,0.214,,,,
Circle,CIR_17,DIAM,7.103,7.100,0.003,-0.100,0.100,,Criterion : Least Square (From 4 Pts On PL_FIXTURE) 
Circle,CIR_17,X,17.732,17.300,0.432,,,,
Circle,CIR_17,Z,304.415,304.200,0.215,,,,
Circle,CIR_18,DIAM,7.098,7.100,-0.002,-0.100,0.100,,Criterion : Least Square (From 4 Pts On PL_FIXTURE) 
Circle,CIR_18,X,17.586,17.300,0.286,,,,
Circle,CIR_18,Z,228.130,228.000,0.130,,,,
Circle,CIR_19,DIAM,7.102,7.100,0.002,-0.100,0.100,,Criterion : Least Square (From 4 Pts On PL_FIXTURE) 
Circle,CIR_19,X,17.473,17.300,0.173,,,,
Circle,CIR_19,Z,152.137,152.000,0.137,,,,
Circle,CIR_20,DIAM,7.102,7.100,0.002,-0.100,0.100,,Criterion : Least Square (From 4 Pts On PL_FIXTURE) 
Circle,CIR_20,X,17.334,17.300,0.034,,,,
Circle,CIR_20,Z,76.188,76.000,0.188,,,,
Pos. Tol.,POS_1,PTOL,0.000,0.000,0.000,0.083,0.883,,CIR_1(M)/NOMINAL - CS_ABC - C-Zone - XZ - Nominal
Pos. Tol.,POS_2,PTOL,0.430,0.000,0.430,0.190,0.990,,CIR_2(M)/NOMINAL(M) - CS_ABC - C-Zone - XZ - Nominal
Pos. Tol.,POS_3,PTOL,0.449,0.000,0.449,0.184,0.984,,CIR_3(M)/NOMINAL(M) - CS_ABC - C-Zone - XZ - Nominal
Pos. Tol.,POS_4,PTOL,0.125,0.000,0.125,0.253,1.053,,CIR_4(M)/NOMINAL(M) - CS_ABC - C-Zone - XZ - Nominal
Pos. Tol.,POS_5,PTOL,0.119,0.000,0.119,0.186,0.986,,CIR_5(M)/NOMINAL(M) - CS_ABC - C-Zone - XZ - Nominal
Pos. Tol.,POS_6,PTOL,0.350,0.000,0.350,0.189,0.989,,CIR_6(M)/NOMINAL(M) - CS_ABC - C-Zone - XZ - Nominal
Pos. Tol.,POS_7,PTOL,0.570,0.000,0.570,0.188,0.988,,CIR_7(M)/NOMINAL(M) - CS_ABC - C-Zone - XZ - Nominal
Pos. Tol.,POS_8,PTOL,0.770,0.000,0.770,0.186,0.986,,CIR_8(M)/NOMINAL(M) - CS_ABC - C-Zone - XZ - Nominal
Pos. Tol.,POS_9,PTOL,0.547,0.000,0.547,0.186,0.986,,CIR_9(M)/NOMINAL(M) - CS_ABC - C-Zone - XZ - Nominal
Pos. Tol.,POS_10,PTOL,0.676,0.000,0.676,0.185,0.985,,CIR_10(M)/NOMINAL(M) - CS_ABC - C-Zone - XZ - Nominal
Pos. Tol.,POS_11,PTOL,0.502,0.000,0.502,0.183,0.983,,CIR_11(M)/NOMINAL(M) - CS_ABC - C-Zone - XZ - Nominal
Pos. Tol.,POS_12,PTOL,0.652,0.000,0.652,0.188,0.988,,CIR_12(M)/NOMINAL(M) - CS_ABC - C-Zone - XZ - Nominal
Pos. Tol.,POS_13,PTOL,0.877,0.000,0.877,0.184,0.984,,CIR_13(M)/NOMINAL(M) - CS_ABC - C-Zone - XZ - Nominal
Pos. Tol.,POS_14,PTOL,0.420,0.000,0.420,0.235,1.035,,CIR_14(M)/NOMINAL(M) - CS_ABC - C-Zone - XZ - Nominal
Pos. Tol.,POS_15,PTOL,0.488,0.000,0.488,0.187,0.987,,CIR_15(M)/NOMINAL(M) - CS_ABC - C-Zone - XZ - Nominal
Pos. Tol.,POS_16,PTOL,0.690,0.000,0.690,0.183,0.983,,CIR_16(M)/NOMINAL(M) - CS_ABC - C-Zone - XZ - Nominal
Pos. Tol.,POS_17,PTOL,0.965,0.000,0.965,0.185,0.985,,CIR_17(M)/NOMINAL(M) - CS_ABC - C-Zone - XZ - Nominal
Pos. Tol.,POS_18,PTOL,0.629,0.000,0.629,0.181,0.981,,CIR_18(M)/NOMINAL(M) - CS_ABC - C-Zone - XZ - Nominal
Pos. Tol.,POS_19,PTOL,0.441,0.000,0.441,0.185,0.985,,CIR_19(M)/NOMINAL(M) - CS_ABC - C-Zone - XZ - Nominal
Pos. Tol.,POS_20,PTOL,0.383,0.000,0.383,0.185,0.985,,CIR_20(M)/NOMINAL(M) - CS_ABC - C-Zone - XZ - Nominal
Perpend.,PERP_B,PERP,0.034,0.000,0.034,0.096,0.226,,CYL_B(M)/PL_FIXTURE - C-Zone - Cloud of Points 
Profile of Line,PROFILE_INSIDE_PAN_AT_GAGE,PRFL,2.338,0.000,2.338,0.000,3.000,,SECTION_INSIDE_2.5MM
Circle,CIR_21,DIAM,18.855,18.950,-0.095,-0.130,0.100,,Criterion : Least Square (From 20 Pts On PL_PLAST_TOP_21) 
Circle,CIR_21,X,-94.610,-94.500,-0.110,,,,
Circle,CIR_21,Z,123.505,123.400,0.105,,,,
Circle,CIR_21_OD,DIAM,21.375,21.400,-0.025,-0.100,0.100,,Proj. CIR_21_OD / PL_DATUM_E.
Pos. Tol.,POS_21,PTOL,0.304,0.000,0.304,0.000,1.000,,CIR_21/NOMINAL - CS_ABC - C-Zone - XZ - Nominal
Coaxiality,CONCENTRICITY_21,COAX,0.241,0.000,0.241,0.000,0.300,,CIR_21_OD/CYL_D - C-Zone - Nominal
Distance,PROF_22.1,D1,10.579,10.300,0.279,-0.250,0.250,0.029,SRF_21.1 - PL_DATUM_E / CS_SRF_BF
Distance,PROF_22.2,D1,10.415,10.300,0.115,-0.250,0.250,,SRF_21.2 - PL_DATUM_E / CS_SRF_BF
Distance,PROF_22.3,D1,10.458,10.300,0.158,-0.250,0.250,,SRF_21.3 - PL_DATUM_E / CS_SRF_BF
Distance,PROF_22.4,D1,10.404,10.300,0.104,-0.250,0.250,,SRF_21.4 - PL_DATUM_E / CS_SRF_BF
Distance,PROF_22.5,D1,10.323,10.300,0.023,-0.250,0.250,,SRF_21.5 - PL_DATUM_E / CS_SRF_BF
Distance,PROF_22.6,D1,10.303,10.300,0.003,-0.250,0.250,,SRF_21.6 - PL_DATUM_E / CS_SRF_BF
Distance,PROF_22.7,D1,10.373,10.300,0.073,-0.250,0.250,,SRF_21.7 - PL_DATUM_E / CS_SRF_BF
Distance,PROF_22.8,D1,10.668,10.300,0.368,-0.250,0.250,0.118,SRF_21.8 - PL_DATUM_E / CS_SRF_BF
Distance,PROF_E.1,D1,177.668,178.558,-0.890,,,,SRF_E.1 - ORIGIN / CS_SRF_BF
Distance,PROF_E.1,Y,60.874,61.400,-0.526,-2.000,1.000,,
Distance,PROF_E.2,D1,179.555,180.424,-0.869,,,,SRF_E.2 - ORIGIN / CS_SRF_BF
Distance,PROF_E.2,Y,60.938,61.400,-0.462,-2.000,1.000,,
Distance,PROF_E.3,D1,181.261,182.116,-0.856,,,,SRF_E.3 - ORIGIN / CS_SRF_BF
Distance,PROF_E.3,Y,60.995,61.400,-0.405,-2.000,1.000,,
Distance,PROF_E.4,D1,155.141,156.154,-1.013,,,,SRF_E.4 - ORIGIN / CS_SRF_BF
Distance,PROF_E.4,Y,60.630,61.400,-0.770,-2.000,1.000,,
Distance,PROF_E.5,D1,153.257,154.303,-1.045,,,,SRF_E.5 - ORIGIN / CS_SRF_BF
Distance,PROF_E.5,Y,60.658,61.400,-0.742,-2.000,1.000,,
Distance,PROF_E.6,D1,151.614,152.659,-1.045,,,,SRF_E.6 - ORIGIN / CS_SRF_BF
Distance,PROF_E.6,Y,60.676,61.400,-0.724,-2.000,1.000,,
Distance,PROF_E.7,D1,169.105,170.175,-1.071,,,,SRF_E.7 - ORIGIN / CS_SRF_BF
Distance,PROF_E.7,Y,60.080,61.400,-1.320,-2.000,1.000,,
Distance,PROF_E.8,D1,169.472,170.585,-1.113,,,,SRF_E.8 - ORIGIN / CS_SRF_BF
Distance,PROF_E.8,Y,60.019,61.400,-1.381,-2.000,1.000,,
Distance,PROF_E.9,D1,169.869,170.474,-0.605,,,,SRF_E.9 - ORIGIN / CS_SRF_BF
Distance,PROF_E.9,Y,59.958,61.400,-1.442,-2.000,1.000,,
Section,SECTION_ZONE_1,MAX,1.367,0.000,1.367,-2.500,1.500,,15 Pts [0 < LT ; LT < 15 < UT ;  0 > UL]
Section,SECTION_ZONE_1,MIN,-0.333,0.000,-0.333,-2.500,1.500,,
Section,SECTION_ZONE_2,MAX,-0.691,0.000,-0.691,-3.000,1.000,,7 Pts [0 < LT ; LT < 7 < UT ;  0 > UL]
Section,SECTION_ZONE_2,MIN,-1.323,0.000,-1.323,-3.000,1.000,,
Section,SECTION_ZONE_3,MAX,-2.941,0.000,-2.941,-5.000,1.000,,1 Pts [0 < LT ; LT < 1 < UT ;  0 > UL]
Section,SECTION_ZONE_3,MIN,-2.941,0.000,-2.941,-5.000,1.000,,
Circle,CIR_22,DIAM,6.413,6.350,0.063,-0.100,0.100,,Criterion : Least Square (From 6 Pts On PL_PLAST_22) 
Circle,CIR_22,Y,7.076,7.000,0.076,,,,
Circle,CIR_22,Z,429.971,429.300,0.671,,,,
Circle,CIR_23,DIAM,6.350,6.350,0.000,-0.100,0.100,,Criterion : Least Square (From 6 Pts On PL_PLAST_23) 
Circle,CIR_23,Y,7.070,7.000,0.070,,,,
Circle,CIR_23,Z,355.108,354.400,0.708,,,,
Circle,CIR_24,DIAM,6.439,6.350,0.089,-0.100,0.100,,Criterion : Least Square (From 6 Pts On PL_PLAST_24) 
Circle,CIR_24,Y,6.937,7.000,-0.063,,,,
Circle,CIR_24,Z,197.127,196.600,0.527,,,,
Circle,CIR_25,DIAM,6.376,6.350,0.026,-0.100,0.100,,Criterion : Least Square (From 6 Pts On PL_PLAST_25) 
Circle,CIR_25,Y,6.962,7.000,-0.038,,,,
Circle,CIR_25,Z,28.714,28.600,0.114,,,,
Circle,CIR_26,DIAM,6.434,6.350,0.084,-0.100,0.100,,Criterion : Least Square (From 6 Pts On PL_PLAST_26) 
Circle,CIR_26,Y,7.022,7.000,0.022,,,,
Circle,CIR_26,Z,266.247,266.100,0.147,,,,
Circle,CIR_27,DIAM,6.472,6.350,0.122,-0.100,0.100,0.022,Criterion : Least Square (From 6 Pts On PL_PLAST_27) 
Circle,CIR_27,Y,7.022,7.000,0.022,,,,
Circle,CIR_27,Z,345.961,345.800,0.161,,,,
Circle,CIR_28,DIAM,6.404,6.350,0.054,-0.100,0.100,,Criterion : Least Square (From 6 Pts On PL_PLAST_28) 
Circle,CIR_28,Y,6.983,7.000,-0.017,,,,
Circle,CIR_28,Z,429.373,429.000,0.373,,,,
Pos. Tol.,POS_22,PTOL,1.351,0.000,1.351,0.000,1.000,0.351,CIR_22/NOMINAL - CS_ABC - C-Zone - YZ - Nominal
Pos. Tol.,POS_23,PTOL,1.424,0.000,1.424,0.000,1.000,0.424,CIR_23/NOMINAL - CS_ABC - C-Zone - YZ - Nominal
Pos. Tol.,POS_24,PTOL,1.062,0.000,1.062,0.000,1.000,0.062,CIR_24/NOMINAL - CS_ABC - C-Zone - YZ - Nominal
Pos. Tol.,POS_25,PTOL,0.241,0.000,0.241,0.000,1.000,,CIR_25/NOMINAL - CS_ABC - C-Zone - YZ - Nominal
Pos. Tol.,POS_26,PTOL,0.297,0.000,0.297,0.000,1.000,,CIR_26/NOMINAL - CS_ABC - C-Zone - YZ - Nominal
Pos. Tol.,POS_27,PTOL,0.326,0.000,0.326,0.000,1.000,,CIR_27/NOMINAL - CS_ABC - C-Zone - YZ - Nominal
Pos. Tol.,POS_28,PTOL,0.747,0.000,0.747,0.000,1.000,,CIR_28/NOMINAL - CS_ABC - C-Zone - YZ - Nominal
