Feat. Type,Feat. Name,Value,Actual,Nominal,Dev.,Tol-,Tol+,Out of Tol.,Comment
Text/Value,VAR_PROGRAM,VAL,,,,,,,'N:\Metrolog XG\Programmes\D-35\D-35 Hauteur Plastic Crush Rib Moule 2 (Module 44).gm2'
Text/Value,VAR_EVENEMENT,VAL,,,,,,,'Fip; 10003'
Text/Value,VAR_COMMENTAIRES,VAL,,,,,,,'324 B'
Circle,CIR_3_FL,X,123.814,124.294,-0.481,,,,Criterion : Least Square (From 6 Pts On PL_PLAST_FL_3) 
Circle,CIR_3_FL,Z,-30.137,-30.147,0.010,,,,
Pos. Tol.,POS_3_FLANGE,PTOL,0.961,0.000,0.961,0.000,1.000,,CIR_3_FL/NOMINAL - CS_ABC - C-Zone - XZ - Nominal
Circle,CIR_3_TOP,X,124.486,124.294,0.191,,,,Criterion : Least Square (From 6 Pts On PL_PLAST_TOP_3) 
Circle,CIR_3_TOP,Z,-29.760,-30.147,0.386,,,,
Pos. Tol.,POS_3_TOP,PTOL,0.863,0.000,0.863,0.000,2.000,,CIR_3_TOP/NOMINAL - CS_ABC - C-Zone - XZ - Nominal
Distance,PLASTIC_HEIGHT,D1,100.578,100.350,0.228,-0.300,0.300,,CIR_3_FL - CIR_3_TOP / CS_ABC
