Feat. Type,Feat. Name,Value,Actual,Nominal,Dev.,Tol-,Tol+,Out of Tol.,Comment
Text/Value,VAR_PROGRAM,VAL,,,,,,,'N:\Metrolog XG\Programmes\Ford 3,5L GTDI 2017\Ford 3.5L GTDI Complete (Module 44).gm2'
Text/Value,VAR_EVENEMENT,VAL,,,,,,,'Demarrage Nid # 1'
Text/Value,VAR_COMMENTAIRES,VAL,,,,,,,'283C'
Text/Value,PROFILE_A,VAL,0.145883,0.000000,0.145883,0.000000,0.500000,,
Circle,CIR_B,DIAM,4.689,4.700,-0.011,-0.100,0.100,,Criterion : Least Square (From 3 Pts On PL_BACK_FIXTURE) 
Circle,CIR_B,X,0.000,0.000,0.000,,,,
Circle,CIR_B,Z,-0.000,0.000,0.000,,,,
Circle,CIR_C,DIAM,4.647,4.700,-0.053,-0.100,0.100,,Criterion : Least Square (From 3 Pts On PL_BACK_FIXTURE) 
Circle,CIR_C,X,-0.000,-0.000,0.000,,,,
Circle,CIR_C,Z,-211.830,-212.000,0.170,,,,
Circle,CIR1,X,16.035,15.900,0.135,,,,From 4 Pts On PL_PLAST_1
Circle,CIR1,Z,48.736,48.700,0.036,,,,
Circle,CIR2,X,43.561,43.400,0.161,,,,From 4 Pts On PL_PLAST_2
Circle,CIR2,Z,-52.728,-52.800,0.072,,,,
Circle,CIR3,X,16.048,15.900,0.148,,,,From 4 Pts On PL_PLAST_3
Circle,CIR3,Z,-158.714,-158.800,0.086,,,,
Circle,CIR4,X,43.407,43.400,0.007,,,,From 4 Pts On PL_PLAST_4
Circle,CIR4,Z,-264.726,-264.800,0.074,,,,
Circle,CIR5,X,221.648,221.700,-0.052,,,,From 4 Pts On PL_PLAST_5
Circle,CIR5,Z,-297.132,-296.800,-0.332,,,,
Circle,CIR6,X,194.788,195.200,-0.412,,,,From 4 Pts On PL_PLAST_6
Circle,CIR6,Z,-195.593,-195.300,-0.293,,,,
Circle,CIR7,X,222.552,222.700,-0.148,,,,From 3 Pts On PL_PLAST_7
Circle,CIR7,Z,-89.597,-89.300,-0.297,,,,
Circle,CIR8,X,194.910,195.200,-0.290,,,,From 4 Pts On PL_PLAST_8
Circle,CIR8,Z,16.355,16.700,-0.345,,,,
Pos. Tol.,POS_B,PTOL,0.000,0.000,0.000,0.000,0.500,,CIR_B/NOMINAL - CS_ABC - C-Zone - XZ - Nominal
Pos. Tol.,POS_C,PTOL,0.339,0.000,0.339,0.000,0.500,,CIR_C/NOMINAL - CS_ABC_BF_PORTS - C-Zone - XZ - Nominal
Pos. Tol.,POS_1,PTOL,0.279,0.000,0.279,0.000,1.500,,CIR1/NOMINAL - CS_ABC_BF_PORTS - C-Zone - XZ - Nominal
Pos. Tol.,POS_2,PTOL,0.352,0.000,0.352,0.000,1.500,,CIR2/NOMINAL - CS_ABC_BF_PORTS - C-Zone - XZ - Nominal
Pos. Tol.,POS_3,PTOL,0.342,0.000,0.342,0.000,1.500,,CIR3/NOMINAL - CS_ABC_BF_PORTS - C-Zone - XZ - Nominal
Pos. Tol.,POS_4,PTOL,0.149,0.000,0.149,0.000,1.500,,CIR4/NOMINAL - CS_ABC_BF_PORTS - C-Zone - XZ - Nominal
Pos. Tol.,POS_5,PTOL,0.672,0.000,0.672,0.000,1.500,,CIR5/NOMINAL - CS_ABC_BF_PORTS - C-Zone - XZ - Nominal
Pos. Tol.,POS_6,PTOL,1.011,0.000,1.011,0.000,1.500,,CIR6/NOMINAL - CS_ABC_BF_PORTS - C-Zone - XZ - Nominal
Pos. Tol.,POS_7,PTOL,0.664,0.000,0.664,0.000,1.500,,CIR7/NOMINAL - CS_ABC_BF_PORTS - C-Zone - XZ - Nominal
Pos. Tol.,POS_8,PTOL,0.901,0.000,0.901,0.000,1.500,,CIR8/NOMINAL - CS_ABC_BF_PORTS - C-Zone - XZ - Nominal
Circle,CIR_11,DIAM,6.775,6.800,-0.025,-0.100,0.100,,Criterion : Least Square (From 8 Pts On PL_PLAST_11) 
Circle,CIR_11,X,-14.095,-14.000,-0.095,,,,
Circle,CIR_11,Y,29.586,30.500,-0.914,,,,
Circle,CIR_11,Z,0.062,-0.000,0.062,,,,
Circle,CIR_12,DIAM,6.763,6.800,-0.037,-0.100,0.100,,Criterion : Least Square (From 8 Pts On PL_PLAST_12) 
Circle,CIR_12,X,-14.179,-14.000,-0.179,,,,
Circle,CIR_12,Y,29.615,30.500,-0.885,,,,
Circle,CIR_12,Z,-105.789,-106.000,0.210,,,,
Circle,CIR_13,DIAM,6.771,6.800,-0.029,-0.100,0.100,,Criterion : Least Square (From 8 Pts On PL_PLAST_13) 
Circle,CIR_13,X,-14.139,-14.000,-0.139,,,,
Circle,CIR_13,Y,29.725,30.500,-0.775,,,,
Circle,CIR_13,Z,-211.852,-212.000,0.148,,,,
Circle,CIR_14,DIAM,6.814,6.800,0.014,-0.100,0.100,,Criterion : Least Square (From 6 Pts On PL_PLAST_14) 
Circle,CIR_14,X,119.180,119.320,-0.140,,,,
Circle,CIR_14,Y,30.693,30.500,0.193,,,,
Circle,CIR_14,Z,-280.981,-281.000,0.019,,,,
Circle,CIR_15,DIAM,6.766,6.800,-0.034,-0.100,0.100,,Criterion : Least Square (From 8 Pts On PL_PLAST_15) 
Circle,CIR_15,X,252.458,252.640,-0.182,,,,
Circle,CIR_15,Y,29.624,30.500,-0.876,,,,
Circle,CIR_15,Z,-142.683,-142.300,-0.384,,,,
Circle,CIR_16,DIAM,6.750,6.800,-0.050,-0.100,0.100,,Criterion : Least Square (From 8 Pts On PL_PLAST_16) 
Circle,CIR_16,X,252.673,252.640,0.033,,,,
Circle,CIR_16,Y,29.557,30.500,-0.943,,,,
Circle,CIR_16,Z,-36.436,-36.300,-0.137,,,,
Circle,CIR_A,DIAM,73.992,74.000,-0.008,-0.300,0.300,,Criterion : Least Square (From 36 Pts On PL_PLAST_PT.A) 
Circle,CIR_A,X,119.438,119.162,0.276,,,,
Circle,CIR_A,Y,1.644,3.289,-1.645,,,,
Circle,CIR_A,Z,188.244,188.276,-0.032,,,,
Circle,CIR_17,X,79.810,79.320,0.490,,,,Criterion : Least Square (From 6 Pts On PL_INS_17) 
Circle,CIR_17,Y,33.782,35.146,-1.364,,,,
Circle,CIR_17,Z,194.272,193.894,0.378,,,,
Circle,CIR_18,X,159.625,159.320,0.305,,,,Criterion : Least Square (From 6 Pts On PL_INS_18) 
Circle,CIR_18,Y,33.212,35.146,-1.934,,,,
Circle,CIR_18,Z,194.322,193.894,0.429,,,,
Circle,CIR_19,X,159.263,159.320,-0.057,,,,Criterion : Least Square (From 6 Pts On PL_INS_19) 
Circle,CIR_19,Y,-30.561,-28.866,-1.695,,,,
Circle,CIR_19,Z,182.471,182.606,-0.136,,,,
Circle,CIR_20,X,79.440,79.320,0.120,,,,Criterion : Least Square (From 6 Pts On PL_INS_20) 
Circle,CIR_20,Y,-30.075,-28.866,-1.209,,,,
Circle,CIR_20,Z,182.657,182.606,0.050,,,,
Circle,2D_CIR_A,X,0.000,0.000,0.000,,,,
Circle,2D_CIR_A,Y,-0.000,0.000,0.000,,,,
Circle,2D_CIR_17,X,-39.832,-40.000,0.168,,,,
Circle,2D_CIR_17,Y,32.450,32.500,-0.050,,,,
Circle,2D_CIR_17,F.F.,0.035,,0.035,,,,
Circle,2D_CIR_18,X,39.985,40.000,-0.015,,,,
Circle,2D_CIR_18,Y,32.398,32.500,-0.102,,,,
Circle,2D_CIR_18,F.F.,0.030,,0.030,,,,
Circle,2D_CIR_19,X,40.029,40.000,0.029,,,,
Circle,2D_CIR_19,Y,-32.468,-32.500,0.032,,,,
Circle,2D_CIR_19,F.F.,0.018,,0.018,,,,
Circle,2D_CIR_20,X,-39.796,-40.000,0.204,,,,
Circle,2D_CIR_20,Y,-32.456,-32.500,0.044,,,,
Circle,2D_CIR_20,F.F.,0.008,,0.008,,,,
Circle,CIR_25,DIAM,12.055,12.000,0.055,-0.080,0.080,,Criterion : Least Square (From 24 Pts On PL_PLAST_25) 
Circle,CIR_25,X,124.558,124.320,0.238,,,,
Circle,CIR_25,Y,73.117,74.140,-1.023,,,,
Circle,CIR_25,Z,-238.562,-238.750,0.188,,,,
Circle,CIR_PORT_C,DIAM,9.497,9.490,0.007,-0.060,0.060,,Inters. PL_PORT_C - CYL_PORT_C.
Circle,CIR_PORT_C,X,204.551,202.700,1.851,,,,
Circle,CIR_PORT_C,Y,46.887,47.600,-0.713,,,,
Circle,CIR_PORT_C,Z,141.773,141.400,0.373,,,,
Circle,CIR_PORT_B,DIAM,15.899,15.800,0.099,-0.100,0.150,,Inters. PL_PORT_B - CYL_PORT_B.
Circle,CIR_PORT_B,X,217.558,217.150,0.408,,,,
Circle,CIR_PORT_B,Y,15.669,15.090,0.579,,,,
Circle,CIR_PORT_B,Z,175.643,176.250,-0.607,,,,
Circle,CIR_PORT_D,DIAM,15.877,15.800,0.077,-0.100,0.150,,Inters. PL_PORT_D - CYL_PORT_D.
Circle,CIR_PORT_D,X,19.400,19.400,-0.000,,,,
Circle,CIR_PORT_D,Y,53.175,53.550,-0.375,,,,
Circle,CIR_PORT_D,Z,69.474,69.250,0.224,,,,
Circle,2D_CIR_26,DIAM,5.114,5.200,-0.086,-0.100,0.100,,
Circle,2D_CIR_26,X,-20.139,-20.000,-0.139,,,,
Circle,2D_CIR_26,Z,0.000,0.000,0.000,,,,
Circle,2D_CIR_26A,DIAM,5.091,5.200,-0.109,-0.100,0.100,-0.009,
Circle,2D_CIR_26A,X,-20.113,-20.000,-0.113,,,,
Circle,2D_CIR_26A,Z,-0.026,0.000,-0.026,,,,
Distance,OP1_WIDTH_1,D1,4.042,4.000,0.042,-0.200,0.200,,OP1_PT1_OW_GAGE - OP1_PT1_IW_GAGE / OP1_CS
Distance,OP1_WIDTH_2,D1,3.853,4.000,-0.147,-0.200,0.200,,OP1_PT2_OW_GAGE - OP1_PT2_IW_GAGE / OP1_CS
Distance,OP1_WIDTH_3,D1,3.698,4.000,-0.302,-0.350,0.200,,OP1_PT3_OW_GAGE - OP1_PT3_IW_GAGE / OP1_CS
Distance,OP1_WIDTH_4,D1,3.718,4.000,-0.282,-0.350,0.200,,OP1_PT4_OW_GAGE - OP1_PT4_IW_GAGE / OP1_CS
Distance,OP1_WIDTH_5,D1,4.021,4.000,0.021,-0.200,0.200,,OP1_PT5_OW_GAGE - OP1_PT5_IW_GAGE / OP1_CS
Distance,OP1_WIDTH_6,D1,4.160,4.000,0.160,-0.200,0.200,,OP1_PT6_OW_GAGE - OP1_PT6_IW_GAGE / OP1_CS
Distance,OP1_WIDTH_7,D1,3.982,4.000,-0.018,-0.200,0.200,,OP1_PT7_OW_GAGE - OP1_PT7_IW_GAGE / OP1_CS
Distance,OP1_WIDTH_8,D1,3.893,4.000,-0.107,-0.200,0.200,,OP1_PT8_OW_GAGE - OP1_PT8_IW_GAGE / OP1_CS
Distance,OP1_WIDTH_9,D1,3.941,4.000,-0.059,-0.200,0.200,,OP1_PT9_OW_GAGE - OP1_PT9_IW_GAGE / OP1_CS
Distance,OP1_WIDTH_10,D1,4.100,4.000,0.100,-0.200,0.200,,OP1_PT10_OW_GAGE - OP1_PT10_IW_GAGE / OP1_CS
Distance,OP1_DEPTH_1,D1,2.790,3.000,-0.210,-0.300,0.250,,OP1_PT1_DEPTH - PL_FIXTURE / OP1_CS
Distance,OP1_DEPTH_2,D1,2.757,3.000,-0.243,-0.350,0.250,,OP1_PT2_DEPTH - PL_FIXTURE / OP1_CS
Distance,OP1_DEPTH_3,D1,2.821,3.000,-0.179,-0.250,0.250,,OP1_PT3_DEPTH - PL_FIXTURE / OP1_CS
Distance,OP1_DEPTH_4,D1,2.847,3.000,-0.153,-0.250,0.250,,OP1_PT4_DEPTH - PL_FIXTURE / OP1_CS
Distance,OP1_DEPTH_5,D1,2.881,3.000,-0.119,-0.250,0.250,,OP1_PT5_DEPTH - PL_FIXTURE / OP1_CS
Distance,OP1_DEPTH_6,D1,2.767,3.000,-0.233,-0.250,0.250,,OP1_PT6_DEPTH - PL_FIXTURE / OP1_CS
Distance,OP1_DEPTH_7,D1,2.703,3.000,-0.297,-0.300,0.250,,OP1_PT7_DEPTH - PL_FIXTURE / OP1_CS
Distance,OP1_DEPTH_8,D1,2.747,3.000,-0.253,-0.300,0.250,,OP1_PT8_DEPTH - PL_FIXTURE / OP1_CS
Distance,OP1_DEPTH_9,D1,2.806,3.000,-0.194,-0.250,0.250,,OP1_PT9_DEPTH - PL_FIXTURE / OP1_CS
Distance,OP1_DEPTH_10,D1,2.879,3.000,-0.121,-0.250,0.250,,OP1_PT10_DEPTH - PL_FIXTURE / OP1_CS
Distance,OP2_WIDTH_1,D1,4.149,4.000,0.149,-0.200,0.200,,OP2_PT1_OW_GAGE - OP2_PT1_IW_GAGE / OP2_CS
Distance,OP2_WIDTH_2,D1,3.983,4.000,-0.017,-0.200,0.200,,OP2_PT2_OW_GAGE - OP2_PT2_IW_GAGE / OP2_CS
Distance,OP2_WIDTH_3,D1,3.723,4.000,-0.277,-0.300,0.200,,OP2_PT3_OW_GAGE - OP2_PT3_IW_GAGE / OP2_CS
Distance,OP2_WIDTH_4,D1,3.752,4.000,-0.248,-0.300,0.200,,OP2_PT4_OW_GAGE - OP2_PT4_IW_GAGE / OP2_CS
Distance,OP2_WIDTH_5,D1,3.967,4.000,-0.033,-0.200,0.200,,OP2_PT5_OW_GAGE - OP2_PT5_IW_GAGE / OP2_CS
Distance,OP2_WIDTH_6,D1,4.118,4.000,0.118,-0.200,0.200,,OP2_PT6_OW_GAGE - OP2_PT6_IW_GAGE / OP2_CS
Distance,OP2_WIDTH_7,D1,4.074,4.000,0.074,-0.200,0.200,,OP2_PT7_OW_GAGE - OP2_PT7_IW_GAGE / OP2_CS
Distance,OP2_WIDTH_8,D1,3.994,4.000,-0.006,-0.200,0.200,,OP2_PT8_OW_GAGE - OP2_PT8_IW_GAGE / OP2_CS
Distance,OP2_WIDTH_9,D1,4.027,4.000,0.027,-0.200,0.200,,OP2_PT9_OW_GAGE - OP2_PT9_IW_GAGE / OP2_CS
Distance,OP2_WIDTH_10,D1,4.120,4.000,0.120,-0.200,0.200,,OP2_PT10_OW_GAGE - OP2_PT10_IW_GAGE / OP2_CS
Distance,OP2_DEPTH_1,D1,2.794,3.000,-0.206,-0.250,0.250,,OP2_PT1_DEPTH - PL_FIXTURE / OP2_CS
Distance,OP2_DEPTH_2,D1,2.911,3.000,-0.089,-0.250,0.250,,OP2_PT2_DEPTH - PL_FIXTURE / OP2_CS
Distance,OP2_DEPTH_3,D1,3.033,3.000,0.033,-0.250,0.250,,OP2_PT3_DEPTH - PL_FIXTURE / OP2_CS
Distance,OP2_DEPTH_4,D1,3.073,3.000,0.073,-0.250,0.250,,OP2_PT4_DEPTH - PL_FIXTURE / OP2_CS
Distance,OP2_DEPTH_5,D1,2.941,3.000,-0.059,-0.250,0.250,,OP2_PT5_DEPTH - PL_FIXTURE / OP2_CS
Distance,OP2_DEPTH_6,D1,2.796,3.000,-0.204,-0.250,0.250,,OP2_PT6_DEPTH - PL_FIXTURE / OP2_CS
Distance,OP2_DEPTH_7,D1,2.792,3.000,-0.208,-0.250,0.250,,OP2_PT7_DEPTH - PL_FIXTURE / OP2_CS
Distance,OP2_DEPTH_8,D1,2.791,3.000,-0.209,-0.250,0.250,,OP2_PT8_DEPTH - PL_FIXTURE / OP2_CS
Distance,OP2_DEPTH_9,D1,2.793,3.000,-0.207,-0.250,0.250,,OP2_PT9_DEPTH - PL_FIXTURE / OP2_CS
Distance,OP2_DEPTH_10,D1,2.821,3.000,-0.179,-0.250,0.250,,OP2_PT10_DEPTH - PL_FIXTURE / OP2_CS
Distance,OP3_WIDTH_1,D1,4.145,4.000,0.145,-0.200,0.200,,OP3_PT1_OW_GAGE - OP3_PT1_IW_GAGE / OP3_CS
Distance,OP3_WIDTH_2,D1,3.975,4.000,-0.025,-0.200,0.200,,OP3_PT2_OW_GAGE - OP3_PT2_IW_GAGE / OP3_CS
Distance,OP3_WIDTH_3,D1,3.694,4.000,-0.306,-0.350,0.200,,OP3_PT3_OW_GAGE - OP3_PT3_IW_GAGE / OP3_CS
Distance,OP3_WIDTH_4,D1,3.722,4.000,-0.278,-0.300,0.200,,OP3_PT4_OW_GAGE - OP3_PT4_IW_GAGE / OP3_CS
Distance,OP3_WIDTH_5,D1,3.957,4.000,-0.043,-0.200,0.200,,OP3_PT5_OW_GAGE - OP3_PT5_IW_GAGE / OP3_CS
Distance,OP3_WIDTH_6,D1,4.013,4.000,0.013,-0.200,0.200,,OP3_PT6_OW_GAGE - OP3_PT6_IW_GAGE / OP3_CS
Distance,OP3_WIDTH_7,D1,3.985,4.000,-0.015,-0.200,0.200,,OP3_PT7_OW_GAGE - OP3_PT7_IW_GAGE / OP3_CS
Distance,OP3_WIDTH_8,D1,3.994,4.000,-0.006,-0.200,0.200,,OP3_PT8_OW_GAGE - OP3_PT8_IW_GAGE / OP3_CS
Distance,OP3_WIDTH_9,D1,3.990,4.000,-0.010,-0.200,0.200,,OP3_PT9_OW_GAGE - OP3_PT9_IW_GAGE / OP3_CS
Distance,OP3_WIDTH_10,D1,4.149,4.000,0.149,-0.200,0.250,,OP3_PT10_OW_GAGE - OP3_PT10_IW_GAGE / OP3_CS
Distance,OP3_DEPTH_1,D1,2.966,3.000,-0.034,-0.250,0.250,,OP3_PT1_DEPTH - PL_FIXTURE / OP3_CS
Distance,OP3_DEPTH_2,D1,3.092,3.000,0.092,-0.250,0.250,,OP3_PT2_DEPTH - PL_FIXTURE / OP3_CS
Distance,OP3_DEPTH_3,D1,3.140,3.000,0.140,-0.250,0.250,,OP3_PT3_DEPTH - PL_FIXTURE / OP3_CS
Distance,OP3_DEPTH_4,D1,3.142,3.000,0.142,-0.250,0.250,,OP3_PT4_DEPTH - PL_FIXTURE / OP3_CS
Distance,OP3_DEPTH_5,D1,3.074,3.000,0.074,-0.250,0.250,,OP3_PT5_DEPTH - PL_FIXTURE / OP3_CS
Distance,OP3_DEPTH_6,D1,3.013,3.000,0.013,-0.250,0.250,,OP3_PT6_DEPTH - PL_FIXTURE / OP3_CS
Distance,OP3_DEPTH_7,D1,2.978,3.000,-0.022,-0.250,0.250,,OP3_PT7_DEPTH - PL_FIXTURE / OP3_CS
Distance,OP3_DEPTH_8,D1,2.928,3.000,-0.072,-0.250,0.250,,OP3_PT8_DEPTH - PL_FIXTURE / OP3_CS
Distance,OP3_DEPTH_9,D1,2.892,3.000,-0.108,-0.250,0.250,,OP3_PT9_DEPTH - PL_FIXTURE / OP3_CS
Distance,OP3_DEPTH_10,D1,2.846,3.000,-0.154,-0.250,0.250,,OP3_PT10_DEPTH - PL_FIXTURE / OP3_CS
Distance,OP4_WIDTH_1,D1,4.172,4.000,0.172,-0.200,0.250,,OP4_PT1_OW_GAGE - OP4_PT1_IW_GAGE / OP4_CS
Distance,OP4_WIDTH_2,D1,4.010,4.000,0.010,-0.200,0.200,,OP4_PT2_OW_GAGE - OP4_PT2_IW_GAGE / OP4_CS
Distance,OP4_WIDTH_3,D1,3.766,4.000,-0.234,-0.300,0.200,,OP4_PT3_OW_GAGE - OP4_PT3_IW_GAGE / OP4_CS
Distance,OP4_WIDTH_4,D1,3.782,4.000,-0.218,-0.300,0.200,,OP4_PT4_OW_GAGE - OP4_PT4_IW_GAGE / OP4_CS
Distance,OP4_WIDTH_5,D1,4.046,4.000,0.046,-0.200,0.200,,OP4_PT5_OW_GAGE - OP4_PT5_IW_GAGE / OP4_CS
Distance,OP4_WIDTH_6,D1,4.171,4.000,0.171,-0.200,0.200,,OP4_PT6_OW_GAGE - OP4_PT6_IW_GAGE / OP4_CS
Distance,OP4_WIDTH_7,D1,4.067,4.000,0.067,-0.200,0.200,,OP4_PT7_OW_GAGE - OP4_PT7_IW_GAGE / OP4_CS
Distance,OP4_WIDTH_8,D1,4.013,4.000,0.013,-0.200,0.200,,OP4_PT8_OW_GAGE - OP4_PT8_IW_GAGE / OP4_CS
Distance,OP4_WIDTH_9,D1,4.044,4.000,0.044,-0.200,0.200,,OP4_PT9_OW_GAGE - OP4_PT9_IW_GAGE / OP4_CS
Distance,OP4_WIDTH_10,D1,4.201,4.000,0.201,-0.200,0.250,,OP4_PT10_OW_GAGE - OP4_PT10_IW_GAGE / OP4_CS
Distance,OP4_DEPTH_1,D1,2.954,3.000,-0.046,-0.250,0.250,,OP4_PT1_DEPTH - PL_FIXTURE / OP4_CS
Distance,OP4_DEPTH_2,D1,2.988,3.000,-0.012,-0.250,0.250,,OP4_PT2_DEPTH - PL_FIXTURE / OP4_CS
Distance,OP4_DEPTH_3,D1,3.007,3.000,0.007,-0.250,0.250,,OP4_PT3_DEPTH - PL_FIXTURE / OP4_CS
Distance,OP4_DEPTH_4,D1,3.009,3.000,0.009,-0.250,0.250,,OP4_PT4_DEPTH - PL_FIXTURE / OP4_CS
Distance,OP4_DEPTH_5,D1,2.946,3.000,-0.054,-0.250,0.250,,OP4_PT5_DEPTH - PL_FIXTURE / OP4_CS
Distance,OP4_DEPTH_6,D1,2.825,3.000,-0.175,-0.250,0.250,,OP4_PT6_DEPTH - PL_FIXTURE / OP4_CS
Distance,OP4_DEPTH_7,D1,2.818,3.000,-0.182,-0.250,0.250,,OP4_PT7_DEPTH - PL_FIXTURE / OP4_CS
Distance,OP4_DEPTH_8,D1,2.839,3.000,-0.161,-0.250,0.250,,OP4_PT8_DEPTH - PL_FIXTURE / OP4_CS
Distance,OP4_DEPTH_9,D1,2.874,3.000,-0.126,-0.250,0.250,,OP4_PT9_DEPTH - PL_FIXTURE / OP4_CS
Distance,OP4_DEPTH_10,D1,2.921,3.000,-0.079,-0.250,0.250,,OP4_PT10_DEPTH - PL_FIXTURE / OP4_CS
Distance,OP5_WIDTH_1,D1,4.125,4.000,0.125,-0.200,0.200,,OP5_PT1_OW_GAGE - OP5_PT1_IW_GAGE / OP5_CS
Distance,OP5_WIDTH_2,D1,3.989,4.000,-0.011,-0.200,0.200,,OP5_PT2_OW_GAGE - OP5_PT2_IW_GAGE / OP5_CS
Distance,OP5_WIDTH_3,D1,3.745,4.000,-0.255,-0.300,0.200,,OP5_PT3_OW_GAGE - OP5_PT3_IW_GAGE / OP5_CS
Distance,OP5_WIDTH_4,D1,3.764,4.000,-0.236,-0.300,0.200,,OP5_PT4_OW_GAGE - OP5_PT4_IW_GAGE / OP5_CS
Distance,OP5_WIDTH_5,D1,3.956,4.000,-0.044,-0.200,0.200,,OP5_PT5_OW_GAGE - OP5_PT5_IW_GAGE / OP5_CS
Distance,OP5_WIDTH_6,D1,4.133,4.000,0.133,-0.200,0.200,,OP5_PT6_OW_GAGE - OP5_PT6_IW_GAGE / OP5_CS
Distance,OP5_WIDTH_7,D1,4.150,4.000,0.150,-0.200,0.200,,OP5_PT7_OW_GAGE - OP5_PT7_IW_GAGE / OP5_CS
Distance,OP5_WIDTH_8,D1,4.004,4.000,0.004,-0.200,0.200,,OP5_PT8_OW_GAGE - OP5_PT8_IW_GAGE / OP5_CS
Distance,OP5_WIDTH_9,D1,4.004,4.000,0.004,-0.200,0.200,,OP5_PT9_OW_GAGE - OP5_PT9_IW_GAGE / OP5_CS
Distance,OP5_WIDTH_10,D1,4.073,4.000,0.073,-0.200,0.200,,OP5_PT10_OW_GAGE - OP5_PT10_IW_GAGE / OP5_CS
Distance,OP5_DEPTH_1,D1,2.969,3.000,-0.031,-0.250,0.250,,OP5_PT1_DEPTH - PL_FIXTURE / OP5_CS
Distance,OP5_DEPTH_2,D1,3.041,3.000,0.041,-0.250,0.250,,OP5_PT2_DEPTH - PL_FIXTURE / OP5_CS
Distance,OP5_DEPTH_3,D1,3.064,3.000,0.064,-0.250,0.250,,OP5_PT3_DEPTH - PL_FIXTURE / OP5_CS
Distance,OP5_DEPTH_4,D1,3.067,3.000,0.067,-0.250,0.250,,OP5_PT4_DEPTH - PL_FIXTURE / OP5_CS
Distance,OP5_DEPTH_5,D1,3.021,3.000,0.021,-0.250,0.250,,OP5_PT5_DEPTH - PL_FIXTURE / OP5_CS
Distance,OP5_DEPTH_6,D1,2.957,3.000,-0.043,-0.250,0.250,,OP5_PT6_DEPTH - PL_FIXTURE / OP5_CS
Distance,OP5_DEPTH_7,D1,2.944,3.000,-0.056,-0.250,0.250,,OP5_PT7_DEPTH - PL_FIXTURE / OP5_CS
Distance,OP5_DEPTH_8,D1,2.963,3.000,-0.037,-0.250,0.250,,OP5_PT8_DEPTH - PL_FIXTURE / OP5_CS
Distance,OP5_DEPTH_9,D1,2.988,3.000,-0.012,-0.250,0.250,,OP5_PT9_DEPTH - PL_FIXTURE / OP5_CS
Distance,OP5_DEPTH_10,D1,3.024,3.000,0.024,-0.250,0.250,,OP5_PT10_DEPTH - PL_FIXTURE / OP5_CS
Distance,OP6_WIDTH_1,D1,4.161,4.000,0.161,-0.200,0.200,,OP6_PT1_OW_GAGE - OP6_PT1_IW_GAGE / OP6_CS
Distance,OP6_WIDTH_2,D1,3.981,4.000,-0.019,-0.200,0.200,,OP6_PT2_OW_GAGE - OP6_PT2_IW_GAGE / OP6_CS
Distance,OP6_WIDTH_3,D1,3.824,4.000,-0.176,-0.300,0.200,,OP6_PT3_OW_GAGE - OP6_PT3_IW_GAGE / OP6_CS
Distance,OP6_WIDTH_4,D1,3.814,4.000,-0.186,-0.300,0.200,,OP6_PT4_OW_GAGE - OP6_PT4_IW_GAGE / OP6_CS
Distance,OP6_WIDTH_5,D1,4.029,4.000,0.029,-0.200,0.200,,OP6_PT5_OW_GAGE - OP6_PT5_IW_GAGE / OP6_CS
Distance,OP6_WIDTH_6,D1,4.225,4.000,0.225,-0.200,0.300,,OP6_PT6_OW_GAGE - OP6_PT6_IW_GAGE / OP6_CS
Distance,OP6_WIDTH_7,D1,4.109,4.000,0.109,-0.200,0.200,,OP6_PT7_OW_GAGE - OP6_PT7_IW_GAGE / OP6_CS
Distance,OP6_WIDTH_8,D1,4.005,4.000,0.005,-0.200,0.200,,OP6_PT8_OW_GAGE - OP6_PT8_IW_GAGE / OP6_CS
Distance,OP6_WIDTH_9,D1,3.999,4.000,-0.001,-0.200,0.200,,OP6_PT9_OW_GAGE - OP6_PT9_IW_GAGE / OP6_CS
Distance,OP6_WIDTH_10,D1,4.167,4.000,0.167,-0.200,0.250,,OP6_PT10_OW_GAGE - OP6_PT10_IW_GAGE / OP6_CS
Distance,OP6_DEPTH_1,D1,2.847,3.000,-0.153,-0.250,0.250,,OP6_PT1_DEPTH - PL_FIXTURE / OP6_CS
Distance,OP6_DEPTH_2,D1,2.916,3.000,-0.084,-0.250,0.250,,OP6_PT2_DEPTH - PL_FIXTURE / OP6_CS
Distance,OP6_DEPTH_3,D1,2.922,3.000,-0.078,-0.250,0.250,,OP6_PT3_DEPTH - PL_FIXTURE / OP6_CS
Distance,OP6_DEPTH_4,D1,2.898,3.000,-0.102,-0.250,0.250,,OP6_PT4_DEPTH - PL_FIXTURE / OP6_CS
Distance,OP6_DEPTH_5,D1,2.829,3.000,-0.171,-0.250,0.250,,OP6_PT5_DEPTH - PL_FIXTURE / OP6_CS
Distance,OP6_DEPTH_6,D1,2.766,3.000,-0.234,-0.350,0.250,,OP6_PT6_DEPTH - PL_FIXTURE / OP6_CS
Distance,OP6_DEPTH_7,D1,2.824,3.000,-0.176,-0.250,0.250,,OP6_PT7_DEPTH - PL_FIXTURE / OP6_CS
Distance,OP6_DEPTH_8,D1,2.777,3.000,-0.223,-0.250,0.250,,OP6_PT8_DEPTH - PL_FIXTURE / OP6_CS
Distance,OP6_DEPTH_9,D1,2.761,3.000,-0.239,-0.250,0.250,,OP6_PT9_DEPTH - PL_FIXTURE / OP6_CS
Distance,OP6_DEPTH_10,D1,2.782,3.000,-0.218,-0.250,0.250,,OP6_PT10_DEPTH - PL_FIXTURE / OP6_CS
Profile of Line,PROFILE_OP_1,PRFL,0.237,0.000,0.237,0.000,1.750,,SECT_OP1
Profile of Line,PROFILE_OP_2,PRFL,0.313,0.000,0.313,0.000,1.750,,SECT_OP2
Profile of Line,PROFILE_OP_3,PRFL,0.964,0.000,0.964,0.000,1.750,,SECT_OP3
Profile of Line,PROFILE_OP_4,PRFL,0.819,0.000,0.819,0.000,1.750,,SECT_OP4
Profile of Line,PROFILE_OP_5,PRFL,1.141,0.000,1.141,0.000,1.750,,SECT_OP5
Profile of Line,PROFILE_OP_6,PRFL,1.168,0.000,1.168,0.000,1.750,,SECT_OP6
Pos. Tol.,POS_11,PTOL,0.227,0.000,0.227,0.000,4.000,,CIR_11/NOMINAL - CS_ABC - C-Zone - XZ - Nominal
Pos. Tol.,POS_12,PTOL,0.552,0.000,0.552,0.000,4.000,,CIR_12/NOMINAL - CS_ABC - C-Zone - XZ - Nominal
Pos. Tol.,POS_13,PTOL,0.406,0.000,0.406,0.000,4.000,,CIR_13/NOMINAL - CS_ABC - C-Zone - XZ - Nominal
Pos. Tol.,POS_14,PTOL,0.283,0.000,0.283,0.000,4.000,,CIR_14/NOMINAL - CS_ABC - C-Zone - XZ - Nominal
Pos. Tol.,POS_15,PTOL,0.849,0.000,0.849,0.000,4.000,,CIR_15/NOMINAL - CS_ABC - C-Zone - XZ - Nominal
Pos. Tol.,POS_16,PTOL,0.281,0.000,0.281,0.000,4.000,,CIR_16/NOMINAL - CS_ABC - C-Zone - XZ - Nominal
Flatness,FLATNESS_D,FLTN,0.240,0.000,0.240,0.000,0.500,,PL_DATUM_D
Pos. Tol.,POS_2D_17,PTOL,0.351,0.000,0.351,0.000,0.500,,2D_CIR_17/NOMINAL - CS_DE_BF - C-Zone - XY - Nominal
Pos. Tol.,POS_2D_18,PTOL,0.207,0.000,0.207,0.000,0.500,,2D_CIR_18/NOMINAL - CS_DE_BF - C-Zone - XY - Nominal
Pos. Tol.,POS_2D_19,PTOL,0.086,0.000,0.086,0.000,0.500,,2D_CIR_19/NOMINAL - CS_DE_BF - C-Zone - XY - Nominal
Pos. Tol.,POS_2D_20,PTOL,0.418,0.000,0.418,0.000,0.500,,2D_CIR_20/NOMINAL - CS_DE_BF - C-Zone - XY - Nominal
Pos. Tol.,POS_PORT_B,PTOL,1.677,0.000,1.677,0.000,4.000,,CIR_PORT_B/NOMINAL - CS_ABC - C-Zone - YZ - Nominal
Pos. Tol.,POS_PORT_C,PTOL,1.610,0.000,1.610,0.000,4.000,,CIR_PORT_C/NOMINAL - CS_ABC - C-Zone - YZ - Nominal
Pos. Tol.,POS_PORT_D,PTOL,0.874,0.000,0.874,0.000,4.000,,CIR_PORT_D/NOMINAL - CS_ABC - C-Zone - YZ - Nominal
Pos. Tol.,POS_25,PTOL,0.607,0.000,0.607,0.000,3.000,,CIR_25/NOMINAL - CS_ABC_BF_PORTS - C-Zone - XZ - Nominal
Pos. Tol.,POS_26,PTOL,0.652,0.000,0.652,0.000,3.000,,CIR_26/NOMINAL - CS_ABC_BF_PORTS - C-Zone - XZ - Nominal
Pos. Tol.,POS_26A,PTOL,0.527,0.000,0.527,0.000,3.000,,CIR_26A/NOMINAL - CS_ABC_BF_PORTS - C-Zone - XZ - Nominal
Perpend.,PERP_25,PERP,0.006,0.000,0.006,0.000,0.250,,CONE_25/PL_PLAST_25 - C-Zone - Cloud of Points 
Pos. Tol.,POS_17,PTOL,2.996,0.000,2.996,0.000,5.000,,CIR_17/NOMINAL - CS_ABC - C-Zone - XYZ - Nominal
Pos. Tol.,POS_18,PTOL,4.009,0.000,4.009,0.000,5.000,,CIR_18/NOMINAL - CS_ABC - C-Zone - XYZ - Nominal
Pos. Tol.,POS_19,PTOL,3.403,0.000,3.403,0.000,5.000,,CIR_19/NOMINAL - CS_ABC - C-Zone - XYZ - Nominal
Pos. Tol.,POS_20,PTOL,2.432,0.000,2.432,0.000,5.000,,CIR_20/NOMINAL - CS_ABC - C-Zone - XYZ - Nominal
Distance,H_17,Z,0.394,0.275,0.119,-0.225,0.225,,CIR_17 - PL_PLAST_17 / CS_DE_BF
Distance,H_18,Z,0.415,0.275,0.140,-0.225,0.225,,CIR_18 - PL_PLAST_18 / CS_DE_BF
Distance,H_19,Z,0.405,0.275,0.130,-0.225,0.225,,CIR_19 - PL_PLAST_19 / CS_DE_BF
Distance,H_20,Z,0.331,0.275,0.056,-0.225,0.225,,CIR_20 - PL_PLAST_20 / CS_DE_BF
Distance,WIDTH_TB.1,D1,2.937,3.000,-0.063,-0.200,0.200,,0W2.5_1.1 - IW2.5_1.1 / CS_DE_BF
Distance,WIDTH_TB.2,D1,2.969,3.000,-0.031,-0.200,0.200,,0W2.5_1.2 - IW2.5_1.2 / CS_DE_BF
Distance,WIDTH_TB.3,D1,2.975,3.000,-0.025,-0.200,0.200,,0W2.5_1.3 - IW2.5_1.3 / CS_DE_BF
Distance,WIDTH_TB.4,D1,2.938,3.000,-0.062,-0.200,0.200,,0W2.5_1.4 - IW2.5_1.4 / CS_DE_BF
Distance,WIDTH_TB.5,D1,2.927,3.000,-0.073,-0.200,0.200,,0W2.5_1.5 - IW2.5_1.5 / CS_DE_BF
Distance,WIDTH_TB.6,D1,3.064,3.000,0.064,-0.200,0.200,,0W2.5_1.6 - IW2.5_1.6 / CS_DE_BF
Distance,WIDTH_TB.7,D1,3.035,3.000,0.035,-0.200,0.200,,0W2.5_1.7 - IW2.5_1.7 / CS_DE_BF
Distance,WIDTH_TB.8,D1,2.905,3.000,-0.095,-0.200,0.200,,0W2.5_1.8 - IW2.5_1.8 / CS_DE_BF
Distance,DEPTH_TB.1,D1,5.034,5.000,0.034,-0.250,0.250,,TB_DP.1 - PL_DATUM_D / CS_DE_BF
Distance,DEPTH_TB.2,D1,4.919,5.000,-0.081,-0.300,0.250,,TB_DP.2 - PL_DATUM_D / CS_DE_BF
Distance,DEPTH_TB.3,D1,4.972,5.000,-0.028,-0.250,0.250,,TB_DP.3 - PL_DATUM_D / CS_DE_BF
Distance,DEPTH_TB.4,D1,5.089,5.000,0.089,-0.250,0.250,,TB_DP.4 - PL_DATUM_D / CS_DE_BF
Distance,DEPTH_TB.5,D1,5.056,5.000,0.056,-0.250,0.250,,TB_DP.5 - PL_DATUM_D / CS_DE_BF
Distance,DEPTH_TB.6,D1,4.738,5.000,-0.262,-0.450,0.250,,TB_DP.6 - PL_DATUM_D / CS_DE_BF
Distance,DEPTH_TB.7,D1,4.823,5.000,-0.177,-0.350,0.250,,TB_DP.7 - PL_DATUM_D / CS_DE_BF
Distance,DEPTH_TB.8,D1,5.109,5.000,0.109,-0.250,0.250,,TB_DP.8 - PL_DATUM_D / CS_DE_BF
