Feat. Type,Feat. Name,Value,Actual,Nominal,Dev.,Tol-,Tol+,Out of Tol.,Comment
Text/Value,VAR_PROGRAM,VAL,,,,,,,'N:\Metrolog XG\Programmes\D-33 RWD\D33 RWD Complete (Module 44).gm2'
Text/Value,VAR_EVENEMENT,VAL,,,,,,,'Validation speciale Piece # 27'
Text/Value,VAR_COMMENTAIRES,VAL,,,,,,,'274 C'
Circle,CIR_DATUM_B,DIAM,7.846,7.900,-0.054,-0.100,0.100,,Criterion : Least Square (From 3 Pts On PL_FIXTURE) 
Circle,CIR_DATUM_C,DIAM,7.884,7.900,-0.016,-0.100,0.100,,Criterion : Least Square (From 3 Pts On PL_FIXTURE) 
Circle,CIR_DATUM_C,X,4.401,4.400,0.001,,,,
Circle,CIR_DATUM_C,Z,-351.718,-351.650,-0.068,,,,
Pos. Tol.,POS_C,PTOL,0.136,0.000,0.136,0.000,0.454,,CIR_DATUM_C/NOMINAL - CS_ABC - C-Zone - XZ - Nominal
Circle,CIR_8,DIAM,74.151,74.350,-0.199,-0.300,0.300,,Criterion : Least Square (From 14 Pts On PL_PLAST_TB) 
Circle,CIR_8,X,-79.862,-80.600,0.738,,,,
Circle,CIR_8,Y,91.676,92.200,-0.524,,,,
Circle,CIR_8,Z,81.728,82.900,-1.172,,,,
Pos. Tol.,POS_8,PTOL,2.567,0.000,2.567,0.101,4.255,,CIR_8(M)/NOMINAL - CS_ABC - C-Zone - YZ - Nominal
Circle,2D_CIR_16,Y,-32.427,-32.500,0.073,,,,
Circle,2D_CIR_16,Z,-40.135,-40.000,-0.135,,,,
Circle,2D_CIR_17,Y,-32.328,-32.500,0.172,,,,
Circle,2D_CIR_17,Z,39.964,40.000,-0.036,,,,
Circle,2D_CIR_18,Y,32.419,32.500,-0.081,,,,
Circle,2D_CIR_18,Z,40.094,40.000,0.094,,,,
Circle,2D_CIR_19,Y,32.326,32.500,-0.174,,,,
Circle,2D_CIR_19,Z,-40.028,-40.000,-0.028,,,,
Pos. Tol.,POS_2D_16,PTOL,0.306,0.000,0.306,0.000,0.500,,2D_CIR_16/NOMINAL - CS_DE - C-Zone - YZ - Nominal
Pos. Tol.,POS_2D_17,PTOL,0.352,0.000,0.352,0.000,0.500,,2D_CIR_17/NOMINAL - CS_DE - C-Zone - YZ - Nominal
Pos. Tol.,POS_2D_18,PTOL,0.248,0.000,0.248,0.000,0.700,,2D_CIR_18/NOMINAL - CS_DE - C-Zone - YZ - Nominal
Pos. Tol.,POS_2D_19,PTOL,0.352,0.000,0.352,0.000,0.700,,2D_CIR_19/NOMINAL - CS_DE - C-Zone - YZ - Nominal
Distance,INSERT HEIGHT 16,X,0.230,0.000,0.230,,,,CIR_16 - PL_PLAST_16 / CS_DE
Distance,INSERT HEIGHT 17,X,0.220,0.000,0.220,,,,CIR_17 - PL_PLAST_17 / CS_DE
Distance,INSERT HEIGHT 18,X,0.272,0.000,0.272,,,,CIR_18 - PL_PLAST_18 / CS_DE
Distance,INSERT HEIGHT 19,X,0.262,0.000,0.262,,,,CIR_19 - PL_PLAST_19 / CS_DE
Flatness,FLAT_D,FLTN,0.235,0.000,0.235,0.000,1.000,,PL_D
Circle,2D_CIR_20,X,-0.171,0.000,-0.171,,,,
Circle,2D_CIR_20,Z,-0.003,0.000,-0.003,,,,
Circle,2D_CIR_21,X,-0.171,0.000,-0.171,,,,
Circle,2D_CIR_21,Z,0.005,0.000,0.005,,,,
Pos. Tol.,POS_2D_20,PTOL,0.375,0.000,0.375,0.000,0.550,,2D_CIR_20/NOMINAL - CS_HJ - C-Zone - XY - Nominal
Pos. Tol.,POS_2D_21,PTOL,0.344,0.000,0.344,0.000,0.550,,2D_CIR_21/NOMINAL - CS_HJ - C-Zone - XY - Nominal
Distance,H_20,Z,0.284,0.000,0.284,0.000,0.500,,2D_CIR_20 - PL_PLAST_20 / CS_HJ
Distance,H_21,Z,0.219,0.000,0.219,0.000,0.500,,2D_CIR_21 - PL_PLAST_21 / CS_HJ
Circle,CIR_15,X,-107.954,-109.800,1.846,,,,Criterion : Least Square (From 6 Pts On PL_INS_15) 
Circle,CIR_15,Y,24.655,24.200,0.455,,,,
Distance,PROF_15,Z,131.227,130.800,0.427,-1.500,1.500,,CIR_15 - ORIGIN / CS_ABC
Pos. Tol.,POS_15,PTOL,3.802,0.000,3.802,0.000,5.000,,CIR_15/NOMINAL - CS_ABC - C-Zone - XY - Nominal
Distance,H_15,Z,0.228,0.000,0.228,0.000,0.500,,CIR_15 - PL_PLAST_15 / CS_ABC
Pos. Tol.,POS_42,PTOL,3.849,0.000,3.849,0.204,6.358,,CIR_42(M)/NOMINAL - CS_ABC - C-Zone - XYZ - Nominal
Pos. Tol.,POS_20,PTOL,3.451,0.000,3.451,0.000,6.154,,CIR_20/NOMINAL - CS_ABC - C-Zone - XYZ - Nominal
Pos. Tol.,POS_21,PTOL,3.750,0.000,3.750,0.000,6.154,,CIR_21/NOMINAL - CS_ABC - C-Zone - XYZ - Nominal
Circle,CIR_42,DIAM,36.714,36.660,0.054,-0.150,0.150,,Criterion : Least Square (From 20 Pts On PL_PLAST_42) 
Circle,CIR_42,X,-209.100,-210.550,1.450,,,,
Circle,CIR_42,Y,94.750,96.000,-1.250,,,,
Circle,CIR_42,Z,111.616,111.420,0.196,,,,
Circle,CIR_20,X,-231.426,-232.370,0.944,,,,Criterion : Least Square (From 6 Pts On PL_INS_20) 
Circle,CIR_20,Y,105.488,106.800,-1.312,,,,
Circle,CIR_20,Z,92.034,91.430,0.604,,,,
Circle,CIR_21,X,-187.055,-188.730,1.675,,,,Criterion : Least Square (From 6 Pts On PL_INS_21) 
Circle,CIR_21,Y,84.367,85.200,-0.833,,,,
Circle,CIR_21,Z,131.548,131.420,0.128,,,,
Distance,DEPTH_16,D1,17.904,17.800,0.104,0.000,8.000,,PNT_DEPTH_16 - PL_INS_16 / CS_DE
Distance,DEPTH_17,D1,17.990,17.800,0.190,0.000,8.000,,PNT_DEPTH_17 - PL_INS_17 / CS_DE
Distance,DEPTH_18,D1,21.678,17.800,3.878,0.000,8.000,,PNT_DEPTH_18 - PL_INS_18 / CS_DE
Distance,DEPTH_19,D1,23.114,17.800,5.314,0.000,8.000,,PNT_DEPTH_19 - PL_INS_19 / CS_DE
Circle,CIR_16,X,-77.176,-77.073,-0.103,,,,Criterion : Least Square (From 6 Pts On PL_INS_16) 
Circle,CIR_16,Y,59.421,59.880,-0.459,,,,
Circle,CIR_16,Z,41.541,42.924,-1.383,,,,
Circle,CIR_17,X,-75.465,-77.073,1.608,,,,Criterion : Least Square (From 6 Pts On PL_INS_17) 
Circle,CIR_17,Y,59.554,59.880,-0.326,,,,
Circle,CIR_17,Z,121.621,122.924,-1.303,,,,
Circle,CIR_18,X,-81.533,-82.732,1.199,,,,Criterion : Least Square (From 6 Pts On PL_INS_18) 
Circle,CIR_18,Y,124.016,124.633,-0.617,,,,
Circle,CIR_18,Z,121.854,122.924,-1.070,,,,
Circle,CIR_19,X,-83.102,-82.732,-0.370,,,,Criterion : Least Square (From 6 Pts On PL_INS_19) 
Circle,CIR_19,Y,123.903,124.633,-0.730,,,,
Circle,CIR_19,Z,41.747,42.924,-1.177,,,,
Pos. Tol.,POS_16,PTOL,2.914,0.000,2.914,0.000,4.154,,CIR_16/NOMINAL - CS_ABC - C-Zone - YZ - Nominal
Pos. Tol.,POS_17,PTOL,2.686,0.000,2.686,0.000,4.154,,CIR_17/NOMINAL - CS_ABC - C-Zone - YZ - Nominal
Pos. Tol.,POS_18,PTOL,2.471,0.000,2.471,0.000,4.154,,CIR_18/NOMINAL - CS_ABC - C-Zone - YZ - Nominal
Pos. Tol.,POS_19,PTOL,2.769,0.000,2.769,0.000,4.154,,CIR_19/NOMINAL - CS_ABC - C-Zone - YZ - Nominal
Profile of Line,PROF_OP1,PRFL,1.823,0.000,1.823,0.000,2.154,,SCT_OP1
Profile of Line,PROF_OP2,PRFL,0.466,0.000,0.466,0.000,2.154,,SCT_OP2
Profile of Line,PROF_OP3,PRFL,0.616,0.000,0.616,0.000,2.154,,SCT_OP3
Profile of Line,PROF_OP4,PRFL,0.286,0.000,0.286,0.000,2.154,,SCT_OP4
Profile of Line,PROF_OP5,PRFL,1.062,0.000,1.062,0.000,2.154,,SCT_OP5
Profile of Line,PROF_OP6,PRFL,0.751,0.000,0.751,0.000,2.154,,SCT_OP6
Pos. Tol.,POS_B,PTOL,0.000,0.000,0.000,0.000,0.300,,CIR_DATUM_B/NOMINAL - CS_ABC - C-Zone - XZ - Nominal
Pos. Tol.,POS_1,PTOL,0.207,0.000,0.207,0.000,1.154,,CIR1/NOMINAL - CS_ABC - C-Zone - XZ - Nominal
Pos. Tol.,POS_2,PTOL,0.676,0.000,0.676,0.000,1.154,,CIR2/NOMINAL - CS_ABC - C-Zone - XZ - Nominal
Pos. Tol.,POS_3,PTOL,0.387,0.000,0.387,0.000,1.154,,CIR3/NOMINAL - CS_ABC - C-Zone - XZ - Nominal
Pos. Tol.,POS_4,PTOL,0.155,0.000,0.155,0.000,1.154,,CIR4/NOMINAL - CS_ABC - C-Zone - XZ - Nominal
Pos. Tol.,POS_5,PTOL,0.170,0.000,0.170,0.000,1.154,,CIR5/NOMINAL - CS_ABC - C-Zone - XZ - Nominal
Pos. Tol.,POS_6,PTOL,0.655,0.000,0.655,0.000,1.154,,CIR6/NOMINAL - CS_ABC - C-Zone - XZ - Nominal
Pos. Tol.,POS_31,PTOL,0.398,0.000,0.398,0.000,1.154,,CIR31/NOMINAL - CS_ABC - C-Zone - XZ - Nominal
Pos. Tol.,POS_32,PTOL,0.871,0.000,0.871,0.000,1.154,,CIR32/NOMINAL - CS_ABC - C-Zone - XZ - Nominal
Profile of Line,PROF_2D_OW_TB_GROOVE,PRFL,0.444,0.000,0.444,0.000,1.000,,SECT_2D_OW_TB
Profile of Line,PROF_IW_OP1,PRFL,1.169,0.000,1.169,0.000,1.500,,SECT_IW_OP1
Profile of Line,PROF_IW_OP2,PRFL,0.293,0.000,0.293,0.000,1.500,,SECT_IW_OP2
Profile of Line,PROF_IW_OP3,PRFL,0.366,0.000,0.366,0.000,1.500,,SECT_IW_OP3
Profile of Line,PROF_IW_OP4,PRFL,0.356,0.000,0.356,0.000,1.500,,SECT_IW_OP4
Profile of Line,PROF_IW_OP5,PRFL,1.103,0.000,1.103,0.000,1.500,,SECT_IW_OP5
Profile of Line,PROF_IW_OP6,PRFL,0.990,0.000,0.990,0.000,1.500,,SECT_IW_OP6
Pos. Tol.,POS_10,PTOL,1.466,0.000,1.466,0.000,4.154,,CIR_10/NOMINAL - CS_ABC - C-Zone - XZ - Nominal
Pos. Tol.,POS_11,PTOL,3.412,0.000,3.412,0.000,4.154,,CIR_11/NOMINAL - CS_ABC - C-Zone - XZ - Nominal
Pos. Tol.,POS_12,PTOL,4.082,0.000,4.082,0.000,5.154,,CIR_12/NOMINAL - CS_ABC - C-Zone - XZ - Nominal
Pos. Tol.,POS_13,PTOL,3.848,0.000,3.848,0.000,5.154,,CIR_13/NOMINAL - CS_ABC - C-Zone - XZ - Nominal
Pos. Tol.,POS_14,PTOL,2.406,0.000,2.406,0.000,4.154,,CIR_14/NOMINAL - CS_ABC - C-Zone - XZ - Nominal
Pos. Tol.,POS_22,PTOL,3.415,0.000,3.415,0.000,6.154,,SLOT_22/NOMINAL - CS_ABC - C-Zone - XY - Nominal
Pos. Tol.,POS_9,PTOL,4.491,0.000,4.491,0.000,7.154,,CIR_9/NOMINAL - CS_ABC - C-Zone - XYZ - Nominal
Pos. Tol.,POS_25,PTOL,4.019,0.000,4.019,0.000,7.154,,CIR_25/NOMINAL - CS_ABC - C-Zone - XY - Nominal
Pos. Tol.,POS_26,PTOL,4.277,0.000,4.277,0.000,6.154,,CIR_26/NOMINAL - CS_ABC - C-Zone - XY - Nominal
Distance,HEIGHT_B,D1,6.239,6.450,-0.211,-0.100,0.100,-0.111,PNT_TOP_B - PL_FIXTURE / CS_ABC
Distance,HEIGHT_C,D1,6.304,6.450,-0.146,-0.100,0.100,-0.046,PNT_TOP_C - PL_FIXTURE / CS_ABC
Circle,CIR2,X,-16.807,-16.500,-0.307,,,,From 4 Pts On PL_FIXTURE
Circle,CIR2,Z,-351.459,-351.600,0.142,,,,
Circle,CIR1,X,54.496,54.400,0.096,,,,From 4 Pts On PL_FIXTURE
Circle,CIR1,Z,-346.561,-346.600,0.040,,,,
Circle,CIR6,X,54.073,54.400,-0.327,,,,From 4 Pts On PL_FIXTURE
Circle,CIR6,Z,-240.585,-240.600,0.015,,,,
Circle,CIR5,X,54.325,54.400,-0.075,,,,From 4 Pts On PL_FIXTURE
Circle,CIR5,Z,-134.640,-134.600,-0.040,,,,
Circle,CIR4,X,54.328,54.400,-0.072,,,,From 4 Pts On PL_FIXTURE
Circle,CIR4,Z,-27.128,-27.100,-0.027,,,,
Circle,CIR3,X,-16.644,-16.500,-0.144,,,,From 4 Pts On PL_FIXTURE
Circle,CIR3,Z,-0.971,-1.100,0.129,,,,
Circle,CIR32,X,-30.635,-30.200,-0.435,,,,From 4 Pts On PL_FIXTURE
Circle,CIR32,Z,-124.280,-124.300,0.020,,,,
Circle,CIR31,X,-30.394,-30.200,-0.194,,,,From 4 Pts On PL_FIXTURE
Circle,CIR31,Z,-230.343,-230.300,-0.043,,,,
Distance,DEPTH_TB1,D1,5.000,5.000,-0.000,-0.250,0.250,,TB_BOT_1.1 - PL_D / CS_DE
Distance,DEPTH_TB2,D1,4.889,5.000,-0.111,-0.250,0.250,,TB_BOT_1.2 - PL_D / CS_DE
Distance,DEPTH_TB3,D1,4.928,5.000,-0.072,-0.250,0.250,,TB_BOT_1.3 - PL_D / CS_DE
Distance,DEPTH_TB4,D1,4.877,5.000,-0.123,-0.250,0.250,,TB_BOT_1.4 - PL_D / CS_DE
Distance,DEPTH_TB5,D1,5.057,5.000,0.057,-0.250,0.250,,TB_BOT_1.5 - PL_D / CS_DE
Distance,DEPTH_TB6,D1,4.928,5.000,-0.072,-0.250,0.250,,TB_BOT_1.6 - PL_D / CS_DE
Distance,DEPTH_TB7,D1,4.958,5.000,-0.042,-0.250,0.250,,TB_BOT_1.7 - PL_D / CS_DE
Distance,DEPTH_TB8,D1,4.946,5.000,-0.054,-0.250,0.250,,TB_BOT_1.8 - PL_D / CS_DE
Distance,PROF_RECESS_SURFACE_TB,D1,0.801,0.650,0.151,0.000,0.750,,PL_PLAST_RECESS_TB - PL_D / CS_DE
Distance,OP1_DEPTH_1,D1,6.190,6.000,0.190,-0.250,0.250,,OP1_PT1_DEPTH - PL_FIXTURE / OP1CS
Distance,OP1_DEPTH_2,D1,5.878,6.000,-0.122,-0.250,0.250,,OP1_PT2_DEPTH - PL_FIXTURE / OP1CS
Distance,OP1_DEPTH_3,D1,5.978,6.000,-0.022,-0.250,0.250,,OP1_PT3_DEPTH - PL_FIXTURE / OP1CS
Distance,OP1_DEPTH_4,D1,6.044,6.000,0.044,-0.250,0.250,,OP1_PT4_DEPTH - PL_FIXTURE / OP1CS
Distance,OP1_DEPTH_5,D1,6.004,6.000,0.004,-0.250,0.250,,OP1_PT5_DEPTH - PL_FIXTURE / OP1CS
Distance,OP1_DEPTH_6,D1,6.083,6.000,0.083,-0.250,0.250,,OP1_PT6_DEPTH - PL_FIXTURE / OP1CS
Distance,OP1_DEPTH_7,D1,6.232,6.000,0.232,-0.250,0.250,,OP1_PT7_DEPTH - PL_FIXTURE / OP1CS
Distance,OP2_DEPTH_1,D1,6.066,6.000,0.066,-0.250,0.250,,OP2_PT1_DEPTH - PL_FIXTURE / OP2CS
Distance,OP2_DEPTH_2,D1,6.005,6.000,0.005,-0.250,0.250,,OP2_PT2_DEPTH - PL_FIXTURE / OP2CS
Distance,OP2_DEPTH_3,D1,6.018,6.000,0.018,-0.250,0.250,,OP2_PT3_DEPTH - PL_FIXTURE / OP2CS
Distance,OP2_DEPTH_4,D1,6.036,6.000,0.036,-0.250,0.250,,OP2_PT4_DEPTH - PL_FIXTURE / OP2CS
Distance,OP2_DEPTH_5,D1,5.889,6.000,-0.111,-0.250,0.250,,OP2_PT5_DEPTH - PL_FIXTURE / OP2CS
Distance,OP2_DEPTH_6,D1,6.081,6.000,0.081,-0.250,0.250,,OP2_PT6_DEPTH - PL_FIXTURE / OP2CS
Distance,OP2_DEPTH_7,D1,6.139,6.000,0.139,-0.250,0.250,,OP2_PT7_DEPTH - PL_FIXTURE / OP2CS
Distance,OP3_DEPTH_3,D1,6.028,6.000,0.028,-0.250,0.250,,OP3_PT3_DEPTH - PL_FIXTURE / OP3CS
Distance,OP3_DEPTH_4,D1,6.075,6.000,0.075,-0.250,0.250,,OP3_PT4_DEPTH - PL_FIXTURE / OP3CS
Distance,OP3_DEPTH_5,D1,5.906,6.000,-0.094,-0.250,0.250,,OP3_PT5_DEPTH - PL_FIXTURE / OP3CS
Distance,OP3_DEPTH_6,D1,5.922,6.000,-0.078,-0.250,0.250,,OP3_PT6_DEPTH - PL_FIXTURE / OP3CS
Distance,OP4_DEPTH_1,D1,6.062,6.000,0.062,-0.250,0.250,,OP4_PT1_DEPTH - PL_FIXTURE / OP4CS
Distance,OP4_DEPTH_2,D1,6.123,6.000,0.123,-0.250,0.250,,OP4_PT2_DEPTH - PL_FIXTURE / OP4CS
Distance,OP4_DEPTH_3,D1,6.068,6.000,0.068,-0.250,0.250,,OP4_PT3_DEPTH - PL_FIXTURE / OP4CS
Distance,OP4_DEPTH_4,D1,6.036,6.000,0.036,-0.250,0.250,,OP4_PT4_DEPTH - PL_FIXTURE / OP4CS
Distance,OP4_DEPTH_5,D1,5.872,6.000,-0.128,-0.250,0.250,,OP4_PT5_DEPTH - PL_FIXTURE / OP4CS
Distance,OP4_DEPTH_6,D1,6.033,6.000,0.033,-0.250,0.250,,OP4_PT6_DEPTH - PL_FIXTURE / OP4CS
Distance,OP4_DEPTH_7,D1,6.111,6.000,0.111,-0.250,0.250,,OP4_PT7_DEPTH - PL_FIXTURE / OP4CS
Distance,OP5_DEPTH_3,D1,6.067,6.000,0.067,-0.250,0.250,,OP5_PT3_DEPTH - PL_FIXTURE / OP5CS
Distance,OP5_DEPTH_4,D1,6.188,6.000,0.188,-0.250,0.250,,OP5_PT4_DEPTH - PL_FIXTURE / OP5CS
Distance,OP5_DEPTH_5,D1,5.854,6.000,-0.146,-0.250,0.250,,OP5_PT5_DEPTH - PL_FIXTURE / OP5CS
Distance,OP5_DEPTH_6,D1,6.009,6.000,0.009,-0.250,0.250,,OP5_PT6_DEPTH - PL_FIXTURE / OP5CS
Distance,OP5_DEPTH_7,D1,5.992,6.000,-0.008,-0.250,0.250,,OP5_PT7_DEPTH - PL_FIXTURE / OP5CS
Distance,OP6_DEPTH_1,D1,6.066,6.000,0.066,-0.250,0.250,,OP6_PT1_DEPTH - PL_FIXTURE / OP6CS
Distance,OP6_DEPTH_2,D1,6.097,6.000,0.097,-0.250,0.250,,OP6_PT2_DEPTH - PL_FIXTURE / OP6CS
Distance,OP6_DEPTH_3,D1,6.052,6.000,0.052,-0.250,0.250,,OP6_PT3_DEPTH - PL_FIXTURE / OP6CS
Distance,OP6_DEPTH_4,D1,6.165,6.000,0.165,-0.250,0.250,,OP6_PT4_DEPTH - PL_FIXTURE / OP6CS
Distance,OP6_DEPTH_5,D1,6.178,6.000,0.178,-0.250,0.250,,OP6_PT5_DEPTH - PL_FIXTURE / OP6CS
Distance,OP6_DEPTH_6,D1,6.210,6.000,0.210,-0.250,0.250,,OP6_PT6_DEPTH - PL_FIXTURE / OP6CS
Distance,OP6_DEPTH_7,D1,6.197,6.000,0.197,-0.250,0.250,,OP6_PT7_DEPTH - PL_FIXTURE / OP6CS
Circle,CIR_25,X,-118.294,-120.300,2.006,,,,Inters. PL_PLAST_25 - CYL_25.
Circle,CIR_25,Y,87.516,87.400,0.116,,,,
Circle,CIR_25,Z,178.451,179.200,-0.749,,,,
Circle,CIR_26,X,-156.551,-158.500,1.949,,,,Inters. PL_PLAST_26 - CYL_26.
Circle,CIR_26,Y,121.221,122.100,-0.879,,,,
Circle,CIR_26,Z,160.245,160.700,-0.455,,,,
Circle,CIR_9,X,-269.652,-270.700,1.049,,,,Inters. PL_PLAST_9 - CYL_9.
Circle,CIR_9,Y,87.783,89.700,-1.917,,,,
Circle,CIR_9,Z,88.816,88.300,0.516,,,,
Circle,CIR_11,DIAM,8.023,8.000,0.023,-0.200,0.200,,Criterion : Least Square (From 8 Pts On PL_PLAST_11) 
Circle,CIR_11,X,-269.534,-270.600,1.066,,,,
Circle,CIR_11,Y,61.046,62.700,-1.654,,,,
Circle,CIR_11,Z,52.732,51.400,1.332,,,,
Circle,CIR_12,DIAM,8.026,8.000,0.026,-0.200,0.200,,Criterion : Least Square (From 8 Pts On PL_PLAST_12) 
Circle,CIR_12,X,-291.394,-290.600,-0.794,,,,
Circle,CIR_12,Y,59.471,62.700,-3.229,,,,
Circle,CIR_12,Z,-146.720,-148.600,1.880,,,,
Circle,CIR_13,DIAM,6.873,6.800,0.073,-0.200,0.200,,Criterion : Least Square (From 8 Pts On PL_PLAST_13) 
Circle,CIR_13,X,-175.919,-174.700,-1.219,,,,
Circle,CIR_13,Y,84.906,86.600,-1.694,,,,
Circle,CIR_13,Z,-372.111,-373.600,1.489,,,,
Circle,CIR_14,DIAM,6.930,6.800,0.130,-0.200,0.200,,Criterion : Least Square (From 8 Pts On PL_PLAST_14) 
Circle,CIR_14,X,13.506,14.500,-0.994,,,,
Circle,CIR_14,Y,35.650,36.000,-0.350,,,,
Circle,CIR_14,Z,-374.922,-375.600,0.678,,,,
Circle,CIR_10,DIAM,6.926,6.800,0.126,-0.200,0.200,,Criterion : Least Square (From 8 Pts On PL_PLAST_10) 
Circle,CIR_10,X,-50.579,-50.100,-0.479,,,,
Circle,CIR_10,Y,127.604,127.700,-0.096,,,,
Circle,CIR_10,Z,-9.155,-8.600,-0.555,,,,
Slot,SLOT_22,LEN,12.623,12.500,0.123,-0.200,0.200,,Criterion : Least Square (From 12 Pts On PL_PLAST_22) 
Slot,SLOT_22,WID,6.594,6.500,0.094,-0.200,0.200,,
Slot,SLOT_22,X,-131.253,-132.730,1.477,,,,
Slot,SLOT_22,Y,104.243,105.100,-0.857,,,,
Slot,SLOT_22,Z,128.153,128.800,-0.647,,,,
Distance,DEPTH_15,D1,22.162,22.000,0.162,0.000,8.000,,PNT_DEPTH_15 - PL_INS_15 / CS_SRF_TEMP_15.2
