Feat. Type,Feat. Name,Value,Actual,Nominal,Dev.,Tol-,Tol+,Out of Tol.,Comment
Text/Value,VAR_PROGRAM,VAL,,,,,,,'N:\Metrolog XG\Programmes\GMI 700\GMI 700 Moule 1 Complete Module 51.gm2'
Text/Value,VAR_EVENEMENT,VAL,,,,,,,'Demarrage'
Text/Value,VAR_COMMENTAIRES,VAL,,,,,,,'275 A'
Text/Value,SRF_A,VAL,0.310318,0.000000,0.310318,0.000000,0.500000,,
Circle,CIR_B,DIAM,9.892,9.850,0.042,-0.100,0.100,,Criterion : Least Square (From 4 Pts On PL_FIXTURE) 
Distance,DIAMETRE_C,D1,9.894,9.900,-0.006,-0.100,0.100,,SRF_C_TOP - SRF_C_DOWN / CS_ABC
Point,PNT_C_PRJ_FIXT,X,-141.650,-142.000,0.350,,,,Proj. PNT_MID_C / PL_FIXTURE.
Point,PNT_C_PRJ_FIXT,Z,-45.887,-46.000,0.113,,,,
Pos. Tol.,POS_C,PTOL,0.736,0.000,0.736,0.000,1.400,,PNT_C_PRJ_FIXT/NOMINAL - CS_ABC - C-Zone - XZ - Nominal
Circle,CIR1,X,-228.653,-228.500,-0.153,,,,From 4 Pts On PL_FIXTURE
Circle,CIR1,Z,-78.432,-78.000,-0.432,,,,
Pos. Tol.,POS_1,PTOL,0.917,0.000,0.917,0.000,1.500,,CIR1/NOMINAL - CS_ABC - C-Zone - XZ - Nominal
Circle,CIR2,X,-125.405,-125.500,0.095,,,,From 4 Pts On PL_FIXTURE
Circle,CIR2,Z,-78.616,-78.000,-0.616,,,,
Pos. Tol.,POS_2,PTOL,1.246,0.000,1.246,0.000,1.500,,CIR2/NOMINAL - CS_ABC - C-Zone - XZ - Nominal
Circle,CIR3,X,-22.388,-22.500,0.112,,,,From 4 Pts On PL_FIXTURE
Circle,CIR3,Z,-78.256,-78.000,-0.256,,,,
Pos. Tol.,POS_3,PTOL,0.559,0.000,0.559,0.000,1.500,,CIR3/NOMINAL - CS_ABC - C-Zone - XZ - Nominal
Circle,CIR4,X,86.435,86.500,-0.065,,,,From 4 Pts On PL_FIXTURE
Circle,CIR4,Z,31.465,32.000,-0.535,,,,
Pos. Tol.,POS_4,PTOL,1.078,0.000,1.078,0.000,1.500,,CIR4/NOMINAL - CS_ABC - C-Zone - XZ - Nominal
Circle,CIR5,X,-16.592,-16.500,-0.092,,,,From 4 Pts On PL_FIXTURE
Circle,CIR5,Z,31.503,32.000,-0.497,,,,
Pos. Tol.,POS_5,PTOL,1.010,0.000,1.010,0.000,1.500,,CIR5/NOMINAL - CS_ABC - C-Zone - XZ - Nominal
Circle,CIR6,X,-119.580,-119.500,-0.080,,,,From 4 Pts On PL_FIXTURE
Circle,CIR6,Z,31.900,32.000,-0.100,,,,
Pos. Tol.,POS_6,PTOL,0.256,0.000,0.256,0.000,1.500,,CIR6/NOMINAL - CS_ABC - C-Zone - XZ - Nominal
Profile of Line,PROF_OP1,PRFL,1.068,0.000,1.068,0.000,1.500,,SCT_OP1
Profile of Line,OP1_PROF_INNER_WALL,PRFL,1.509,0.000,1.509,0.000,1.500,0.009,OP1_SRF_INNER_WALL
Profile of Line,OP1_PROF_OUTTER_WALL,PRFL,1.403,0.000,1.403,0.000,1.500,,OP1_SRF_OUTTER_WALL
Profile of Line,PROF_OP2,PRFL,0.649,0.000,0.649,0.000,1.500,,SCT_OP2
Profile of Line,OP2_PROF_INNER_WALL,PRFL,0.979,0.000,0.979,0.000,1.500,,OP2_SRF_INNER_WALL
Profile of Line,OP2_PROF_OUTTER_WALL,PRFL,0.881,0.000,0.881,0.000,1.500,,OP2_SRF_OUTTER_WALL
Profile of Line,PROF_OP3,PRFL,0.538,0.000,0.538,0.000,1.500,,SCT_OP3
Profile of Line,OP3_PROF_INNER_WALL,PRFL,0.418,0.000,0.418,0.000,1.500,,OP3_SRF_INNER_WALL
Profile of Line,OP3_PROF_OUTTER_WALL,PRFL,0.539,0.000,0.539,0.000,1.500,,OP3_SRF_OUTTER_WALL
Profile of Line,PROF_OP4,PRFL,0.721,0.000,0.721,0.000,1.500,,SCT_OP4
Profile of Line,OP4_PROF_INNER_WALL,PRFL,0.911,0.000,0.911,0.000,1.500,,OP4_SRF_INNER_WALL
Profile of Line,OP4_PROF_OUTTER_WALL,PRFL,0.730,0.000,0.730,0.000,1.500,,OP4_SRF_OUTTER_WALL
Profile of Line,PROF_OP5,PRFL,0.573,0.000,0.573,0.000,1.500,,SCT_OP5
Profile of Line,OP5_PROF_INNER_WALL,PRFL,0.747,0.000,0.747,0.000,1.500,,OP5_SRF_INNER_WALL
Profile of Line,OP5_PROF_OUTTER_WALL,PRFL,0.661,0.000,0.661,0.000,1.500,,OP5_SRF_OUTTER_WALL
Profile of Line,PROF_OP6,PRFL,1.391,0.000,1.391,0.000,1.500,,SCT_OP6
Profile of Line,OP6_PROF_INNER_WALL,PRFL,1.633,0.000,1.633,0.000,1.500,0.133,OP6_SRF_INNER_WALL
Profile of Line,OP6_PROF_OUTTER_WALL,PRFL,1.595,0.000,1.595,0.000,1.500,0.095,OP6_SRF_OUTTER_WALL
Distance,OP1_WIDTH_1,D1,2.970,3.000,-0.030,-0.150,0.150,,OP1_P2 - OP1_P3 / OP1_CS
Distance,OP1_WIDTH_5,D1,2.914,3.000,-0.086,-0.150,0.150,,OP1_P22 - OP1_P23 / OP1_CS
Distance,OP1_WIDTH_9,D1,2.978,3.000,-0.022,-0.150,0.150,,OP1_P42 - OP1_P43 / OP1_CS
Distance,OP1_WIDTH_12,D1,3.027,3.000,0.027,-0.150,0.150,,OP1_P57 - OP1_P58 / OP1_CS
Distance,OP1_DEPTH_1,Y,4.989,5.000,-0.011,-0.150,0.150,,OP1_P4 - PL_FIXTURE / OP1_CS
Distance,OP1_DEPTH_5,Y,5.051,5.000,0.051,-0.150,0.150,,OP1_P24 - PL_FIXTURE / OP1_CS
Distance,OP1_DEPTH_9,Y,5.042,5.000,0.042,-0.150,0.150,,OP1_P44 - PL_FIXTURE / OP1_CS
Distance,OP1_DEPTH_12,Y,5.012,5.000,0.012,-0.150,0.150,,OP1_P59 - PL_FIXTURE / OP1_CS
Distance,OP2_WIDTH_1,D1,2.961,3.000,-0.039,-0.200,0.200,,OP2_P2 - OP2_P3 / OP2_CS
Distance,OP2_WIDTH_5,D1,2.967,3.000,-0.033,-0.200,0.200,,OP2_P22 - OP2_P23 / OP2_CS
Distance,OP2_WIDTH_9,D1,2.996,3.000,-0.004,-0.200,0.200,,OP2_P42 - OP2_P43 / OP2_CS
Distance,OP2_WIDTH_12,D1,3.053,3.000,0.053,-0.200,0.200,,OP2_P57 - OP2_P58 / OP2_CS
Distance,OP2_DEPTH_1,Y,4.999,5.000,-0.001,-0.150,0.150,,OP2_P4 - PL_FIXTURE / OP2_CS
Distance,OP2_DEPTH_5,Y,4.930,5.000,-0.070,-0.150,0.150,,OP2_P24 - PL_FIXTURE / OP2_CS
Distance,OP2_DEPTH_9,Y,5.017,5.000,0.017,-0.150,0.150,,OP2_P44 - PL_FIXTURE / OP2_CS
Distance,OP2_DEPTH_12,Y,4.985,5.000,-0.015,-0.150,0.150,,OP2_P59 - PL_FIXTURE / OP2_CS
Distance,OP3_WIDTH_1,D1,2.953,3.000,-0.047,-0.200,0.200,,OP3_P2 - OP3_P3 / OP3_CS
Distance,OP3_WIDTH_5,D1,2.878,3.000,-0.122,-0.200,0.200,,OP3_P22 - OP3_P23 / OP3_CS
Distance,OP3_WIDTH_9,D1,3.002,3.000,0.002,-0.200,0.200,,OP3_P42 - OP3_P43 / OP3_CS
Distance,OP3_WIDTH_12,D1,3.006,3.000,0.006,-0.200,0.200,,OP3_P57 - OP3_P58 / OP3_CS
Distance,OP3_DEPTH_1,Y,5.049,5.000,0.049,-0.150,0.150,,OP3_P4 - PL_FIXTURE / OP3_CS
Distance,OP3_DEPTH_5,Y,5.076,5.000,0.076,-0.150,0.150,,OP3_P24 - PL_FIXTURE / OP3_CS
Distance,OP3_DEPTH_9,Y,4.902,5.000,-0.098,-0.150,0.150,,OP3_P44 - PL_FIXTURE / OP3_CS
Distance,OP3_DEPTH_12,Y,5.034,5.000,0.034,-0.150,0.150,,OP3_P59 - PL_FIXTURE / OP3_CS
Distance,OP4_WIDTH_1,D1,2.869,3.000,-0.131,-0.200,0.200,,OP4_P2 - OP4_P3 / OP4_CS
Distance,OP4_WIDTH_5,D1,2.920,3.000,-0.080,-0.200,0.200,,OP4_P22 - OP4_P23 / OP4_CS
Distance,OP4_WIDTH_9,D1,2.897,3.000,-0.103,-0.200,0.200,,OP4_P42 - OP4_P43 / OP4_CS
Distance,OP4_WIDTH_12,D1,2.779,3.000,-0.221,-0.200,0.200,-0.021,OP4_P57 - OP4_P58 / OP4_CS
Distance,OP4_DEPTH_1,Y,5.044,5.000,0.044,-0.150,0.150,,OP4_P4 - PL_FIXTURE / OP4_CS
Distance,OP4_DEPTH_5,Y,4.863,5.000,-0.137,-0.150,0.150,,OP4_P24 - PL_FIXTURE / OP4_CS
Distance,OP4_DEPTH_9,Y,4.972,5.000,-0.028,-0.150,0.150,,OP4_P44 - PL_FIXTURE / OP4_CS
Distance,OP4_DEPTH_12,Y,5.066,5.000,0.066,-0.150,0.150,,OP4_P59 - PL_FIXTURE / OP4_CS
Distance,OP5_WIDTH_1,D1,2.978,3.000,-0.022,-0.200,0.200,,OP5_P2 - OP5_P3 / OP5_CS
Distance,OP5_WIDTH_5,D1,3.017,3.000,0.017,-0.200,0.200,,OP5_P22 - OP5_P23 / OP5_CS
Distance,OP5_WIDTH_9,D1,3.002,3.000,0.002,-0.200,0.200,,OP5_P42 - OP5_P43 / OP5_CS
Distance,OP5_WIDTH_12,D1,3.009,3.000,0.009,-0.200,0.200,,OP5_P57 - OP5_P58 / OP5_CS
Distance,OP5_DEPTH_1,Y,4.792,5.000,-0.208,-0.150,0.150,-0.058,OP5_P4 - PL_FIXTURE / OP5_CS
Distance,OP5_DEPTH_5,Y,5.002,5.000,0.002,-0.150,0.150,,OP5_P24 - PL_FIXTURE / OP5_CS
Distance,OP5_DEPTH_9,Y,4.834,5.000,-0.166,-0.150,0.150,-0.016,OP5_P44 - PL_FIXTURE / OP5_CS
Distance,OP5_DEPTH_12,Y,4.967,5.000,-0.033,-0.150,0.150,,OP5_P59 - PL_FIXTURE / OP5_CS
Distance,OP6_WIDTH_1,D1,3.007,3.000,0.007,-0.200,0.200,,OP6_P2 - OP6_P3 / OP6_CS
Distance,OP6_WIDTH_5,D1,3.011,3.000,0.011,-0.200,0.200,,OP6_P22 - OP6_P23 / OP6_CS
Distance,OP6_WIDTH_9,D1,2.995,3.000,-0.005,-0.200,0.200,,OP6_P42 - OP6_P43 / OP6_CS
Distance,OP6_WIDTH_12,D1,3.006,3.000,0.006,-0.200,0.200,,OP6_P57 - OP6_P58 / OP6_CS
Distance,OP6_DEPTH_1,Y,5.020,5.000,0.020,-0.150,0.150,,OP6_P4 - PL_FIXTURE / OP6_CS
Distance,OP6_DEPTH_5,Y,5.016,5.000,0.016,-0.150,0.150,,OP6_P24 - PL_FIXTURE / OP6_CS
Distance,OP6_DEPTH_9,Y,4.811,5.000,-0.189,-0.150,0.150,-0.039,OP6_P44 - PL_FIXTURE / OP6_CS
Distance,OP6_DEPTH_12,Y,5.009,5.000,0.009,-0.150,0.150,,OP6_P59 - PL_FIXTURE / OP6_CS
Circle,CIR_A,DIAM,79.086,79.000,0.086,-0.500,0.500,,Criterion : Least Square (From 12 Pts On PL_D) 
Circle,CIR_A,X,96.448,96.049,0.400,,,,
Circle,CIR_A,Y,70.872,70.746,0.127,,,,
Circle,CIR_A,Z,113.679,114.049,-0.370,,,,
Pos. Tol.,POS_A,PTOL,1.118,0.000,1.118,0.000,4.000,,CIR_A/NOMINAL - CS_ABC - C-Zone - XYZ - Nominal
Circle,CIR_INS_11,X,90.819,90.385,0.435,,,,Criterion : Least Square (From 6 Pts On PL_INS_11) 
Circle,CIR_INS_11,Y,95.243,95.065,0.177,,,,
Circle,CIR_INS_11,Z,159.884,160.233,-0.350,,,,
Pos. Tol.,POS_11,PTOL,1.170,0.000,1.170,0.000,3.000,,CIR_INS_11/NOMINAL - CS_ABC - C-Zone - XYZ - Nominal
Circle,CIR_INS_12,X,116.087,115.649,0.438,,,,Criterion : Least Square (From 6 Pts On PL_INS_12) 
Circle,CIR_INS_12,Y,38.290,38.214,0.076,,,,
Circle,CIR_INS_12,Z,149.981,150.299,-0.318,,,,
Pos. Tol.,POS_12,PTOL,1.094,0.000,1.094,0.000,3.600,,CIR_INS_12/NOMINAL - CS_ABC - C-Zone - XYZ - Nominal
Circle,CIR_INS_13,X,101.949,102.615,-0.666,,,,Criterion : Least Square (From 6 Pts On PL_INS_13) 
Circle,CIR_INS_13,Y,46.602,46.845,-0.243,,,,
Circle,CIR_INS_13,Z,67.553,67.766,-0.213,,,,
Pos. Tol.,POS_13,PTOL,1.481,0.000,1.481,0.000,3.000,,CIR_INS_13/NOMINAL - CS_ABC - C-Zone - XYZ - Nominal
Circle,CIR_INS_14,X,77.000,77.351,-0.351,,,,Criterion : Least Square (From 6 Pts On PL_INS_14) 
Circle,CIR_INS_14,Y,103.317,103.696,-0.378,,,,
Circle,CIR_INS_14,Z,77.346,77.701,-0.354,,,,
Pos. Tol.,POS_14,PTOL,1.252,0.000,1.252,0.000,3.000,,CIR_INS_14/NOMINAL - CS_ABC - C-Zone - XYZ - Nominal
Circle,2D_CIR_INS_11,Y,31.529,31.500,0.029,,,,
Circle,2D_CIR_INS_11,Z,42.024,42.000,0.024,,,,
Pos. Tol.,POS_2D_11,PTOL,0.075,0.000,0.075,0.000,0.800,,2D_CIR_INS_11/NOMINAL - CS_DE_BF - C-Zone - YZ - Nominal
Circle,2D_CIR_INS_12,Y,-31.559,-31.500,-0.059,,,,
Circle,2D_CIR_INS_12,Z,42.041,42.000,0.041,,,,
Pos. Tol.,POS_2D_12,PTOL,0.143,0.000,0.143,0.000,0.800,,2D_CIR_INS_12/NOMINAL - CS_DE_BF - C-Zone - YZ - Nominal
Circle,2D_CIR_INS_13,Y,-31.355,-31.500,0.145,,,,
Circle,2D_CIR_INS_13,Z,-42.002,-42.000,-0.002,,,,
Pos. Tol.,POS_2D_13,PTOL,0.290,0.000,0.290,0.000,0.800,,2D_CIR_INS_13/NOMINAL - CS_DE_BF - C-Zone - YZ - Nominal
Circle,2D_CIR_INS_14,Y,31.375,31.500,-0.125,,,,
Circle,2D_CIR_INS_14,Z,-42.051,-42.000,-0.051,,,,
Pos. Tol.,POS_2D_14,PTOL,0.271,0.000,0.271,0.000,0.800,,2D_CIR_INS_14/NOMINAL - CS_DE_BF - C-Zone - YZ - Nominal
Distance,H_11,X,0.096,0.000,0.096,0.000,0.500,,CIR_INS_11 - PL_PLAST_INS_11 / CS_DE_BF
Distance,H_12,X,0.235,-0.000,0.235,0.000,0.500,,CIR_INS_12 - PL_PLAST_INS_12 / CS_DE_BF
Distance,H_13,X,0.220,-0.000,0.220,0.000,0.500,,CIR_INS_13 - PL_PLAST_INS_13 / CS_DE_BF
Distance,H_14,X,0.176,-0.000,0.176,0.000,0.500,,CIR_INS_14 - PL_PLAST_INS_14 / CS_DE_BF
Flatness,FLAT_D,FLTN,0.189,0.000,0.189,0.000,0.500,,PL_D
Distance,WIDTH_TB_2,D1,2.781,3.000,-0.219,-0.150,0.150,-0.069,0W2.5_1.2 - IW2.5_1.2 / CS_DE_BF
Distance,WIDTH_TB_4,D1,2.878,3.000,-0.122,-0.150,0.150,,0W2.5_1.4 - IW2.5_1.4 / CS_DE_BF
Distance,WIDTH_TB_6,D1,2.954,3.000,-0.046,-0.150,0.150,,0W2.5_1.6 - IW2.5_1.6 / CS_DE_BF
Distance,WIDTH_TB_7,D1,3.035,3.000,0.035,-0.150,0.150,,0W2.5_1.7 - IW2.5_1.7 / CS_DE_BF
Distance,DEPTH_TB_2,D1,4.774,5.000,-0.226,-0.250,0.250,,TB_BOT_1.2 - PL_D / CS_DE_BF
Distance,DEPTH_TB_4,D1,4.961,5.000,-0.039,-0.250,0.250,,TB_BOT_1.4 - PL_D / CS_DE_BF
Distance,DEPTH_TB_6,D1,4.773,5.000,-0.227,-0.250,0.250,,TB_BOT_1.6 - PL_D / CS_DE_BF
Distance,DEPTH_TB_7,D1,5.031,5.000,0.031,-0.250,0.250,,TB_BOT_1.7 - PL_D / CS_DE_BF
Profile of Line,PROF_2D_IW_TB,PRFL,0.867,0.000,0.867,0.000,1.500,,SCT_2D_IW_TB
Circle,CIR_INS_15,X,31.106,29.890,1.216,,,,Criterion : Least Square (From 6 Pts On PL_PLAST_INS_15) 
Circle,CIR_INS_15,Y,44.492,44.400,0.092,,,,
Circle,CIR_INS_15,Z,205.051,204.750,0.301,,,,
Pos. Tol.,POS_15,PTOL,2.511,0.000,2.511,0.000,3.500,,CIR_INS_15/NOMINAL - CS_ABC - C-Zone - XYZ - Nominal
Circle,CIR_16_MID_GAGE,DIAM,12.103,12.170,-0.067,-0.100,0.100,,Proj. CIR_16_9MM / PL_PLAST_16.
Circle,CIR_16_MID_GAGE,X,31.106,29.988,1.118,,,,
Circle,CIR_16_MID_GAGE,Y,60.780,61.026,-0.246,,,,
Circle,CIR_16_MID_GAGE,Z,221.810,221.344,0.466,,,,
Pos. Tol.,POS_16,PTOL,2.472,0.000,2.472,0.000,3.500,,CIR_16_MID_GAGE/NOMINAL - CS_ABC - C-Zone - XYZ - Nominal
Distance,H_15,X,0.246,0.000,0.246,0.000,0.400,,CIR_INS_15 - PL_PLAST_16 / CS_15_16
Circle,2D_CIR_15,Y,-23.369,-23.500,0.131,,,,
Circle,2D_CIR_15,Z,0.000,0.000,0.000,,,,
Pos. Tol.,POS_2D_15,PTOL,0.262,0.000,0.262,0.000,0.500,,2D_CIR_15/NOMINAL - CS_15_16 - C-Zone - YZ - Nominal
Circle,CIR_18,DIAM,12.919,13.000,-0.081,-0.100,0.100,,Inters. PL_PLAST_18 - CYL_18.
Circle,CIR_18,X,-85.778,-86.500,0.722,,,,
Circle,CIR_18,Y,73.201,74.000,-0.799,,,,
Pos. Tol.,POS_18,PTOL,2.153,0.000,2.153,0.000,2.500,,CIR_18/NOMINAL - CS_ABC - C-Zone - XY - Nominal
Distance,PROF_18,Z,176.028,176.000,0.028,-2.000,2.000,,CIR_18 - ORIGIN / CS_ABC
Circle,CIR_20,X,-274.617,-274.784,0.167,,,,Criterion : Least Square (From 6 Pts On PL_INS_20) 
Circle,CIR_20,Y,114.191,114.438,-0.247,,,,
Circle,CIR_20,Z,-19.549,-19.512,-0.037,,,,
Pos. Tol.,POS_20,PTOL,0.601,0.000,0.601,0.000,3.000,,CIR_20/NOMINAL - CS_ABC - C-Zone - XYZ - Nominal
Circle,CIR_22,X,40.033,39.216,0.817,,,,Criterion : Least Square (From 6 Pts On PL_INS_22) 
Circle,CIR_22,Y,111.523,111.457,0.066,,,,
Circle,CIR_22,Z,200.277,200.504,-0.226,,,,
Pos. Tol.,POS_22,PTOL,1.700,0.000,1.700,0.000,3.000,,CIR_22/NOMINAL - CS_ABC - C-Zone - XYZ - Nominal
Circle,CIR_23,X,49.045,48.716,0.329,,,,Criterion : Least Square (From 6 Pts On PL_INS_23) 
Circle,CIR_23,Y,114.371,114.438,-0.068,,,,
Circle,CIR_23,Z,-19.612,-19.512,-0.100,,,,
Pos. Tol.,POS_23,PTOL,0.700,0.000,0.700,0.000,3.000,,CIR_23/NOMINAL - CS_ABC - C-Zone - XYZ - Nominal
Distance,H_20,Y,0.226,0.000,0.226,0.000,0.500,,CIR_20 - PL_PLAST_20 / CS_20
Distance,H_22,Y,0.132,0.000,0.132,0.000,0.500,,CIR_22 - PL_PLAST_22 / CS_22
Distance,H_23,Y,0.235,-0.000,0.235,0.000,0.500,,CIR_23 - PL_PLAST_23 / CS_23
Angle,ANG_20,3D,29.218,28.000,1.218,-2.000,2.000,,PL_INS_22 - PL_FIXTURE / CS_20
Angle,ANG_22,3D,29.218,28.000,1.218,-2.000,2.000,,PL_INS_22 - PL_FIXTURE / CS_22
Angle,ANG_23,3D,28.242,28.000,0.242,-2.000,2.000,,PL_INS_23 - PL_FIXTURE / CS_23
Circle,2D_CIR_20,X,-323.584,-323.500,-0.084,,,,
Circle,2D_CIR_20,Z,-0.009,0.000,-0.009,,,,
Pos. Tol.,POS_2D_20,PTOL,0.168,0.000,0.168,0.000,1.250,,2D_CIR_20/NOMINAL - CS_23_BF - C-Zone - XZ - Nominal
Circle,2D_CIR_22,X,-9.502,-9.500,-0.002,,,,
Circle,2D_CIR_22,Z,195.641,195.643,-0.002,,,,
Pos. Tol.,POS_2D_22,PTOL,0.005,0.000,0.005,0.000,1.250,,2D_CIR_22/NOMINAL - CS_23_BF - C-Zone - XZ - Nominal
Circle,2D_CIR_23,X,0.074,0.000,0.074,,,,
Circle,2D_CIR_23,Z,0.000,0.000,0.000,,,,
Pos. Tol.,POS_2D_23,PTOL,0.147,0.000,0.147,0.000,1.250,,2D_CIR_23/NOMINAL - CS_23_BF - C-Zone - XZ - Nominal
Circle,CIR_INS_21,X,-257.053,-257.000,-0.053,,,,Criterion : Least Square (From 6 Pts On PL_INS_21) 
Circle,CIR_INS_21,Z,124.292,125.000,-0.708,,,,
Pos. Tol.,POS_21,PTOL,1.420,0.000,1.420,0.000,3.000,,CIR_INS_21/NOMINAL - CS_ABC - C-Zone - XZ - Nominal
Circle,CIR_29,X,28.904,28.699,0.205,,,,Criterion : Least Square (From 6 Pts On PL_INS_29) 
Circle,CIR_29,Z,12.396,12.480,-0.084,,,,
Pos. Tol.,POS_29,PTOL,0.443,0.000,0.443,0.000,3.000,,CIR_29/NOMINAL - CS_ABC - C-Zone - XZ - Nominal
Circle,CIR_30,X,42.588,42.500,0.088,,,,Criterion : Least Square (From 6 Pts On PL_INS_30) 
Circle,CIR_30,Z,-162.007,-161.750,-0.256,,,,
Pos. Tol.,POS_30,PTOL,0.542,0.000,0.542,0.000,3.000,,CIR_30/NOMINAL - CS_ABC - C-Zone - XZ - Nominal
Circle,CIR_32,X,-214.712,-214.979,0.267,,,,Criterion : Least Square (From 6 Pts On PL_INS_32) 
Circle,CIR_32,Z,-162.027,-161.750,-0.277,,,,
Pos. Tol.,POS_32,PTOL,0.542,0.000,0.542,0.000,3.000,,CIR_30/NOMINAL - CS_ABC - C-Zone - XZ - Nominal
Distance,H_21,D1,0.062,0.000,0.062,,,,CIR_INS_21 - PL_PLAST_INS_21 / CS_TEMP_21
Distance,H_21,D2,,,,,,,
Distance,H_21,X,0.000,0.000,0.000,,,,
Distance,H_21,Y,0.062,0.000,0.062,0.000,0.500,,
Distance,H_21,Z,0.000,0.000,0.000,,,,
Distance,H_29,D1,0.066,0.000,0.066,,,,CIR_29 - PL_PLAST_29 / CS_TEMP_29
Distance,H_29,D2,,,,,,,
Distance,H_29,X,-0.000,0.000,-0.000,,,,
Distance,H_29,Y,0.066,0.000,0.066,0.000,0.500,,
Distance,H_29,Z,-0.000,0.000,-0.000,,,,
Distance,H_30,D1,0.270,0.000,0.270,,,,CIR_30 - PL_PLAST_30 / CS_TEMP_30
Distance,H_30,D2,,,,,,,
Distance,H_30,X,0.001,0.000,0.001,,,,
Distance,H_30,Y,0.270,0.000,0.270,0.000,0.500,,
Distance,H_30,Z,0.002,0.000,0.002,,,,
Distance,H_32,D1,0.055,0.000,0.055,,,,CIR_32 - PL_PLAST_32 / CS_TEMP_32
Distance,H_32,D2,,,,,,,
Distance,H_32,X,-0.001,0.000,-0.001,,,,
Distance,H_32,Y,0.055,0.000,0.055,0.000,0.500,,
Distance,H_32,Z,0.000,0.000,0.000,,,,
Distance,PROF_21,Y,103.901,104.420,-0.519,-2.000,2.000,,CIR_INS_21 - ORIGIN / CS_ABC
Distance,PROF_29,Y,123.920,124.420,-0.500,-2.000,2.000,,CIR_29 - ORIGIN / CS_ABC
Distance,PROF_30,Y,83.793,83.300,0.493,-2.000,2.000,,CIR_30 - ORIGIN / CS_ABC
Distance,PROF_32,Y,82.982,83.300,-0.318,-2.000,2.000,,CIR_32 - ORIGIN / CS_ABC
Circle,2D_CIR_INS_21,X,0.002,0.000,0.002,,,,
Circle,2D_CIR_INS_21,Z,-0.175,0.000,-0.175,,,,
Pos. Tol.,POS_2D_21,PTOL,0.351,0.000,0.351,0.000,1.250,,2D_CIR_INS_21/NOMINAL - CS_INS_W_BF - C-Zone - XZ - Nominal
Circle,2D_CIR_29,X,285.584,285.599,-0.015,,,,
Circle,2D_CIR_29,Z,-112.693,-112.776,0.083,,,,
Pos. Tol.,POS_2D_29,PTOL,0.169,0.000,0.169,0.000,1.250,,2D_CIR_29/NOMINAL - CS_INS_W_BF - C-Zone - XZ - Nominal
Circle,2D_CIR_30,X,299.133,299.243,-0.110,,,,
Circle,2D_CIR_30,Z,-287.135,-287.018,-0.117,,,,
Pos. Tol.,POS_2D_30,PTOL,0.321,0.000,0.321,0.000,1.250,,2D_CIR_30/NOMINAL - CS_INS_W_BF - C-Zone - XZ - Nominal
Circle,2D_CIR_32,X,41.843,41.763,0.080,,,,
Circle,2D_CIR_32,Z,-286.592,-286.788,0.196,,,,
Pos. Tol.,POS_2D_32,PTOL,0.425,0.000,0.425,0.000,1.250,,2D_CIR_32/NOMINAL - CS_INS_W_BF - C-Zone - XZ - Nominal
Circle,CIR_INS_26,X,-219.558,-219.500,-0.058,,,,Criterion : Least Square (From 6 Pts On PL_INS_26) 
Circle,CIR_INS_26,Z,71.724,72.000,-0.276,,,,
Pos. Tol.,POS_26,PTOL,0.564,0.000,0.564,0.000,3.000,,CIR_INS_26/NOMINAL - CS_ABC - C-Zone - XZ - Nominal
Circle,CIR_27,X,-87.678,-87.500,-0.178,,,,Criterion : Least Square (From 6 Pts On PL_INS_27) 
Circle,CIR_27,Z,71.873,72.000,-0.127,,,,
Pos. Tol.,POS_27,PTOL,0.438,0.000,0.438,0.000,3.000,,CIR_27/NOMINAL - CS_ABC - C-Zone - XZ - Nominal
Circle,CIR_28,X,43.838,43.700,0.138,,,,Criterion : Least Square (From 6 Pts On PL_INS_28) 
Circle,CIR_28,Z,49.894,50.000,-0.106,,,,
Pos. Tol.,POS_28,PTOL,0.348,0.000,0.348,0.000,3.000,,CIR_28/NOMINAL - CS_ABC - C-Zone - XZ - Nominal
Circle,CIR_31,X,-71.266,-71.500,0.234,,,,Criterion : Least Square (From 6 Pts On PL_INS_31) 
Circle,CIR_31,Z,-161.819,-161.750,-0.069,,,,
Pos. Tol.,POS_31,PTOL,0.487,0.000,0.487,0.000,3.000,,CIR_31/NOMINAL - CS_ABC - C-Zone - XZ - Nominal
Distance,PROF_26,Y,129.830,130.420,-0.590,-2.000,2.000,,CIR_INS_26 - ORIGIN / CS_ABC
Distance,PROF_27,Y,129.717,130.420,-0.703,-2.000,2.000,,CIR_27 - ORIGIN / CS_ABC
Distance,PROF_28,Y,123.262,123.420,-0.158,-2.000,2.000,,CIR_28 - ORIGIN / CS_ABC
Distance,PROF_31,Y,83.987,83.300,0.687,-2.000,2.000,,CIR_31 - ORIGIN / CS_ABC
Distance,H_26,Y,0.146,0.000,0.146,0.000,0.500,,CIR_INS_26 - PL_PLAST_INS_26 / CS_TEMP_26
Distance,H_27,Y,0.091,0.000,0.091,0.000,0.500,,CIR_27 - PL_PLAST_27 / CS_TEMP_27
Distance,H_28,Y,0.306,0.000,0.306,0.000,0.500,,CIR_28 - PL_PLAST_28 / CS_TEMP_28
Distance,H_31,Y,0.019,0.000,0.019,0.000,0.500,,CIR_31 - PL_PLAST_31 / CS_TEMP_31
Circle,CIR_24,DIAM,11.977,12.050,-0.073,-0.080,0.080,,Criterion : Least Square (From 12 Pts On PL_PLAST_24_25) 
Circle,CIR_24,X,-117.161,-117.520,0.359,,,,
Circle,CIR_24,Z,102.068,102.110,-0.042,,,,
Pos. Tol.,POS_24,PTOL,0.722,0.000,0.722,0.000,3.000,,CIR_24/NOMINAL - CS_ABC - C-Zone - XZ - Nominal
Circle,CIR_25,DIAM,4.667,4.650,0.017,-0.050,0.050,,Criterion : Least Square (From 6 Pts On PL_PLAST_24_25) 
Circle,CIR_25,X,-114.634,-115.078,0.444,,,,
Circle,CIR_25,Z,119.313,119.449,-0.137,,,,
Pos. Tol.,POS_25,PTOL,0.929,0.000,0.929,0.000,1.500,,CIR_25/NOMINAL - CS_ABC - C-Zone - XZ - Nominal
Distance,PROF_24,Y,115.134,115.500,-0.366,-1.500,1.500,,CIR_24 - ORIGIN / CS_ABC
Circle,2D_CIR_25,X,0.000,0.000,0.000,,,,
Circle,2D_CIR_25,Z,17.429,17.500,-0.071,,,,
Pos. Tol.,POS_2D_25,PTOL,0.143,0.000,0.143,0.000,0.500,,2D_CIR_25/NOMINAL - CS_24_25 - C-Zone - XZ - Nominal
Circle,CIR_43,DIAM,12.530,12.500,0.030,-0.100,0.100,,Criterion : Least Square (From 12 Pts On PL_PLAST_43) 
Circle,CIR_43,X,-13.002,-13.500,0.498,,,,
Circle,CIR_43,Z,121.802,122.000,-0.198,,,,
Pos. Tol.,POS_43,PTOL,1.071,0.000,1.071,0.000,3.000,,CIR_43/NOMINAL - CS_ABC - C-Zone - XZ - Nominal
Distance,PROF_43,Y,125.019,125.000,0.019,-2.000,2.000,,CIR_43 - ORIGIN / CS_ABC
Angle,ANG_43,3D,10.041,9.000,1.041,-3.000,3.000,,LINE_43_MIDDLE - Z-AXIS / CS_ABC
Circle,CIR_55,X,-297.116,-296.400,-0.716,,,,Criterion : Least Square (From 6 Pts On PL_INS_55) 
Circle,CIR_55,Z,-83.199,-84.000,0.801,,,,
Pos. Tol.,POS_55,PTOL,2.149,0.000,2.149,0.000,3.000,,CIR_55/NOMINAL - CS_ABC - C-Zone - XZ - Nominal
Distance,PROF_55,D1,314.472,,,,,,CIR_55 - ORIGIN / CS_ABC
Distance,PROF_55,Y,60.766,62.000,-1.234,-2.000,2.000,,
Circle,CIR_56,X,-304.086,-304.000,-0.086,,,,Criterion : Least Square (From 6 Pts On PL_INS_56) 
Circle,CIR_56,Z,47.206,46.200,1.006,,,,
Pos. Tol.,POS_56,PTOL,2.020,0.000,2.020,0.000,3.000,,CIR_56/NOMINAL - CS_ABC - C-Zone - XZ - Nominal
Distance,PROF_56,D1,313.626,,,,,,CIR_56 - ORIGIN / CS_ABC
Distance,PROF_56,Y,60.536,62.000,-1.464,-2.000,2.000,,
