Feat. Type,Feat. Name,Value,Actual,Nominal,Dev.,Tol-,Tol+,Out of Tol.,Comment
Text/Value,VAR_PROGRAM,VAL,,,,,,,'N:\Metrolog XG\Programmes\GM HF FWD GEN II 31xx\GM HF FWD Gen II High Hood 31xx Complete (Module 64).gm2'
Text/Value,VAR_EVENEMENT,VAL,,,,,,,'SMED NID 1'
Text/Value,VAR_COMMENTAIRES,VAL,,,,,,,'274 B'
Distance,WIDTH_C,D1,9.044,9.000,0.044,-0.150,0.150,,SRF_C_TOP - SRF_C_DOWN / CS_ABC_SURFACES_C
Circle,2D_CIR_INS_11,X,41.870,42.000,-0.130,,,,
Circle,2D_CIR_INS_11,Y,33.846,34.000,-0.154,,,,
Circle,2D_CIR_INS_12,X,41.832,42.000,-0.168,,,,
Circle,2D_CIR_INS_12,Y,-28.851,-29.000,0.149,,,,
Circle,2D_CIR_INS_13,X,-41.826,-42.000,0.174,,,,
Circle,2D_CIR_INS_13,Y,-28.921,-29.000,0.079,,,,
Circle,2D_CIR_INS_14,X,-41.876,-42.000,0.124,,,,
Circle,2D_CIR_INS_14,Y,33.925,34.000,-0.075,,,,
Pos. Tol.,POS_2D_11,PTOL,0.402,0.000,0.402,0.000,0.500,,2D_CIR_INS_11/NOMINAL - CS_D_BF - C-Zone - XY - Nominal
Pos. Tol.,POS_2D_12,PTOL,0.450,0.000,0.450,0.000,0.800,,2D_CIR_INS_12/NOMINAL - CS_D_BF - C-Zone - XY - Nominal
Pos. Tol.,POS_2D_13,PTOL,0.381,0.000,0.381,0.000,0.500,,2D_CIR_INS_13/NOMINAL - CS_D_BF - C-Zone - XY - Nominal
Pos. Tol.,POS_2D_14,PTOL,0.289,0.000,0.289,0.000,0.500,,2D_CIR_INS_14/NOMINAL - CS_D_BF - C-Zone - XY - Nominal
Paral.,PERP_11,PARA,0.269,0.000,0.269,0.000,0.400,,PL_INS_11/PL_PLAST_INS_11 - P-Zone - Cloud of Points 
Paral.,PERP_12,PARA,0.161,0.000,0.161,0.000,0.400,,PL_INS_12/PL_PLAST_INS_12 - P-Zone - Cloud of Points 
Paral.,PERP_13,PARA,0.213,0.000,0.213,0.000,0.400,,PL_INS_13/PL_PLAST_INS_13 - P-Zone - Cloud of Points 
Paral.,PERP_14,PARA,0.228,0.000,0.228,0.000,0.250,,PL_INS_14/PL_PLAST_INS_14 - P-Zone - Cloud of Points 
Distance,H_11,Z,0.212,-0.000,0.212,0.000,0.400,,CIR_INS_11 - PL_PLAST_INS_11 / CS_D_BF
Distance,H_12,Z,0.166,-0.000,0.166,0.000,0.400,,CIR_INS_12 - PL_PLAST_INS_12 / CS_D_BF
Distance,H_13,Z,0.174,-0.000,0.174,0.000,0.400,,CIR_INS_13 - PL_PLAST_INS_13 / CS_D_BF
Distance,H_14,Z,0.110,-0.000,0.110,0.000,0.400,,CIR_INS_14 - PL_PLAST_INS_14 / CS_D_BF
Distance,H_19,Y,0.112,0.000,0.112,0.000,0.400,,CIR_19 - PL_PLAST_19 / CS_ABC_BF_SURFACES
Distance,H_20,Y,0.142,0.000,0.142,0.000,0.400,,CIR_20 - PL_PLAST_20 / CS_ABC_BF_SURFACES
Circle,CIR_29,DIAM,12.171,12.170,0.001,-0.080,0.080,,Criterion : Least Square (From 16 Pts On PL_DATUM_H) 
Circle,2D_CIR_30,X,-23.457,-23.500,0.043,,,,
Circle,2D_CIR_30,Z,0.000,0.000,0.000,,,,
Pos. Tol.,POS_2D_30,PTOL,0.087,0.000,0.087,0.000,0.500,,2D_CIR_30/NOMINAL - CS_HJ - C-Zone - XZ - Nominal
Distance,H_30,Y,0.168,0.000,0.168,0.000,0.400,,2D_CIR_30 - PL_PLAST_30 / CS_HJ
Circle,2D_CIR_33,X,-71.114,-71.000,-0.114,,,,
Circle,2D_CIR_33,Z,0.000,0.000,0.000,,,,
Pos. Tol.,POS_2D_33,PTOL,0.228,0.000,0.228,0.000,0.500,,2D_CIR_33/NOMINAL - CS_K_BF - C-Zone - XZ - Nominal
Distance,H_32,Y,0.124,0.150,-0.026,-0.150,0.150,,CIR_32 - PL_PLAST_32 / CS_K
Distance,H_33,Y,0.088,0.150,-0.062,-0.150,0.150,,CIR_33 - PL_PLAST_33 / CS_K
