Feat. Type,Feat. Name,Value,Actual,Nominal,Dev.,Tol-,Tol+,Out of Tol.,Comment
Text/Value,VAR_PROGRAM,VAL,,,,,,,'N:\Metrolog XG\Programmes\Mercury Marine Great White V8\Mercury Marine Great White V8 Runner Pack LH (Module 51).gm2'
Text/Value,VAR_EVENEMENT,VAL,,,,,,,'PPAP'
Text/Value,VAR_COMMENTAIRES,VAL,,,,,,,'Part No.2'
Text/Value,FLAT_A,VAL,0.459356,0.000000,0.459356,0.000000,0.500000,,
Circle,CIR_B,DIAM,8.105,8.200,-0.095,-0.100,0.100,,Criterion : Least Square (From 4 Pts On PL_FIXTURE) 
Circle,CIR_C,DIAM,7.416,7.500,-0.084,-0.100,0.100,,Criterion : Least Square (From 4 Pts On PL_FIXTURE) 
Circle,CIR_C,X,385.481,385.600,-0.119,,,,
Circle,CIR_C,Z,-0.000,-0.000,-0.000,,,,
Pos. Tol.,POS_C,PTOL,0.237,0.000,0.237,0.000,0.695,,CIR_C/NOMINAL - CS_ABC - C-Zone - XZ - Nominal
Circle,CIR1,X,0.100,0.000,0.100,,,,From 4 Pts On PL_PLAST_1
Circle,CIR1,Z,-15.852,-15.900,0.048,,,,
Pos. Tol.,POS_1,PTOL,0.221,0.000,0.221,0.000,1.395,,CIR1/NOMINAL - CS_ABC - C-Zone - XZ - Nominal
Circle,CIR2,X,92.700,92.800,-0.100,,,,From 4 Pts On PL_PLAST_2
Circle,CIR2,Z,4.066,4.100,-0.034,,,,
Pos. Tol.,POS_2,PTOL,0.211,0.000,0.211,0.000,1.395,,CIR2/NOMINAL - CS_ABC - C-Zone - XZ - Nominal
Circle,CIR3,X,192.572,192.800,-0.229,,,,From 4 Pts On PL_PLAST_3
Circle,CIR3,Z,-15.816,-15.900,0.084,,,,
Pos. Tol.,POS_3,PTOL,0.487,0.000,0.487,0.000,1.395,,CIR3/NOMINAL - CS_ABC - C-Zone - XZ - Nominal
Circle,CIR4,X,289.132,289.300,-0.168,,,,From 4 Pts On PL_PLAST_4
Circle,CIR4,Z,4.019,4.100,-0.081,,,,
Pos. Tol.,POS_4,PTOL,0.373,0.000,0.373,0.000,1.395,,CIR4/NOMINAL - CS_ABC - C-Zone - XZ - Nominal
Circle,CIR5,X,385.383,385.600,-0.218,,,,From 4 Pts On PL_PLAST_5
Circle,CIR5,Z,-15.750,-15.900,0.150,,,,
Pos. Tol.,POS_5,PTOL,0.529,0.000,0.529,0.000,1.395,,CIR5/NOMINAL - CS_ABC - C-Zone - XZ - Nominal
Distance,OP1_WIDTH_3,D1,3.058,3.000,0.058,-0.150,0.150,,OP1_PT3_OW_GAGE - OP1_PT3_IW_GAGE / OP1_CS
Distance,OP1_DEPTH_3,D1,5.052,5.000,0.052,-0.250,0.250,,OP1_PT3_DEPTH - PL_FIXTURE / OP1_CS
Distance,OP2_WIDTH_3,D1,3.021,3.000,0.021,-0.150,0.150,,OP2_PT3_OW_GAGE - OP2_PT3_IW_GAGE / OP2_CS
Distance,OP2_DEPTH_3,D1,4.927,5.000,-0.073,-0.250,0.250,,OP2_PT3_DEPTH - PL_FIXTURE / OP2_CS
Distance,OP3_WIDTH_3,D1,3.080,3.000,0.080,-0.150,0.150,,OP3_PT3_OW_GAGE - OP3_PT3_IW_GAGE / OP3_CS
Distance,OP3_DEPTH_3,D1,4.992,5.000,-0.008,-0.250,0.250,,OP3_PT3_DEPTH - PL_FIXTURE / OP3_CS
Distance,OP4_WIDTH_3,D1,2.994,3.000,-0.006,-0.150,0.150,,OP4_PT3_OW_GAGE - OP4_PT3_IW_GAGE / OP4_CS
Distance,OP4_DEPTH_3,D1,5.040,5.000,0.040,-0.250,0.250,,OP4_PT3_DEPTH - PL_FIXTURE / OP4_CS
Circle,CIR_10,DIAM,3.348,3.300,0.048,-0.100,0.100,,Criterion : Least Square (From 6 Pts On PL_PLAST_10) 
Circle,CIR_10,X,41.518,40.800,0.718,,,,
Circle,CIR_10,Y,86.389,86.100,0.289,,,,
Circle,CIR_10,Z,111.803,112.100,-0.297,,,,
Circle,CIR_11,DIAM,3.340,3.300,0.040,-0.100,0.100,,Criterion : Least Square (From 6 Pts On PL_PLAST_11) 
Circle,CIR_11,X,26.485,25.800,0.685,,,,
Circle,CIR_11,Y,27.010,26.700,0.310,,,,
Circle,CIR_11,Z,33.131,33.900,-0.769,,,,
Profile of Line,PROFILE_OP_1,PRFL,1.127,0.000,1.127,0.000,1.500,,SECT_OP1
Profile of Line,PROFILE_OP_2,PRFL,0.698,0.000,0.698,0.000,1.500,,SECT_OP2
Profile of Line,PROFILE_OP_3,PRFL,0.788,0.000,0.788,0.000,1.500,,SECT_OP3
Profile of Line,PROFILE_OP_4,PRFL,1.353,0.000,1.353,0.000,1.500,,SECT_OP4
Pos. Tol.,POS_10,PTOL,1.657,0.000,1.657,0.000,3.343,,CIR_10/NOMINAL - CS_ABC - C-Zone - XYZ - Nominal
Pos. Tol.,POS_11,PTOL,2.151,0.000,2.151,0.000,3.335,,CIR_11/NOMINAL - CS_ABC - C-Zone - XYZ - Nominal
Profile of Line,PROFILE_D,PRFL,2.122,0.000,2.122,0.000,3.000,,SECT_D
Pos. Tol.,POS_12,PTOL,0.771,0.000,0.771,0.000,2.195,,ALIGN_CIR_12/NOMINAL - CS_ABC_ROT_45 - C-Zone - XZ - Nominal
Pos. Tol.,POS_13,PTOL,0.663,0.000,0.663,0.000,2.195,,ALIGN_CIR_13/NOMINAL - CS_ABC_ROT_45 - C-Zone - XZ - Nominal
Pos. Tol.,POS_14,PTOL,0.234,0.000,0.234,0.000,2.195,,ALIGN_CIR_14/NOMINAL - CS_ABC_ROT_45 - C-Zone - XZ - Nominal
Pos. Tol.,POS_15,PTOL,0.419,0.000,0.419,0.000,2.195,,ALIGN_CIR_15/NOMINAL - CS_ABC_ROT_45 - C-Zone - XZ - Nominal
Pos. Tol.,POS_16,PTOL,1.028,0.000,1.028,0.000,2.195,,ALIGN_CIR_16/NOMINAL - CS_ABC_ROT_45 - C-Zone - XZ - Nominal
Pos. Tol.,POS_17,PTOL,1.475,0.000,1.475,0.000,2.195,,ALIGN_CIR_17/NOMINAL - CS_ABC_ROT_45 - C-Zone - XZ - Nominal
Pos. Tol.,POS_18,PTOL,1.450,0.000,1.450,0.000,2.195,,ALIGN_CIR_18/NOMINAL - CS_ABC_ROT_45 - C-Zone - XZ - Nominal
Pos. Tol.,POS_2D_12,PTOL,0.565,0.000,0.565,0.000,1.200,,2D_CIR_12/NOMINAL - CS_D_BF - C-Zone - XY - Nominal
Pos. Tol.,POS_2D_13,PTOL,0.413,0.000,0.413,0.000,1.200,,2D_CIR_13/NOMINAL - CS_D_BF - C-Zone - XY - Nominal
Pos. Tol.,POS_2D_14,PTOL,0.555,0.000,0.555,0.000,1.200,,2D_CIR_14/NOMINAL - CS_D_BF - C-Zone - XY - Nominal
Pos. Tol.,POS_2D_15,PTOL,0.452,0.000,0.452,0.000,1.200,,2D_CIR_15/NOMINAL - CS_D_BF - C-Zone - XY - Nominal
Pos. Tol.,POS_2D_16,PTOL,0.778,0.000,0.778,0.000,1.200,,2D_CIR_16/NOMINAL - CS_D_BF - C-Zone - XY - Nominal
Pos. Tol.,POS_2D_17,PTOL,0.788,0.000,0.788,0.000,1.200,,2D_CIR_17/NOMINAL - CS_D_BF - C-Zone - XY - Nominal
Pos. Tol.,POS_2D_18,PTOL,0.628,0.000,0.628,0.000,1.200,,2D_CIR_18/NOMINAL - CS_D_BF - C-Zone - XY - Nominal
Circle,2D_CIR_12,X,0.238,0.000,0.238,,,,
Circle,2D_CIR_12,Y,0.153,0.000,0.153,,,,
Circle,2D_CIR_13,X,-1.796,-2.000,0.204,,,,
Circle,2D_CIR_13,Y,-69.967,-70.000,0.033,,,,
Circle,2D_CIR_14,X,127.830,127.800,0.030,,,,
Circle,2D_CIR_14,Y,-69.924,-70.200,0.276,,,,
Circle,2D_CIR_15,X,257.437,257.600,-0.163,,,,
Circle,2D_CIR_15,Y,-70.043,-70.200,0.157,,,,
Circle,2D_CIR_16,X,257.213,257.600,-0.387,,,,
Circle,2D_CIR_16,Y,0.042,0.000,0.042,,,,
Circle,2D_CIR_17,X,190.625,190.700,-0.075,,,,
Circle,2D_CIR_17,Y,-0.387,0.000,-0.387,,,,
Circle,2D_CIR_18,X,65.053,64.900,0.153,,,,
Circle,2D_CIR_18,Y,-0.274,0.000,-0.274,,,,
Circle,ALIGN_CIR_12,X,55.166,55.000,0.166,,,,
Circle,ALIGN_CIR_12,Y,-130.181,-130.147,-0.034,,,,
Circle,ALIGN_CIR_12,Z,366.252,366.600,-0.348,,,,
Circle,ALIGN_CIR_13,X,53.194,53.000,0.194,,,,
Circle,ALIGN_CIR_13,Y,-129.975,-130.147,0.171,,,,
Circle,ALIGN_CIR_13,Z,296.131,296.400,-0.269,,,,
Circle,ALIGN_CIR_14,X,182.820,182.800,0.020,,,,
Circle,ALIGN_CIR_14,Y,-130.627,-130.147,-0.481,,,,
Circle,ALIGN_CIR_14,Z,296.285,296.400,-0.115,,,,
Circle,ALIGN_CIR_15,X,312.427,312.600,-0.173,,,,
Circle,ALIGN_CIR_15,Y,-129.982,-130.147,0.165,,,,
Circle,ALIGN_CIR_15,Z,296.282,296.400,-0.118,,,,
Circle,ALIGN_CIR_16,X,312.142,312.600,-0.458,,,,
Circle,ALIGN_CIR_16,Y,-130.174,-130.147,-0.027,,,,
Circle,ALIGN_CIR_16,Z,366.367,366.600,-0.233,,,,
Circle,ALIGN_CIR_17,X,245.554,245.700,-0.146,,,,
Circle,ALIGN_CIR_17,Y,-130.886,-130.147,-0.740,,,,
Circle,ALIGN_CIR_17,Z,365.877,366.600,-0.723,,,,
Circle,ALIGN_CIR_18,X,119.982,119.900,0.082,,,,
Circle,ALIGN_CIR_18,Y,-130.795,-130.147,-0.649,,,,
Circle,ALIGN_CIR_18,Z,365.880,366.600,-0.720,,,,
Distance,FLANGE_WIDTH_1,D1,3.971,4.000,-0.029,-0.150,0.150,,SRF_FL_IW_GAGE_1 - SRF_FL_OW_GAGE_1 / CS_ABC
Distance,FLANGE_DEPTH_LOCAL_1,Z,-6.000,-6.000,0.000,-0.250,0.250,,2D_SRF_FL_DP_1 - 2D_SRF_TOP_FL_OW_1 / CS_D_BF
Profile of Line,PROFILE_IN_FLANGE_D,PRFL,0.657,0.000,0.657,0.000,1.000,,SECT_IN_FLANGE_D
Circle,CIR_19,DIAM,13.427,13.400,0.027,-0.100,0.100,,Proj. CIR_19 / PL_PLAST_19.
Circle,CIR_19,X,96.041,95.800,0.241,,,,
Circle,CIR_19,Y,50.157,50.000,0.157,,,,
Circle,CIR_19,Z,28.786,29.100,-0.314,,,,
Pos. Tol.,POS_19,PTOL,0.791,0.000,0.791,0.000,3.000,,CIR_19/NOMINAL - CS_ABC - C-Zone - XZ - Nominal
Circle,CIR_7,DIAM,6.836,6.700,0.136,-0.200,0.200,,Criterion : Least Square (From 6 Pts On PL_PLAST_7) 
Circle,CIR_7,X,337.161,337.900,-0.739,,,,
Circle,CIR_7,Y,140.268,140.700,-0.432,,,,
Circle,CIR_7,Z,167.676,167.700,-0.024,,,,
Pos. Tol.,POS_7,PTOL,1.479,0.000,1.479,0.000,3.531,,CIR_7/NOMINAL - CS_ABC - C-Zone - XZ - Nominal
