Feat. Type,Feat. Name,Value,Actual,Nominal,Dev.,Tol-,Tol+,Out of Tol.,Comment
Text/Value,VAR_PROGRAM,VAL,,,,,,,'N:\Metrolog XG\Programmes\Ford Nano 2.7L\Ford Nano 2.7L Free State (Module 51).gm2'
Text/Value,VAR_EVENEMENT,VAL,,,,,,,'Demarrage'
Text/Value,VAR_COMMENTAIRES,VAL,,,,,,,'310A'
Circle,CIR_FLANGE_1,X,-86.893,-86.800,-0.093,,,,Criterion : Least Square (From 12 Pts On PL_FLANGE_1) 
Circle,CIR_FLANGE_1,Z,44.466,44.500,-0.034,,,,
Circle,CIR_FLANGE_2,X,-102.528,-102.800,0.272,,,,Criterion : Least Square (From 12 Pts On PL_FLANGE_2) 
Circle,CIR_FLANGE_2,Z,-49.333,-49.500,0.167,,,,
Circle,CIR_FLANGE_3,X,-102.645,-102.800,0.155,,,,Criterion : Least Square (From 12 Pts On PL_FLANGE_3) 
Circle,CIR_FLANGE_3,Z,-144.641,-144.500,-0.141,,,,
Circle,CIR_FLANGE_4,X,-102.785,-102.800,0.015,,,,Criterion : Least Square (From 12 Pts On PL_FLANGE_4) 
Circle,CIR_FLANGE_4,Z,-240.761,-240.500,-0.261,,,,
Circle,CIR_FLANGE_5,X,9.234,9.200,0.034,,,,Criterion : Least Square (From 12 Pts On PL_FLANGE_5) 
Circle,CIR_FLANGE_5,Z,6.086,6.000,0.086,,,,
Circle,CIR_FLANGE_6,X,9.095,9.200,-0.105,,,,Criterion : Least Square (From 12 Pts On PL_FLANGE_6) 
Circle,CIR_FLANGE_6,Z,-84.692,-84.500,-0.192,,,,
Circle,CIR_FLANGE_7,X,8.711,9.200,-0.489,,,,Criterion : Least Square (From 12 Pts On PL_FLANGE_7) 
Circle,CIR_FLANGE_7,Z,-179.775,-179.500,-0.275,,,,
Circle,CIR_FLANGE_8,X,9.301,9.200,0.101,,,,Criterion : Least Square (From 12 Pts On PL_FLANGE_8) 
Circle,CIR_FLANGE_8,Z,-274.892,-274.500,-0.392,,,,
Distance,BOSS_HEIGHT_1,D1,25.886,25.900,-0.014,-0.200,0.100,,CIR_TOP_PRJ_1 - CIR_FLANGE_1 / CS_BF_MNTG_POINTS
Distance,BOSS_HEIGHT_2,D1,25.806,25.900,-0.094,-0.200,0.100,,CIR_TOP_PRJ_2 - CIR_FLANGE_2 / CS_BF_MNTG_POINTS
Distance,BOSS_HEIGHT_3,D1,25.788,25.900,-0.112,-0.200,0.100,,CIR_TOP_PRJ_3 - CIR_FLANGE_3 / CS_BF_MNTG_POINTS
Distance,BOSS_HEIGHT_4,D1,25.850,25.900,-0.050,-0.200,0.100,,CIR_TOP_PRJ_4 - CIR_FLANGE_4 / CS_BF_MNTG_POINTS
Distance,BOSS_HEIGHT_5,D1,25.841,25.900,-0.059,-0.200,0.100,,CIR_TOP_PRJ_5 - CIR_FLANGE_5 / CS_BF_MNTG_POINTS
Distance,BOSS_HEIGHT_6,D1,25.736,25.900,-0.164,-0.200,0.100,,CIR_TOP_PRJ_6 - CIR_FLANGE_6 / CS_BF_MNTG_POINTS
Distance,BOSS_HEIGHT_7,D1,25.854,25.900,-0.046,-0.200,0.100,,CIR_TOP_PRJ_7 - CIR_FLANGE_7 / CS_BF_MNTG_POINTS
Distance,BOSS_HEIGHT_8,D1,25.863,25.900,-0.037,-0.200,0.100,,CIR_TOP_PRJ_8 - CIR_FLANGE_8 / CS_BF_MNTG_POINTS
Pos. Tol.,POS_1,PTOL,0.197,0.000,0.197,0.000,1.500,,CIR_FLANGE_1/NOMINAL - CS_ABC - C-Zone - XZ - Nominal
Pos. Tol.,POS_2,PTOL,0.639,0.000,0.639,0.000,1.500,,CIR_FLANGE_2/NOMINAL - CS_ABC - C-Zone - XZ - Nominal
Pos. Tol.,POS_3,PTOL,0.419,0.000,0.419,0.000,1.500,,CIR_FLANGE_3/NOMINAL - CS_ABC - C-Zone - XZ - Nominal
Pos. Tol.,POS_4,PTOL,0.522,0.000,0.522,0.000,1.500,,CIR_FLANGE_4/NOMINAL - CS_ABC - C-Zone - XZ - Nominal
Pos. Tol.,POS_5,PTOL,0.184,0.000,0.184,0.000,1.500,,CIR_FLANGE_5/NOMINAL - CS_ABC - C-Zone - XZ - Nominal
Pos. Tol.,POS_6,PTOL,0.436,0.000,0.436,0.000,1.500,,CIR_FLANGE_6/NOMINAL - CS_ABC - C-Zone - XZ - Nominal
Pos. Tol.,POS_7,PTOL,1.121,0.000,1.121,0.000,1.500,,CIR_FLANGE_7/NOMINAL - CS_ABC - C-Zone - XZ - Nominal
Pos. Tol.,POS_8,PTOL,0.810,0.000,0.810,0.000,1.500,,CIR_FLANGE_8/NOMINAL - CS_ABC - C-Zone - XZ - Nominal
