Feat. Type,Feat. Name,Value,Actual,Nominal,Dev.,Tol-,Tol+,Out of Tol.,Comment
Text/Value,VAR_PROGRAM,VAL,,,,,,,'N:\Metrolog XG\Programmes\GM HF FWD GEN II 31xx\GM HF FWD Gen II High Hood 31xx Complete (Module 64).gm2'
Text/Value,VAR_EVENEMENT,VAL,,,,,,,'FIP-05776 Nid # 1'
Text/Value,VAR_COMMENTAIRES,VAL,,,,,,,'297 C'
Distance,WIDTH_C,D1,9.029,9.000,0.029,-0.150,0.150,,SRF_C_TOP - SRF_C_DOWN / CS_ABC_SURFACES_C
Circle,2D_CIR_INS_11,X,41.947,42.000,-0.053,,,,
Circle,2D_CIR_INS_11,Y,33.902,34.000,-0.098,,,,
Circle,2D_CIR_INS_12,X,41.856,42.000,-0.144,,,,
Circle,2D_CIR_INS_12,Y,-28.995,-29.000,0.005,,,,
Circle,2D_CIR_INS_13,X,-41.733,-42.000,0.267,,,,
Circle,2D_CIR_INS_13,Y,-28.917,-29.000,0.083,,,,
Circle,2D_CIR_INS_14,X,-42.071,-42.000,-0.071,,,,
Circle,2D_CIR_INS_14,Y,34.009,34.000,0.009,,,,
Pos. Tol.,POS_2D_11,PTOL,0.222,0.000,0.222,0.000,0.500,,2D_CIR_INS_11/NOMINAL - CS_D_BF - C-Zone - XY - Nominal
Pos. Tol.,POS_2D_12,PTOL,0.288,0.000,0.288,0.000,0.800,,2D_CIR_INS_12/NOMINAL - CS_D_BF - C-Zone - XY - Nominal
Pos. Tol.,POS_2D_13,PTOL,0.560,0.000,0.560,0.000,0.500,0.060,2D_CIR_INS_13/NOMINAL - CS_D_BF - C-Zone - XY - Nominal
Pos. Tol.,POS_2D_14,PTOL,0.143,0.000,0.143,0.000,0.500,,2D_CIR_INS_14/NOMINAL - CS_D_BF - C-Zone - XY - Nominal
Paral.,PERP_11,PARA,0.228,0.000,0.228,0.000,0.400,,PL_INS_11/PL_PLAST_INS_11 - P-Zone - Cloud of Points 
Paral.,PERP_12,PARA,0.333,0.000,0.333,0.000,0.400,,PL_INS_12/PL_PLAST_INS_12 - P-Zone - Cloud of Points 
Paral.,PERP_13,PARA,0.082,0.000,0.082,0.000,0.400,,PL_INS_13/PL_PLAST_INS_13 - P-Zone - Cloud of Points 
Paral.,PERP_14,PARA,0.030,0.000,0.030,0.000,0.250,,PL_INS_14/PL_PLAST_INS_14 - P-Zone - Cloud of Points 
Distance,H_11,Z,0.105,-0.000,0.106,0.000,0.400,,CIR_INS_11 - PL_PLAST_INS_11 / CS_D_BF
Distance,H_12,Z,0.114,-0.000,0.114,0.000,0.400,,CIR_INS_12 - PL_PLAST_INS_12 / CS_D_BF
Distance,H_13,Z,0.104,-0.000,0.104,0.000,0.400,,CIR_INS_13 - PL_PLAST_INS_13 / CS_D_BF
Distance,H_14,Z,0.126,-0.000,0.126,0.000,0.400,,CIR_INS_14 - PL_PLAST_INS_14 / CS_D_BF
Distance,H_19,Y,0.081,0.000,0.081,0.000,0.400,,CIR_19 - PL_PLAST_19 / CS_ABC_BF_SURFACES
Distance,H_20,Y,0.130,0.000,0.130,0.000,0.400,,CIR_20 - PL_PLAST_20 / CS_ABC_BF_SURFACES
Circle,CIR_29,DIAM,12.185,12.170,0.015,-0.080,0.080,,Criterion : Least Square (From 16 Pts On PL_DATUM_H) 
Circle,2D_CIR_30,X,-23.395,-23.500,0.105,,,,
Circle,2D_CIR_30,Z,0.000,0.000,0.000,,,,
Pos. Tol.,POS_2D_30,PTOL,0.211,0.000,0.211,0.000,0.500,,2D_CIR_30/NOMINAL - CS_HJ - C-Zone - XZ - Nominal
Distance,H_30,Y,0.172,0.000,0.172,0.000,0.400,,2D_CIR_30 - PL_PLAST_30 / CS_HJ
Circle,2D_CIR_33,X,-71.076,-71.000,-0.076,,,,
Circle,2D_CIR_33,Z,0.000,0.000,0.000,,,,
Pos. Tol.,POS_2D_33,PTOL,0.152,0.000,0.152,0.000,0.500,,2D_CIR_33/NOMINAL - CS_K_BF - C-Zone - XZ - Nominal
Distance,H_32,Y,0.209,0.150,0.060,-0.150,0.150,,CIR_32 - PL_PLAST_32 / CS_K
Distance,H_33,Y,0.090,0.150,-0.060,-0.150,0.150,,CIR_33 - PL_PLAST_33 / CS_K
