Feat. Type,Feat. Name,Value,Actual,Nominal,Dev.,Tol-,Tol+,Out of Tol.,Comment
Text/Value,VAR_PROGRAM,VAL,,,,,,,'N:\Metrolog XG\Programmes\TBA 3V\TBA 3V Complete (Module 51).gm2'
Text/Value,VAR_EVENEMENT,VAL,,,,,,,'Test_Hebdo'
Text/Value,VAR_COMMENTAIRES,VAL,,,,,,,'303A'
Circle,B,DIAM,6.074,6.000,0.074,,,,Criterion : Least Square (From 6 Pts On A) 
Circle,B,X,-0.000,-0.000,0.000,,,,
Circle,B,Y,0.000,0.000,0.000,,,,
Pos. Tol.,POS_B,PTOL,0.000,0.000,0.000,0.000,0.250,,B/NOMINAL - ABC - C-Zone - XY - Nominal
Slot,C,X,66.496,66.503,-0.007,,,,Criterion : Least Square (From 6 Pts On A) 
Slot,C,Y,0.000,0.000,0.000,,,,
Pos. Tol.,POS_C,PTOL,0.013,0.000,0.013,0.000,0.500,,C/NOMINAL - ABC - C-Zone - XY - Nominal
Circle,CIR_7,X,-56.487,-57.025,0.537,,,,Criterion : Least Square (From 8 Pts On PLAST_7) 
Circle,CIR_7,Y,-171.805,-171.830,0.026,,,,
Pos. Tol.,POS_7,PTOL,1.076,0.000,1.076,0.000,0.800,0.276,CIR_7/NOMINAL - ABC - C-Zone - XY - Nominal
Circle,CIR_8,X,120.008,119.467,0.541,,,,Criterion : Least Square (From 8 Pts On PLAST_8) 
Circle,CIR_8,Y,-172.188,-172.392,0.203,,,,
Pos. Tol.,POS_8,PTOL,1.156,0.000,1.156,0.000,0.800,0.356,CIR_8/NOMINAL - ABC - C-Zone - XY - Nominal
Circle,CIR_INS_9,X,105.023,104.251,0.772,,,,Criterion : Least Square (From 6 Pts On PL_INS_9) 
Circle,CIR_INS_9,Y,-204.982,-204.950,-0.032,,,,
Circle,CIR_INS_9,Z,132.022,131.530,0.492,,,,
Pos. Tol.,POS_9,PTOL,1.832,0.000,1.832,0.000,2.000,,CIR_INS_9/NOMINAL - ABC - C-Zone - XYZ - Nominal
Circle,CIR_INS_10,X,105.242,104.251,0.991,,,,Criterion : Least Square (From 6 Pts On PL_INS_10) 
Circle,CIR_INS_10,Y,-213.758,-213.481,-0.277,,,,
Circle,CIR_INS_10,Z,62.303,62.051,0.252,,,,
Pos. Tol.,POS_10,PTOL,2.119,0.000,2.119,0.000,2.000,0.119,CIR_INS_10/NOMINAL - ABC - C-Zone - XYZ - Nominal
Circle,CIR_INS_11,X,-35.160,-35.749,0.590,,,,Criterion : Least Square (From 6 Pts On PL_INS_11) 
Circle,CIR_INS_11,Y,-213.765,-213.481,-0.284,,,,
Circle,CIR_INS_11,Z,62.310,62.051,0.258,,,,
Pos. Tol.,POS_11,PTOL,1.407,0.000,1.407,0.000,2.000,,CIR_INS_11/NOMINAL - ABC - C-Zone - XYZ - Nominal
Circle,CIR_INS_12,X,-34.990,-35.749,0.759,,,,Criterion : Least Square (From 6 Pts On PL_INS_12) 
Circle,CIR_INS_12,Y,-205.251,-204.950,-0.301,,,,
Circle,CIR_INS_12,Z,131.972,131.530,0.442,,,,
Pos. Tol.,POS_12,PTOL,1.858,0.000,1.858,0.000,2.000,,CIR_INS_12/NOMINAL - ABC - C-Zone - XYZ - Nominal
Flatness,FLATNESS_D,FLTN,0.292,0.000,0.292,0.000,0.500,,PL_D
Circle,2D_CIR_INS_9,X,0.004,0.000,0.004,,,,
Circle,2D_CIR_INS_9,Z,0.133,0.000,0.133,,,,
Pos. Tol.,POS_2D_9,PTOL,0.267,0.000,0.267,0.000,0.500,,2D_CIR_INS_9/NOMINAL - CS_DE_BF - C-Zone - XZ - Nominal
Circle,2D_CIR_INS_10,X,0.203,0.000,0.203,,,,
Circle,2D_CIR_INS_10,Z,-70.136,-70.000,-0.136,,,,
Pos. Tol.,POS_2D_10,PTOL,0.488,0.000,0.488,0.000,0.500,,2D_CIR_INS_10/NOMINAL - CS_DE_BF - C-Zone - XZ - Nominal
Circle,2D_CIR_INS_11,X,-140.199,-140.000,-0.199,,,,
Circle,2D_CIR_INS_11,Z,-70.089,-70.000,-0.089,,,,
Pos. Tol.,POS_2D_11,PTOL,0.435,0.000,0.435,0.000,0.500,,2D_CIR_INS_11/NOMINAL - CS_DE_BF - C-Zone - XZ - Nominal
Circle,2D_CIR_INS_12,X,-140.009,-140.000,-0.009,,,,
Circle,2D_CIR_INS_12,Z,0.091,0.000,0.091,,,,
Pos. Tol.,POS_2D_12,PTOL,0.183,0.000,0.183,0.000,0.500,,2D_CIR_INS_12/NOMINAL - CS_DE_BF - C-Zone - XZ - Nominal
Distance,H_9,Y,0.072,0.000,0.072,0.000,0.500,,CIR_INS_9 - PL_PLAST_9 / CS_DE_ROT_180
Distance,H_10,Y,0.056,0.000,0.056,0.000,0.500,,CIR_INS_10 - PL_PLASY_10 / CS_DE_ROT_180
Distance,H_11,Y,-0.018,0.000,-0.018,0.000,0.500,-0.018,CIR_INS_11 - PL_PLAST_11 / CS_DE_ROT_180
Distance,H_12,Y,0.013,0.000,0.013,0.000,0.500,,CIR_INS_12 - PL_PLAST_12 / CS_DE_ROT_180
Circle,CIR_PCV,DIAM,31.833,31.800,0.033,-0.050,0.050,,Criterion : Least Square (From 12 Pts On TEMP_PL_21_22) 
Circle,CIR_PCV,Y,-45.384,-45.411,0.027,,,,
Circle,CIR_PCV,Z,21.586,21.152,0.434,,,,
Pos. Tol.,POS_13,PTOL,0.869,0.000,0.869,0.000,2.000,,CIR_PCV/NOMINAL - ABC - C-Zone - YZ - Nominal
Circle,CIR_14,DIAM,9.913,9.890,0.023,-0.060,0.060,,Inters. PL_14 - CYL_14.
Circle,CIR_14,Y,-139.060,-138.400,-0.660,,,,
Circle,CIR_14,Z,104.646,104.000,0.646,,,,
Pos. Tol.,POS_14,PTOL,1.847,0.000,1.847,0.000,2.000,,CIR_14/NOMINAL - ABC - C-Zone - YZ - Nominal
Distance,PROF_14,X,-88.526,-88.600,0.074,-1.000,1.000,,CIR_14 - ORIGIN / ABC
Circle,CIR_15,DIAM,12.804,12.800,0.004,-0.200,0.200,,Inters. PL_15 - CYL_15.
Circle,CIR_15,Y,-122.851,-122.900,0.049,,,,
Circle,CIR_15,Z,98.601,98.400,0.201,,,,
Pos. Tol.,POS_15,PTOL,0.413,0.000,0.413,0.000,2.000,,CIR_15/NOMINAL - ABC - C-Zone - YZ - Nominal
Distance,PROF_15,X,144.063,143.700,0.363,-1.000,1.000,,CIR_15 - ORIGIN / ABC
Circle,CIR_16,DIAM,9.446,9.500,-0.054,-0.100,0.100,,Inters. PL_16 - CYL_16.
Circle,CIR_16,X,137.932,137.900,0.032,,,,
Circle,CIR_16,Y,-23.134,-23.600,0.466,,,,
Circle,CIR_16,Z,51.257,51.000,0.257,,,,
Pos. Tol.,POS_16,PTOL,1.067,0.000,1.067,0.000,2.000,,CIR_16/NOMINAL - ABC - C-Zone - XYZ - Nominal
Circle,CIR_INS_17,Y,-20.763,-20.249,-0.514,,,,Criterion : Least Square (From 4 Pts On PL_INS_17) 
Circle,CIR_INS_17,Z,11.538,11.171,0.366,,,,
Circle,CIR_INS_17,F.F.,0.032,,0.032,,,,
Pos. Tol.,POS_17,PTOL,1.263,0.000,1.263,0.000,2.000,,CIR_INS_17/NOMINAL - CS_AG - C-Zone - YZ - Nominal
Circle,CIR_INS_18,Y,-99.408,-99.600,0.192,,,,Criterion : Least Square (From 6 Pts On PL_INS_18) 
Circle,CIR_INS_18,Z,69.519,69.000,0.519,,,,
Circle,CIR_INS_18,F.F.,0.060,,0.060,,,,
Pos. Tol.,POS_18,PTOL,1.107,0.000,1.107,0.000,2.000,,CIR_INS_18/NOMINAL - CS_AG - C-Zone - YZ - Nominal
Circle,CIR_INS_19,Y,-27.209,-27.200,-0.009,,,,Criterion : Least Square (From 6 Pts On PL_INS_19) 
Circle,CIR_INS_19,Z,90.320,90.000,0.320,,,,
Circle,CIR_INS_19,F.F.,0.050,,0.050,,,,
Pos. Tol.,POS_19,PTOL,0.641,0.000,0.641,0.000,2.000,,CIR_INS_19/NOMINAL - CS_AG - C-Zone - YZ - Nominal
Circle,2D_CIR_INS_17,Y,-0.148,0.000,-0.148,,,,
Circle,2D_CIR_INS_17,Z,-0.709,0.000,-0.709,,,,
Pos. Tol.,POS_2D_17,PTOL,1.449,0.000,1.449,0.000,1.000,0.449,2D_CIR_INS_17/NOMINAL - CS_G - C-Zone - YZ - Nominal
Circle,2D_CIR_INS_18,Y,-79.018,-79.000,-0.018,,,,
Circle,2D_CIR_INS_18,Z,56.970,57.200,-0.230,,,,
Pos. Tol.,POS_2D_18,PTOL,0.461,0.000,0.461,0.000,1.000,,2D_CIR_INS_18/NOMINAL - CS_G - C-Zone - YZ - Nominal
Circle,2D_CIR_INS_19,Y,-6.434,-6.600,0.166,,,,
Circle,2D_CIR_INS_19,Z,79.139,78.200,0.939,,,,
Pos. Tol.,POS_2D_19,PTOL,1.907,0.000,1.907,0.000,1.000,0.907,2D_CIR_INS_19/NOMINAL - CS_G - C-Zone - YZ - Nominal
Distance,H_17,X,-0.022,0.000,-0.022,0.000,0.500,-0.022,CIR_INS_17 - PLAST_17 / CS_AG_ROT_180
Distance,H_18,X,0.012,0.000,0.012,0.000,0.500,,CIR_INS_18 - PL_PLAST_18 / CS_AG_ROT_180
Distance,H_19,X,0.179,0.000,0.179,0.000,0.500,,CIR_INS_19 - PL_PLAST_19 / CS_AG_ROT_180
Circle,CIR_20,Y,-65.807,-65.700,-0.107,,,,
Circle,CIR_20,Z,34.922,35.100,-0.178,,,,
Pos. Tol.,POS_20,PTOL,0.415,0.000,0.415,0.000,3.000,,CIR_20/NOMINAL - ABC - C-Zone - YZ - Nominal
Circle,CIR_21,Y,-25.047,-25.200,0.153,,,,Criterion : Least Square (From 6 Pts On TEMP_PL_21_22) 
Circle,CIR_21,Z,8.127,8.500,-0.373,,,,
Pos. Tol.,POS_21,PTOL,0.805,0.000,0.805,0.000,3.000,,CIR_21/NOMINAL - ABC - C-Zone - YZ - Nominal
Circle,2D_CIR_21,Y,24.387,24.270,0.117,,,,
Circle,2D_CIR_21,Z,-0.075,0.000,-0.075,,,,
Pos. Tol.,POS_2D_20,PTOL,0.430,0.000,0.430,0.149,0.649,,2D_CIR_20(M)/NOMINAL(M) - CS_JH - C-Zone - YZ - Nominal
Circle,2D_CIR_20,Y,-24.392,-24.190,-0.202,,,,
Circle,2D_CIR_20,Z,-0.075,0.000,-0.075,,,,
Pos. Tol.,POS_2D_21,PTOL,0.277,0.000,0.277,0.083,0.583,,2D_CIR_21(M)/NOMINAL(M) - CS_JH - C-Zone - YZ - Nominal
