Feat. Type,Feat. Name,Value,Actual,Nominal,Dev.,Tol-,Tol+,Out of Tol.,Comment
Text/Value,VAR_PROGRAM,VAL,,,,,,,'N:\Metrolog XG\Programmes\Ford Nano 2.7L\Ford Nano 2.7L Free State (Module 51).gm2'
Text/Value,VAR_EVENEMENT,VAL,,,,,,,'smed'
Text/Value,VAR_COMMENTAIRES,VAL,,,,,,,'PART NO.1'
Circle,CIR_FLANGE_1,X,-86.675,-86.800,0.125,,,,Criterion : Least Square (From 12 Pts On PL_FLANGE_1) 
Circle,CIR_FLANGE_1,Z,44.400,44.500,-0.100,,,,
Circle,CIR_FLANGE_2,X,-102.377,-102.800,0.423,,,,Criterion : Least Square (From 12 Pts On PL_FLANGE_2) 
Circle,CIR_FLANGE_2,Z,-49.370,-49.500,0.130,,,,
Circle,CIR_FLANGE_3,X,-102.571,-102.800,0.229,,,,Criterion : Least Square (From 12 Pts On PL_FLANGE_3) 
Circle,CIR_FLANGE_3,Z,-144.656,-144.500,-0.156,,,,
Circle,CIR_FLANGE_4,X,-102.746,-102.800,0.054,,,,Criterion : Least Square (From 12 Pts On PL_FLANGE_4) 
Circle,CIR_FLANGE_4,Z,-240.778,-240.500,-0.278,,,,
Circle,CIR_FLANGE_5,X,9.222,9.200,0.022,,,,Criterion : Least Square (From 12 Pts On PL_FLANGE_5) 
Circle,CIR_FLANGE_5,Z,6.075,6.000,0.075,,,,
Circle,CIR_FLANGE_6,X,9.084,9.200,-0.116,,,,Criterion : Least Square (From 12 Pts On PL_FLANGE_6) 
Circle,CIR_FLANGE_6,Z,-84.684,-84.500,-0.184,,,,
Circle,CIR_FLANGE_7,X,8.708,9.200,-0.492,,,,Criterion : Least Square (From 12 Pts On PL_FLANGE_7) 
Circle,CIR_FLANGE_7,Z,-179.759,-179.500,-0.259,,,,
Circle,CIR_FLANGE_8,X,9.295,9.200,0.095,,,,Criterion : Least Square (From 12 Pts On PL_FLANGE_8) 
Circle,CIR_FLANGE_8,Z,-274.882,-274.500,-0.382,,,,
Distance,BOSS_HEIGHT_1,D1,25.870,25.900,-0.030,-0.200,0.100,,CIR_TOP_PRJ_1 - CIR_FLANGE_1 / CS_BF_MNTG_POINTS
Distance,BOSS_HEIGHT_2,D1,25.794,25.900,-0.106,-0.200,0.100,,CIR_TOP_PRJ_2 - CIR_FLANGE_2 / CS_BF_MNTG_POINTS
Distance,BOSS_HEIGHT_3,D1,25.781,25.900,-0.119,-0.200,0.100,,CIR_TOP_PRJ_3 - CIR_FLANGE_3 / CS_BF_MNTG_POINTS
Distance,BOSS_HEIGHT_4,D1,25.859,25.900,-0.041,-0.200,0.100,,CIR_TOP_PRJ_4 - CIR_FLANGE_4 / CS_BF_MNTG_POINTS
Distance,BOSS_HEIGHT_5,D1,25.771,25.900,-0.129,-0.200,0.100,,CIR_TOP_PRJ_5 - CIR_FLANGE_5 / CS_BF_MNTG_POINTS
Distance,BOSS_HEIGHT_6,D1,25.683,25.900,-0.217,-0.200,0.100,-0.017,CIR_TOP_PRJ_6 - CIR_FLANGE_6 / CS_BF_MNTG_POINTS
Distance,BOSS_HEIGHT_7,D1,25.808,25.900,-0.092,-0.200,0.100,,CIR_TOP_PRJ_7 - CIR_FLANGE_7 / CS_BF_MNTG_POINTS
Distance,BOSS_HEIGHT_8,D1,25.809,25.900,-0.091,-0.200,0.100,,CIR_TOP_PRJ_8 - CIR_FLANGE_8 / CS_BF_MNTG_POINTS
Pos. Tol.,POS_1,PTOL,0.321,0.000,0.321,0.000,1.500,,CIR_FLANGE_1/NOMINAL - CS_ABC - C-Zone - XZ - Nominal
Pos. Tol.,POS_2,PTOL,0.885,0.000,0.885,0.000,1.500,,CIR_FLANGE_2/NOMINAL - CS_ABC - C-Zone - XZ - Nominal
Pos. Tol.,POS_3,PTOL,0.554,0.000,0.554,0.000,1.500,,CIR_FLANGE_3/NOMINAL - CS_ABC - C-Zone - XZ - Nominal
Pos. Tol.,POS_4,PTOL,0.567,0.000,0.567,0.000,1.500,,CIR_FLANGE_4/NOMINAL - CS_ABC - C-Zone - XZ - Nominal
Pos. Tol.,POS_5,PTOL,0.156,0.000,0.156,0.000,1.500,,CIR_FLANGE_5/NOMINAL - CS_ABC - C-Zone - XZ - Nominal
Pos. Tol.,POS_6,PTOL,0.435,0.000,0.435,0.000,1.500,,CIR_FLANGE_6/NOMINAL - CS_ABC - C-Zone - XZ - Nominal
Pos. Tol.,POS_7,PTOL,1.112,0.000,1.112,0.000,1.500,,CIR_FLANGE_7/NOMINAL - CS_ABC - C-Zone - XZ - Nominal
Pos. Tol.,POS_8,PTOL,0.788,0.000,0.788,0.000,1.500,,CIR_FLANGE_8/NOMINAL - CS_ABC - C-Zone - XZ - Nominal
