Feat. Type,Feat. Name,Value,Actual,Nominal,Dev.,Tol-,Tol+,Out of Tol.,Comment
Text/Value,VAR_PROGRAM,VAL,,,,,,,'N:\Metrolog XG\Programmes\D-33 RWD\D33 RWD Complete (Module 44).gm2'
Text/Value,VAR_EVENEMENT,VAL,,,,,,,'Validation special piece # 31'
Text/Value,VAR_COMMENTAIRES,VAL,,,,,,,'275 C'
Circle,CIR_DATUM_B,DIAM,7.859,7.900,-0.041,-0.100,0.100,,Criterion : Least Square (From 3 Pts On PL_FIXTURE) 
Circle,CIR_DATUM_C,DIAM,7.886,7.900,-0.014,-0.100,0.100,,Criterion : Least Square (From 3 Pts On PL_FIXTURE) 
Circle,CIR_DATUM_C,X,4.401,4.400,0.001,,,,
Circle,CIR_DATUM_C,Z,-351.748,-351.650,-0.098,,,,
Pos. Tol.,POS_C,PTOL,0.196,0.000,0.196,0.000,0.441,,CIR_DATUM_C/NOMINAL - CS_ABC - C-Zone - XZ - Nominal
Circle,CIR_8,DIAM,74.140,74.350,-0.210,-0.300,0.300,,Criterion : Least Square (From 14 Pts On PL_PLAST_TB) 
Circle,CIR_8,X,-79.882,-80.600,0.718,,,,
Circle,CIR_8,Y,91.502,92.200,-0.698,,,,
Circle,CIR_8,Z,81.808,82.900,-1.092,,,,
Pos. Tol.,POS_8,PTOL,2.592,0.000,2.592,0.090,4.231,,CIR_8(M)/NOMINAL - CS_ABC - C-Zone - YZ - Nominal
Circle,2D_CIR_16,Y,-32.440,-32.500,0.060,,,,
Circle,2D_CIR_16,Z,-40.108,-40.000,-0.108,,,,
Circle,2D_CIR_17,Y,-32.321,-32.500,0.179,,,,
Circle,2D_CIR_17,Z,39.950,40.000,-0.050,,,,
Circle,2D_CIR_18,Y,32.399,32.500,-0.101,,,,
Circle,2D_CIR_18,Z,40.044,40.000,0.044,,,,
Circle,2D_CIR_19,Y,32.372,32.500,-0.128,,,,
Circle,2D_CIR_19,Z,-40.022,-40.000,-0.022,,,,
Pos. Tol.,POS_2D_16,PTOL,0.248,0.000,0.248,0.000,0.500,,2D_CIR_16/NOMINAL - CS_DE - C-Zone - YZ - Nominal
Pos. Tol.,POS_2D_17,PTOL,0.372,0.000,0.372,0.000,0.500,,2D_CIR_17/NOMINAL - CS_DE - C-Zone - YZ - Nominal
Pos. Tol.,POS_2D_18,PTOL,0.221,0.000,0.221,0.000,0.700,,2D_CIR_18/NOMINAL - CS_DE - C-Zone - YZ - Nominal
Pos. Tol.,POS_2D_19,PTOL,0.260,0.000,0.260,0.000,0.700,,2D_CIR_19/NOMINAL - CS_DE - C-Zone - YZ - Nominal
Distance,INSERT HEIGHT 16,X,0.223,0.000,0.223,,,,CIR_16 - PL_PLAST_16 / CS_DE
Distance,INSERT HEIGHT 17,X,0.241,0.000,0.241,,,,CIR_17 - PL_PLAST_17 / CS_DE
Distance,INSERT HEIGHT 18,X,0.282,0.000,0.282,,,,CIR_18 - PL_PLAST_18 / CS_DE
Distance,INSERT HEIGHT 19,X,0.268,0.000,0.268,,,,CIR_19 - PL_PLAST_19 / CS_DE
Flatness,FLAT_D,FLTN,0.245,0.000,0.245,0.000,1.000,,PL_D
Circle,2D_CIR_20,X,-0.186,0.000,-0.186,,,,
Circle,2D_CIR_20,Z,-0.002,0.000,-0.002,,,,
Circle,2D_CIR_21,X,-0.186,0.000,-0.186,,,,
Circle,2D_CIR_21,Z,0.003,0.000,0.003,,,,
Pos. Tol.,POS_2D_20,PTOL,0.371,0.000,0.371,0.000,0.550,,2D_CIR_20/NOMINAL - CS_HJ - C-Zone - XY - Nominal
Pos. Tol.,POS_2D_21,PTOL,0.404,0.000,0.404,0.000,0.550,,2D_CIR_21/NOMINAL - CS_HJ - C-Zone - XY - Nominal
Distance,H_20,Z,0.285,0.000,0.285,0.000,0.500,,2D_CIR_20 - PL_PLAST_20 / CS_HJ
Distance,H_21,Z,0.221,0.000,0.221,0.000,0.500,,2D_CIR_21 - PL_PLAST_21 / CS_HJ
Circle,CIR_15,X,-108.118,-109.800,1.682,,,,Criterion : Least Square (From 6 Pts On PL_INS_15) 
Circle,CIR_15,Y,24.469,24.200,0.269,,,,
Distance,PROF_15,Z,131.199,130.800,0.399,-1.500,1.500,,CIR_15 - ORIGIN / CS_ABC
Pos. Tol.,POS_15,PTOL,3.407,0.000,3.407,0.000,5.000,,CIR_15/NOMINAL - CS_ABC - C-Zone - XY - Nominal
Distance,H_15,Z,0.223,0.000,0.223,0.000,0.500,,CIR_15 - PL_PLAST_15 / CS_ABC
Pos. Tol.,POS_42,PTOL,4.175,0.000,4.175,0.194,6.336,,CIR_42(M)/NOMINAL - CS_ABC - C-Zone - XYZ - Nominal
Pos. Tol.,POS_20,PTOL,3.949,0.000,3.949,0.000,6.141,,CIR_20/NOMINAL - CS_ABC - C-Zone - XYZ - Nominal
Pos. Tol.,POS_21,PTOL,3.875,0.000,3.875,0.000,6.141,,CIR_21/NOMINAL - CS_ABC - C-Zone - XYZ - Nominal
Circle,CIR_42,DIAM,36.704,36.660,0.044,-0.150,0.150,,Criterion : Least Square (From 20 Pts On PL_PLAST_42) 
Circle,CIR_42,X,-209.137,-210.550,1.413,,,,
Circle,CIR_42,Y,94.481,96.000,-1.519,,,,
Circle,CIR_42,Z,111.652,111.420,0.232,,,,
Circle,CIR_20,X,-231.404,-232.370,0.966,,,,Criterion : Least Square (From 6 Pts On PL_INS_20) 
Circle,CIR_20,Y,105.223,106.800,-1.577,,,,
Circle,CIR_20,Z,92.124,91.430,0.694,,,,
Circle,CIR_21,X,-187.127,-188.730,1.603,,,,Criterion : Least Square (From 6 Pts On PL_INS_21) 
Circle,CIR_21,Y,84.118,85.200,-1.082,,,,
Circle,CIR_21,Z,131.538,131.420,0.118,,,,
Distance,DEPTH_16,D1,17.896,17.800,0.096,0.000,8.000,,PNT_DEPTH_16 - PL_INS_16 / CS_DE
Distance,DEPTH_17,D1,18.013,17.800,0.213,0.000,8.000,,PNT_DEPTH_17 - PL_INS_17 / CS_DE
Distance,DEPTH_18,D1,21.701,17.800,3.901,0.000,8.000,,PNT_DEPTH_18 - PL_INS_18 / CS_DE
Distance,DEPTH_19,D1,23.096,17.800,5.296,0.000,8.000,,PNT_DEPTH_19 - PL_INS_19 / CS_DE
Circle,CIR_16,X,-77.154,-77.073,-0.081,,,,Criterion : Least Square (From 6 Pts On PL_INS_16) 
Circle,CIR_16,Y,59.298,59.880,-0.582,,,,
Circle,CIR_16,Z,41.599,42.924,-1.325,,,,
Circle,CIR_17,X,-75.473,-77.073,1.600,,,,Criterion : Least Square (From 6 Pts On PL_INS_17) 
Circle,CIR_17,Y,59.332,59.880,-0.548,,,,
Circle,CIR_17,Z,121.640,122.924,-1.284,,,,
Circle,CIR_18,X,-81.566,-82.732,1.167,,,,Criterion : Least Square (From 6 Pts On PL_INS_18) 
Circle,CIR_18,Y,123.763,124.633,-0.870,,,,
Circle,CIR_18,Z,121.931,122.924,-0.993,,,,
Circle,CIR_19,X,-83.162,-82.732,-0.430,,,,Criterion : Least Square (From 6 Pts On PL_INS_19) 
Circle,CIR_19,Y,123.831,124.633,-0.803,,,,
Circle,CIR_19,Z,41.881,42.924,-1.043,,,,
Pos. Tol.,POS_16,PTOL,2.894,0.000,2.894,0.000,4.141,,CIR_16/NOMINAL - CS_ABC - C-Zone - YZ - Nominal
Pos. Tol.,POS_17,PTOL,2.791,0.000,2.791,0.000,4.141,,CIR_17/NOMINAL - CS_ABC - C-Zone - YZ - Nominal
Pos. Tol.,POS_18,PTOL,2.640,0.000,2.640,0.000,4.141,,CIR_18/NOMINAL - CS_ABC - C-Zone - YZ - Nominal
Pos. Tol.,POS_19,PTOL,2.633,0.000,2.633,0.000,4.141,,CIR_19/NOMINAL - CS_ABC - C-Zone - YZ - Nominal
Profile of Line,PROF_OP1,PRFL,1.791,0.000,1.791,0.000,2.141,,SCT_OP1
Profile of Line,PROF_OP2,PRFL,0.469,0.000,0.469,0.000,2.141,,SCT_OP2
Profile of Line,PROF_OP3,PRFL,0.652,0.000,0.652,0.000,2.141,,SCT_OP3
Profile of Line,PROF_OP4,PRFL,0.281,0.000,0.281,0.000,2.141,,SCT_OP4
Profile of Line,PROF_OP5,PRFL,1.051,0.000,1.051,0.000,2.141,,SCT_OP5
Profile of Line,PROF_OP6,PRFL,0.774,0.000,0.774,0.000,2.141,,SCT_OP6
Pos. Tol.,POS_B,PTOL,0.000,0.000,0.000,0.000,0.300,,CIR_DATUM_B/NOMINAL - CS_ABC - C-Zone - XZ - Nominal
Pos. Tol.,POS_1,PTOL,0.227,0.000,0.227,0.000,1.141,,CIR1/NOMINAL - CS_ABC - C-Zone - XZ - Nominal
Pos. Tol.,POS_2,PTOL,0.648,0.000,0.648,0.000,1.141,,CIR2/NOMINAL - CS_ABC - C-Zone - XZ - Nominal
Pos. Tol.,POS_3,PTOL,0.409,0.000,0.409,0.000,1.141,,CIR3/NOMINAL - CS_ABC - C-Zone - XZ - Nominal
Pos. Tol.,POS_4,PTOL,0.149,0.000,0.149,0.000,1.141,,CIR4/NOMINAL - CS_ABC - C-Zone - XZ - Nominal
Pos. Tol.,POS_5,PTOL,0.202,0.000,0.202,0.000,1.141,,CIR5/NOMINAL - CS_ABC - C-Zone - XZ - Nominal
Pos. Tol.,POS_6,PTOL,0.657,0.000,0.657,0.000,1.141,,CIR6/NOMINAL - CS_ABC - C-Zone - XZ - Nominal
Pos. Tol.,POS_31,PTOL,0.404,0.000,0.404,0.000,1.141,,CIR31/NOMINAL - CS_ABC - C-Zone - XZ - Nominal
Pos. Tol.,POS_32,PTOL,0.850,0.000,0.850,0.000,1.141,,CIR32/NOMINAL - CS_ABC - C-Zone - XZ - Nominal
Profile of Line,PROF_2D_OW_TB_GROOVE,PRFL,0.504,0.000,0.504,0.000,1.000,,SECT_2D_OW_TB
Profile of Line,PROF_IW_OP1,PRFL,1.209,0.000,1.209,0.000,1.500,,SECT_IW_OP1
Profile of Line,PROF_IW_OP2,PRFL,0.293,0.000,0.293,0.000,1.500,,SECT_IW_OP2
Profile of Line,PROF_IW_OP3,PRFL,0.373,0.000,0.373,0.000,1.500,,SECT_IW_OP3
Profile of Line,PROF_IW_OP4,PRFL,0.277,0.000,0.277,0.000,1.500,,SECT_IW_OP4
Profile of Line,PROF_IW_OP5,PRFL,1.026,0.000,1.026,0.000,1.500,,SECT_IW_OP5
Profile of Line,PROF_IW_OP6,PRFL,1.000,0.000,1.000,0.000,1.500,,SECT_IW_OP6
Pos. Tol.,POS_10,PTOL,1.475,0.000,1.475,0.000,4.141,,CIR_10/NOMINAL - CS_ABC - C-Zone - XZ - Nominal
Pos. Tol.,POS_11,PTOL,3.229,0.000,3.229,0.000,4.141,,CIR_11/NOMINAL - CS_ABC - C-Zone - XZ - Nominal
Pos. Tol.,POS_12,PTOL,4.033,0.000,4.033,0.000,5.141,,CIR_12/NOMINAL - CS_ABC - C-Zone - XZ - Nominal
Pos. Tol.,POS_13,PTOL,3.813,0.000,3.813,0.000,5.141,,CIR_13/NOMINAL - CS_ABC - C-Zone - XZ - Nominal
Pos. Tol.,POS_14,PTOL,2.235,0.000,2.235,0.000,4.141,,CIR_14/NOMINAL - CS_ABC - C-Zone - XZ - Nominal
Pos. Tol.,POS_22,PTOL,3.636,0.000,3.636,0.000,6.141,,SLOT_22/NOMINAL - CS_ABC - C-Zone - XY - Nominal
Pos. Tol.,POS_9,PTOL,4.887,0.000,4.887,0.000,7.141,,CIR_9/NOMINAL - CS_ABC - C-Zone - XYZ - Nominal
Pos. Tol.,POS_25,PTOL,4.278,0.000,4.278,0.000,7.141,,CIR_25/NOMINAL - CS_ABC - C-Zone - XY - Nominal
Pos. Tol.,POS_26,PTOL,4.325,0.000,4.325,0.000,6.141,,CIR_26/NOMINAL - CS_ABC - C-Zone - XY - Nominal
Distance,HEIGHT_B,D1,6.250,6.450,-0.200,-0.100,0.100,-0.100,PNT_TOP_B - PL_FIXTURE / CS_ABC
Distance,HEIGHT_C,D1,6.260,6.450,-0.190,-0.100,0.100,-0.090,PNT_TOP_C - PL_FIXTURE / CS_ABC
Circle,CIR2,X,-16.811,-16.500,-0.311,,,,From 4 Pts On PL_FIXTURE
Circle,CIR2,Z,-351.509,-351.600,0.092,,,,
Circle,CIR1,X,54.511,54.400,0.111,,,,From 4 Pts On PL_FIXTURE
Circle,CIR1,Z,-346.576,-346.600,0.024,,,,
Circle,CIR6,X,54.072,54.400,-0.328,,,,From 4 Pts On PL_FIXTURE
Circle,CIR6,Z,-240.588,-240.600,0.012,,,,
Circle,CIR5,X,54.314,54.400,-0.086,,,,From 4 Pts On PL_FIXTURE
Circle,CIR5,Z,-134.653,-134.600,-0.053,,,,
Circle,CIR4,X,54.331,54.400,-0.069,,,,From 4 Pts On PL_FIXTURE
Circle,CIR4,Z,-27.129,-27.100,-0.028,,,,
Circle,CIR3,X,-16.653,-16.500,-0.153,,,,From 4 Pts On PL_FIXTURE
Circle,CIR3,Z,-0.964,-1.100,0.136,,,,
Circle,CIR32,X,-30.625,-30.200,-0.425,,,,From 4 Pts On PL_FIXTURE
Circle,CIR32,Z,-124.296,-124.300,0.004,,,,
Circle,CIR31,X,-30.392,-30.200,-0.192,,,,From 4 Pts On PL_FIXTURE
Circle,CIR31,Z,-230.363,-230.300,-0.063,,,,
Distance,DEPTH_TB1,D1,5.017,5.000,0.017,-0.250,0.250,,TB_BOT_1.1 - PL_D / CS_DE
Distance,DEPTH_TB2,D1,4.871,5.000,-0.129,-0.250,0.250,,TB_BOT_1.2 - PL_D / CS_DE
Distance,DEPTH_TB3,D1,4.951,5.000,-0.049,-0.250,0.250,,TB_BOT_1.3 - PL_D / CS_DE
Distance,DEPTH_TB4,D1,4.882,5.000,-0.118,-0.250,0.250,,TB_BOT_1.4 - PL_D / CS_DE
Distance,DEPTH_TB5,D1,5.054,5.000,0.054,-0.250,0.250,,TB_BOT_1.5 - PL_D / CS_DE
Distance,DEPTH_TB6,D1,4.914,5.000,-0.086,-0.250,0.250,,TB_BOT_1.6 - PL_D / CS_DE
Distance,DEPTH_TB7,D1,4.945,5.000,-0.055,-0.250,0.250,,TB_BOT_1.7 - PL_D / CS_DE
Distance,DEPTH_TB8,D1,4.953,5.000,-0.047,-0.250,0.250,,TB_BOT_1.8 - PL_D / CS_DE
Distance,PROF_RECESS_SURFACE_TB,D1,0.799,0.650,0.149,0.000,0.750,,PL_PLAST_RECESS_TB - PL_D / CS_DE
Distance,OP1_DEPTH_1,D1,6.149,6.000,0.149,-0.250,0.250,,OP1_PT1_DEPTH - PL_FIXTURE / OP1CS
Distance,OP1_DEPTH_2,D1,5.873,6.000,-0.127,-0.250,0.250,,OP1_PT2_DEPTH - PL_FIXTURE / OP1CS
Distance,OP1_DEPTH_3,D1,5.984,6.000,-0.016,-0.250,0.250,,OP1_PT3_DEPTH - PL_FIXTURE / OP1CS
Distance,OP1_DEPTH_4,D1,6.031,6.000,0.031,-0.250,0.250,,OP1_PT4_DEPTH - PL_FIXTURE / OP1CS
Distance,OP1_DEPTH_5,D1,6.009,6.000,0.009,-0.250,0.250,,OP1_PT5_DEPTH - PL_FIXTURE / OP1CS
Distance,OP1_DEPTH_6,D1,6.078,6.000,0.078,-0.250,0.250,,OP1_PT6_DEPTH - PL_FIXTURE / OP1CS
Distance,OP1_DEPTH_7,D1,6.213,6.000,0.213,-0.250,0.250,,OP1_PT7_DEPTH - PL_FIXTURE / OP1CS
Distance,OP2_DEPTH_1,D1,6.042,6.000,0.042,-0.250,0.250,,OP2_PT1_DEPTH - PL_FIXTURE / OP2CS
Distance,OP2_DEPTH_2,D1,6.013,6.000,0.013,-0.250,0.250,,OP2_PT2_DEPTH - PL_FIXTURE / OP2CS
Distance,OP2_DEPTH_3,D1,6.024,6.000,0.024,-0.250,0.250,,OP2_PT3_DEPTH - PL_FIXTURE / OP2CS
Distance,OP2_DEPTH_4,D1,6.044,6.000,0.044,-0.250,0.250,,OP2_PT4_DEPTH - PL_FIXTURE / OP2CS
Distance,OP2_DEPTH_5,D1,5.891,6.000,-0.109,-0.250,0.250,,OP2_PT5_DEPTH - PL_FIXTURE / OP2CS
Distance,OP2_DEPTH_6,D1,6.083,6.000,0.083,-0.250,0.250,,OP2_PT6_DEPTH - PL_FIXTURE / OP2CS
Distance,OP2_DEPTH_7,D1,6.133,6.000,0.133,-0.250,0.250,,OP2_PT7_DEPTH - PL_FIXTURE / OP2CS
Distance,OP3_DEPTH_3,D1,6.024,6.000,0.024,-0.250,0.250,,OP3_PT3_DEPTH - PL_FIXTURE / OP3CS
Distance,OP3_DEPTH_4,D1,6.068,6.000,0.068,-0.250,0.250,,OP3_PT4_DEPTH - PL_FIXTURE / OP3CS
Distance,OP3_DEPTH_5,D1,5.908,6.000,-0.092,-0.250,0.250,,OP3_PT5_DEPTH - PL_FIXTURE / OP3CS
Distance,OP3_DEPTH_6,D1,5.916,6.000,-0.084,-0.250,0.250,,OP3_PT6_DEPTH - PL_FIXTURE / OP3CS
Distance,OP4_DEPTH_1,D1,6.058,6.000,0.058,-0.250,0.250,,OP4_PT1_DEPTH - PL_FIXTURE / OP4CS
Distance,OP4_DEPTH_2,D1,6.126,6.000,0.126,-0.250,0.250,,OP4_PT2_DEPTH - PL_FIXTURE / OP4CS
Distance,OP4_DEPTH_3,D1,6.066,6.000,0.066,-0.250,0.250,,OP4_PT3_DEPTH - PL_FIXTURE / OP4CS
Distance,OP4_DEPTH_4,D1,6.065,6.000,0.065,-0.250,0.250,,OP4_PT4_DEPTH - PL_FIXTURE / OP4CS
Distance,OP4_DEPTH_5,D1,5.872,6.000,-0.128,-0.250,0.250,,OP4_PT5_DEPTH - PL_FIXTURE / OP4CS
Distance,OP4_DEPTH_6,D1,6.060,6.000,0.060,-0.250,0.250,,OP4_PT6_DEPTH - PL_FIXTURE / OP4CS
Distance,OP4_DEPTH_7,D1,6.113,6.000,0.113,-0.250,0.250,,OP4_PT7_DEPTH - PL_FIXTURE / OP4CS
Distance,OP5_DEPTH_3,D1,6.067,6.000,0.067,-0.250,0.250,,OP5_PT3_DEPTH - PL_FIXTURE / OP5CS
Distance,OP5_DEPTH_4,D1,6.174,6.000,0.174,-0.250,0.250,,OP5_PT4_DEPTH - PL_FIXTURE / OP5CS
Distance,OP5_DEPTH_5,D1,5.851,6.000,-0.149,-0.250,0.250,,OP5_PT5_DEPTH - PL_FIXTURE / OP5CS
Distance,OP5_DEPTH_6,D1,6.005,6.000,0.005,-0.250,0.250,,OP5_PT6_DEPTH - PL_FIXTURE / OP5CS
Distance,OP5_DEPTH_7,D1,6.003,6.000,0.003,-0.250,0.250,,OP5_PT7_DEPTH - PL_FIXTURE / OP5CS
Distance,OP6_DEPTH_1,D1,6.064,6.000,0.064,-0.250,0.250,,OP6_PT1_DEPTH - PL_FIXTURE / OP6CS
Distance,OP6_DEPTH_2,D1,6.116,6.000,0.116,-0.250,0.250,,OP6_PT2_DEPTH - PL_FIXTURE / OP6CS
Distance,OP6_DEPTH_3,D1,6.051,6.000,0.051,-0.250,0.250,,OP6_PT3_DEPTH - PL_FIXTURE / OP6CS
Distance,OP6_DEPTH_4,D1,6.162,6.000,0.162,-0.250,0.250,,OP6_PT4_DEPTH - PL_FIXTURE / OP6CS
Distance,OP6_DEPTH_5,D1,6.207,6.000,0.207,-0.250,0.250,,OP6_PT5_DEPTH - PL_FIXTURE / OP6CS
Distance,OP6_DEPTH_6,D1,6.250,6.000,0.250,-0.250,0.250,0.000,OP6_PT6_DEPTH - PL_FIXTURE / OP6CS
Distance,OP6_DEPTH_7,D1,6.212,6.000,0.212,-0.250,0.250,,OP6_PT7_DEPTH - PL_FIXTURE / OP6CS
Circle,CIR_25,X,-118.161,-120.300,2.139,,,,Inters. PL_PLAST_25 - CYL_25.
Circle,CIR_25,Y,87.385,87.400,-0.015,,,,
Circle,CIR_25,Z,178.502,179.200,-0.698,,,,
Circle,CIR_26,X,-156.723,-158.500,1.777,,,,Inters. PL_PLAST_26 - CYL_26.
Circle,CIR_26,Y,120.868,122.100,-1.232,,,,
Circle,CIR_26,Z,160.379,160.700,-0.321,,,,
Circle,CIR_9,X,-269.978,-270.700,0.722,,,,Inters. PL_PLAST_9 - CYL_9.
Circle,CIR_9,Y,87.378,89.700,-2.322,,,,
Circle,CIR_9,Z,88.540,88.300,0.240,,,,
Circle,CIR_11,DIAM,8.022,8.000,0.022,-0.200,0.200,,Criterion : Least Square (From 8 Pts On PL_PLAST_11) 
Circle,CIR_11,X,-269.621,-270.600,0.979,,,,
Circle,CIR_11,Y,60.874,62.700,-1.826,,,,
Circle,CIR_11,Z,52.684,51.400,1.284,,,,
Circle,CIR_12,DIAM,8.022,8.000,0.022,-0.200,0.200,,Criterion : Least Square (From 8 Pts On PL_PLAST_12) 
Circle,CIR_12,X,-291.435,-290.600,-0.835,,,,
Circle,CIR_12,Y,59.398,62.700,-3.302,,,,
Circle,CIR_12,Z,-146.764,-148.600,1.836,,,,
Circle,CIR_13,DIAM,6.869,6.800,0.069,-0.200,0.200,,Criterion : Least Square (From 8 Pts On PL_PLAST_13) 
Circle,CIR_13,X,-175.930,-174.700,-1.230,,,,
Circle,CIR_13,Y,84.936,86.600,-1.664,,,,
Circle,CIR_13,Z,-372.144,-373.600,1.456,,,,
Circle,CIR_14,DIAM,6.932,6.800,0.132,-0.200,0.200,,Criterion : Least Square (From 8 Pts On PL_PLAST_14) 
Circle,CIR_14,X,13.567,14.500,-0.933,,,,
Circle,CIR_14,Y,35.694,36.000,-0.306,,,,
Circle,CIR_14,Z,-374.984,-375.600,0.616,,,,
Circle,CIR_10,DIAM,6.924,6.800,0.124,-0.200,0.200,,Criterion : Least Square (From 8 Pts On PL_PLAST_10) 
Circle,CIR_10,X,-50.608,-50.100,-0.508,,,,
Circle,CIR_10,Y,127.545,127.700,-0.155,,,,
Circle,CIR_10,Z,-9.134,-8.600,-0.534,,,,
Slot,SLOT_22,LEN,12.622,12.500,0.122,-0.200,0.200,,Criterion : Least Square (From 12 Pts On PL_PLAST_22) 
Slot,SLOT_22,WID,6.598,6.500,0.098,-0.200,0.200,,
Slot,SLOT_22,X,-131.297,-132.730,1.433,,,,
Slot,SLOT_22,Y,103.982,105.100,-1.118,,,,
Slot,SLOT_22,Z,128.201,128.800,-0.599,,,,
Distance,DEPTH_15,D1,22.154,22.000,0.154,0.000,8.000,,PNT_DEPTH_15 - PL_INS_15 / CS_SRF_TEMP_15.2
