Feat. Type,Feat. Name,Value,Actual,Nominal,Dev.,Tol-,Tol+,Out of Tol.,Comment
Text/Value,VAR_PROGRAM,VAL,,,,,,,'N:\Metrolog XG\Programmes\Mercury Marine Great White V8\Mercury Marine Great White V8 Plenum (Module 51).gm2'
Text/Value,VAR_EVENEMENT,VAL,,,,,,,'PPAP'
Text/Value,VAR_COMMENTAIRES,VAL,,,,,,,'Part No.2'
Text/Value,FLAT_A,VAL,0.040989,0.000000,0.040989,0.000000,0.500000,,
Circle,CIR_B,DIAM,8.132,8.200,-0.068,-0.100,0.100,,Criterion : Least Square (From 4 Pts On PL_FIXTURE) 
Circle,CIR_C,DIAM,7.500,7.600,-0.100,-0.100,0.100,,Criterion : Least Square (From 4 Pts On PL_FIXTURE) 
Circle,CIR_C,X,-236.480,-236.400,-0.080,,,,
Circle,CIR_C,Z,-410.739,-410.600,-0.139,,,,
Pos. Tol.,POS_C,PTOL,0.321,0.000,0.321,0.000,0.668,,CIR_C/NOMINAL - CS_ABC - C-Zone - XZ - Nominal
Circle,CIR1,X,-2.207,-2.000,-0.207,,,,From 4 Pts On PL_FIXTURE
Circle,CIR1,Z,-13.088,-12.928,-0.160,,,,
Pos. Tol.,POS_1,PTOL,0.523,0.000,0.523,0.000,1.368,,CIR1/NOMINAL - CS_ABC - C-Zone - XZ - Nominal
Circle,CIR2,X,-1.675,-1.928,0.253,,,,From 4 Pts On PL_FIXTURE
Circle,CIR2,Z,-112.996,-113.000,0.004,,,,
Pos. Tol.,POS_2,PTOL,0.506,0.000,0.506,0.000,1.368,,CIR2/NOMINAL - CS_ABC - C-Zone - XZ - Nominal
Circle,CIR3,X,-1.612,-2.072,0.460,,,,From 4 Pts On PL_FIXTURE
Circle,CIR3,Z,-212.998,-213.000,0.002,,,,
Pos. Tol.,POS_3,PTOL,0.920,0.000,0.920,0.000,1.368,,CIR3/NOMINAL - CS_ABC - C-Zone - XZ - Nominal
Circle,CIR4,X,5.052,4.487,0.564,,,,From 4 Pts On PL_FIXTURE
Circle,CIR4,Z,-297.663,-297.428,-0.235,,,,
Pos. Tol.,POS_4,PTOL,1.223,0.000,1.223,0.000,1.368,,CIR4/NOMINAL - CS_ABC - C-Zone - XZ - Nominal
Circle,CIR5,X,24.695,24.458,0.237,,,,From 4 Pts On PL_FIXTURE
Circle,CIR5,Z,-360.103,-359.678,-0.426,,,,
Pos. Tol.,POS_5,PTOL,0.975,0.000,0.975,0.000,1.368,,CIR5/NOMINAL - CS_ABC - C-Zone - XZ - Nominal
Circle,CIR6,X,4.748,4.488,0.260,,,,From 4 Pts On PL_FIXTURE
Circle,CIR6,Z,-462.817,-462.500,-0.316,,,,
Pos. Tol.,POS_6,PTOL,0.819,0.000,0.819,0.000,1.368,,CIR6/NOMINAL - CS_ABC - C-Zone - XZ - Nominal
Circle,CIR7,X,-55.690,-55.780,0.090,,,,From 4 Pts On PL_FIXTURE
Circle,CIR7,Z,-437.102,-436.677,-0.425,,,,
Pos. Tol.,POS_7,PTOL,0.868,0.000,0.868,0.000,1.368,,CIR7/NOMINAL - CS_ABC - C-Zone - XZ - Nominal
Circle,CIR8,X,-137.683,-137.772,0.088,,,,From 4 Pts On PL_FIXTURE
Circle,CIR8,Z,-437.063,-436.750,-0.313,,,,
Pos. Tol.,POS_8,PTOL,0.650,0.000,0.650,0.000,1.368,,CIR8/NOMINAL - CS_ABC - C-Zone - XZ - Nominal
Circle,CIR9,X,-201.353,-201.348,-0.005,,,,From 4 Pts On PL_FIXTURE
Circle,CIR9,Z,-465.301,-465.046,-0.255,,,,
Pos. Tol.,POS_9,PTOL,0.511,0.000,0.511,0.000,1.368,,CIR9/NOMINAL - CS_ABC - C-Zone - XZ - Nominal
Circle,CIR10,X,-234.512,-234.502,-0.010,,,,From 4 Pts On PL_FIXTURE
Circle,CIR10,Z,-397.684,-397.570,-0.114,,,,
Pos. Tol.,POS_10,PTOL,0.229,0.000,0.229,0.000,1.368,,CIR10/NOMINAL - CS_ABC - C-Zone - XZ - Nominal
Circle,CIR11,X,-202.332,-202.118,-0.215,,,,From 4 Pts On PL_FIXTURE
Circle,CIR11,Z,-309.060,-308.815,-0.245,,,,
Pos. Tol.,POS_11,PTOL,0.651,0.000,0.651,0.000,1.368,,CIR11/NOMINAL - CS_ABC - C-Zone - XZ - Nominal
Circle,CIR12,X,-191.813,-191.488,-0.325,,,,From 4 Pts On PL_FIXTURE
Circle,CIR12,Z,-210.881,-210.847,-0.033,,,,
Pos. Tol.,POS_12,PTOL,0.654,0.000,0.654,0.000,1.368,,CIR12/NOMINAL - CS_ABC - C-Zone - XZ - Nominal
Circle,CIR13,X,-191.504,-191.488,-0.016,,,,From 4 Pts On PL_FIXTURE
Circle,CIR13,Z,-113.113,-113.000,-0.113,,,,
Pos. Tol.,POS_13,PTOL,0.229,0.000,0.229,0.000,1.368,,CIR13/NOMINAL - CS_ABC - C-Zone - XZ - Nominal
Circle,CIR14,X,-191.641,-191.488,-0.153,,,,From 4 Pts On PL_FIXTURE
Circle,CIR14,Z,-13.083,-13.000,-0.082,,,,
Pos. Tol.,POS_14,PTOL,0.348,0.000,0.348,0.000,1.368,,CIR14/NOMINAL - CS_ABC - C-Zone - XZ - Nominal
Circle,CIR15,X,-145.056,-145.008,-0.048,,,,From 4 Pts On PL_FIXTURE
Circle,CIR15,Z,37.713,37.572,0.141,,,,
Pos. Tol.,POS_15,PTOL,0.297,0.000,0.297,0.000,1.368,,CIR15/NOMINAL - CS_ABC - C-Zone - XZ - Nominal
Circle,CIR16,X,-48.398,-48.408,0.009,,,,From 4 Pts On PL_FIXTURE
Circle,CIR16,Z,37.744,37.572,0.172,,,,
Pos. Tol.,POS_16,PTOL,0.344,0.000,0.344,0.000,1.368,,CIR16/NOMINAL - CS_ABC - C-Zone - XZ - Nominal
Distance,FLANGE_WIDTH_1,D1,3.113,3.000,0.113,-0.300,0.300,,SRF_FL_IW_GAGE_1 - SRF_FL_OW_GAGE_1 / CS_ABC
Distance,FLANGE_DEPTH_1,D1,4.783,5.000,-0.217,-0.300,0.300,,SRF_FL_DP_1 - PL_FIXTURE / CS_ABC
Flatness,FLATNESS_DATUM_H,FLTN,0.812,0.000,0.812,0.000,0.800,0.012,PL_DATUM_L
Profile of Line,PROFILE_SURFACE_H,PRFL,0.984,0.000,0.984,0.000,1.500,,SECT_SRF_H
Pos. Tol.,POS_30,PTOL,0.395,0.000,0.395,0.000,1.668,,CIR_30/NOMINAL - CS_HKL_BF - C-Zone - YZ - Nominal
Pos. Tol.,POS_31,PTOL,1.218,0.000,1.218,0.000,1.668,,CIR_31/NOMINAL - CS_HKL_BF - C-Zone - YZ - Nominal
Pos. Tol.,POS_32,PTOL,0.651,0.000,0.651,0.000,1.668,,CIR_32/NOMINAL - CS_HKL_BF - C-Zone - YZ - Nominal
Pos. Tol.,POS_33,PTOL,0.813,0.000,0.813,0.000,1.668,,CIR_33/NOMINAL - CS_HKL_BF - C-Zone - YZ - Nominal
Pos. Tol.,POS_34,PTOL,0.781,0.000,0.781,0.000,1.668,,CIR_34/NOMINAL - CS_HKL_BF - C-Zone - YZ - Nominal
Pos. Tol.,POS_35,PTOL,0.541,0.000,0.541,0.000,1.668,,CIR_35/NOMINAL - CS_HKL_BF - C-Zone - YZ - Nominal
Pos. Tol.,POS_36,PTOL,0.349,0.000,0.349,0.000,1.668,,CIR_36/NOMINAL - CS_HKL_BF - C-Zone - YZ - Nominal
Circle,CIR_30,X,-166.896,-167.030,0.134,,,,Criterion : Least Square (From 6 Pts On PL_INS_30) 
Circle,CIR_30,Y,85.116,85.000,0.116,,,,
Circle,CIR_30,Z,-67.860,-67.700,-0.160,,,,
Circle,CIR_31,X,-166.922,-167.030,0.108,,,,Criterion : Least Square (From 6 Pts On PL_INS_31) 
Circle,CIR_31,Y,85.607,85.000,0.607,,,,
Circle,CIR_31,Z,-197.455,-197.500,0.045,,,,
Circle,CIR_32,X,-166.998,-167.030,0.032,,,,Criterion : Least Square (From 6 Pts On PL_INS_32) 
Circle,CIR_32,Y,85.320,85.000,0.320,,,,
Circle,CIR_32,Z,-327.240,-327.300,0.060,,,,
Circle,CIR_33,X,-166.997,-167.030,0.033,,,,Criterion : Least Square (From 6 Pts On PL_INS_33) 
Circle,CIR_33,Y,155.502,155.200,0.302,,,,
Circle,CIR_33,Z,-327.027,-327.300,0.273,,,,
Circle,CIR_34,X,-166.336,-167.030,0.694,,,,Criterion : Least Square (From 6 Pts On PL_INS_34) 
Circle,CIR_34,Y,155.528,155.200,0.328,,,,
Circle,CIR_34,Z,-260.189,-260.400,0.211,,,,
Circle,CIR_35,X,-166.583,-167.030,0.447,,,,Criterion : Least Square (From 6 Pts On PL_INS_35) 
Circle,CIR_35,Y,155.470,155.200,0.270,,,,
Circle,CIR_35,Z,-134.612,-134.600,-0.012,,,,
Circle,CIR_36,X,-167.030,-167.030,0.000,,,,Criterion : Least Square (From 6 Pts On PL_INS_36) 
Circle,CIR_36,Y,155.373,155.200,0.173,,,,
Circle,CIR_36,Z,-69.676,-69.700,0.024,,,,
Pos. Tol.,POS_2D_30,PTOL,0.422,0.000,0.422,0.000,1.000,,2D_CIR_30/NOMINAL - CS_HKL_BF - C-Zone - YZ - Nominal
Pos. Tol.,POS_2D_31,PTOL,0.610,0.000,0.610,0.000,1.000,,2D_CIR_31/NOMINAL - CS_HKL_BF - C-Zone - YZ - Nominal
Pos. Tol.,POS_2D_32,PTOL,0.173,0.000,0.173,0.000,1.000,,2D_CIR_32/NOMINAL - CS_HKL_BF - C-Zone - YZ - Nominal
Pos. Tol.,POS_2D_33,PTOL,0.424,0.000,0.424,0.000,1.000,,2D_CIR_33/NOMINAL - CS_HKL_BF - C-Zone - YZ - Nominal
Pos. Tol.,POS_2D_34,PTOL,0.254,0.000,0.254,0.000,1.000,,2D_CIR_34/NOMINAL - CS_HKL_BF - C-Zone - YZ - Nominal
Pos. Tol.,POS_2D_35,PTOL,0.200,0.000,0.200,0.000,1.000,,2D_CIR_35/NOMINAL - CS_HKL_BF - C-Zone - YZ - Nominal
Pos. Tol.,POS_2D_36,PTOL,0.139,0.000,0.139,0.000,1.000,,2D_CIR_36/NOMINAL - CS_HKL_BF - C-Zone - YZ - Nominal
Circle,2D_CIR_30,Y,84.913,85.000,-0.087,,,,
Circle,2D_CIR_30,Z,-67.892,-67.700,-0.192,,,,
Circle,2D_CIR_31,Y,85.305,85.000,0.305,,,,
Circle,2D_CIR_31,Z,-197.487,-197.500,0.013,,,,
Circle,2D_CIR_32,Y,84.918,85.000,-0.082,,,,
Circle,2D_CIR_32,Z,-327.272,-327.300,0.028,,,,
Circle,2D_CIR_33,Y,155.100,155.200,-0.100,,,,
Circle,2D_CIR_33,Z,-327.113,-327.300,0.187,,,,
Circle,2D_CIR_34,Y,155.179,155.200,-0.021,,,,
Circle,2D_CIR_34,Z,-260.275,-260.400,0.125,,,,
Circle,2D_CIR_35,Y,155.216,155.200,0.016,,,,
Circle,2D_CIR_35,Z,-134.698,-134.600,-0.098,,,,
Circle,2D_CIR_36,Y,155.168,155.200,-0.032,,,,
Circle,2D_CIR_36,Z,-69.762,-69.700,-0.062,,,,
Distance,H_30,X,0.147,0.000,0.147,0.000,0.300,,CIR_30 - PL_PLAST_30 / CS_L_INS_H
Distance,H_31,X,0.190,0.000,0.190,0.000,0.300,,CIR_31 - PL_PLAST_31 / CS_L_INS_H
Distance,H_32,X,0.220,0.000,0.220,0.000,0.300,,CIR_32 - PL_PLAST_32 / CS_L_INS_H
Distance,H_33,X,0.180,0.000,0.180,0.000,0.300,,CIR_33 - PL_PLAST_33 / CS_L_INS_H
Distance,H_34,X,0.106,0.000,0.106,0.000,0.300,,CIR_34 - PL_PLAST_34 / CS_L_INS_H
Distance,H_35,X,0.148,0.000,0.148,0.000,0.300,,CIR_35 - PL_PLAST_35 / CS_L_INS_H
Distance,H_36,X,0.230,0.000,0.230,0.000,0.300,,CIR_36 - PL_PLAST_36 / CS_L_INS_H
Pos. Tol.,POS_37,PTOL,0.512,0.000,0.512,0.000,2.000,,CIR_37/NOMINAL - CS_HKL_BF - C-Zone - YZ - Nominal
Circle,CIR_37,DIAM,8.623,8.670,-0.047,-0.100,0.100,,Criterion : Least Square (From 8 Pts On PL_PLAST_37) 
Circle,CIR_37,X,-181.457,-182.800,1.343,,,,
Circle,CIR_37,Y,172.752,173.000,-0.248,,,,
Circle,CIR_37,Z,-159.564,-159.500,-0.064,,,,
Pos. Tol.,POS_38,PTOL,0.552,0.000,0.552,0.000,3.168,,CIR_38/NOMINAL - CS_HKL_BF - C-Zone - YZ - Nominal
Pos. Tol.,POS_17,PTOL,0.997,0.000,0.997,0.000,3.168,,CIR_17/NOMINAL - CS_HKL_BF - C-Zone - YZ - Nominal
Circle,CIR_38,X,-189.954,-190.300,0.346,,,,Criterion : Least Square (From 8 Pts On PL_INS_38) 
Circle,CIR_38,Y,43.243,43.500,-0.257,,,,
Circle,CIR_38,Z,-250.099,-250.200,0.101,,,,
Circle,CIR_17,X,-190.583,-191.300,0.717,,,,Criterion : Least Square (From 6 Pts On PL_INS_17) 
Circle,CIR_17,Y,26.424,26.900,-0.476,,,,
Circle,CIR_17,Z,-40.550,-40.400,-0.150,,,,
Distance,H_38,X,0.180,0.000,0.180,0.000,0.300,,CIR_38 - PL_PLAST_38 / CS_38_INS_H
Distance,H_17,X,0.085,0.000,0.085,0.000,0.300,,CIR_17 - PL_PLAST_17 / CS_38_INS_H
Flatness,FLATNESS_DATUM_G,FLTN,0.657,0.000,0.657,0.000,0.800,,PL_DATUM_K
Profile of Line,PROFILE_SURFACE_G,PRFL,0.924,0.000,0.924,0.000,1.500,,SECT_SRF_G
Pos. Tol.,POS_39,PTOL,0.471,0.000,0.471,0.000,1.668,,CIR_39/NOMINAL - CS_ABC - C-Zone - YZ - Nominal
Pos. Tol.,POS_40,PTOL,1.308,0.000,1.308,0.000,1.668,,CIR_40/NOMINAL - CS_ABC - C-Zone - YZ - Nominal
Pos. Tol.,POS_41,PTOL,0.756,0.000,0.756,0.000,1.668,,CIR_41/NOMINAL - CS_ABC - C-Zone - YZ - Nominal
Pos. Tol.,POS_42,PTOL,0.665,0.000,0.665,0.000,1.668,,CIR_42/NOMINAL - CS_ABC - C-Zone - YZ - Nominal
Pos. Tol.,POS_43,PTOL,0.400,0.000,0.400,0.000,1.668,,CIR_43/NOMINAL - CS_ABC - C-Zone - YZ - Nominal
Pos. Tol.,POS_44,PTOL,0.746,0.000,0.746,0.000,1.668,,CIR_44/NOMINAL - CS_ABC - C-Zone - YZ - Nominal
Pos. Tol.,POS_45,PTOL,0.611,0.000,0.611,0.000,1.668,,CIR_45/NOMINAL - CS_ABC - C-Zone - YZ - Nominal
Circle,CIR_39,X,-26.315,-26.530,0.215,,,,Criterion : Least Square (From 6 Pts On PL_INS_39) 
Circle,CIR_39,Y,84.774,85.000,-0.226,,,,
Circle,CIR_39,Z,-67.767,-67.700,-0.067,,,,
Circle,CIR_40,X,-26.528,-26.530,0.002,,,,Criterion : Least Square (From 6 Pts On PL_INS_40) 
Circle,CIR_40,Y,85.651,85.000,0.651,,,,
Circle,CIR_40,Z,-197.562,-197.500,-0.062,,,,
Circle,CIR_41,X,-26.448,-26.530,0.082,,,,Criterion : Least Square (From 6 Pts On PL_INS_41) 
Circle,CIR_41,Y,85.378,85.000,0.378,,,,
Circle,CIR_41,Z,-327.309,-327.300,-0.009,,,,
Circle,CIR_42,X,-26.527,-26.530,0.003,,,,Criterion : Least Square (From 6 Pts On PL_INS_42) 
Circle,CIR_42,Y,155.354,155.200,0.154,,,,
Circle,CIR_42,Z,-325.595,-325.300,-0.295,,,,
Circle,CIR_43,X,-27.019,-26.530,-0.489,,,,Criterion : Least Square (From 6 Pts On PL_INS_43) 
Circle,CIR_43,Y,155.352,155.200,0.152,,,,
Circle,CIR_43,Z,-260.529,-260.400,-0.129,,,,
Circle,CIR_44,X,-26.703,-26.530,-0.173,,,,Criterion : Least Square (From 6 Pts On PL_INS_44) 
Circle,CIR_44,Y,155.431,155.200,0.231,,,,
Circle,CIR_44,Z,-134.307,-134.600,0.293,,,,
Circle,CIR_45,X,-26.256,-26.530,0.274,,,,Criterion : Least Square (From 6 Pts On PL_INS_45) 
Circle,CIR_45,Y,155.170,155.200,-0.030,,,,
Circle,CIR_45,Z,-67.396,-67.700,0.304,,,,
Pos. Tol.,POS_2D_39,PTOL,0.491,0.000,0.491,0.000,1.000,,2D_CIR_39/NOMINAL - CS_GIJ - C-Zone - YZ - Nominal
Pos. Tol.,POS_2D_40,PTOL,0.929,0.000,0.929,0.000,1.000,,2D_CIR_40/NOMINAL - CS_GIJ - C-Zone - YZ - Nominal
Pos. Tol.,POS_2D_41,PTOL,0.087,0.000,0.087,0.000,1.000,,2D_CIR_41/NOMINAL - CS_GIJ - C-Zone - YZ - Nominal
Pos. Tol.,POS_2D_42,PTOL,0.788,0.000,0.788,0.000,1.000,,2D_CIR_42/NOMINAL - CS_GIJ - C-Zone - YZ - Nominal
Pos. Tol.,POS_2D_43,PTOL,0.417,0.000,0.417,0.000,1.000,,2D_CIR_43/NOMINAL - CS_GIJ - C-Zone - YZ - Nominal
Pos. Tol.,POS_2D_44,PTOL,0.558,0.000,0.558,0.000,1.000,,2D_CIR_44/NOMINAL - CS_GIJ - C-Zone - YZ - Nominal
Pos. Tol.,POS_2D_45,PTOL,0.531,0.000,0.531,0.000,1.000,,2D_CIR_45/NOMINAL - CS_GIJ - C-Zone - YZ - Nominal
Circle,2D_CIR_39,Y,84.755,85.000,-0.245,,,,
Circle,2D_CIR_39,Z,-67.719,-67.700,-0.019,,,,
Circle,2D_CIR_40,Y,85.464,85.000,0.464,,,,
Circle,2D_CIR_40,Z,-197.515,-197.500,-0.015,,,,
Circle,2D_CIR_41,Y,85.021,85.000,0.021,,,,
Circle,2D_CIR_41,Z,-327.262,-327.300,0.038,,,,
Circle,2D_CIR_42,Y,154.999,155.200,-0.201,,,,
Circle,2D_CIR_42,Z,-325.639,-325.300,-0.339,,,,
Circle,2D_CIR_43,Y,155.085,155.200,-0.115,,,,
Circle,2D_CIR_43,Z,-260.574,-260.400,-0.174,,,,
Circle,2D_CIR_44,Y,155.326,155.200,0.126,,,,
Circle,2D_CIR_44,Z,-134.351,-134.600,0.249,,,,
Circle,2D_CIR_45,Y,155.150,155.200,-0.050,,,,
Circle,2D_CIR_45,Z,-67.439,-67.700,0.261,,,,
Distance,H_39,X,0.168,0.000,0.168,0.000,0.300,,CIR_39 - PL_PLAST_39 / CS_K_INS_H
Distance,H_40,X,0.116,0.000,0.116,0.000,0.300,,CIR_40 - PL_PLAST_40 / CS_K_INS_H
Distance,H_41,X,0.144,0.000,0.144,0.000,0.300,,CIR_41 - PL_PLAST_41 / CS_K_INS_H
Distance,H_42,X,0.128,0.000,0.128,0.000,0.300,,CIR_42 - PL_PLAST_42 / CS_K_INS_H
Distance,H_43,X,0.157,0.000,0.157,0.000,0.300,,CIR_43 - PL_PLAST_43 / CS_K_INS_H
Distance,H_44,X,0.124,0.000,0.124,0.000,0.300,,CIR_44 - PL_PLAST_44 / CS_K_INS_H
Distance,H_45,X,0.126,0.000,0.126,0.000,0.300,,CIR_45 - PL_PLAST_45 / CS_K_INS_H
Pos. Tol.,POS_47,PTOL,0.833,0.000,0.833,0.000,3.168,,CIR_47/NOMINAL - CS_ABC - C-Zone - YZ - Nominal
Pos. Tol.,POS_48,PTOL,1.208,0.000,1.208,0.000,2.168,,CIR_48/NOMINAL - CS_ABC - C-Zone - YZ - Nominal
Pos. Tol.,POS_49,PTOL,0.401,0.000,0.401,0.000,2.168,,CIR_49/NOMINAL - CS_ABC - C-Zone - YZ - Nominal
Pos. Tol.,POS_50,PTOL,1.174,0.000,1.174,0.000,2.168,,CIR_50/NOMINAL - CS_ABC - C-Zone - YZ - Nominal
Circle,CIR_47,X,-3.370,-3.300,-0.070,,,,Criterion : Least Square (From 8 Pts On PL_INS_47) 
Circle,CIR_47,Y,43.086,43.500,-0.414,,,,
Circle,CIR_47,Z,-250.158,-250.200,0.042,,,,
Circle,CIR_48,X,-2.643,-2.000,-0.643,,,,Criterion : Least Square (From 8 Pts On PL_INS_48) 
Circle,CIR_48,Y,36.105,36.700,-0.595,,,,
Circle,CIR_48,Z,-53.203,-53.100,-0.103,,,,
Circle,CIR_49,X,12.745,13.400,-0.655,,,,Criterion : Least Square (From 8 Pts On PL_INS_49) 
Circle,CIR_49,Y,11.100,11.000,0.100,,,,
Circle,CIR_49,Z,-40.673,-40.500,-0.173,,,,
Circle,CIR_50,X,13.425,13.400,0.025,,,,Criterion : Least Square (From 8 Pts On PL_INS_50) 
Circle,CIR_50,Y,10.970,11.000,-0.030,,,,
Circle,CIR_50,Z,5.914,6.500,-0.586,,,,
Distance,H_47,X,0.131,0.000,0.131,0.000,0.300,,CIR_47 - PL_PLAST_47 / CS_ABC
Distance,H_48,X,0.154,0.000,0.154,0.000,0.300,,CIR_48 - PL_PLAST_48 / CS_ABC
Distance,H_49,X,0.158,0.000,0.158,0.000,0.300,,CIR_49 - PL_PLAST_49 / CS_ABC
Distance,H_50,X,0.176,0.000,0.176,0.000,0.300,,CIR_50 - PL_PLAST_50 / CS_ABC
Pos. Tol.,POS_46,PTOL,0.449,0.000,0.449,0.000,2.168,,CIR_46/NOMINAL - CS_ABC - C-Zone - YZ - Nominal
Circle,CIR_46,DIAM,8.212,8.500,-0.288,-0.300,0.300,,Inters. PL_PLAST_46 - CYL_46.
Circle,CIR_46,X,-13.792,-12.900,-0.892,-1.500,1.500,,
Circle,CIR_46,Y,172.857,173.000,-0.143,,,,
Circle,CIR_46,Z,-159.327,-159.500,0.173,,,,
Flatness,FLATNESS_DATUM_D,FLTN,0.264,0.000,0.264,0.000,0.500,,PL_DATUM_D
Profile of Line,PROFILE_SURFACE_D,PRFL,1.131,0.000,1.131,0.000,2.000,,SECT_SRF_D
Circle,CIR_52,X,-51.218,-51.300,0.082,,,,Criterion : Least Square (From 6 Pts On PL_INS_52) 
Circle,CIR_52,Y,175.417,175.500,-0.083,,,,
Circle,CIR_52,Z,-56.278,-56.450,0.172,,,,
Circle,CIR_53,X,-63.870,-63.800,-0.070,,,,Criterion : Least Square (From 6 Pts On PL_INS_53) 
Circle,CIR_53,Y,81.514,81.500,0.014,,,,
Circle,CIR_53,Z,-56.949,-56.450,-0.499,,,,
Circle,CIR_54,X,-142.795,-142.800,0.005,,,,Criterion : Least Square (From 6 Pts On PL_INS_54) 
Circle,CIR_54,Y,81.323,81.500,-0.177,,,,
Circle,CIR_54,Z,-56.947,-56.450,-0.497,,,,
Circle,CIR_55,X,-164.162,-164.300,0.138,,,,Criterion : Least Square (From 6 Pts On PL_INS_55) 
Circle,CIR_55,Y,175.494,175.500,-0.006,,,,
Circle,CIR_55,Z,-56.638,-56.450,-0.188,,,,
Pos. Tol.,POS_52,PTOL,0.235,0.000,0.235,0.000,2.000,,CIR_52/NOMINAL - CS_ABC - C-Zone - XY - Nominal
Pos. Tol.,POS_53,PTOL,0.143,0.000,0.143,0.000,2.000,,CIR_53/NOMINAL - CS_ABC - C-Zone - XY - Nominal
Pos. Tol.,POS_54,PTOL,0.353,0.000,0.353,0.000,2.000,,CIR_54/NOMINAL - CS_ABC - C-Zone - XY - Nominal
Pos. Tol.,POS_55,PTOL,0.277,0.000,0.277,0.000,2.000,,CIR_55/NOMINAL - CS_ABC - C-Zone - XY - Nominal
Circle,2D_CIR_51,DIAM,85.397,85.070,0.327,-0.500,0.500,,
Circle,2D_CIR_51,X,56.662,56.500,0.162,,,,
Circle,2D_CIR_51,Y,-34.985,-35.000,0.015,,,,
Circle,2D_CIR_52,X,112.972,113.000,-0.028,,,,
Circle,2D_CIR_52,Y,0.014,0.000,0.014,,,,
Circle,2D_CIR_53,X,100.382,100.500,-0.118,,,,
Circle,2D_CIR_53,Y,-93.900,-94.000,0.100,,,,
Circle,2D_CIR_54,X,21.457,21.500,-0.043,,,,
Circle,2D_CIR_54,Y,-94.143,-94.000,-0.143,,,,
Circle,2D_CIR_55,X,0.027,0.000,0.027,,,,
Circle,2D_CIR_55,Y,0.014,0.000,0.014,,,,
Pos. Tol.,POS_2D_51,PTOL,0.326,0.000,0.326,0.000,1.000,,2D_CIR_51/NOMINAL - CS_DEF_BF - C-Zone - XY - Nominal
Pos. Tol.,POS_2D_52,PTOL,0.063,0.000,0.063,0.000,0.500,,2D_CIR_52/NOMINAL - CS_DEF_BF - C-Zone - XY - Nominal
Pos. Tol.,POS_2D_53,PTOL,0.310,0.000,0.310,0.000,0.500,,2D_CIR_53/NOMINAL - CS_DEF_BF - C-Zone - XY - Nominal
Pos. Tol.,POS_2D_54,PTOL,0.299,0.000,0.299,0.000,0.500,,2D_CIR_54/NOMINAL - CS_DEF_BF - C-Zone - XY - Nominal
Pos. Tol.,POS_2D_55,PTOL,0.060,0.000,0.060,0.000,0.500,,2D_CIR_55/NOMINAL - CS_DEF_BF - C-Zone - XY - Nominal
Distance,H_52,Z,0.153,0.000,0.153,0.000,0.300,,CIR_52 - PL_PLAST_52 / CS_DEF
Distance,H_53,Z,0.158,0.000,0.158,0.000,0.300,,CIR_53 - PL_PLAST_53 / CS_DEF
Distance,H_54,Z,0.125,0.000,0.125,0.000,0.300,,CIR_54 - PL_PLAST_54 / CS_DEF
Distance,H_55,Z,0.159,0.000,0.159,0.000,0.300,,CIR_55 - PL_PLAST_55 / CS_DEF
Distance,WIDTH_GROOVE_TB.1,D1,3.197,3.000,0.197,-0.300,0.300,,SRF_TB_OW_GAGE_1.5.1 - SRF_TB_IW_GAGE_1.5.1 / CS_ABC
Distance,DEPTH_GROOVE_TB.1,D1,5.257,5.000,0.257,-0.325,0.325,,SRF_TB_DP.1 - PL_DATUM_D / CS_ABC
Pos. Tol.,POS_59,PTOL,1.093,0.000,1.093,0.000,3.168,,CIR_59/NOMINAL - CS_ABC_ROTATED - C-Zone - XY - Nominal
Circle,CIR_59,X,-96.480,-96.800,0.320,,,,Criterion : Least Square (From 8 Pts On PL_INS_59) 
Circle,CIR_59,Y,-98.943,-98.500,-0.443,,,,
Circle,CIR_59,Z,357.439,357.700,-0.261,,,,
Distance,H_59,Z,0.155,0.000,0.155,0.000,0.300,,CIR_59 - PL_PLAST_59 / CS_ABC_ROTATED
Pos. Tol.,POS_2D_60,PTOL,0.350,0.000,0.350,0.000,0.750,,2D_CIR_60/NOMINAL - CS_PMN_BF - C-Zone - XZ - Nominal
Pos. Tol.,POS_2D_61,PTOL,0.232,0.000,0.232,0.000,0.750,,2D_CIR_61/NOMINAL - CS_PMN_BF - C-Zone - XZ - Nominal
Pos. Tol.,POS_2D_62,PTOL,0.256,0.000,0.256,0.000,0.750,,2D_CIR_62/NOMINAL - CS_PMN_BF - C-Zone - XZ - Nominal
Pos. Tol.,POS_2D_63,PTOL,0.145,0.000,0.145,0.000,0.750,,2D_CIR_63/NOMINAL - CS_PMN_BF - C-Zone - XZ - Nominal
Pos. Tol.,POS_2D_64,PTOL,0.237,0.000,0.237,0.000,0.750,,2D_CIR_64/NOMINAL - CS_PMN_BF - C-Zone - XZ - Nominal
Pos. Tol.,POS_2D_65,PTOL,0.057,0.000,0.057,0.000,0.750,,2D_CIR_65/NOMINAL - CS_PMN_BF - C-Zone - XZ - Nominal
Circle,2D_CIR_60,X,-0.031,0.000,-0.031,,,,
Circle,2D_CIR_60,Y,-0.377,0.000,-0.377,,,,
Circle,2D_CIR_60,Z,-0.172,0.000,-0.172,,,,
Circle,2D_CIR_61,X,-57.470,-57.500,0.030,,,,
Circle,2D_CIR_61,Y,0.260,0.000,0.260,,,,
Circle,2D_CIR_61,Z,-0.112,0.000,-0.112,,,,
Circle,2D_CIR_62,X,0.073,0.000,0.073,,,,
Circle,2D_CIR_62,Y,-9.481,-9.000,-0.481,,,,
Circle,2D_CIR_62,Z,-99.895,-100.000,0.105,,,,
Circle,2D_CIR_63,X,-57.560,-57.500,-0.060,,,,
Circle,2D_CIR_63,Y,-8.940,-9.000,0.060,,,,
Circle,2D_CIR_63,Z,-99.960,-100.000,0.040,,,,
Circle,2D_CIR_64,X,-0.029,0.000,-0.029,,,,
Circle,2D_CIR_64,Y,-19.415,-19.400,-0.015,,,,
Circle,2D_CIR_64,Z,-199.885,-200.000,0.115,,,,
Circle,2D_CIR_65,X,-57.484,-57.500,0.016,,,,
Circle,2D_CIR_65,Y,-18.847,-19.400,0.553,,,,
Circle,2D_CIR_65,Z,-199.976,-200.000,0.024,,,,
Distance,H_60,Y,0.278,0.000,0.278,0.000,0.300,,CIR_60 - PL_PLAST_60 / CS_ABC_BF_OPENING
Distance,H_61,Y,0.305,0.000,0.305,0.000,0.300,0.005,CIR_61 - PL_PLAST_61 / CS_ABC_BF_OPENING
Distance,H_62,Y,0.199,0.000,0.199,0.000,0.300,,CIR_62 - PL_PLAST_62 / CS_ABC_BF_OPENING
Distance,H_63,Y,0.297,0.000,0.297,0.000,0.300,,CIR_63 - PL_PLAST_63 / CS_ABC_BF_OPENING
Distance,H_64,Y,0.106,0.000,0.106,0.000,0.300,,CIR_64 - PL_PLAST_64 / CS_ABC_BF_OPENING
Distance,H_65,Y,0.162,0.000,0.162,0.000,0.300,,CIR_65 - PL_PLAST_65 / CS_ABC_BF_OPENING
Profile of Line,PROFILE_SURFACE_COVER,PRFL,1.400,0.000,1.400,0.000,1.800,,SECT_SRF_COVER
