Feat. Type,Feat. Name,Value,Actual,Nominal,Dev.,Tol-,Tol+,Out of Tol.,Comment
Text/Value,VAR_PROGRAM,VAL,,,,,,,'N:\Metrolog XG\Programmes\D-33 RWD\D33 RWD Complete (Module 44).gm2'
Text/Value,VAR_EVENEMENT,VAL,,,,,,,'Cmm # 35'
Text/Value,VAR_COMMENTAIRES,VAL,,,,,,,'276 B'
Circle,CIR_DATUM_B,DIAM,7.851,7.900,-0.049,-0.100,0.100,,Criterion : Least Square (From 3 Pts On PL_FIXTURE) 
Circle,CIR_DATUM_C,DIAM,7.887,7.900,-0.013,-0.100,0.100,,Criterion : Least Square (From 3 Pts On PL_FIXTURE) 
Circle,CIR_DATUM_C,X,4.402,4.400,0.002,,,,
Circle,CIR_DATUM_C,Z,-351.819,-351.650,-0.169,,,,
Pos. Tol.,POS_C,PTOL,0.339,0.000,0.339,0.000,0.449,,CIR_DATUM_C/NOMINAL - CS_ABC - C-Zone - XZ - Nominal
Circle,CIR_8,DIAM,74.132,74.350,-0.218,-0.300,0.300,,Criterion : Least Square (From 14 Pts On PL_PLAST_TB) 
Circle,CIR_8,X,-79.908,-80.600,0.692,,,,
Circle,CIR_8,Y,91.493,92.200,-0.707,,,,
Circle,CIR_8,Z,81.895,82.900,-1.005,,,,
Pos. Tol.,POS_8,PTOL,2.457,0.000,2.457,0.082,4.231,,CIR_8(M)/NOMINAL - CS_ABC - C-Zone - YZ - Nominal
Circle,2D_CIR_16,Y,-32.401,-32.500,0.099,,,,
Circle,2D_CIR_16,Z,-40.118,-40.000,-0.118,,,,
Circle,2D_CIR_17,Y,-32.386,-32.500,0.114,,,,
Circle,2D_CIR_17,Z,39.910,40.000,-0.090,,,,
Circle,2D_CIR_18,Y,32.514,32.500,0.014,,,,
Circle,2D_CIR_18,Z,40.052,40.000,0.052,,,,
Circle,2D_CIR_19,Y,32.422,32.500,-0.078,,,,
Circle,2D_CIR_19,Z,-40.128,-40.000,-0.128,,,,
Pos. Tol.,POS_2D_16,PTOL,0.307,0.000,0.307,0.000,0.500,,2D_CIR_16/NOMINAL - CS_DE - C-Zone - YZ - Nominal
Pos. Tol.,POS_2D_17,PTOL,0.291,0.000,0.291,0.000,0.500,,2D_CIR_17/NOMINAL - CS_DE - C-Zone - YZ - Nominal
Pos. Tol.,POS_2D_18,PTOL,0.108,0.000,0.108,0.000,0.700,,2D_CIR_18/NOMINAL - CS_DE - C-Zone - YZ - Nominal
Pos. Tol.,POS_2D_19,PTOL,0.300,0.000,0.300,0.000,0.700,,2D_CIR_19/NOMINAL - CS_DE - C-Zone - YZ - Nominal
Distance,INSERT HEIGHT 16,X,0.221,0.000,0.221,,,,CIR_16 - PL_PLAST_16 / CS_DE
Distance,INSERT HEIGHT 17,X,0.225,0.000,0.225,,,,CIR_17 - PL_PLAST_17 / CS_DE
Distance,INSERT HEIGHT 18,X,0.236,0.000,0.236,,,,CIR_18 - PL_PLAST_18 / CS_DE
Distance,INSERT HEIGHT 19,X,0.261,0.000,0.261,,,,CIR_19 - PL_PLAST_19 / CS_DE
Flatness,FLAT_D,FLTN,0.262,0.000,0.262,0.000,1.000,,PL_D
Circle,2D_CIR_20,X,-0.177,0.000,-0.177,,,,
Circle,2D_CIR_20,Z,-0.004,0.000,-0.004,,,,
Circle,2D_CIR_21,X,-0.177,0.000,-0.177,,,,
Circle,2D_CIR_21,Z,0.005,0.000,0.005,,,,
Pos. Tol.,POS_2D_20,PTOL,0.390,0.000,0.390,0.000,0.550,,2D_CIR_20/NOMINAL - CS_HJ - C-Zone - XY - Nominal
Pos. Tol.,POS_2D_21,PTOL,0.406,0.000,0.406,0.000,0.550,,2D_CIR_21/NOMINAL - CS_HJ - C-Zone - XY - Nominal
Distance,H_20,Z,0.298,0.000,0.298,0.000,0.500,,2D_CIR_20 - PL_PLAST_20 / CS_HJ
Distance,H_21,Z,0.222,0.000,0.222,0.000,0.500,,2D_CIR_21 - PL_PLAST_21 / CS_HJ
Circle,CIR_15,X,-108.182,-109.800,1.618,,,,Criterion : Least Square (From 6 Pts On PL_INS_15) 
Circle,CIR_15,Y,24.471,24.200,0.271,,,,
Distance,PROF_15,Z,131.250,130.800,0.450,-1.500,1.500,,CIR_15 - ORIGIN / CS_ABC
Pos. Tol.,POS_15,PTOL,3.282,0.000,3.282,0.000,5.000,,CIR_15/NOMINAL - CS_ABC - C-Zone - XY - Nominal
Distance,H_15,Z,0.242,0.000,0.242,0.000,0.500,,CIR_15 - PL_PLAST_15 / CS_ABC
Pos. Tol.,POS_42,PTOL,4.043,0.000,4.043,0.214,6.363,,CIR_42(M)/NOMINAL - CS_ABC - C-Zone - XYZ - Nominal
Pos. Tol.,POS_20,PTOL,3.806,0.000,3.806,0.000,6.149,,CIR_20/NOMINAL - CS_ABC - C-Zone - XYZ - Nominal
Pos. Tol.,POS_21,PTOL,3.974,0.000,3.974,0.000,6.149,,CIR_21/NOMINAL - CS_ABC - C-Zone - XYZ - Nominal
Circle,CIR_42,DIAM,36.724,36.660,0.064,-0.150,0.150,,Criterion : Least Square (From 20 Pts On PL_PLAST_42) 
Circle,CIR_42,X,-209.257,-210.550,1.293,,,,
Circle,CIR_42,Y,94.468,96.000,-1.532,,,,
Circle,CIR_42,Z,111.682,111.420,0.262,,,,
Circle,CIR_20,X,-231.603,-232.370,0.767,,,,Criterion : Least Square (From 6 Pts On PL_INS_20) 
Circle,CIR_20,Y,105.197,106.800,-1.603,,,,
Circle,CIR_20,Z,92.109,91.430,0.679,,,,
Circle,CIR_21,X,-187.120,-188.730,1.610,,,,Criterion : Least Square (From 6 Pts On PL_INS_21) 
Circle,CIR_21,Y,84.068,85.200,-1.132,,,,
Circle,CIR_21,Z,131.691,131.420,0.271,,,,
Distance,DEPTH_16,D1,17.900,17.800,0.100,0.000,8.000,,PNT_DEPTH_16 - PL_INS_16 / CS_DE
Distance,DEPTH_17,D1,17.986,17.800,0.186,0.000,8.000,,PNT_DEPTH_17 - PL_INS_17 / CS_DE
Distance,DEPTH_18,D1,21.674,17.800,3.874,0.000,8.000,,PNT_DEPTH_18 - PL_INS_18 / CS_DE
Distance,DEPTH_19,D1,23.111,17.800,5.311,0.000,8.000,,PNT_DEPTH_19 - PL_INS_19 / CS_DE
Circle,CIR_16,X,-77.163,-77.073,-0.090,,,,Criterion : Least Square (From 6 Pts On PL_INS_16) 
Circle,CIR_16,Y,59.350,59.880,-0.530,,,,
Circle,CIR_16,Z,41.661,42.924,-1.263,,,,
Circle,CIR_17,X,-75.522,-77.073,1.551,,,,Criterion : Least Square (From 6 Pts On PL_INS_17) 
Circle,CIR_17,Y,59.236,59.880,-0.644,,,,
Circle,CIR_17,Z,121.671,122.924,-1.253,,,,
Circle,CIR_18,X,-81.652,-82.732,1.080,,,,Criterion : Least Square (From 6 Pts On PL_INS_18) 
Circle,CIR_18,Y,123.844,124.633,-0.789,,,,
Circle,CIR_18,Z,122.045,122.924,-0.879,,,,
Circle,CIR_19,X,-83.169,-82.732,-0.437,,,,Criterion : Least Square (From 6 Pts On PL_INS_19) 
Circle,CIR_19,Y,123.894,124.633,-0.739,,,,
Circle,CIR_19,Z,41.878,42.924,-1.046,,,,
Pos. Tol.,POS_16,PTOL,2.740,0.000,2.740,0.000,4.149,,CIR_16/NOMINAL - CS_ABC - C-Zone - YZ - Nominal
Pos. Tol.,POS_17,PTOL,2.817,0.000,2.817,0.000,4.149,,CIR_17/NOMINAL - CS_ABC - C-Zone - YZ - Nominal
Pos. Tol.,POS_18,PTOL,2.363,0.000,2.363,0.000,4.149,,CIR_18/NOMINAL - CS_ABC - C-Zone - YZ - Nominal
Pos. Tol.,POS_19,PTOL,2.562,0.000,2.562,0.000,4.149,,CIR_19/NOMINAL - CS_ABC - C-Zone - YZ - Nominal
Profile of Line,PROF_OP1,PRFL,1.697,0.000,1.697,0.000,2.149,,SCT_OP1
Profile of Line,PROF_OP2,PRFL,0.698,0.000,0.698,0.000,2.149,,SCT_OP2
Profile of Line,PROF_OP3,PRFL,0.777,0.000,0.777,0.000,2.149,,SCT_OP3
Profile of Line,PROF_OP4,PRFL,0.335,0.000,0.335,0.000,2.149,,SCT_OP4
Profile of Line,PROF_OP5,PRFL,0.866,0.000,0.866,0.000,2.149,,SCT_OP5
Profile of Line,PROF_OP6,PRFL,0.727,0.000,0.727,0.000,2.149,,SCT_OP6
Pos. Tol.,POS_B,PTOL,0.000,0.000,0.000,0.000,0.300,,CIR_DATUM_B/NOMINAL - CS_ABC - C-Zone - XZ - Nominal
Pos. Tol.,POS_1,PTOL,0.441,0.000,0.441,0.000,1.149,,CIR1/NOMINAL - CS_ABC - C-Zone - XZ - Nominal
Pos. Tol.,POS_2,PTOL,0.458,0.000,0.458,0.000,1.149,,CIR2/NOMINAL - CS_ABC - C-Zone - XZ - Nominal
Pos. Tol.,POS_3,PTOL,0.130,0.000,0.130,0.000,1.149,,CIR3/NOMINAL - CS_ABC - C-Zone - XZ - Nominal
Pos. Tol.,POS_4,PTOL,0.285,0.000,0.285,0.000,1.149,,CIR4/NOMINAL - CS_ABC - C-Zone - XZ - Nominal
Pos. Tol.,POS_5,PTOL,0.353,0.000,0.353,0.000,1.149,,CIR5/NOMINAL - CS_ABC - C-Zone - XZ - Nominal
Pos. Tol.,POS_6,PTOL,0.589,0.000,0.589,0.000,1.149,,CIR6/NOMINAL - CS_ABC - C-Zone - XZ - Nominal
Pos. Tol.,POS_31,PTOL,0.453,0.000,0.453,0.000,1.149,,CIR31/NOMINAL - CS_ABC - C-Zone - XZ - Nominal
Pos. Tol.,POS_32,PTOL,0.725,0.000,0.725,0.000,1.149,,CIR32/NOMINAL - CS_ABC - C-Zone - XZ - Nominal
Profile of Line,PROF_2D_OW_TB_GROOVE,PRFL,0.570,0.000,0.570,0.000,1.000,,SECT_2D_OW_TB
Profile of Line,PROF_IW_OP1,PRFL,1.420,0.000,1.420,0.000,1.500,,SECT_IW_OP1
Profile of Line,PROF_IW_OP2,PRFL,0.574,0.000,0.574,0.000,1.500,,SECT_IW_OP2
Profile of Line,PROF_IW_OP3,PRFL,0.524,0.000,0.524,0.000,1.500,,SECT_IW_OP3
Profile of Line,PROF_IW_OP4,PRFL,0.371,0.000,0.371,0.000,1.500,,SECT_IW_OP4
Profile of Line,PROF_IW_OP5,PRFL,0.873,0.000,0.873,0.000,1.500,,SECT_IW_OP5
Profile of Line,PROF_IW_OP6,PRFL,1.136,0.000,1.136,0.000,1.500,,SECT_IW_OP6
Pos. Tol.,POS_10,PTOL,1.426,0.000,1.426,0.000,4.149,,CIR_10/NOMINAL - CS_ABC - C-Zone - XZ - Nominal
Pos. Tol.,POS_11,PTOL,3.213,0.000,3.213,0.000,4.149,,CIR_11/NOMINAL - CS_ABC - C-Zone - XZ - Nominal
Pos. Tol.,POS_12,PTOL,4.041,0.000,4.041,0.000,5.149,,CIR_12/NOMINAL - CS_ABC - C-Zone - XZ - Nominal
Pos. Tol.,POS_13,PTOL,3.853,0.000,3.853,0.000,5.149,,CIR_13/NOMINAL - CS_ABC - C-Zone - XZ - Nominal
Pos. Tol.,POS_14,PTOL,2.334,0.000,2.334,0.000,4.149,,CIR_14/NOMINAL - CS_ABC - C-Zone - XZ - Nominal
Pos. Tol.,POS_22,PTOL,3.385,0.000,3.385,0.000,6.149,,SLOT_22/NOMINAL - CS_ABC - C-Zone - XY - Nominal
Pos. Tol.,POS_9,PTOL,4.204,0.000,4.204,0.000,7.149,,CIR_9/NOMINAL - CS_ABC - C-Zone - XYZ - Nominal
Pos. Tol.,POS_25,PTOL,4.522,0.000,4.522,0.000,7.149,,CIR_25/NOMINAL - CS_ABC - C-Zone - XY - Nominal
Pos. Tol.,POS_26,PTOL,4.273,0.000,4.273,0.000,6.149,,CIR_26/NOMINAL - CS_ABC - C-Zone - XY - Nominal
Distance,HEIGHT_B,D1,6.292,6.450,-0.158,-0.100,0.100,-0.058,PNT_TOP_B - PL_FIXTURE / CS_ABC
Distance,HEIGHT_C,D1,6.320,6.450,-0.130,-0.100,0.100,-0.030,PNT_TOP_C - PL_FIXTURE / CS_ABC
Circle,CIR2,X,-16.725,-16.500,-0.225,,,,From 4 Pts On PL_FIXTURE
Circle,CIR2,Z,-351.645,-351.600,-0.045,,,,
Circle,CIR1,X,54.544,54.400,0.144,,,,From 4 Pts On PL_FIXTURE
Circle,CIR1,Z,-346.767,-346.600,-0.167,,,,
Circle,CIR6,X,54.131,54.400,-0.269,,,,From 4 Pts On PL_FIXTURE
Circle,CIR6,Z,-240.721,-240.600,-0.121,,,,
Circle,CIR5,X,54.395,54.400,-0.005,,,,From 4 Pts On PL_FIXTURE
Circle,CIR5,Z,-134.777,-134.600,-0.176,,,,
Circle,CIR4,X,54.402,54.400,0.002,,,,From 4 Pts On PL_FIXTURE
Circle,CIR4,Z,-27.243,-27.100,-0.142,,,,
Circle,CIR3,X,-16.565,-16.500,-0.065,,,,From 4 Pts On PL_FIXTURE
Circle,CIR3,Z,-1.102,-1.100,-0.001,,,,
Circle,CIR32,X,-30.536,-30.200,-0.336,,,,From 4 Pts On PL_FIXTURE
Circle,CIR32,Z,-124.435,-124.300,-0.135,,,,
Circle,CIR31,X,-30.330,-30.200,-0.130,,,,From 4 Pts On PL_FIXTURE
Circle,CIR31,Z,-230.486,-230.300,-0.186,,,,
Distance,DEPTH_TB1,D1,4.965,5.000,-0.035,-0.250,0.250,,TB_BOT_1.1 - PL_D / CS_DE
Distance,DEPTH_TB2,D1,4.900,5.000,-0.100,-0.250,0.250,,TB_BOT_1.2 - PL_D / CS_DE
Distance,DEPTH_TB3,D1,4.917,5.000,-0.083,-0.250,0.250,,TB_BOT_1.3 - PL_D / CS_DE
Distance,DEPTH_TB4,D1,4.891,5.000,-0.109,-0.250,0.250,,TB_BOT_1.4 - PL_D / CS_DE
Distance,DEPTH_TB5,D1,5.072,5.000,0.072,-0.250,0.250,,TB_BOT_1.5 - PL_D / CS_DE
Distance,DEPTH_TB6,D1,4.933,5.000,-0.067,-0.250,0.250,,TB_BOT_1.6 - PL_D / CS_DE
Distance,DEPTH_TB7,D1,4.921,5.000,-0.079,-0.250,0.250,,TB_BOT_1.7 - PL_D / CS_DE
Distance,DEPTH_TB8,D1,4.947,5.000,-0.053,-0.250,0.250,,TB_BOT_1.8 - PL_D / CS_DE
Distance,PROF_RECESS_SURFACE_TB,D1,0.808,0.650,0.158,0.000,0.750,,PL_PLAST_RECESS_TB - PL_D / CS_DE
Distance,OP1_DEPTH_1,D1,6.139,6.000,0.139,-0.250,0.250,,OP1_PT1_DEPTH - PL_FIXTURE / OP1CS
Distance,OP1_DEPTH_2,D1,5.861,6.000,-0.139,-0.250,0.250,,OP1_PT2_DEPTH - PL_FIXTURE / OP1CS
Distance,OP1_DEPTH_3,D1,5.972,6.000,-0.028,-0.250,0.250,,OP1_PT3_DEPTH - PL_FIXTURE / OP1CS
Distance,OP1_DEPTH_4,D1,6.023,6.000,0.023,-0.250,0.250,,OP1_PT4_DEPTH - PL_FIXTURE / OP1CS
Distance,OP1_DEPTH_5,D1,5.986,6.000,-0.014,-0.250,0.250,,OP1_PT5_DEPTH - PL_FIXTURE / OP1CS
Distance,OP1_DEPTH_6,D1,6.047,6.000,0.047,-0.250,0.250,,OP1_PT6_DEPTH - PL_FIXTURE / OP1CS
Distance,OP1_DEPTH_7,D1,6.177,6.000,0.177,-0.250,0.250,,OP1_PT7_DEPTH - PL_FIXTURE / OP1CS
Distance,OP2_DEPTH_1,D1,6.049,6.000,0.049,-0.250,0.250,,OP2_PT1_DEPTH - PL_FIXTURE / OP2CS
Distance,OP2_DEPTH_2,D1,5.998,6.000,-0.002,-0.250,0.250,,OP2_PT2_DEPTH - PL_FIXTURE / OP2CS
Distance,OP2_DEPTH_3,D1,6.006,6.000,0.006,-0.250,0.250,,OP2_PT3_DEPTH - PL_FIXTURE / OP2CS
Distance,OP2_DEPTH_4,D1,6.026,6.000,0.026,-0.250,0.250,,OP2_PT4_DEPTH - PL_FIXTURE / OP2CS
Distance,OP2_DEPTH_5,D1,5.867,6.000,-0.133,-0.250,0.250,,OP2_PT5_DEPTH - PL_FIXTURE / OP2CS
Distance,OP2_DEPTH_6,D1,6.069,6.000,0.069,-0.250,0.250,,OP2_PT6_DEPTH - PL_FIXTURE / OP2CS
Distance,OP2_DEPTH_7,D1,6.131,6.000,0.131,-0.250,0.250,,OP2_PT7_DEPTH - PL_FIXTURE / OP2CS
Distance,OP3_DEPTH_3,D1,6.008,6.000,0.008,-0.250,0.250,,OP3_PT3_DEPTH - PL_FIXTURE / OP3CS
Distance,OP3_DEPTH_4,D1,6.053,6.000,0.053,-0.250,0.250,,OP3_PT4_DEPTH - PL_FIXTURE / OP3CS
Distance,OP3_DEPTH_5,D1,5.912,6.000,-0.088,-0.250,0.250,,OP3_PT5_DEPTH - PL_FIXTURE / OP3CS
Distance,OP3_DEPTH_6,D1,5.900,6.000,-0.100,-0.250,0.250,,OP3_PT6_DEPTH - PL_FIXTURE / OP3CS
Distance,OP4_DEPTH_1,D1,6.040,6.000,0.040,-0.250,0.250,,OP4_PT1_DEPTH - PL_FIXTURE / OP4CS
Distance,OP4_DEPTH_2,D1,6.113,6.000,0.113,-0.250,0.250,,OP4_PT2_DEPTH - PL_FIXTURE / OP4CS
Distance,OP4_DEPTH_3,D1,6.041,6.000,0.041,-0.250,0.250,,OP4_PT3_DEPTH - PL_FIXTURE / OP4CS
Distance,OP4_DEPTH_4,D1,6.043,6.000,0.043,-0.250,0.250,,OP4_PT4_DEPTH - PL_FIXTURE / OP4CS
Distance,OP4_DEPTH_5,D1,5.875,6.000,-0.125,-0.250,0.250,,OP4_PT5_DEPTH - PL_FIXTURE / OP4CS
Distance,OP4_DEPTH_6,D1,6.023,6.000,0.023,-0.250,0.250,,OP4_PT6_DEPTH - PL_FIXTURE / OP4CS
Distance,OP4_DEPTH_7,D1,6.105,6.000,0.105,-0.250,0.250,,OP4_PT7_DEPTH - PL_FIXTURE / OP4CS
Distance,OP5_DEPTH_3,D1,6.056,6.000,0.056,-0.250,0.250,,OP5_PT3_DEPTH - PL_FIXTURE / OP5CS
Distance,OP5_DEPTH_4,D1,6.172,6.000,0.172,-0.250,0.250,,OP5_PT4_DEPTH - PL_FIXTURE / OP5CS
Distance,OP5_DEPTH_5,D1,5.831,6.000,-0.169,-0.250,0.250,,OP5_PT5_DEPTH - PL_FIXTURE / OP5CS
Distance,OP5_DEPTH_6,D1,5.992,6.000,-0.008,-0.250,0.250,,OP5_PT6_DEPTH - PL_FIXTURE / OP5CS
Distance,OP5_DEPTH_7,D1,5.987,6.000,-0.013,-0.250,0.250,,OP5_PT7_DEPTH - PL_FIXTURE / OP5CS
Distance,OP6_DEPTH_1,D1,6.060,6.000,0.060,-0.250,0.250,,OP6_PT1_DEPTH - PL_FIXTURE / OP6CS
Distance,OP6_DEPTH_2,D1,6.094,6.000,0.094,-0.250,0.250,,OP6_PT2_DEPTH - PL_FIXTURE / OP6CS
Distance,OP6_DEPTH_3,D1,6.046,6.000,0.046,-0.250,0.250,,OP6_PT3_DEPTH - PL_FIXTURE / OP6CS
Distance,OP6_DEPTH_4,D1,6.144,6.000,0.144,-0.250,0.250,,OP6_PT4_DEPTH - PL_FIXTURE / OP6CS
Distance,OP6_DEPTH_5,D1,6.165,6.000,0.165,-0.250,0.250,,OP6_PT5_DEPTH - PL_FIXTURE / OP6CS
Distance,OP6_DEPTH_6,D1,6.203,6.000,0.203,-0.250,0.250,,OP6_PT6_DEPTH - PL_FIXTURE / OP6CS
Distance,OP6_DEPTH_7,D1,6.181,6.000,0.181,-0.250,0.250,,OP6_PT7_DEPTH - PL_FIXTURE / OP6CS
Circle,CIR_25,X,-118.062,-120.300,2.238,,,,Inters. PL_PLAST_25 - CYL_25.
Circle,CIR_25,Y,87.075,87.400,-0.325,,,,
Circle,CIR_25,Z,178.552,179.200,-0.648,,,,
Circle,CIR_26,X,-156.605,-158.500,1.895,,,,Inters. PL_PLAST_26 - CYL_26.
Circle,CIR_26,Y,121.115,122.100,-0.985,,,,
Circle,CIR_26,Z,160.302,160.700,-0.398,,,,
Circle,CIR_9,X,-269.986,-270.700,0.715,,,,Inters. PL_PLAST_9 - CYL_9.
Circle,CIR_9,Y,87.741,89.700,-1.959,,,,
Circle,CIR_9,Z,88.567,88.300,0.267,,,,
Circle,CIR_11,DIAM,8.022,8.000,0.022,-0.200,0.200,,Criterion : Least Square (From 8 Pts On PL_PLAST_11) 
Circle,CIR_11,X,-269.641,-270.600,0.959,,,,
Circle,CIR_11,Y,60.811,62.700,-1.889,,,,
Circle,CIR_11,Z,52.689,51.400,1.289,,,,
Circle,CIR_12,DIAM,8.022,8.000,0.022,-0.200,0.200,,Criterion : Least Square (From 8 Pts On PL_PLAST_12) 
Circle,CIR_12,X,-291.469,-290.600,-0.869,,,,
Circle,CIR_12,Y,59.325,62.700,-3.375,,,,
Circle,CIR_12,Z,-146.776,-148.600,1.824,,,,
Circle,CIR_13,DIAM,6.872,6.800,0.072,-0.200,0.200,,Criterion : Least Square (From 8 Pts On PL_PLAST_13) 
Circle,CIR_13,X,-175.943,-174.700,-1.243,,,,
Circle,CIR_13,Y,84.925,86.600,-1.675,,,,
Circle,CIR_13,Z,-372.128,-373.600,1.472,,,,
Circle,CIR_14,DIAM,6.932,6.800,0.132,-0.200,0.200,,Criterion : Least Square (From 8 Pts On PL_PLAST_14) 
Circle,CIR_14,X,13.503,14.500,-0.997,,,,
Circle,CIR_14,Y,35.657,36.000,-0.343,,,,
Circle,CIR_14,Z,-374.993,-375.600,0.607,,,,
Circle,CIR_10,DIAM,6.917,6.800,0.117,-0.200,0.200,,Criterion : Least Square (From 8 Pts On PL_PLAST_10) 
Circle,CIR_10,X,-50.625,-50.100,-0.525,,,,
Circle,CIR_10,Y,127.569,127.700,-0.131,,,,
Circle,CIR_10,Z,-9.083,-8.600,-0.483,,,,
Slot,SLOT_22,LEN,12.617,12.500,0.117,-0.200,0.200,,Criterion : Least Square (From 12 Pts On PL_PLAST_22) 
Slot,SLOT_22,WID,6.584,6.500,0.084,-0.200,0.200,,
Slot,SLOT_22,X,-131.379,-132.730,1.351,,,,
Slot,SLOT_22,Y,104.080,105.100,-1.020,,,,
Slot,SLOT_22,Z,128.295,128.800,-0.505,,,,
Distance,DEPTH_15,D1,22.176,22.000,0.176,0.000,8.000,,PNT_DEPTH_15 - PL_INS_15 / CS_SRF_TEMP_15.2
