Feat. Type,Feat. Name,Value,Actual,Nominal,Dev.,Tol-,Tol+,Out of Tol.,Comment
Text/Value,VAR_PROGRAM,VAL,,,,,,,'N:\Metrolog XG\Programmes\Ford GDTI\GDTI Complete Module_18.gm2'
Text/Value,VAR_EVENEMENT,VAL,,,,,,,'PPAPB +dem+ hebdo '
Text/Value,VAR_COMMENTAIRES,VAL,,,,,,,'305 B'
Circle,CIR1,X,307.471,307.500,-0.029,,,,From 4 Pts On PL_FIXTURE
Circle,CIR1,Z,19.280,19.500,-0.220,,,,
Pos. Tol.,POS_1,PTOL,0.443,0.000,0.443,0.000,1.000,,CIR1/NOMINAL - CS_PORTS_BF - C-Zone - XZ - Nominal
Circle,CIR2,X,201.788,201.500,0.288,,,,From 4 Pts On PL_FIXTURE
Circle,CIR2,Z,19.887,19.500,0.387,,,,
Pos. Tol.,POS_2,PTOL,0.965,0.000,0.965,0.000,1.000,,CIR2/NOMINAL - CS_PORTS_BF - C-Zone - XZ - Nominal
Circle,CIR3,X,95.638,95.500,0.138,,,,From 4 Pts On PL_FIXTURE
Circle,CIR3,Z,19.584,19.500,0.084,,,,
Pos. Tol.,POS_3,PTOL,0.323,0.000,0.323,0.000,1.000,,CIR3/NOMINAL - CS_PORTS_BF - C-Zone - XZ - Nominal
Circle,CIR4,X,0.118,-0.000,0.118,,,,From 4 Pts On PL_WC
Circle,CIR4,Z,-0.204,-0.000,-0.204,,,,
Pos. Tol.,POS_4,PTOL,0.471,0.000,0.471,0.000,1.000,,CIR4/NOMINAL - CS_PORTS_BF - C-Zone - XZ - Nominal
Circle,CIR5,X,333.367,333.500,-0.133,,,,From 4 Pts On PL_FIXTURE
Circle,CIR5,Z,136.441,136.430,0.011,,,,
Pos. Tol.,POS_5,PTOL,0.267,0.000,0.267,0.000,1.000,,CIR5/NOMINAL - CS_PORTS_BF - C-Zone - XZ - Nominal
Circle,CIR6,X,237.966,237.980,-0.014,,,,From 4 Pts On PL_FIXTURE
Circle,CIR6,Z,136.174,136.430,-0.256,,,,
Pos. Tol.,POS_6,PTOL,0.512,0.000,0.512,0.000,1.000,,CIR6/NOMINAL - CS_PORTS_BF - C-Zone - XZ - Nominal
Circle,CIR7,X,132.027,131.980,0.047,,,,From 4 Pts On PL_FIXTURE
Circle,CIR7,Z,136.335,136.430,-0.095,,,,
Pos. Tol.,POS_7,PTOL,0.213,0.000,0.213,0.000,1.000,,CIR7/NOMINAL - CS_PORTS_BF - C-Zone - XZ - Nominal
Circle,CIR8,X,26.066,25.980,0.086,,,,From 4 Pts On PL_FIXTURE
Circle,CIR8,Z,136.356,136.430,-0.074,,,,
Pos. Tol.,POS_8,PTOL,0.227,0.000,0.227,0.000,1.000,,CIR8/NOMINAL - CS_PORTS_BF - C-Zone - XZ - Nominal
Distance,OP1_WIDTH_1,D1,4.069,4.000,0.069,-0.200,0.200,,OP1_P2 - OP1_P6 / OP1_CS
Distance,OP1_WIDTH_2,D1,4.117,4.000,0.117,-0.200,0.200,,OP1_P9 - OP1_P13 / OP1_CS
Distance,OP1_WIDTH_3,D1,4.044,4.000,0.044,-0.200,0.200,,OP1_P16 - OP1_P20 / OP1_CS
Distance,OP1_WIDTH_4,D1,4.125,4.000,0.125,-0.200,0.200,,OP1_P24 - OP1_P28 / OP1_CS
Distance,OP1_WIDTH_5,D1,4.110,4.000,0.110,-0.200,0.200,,OP1_P32 - OP1_P36 / OP1_CS
Distance,OP1_WIDTH_6,D1,4.058,4.000,0.058,-0.200,0.200,,OP1_P40 - OP1_P44 / OP1_CS
Distance,OP1_DEPTH_1,D1,6.161,6.000,0.161,-0.250,0.250,,OP1_P4 - PL_FIXTURE / OP1_CS
Distance,OP1_DEPTH_2,D1,6.126,6.000,0.126,-0.250,0.250,,OP1_P11 - PL_FIXTURE / OP1_CS
Distance,OP1_DEPTH_3,D1,5.957,6.000,-0.043,-0.250,0.250,,OP1_P18 - PL_FIXTURE / OP1_CS
Distance,OP1_DEPTH_4,D1,5.989,6.000,-0.011,-0.250,0.250,,OP1_P26 - PL_FIXTURE / OP1_CS
Distance,OP1_DEPTH_5,D1,5.976,6.000,-0.024,-0.250,0.250,,OP1_P34 - PL_FIXTURE / OP1_CS
Distance,OP1_DEPTH_6,D1,6.099,6.000,0.099,-0.250,0.250,,OP1_P42 - PL_FIXTURE / OP1_CS
Distance,OP2_WIDTH_1,D1,4.077,4.000,0.077,-0.200,0.200,,OP2_P2 - OP2_P6 / OP2_CS
Distance,OP2_WIDTH_2,D1,4.096,4.000,0.096,-0.200,0.200,,OP2_P9 - OP2_P13 / OP2_CS
Distance,OP2_WIDTH_3,D1,4.078,4.000,0.078,-0.200,0.200,,OP2_P16 - OP2_P20 / OP2_CS
Distance,OP2_WIDTH_4,D1,4.095,4.000,0.095,-0.200,0.200,,OP2_P24 - OP2_P28 / OP2_CS
Distance,OP2_WIDTH_5,D1,4.151,4.000,0.151,-0.200,0.200,,OP2_P32 - OP2_P36 / OP2_CS
Distance,OP2_WIDTH_6,D1,4.146,4.000,0.146,-0.200,0.200,,OP2_P40 - OP2_P44 / OP2_CS
Distance,OP2_DEPTH_1,D1,6.269,6.000,0.269,-0.250,0.250,0.019,OP2_P4 - PL_FIXTURE / OP2_CS
Distance,OP2_DEPTH_2,D1,6.252,6.000,0.252,-0.250,0.250,0.002,OP2_P11 - PL_FIXTURE / OP2_CS
Distance,OP2_DEPTH_3,D1,6.026,6.000,0.026,-0.250,0.250,,OP2_P18 - PL_FIXTURE / OP2_CS
Distance,OP2_DEPTH_4,D1,5.922,6.000,-0.078,-0.250,0.250,,OP2_P26 - PL_FIXTURE / OP2_CS
Distance,OP2_DEPTH_5,D1,5.917,6.000,-0.083,-0.250,0.250,,OP2_P34 - PL_FIXTURE / OP2_CS
Distance,OP2_DEPTH_6,D1,6.134,6.000,0.134,-0.250,0.250,,OP2_P42 - PL_FIXTURE / OP2_CS
Distance,OP3_WIDTH_1,D1,4.100,4.000,0.100,-0.200,0.200,,OP3_P2 - OP3_P6 / OP3_CS
Distance,OP3_WIDTH_2,D1,4.086,4.000,0.086,-0.200,0.200,,OP3_P9 - OP3_P13 / OP3_CS
Distance,OP3_WIDTH_3,D1,3.999,4.000,-0.001,-0.200,0.200,,OP3_P16 - OP3_P20 / OP3_CS
Distance,OP3_WIDTH_4,D1,4.122,4.000,0.122,-0.200,0.200,,OP3_P24 - OP3_P28 / OP3_CS
Distance,OP3_WIDTH_5,D1,4.118,4.000,0.118,-0.200,0.200,,OP3_P32 - OP3_P36 / OP3_CS
Distance,OP3_WIDTH_6,D1,4.155,4.000,0.155,-0.200,0.200,,OP3_P40 - OP3_P44 / OP3_CS
Distance,OP3_DEPTH_1,D1,6.219,6.000,0.219,-0.250,0.250,,OP3_P4 - PL_FIXTURE / OP3_CS
Distance,OP3_DEPTH_2,D1,6.152,6.000,0.152,-0.250,0.250,,OP3_P11 - PL_FIXTURE / OP3_CS
Distance,OP3_DEPTH_3,D1,6.120,6.000,0.120,-0.250,0.250,,OP3_P18 - PL_FIXTURE / OP3_CS
Distance,OP3_DEPTH_4,D1,5.993,6.000,-0.007,-0.250,0.250,,OP3_P26 - PL_FIXTURE / OP3_CS
Distance,OP3_DEPTH_5,D1,6.008,6.000,0.008,-0.250,0.250,,OP3_P34 - PL_FIXTURE / OP3_CS
Distance,OP3_DEPTH_6,D1,6.174,6.000,0.174,-0.250,0.250,,OP3_P42 - PL_FIXTURE / OP3_CS
Distance,OP4_WIDTH_1,D1,4.077,4.000,0.077,-0.200,0.200,,OP4_P2 - OP4_P6 / OP4_CS
Distance,OP4_WIDTH_2,D1,4.086,4.000,0.086,-0.200,0.200,,OP4_P9 - OP4_P13 / OP4_CS
Distance,OP4_WIDTH_3,D1,4.043,4.000,0.043,-0.200,0.200,,OP4_P16 - OP4_P20 / OP4_CS
Distance,OP4_WIDTH_4,D1,4.161,4.000,0.161,-0.200,0.200,,OP4_P24 - OP4_P28 / OP4_CS
Distance,OP4_WIDTH_5,D1,4.131,4.000,0.131,-0.200,0.200,,OP4_P32 - OP4_P36 / OP4_CS
Distance,OP4_WIDTH_6,D1,4.061,4.000,0.061,-0.200,0.200,,OP4_P40 - OP4_P44 / OP4_CS
Distance,OP4_DEPTH_1,D1,6.211,6.000,0.211,-0.250,0.250,,OP4_P4 - PL_FIXTURE / OP4_CS
Distance,OP4_DEPTH_2,D1,6.216,6.000,0.216,-0.250,0.250,,OP4_P11 - PL_FIXTURE / OP4_CS
Distance,OP4_DEPTH_3,D1,6.140,6.000,0.140,-0.250,0.250,,OP4_P18 - PL_FIXTURE / OP4_CS
Distance,OP4_DEPTH_4,D1,5.905,6.000,-0.095,-0.250,0.250,,OP4_P26 - PL_FIXTURE / OP4_CS
Distance,OP4_DEPTH_5,D1,5.887,6.000,-0.113,-0.250,0.250,,OP4_P34 - PL_FIXTURE / OP4_CS
Distance,OP4_DEPTH_6,D1,5.987,6.000,-0.013,-0.250,0.250,,OP4_P42 - PL_FIXTURE / OP4_CS
Distance,OP5_WIDTH_1,D1,4.086,4.000,0.086,-0.200,0.200,,OP5_P2 - OP5_P6 / OP5_CS
Distance,OP5_WIDTH_2,D1,4.091,4.000,0.091,-0.200,0.200,,OP5_P9 - OP5_P13 / OP5_CS
Distance,OP5_WIDTH_3,D1,4.140,4.000,0.140,-0.200,0.200,,OP5_P16 - OP5_P20 / OP5_CS
Distance,OP5_WIDTH_4,D1,4.136,4.000,0.136,-0.200,0.200,,OP5_P24 - OP5_P28 / OP5_CS
Distance,OP5_WIDTH_5,D1,4.152,4.000,0.152,-0.200,0.200,,OP5_P32 - OP5_P36 / OP5_CS
Distance,OP5_WIDTH_6,D1,4.122,4.000,0.122,-0.200,0.200,,OP5_P40 - OP5_P44 / OP5_CS
Distance,OP5_DEPTH_1,D1,6.169,6.000,0.169,-0.250,0.250,,OP5_P4 - PL_FIXTURE / OP5_CS
Distance,OP5_DEPTH_2,D1,6.168,6.000,0.168,-0.250,0.250,,OP5_P11 - PL_FIXTURE / OP5_CS
Distance,OP5_DEPTH_3,D1,6.154,6.000,0.154,-0.250,0.250,,OP5_P18 - PL_FIXTURE / OP5_CS
Distance,OP5_DEPTH_4,D1,5.958,6.000,-0.042,-0.250,0.250,,OP5_P26 - PL_FIXTURE / OP5_CS
Distance,OP5_DEPTH_5,D1,5.935,6.000,-0.065,-0.250,0.250,,OP5_P34 - PL_FIXTURE / OP5_CS
Distance,OP5_DEPTH_6,D1,6.060,6.000,0.060,-0.250,0.250,,OP5_P42 - PL_FIXTURE / OP5_CS
Distance,OP6_WIDTH_1,D1,4.088,4.000,0.088,-0.200,0.200,,OP6_P2 - OP6_P6 / OP6_CS
Distance,OP6_WIDTH_2,D1,4.067,4.000,0.067,-0.200,0.200,,OP6_P9 - OP6_P13 / OP6_CS
Distance,OP6_WIDTH_3,D1,4.097,4.000,0.097,-0.200,0.200,,OP6_P16 - OP6_P20 / OP6_CS
Distance,OP6_WIDTH_4,D1,4.089,4.000,0.089,-0.200,0.200,,OP6_P24 - OP6_P28 / OP6_CS
Distance,OP6_WIDTH_5,D1,4.088,4.000,0.088,-0.200,0.200,,OP6_P32 - OP6_P36 / OP6_CS
Distance,OP6_WIDTH_6,D1,3.953,4.000,-0.047,-0.200,0.200,,OP6_P40 - OP6_P44 / OP6_CS
Distance,OP6_DEPTH_1,D1,6.026,6.000,0.026,-0.250,0.250,,OP6_P4 - PL_FIXTURE / OP6_CS
Distance,OP6_DEPTH_2,D1,5.979,6.000,-0.021,-0.250,0.250,,OP6_P11 - PL_FIXTURE / OP6_CS
Distance,OP6_DEPTH_3,D1,6.031,6.000,0.031,-0.250,0.250,,OP6_P18 - PL_FIXTURE / OP6_CS
Distance,OP6_DEPTH_4,D1,6.004,6.000,0.004,-0.250,0.250,,OP6_P26 - PL_FIXTURE / OP6_CS
Distance,OP6_DEPTH_5,D1,6.020,6.000,0.020,-0.250,0.250,,OP6_P34 - PL_FIXTURE / OP6_CS
Distance,OP6_DEPTH_6,D1,6.159,6.000,0.159,-0.250,0.250,,OP6_P42 - PL_FIXTURE / OP6_CS
Circle,CIR_9,X,227.447,227.100,0.347,,,,Criterion : Least Square (From 6 Pts On PL_INS_9) 
Circle,CIR_9,Z,11.768,11.000,0.768,,,,
Pos. Tol.,POS_3D_9,PTOL,1.685,0.000,1.685,0.000,3.000,,CIR_9/NOMINAL - CS_PORTS_BF - C-Zone - XZ - Nominal
Circle,CIR_10,X,38.931,38.500,0.431,,,,Criterion : Least Square (From 6 Pts On PL_INS_10) 
Circle,CIR_10,Z,-5.217,-6.500,1.283,,,,
Pos. Tol.,POS_3D_10,PTOL,2.706,0.000,2.706,0.000,3.000,,CIR_10/NOMINAL - CS_PORTS_BF - C-Zone - XZ - Nominal
Circle,CIR_INS_11,X,64.083,63.500,0.583,,,,Criterion : Least Square (From 6 Pts On PL_INS_11) 
Circle,CIR_INS_11,Z,163.222,163.500,-0.278,,,,
Pos. Tol.,POS_3D_11,PTOL,1.292,0.000,1.292,0.000,3.000,,CIR_INS_11/NOMINAL - CS_PORTS_BF - C-Zone - XZ - Nominal
Circle,CIR_INS_12,X,113.941,113.500,0.441,,,,Criterion : Least Square (From 6 Pts On PL_INS_12) 
Circle,CIR_INS_12,Z,78.280,78.000,0.280,,,,
Pos. Tol.,POS_3D_12,PTOL,1.045,0.000,1.045,0.000,3.000,,CIR_INS_12/NOMINAL - CS_PORTS_BF - C-Zone - XZ - Nominal
Distance,H_9,Y,0.085,0.000,0.085,0.000,0.500,,CIR_9 - PL_PLAST_9 / CS_PORTS_BF
Distance,H_10,Y,0.140,-0.000,0.140,0.000,0.500,,CIR_10 - PL_PLAST_10 / CS_PORTS_BF
Distance,H_11,Y,0.162,0.000,0.162,0.000,0.500,,CIR_INS_11 - PL_PLAST_11 / CS_PORTS_BF
Distance,H_12,Y,0.195,0.000,0.195,0.000,0.500,,CIR_INS_12 - PL_PLAST_12 / CS_PORTS_BF
Circle,CIR_13,X,113.683,113.500,0.183,,,,Criterion : Least Square (From 6 Pts On PL_13) 
Circle,CIR_13,Z,49.843,49.000,0.843,,,,
Pos. Tol.,POS_3D_13,PTOL,1.725,0.000,1.725,0.000,3.000,,CIR_13/NOMINAL - CS_PORTS_BF - C-Zone - XZ - Nominal
Circle,CIR_14_10MM,DIAM,13.172,13.200,-0.028,-0.050,0.050,,Criterion : Least Square (From 8 Pts On PL_14) 
Circle,CIR_14_10MM,X,193.761,193.500,0.261,,,,
Circle,CIR_14_10MM,Z,78.539,78.000,0.539,,,,
Pos. Tol.,POS_3D_14,PTOL,1.128,0.000,1.128,0.000,4.000,,CIR_14_5MM/NOMINAL - CS_PORTS_BF - C-Zone - XZ - Nominal
Circle,CR_15_GF,X,0.000,0.000,0.000,,,,
Circle,CR_15_GF,Z,-21.382,-21.500,0.118,,,,
Pos. Tol.,POS_2D_15,PTOL,0.236,0.000,0.236,0.000,0.500,,CR_15_GF/NOMINAL - CS_GF_15 - C-Zone - XZ - Nominal
Circle,CR_16_GF,X,0.000,0.000,0.000,,,,
Circle,CR_16_GF,Z,-21.440,-21.500,0.060,,,,
Pos. Tol.,POS_2D_16,PTOL,0.121,0.000,0.121,0.000,0.500,,CR_16_GF/NOMINAL - CS_GF_16 - C-Zone - XZ - Nominal
Circle,CIR_17,X,525.224,525.070,0.154,,,,Criterion : Least Square (From 6 Pts On PL_INS_17) 
Circle,CIR_17,Y,60.104,60.535,-0.431,,,,
Circle,CIR_17,Z,55.181,55.645,-0.464,,,,
Pos. Tol.,POS_3D_17,PTOL,1.304,0.000,1.304,0.000,5.000,,CIR_17/NOMINAL - CS_PORTS_BF - C-Zone - XYZ - Nominal
Circle,CIR_18,X,497.628,497.708,-0.081,,,,Criterion : Least Square (From 6 Pts On PL_INS_18) 
Circle,CIR_18,Y,59.377,60.535,-1.158,,,,
Circle,CIR_18,Z,130.046,130.820,-0.774,,,,
Pos. Tol.,POS_3D_18,PTOL,2.791,0.000,2.791,0.000,5.000,,CIR_18/NOMINAL - CS_PORTS_BF - C-Zone - XYZ - Nominal
Circle,CIR_19,X,513.218,513.002,0.217,,,,Criterion : Least Square (From 6 Pts On PL_INS_19) 
Circle,CIR_19,Y,121.884,123.465,-1.581,,,,
Circle,CIR_19,Z,136.479,136.386,0.093,,,,
Pos. Tol.,POS_3D_19,PTOL,3.196,0.000,3.196,0.000,5.000,,CIR_19/NOMINAL - CS_PORTS_BF - C-Zone - XYZ - Nominal
Circle,CIR_20,X,540.527,540.363,0.164,,,,Criterion : Least Square (From 6 Pts On PL_INS_20) 
Circle,CIR_20,Y,122.755,123.465,-0.710,,,,
Circle,CIR_20,Z,61.380,61.211,0.169,,,,
Pos. Tol.,POS_3D_20,PTOL,1.495,0.000,1.495,0.000,5.000,,CIR_20/NOMINAL - CS_PORTS_BF - C-Zone - XYZ - Nominal
Circle,CIR_21,DIAM,74.024,74.000,0.024,,,,Criterion : Least Square (From 12 Pts On PL_D) 
Circle,CIR_21,X,519.146,519.036,0.110,,,,
Circle,CIR_21,Y,90.877,92.000,-1.123,,,,
Circle,CIR_21,Z,95.678,96.015,-0.338,,,,
Pos. Tol.,POS_3D_21,PTOL,2.356,0.000,2.356,0.000,5.000,,CIR_21/NOMINAL - CS_PORTS_BF - C-Zone - XYZ - Nominal
Circle,CR_17_DE,Y,-32.394,-32.500,0.106,,,,
Circle,CR_17_DE,Z,-39.895,-40.000,0.105,,,,
Pos. Tol.,POS_2D_17,PTOL,0.299,0.000,0.299,0.000,0.500,,CR_17_DE/NOMINAL - CS_DE_BF - C-Zone - YZ - Nominal
Circle,CR_18_DE,Y,-32.373,-32.500,0.127,,,,
Circle,CR_18_DE,Z,39.898,40.000,-0.102,,,,
Pos. Tol.,POS_2D_18,PTOL,0.326,0.000,0.326,0.000,0.500,,CR_18_DE/NOMINAL - CS_DE_BF - C-Zone - YZ - Nominal
Circle,CR_19_DE,Y,32.370,32.500,-0.130,,,,
Circle,CR_19_DE,Z,39.956,40.000,-0.044,,,,
Pos. Tol.,POS_2D_19,PTOL,0.275,0.000,0.275,0.000,0.500,,CR_19_DE/NOMINAL - CS_DE_BF - C-Zone - YZ - Nominal
Circle,CR_20_DE,Y,32.396,32.500,-0.104,,,,
Circle,CR_20_DE,Z,-39.959,-40.000,0.041,,,,
Pos. Tol.,POS_2D_20,PTOL,0.222,0.000,0.222,0.000,0.500,,CR_20_DE/NOMINAL - CS_DE_BF - C-Zone - YZ - Nominal
Distance,H17,X,0.052,0.000,0.052,0.000,0.500,,CIR_17 - PL_PLAST_17 / CS_DE_BF
Distance,H18,X,0.178,0.000,0.178,0.000,0.500,,CIR_18 - PL_PLAST_18 / CS_DE_BF
Distance,H19,X,0.263,0.000,0.263,0.000,0.500,,CIR_19 - PL_PLAST_19 / CS_DE_BF
Distance,H20,X,0.097,0.000,0.097,0.000,0.500,,CIR_20 - PL_PLAST_20 / CS_DE_BF
Flatness,FLAT_D,FLTN,0.283,0.000,0.283,0.000,1.000,,PL_D
Distance,WIDTH_TB1,D1,3.116,3.000,0.116,-0.200,0.200,,P0W2.5_1.1 - PIW2.5_1.1 / CS_DE_BF
Distance,WIDTH_TB2,D1,3.043,3.000,0.043,-0.200,0.200,,P0W2.5_1.2 - PIW2.5_1.2 / CS_DE_BF
Distance,WIDTH_TB3,D1,3.091,3.000,0.091,-0.200,0.200,,P0W2.5_1.3 - PIW2.5_1.3 / CS_DE_BF
Distance,WIDTH_TB4,D1,3.114,3.000,0.114,-0.200,0.200,,P0W2.5_1.4 - PIW2.5_1.4 / CS_DE_BF
Distance,WIDTH_TB5,D1,3.087,3.000,0.087,-0.200,0.200,,P0W2.5_1.5 - PIW2.5_1.5 / CS_DE_BF
Distance,WIDTH_TB6,D1,3.128,3.000,0.128,-0.200,0.200,,P0W2.5_1.6 - PIW2.5_1.6 / CS_DE_BF
Distance,WIDTH_TB7,D1,2.957,3.000,-0.043,-0.200,0.200,,P0W2.5_1.7 - PIW2.5_1.7 / CS_DE_BF
Distance,WIDTH_TB8,D1,2.981,3.000,-0.019,-0.200,0.200,,P0W2.5_1.8 - PIW2.5_1.8 / CS_DE_BF
Distance,WIDTH_TB9,D1,2.940,3.000,-0.060,-0.200,0.200,,P0W2.5_1.9 - PIW2.5_1.9 / CS_DE_BF
Distance,WIDTH_TB10,D1,2.956,3.000,-0.044,-0.200,0.200,,P0W2.5_1.10 - PIW2.5_1.10 / CS_DE_BF
Distance,WIDTH_TB11,D1,2.920,3.000,-0.080,-0.200,0.200,,P0W2.5_1.11 - PIW2.5_1.11 / CS_DE_BF
Distance,WIDTH_TB12,D1,3.040,3.000,0.040,-0.200,0.200,,P0W2.5_1.12 - PIW2.5_1.12 / CS_DE_BF
Distance,WIDTH_TB13,D1,3.134,3.000,0.134,-0.200,0.200,,P0W2.5_1.13 - PIW2.5_1.13 / CS_DE_BF
Distance,WIDTH_TB14,D1,3.033,3.000,0.033,-0.200,0.200,,P0W2.5_1.14 - PIW2.5_1.14 / CS_DE_BF
Distance,WIDTH_TB15,D1,3.069,3.000,0.069,-0.200,0.200,,P0W2.5_1.15 - PIW2.5_1.15 / CS_DE_BF
Distance,DEPTH_TB1,D1,5.122,5.000,0.122,-0.250,0.250,,PTB_BOT_1.1 - PL_D / CS_DE_BF
Distance,DEPTH_TB2,D1,5.000,5.000,-0.000,-0.250,0.250,,PTB_BOT_1.2 - PL_D / CS_DE_BF
Distance,DEPTH_TB3,D1,4.890,5.000,-0.110,-0.250,0.250,,PTB_BOT_1.3 - PL_D / CS_DE_BF
Distance,DEPTH_TB4,D1,4.748,5.000,-0.252,-0.250,0.250,-0.002,PTB_BOT_1.4 - PL_D / CS_DE_BF
Distance,DEPTH_TB5,D1,4.708,5.000,-0.292,-0.250,0.250,-0.042,PTB_BOT_1.5 - PL_D / CS_DE_BF
Distance,DEPTH_TB6,D1,4.800,5.000,-0.200,-0.250,0.250,,PTB_BOT_1.6 - PL_D / CS_DE_BF
Distance,DEPTH_TB7,D1,4.915,5.000,-0.085,-0.250,0.250,,PTB_BOT_1.7 - PL_D / CS_DE_BF
Distance,DEPTH_TB8,D1,4.893,5.000,-0.107,-0.250,0.250,,PTB_BOT_1.8 - PL_D / CS_DE_BF
Distance,DEPTH_TB9,D1,4.773,5.000,-0.227,-0.250,0.250,,PTB_BOT_1.9 - PL_D / CS_DE_BF
Distance,DEPTH_TB10,D1,4.721,5.000,-0.279,-0.250,0.250,-0.029,PTB_BOT_1.10 - PL_D / CS_DE_BF
Distance,DEPTH_TB11,D1,5.047,5.000,0.047,-0.250,0.250,,PTB_BOT_1.11 - PL_D / CS_DE_BF
Distance,DEPTH_TB12,D1,5.040,5.000,0.040,-0.250,0.250,,PTB_BOT_1.12 - PL_D / CS_DE_BF
Distance,DEPTH_TB13,D1,5.080,5.000,0.080,-0.250,0.250,,PTB_BOT_1.13 - PL_D / CS_DE_BF
Distance,DEPTH_TB14,D1,5.090,5.000,0.090,-0.250,0.250,,PTB_BOT_1.14 - PL_D / CS_DE_BF
Distance,DEPTH_TB15,D1,5.117,5.000,0.117,-0.250,0.250,,PTB_BOT_1.15 - PL_D / CS_DE_BF
Circle,CR_22,DIAM,22.152,22.200,-0.048,-0.100,0.100,,Criterion : Least Square (From 12 Pts On PL_22) 
Circle,CR_22,X,417.943,417.800,0.143,,,,
Circle,CR_22,Y,130.247,130.900,-0.653,,,,
Circle,CR_22,Z,134.208,134.500,-0.292,,,,
Pos. Tol.,POS_PCV,PTOL,1.459,0.000,1.459,0.000,5.000,,CR_22/NOMINAL - CS_PORTS_BF - C-Zone - XYZ - Nominal
Circle,CR_23_HJ,X,14.093,14.310,-0.217,,,,
Circle,CR_23_HJ,Y,17.179,17.360,-0.181,,,,
Pos. Tol.,POS_2D_23,PTOL,0.565,0.000,0.565,0.000,0.500,0.065,CR_23_HJ/NOMINAL - CS_HJ_BF - C-Zone - XY - Nominal
Circle,CR_24_HJ,X,20.894,21.080,-0.186,,,,
Circle,CR_24_HJ,Y,7.755,7.880,-0.125,,,,
Pos. Tol.,POS_2D_24,PTOL,0.449,0.000,0.449,0.000,0.500,,CR_24_HJ/NOMINAL - CS_HJ_BF - C-Zone - XY - Nominal
Circle,CIR_BREAK,DIAM,9.634,9.600,0.034,-0.100,0.100,,Inters. PL_BREAK - CYL_BREAK.
Circle,CIR_BREAK,X,506.738,506.700,0.038,,,,
Circle,CIR_BREAK,Y,123.377,123.400,-0.023,,,,
Circle,CIR_BREAK,Z,9.283,8.700,0.583,,,,
Pos. Tol.,POS_BRAKE_ASPIRATOR,PTOL,1.169,0.000,1.169,0.000,5.000,,CIR_BREAK/NOMINAL - CS_PORTS_BF - C-Zone - XYZ - Nominal
Circle,CIR_PURGE,X,514.013,513.400,0.613,,,,Inters. PL_PURGE - CYL_PURGE.
Circle,CIR_PURGE,Y,91.605,92.500,-0.895,,,,
Circle,CIR_PURGE,Z,-8.777,-9.000,0.223,,,,
Pos. Tol.,POS_PURGE,PTOL,2.214,0.000,2.214,0.000,5.000,,CIR_PURGE/NOMINAL - CS_PORTS_BF - C-Zone - XYZ - Nominal
Circle,CIR_25_,X,323.562,323.200,0.362,,,,
Circle,CIR_25_,Y,137.698,138.672,-0.974,,,,
Circle,CIR_25_,Z,168.670,168.500,0.170,,,,
Pos. Tol.,POS_25,PTOL,2.106,0.000,2.106,0.000,5.000,,CIR_25_/NOMINAL - CS_PORTS_BF - C-Zone - XYZ - Nominal
Circle,CIR_26_,X,143.533,143.300,0.233,,,,
Circle,CIR_26_,Y,137.996,138.672,-0.676,,,,
Circle,CIR_26_,Z,168.012,168.500,-0.488,,,,
Pos. Tol.,POS_26,PTOL,1.731,0.000,1.731,0.000,5.000,,CIR_26_/NOMINAL - CS_PORTS_BF - C-Zone - XYZ - Nominal
Circle,CIR_25_2D_,X,24.848,25.000,-0.152,,,,
Circle,CIR_25_2D_,Z,-12.992,-13.000,0.008,,,,
Pos. Tol.,POS_2D_25,PTOL,0.305,0.000,0.305,0.000,0.500,,CIR_25_2D_/NOMINAL - CS_LOC_1 - C-Zone - XZ - Nominal
