Feat. Type,Feat. Name,Value,Actual,Nominal,Dev.,Tol-,Tol+,Out of Tol.,Comment
Text/Value,VAR_PROGRAM,VAL,,,,,,,'N:\Metrolog XG\Programmes\D-35\D-35 Moule 2 Complete with TMAP (Module 44).gm2'
Text/Value,VAR_EVENEMENT,VAL,,,,,,,'FIP-05631'
Text/Value,VAR_COMMENTAIRES,VAL,,,,,,,'303 C'
Circle,CIR_DATUM_B,DIAM,7.993,8.000,-0.007,-0.100,0.100,,Criterion : Least Square (From 10 Pts On PL_FIXTURE) 
Circle,CIR_DATUM_B,X,0.000,0.000,0.000,,,,
Circle,CIR_DATUM_B,Z,0.000,0.000,0.000,,,,
Pos. Tol.,POS_B,PTOL,0.000,0.000,0.000,0.107,0.407,,CIR_DATUM_B(M)/NOMINAL - CS_ABC - C-Zone - XZ - Nominal
Distance,DIST_X_Z_DATUM_C,X,-4.463,-4.500,0.037,-0.150,0.150,,PNT_DATUM_C - ORIGIN / CS_ABC
Distance,DIST_X_Z_DATUM_C,Z,351.586,351.600,-0.014,-0.400,0.400,,
Distance,WIDTH_C,D1,7.879,7.850,0.029,-0.050,0.050,,SRF_C_RH - SRF_C_LH / CS_ABC
Circle,CIR1,DIAM,12.144,12.075,0.069,-0.175,0.175,,From 4 Pts On PL_FIXTURE
Circle,CIR1,X,-54.558,-54.500,-0.058,,,,
Circle,CIR1,Z,346.670,346.600,0.070,,,,
Pos. Tol.,POS_1,PTOL,0.181,0.000,0.181,0.244,1.244,,CIR1(M)/NOMINAL - CS_ABC - C-Zone - XZ - Nominal
Circle,CIR2,DIAM,12.058,12.075,-0.017,-0.175,0.175,,From 4 Pts On PL_FIXTURE
Circle,CIR2,X,16.223,16.500,-0.277,,,,
Circle,CIR2,Z,351.621,351.600,0.021,,,,
Pos. Tol.,POS_2,PTOL,0.556,0.000,0.556,0.158,1.158,,CIR2(M)/NOMINAL - CS_ABC - C-Zone - XZ - Nominal
Circle,CIR4,DIAM,12.040,12.075,-0.035,-0.175,0.175,,From 4 Pts On PL_FIXTURE
Circle,CIR4,X,16.084,16.500,-0.416,,,,
Circle,CIR4,Z,0.820,1.100,-0.280,,,,
Pos. Tol.,POS_4,PTOL,1.004,0.000,1.004,0.140,1.140,,CIR4(M)/NOMINAL - CS_ABC - C-Zone - XZ - Nominal
Circle,CIR5,DIAM,12.018,12.075,-0.057,-0.175,0.175,,From 4 Pts On PL_FIXTURE
Circle,CIR5,X,-54.471,-54.500,0.029,,,,
Circle,CIR5,Z,26.981,27.100,-0.119,,,,
Pos. Tol.,POS_5,PTOL,0.245,0.000,0.245,0.118,1.118,,CIR5(M)/NOMINAL - CS_ABC - C-Zone - XZ - Nominal
Circle,CIR6,DIAM,12.172,12.075,0.097,-0.175,0.175,,From 4 Pts On PL_FIXTURE
Circle,CIR6,X,-54.290,-54.500,0.210,,,,
Circle,CIR6,Z,134.514,134.600,-0.086,,,,
Pos. Tol.,POS_6,PTOL,0.455,0.000,0.455,0.272,1.272,,CIR6(M)/NOMINAL - CS_ABC - C-Zone - XZ - Nominal
Circle,CIR7,DIAM,12.132,12.075,0.057,-0.175,0.175,,From 4 Pts On PL_FIXTURE
Circle,CIR7,X,-54.203,-54.500,0.297,,,,
Circle,CIR7,Z,240.575,240.600,-0.025,,,,
Pos. Tol.,POS_7,PTOL,0.595,0.000,0.595,0.232,1.232,,CIR7(M)/NOMINAL - CS_ABC - C-Zone - XZ - Nominal
Profile of Line,PROF_OP1,PRFL,0.623,0.000,0.623,0.000,1.500,,SCT_OP1
Profile of Line,PROF_OP2,PRFL,0.911,0.000,0.911,0.000,1.500,,SCT_OP2
Profile of Line,PROF_OP3,PRFL,0.680,0.000,0.680,0.000,1.500,,SCT_OP3
Profile of Line,PROF_OP4,PRFL,0.430,0.000,0.430,0.000,1.500,,SCT_OP4
Profile of Line,PROF_OP5,PRFL,0.118,0.000,0.118,0.000,1.500,,SCT_OP5
Profile of Line,PROF_OP6,PRFL,0.831,0.000,0.831,0.000,1.500,,SCT_OP6
Distance,WIDTH_OP1.1,D1,4.070,4.000,0.070,-0.200,0.200,,SRF_OP1_IW1 - SRF_OP1_OW1 / CS_ABC
Distance,WIDTH_OP1.2,D1,3.937,4.000,-0.063,-0.200,0.200,,SRF_OP1_IW2 - SRF_OP1_OW2 / CS_ABC
Distance,WIDTH_OP1.3,D1,4.073,4.000,0.073,-0.200,0.200,,SRF_OP1_IW3 - SRF_OP1_OW3 / CS_ABC
Distance,WIDTH_OP1.4,D1,4.129,4.000,0.129,-0.200,0.200,,SRF_OP1_IW4 - SRF_OP1_OW4 / CS_ABC
Distance,WIDTH_OP1.5,D1,4.048,4.000,0.048,-0.200,0.200,,SRF_OP1_IW5 - SRF_OP1_OW5 / CS_ABC
Distance,WIDTH_OP1.6,D1,4.120,4.000,0.120,-0.200,0.200,,SRF_OP1_IW6 - SRF_OP1_OW6 / CS_ABC
Distance,WIDTH_OP1.7,D1,4.003,4.000,0.003,-0.200,0.200,,SRF_OP1_IW7 - SRF_OP1_OW7 / CS_ABC
Distance,WIDTH_OP2.1,D1,3.977,4.000,-0.023,-0.200,0.200,,SRF_OP2_IW1 - SRF_OP2_OW1 / CS_ABC
Distance,WIDTH_OP2.2,D1,4.146,4.000,0.146,-0.200,0.200,,SRF_OP2_IW2 - SRF_OP2_OW2 / CS_ABC
Distance,WIDTH_OP2.3,D1,4.074,4.000,0.074,-0.200,0.200,,SRF_OP2_IW3 - SRF_OP2_OW3 / CS_ABC
Distance,WIDTH_OP2.4,D1,4.060,4.000,0.060,-0.200,0.200,,SRF_OP2_IW4 - SRF_OP2_OW4 / CS_ABC
Distance,WIDTH_OP2.5,D1,4.154,4.000,0.154,-0.200,0.200,,SRF_OP2_IW5 - SRF_OP2_OW5 / CS_ABC
Distance,WIDTH_OP2.6,D1,3.852,4.000,-0.148,-0.200,0.200,,SRF_OP2_IW6 - SRF_OP2_OW6 / CS_ABC
Distance,WIDTH_OP2.7,D1,3.959,4.000,-0.041,-0.200,0.200,,SRF_OP2_IW7 - SRF_OP2_OW7 / CS_ABC
Distance,WIDTH_OP3.1,D1,3.953,4.000,-0.047,-0.200,0.200,,SRF_OP3_IW1 - SRF_OP3_OW1 / CS_ABC
Distance,WIDTH_OP3.2,D1,4.038,4.000,0.038,-0.200,0.200,,SRF_OP3_IW2 - SRF_OP3_OW2 / CS_ABC
Distance,WIDTH_OP3.3,D1,4.090,4.000,0.090,-0.200,0.200,,SRF_OP3_IW3 - SRF_OP3_OW3 / CS_ABC
Distance,WIDTH_OP3.4,D1,4.079,4.000,0.079,-0.200,0.200,,SRF_OP3_IW4 - SRF_OP3_OW4 / CS_ABC
Distance,WIDTH_OP4.1,D1,4.043,4.000,0.043,-0.200,0.200,,SRF_OP4_IW1 - SRF_OP4_OW1 / CS_ABC
Distance,WIDTH_OP4.2,D1,4.162,4.000,0.162,-0.200,0.200,,SRF_OP4_IW2 - SRF_OP4_OW2 / CS_ABC
Distance,WIDTH_OP4.3,D1,4.151,4.000,0.151,-0.200,0.200,,SRF_OP4_IW3 - SRF_OP4_OW3 / CS_ABC
Distance,WIDTH_OP4.4,D1,4.081,4.000,0.081,-0.200,0.200,,SRF_OP4_IW4 - SRF_OP4_OW4 / CS_ABC
Distance,WIDTH_OP4.5,D1,3.992,4.000,-0.008,-0.200,0.200,,SRF_OP4_IW5 - SRF_OP4_OW5 / CS_ABC
Distance,WIDTH_OP4.6,D1,3.952,4.000,-0.048,-0.200,0.200,,SRF_OP4_IW6 - SRF_OP4_OW6 / CS_ABC
Distance,WIDTH_OP4.7,D1,3.881,4.000,-0.119,-0.200,0.200,,SRF_OP4_IW7 - SRF_OP4_OW7 / CS_ABC
Distance,WIDTH_OP5.1,D1,3.915,4.000,-0.085,-0.200,0.200,,SRF_OP5_IW1 - SRF_OP5_OW1 / CS_ABC
Distance,WIDTH_OP5.2,D1,3.948,4.000,-0.052,-0.200,0.200,,SRF_OP5_IW2 - SRF_OP5_OW2 / CS_ABC
Distance,WIDTH_OP5.3,D1,3.977,4.000,-0.023,-0.200,0.200,,SRF_OP5_IW3 - SRF_OP5_OW3 / CS_ABC
Distance,WIDTH_OP5.4,D1,4.101,4.000,0.101,-0.200,0.200,,SRF_OP5_IW4 - SRF_OP5_OW4 / CS_ABC
Distance,WIDTH_OP5.5,D1,4.063,4.000,0.063,-0.200,0.200,,SRF_OP5_IW5 - SRF_OP5_OW5 / CS_ABC
Distance,WIDTH_OP6.1,D1,3.966,4.000,-0.034,-0.200,0.200,,SRF_OP6_IW1 - SRF_OP6_OW1 / CS_ABC
Distance,WIDTH_OP6.2,D1,4.059,4.000,0.059,-0.200,0.200,,SRF_OP6_IW2 - SRF_OP6_OW2 / CS_ABC
Distance,WIDTH_OP6.3,D1,4.097,4.000,0.097,-0.200,0.200,,SRF_OP6_IW3 - SRF_OP6_OW3 / CS_ABC
Distance,WIDTH_OP6.4,D1,4.062,4.000,0.062,-0.200,0.200,,SRF_OP6_IW4 - SRF_OP6_OW4 / CS_ABC
Distance,WIDTH_OP6.5,D1,4.060,4.000,0.060,-0.200,0.200,,SRF_OP6_IW5 - SRF_OP6_OW5 / CS_ABC
Distance,WIDTH_OP6.6,D1,4.154,4.000,0.154,-0.200,0.200,,SRF_OP6_IW6 - SRF_OP6_OW6 / CS_ABC
Distance,WIDTH_OP6.7,D1,4.075,4.000,0.075,-0.300,0.300,,SRF_OP6_IW7 - SRF_OP6_OW7 / CS_TEMP_CIR
Distance,DP_OP1.1,Y,6.136,6.000,0.136,-0.350,0.350,,SRF_OP1_DP1 - PL_FIXTURE / CS_PORTS_BF
Distance,DP_OP1.2,Y,6.057,6.000,0.057,-0.350,0.350,,SRF_OP1_DP2 - PL_FIXTURE / CS_PORTS_BF
Distance,DP_OP1.3,Y,6.005,6.000,0.005,-0.350,0.350,,SRF_OP1_DP3 - PL_FIXTURE / CS_PORTS_BF
Distance,DP_OP1.4,Y,6.021,6.000,0.021,-0.350,0.350,,SRF_OP1_DP4 - PL_FIXTURE / CS_PORTS_BF
Distance,DP_OP1.5,Y,6.144,6.000,0.144,-0.350,0.350,,SRF_OP1_DP5 - PL_FIXTURE / CS_PORTS_BF
Distance,DP_OP1.6,Y,6.224,6.000,0.224,-0.350,0.350,,SRF_OP1_DP6 - PL_FIXTURE / CS_PORTS_BF
Distance,DP_OP1.7,Y,6.214,6.000,0.214,-0.350,0.350,,SRF_OP1_DP7 - PL_FIXTURE / CS_PORTS_BF
Distance,DP_OP2.1,Y,6.146,6.000,0.146,-0.350,0.350,,SRF_OP2_DP1 - PL_FIXTURE / CS_PORTS_BF
Distance,DP_OP2.2,Y,6.019,6.000,0.019,-0.350,0.350,,SRF_OP2_DP2 - PL_FIXTURE / CS_PORTS_BF
Distance,DP_OP2.3,Y,5.974,6.000,-0.026,-0.350,0.350,,SRF_OP2_DP3 - PL_FIXTURE / CS_PORTS_BF
Distance,DP_OP2.4,Y,6.035,6.000,0.035,-0.350,0.350,,SRF_OP2_DP4 - PL_FIXTURE / CS_PORTS_BF
Distance,DP_OP2.5,Y,5.981,6.000,-0.019,-0.350,0.350,,SRF_OP2_DP5 - PL_FIXTURE / CS_PORTS_BF
Distance,DP_OP2.6,Y,6.200,6.000,0.200,-0.350,0.350,,SRF_OP2_DP6 - PL_FIXTURE / CS_PORTS_BF
Distance,DP_OP2.7,Y,6.469,6.000,0.469,-0.350,0.350,0.119,SRF_OP2_DP7 - PL_FIXTURE / CS_PORTS_BF
Distance,DP_OP3.1,Y,6.022,6.000,0.022,-0.350,0.350,,SRF_OP3_DP1 - PL_FIXTURE / CS_PORTS_BF
Distance,DP_OP3.2,Y,6.045,6.000,0.045,-0.350,0.350,,SRF_OP3_DP2 - PL_FIXTURE / CS_PORTS_BF
Distance,DP_OP3.3,Y,6.025,6.000,0.025,-0.350,0.350,,SRF_OP3_DP3 - PL_FIXTURE / CS_PORTS_BF
Distance,DP_OP3.4,Y,6.066,6.000,0.066,-0.350,0.350,,SRF_OP3_DP4 - PL_FIXTURE / CS_PORTS_BF
Distance,DP_OP4.1,Y,6.151,6.000,0.151,-0.350,0.350,,SRF_OP4_DP1 - PL_FIXTURE / CS_PORTS_BF
Distance,DP_OP4.2,Y,6.182,6.000,0.182,-0.350,0.350,,SRF_OP4_DP2 - PL_FIXTURE / CS_PORTS_BF
Distance,DP_OP4.3,Y,6.145,6.000,0.145,-0.350,0.350,,SRF_OP4_DP3 - PL_FIXTURE / CS_PORTS_BF
Distance,DP_OP4.4,Y,6.124,6.000,0.124,-0.350,0.350,,SRF_OP4_DP4 - PL_FIXTURE / CS_PORTS_BF
Distance,DP_OP4.5,Y,5.917,6.000,-0.083,-0.350,0.350,,SRF_OP4_DP5 - PL_FIXTURE / CS_PORTS_BF
Distance,DP_OP4.6,Y,6.010,6.000,0.010,-0.350,0.350,,SRF_OP4_DP6 - PL_FIXTURE / CS_PORTS_BF
Distance,DP_OP4.7,Y,6.110,6.000,0.110,-0.350,0.350,,SRF_OP4_DP7 - PL_FIXTURE / CS_PORTS_BF
Distance,DP_OP5.1,Y,6.088,6.000,0.088,-0.350,0.350,,SRF_OP5_DP1 - PL_FIXTURE / CS_PORTS_BF
Distance,DP_OP5.2,Y,6.086,6.000,0.086,-0.350,0.350,,SRF_OP5_DP2 - PL_FIXTURE / CS_PORTS_BF
Distance,DP_OP5.3,Y,5.969,6.000,-0.031,-0.350,0.350,,SRF_OP5_DP3 - PL_FIXTURE / CS_PORTS_BF
Distance,DP_OP5.4,Y,5.982,6.000,-0.018,-0.350,0.350,,SRF_OP5_DP4 - PL_FIXTURE / CS_PORTS_BF
Distance,DP_OP5.5,Y,5.951,6.000,-0.049,-0.350,0.350,,SRF_OP5_DP5 - PL_FIXTURE / CS_PORTS_BF
Distance,DP_OP6.1,Y,6.078,6.000,0.078,-0.350,0.350,,SRF_OP6_DP1 - PL_FIXTURE / CS_PORTS_BF
Distance,DP_OP6.2,Y,6.096,6.000,0.096,-0.350,0.350,,SRF_OP6_DP2 - PL_FIXTURE / CS_PORTS_BF
Distance,DP_OP6.3,Y,6.113,6.000,0.113,-0.350,0.350,,SRF_OP6_DP3 - PL_FIXTURE / CS_PORTS_BF
Distance,DP_OP6.4,Y,6.064,6.000,0.064,-0.350,0.350,,SRF_OP6_DP4 - PL_FIXTURE / CS_PORTS_BF
Distance,DP_OP6.5,Y,6.056,6.000,0.056,-0.350,0.350,,SRF_OP6_DP5 - PL_FIXTURE / CS_PORTS_BF
Distance,DP_OP6.6,Y,6.087,6.000,0.087,-0.350,0.350,,SRF_OP6_DP6 - PL_FIXTURE / CS_PORTS_BF
Distance,DP_OP6.7,Y,6.057,6.000,0.057,-0.350,0.350,,SRF_OP6_DP7 - PL_FIXTURE / CS_PORTS_BF
Circle,CIR_8,DIAM,75.843,75.600,0.243,-0.500,0.500,,Criterion : Least Square (From 8 Pts On PL_D) 
Circle,CIR_8,X,123.114,122.900,0.214,,,,
Circle,CIR_8,Y,57.004,58.000,-0.996,,,,
Circle,CIR_8,Z,462.404,463.400,-0.996,,,,
Pos. Tol.,POS_8,PTOL,2.850,0.000,2.850,0.000,6.000,,CIR_8/NOMINAL - CS_ABC - C-Zone - XYZ - Nominal
Circle,CIR_18,X,125.395,125.206,0.189,,,,Criterion : Least Square (From 6 Pts On PL_INS_18) 
Circle,CIR_18,Y,89.406,90.408,-1.002,,,,
Circle,CIR_18,Z,502.449,503.440,-0.991,,,,
Pos. Tol.,POS_18,PTOL,2.844,0.000,2.844,0.000,6.000,,CIR_18/NOMINAL - CS_ABC - C-Zone - XYZ - Nominal
Circle,CIR_19,X,119.620,120.671,-1.052,,,,Criterion : Least Square (From 6 Pts On PL_INS_19) 
Circle,CIR_19,Y,24.521,25.567,-1.046,,,,
Circle,CIR_19,Z,502.140,503.440,-1.300,,,,
Pos. Tol.,POS_19,PTOL,3.945,0.000,3.945,0.000,6.000,,CIR_19/NOMINAL - CS_ABC - C-Zone - XYZ - Nominal
Circle,CIR_20,X,120.929,120.671,0.258,,,,Criterion : Least Square (From 6 Pts On PL_INS_20) 
Circle,CIR_20,Y,24.965,25.564,-0.599,,,,
Circle,CIR_20,Z,422.265,423.439,-1.174,,,,
Pos. Tol.,POS_20,PTOL,2.685,0.000,2.685,0.000,6.000,,CIR_20/NOMINAL - CS_ABC - C-Zone - XYZ - Nominal
Circle,CIR_21,X,126.661,125.206,1.456,,,,Criterion : Least Square (From 6 Pts On PL_INS_21) 
Circle,CIR_21,Y,89.785,90.408,-0.623,,,,
Circle,CIR_21,Z,422.638,423.440,-0.803,,,,
Pos. Tol.,POS_21,PTOL,3.551,0.000,3.551,0.000,6.000,,CIR_21/NOMINAL - CS_ABC - C-Zone - XYZ - Nominal
Circle,2D_CIR_18,Y,32.584,32.500,0.084,,,,
Circle,2D_CIR_18,Z,39.879,40.000,-0.121,,,,
Pos. Tol.,POS_2D_18,PTOL,0.295,0.000,0.295,0.000,0.600,,2D_CIR_18/NOMINAL - CS_DE_BF - C-Zone - YZ - Nominal
Circle,2D_CIR_19,Y,-32.559,-32.500,-0.059,,,,
Circle,2D_CIR_19,Z,39.963,40.000,-0.037,,,,
Pos. Tol.,POS_2D_19,PTOL,0.139,0.000,0.139,0.000,0.600,,2D_CIR_19/NOMINAL - CS_DE_BF - C-Zone - YZ - Nominal
Circle,2D_CIR_20,Y,-32.482,-32.500,0.018,,,,
Circle,2D_CIR_20,Z,-39.924,-40.000,0.076,,,,
Pos. Tol.,POS_2D_20,PTOL,0.156,0.000,0.156,0.000,0.600,,2D_CIR_20/NOMINAL - CS_DE_BF - C-Zone - YZ - Nominal
Circle,2D_CIR_21,Y,32.592,32.500,0.092,,,,
Circle,2D_CIR_21,Z,-39.944,-40.000,0.056,,,,
Pos. Tol.,POS_2D_21,PTOL,0.215,0.000,0.215,0.000,0.600,,2D_CIR_21/NOMINAL - CS_DE_BF - C-Zone - YZ - Nominal
Distance,INSERT HEIGHT 18,X,0.117,0.000,0.117,0.000,0.500,,CIR_18 - PL_PLAST_18 / CS_DE_BF_RZ180
Distance,INSERT HEIGHT 19,X,0.175,-0.000,0.175,0.000,0.500,,CIR_19 - PL_PLAST_19 / CS_DE_BF_RZ180
Distance,INSERT HEIGHT 20,X,0.109,-0.000,0.109,0.000,0.500,,CIR_20 - PL_PLAST_20 / CS_DE_BF_RZ180
Distance,INSERT HEIGHT 21,X,0.117,0.000,0.117,0.000,0.500,,CIR_21 - PL_PLAST_21 / CS_DE_BF_RZ180
Distance,WIDTH_TB1,D1,3.019,3.000,0.019,-0.200,0.200,,P0W2.5_1.1 - PIW2.5_1.1 / CS_DE_BF
Distance,WIDTH_TB2,D1,2.924,3.000,-0.076,-0.200,0.200,,P0W2.5_1.2 - PIW2.5_1.2 / CS_DE_BF
Distance,WIDTH_TB3,D1,2.971,3.000,-0.029,-0.200,0.200,,P0W2.5_1.3 - PIW2.5_1.3 / CS_DE_BF
Distance,WIDTH_TB4,D1,3.049,3.000,0.049,-0.200,0.200,,P0W2.5_1.4 - PIW2.5_1.4 / CS_DE_BF
Distance,WIDTH_TB5,D1,3.127,3.000,0.127,-0.200,0.200,,P0W2.5_1.5 - PIW2.5_1.5 / CS_DE_BF
Distance,WIDTH_TB6,D1,3.045,3.000,0.045,-0.200,0.200,,P0W2.5_1.6 - PIW2.5_1.6 / CS_DE_BF
Distance,WIDTH_TB7,D1,3.196,3.000,0.196,-0.200,0.200,,P0W2.5_1.7 - PIW2.5_1.7 / CS_DE_BF
Distance,WIDTH_TB8,D1,3.086,3.000,0.086,-0.200,0.200,,P0W2.5_1.8 - PIW2.5_1.8 / CS_DE_BF
Distance,DEPTH_TB1,X,5.099,5.000,0.099,-0.350,0.350,,TB_BOT_1.1 - PL_D / CS_DE_BF
Distance,DEPTH_TB2,X,5.162,5.000,0.162,-0.350,0.350,,TB_BOT_1.2 - PL_D / CS_DE_BF
Distance,DEPTH_TB3,X,5.091,5.000,0.091,-0.350,0.350,,TB_BOT_1.3 - PL_D / CS_DE_BF
Distance,DEPTH_TB4,X,4.886,5.000,-0.114,-0.350,0.350,,TB_BOT_1.4 - PL_D / CS_DE_BF
Distance,DEPTH_TB5,X,4.764,5.000,-0.236,-0.350,0.350,,TB_BOT_1.5 - PL_D / CS_DE_BF
Distance,DEPTH_TB6,X,4.923,5.000,-0.077,-0.350,0.350,,TB_BOT_1.6 - PL_D / CS_DE_BF
Distance,DEPTH_TB7,X,4.925,5.000,-0.075,-0.350,0.350,,TB_BOT_1.7 - PL_D / CS_DE_BF
Distance,DEPTH_TB8,X,4.961,5.000,-0.039,-0.350,0.350,,TB_BOT_1.8 - PL_D / CS_DE_BF
Flatness,FLAT_D,FLTN,0.077,0.000,0.077,0.000,1.000,,PL_D
Circle,CIR_9,DIAM,12.722,12.600,0.122,-0.100,0.100,0.022,Inters. PL_PLAST_9 - CYL_9.
Circle,CIR_9,X,179.677,178.800,0.877,,,,
Circle,CIR_9,Y,113.756,115.400,-1.644,,,,
Circle,CIR_9,Z,477.752,477.100,0.652,,,,
Pos. Tol.,POS_9,PTOL,3.948,0.000,3.948,0.000,6.000,,CIR_9/NOMINAL - CS_ABC - C-Zone - XYZ - Nominal
Circle,CIR_10,DIAM,16.475,16.325,0.150,-0.125,0.125,0.025,Inters. PL_PLAST_10 - CYL_10.
Circle,CIR_10,X,285.437,284.900,0.537,,,,
Circle,CIR_10,Y,69.562,71.100,-1.538,,,,
Circle,CIR_10,Z,296.175,296.200,-0.025,,,,
Pos. Tol.,POS_10,PTOL,3.259,0.000,3.259,0.000,4.000,,CIR_10/NOMINAL - CS_ABC - C-Zone - XYZ - Nominal
Flatness,FLAT_F,FLTN,0.023,0.000,0.023,0.000,1.000,,PL_11_12
Circle,CIR_13_GAGE,DIAM,16.107,16.100,0.007,-0.100,0.100,,Criterion : Least Square (From 10 Pts On PL_13) 
Circle,CIR_13_GAGE,X,163.679,162.100,1.579,,,,
Circle,CIR_13_GAGE,Z,350.113,350.300,-0.187,,,,
Pos. Tol.,POS_13,PTOL,3.180,0.000,3.180,0.000,4.000,,CIR_13_GAGE/NOMINAL - CS_ABC - C-Zone - XZ - Nominal
Distance,PROF_13,Y,-19.752,-19.600,-0.152,-0.500,0.500,,2D_CIR_13 - PL_11_12 / CS_FG_BF
Circle,CIR_INSERT_11,X,164.286,162.100,2.186,,,,Criterion : Least Square (From 6 Pts On PL_INSERT_11) 
Circle,CIR_INSERT_11,Z,380.049,380.300,-0.251,,,,
Pos. Tol.,POS_11,PTOL,4.400,0.000,4.400,0.000,4.000,0.400,CIR_INSERT_11/NOMINAL - CS_ABC - C-Zone - XZ - Nominal
Distance,PROF_11,Y,88.810,89.100,-0.290,-1.500,1.500,,CIR_INSERT_11 - ORIGIN / CS_ABC
Circle,CIR_INSERT_12,X,163.869,162.100,1.769,,,,Criterion : Least Square (From 8 Pts On PL_INSERT_12) 
Circle,CIR_INSERT_12,Z,320.304,320.300,0.004,,,,
Pos. Tol.,POS_12,PTOL,3.539,0.000,3.539,0.000,4.000,,CIR_INSERT_12/NOMINAL - CS_ABC - C-Zone - XZ - Nominal
Distance,PROF_12,Y,88.967,89.100,-0.133,-1.500,1.500,,CIR_INSERT_12 - ORIGIN / CS_ABC
Circle,2D_CIR_INSERT_11,X,0.235,0.000,0.235,,,,
Circle,2D_CIR_INSERT_11,Z,29.886,30.000,-0.114,,,,
Pos. Tol.,POS_2D_11,PTOL,0.522,0.000,0.522,0.000,0.700,,2D_CIR_INSERT_11/NOMINAL - CS_FG_BF - C-Zone - XZ - Nominal
Distance,INSERT HEIGHT 11,Y,0.143,0.000,0.143,0.000,0.500,,CIR_INSERT_11 - PL_PLAST_11 / CS_FG_BF
Circle,2D_CIR_INSERT_12,X,0.235,0.000,0.235,,,,
Circle,2D_CIR_INSERT_12,Z,-29.860,-30.000,0.140,,,,
Pos. Tol.,POS_2D_12,PTOL,0.547,0.000,0.547,0.000,0.700,,2D_CIR_INSERT_12/NOMINAL - CS_FG_BF - C-Zone - XZ - Nominal
Distance,INSERT HEIGHT 12,Y,0.155,-0.000,0.155,0.000,0.500,,CIR_INSERT_12 - PL_PLAST_12 / CS_FG_BF
Circle,CIR_14,DIAM,6.545,6.500,0.045,-0.100,0.100,,Criterion : Least Square (From 6 Pts On PL_PLAST_14) 
Circle,CIR_14,X,81.549,80.500,1.049,,,,
Circle,CIR_14,Z,317.550,317.600,-0.050,,,,
Pos. Tol.,POS_14,PTOL,2.100,0.000,2.100,0.000,4.000,,CIR_14/NOMINAL - CS_ABC - C-Zone - XZ - Nominal
Distance,PROF_14,Y,97.641,99.800,-2.159,-2.000,2.000,-0.159,CIR_14 - ORIGIN / CS_ABC
Circle,CIR_15,DIAM,7.010,6.975,0.035,-0.225,0.225,,Criterion : Least Square (From 6 Pts On PL_PLAST_15) 
Circle,CIR_15,X,-57.229,-57.500,0.271,,,,
Circle,CIR_15,Z,51.643,51.600,0.043,,,,
Pos. Tol.,POS_15,PTOL,0.550,0.000,0.550,0.000,4.000,,CIR_15/NOMINAL - CS_ABC - C-Zone - XZ - Nominal
Distance,PROF_15,Y,38.797,40.200,-1.403,-2.000,2.000,,CIR_15 - ORIGIN / CS_ABC
Circle,CIR_16,DIAM,6.962,6.975,-0.013,-0.225,0.225,,Criterion : Least Square (From 6 Pts On PL_PLAST_16) 
Circle,CIR_16,X,-56.910,-57.500,0.590,,,,
Circle,CIR_16,Z,263.480,263.600,-0.120,,,,
Pos. Tol.,POS_16,PTOL,1.205,0.000,1.205,0.000,4.000,,CIR_16/NOMINAL - CS_ABC - C-Zone - XZ - Nominal
Distance,PROF_16,Y,39.708,40.200,-0.492,-2.000,2.000,,CIR_16 - ORIGIN / CS_ABC
Circle,CIR_17,DIAM,8.148,8.000,0.148,-0.200,0.200,,Criterion : Least Square (From 6 Pts On PL_PLAST_17) 
Circle,CIR_17,X,-14.398,-14.500,0.102,,,,
Circle,CIR_17,Z,351.733,351.600,0.132,,,,
Pos. Tol.,POS_17,PTOL,0.334,0.000,0.334,0.000,3.000,,CIR_17/NOMINAL - CS_ABC - C-Zone - XZ - Nominal
Distance,PROF_17,Y,35.902,35.900,0.002,-0.500,0.500,,CIR_17 - ORIGIN / CS_ABC
Circle,CIR_23,X,-8.101,-8.500,0.399,,,,Criterion : Least Square (From 10 Pts On PL_PLAST_23) 
Circle,CIR_23,Z,96.687,96.800,-0.113,,,,
Pos. Tol.,POS_23,PTOL,0.829,0.000,0.829,0.000,4.000,,CIR_23/NOMINAL - CS_ABC - C-Zone - XZ - Nominal
Distance,PROF_23,Y,72.250,73.200,-0.950,-2.000,2.000,,CIR_23 - ORIGIN / CS_ABC
Circle,CIR_24,X,-7.786,-8.500,0.714,,,,Criterion : Least Square (From 10 Pts On PL_PLAST_24) 
Circle,CIR_24,Z,202.800,202.800,-0.000,,,,
Pos. Tol.,POS_24,PTOL,1.428,0.000,1.428,0.000,4.000,,CIR_24/NOMINAL - CS_ABC - C-Zone - XZ - Nominal
Distance,PROF_24,Y,72.680,73.200,-0.520,-2.000,2.000,,CIR_24 - ORIGIN / CS_ABC
Circle,CIR_25,DIAM,4.675,4.700,-0.025,-0.100,0.100,,Criterion : Least Square (From 6 Pts On PL_PLAST_25) 
Circle,CIR_25,X,0.240,0.000,0.240,,,,
Circle,CIR_25,Z,0.719,0.000,0.719,,,,
Pos. Tol.,POS_25,PTOL,1.516,0.000,1.516,0.000,2.000,,CIR_25/NOMINAL - CS_ABC - C-Zone - XZ - Nominal
Distance,PROF_25,Y,30.722,30.900,-0.178,-0.500,0.500,,CIR_25 - ORIGIN / CS_ABC
Circle,CIR_26,DIAM,6.610,6.500,0.110,-0.200,0.200,,Criterion : Least Square (From 8 Pts On PL_PLAST_26) 
Circle,CIR_26,X,81.567,80.500,1.067,,,,
Circle,CIR_26,Z,305.139,304.800,0.339,,,,
Pos. Tol.,POS_26,PTOL,2.240,0.000,2.240,0.000,4.000,,CIR_26/NOMINAL - CS_ABC - C-Zone - XZ - Nominal
Distance,PROF_26,Y,112.956,113.700,-0.744,-0.500,0.500,-0.244,CIR_26 - ORIGIN / CS_ABC
Circle,CIR_22,X,224.552,225.500,-0.948,,,,Criterion : Least Square (From 6 Pts On PL_INS_22) 
Circle,CIR_22,Y,-37.474,-35.900,-1.574,,,,
Circle,CIR_22,Z,387.998,388.000,-0.002,,,,
Pos. Tol.,POS_22,PTOL,3.676,0.000,3.676,0.000,6.000,,CIR_22/NOMINAL - CS_ABC - C-Zone - XYZ - Nominal
Distance,INSERT HEIGHT 22,X,0.309,0.000,0.309,0.000,0.500,,CIR_22 - PL_PLAST_22 / CS_22
Circle,CIR_29,DIAM,9.334,9.250,0.084,-0.100,0.100,,Criterion : Least Square (From 8 Pts On PL_PLAST_29) 
Circle,CIR_29,X,134.393,134.100,0.293,,,,
Circle,CIR_29,Z,-10.994,-10.700,-0.294,,,,
Pos. Tol.,POS_29,PTOL,0.830,0.000,0.830,0.000,4.000,,CIR_29/NOMINAL - CS_ABC - C-Zone - XZ - Nominal
Circle,CIR_30,DIAM,9.289,9.250,0.039,-0.100,0.100,,Criterion : Least Square (From 6 Pts On PL_PLAST_30) 
Circle,CIR_30,X,110.870,110.000,0.870,,,,
Circle,CIR_30,Z,313.071,313.200,-0.129,,,,
Pos. Tol.,POS_30,PTOL,1.760,0.000,1.760,0.000,4.000,,CIR_30/NOMINAL - CS_ABC - C-Zone - XZ - Nominal
Circle,CIR_31,DIAM,12.136,12.050,0.086,-0.100,0.100,,Criterion : Least Square (From 12 Pts On PL_PLAST_31) 
Circle,CIR_31,X,240.762,240.842,-0.080,,,,
Circle,CIR_31,Z,28.816,29.405,-0.589,,,,
Circle,CIR_34,DIAM,6.763,6.850,-0.087,-0.100,0.100,,Criterion : Least Square (From 6 Pts On PL_PLAST_34) 
Circle,CIR_34,X,235.817,235.961,-0.144,,,,
Circle,CIR_34,Y,61.598,61.702,-0.104,,,,
Circle,CIR_34,Z,-11.686,-11.244,-0.442,,,,
Circle,2D_CIR_32,DIAM,4.132,4.131,0.002,-0.100,0.100,,
Circle,2D_CIR_32,X,-19.901,-20.000,0.099,,,,
Circle,2D_CIR_32,Z,-0.000,0.000,0.000,,,,
Circle,2D_CIR_33,DIAM,4.128,4.131,-0.002,-0.100,0.100,,
Circle,2D_CIR_33,X,-19.852,-20.000,0.148,,,,
Circle,2D_CIR_33,Z,0.000,0.000,0.000,,,,
Perpend.,PERP_TMAP,PERP,0.061,0.000,0.061,0.000,0.100,,CYL_31/PL_PLAST_31 - C-Zone - Cloud of Points 
