Feat. Type,Feat. Name,Value,Actual,Nominal,Dev.,Tol-,Tol+,Out of Tol.,Comment
Text/Value,VAR_PROGRAM,VAL,,,,,,,'N:\Metrolog XG\Programmes\GM HF FWD GEN II 31xx\GM HF FWD Gen II High Hood 31xx Complete (Module 64).gm2'
Text/Value,VAR_EVENEMENT,VAL,,,,,,,'D�marrage SMED (317A)'
Text/Value,VAR_COMMENTAIRES,VAL,,,,,,,'DEMARRAGE'
Text/Value,PROFILE_DATUM_A,VAL,0.629394,0.000000,0.629394,0.000000,1.000000,,
Text/Value,PROFILE_DATUM_B,VAL,0.469044,0.000000,0.469044,0.000000,1.000000,,
Distance,WIDTH_C,D1,9.023,9.000,0.023,-0.150,0.150,,SRF_C_TOP - SRF_C_DOWN / CS_ABC_SURFACES_C
Pos. Tol.,POS_1,PTOL,0.601,0.000,0.601,0.000,2.500,,CIR1/NOMINAL - CS_ABC_SURFACES_C - C-Zone - XZ - Nominal
Pos. Tol.,POS_2,PTOL,0.474,0.000,0.474,0.000,2.000,,CIR2/NOMINAL - CS_ABC_SURFACES_C - C-Zone - XZ - Nominal
Pos. Tol.,POS_3,PTOL,0.547,0.000,0.547,0.000,2.000,,CIR3/NOMINAL - CS_ABC_SURFACES_C - C-Zone - XZ - Nominal
Pos. Tol.,POS_4,PTOL,0.368,0.000,0.368,0.000,2.000,,CIR4/NOMINAL - CS_ABC_SURFACES_C - C-Zone - XZ - Nominal
Pos. Tol.,POS_5,PTOL,1.170,0.000,1.170,0.000,2.000,,CIR5/NOMINAL - CS_ABC_SURFACES_C - C-Zone - XZ - Nominal
Pos. Tol.,POS_6,PTOL,1.662,0.000,1.662,0.000,2.000,,CIR6/NOMINAL - CS_ABC_SURFACES_C - C-Zone - XZ - Nominal
Pos. Tol.,POS_7,PTOL,0.621,0.000,0.621,0.000,2.000,,CIR7/NOMINAL - CS_ABC_SURFACES_C - C-Zone - XZ - Nominal
Pos. Tol.,POS_8,PTOL,0.325,0.000,0.325,0.000,2.000,,CIR8/NOMINAL - CS_ABC_SURFACES_C - C-Zone - XZ - Nominal
Pos. Tol.,POS_9,PTOL,1.930,0.000,1.930,0.000,4.200,,CIR9/NOMINAL - CS_ABC_SURFACES_C - C-Zone - XZ - Nominal
Circle,CIR1,DIAM,14.999,15.000,-0.001,-0.100,0.150,,From 4 Pts On PL_PLAST_1
Circle,CIR1,X,-51.896,-52.000,0.104,,,,
Circle,CIR1,Y,84.944,85.260,-0.316,,,,
Circle,CIR1,Z,-112.218,-112.500,0.282,,,,
Circle,CIR2,DIAM,15.098,15.000,0.098,-0.100,0.100,,From 4 Pts On PL_PLAST_2
Circle,CIR2,X,-51.764,-52.000,0.236,,,,
Circle,CIR2,Y,85.096,85.260,-0.164,,,,
Circle,CIR2,Z,-18.016,-18.000,-0.016,,,,
Circle,CIR3,DIAM,15.159,15.100,0.059,-0.100,0.200,,From 4 Pts On PL_PLAST_3
Circle,CIR3,X,-51.980,-52.000,0.020,,,,
Circle,CIR3,Y,85.510,85.260,0.250,,,,
Circle,CIR3,Z,87.727,88.000,-0.273,,,,
Circle,CIR4,DIAM,15.053,15.000,0.053,-0.100,0.100,,From 4 Pts On PL_PLAST_4
Circle,CIR4,X,-51.878,-52.000,0.122,,,,
Circle,CIR4,Y,85.344,85.260,0.084,,,,
Circle,CIR4,Z,193.863,194.000,-0.137,,,,
Circle,CIR5,DIAM,15.026,15.000,0.026,-0.100,0.100,,From 4 Pts On PL_PLAST_5
Circle,CIR5,X,51.786,52.000,-0.214,,,,
Circle,CIR5,Y,85.555,85.260,0.295,,,,
Circle,CIR5,Z,154.956,155.500,-0.544,,,,
Circle,CIR6,DIAM,14.889,15.000,-0.111,-0.150,0.100,,From 4 Pts On PL_PLAST_6
Circle,CIR6,X,52.079,52.000,0.079,,,,
Circle,CIR6,Y,85.103,85.260,-0.157,,,,
Circle,CIR6,Z,60.173,61.000,-0.827,,,,
Circle,CIR7,DIAM,14.890,15.000,-0.110,-0.200,0.100,,From 4 Pts On PL_PLAST_7
Circle,CIR7,X,52.287,52.000,0.287,,,,
Circle,CIR7,Y,84.926,85.260,-0.334,,,,
Circle,CIR7,Z,-45.119,-45.000,-0.119,,,,
Circle,CIR8,DIAM,15.081,15.000,0.081,-0.100,0.100,,From 4 Pts On PL_PLAST_8
Circle,CIR8,X,52.092,52.000,0.092,,,,
Circle,CIR8,Y,84.782,85.260,-0.478,,,,
Circle,CIR8,Z,-150.866,-151.000,0.134,,,,
Circle,CIR9,DIAM,12.832,12.860,-0.028,-0.100,0.100,,From 4 Pts On PL_PLAST_9
Circle,CIR9,X,284.052,284.990,-0.938,,,,
Circle,CIR9,Y,25.557,27.530,-1.973,,,,
Circle,CIR9,Z,159.725,159.500,0.225,,,,
Distance,PROFILE_1,Y,84.944,85.250,-0.306,-0.325,0.325,,CIR1 - ORIGIN / CS_ABC_SURFACES_C
Distance,PROFILE_2,Y,85.096,85.250,-0.154,-0.475,0.475,,CIR2 - ORIGIN / CS_ABC_SURFACES_C
Distance,PROFILE_3,Y,85.510,85.250,0.260,-0.325,0.325,,CIR3 - ORIGIN / CS_ABC_SURFACES_C
Distance,PROFILE_4,Y,85.344,85.250,0.094,-0.550,0.550,,CIR4 - ORIGIN / CS_ABC_SURFACES_C
Distance,PROFILE_5,Y,85.555,85.250,0.305,-0.625,0.625,,CIR5 - ORIGIN / CS_ABC_SURFACES_C
Distance,PROFILE_6,Y,85.103,85.250,-0.147,-0.250,0.250,,CIR6 - ORIGIN / CS_ABC_SURFACES_C
Distance,PROFILE_7,Y,84.926,85.250,-0.324,-0.375,0.375,,CIR7 - ORIGIN / CS_ABC_SURFACES_C
Distance,PROFILE_8,Y,84.782,85.250,-0.468,-0.375,0.375,-0.093,CIR8 - ORIGIN / CS_ABC_SURFACES_C
Profile of Line,PROFILE_VERTICAL_OP_1,PRFL,1.846,0.000,1.846,0.000,1.900,,SECTION_VERTICAL_OP_1
Profile of Line,PROFILE_VERTICAL_OP_2,PRFL,0.710,0.000,0.710,0.000,1.500,,SECTION_VERTICAL_OP_2
Profile of Line,PROFILE_VERTICAL_OP_3,PRFL,1.113,0.000,1.113,0.000,1.500,,SECTION_VERTICAL_OP_3
Profile of Line,PROFILE_VERTICAL_OP_4,PRFL,0.533,0.000,0.533,0.000,1.200,,SECTION_VERTICAL_OP_4
Profile of Line,PROFILE_VERTICAL_OP_5,PRFL,0.443,0.000,0.443,0.000,1.200,,SECTION_VERTICAL_OP_5
Profile of Line,PROFILE_VERTICAL_OP_6,PRFL,0.341,0.000,0.341,0.000,1.200,,SECTION_VERTICAL_OP_6
Profile of Line,PROFILE_HORIZONTAL_OP_1,PRFL,1.880,0.000,1.880,0.000,2.300,,SECTION_HORIZONTAL_OP_1
Profile of Line,PROFILE_HORIZONTAL_OP_2,PRFL,0.931,0.000,0.931,0.000,2.000,,SECTION_HORIZONTAL_OP_2
Profile of Line,PROFILE_HORIZONTAL_OP_3,PRFL,1.524,0.000,1.524,0.000,2.000,,SECTION_HORIZONTAL_OP_3
Profile of Line,PROFILE_HORIZONTAL_OP_4,PRFL,1.935,0.000,1.935,0.000,2.000,,SECTION_HORIZONTAL_OP_4
Profile of Line,PROFILE_HORIZONTAL_OP_5,PRFL,1.237,0.000,1.237,0.000,2.000,,SECTION_HORIZONTAL_OP_5
Profile of Line,PROFILE_HORIZONTAL_OP_6,PRFL,0.916,0.000,0.916,0.000,2.000,,SECTION_HORIZONTAL_OP_6
Distance,OP1_WIDTH_1,D1,3.846,3.900,-0.054,-0.150,0.450,,OP1_PT1_OW_GAGE - OP1_PT1_IW_GAGE / CS_BF_OP1
Distance,OP1_WIDTH_2,D1,3.914,3.900,0.014,-0.150,0.150,,OP1_PT2_OW_GAGE - OP1_PT2_IW_GAGE / CS_BF_OP1
Distance,OP1_WIDTH_3,D1,3.865,3.900,-0.035,-0.150,0.150,,OP1_PT3_OW_GAGE - OP1_PT3_IW_GAGE / CS_BF_OP1
Distance,OP1_WIDTH_4,D1,3.901,3.900,0.001,-0.250,0.150,,OP1_PT4_OW_GAGE - OP1_PT4_IW_GAGE / CS_BF_OP1
Distance,OP1_WIDTH_5,D1,3.981,3.900,0.081,-0.150,0.150,,OP1_PT5_OW_GAGE - OP1_PT5_IW_GAGE / CS_BF_OP1
Distance,OP1_WIDTH_6,D1,3.901,3.900,0.001,-0.150,0.150,,OP1_PT6_OW_GAGE - OP1_PT6_IW_GAGE / CS_BF_OP1
Distance,OP1_WIDTH_7,D1,3.973,3.900,0.073,-0.150,0.250,,OP1_PT7_OW_GAGE - OP1_PT7_IW_GAGE / CS_BF_OP1
Distance,OP1_WIDTH_8,D1,3.979,3.900,0.079,-0.150,0.150,,OP1_PT8_OW_GAGE - OP1_PT8_IW_GAGE / CS_BF_OP1
Distance,OP1_DEPTH_1,D1,6.194,6.000,0.194,-0.200,0.300,,PL_FIXTURE_A - OP1_PT1_DEPTH / CS_BF_OP1
Distance,OP1_DEPTH_2,D1,6.173,6.000,0.173,-0.200,0.300,,PL_FIXTURE_A - OP1_PT2_DEPTH / CS_BF_OP1
Distance,OP1_DEPTH_3,D1,5.995,6.000,-0.005,-0.250,0.150,,PL_FIXTURE_A - OP1_PT3_DEPTH / CS_BF_OP1
Distance,OP1_DEPTH_4,D1,5.928,6.000,-0.072,-0.250,0.150,,PL_FIXTURE_A - OP1_PT4_DEPTH / CS_BF_OP1
Distance,OP1_DEPTH_5,D1,5.952,6.000,-0.048,-0.250,0.150,,PL_FIXTURE_A - OP1_PT5_DEPTH / CS_BF_OP1
Distance,OP1_DEPTH_6,D1,5.985,6.000,-0.015,-0.200,0.150,,PL_FIXTURE_A - OP1_PT6_DEPTH / CS_BF_OP1
Distance,OP1_DEPTH_7,D1,6.420,6.000,0.420,-0.150,0.650,,PL_FIXTURE_A - OP1_PT8_DEPTH / CS_BF_OP1
Distance,OP1_DEPTH_8,D1,6.530,6.000,0.530,-0.150,0.650,,PL_FIXTURE_A - OP1_PT8_DEPTH / CS_BF_OP1
Distance,OP2_WIDTH_1,D1,3.853,3.900,-0.047,-0.150,0.150,,OP2_PT1_OW_GAGE - OP2_PT1_IW_GAGE / CS_BF_OP2
Distance,OP2_WIDTH_2,D1,3.902,3.900,0.002,-0.150,0.150,,OP2_PT2_OW_GAGE - OP2_PT2_IW_GAGE / CS_BF_OP2
Distance,OP2_WIDTH_3,D1,3.764,3.900,-0.136,-0.150,0.150,,OP2_PT3_OW_GAGE - OP2_PT3_IW_GAGE / CS_BF_OP2
Distance,OP2_WIDTH_4,D1,3.852,3.900,-0.048,-0.150,0.150,,OP2_PT4_OW_GAGE - OP2_PT4_IW_GAGE / CS_BF_OP2
Distance,OP2_WIDTH_5,D1,4.004,3.900,0.104,-0.150,0.150,,OP2_PT5_OW_GAGE - OP2_PT5_IW_GAGE / CS_BF_OP2
Distance,OP2_WIDTH_6,D1,3.955,3.900,0.055,-0.150,0.150,,OP2_PT6_OW_GAGE - OP2_PT6_IW_GAGE / CS_BF_OP2
Distance,OP2_WIDTH_7,D1,4.195,3.900,0.295,-0.150,0.150,0.145,OP2_PT7_OW_GAGE - OP2_PT7_IW_GAGE / CS_BF_OP2
Distance,OP2_WIDTH_8,D1,3.890,3.900,-0.010,-0.150,0.150,,OP2_PT8_OW_GAGE - OP2_PT8_IW_GAGE / CS_BF_OP2
Distance,OP2_DEPTH_1,D1,5.910,6.000,-0.090,-0.350,0.150,,PL_FIXTURE_A - OP2_PT1_DEPTH / CS_BF_OP2
Distance,OP2_DEPTH_2,D1,6.032,6.000,0.032,-0.300,0.150,,PL_FIXTURE_A - OP2_PT2_DEPTH / CS_BF_OP2
Distance,OP2_DEPTH_3,D1,5.910,6.000,-0.090,-0.300,0.150,,PL_FIXTURE_A - OP2_PT3_DEPTH / CS_BF_OP2
Distance,OP2_DEPTH_4,D1,5.878,6.000,-0.122,-0.300,0.150,,PL_FIXTURE_A - OP2_PT4_DEPTH / CS_BF_OP2
Distance,OP2_DEPTH_5,D1,5.918,6.000,-0.082,-0.300,0.150,,PL_FIXTURE_A - OP2_PT5_DEPTH / CS_BF_OP2
Distance,OP2_DEPTH_6,D1,5.885,6.000,-0.115,-0.300,0.150,,PL_FIXTURE_A - OP2_PT6_DEPTH / CS_BF_OP2
Distance,OP2_DEPTH_7,D1,5.820,6.000,-0.180,-0.350,0.150,,PL_FIXTURE_A - OP2_PT7_DEPTH / CS_BF_OP2
Distance,OP2_DEPTH_8,D1,5.937,6.000,-0.063,-0.350,0.150,,PL_FIXTURE_A - OP2_PT8_DEPTH / CS_BF_OP2
Distance,OP3_WIDTH_1,D1,3.845,3.900,-0.055,-0.150,0.150,,OP3_PT1_OW_GAGE - OP3_PT1_IW_GAGE / CS_BF_OP3
Distance,OP3_WIDTH_2,D1,3.892,3.900,-0.008,-0.150,0.150,,OP3_PT2_OW_GAGE - OP3_PT2_IW_GAGE / CS_BF_OP3
Distance,OP3_WIDTH_3,D1,3.953,3.900,0.053,-0.200,0.150,,OP3_PT3_OW_GAGE - OP3_PT3_IW_GAGE / CS_BF_OP3
Distance,OP3_WIDTH_4,D1,3.972,3.900,0.072,-0.150,0.150,,OP3_PT4_OW_GAGE - OP3_PT4_IW_GAGE / CS_BF_OP3
Distance,OP3_WIDTH_5,D1,4.052,3.900,0.152,-0.150,0.250,,OP3_PT5_OW_GAGE - OP3_PT5_IW_GAGE / CS_BF_OP3
Distance,OP3_WIDTH_6,D1,3.975,3.900,0.075,-0.150,0.150,,OP3_PT6_OW_GAGE - OP3_PT6_IW_GAGE / CS_BF_OP3
Distance,OP3_WIDTH_7,D1,4.186,4.150,0.036,-0.150,0.300,,OP3_PT7_OW_GAGE - OP3_PT7_IW_GAGE / CS_BF_OP3
Distance,OP3_WIDTH_8,D1,3.973,3.900,0.073,-0.150,0.150,,OP3_PT8_OW_GAGE - OP3_PT8_IW_GAGE / CS_BF_OP3
Distance,OP3_DEPTH_1,D1,6.212,6.000,0.212,-0.200,0.500,,PL_FIXTURE_A - OP3_PT2_DEPTH / CS_BF_OP3
Distance,OP3_DEPTH_2,D1,6.212,6.000,0.212,-0.150,0.550,,PL_FIXTURE_A - OP3_PT2_DEPTH / CS_BF_OP3
Distance,OP3_DEPTH_3,D1,5.968,6.000,-0.032,-0.200,0.350,,PL_FIXTURE_A - OP3_PT3_DEPTH / CS_BF_OP3
Distance,OP3_DEPTH_4,D1,5.971,6.000,-0.029,-0.200,0.350,,PL_FIXTURE_A - OP3_PT4_DEPTH / CS_BF_OP3
Distance,OP3_DEPTH_5,D1,6.011,6.000,0.011,-0.200,0.300,,PL_FIXTURE_A - OP3_PT5_DEPTH / CS_BF_OP3
Distance,OP3_DEPTH_6,D1,5.940,6.000,-0.060,-0.150,0.250,,PL_FIXTURE_A - OP3_PT6_DEPTH / CS_BF_OP3
Distance,OP3_DEPTH_7,D1,6.014,6.000,0.014,-0.300,0.400,,PL_FIXTURE_A - OP3_PT8_DEPTH / CS_BF_OP3
Distance,OP3_DEPTH_8,D1,6.014,6.000,0.014,-0.350,0.150,,PL_FIXTURE_A - OP3_PT8_DEPTH / CS_BF_OP3
Distance,OP4_WIDTH_1,D1,3.786,3.900,-0.114,-0.150,0.150,,OP4_PT1_OW_GAGE - OP4_PT1_IW_GAGE / CS_BF_OP4
Distance,OP4_WIDTH_2,D1,3.960,3.900,0.060,-0.150,0.300,,OP4_PT2_OW_GAGE - OP4_PT2_IW_GAGE / CS_BF_OP4
Distance,OP4_WIDTH_3,D1,3.958,3.900,0.058,-0.150,0.150,,OP4_PT3_OW_GAGE - OP4_PT3_IW_GAGE / CS_BF_OP4
Distance,OP4_WIDTH_4,D1,3.886,3.900,-0.014,-0.150,0.150,,OP4_PT4_OW_GAGE - OP4_PT4_IW_GAGE / CS_BF_OP4
Distance,OP4_WIDTH_5,D1,4.011,3.900,0.111,-0.150,0.250,,OP4_PT5_OW_GAGE - OP4_PT5_IW_GAGE / CS_BF_OP4
Distance,OP4_WIDTH_6,D1,3.790,3.900,-0.110,-0.150,0.150,,OP4_PT6_OW_GAGE - OP4_PT6_IW_GAGE / CS_BF_OP4
Distance,OP4_WIDTH_7,D1,3.898,3.900,-0.002,-0.150,0.200,,OP4_PT7_OW_GAGE - OP4_PT7_IW_GAGE / CS_BF_OP4
Distance,OP4_WIDTH_8,D1,3.917,3.900,0.017,-0.150,0.200,,OP4_PT8_OW_GAGE - OP4_PT8_IW_GAGE / CS_BF_OP4
Distance,OP4_DEPTH_1,D1,6.010,6.000,0.010,-0.150,0.200,,PL_FIXTURE_B - OP4_PT1_DEPTH / CS_BF_OP4
Distance,OP4_DEPTH_2,D1,6.221,6.000,0.221,-0.150,0.500,,PL_FIXTURE_B - OP4_PT2_DEPTH / CS_BF_OP4
Distance,OP4_DEPTH_3,D1,6.173,6.000,0.173,-0.150,0.400,,PL_FIXTURE_B - OP4_PT3_DEPTH / CS_BF_OP4
Distance,OP4_DEPTH_4,D1,6.040,6.000,0.040,-0.150,0.150,,PL_FIXTURE_B - OP4_PT4_DEPTH / CS_BF_OP4
Distance,OP4_DEPTH_5,D1,6.071,6.000,0.071,-0.150,0.300,,PL_FIXTURE_B - OP4_PT5_DEPTH / CS_BF_OP4
Distance,OP4_DEPTH_6,D1,6.055,6.000,0.055,-0.150,0.300,,PL_FIXTURE_B - OP4_PT6_DEPTH / CS_BF_OP4
Distance,OP4_DEPTH_7,D1,6.015,6.000,0.015,-0.150,0.250,,PL_FIXTURE_B - OP4_PT7_DEPTH / CS_BF_OP4
Distance,OP4_DEPTH_8,D1,5.988,6.000,-0.012,-0.150,0.250,,PL_FIXTURE_B - OP4_PT8_DEPTH / CS_BF_OP4
Distance,OP5_WIDTH_1,D1,3.682,3.900,-0.218,-0.200,0.150,-0.018,OP5_PT1_OW_GAGE - OP5_PT1_IW_GAGE / CS_BF_OP5
Distance,OP5_WIDTH_2,D1,3.854,3.900,-0.046,-0.150,0.150,,OP5_PT2_OW_GAGE - OP5_PT2_IW_GAGE / CS_BF_OP5
Distance,OP5_WIDTH_3,D1,3.891,3.900,-0.009,-0.150,0.150,,OP5_PT3_OW_GAGE - OP5_PT3_IW_GAGE / CS_BF_OP5
Distance,OP5_WIDTH_4,D1,3.897,3.900,-0.003,-0.150,0.200,,OP5_PT4_OW_GAGE - OP5_PT4_IW_GAGE / CS_BF_OP5
Distance,OP5_WIDTH_5,D1,4.088,3.900,0.188,-0.150,0.400,,OP5_PT5_OW_GAGE - OP5_PT5_IW_GAGE / CS_BF_OP5
Distance,OP5_WIDTH_6,D1,3.991,3.900,0.091,-0.150,0.200,,OP5_PT6_OW_GAGE - OP5_PT6_IW_GAGE / CS_BF_OP5
Distance,OP5_WIDTH_7,D1,3.955,3.900,0.055,-0.150,0.150,,OP5_PT7_OW_GAGE - OP5_PT7_IW_GAGE / CS_BF_OP5
Distance,OP5_WIDTH_8,D1,3.865,3.900,-0.035,-0.150,0.150,,OP5_PT8_OW_GAGE - OP5_PT8_IW_GAGE / CS_BF_OP5
Distance,OP5_DEPTH_1,D1,6.094,6.000,0.094,-0.150,0.400,,PL_FIXTURE_B - OP5_PT1_DEPTH / CS_BF_OP5
Distance,OP5_DEPTH_2,D1,6.094,6.000,0.094,-0.150,0.500,,PL_FIXTURE_B - OP5_PT1_DEPTH / CS_BF_OP5
Distance,OP5_DEPTH_3,D1,6.094,6.000,0.094,-0.150,0.400,,PL_FIXTURE_B - OP5_PT1_DEPTH / CS_BF_OP5
Distance,OP5_DEPTH_4,D1,6.031,6.000,0.031,-0.150,0.200,,PL_FIXTURE_B - OP5_PT4_DEPTH / CS_BF_OP5
Distance,OP5_DEPTH_5,D1,6.068,6.000,0.068,-0.150,0.200,,PL_FIXTURE_B - OP5_PT5_DEPTH / CS_BF_OP5
Distance,OP5_DEPTH_6,D1,6.075,6.000,0.075,-0.150,0.250,,PL_FIXTURE_B - OP5_PT6_DEPTH / CS_BF_OP5
Distance,OP5_DEPTH_7,D1,6.059,6.000,0.059,-0.150,0.400,,PL_FIXTURE_B - OP5_PT7_DEPTH / CS_BF_OP5
Distance,OP5_DEPTH_8,D1,6.094,6.000,0.094,-0.150,0.400,,PL_FIXTURE_B - OP5_PT1_DEPTH / CS_BF_OP5
Distance,OP6_WIDTH_1,D1,3.755,3.900,-0.145,-0.200,0.150,,OP6_PT1_OW_GAGE - OP6_PT1_IW_GAGE / CS_BF_OP6
Distance,OP6_WIDTH_2,D1,3.862,3.900,-0.038,-0.150,0.150,,OP6_PT2_OW_GAGE - OP6_PT2_IW_GAGE / CS_BF_OP6
Distance,OP6_WIDTH_3,D1,3.918,3.900,0.018,-0.150,0.150,,OP6_PT3_OW_GAGE - OP6_PT3_IW_GAGE / CS_BF_OP6
Distance,OP6_WIDTH_4,D1,3.868,3.900,-0.032,-0.150,0.150,,OP6_PT4_OW_GAGE - OP6_PT4_IW_GAGE / CS_BF_OP6
Distance,OP6_WIDTH_5,D1,3.993,3.900,0.093,-0.150,0.200,,OP6_PT5_OW_GAGE - OP6_PT5_IW_GAGE / CS_BF_OP6
Distance,OP6_WIDTH_6,D1,3.954,3.900,0.054,-0.150,0.200,,OP6_PT6_OW_GAGE - OP6_PT6_IW_GAGE / CS_BF_OP6
Distance,OP6_WIDTH_7,D1,3.942,3.900,0.042,-0.150,0.150,,OP6_PT7_OW_GAGE - OP6_PT7_IW_GAGE / CS_BF_OP6
Distance,OP6_WIDTH_8,D1,3.899,3.900,-0.001,-0.150,0.150,,OP6_PT8_OW_GAGE - OP6_PT8_IW_GAGE / CS_BF_OP6
Distance,OP6_DEPTH_1,D1,6.160,6.000,0.160,-0.150,0.400,,PL_FIXTURE_B - OP6_PT1_DEPTH / CS_BF_OP6
Distance,OP6_DEPTH_2,D1,6.150,6.000,0.150,-0.150,0.450,,PL_FIXTURE_B - OP6_PT2_DEPTH / CS_BF_OP6
Distance,OP6_DEPTH_3,D1,6.150,6.000,0.150,-0.150,0.400,,PL_FIXTURE_B - OP6_PT2_DEPTH / CS_BF_OP6
Distance,OP6_DEPTH_4,D1,5.982,6.000,-0.018,-0.150,0.400,,PL_FIXTURE_B - OP6_PT4_DEPTH / CS_BF_OP6
Distance,OP6_DEPTH_5,D1,6.022,6.000,0.022,-0.150,0.400,,PL_FIXTURE_B - OP6_PT5_DEPTH / CS_BF_OP6
Distance,OP6_DEPTH_6,D1,6.095,6.000,0.095,-0.150,0.400,,PL_FIXTURE_B - OP6_PT6_DEPTH / CS_BF_OP6
Distance,OP6_DEPTH_7,D1,6.150,6.000,0.150,-0.150,0.450,,PL_FIXTURE_B - OP6_PT2_DEPTH / CS_BF_OP6
Distance,OP6_DEPTH_8,D1,6.150,6.000,0.150,-0.150,0.500,,PL_FIXTURE_B - OP6_PT2_DEPTH / CS_BF_OP6
Circle,CIR_A,DIAM,73.853,73.500,0.353,-0.500,0.500,,Criterion : Least Square (From 16 Pts On PL_PLAST_A) 
Circle,CIR_A,X,243.151,242.799,0.353,,,,
Circle,CIR_A,Y,136.310,136.926,-0.616,,,,
Circle,CIR_A,Z,156.009,155.357,0.652,,,,
Circle,CIR_INS_11,X,290.354,290.064,0.290,,,,Criterion : Least Square (From 8 Pts On PL_INS_11) 
Circle,CIR_INS_11,Y,161.710,162.379,-0.669,,,,
Circle,CIR_INS_11,Z,150.416,149.158,1.257,,,,
Circle,CIR_INS_12,X,279.208,279.125,0.084,,,,Criterion : Least Square (From 8 Pts On PL_INS_12) 
Circle,CIR_INS_12,Y,102.004,102.451,-0.447,,,,
Circle,CIR_INS_12,Z,166.395,165.216,1.179,,,,
Circle,CIR_INS_13,X,196.949,196.401,0.548,,,,Criterion : Least Square (From 8 Pts On PL_INS_13) 
Circle,CIR_INS_13,Y,116.067,116.540,-0.473,,,,
Circle,CIR_INS_13,Z,161.523,161.441,0.082,,,,
Circle,CIR_INS_14,X,207.851,207.341,0.511,,,,Criterion : Least Square (From 8 Pts On PL_INS_14) 
Circle,CIR_INS_14,Y,176.062,176.469,-0.407,,,,
Circle,CIR_INS_14,Z,145.806,145.383,0.423,,,,
Circle,2D_CIR_INS_11,X,41.868,42.000,-0.132,,,,
Circle,2D_CIR_INS_11,Y,33.853,34.000,-0.147,,,,
Circle,2D_CIR_INS_12,X,41.864,42.000,-0.136,,,,
Circle,2D_CIR_INS_12,Y,-28.952,-29.000,0.048,,,,
Circle,2D_CIR_INS_13,X,-41.732,-42.000,0.268,,,,
Circle,2D_CIR_INS_13,Y,-28.935,-29.000,0.065,,,,
Circle,2D_CIR_INS_14,X,-42.000,-42.000,-0.000,,,,
Circle,2D_CIR_INS_14,Y,34.034,34.000,0.034,,,,
Pos. Tol.,POS_11,PTOL,2.907,0.000,2.907,0.000,4.500,,CIR_INS_11/NOMINAL - CS_ABC_SURFACES_C - C-Zone - XYZ - Nominal
Pos. Tol.,POS_12,PTOL,2.528,0.000,2.528,0.000,3.000,,CIR_INS_12/NOMINAL - CS_ABC_SURFACES_C - C-Zone - XYZ - Nominal
Pos. Tol.,POS_13,PTOL,1.457,0.000,1.457,0.000,3.000,,CIR_INS_13/NOMINAL - CS_ABC_SURFACES_C - C-Zone - XYZ - Nominal
Pos. Tol.,POS_2D_11,PTOL,0.395,0.000,0.395,0.000,0.500,,2D_CIR_INS_11/NOMINAL - CS_D_BF - C-Zone - XY - Nominal
Pos. Tol.,POS_2D_12,PTOL,0.289,0.000,0.289,0.000,0.800,,2D_CIR_INS_12/NOMINAL - CS_D_BF - C-Zone - XY - Nominal
Pos. Tol.,POS_2D_13,PTOL,0.552,0.000,0.552,0.000,0.500,0.052,2D_CIR_INS_13/NOMINAL - CS_D_BF - C-Zone - XY - Nominal
Pos. Tol.,POS_2D_14,PTOL,0.069,0.000,0.069,0.000,0.500,,2D_CIR_INS_14/NOMINAL - CS_D_BF - C-Zone - XY - Nominal
Paral.,PERP_11,PARA,0.245,0.000,0.245,0.000,0.300,,PL_INS_11/PL_PLAST_INS_11 - P-Zone - Cloud of Points 
Paral.,PERP_12,PARA,0.278,0.000,0.278,0.000,0.300,,PL_INS_12/PL_PLAST_INS_12 - P-Zone - Cloud of Points 
Paral.,PERP_13,PARA,0.131,0.000,0.131,0.000,0.300,,PL_INS_13/PL_PLAST_INS_13 - P-Zone - Cloud of Points 
Paral.,PERP_14,PARA,0.020,0.000,0.020,0.000,0.250,,PL_INS_14/PL_PLAST_INS_14 - P-Zone - Cloud of Points 
Flatness,FLATNESS_DATUM_D,FLTN,0.305,0.000,0.305,0.000,0.500,,PL_PLAST_D_TB
Distance,H_11,Z,0.076,-0.000,0.077,0.000,0.400,,CIR_INS_11 - PL_PLAST_INS_11 / CS_D_BF
Distance,H_12,Z,0.076,-0.000,0.076,0.000,0.400,,CIR_INS_12 - PL_PLAST_INS_12 / CS_D_BF
Distance,H_13,Z,0.109,-0.000,0.109,0.000,0.400,,CIR_INS_13 - PL_PLAST_INS_13 / CS_D_BF
Distance,H_14,Z,0.097,-0.000,0.097,0.000,0.400,,CIR_INS_14 - PL_PLAST_INS_14 / CS_D_BF
Profile of Line,PROFILE_SURFACE_D,PRFL,1.965,0.000,1.965,0.000,3.000,,SECTION_D
Distance,PROF_INS_11_D,D1,0.684,0.650,0.034,-0.150,0.150,,CIR_INS_11 - PL_PLAST_D_TB / CS_D_BF
Distance,PROF_INS_12_D,D1,0.721,0.650,0.071,-0.150,0.150,,CIR_INS_12 - PL_PLAST_D_TB / CS_D_BF
Distance,PROF_INS_13_D,D1,0.638,0.650,-0.012,-0.150,0.150,,CIR_INS_13 - PL_PLAST_D_TB / CS_D_BF
Distance,PROF_INS_14_D,D1,0.932,0.650,0.282,-0.150,0.150,0.132,CIR_INS_14 - PL_PLAST_D_TB / CS_D_BF
Distance,WIDTH_TBA_1,D1,3.193,3.250,-0.057,-0.150,0.150,,0W2.5_1.1 - IW2.5_1.1 / CS_D_BF
Distance,WIDTH_TBA_2,D1,3.172,3.250,-0.078,-0.150,0.150,,0W2.5_1.2 - IW2.5_1.2 / CS_D_BF
Distance,WIDTH_TBA_3,D1,3.273,3.250,0.023,-0.150,0.150,,0W2.5_1.3 - IW2.5_1.3 / CS_D_BF
Distance,WIDTH_TBA_4,D1,3.241,3.250,-0.009,-0.150,0.150,,0W2.5_1.4 - IW2.5_1.4 / CS_D_BF
Distance,WIDTH_TBA_5,D1,3.128,3.250,-0.122,-0.200,0.150,,0W2.5_1.5 - IW2.5_1.5 / CS_D_BF
Distance,WIDTH_TBA_6,D1,3.245,3.250,-0.005,-0.150,0.150,,0W2.5_1.6 - IW2.5_1.6 / CS_D_BF
Distance,WIDTH_TBA_7,D1,3.249,3.250,-0.001,-0.150,0.150,,0W2.5_1.7 - IW2.5_1.7 / CS_D_BF
Distance,WIDTH_TBA_8,D1,3.256,3.250,0.006,-0.150,0.150,,0W2.5_1.8 - IW2.5_1.8 / CS_D_BF
Distance,DEPTH_TBA_1,D1,5.207,5.150,0.057,-0.300,0.350,,TB_BOT_1.1 - PL_D / CS_D_BF
Distance,DEPTH_TBA_2,D1,5.157,5.150,0.007,-0.300,0.350,,TB_BOT_1.2 - PL_D / CS_D_BF
Distance,DEPTH_TBA_3,D1,5.131,5.150,-0.019,-0.300,0.400,,TB_BOT_1.3 - PL_D / CS_D_BF
Distance,DEPTH_TBA_4,D1,5.317,5.150,0.167,-0.300,0.600,,TB_BOT_1.4 - PL_D / CS_D_BF
Distance,DEPTH_TBA_5,D1,5.315,5.150,0.165,-0.300,0.500,,TB_BOT_1.5 - PL_D / CS_D_BF
Distance,DEPTH_TBA_6,D1,5.189,5.150,0.039,-0.300,0.300,,TB_BOT_1.6 - PL_D / CS_D_BF
Distance,DEPTH_TBA_7,D1,5.363,5.150,0.213,-0.300,0.500,,TB_BOT_1.7 - PL_D / CS_D_BF
Distance,DEPTH_TBA_8,D1,5.385,5.150,0.235,-0.300,0.500,,TB_BOT_1.8 - PL_D / CS_D_BF
Circle,CIR_10,DIAM,4.852,4.950,-0.098,-0.100,0.100,,Criterion : Least Square (From 6 Pts On PL_PLAST_10) 
Circle,CIR_10,X,12.342,12.000,0.342,,,,
Circle,CIR_10,Y,179.023,178.230,0.793,,,,
Circle,CIR_10,Z,118.925,119.500,-0.575,,,,
Circle,CIR_21,DIAM,4.635,4.820,-0.185,-0.100,0.100,-0.085,Criterion : Least Square (From 6 Pts On PL_PLAST_21) 
Circle,CIR_21,X,13.022,11.854,1.167,,,,
Circle,CIR_21,Y,178.461,178.230,0.230,,,,
Circle,CIR_21,Z,-92.959,-92.440,-0.519,,,,
Circle,CIR_24,DIAM,4.749,4.820,-0.071,-0.100,0.100,,Criterion : Least Square (From 6 Pts On PL_PLAST_24) 
Circle,CIR_24,X,221.658,220.847,0.811,,,,
Circle,CIR_24,Y,202.261,203.230,-0.970,,,,
Circle,CIR_24,Z,-7.669,-7.568,-0.101,,,,
Pos. Tol.,POS_10,PTOL,1.339,0.000,1.339,0.000,3.000,,CIR_10/NOMINAL - CS_ABC_SURFACES_C - C-Zone - XZ - Nominal
Pos. Tol.,POS_21,PTOL,2.555,0.000,2.555,0.000,3.000,,CIR_21/NOMINAL - CS_ABC_SURFACES_C - C-Zone - XZ - Nominal
Pos. Tol.,POS_24,PTOL,1.634,0.000,1.634,0.000,3.000,,CIR_24/NOMINAL - CS_ABC_SURFACES_C - C-Zone - XZ - Nominal
Distance,PROF_10,Y,179.023,178.230,0.793,-1.500,1.500,,CIR_10 - ORIGIN / CS_ABC_SURFACES_C
Distance,PROF_21,Y,178.461,178.230,0.230,-1.500,1.500,,CIR_21 - ORIGIN / CS_ABC_SURFACES_C
Distance,PROF_24,Y,202.261,203.230,-0.970,-1.500,1.500,,CIR_24 - ORIGIN / CS_ABC_SURFACES_C
Circle,CIR_17,X,-51.134,-52.000,0.866,,,,Proj. CIR_17 / PL_PLAST_17.
Circle,CIR_17,Y,76.143,75.580,0.562,,,,
Circle,CIR_17,Z,148.932,149.000,-0.068,,,,
Circle,CIR_18,X,-50.474,-52.000,1.526,,,,Criterion : Least Square (From 6 Pts On PL_INS_18) 
Circle,CIR_18,Y,75.963,75.580,0.383,,,,
Circle,CIR_18,Z,-67.956,-68.000,0.045,,,,
Circle,CIR_20,X,-25.938,-27.000,1.062,,,,Criterion : Least Square (From 6 Pts On PL_INS_20) 
Circle,CIR_20,Y,181.358,180.580,0.778,,,,
Circle,CIR_20,Z,-92.482,-93.000,0.518,,,,
Circle,CIR_22,X,209.591,207.607,1.985,,,,Criterion : Least Square (From 6 Pts On PL_INS_22) 
Circle,CIR_22,Y,189.261,190.580,-1.320,,,,
Circle,CIR_22,Z,-103.231,-103.394,0.163,,,,
Circle,CIR_23,X,233.479,231.607,1.872,,,,Criterion : Least Square (From 6 Pts On PL_INS_23) 
Circle,CIR_23,Y,189.383,190.580,-1.197,,,,
Circle,CIR_23,Z,-71.030,-71.394,0.364,,,,
Pos. Tol.,POS_17,PTOL,1.738,0.000,1.738,0.000,3.000,,CIR_17/NOMINAL - CS_ABC_SURFACES_C - C-Zone - XZ - Nominal
Pos. Tol.,POS_18,PTOL,3.053,0.000,3.053,0.000,3.000,0.053,CIR_18/NOMINAL - CS_ABC_SURFACES_C - C-Zone - XZ - Nominal
Pos. Tol.,POS_20,PTOL,2.364,0.000,2.364,0.000,3.000,,CIR_20/NOMINAL - CS_ABC_SURFACES_C - C-Zone - XZ - Nominal
Pos. Tol.,POS_22,PTOL,3.983,0.000,3.983,0.000,4.500,,CIR_22/NOMINAL - CS_ABC_SURFACES_C - C-Zone - XZ - Nominal
Pos. Tol.,POS_23,PTOL,3.815,0.000,3.815,0.000,4.500,,CIR_23/NOMINAL - CS_ABC_SURFACES_C - C-Zone - XZ - Nominal
Distance,H_20,Y,0.068,0.000,0.068,0.000,0.400,,CIR_20 - PL_PLAST_20 / CS_ABC_BF_SURFACES
Circle,CIR_25,DIAM,12.084,12.050,0.034,-0.080,0.080,,Criterion : Least Square (From 12 Pts On PL_PLAST_25) 
Circle,CIR_25,X,262.487,261.590,0.897,,,,
Circle,CIR_25,Y,195.220,196.720,-1.500,,,,
Circle,CIR_25,Z,50.388,49.700,0.688,,,,
Circle,2D_CIR_26,DIAM,4.767,4.700,0.067,-0.100,0.100,,
Circle,2D_CIR_26,X,-17.447,-17.500,0.053,,,,
Circle,2D_CIR_26,Z,0.000,0.000,0.000,,,,
Pos. Tol.,POS_25,PTOL,2.261,0.000,2.261,0.000,3.000,,CIR_25/NOMINAL - CS_ABC_SURFACES_C - C-Zone - XZ - Nominal
Pos. Tol.,POS_2D_26,PTOL,0.106,0.000,0.106,0.000,0.500,,2D_CIR_26/NOMINAL - CS_FG - C-Zone - XZ - Nominal
Distance,PROF_25,Y,195.220,196.720,-1.500,-1.500,1.500,,CIR_25 - ORIGIN / CS_ABC_SURFACES_C
Distance,PROF_27,Y,146.155,147.730,-1.575,-1.500,1.500,-0.075,CIR_27 - ORIGIN / CS_ABC_SURFACES_C
Distance,PROF_28,Y,155.035,153.930,1.105,-1.500,1.500,,CIR_28 - ORIGIN / CS_ABC_SURFACES_C
Pos. Tol.,POS_27,PTOL,4.475,0.000,4.475,0.000,5.000,,CIR_27/NOMINAL - CS_ABC_SURFACES_C - C-Zone - XZ - Nominal
Pos. Tol.,POS_28,PTOL,0.370,0.000,0.370,0.000,4.200,,CIR_28/NOMINAL - CS_ABC_SURFACES_C - C-Zone - XZ - Nominal
Circle,CIR_27,DIAM,6.200,6.350,-0.150,-0.250,0.250,,Criterion : Least Square (From 6 Pts On PL_PLAST_27) 
Circle,CIR_27,X,272.175,270.100,2.075,,,,
Circle,CIR_27,Y,146.155,147.700,-1.545,,,,
Circle,CIR_27,Z,-52.003,-52.840,0.837,,,,
Circle,CIR_28,DIAM,6.397,6.350,0.047,-0.250,0.250,,Criterion : Least Square (From 6 Pts On PL_PLAST_28) 
Circle,CIR_28,X,100.007,100.090,-0.083,,,,
Circle,CIR_28,Y,155.035,153.930,1.105,,,,
Circle,CIR_28,Z,175.835,176.000,-0.165,,,,
Circle,CIR_29,DIAM,12.185,12.170,0.015,-0.080,0.080,,Criterion : Least Square (From 16 Pts On PL_DATUM_H) 
Circle,CIR_29,X,307.797,306.650,1.147,,,,
Circle,CIR_29,Y,-10.681,-10.310,-0.371,,,,
Circle,CIR_29,Z,171.628,173.470,-1.842,,,,
Pos. Tol.,POS_29,PTOL,4.340,0.000,4.340,0.000,5.000,,CIR_29/NOMINAL - CS_ABC_BF_SURFACES_ROTATED - C-Zone - XZ - Nominal
Circle,2D_CIR_30,X,-23.406,-23.500,0.094,,,,
Circle,2D_CIR_30,Z,0.000,0.000,0.000,,,,
Pos. Tol.,POS_2D_30,PTOL,0.189,0.000,0.189,0.000,0.500,,2D_CIR_30/NOMINAL - CS_HJ - C-Zone - XZ - Nominal
Distance,H_30,Y,0.204,0.000,0.204,0.000,0.400,,2D_CIR_30 - PL_PLAST_30 / CS_HJ
Distance,PROF_31,Z,-201.972,-201.782,-0.190,-1.500,1.500,,CIR_31 - ORIGIN / CS_ABC_SURFACES_C
Distance,PROF_32,Y,173.562,173.000,0.562,-1.500,1.500,,CIR_32 - ORIGIN / CS_ABC_BF_SURFACES_ROTATED
Distance,PROF_33,Y,148.046,148.000,0.046,-1.500,1.500,,CIR_33 - ORIGIN / CS_ABC_BF_SURFACES_ROTATED
Circle,CIR_31,DIAM,11.736,11.800,-0.064,-0.100,0.100,,Inters. PL_PLAST_31 - CYL_31.
Circle,CIR_31,X,158.272,157.240,1.032,,,,
Circle,CIR_31,Y,132.530,135.320,-2.790,,,,
Circle,CIR_32,X,11.286,11.000,0.286,,,,Criterion : Least Square (From 8 Pts On PL_INS_32) 
Circle,CIR_32,Z,125.248,124.730,0.518,,,,
Circle,CIR_33,X,-59.576,-60.000,0.424,,,,Criterion : Least Square (From 8 Pts On PL_INS_33) 
Circle,CIR_33,Z,125.530,124.730,0.800,,,,
Circle,2D_CIR_33,X,-71.046,-71.000,-0.046,,,,
Circle,2D_CIR_33,Z,0.000,0.000,0.000,,,,
Circle,2D_CIR_32,X,-0.000,0.000,0.000,,,,
Circle,2D_CIR_32,Z,0.000,0.000,0.000,,,,
Pos. Tol.,POS_31,PTOL,5.950,0.000,5.950,0.000,6.350,,CIR_31/NOMINAL - CS_ABC_SURFACES_C - C-Zone - XY - Nominal
Pos. Tol.,POS_32,PTOL,1.261,0.000,1.261,0.000,3.000,,CIR_32/NOMINAL - CS_ABC_BF_SURFACES_ROTATED - C-Zone - XY - Nominal
Pos. Tol.,POS_33,PTOL,0.854,0.000,0.854,0.000,3.000,,CIR_33/NOMINAL - CS_ABC_BF_SURFACES_ROTATED - C-Zone - XY - Nominal
Pos. Tol.,POS_2D_33,PTOL,0.091,0.000,0.091,0.000,0.500,,2D_CIR_33/NOMINAL - CS_K_BF - C-Zone - XZ - Nominal
Distance,H_32,Y,0.227,0.150,0.077,-0.150,0.150,,CIR_32 - PL_PLAST_32 / CS_K
Distance,H_33,Y,0.109,0.150,-0.041,-0.150,0.150,,CIR_33 - PL_PLAST_33 / CS_K
Distance,H_19,Y,0.068,0.000,0.068,0.000,0.400,,CIR_19 - PL_PLAST_19 / CS_ABC_BF_SURFACES
