Feat. Type,Feat. Name,Value,Actual,Nominal,Dev.,Tol-,Tol+,Out of Tol.,Comment
Text/Value,VAR_PROGRAM,VAL,,,,,,,'N:\Metrolog XG\Programmes\Mercury Marine Great White V8\Mercury Marine Great White V8 Runner Pack RH (Module 51).gm2'
Text/Value,VAR_EVENEMENT,VAL,,,,,,,'ppap'
Text/Value,VAR_COMMENTAIRES,VAL,,,,,,,'Part No.2'
Text/Value,FLAT_A,VAL,0.458401,0.000000,0.458401,0.000000,0.500000,,
Circle,CIR_B,DIAM,8.108,8.200,-0.092,-0.100,0.100,,Criterion : Least Square (From 4 Pts On PL_FIXTURE) 
Circle,CIR_C,DIAM,7.421,7.500,-0.079,-0.100,0.100,,Criterion : Least Square (From 4 Pts On PL_FIXTURE) 
Circle,CIR_C,X,385.440,385.600,-0.160,,,,
Circle,CIR_C,Z,-0.000,-0.000,0.000,,,,
Pos. Tol.,POS_C,PTOL,0.319,0.000,0.319,0.000,0.692,,CIR_C/NOMINAL - CS_ABC - C-Zone - XZ - Nominal
Circle,CIR1,X,0.092,0.000,0.092,,,,From 4 Pts On PL_PLAST_1
Circle,CIR1,Z,-15.849,-15.900,0.051,,,,
Pos. Tol.,POS_1,PTOL,0.210,0.000,0.210,0.000,1.392,,CIR1/NOMINAL - CS_ABC - C-Zone - XZ - Nominal
Circle,CIR2,X,92.707,92.800,-0.093,,,,From 4 Pts On PL_PLAST_2
Circle,CIR2,Z,4.062,4.100,-0.038,,,,
Pos. Tol.,POS_2,PTOL,0.201,0.000,0.201,0.000,1.392,,CIR2/NOMINAL - CS_ABC - C-Zone - XZ - Nominal
Circle,CIR3,X,192.566,192.800,-0.234,,,,From 4 Pts On PL_PLAST_3
Circle,CIR3,Z,-15.807,-15.900,0.093,,,,
Pos. Tol.,POS_3,PTOL,0.504,0.000,0.504,0.000,1.392,,CIR3/NOMINAL - CS_ABC - C-Zone - XZ - Nominal
Circle,CIR4,X,289.108,289.300,-0.193,,,,From 4 Pts On PL_PLAST_4
Circle,CIR4,Z,4.027,4.100,-0.073,,,,
Pos. Tol.,POS_4,PTOL,0.412,0.000,0.412,0.000,1.392,,CIR4/NOMINAL - CS_ABC - C-Zone - XZ - Nominal
Circle,CIR5,X,385.340,385.600,-0.260,,,,From 4 Pts On PL_PLAST_5
Circle,CIR5,Z,-15.735,-15.900,0.165,,,,
Pos. Tol.,POS_5,PTOL,0.616,0.000,0.616,0.000,1.392,,CIR5/NOMINAL - CS_ABC - C-Zone - XZ - Nominal
Distance,OP1_WIDTH_3,D1,3.064,3.000,0.064,-0.150,0.150,,OP1_PT3_OW_GAGE - OP1_PT3_IW_GAGE / OP1_CS
Distance,OP1_DEPTH_3,D1,5.053,5.000,0.053,-0.250,0.250,,OP1_PT3_DEPTH - PL_FIXTURE / OP1_CS
Distance,OP2_WIDTH_3,D1,3.023,3.000,0.023,-0.150,0.150,,OP2_PT3_OW_GAGE - OP2_PT3_IW_GAGE / OP2_CS
Distance,OP2_DEPTH_3,D1,4.941,5.000,-0.059,-0.250,0.250,,OP2_PT3_DEPTH - PL_FIXTURE / OP2_CS
Distance,OP3_WIDTH_3,D1,3.093,3.000,0.093,-0.150,0.150,,OP3_PT3_OW_GAGE - OP3_PT3_IW_GAGE / OP3_CS
Distance,OP3_DEPTH_3,D1,5.004,5.000,0.004,-0.250,0.250,,OP3_PT3_DEPTH - PL_FIXTURE / OP3_CS
Distance,OP4_WIDTH_3,D1,3.011,3.000,0.011,-0.150,0.150,,OP4_PT3_OW_GAGE - OP4_PT3_IW_GAGE / OP4_CS
Distance,OP4_DEPTH_3,D1,5.028,5.000,0.028,-0.250,0.250,,OP4_PT3_DEPTH - PL_FIXTURE / OP4_CS
Circle,CIR_10,DIAM,3.349,3.300,0.049,-0.100,0.100,,Criterion : Least Square (From 6 Pts On PL_PLAST_10) 
Circle,CIR_10,X,41.510,40.800,0.710,,,,
Circle,CIR_10,Y,86.326,86.100,0.226,,,,
Circle,CIR_10,Z,111.836,112.100,-0.264,,,,
Circle,CIR_11,DIAM,3.342,3.300,0.042,-0.100,0.100,,Criterion : Least Square (From 6 Pts On PL_PLAST_11) 
Circle,CIR_11,X,26.473,25.800,0.673,,,,
Circle,CIR_11,Y,26.998,26.700,0.298,,,,
Circle,CIR_11,Z,33.130,33.900,-0.770,,,,
Circle,CIR_20,DIAM,8.027,8.000,0.027,-0.100,0.050,,Criterion : Least Square (From 12 Pts On PL_DATUM_E) 
Circle,CIR_20,X,237.627,237.905,-0.278,,,,
Circle,CIR_20,Y,44.120,43.930,0.190,,,,
Circle,CIR_20,Z,47.139,47.673,-0.535,,,,
Circle,2D_CIR_7,DIAM,3.234,3.200,0.034,-0.100,0.100,,
Circle,2D_CIR_7,X,12.948,13.000,-0.052,,,,
Circle,2D_CIR_7,Z,0.000,0.000,0.000,,,,
Circle,2D_CIR_8,DIAM,3.221,3.200,0.021,-0.100,0.100,,
Circle,2D_CIR_8,X,-12.950,-13.000,0.050,,,,
Circle,2D_CIR_8,Z,-0.000,0.000,-0.000,,,,
Profile of Line,PROFILE_OP_1,PRFL,1.168,0.000,1.168,0.000,1.500,,SECT_OP1
Profile of Line,PROFILE_OP_2,PRFL,0.726,0.000,0.726,0.000,1.500,,SECT_OP2
Profile of Line,PROFILE_OP_3,PRFL,0.818,0.000,0.818,0.000,1.500,,SECT_OP3
Profile of Line,PROFILE_OP_4,PRFL,1.381,0.000,1.381,0.000,1.500,,SECT_OP4
Pos. Tol.,POS_20,PTOL,1.264,0.000,1.264,0.000,2.500,,CIR_20/NOMINAL - CS_ABC - C-Zone - XYZ - Nominal
Pos. Tol.,POS_2D_7,PTOL,0.104,0.000,0.104,0.000,0.762,,2D_CIR_7/NOMINAL - CS_EF_BF - C-Zone - XZ - Nominal
Pos. Tol.,POS_2D_8,PTOL,0.099,0.000,0.099,0.000,0.748,,2D_CIR_8/NOMINAL - CS_EF_BF - C-Zone - XZ - Nominal
Pos. Tol.,POS_10,PTOL,1.581,0.000,1.581,0.000,3.342,,CIR_10/NOMINAL - CS_ABC - C-Zone - XYZ - Nominal
Pos. Tol.,POS_11,PTOL,2.129,0.000,2.129,0.000,3.334,,CIR_11/NOMINAL - CS_ABC - C-Zone - XYZ - Nominal
Profile of Line,PROFILE_D,PRFL,2.383,0.000,2.383,0.000,3.000,,SECT_D
Pos. Tol.,POS_12,PTOL,0.842,0.000,0.842,0.000,2.192,,ALIGN_CIR_12/NOMINAL - CS_ABC_ROT_45 - C-Zone - XZ - Nominal
Pos. Tol.,POS_13,PTOL,0.675,0.000,0.675,0.000,2.192,,ALIGN_CIR_13/NOMINAL - CS_ABC_ROT_45 - C-Zone - XZ - Nominal
Pos. Tol.,POS_14,PTOL,0.241,0.000,0.241,0.000,2.192,,ALIGN_CIR_14/NOMINAL - CS_ABC_ROT_45 - C-Zone - XZ - Nominal
Pos. Tol.,POS_15,PTOL,0.657,0.000,0.657,0.000,2.192,,ALIGN_CIR_15/NOMINAL - CS_ABC_ROT_45 - C-Zone - XZ - Nominal
Pos. Tol.,POS_16,PTOL,1.234,0.000,1.234,0.000,2.192,,ALIGN_CIR_16/NOMINAL - CS_ABC_ROT_45 - C-Zone - XZ - Nominal
Pos. Tol.,POS_17,PTOL,1.689,0.000,1.689,0.000,2.192,,ALIGN_CIR_17/NOMINAL - CS_ABC_ROT_45 - C-Zone - XZ - Nominal
Pos. Tol.,POS_18,PTOL,1.568,0.000,1.568,0.000,2.192,,ALIGN_CIR_18/NOMINAL - CS_ABC_ROT_45 - C-Zone - XZ - Nominal
Pos. Tol.,POS_2D_12,PTOL,0.737,0.000,0.737,0.000,1.200,,2D_CIR_12/NOMINAL - CS_D_BF - C-Zone - XY - Nominal
Pos. Tol.,POS_2D_13,PTOL,0.535,0.000,0.535,0.000,1.200,,2D_CIR_13/NOMINAL - CS_D_BF - C-Zone - XY - Nominal
Pos. Tol.,POS_2D_14,PTOL,0.639,0.000,0.639,0.000,1.200,,2D_CIR_14/NOMINAL - CS_D_BF - C-Zone - XY - Nominal
Pos. Tol.,POS_2D_15,PTOL,0.503,0.000,0.503,0.000,1.200,,2D_CIR_15/NOMINAL - CS_D_BF - C-Zone - XY - Nominal
Pos. Tol.,POS_2D_16,PTOL,0.846,0.000,0.846,0.000,1.200,,2D_CIR_16/NOMINAL - CS_D_BF - C-Zone - XY - Nominal
Pos. Tol.,POS_2D_17,PTOL,0.894,0.000,0.894,0.000,1.200,,2D_CIR_17/NOMINAL - CS_D_BF - C-Zone - XY - Nominal
Pos. Tol.,POS_2D_18,PTOL,0.766,0.000,0.766,0.000,1.200,,2D_CIR_18/NOMINAL - CS_D_BF - C-Zone - XY - Nominal
Circle,2D_CIR_12,X,0.335,0.000,0.335,,,,
Circle,2D_CIR_12,Y,0.152,0.000,0.152,,,,
Circle,2D_CIR_13,X,-1.735,-2.000,0.265,,,,
Circle,2D_CIR_13,Y,-69.963,-70.000,0.037,,,,
Circle,2D_CIR_14,X,127.815,127.800,0.015,,,,
Circle,2D_CIR_14,Y,-69.881,-70.200,0.319,,,,
Circle,2D_CIR_15,X,257.399,257.600,-0.201,,,,
Circle,2D_CIR_15,Y,-70.049,-70.200,0.151,,,,
Circle,2D_CIR_16,X,257.179,257.600,-0.421,,,,
Circle,2D_CIR_16,Y,0.033,0.000,0.033,,,,
Circle,2D_CIR_17,X,190.476,190.700,-0.224,,,,
Circle,2D_CIR_17,Y,-0.386,0.000,-0.386,,,,
Circle,2D_CIR_18,X,65.131,64.900,0.231,,,,
Circle,2D_CIR_18,Y,-0.305,0.000,-0.305,,,,
Circle,ALIGN_CIR_12,X,55.222,55.000,0.222,,,,
Circle,ALIGN_CIR_12,Y,-130.383,-130.147,-0.236,,,,
Circle,ALIGN_CIR_12,Z,366.242,366.600,-0.358,,,,
Circle,ALIGN_CIR_13,X,53.198,53.000,0.198,,,,
Circle,ALIGN_CIR_13,Y,-130.102,-130.147,0.045,,,,
Circle,ALIGN_CIR_13,Z,296.126,296.400,-0.274,,,,
Circle,ALIGN_CIR_14,X,182.748,182.800,-0.052,,,,
Circle,ALIGN_CIR_14,Y,-130.695,-130.147,-0.548,,,,
Circle,ALIGN_CIR_14,Z,296.291,296.400,-0.109,,,,
Circle,ALIGN_CIR_15,X,312.331,312.600,-0.269,,,,
Circle,ALIGN_CIR_15,Y,-130.108,-130.147,0.039,,,,
Circle,ALIGN_CIR_15,Z,296.211,296.400,-0.189,,,,
Circle,ALIGN_CIR_16,X,312.065,312.600,-0.535,,,,
Circle,ALIGN_CIR_16,Y,-130.382,-130.147,-0.235,,,,
Circle,ALIGN_CIR_16,Z,366.292,366.600,-0.308,,,,
Circle,ALIGN_CIR_17,X,245.363,245.700,-0.337,,,,
Circle,ALIGN_CIR_17,Y,-131.004,-130.147,-0.857,,,,
Circle,ALIGN_CIR_17,Z,365.826,366.600,-0.774,,,,
Circle,ALIGN_CIR_18,X,120.018,119.900,0.118,,,,
Circle,ALIGN_CIR_18,Y,-130.966,-130.147,-0.819,,,,
Circle,ALIGN_CIR_18,Z,365.825,366.600,-0.775,,,,
Distance,FLANGE_WIDTH_1,D1,4.013,4.000,0.013,-0.150,0.150,,SRF_FL_IW_GAGE_1 - SRF_FL_OW_GAGE_1 / CS_ABC
Distance,FLANGE_DEPTH_LOCAL_1,Z,-5.989,-6.000,0.011,-0.250,0.250,,2D_SRF_FL_DP_1 - 2D_SRF_TOP_FL_OW_1 / CS_D_BF
Profile of Line,PROFILE_IN_FLANGE_D,PRFL,0.759,0.000,0.759,0.000,1.000,,SECT_IN_FLANGE_D
Circle,CIR_19,DIAM,13.431,13.400,0.031,-0.100,0.100,,Proj. CIR_19 / PL_PLAST_19.
Circle,CIR_19,X,96.058,95.800,0.258,,,,
Circle,CIR_19,Y,50.164,50.000,0.164,,,,
Circle,CIR_19,Z,28.786,29.100,-0.314,,,,
Pos. Tol.,POS_19,PTOL,0.814,0.000,0.814,0.000,3.000,,CIR_19/NOMINAL - CS_ABC - C-Zone - XZ - Nominal
