Feat. Type,Feat. Name,Value,Actual,Nominal,Dev.,Tol-,Tol+,Out of Tol.,Comment
Text/Value,VAR_PROGRAM,VAL,,,,,,,'N:\Metrolog XG\Programmes\GM HF FWD GEN II C1xx\GM HF FWD Gen II C1xx Complete (Module 64).gm2'
Text/Value,VAR_EVENEMENT,VAL,,,,,,,'D�m 293 C  NID 2'
Text/Value,VAR_COMMENTAIRES,VAL,,,,,,,'294 A'
Distance,WIDTH_C,D1,9.040,9.000,0.040,-0.150,0.150,,SRF_C_TOP - SRF_C_DOWN / CS_ABC_SURFACES_C
Circle,2D_CIR_INS_11,X,41.804,42.000,-0.196,,,,
Circle,2D_CIR_INS_11,Y,33.874,34.000,-0.126,,,,
Circle,2D_CIR_INS_12,X,41.864,42.000,-0.136,,,,
Circle,2D_CIR_INS_12,Y,-28.974,-29.000,0.026,,,,
Circle,2D_CIR_INS_13,X,-41.730,-42.000,0.270,,,,
Circle,2D_CIR_INS_13,Y,-28.949,-29.000,0.051,,,,
Circle,2D_CIR_INS_14,X,-41.937,-42.000,0.063,,,,
Circle,2D_CIR_INS_14,Y,34.048,34.000,0.048,,,,
Pos. Tol.,POS_2D_11,PTOL,0.466,0.000,0.466,0.000,1.000,,2D_CIR_INS_11/NOMINAL - CS_D_BF - C-Zone - XY - Nominal
Pos. Tol.,POS_2D_12,PTOL,0.278,0.000,0.278,0.000,1.000,,2D_CIR_INS_12/NOMINAL - CS_D_BF - C-Zone - XY - Nominal
Pos. Tol.,POS_2D_13,PTOL,0.549,0.000,0.549,0.000,1.000,,2D_CIR_INS_13/NOMINAL - CS_D_BF - C-Zone - XY - Nominal
Pos. Tol.,POS_2D_14,PTOL,0.159,0.000,0.159,0.000,0.500,,2D_CIR_INS_14/NOMINAL - CS_D_BF - C-Zone - XY - Nominal
Perpend.,PERP_11,PERP,0.087,0.000,0.087,0.000,0.400,,CYL_11/PL_INS_11 - C-Zone - Nominal
Perpend.,PERP_12,PERP,0.088,0.000,0.088,0.000,0.400,,CYL_12/PL_INS_12 - C-Zone - Nominal
Perpend.,PERP_13,PERP,0.135,0.000,0.135,0.000,0.400,,CYL_13/PL_INS_13 - C-Zone - Nominal
Perpend.,PERP_14,PERP,0.090,0.000,0.090,0.000,0.400,,CYL_14/PL_INS_14 - C-Zone - Nominal
Distance,H_11,Z,0.198,-0.000,0.198,0.000,0.400,,CIR_INS_11 - PL_PLAST_INS_11 / CS_D_BF
Distance,H_12,Z,0.232,-0.000,0.232,0.000,0.400,,CIR_INS_12 - PL_PLAST_INS_12 / CS_D_BF
Distance,H_13,Z,0.158,-0.000,0.159,0.000,0.400,,CIR_INS_13 - PL_PLAST_INS_13 / CS_D_BF
Distance,H_14,Z,0.198,-0.000,0.198,0.000,0.400,,CIR_INS_14 - PL_PLAST_INS_14 / CS_D_BF
Distance,H_15,Y,0.102,0.000,0.102,0.000,0.400,,CIR_15 - PL_PLAST_15 / CS_ABC_BF_SURFACES
Distance,H_17,Y,0.161,-0.000,0.161,0.000,0.400,,CIR_17 - PL_PLAST_17 / CS_ABC_BF_SURFACES
Distance,H_18,Y,0.180,-0.000,0.180,0.000,0.400,,CIR_18 - PL_PLAST_18 / CS_ABC_BF_SURFACES
Distance,H_20,Y,0.143,0.000,0.143,0.000,0.400,,CIR_20 - PL_PLAST_20 / CS_ABC_BF_SURFACES
Distance,H_23,Y,0.081,-0.000,0.081,0.000,0.400,,CIR_23 - PL_PLAST_23 / CS_ABC_BF_SURFACES
Circle,CIR_29,DIAM,12.182,12.170,0.012,-0.080,0.080,,Criterion : Least Square (From 16 Pts On PL_DATUM_H) 
Circle,2D_CIR_30,X,-23.351,-23.500,0.149,,,,
Circle,2D_CIR_30,Z,0.000,0.000,0.000,,,,
Pos. Tol.,POS_2D_30,PTOL,0.299,0.000,0.299,0.000,0.500,,2D_CIR_30/NOMINAL - CS_HJ - C-Zone - XZ - Nominal
Distance,H_30,Y,0.242,0.000,0.242,0.000,0.400,,2D_CIR_30 - PL_PLAST_30 / CS_HJ
