Feat. Type,Feat. Name,Value,Actual,Nominal,Dev.,Tol-,Tol+,Out of Tol.,Comment
Text/Value,VAR_PROGRAM,VAL,,,,,,,'N:\Metrolog XG\Programmes\GM HF RWD Gen II\GM HF RWD Gen II Complete (Module 64).gm2'
Text/Value,VAR_EVENEMENT,VAL,,,,,,,'Demarrage nid 1'
Text/Value,VAR_COMMENTAIRES,VAL,,,,,,,'314A'
Distance,WIDTH_C,D1,8.767,8.860,-0.093,-0.150,0.150,,SRF_C_TOP - SRF_C_DOWN / CS_ABC_BF_SURFACES
Circle,CIR_9_GAGE_6,DIAM,12.242,12.200,0.042,-0.080,0.120,,Criterion : Least Square (From 12 Pts On PL_PLAST_9) 
Circle,2D_CIR_10,X,-0.230,0.000,-0.230,,,,
Circle,2D_CIR_10,Z,0.000,0.000,0.000,,,,
Pos. Tol.,PTOL_2D_CIR_10,PTOL,0.127,0.000,0.127,0.000,0.500,,2D_CIR_10/NOMINAL - CS_HJ - C-Zone - YZ - Nominal
Distance,H_10,X,0.116,-0.000,0.116,0.000,0.400,,CIR_10 - PL_PLAST_10 / CS_HJ_ROT_180
Circle,2D_CIR_INS_11,X,41.671,42.000,-0.329,,,,
Circle,2D_CIR_INS_11,Y,28.912,29.000,-0.088,,,,
Pos. Tol.,PTOL_2D_CIR_11,PTOL,0.682,0.000,0.682,0.000,0.650,0.032,2D_CIR_INS_11/NOMINAL - CS_D_BF - C-Zone - XY - Nominal
Distance,H_11,Z,0.151,-0.000,0.151,0.000,0.400,,CIR_INS_11 - PL_PLAST_INS_11 / CS_D_BF
Circle,2D_CIR_INS_12,X,42.057,42.000,0.057,,,,
Circle,2D_CIR_INS_12,Y,-34.010,-34.000,-0.010,,,,
Pos. Tol.,PTOL_2D_CIR_12,PTOL,0.115,0.000,0.115,0.000,0.650,,2D_CIR_INS_12/NOMINAL - CS_D_BF - C-Zone - XY - Nominal
Distance,H_12,Z,0.136,-0.000,0.136,0.000,0.400,,CIR_INS_12 - PL_PLAST_INS_12 / CS_D_BF
Circle,2D_CIR_INS_13,X,-41.927,-42.000,0.073,,,,
Circle,2D_CIR_INS_13,Y,-33.940,-34.000,0.060,,,,
Pos. Tol.,PTOL_2D_CIR_13,PTOL,0.189,0.000,0.189,0.000,0.650,,2D_CIR_INS_13/NOMINAL - CS_D_BF - C-Zone - XY - Nominal
Distance,H_13,Z,0.155,-0.000,0.156,0.000,0.400,,CIR_INS_13 - PL_PLAST_INS_13 / CS_D_BF
Circle,2D_CIR_INS_14,X,-41.801,-42.000,0.199,,,,
Circle,2D_CIR_INS_14,Y,29.038,29.000,0.038,,,,
Pos. Tol.,PTOL_2D_CIR_14,PTOL,0.406,0.000,0.406,0.000,0.650,,2D_CIR_INS_14/NOMINAL - CS_D_BF - C-Zone - XY - Nominal
Distance,H_14,Z,0.116,-0.000,0.116,0.000,0.400,,CIR_INS_14 - PL_PLAST_INS_14 / CS_D_BF
Distance,H_27,Y,0.200,0.000,0.200,0.000,0.400,,2D_CIR_27 - PL_PLAST_27 / CS_K
Distance,H_28,Y,0.213,0.000,0.213,0.000,0.400,,2D_CIR_28 - PL_PLAST_28 / CS_K
Circle,2D_CIR_28,X,71.108,71.000,0.108,,,,
Circle,2D_CIR_28,Z,0.000,0.000,0.000,,,,
Pos. Tol.,PTOL_2D_CIR_28,PTOL,0.215,0.000,0.215,0.000,0.500,,2D_CIR_28/NOMINAL - CS_K - C-Zone - XZ - Nominal
