Feat. Type,Feat. Name,Value,Actual,Nominal,Dev.,Tol-,Tol+,Out of Tol.,Comment
Text/Value,VAR_PROGRAM,VAL,,,,,,,'N:\Metrolog XG\Programmes\Mercury Marine\Mercury Marine Complete (Module 51).gm2'
Text/Value,VAR_EVENEMENT,VAL,,,,,,,'SMED '
Text/Value,VAR_COMMENTAIRES,VAL,,,,,,,'277 A'
Text/Value,PROF_A,VAL,0.409222,,,0.000000,0.500000,,
Circle,CIR_B,DIAM,8.319,8.400,-0.081,-0.100,0.100,,Criterion : Least Square (From 4 Pts On PL_FIXTURE) 
Circle,CIR_B,X,0.000,0.000,0.000,,,,
Circle,CIR_B,Z,0.000,0.000,0.000,,,,
Pos. Tol.,POS_B,PTOL,0.000,0.000,0.000,0.000,0.250,,CIR_B/NOMINAL - CS_ABC - C-Zone - XZ - Nominal
Point,PNT_DATUM_C,X,32.489,32.500,-0.011,,,,Proj. PNT_MID_C / PL_FIXTURE.
Point,PNT_DATUM_C,Z,-393.167,-393.295,0.129,,,,
Pos. Tol.,POS_C,PTOL,0.258,0.000,0.258,0.000,0.500,,PNT_DATUM_C/NOMINAL - CS_ABC - C-Zone - XZ - Nominal
Distance,WIDTH_C,D1,7.814,7.900,-0.086,-0.100,0.100,,SCT_C_RH - SCT_C_LH / CS_ABC
Circle,CIR1,X,-34.231,-34.000,-0.231,,,,From 4 Pts On AUTO
Circle,CIR1,Z,9.284,9.500,-0.216,,,,
Pos. Tol.,POS_1,PTOL,0.633,0.000,0.633,0.000,1.200,,CIR1/NOMINAL - CS_ABC - C-Zone - XZ - Nominal
Circle,CIR2,X,-33.861,-34.000,0.139,,,,From 4 Pts On AUTO
Circle,CIR2,Z,-92.948,-92.600,-0.348,,,,
Pos. Tol.,POS_2,PTOL,0.750,0.000,0.750,0.000,1.200,,CIR2/NOMINAL - CS_ABC - C-Zone - XZ - Nominal
Circle,CIR3,X,32.037,32.000,0.037,,,,From 4 Pts On AUTO
Circle,CIR3,Z,-106.374,-106.100,-0.274,,,,
Pos. Tol.,POS_3,PTOL,0.554,0.000,0.554,0.000,1.200,,CIR3/NOMINAL - CS_ABC - C-Zone - XZ - Nominal
Circle,CIR4,X,-33.895,-34.000,0.105,,,,From 4 Pts On AUTO
Circle,CIR4,Z,-183.739,-183.600,-0.139,,,,
Pos. Tol.,POS_4,PTOL,0.348,0.000,0.348,0.000,1.200,,CIR4/NOMINAL - CS_ABC - C-Zone - XZ - Nominal
Circle,CIR5,X,-33.891,-34.000,0.109,,,,From 4 Pts On AUTO
Circle,CIR5,Z,-293.912,-294.200,0.288,,,,
Pos. Tol.,POS_5,PTOL,0.616,0.000,0.616,0.000,1.200,,CIR5/NOMINAL - CS_ABC - C-Zone - XZ - Nominal
Circle,CIR6,X,31.956,32.000,-0.044,,,,From 4 Pts On AUTO
Circle,CIR6,Z,-327.109,-327.300,0.191,,,,
Pos. Tol.,POS_6,PTOL,0.393,0.000,0.393,0.000,1.200,,CIR6/NOMINAL - CS_ABC - C-Zone - XZ - Nominal
Circle,CIR7,X,-34.038,-34.000,-0.038,,,,From 4 Pts On AUTO
Circle,CIR7,Z,-399.762,-399.800,0.038,,,,
Pos. Tol.,POS_7,PTOL,0.107,0.000,0.107,0.000,1.200,,CIR7/NOMINAL - CS_ABC - C-Zone - XZ - Nominal
Circle,CIR_8,X,-152.049,-152.200,0.150,,,,From 4 Pts On AUTO
Circle,CIR_8,Z,-375.166,-375.300,0.134,,,,
Pos. Tol.,POS_8,PTOL,0.403,0.000,0.403,0.000,1.200,,CIR_8/NOMINAL - CS_ABC - C-Zone - XZ - Nominal
Circle,CIR_9,X,-209.946,-210.000,0.054,,,,From 4 Pts On AUTO
Circle,CIR_9,Z,-226.861,-227.000,0.139,,,,
Pos. Tol.,POS_9,PTOL,0.299,0.000,0.299,0.000,1.200,,CIR_9/NOMINAL - CS_ABC - C-Zone - XZ - Nominal
Circle,CIR_10,X,-209.476,-210.000,0.524,,,,From 4 Pts On AUTO
Circle,CIR_10,Z,-154.688,-154.910,0.222,,,,
Pos. Tol.,POS_10,PTOL,1.138,0.000,1.138,0.000,1.200,,CIR_10/NOMINAL - CS_ABC - C-Zone - XZ - Nominal
Circle,CIR_11,X,-209.762,-210.000,0.238,,,,From 4 Pts On AUTO
Circle,CIR_11,Z,-70.077,-69.900,-0.177,,,,
Pos. Tol.,POS_11,PTOL,0.593,0.000,0.593,0.000,1.200,,CIR_11/NOMINAL - CS_ABC - C-Zone - XZ - Nominal
Profile of Line,OP1_PROF_INSIDE_PORT,PRFL,1.124,0.000,1.124,0.000,1.500,,OP1_SRF_INSIDE_PORT
Profile of Line,OP2_PROF_INSIDE_PORT,PRFL,1.116,0.000,1.116,0.000,1.500,,OP2_SRF_INSIDE_PORT
Profile of Line,OP3_PROF_INSIDE_PORT,PRFL,0.608,0.000,0.608,0.000,1.500,,OP3_SRF_INSIDE_PORT
Profile of Line,OP4_PROF_INSIDE_PORT,PRFL,0.895,0.000,0.895,0.000,1.500,,OP4_SRF_INSIDE_PORT
Distance,OP1_WIDTH_1,D1,3.022,3.000,0.022,-0.150,0.150,,OP1_P3 - OP1_P7 / OP1_CS
Distance,OP1_WIDTH_2,D1,3.098,3.000,0.098,-0.150,0.150,,OP1_P11 - OP1_P15 / OP1_CS
Distance,OP1_WIDTH_3,D1,2.985,3.000,-0.015,-0.150,0.150,,OP1_P19 - OP1_P23 / OP1_CS
Distance,OP1_WIDTH_4,D1,3.024,3.000,0.024,-0.150,0.150,,OP1_P27 - OP1_P31 / OP1_CS
Distance,OP1_WIDTH_5,D1,2.888,3.000,-0.112,-0.150,0.150,,OP1_P35 - OP1_P39 / OP1_CS
Distance,OP1_WIDTH_6,D1,2.889,3.000,-0.111,-0.150,0.150,,OP1_P43 - OP1_P47 / OP1_CS
Distance,OP1_WIDTH_7,D1,2.886,3.000,-0.114,-0.150,0.150,,OP1_P51 - OP1_P55 / OP1_CS
Distance,OP1_WIDTH_8,D1,2.906,3.000,-0.094,-0.150,0.150,,OP1_P59 - OP1_P63 / OP1_CS
Distance,OP1_DEPTH_1,Y,4.955,5.000,-0.045,-0.250,0.250,,OP1_P5 - PL_FIXTURE / OP1_CS
Distance,OP1_DEPTH_2,Y,5.040,5.000,0.040,-0.250,0.250,,OP1_P13 - PL_FIXTURE / OP1_CS
Distance,OP1_DEPTH_3,Y,5.071,5.000,0.071,-0.250,0.250,,OP1_P21 - PL_FIXTURE / OP1_CS
Distance,OP1_DEPTH_4,Y,5.164,5.000,0.164,-0.250,0.250,,OP1_P29 - PL_FIXTURE / OP1_CS
Distance,OP1_DEPTH_5,Y,5.103,5.000,0.103,-0.250,0.250,,OP1_P37 - PL_FIXTURE / OP1_CS
Distance,OP1_DEPTH_6,Y,5.038,5.000,0.038,-0.250,0.250,,OP1_P45 - PL_FIXTURE / OP1_CS
Distance,OP1_DEPTH_7,Y,4.919,5.000,-0.081,-0.250,0.250,,OP1_P53 - PL_FIXTURE / OP1_CS
Distance,OP1_DEPTH_8,Y,4.925,5.000,-0.075,-0.250,0.250,,OP1_P61 - PL_FIXTURE / OP1_CS
Distance,OP2_WIDTH_1,D1,3.010,3.000,0.010,-0.150,0.150,,OP2_P3 - OP2_P7 / OP2_CS
Distance,OP2_WIDTH_2,D1,3.002,3.000,0.002,-0.150,0.150,,OP2_P11 - OP2_P15 / OP2_CS
Distance,OP2_WIDTH_3,D1,2.957,3.000,-0.043,-0.150,0.150,,OP2_P19 - OP2_P23 / OP2_CS
Distance,OP2_WIDTH_4,D1,3.041,3.000,0.041,-0.150,0.150,,OP2_P27 - OP2_P31 / OP2_CS
Distance,OP2_WIDTH_5,D1,2.995,3.000,-0.005,-0.150,0.150,,OP2_P35 - OP2_P39 / OP2_CS
Distance,OP2_WIDTH_6,D1,2.986,3.000,-0.014,-0.150,0.150,,OP2_P43 - OP2_P47 / OP2_CS
Distance,OP2_WIDTH_7,D1,2.990,3.000,-0.010,-0.150,0.150,,OP2_P51 - OP2_P55 / OP2_CS
Distance,OP2_WIDTH_8,D1,3.066,3.000,0.066,-0.150,0.150,,OP2_P59 - OP2_P63 / OP2_CS
Distance,OP2_DEPTH_1,Y,4.964,5.000,-0.036,-0.250,0.250,,OP2_P5 - PL_FIXTURE / OP2_CS
Distance,OP2_DEPTH_2,Y,5.098,5.000,0.098,-0.250,0.250,,OP2_P13 - PL_FIXTURE / OP2_CS
Distance,OP2_DEPTH_3,Y,5.034,5.000,0.034,-0.250,0.250,,OP2_P21 - PL_FIXTURE / OP2_CS
Distance,OP2_DEPTH_4,Y,5.090,5.000,0.090,-0.250,0.250,,OP2_P29 - PL_FIXTURE / OP2_CS
Distance,OP2_DEPTH_5,Y,5.159,5.000,0.159,-0.250,0.250,,OP2_P37 - PL_FIXTURE / OP2_CS
Distance,OP2_DEPTH_6,Y,5.209,5.000,0.209,-0.250,0.250,,OP2_P45 - PL_FIXTURE / OP2_CS
Distance,OP2_DEPTH_7,Y,5.001,5.000,0.001,-0.250,0.250,,OP2_P53 - PL_FIXTURE / OP2_CS
Distance,OP2_DEPTH_8,Y,4.889,5.000,-0.111,-0.250,0.250,,OP2_P61 - PL_FIXTURE / OP2_CS
Distance,OP3_WIDTH_1,D1,2.983,3.000,-0.017,-0.150,0.150,,OP3_P3 - OP3_P7 / OP3_CS
Distance,OP3_WIDTH_2,D1,3.063,3.000,0.063,-0.150,0.150,,OP3_P11 - OP3_P15 / OP3_CS
Distance,OP3_WIDTH_3,D1,3.056,3.000,0.056,-0.150,0.150,,OP3_P19 - OP3_P23 / OP3_CS
Distance,OP3_WIDTH_4,D1,3.069,3.000,0.069,-0.150,0.150,,OP3_P27 - OP3_P31 / OP3_CS
Distance,OP3_WIDTH_5,D1,3.006,3.000,0.006,-0.150,0.150,,OP3_P35 - OP3_P39 / OP3_CS
Distance,OP3_WIDTH_6,D1,3.079,3.000,0.079,-0.150,0.150,,OP3_P43 - OP3_P47 / OP3_CS
Distance,OP3_WIDTH_7,D1,3.008,3.000,0.008,-0.150,0.150,,OP3_P51 - OP3_P55 / OP3_CS
Distance,OP3_WIDTH_8,D1,3.073,3.000,0.073,-0.150,0.150,,OP3_P59 - OP3_P63 / OP3_CS
Distance,OP3_DEPTH_1,Y,5.074,5.000,0.074,-0.250,0.250,,OP3_P5 - PL_FIXTURE / OP3_CS
Distance,OP3_DEPTH_2,Y,5.078,5.000,0.078,-0.250,0.250,,OP3_P13 - PL_FIXTURE / OP3_CS
Distance,OP3_DEPTH_3,Y,5.103,5.000,0.103,-0.250,0.250,,OP3_P21 - PL_FIXTURE / OP3_CS
Distance,OP3_DEPTH_4,Y,5.186,5.000,0.186,-0.250,0.250,,OP3_P29 - PL_FIXTURE / OP3_CS
Distance,OP3_DEPTH_5,Y,5.082,5.000,0.082,-0.250,0.250,,OP3_P37 - PL_FIXTURE / OP3_CS
Distance,OP3_DEPTH_6,Y,5.010,5.000,0.010,-0.250,0.250,,OP3_P45 - PL_FIXTURE / OP3_CS
Distance,OP3_DEPTH_7,Y,5.014,5.000,0.014,-0.250,0.250,,OP3_P53 - PL_FIXTURE / OP3_CS
Distance,OP3_DEPTH_8,Y,5.068,5.000,0.068,-0.250,0.250,,OP3_P61 - PL_FIXTURE / OP3_CS
Distance,OP4_WIDTH_1,D1,2.943,3.000,-0.057,-0.150,0.150,,OP4_P3 - OP4_P7 / OP4_CS
Distance,OP4_WIDTH_2,D1,2.977,3.000,-0.023,-0.150,0.150,,OP4_P11 - OP4_P15 / OP4_CS
Distance,OP4_WIDTH_3,D1,2.986,3.000,-0.014,-0.150,0.150,,OP4_P19 - OP4_P23 / OP4_CS
Distance,OP4_WIDTH_4,D1,2.957,3.000,-0.043,-0.150,0.150,,OP4_P27 - OP4_P31 / OP4_CS
Distance,OP4_WIDTH_5,D1,2.920,3.000,-0.080,-0.150,0.150,,OP4_P35 - OP4_P39 / OP4_CS
Distance,OP4_WIDTH_6,D1,2.914,3.000,-0.086,-0.150,0.150,,OP4_P43 - OP4_P47 / OP4_CS
Distance,OP4_WIDTH_7,D1,2.937,3.000,-0.063,-0.150,0.150,,OP4_P51 - OP4_P55 / OP4_CS
Distance,OP4_WIDTH_8,D1,2.997,3.000,-0.003,-0.150,0.150,,OP4_P59 - OP4_P63 / OP4_CS
Distance,OP4_DEPTH_1,Y,5.110,5.000,0.110,-0.250,0.250,,OP4_P5 - PL_FIXTURE / OP4_CS
Distance,OP4_DEPTH_2,Y,5.180,5.000,0.180,-0.250,0.250,,OP4_P13 - PL_FIXTURE / OP4_CS
Distance,OP4_DEPTH_3,Y,5.160,5.000,0.160,-0.250,0.250,,OP4_P21 - PL_FIXTURE / OP4_CS
Distance,OP4_DEPTH_4,Y,5.212,5.000,0.212,-0.250,0.250,,OP4_P29 - PL_FIXTURE / OP4_CS
Distance,OP4_DEPTH_5,Y,5.217,5.000,0.217,-0.250,0.250,,OP4_P37 - PL_FIXTURE / OP4_CS
Distance,OP4_DEPTH_6,Y,5.166,5.000,0.166,-0.250,0.250,,OP4_P45 - PL_FIXTURE / OP4_CS
Distance,OP4_DEPTH_7,Y,5.064,5.000,0.064,-0.250,0.250,,OP4_P53 - PL_FIXTURE / OP4_CS
Distance,OP4_DEPTH_8,Y,5.093,5.000,0.093,-0.250,0.250,,OP4_P61 - PL_FIXTURE / OP4_CS
Circle,CIR_12,DIAM,8.636,8.600,0.036,-0.100,0.100,,Criterion : Least Square (From 8 Pts On PL_PLAST_12) 
Circle,CIR_12,X,-115.306,-116.000,0.694,,,,
Circle,CIR_12,Z,-308.927,-309.000,0.073,,,,
Pos. Tol.,POS_12,PTOL,1.396,0.000,1.396,0.000,2.000,,CIR_12/NOMINAL - CS_ABC - C-Zone - XZ - Nominal
Circle,CIR_13,X,-104.925,-105.708,0.783,,,,Criterion : Least Square (From 6 Pts On PL_INS_13) 
Circle,CIR_13,Y,87.890,88.280,-0.390,,,,
Circle,CIR_13,Z,-399.972,-399.800,-0.172,,,,
Pos. Tol.,POS_13,PTOL,1.783,0.000,1.783,0.000,3.500,,CIR_13/NOMINAL - CS_ABC - C-Zone - XYZ - Nominal
Circle,CIR_14,X,-145.993,-147.031,1.037,,,,Criterion : Least Square (From 6 Pts On PL_INS_14) 
Circle,CIR_14,Y,103.288,103.320,-0.032,,,,
Circle,CIR_14,Z,-425.572,-425.600,0.028,,,,
Pos. Tol.,POS_14,PTOL,2.076,0.000,2.076,0.000,3.500,,CIR_14/NOMINAL - CS_ABC - C-Zone - XYZ - Nominal
Circle,2D_CIR_13,X,36.614,36.670,-0.056,,,,
Circle,2D_CIR_13,Z,25.761,25.800,-0.039,,,,
Pos. Tol.,POS_2D_13,PTOL,0.137,0.000,0.137,0.000,0.500,,2D_CIR_13/NOMINAL - CS_P_13_14 - C-Zone - XZ - Nominal
Distance,H_13,Y,-0.267,0.000,-0.267,-0.300,0.000,,CIR_13 - PL_PLAST_13 / CS_P_13
Circle,2D_CIR_14,X,-0.000,0.000,0.000,,,,
Circle,2D_CIR_14,Z,0.000,0.000,0.000,,,,
Pos. Tol.,POS_2D_14,PTOL,0.000,0.000,0.000,0.000,0.500,,2D_CIR_14/NOMINAL - CS_P_13_14 - C-Zone - XZ - Nominal
Distance,H_14,Y,-0.001,0.000,-0.001,-0.300,0.000,,CIR_14 - PL_PLAST_14 / CS_P_14
Distance,W_SPRING_1,D1,2.729,3.000,-0.271,-0.250,0.250,-0.021,SPRG_WALL_LH_0.5.1 - SPRG_WALL_RH_0.5.1 / CS_P_13_14
Distance,W_SPRING_2,D1,2.849,3.000,-0.151,-0.250,0.250,,SPRG_WALL_LH_0.5.2 - SPRG_WALL_RH_0.5.2 / CS_P_13_14
Distance,W_SPRING_3,D1,2.866,3.000,-0.134,-0.250,0.250,,SPRG_WALL_LH_0.5.3 - SPRG_WALL_RH_0.5.3 / CS_P_13_14
Distance,W_SPRING_4,D1,2.759,3.000,-0.241,-0.250,0.250,,SPRG_WALL_LH_0.5.4 - SPRG_WALL_RH_0.5.4 / CS_P_13_14
Distance,DP_SPRING_1,D1,3.162,3.000,0.162,-0.250,0.250,,SPRG_DEPTH.1 - PL_DATUM_P / CS_P_13_14
Distance,DP_SPRING_2,D1,3.160,3.000,0.160,-0.250,0.250,,SPRG_DEPTH.2 - PL_DATUM_P / CS_P_13_14
Distance,DP_SPRING_3,D1,3.191,3.000,0.191,-0.250,0.250,,SPRG_DEPTH.3 - PL_DATUM_P / CS_P_13_14
Distance,DP_SPRING_4,D1,3.244,3.000,0.244,-0.250,0.250,,SPRG_DEPTH.4 - PL_DATUM_P / CS_P_13_14
Distance,TOP_LH_SPRING_1,D1,3.957,4.000,-0.043,-0.250,0.250,,SPRG_TOP_LH.1 - PL_DATUM_P / CS_P_13_14
Distance,TOP_LH_SPRING_2,D1,3.951,4.000,-0.049,-0.250,0.250,,SPRG_TOP_LH.2 - PL_DATUM_P / CS_P_13_14
Distance,TOP_LH_SPRING_3,D1,3.929,4.000,-0.071,-0.250,0.250,,SPRG_TOP_LH.3 - PL_DATUM_P / CS_P_13_14
Distance,TOP_LH_SPRING_4,D1,3.912,4.000,-0.088,-0.250,0.250,,SPRG_TOP_LH.4 - PL_DATUM_P / CS_P_13_14
Distance,TOP_RH_SPRING_1,D1,4.118,4.000,0.118,-0.250,0.250,,SPRG_TOP_RH.1 - PL_DATUM_P / CS_P_13_14
Distance,TOP_RH_SPRING_2,D1,4.096,4.000,0.096,-0.250,0.250,,SPRG_TOP_RH.2 - PL_DATUM_P / CS_P_13_14
Distance,TOP_RH_SPRING_3,D1,4.065,4.000,0.065,-0.250,0.250,,SPRG_TOP_RH.3 - PL_DATUM_P / CS_P_13_14
Distance,TOP_RH_SPRING_4,D1,4.047,4.000,0.047,-0.250,0.250,,SPRG_TOP_RH.4 - PL_DATUM_P / CS_P_13_14
Point,2D_SPRG_OUT_LH_0.5.1,Z,-5.854,-5.800,-0.054,-0.250,0.250,,
Point,2D_SPRG_OUT_LH_0.5.2,Z,-5.817,-5.800,-0.017,-0.250,0.250,,
Point,2D_SPRG_OUT_LH_0.5.3,Z,-5.830,-5.800,-0.030,-0.250,0.250,,
Point,2D_SPRG_OUT_LH_0.5.4,Z,-5.889,-5.800,-0.089,-0.250,0.250,,
Point,2D_SPRG_OUT_LH_1.5.1,Z,-5.824,-5.800,-0.024,-0.250,0.250,,
Point,2D_SPRG_OUT_LH_1.5.2,Z,-5.817,-5.800,-0.017,-0.250,0.250,,
Point,2D_SPRG_OUT_LH_1.5.3,Z,-5.832,-5.800,-0.032,-0.250,0.250,,
Point,2D_SPRG_OUT_LH_1.5.4,Z,-5.847,-5.800,-0.047,-0.250,0.250,,
Point,2D_SPRG_OUT_RH_0.5.1,Z,6.795,6.900,-0.105,-0.250,0.250,,
Point,2D_SPRG_OUT_RH_0.5.2,Z,6.743,6.900,-0.157,-0.250,0.250,,
Point,2D_SPRG_OUT_RH_0.5.3,Z,6.728,6.900,-0.172,-0.250,0.250,,
Point,2D_SPRG_OUT_RH_0.5.4,Z,6.781,6.900,-0.119,-0.250,0.250,,
Point,2D_SPRG_OUT_RH_1.5.1,Z,6.788,6.900,-0.112,-0.250,0.250,,
Point,2D_SPRG_OUT_RH_1.5.2,Z,6.766,6.900,-0.134,-0.250,0.250,,
Point,2D_SPRG_OUT_RH_1.5.3,Z,6.755,6.900,-0.145,-0.250,0.250,,
Point,2D_SPRG_OUT_RH_1.5.4,Z,6.785,6.900,-0.115,-0.250,0.250,,
Circle,CIR_15,DIAM,5.076,5.200,-0.124,-0.100,0.100,-0.024,Criterion : Least Square (From 6 Pts On PL_PLAST_15) 
Circle,CIR_15,X,2.266,1.992,0.274,,,,
Circle,CIR_15,Z,-407.005,-406.515,-0.490,,,,
Pos. Tol.,POS_15,PTOL,1.123,0.000,1.123,0.000,2.000,,CIR_15/NOMINAL - CS_ABC - C-Zone - XZ - Nominal
Circle,CIR_16,DIAM,6.719,6.750,-0.031,-0.100,0.100,,Criterion : Least Square (From 6 Pts On PL_PLAST_16) 
Circle,CIR_16,X,28.115,28.242,-0.127,,,,
Circle,CIR_16,Z,9.461,9.985,-0.525,,,,
Pos. Tol.,POS_16,PTOL,1.080,0.000,1.080,0.000,2.000,,CIR_16/NOMINAL - CS_ABC - C-Zone - XZ - Nominal
Flatness,FLATNESS_G,FLTN,0.064,0.000,0.064,0.000,0.250,,PL_DATUM_G
Distance,PROF_G,X,-212.745,-213.100,0.355,-0.500,0.500,,CIR_19 - ORIGIN / CS_ABC
Circle,CIR_19,DIAM,33.159,33.200,-0.041,-0.100,0.100,,Criterion : Least Square (From 16 Pts On PL_DATUM_G) 
Circle,CIR_19,Y,60.251,60.550,-0.299,,,,
Circle,CIR_19,Z,-190.986,-191.000,0.014,,,,
Circle,CIR_19_GAGE_27.5,DIAM,28.179,28.100,0.079,-0.100,0.100,,Criterion : Least Square (From 16 Pts On PL_DATUM_G) 
Pos. Tol.,POS_19,PTOL,0.599,0.000,0.599,0.000,1.500,,CIR_19/NOMINAL - CS_ABC - C-Zone - YZ - Nominal
Circle,2D_GHA_CIR_20,DIAM,4.949,4.980,-0.031,-0.100,0.100,,
Circle,2D_GHA_CIR_20,Y,29.175,29.000,0.175,,,,
Circle,2D_GHA_CIR_20,Z,7.661,7.760,-0.099,,,,
Pos. Tol.,POS_20,PTOL,0.402,0.000,0.402,0.000,1.000,,2D_GHA_CIR_20/NOMINAL - CS_GH - C-Zone - YZ - Nominal
Circle,2D_GHA_CIR_21,DIAM,4.993,4.980,0.013,-0.100,0.100,,
Circle,2D_GHA_CIR_21,Y,-28.877,-29.000,0.123,,,,
Circle,2D_GHA_CIR_21,Z,-7.873,-7.760,-0.113,,,,
Pos. Tol.,POS_21,PTOL,0.333,0.000,0.333,0.000,1.000,,2D_GHA_CIR_21/NOMINAL - CS_GH - C-Zone - YZ - Nominal
Circle,JKM_CIR_22,DIAM,14.073,14.000,0.073,-0.100,0.100,,
Circle,JKM_CIR_22,X,23.609,23.540,0.069,,,,
Circle,JKM_CIR_22,Z,-0.462,0.000,-0.462,,,,
Pos. Tol.,POS_22,PTOL,0.934,0.000,0.934,0.000,1.500,,JKM_CIR_22/NOMINAL - CS_JKM_BF - C-Zone - XZ - Nominal
Circle,JKM_CIR_23,DIAM,14.122,14.050,0.072,-0.100,0.100,,
Circle,JKM_CIR_23,X,23.593,23.540,0.053,,,,
Circle,JKM_CIR_23,Z,-110.586,-110.600,0.014,,,,
Pos. Tol.,POS_23,PTOL,0.110,0.000,0.110,0.000,1.500,,JKM_CIR_23/NOMINAL - CS_JKM_BF - C-Zone - XZ - Nominal
Circle,JKM_CIR_24,DIAM,14.093,14.050,0.043,-0.100,0.100,,
Circle,JKM_CIR_24,X,23.813,23.540,0.273,,,,
Circle,JKM_CIR_24,Z,-220.975,-221.200,0.225,,,,
Pos. Tol.,POS_24,PTOL,0.708,0.000,0.708,0.000,1.500,,JKM_CIR_24/NOMINAL - CS_JKM_BF - C-Zone - XZ - Nominal
Circle,JKM_CIR_25,DIAM,14.096,14.050,0.046,-0.100,0.100,,
Circle,JKM_CIR_25,X,23.776,23.540,0.236,,,,
Circle,JKM_CIR_25,Z,-331.216,-331.800,0.584,,,,
Pos. Tol.,POS_25,PTOL,1.259,0.000,1.259,0.000,1.500,,JKM_CIR_25/NOMINAL - CS_JKM_BF - C-Zone - XZ - Nominal
Circle,CIR_26,DIAM,4.898,4.960,-0.062,-0.100,0.100,,Criterion : Least Square (From 6 Pts On PL_26) 
Circle,CIR_26,X,41.937,42.250,-0.313,,,,
Circle,CIR_26,Y,81.525,81.850,-0.325,,,,
Circle,CIR_26,Z,-41.453,-41.100,-0.353,,,,
Pos. Tol.,POS_26,PTOL,1.146,0.000,1.146,0.000,2.000,,CIR_26/NOMINAL - CS_ABC - C-Zone - XYZ - Nominal
Circle,CIR_27,DIAM,4.957,4.960,-0.003,-0.100,0.100,,Criterion : Least Square (From 6 Pts On PL_27) 
Circle,CIR_27,X,41.526,42.250,-0.724,,,,
Circle,CIR_27,Y,81.899,81.850,0.049,,,,
Circle,CIR_27,Z,-152.115,-151.700,-0.415,,,,
Pos. Tol.,POS_27,PTOL,1.671,0.000,1.671,0.000,2.000,,CIR_27/NOMINAL - CS_ABC - C-Zone - XYZ - Nominal
Circle,CIR_28,DIAM,4.927,4.960,-0.033,-0.100,0.100,,Criterion : Least Square (From 6 Pts On PL_28) 
Circle,CIR_28,X,41.674,42.250,-0.576,,,,
Circle,CIR_28,Y,81.807,81.850,-0.043,,,,
Circle,CIR_28,Z,-262.019,-262.300,0.281,,,,
Pos. Tol.,POS_28,PTOL,1.284,0.000,1.284,0.000,2.000,,CIR_28/NOMINAL - CS_ABC - C-Zone - XYZ - Nominal
Circle,CIR_29,DIAM,4.900,4.960,-0.060,-0.100,0.100,,Criterion : Least Square (From 6 Pts On PL_29) 
Circle,CIR_29,X,41.660,42.250,-0.590,,,,
Circle,CIR_29,Y,82.001,81.850,0.150,,,,
Circle,CIR_29,Z,-372.524,-372.900,0.376,,,,
Pos. Tol.,POS_29,PTOL,1.431,0.000,1.431,0.000,2.000,,CIR_29/NOMINAL - CS_ABC - C-Zone - XYZ - Nominal
Circle,2D_CIR_26,X,0.157,0.000,0.157,,,,
Circle,2D_CIR_26,Z,-0.325,0.000,-0.325,,,,
Pos. Tol.,POS_2D_26,PTOL,0.722,0.000,0.722,0.000,1.000,,2D_CIR_26/NOMINAL - CS_JKM_BF - C-Zone - XZ - Nominal
Circle,2D_CIR_27,X,-0.260,0.000,-0.260,,,,
Circle,2D_CIR_27,Z,-110.987,-110.600,-0.387,,,,
Pos. Tol.,POS_2D_27,PTOL,0.933,0.000,0.933,0.000,1.000,,2D_CIR_27/NOMINAL - CS_JKM_BF - C-Zone - XZ - Nominal
Circle,2D_CIR_28,X,0.048,0.000,0.048,,,,
Circle,2D_CIR_28,Z,-220.892,-221.200,0.308,,,,
Pos. Tol.,POS_2D_28,PTOL,0.624,0.000,0.624,0.000,1.000,,2D_CIR_28/NOMINAL - CS_JKM_BF - C-Zone - XZ - Nominal
Circle,2D_CIR_29,X,0.055,0.000,0.055,,,,
Circle,2D_CIR_29,Z,-331.396,-331.800,0.404,,,,
Pos. Tol.,POS_2D_29,PTOL,0.814,0.000,0.814,0.000,1.000,,2D_CIR_29/NOMINAL - CS_JKM_BF - C-Zone - XZ - Nominal
Circle,CIR_30,DIAM,6.776,6.750,0.026,-0.100,0.100,,Criterion : Least Square (From 6 Pts On PL_PLAST_30) 
Circle,CIR_30,Y,15.444,15.633,-0.190,,,,
Circle,CIR_30,Z,-65.357,-65.019,-0.338,,,,
Pos. Tol.,POS_30,PTOL,0.775,0.000,0.775,0.000,2.000,,CIR_30/NOMINAL - CS_ABC - C-Zone - YZ - Nominal
Circle,CIR_31,DIAM,6.799,6.750,0.049,-0.100,0.100,,Criterion : Least Square (From 6 Pts On PL_PLAST_31) 
Circle,CIR_31,Y,15.674,15.564,0.110,,,,
Circle,CIR_31,Z,-175.081,-175.015,-0.066,,,,
Pos. Tol.,POS_31,PTOL,0.257,0.000,0.257,0.000,2.000,,CIR_31/NOMINAL - CS_ABC - C-Zone - YZ - Nominal
Circle,CIR_32,DIAM,6.804,6.750,0.054,-0.100,0.100,,Criterion : Least Square (From 6 Pts On PL_PLAST_32) 
Circle,CIR_32,Y,15.552,15.564,-0.012,,,,
Circle,CIR_32,Z,-285.861,-286.015,0.153,,,,
Pos. Tol.,POS_32,PTOL,0.308,0.000,0.308,0.000,2.000,,CIR_32/NOMINAL - CS_ABC - C-Zone - YZ - Nominal
Circle,CIR_33,DIAM,6.737,6.750,-0.013,-0.100,0.100,,Criterion : Least Square (From 8 Pts On PL_PLAST_33) 
Circle,CIR_33,Y,15.833,15.565,0.269,,,,
Circle,CIR_33,Z,-401.191,-402.034,0.843,,,,
Pos. Tol.,POS_33,PTOL,1.770,0.000,1.770,0.000,2.000,,CIR_33/NOMINAL - CS_ABC - C-Zone - YZ - Nominal
Flatness,FLATNESS_R,FLTN,0.121,0.000,0.121,0.000,0.250,,CS_ABC
Circle,CIR_34,DIAM,7.921,8.000,-0.079,-0.100,0.100,,Criterion : Least Square (From 10 Pts On CS_ABC) 
Circle,CIR_34,X,32.184,31.994,0.190,,,,
Circle,CIR_34,Y,117.722,118.547,-0.825,,,,
Circle,CIR_34,Z,-365.612,-365.869,0.257,,,,
Pos. Tol.,POS_34,PTOL,1.770,0.000,1.770,0.000,2.500,,CIR_34/NOMINAL - CS_ABC - C-Zone - XYZ - Nominal
Circle,2D_CIR_35,Y,12.962,13.000,-0.038,,,,
Circle,2D_CIR_35,Z,-0.003,0.000,-0.003,,,,
Pos. Tol.,POS_2D_35,PTOL,0.077,0.000,0.077,0.000,0.500,,2D_CIR_35/NOMINAL - CS_RS_BF - C-Zone - YZ - Nominal
Circle,2D_CIR_36,Y,-13.024,-13.000,-0.024,,,,
Circle,2D_CIR_36,Z,-0.003,0.000,-0.003,,,,
Pos. Tol.,POS_2D_36,PTOL,0.047,0.000,0.047,0.000,0.500,,2D_CIR_36/NOMINAL - CS_RS_BF - C-Zone - YZ - Nominal
Circle,CIR_37,DIAM,10.497,10.390,0.107,0.000,0.130,,Criterion : Least Square (From 12 Pts On PL_PLAST_37) 
Circle,CIR_37,X,-201.193,-201.200,0.007,,,,
Circle,CIR_37,Y,75.231,75.457,-0.226,,,,
Pos. Tol.,POS_37,PTOL,0.453,0.000,0.453,0.000,3.500,,CIR_37/NOMINAL - CS_ABC - C-Zone - XY - Nominal
Flatness,FLATNESS_D,FLTN,0.309,0.000,0.309,0.000,0.400,,PL_DATUM_D
Distance,PROF_D,Z,-6.761,-6.000,-0.761,-1.500,1.500,,CIR_38 - ORIGIN / CS_ABC
Circle,CIR_39,DIAM,4.911,4.980,-0.069,-0.100,0.100,,Criterion : Least Square (From 6 Pts On PL_PLAST_39) 
Circle,CIR_39,X,-170.473,-171.258,0.785,,,,
Circle,CIR_39,Y,94.237,94.550,-0.313,,,,
Pos. Tol.,POS_39,PTOL,1.691,0.000,1.691,0.000,3.000,,CIR_39/NOMINAL - CS_ABC - C-Zone - XY - Nominal
Circle,CIR_40,DIAM,4.905,4.980,-0.075,-0.100,0.100,,Criterion : Least Square (From 6 Pts On PL_PLAST_40) 
Circle,CIR_40,X,-103.490,-104.259,0.768,,,,
Circle,CIR_40,Y,97.414,98.050,-0.636,,,,
Pos. Tol.,POS_40,PTOL,1.994,0.000,1.994,0.000,3.000,,CIR_40/NOMINAL - CS_ABC - C-Zone - XY - Nominal
Circle,CIR_41,DIAM,4.891,4.980,-0.089,-0.200,0.100,,Criterion : Least Square (From 6 Pts On PL_PLAST_41) 
Circle,CIR_41,X,-102.832,-103.258,0.426,,,,
Circle,CIR_41,Y,25.908,26.550,-0.642,,,,
Pos. Tol.,POS_41,PTOL,1.541,0.000,1.541,0.000,3.000,,CIR_41/NOMINAL - CS_ABC - C-Zone - XY - Nominal
Circle,CIR_42,DIAM,4.871,4.980,-0.109,-0.100,0.100,-0.009,Criterion : Least Square (From 6 Pts On PL_PLAST_42) 
Circle,CIR_42,X,-170.872,-171.258,0.386,,,,
Circle,CIR_42,Y,26.229,26.550,-0.321,,,,
Pos. Tol.,POS_42,PTOL,1.003,0.000,1.003,0.000,3.000,,CIR_42/NOMINAL - CS_ABC - C-Zone - XY - Nominal
Circle,2D_CIR_38,DIAM,62.985,63.000,-0.015,-0.500,0.500,,
Circle,2D_CIR_38,X,-34.060,-34.000,-0.060,,,,
Circle,2D_CIR_38,Y,33.915,34.000,-0.085,,,,
Pos. Tol.,POS_2D_38,PTOL,0.209,0.000,0.209,0.000,1.000,,2D_CIR_38/NOMINAL - CS_DEF_BF - C-Zone - XY - Nominal
Circle,2D_CIR_39,X,-67.959,-68.000,0.041,,,,
Circle,2D_CIR_39,Y,68.016,68.000,0.016,,,,
Pos. Tol.,POS_2D_39,PTOL,0.089,0.000,0.089,0.000,0.500,,2D_CIR_39/NOMINAL - CS_DEF_BF - C-Zone - XY - Nominal
Circle,2D_CIR_40,X,-0.993,-1.000,0.007,,,,
Circle,2D_CIR_40,Y,71.532,71.500,0.032,,,,
Pos. Tol.,POS_2D_40,PTOL,0.065,0.000,0.065,0.000,0.500,,2D_CIR_40/NOMINAL - CS_DEF_BF - C-Zone - XY - Nominal
Circle,2D_CIR_41,X,0.026,0.000,0.026,,,,
Circle,2D_CIR_41,Y,0.030,0.000,0.030,,,,
Pos. Tol.,POS_2D_41,PTOL,0.080,0.000,0.080,0.000,0.500,,2D_CIR_41/NOMINAL - CS_DEF_BF - C-Zone - XY - Nominal
Circle,2D_CIR_42,X,-68.015,-68.000,-0.015,,,,
Circle,2D_CIR_42,Y,0.007,0.000,0.007,,,,
Pos. Tol.,POS_2D_42,PTOL,0.033,0.000,0.033,0.000,0.500,,2D_CIR_42/NOMINAL - CS_DEF_BF - C-Zone - XY - Nominal
Distance,WIDTH_TB1,D1,2.930,3.000,-0.070,-0.150,0.150,,P0W2.5_1.1 - PIW2.5_1.1 / CS_DEF_BF
Distance,WIDTH_TB2,D1,2.989,3.000,-0.011,-0.150,0.150,,P0W2.5_1.2 - PIW2.5_1.2 / CS_DEF_BF
Distance,WIDTH_TB3,D1,3.056,3.000,0.056,-0.150,0.150,,P0W2.5_1.3 - PIW2.5_1.3 / CS_DEF_BF
Distance,WIDTH_TB4,D1,2.972,3.000,-0.028,-0.150,0.150,,P0W2.5_1.4 - PIW2.5_1.4 / CS_DEF_BF
Distance,WIDTH_TB5,D1,3.025,3.000,0.025,-0.150,0.150,,P0W2.5_1.5 - PIW2.5_1.5 / CS_DEF_BF
Distance,WIDTH_TB6,D1,2.953,3.000,-0.047,-0.150,0.150,,P0W2.5_1.6 - PIW2.5_1.6 / CS_DEF_BF
Distance,WIDTH_TB7,D1,3.033,3.000,0.033,-0.150,0.150,,P0W2.5_1.7 - PIW2.5_1.7 / CS_DEF_BF
Distance,WIDTH_TB8,D1,2.841,2.850,-0.009,-0.150,0.150,,P0W2.5_1.8 - PIW2.5_1.8 / CS_DEF_BF
Distance,WIDTH_TB9,D1,2.965,3.000,-0.035,-0.150,0.150,,P0W2.5_1.9 - PIW2.5_1.9 / CS_DEF_BF
Distance,WIDTH_TB10,D1,2.924,2.950,-0.026,-0.150,0.150,,P0W2.5_1.10 - PIW2.5_1.10 / CS_DEF_BF
Distance,WIDTH_TB11,D1,2.995,3.000,-0.005,-0.150,0.150,,P0W2.5_1.11 - PIW2.5_1.11 / CS_DEF_BF
Distance,WIDTH_TB12,D1,3.114,3.100,0.014,-0.150,0.150,,P0W2.5_1.12 - PIW2.5_1.12 / CS_DEF_BF
Distance,WIDTH_TB13,D1,3.127,3.050,0.077,-0.150,0.150,,P0W2.5_1.13 - PIW2.5_1.13 / CS_DEF_BF
Distance,WIDTH_TB14,D1,3.047,3.000,0.047,-0.150,0.150,,P0W2.5_1.14 - PIW2.5_1.14 / CS_DEF_BF
Distance,WIDTH_TB15,D1,2.931,2.950,-0.019,-0.150,0.150,,P0W2.5_1.15 - PIW2.5_1.15 / CS_DEF_BF
Distance,DEPTH_TB1,D1,4.932,5.000,-0.068,-0.250,0.250,,PTB_BOT_1.1 - PL_DATUM_D / CS_DEF_BF
Distance,DEPTH_TB2,D1,4.915,5.000,-0.085,-0.250,0.250,,PTB_BOT_1.2 - PL_DATUM_D / CS_DEF_BF
Distance,DEPTH_TB3,D1,5.020,5.000,0.020,-0.250,0.250,,PTB_BOT_1.3 - PL_DATUM_D / CS_DEF_BF
Distance,DEPTH_TB4,D1,4.995,5.000,-0.005,-0.250,0.250,,PTB_BOT_1.4 - PL_DATUM_D / CS_DEF_BF
Distance,DEPTH_TB5,D1,4.969,5.000,-0.031,-0.250,0.250,,PTB_BOT_1.5 - PL_DATUM_D / CS_DEF_BF
Distance,DEPTH_TB6,D1,5.001,5.000,0.001,-0.250,0.250,,PTB_BOT_1.6 - PL_DATUM_D / CS_DEF_BF
Distance,DEPTH_TB7,D1,4.987,5.000,-0.013,-0.250,0.250,,PTB_BOT_1.7 - PL_DATUM_D / CS_DEF_BF
Distance,DEPTH_TB8,D1,5.022,5.000,0.022,-0.250,0.250,,PTB_BOT_1.8 - PL_DATUM_D / CS_DEF_BF
Distance,DEPTH_TB9,D1,5.086,5.000,0.086,-0.250,0.250,,PTB_BOT_1.9 - PL_DATUM_D / CS_DEF_BF
Distance,DEPTH_TB10,D1,5.136,5.000,0.136,-0.250,0.250,,PTB_BOT_1.10 - PL_DATUM_D / CS_DEF_BF
Distance,DEPTH_TB11,D1,5.143,5.000,0.143,-0.250,0.250,,PTB_BOT_1.11 - PL_DATUM_D / CS_DEF_BF
Distance,DEPTH_TB12,D1,5.095,5.000,0.095,-0.250,0.250,,PTB_BOT_1.12 - PL_DATUM_D / CS_DEF_BF
Distance,DEPTH_TB13,D1,5.008,5.000,0.008,-0.250,0.250,,PTB_BOT_1.13 - PL_DATUM_D / CS_DEF_BF
Distance,DEPTH_TB14,D1,4.962,5.000,-0.038,-0.250,0.250,,PTB_BOT_1.14 - PL_DATUM_D / CS_DEF_BF
Distance,DEPTH_TB15,D1,4.965,5.000,-0.035,-0.250,0.250,,PTB_BOT_1.15 - PL_DATUM_D / CS_DEF_BF
