Feat. Type,Feat. Name,Value,Actual,Nominal,Dev.,Tol-,Tol+,Out of Tol.,Comment
Text/Value,VAR_PROGRAM,VAL,,,,,,,'N:\Metrolog XG\Programmes\Ford Transmission Pan 10R80 Moule 2\Ford Transmission Pan 10R80 Complete Cavit� 3 (Module_51).gm2'
Text/Value,VAR_EVENEMENT,VAL,,,,,,,'OTS-1'
Text/Value,VAR_COMMENTAIRES,VAL,,,,,,,'PART NO.3304'
Text/Value,PROFILE_A,VAL,0.200115,0.000000,0.200115,0.000000,0.280000,,
Circle,CIR_1,DIAM,7.104,7.100,0.004,-0.100,0.100,,Criterion : Least Square (From 4 Pts On PL_FIXTURE) 
Circle,CIR_1,X,-0.015,0.000,-0.015,,,,
Circle,CIR_1,Z,-0.115,0.000,-0.115,,,,
Circle,CIR_2,DIAM,7.104,7.100,0.004,-0.100,0.100,,Criterion : Least Square (From 4 Pts On PL_FIXTURE) 
Circle,CIR_2,X,-80.211,-80.100,-0.111,,,,
Circle,CIR_2,Z,-2.725,-2.800,0.075,,,,
Circle,CIR_3,DIAM,7.104,7.100,0.004,-0.100,0.100,,Criterion : Least Square (From 4 Pts On PL_FIXTURE) 
Circle,CIR_3,X,-169.852,-170.100,0.248,,,,
Circle,CIR_3,Z,-2.803,-2.800,-0.003,,,,
Circle,CIR_4,DIAM,8.022,8.000,0.022,-0.100,0.100,,Criterion : Least Square (From 4 Pts On PL_FIXTURE) 
Circle,CIR_4,X,-224.603,-224.500,-0.103,,,,
Circle,CIR_4,Z,-4.594,-4.600,0.006,,,,
Circle,CIR_5,DIAM,7.095,7.100,-0.005,-0.100,0.100,,Criterion : Least Square (From 4 Pts On PL_FIXTURE) 
Circle,CIR_5,X,-249.559,-249.500,-0.059,,,,
Circle,CIR_5,Z,-1.441,-1.600,0.159,,,,
Circle,CIR_6,DIAM,7.103,7.100,0.003,-0.100,0.100,,Criterion : Least Square (From 4 Pts On PL_FIXTURE) 
Circle,CIR_6,X,-272.818,-272.700,-0.118,,,,
Circle,CIR_6,Z,78.020,78.100,-0.080,,,,
Circle,CIR_7,DIAM,7.107,7.100,0.007,-0.100,0.100,,Criterion : Least Square (From 4 Pts On PL_FIXTURE) 
Circle,CIR_7,X,-272.926,-272.700,-0.226,,,,
Circle,CIR_7,Z,157.090,157.100,-0.010,,,,
Circle,CIR_8,DIAM,7.108,7.100,0.008,-0.100,0.100,,Criterion : Least Square (From 4 Pts On PL_FIXTURE) 
Circle,CIR_8,X,-272.756,-272.700,-0.056,,,,
Circle,CIR_8,Z,236.117,236.100,0.017,,,,
Circle,CIR_9,DIAM,7.106,7.100,0.006,-0.100,0.100,,Criterion : Least Square (From 4 Pts On PL_FIXTURE) 
Circle,CIR_9,X,-272.821,-272.679,-0.142,,,,
Circle,CIR_9,Z,315.187,315.140,0.047,,,,
Circle,CIR_10,DIAM,7.108,7.100,0.008,-0.100,0.100,,Criterion : Least Square (From 4 Pts On PL_FIXTURE) 
Circle,CIR_10,X,-272.790,-272.700,-0.090,,,,
Circle,CIR_10,Z,394.162,394.100,0.062,,,,
Circle,CIR_11,DIAM,7.094,7.100,-0.006,-0.100,0.100,,Criterion : Least Square (From 4 Pts On PL_FIXTURE) 
Circle,CIR_11,X,-254.678,-254.600,-0.078,,,,
Circle,CIR_11,Z,463.703,463.600,0.103,,,,
Circle,CIR_12,DIAM,7.109,7.100,0.009,-0.100,0.100,,Criterion : Least Square (From 4 Pts On PL_FIXTURE) 
Circle,CIR_12,X,-167.017,-166.900,-0.117,,,,
Circle,CIR_12,Z,474.687,474.600,0.087,,,,
Circle,CIR_13,DIAM,7.111,7.100,0.011,-0.100,0.100,,Criterion : Least Square (From 4 Pts On PL_FIXTURE) 
Circle,CIR_13,X,-79.254,-79.300,0.046,,,,
Circle,CIR_13,Z,474.877,474.600,0.277,,,,
Circle,CIR_14,DIAM,8.007,8.000,0.007,-0.100,0.100,,Criterion : Least Square (From 4 Pts On PL_FIXTURE) 
Circle,CIR_14,X,-19.437,-19.500,0.063,,,,
Circle,CIR_14,Z,473.392,473.400,-0.008,,,,
Circle,CIR_15,DIAM,7.094,7.100,-0.006,-0.100,0.100,,Criterion : Least Square (From 4 Pts On PL_FIXTURE) 
Circle,CIR_15,X,8.340,8.300,0.040,,,,
Circle,CIR_15,Z,470.609,470.600,0.009,,,,
Circle,CIR_16,DIAM,7.104,7.100,0.004,-0.100,0.100,,Criterion : Least Square (From 4 Pts On PL_FIXTURE) 
Circle,CIR_16,X,17.259,17.300,-0.041,,,,
Circle,CIR_16,Z,387.375,387.400,-0.025,,,,
Circle,CIR_17,DIAM,7.082,7.100,-0.018,-0.100,0.100,,Criterion : Least Square (From 4 Pts On PL_FIXTURE) 
Circle,CIR_17,X,17.429,17.300,0.129,,,,
Circle,CIR_17,Z,304.137,304.200,-0.063,,,,
Circle,CIR_18,DIAM,7.102,7.100,0.002,-0.100,0.100,,Criterion : Least Square (From 4 Pts On PL_FIXTURE) 
Circle,CIR_18,X,17.685,17.300,0.385,,,,
Circle,CIR_18,Z,227.955,228.000,-0.045,,,,
Circle,CIR_19,DIAM,7.108,7.100,0.008,-0.100,0.100,,Criterion : Least Square (From 4 Pts On PL_FIXTURE) 
Circle,CIR_19,X,17.554,17.300,0.254,,,,
Circle,CIR_19,Z,151.894,152.000,-0.106,,,,
Circle,CIR_20,DIAM,7.102,7.100,0.002,-0.100,0.100,,Criterion : Least Square (From 4 Pts On PL_FIXTURE) 
Circle,CIR_20,X,17.643,17.300,0.343,,,,
Circle,CIR_20,Z,75.862,76.000,-0.138,,,,
Pos. Tol.,POS_1,PTOL,0.231,0.000,0.231,0.104,0.904,,CIR_1(M)/NOMINAL - CS_ABC - C-Zone - XZ - Nominal
Pos. Tol.,POS_2,PTOL,0.268,0.000,0.268,0.208,1.008,,CIR_2(M)/NOMINAL(M) - CS_ABC - C-Zone - XZ - Nominal
Pos. Tol.,POS_3,PTOL,0.496,0.000,0.496,0.208,1.008,,CIR_3(M)/NOMINAL(M) - CS_ABC - C-Zone - XZ - Nominal
Pos. Tol.,POS_4,PTOL,0.207,0.000,0.207,0.226,1.026,,CIR_4(M)/NOMINAL(M) - CS_ABC - C-Zone - XZ - Nominal
Pos. Tol.,POS_5,PTOL,0.339,0.000,0.339,0.199,0.999,,CIR_5(M)/NOMINAL(M) - CS_ABC - C-Zone - XZ - Nominal
Pos. Tol.,POS_6,PTOL,0.285,0.000,0.285,0.207,1.007,,CIR_6(M)/NOMINAL(M) - CS_ABC - C-Zone - XZ - Nominal
Pos. Tol.,POS_7,PTOL,0.453,0.000,0.453,0.211,1.011,,CIR_7(M)/NOMINAL(M) - CS_ABC - C-Zone - XZ - Nominal
Pos. Tol.,POS_8,PTOL,0.117,0.000,0.117,0.212,1.012,,CIR_8(M)/NOMINAL(M) - CS_ABC - C-Zone - XZ - Nominal
Pos. Tol.,POS_9,PTOL,0.300,0.000,0.300,0.210,1.010,,CIR_9(M)/NOMINAL(M) - CS_ABC - C-Zone - XZ - Nominal
Pos. Tol.,POS_10,PTOL,0.218,0.000,0.218,0.212,1.012,,CIR_10(M)/NOMINAL(M) - CS_ABC - C-Zone - XZ - Nominal
Pos. Tol.,POS_11,PTOL,0.259,0.000,0.259,0.198,0.998,,CIR_11(M)/NOMINAL(M) - CS_ABC - C-Zone - XZ - Nominal
Pos. Tol.,POS_12,PTOL,0.292,0.000,0.292,0.213,1.013,,CIR_12(M)/NOMINAL(M) - CS_ABC - C-Zone - XZ - Nominal
Pos. Tol.,POS_13,PTOL,0.561,0.000,0.561,0.215,1.015,,CIR_13(M)/NOMINAL(M) - CS_ABC - C-Zone - XZ - Nominal
Pos. Tol.,POS_14,PTOL,0.127,0.000,0.127,0.211,1.011,,CIR_14(M)/NOMINAL(M) - CS_ABC - C-Zone - XZ - Nominal
Pos. Tol.,POS_15,PTOL,0.081,0.000,0.081,0.198,0.998,,CIR_15(M)/NOMINAL(M) - CS_ABC - C-Zone - XZ - Nominal
Pos. Tol.,POS_16,PTOL,0.097,0.000,0.097,0.208,1.008,,CIR_16(M)/NOMINAL(M) - CS_ABC - C-Zone - XZ - Nominal
Pos. Tol.,POS_17,PTOL,0.287,0.000,0.287,0.186,0.986,,CIR_17(M)/NOMINAL(M) - CS_ABC - C-Zone - XZ - Nominal
Pos. Tol.,POS_18,PTOL,0.775,0.000,0.775,0.206,1.006,,CIR_18(M)/NOMINAL(M) - CS_ABC - C-Zone - XZ - Nominal
Pos. Tol.,POS_19,PTOL,0.550,0.000,0.550,0.212,1.012,,CIR_19(M)/NOMINAL(M) - CS_ABC - C-Zone - XZ - Nominal
Pos. Tol.,POS_20,PTOL,0.740,0.000,0.740,0.206,1.006,,CIR_20(M)/NOMINAL(M) - CS_ABC - C-Zone - XZ - Nominal
Perpend.,PERP_B,PERP,0.049,0.000,0.049,0.099,0.229,,CYL_B(M)/PL_FIXTURE - C-Zone - Cloud of Points 
Profile of Line,PROFILE_INSIDE_PAN_AT_GAGE,PRFL,2.355,0.000,2.355,0.000,3.000,,SECTION_INSIDE_2.5MM
Circle,CIR_21,DIAM,18.846,18.950,-0.104,-0.130,0.100,,Criterion : Least Square (From 20 Pts On PL_PLAST_TOP_21) 
Circle,CIR_21,X,-94.756,-94.500,-0.256,,,,
Circle,CIR_21,Z,123.326,123.400,-0.074,,,,
Circle,CIR_21_OD,DIAM,21.338,21.400,-0.062,-0.100,0.100,,Proj. CIR_21_OD / PL_DATUM_E.
Pos. Tol.,POS_21,PTOL,0.534,0.000,0.534,0.000,1.000,,CIR_21/NOMINAL - CS_ABC - C-Zone - XZ - Nominal
Coaxiality,CONCENTRICITY_21,COAX,0.156,0.000,0.156,0.000,0.300,,CIR_21_OD/CYL_D - C-Zone - Nominal
Distance,PROF_22.1,D1,10.550,10.300,0.250,-0.250,0.250,0.000,SRF_21.1 - PL_DATUM_E / CS_SRF_BF
Distance,PROF_22.2,D1,10.726,10.300,0.426,-0.250,0.250,0.176,SRF_21.2 - PL_DATUM_E / CS_SRF_BF
Distance,PROF_22.3,D1,10.475,10.300,0.175,-0.250,0.250,,SRF_21.3 - PL_DATUM_E / CS_SRF_BF
Distance,PROF_22.4,D1,10.544,10.300,0.244,-0.250,0.250,,SRF_21.4 - PL_DATUM_E / CS_SRF_BF
Distance,PROF_22.5,D1,10.564,10.300,0.264,-0.250,0.250,0.014,SRF_21.5 - PL_DATUM_E / CS_SRF_BF
Distance,PROF_22.6,D1,10.876,10.300,0.576,-0.250,0.250,0.326,SRF_21.6 - PL_DATUM_E / CS_SRF_BF
Distance,PROF_22.7,D1,10.604,10.300,0.304,-0.250,0.250,0.054,SRF_21.7 - PL_DATUM_E / CS_SRF_BF
Distance,PROF_22.8,D1,10.829,10.300,0.529,-0.250,0.250,0.279,SRF_21.8 - PL_DATUM_E / CS_SRF_BF
Distance,PROF_E.1,D1,177.800,178.558,-0.758,,,,SRF_E.1 - ORIGIN / CS_SRF_BF
Distance,PROF_E.1,Y,62.013,61.400,0.613,-2.000,1.000,,
Distance,PROF_E.2,D1,179.683,180.424,-0.740,,,,SRF_E.2 - ORIGIN / CS_SRF_BF
Distance,PROF_E.2,Y,62.094,61.400,0.694,-2.000,1.000,,
Distance,PROF_E.3,D1,181.387,182.116,-0.729,,,,SRF_E.3 - ORIGIN / CS_SRF_BF
Distance,PROF_E.3,Y,62.149,61.400,0.749,-2.000,1.000,,
Distance,PROF_E.4,D1,155.218,156.154,-0.936,,,,SRF_E.4 - ORIGIN / CS_SRF_BF
Distance,PROF_E.4,Y,61.467,61.400,0.067,-2.000,1.000,,
Distance,PROF_E.5,D1,153.360,154.303,-0.943,,,,SRF_E.5 - ORIGIN / CS_SRF_BF
Distance,PROF_E.5,Y,61.464,61.400,0.064,-2.000,1.000,,
Distance,PROF_E.6,D1,151.710,152.659,-0.949,,,,SRF_E.6 - ORIGIN / CS_SRF_BF
Distance,PROF_E.6,Y,61.458,61.400,0.058,-2.000,1.000,,
Distance,PROF_E.7,D1,169.262,170.175,-0.913,,,,SRF_E.7 - ORIGIN / CS_SRF_BF
Distance,PROF_E.7,Y,61.204,61.400,-0.196,-2.000,1.000,,
Distance,PROF_E.8,D1,169.667,170.585,-0.918,,,,SRF_E.8 - ORIGIN / CS_SRF_BF
Distance,PROF_E.8,Y,61.170,61.400,-0.230,-2.000,1.000,,
Distance,PROF_E.9,D1,170.066,170.474,-0.408,,,,SRF_E.9 - ORIGIN / CS_SRF_BF
Distance,PROF_E.9,Y,61.124,61.400,-0.276,-2.000,1.000,,
Section,SECTION_ZONE_1,MAX,0.362,0.000,0.362,-2.500,1.500,,15 Pts [0 < LT ; LT < 15 < UT ;  0 > UL]
Section,SECTION_ZONE_1,MIN,-0.635,0.000,-0.635,-2.500,1.500,,
Section,SECTION_ZONE_2,MAX,-1.024,0.000,-1.024,-3.000,1.000,,7 Pts [0 < LT ; LT < 7 < UT ;  0 > UL]
Section,SECTION_ZONE_2,MIN,-1.538,0.000,-1.538,-3.000,1.000,,
Section,SECTION_ZONE_3,MAX,-3.302,0.000,-3.302,-5.000,1.000,,1 Pts [0 < LT ; LT < 1 < UT ;  0 > UL]
Section,SECTION_ZONE_3,MIN,-3.302,0.000,-3.302,-5.000,1.000,,
Circle,CIR_22,DIAM,6.756,6.350,0.406,-0.100,0.100,0.306,Criterion : Least Square (From 6 Pts On PL_PLAST_22) 
Circle,CIR_22,Y,7.053,7.000,0.053,,,,
Circle,CIR_22,Z,429.563,429.300,0.263,,,,
Circle,CIR_23,DIAM,6.618,6.350,0.268,-0.100,0.100,0.168,Criterion : Least Square (From 6 Pts On PL_PLAST_23) 
Circle,CIR_23,Y,7.018,7.000,0.018,,,,
Circle,CIR_23,Z,354.743,354.400,0.343,,,,
Circle,CIR_24,DIAM,6.498,6.350,0.148,-0.100,0.100,0.048,Criterion : Least Square (From 6 Pts On PL_PLAST_24) 
Circle,CIR_24,Y,6.934,7.000,-0.066,,,,
Circle,CIR_24,Z,196.564,196.600,-0.036,,,,
Circle,CIR_25,DIAM,6.624,6.350,0.274,-0.100,0.100,0.174,Criterion : Least Square (From 6 Pts On PL_PLAST_25) 
Circle,CIR_25,Y,7.035,7.000,0.035,,,,
Circle,CIR_25,Z,28.500,28.600,-0.100,,,,
Circle,CIR_26,DIAM,6.589,6.350,0.239,-0.100,0.100,0.139,Criterion : Least Square (From 6 Pts On PL_PLAST_26) 
Circle,CIR_26,Y,7.147,7.000,0.147,,,,
Circle,CIR_26,Z,265.624,266.100,-0.476,,,,
Circle,CIR_27,DIAM,6.590,6.350,0.240,-0.100,0.100,0.140,Criterion : Least Square (From 6 Pts On PL_PLAST_27) 
Circle,CIR_27,Y,7.085,7.000,0.085,,,,
Circle,CIR_27,Z,345.333,345.800,-0.467,,,,
Circle,CIR_28,DIAM,6.642,6.350,0.292,-0.100,0.100,0.192,Criterion : Least Square (From 6 Pts On PL_PLAST_28) 
Circle,CIR_28,Y,7.119,7.000,0.119,,,,
Circle,CIR_28,Z,428.772,429.000,-0.228,,,,
Pos. Tol.,POS_22,PTOL,0.536,0.000,0.536,0.000,1.000,,CIR_22/NOMINAL - CS_ABC - C-Zone - YZ - Nominal
Pos. Tol.,POS_23,PTOL,0.686,0.000,0.686,0.000,1.000,,CIR_23/NOMINAL - CS_ABC - C-Zone - YZ - Nominal
Pos. Tol.,POS_24,PTOL,0.150,0.000,0.150,0.000,1.000,,CIR_24/NOMINAL - CS_ABC - C-Zone - YZ - Nominal
Pos. Tol.,POS_25,PTOL,0.213,0.000,0.213,0.000,1.000,,CIR_25/NOMINAL - CS_ABC - C-Zone - YZ - Nominal
Pos. Tol.,POS_26,PTOL,0.997,0.000,0.997,0.000,1.000,,CIR_26/NOMINAL - CS_ABC - C-Zone - YZ - Nominal
Pos. Tol.,POS_27,PTOL,0.950,0.000,0.950,0.000,1.000,,CIR_27/NOMINAL - CS_ABC - C-Zone - YZ - Nominal
Pos. Tol.,POS_28,PTOL,0.514,0.000,0.514,0.000,1.000,,CIR_28/NOMINAL - CS_ABC - C-Zone - YZ - Nominal
