Feat. Type,Feat. Name,Value,Actual,Nominal,Dev.,Tol-,Tol+,Out of Tol.,Comment
Text/Value,VAR_PROGRAM,VAL,,,,,,,'N:\Metrolog XG\Programmes\TBA 3V\TBA 3V Platine (Module 51).gm2'
Text/Value,VAR_EVENEMENT,VAL,,,,,,,'Test_Hebdo'
Text/Value,VAR_COMMENTAIRES,VAL,,,,,,,'303A'
Circle,CIR_1,X,-93.946,-94.200,0.254,,,,Criterion : Least Square (From 6 Pts On PL_INS_1) 
Circle,CIR_1,Y,-3.291,-3.200,-0.091,,,,
Pos. Tol.,PTOL1,PTOL,0.539,0.000,0.539,0.000,0.800,,CIR_1/NOMINAL - ABC_BEST - C-Zone - XY - Nominal
Circle,CIR_2,X,-114.197,-113.900,-0.297,,,,Criterion : Least Square (From 6 Pts On PL_INS_2) 
Circle,CIR_2,Y,-70.196,-70.200,0.004,,,,
Pos. Tol.,PTOL2,PTOL,0.593,0.000,0.593,0.000,0.800,,CIR_2/NOMINAL - ABC_BEST - C-Zone - XY - Nominal
Circle,CIR_3,X,41.565,41.500,0.065,,,,Criterion : Least Square (From 6 Pts On PL_INS_3) 
Circle,CIR_3,Y,-76.184,-76.200,0.016,,,,
Pos. Tol.,PTOL3,PTOL,0.133,0.000,0.133,0.000,0.800,,CIR_3/NOMINAL - ABC_BEST - C-Zone - XY - Nominal
Circle,CIR_4,X,25.845,25.800,0.045,,,,Criterion : Least Square (From 6 Pts On PL_INS_4) 
Circle,CIR_4,Y,-3.210,-3.300,0.090,,,,
Pos. Tol.,PTOL4,PTOL,0.201,0.000,0.201,0.000,0.800,,CIR_4/NOMINAL - ABC_BEST - C-Zone - XY - Nominal
Distance,H_1,Z,-0.059,0.000,-0.059,0.000,0.500,-0.059,CIR_1 - PL_PLAST_1 / ABC_BEST
Distance,H_2,Z,0.081,0.000,0.081,0.000,0.500,,CIR_2 - PL_PLAST_2 / ABC_BEST
Distance,H_3,Z,0.166,0.000,0.166,0.000,0.500,,CIR_3 - PL_PLAST_3 / ABC_BEST
Distance,H_4,Z,0.078,0.000,0.078,0.000,0.500,,CIR_4 - PL_PLAST_4 / ABC_BEST
