Feat. Type,Feat. Name,Value,Actual,Nominal,Dev.,Tol-,Tol+,Out of Tol.,Comment
Text/Value,VAR_PROGRAM,VAL,,,,,,,'N:\Metrolog XG\Programmes\GM HF RWD Gen II\GM HF RWD Gen II Complete (Module 64).gm2'
Text/Value,VAR_EVENEMENT,VAL,,,,,,,'Fip 05751 - Nid 2 '
Text/Value,VAR_COMMENTAIRES,VAL,,,,,,,' 289 A'
Point,PNT_MID_C,Z,-0.106,0.000,-0.106,,,,Med. SRF_C_TOP - SRF_C_DOWN.
Distance,WIDTH_C,D1,8.783,8.860,-0.077,-0.150,0.150,,SRF_C_TOP - SRF_C_DOWN / CS_ABC_BF_SURFACES
Circle,CIR1,X,-51.515,-52.000,0.485,,,,From 4 Pts On PL_PLAST_1
Circle,CIR1,Z,-112.470,-112.500,0.030,,,,
Pos. Tol.,PTOL_CIR_1,PTOL,0.973,0.000,0.973,0.000,1.927,,CIR1/NOMINAL - CS_AB_PORTS - C-Zone - XZ - Nominal
Circle,CIR2,X,-51.821,-52.000,0.179,,,,From 4 Pts On PL_PLAST_2
Circle,CIR2,Z,-17.856,-18.000,0.144,,,,
Pos. Tol.,PTOL_CIR_2,PTOL,0.460,0.000,0.460,0.000,1.927,,CIR2/NOMINAL - CS_AB_PORTS - C-Zone - XZ - Nominal
Circle,CIR3,X,-51.544,-52.000,0.456,,,,From 4 Pts On PL_PLAST_3
Circle,CIR3,Z,87.622,88.000,-0.378,,,,
Pos. Tol.,PTOL_CIR_3,PTOL,1.185,0.000,1.185,0.000,1.927,,CIR3/NOMINAL - CS_AB_PORTS - C-Zone - XZ - Nominal
Circle,CIR4,X,-51.376,-52.000,0.624,,,,From 4 Pts On PL_PLAST_4
Circle,CIR4,Z,193.577,194.000,-0.423,,,,
Pos. Tol.,PTOL_CIR_4,PTOL,1.507,0.000,1.507,0.000,1.927,,CIR4/NOMINAL - CS_AB_PORTS - C-Zone - XZ - Nominal
Circle,CIR5,X,51.619,52.000,-0.381,,,,From 3 Pts On PL_PLAST_5
Circle,CIR5,Z,154.935,155.500,-0.565,,,,
Pos. Tol.,PTOL_CIR_5,PTOL,1.363,0.000,1.363,0.000,1.927,,CIR5/NOMINAL - CS_AB_PORTS - C-Zone - XZ - Nominal
Circle,CIR6,X,51.531,52.000,-0.469,,,,From 4 Pts On PL_PLAST_6
Circle,CIR6,Z,60.804,61.000,-0.196,,,,
Pos. Tol.,PTOL_CIR_6,PTOL,1.016,0.000,1.016,0.000,1.927,,CIR6/NOMINAL - CS_AB_PORTS - C-Zone - XZ - Nominal
Circle,CIR7,X,51.743,52.000,-0.257,,,,From 4 Pts On PL_PLAST_7
Circle,CIR7,Z,-44.866,-45.000,0.134,,,,
Pos. Tol.,PTOL_CIR_7,PTOL,0.580,0.000,0.580,0.000,1.927,,CIR7/NOMINAL - CS_AB_PORTS - C-Zone - XZ - Nominal
Circle,CIR8,X,51.528,52.000,-0.472,,,,From 4 Pts On PL_PLAST_8
Circle,CIR8,Z,-150.701,-151.000,0.299,,,,
Pos. Tol.,PTOL_CIR_8,PTOL,1.117,0.000,1.117,0.000,1.927,,CIR8/NOMINAL - CS_AB_PORTS - C-Zone - XZ - Nominal
Circle,CIR_9_GAGE_6,DIAM,12.243,12.200,0.043,-0.080,0.120,,Criterion : Least Square (From 12 Pts On PL_PLAST_9) 
Circle,2D_CIR_10,X,-0.180,0.000,-0.180,,,,
Circle,2D_CIR_10,Z,0.000,0.000,0.000,,,,
Pos. Tol.,PTOL_2D_CIR_10,PTOL,0.267,0.000,0.267,0.000,0.500,,2D_CIR_10/NOMINAL - CS_HJ - C-Zone - YZ - Nominal
Distance,H_10,X,0.063,-0.000,0.063,0.000,0.400,,CIR_10 - PL_PLAST_10 / CS_HJ_ROT_180
Circle,2D_CIR_INS_11,X,41.706,42.000,-0.294,,,,
Circle,2D_CIR_INS_11,Y,28.911,29.000,-0.089,,,,
Pos. Tol.,PTOL_2D_CIR_11,PTOL,0.614,0.000,0.614,0.000,0.650,,2D_CIR_INS_11/NOMINAL - CS_D_BF - C-Zone - XY - Nominal
Distance,H_11,Z,0.074,-0.000,0.074,0.000,0.400,,CIR_INS_11 - PL_PLAST_INS_11 / CS_D_BF
Circle,2D_CIR_INS_12,X,42.013,42.000,0.013,,,,
Circle,2D_CIR_INS_12,Y,-33.986,-34.000,0.014,,,,
Pos. Tol.,PTOL_2D_CIR_12,PTOL,0.039,0.000,0.039,0.000,0.650,,2D_CIR_INS_12/NOMINAL - CS_D_BF - C-Zone - XY - Nominal
Distance,H_12,Z,0.105,-0.000,0.106,0.000,0.400,,CIR_INS_12 - PL_PLAST_INS_12 / CS_D_BF
Circle,2D_CIR_INS_13,X,-41.913,-42.000,0.087,,,,
Circle,2D_CIR_INS_13,Y,-33.958,-34.000,0.042,,,,
Pos. Tol.,PTOL_2D_CIR_13,PTOL,0.193,0.000,0.193,0.000,0.650,,2D_CIR_INS_13/NOMINAL - CS_D_BF - C-Zone - XY - Nominal
Distance,H_13,Z,0.134,-0.000,0.134,0.000,0.400,,CIR_INS_13 - PL_PLAST_INS_13 / CS_D_BF
Circle,2D_CIR_INS_14,X,-41.806,-42.000,0.194,,,,
Circle,2D_CIR_INS_14,Y,29.032,29.000,0.032,,,,
Pos. Tol.,PTOL_2D_CIR_14,PTOL,0.393,0.000,0.393,0.000,0.650,,2D_CIR_INS_14/NOMINAL - CS_D_BF - C-Zone - XY - Nominal
Distance,H_14,Z,0.112,-0.000,0.113,0.000,0.400,,CIR_INS_14 - PL_PLAST_INS_14 / CS_D_BF
Paral.,PERP_11_,PARA,0.150,0.000,0.150,0.000,0.250,,PL_INS_11/PL_PLAST_A - P-Zone - Cloud of Points 
Paral.,PERP_12_,PARA,0.112,0.000,0.112,0.000,0.250,,PL_INS_12/PL_PLAST_A - P-Zone - Cloud of Points 
Paral.,PERP_13_,PARA,0.050,0.000,0.050,0.000,0.250,,PL_INS_13/PL_PLAST_A - P-Zone - Cloud of Points 
Paral.,PERP_14_,PARA,0.165,0.000,0.165,0.000,0.250,,PL_INS_14/PL_PLAST_A - P-Zone - Cloud of Points 
Distance,OP1_WIDTH_1,D1,3.968,4.000,-0.032,-0.250,0.100,,OP1_PT1_OW_GAGE - OP1_PT1_IW_GAGE / CS_BF_OP1
Distance,OP1_WIDTH_2,D1,3.980,4.000,-0.020,-0.250,0.050,,OP1_PT2_OW_GAGE - OP1_PT2_IW_GAGE / CS_BF_OP1
Distance,OP1_WIDTH_3,D1,3.877,4.000,-0.123,-0.250,0.050,,OP1_PT3_OW_GAGE - OP1_PT3_IW_GAGE / CS_BF_OP1
Distance,OP1_WIDTH_4,D1,3.861,4.000,-0.139,-0.250,0.050,,OP1_PT4_OW_GAGE - OP1_PT4_IW_GAGE / CS_BF_OP1
Distance,OP1_WIDTH_5,D1,3.952,4.000,-0.048,-0.250,0.100,,OP1_PT5_OW_GAGE - OP1_PT5_IW_GAGE / CS_BF_OP1
Distance,OP1_WIDTH_6,D1,3.948,4.000,-0.052,-0.250,0.050,,OP1_PT6_OW_GAGE - OP1_PT6_IW_GAGE / CS_BF_OP1
Distance,OP1_WIDTH_7,D1,3.838,4.000,-0.162,-0.250,0.050,,OP1_PT7_OW_GAGE - OP1_PT7_IW_GAGE / CS_BF_OP1
Distance,OP1_WIDTH_8,D1,3.901,4.000,-0.099,-0.250,0.050,,OP1_PT8_OW_GAGE - OP1_PT8_IW_GAGE / CS_BF_OP1
Distance,OP_1_DEPTH_1,D1,6.012,6.000,0.012,-0.150,0.250,,OP1_PT1_DEPTH - PL_FIXTURE_A / CS_BF_OP1
Distance,OP_1_DEPTH_2,D1,6.058,6.000,0.058,-0.150,0.250,,OP1_PT2_DEPTH - PL_FIXTURE_A / CS_BF_OP1
Distance,OP_1_DEPTH_3,D1,6.112,6.000,0.112,-0.150,0.250,,OP1_PT3_DEPTH - PL_FIXTURE_A / CS_BF_OP1
Distance,OP_1_DEPTH_4,D1,6.275,6.000,0.275,-0.150,0.300,,OP1_PT4_DEPTH - PL_FIXTURE_A / CS_BF_OP1
Distance,OP_1_DEPTH_5,D1,6.317,6.000,0.317,-0.150,0.300,0.017,OP1_PT5_DEPTH - PL_FIXTURE_A / CS_BF_OP1
Distance,OP_1_DEPTH_6,D1,6.273,6.000,0.273,-0.150,0.300,,OP1_PT6_DEPTH - PL_FIXTURE_A / CS_BF_OP1
Distance,OP_1_DEPTH_7,D1,6.157,6.000,0.157,-0.150,0.250,,OP1_PT7_DEPTH - PL_FIXTURE_A / CS_BF_OP1
Distance,OP_1_DEPTH_8,D1,6.091,6.000,0.091,-0.150,0.250,,OP1_PT8_DEPTH - PL_FIXTURE_A / CS_BF_OP1
Profile of Line,OP1TOL_PRF_IN,PRFL,0.961,0.000,0.961,0.000,1.427,,OP1_SECT_IN
Distance,OP2_WIDTH_1,D1,3.966,4.000,-0.034,-0.250,0.050,,OP2_PT1_OW_GAGE - OP2_PT1_IW_GAGE / CS_BF_OP2
Distance,OP2_WIDTH_2,D1,3.934,4.000,-0.066,-0.250,0.050,,OP2_PT2_OW_GAGE - OP2_PT2_IW_GAGE / CS_BF_OP2
Distance,OP2_WIDTH_3,D1,3.863,4.000,-0.137,-0.250,0.050,,OP2_PT3_OW_GAGE - OP2_PT3_IW_GAGE / CS_BF_OP2
Distance,OP2_WIDTH_4,D1,3.900,4.000,-0.100,-0.250,0.050,,OP2_PT4_OW_GAGE - OP2_PT4_IW_GAGE / CS_BF_OP2
Distance,OP2_WIDTH_5,D1,3.858,4.000,-0.142,-0.250,0.050,,OP2_PT5_OW_GAGE - OP2_PT5_IW_GAGE / CS_BF_OP2
Distance,OP2_WIDTH_6,D1,3.952,4.000,-0.048,-0.250,0.050,,OP2_PT6_OW_GAGE - OP2_PT6_IW_GAGE / CS_BF_OP2
Distance,OP2_WIDTH_7,D1,4.072,4.000,0.072,-0.250,0.050,0.022,OP2_PT7_OW_GAGE - OP2_PT7_IW_GAGE / CS_BF_OP2
Distance,OP2_WIDTH_8,D1,3.908,4.000,-0.092,-0.250,0.050,,OP2_PT8_OW_GAGE - OP2_PT8_IW_GAGE / CS_BF_OP2
Distance,OP_2_DEPTH_1,D1,6.013,6.000,0.013,-0.150,0.250,,OP2_PT1_DEPTH - PL_FIXTURE_A / CS_BF_OP2
Distance,OP_2_DEPTH_2,D1,6.054,6.000,0.054,-0.150,0.250,,OP2_PT2_DEPTH - PL_FIXTURE_A / CS_BF_OP2
Distance,OP_2_DEPTH_3,D1,6.087,6.000,0.087,-0.150,0.250,,OP2_PT3_DEPTH - PL_FIXTURE_A / CS_BF_OP2
Distance,OP_2_DEPTH_4,D1,6.241,6.000,0.240,-0.150,0.250,,OP2_PT4_DEPTH - PL_FIXTURE_A / CS_BF_OP2
Distance,OP_2_DEPTH_5,D1,6.286,6.000,0.285,-0.150,0.250,0.035,OP2_PT5_DEPTH - PL_FIXTURE_A / CS_BF_OP2
Distance,OP_2_DEPTH_6,D1,6.248,6.000,0.248,-0.150,0.250,,OP2_PT6_DEPTH - PL_FIXTURE_A / CS_BF_OP2
Distance,OP_2_DEPTH_7,D1,6.155,6.000,0.155,-0.150,0.250,,OP2_PT7_DEPTH - PL_FIXTURE_A / CS_BF_OP2
Distance,OP_2_DEPTH_8,D1,6.068,6.000,0.068,-0.150,0.250,,OP2_PT8_DEPTH - PL_FIXTURE_A / CS_BF_OP2
Profile of Line,OP2TOL_PRF_IN,PRFL,1.122,0.000,1.122,0.000,1.600,,OP2_SECT_IN
Distance,OP3_WIDTH_1,D1,3.948,4.000,-0.052,-0.250,0.050,,OP3_PT1_OW_GAGE - OP3_PT1_IW_GAGE / CS_BF_OP3
Distance,OP3_WIDTH_2,D1,3.975,4.000,-0.025,-0.250,0.050,,OP3_PT2_OW_GAGE - OP3_PT2_IW_GAGE / CS_BF_OP3
Distance,OP3_WIDTH_3,D1,3.873,4.000,-0.127,-0.250,0.050,,OP3_PT3_OW_GAGE - OP3_PT3_IW_GAGE / CS_BF_OP3
Distance,OP3_WIDTH_4,D1,3.928,4.000,-0.072,-0.250,0.050,,OP3_PT4_OW_GAGE - OP3_PT4_IW_GAGE / CS_BF_OP3
Distance,OP3_WIDTH_5,D1,3.881,4.000,-0.119,-0.250,0.050,,OP3_PT5_OW_GAGE - OP3_PT5_IW_GAGE / CS_BF_OP3
Distance,OP3_WIDTH_6,D1,3.954,4.000,-0.046,-0.250,0.050,,OP3_PT6_OW_GAGE - OP3_PT6_IW_GAGE / CS_BF_OP3
Distance,OP3_WIDTH_7,D1,3.967,4.000,-0.033,-0.250,0.050,,OP3_PT7_OW_GAGE - OP3_PT7_IW_GAGE / CS_BF_OP3
Distance,OP3_WIDTH_8,D1,3.912,4.000,-0.088,-0.250,0.050,,OP3_PT8_OW_GAGE - OP3_PT8_IW_GAGE / CS_BF_OP3
Distance,OP_3_DEPTH_1,D1,5.949,6.000,-0.051,-0.150,0.250,,OP3_PT1_DEPTH - PL_FIXTURE_A / CS_BF_OP3
Distance,OP_3_DEPTH_2,D1,5.988,6.000,-0.012,-0.150,0.250,,OP3_PT2_DEPTH - PL_FIXTURE_A / CS_BF_OP3
Distance,OP_3_DEPTH_3,D1,5.992,6.000,-0.008,-0.150,0.250,,OP3_PT3_DEPTH - PL_FIXTURE_A / CS_BF_OP3
Distance,OP_3_DEPTH_4,D1,6.170,6.000,0.170,-0.150,0.250,,OP3_PT4_DEPTH - PL_FIXTURE_A / CS_BF_OP3
Distance,OP_3_DEPTH_5,D1,6.253,6.000,0.253,-0.150,0.250,0.003,OP3_PT5_DEPTH - PL_FIXTURE_A / CS_BF_OP3
Distance,OP_3_DEPTH_6,D1,6.181,6.000,0.180,-0.150,0.250,,OP3_PT6_DEPTH - PL_FIXTURE_A / CS_BF_OP3
Distance,OP_3_DEPTH_7,D1,6.051,6.000,0.050,-0.150,0.250,,OP3_PT7_DEPTH - PL_FIXTURE_A / CS_BF_OP3
Distance,OP_3_DEPTH_8,D1,6.017,6.000,0.017,-0.150,0.250,,OP3_PT8_DEPTH - PL_FIXTURE_A / CS_BF_OP3
Profile of Line,OP3TOL_PRF_IN,PRFL,1.065,0.000,1.065,0.000,1.427,,OP3_SECT_IN
Distance,OP4_WIDTH_1,D1,3.955,4.000,-0.045,-0.250,0.050,,OP4_PT1_OW_GAGE - OP4_PT1_IW_GAGE / CS_BF_OP4
Distance,OP4_WIDTH_2,D1,3.972,4.000,-0.028,-0.250,0.050,,OP4_PT2_OW_GAGE - OP4_PT2_IW_GAGE / CS_BF_OP4
Distance,OP4_WIDTH_3,D1,3.973,4.000,-0.027,-0.250,0.050,,OP4_PT3_OW_GAGE - OP4_PT3_IW_GAGE / CS_BF_OP4
Distance,OP4_WIDTH_4,D1,3.865,4.000,-0.135,-0.250,0.050,,OP4_PT4_OW_GAGE - OP4_PT4_IW_GAGE / CS_BF_OP4
Distance,OP4_WIDTH_5,D1,3.932,4.000,-0.068,-0.250,0.050,,OP4_PT5_OW_GAGE - OP4_PT5_IW_GAGE / CS_BF_OP4
Distance,OP4_WIDTH_6,D1,3.869,4.000,-0.131,-0.250,0.050,,OP4_PT6_OW_GAGE - OP4_PT6_IW_GAGE / CS_BF_OP4
Distance,OP4_WIDTH_7,D1,3.884,4.000,-0.116,-0.250,0.050,,OP4_PT7_OW_GAGE - OP4_PT7_IW_GAGE / CS_BF_OP4
Distance,OP4_WIDTH_8,D1,3.898,4.000,-0.102,-0.250,0.050,,OP4_PT8_OW_GAGE - OP4_PT8_IW_GAGE / CS_BF_OP4
Distance,OP4_DEPTH_1,D1,5.947,6.000,-0.053,-0.150,0.250,,PL_FIXTURE_B - OP4_PT1_DEPTH / CS_BF_OP4
Distance,OP4_DEPTH_2,D1,6.011,6.000,0.011,-0.150,0.250,,PL_FIXTURE_B - OP4_PT2_DEPTH / CS_BF_OP4
Distance,OP4_DEPTH_3,D1,5.963,6.000,-0.037,-0.150,0.250,,PL_FIXTURE_B - OP4_PT3_DEPTH / CS_BF_OP4
Distance,OP4_DEPTH_4,D1,5.972,6.000,-0.028,-0.150,0.250,,PL_FIXTURE_B - OP4_PT4_DEPTH / CS_BF_OP4
Distance,OP4_DEPTH_5,D1,6.067,6.000,0.067,-0.150,0.250,,PL_FIXTURE_B - OP4_PT5_DEPTH / CS_BF_OP4
Distance,OP4_DEPTH_6,D1,6.050,6.000,0.050,-0.150,0.250,,PL_FIXTURE_B - OP4_PT6_DEPTH / CS_BF_OP4
Distance,OP4_DEPTH_7,D1,5.919,6.000,-0.081,-0.150,0.250,,PL_FIXTURE_B - OP4_PT7_DEPTH / CS_BF_OP4
Distance,OP4_DEPTH_8,D1,5.945,6.000,-0.055,-0.150,0.250,,PL_FIXTURE_B - OP4_PT8_DEPTH / CS_BF_OP4
Profile of Line,OP4TOL_PRF_IN,PRFL,0.724,0.000,0.724,0.000,1.427,,OP4_SECT_IN
Distance,OP5_WIDTH_1,D1,3.946,4.000,-0.054,-0.250,0.050,,OP5_PT1_OW_GAGE - OP5_PT1_IW_GAGE / CS_BF_OP5
Distance,OP5_WIDTH_2,D1,3.986,4.000,-0.014,-0.250,0.050,,OP5_PT2_OW_GAGE - OP5_PT2_IW_GAGE / CS_BF_OP5
Distance,OP5_WIDTH_3,D1,3.881,4.000,-0.119,-0.250,0.050,,OP5_PT3_OW_GAGE - OP5_PT3_IW_GAGE / CS_BF_OP5
Distance,OP5_WIDTH_4,D1,3.990,4.000,-0.010,-0.250,0.050,,OP5_PT4_OW_GAGE - OP5_PT4_IW_GAGE / CS_BF_OP5
Distance,OP5_WIDTH_5,D1,3.848,4.000,-0.152,-0.250,0.050,,OP5_PT5_OW_GAGE - OP5_PT5_IW_GAGE / CS_BF_OP5
Distance,OP5_WIDTH_6,D1,3.853,4.000,-0.147,-0.250,0.050,,OP5_PT6_OW_GAGE - OP5_PT6_IW_GAGE / CS_BF_OP5
Distance,OP5_WIDTH_7,D1,3.915,4.000,-0.085,-0.250,0.050,,OP5_PT7_OW_GAGE - OP5_PT7_IW_GAGE / CS_BF_OP5
Distance,OP5_WIDTH_8,D1,3.891,4.000,-0.109,-0.250,0.050,,OP5_PT8_OW_GAGE - OP5_PT8_IW_GAGE / CS_BF_OP5
Distance,OP5_DEPTH_1,D1,5.919,6.000,-0.081,-0.150,0.250,,PL_FIXTURE_B - OP5_PT1_DEPTH / CS_BF_OP5
Distance,OP5_DEPTH_2,D1,5.940,6.000,-0.060,-0.150,0.250,,PL_FIXTURE_B - OP5_PT2_DEPTH / CS_BF_OP5
Distance,OP5_DEPTH_3,D1,5.895,6.000,-0.105,-0.200,0.250,,PL_FIXTURE_B - OP5_PT3_DEPTH / CS_BF_OP5
Distance,OP5_DEPTH_4,D1,5.851,6.000,-0.149,-0.200,0.250,,PL_FIXTURE_B - OP5_PT4_DEPTH / CS_BF_OP5
Distance,OP5_DEPTH_5,D1,5.905,6.000,-0.095,-0.150,0.250,,PL_FIXTURE_B - OP5_PT5_DEPTH / CS_BF_OP5
Distance,OP5_DEPTH_6,D1,5.918,6.000,-0.082,-0.150,0.250,,PL_FIXTURE_B - OP5_PT6_DEPTH / CS_BF_OP5
Distance,OP5_DEPTH_7,D1,5.913,6.000,-0.087,-0.150,0.250,,PL_FIXTURE_B - OP5_PT7_DEPTH / CS_BF_OP5
Distance,OP5_DEPTH_8,D1,5.908,6.000,-0.092,-0.150,0.250,,PL_FIXTURE_B - OP5_PT8_DEPTH / CS_BF_OP5
Profile of Line,OP5TOL_PRF_IN,PRFL,0.888,0.000,0.888,0.000,1.427,,OP5_SECT_IN
Distance,OP6_WIDTH_1,D1,3.934,4.000,-0.066,-0.250,0.050,,OP6_PT1_OW_GAGE - OP6_PT1_IW_GAGE / CS_BF_OP6
Distance,OP6_WIDTH_2,D1,3.988,4.000,-0.012,-0.250,0.050,,OP6_PT2_OW_GAGE - OP6_PT2_IW_GAGE / CS_BF_OP6
Distance,OP6_WIDTH_3,D1,3.917,4.000,-0.083,-0.250,0.050,,OP6_PT3_OW_GAGE - OP6_PT3_IW_GAGE / CS_BF_OP6
Distance,OP6_WIDTH_4,D1,3.895,4.000,-0.105,-0.250,0.050,,OP6_PT4_OW_GAGE - OP6_PT4_IW_GAGE / CS_BF_OP6
Distance,OP6_WIDTH_5,D1,3.924,4.000,-0.076,-0.250,0.050,,OP6_PT5_OW_GAGE - OP6_PT5_IW_GAGE / CS_BF_OP6
Distance,OP6_WIDTH_6,D1,3.908,4.000,-0.092,-0.250,0.050,,OP6_PT6_OW_GAGE - OP6_PT6_IW_GAGE / CS_BF_OP6
Distance,OP6_WIDTH_7,D1,3.946,4.000,-0.054,-0.250,0.050,,OP6_PT7_OW_GAGE - OP6_PT7_IW_GAGE / CS_BF_OP6
Distance,OP6_WIDTH_8,D1,3.906,4.000,-0.094,-0.250,0.050,,OP6_PT8_OW_GAGE - OP6_PT8_IW_GAGE / CS_BF_OP6
Distance,OP6_DEPTH_1,D1,5.915,6.000,-0.085,-0.150,0.250,,PL_FIXTURE_B - OP6_PT1_DEPTH / CS_BF_OP6
Distance,OP6_DEPTH_2,D1,6.159,6.000,0.159,-0.150,0.250,,PL_FIXTURE_B - OP6_PT2_DEPTH / CS_BF_OP6
Distance,OP6_DEPTH_3,D1,6.083,6.000,0.083,-0.150,0.250,,PL_FIXTURE_B - OP6_PT3_DEPTH / CS_BF_OP6
Distance,OP6_DEPTH_4,D1,6.046,6.000,0.046,-0.150,0.250,,PL_FIXTURE_B - OP6_PT4_DEPTH / CS_BF_OP6
Distance,OP6_DEPTH_5,D1,6.051,6.000,0.051,-0.150,0.250,,PL_FIXTURE_B - OP6_PT5_DEPTH / CS_BF_OP6
Distance,OP6_DEPTH_6,D1,5.979,6.000,-0.021,-0.150,0.250,,PL_FIXTURE_B - OP6_PT6_DEPTH / CS_BF_OP6
Distance,OP6_DEPTH_7,D1,5.958,6.000,-0.042,-0.150,0.250,,PL_FIXTURE_B - OP6_PT7_DEPTH / CS_BF_OP6
Distance,OP6_DEPTH_8,D1,5.973,6.000,-0.027,-0.150,0.250,,PL_FIXTURE_B - OP6_PT8_DEPTH / CS_BF_OP6
Profile of Line,OP6TOL_PRF_IN,PRFL,1.095,0.000,1.095,0.000,1.600,,OP6_SECT_IN
Distance,WIDTH_TBA_1,D1,3.127,3.250,-0.123,-0.300,0.150,,0W2.5_1.1 - IW2.5_1.1 / CS_D_BF
Distance,WIDTH_TBA_2,D1,3.116,3.250,-0.134,-0.300,0.150,,0W2.5_1.2 - IW2.5_1.2 / CS_D_BF
Distance,WIDTH_TBA_3,D1,3.230,3.250,-0.020,-0.150,0.150,,0W2.5_1.3 - IW2.5_1.3 / CS_D_BF
Distance,WIDTH_TBA_4,D1,3.313,3.250,0.063,-0.150,0.250,,0W2.5_1.4 - IW2.5_1.4 / CS_D_BF
Distance,WIDTH_TBA_5,D1,3.265,3.250,0.015,-0.300,0.150,,0W2.5_1.5 - IW2.5_1.5 / CS_D_BF
Distance,WIDTH_TBA_6,D1,3.195,3.250,-0.055,-0.150,0.150,,0W2.5_1.6 - IW2.5_1.6 / CS_D_BF
Distance,WIDTH_TBA_7,D1,3.226,3.250,-0.024,-0.150,0.150,,0W2.5_1.7 - IW2.5_1.7 / CS_D_BF
Distance,WIDTH_TBA_8,D1,3.252,3.250,0.002,-0.250,0.150,,0W2.5_1.8 - IW2.5_1.8 / CS_D_BF
Distance,DEPTH_TBA_1,D1,5.014,5.150,-0.136,-0.300,0.300,,TB_BOT_1.1 - PL_D / CS_D_BF
Distance,DEPTH_TBA_2,D1,4.928,5.150,-0.222,-0.300,0.300,,TB_BOT_1.2 - PL_D / CS_D_BF
Distance,DEPTH_TBA_3,D1,4.813,5.150,-0.337,-0.400,0.300,,TB_BOT_1.3 - PL_D / CS_D_BF
Distance,DEPTH_TBA_4,D1,4.760,5.150,-0.390,-0.400,0.300,,TB_BOT_1.4 - PL_D / CS_D_BF
Distance,DEPTH_TBA_5,D1,4.987,5.150,-0.163,-0.300,0.300,,TB_BOT_1.5 - PL_D / CS_D_BF
Distance,DEPTH_TBA_6,D1,5.011,5.150,-0.139,-0.300,0.300,,TB_BOT_1.6 - PL_D / CS_D_BF
Distance,DEPTH_TBA_7,D1,5.253,5.150,0.103,-0.300,0.300,,TB_BOT_1.7 - PL_D / CS_D_BF
Distance,DEPTH_TBA_8,D1,5.215,5.150,0.065,-0.300,0.300,,TB_BOT_1.8 - PL_D / CS_D_BF
Profile of Line,PRFL_DATUM_D,PRFL,1.196,0.000,1.196,0.000,3.227,,SCT_DATUM_D
Profile of Line,PRFL_LOCAL_OW_TB,PRFL,0.541,0.000,0.541,0.000,1.100,,SCT_LOCAL_OW_TB
Circle,CIR_24,DIAM,12.037,12.080,-0.043,-0.080,0.080,,Criterion : Least Square (From 12 Pts On PL_PLAST_24) 
Circle,CIR_27,X,-59.775,-60.000,0.225,,,,Criterion : Least Square (From 8 Pts On PL_INS_27) 
Circle,CIR_27,Z,124.261,124.700,-0.439,,,,
Pos. Tol.,PTOL_CIR_27,PTOL,0.986,0.000,0.986,0.000,1.727,,CIR_27/NOMINAL - CS_ABC_BF_SURFACES_ROTATED - C-Zone - XZ - Nominal
Distance,H_27,Y,0.248,0.000,0.248,0.000,0.400,,2D_CIR_27 - PL_PLAST_27 / CS_K
Circle,CIR_28,X,11.145,11.000,0.145,,,,Criterion : Least Square (From 8 Pts On PL_INS_28) 
Circle,CIR_28,Z,124.473,124.700,-0.228,,,,
Pos. Tol.,PTOL_CIR_28,PTOL,0.540,0.000,0.540,0.000,1.727,,CIR_28/NOMINAL - CS_ABC_BF_SURFACES_ROTATED - C-Zone - XZ - Nominal
Distance,H_28,Y,0.196,0.000,0.196,0.000,0.400,,2D_CIR_28 - PL_PLAST_28 / CS_K
Pos. Tol.,PTOL_2D_CIR_28,PTOL,0.315,0.000,0.315,0.000,0.500,,2D_CIR_28/NOMINAL - CS_K - C-Zone - XZ - Nominal
Circle,2D_CIR_28,X,70.842,71.000,-0.158,,,,
Circle,2D_CIR_28,Z,0.000,0.000,0.000,,,,
