Feat. Type,Feat. Name,Value,Actual,Nominal,Dev.,Tol-,Tol+,Out of Tol.,Comment
Text/Value,VAR_PROGRAM,VAL,,,,,,,'N:\Metrolog XG\Programmes\GM HF FWD GEN II 31xx\GM HF FWD Gen II High Hood 31xx Complete (Module 64).gm2'
Text/Value,VAR_EVENEMENT,VAL,,,,,,,'demarage'
Text/Value,VAR_COMMENTAIRES,VAL,,,,,,,'320A'
Text/Value,PROFILE_DATUM_A,VAL,0.634080,0.000000,0.634080,0.000000,1.000000,,
Text/Value,PROFILE_DATUM_B,VAL,0.525580,0.000000,0.525580,0.000000,1.000000,,
Distance,WIDTH_C,D1,9.030,9.000,0.030,-0.150,0.150,,SRF_C_TOP - SRF_C_DOWN / CS_ABC_SURFACES_C
Pos. Tol.,POS_1,PTOL,0.695,0.000,0.695,0.000,2.500,,CIR1/NOMINAL - CS_ABC_SURFACES_C - C-Zone - XZ - Nominal
Pos. Tol.,POS_2,PTOL,0.683,0.000,0.683,0.000,2.000,,CIR2/NOMINAL - CS_ABC_SURFACES_C - C-Zone - XZ - Nominal
Pos. Tol.,POS_3,PTOL,0.841,0.000,0.841,0.000,2.000,,CIR3/NOMINAL - CS_ABC_SURFACES_C - C-Zone - XZ - Nominal
Pos. Tol.,POS_4,PTOL,0.628,0.000,0.628,0.000,2.000,,CIR4/NOMINAL - CS_ABC_SURFACES_C - C-Zone - XZ - Nominal
Pos. Tol.,POS_5,PTOL,0.981,0.000,0.981,0.000,2.000,,CIR5/NOMINAL - CS_ABC_SURFACES_C - C-Zone - XZ - Nominal
Pos. Tol.,POS_6,PTOL,1.372,0.000,1.372,0.000,2.000,,CIR6/NOMINAL - CS_ABC_SURFACES_C - C-Zone - XZ - Nominal
Pos. Tol.,POS_7,PTOL,0.450,0.000,0.450,0.000,2.000,,CIR7/NOMINAL - CS_ABC_SURFACES_C - C-Zone - XZ - Nominal
Pos. Tol.,POS_8,PTOL,0.667,0.000,0.667,0.000,2.000,,CIR8/NOMINAL - CS_ABC_SURFACES_C - C-Zone - XZ - Nominal
Pos. Tol.,POS_9,PTOL,1.747,0.000,1.747,0.000,4.200,,CIR9/NOMINAL - CS_ABC_SURFACES_C - C-Zone - XZ - Nominal
Circle,CIR1,DIAM,14.995,15.000,-0.005,-0.100,0.150,,From 4 Pts On PL_PLAST_1
Circle,CIR1,X,-51.808,-52.000,0.192,,,,
Circle,CIR1,Y,84.925,85.260,-0.335,,,,
Circle,CIR1,Z,-112.210,-112.500,0.290,,,,
Circle,CIR2,DIAM,15.090,15.000,0.090,-0.100,0.100,,From 4 Pts On PL_PLAST_2
Circle,CIR2,X,-51.661,-52.000,0.339,,,,
Circle,CIR2,Y,85.042,85.260,-0.218,,,,
Circle,CIR2,Z,-18.039,-18.000,-0.039,,,,
Circle,CIR3,DIAM,15.158,15.100,0.058,-0.100,0.200,,From 4 Pts On PL_PLAST_3
Circle,CIR3,X,-51.769,-52.000,0.231,,,,
Circle,CIR3,Y,85.675,85.260,0.415,,,,
Circle,CIR3,Z,87.649,88.000,-0.351,,,,
Circle,CIR4,DIAM,15.053,15.000,0.053,-0.100,0.100,,From 4 Pts On PL_PLAST_4
Circle,CIR4,X,-51.713,-52.000,0.287,,,,
Circle,CIR4,Y,85.264,85.260,0.004,,,,
Circle,CIR4,Z,193.872,194.000,-0.128,,,,
Circle,CIR5,DIAM,15.027,15.000,0.027,-0.100,0.100,,From 4 Pts On PL_PLAST_5
Circle,CIR5,X,51.751,52.000,-0.249,,,,
Circle,CIR5,Y,85.464,85.260,0.204,,,,
Circle,CIR5,Z,155.078,155.500,-0.422,,,,
Circle,CIR6,DIAM,14.879,15.000,-0.121,-0.150,0.100,,From 4 Pts On PL_PLAST_6
Circle,CIR6,X,52.051,52.000,0.051,,,,
Circle,CIR6,Y,85.109,85.260,-0.151,,,,
Circle,CIR6,Z,60.316,61.000,-0.684,,,,
Circle,CIR7,DIAM,14.884,15.000,-0.116,-0.200,0.100,,From 4 Pts On PL_PLAST_7
Circle,CIR7,X,52.218,52.000,0.218,,,,
Circle,CIR7,Y,84.892,85.260,-0.368,,,,
Circle,CIR7,Z,-44.947,-45.000,0.053,,,,
Circle,CIR8,DIAM,15.080,15.000,0.080,-0.100,0.100,,From 4 Pts On PL_PLAST_8
Circle,CIR8,X,51.995,52.000,-0.005,,,,
Circle,CIR8,Y,84.813,85.260,-0.447,,,,
Circle,CIR8,Z,-150.666,-151.000,0.334,,,,
Circle,CIR9,DIAM,12.832,12.860,-0.028,-0.100,0.100,,From 4 Pts On PL_PLAST_9
Circle,CIR9,X,284.170,284.990,-0.820,,,,
Circle,CIR9,Y,25.630,27.530,-1.900,,,,
Circle,CIR9,Z,159.800,159.500,0.300,,,,
Distance,PROFILE_1,Y,84.925,85.250,-0.325,-0.325,0.325,-0.000,CIR1 - ORIGIN / CS_ABC_SURFACES_C
Distance,PROFILE_2,Y,85.042,85.250,-0.208,-0.475,0.475,,CIR2 - ORIGIN / CS_ABC_SURFACES_C
Distance,PROFILE_3,Y,85.675,85.250,0.425,-0.325,0.325,0.100,CIR3 - ORIGIN / CS_ABC_SURFACES_C
Distance,PROFILE_4,Y,85.264,85.250,0.014,-0.550,0.550,,CIR4 - ORIGIN / CS_ABC_SURFACES_C
Distance,PROFILE_5,Y,85.464,85.250,0.214,-0.625,0.625,,CIR5 - ORIGIN / CS_ABC_SURFACES_C
Distance,PROFILE_6,Y,85.109,85.250,-0.141,-0.250,0.250,,CIR6 - ORIGIN / CS_ABC_SURFACES_C
Distance,PROFILE_7,Y,84.892,85.250,-0.358,-0.375,0.375,,CIR7 - ORIGIN / CS_ABC_SURFACES_C
Distance,PROFILE_8,Y,84.813,85.250,-0.437,-0.375,0.375,-0.062,CIR8 - ORIGIN / CS_ABC_SURFACES_C
Profile of Line,PROFILE_VERTICAL_OP_1,PRFL,2.173,0.000,2.173,0.000,1.900,0.273,SECTION_VERTICAL_OP_1
Profile of Line,PROFILE_VERTICAL_OP_2,PRFL,0.812,0.000,0.812,0.000,1.500,,SECTION_VERTICAL_OP_2
Profile of Line,PROFILE_VERTICAL_OP_3,PRFL,1.277,0.000,1.277,0.000,1.500,,SECTION_VERTICAL_OP_3
Profile of Line,PROFILE_VERTICAL_OP_4,PRFL,0.730,0.000,0.730,0.000,1.200,,SECTION_VERTICAL_OP_4
Profile of Line,PROFILE_VERTICAL_OP_5,PRFL,0.788,0.000,0.788,0.000,1.200,,SECTION_VERTICAL_OP_5
Profile of Line,PROFILE_VERTICAL_OP_6,PRFL,0.631,0.000,0.631,0.000,1.200,,SECTION_VERTICAL_OP_6
Profile of Line,PROFILE_HORIZONTAL_OP_1,PRFL,2.251,0.000,2.251,0.000,2.300,,SECTION_HORIZONTAL_OP_1
Profile of Line,PROFILE_HORIZONTAL_OP_2,PRFL,1.186,0.000,1.186,0.000,2.000,,SECTION_HORIZONTAL_OP_2
Profile of Line,PROFILE_HORIZONTAL_OP_3,PRFL,1.750,0.000,1.750,0.000,2.000,,SECTION_HORIZONTAL_OP_3
Profile of Line,PROFILE_HORIZONTAL_OP_4,PRFL,1.829,0.000,1.829,0.000,2.000,,SECTION_HORIZONTAL_OP_4
Profile of Line,PROFILE_HORIZONTAL_OP_5,PRFL,1.465,0.000,1.465,0.000,2.000,,SECTION_HORIZONTAL_OP_5
Profile of Line,PROFILE_HORIZONTAL_OP_6,PRFL,0.896,0.000,0.896,0.000,2.000,,SECTION_HORIZONTAL_OP_6
Distance,OP1_WIDTH_1,D1,3.853,3.900,-0.047,-0.150,0.450,,OP1_PT1_OW_GAGE - OP1_PT1_IW_GAGE / CS_BF_OP1
Distance,OP1_WIDTH_2,D1,3.915,3.900,0.015,-0.150,0.150,,OP1_PT2_OW_GAGE - OP1_PT2_IW_GAGE / CS_BF_OP1
Distance,OP1_WIDTH_3,D1,3.853,3.900,-0.047,-0.150,0.150,,OP1_PT3_OW_GAGE - OP1_PT3_IW_GAGE / CS_BF_OP1
Distance,OP1_WIDTH_4,D1,3.883,3.900,-0.017,-0.250,0.150,,OP1_PT4_OW_GAGE - OP1_PT4_IW_GAGE / CS_BF_OP1
Distance,OP1_WIDTH_5,D1,3.963,3.900,0.063,-0.150,0.150,,OP1_PT5_OW_GAGE - OP1_PT5_IW_GAGE / CS_BF_OP1
Distance,OP1_WIDTH_6,D1,3.890,3.900,-0.010,-0.150,0.150,,OP1_PT6_OW_GAGE - OP1_PT6_IW_GAGE / CS_BF_OP1
Distance,OP1_WIDTH_7,D1,3.975,3.900,0.075,-0.150,0.250,,OP1_PT7_OW_GAGE - OP1_PT7_IW_GAGE / CS_BF_OP1
Distance,OP1_WIDTH_8,D1,3.970,3.900,0.070,-0.150,0.150,,OP1_PT8_OW_GAGE - OP1_PT8_IW_GAGE / CS_BF_OP1
Distance,OP1_DEPTH_1,D1,6.168,6.000,0.168,-0.200,0.300,,PL_FIXTURE_A - OP1_PT1_DEPTH / CS_BF_OP1
Distance,OP1_DEPTH_2,D1,6.164,6.000,0.164,-0.200,0.300,,PL_FIXTURE_A - OP1_PT2_DEPTH / CS_BF_OP1
Distance,OP1_DEPTH_3,D1,5.968,6.000,-0.032,-0.250,0.150,,PL_FIXTURE_A - OP1_PT3_DEPTH / CS_BF_OP1
Distance,OP1_DEPTH_4,D1,5.927,6.000,-0.073,-0.250,0.150,,PL_FIXTURE_A - OP1_PT4_DEPTH / CS_BF_OP1
Distance,OP1_DEPTH_5,D1,5.956,6.000,-0.044,-0.250,0.150,,PL_FIXTURE_A - OP1_PT5_DEPTH / CS_BF_OP1
Distance,OP1_DEPTH_6,D1,5.986,6.000,-0.014,-0.200,0.150,,PL_FIXTURE_A - OP1_PT6_DEPTH / CS_BF_OP1
Distance,OP1_DEPTH_7,D1,6.422,6.000,0.422,-0.150,0.650,,PL_FIXTURE_A - OP1_PT8_DEPTH / CS_BF_OP1
Distance,OP1_DEPTH_8,D1,6.447,6.000,0.447,-0.150,0.650,,PL_FIXTURE_A - OP1_PT8_DEPTH / CS_BF_OP1
Distance,OP2_WIDTH_1,D1,3.856,3.900,-0.044,-0.150,0.150,,OP2_PT1_OW_GAGE - OP2_PT1_IW_GAGE / CS_BF_OP2
Distance,OP2_WIDTH_2,D1,3.901,3.900,0.001,-0.150,0.150,,OP2_PT2_OW_GAGE - OP2_PT2_IW_GAGE / CS_BF_OP2
Distance,OP2_WIDTH_3,D1,3.770,3.900,-0.130,-0.150,0.150,,OP2_PT3_OW_GAGE - OP2_PT3_IW_GAGE / CS_BF_OP2
Distance,OP2_WIDTH_4,D1,3.850,3.900,-0.050,-0.150,0.150,,OP2_PT4_OW_GAGE - OP2_PT4_IW_GAGE / CS_BF_OP2
Distance,OP2_WIDTH_5,D1,4.002,3.900,0.102,-0.150,0.150,,OP2_PT5_OW_GAGE - OP2_PT5_IW_GAGE / CS_BF_OP2
Distance,OP2_WIDTH_6,D1,3.966,3.900,0.066,-0.150,0.150,,OP2_PT6_OW_GAGE - OP2_PT6_IW_GAGE / CS_BF_OP2
Distance,OP2_WIDTH_7,D1,4.082,3.900,0.182,-0.150,0.150,0.032,OP2_PT7_OW_GAGE - OP2_PT7_IW_GAGE / CS_BF_OP2
Distance,OP2_WIDTH_8,D1,3.885,3.900,-0.015,-0.150,0.150,,OP2_PT8_OW_GAGE - OP2_PT8_IW_GAGE / CS_BF_OP2
Distance,OP2_DEPTH_1,D1,5.883,6.000,-0.117,-0.350,0.150,,PL_FIXTURE_A - OP2_PT1_DEPTH / CS_BF_OP2
Distance,OP2_DEPTH_2,D1,5.992,6.000,-0.008,-0.300,0.150,,PL_FIXTURE_A - OP2_PT2_DEPTH / CS_BF_OP2
Distance,OP2_DEPTH_3,D1,5.886,6.000,-0.114,-0.300,0.150,,PL_FIXTURE_A - OP2_PT3_DEPTH / CS_BF_OP2
Distance,OP2_DEPTH_4,D1,5.886,6.000,-0.114,-0.300,0.150,,PL_FIXTURE_A - OP2_PT4_DEPTH / CS_BF_OP2
Distance,OP2_DEPTH_5,D1,5.923,6.000,-0.077,-0.300,0.150,,PL_FIXTURE_A - OP2_PT5_DEPTH / CS_BF_OP2
Distance,OP2_DEPTH_6,D1,5.888,6.000,-0.112,-0.300,0.150,,PL_FIXTURE_A - OP2_PT6_DEPTH / CS_BF_OP2
Distance,OP2_DEPTH_7,D1,5.823,6.000,-0.177,-0.350,0.150,,PL_FIXTURE_A - OP2_PT7_DEPTH / CS_BF_OP2
Distance,OP2_DEPTH_8,D1,5.915,6.000,-0.085,-0.350,0.150,,PL_FIXTURE_A - OP2_PT8_DEPTH / CS_BF_OP2
Distance,OP3_WIDTH_1,D1,3.855,3.900,-0.045,-0.150,0.150,,OP3_PT1_OW_GAGE - OP3_PT1_IW_GAGE / CS_BF_OP3
Distance,OP3_WIDTH_2,D1,3.890,3.900,-0.010,-0.150,0.150,,OP3_PT2_OW_GAGE - OP3_PT2_IW_GAGE / CS_BF_OP3
Distance,OP3_WIDTH_3,D1,3.923,3.900,0.023,-0.200,0.150,,OP3_PT3_OW_GAGE - OP3_PT3_IW_GAGE / CS_BF_OP3
Distance,OP3_WIDTH_4,D1,3.964,3.900,0.064,-0.150,0.150,,OP3_PT4_OW_GAGE - OP3_PT4_IW_GAGE / CS_BF_OP3
Distance,OP3_WIDTH_5,D1,4.060,3.900,0.160,-0.150,0.250,,OP3_PT5_OW_GAGE - OP3_PT5_IW_GAGE / CS_BF_OP3
Distance,OP3_WIDTH_6,D1,3.974,3.900,0.074,-0.150,0.150,,OP3_PT6_OW_GAGE - OP3_PT6_IW_GAGE / CS_BF_OP3
Distance,OP3_WIDTH_7,D1,4.098,4.150,-0.052,-0.150,0.300,,OP3_PT7_OW_GAGE - OP3_PT7_IW_GAGE / CS_BF_OP3
Distance,OP3_WIDTH_8,D1,3.968,3.900,0.068,-0.150,0.150,,OP3_PT8_OW_GAGE - OP3_PT8_IW_GAGE / CS_BF_OP3
Distance,OP3_DEPTH_1,D1,6.199,6.000,0.199,-0.200,0.500,,PL_FIXTURE_A - OP3_PT2_DEPTH / CS_BF_OP3
Distance,OP3_DEPTH_2,D1,6.199,6.000,0.199,-0.150,0.550,,PL_FIXTURE_A - OP3_PT2_DEPTH / CS_BF_OP3
Distance,OP3_DEPTH_3,D1,5.956,6.000,-0.044,-0.200,0.350,,PL_FIXTURE_A - OP3_PT3_DEPTH / CS_BF_OP3
Distance,OP3_DEPTH_4,D1,5.991,6.000,-0.009,-0.200,0.350,,PL_FIXTURE_A - OP3_PT4_DEPTH / CS_BF_OP3
Distance,OP3_DEPTH_5,D1,6.047,6.000,0.047,-0.200,0.300,,PL_FIXTURE_A - OP3_PT5_DEPTH / CS_BF_OP3
Distance,OP3_DEPTH_6,D1,5.983,6.000,-0.017,-0.150,0.250,,PL_FIXTURE_A - OP3_PT6_DEPTH / CS_BF_OP3
Distance,OP3_DEPTH_7,D1,5.990,6.000,-0.010,-0.300,0.400,,PL_FIXTURE_A - OP3_PT8_DEPTH / CS_BF_OP3
Distance,OP3_DEPTH_8,D1,5.990,6.000,-0.010,-0.350,0.150,,PL_FIXTURE_A - OP3_PT8_DEPTH / CS_BF_OP3
Distance,OP4_WIDTH_1,D1,3.790,3.900,-0.110,-0.150,0.150,,OP4_PT1_OW_GAGE - OP4_PT1_IW_GAGE / CS_BF_OP4
Distance,OP4_WIDTH_2,D1,3.951,3.900,0.051,-0.150,0.300,,OP4_PT2_OW_GAGE - OP4_PT2_IW_GAGE / CS_BF_OP4
Distance,OP4_WIDTH_3,D1,3.862,3.900,-0.038,-0.150,0.150,,OP4_PT3_OW_GAGE - OP4_PT3_IW_GAGE / CS_BF_OP4
Distance,OP4_WIDTH_4,D1,3.935,3.900,0.035,-0.150,0.150,,OP4_PT4_OW_GAGE - OP4_PT4_IW_GAGE / CS_BF_OP4
Distance,OP4_WIDTH_5,D1,4.001,3.900,0.101,-0.150,0.250,,OP4_PT5_OW_GAGE - OP4_PT5_IW_GAGE / CS_BF_OP4
Distance,OP4_WIDTH_6,D1,3.785,3.900,-0.115,-0.150,0.150,,OP4_PT6_OW_GAGE - OP4_PT6_IW_GAGE / CS_BF_OP4
Distance,OP4_WIDTH_7,D1,3.895,3.900,-0.005,-0.150,0.200,,OP4_PT7_OW_GAGE - OP4_PT7_IW_GAGE / CS_BF_OP4
Distance,OP4_WIDTH_8,D1,3.911,3.900,0.011,-0.150,0.200,,OP4_PT8_OW_GAGE - OP4_PT8_IW_GAGE / CS_BF_OP4
Distance,OP4_DEPTH_1,D1,6.045,6.000,0.045,-0.150,0.200,,PL_FIXTURE_B - OP4_PT1_DEPTH / CS_BF_OP4
Distance,OP4_DEPTH_2,D1,6.259,6.000,0.259,-0.150,0.500,,PL_FIXTURE_B - OP4_PT2_DEPTH / CS_BF_OP4
Distance,OP4_DEPTH_3,D1,6.189,6.000,0.189,-0.150,0.400,,PL_FIXTURE_B - OP4_PT3_DEPTH / CS_BF_OP4
Distance,OP4_DEPTH_4,D1,6.025,6.000,0.025,-0.150,0.150,,PL_FIXTURE_B - OP4_PT4_DEPTH / CS_BF_OP4
Distance,OP4_DEPTH_5,D1,6.064,6.000,0.064,-0.150,0.300,,PL_FIXTURE_B - OP4_PT5_DEPTH / CS_BF_OP4
Distance,OP4_DEPTH_6,D1,6.041,6.000,0.041,-0.150,0.300,,PL_FIXTURE_B - OP4_PT6_DEPTH / CS_BF_OP4
Distance,OP4_DEPTH_7,D1,6.032,6.000,0.032,-0.150,0.250,,PL_FIXTURE_B - OP4_PT7_DEPTH / CS_BF_OP4
Distance,OP4_DEPTH_8,D1,6.018,6.000,0.018,-0.150,0.250,,PL_FIXTURE_B - OP4_PT8_DEPTH / CS_BF_OP4
Distance,OP5_WIDTH_1,D1,3.681,3.900,-0.219,-0.200,0.150,-0.019,OP5_PT1_OW_GAGE - OP5_PT1_IW_GAGE / CS_BF_OP5
Distance,OP5_WIDTH_2,D1,3.845,3.900,-0.055,-0.150,0.150,,OP5_PT2_OW_GAGE - OP5_PT2_IW_GAGE / CS_BF_OP5
Distance,OP5_WIDTH_3,D1,3.897,3.900,-0.003,-0.150,0.150,,OP5_PT3_OW_GAGE - OP5_PT3_IW_GAGE / CS_BF_OP5
Distance,OP5_WIDTH_4,D1,3.897,3.900,-0.003,-0.150,0.200,,OP5_PT4_OW_GAGE - OP5_PT4_IW_GAGE / CS_BF_OP5
Distance,OP5_WIDTH_5,D1,4.101,3.900,0.201,-0.150,0.400,,OP5_PT5_OW_GAGE - OP5_PT5_IW_GAGE / CS_BF_OP5
Distance,OP5_WIDTH_6,D1,4.004,3.900,0.104,-0.150,0.200,,OP5_PT6_OW_GAGE - OP5_PT6_IW_GAGE / CS_BF_OP5
Distance,OP5_WIDTH_7,D1,3.966,3.900,0.066,-0.150,0.150,,OP5_PT7_OW_GAGE - OP5_PT7_IW_GAGE / CS_BF_OP5
Distance,OP5_WIDTH_8,D1,3.870,3.900,-0.030,-0.150,0.150,,OP5_PT8_OW_GAGE - OP5_PT8_IW_GAGE / CS_BF_OP5
Distance,OP5_DEPTH_1,D1,6.131,6.000,0.131,-0.150,0.400,,PL_FIXTURE_B - OP5_PT1_DEPTH / CS_BF_OP5
Distance,OP5_DEPTH_2,D1,6.131,6.000,0.131,-0.150,0.500,,PL_FIXTURE_B - OP5_PT1_DEPTH / CS_BF_OP5
Distance,OP5_DEPTH_3,D1,6.131,6.000,0.131,-0.150,0.400,,PL_FIXTURE_B - OP5_PT1_DEPTH / CS_BF_OP5
Distance,OP5_DEPTH_4,D1,6.034,6.000,0.034,-0.150,0.200,,PL_FIXTURE_B - OP5_PT4_DEPTH / CS_BF_OP5
Distance,OP5_DEPTH_5,D1,6.051,6.000,0.051,-0.150,0.200,,PL_FIXTURE_B - OP5_PT5_DEPTH / CS_BF_OP5
Distance,OP5_DEPTH_6,D1,6.073,6.000,0.073,-0.150,0.250,,PL_FIXTURE_B - OP5_PT6_DEPTH / CS_BF_OP5
Distance,OP5_DEPTH_7,D1,6.092,6.000,0.092,-0.150,0.400,,PL_FIXTURE_B - OP5_PT7_DEPTH / CS_BF_OP5
Distance,OP5_DEPTH_8,D1,6.131,6.000,0.131,-0.150,0.400,,PL_FIXTURE_B - OP5_PT1_DEPTH / CS_BF_OP5
Distance,OP6_WIDTH_1,D1,3.749,3.900,-0.151,-0.200,0.150,,OP6_PT1_OW_GAGE - OP6_PT1_IW_GAGE / CS_BF_OP6
Distance,OP6_WIDTH_2,D1,3.870,3.900,-0.030,-0.150,0.150,,OP6_PT2_OW_GAGE - OP6_PT2_IW_GAGE / CS_BF_OP6
Distance,OP6_WIDTH_3,D1,3.901,3.900,0.001,-0.150,0.150,,OP6_PT3_OW_GAGE - OP6_PT3_IW_GAGE / CS_BF_OP6
Distance,OP6_WIDTH_4,D1,3.866,3.900,-0.034,-0.150,0.150,,OP6_PT4_OW_GAGE - OP6_PT4_IW_GAGE / CS_BF_OP6
Distance,OP6_WIDTH_5,D1,3.999,3.900,0.099,-0.150,0.200,,OP6_PT5_OW_GAGE - OP6_PT5_IW_GAGE / CS_BF_OP6
Distance,OP6_WIDTH_6,D1,3.938,3.900,0.038,-0.150,0.200,,OP6_PT6_OW_GAGE - OP6_PT6_IW_GAGE / CS_BF_OP6
Distance,OP6_WIDTH_7,D1,3.802,3.900,-0.098,-0.150,0.150,,OP6_PT7_OW_GAGE - OP6_PT7_IW_GAGE / CS_BF_OP6
Distance,OP6_WIDTH_8,D1,3.895,3.900,-0.005,-0.150,0.150,,OP6_PT8_OW_GAGE - OP6_PT8_IW_GAGE / CS_BF_OP6
Distance,OP6_DEPTH_1,D1,6.184,6.000,0.184,-0.150,0.400,,PL_FIXTURE_B - OP6_PT1_DEPTH / CS_BF_OP6
Distance,OP6_DEPTH_2,D1,6.180,6.000,0.180,-0.150,0.450,,PL_FIXTURE_B - OP6_PT2_DEPTH / CS_BF_OP6
Distance,OP6_DEPTH_3,D1,6.180,6.000,0.180,-0.150,0.400,,PL_FIXTURE_B - OP6_PT2_DEPTH / CS_BF_OP6
Distance,OP6_DEPTH_4,D1,5.977,6.000,-0.023,-0.150,0.400,,PL_FIXTURE_B - OP6_PT4_DEPTH / CS_BF_OP6
Distance,OP6_DEPTH_5,D1,6.020,6.000,0.020,-0.150,0.400,,PL_FIXTURE_B - OP6_PT5_DEPTH / CS_BF_OP6
Distance,OP6_DEPTH_6,D1,6.091,6.000,0.091,-0.150,0.400,,PL_FIXTURE_B - OP6_PT6_DEPTH / CS_BF_OP6
Distance,OP6_DEPTH_7,D1,6.180,6.000,0.180,-0.150,0.450,,PL_FIXTURE_B - OP6_PT2_DEPTH / CS_BF_OP6
Distance,OP6_DEPTH_8,D1,6.180,6.000,0.180,-0.150,0.500,,PL_FIXTURE_B - OP6_PT2_DEPTH / CS_BF_OP6
Circle,CIR_A,DIAM,73.859,73.500,0.359,-0.500,0.500,,Criterion : Least Square (From 16 Pts On PL_PLAST_A) 
Circle,CIR_A,X,243.236,242.799,0.437,,,,
Circle,CIR_A,Y,136.386,136.926,-0.540,,,,
Circle,CIR_A,Z,156.025,155.357,0.668,,,,
Circle,CIR_INS_11,X,290.458,290.064,0.394,,,,Criterion : Least Square (From 8 Pts On PL_INS_11) 
Circle,CIR_INS_11,Y,161.819,162.379,-0.561,,,,
Circle,CIR_INS_11,Z,150.564,149.158,1.406,,,,
Circle,CIR_INS_12,X,279.351,279.125,0.226,,,,Criterion : Least Square (From 8 Pts On PL_INS_12) 
Circle,CIR_INS_12,Y,102.197,102.451,-0.254,,,,
Circle,CIR_INS_12,Z,166.394,165.216,1.178,,,,
Circle,CIR_INS_13,X,196.912,196.401,0.512,,,,Criterion : Least Square (From 8 Pts On PL_INS_13) 
Circle,CIR_INS_13,Y,116.042,116.540,-0.498,,,,
Circle,CIR_INS_13,Z,161.509,161.441,0.068,,,,
Circle,CIR_INS_14,X,207.922,207.341,0.582,,,,Criterion : Least Square (From 8 Pts On PL_INS_14) 
Circle,CIR_INS_14,Y,175.927,176.469,-0.542,,,,
Circle,CIR_INS_14,Z,145.953,145.383,0.571,,,,
Circle,2D_CIR_INS_11,X,41.940,42.000,-0.060,,,,
Circle,2D_CIR_INS_11,Y,33.847,34.000,-0.153,,,,
Circle,2D_CIR_INS_12,X,41.858,42.000,-0.142,,,,
Circle,2D_CIR_INS_12,Y,-28.832,-29.000,0.168,,,,
Circle,2D_CIR_INS_13,X,-41.877,-42.000,0.123,,,,
Circle,2D_CIR_INS_13,Y,-28.929,-29.000,0.071,,,,
Circle,2D_CIR_INS_14,X,-41.920,-42.000,0.080,,,,
Circle,2D_CIR_INS_14,Y,33.915,34.000,-0.085,,,,
Pos. Tol.,POS_11,PTOL,3.129,0.000,3.129,0.000,4.500,,CIR_INS_11/NOMINAL - CS_ABC_SURFACES_C - C-Zone - XYZ - Nominal
Pos. Tol.,POS_12,PTOL,2.451,0.000,2.451,0.000,3.000,,CIR_INS_12/NOMINAL - CS_ABC_SURFACES_C - C-Zone - XYZ - Nominal
Pos. Tol.,POS_13,PTOL,1.434,0.000,1.434,0.000,3.000,,CIR_INS_13/NOMINAL - CS_ABC_SURFACES_C - C-Zone - XYZ - Nominal
Pos. Tol.,POS_2D_11,PTOL,0.329,0.000,0.329,0.000,0.500,,2D_CIR_INS_11/NOMINAL - CS_D_BF - C-Zone - XY - Nominal
Pos. Tol.,POS_2D_12,PTOL,0.440,0.000,0.440,0.000,0.800,,2D_CIR_INS_12/NOMINAL - CS_D_BF - C-Zone - XY - Nominal
Pos. Tol.,POS_2D_13,PTOL,0.283,0.000,0.283,0.000,0.500,,2D_CIR_INS_13/NOMINAL - CS_D_BF - C-Zone - XY - Nominal
Pos. Tol.,POS_2D_14,PTOL,0.234,0.000,0.234,0.000,0.500,,2D_CIR_INS_14/NOMINAL - CS_D_BF - C-Zone - XY - Nominal
Paral.,PERP_11,PARA,0.340,0.000,0.340,0.000,0.300,0.040,PL_INS_11/PL_PLAST_INS_11 - P-Zone - Cloud of Points 
Paral.,PERP_12,PARA,0.111,0.000,0.111,0.000,0.300,,PL_INS_12/PL_PLAST_INS_12 - P-Zone - Cloud of Points 
Paral.,PERP_13,PARA,0.043,0.000,0.043,0.000,0.300,,PL_INS_13/PL_PLAST_INS_13 - P-Zone - Cloud of Points 
Paral.,PERP_14,PARA,0.297,0.000,0.297,0.000,0.250,0.047,PL_INS_14/PL_PLAST_INS_14 - P-Zone - Cloud of Points 
Flatness,FLATNESS_DATUM_D,FLTN,0.307,0.000,0.307,0.000,0.500,,PL_PLAST_D_TB
Distance,H_11,Z,0.165,-0.000,0.165,0.000,0.400,,CIR_INS_11 - PL_PLAST_INS_11 / CS_D_BF
Distance,H_12,Z,0.123,-0.000,0.123,0.000,0.400,,CIR_INS_12 - PL_PLAST_INS_12 / CS_D_BF
Distance,H_13,Z,0.071,-0.000,0.071,0.000,0.400,,CIR_INS_13 - PL_PLAST_INS_13 / CS_D_BF
Distance,H_14,Z,0.157,-0.000,0.158,0.000,0.400,,CIR_INS_14 - PL_PLAST_INS_14 / CS_D_BF
Profile of Line,PROFILE_SURFACE_D,PRFL,2.050,0.000,2.050,0.000,3.000,,SECTION_D
Distance,PROF_INS_11_D,D1,0.795,0.650,0.145,-0.150,0.150,,CIR_INS_11 - PL_PLAST_D_TB / CS_D_BF
Distance,PROF_INS_12_D,D1,0.748,0.650,0.098,-0.150,0.150,,CIR_INS_12 - PL_PLAST_D_TB / CS_D_BF
Distance,PROF_INS_13_D,D1,0.606,0.650,-0.044,-0.150,0.150,,CIR_INS_13 - PL_PLAST_D_TB / CS_D_BF
Distance,PROF_INS_14_D,D1,0.987,0.650,0.337,-0.150,0.150,0.187,CIR_INS_14 - PL_PLAST_D_TB / CS_D_BF
Distance,WIDTH_TBA_1,D1,3.184,3.250,-0.066,-0.150,0.150,,0W2.5_1.1 - IW2.5_1.1 / CS_D_BF
Distance,WIDTH_TBA_2,D1,3.171,3.250,-0.079,-0.150,0.150,,0W2.5_1.2 - IW2.5_1.2 / CS_D_BF
Distance,WIDTH_TBA_3,D1,3.279,3.250,0.029,-0.150,0.150,,0W2.5_1.3 - IW2.5_1.3 / CS_D_BF
Distance,WIDTH_TBA_4,D1,3.232,3.250,-0.018,-0.150,0.150,,0W2.5_1.4 - IW2.5_1.4 / CS_D_BF
Distance,WIDTH_TBA_5,D1,3.131,3.250,-0.119,-0.200,0.150,,0W2.5_1.5 - IW2.5_1.5 / CS_D_BF
Distance,WIDTH_TBA_6,D1,3.235,3.250,-0.015,-0.150,0.150,,0W2.5_1.6 - IW2.5_1.6 / CS_D_BF
Distance,WIDTH_TBA_7,D1,3.257,3.250,0.007,-0.150,0.150,,0W2.5_1.7 - IW2.5_1.7 / CS_D_BF
Distance,WIDTH_TBA_8,D1,3.267,3.250,0.017,-0.150,0.150,,0W2.5_1.8 - IW2.5_1.8 / CS_D_BF
Distance,DEPTH_TBA_1,D1,5.292,5.150,0.142,-0.300,0.350,,TB_BOT_1.1 - PL_D / CS_D_BF
Distance,DEPTH_TBA_2,D1,5.214,5.150,0.064,-0.300,0.350,,TB_BOT_1.2 - PL_D / CS_D_BF
Distance,DEPTH_TBA_3,D1,5.137,5.150,-0.013,-0.300,0.400,,TB_BOT_1.3 - PL_D / CS_D_BF
Distance,DEPTH_TBA_4,D1,5.288,5.150,0.138,-0.300,0.600,,TB_BOT_1.4 - PL_D / CS_D_BF
Distance,DEPTH_TBA_5,D1,5.306,5.150,0.156,-0.300,0.500,,TB_BOT_1.5 - PL_D / CS_D_BF
Distance,DEPTH_TBA_6,D1,5.223,5.150,0.073,-0.300,0.300,,TB_BOT_1.6 - PL_D / CS_D_BF
Distance,DEPTH_TBA_7,D1,5.444,5.150,0.294,-0.300,0.500,,TB_BOT_1.7 - PL_D / CS_D_BF
Distance,DEPTH_TBA_8,D1,5.478,5.150,0.328,-0.300,0.500,,TB_BOT_1.8 - PL_D / CS_D_BF
Circle,CIR_10,DIAM,4.852,4.950,-0.098,-0.100,0.100,,Criterion : Least Square (From 6 Pts On PL_PLAST_10) 
Circle,CIR_10,X,12.421,12.000,0.421,,,,
Circle,CIR_10,Y,179.030,178.230,0.800,,,,
Circle,CIR_10,Z,119.033,119.500,-0.467,,,,
Circle,CIR_21,DIAM,4.634,4.820,-0.186,-0.100,0.100,-0.086,Criterion : Least Square (From 6 Pts On PL_PLAST_21) 
Circle,CIR_21,X,13.079,11.854,1.224,,,,
Circle,CIR_21,Y,178.476,178.230,0.246,,,,
Circle,CIR_21,Z,-92.810,-92.440,-0.370,,,,
Circle,CIR_24,DIAM,4.743,4.820,-0.077,-0.100,0.100,,Criterion : Least Square (From 6 Pts On PL_PLAST_24) 
Circle,CIR_24,X,221.666,220.847,0.819,,,,
Circle,CIR_24,Y,202.343,203.230,-0.888,,,,
Circle,CIR_24,Z,-7.593,-7.568,-0.025,,,,
Pos. Tol.,POS_10,PTOL,1.258,0.000,1.258,0.000,3.000,,CIR_10/NOMINAL - CS_ABC_SURFACES_C - C-Zone - XZ - Nominal
Pos. Tol.,POS_21,PTOL,2.558,0.000,2.558,0.000,3.000,,CIR_21/NOMINAL - CS_ABC_SURFACES_C - C-Zone - XZ - Nominal
Pos. Tol.,POS_24,PTOL,1.639,0.000,1.639,0.000,3.000,,CIR_24/NOMINAL - CS_ABC_SURFACES_C - C-Zone - XZ - Nominal
Distance,PROF_10,Y,179.030,178.230,0.800,-1.500,1.500,,CIR_10 - ORIGIN / CS_ABC_SURFACES_C
Distance,PROF_21,Y,178.476,178.230,0.246,-1.500,1.500,,CIR_21 - ORIGIN / CS_ABC_SURFACES_C
Distance,PROF_24,Y,202.343,203.230,-0.888,-1.500,1.500,,CIR_24 - ORIGIN / CS_ABC_SURFACES_C
Circle,CIR_17,X,-51.022,-52.000,0.978,,,,Proj. CIR_17 / PL_PLAST_17.
Circle,CIR_17,Y,76.128,75.580,0.548,,,,
Circle,CIR_17,Z,149.020,149.000,0.020,,,,
Circle,CIR_18,X,-50.416,-52.000,1.584,,,,Criterion : Least Square (From 6 Pts On PL_INS_18) 
Circle,CIR_18,Y,75.904,75.580,0.324,,,,
Circle,CIR_18,Z,-67.832,-68.000,0.168,,,,
Circle,CIR_20,X,-25.898,-27.000,1.102,,,,Criterion : Least Square (From 6 Pts On PL_INS_20) 
Circle,CIR_20,Y,181.358,180.580,0.778,,,,
Circle,CIR_20,Z,-92.278,-93.000,0.722,,,,
Circle,CIR_22,X,209.622,207.607,2.016,,,,Criterion : Least Square (From 6 Pts On PL_INS_22) 
Circle,CIR_22,Y,189.298,190.580,-1.283,,,,
Circle,CIR_22,Z,-103.217,-103.394,0.177,,,,
Circle,CIR_23,X,233.485,231.607,1.878,,,,Criterion : Least Square (From 6 Pts On PL_INS_23) 
Circle,CIR_23,Y,189.446,190.580,-1.134,,,,
Circle,CIR_23,Z,-70.965,-71.394,0.428,,,,
Pos. Tol.,POS_17,PTOL,1.956,0.000,1.956,0.000,3.000,,CIR_17/NOMINAL - CS_ABC_SURFACES_C - C-Zone - XZ - Nominal
Pos. Tol.,POS_18,PTOL,3.185,0.000,3.185,0.000,3.000,0.185,CIR_18/NOMINAL - CS_ABC_SURFACES_C - C-Zone - XZ - Nominal
Pos. Tol.,POS_20,PTOL,2.635,0.000,2.635,0.000,3.000,,CIR_20/NOMINAL - CS_ABC_SURFACES_C - C-Zone - XZ - Nominal
Pos. Tol.,POS_22,PTOL,4.047,0.000,4.047,0.000,4.500,,CIR_22/NOMINAL - CS_ABC_SURFACES_C - C-Zone - XZ - Nominal
Pos. Tol.,POS_23,PTOL,3.853,0.000,3.853,0.000,4.500,,CIR_23/NOMINAL - CS_ABC_SURFACES_C - C-Zone - XZ - Nominal
Distance,H_20,Y,0.092,0.000,0.092,0.000,0.400,,CIR_20 - PL_PLAST_20 / CS_ABC_BF_SURFACES
Circle,CIR_25,DIAM,12.081,12.050,0.031,-0.080,0.080,,Criterion : Least Square (From 12 Pts On PL_PLAST_25) 
Circle,CIR_25,X,262.499,261.590,0.909,,,,
Circle,CIR_25,Y,195.345,196.720,-1.375,,,,
Circle,CIR_25,Z,50.435,49.700,0.735,,,,
Circle,2D_CIR_26,DIAM,4.763,4.700,0.063,-0.100,0.100,,
Circle,2D_CIR_26,X,-17.449,-17.500,0.051,,,,
Circle,2D_CIR_26,Z,0.000,0.000,0.000,,,,
Pos. Tol.,POS_25,PTOL,2.339,0.000,2.339,0.000,3.000,,CIR_25/NOMINAL - CS_ABC_SURFACES_C - C-Zone - XZ - Nominal
Pos. Tol.,POS_2D_26,PTOL,0.103,0.000,0.103,0.000,0.500,,2D_CIR_26/NOMINAL - CS_FG - C-Zone - XZ - Nominal
Distance,PROF_25,Y,195.345,196.720,-1.375,-1.500,1.500,,CIR_25 - ORIGIN / CS_ABC_SURFACES_C
Distance,PROF_27,Y,146.214,147.730,-1.516,-1.500,1.500,-0.016,CIR_27 - ORIGIN / CS_ABC_SURFACES_C
Distance,PROF_28,Y,155.029,153.930,1.099,-1.500,1.500,,CIR_28 - ORIGIN / CS_ABC_SURFACES_C
Pos. Tol.,POS_27,PTOL,4.541,0.000,4.541,0.000,5.000,,CIR_27/NOMINAL - CS_ABC_SURFACES_C - C-Zone - XZ - Nominal
Pos. Tol.,POS_28,PTOL,0.201,0.000,0.201,0.000,4.200,,CIR_28/NOMINAL - CS_ABC_SURFACES_C - C-Zone - XZ - Nominal
Circle,CIR_27,DIAM,6.203,6.350,-0.147,-0.250,0.250,,Criterion : Least Square (From 6 Pts On PL_PLAST_27) 
Circle,CIR_27,X,272.164,270.100,2.064,,,,
Circle,CIR_27,Y,146.214,147.700,-1.486,,,,
Circle,CIR_27,Z,-51.893,-52.840,0.947,,,,
Circle,CIR_28,DIAM,6.396,6.350,0.046,-0.250,0.250,,Criterion : Least Square (From 6 Pts On PL_PLAST_28) 
Circle,CIR_28,X,100.098,100.090,0.008,,,,
Circle,CIR_28,Y,155.029,153.930,1.099,,,,
Circle,CIR_28,Z,175.900,176.000,-0.100,,,,
Circle,CIR_29,DIAM,12.180,12.170,0.010,-0.080,0.080,,Criterion : Least Square (From 16 Pts On PL_DATUM_H) 
Circle,CIR_29,X,307.837,306.650,1.187,,,,
Circle,CIR_29,Y,-10.686,-10.310,-0.376,,,,
Circle,CIR_29,Z,171.778,173.470,-1.692,,,,
Pos. Tol.,POS_29,PTOL,4.133,0.000,4.133,0.000,5.000,,CIR_29/NOMINAL - CS_ABC_BF_SURFACES_ROTATED - C-Zone - XZ - Nominal
Circle,2D_CIR_30,X,-23.398,-23.500,0.102,,,,
Circle,2D_CIR_30,Z,0.000,0.000,0.000,,,,
Pos. Tol.,POS_2D_30,PTOL,0.203,0.000,0.203,0.000,0.500,,2D_CIR_30/NOMINAL - CS_HJ - C-Zone - XZ - Nominal
Distance,H_30,Y,0.170,0.000,0.170,0.000,0.400,,2D_CIR_30 - PL_PLAST_30 / CS_HJ
Distance,PROF_31,Z,-201.943,-201.782,-0.161,-1.500,1.500,,CIR_31 - ORIGIN / CS_ABC_SURFACES_C
Distance,PROF_32,Y,173.431,173.000,0.431,-1.500,1.500,,CIR_32 - ORIGIN / CS_ABC_BF_SURFACES_ROTATED
Distance,PROF_33,Y,148.082,148.000,0.082,-1.500,1.500,,CIR_33 - ORIGIN / CS_ABC_BF_SURFACES_ROTATED
Circle,CIR_31,DIAM,11.743,11.800,-0.057,-0.100,0.100,,Inters. PL_PLAST_31 - CYL_31.
Circle,CIR_31,X,158.308,157.240,1.068,,,,
Circle,CIR_31,Y,132.598,135.320,-2.722,,,,
Circle,CIR_32,X,11.245,11.000,0.245,,,,Criterion : Least Square (From 8 Pts On PL_INS_32) 
Circle,CIR_32,Z,125.425,124.730,0.695,,,,
Circle,CIR_33,X,-59.549,-60.000,0.451,,,,Criterion : Least Square (From 8 Pts On PL_INS_33) 
Circle,CIR_33,Z,125.447,124.730,0.717,,,,
Circle,2D_CIR_33,X,-70.918,-71.000,0.082,,,,
Circle,2D_CIR_33,Z,-0.000,0.000,0.000,,,,
Circle,2D_CIR_32,X,-0.000,0.000,0.000,,,,
Circle,2D_CIR_32,Z,0.000,0.000,0.000,,,,
Pos. Tol.,POS_31,PTOL,5.849,0.000,5.849,0.000,6.350,,CIR_31/NOMINAL - CS_ABC_SURFACES_C - C-Zone - XY - Nominal
Pos. Tol.,POS_32,PTOL,0.992,0.000,0.992,0.000,3.000,,CIR_32/NOMINAL - CS_ABC_BF_SURFACES_ROTATED - C-Zone - XY - Nominal
Pos. Tol.,POS_33,PTOL,0.917,0.000,0.917,0.000,3.000,,CIR_33/NOMINAL - CS_ABC_BF_SURFACES_ROTATED - C-Zone - XY - Nominal
Pos. Tol.,POS_2D_33,PTOL,0.165,0.000,0.165,0.000,0.500,,2D_CIR_33/NOMINAL - CS_K_BF - C-Zone - XZ - Nominal
Distance,H_32,Y,0.183,0.150,0.033,-0.150,0.150,,CIR_32 - PL_PLAST_32 / CS_K
Distance,H_33,Y,0.161,0.150,0.012,-0.150,0.150,,CIR_33 - PL_PLAST_33 / CS_K
Distance,H_19,Y,0.115,0.000,0.115,0.000,0.400,,CIR_19 - PL_PLAST_19 / CS_ABC_BF_SURFACES
