Feat. Type,Feat. Name,Value,Actual,Nominal,Dev.,Tol-,Tol+,Out of Tol.,Comment
Text/Value,VAR_PROGRAM,VAL,,,,,,,'N:\Metrolog XG\Programmes\D-33 RWD\D33 RWD Complete (Module 44).gm2'
Text/Value,VAR_EVENEMENT,VAL,,,,,,,'SMED NID 2'
Text/Value,VAR_COMMENTAIRES,VAL,,,,,,,'298 B'
Circle,CIR_DATUM_B,DIAM,7.824,7.900,-0.076,-0.100,0.100,,Criterion : Least Square (From 3 Pts On PL_FIXTURE) 
Circle,CIR_DATUM_C,DIAM,7.890,7.900,-0.010,-0.100,0.100,,Criterion : Least Square (From 3 Pts On PL_FIXTURE) 
Circle,CIR_DATUM_C,X,4.401,4.400,0.001,,,,
Circle,CIR_DATUM_C,Z,-351.729,-351.650,-0.079,,,,
Pos. Tol.,POS_C,PTOL,0.158,0.000,0.158,0.000,0.476,,CIR_DATUM_C/NOMINAL - CS_ABC - C-Zone - XZ - Nominal
Circle,CIR_8,DIAM,74.094,74.350,-0.256,-0.300,0.300,,Criterion : Least Square (From 14 Pts On PL_PLAST_TB) 
Circle,CIR_8,X,-80.016,-80.600,0.584,,,,
Circle,CIR_8,Y,91.321,92.200,-0.879,,,,
Circle,CIR_8,Z,81.794,82.900,-1.106,,,,
Pos. Tol.,POS_8,PTOL,2.826,0.000,2.826,0.044,4.220,,CIR_8(M)/NOMINAL - CS_ABC - C-Zone - YZ - Nominal
Circle,2D_CIR_16,Y,-32.464,-32.500,0.036,,,,
Circle,2D_CIR_16,Z,-40.046,-40.000,-0.046,,,,
Circle,2D_CIR_17,Y,-32.330,-32.500,0.170,,,,
Circle,2D_CIR_17,Z,39.938,40.000,-0.062,,,,
Circle,2D_CIR_18,Y,32.363,32.500,-0.137,,,,
Circle,2D_CIR_18,Z,40.090,40.000,0.090,,,,
Circle,2D_CIR_19,Y,32.265,32.500,-0.235,,,,
Circle,2D_CIR_19,Z,-39.912,-40.000,0.088,,,,
Pos. Tol.,POS_2D_16,PTOL,0.117,0.000,0.117,0.000,0.500,,2D_CIR_16/NOMINAL - CS_DE - C-Zone - YZ - Nominal
Pos. Tol.,POS_2D_17,PTOL,0.362,0.000,0.362,0.000,0.500,,2D_CIR_17/NOMINAL - CS_DE - C-Zone - YZ - Nominal
Pos. Tol.,POS_2D_18,PTOL,0.328,0.000,0.328,0.000,0.700,,2D_CIR_18/NOMINAL - CS_DE - C-Zone - YZ - Nominal
Pos. Tol.,POS_2D_19,PTOL,0.503,0.000,0.503,0.000,0.700,,2D_CIR_19/NOMINAL - CS_DE - C-Zone - YZ - Nominal
Distance,INSERT HEIGHT 16,X,0.254,0.000,0.254,,,,CIR_16 - PL_PLAST_16 / CS_DE
Distance,INSERT HEIGHT 17,X,0.239,0.000,0.239,,,,CIR_17 - PL_PLAST_17 / CS_DE
Distance,INSERT HEIGHT 18,X,0.318,0.000,0.318,,,,CIR_18 - PL_PLAST_18 / CS_DE
Distance,INSERT HEIGHT 19,X,0.372,0.000,0.372,,,,CIR_19 - PL_PLAST_19 / CS_DE
Flatness,FLAT_D,FLTN,0.283,0.000,0.283,0.000,1.000,,PL_D
Circle,2D_CIR_20,X,-0.180,0.000,-0.180,,,,
Circle,2D_CIR_20,Z,-0.003,0.000,-0.003,,,,
Circle,2D_CIR_21,X,-0.180,0.000,-0.180,,,,
Circle,2D_CIR_21,Z,0.003,0.000,0.003,,,,
Pos. Tol.,POS_2D_20,PTOL,0.363,0.000,0.363,0.000,0.550,,2D_CIR_20/NOMINAL - CS_HJ - C-Zone - XY - Nominal
Pos. Tol.,POS_2D_21,PTOL,0.361,0.000,0.361,0.000,0.550,,2D_CIR_21/NOMINAL - CS_HJ - C-Zone - XY - Nominal
Distance,H_20,Z,0.267,0.000,0.267,0.000,0.500,,2D_CIR_20 - PL_PLAST_20 / CS_HJ
Distance,H_21,Z,0.230,0.000,0.230,0.000,0.500,,2D_CIR_21 - PL_PLAST_21 / CS_HJ
Circle,CIR_15,X,-108.279,-109.800,1.521,,,,Criterion : Least Square (From 6 Pts On PL_INS_15) 
Circle,CIR_15,Y,24.089,24.200,-0.111,,,,
Distance,PROF_15,Z,131.143,130.800,0.343,-1.500,1.500,,CIR_15 - ORIGIN / CS_ABC
Pos. Tol.,POS_15,PTOL,3.050,0.000,3.050,0.000,5.000,,CIR_15/NOMINAL - CS_ABC - C-Zone - XY - Nominal
Distance,H_15,Z,0.253,0.000,0.253,0.000,0.500,,CIR_15 - PL_PLAST_15 / CS_ABC
Pos. Tol.,POS_42,PTOL,4.475,0.000,4.475,0.216,6.393,,CIR_42(M)/NOMINAL - CS_ABC - C-Zone - XYZ - Nominal
Pos. Tol.,POS_20,PTOL,4.302,0.000,4.302,0.000,6.176,,CIR_20/NOMINAL - CS_ABC - C-Zone - XYZ - Nominal
Pos. Tol.,POS_21,PTOL,4.171,0.000,4.171,0.000,6.176,,CIR_21/NOMINAL - CS_ABC - C-Zone - XYZ - Nominal
Circle,CIR_42,DIAM,36.726,36.660,0.066,-0.150,0.150,,Criterion : Least Square (From 20 Pts On PL_PLAST_42) 
Circle,CIR_42,X,-209.282,-210.550,1.268,,,,
Circle,CIR_42,Y,94.165,96.000,-1.835,,,,
Circle,CIR_42,Z,111.599,111.420,0.179,,,,
Circle,CIR_20,X,-231.557,-232.370,0.813,,,,Criterion : Least Square (From 6 Pts On PL_INS_20) 
Circle,CIR_20,Y,104.907,106.800,-1.893,,,,
Circle,CIR_20,Z,92.048,91.430,0.618,,,,
Circle,CIR_21,X,-187.218,-188.730,1.512,,,,Criterion : Least Square (From 6 Pts On PL_INS_21) 
Circle,CIR_21,Y,83.769,85.200,-1.431,,,,
Circle,CIR_21,Z,131.543,131.420,0.123,,,,
Distance,DEPTH_16,D1,17.933,17.800,0.133,0.000,8.000,,PNT_DEPTH_16 - PL_INS_16 / CS_DE
Distance,DEPTH_17,D1,18.014,17.800,0.214,0.000,8.000,,PNT_DEPTH_17 - PL_INS_17 / CS_DE
Distance,DEPTH_18,D1,21.718,17.800,3.918,0.000,8.000,,PNT_DEPTH_18 - PL_INS_18 / CS_DE
Distance,DEPTH_19,D1,23.202,17.800,5.402,0.000,8.000,,PNT_DEPTH_19 - PL_INS_19 / CS_DE
Circle,CIR_16,X,-77.230,-77.073,-0.157,,,,Criterion : Least Square (From 6 Pts On PL_INS_16) 
Circle,CIR_16,Y,59.104,59.880,-0.776,,,,
Circle,CIR_16,Z,41.641,42.924,-1.283,,,,
Circle,CIR_17,X,-75.588,-77.073,1.485,,,,Criterion : Least Square (From 6 Pts On PL_INS_17) 
Circle,CIR_17,Y,59.136,59.880,-0.744,,,,
Circle,CIR_17,Z,121.609,122.924,-1.315,,,,
Circle,CIR_18,X,-81.712,-82.732,1.020,,,,Criterion : Least Square (From 6 Pts On PL_INS_18) 
Circle,CIR_18,Y,123.537,124.633,-1.096,,,,
Circle,CIR_18,Z,121.969,122.924,-0.955,,,,
Circle,CIR_19,X,-83.197,-82.732,-0.464,,,,Criterion : Least Square (From 6 Pts On PL_INS_19) 
Circle,CIR_19,Y,123.557,124.633,-1.077,,,,
Circle,CIR_19,Z,41.981,42.924,-0.943,,,,
Pos. Tol.,POS_16,PTOL,2.998,0.000,2.998,0.000,4.176,,CIR_16/NOMINAL - CS_ABC - C-Zone - YZ - Nominal
Pos. Tol.,POS_17,PTOL,3.023,0.000,3.023,0.000,4.176,,CIR_17/NOMINAL - CS_ABC - C-Zone - YZ - Nominal
Pos. Tol.,POS_18,PTOL,2.907,0.000,2.907,0.000,4.176,,CIR_18/NOMINAL - CS_ABC - C-Zone - YZ - Nominal
Pos. Tol.,POS_19,PTOL,2.863,0.000,2.863,0.000,4.176,,CIR_19/NOMINAL - CS_ABC - C-Zone - YZ - Nominal
Distance,DEPTH_15,D1,22.193,22.000,0.193,0.000,8.000,,PNT_DEPTH_15 - PL_INS_15 / CS_SRF_TEMP_15.2
