Feat. Type,Feat. Name,Value,Actual,Nominal,Dev.,Tol-,Tol+,Out of Tol.,Comment
Text/Value,VAR_PROGRAM,VAL,,,,,,,'N:\Metrolog XG\Programmes\D-33 RWD\D33 RWD Complete (Module 44).gm2'
Text/Value,VAR_EVENEMENT,VAL,,,,,,,'Test sp�cial piece # 8'
Text/Value,VAR_COMMENTAIRES,VAL,,,,,,,'272B'
Circle,CIR_DATUM_B,DIAM,7.841,7.900,-0.059,-0.100,0.100,,Criterion : Least Square (From 3 Pts On PL_FIXTURE) 
Circle,CIR_DATUM_C,DIAM,7.893,7.900,-0.007,-0.100,0.100,,Criterion : Least Square (From 3 Pts On PL_FIXTURE) 
Circle,CIR_DATUM_C,X,4.401,4.400,0.001,,,,
Circle,CIR_DATUM_C,Z,-351.694,-351.650,-0.044,,,,
Pos. Tol.,POS_C,PTOL,0.089,0.000,0.089,0.000,0.459,,CIR_DATUM_C/NOMINAL - CS_ABC - C-Zone - XZ - Nominal
Circle,CIR_8,DIAM,74.118,74.350,-0.232,-0.300,0.300,,Criterion : Least Square (From 14 Pts On PL_PLAST_TB) 
Circle,CIR_8,X,-79.941,-80.600,0.659,,,,
Circle,CIR_8,Y,91.537,92.200,-0.663,,,,
Circle,CIR_8,Z,81.791,82.900,-1.109,,,,
Pos. Tol.,POS_8,PTOL,2.583,0.000,2.583,0.068,4.227,,CIR_8(M)/NOMINAL - CS_ABC - C-Zone - YZ - Nominal
Circle,2D_CIR_16,Y,-32.440,-32.500,0.060,,,,
Circle,2D_CIR_16,Z,-40.154,-40.000,-0.154,,,,
Circle,2D_CIR_17,Y,-32.271,-32.500,0.229,,,,
Circle,2D_CIR_17,Z,39.885,40.000,-0.115,,,,
Circle,2D_CIR_18,Y,32.455,32.500,-0.045,,,,
Circle,2D_CIR_18,Z,40.041,40.000,0.041,,,,
Circle,2D_CIR_19,Y,32.401,32.500,-0.099,,,,
Circle,2D_CIR_19,Z,-40.036,-40.000,-0.036,,,,
Pos. Tol.,POS_2D_16,PTOL,0.331,0.000,0.331,0.000,0.500,,2D_CIR_16/NOMINAL - CS_DE - C-Zone - YZ - Nominal
Pos. Tol.,POS_2D_17,PTOL,0.512,0.000,0.512,0.000,0.500,0.012,2D_CIR_17/NOMINAL - CS_DE - C-Zone - YZ - Nominal
Pos. Tol.,POS_2D_18,PTOL,0.122,0.000,0.122,0.000,0.700,,2D_CIR_18/NOMINAL - CS_DE - C-Zone - YZ - Nominal
Pos. Tol.,POS_2D_19,PTOL,0.212,0.000,0.212,0.000,0.700,,2D_CIR_19/NOMINAL - CS_DE - C-Zone - YZ - Nominal
Distance,INSERT HEIGHT 16,X,0.226,0.000,0.226,,,,CIR_16 - PL_PLAST_16 / CS_DE
Distance,INSERT HEIGHT 17,X,0.228,0.000,0.228,,,,CIR_17 - PL_PLAST_17 / CS_DE
Distance,INSERT HEIGHT 18,X,0.260,0.000,0.260,,,,CIR_18 - PL_PLAST_18 / CS_DE
Distance,INSERT HEIGHT 19,X,0.279,0.000,0.279,,,,CIR_19 - PL_PLAST_19 / CS_DE
Flatness,FLAT_D,FLTN,0.241,0.000,0.241,0.000,1.000,,PL_D
Circle,2D_CIR_20,X,-0.165,0.000,-0.165,,,,
Circle,2D_CIR_20,Z,-0.003,0.000,-0.003,,,,
Circle,2D_CIR_21,X,-0.165,0.000,-0.165,,,,
Circle,2D_CIR_21,Z,0.003,0.000,0.003,,,,
Pos. Tol.,POS_2D_20,PTOL,0.395,0.000,0.395,0.000,0.550,,2D_CIR_20/NOMINAL - CS_HJ - C-Zone - XY - Nominal
Pos. Tol.,POS_2D_21,PTOL,0.332,0.000,0.332,0.000,0.550,,2D_CIR_21/NOMINAL - CS_HJ - C-Zone - XY - Nominal
Distance,H_20,Z,0.284,0.000,0.284,0.000,0.500,,2D_CIR_20 - PL_PLAST_20 / CS_HJ
Distance,H_21,Z,0.218,0.000,0.218,0.000,0.500,,2D_CIR_21 - PL_PLAST_21 / CS_HJ
Circle,CIR_15,X,-108.093,-109.800,1.707,,,,Criterion : Least Square (From 6 Pts On PL_INS_15) 
Circle,CIR_15,Y,24.473,24.200,0.273,,,,
Distance,PROF_15,Z,131.287,130.800,0.487,-1.500,1.500,,CIR_15 - ORIGIN / CS_ABC
Pos. Tol.,POS_15,PTOL,3.458,0.000,3.458,0.000,5.000,,CIR_15/NOMINAL - CS_ABC - C-Zone - XY - Nominal
Distance,H_15,Z,0.231,0.000,0.231,0.000,0.500,,CIR_15 - PL_PLAST_15 / CS_ABC
Pos. Tol.,POS_42,PTOL,4.065,0.000,4.065,0.222,6.381,,CIR_42(M)/NOMINAL - CS_ABC - C-Zone - XYZ - Nominal
Pos. Tol.,POS_20,PTOL,3.811,0.000,3.811,0.000,6.159,,CIR_20/NOMINAL - CS_ABC - C-Zone - XYZ - Nominal
Pos. Tol.,POS_21,PTOL,3.879,0.000,3.879,0.000,6.159,,CIR_21/NOMINAL - CS_ABC - C-Zone - XYZ - Nominal
Circle,CIR_42,DIAM,36.732,36.660,0.072,-0.150,0.150,,Criterion : Least Square (From 20 Pts On PL_PLAST_42) 
Circle,CIR_42,X,-209.198,-210.550,1.352,,,,
Circle,CIR_42,Y,94.500,96.000,-1.500,,,,
Circle,CIR_42,Z,111.657,111.420,0.237,,,,
Circle,CIR_20,X,-231.572,-232.370,0.798,,,,Criterion : Least Square (From 6 Pts On PL_INS_20) 
Circle,CIR_20,Y,105.184,106.800,-1.616,,,,
Circle,CIR_20,Z,92.050,91.430,0.620,,,,
Circle,CIR_21,X,-187.105,-188.730,1.625,,,,Criterion : Least Square (From 6 Pts On PL_INS_21) 
Circle,CIR_21,Y,84.159,85.200,-1.041,,,,
Circle,CIR_21,Z,131.614,131.420,0.194,,,,
Distance,DEPTH_16,D1,17.903,17.800,0.103,0.000,8.000,,PNT_DEPTH_16 - PL_INS_16 / CS_DE
Distance,DEPTH_17,D1,17.992,17.800,0.192,0.000,8.000,,PNT_DEPTH_17 - PL_INS_17 / CS_DE
Distance,DEPTH_18,D1,21.663,17.800,3.863,0.000,8.000,,PNT_DEPTH_18 - PL_INS_18 / CS_DE
Distance,DEPTH_19,D1,23.099,17.800,5.299,0.000,8.000,,PNT_DEPTH_19 - PL_INS_19 / CS_DE
Circle,CIR_16,X,-77.205,-77.073,-0.132,,,,Criterion : Least Square (From 6 Pts On PL_INS_16) 
Circle,CIR_16,Y,59.310,59.880,-0.570,,,,
Circle,CIR_16,Z,41.556,42.924,-1.368,,,,
Circle,CIR_17,X,-75.532,-77.073,1.540,,,,Criterion : Least Square (From 6 Pts On PL_INS_17) 
Circle,CIR_17,Y,59.441,59.880,-0.439,,,,
Circle,CIR_17,Z,121.577,122.924,-1.347,,,,
Circle,CIR_18,X,-81.656,-82.732,1.076,,,,Criterion : Least Square (From 6 Pts On PL_INS_18) 
Circle,CIR_18,Y,123.877,124.633,-0.756,,,,
Circle,CIR_18,Z,121.893,122.924,-1.031,,,,
Circle,CIR_19,X,-83.228,-82.732,-0.495,,,,Criterion : Least Square (From 6 Pts On PL_INS_19) 
Circle,CIR_19,Y,123.870,124.633,-0.763,,,,
Circle,CIR_19,Z,41.831,42.924,-1.093,,,,
Pos. Tol.,POS_16,PTOL,2.964,0.000,2.964,0.000,4.159,,CIR_16/NOMINAL - CS_ABC - C-Zone - YZ - Nominal
Pos. Tol.,POS_17,PTOL,2.833,0.000,2.833,0.000,4.159,,CIR_17/NOMINAL - CS_ABC - C-Zone - YZ - Nominal
Pos. Tol.,POS_18,PTOL,2.558,0.000,2.558,0.000,4.159,,CIR_18/NOMINAL - CS_ABC - C-Zone - YZ - Nominal
Pos. Tol.,POS_19,PTOL,2.666,0.000,2.666,0.000,4.159,,CIR_19/NOMINAL - CS_ABC - C-Zone - YZ - Nominal
Profile of Line,PROF_OP1,PRFL,1.688,0.000,1.688,0.000,2.159,,SCT_OP1
Profile of Line,PROF_OP2,PRFL,0.374,0.000,0.374,0.000,2.159,,SCT_OP2
Profile of Line,PROF_OP3,PRFL,0.618,0.000,0.618,0.000,2.159,,SCT_OP3
Profile of Line,PROF_OP4,PRFL,0.156,0.000,0.156,0.000,2.159,,SCT_OP4
Profile of Line,PROF_OP5,PRFL,1.004,0.000,1.004,0.000,2.159,,SCT_OP5
Profile of Line,PROF_OP6,PRFL,0.816,0.000,0.816,0.000,2.159,,SCT_OP6
Pos. Tol.,POS_B,PTOL,0.000,0.000,0.000,0.000,0.300,,CIR_DATUM_B/NOMINAL - CS_ABC - C-Zone - XZ - Nominal
Pos. Tol.,POS_1,PTOL,0.270,0.000,0.270,0.000,1.159,,CIR1/NOMINAL - CS_ABC - C-Zone - XZ - Nominal
Pos. Tol.,POS_2,PTOL,0.699,0.000,0.699,0.000,1.159,,CIR2/NOMINAL - CS_ABC - C-Zone - XZ - Nominal
Pos. Tol.,POS_3,PTOL,0.405,0.000,0.405,0.000,1.159,,CIR3/NOMINAL - CS_ABC - C-Zone - XZ - Nominal
Pos. Tol.,POS_4,PTOL,0.111,0.000,0.111,0.000,1.159,,CIR4/NOMINAL - CS_ABC - C-Zone - XZ - Nominal
Pos. Tol.,POS_5,PTOL,0.213,0.000,0.213,0.000,1.159,,CIR5/NOMINAL - CS_ABC - C-Zone - XZ - Nominal
Pos. Tol.,POS_6,PTOL,0.744,0.000,0.744,0.000,1.159,,CIR6/NOMINAL - CS_ABC - C-Zone - XZ - Nominal
Pos. Tol.,POS_31,PTOL,0.510,0.000,0.510,0.000,1.159,,CIR31/NOMINAL - CS_ABC - C-Zone - XZ - Nominal
Pos. Tol.,POS_32,PTOL,0.909,0.000,0.909,0.000,1.159,,CIR32/NOMINAL - CS_ABC - C-Zone - XZ - Nominal
Profile of Line,PROF_2D_OW_TB_GROOVE,PRFL,0.508,0.000,0.508,0.000,1.000,,SECT_2D_OW_TB
Profile of Line,PROF_IW_OP1,PRFL,1.162,0.000,1.162,0.000,1.500,,SECT_IW_OP1
Profile of Line,PROF_IW_OP2,PRFL,0.235,0.000,0.235,0.000,1.500,,SECT_IW_OP2
Profile of Line,PROF_IW_OP3,PRFL,0.292,0.000,0.292,0.000,1.500,,SECT_IW_OP3
Profile of Line,PROF_IW_OP4,PRFL,0.335,0.000,0.335,0.000,1.500,,SECT_IW_OP4
Profile of Line,PROF_IW_OP5,PRFL,1.133,0.000,1.133,0.000,1.500,,SECT_IW_OP5
Profile of Line,PROF_IW_OP6,PRFL,1.041,0.000,1.041,0.000,1.500,,SECT_IW_OP6
Pos. Tol.,POS_10,PTOL,1.524,0.000,1.524,0.000,4.159,,CIR_10/NOMINAL - CS_ABC - C-Zone - XZ - Nominal
Pos. Tol.,POS_11,PTOL,3.284,0.000,3.284,0.000,4.159,,CIR_11/NOMINAL - CS_ABC - C-Zone - XZ - Nominal
Pos. Tol.,POS_12,PTOL,4.193,0.000,4.193,0.000,5.159,,CIR_12/NOMINAL - CS_ABC - C-Zone - XZ - Nominal
Pos. Tol.,POS_13,PTOL,4.020,0.000,4.020,0.000,5.159,,CIR_13/NOMINAL - CS_ABC - C-Zone - XZ - Nominal
Pos. Tol.,POS_14,PTOL,2.357,0.000,2.357,0.000,4.159,,CIR_14/NOMINAL - CS_ABC - C-Zone - XZ - Nominal
Pos. Tol.,POS_22,PTOL,3.489,0.000,3.489,0.000,6.159,,SLOT_22/NOMINAL - CS_ABC - C-Zone - XY - Nominal
Pos. Tol.,POS_9,PTOL,4.350,0.000,4.350,0.000,7.159,,CIR_9/NOMINAL - CS_ABC - C-Zone - XYZ - Nominal
Pos. Tol.,POS_25,PTOL,4.094,0.000,4.094,0.000,7.159,,CIR_25/NOMINAL - CS_ABC - C-Zone - XY - Nominal
Pos. Tol.,POS_26,PTOL,4.168,0.000,4.168,0.000,6.159,,CIR_26/NOMINAL - CS_ABC - C-Zone - XY - Nominal
Distance,HEIGHT_B,D1,6.313,6.450,-0.137,-0.100,0.100,-0.037,PNT_TOP_B - PL_FIXTURE / CS_ABC
Distance,HEIGHT_C,D1,6.342,6.450,-0.108,-0.100,0.100,-0.008,PNT_TOP_C - PL_FIXTURE / CS_ABC
Circle,CIR2,X,-16.815,-16.500,-0.315,,,,From 4 Pts On PL_FIXTURE
Circle,CIR2,Z,-351.448,-351.600,0.152,,,,
Circle,CIR1,X,54.499,54.400,0.099,,,,From 4 Pts On PL_FIXTURE
Circle,CIR1,Z,-346.509,-346.600,0.091,,,,
Circle,CIR6,X,54.032,54.400,-0.368,,,,From 4 Pts On PL_FIXTURE
Circle,CIR6,Z,-240.545,-240.600,0.055,,,,
Circle,CIR5,X,54.295,54.400,-0.105,,,,From 4 Pts On PL_FIXTURE
Circle,CIR5,Z,-134.617,-134.600,-0.016,,,,
Circle,CIR4,X,54.345,54.400,-0.055,,,,From 4 Pts On PL_FIXTURE
Circle,CIR4,Z,-27.103,-27.100,-0.003,,,,
Circle,CIR3,X,-16.645,-16.500,-0.145,,,,From 4 Pts On PL_FIXTURE
Circle,CIR3,Z,-0.958,-1.100,0.142,,,,
Circle,CIR32,X,-30.654,-30.200,-0.454,,,,From 4 Pts On PL_FIXTURE
Circle,CIR32,Z,-124.282,-124.300,0.018,,,,
Circle,CIR31,X,-30.452,-30.200,-0.252,,,,From 4 Pts On PL_FIXTURE
Circle,CIR31,Z,-230.340,-230.300,-0.040,,,,
Distance,DEPTH_TB1,D1,4.992,5.000,-0.008,-0.250,0.250,,TB_BOT_1.1 - PL_D / CS_DE
Distance,DEPTH_TB2,D1,4.865,5.000,-0.135,-0.250,0.250,,TB_BOT_1.2 - PL_D / CS_DE
Distance,DEPTH_TB3,D1,4.933,5.000,-0.067,-0.250,0.250,,TB_BOT_1.3 - PL_D / CS_DE
Distance,DEPTH_TB4,D1,4.878,5.000,-0.122,-0.250,0.250,,TB_BOT_1.4 - PL_D / CS_DE
Distance,DEPTH_TB5,D1,5.041,5.000,0.041,-0.250,0.250,,TB_BOT_1.5 - PL_D / CS_DE
Distance,DEPTH_TB6,D1,4.920,5.000,-0.080,-0.250,0.250,,TB_BOT_1.6 - PL_D / CS_DE
Distance,DEPTH_TB7,D1,4.957,5.000,-0.043,-0.250,0.250,,TB_BOT_1.7 - PL_D / CS_DE
Distance,DEPTH_TB8,D1,4.951,5.000,-0.049,-0.250,0.250,,TB_BOT_1.8 - PL_D / CS_DE
Distance,PROF_RECESS_SURFACE_TB,D1,0.792,0.650,0.142,0.000,0.750,,PL_PLAST_RECESS_TB - PL_D / CS_DE
Distance,OP1_DEPTH_1,D1,6.121,6.000,0.121,-0.250,0.250,,OP1_PT1_DEPTH - PL_FIXTURE / OP1CS
Distance,OP1_DEPTH_2,D1,5.849,6.000,-0.151,-0.250,0.250,,OP1_PT2_DEPTH - PL_FIXTURE / OP1CS
Distance,OP1_DEPTH_3,D1,5.961,6.000,-0.039,-0.250,0.250,,OP1_PT3_DEPTH - PL_FIXTURE / OP1CS
Distance,OP1_DEPTH_4,D1,6.024,6.000,0.024,-0.250,0.250,,OP1_PT4_DEPTH - PL_FIXTURE / OP1CS
Distance,OP1_DEPTH_5,D1,5.988,6.000,-0.012,-0.250,0.250,,OP1_PT5_DEPTH - PL_FIXTURE / OP1CS
Distance,OP1_DEPTH_6,D1,6.026,6.000,0.026,-0.250,0.250,,OP1_PT6_DEPTH - PL_FIXTURE / OP1CS
Distance,OP1_DEPTH_7,D1,6.160,6.000,0.160,-0.250,0.250,,OP1_PT7_DEPTH - PL_FIXTURE / OP1CS
Distance,OP2_DEPTH_1,D1,6.023,6.000,0.023,-0.250,0.250,,OP2_PT1_DEPTH - PL_FIXTURE / OP2CS
Distance,OP2_DEPTH_2,D1,5.998,6.000,-0.002,-0.250,0.250,,OP2_PT2_DEPTH - PL_FIXTURE / OP2CS
Distance,OP2_DEPTH_3,D1,6.008,6.000,0.008,-0.250,0.250,,OP2_PT3_DEPTH - PL_FIXTURE / OP2CS
Distance,OP2_DEPTH_4,D1,6.027,6.000,0.027,-0.250,0.250,,OP2_PT4_DEPTH - PL_FIXTURE / OP2CS
Distance,OP2_DEPTH_5,D1,5.868,6.000,-0.132,-0.250,0.250,,OP2_PT5_DEPTH - PL_FIXTURE / OP2CS
Distance,OP2_DEPTH_6,D1,6.042,6.000,0.042,-0.250,0.250,,OP2_PT6_DEPTH - PL_FIXTURE / OP2CS
Distance,OP2_DEPTH_7,D1,6.099,6.000,0.099,-0.250,0.250,,OP2_PT7_DEPTH - PL_FIXTURE / OP2CS
Distance,OP3_DEPTH_3,D1,6.005,6.000,0.005,-0.250,0.250,,OP3_PT3_DEPTH - PL_FIXTURE / OP3CS
Distance,OP3_DEPTH_4,D1,6.053,6.000,0.053,-0.250,0.250,,OP3_PT4_DEPTH - PL_FIXTURE / OP3CS
Distance,OP3_DEPTH_5,D1,5.903,6.000,-0.097,-0.250,0.250,,OP3_PT5_DEPTH - PL_FIXTURE / OP3CS
Distance,OP3_DEPTH_6,D1,5.899,6.000,-0.101,-0.250,0.250,,OP3_PT6_DEPTH - PL_FIXTURE / OP3CS
Distance,OP4_DEPTH_1,D1,6.023,6.000,0.023,-0.250,0.250,,OP4_PT1_DEPTH - PL_FIXTURE / OP4CS
Distance,OP4_DEPTH_2,D1,6.088,6.000,0.088,-0.250,0.250,,OP4_PT2_DEPTH - PL_FIXTURE / OP4CS
Distance,OP4_DEPTH_3,D1,6.034,6.000,0.034,-0.250,0.250,,OP4_PT3_DEPTH - PL_FIXTURE / OP4CS
Distance,OP4_DEPTH_4,D1,6.017,6.000,0.017,-0.250,0.250,,OP4_PT4_DEPTH - PL_FIXTURE / OP4CS
Distance,OP4_DEPTH_5,D1,5.879,6.000,-0.121,-0.250,0.250,,OP4_PT5_DEPTH - PL_FIXTURE / OP4CS
Distance,OP4_DEPTH_6,D1,6.003,6.000,0.003,-0.250,0.250,,OP4_PT6_DEPTH - PL_FIXTURE / OP4CS
Distance,OP4_DEPTH_7,D1,6.073,6.000,0.073,-0.250,0.250,,OP4_PT7_DEPTH - PL_FIXTURE / OP4CS
Distance,OP5_DEPTH_3,D1,6.046,6.000,0.046,-0.250,0.250,,OP5_PT3_DEPTH - PL_FIXTURE / OP5CS
Distance,OP5_DEPTH_4,D1,6.175,6.000,0.175,-0.250,0.250,,OP5_PT4_DEPTH - PL_FIXTURE / OP5CS
Distance,OP5_DEPTH_5,D1,5.845,6.000,-0.155,-0.250,0.250,,OP5_PT5_DEPTH - PL_FIXTURE / OP5CS
Distance,OP5_DEPTH_6,D1,5.995,6.000,-0.005,-0.250,0.250,,OP5_PT6_DEPTH - PL_FIXTURE / OP5CS
Distance,OP5_DEPTH_7,D1,5.989,6.000,-0.011,-0.250,0.250,,OP5_PT7_DEPTH - PL_FIXTURE / OP5CS
Distance,OP6_DEPTH_1,D1,6.065,6.000,0.065,-0.250,0.250,,OP6_PT1_DEPTH - PL_FIXTURE / OP6CS
Distance,OP6_DEPTH_2,D1,6.108,6.000,0.108,-0.250,0.250,,OP6_PT2_DEPTH - PL_FIXTURE / OP6CS
Distance,OP6_DEPTH_3,D1,6.041,6.000,0.041,-0.250,0.250,,OP6_PT3_DEPTH - PL_FIXTURE / OP6CS
Distance,OP6_DEPTH_4,D1,6.128,6.000,0.128,-0.250,0.250,,OP6_PT4_DEPTH - PL_FIXTURE / OP6CS
Distance,OP6_DEPTH_5,D1,6.156,6.000,0.156,-0.250,0.250,,OP6_PT5_DEPTH - PL_FIXTURE / OP6CS
Distance,OP6_DEPTH_6,D1,6.183,6.000,0.183,-0.250,0.250,,OP6_PT6_DEPTH - PL_FIXTURE / OP6CS
Distance,OP6_DEPTH_7,D1,6.175,6.000,0.175,-0.250,0.250,,OP6_PT7_DEPTH - PL_FIXTURE / OP6CS
Circle,CIR_25,X,-118.253,-120.300,2.047,,,,Inters. PL_PLAST_25 - CYL_25.
Circle,CIR_25,Y,87.392,87.400,-0.008,,,,
Circle,CIR_25,Z,178.468,179.200,-0.732,,,,
Circle,CIR_26,X,-156.757,-158.500,1.743,,,,Inters. PL_PLAST_26 - CYL_26.
Circle,CIR_26,Y,120.958,122.100,-1.142,,,,
Circle,CIR_26,Z,160.356,160.700,-0.344,,,,
Circle,CIR_9,X,-269.955,-270.700,0.745,,,,Inters. PL_PLAST_9 - CYL_9.
Circle,CIR_9,Y,87.702,89.700,-1.998,,,,
Circle,CIR_9,Z,88.730,88.300,0.430,,,,
Circle,CIR_11,DIAM,8.015,8.000,0.015,-0.200,0.200,,Criterion : Least Square (From 8 Pts On PL_PLAST_11) 
Circle,CIR_11,X,-269.619,-270.600,0.981,,,,
Circle,CIR_11,Y,60.837,62.700,-1.863,,,,
Circle,CIR_11,Z,52.717,51.400,1.317,,,,
Circle,CIR_12,DIAM,8.019,8.000,0.019,-0.200,0.200,,Criterion : Least Square (From 8 Pts On PL_PLAST_12) 
Circle,CIR_12,X,-291.506,-290.600,-0.906,,,,
Circle,CIR_12,Y,59.212,62.700,-3.488,,,,
Circle,CIR_12,Z,-146.709,-148.600,1.891,,,,
Circle,CIR_13,DIAM,6.865,6.800,0.065,-0.200,0.200,,Criterion : Least Square (From 8 Pts On PL_PLAST_13) 
Circle,CIR_13,X,-176.008,-174.700,-1.308,,,,
Circle,CIR_13,Y,84.804,86.600,-1.796,,,,
Circle,CIR_13,Z,-372.074,-373.600,1.526,,,,
Circle,CIR_14,DIAM,6.924,6.800,0.124,-0.200,0.200,,Criterion : Least Square (From 8 Pts On PL_PLAST_14) 
Circle,CIR_14,X,13.530,14.500,-0.970,,,,
Circle,CIR_14,Y,35.606,36.000,-0.394,,,,
Circle,CIR_14,Z,-374.931,-375.600,0.669,,,,
Circle,CIR_10,DIAM,6.918,6.800,0.118,-0.200,0.200,,Criterion : Least Square (From 8 Pts On PL_PLAST_10) 
Circle,CIR_10,X,-50.683,-50.100,-0.583,,,,
Circle,CIR_10,Y,127.500,127.700,-0.200,,,,
Circle,CIR_10,Z,-9.091,-8.600,-0.491,,,,
Slot,SLOT_22,LEN,12.618,12.500,0.118,-0.200,0.200,,Criterion : Least Square (From 12 Pts On PL_PLAST_22) 
Slot,SLOT_22,WID,6.589,6.500,0.089,-0.200,0.200,,
Slot,SLOT_22,X,-131.341,-132.730,1.389,,,,
Slot,SLOT_22,Y,104.045,105.100,-1.055,,,,
Slot,SLOT_22,Z,128.203,128.800,-0.597,,,,
Distance,DEPTH_15,D1,22.155,22.000,0.155,0.000,8.000,,PNT_DEPTH_15 - PL_INS_15 / CS_SRF_TEMP_15.2
