Feat. Type,Feat. Name,Value,Actual,Nominal,Dev.,Tol-,Tol+,Out of Tol.,Comment
Text/Value,VAR_PROGRAM,VAL,,,,,,,'N:\Metrolog XG\Programmes\D-33 RWD\D33 RWD Complete (Module 44).gm2'
Text/Value,VAR_EVENEMENT,VAL,,,,,,,'FIP 06054'
Text/Value,VAR_COMMENTAIRES,VAL,,,,,,,'289B'
Circle,CIR_DATUM_B,DIAM,7.829,7.900,-0.071,-0.100,0.100,,Criterion : Least Square (From 3 Pts On PL_FIXTURE) 
Circle,CIR_DATUM_C,DIAM,7.890,7.900,-0.010,-0.100,0.100,,Criterion : Least Square (From 3 Pts On PL_FIXTURE) 
Circle,CIR_DATUM_C,X,4.400,4.400,0.000,,,,
Circle,CIR_DATUM_C,Z,-351.661,-351.650,-0.011,,,,
Pos. Tol.,POS_C,PTOL,0.022,0.000,0.022,0.000,0.471,,CIR_DATUM_C/NOMINAL - CS_ABC - C-Zone - XZ - Nominal
Circle,CIR_8,DIAM,74.092,74.350,-0.258,-0.300,0.300,,Criterion : Least Square (From 14 Pts On PL_PLAST_TB) 
Circle,CIR_8,X,-79.884,-80.600,0.716,,,,
Circle,CIR_8,Y,90.922,92.200,-1.278,,,,
Circle,CIR_8,Z,81.896,82.900,-1.004,,,,
Pos. Tol.,POS_8,PTOL,3.250,0.000,3.250,0.042,4.213,,CIR_8(M)/NOMINAL - CS_ABC - C-Zone - YZ - Nominal
Circle,2D_CIR_16,Y,-32.409,-32.500,0.091,,,,
Circle,2D_CIR_16,Z,-40.130,-40.000,-0.130,,,,
Circle,2D_CIR_17,Y,-32.325,-32.500,0.175,,,,
Circle,2D_CIR_17,Z,39.866,40.000,-0.134,,,,
Circle,2D_CIR_18,Y,32.372,32.500,-0.128,,,,
Circle,2D_CIR_18,Z,39.953,40.000,-0.047,,,,
Circle,2D_CIR_19,Y,32.312,32.500,-0.188,,,,
Circle,2D_CIR_19,Z,-40.040,-40.000,-0.040,,,,
Pos. Tol.,POS_2D_16,PTOL,0.317,0.000,0.317,0.000,0.500,,2D_CIR_16/NOMINAL - CS_DE - C-Zone - YZ - Nominal
Pos. Tol.,POS_2D_17,PTOL,0.440,0.000,0.440,0.000,0.500,,2D_CIR_17/NOMINAL - CS_DE - C-Zone - YZ - Nominal
Pos. Tol.,POS_2D_18,PTOL,0.274,0.000,0.274,0.000,0.700,,2D_CIR_18/NOMINAL - CS_DE - C-Zone - YZ - Nominal
Pos. Tol.,POS_2D_19,PTOL,0.385,0.000,0.385,0.000,0.700,,2D_CIR_19/NOMINAL - CS_DE - C-Zone - YZ - Nominal
Distance,INSERT HEIGHT 16,X,0.226,0.000,0.226,,,,CIR_16 - PL_PLAST_16 / CS_DE
Distance,INSERT HEIGHT 17,X,0.234,0.000,0.234,,,,CIR_17 - PL_PLAST_17 / CS_DE
Distance,INSERT HEIGHT 18,X,0.286,0.000,0.286,,,,CIR_18 - PL_PLAST_18 / CS_DE
Distance,INSERT HEIGHT 19,X,0.301,0.000,0.301,,,,CIR_19 - PL_PLAST_19 / CS_DE
Flatness,FLAT_D,FLTN,0.258,0.000,0.258,0.000,1.000,,PL_D
Circle,2D_CIR_20,X,-0.173,0.000,-0.173,,,,
Circle,2D_CIR_20,Z,-0.002,0.000,-0.002,,,,
Circle,2D_CIR_21,X,-0.173,0.000,-0.173,,,,
Circle,2D_CIR_21,Z,0.004,0.000,0.004,,,,
Pos. Tol.,POS_2D_20,PTOL,0.354,0.000,0.354,0.000,0.550,,2D_CIR_20/NOMINAL - CS_HJ - C-Zone - XY - Nominal
Pos. Tol.,POS_2D_21,PTOL,0.349,0.000,0.349,0.000,0.550,,2D_CIR_21/NOMINAL - CS_HJ - C-Zone - XY - Nominal
Distance,H_20,Z,0.277,0.000,0.277,0.000,0.500,,2D_CIR_20 - PL_PLAST_20 / CS_HJ
Distance,H_21,Z,0.226,0.000,0.226,0.000,0.500,,2D_CIR_21 - PL_PLAST_21 / CS_HJ
Circle,CIR_15,X,-108.268,-109.800,1.532,,,,Criterion : Least Square (From 6 Pts On PL_INS_15) 
Circle,CIR_15,Y,23.525,24.200,-0.675,,,,
Distance,PROF_15,Z,130.902,130.800,0.102,-1.500,1.500,,CIR_15 - ORIGIN / CS_ABC
Pos. Tol.,POS_15,PTOL,3.348,0.000,3.348,0.000,5.000,,CIR_15/NOMINAL - CS_ABC - C-Zone - XY - Nominal
Distance,H_15,Z,0.229,0.000,0.229,0.000,0.500,,CIR_15 - PL_PLAST_15 / CS_ABC
Pos. Tol.,POS_42,PTOL,5.066,0.000,5.066,0.220,6.392,,CIR_42(M)/NOMINAL - CS_ABC - C-Zone - XYZ - Nominal
Pos. Tol.,POS_20,PTOL,4.812,0.000,4.812,0.000,6.171,,CIR_20/NOMINAL - CS_ABC - C-Zone - XYZ - Nominal
Pos. Tol.,POS_21,PTOL,4.806,0.000,4.806,0.000,6.171,,CIR_21/NOMINAL - CS_ABC - C-Zone - XYZ - Nominal
Circle,CIR_42,DIAM,36.730,36.660,0.070,-0.150,0.150,,Criterion : Least Square (From 20 Pts On PL_PLAST_42) 
Circle,CIR_42,X,-209.148,-210.550,1.402,,,,
Circle,CIR_42,Y,93.902,96.000,-2.098,,,,
Circle,CIR_42,Z,111.635,111.420,0.215,,,,
Circle,CIR_20,X,-231.418,-232.370,0.952,,,,Criterion : Least Square (From 6 Pts On PL_INS_20) 
Circle,CIR_20,Y,104.688,106.800,-2.112,,,,
Circle,CIR_20,Z,92.081,91.430,0.651,,,,
Circle,CIR_21,X,-187.098,-188.730,1.632,,,,Criterion : Least Square (From 6 Pts On PL_INS_21) 
Circle,CIR_21,Y,83.445,85.200,-1.755,,,,
Circle,CIR_21,Z,131.592,131.420,0.172,,,,
Distance,DEPTH_16,D1,17.911,17.800,0.111,0.000,8.000,,PNT_DEPTH_16 - PL_INS_16 / CS_DE
Distance,DEPTH_17,D1,18.013,17.800,0.213,0.000,8.000,,PNT_DEPTH_17 - PL_INS_17 / CS_DE
Distance,DEPTH_18,D1,21.685,17.800,3.885,0.000,8.000,,PNT_DEPTH_18 - PL_INS_18 / CS_DE
Distance,DEPTH_19,D1,23.133,17.800,5.333,0.000,8.000,,PNT_DEPTH_19 - PL_INS_19 / CS_DE
Circle,CIR_16,X,-77.162,-77.073,-0.089,,,,Criterion : Least Square (From 6 Pts On PL_INS_16) 
Circle,CIR_16,Y,58.893,59.880,-0.987,,,,
Circle,CIR_16,Z,41.550,42.924,-1.374,,,,
Circle,CIR_17,X,-75.514,-77.073,1.558,,,,Criterion : Least Square (From 6 Pts On PL_INS_17) 
Circle,CIR_17,Y,58.600,59.880,-1.280,,,,
Circle,CIR_17,Z,121.529,122.924,-1.395,,,,
Circle,CIR_18,X,-81.559,-82.732,1.173,,,,Criterion : Least Square (From 6 Pts On PL_INS_18) 
Circle,CIR_18,Y,123.012,124.633,-1.621,,,,
Circle,CIR_18,Z,122.044,122.924,-0.880,,,,
Circle,CIR_19,X,-83.084,-82.732,-0.352,,,,Criterion : Least Square (From 6 Pts On PL_INS_19) 
Circle,CIR_19,Y,123.340,124.633,-1.293,,,,
Circle,CIR_19,Z,42.066,42.924,-0.858,,,,
Pos. Tol.,POS_16,PTOL,3.383,0.000,3.383,0.000,4.171,,CIR_16/NOMINAL - CS_ABC - C-Zone - YZ - Nominal
Pos. Tol.,POS_17,PTOL,3.786,0.000,3.786,0.000,4.171,,CIR_17/NOMINAL - CS_ABC - C-Zone - YZ - Nominal
Pos. Tol.,POS_18,PTOL,3.689,0.000,3.689,0.000,4.171,,CIR_18/NOMINAL - CS_ABC - C-Zone - YZ - Nominal
Pos. Tol.,POS_19,PTOL,3.103,0.000,3.103,0.000,4.171,,CIR_19/NOMINAL - CS_ABC - C-Zone - YZ - Nominal
Profile of Line,PROF_OP1,PRFL,1.736,0.000,1.736,0.000,2.171,,SCT_OP1
Profile of Line,PROF_OP2,PRFL,0.359,0.000,0.359,0.000,2.171,,SCT_OP2
Profile of Line,PROF_OP3,PRFL,0.764,0.000,0.764,0.000,2.171,,SCT_OP3
Profile of Line,PROF_OP4,PRFL,0.202,0.000,0.202,0.000,2.171,,SCT_OP4
Profile of Line,PROF_OP5,PRFL,1.159,0.000,1.159,0.000,2.171,,SCT_OP5
Profile of Line,PROF_OP6,PRFL,0.883,0.000,0.883,0.000,2.171,,SCT_OP6
Pos. Tol.,POS_B,PTOL,0.000,0.000,0.000,0.000,0.300,,CIR_DATUM_B/NOMINAL - CS_ABC - C-Zone - XZ - Nominal
Pos. Tol.,POS_1,PTOL,0.258,0.000,0.258,0.000,1.171,,CIR1/NOMINAL - CS_ABC - C-Zone - XZ - Nominal
Pos. Tol.,POS_2,PTOL,0.701,0.000,0.701,0.000,1.171,,CIR2/NOMINAL - CS_ABC - C-Zone - XZ - Nominal
Pos. Tol.,POS_3,PTOL,0.354,0.000,0.354,0.000,1.171,,CIR3/NOMINAL - CS_ABC - C-Zone - XZ - Nominal
Pos. Tol.,POS_4,PTOL,0.245,0.000,0.245,0.000,1.171,,CIR4/NOMINAL - CS_ABC - C-Zone - XZ - Nominal
Pos. Tol.,POS_5,PTOL,0.167,0.000,0.167,0.000,1.171,,CIR5/NOMINAL - CS_ABC - C-Zone - XZ - Nominal
Pos. Tol.,POS_6,PTOL,0.765,0.000,0.765,0.000,1.171,,CIR6/NOMINAL - CS_ABC - C-Zone - XZ - Nominal
Pos. Tol.,POS_31,PTOL,0.353,0.000,0.353,0.000,1.171,,CIR31/NOMINAL - CS_ABC - C-Zone - XZ - Nominal
Pos. Tol.,POS_32,PTOL,0.739,0.000,0.739,0.000,1.171,,CIR32/NOMINAL - CS_ABC - C-Zone - XZ - Nominal
Profile of Line,PROF_2D_OW_TB_GROOVE,PRFL,0.697,0.000,0.697,0.000,1.000,,SECT_2D_OW_TB
Profile of Line,PROF_IW_OP1,PRFL,1.245,0.000,1.245,0.000,1.500,,SECT_IW_OP1
Profile of Line,PROF_IW_OP2,PRFL,0.293,0.000,0.293,0.000,1.500,,SECT_IW_OP2
Profile of Line,PROF_IW_OP3,PRFL,0.417,0.000,0.417,0.000,1.500,,SECT_IW_OP3
Profile of Line,PROF_IW_OP4,PRFL,0.307,0.000,0.307,0.000,1.500,,SECT_IW_OP4
Profile of Line,PROF_IW_OP5,PRFL,1.024,0.000,1.024,0.000,1.500,,SECT_IW_OP5
Profile of Line,PROF_IW_OP6,PRFL,1.114,0.000,1.114,0.000,1.500,,SECT_IW_OP6
Pos. Tol.,POS_10,PTOL,0.967,0.000,0.967,0.000,4.171,,CIR_10/NOMINAL - CS_ABC - C-Zone - XZ - Nominal
Pos. Tol.,POS_11,PTOL,2.925,0.000,2.925,0.000,4.171,,CIR_11/NOMINAL - CS_ABC - C-Zone - XZ - Nominal
Pos. Tol.,POS_12,PTOL,3.621,0.000,3.621,0.000,5.171,,CIR_12/NOMINAL - CS_ABC - C-Zone - XZ - Nominal
Pos. Tol.,POS_13,PTOL,3.618,0.000,3.618,0.000,5.171,,CIR_13/NOMINAL - CS_ABC - C-Zone - XZ - Nominal
Pos. Tol.,POS_14,PTOL,2.384,0.000,2.384,0.000,4.171,,CIR_14/NOMINAL - CS_ABC - C-Zone - XZ - Nominal
Pos. Tol.,POS_22,PTOL,4.691,0.000,4.691,0.000,6.171,,SLOT_22/NOMINAL - CS_ABC - C-Zone - XY - Nominal
Pos. Tol.,POS_9,PTOL,6.270,0.000,6.270,0.000,7.171,,CIR_9/NOMINAL - CS_ABC - C-Zone - XYZ - Nominal
Pos. Tol.,POS_25,PTOL,4.701,0.000,4.701,0.000,7.171,,CIR_25/NOMINAL - CS_ABC - C-Zone - XY - Nominal
Pos. Tol.,POS_26,PTOL,4.797,0.000,4.797,0.000,6.171,,CIR_26/NOMINAL - CS_ABC - C-Zone - XY - Nominal
Distance,HEIGHT_B,D1,6.162,6.450,-0.288,-0.100,0.100,-0.188,PNT_TOP_B - PL_FIXTURE / CS_ABC
Distance,HEIGHT_C,D1,6.300,6.450,-0.150,-0.100,0.100,-0.050,PNT_TOP_C - PL_FIXTURE / CS_ABC
Circle,CIR2,X,-16.805,-16.500,-0.305,,,,From 4 Pts On PL_FIXTURE
Circle,CIR2,Z,-351.427,-351.600,0.173,,,,
Circle,CIR1,X,54.484,54.400,0.084,,,,From 4 Pts On PL_FIXTURE
Circle,CIR1,Z,-346.502,-346.600,0.098,,,,
Circle,CIR6,X,54.038,54.400,-0.362,,,,From 4 Pts On PL_FIXTURE
Circle,CIR6,Z,-240.475,-240.600,0.125,,,,
Circle,CIR5,X,54.321,54.400,-0.079,,,,From 4 Pts On PL_FIXTURE
Circle,CIR5,Z,-134.574,-134.600,0.027,,,,
Circle,CIR4,X,54.289,54.400,-0.111,,,,From 4 Pts On PL_FIXTURE
Circle,CIR4,Z,-27.049,-27.100,0.052,,,,
Circle,CIR3,X,-16.627,-16.500,-0.127,,,,From 4 Pts On PL_FIXTURE
Circle,CIR3,Z,-0.978,-1.100,0.123,,,,
Circle,CIR32,X,-30.569,-30.200,-0.369,,,,From 4 Pts On PL_FIXTURE
Circle,CIR32,Z,-124.288,-124.300,0.012,,,,
Circle,CIR31,X,-30.371,-30.200,-0.171,,,,From 4 Pts On PL_FIXTURE
Circle,CIR31,Z,-230.341,-230.300,-0.041,,,,
Distance,DEPTH_TB1,D1,5.033,5.000,0.033,-0.250,0.250,,TB_BOT_1.1 - PL_D / CS_DE
Distance,DEPTH_TB2,D1,4.902,5.000,-0.098,-0.250,0.250,,TB_BOT_1.2 - PL_D / CS_DE
Distance,DEPTH_TB3,D1,4.943,5.000,-0.057,-0.250,0.250,,TB_BOT_1.3 - PL_D / CS_DE
Distance,DEPTH_TB4,D1,4.858,5.000,-0.142,-0.250,0.250,,TB_BOT_1.4 - PL_D / CS_DE
Distance,DEPTH_TB5,D1,5.035,5.000,0.035,-0.250,0.250,,TB_BOT_1.5 - PL_D / CS_DE
Distance,DEPTH_TB6,D1,4.943,5.000,-0.057,-0.250,0.250,,TB_BOT_1.6 - PL_D / CS_DE
Distance,DEPTH_TB7,D1,4.992,5.000,-0.008,-0.250,0.250,,TB_BOT_1.7 - PL_D / CS_DE
Distance,DEPTH_TB8,D1,4.972,5.000,-0.028,-0.250,0.250,,TB_BOT_1.8 - PL_D / CS_DE
Distance,PROF_RECESS_SURFACE_TB,D1,0.762,0.650,0.112,0.000,0.750,,PL_PLAST_RECESS_TB - PL_D / CS_DE
Distance,OP1_DEPTH_1,D1,6.236,6.000,0.236,-0.250,0.250,,OP1_PT1_DEPTH - PL_FIXTURE / OP1CS
Distance,OP1_DEPTH_2,D1,5.966,6.000,-0.034,-0.250,0.250,,OP1_PT2_DEPTH - PL_FIXTURE / OP1CS
Distance,OP1_DEPTH_3,D1,5.993,6.000,-0.007,-0.250,0.250,,OP1_PT3_DEPTH - PL_FIXTURE / OP1CS
Distance,OP1_DEPTH_4,D1,6.014,6.000,0.014,-0.250,0.250,,OP1_PT4_DEPTH - PL_FIXTURE / OP1CS
Distance,OP1_DEPTH_5,D1,6.010,6.000,0.010,-0.250,0.250,,OP1_PT5_DEPTH - PL_FIXTURE / OP1CS
Distance,OP1_DEPTH_6,D1,6.112,6.000,0.112,-0.250,0.250,,OP1_PT6_DEPTH - PL_FIXTURE / OP1CS
Distance,OP1_DEPTH_7,D1,6.268,6.000,0.268,-0.250,0.250,0.018,OP1_PT7_DEPTH - PL_FIXTURE / OP1CS
Distance,OP2_DEPTH_1,D1,6.000,6.000,-0.000,-0.250,0.250,,OP2_PT1_DEPTH - PL_FIXTURE / OP2CS
Distance,OP2_DEPTH_2,D1,5.972,6.000,-0.028,-0.250,0.250,,OP2_PT2_DEPTH - PL_FIXTURE / OP2CS
Distance,OP2_DEPTH_3,D1,5.979,6.000,-0.021,-0.250,0.250,,OP2_PT3_DEPTH - PL_FIXTURE / OP2CS
Distance,OP2_DEPTH_4,D1,5.977,6.000,-0.023,-0.250,0.250,,OP2_PT4_DEPTH - PL_FIXTURE / OP2CS
Distance,OP2_DEPTH_5,D1,5.878,6.000,-0.122,-0.250,0.250,,OP2_PT5_DEPTH - PL_FIXTURE / OP2CS
Distance,OP2_DEPTH_6,D1,6.013,6.000,0.013,-0.250,0.250,,OP2_PT6_DEPTH - PL_FIXTURE / OP2CS
Distance,OP2_DEPTH_7,D1,6.093,6.000,0.093,-0.250,0.250,,OP2_PT7_DEPTH - PL_FIXTURE / OP2CS
Distance,OP3_DEPTH_3,D1,5.984,6.000,-0.016,-0.250,0.250,,OP3_PT3_DEPTH - PL_FIXTURE / OP3CS
Distance,OP3_DEPTH_4,D1,6.030,6.000,0.030,-0.250,0.250,,OP3_PT4_DEPTH - PL_FIXTURE / OP3CS
Distance,OP3_DEPTH_5,D1,5.899,6.000,-0.101,-0.250,0.250,,OP3_PT5_DEPTH - PL_FIXTURE / OP3CS
Distance,OP3_DEPTH_6,D1,5.893,6.000,-0.107,-0.250,0.250,,OP3_PT6_DEPTH - PL_FIXTURE / OP3CS
Distance,OP4_DEPTH_1,D1,6.028,6.000,0.028,-0.250,0.250,,OP4_PT1_DEPTH - PL_FIXTURE / OP4CS
Distance,OP4_DEPTH_2,D1,6.132,6.000,0.132,-0.250,0.250,,OP4_PT2_DEPTH - PL_FIXTURE / OP4CS
Distance,OP4_DEPTH_3,D1,6.095,6.000,0.095,-0.250,0.250,,OP4_PT3_DEPTH - PL_FIXTURE / OP4CS
Distance,OP4_DEPTH_4,D1,6.032,6.000,0.032,-0.250,0.250,,OP4_PT4_DEPTH - PL_FIXTURE / OP4CS
Distance,OP4_DEPTH_5,D1,5.865,6.000,-0.135,-0.250,0.250,,OP4_PT5_DEPTH - PL_FIXTURE / OP4CS
Distance,OP4_DEPTH_6,D1,6.049,6.000,0.049,-0.250,0.250,,OP4_PT6_DEPTH - PL_FIXTURE / OP4CS
Distance,OP4_DEPTH_7,D1,6.110,6.000,0.110,-0.250,0.250,,OP4_PT7_DEPTH - PL_FIXTURE / OP4CS
Distance,OP5_DEPTH_3,D1,6.015,6.000,0.015,-0.250,0.250,,OP5_PT3_DEPTH - PL_FIXTURE / OP5CS
Distance,OP5_DEPTH_4,D1,6.151,6.000,0.151,-0.250,0.250,,OP5_PT4_DEPTH - PL_FIXTURE / OP5CS
Distance,OP5_DEPTH_5,D1,5.831,6.000,-0.169,-0.250,0.250,,OP5_PT5_DEPTH - PL_FIXTURE / OP5CS
Distance,OP5_DEPTH_6,D1,6.010,6.000,0.010,-0.250,0.250,,OP5_PT6_DEPTH - PL_FIXTURE / OP5CS
Distance,OP5_DEPTH_7,D1,5.998,6.000,-0.002,-0.250,0.250,,OP5_PT7_DEPTH - PL_FIXTURE / OP5CS
Distance,OP6_DEPTH_1,D1,6.029,6.000,0.029,-0.250,0.250,,OP6_PT1_DEPTH - PL_FIXTURE / OP6CS
Distance,OP6_DEPTH_2,D1,6.084,6.000,0.084,-0.250,0.250,,OP6_PT2_DEPTH - PL_FIXTURE / OP6CS
Distance,OP6_DEPTH_3,D1,6.053,6.000,0.053,-0.250,0.250,,OP6_PT3_DEPTH - PL_FIXTURE / OP6CS
Distance,OP6_DEPTH_4,D1,6.151,6.000,0.151,-0.250,0.250,,OP6_PT4_DEPTH - PL_FIXTURE / OP6CS
Distance,OP6_DEPTH_5,D1,6.206,6.000,0.206,-0.250,0.250,,OP6_PT5_DEPTH - PL_FIXTURE / OP6CS
Distance,OP6_DEPTH_6,D1,6.197,6.000,0.197,-0.250,0.250,,OP6_PT6_DEPTH - PL_FIXTURE / OP6CS
Distance,OP6_DEPTH_7,D1,6.176,6.000,0.176,-0.250,0.250,,OP6_PT7_DEPTH - PL_FIXTURE / OP6CS
Circle,CIR_25,X,-118.311,-120.300,1.989,,,,Inters. PL_PLAST_25 - CYL_25.
Circle,CIR_25,Y,86.148,87.400,-1.252,,,,
Circle,CIR_25,Z,178.412,179.200,-0.788,,,,
Circle,CIR_26,X,-156.800,-158.500,1.700,,,,Inters. PL_PLAST_26 - CYL_26.
Circle,CIR_26,Y,120.408,122.100,-1.692,,,,
Circle,CIR_26,Z,160.400,160.700,-0.300,,,,
Circle,CIR_9,X,-269.517,-270.700,1.184,,,,Inters. PL_PLAST_9 - CYL_9.
Circle,CIR_9,Y,86.836,89.700,-2.864,,,,
Circle,CIR_9,Z,88.775,88.300,0.475,,,,
Circle,CIR_11,DIAM,8.022,8.000,0.022,-0.200,0.200,,Criterion : Least Square (From 8 Pts On PL_PLAST_11) 
Circle,CIR_11,X,-269.676,-270.600,0.924,,,,
Circle,CIR_11,Y,60.374,62.700,-2.326,,,,
Circle,CIR_11,Z,52.534,51.400,1.134,,,,
Circle,CIR_12,DIAM,8.024,8.000,0.024,-0.200,0.200,,Criterion : Least Square (From 8 Pts On PL_PLAST_12) 
Circle,CIR_12,X,-291.239,-290.600,-0.639,,,,
Circle,CIR_12,Y,59.449,62.700,-3.251,,,,
Circle,CIR_12,Z,-146.906,-148.600,1.694,,,,
Circle,CIR_13,DIAM,6.867,6.800,0.067,-0.200,0.200,,Criterion : Least Square (From 8 Pts On PL_PLAST_13) 
Circle,CIR_13,X,-175.565,-174.700,-0.865,,,,
Circle,CIR_13,Y,85.297,86.600,-1.303,,,,
Circle,CIR_13,Z,-372.011,-373.600,1.589,,,,
Circle,CIR_14,DIAM,6.929,6.800,0.129,-0.200,0.200,,Criterion : Least Square (From 8 Pts On PL_PLAST_14) 
Circle,CIR_14,X,13.585,14.500,-0.915,,,,
Circle,CIR_14,Y,35.650,36.000,-0.350,,,,
Circle,CIR_14,Z,-374.836,-375.600,0.764,,,,
Circle,CIR_10,DIAM,6.920,6.800,0.120,-0.200,0.200,,Criterion : Least Square (From 8 Pts On PL_PLAST_10) 
Circle,CIR_10,X,-50.478,-50.100,-0.378,,,,
Circle,CIR_10,Y,127.451,127.700,-0.249,,,,
Circle,CIR_10,Z,-8.901,-8.600,-0.301,,,,
Slot,SLOT_22,LEN,12.612,12.500,0.112,-0.200,0.200,,Criterion : Least Square (From 12 Pts On PL_PLAST_22) 
Slot,SLOT_22,WID,6.593,6.500,0.093,-0.200,0.200,,
Slot,SLOT_22,X,-131.273,-132.730,1.457,,,,
Slot,SLOT_22,Y,103.262,105.100,-1.838,,,,
Slot,SLOT_22,Z,128.269,128.800,-0.531,,,,
Distance,DEPTH_15,D1,22.188,22.000,0.188,0.000,8.000,,PNT_DEPTH_15 - PL_INS_15 / CS_SRF_TEMP_15.2
