Feat. Type,Feat. Name,Value,Actual,Nominal,Dev.,Tol-,Tol+,Out of Tol.,Comment
Text/Value,VAR_PROGRAM,VAL,,,,,,,'N:\Metrolog XG\Programmes\Ford Transmission Pan 10R80\Ford Transmission Pan 10R80 Complete Cavit� 1 (Module_51).gm2'
Text/Value,VAR_EVENEMENT,VAL,,,,,,,'FIP .....'
Text/Value,VAR_COMMENTAIRES,VAL,,,,,,,'298 B'
Text/Value,PROFILE_A,VAL,0.181806,0.000000,0.181806,0.000000,0.280000,,
Circle,CIR_1,DIAM,7.0975,7.1000,-0.0025,-0.1000,0.1000,,Criterion : Least Square (From 4 Pts On PL_FIXTURE) 
Circle,CIR_1,X,0.0000,0.0000,0.0000,,,,
Circle,CIR_1,Z,0.0000,0.0000,0.0000,,,,
Circle,CIR_2,DIAM,7.1050,7.1000,0.0050,-0.1000,0.1000,,Criterion : Least Square (From 4 Pts On PL_FIXTURE) 
Circle,CIR_2,X,-80.0895,-80.1000,0.0105,,,,
Circle,CIR_2,Z,-2.7319,-2.8000,0.0681,,,,
Circle,CIR_3,DIAM,7.1080,7.1000,0.0080,-0.1000,0.1000,,Criterion : Least Square (From 4 Pts On PL_FIXTURE) 
Circle,CIR_3,X,-170.0671,-170.1000,0.0329,,,,
Circle,CIR_3,Z,-2.7184,-2.8000,0.0816,,,,
Circle,CIR_4,DIAM,8.0610,8.0000,0.0610,-0.1000,0.1000,,Criterion : Least Square (From 4 Pts On PL_FIXTURE) 
Circle,CIR_4,X,-224.4504,-224.5000,0.0496,,,,
Circle,CIR_4,Z,-4.4969,-4.6000,0.1031,,,,
Circle,CIR_5,DIAM,7.1052,7.1000,0.0052,-0.1000,0.1000,,Criterion : Least Square (From 4 Pts On PL_FIXTURE) 
Circle,CIR_5,X,-249.4077,-249.5000,0.0923,,,,
Circle,CIR_5,Z,-1.5294,-1.6000,0.0706,,,,
Circle,CIR_6,DIAM,7.1041,7.1000,0.0041,-0.1000,0.1000,,Criterion : Least Square (From 4 Pts On PL_FIXTURE) 
Circle,CIR_6,X,-272.5641,-272.7000,0.1359,,,,
Circle,CIR_6,Z,78.1745,78.1000,0.0745,,,,
Circle,CIR_7,DIAM,7.1046,7.1000,0.0046,-0.1000,0.1000,,Criterion : Least Square (From 4 Pts On PL_FIXTURE) 
Circle,CIR_7,X,-272.4012,-272.7000,0.2988,,,,
Circle,CIR_7,Z,157.1703,157.1000,0.0703,,,,
Circle,CIR_8,DIAM,7.1020,7.1000,0.0020,-0.1000,0.1000,,Criterion : Least Square (From 4 Pts On PL_FIXTURE) 
Circle,CIR_8,X,-272.5048,-272.7000,0.1952,,,,
Circle,CIR_8,Z,236.0375,236.1000,-0.0625,,,,
Circle,CIR_9,DIAM,7.1066,7.1000,0.0066,-0.1000,0.1000,,Criterion : Least Square (From 4 Pts On PL_FIXTURE) 
Circle,CIR_9,X,-272.4451,-272.6785,0.2334,,,,
Circle,CIR_9,Z,314.9350,315.1396,-0.2046,,,,
Circle,CIR_10,DIAM,7.1056,7.1000,0.0056,-0.1000,0.1000,,Criterion : Least Square (From 4 Pts On PL_FIXTURE) 
Circle,CIR_10,X,-272.6728,-272.7000,0.0272,,,,
Circle,CIR_10,Z,393.9512,394.1000,-0.1488,,,,
Circle,CIR_11,DIAM,7.1068,7.1000,0.0068,-0.1000,0.1000,,Criterion : Least Square (From 4 Pts On PL_FIXTURE) 
Circle,CIR_11,X,-254.5282,-254.6000,0.0718,,,,
Circle,CIR_11,Z,463.4692,463.6000,-0.1308,,,,
Circle,CIR_12,DIAM,7.1073,7.1000,0.0073,-0.1000,0.1000,,Criterion : Least Square (From 4 Pts On PL_FIXTURE) 
Circle,CIR_12,X,-167.0113,-166.9000,-0.1113,,,,
Circle,CIR_12,Z,474.5531,474.6000,-0.0469,,,,
Circle,CIR_13,DIAM,7.1061,7.1000,0.0061,-0.1000,0.1000,,Criterion : Least Square (From 4 Pts On PL_FIXTURE) 
Circle,CIR_13,X,-79.4236,-79.3000,-0.1236,,,,
Circle,CIR_13,Z,474.5569,474.6000,-0.0431,,,,
Circle,CIR_14,DIAM,8.0499,8.0000,0.0499,-0.1000,0.1000,,Criterion : Least Square (From 4 Pts On PL_FIXTURE) 
Circle,CIR_14,X,-19.5706,-19.5000,-0.0706,,,,
Circle,CIR_14,Z,473.2486,473.4000,-0.1514,,,,
Circle,CIR_15,DIAM,7.1029,7.1000,0.0029,-0.1000,0.1000,,Criterion : Least Square (From 4 Pts On PL_FIXTURE) 
Circle,CIR_15,X,8.3330,8.3000,0.0330,,,,
Circle,CIR_15,Z,470.4684,470.6000,-0.1316,,,,
Circle,CIR_16,DIAM,7.0763,7.1000,-0.0237,-0.1000,0.1000,,Criterion : Least Square (From 4 Pts On PL_FIXTURE) 
Circle,CIR_16,X,17.4081,17.3000,0.1081,,,,
Circle,CIR_16,Z,387.3019,387.4000,-0.0981,,,,
Circle,CIR_17,DIAM,7.1053,7.1000,0.0053,-0.1000,0.1000,,Criterion : Least Square (From 4 Pts On PL_FIXTURE) 
Circle,CIR_17,X,17.3608,17.3000,0.0608,,,,
Circle,CIR_17,Z,304.1435,304.2000,-0.0565,,,,
Circle,CIR_18,DIAM,7.1090,7.1000,0.0090,-0.1000,0.1000,,Criterion : Least Square (From 4 Pts On PL_FIXTURE) 
Circle,CIR_18,X,17.3719,17.3000,0.0719,,,,
Circle,CIR_18,Z,227.9237,228.0000,-0.0763,,,,
Circle,CIR_19,DIAM,7.1077,7.1000,0.0077,-0.1000,0.1000,,Criterion : Least Square (From 4 Pts On PL_FIXTURE) 
Circle,CIR_19,X,17.4484,17.3000,0.1484,,,,
Circle,CIR_19,Z,152.0217,152.0000,0.0217,,,,
Circle,CIR_20,DIAM,7.1026,7.1000,0.0026,-0.1000,0.1000,,Criterion : Least Square (From 4 Pts On PL_FIXTURE) 
Circle,CIR_20,X,17.7159,17.3000,0.4159,,,,
Circle,CIR_20,Z,75.9977,76.0000,-0.0023,,,,
Pos. Tol.,POS_1,PTOL,0.0000,0.0000,0.0000,0.0975,0.8975,,CIR_1(M)/NOMINAL - CS_ABC - C-Zone - XZ - Nominal
Pos. Tol.,POS_2,PTOL,0.1378,0.0000,0.1378,0.2025,1.0025,,CIR_2(M)/NOMINAL(M) - CS_ABC - C-Zone - XZ - Nominal
Pos. Tol.,POS_3,PTOL,0.1759,0.0000,0.1759,0.2055,1.0055,,CIR_3(M)/NOMINAL(M) - CS_ABC - C-Zone - XZ - Nominal
Pos. Tol.,POS_4,PTOL,0.2288,0.0000,0.2288,0.2585,1.0585,,CIR_4(M)/NOMINAL(M) - CS_ABC - C-Zone - XZ - Nominal
Pos. Tol.,POS_5,PTOL,0.2325,0.0000,0.2325,0.2027,1.0027,,CIR_5(M)/NOMINAL(M) - CS_ABC - C-Zone - XZ - Nominal
Pos. Tol.,POS_6,PTOL,0.3099,0.0000,0.3099,0.2016,1.0016,,CIR_6(M)/NOMINAL(M) - CS_ABC - C-Zone - XZ - Nominal
Pos. Tol.,POS_7,PTOL,0.6138,0.0000,0.6138,0.2022,1.0022,,CIR_7(M)/NOMINAL(M) - CS_ABC - C-Zone - XZ - Nominal
Pos. Tol.,POS_8,PTOL,0.4099,0.0000,0.4099,0.1995,0.9995,,CIR_8(M)/NOMINAL(M) - CS_ABC - C-Zone - XZ - Nominal
Pos. Tol.,POS_9,PTOL,0.6208,0.0000,0.6208,0.2041,1.0041,,CIR_9(M)/NOMINAL(M) - CS_ABC - C-Zone - XZ - Nominal
Pos. Tol.,POS_10,PTOL,0.3025,0.0000,0.3025,0.2031,1.0031,,CIR_10(M)/NOMINAL(M) - CS_ABC - C-Zone - XZ - Nominal
Pos. Tol.,POS_11,PTOL,0.2985,0.0000,0.2985,0.2043,1.0043,,CIR_11(M)/NOMINAL(M) - CS_ABC - C-Zone - XZ - Nominal
Pos. Tol.,POS_12,PTOL,0.2415,0.0000,0.2415,0.2048,1.0048,,CIR_12(M)/NOMINAL(M) - CS_ABC - C-Zone - XZ - Nominal
Pos. Tol.,POS_13,PTOL,0.2618,0.0000,0.2618,0.2036,1.0036,,CIR_13(M)/NOMINAL(M) - CS_ABC - C-Zone - XZ - Nominal
Pos. Tol.,POS_14,PTOL,0.3340,0.0000,0.3340,0.2474,1.0474,,CIR_14(M)/NOMINAL(M) - CS_ABC - C-Zone - XZ - Nominal
Pos. Tol.,POS_15,PTOL,0.2714,0.0000,0.2714,0.2004,1.0004,,CIR_15(M)/NOMINAL(M) - CS_ABC - C-Zone - XZ - Nominal
Pos. Tol.,POS_16,PTOL,0.2920,0.0000,0.2920,0.1738,0.9738,,CIR_16(M)/NOMINAL(M) - CS_ABC - C-Zone - XZ - Nominal
Pos. Tol.,POS_17,PTOL,0.1661,0.0000,0.1661,0.2029,1.0029,,CIR_17(M)/NOMINAL(M) - CS_ABC - C-Zone - XZ - Nominal
Pos. Tol.,POS_18,PTOL,0.2096,0.0000,0.2096,0.2065,1.0065,,CIR_18(M)/NOMINAL(M) - CS_ABC - C-Zone - XZ - Nominal
Pos. Tol.,POS_19,PTOL,0.3000,0.0000,0.3000,0.2052,1.0052,,CIR_19(M)/NOMINAL(M) - CS_ABC - C-Zone - XZ - Nominal
Pos. Tol.,POS_20,PTOL,0.8318,0.0000,0.8318,0.2001,1.0001,,CIR_20(M)/NOMINAL(M) - CS_ABC - C-Zone - XZ - Nominal
Perpend.,PERP_B,PERP,0.0296,0.0000,0.0296,0.0968,0.2268,,CYL_B(M)/PL_FIXTURE - C-Zone - Cloud of Points 
Profile of Line,PROFILE_INSIDE_PAN_AT_GAGE,PRFL,2.5746,0.0000,2.5746,0.0000,3.0000,,SECTION_INSIDE_2.5MM
Circle,CIR_21,DIAM,18.8713,18.9500,-0.0787,-0.1300,0.1000,,Criterion : Least Square (From 20 Pts On PL_PLAST_TOP_21) 
Circle,CIR_21,X,-94.5393,-94.5000,-0.0393,,,,
Circle,CIR_21,Z,123.4745,123.4000,0.0745,,,,
Circle,CIR_21_OD,DIAM,21.3735,21.4000,-0.0265,-0.1000,0.1000,,Proj. CIR_21_OD / PL_DATUM_E.
Pos. Tol.,POS_21,PTOL,0.1684,0.0000,0.1684,0.0000,1.0000,,CIR_21/NOMINAL - CS_ABC - C-Zone - XZ - Nominal
Coaxiality,CONCENTRICITY_21,COAX,0.0568,0.0000,0.0568,0.0000,0.3000,,CIR_21_OD/CYL_D - C-Zone - Nominal
Distance,PROF_22.1,D1,10.5278,10.3000,0.2278,-0.2500,0.2500,,SRF_21.1 - PL_DATUM_E / CS_SRF_BF
Distance,PROF_22.2,D1,10.3163,10.3000,0.0163,-0.2500,0.2500,,SRF_21.2 - PL_DATUM_E / CS_SRF_BF
Distance,PROF_22.3,D1,10.3261,10.3000,0.0261,-0.2500,0.2500,,SRF_21.3 - PL_DATUM_E / CS_SRF_BF
Distance,PROF_22.4,D1,10.4425,10.3000,0.1425,-0.2500,0.2500,,SRF_21.4 - PL_DATUM_E / CS_SRF_BF
Distance,PROF_22.5,D1,10.3277,10.3000,0.0277,-0.2500,0.2500,,SRF_21.5 - PL_DATUM_E / CS_SRF_BF
Distance,PROF_22.6,D1,10.2669,10.3000,-0.0331,-0.2500,0.2500,,SRF_21.6 - PL_DATUM_E / CS_SRF_BF
Distance,PROF_22.7,D1,10.3442,10.3000,0.0442,-0.2500,0.2500,,SRF_21.7 - PL_DATUM_E / CS_SRF_BF
Distance,PROF_22.8,D1,10.4767,10.3000,0.1767,-0.2500,0.2500,,SRF_21.8 - PL_DATUM_E / CS_SRF_BF
Distance,PROF_E.1,D1,177.5777,178.5579,-0.9802,,,,SRF_E.1 - ORIGIN / CS_SRF_BF
Distance,PROF_E.1,Y,60.9503,61.4000,-0.4497,-2.0000,1.0000,,
Distance,PROF_E.2,D1,179.4675,180.4239,-0.9564,,,,SRF_E.2 - ORIGIN / CS_SRF_BF
Distance,PROF_E.2,Y,61.0341,61.4000,-0.3659,-2.0000,1.0000,,
Distance,PROF_E.3,D1,181.1821,182.1162,-0.9342,,,,SRF_E.3 - ORIGIN / CS_SRF_BF
Distance,PROF_E.3,Y,61.1058,61.4000,-0.2942,-2.0000,1.0000,,
Distance,PROF_E.4,D1,155.0176,156.1536,-1.1359,,,,SRF_E.4 - ORIGIN / CS_SRF_BF
Distance,PROF_E.4,Y,60.6128,61.4000,-0.7872,-2.0000,1.0000,,
Distance,PROF_E.5,D1,153.1689,154.3027,-1.1339,,,,SRF_E.5 - ORIGIN / CS_SRF_BF
Distance,PROF_E.5,Y,60.6383,61.4000,-0.7617,-2.0000,1.0000,,
Distance,PROF_E.6,D1,151.5231,152.6593,-1.1362,,,,SRF_E.6 - ORIGIN / CS_SRF_BF
Distance,PROF_E.6,Y,60.6509,61.4000,-0.7491,-2.0000,1.0000,,
Distance,PROF_E.7,D1,168.9376,170.1754,-1.2378,,,,SRF_E.7 - ORIGIN / CS_SRF_BF
Distance,PROF_E.7,Y,60.0345,61.4000,-1.3655,-2.0000,1.0000,,
Distance,PROF_E.8,D1,169.3243,170.5848,-1.2605,,,,SRF_E.8 - ORIGIN / CS_SRF_BF
Distance,PROF_E.8,Y,59.9593,61.4000,-1.4407,-2.0000,1.0000,,
Distance,PROF_E.9,D1,169.7056,170.4743,-0.7687,,,,SRF_E.9 - ORIGIN / CS_SRF_BF
Distance,PROF_E.9,Y,59.8769,61.4000,-1.5231,-2.0000,1.0000,,
Section,SECTION_ZONE_1,MAX,1.2091,0.0000,1.2091,-2.5000,1.5000,,15 Pts [0 < LT ; LT < 15 < UT ;  0 > UL]
Section,SECTION_ZONE_1,MIN,-0.3708,0.0000,-0.3708,-2.5000,1.5000,,
Section,SECTION_ZONE_2,MAX,-1.1402,0.0000,-1.1402,-3.0000,1.0000,,7 Pts [0 < LT ; LT < 7 < UT ;  0 > UL]
Section,SECTION_ZONE_2,MIN,-1.7475,0.0000,-1.7475,-3.0000,1.0000,,
Section,SECTION_ZONE_3,MAX,-4.2654,0.0000,-4.2654,-5.0000,1.0000,,1 Pts [0 < LT ; LT < 1 < UT ;  0 > UL]
Section,SECTION_ZONE_3,MIN,-4.2654,0.0000,-4.2654,-5.0000,1.0000,,
Circle,CIR_22,DIAM,6.4416,6.3500,0.0916,-0.1000,0.1000,,Criterion : Least Square (From 6 Pts On PL_PLAST_22) 
Circle,CIR_22,Y,7.1082,7.0000,0.1082,,,,
Circle,CIR_22,Z,429.5659,429.3000,0.2659,,,,
Circle,CIR_23,DIAM,6.3510,6.3500,0.0010,-0.1000,0.1000,,Criterion : Least Square (From 6 Pts On PL_PLAST_23) 
Circle,CIR_23,Y,7.0447,7.0000,0.0447,,,,
Circle,CIR_23,Z,354.7257,354.4000,0.3257,,,,
Circle,CIR_24,DIAM,6.4028,6.3500,0.0528,-0.1000,0.1000,,Criterion : Least Square (From 6 Pts On PL_PLAST_24) 
Circle,CIR_24,Y,6.9136,7.0000,-0.0864,,,,
Circle,CIR_24,Z,196.9791,196.6000,0.3791,,,,
Circle,CIR_25,DIAM,6.4086,6.3500,0.0586,-0.1000,0.1000,,Criterion : Least Square (From 6 Pts On PL_PLAST_25) 
Circle,CIR_25,Y,6.9758,7.0000,-0.0242,,,,
Circle,CIR_25,Z,28.6826,28.6000,0.0826,,,,
Circle,CIR_26,DIAM,6.3968,6.3500,0.0468,-0.1000,0.1000,,Criterion : Least Square (From 6 Pts On PL_PLAST_26) 
Circle,CIR_26,Y,6.9688,7.0000,-0.0312,,,,
Circle,CIR_26,Z,265.9947,266.1000,-0.1053,,,,
Circle,CIR_27,DIAM,6.4513,6.3500,0.1013,-0.1000,0.1000,0.0013,Criterion : Least Square (From 6 Pts On PL_PLAST_27) 
Circle,CIR_27,Y,7.0155,7.0000,0.0155,,,,
Circle,CIR_27,Z,345.6489,345.8000,-0.1511,,,,
Circle,CIR_28,DIAM,6.4143,6.3500,0.0643,-0.1000,0.1000,,Criterion : Least Square (From 6 Pts On PL_PLAST_28) 
Circle,CIR_28,Y,6.9858,7.0000,-0.0142,,,,
Circle,CIR_28,Z,429.0152,429.0000,0.0152,,,,
Pos. Tol.,POS_22,PTOL,0.5740,0.0000,0.5740,0.0000,1.0000,,CIR_22/NOMINAL - CS_ABC - C-Zone - YZ - Nominal
Pos. Tol.,POS_23,PTOL,0.6575,0.0000,0.6575,0.0000,1.0000,,CIR_23/NOMINAL - CS_ABC - C-Zone - YZ - Nominal
Pos. Tol.,POS_24,PTOL,0.7776,0.0000,0.7776,0.0000,1.0000,,CIR_24/NOMINAL - CS_ABC - C-Zone - YZ - Nominal
Pos. Tol.,POS_25,PTOL,0.1721,0.0000,0.1721,0.0000,1.0000,,CIR_25/NOMINAL - CS_ABC - C-Zone - YZ - Nominal
Pos. Tol.,POS_26,PTOL,0.2196,0.0000,0.2196,0.0000,1.0000,,CIR_26/NOMINAL - CS_ABC - C-Zone - YZ - Nominal
Pos. Tol.,POS_27,PTOL,0.3038,0.0000,0.3038,0.0000,1.0000,,CIR_27/NOMINAL - CS_ABC - C-Zone - YZ - Nominal
Pos. Tol.,POS_28,PTOL,0.0416,0.0000,0.0416,0.0000,1.0000,,CIR_28/NOMINAL - CS_ABC - C-Zone - YZ - Nominal
