Feat. Type,Feat. Name,Value,Actual,Nominal,Dev.,Tol-,Tol+,Out of Tol.,Comment
Text/Value,VAR_PROGRAM,VAL,,,,,,,'N:\Metrolog XG\Programmes\Ford Transmission Pan 10R80\Ford Transmission Pan 10R80 Complete Cavit� 2 (Module_51).gm2'
Text/Value,VAR_EVENEMENT,VAL,,,,,,,'FIP ?'
Text/Value,VAR_COMMENTAIRES,VAL,,,,,,,'298 B'
Text/Value,PROFILE_A,VAL,0.197413,0.000000,0.197413,0.000000,0.280000,,
Circle,CIR_1,DIAM,7.1032,7.1000,0.0032,-0.1000,0.1000,,Criterion : Least Square (From 4 Pts On PL_FIXTURE) 
Circle,CIR_1,X,0.0000,0.0000,0.0000,,,,
Circle,CIR_1,Z,0.0000,0.0000,0.0000,,,,
Circle,CIR_2,DIAM,7.1019,7.1000,0.0019,-0.1000,0.1000,,Criterion : Least Square (From 4 Pts On PL_FIXTURE) 
Circle,CIR_2,X,-80.1131,-80.1000,-0.0131,,,,
Circle,CIR_2,Z,-3.0478,-2.8000,-0.2478,,,,
Circle,CIR_3,DIAM,7.1076,7.1000,0.0076,-0.1000,0.1000,,Criterion : Least Square (From 4 Pts On PL_FIXTURE) 
Circle,CIR_3,X,-170.1255,-170.1000,-0.0255,,,,
Circle,CIR_3,Z,-2.9267,-2.8000,-0.1267,,,,
Circle,CIR_4,DIAM,8.0625,8.0000,0.0625,-0.1000,0.1000,,Criterion : Least Square (From 4 Pts On PL_FIXTURE) 
Circle,CIR_4,X,-224.6676,-224.5000,-0.1676,,,,
Circle,CIR_4,Z,-4.4456,-4.6000,0.1544,,,,
Circle,CIR_5,DIAM,7.0999,7.1000,-0.0001,-0.1000,0.1000,,Criterion : Least Square (From 4 Pts On PL_FIXTURE) 
Circle,CIR_5,X,-249.6076,-249.5000,-0.1076,,,,
Circle,CIR_5,Z,-1.6771,-1.6000,-0.0771,,,,
Circle,CIR_6,DIAM,7.0963,7.1000,-0.0037,-0.1000,0.1000,,Criterion : Least Square (From 4 Pts On PL_FIXTURE) 
Circle,CIR_6,X,-273.0216,-272.7000,-0.3216,,,,
Circle,CIR_6,Z,78.1031,78.1000,0.0031,,,,
Circle,CIR_7,DIAM,7.1091,7.1000,0.0091,-0.1000,0.1000,,Criterion : Least Square (From 4 Pts On PL_FIXTURE) 
Circle,CIR_7,X,-272.9939,-272.7000,-0.2939,,,,
Circle,CIR_7,Z,156.9647,157.1000,-0.1353,,,,
Circle,CIR_8,DIAM,7.1032,7.1000,0.0032,-0.1000,0.1000,,Criterion : Least Square (From 4 Pts On PL_FIXTURE) 
Circle,CIR_8,X,-272.7998,-272.7000,-0.0998,,,,
Circle,CIR_8,Z,236.0466,236.1000,-0.0534,,,,
Circle,CIR_9,DIAM,7.1056,7.1000,0.0056,-0.1000,0.1000,,Criterion : Least Square (From 4 Pts On PL_FIXTURE) 
Circle,CIR_9,X,-272.8408,-272.6785,-0.1622,,,,
Circle,CIR_9,Z,315.1019,315.1396,-0.0376,,,,
Circle,CIR_10,DIAM,7.0895,7.1000,-0.0105,-0.1000,0.1000,,Criterion : Least Square (From 4 Pts On PL_FIXTURE) 
Circle,CIR_10,X,-272.8114,-272.7000,-0.1114,,,,
Circle,CIR_10,Z,394.1262,394.1000,0.0262,,,,
Circle,CIR_11,DIAM,7.1005,7.1000,0.0005,-0.1000,0.1000,,Criterion : Least Square (From 4 Pts On PL_FIXTURE) 
Circle,CIR_11,X,-254.6028,-254.6000,-0.0028,,,,
Circle,CIR_11,Z,463.6052,463.6000,0.0052,,,,
Circle,CIR_12,DIAM,7.1012,7.1000,0.0012,-0.1000,0.1000,,Criterion : Least Square (From 4 Pts On PL_FIXTURE) 
Circle,CIR_12,X,-166.9470,-166.9000,-0.0470,,,,
Circle,CIR_12,Z,474.6322,474.6000,0.0322,,,,
Circle,CIR_13,DIAM,7.1100,7.1000,0.0100,-0.1000,0.1000,,Criterion : Least Square (From 4 Pts On PL_FIXTURE) 
Circle,CIR_13,X,-79.2209,-79.3000,0.0791,,,,
Circle,CIR_13,Z,474.6085,474.6000,0.0085,,,,
Circle,CIR_14,DIAM,8.0766,8.0000,0.0766,-0.1000,0.1000,,Criterion : Least Square (From 4 Pts On PL_FIXTURE) 
Circle,CIR_14,X,-19.5373,-19.5000,-0.0373,,,,
Circle,CIR_14,Z,473.1647,473.4000,-0.2353,,,,
Circle,CIR_15,DIAM,7.1038,7.1000,0.0038,-0.1000,0.1000,,Criterion : Least Square (From 4 Pts On PL_FIXTURE) 
Circle,CIR_15,X,8.3001,8.3000,0.0001,,,,
Circle,CIR_15,Z,470.5549,470.6000,-0.0451,,,,
Circle,CIR_16,DIAM,7.1054,7.1000,0.0054,-0.1000,0.1000,,Criterion : Least Square (From 4 Pts On PL_FIXTURE) 
Circle,CIR_16,X,17.4180,17.3000,0.1180,,,,
Circle,CIR_16,Z,387.3713,387.4000,-0.0287,,,,
Circle,CIR_17,DIAM,7.1036,7.1000,0.0036,-0.1000,0.1000,,Criterion : Least Square (From 4 Pts On PL_FIXTURE) 
Circle,CIR_17,X,17.5081,17.3000,0.2081,,,,
Circle,CIR_17,Z,304.1430,304.2000,-0.0570,,,,
Circle,CIR_18,DIAM,7.1090,7.1000,0.0090,-0.1000,0.1000,,Criterion : Least Square (From 4 Pts On PL_FIXTURE) 
Circle,CIR_18,X,17.3278,17.3000,0.0278,,,,
Circle,CIR_18,Z,227.8556,228.0000,-0.1444,,,,
Circle,CIR_19,DIAM,7.1039,7.1000,0.0039,-0.1000,0.1000,,Criterion : Least Square (From 4 Pts On PL_FIXTURE) 
Circle,CIR_19,X,17.6499,17.3000,0.3499,,,,
Circle,CIR_19,Z,151.8325,152.0000,-0.1675,,,,
Circle,CIR_20,DIAM,7.1049,7.1000,0.0049,-0.1000,0.1000,,Criterion : Least Square (From 4 Pts On PL_FIXTURE) 
Circle,CIR_20,X,17.8144,17.3000,0.5144,,,,
Circle,CIR_20,Z,75.8373,76.0000,-0.1627,,,,
Pos. Tol.,POS_1,PTOL,0.0000,0.0000,0.0000,0.1032,0.9032,,CIR_1(M)/NOMINAL - CS_ABC - C-Zone - XZ - Nominal
Pos. Tol.,POS_2,PTOL,0.4962,0.0000,0.4962,0.2051,1.0051,,CIR_2(M)/NOMINAL(M) - CS_ABC - C-Zone - XZ - Nominal
Pos. Tol.,POS_3,PTOL,0.2585,0.0000,0.2585,0.2108,1.0108,,CIR_3(M)/NOMINAL(M) - CS_ABC - C-Zone - XZ - Nominal
Pos. Tol.,POS_4,PTOL,0.4558,0.0000,0.4558,0.2657,1.0657,,CIR_4(M)/NOMINAL(M) - CS_ABC - C-Zone - XZ - Nominal
Pos. Tol.,POS_5,PTOL,0.2647,0.0000,0.2647,0.2031,1.0031,,CIR_5(M)/NOMINAL(M) - CS_ABC - C-Zone - XZ - Nominal
Pos. Tol.,POS_6,PTOL,0.6433,0.0000,0.6433,0.1996,0.9996,,CIR_6(M)/NOMINAL(M) - CS_ABC - C-Zone - XZ - Nominal
Pos. Tol.,POS_7,PTOL,0.6470,0.0000,0.6470,0.2124,1.0124,,CIR_7(M)/NOMINAL(M) - CS_ABC - C-Zone - XZ - Nominal
Pos. Tol.,POS_8,PTOL,0.2263,0.0000,0.2263,0.2065,1.0065,,CIR_8(M)/NOMINAL(M) - CS_ABC - C-Zone - XZ - Nominal
Pos. Tol.,POS_9,PTOL,0.3331,0.0000,0.3331,0.2089,1.0089,,CIR_9(M)/NOMINAL(M) - CS_ABC - C-Zone - XZ - Nominal
Pos. Tol.,POS_10,PTOL,0.2289,0.0000,0.2289,0.1927,0.9927,,CIR_10(M)/NOMINAL(M) - CS_ABC - C-Zone - XZ - Nominal
Pos. Tol.,POS_11,PTOL,0.0118,0.0000,0.0118,0.2038,1.0038,,CIR_11(M)/NOMINAL(M) - CS_ABC - C-Zone - XZ - Nominal
Pos. Tol.,POS_12,PTOL,0.1139,0.0000,0.1139,0.2044,1.0044,,CIR_12(M)/NOMINAL(M) - CS_ABC - C-Zone - XZ - Nominal
Pos. Tol.,POS_13,PTOL,0.1592,0.0000,0.1592,0.2132,1.0132,,CIR_13(M)/NOMINAL(M) - CS_ABC - C-Zone - XZ - Nominal
Pos. Tol.,POS_14,PTOL,0.4764,0.0000,0.4764,0.2798,1.0798,,CIR_14(M)/NOMINAL(M) - CS_ABC - C-Zone - XZ - Nominal
Pos. Tol.,POS_15,PTOL,0.0903,0.0000,0.0903,0.2071,1.0071,,CIR_15(M)/NOMINAL(M) - CS_ABC - C-Zone - XZ - Nominal
Pos. Tol.,POS_16,PTOL,0.2429,0.0000,0.2429,0.2086,1.0086,,CIR_16(M)/NOMINAL(M) - CS_ABC - C-Zone - XZ - Nominal
Pos. Tol.,POS_17,PTOL,0.4315,0.0000,0.4315,0.2068,1.0068,,CIR_17(M)/NOMINAL(M) - CS_ABC - C-Zone - XZ - Nominal
Pos. Tol.,POS_18,PTOL,0.2940,0.0000,0.2940,0.2122,1.0122,,CIR_18(M)/NOMINAL(M) - CS_ABC - C-Zone - XZ - Nominal
Pos. Tol.,POS_19,PTOL,0.7759,0.0000,0.7759,0.2072,1.0072,,CIR_19(M)/NOMINAL(M) - CS_ABC - C-Zone - XZ - Nominal
Pos. Tol.,POS_20,PTOL,1.0791,0.0000,1.0791,0.2081,1.0081,0.0710,CIR_20(M)/NOMINAL(M) - CS_ABC - C-Zone - XZ - Nominal
Perpend.,PERP_B,PERP,0.0367,0.0000,0.0367,0.0991,0.2291,,CYL_B(M)/PL_FIXTURE - C-Zone - Cloud of Points 
Profile of Line,PROFILE_INSIDE_PAN_AT_GAGE,PRFL,2.1990,0.0000,2.1990,0.0000,3.0000,,SECTION_INSIDE_2.5MM
Circle,CIR_21,DIAM,18.8534,18.9500,-0.0966,-0.1000,0.1000,,Criterion : Least Square (From 20 Pts On PL_PLAST_TOP_21) 
Circle,CIR_21,X,-94.4373,-94.5000,0.0627,,,,
Circle,CIR_21,Z,123.2234,123.4000,-0.1766,,,,
Circle,CIR_21_OD,DIAM,21.3624,21.4000,-0.0376,-0.1000,0.1000,,Proj. CIR_21_OD / PL_DATUM_E.
Pos. Tol.,POS_21,PTOL,0.3748,0.0000,0.3748,0.0000,1.0000,,CIR_21/NOMINAL - CS_ABC - C-Zone - XZ - Nominal
Coaxiality,CONCENTRICITY_21,COAX,0.0741,0.0000,0.0741,0.0000,0.3000,,CIR_21_OD/CYL_D - C-Zone - Nominal
Distance,PROF_22.1,D1,10.1966,10.3000,-0.1034,-0.2500,0.2500,,SRF_21.1 - PL_DATUM_E / CS_SRF_BF
Distance,PROF_22.2,D1,10.2900,10.3000,-0.0100,-0.2500,0.2500,,SRF_21.2 - PL_DATUM_E / CS_SRF_BF
Distance,PROF_22.3,D1,10.2215,10.3000,-0.0785,-0.2500,0.2500,,SRF_21.3 - PL_DATUM_E / CS_SRF_BF
Distance,PROF_22.4,D1,10.1660,10.3000,-0.1340,-0.2500,0.2500,,SRF_21.4 - PL_DATUM_E / CS_SRF_BF
Distance,PROF_22.5,D1,10.2577,10.3000,-0.0423,-0.2500,0.2500,,SRF_21.5 - PL_DATUM_E / CS_SRF_BF
Distance,PROF_22.6,D1,10.2363,10.3000,-0.0637,-0.2500,0.2500,,SRF_21.6 - PL_DATUM_E / CS_SRF_BF
Distance,PROF_22.7,D1,10.2999,10.3000,-0.0001,-0.2500,0.2500,,SRF_21.7 - PL_DATUM_E / CS_SRF_BF
Distance,PROF_22.8,D1,10.2109,10.3000,-0.0891,-0.2500,0.2500,,SRF_21.8 - PL_DATUM_E / CS_SRF_BF
Distance,PROF_E.1,D1,177.0176,178.5579,-1.5403,,,,SRF_E.1 - ORIGIN / CS_SRF_BF
Distance,PROF_E.1,Y,59.7247,61.4000,-1.6753,-2.0000,1.0000,,
Distance,PROF_E.2,D1,178.9051,180.4239,-1.5188,,,,SRF_E.2 - ORIGIN / CS_SRF_BF
Distance,PROF_E.2,Y,59.7917,61.4000,-1.6083,-2.0000,1.0000,,
Distance,PROF_E.3,D1,180.6143,182.1162,-1.5019,,,,SRF_E.3 - ORIGIN / CS_SRF_BF
Distance,PROF_E.3,Y,59.8486,61.4000,-1.5514,-2.0000,1.0000,,
Distance,PROF_E.4,D1,154.5249,156.1536,-1.6286,,,,SRF_E.4 - ORIGIN / CS_SRF_BF
Distance,PROF_E.4,Y,59.7039,61.4000,-1.6961,-2.0000,1.0000,,
Distance,PROF_E.5,D1,152.6834,154.3027,-1.6193,,,,SRF_E.5 - ORIGIN / CS_SRF_BF
Distance,PROF_E.5,Y,59.7610,61.4000,-1.6390,-2.0000,1.0000,,
Distance,PROF_E.6,D1,151.0411,152.6593,-1.6182,,,,SRF_E.6 - ORIGIN / CS_SRF_BF
Distance,PROF_E.6,Y,59.7952,61.4000,-1.6048,-2.0000,1.0000,,
Distance,PROF_E.7,D1,168.4200,170.1754,-1.7554,,,,SRF_E.7 - ORIGIN / CS_SRF_BF
Distance,PROF_E.7,Y,58.8759,61.4000,-2.5241,-2.0000,1.0000,-0.5241,
Distance,PROF_E.8,D1,168.8152,170.5848,-1.7696,,,,SRF_E.8 - ORIGIN / CS_SRF_BF
Distance,PROF_E.8,Y,58.8157,61.4000,-2.5843,-2.0000,1.0000,-0.5843,
Distance,PROF_E.9,D1,169.2083,170.4743,-1.2661,,,,SRF_E.9 - ORIGIN / CS_SRF_BF
Distance,PROF_E.9,Y,58.7455,61.4000,-2.6545,-2.0000,1.0000,-0.6545,
Section,SECTION_ZONE_1,MAX,2.1721,0.0000,2.1721,-2.5000,1.5000,0.6721,15 Pts [0 < LT ; LT < 14 < UT ;  1 > UL]
Section,SECTION_ZONE_1,MIN,-0.4246,0.0000,-0.4246,-2.5000,1.5000,,
Section,SECTION_ZONE_2,MAX,-0.3522,0.0000,-0.3522,-3.0000,1.0000,,8 Pts [0 < LT ; LT < 8 < UT ;  0 > UL]
Section,SECTION_ZONE_2,MIN,-2.3317,0.0000,-2.3317,-3.0000,1.0000,,
Section,SECTION_ZONE_3,MAX,-3.3736,0.0000,-3.3736,-5.0000,1.0000,,1 Pts [0 < LT ; LT < 1 < UT ;  0 > UL]
Section,SECTION_ZONE_3,MIN,-3.3736,0.0000,-3.3736,-5.0000,1.0000,,
Circle,CIR_22,DIAM,6.4398,6.3500,0.0898,-0.1000,0.1000,,Criterion : Least Square (From 6 Pts On PL_PLAST_22) 
Circle,CIR_22,Y,7.1167,7.0000,0.1167,,,,
Circle,CIR_22,Z,429.2879,429.3000,-0.0121,,,,
Circle,CIR_23,DIAM,6.3216,6.3500,-0.0284,-0.1000,0.1000,,Criterion : Least Square (From 6 Pts On PL_PLAST_23) 
Circle,CIR_23,Y,6.9535,7.0000,-0.0465,,,,
Circle,CIR_23,Z,354.3259,354.4000,-0.0741,,,,
Circle,CIR_24,DIAM,6.4782,6.3500,0.1282,-0.1000,0.1000,0.0282,Criterion : Least Square (From 6 Pts On PL_PLAST_24) 
Circle,CIR_24,Y,6.9497,7.0000,-0.0503,,,,
Circle,CIR_24,Z,196.3882,196.6000,-0.2118,,,,
Circle,CIR_25,DIAM,6.4159,6.3500,0.0659,-0.1000,0.1000,,Criterion : Least Square (From 6 Pts On PL_PLAST_25) 
Circle,CIR_25,Y,7.1363,7.0000,0.1363,,,,
Circle,CIR_25,Z,28.2476,28.6000,-0.3524,,,,
Circle,CIR_26,DIAM,6.4319,6.3500,0.0819,-0.1000,0.1000,,Criterion : Least Square (From 6 Pts On PL_PLAST_26) 
Circle,CIR_26,Y,6.9188,7.0000,-0.0812,,,,
Circle,CIR_26,Z,265.8694,266.1000,-0.2306,,,,
Circle,CIR_27,DIAM,6.4314,6.3500,0.0814,-0.1000,0.1000,,Criterion : Least Square (From 6 Pts On PL_PLAST_27) 
Circle,CIR_27,Y,6.8799,7.0000,-0.1201,,,,
Circle,CIR_27,Z,345.5151,345.8000,-0.2849,,,,
Circle,CIR_28,DIAM,6.2883,6.3500,-0.0617,-0.1000,0.1000,,Criterion : Least Square (From 6 Pts On PL_PLAST_28) 
Circle,CIR_28,Y,7.0498,7.0000,0.0498,,,,
Circle,CIR_28,Z,428.8837,429.0000,-0.1163,,,,
Pos. Tol.,POS_22,PTOL,0.2346,0.0000,0.2346,0.0000,1.0000,,CIR_22/NOMINAL - CS_ABC - C-Zone - YZ - Nominal
Pos. Tol.,POS_23,PTOL,0.1751,0.0000,0.1751,0.0000,1.0000,,CIR_23/NOMINAL - CS_ABC - C-Zone - YZ - Nominal
Pos. Tol.,POS_24,PTOL,0.4353,0.0000,0.4353,0.0000,1.0000,,CIR_24/NOMINAL - CS_ABC - C-Zone - YZ - Nominal
Pos. Tol.,POS_25,PTOL,0.7557,0.0000,0.7557,0.0000,1.0000,,CIR_25/NOMINAL - CS_ABC - C-Zone - YZ - Nominal
Pos. Tol.,POS_26,PTOL,0.4889,0.0000,0.4889,0.0000,1.0000,,CIR_26/NOMINAL - CS_ABC - C-Zone - YZ - Nominal
Pos. Tol.,POS_27,PTOL,0.6183,0.0000,0.6183,0.0000,1.0000,,CIR_27/NOMINAL - CS_ABC - C-Zone - YZ - Nominal
Pos. Tol.,POS_28,PTOL,0.2531,0.0000,0.2531,0.0000,1.0000,,CIR_28/NOMINAL - CS_ABC - C-Zone - YZ - Nominal
