Feat. Type,Feat. Name,Value,Actual,Nominal,Dev.,Tol-,Tol+,Out of Tol.,Comment
Text/Value,VAR_PROGRAM,VAL,,,,,,,'N:\Metrolog XG\Programmes\D-35\D-35 Hauteur Plastic Crush Rib Moule 2 (Module 44).gm2'
Text/Value,VAR_EVENEMENT,VAL,,,,,,,'FIP 06099 1H'
Text/Value,VAR_COMMENTAIRES,VAL,,,,,,,'299 B'
Circle,CIR_3_FL,X,123.688,124.294,-0.607,,,,Criterion : Least Square (From 6 Pts On PL_PLAST_FL_3) 
Circle,CIR_3_FL,Z,-30.112,-30.147,0.035,,,,
Pos. Tol.,POS_3_FLANGE,PTOL,1.215,0.000,1.215,0.000,1.000,0.215,CIR_3_FL/NOMINAL - CS_ABC - C-Zone - XZ - Nominal
Circle,CIR_3_TOP,X,124.286,124.294,-0.009,,,,Criterion : Least Square (From 6 Pts On PL_PLAST_TOP_3) 
Circle,CIR_3_TOP,Z,-29.104,-30.147,1.043,,,,
Pos. Tol.,POS_3_TOP,PTOL,2.087,0.000,2.087,0.000,2.000,0.087,CIR_3_TOP/NOMINAL - CS_ABC - C-Zone - XZ - Nominal
Distance,PLASTIC_HEIGHT,D1,100.369,100.350,0.019,-0.300,0.300,,CIR_3_FL - CIR_3_TOP / CS_ABC
