Feat. Type,Feat. Name,Value,Actual,Nominal,Dev.,Tol-,Tol+,Out of Tol.,Comment
Text/Value,VAR_PROGRAM,VAL,,,,,,,'N:\Metrolog XG\Programmes\Mercury Marine TigerShark\Mercury Marine TigerShark Complete (Module 51).gm2'
Text/Value,VAR_EVENEMENT,VAL,,,,,,,'Dem319B'
Text/Value,VAR_COMMENTAIRES,VAL,,,,,,,'Part No.1'
Text/Value,PROF_A,VAL,0.267721,,,0.000000,0.500000,,
Circle,CIR_B,DIAM,8.337,8.400,-0.063,-0.100,0.100,,Criterion : Least Square (From 4 Pts On PL_FIXTURE) 
Circle,CIR_B,X,0.000,0.000,0.000,,,,
Circle,CIR_B,Z,0.000,0.000,0.000,,,,
Pos. Tol.,POS_B,PTOL,0.000,0.000,0.000,0.000,0.250,,CIR_B/NOMINAL - CS_ABC - C-Zone - XZ - Nominal
Circle,CIR_C,DIAM,7.819,7.900,-0.081,-0.100,0.100,,Criterion : Least Square (From 4 Pts On PL_FIXTURE) 
Circle,CIR_C,X,0.000,0.000,0.000,,,,
Circle,CIR_C,Z,-362.726,-362.800,0.074,,,,
Pos. Tol.,POS_C,PTOL,0.147,0.000,0.147,0.000,0.500,,CIR_C/NOMINAL - CS_ABC - C-Zone - XZ - Nominal
Circle,CIR1,X,-45.101,-45.500,0.399,,,,From 4 Pts On PL_FIXTURE
Circle,CIR1,Z,4.741,4.600,0.141,,,,
Pos. Tol.,POS_1,PTOL,0.846,0.000,0.846,0.000,1.200,,CIR1/NOMINAL - CS_ABC - C-Zone - XZ - Nominal
Circle,CIR2,X,-44.897,-44.800,-0.097,,,,From 4 Pts On PL_FIXTURE
Circle,CIR2,Z,-89.381,-89.500,0.119,,,,
Pos. Tol.,POS_2,PTOL,0.307,0.000,0.307,0.000,1.200,,CIR2/NOMINAL - CS_ABC - C-Zone - XZ - Nominal
Circle,CIR3,X,-44.970,-44.800,-0.170,,,,From 4 Pts On PL_FIXTURE
Circle,CIR3,Z,-178.779,-179.000,0.221,,,,
Pos. Tol.,POS_3,PTOL,0.557,0.000,0.557,0.000,1.200,,CIR3/NOMINAL - CS_ABC - C-Zone - XZ - Nominal
Circle,CIR4,X,-39.772,-39.550,-0.222,,,,From 4 Pts On PL_FIXTURE
Circle,CIR4,Z,-268.822,-269.100,0.278,,,,
Pos. Tol.,POS_4,PTOL,0.712,0.000,0.712,0.000,1.200,,CIR4/NOMINAL - CS_ABC - C-Zone - XZ - Nominal
Circle,CIR5,X,-31.052,-31.300,0.248,,,,From 4 Pts On PL_FIXTURE
Circle,CIR5,Z,-365.628,-366.000,0.372,,,,
Pos. Tol.,POS_5,PTOL,0.894,0.000,0.894,0.000,1.200,,CIR5/NOMINAL - CS_ABC - C-Zone - XZ - Nominal
Circle,CIR6,X,2.915,3.200,-0.285,,,,From 4 Pts On PL_FIXTURE
Circle,CIR6,Z,-284.194,-284.500,0.306,,,,
Pos. Tol.,POS_6,PTOL,0.836,0.000,0.836,0.000,1.200,,CIR6/NOMINAL - CS_ABC - C-Zone - XZ - Nominal
Circle,CIR7,X,2.984,3.200,-0.216,,,,From 4 Pts On PL_FIXTURE
Circle,CIR7,Z,-187.358,-187.500,0.142,,,,
Pos. Tol.,POS_7,PTOL,0.517,0.000,0.517,0.000,1.200,,CIR7/NOMINAL - CS_ABC - C-Zone - XZ - Nominal
Circle,CIR_8,X,2.921,3.200,-0.279,,,,From 4 Pts On PL_FIXTURE
Circle,CIR_8,Z,-89.549,-89.500,-0.049,,,,
Pos. Tol.,POS_8,PTOL,0.567,0.000,0.567,0.000,1.200,,CIR_8/NOMINAL - CS_ABC - C-Zone - XZ - Nominal
Circle,CIR_9,X,-190.063,-189.800,-0.263,,,,From 4 Pts On PL_PLAST_9
Circle,CIR_9,Z,-67.489,-67.702,0.213,,,,
Pos. Tol.,POS_9,PTOL,0.676,0.000,0.676,0.000,1.200,,CIR_9/NOMINAL - CS_ABC - C-Zone - XZ - Nominal
Circle,CIR_10,X,-190.085,-189.800,-0.285,,,,From 4 Pts On PL_PLAST_10
Circle,CIR_10,Z,-202.603,-203.002,0.399,,,,
Pos. Tol.,POS_10,PTOL,0.981,0.000,0.981,0.000,1.200,,CIR_10/NOMINAL - CS_ABC - C-Zone - XZ - Nominal
Profile of Line,PROFILE_IN_OP1,PRFL,0.445,0.000,0.445,0.000,1.500,,OP1_SECT_IN
Profile of Line,PROFILE_IN_OP2,PRFL,0.714,0.000,0.714,0.000,1.500,,OP2_SECT_IN
Profile of Line,PROFILE_IN_OP3,PRFL,0.785,0.000,0.785,0.000,1.500,,OP3_SECT_IN
Profile of Line,PROFILE_IN_OP4,PRFL,0.739,0.000,0.739,0.000,1.500,,OP4_SECT_IN
Distance,OP1_WIDTH_1,D1,2.963,3.000,-0.037,-0.150,0.150,,OP1_PT1_OW_GAGE - OP1_PT1_IW_GAGE / OP1_CS
Distance,OP1_WIDTH_2,D1,2.977,3.000,-0.023,-0.150,0.150,,OP1_PT2_OW_GAGE - OP1_PT2_IW_GAGE / OP1_CS
Distance,OP1_WIDTH_3,D1,2.994,3.000,-0.006,-0.150,0.150,,OP1_PT3_OW_GAGE - OP1_PT3_IW_GAGE / OP1_CS
Distance,OP1_WIDTH_4,D1,3.138,3.000,0.138,-0.150,0.150,,OP1_PT4_OW_GAGE - OP1_PT4_IW_GAGE / OP1_CS
Distance,OP1_WIDTH_5,D1,2.845,3.000,-0.155,-0.150,0.150,-0.005,OP1_PT5_OW_GAGE - OP1_PT5_IW_GAGE / OP1_CS
Distance,OP1_WIDTH_6,D1,2.904,3.000,-0.096,-0.150,0.150,,OP1_PT6_OW_GAGE - OP1_PT6_IW_GAGE / OP1_CS
Distance,OP1_WIDTH_7,D1,3.037,3.000,0.037,-0.150,0.150,,OP1_PT7_OW_GAGE - OP1_PT7_IW_GAGE / OP1_CS
Distance,OP1_DEPTH_1,D1,4.919,5.000,-0.081,-0.250,0.250,,OP1_PT1_DEPTH - PL_FIXTURE / OP1_CS
Distance,OP1_DEPTH_2,D1,4.993,5.000,-0.007,-0.250,0.250,,OP1_PT2_DEPTH - PL_FIXTURE / OP1_CS
Distance,OP1_DEPTH_3,D1,5.145,5.000,0.145,-0.250,0.250,,OP1_PT3_DEPTH - PL_FIXTURE / OP1_CS
Distance,OP1_DEPTH_4,D1,5.065,5.000,0.065,-0.250,0.250,,OP1_PT4_DEPTH - PL_FIXTURE / OP1_CS
Distance,OP1_DEPTH_5,D1,5.109,5.000,0.109,-0.250,0.250,,OP1_PT5_DEPTH - PL_FIXTURE / OP1_CS
Distance,OP1_DEPTH_6,D1,4.943,5.000,-0.057,-0.250,0.250,,OP1_PT6_DEPTH - PL_FIXTURE / OP1_CS
Distance,OP1_DEPTH_7,D1,4.926,5.000,-0.074,-0.250,0.250,,OP1_PT7_DEPTH - PL_FIXTURE / OP1_CS
Distance,OP1_DEPTH_8,D1,5.047,5.000,0.047,-0.250,0.250,,OP1_PT8_DEPTH - PL_FIXTURE / OP1_CS
Distance,OP2_WIDTH_1,D1,2.944,3.000,-0.056,-0.150,0.150,,OP2_PT1_OW_GAGE - OP2_PT1_IW_GAGE / OP2_CS
Distance,OP2_WIDTH_2,D1,2.932,3.000,-0.068,-0.150,0.150,,OP2_PT2_OW_GAGE - OP2_PT2_IW_GAGE / OP2_CS
Distance,OP2_WIDTH_3,D1,2.994,3.000,-0.006,-0.150,0.150,,OP2_PT3_OW_GAGE - OP2_PT3_IW_GAGE / OP2_CS
Distance,OP2_WIDTH_4,D1,2.975,3.000,-0.025,-0.150,0.150,,OP2_PT4_OW_GAGE - OP2_PT4_IW_GAGE / OP2_CS
Distance,OP2_WIDTH_5,D1,2.977,3.000,-0.023,-0.150,0.150,,OP2_PT5_OW_GAGE - OP2_PT5_IW_GAGE / OP2_CS
Distance,OP2_WIDTH_6,D1,2.903,3.000,-0.097,-0.150,0.150,,OP2_PT6_OW_GAGE - OP2_PT6_IW_GAGE / OP2_CS
Distance,OP2_WIDTH_7,D1,3.072,3.000,0.072,-0.150,0.150,,OP2_PT7_OW_GAGE - OP2_PT7_IW_GAGE / OP2_CS
Distance,OP2_DEPTH_1,D1,4.947,5.000,-0.053,-0.250,0.250,,OP2_PT1_DEPTH - PL_FIXTURE / OP2_CS
Distance,OP2_DEPTH_2,D1,5.023,5.000,0.023,-0.250,0.250,,OP2_PT2_DEPTH - PL_FIXTURE / OP2_CS
Distance,OP2_DEPTH_3,D1,5.138,5.000,0.138,-0.250,0.250,,OP2_PT3_DEPTH - PL_FIXTURE / OP2_CS
Distance,OP2_DEPTH_4,D1,5.057,5.000,0.057,-0.250,0.250,,OP2_PT4_DEPTH - PL_FIXTURE / OP2_CS
Distance,OP2_DEPTH_5,D1,5.040,5.000,0.040,-0.250,0.250,,OP2_PT5_DEPTH - PL_FIXTURE / OP2_CS
Distance,OP2_DEPTH_6,D1,4.967,5.000,-0.033,-0.250,0.250,,OP2_PT6_DEPTH - PL_FIXTURE / OP2_CS
Distance,OP2_DEPTH_7,D1,4.915,5.000,-0.085,-0.250,0.250,,OP2_PT7_DEPTH - PL_FIXTURE / OP2_CS
Distance,OP2_DEPTH_8,D1,5.077,5.000,0.077,-0.250,0.250,,OP2_PT8_DEPTH - PL_FIXTURE / OP2_CS
Distance,OP3_WIDTH_1,D1,2.944,3.000,-0.056,-0.150,0.150,,OP3_PT1_OW_GAGE - OP3_PT1_IW_GAGE / OP3_CS
Distance,OP3_WIDTH_2,D1,2.899,3.000,-0.101,-0.150,0.150,,OP3_PT2_OW_GAGE - OP3_PT2_IW_GAGE / OP3_CS
Distance,OP3_WIDTH_3,D1,3.042,3.000,0.042,-0.150,0.150,,OP3_PT3_OW_GAGE - OP3_PT3_IW_GAGE / OP3_CS
Distance,OP3_WIDTH_4,D1,3.016,3.000,0.016,-0.150,0.150,,OP3_PT4_OW_GAGE - OP3_PT4_IW_GAGE / OP3_CS
Distance,OP3_WIDTH_5,D1,2.886,3.000,-0.114,-0.150,0.150,,OP3_PT5_OW_GAGE - OP3_PT5_IW_GAGE / OP3_CS
Distance,OP3_WIDTH_6,D1,2.969,3.000,-0.031,-0.150,0.150,,OP3_PT6_OW_GAGE - OP3_PT6_IW_GAGE / OP3_CS
Distance,OP3_WIDTH_7,D1,3.075,3.000,0.075,-0.150,0.150,,OP3_PT7_OW_GAGE - OP3_PT7_IW_GAGE / OP3_CS
Distance,OP3_DEPTH_1,D1,4.918,5.000,-0.082,-0.250,0.250,,OP3_PT1_DEPTH - PL_FIXTURE / OP3_CS
Distance,OP3_DEPTH_2,D1,4.940,5.000,-0.060,-0.250,0.250,,OP3_PT2_DEPTH - PL_FIXTURE / OP3_CS
Distance,OP3_DEPTH_3,D1,4.984,5.000,-0.016,-0.250,0.250,,OP3_PT3_DEPTH - PL_FIXTURE / OP3_CS
Distance,OP3_DEPTH_4,D1,4.955,5.000,-0.045,-0.250,0.250,,OP3_PT4_DEPTH - PL_FIXTURE / OP3_CS
Distance,OP3_DEPTH_5,D1,4.957,5.000,-0.043,-0.250,0.250,,OP3_PT5_DEPTH - PL_FIXTURE / OP3_CS
Distance,OP3_DEPTH_6,D1,4.827,5.000,-0.173,-0.250,0.250,,OP3_PT6_DEPTH - PL_FIXTURE / OP3_CS
Distance,OP3_DEPTH_7,D1,4.925,5.000,-0.075,-0.250,0.250,,OP3_PT7_DEPTH - PL_FIXTURE / OP3_CS
Distance,OP3_DEPTH_8,D1,5.053,5.000,0.053,-0.250,0.250,,OP3_PT8_DEPTH - PL_FIXTURE / OP3_CS
Distance,OP4_WIDTH_1,D1,2.935,3.000,-0.065,-0.150,0.150,,OP4_PT1_OW_GAGE - OP4_PT1_IW_GAGE / OP4_CS
Distance,OP4_WIDTH_2,D1,2.946,3.000,-0.054,-0.150,0.150,,OP4_PT2_OW_GAGE - OP4_PT2_IW_GAGE / OP4_CS
Distance,OP4_WIDTH_3,D1,2.991,3.000,-0.009,-0.150,0.150,,OP4_PT3_OW_GAGE - OP4_PT3_IW_GAGE / OP4_CS
Distance,OP4_WIDTH_4,D1,3.084,3.000,0.084,-0.150,0.150,,OP4_PT4_OW_GAGE - OP4_PT4_IW_GAGE / OP4_CS
Distance,OP4_WIDTH_5,D1,2.870,3.000,-0.130,-0.150,0.150,,OP4_PT5_OW_GAGE - OP4_PT5_IW_GAGE / OP4_CS
Distance,OP4_WIDTH_6,D1,2.915,3.000,-0.085,-0.150,0.150,,OP4_PT6_OW_GAGE - OP4_PT6_IW_GAGE / OP4_CS
Distance,OP4_WIDTH_7,D1,3.029,3.000,0.029,-0.150,0.150,,OP4_PT7_OW_GAGE - OP4_PT7_IW_GAGE / OP4_CS
Distance,OP4_DEPTH_1,D1,4.828,5.000,-0.172,-0.250,0.250,,OP4_PT1_DEPTH - PL_FIXTURE / OP4_CS
Distance,OP4_DEPTH_2,D1,4.951,5.000,-0.049,-0.250,0.250,,OP4_PT2_DEPTH - PL_FIXTURE / OP4_CS
Distance,OP4_DEPTH_3,D1,5.008,5.000,0.008,-0.250,0.250,,OP4_PT3_DEPTH - PL_FIXTURE / OP4_CS
Distance,OP4_DEPTH_4,D1,4.924,5.000,-0.076,-0.250,0.250,,OP4_PT4_DEPTH - PL_FIXTURE / OP4_CS
Distance,OP4_DEPTH_5,D1,5.002,5.000,0.002,-0.250,0.250,,OP4_PT5_DEPTH - PL_FIXTURE / OP4_CS
Distance,OP4_DEPTH_6,D1,4.959,5.000,-0.041,-0.250,0.250,,OP4_PT6_DEPTH - PL_FIXTURE / OP4_CS
Distance,OP4_DEPTH_7,D1,4.929,5.000,-0.071,-0.250,0.250,,OP4_PT7_DEPTH - PL_FIXTURE / OP4_CS
Distance,OP4_DEPTH_8,D1,4.988,5.000,-0.012,-0.250,0.250,,OP4_PT8_DEPTH - PL_FIXTURE / OP4_CS
Circle,2D_CIR_11,DIAM,51.734,52.000,-0.266,-0.500,0.500,,
Circle,2D_CIR_11,X,-28.037,-28.000,-0.037,,,,
Circle,2D_CIR_11,Y,-37.511,-37.400,-0.111,,,,
Pos. Tol.,POS_11,PTOL,0.235,0.000,0.235,0.000,1.000,,2D_CIR_11/NOMINAL - CS_DEF_BF - C-Zone - XY - Nominal
Circle,2D_CIR_12,DIAM,11.067,11.000,0.067,-0.250,0.250,,
Circle,2D_CIR_12,X,-36.667,-36.600,-0.067,,,,
Circle,2D_CIR_12,Y,-78.819,-78.850,0.031,,,,
Pos. Tol.,POS_12,PTOL,0.148,0.000,0.148,0.000,1.000,,2D_CIR_12/NOMINAL - CS_DEF_BF - C-Zone - XY - Nominal
Circle,CIR_13,DIAM,4.952,4.980,-0.028,-0.200,0.100,,Criterion : Least Square (From 6 Pts On PL_DATUM_D) 
Circle,CIR_13,X,-161.073,-160.800,-0.273,,,,
Circle,CIR_13,Y,4.401,4.500,-0.099,,,,
Pos. Tol.,POS_13,PTOL,0.581,0.000,0.581,0.000,3.000,,CIR_13/NOMINAL - CS_ABC - C-Zone - XY - Nominal
Circle,CIR_14,DIAM,4.904,4.980,-0.076,-0.200,0.100,,Criterion : Least Square (From 6 Pts On PL_DATUM_D) 
Circle,CIR_14,X,-161.196,-160.800,-0.396,,,,
Circle,CIR_14,Y,72.098,72.492,-0.394,,,,
Pos. Tol.,POS_14,PTOL,1.117,0.000,1.117,0.000,3.000,,CIR_14/NOMINAL - CS_ABC - C-Zone - XY - Nominal
Circle,CIR_15,DIAM,4.940,4.980,-0.040,-0.200,0.100,,Criterion : Least Square (From 6 Pts On PL_DATUM_D) 
Circle,CIR_15,X,-104.333,-103.794,-0.538,,,,
Circle,CIR_15,Y,75.770,76.004,-0.234,,,,
Pos. Tol.,POS_15,PTOL,1.174,0.000,1.174,0.000,3.000,,CIR_15/NOMINAL - CS_ABC - C-Zone - XY - Nominal
Circle,CIR_16,DIAM,4.932,4.980,-0.048,-0.200,0.100,,Criterion : Least Square (From 6 Pts On PL_DATUM_D) 
Circle,CIR_16,X,-103.332,-102.794,-0.538,,,,
Circle,CIR_16,Y,4.361,4.504,-0.143,,,,
Pos. Tol.,POS_16,PTOL,1.112,0.000,1.112,0.000,3.000,,CIR_16/NOMINAL - CS_ABC - C-Zone - XY - Nominal
Circle,2D_CIR_13,X,-56.876,-57.000,0.124,,,,
Circle,2D_CIR_13,Y,-71.353,-71.500,0.147,,,,
Pos. Tol.,POS_2D_13,PTOL,0.386,0.000,0.386,0.000,0.500,,2D_CIR_13/NOMINAL - CS_DEF_BF - C-Zone - XY - Nominal
Circle,2D_CIR_14,X,-56.929,-57.000,0.071,,,,
Circle,2D_CIR_14,Y,-3.655,-3.500,-0.155,,,,
Pos. Tol.,POS_2D_14,PTOL,0.341,0.000,0.341,0.000,0.500,,2D_CIR_14/NOMINAL - CS_DEF_BF - C-Zone - XY - Nominal
Circle,2D_CIR_15,X,-0.061,0.000,-0.061,,,,
Circle,2D_CIR_15,Y,-0.042,0.000,-0.042,,,,
Pos. Tol.,POS_2D_15,PTOL,0.148,0.000,0.148,0.000,0.500,,2D_CIR_15/NOMINAL - CS_DEF_BF - C-Zone - XY - Nominal
Circle,2D_CIR_16,X,0.866,1.000,-0.134,,,,
Circle,2D_CIR_16,Y,-71.451,-71.500,0.049,,,,
Pos. Tol.,POS_2D_16,PTOL,0.286,0.000,0.286,0.000,0.500,,2D_CIR_16/NOMINAL - CS_DEF_BF - C-Zone - XY - Nominal
Circle,CIR_17,DIAM,16.170,16.000,0.170,-0.250,0.250,,Inters. PL_PLAST_17 - CYL_17.
Circle,CIR_17,X,-181.358,-180.980,-0.378,,,,
Circle,CIR_17,Z,-162.538,-162.880,0.342,,,,
Pos. Tol.,POS_17,PTOL,0.684,0.000,0.684,0.000,2.000,,CIR_17/NOMINAL - CS_ABC - C-Zone - YZ - Nominal
Circle,CIR_18,DIAM,8.556,8.560,-0.004,-0.100,0.100,,Criterion : Least Square (From 8 Pts On PL_PLAST_18) 
Circle,CIR_18,X,-96.143,-95.800,-0.343,,,,
Circle,CIR_18,Z,-255.826,-256.500,0.674,,,,
Pos. Tol.,POS_18,PTOL,1.512,0.000,1.512,0.000,2.000,,CIR_18/NOMINAL - CS_ABC - C-Zone - XZ - Nominal
Circle,CIR_19,DIAM,7.993,8.000,-0.007,-0.100,0.000,,Criterion : Least Square (From 8 Pts On PL_PLAST_19) 
Circle,CIR_19,Y,91.199,91.700,-0.501,,,,
Circle,CIR_19,Z,-95.448,-95.000,-0.448,,,,
Pos. Tol.,POS_19,PTOL,1.343,0.000,1.343,0.000,2.500,,CIR_19/NOMINAL - CS_ABC - C-Zone - YZ - Nominal
Perpend.,PERP_19,PERP,0.074,0.000,0.074,0.000,0.250,,CONE_19/PL_PLAST_19 - C-Zone - Nominal
Circle,2D_CIR_20,DIAM,3.183,3.200,-0.017,-0.100,0.100,,
Circle,2D_CIR_20,Y,0.041,0.000,0.041,,,,
Circle,2D_CIR_20,Z,13.059,13.000,0.059,,,,
Pos. Tol.,POS_20,PTOL,0.143,0.000,0.143,0.000,0.500,,2D_CIR_20/NOMINAL - CS_KL - C-Zone - YZ - Nominal
Circle,2D_CIR_21,DIAM,3.245,3.200,0.045,-0.100,0.100,,
Circle,2D_CIR_21,Y,0.041,0.000,0.041,,,,
Circle,2D_CIR_21,Z,-12.867,-13.000,0.133,,,,
Pos. Tol.,POS_21,PTOL,0.278,0.000,0.278,0.000,0.500,,2D_CIR_21/NOMINAL - CS_KL - C-Zone - YZ - Nominal
Circle,CIR_22,Y,71.213,71.000,0.213,,,,Inters. PL_PLAST_22 - CYL_22.
Circle,CIR_22,Z,-149.257,-149.880,0.623,,,,
Pos. Tol.,POS_22,PTOL,1.317,0.000,1.317,0.000,2.000,,CIR_22/NOMINAL - CS_ABC - C-Zone - YZ - Nominal
Circle,CIR_23,Y,71.005,71.000,0.005,,,,Inters. PL_PLAST_23 - CYL_23.
Circle,CIR_23,Z,-175.505,-175.880,0.375,,,,
Pos. Tol.,POS_23,PTOL,0.749,0.000,0.749,0.000,2.000,,CIR_23/NOMINAL - CS_ABC - C-Zone - YZ - Nominal
Circle,CIR_24,DIAM,4.989,5.000,-0.011,-0.100,0.100,,Criterion : Least Square (From 6 Pts On PL_24) 
Circle,CIR_24,X,16.821,17.185,-0.364,,,,
Circle,CIR_24,Y,66.803,66.455,0.348,,,,
Circle,CIR_24,Z,-37.469,-37.771,0.303,,,,
Pos. Tol.,POS_24,PTOL,1.175,0.000,1.175,0.000,2.000,,CIR_24/NOMINAL - CS_ABC - C-Zone - XYZ - Nominal
Circle,CIR_25,DIAM,4.959,5.000,-0.041,-0.100,0.100,,Criterion : Least Square (From 6 Pts On PL_25) 
Circle,CIR_25,X,16.597,17.185,-0.587,,,,
Circle,CIR_25,Y,66.685,66.455,0.230,,,,
Circle,CIR_25,Z,-135.428,-135.771,0.343,,,,
Pos. Tol.,POS_25,PTOL,1.436,0.000,1.436,0.000,2.000,,CIR_25/NOMINAL - CS_ABC - C-Zone - XYZ - Nominal
Circle,CIR_26,DIAM,4.936,5.000,-0.064,-0.100,0.100,,Criterion : Least Square (From 6 Pts On PL_26) 
Circle,CIR_26,X,16.656,17.185,-0.529,,,,
Circle,CIR_26,Y,66.677,66.455,0.222,,,,
Circle,CIR_26,Z,-233.391,-233.771,0.381,,,,
Pos. Tol.,POS_26,PTOL,1.377,0.000,1.377,0.000,2.000,,CIR_26/NOMINAL - CS_ABC - C-Zone - XYZ - Nominal
Circle,CIR_27,DIAM,4.947,5.000,-0.053,-0.100,0.100,,Criterion : Least Square (From 6 Pts On PL_27) 
Circle,CIR_27,X,16.630,17.185,-0.555,,,,
Circle,CIR_27,Y,66.947,66.455,0.492,,,,
Circle,CIR_27,Z,-331.261,-331.771,0.511,,,,
Pos. Tol.,POS_27,PTOL,1.801,0.000,1.801,0.000,2.000,,CIR_27/NOMINAL - CS_ABC - C-Zone - XYZ - Nominal
Circle,2D_CIR_24,Y,0.099,0.000,0.099,,,,
Circle,2D_CIR_24,Z,-0.081,0.000,-0.081,,,,
Pos. Tol.,POS_2D_24,PTOL,0.163,0.000,0.163,0.000,1.000,,2D_CIR_24/NOMINAL - CS_GHJ_BF - C-Zone - XZ - Nominal
Circle,2D_CIR_25,Y,-0.135,0.000,-0.135,,,,
Circle,2D_CIR_25,Z,-98.041,-98.000,-0.041,,,,
Pos. Tol.,POS_2D_25,PTOL,0.117,0.000,0.117,0.000,1.000,,2D_CIR_25/NOMINAL - CS_GHJ_BF - C-Zone - XZ - Nominal
Circle,2D_CIR_26,Y,-0.113,0.000,-0.113,,,,
Circle,2D_CIR_26,Z,-196.004,-196.000,-0.004,,,,
Pos. Tol.,POS_2D_26,PTOL,0.153,0.000,0.153,0.000,1.000,,2D_CIR_26/NOMINAL - CS_GHJ_BF - C-Zone - XZ - Nominal
Circle,2D_CIR_27,Y,0.083,0.000,0.083,,,,
Circle,2D_CIR_27,Z,-293.874,-294.000,0.126,,,,
Pos. Tol.,POS_2D_27,PTOL,0.264,0.000,0.264,0.000,1.000,,2D_CIR_27/NOMINAL - CS_GHJ_BF - C-Zone - XZ - Nominal
Circle,2D_CIR_28,DIAM,13.949,14.000,-0.051,-0.100,0.100,,
Circle,2D_CIR_28,Y,-35.519,-35.200,-0.319,,,,
Circle,2D_CIR_28,Z,-0.385,-0.000,-0.385,,,,
Pos. Tol.,POS_2D_28,PTOL,1.276,0.000,1.276,0.000,1.500,,2D_CIR_28/NOMINAL - CS_GHJ_BF - C-Zone - XZ - Nominal
Circle,2D_CIR_29,DIAM,13.962,14.000,-0.038,-0.100,0.100,,
Circle,2D_CIR_29,Y,-35.207,-35.200,-0.007,,,,
Circle,2D_CIR_29,Z,-98.040,-98.000,-0.040,,,,
Pos. Tol.,POS_2D_29,PTOL,1.287,0.000,1.287,0.000,1.500,,2D_CIR_29/NOMINAL - CS_GHJ_BF - C-Zone - XZ - Nominal
Circle,2D_CIR_30,DIAM,13.950,14.000,-0.050,-0.100,0.100,,
Circle,2D_CIR_30,Y,-35.594,-35.200,-0.394,,,,
Circle,2D_CIR_30,Z,-196.127,-196.000,-0.127,,,,
Pos. Tol.,POS_2D_30,PTOL,1.497,0.000,1.497,0.000,1.500,,2D_CIR_30/NOMINAL - CS_GHJ_BF - C-Zone - XZ - Nominal
Circle,2D_CIR_31,DIAM,13.951,14.000,-0.049,-0.100,0.100,,
Circle,2D_CIR_31,Y,-35.546,-35.200,-0.346,,,,
Circle,2D_CIR_31,Z,-293.514,-294.000,0.486,,,,
Pos. Tol.,POS_2D_31,PTOL,1.079,0.000,1.079,0.000,1.500,,2D_CIR_31/NOMINAL - CS_GHJ_BF - C-Zone - XZ - Nominal
Circle,CIR_32,DIAM,6.807,6.700,0.107,-0.250,0.250,,Criterion : Least Square (From 6 Pts On PL_PLAST_32) 
Circle,CIR_32,Y,8.935,8.968,-0.032,,,,
Circle,CIR_32,Z,-107.870,-107.770,-0.100,,,,
Pos. Tol.,POS_32,PTOL,0.210,0.000,0.210,0.000,2.000,,CIR_32/NOMINAL - CS_ABC - C-Zone - YZ - Nominal
Circle,CIR_33,DIAM,6.798,6.700,0.098,-0.250,0.250,,Criterion : Least Square (From 6 Pts On PL_PLAST_33) 
Circle,CIR_33,Y,8.929,8.968,-0.039,,,,
Circle,CIR_33,Z,-205.721,-205.770,0.049,,,,
Pos. Tol.,POS_33,PTOL,0.125,0.000,0.125,0.000,2.000,,CIR_33/NOMINAL - CS_ABC - C-Zone - YZ - Nominal
Circle,CIR_34,DIAM,6.790,6.700,0.090,-0.250,0.250,,Criterion : Least Square (From 6 Pts On PL_PLAST_34) 
Circle,CIR_34,Y,8.941,8.968,-0.027,,,,
Circle,CIR_34,Z,-303.415,-303.770,0.356,,,,
Pos. Tol.,POS_34,PTOL,0.714,0.000,0.714,0.000,2.000,,CIR_34/NOMINAL - CS_ABC - C-Zone - YZ - Nominal
Flatness,FLATNESS_D,FLTN,0.313,0.000,0.313,0.000,0.300,0.013,PL_DATUM_D
Distance,WIDTH_TB1,D1,2.977,3.000,-0.023,-0.150,0.150,,0W2.5_1.1 - IW2.5_1.1 / CS_DEF_BF
Distance,WIDTH_TB2,D1,3.013,3.000,0.013,-0.150,0.150,,0W2.5_1.2 - IW2.5_1.2 / CS_DEF_BF
Distance,WIDTH_TB3,D1,3.010,3.000,0.010,-0.150,0.150,,0W2.5_1.3 - IW2.5_1.3 / CS_DEF_BF
Distance,WIDTH_TB4,D1,2.963,3.000,-0.037,-0.150,0.150,,0W2.5_1.4 - IW2.5_1.4 / CS_DEF_BF
Distance,WIDTH_TB5,D1,2.924,3.000,-0.076,-0.150,0.150,,0W2.5_1.5 - IW2.5_1.5 / CS_DEF_BF
Distance,WIDTH_TB6,D1,2.983,3.000,-0.017,-0.150,0.150,,0W2.5_1.6 - IW2.5_1.6 / CS_DEF_BF
Distance,WIDTH_TB7,D1,3.044,3.000,0.044,-0.150,0.150,,0W2.5_1.7 - IW2.5_1.7 / CS_DEF_BF
Distance,WIDTH_TB8,D1,2.986,3.000,-0.014,-0.150,0.150,,0W2.5_1.8 - IW2.5_1.8 / CS_DEF_BF
Distance,WIDTH_TB9,D1,3.091,3.000,0.091,-0.150,0.150,,12_0W2.5_1.1 - 12_IW2.5_1.1 / CS_DEF_BF
Distance,WIDTH_TB10,D1,3.116,3.000,0.116,-0.150,0.150,,12_0W2.5_1.2 - 12_IW2.5_1.2 / CS_DEF_BF
Distance,WIDTH_TB11,D1,3.076,3.000,0.076,-0.150,0.150,,12_0W2.5_1.3 - 12_IW2.5_1.3 / CS_DEF_BF
Distance,WIDTH_TB12,D1,2.977,3.000,-0.023,-0.150,0.150,,12_0W2.5_1.4 - 12_IW2.5_1.4 / CS_DEF_BF
Distance,DEPTH_TB1,D1,5.219,5.000,0.219,-0.250,0.250,,TB_BOT_1.1 - PL_DATUM_D / CS_DEF_BF
Distance,DEPTH_TB2,D1,5.074,5.000,0.074,-0.250,0.250,,TB_BOT_1.2 - PL_DATUM_D / CS_DEF_BF
Distance,DEPTH_TB3,D1,5.038,5.000,0.038,-0.250,0.250,,TB_BOT_1.3 - PL_DATUM_D / CS_DEF_BF
Distance,DEPTH_TB4,D1,5.233,5.000,0.233,-0.250,0.250,,TB_BOT_1.4 - PL_DATUM_D / CS_DEF_BF
Distance,DEPTH_TB5,D1,5.255,5.000,0.255,-0.250,0.250,0.005,TB_BOT_1.5 - PL_DATUM_D / CS_DEF_BF
Distance,DEPTH_TB6,D1,5.150,5.000,0.150,-0.250,0.250,,TB_BOT_1.6 - PL_DATUM_D / CS_DEF_BF
Distance,DEPTH_TB7,D1,5.103,5.000,0.103,-0.250,0.250,,TB_BOT_1.7 - PL_DATUM_D / CS_DEF_BF
Distance,DEPTH_TB8,D1,5.207,5.000,0.207,-0.250,0.250,,TB_BOT_1.8 - PL_DATUM_D / CS_DEF_BF
Distance,DEPTH_TB9,D1,5.303,5.000,0.303,-0.250,0.250,0.053,12_BOT_.1 - PL_DATUM_D / CS_DEF_BF
Distance,DEPTH_TB10,D1,5.336,5.000,0.336,-0.250,0.250,0.086,12_BOT_.2 - PL_DATUM_D / CS_DEF_BF
Distance,DEPTH_TB11,D1,5.270,5.000,0.270,-0.250,0.250,0.020,12_BOT_.3 - PL_DATUM_D / CS_DEF_BF
Distance,DEPTH_TB12,D1,5.205,5.000,0.205,-0.250,0.250,,12_BOT_.4 - PL_DATUM_D / CS_DEF_BF
Circle,CIR_35,DIAM,6.713,6.750,-0.037,-0.250,0.250,,Criterion : Least Square (From 6 Pts On PL_PLAST_35) 
Circle,CIR_35,X,19.619,19.200,0.419,,,,
Circle,CIR_35,Z,9.657,10.000,-0.343,,,,
Pos. Tol.,POS_35,PTOL,1.083,0.000,1.083,0.000,2.000,,CIR_35/NOMINAL - CS_ABC - C-Zone - XZ - Nominal
Circle,CIR_36,DIAM,6.770,6.750,0.020,-0.250,0.250,,Criterion : Least Square (From 6 Pts On PL_PLAST_36) 
Circle,CIR_36,X,-207.641,-207.800,0.159,,,,
Circle,CIR_36,Z,-67.237,-67.700,0.463,,,,
Pos. Tol.,POS_36,PTOL,0.979,0.000,0.979,0.000,2.000,,CIR_36/NOMINAL - CS_ABC - C-Zone - XZ - Nominal
