Feat. Type,Feat. Name,Value,Actual,Nominal,Dev.,Tol-,Tol+,Out of Tol.,Comment
Text/Value,VAR_PROGRAM,VAL,,,,,,,'N:\Metrolog XG\Programmes\Ford Transmission Pan 10R80 Moule 2\Ford Transmission Pan 10R80 Complete Cavit� 4 (Module_51).gm2'
Text/Value,VAR_EVENEMENT,VAL,3014.000000,,,,,,
Text/Value,VAR_COMMENTAIRES,VAL,,,,,,,'C4'
Text/Value,PROFILE_A,VAL,0.197430,0.000000,0.197430,0.000000,0.280000,,
Circle,CIR_1,DIAM,11.119,7.100,4.019,-0.100,0.100,3.919,Criterion : Least Square (From 4 Pts On PL_FIXTURE) 
Circle,CIR_1,X,0.248,0.000,0.248,,,,
Circle,CIR_1,Z,-0.059,0.000,-0.059,,,,
Circle,CIR_2,DIAM,11.137,7.100,4.037,-0.100,0.100,3.937,Criterion : Least Square (From 4 Pts On PL_FIXTURE) 
Circle,CIR_2,X,-79.964,-80.100,0.136,,,,
Circle,CIR_2,Z,-2.936,-2.800,-0.136,,,,
Circle,CIR_3,DIAM,11.039,7.100,3.939,-0.100,0.100,3.839,Criterion : Least Square (From 4 Pts On PL_FIXTURE) 
Circle,CIR_3,X,-170.017,-170.100,0.083,,,,
Circle,CIR_3,Z,-2.831,-2.800,-0.031,,,,
Circle,CIR_4,DIAM,8.027,8.000,0.027,-0.100,0.100,,Criterion : Least Square (From 4 Pts On PL_FIXTURE) 
Circle,CIR_4,X,-224.473,-224.500,0.027,,,,
Circle,CIR_4,Z,-4.569,-4.600,0.031,,,,
Circle,CIR_5,DIAM,11.132,7.100,4.032,-0.100,0.100,3.932,Criterion : Least Square (From 4 Pts On PL_FIXTURE) 
Circle,CIR_5,X,-249.504,-249.500,-0.004,,,,
Circle,CIR_5,Z,-1.640,-1.600,-0.040,,,,
Circle,CIR_6,DIAM,11.067,7.100,3.967,-0.100,0.100,3.867,Criterion : Least Square (From 4 Pts On PL_FIXTURE) 
Circle,CIR_6,X,-272.982,-272.700,-0.282,,,,
Circle,CIR_6,Z,78.047,78.100,-0.053,,,,
Circle,CIR_7,DIAM,11.044,7.100,3.944,-0.100,0.100,3.844,Criterion : Least Square (From 4 Pts On PL_FIXTURE) 
Circle,CIR_7,X,-273.025,-272.700,-0.325,,,,
Circle,CIR_7,Z,157.067,157.100,-0.033,,,,
Circle,CIR_8,DIAM,11.059,7.100,3.959,-0.100,0.100,3.859,Criterion : Least Square (From 4 Pts On PL_FIXTURE) 
Circle,CIR_8,X,-273.052,-272.700,-0.352,,,,
Circle,CIR_8,Z,235.995,236.100,-0.105,,,,
Circle,CIR_9,DIAM,11.123,7.100,4.023,-0.100,0.100,3.923,Criterion : Least Square (From 4 Pts On PL_FIXTURE) 
Circle,CIR_9,X,-272.844,-272.679,-0.166,,,,
Circle,CIR_9,Z,315.244,315.140,0.105,,,,
Circle,CIR_10,DIAM,11.072,7.100,3.972,-0.100,0.100,3.872,Criterion : Least Square (From 4 Pts On PL_FIXTURE) 
Circle,CIR_10,X,-272.775,-272.700,-0.075,,,,
Circle,CIR_10,Z,394.253,394.100,0.153,,,,
Circle,CIR_11,DIAM,11.053,7.100,3.953,-0.100,0.100,3.853,Criterion : Least Square (From 4 Pts On PL_FIXTURE) 
Circle,CIR_11,X,-254.518,-254.600,0.082,,,,
Circle,CIR_11,Z,463.714,463.600,0.114,,,,
Circle,CIR_12,DIAM,11.141,7.100,4.041,-0.100,0.100,3.941,Criterion : Least Square (From 4 Pts On PL_FIXTURE) 
Circle,CIR_12,X,-166.896,-166.900,0.004,,,,
Circle,CIR_12,Z,474.569,474.600,-0.031,,,,
Circle,CIR_13,DIAM,11.152,7.100,4.052,-0.100,0.100,3.952,Criterion : Least Square (From 4 Pts On PL_FIXTURE) 
Circle,CIR_13,X,-79.255,-79.300,0.045,,,,
Circle,CIR_13,Z,474.725,474.600,0.125,,,,
Circle,CIR_14,DIAM,8.007,8.000,0.007,-0.100,0.100,,Criterion : Least Square (From 4 Pts On PL_FIXTURE) 
Circle,CIR_14,X,-19.419,-19.500,0.081,,,,
Circle,CIR_14,Z,473.409,473.400,0.009,,,,
Circle,CIR_15,DIAM,11.141,7.100,4.041,-0.100,0.100,3.941,Criterion : Least Square (From 4 Pts On PL_FIXTURE) 
Circle,CIR_15,X,8.397,8.300,0.097,,,,
Circle,CIR_15,Z,470.612,470.600,0.012,,,,
Circle,CIR_16,DIAM,11.117,7.100,4.017,-0.100,0.100,3.917,Criterion : Least Square (From 4 Pts On PL_FIXTURE) 
Circle,CIR_16,X,17.472,17.300,0.172,,,,
Circle,CIR_16,Z,387.409,387.400,0.009,,,,
Circle,CIR_17,DIAM,11.156,7.100,4.056,-0.100,0.100,3.956,Criterion : Least Square (From 4 Pts On PL_FIXTURE) 
Circle,CIR_17,X,17.589,17.300,0.289,,,,
Circle,CIR_17,Z,304.171,304.200,-0.029,,,,
Circle,CIR_18,DIAM,11.122,7.100,4.022,-0.100,0.100,3.922,Criterion : Least Square (From 4 Pts On PL_FIXTURE) 
Circle,CIR_18,X,17.491,17.300,0.191,,,,
Circle,CIR_18,Z,228.023,228.000,0.023,,,,
Circle,CIR_19,DIAM,11.144,7.100,4.044,-0.100,0.100,3.944,Criterion : Least Square (From 4 Pts On PL_FIXTURE) 
Circle,CIR_19,X,17.301,17.300,0.001,,,,
Circle,CIR_19,Z,152.066,152.000,0.066,,,,
Circle,CIR_20,DIAM,11.149,7.100,4.049,-0.100,0.100,3.949,Criterion : Least Square (From 4 Pts On PL_FIXTURE) 
Circle,CIR_20,X,17.400,17.300,0.100,,,,
Circle,CIR_20,Z,76.121,76.000,0.121,,,,
Pos. Tol.,POS_1,PTOL,0.510,0.000,0.510,0.200,1.000,,CIR_1(M)/NOMINAL - CS_ABC - C-Zone - XZ - Nominal
Pos. Tol.,POS_2,PTOL,0.385,0.000,0.385,0.400,1.200,,CIR_2(M)/NOMINAL(M) - CS_ABC - C-Zone - XZ - Nominal
Pos. Tol.,POS_3,PTOL,0.177,0.000,0.177,0.400,1.200,,CIR_3(M)/NOMINAL(M) - CS_ABC - C-Zone - XZ - Nominal
Pos. Tol.,POS_4,PTOL,0.081,0.000,0.081,0.327,1.127,,CIR_4(M)/NOMINAL(M) - CS_ABC - C-Zone - XZ - Nominal
Pos. Tol.,POS_5,PTOL,0.081,0.000,0.081,0.400,1.200,,CIR_5(M)/NOMINAL(M) - CS_ABC - C-Zone - XZ - Nominal
Pos. Tol.,POS_6,PTOL,0.575,0.000,0.575,0.400,1.200,,CIR_6(M)/NOMINAL(M) - CS_ABC - C-Zone - XZ - Nominal
Pos. Tol.,POS_7,PTOL,0.654,0.000,0.654,0.400,1.200,,CIR_7(M)/NOMINAL(M) - CS_ABC - C-Zone - XZ - Nominal
Pos. Tol.,POS_8,PTOL,0.735,0.000,0.735,0.400,1.200,,CIR_8(M)/NOMINAL(M) - CS_ABC - C-Zone - XZ - Nominal
Pos. Tol.,POS_9,PTOL,0.392,0.000,0.392,0.400,1.200,,CIR_9(M)/NOMINAL(M) - CS_ABC - C-Zone - XZ - Nominal
Pos. Tol.,POS_10,PTOL,0.341,0.000,0.341,0.400,1.200,,CIR_10(M)/NOMINAL(M) - CS_ABC - C-Zone - XZ - Nominal
Pos. Tol.,POS_11,PTOL,0.282,0.000,0.282,0.400,1.200,,CIR_11(M)/NOMINAL(M) - CS_ABC - C-Zone - XZ - Nominal
Pos. Tol.,POS_12,PTOL,0.062,0.000,0.062,0.400,1.200,,CIR_12(M)/NOMINAL(M) - CS_ABC - C-Zone - XZ - Nominal
Pos. Tol.,POS_13,PTOL,0.266,0.000,0.266,0.400,1.200,,CIR_13(M)/NOMINAL(M) - CS_ABC - C-Zone - XZ - Nominal
Pos. Tol.,POS_14,PTOL,0.163,0.000,0.163,0.307,1.107,,CIR_14(M)/NOMINAL(M) - CS_ABC - C-Zone - XZ - Nominal
Pos. Tol.,POS_15,PTOL,0.195,0.000,0.195,0.400,1.200,,CIR_15(M)/NOMINAL(M) - CS_ABC - C-Zone - XZ - Nominal
Pos. Tol.,POS_16,PTOL,0.344,0.000,0.344,0.400,1.200,,CIR_16(M)/NOMINAL(M) - CS_ABC - C-Zone - XZ - Nominal
Pos. Tol.,POS_17,PTOL,0.580,0.000,0.580,0.400,1.200,,CIR_17(M)/NOMINAL(M) - CS_ABC - C-Zone - XZ - Nominal
Pos. Tol.,POS_18,PTOL,0.386,0.000,0.386,0.400,1.200,,CIR_18(M)/NOMINAL(M) - CS_ABC - C-Zone - XZ - Nominal
Pos. Tol.,POS_19,PTOL,0.132,0.000,0.132,0.400,1.200,,CIR_19(M)/NOMINAL(M) - CS_ABC - C-Zone - XZ - Nominal
Pos. Tol.,POS_20,PTOL,0.314,0.000,0.314,0.400,1.200,,CIR_20(M)/NOMINAL(M) - CS_ABC - C-Zone - XZ - Nominal
Perpend.,PERP_B,PERP,0.031,0.000,0.031,0.200,0.330,,CYL_B(M)/PL_FIXTURE - C-Zone - Cloud of Points 
Profile of Line,PROFILE_INSIDE_PAN_AT_GAGE,PRFL,2.317,0.000,2.317,0.000,3.000,,SECTION_INSIDE_2.5MM
Circle,CIR_21,DIAM,18.882,18.950,-0.068,-0.130,0.100,,Criterion : Least Square (From 20 Pts On PL_PLAST_TOP_21) 
Circle,CIR_21,X,-94.583,-94.500,-0.083,,,,
Circle,CIR_21,Z,123.369,123.400,-0.031,,,,
Circle,CIR_21_OD,DIAM,21.331,21.400,-0.069,-0.100,0.100,,Proj. CIR_21_OD / PL_DATUM_E.
Pos. Tol.,POS_21,PTOL,0.178,0.000,0.178,0.000,1.000,,CIR_21/NOMINAL - CS_ABC - C-Zone - XZ - Nominal
Coaxiality,CONCENTRICITY_21,COAX,0.113,0.000,0.113,0.000,0.300,,CIR_21_OD/CYL_D - C-Zone - Nominal
Distance,PROF_22.1,D1,10.399,10.300,0.099,-0.250,0.250,,SRF_21.1 - PL_DATUM_E / CS_SRF_BF
Distance,PROF_22.2,D1,10.319,10.300,0.019,-0.250,0.250,,SRF_21.2 - PL_DATUM_E / CS_SRF_BF
Distance,PROF_22.3,D1,10.418,10.300,0.118,-0.250,0.250,,SRF_21.3 - PL_DATUM_E / CS_SRF_BF
Distance,PROF_22.4,D1,10.476,10.300,0.176,-0.250,0.250,,SRF_21.4 - PL_DATUM_E / CS_SRF_BF
Distance,PROF_22.5,D1,10.329,10.300,0.029,-0.250,0.250,,SRF_21.5 - PL_DATUM_E / CS_SRF_BF
Distance,PROF_22.6,D1,10.294,10.300,-0.006,-0.250,0.250,,SRF_21.6 - PL_DATUM_E / CS_SRF_BF
Distance,PROF_22.7,D1,10.430,10.300,0.130,-0.250,0.250,,SRF_21.7 - PL_DATUM_E / CS_SRF_BF
Distance,PROF_22.8,D1,10.560,10.300,0.260,-0.250,0.250,0.010,SRF_21.8 - PL_DATUM_E / CS_SRF_BF
Distance,PROF_E.1,D1,177.885,178.558,-0.673,,,,SRF_E.1 - ORIGIN / CS_SRF_BF
Distance,PROF_E.1,Y,62.224,61.400,0.824,-2.000,1.000,,
Distance,PROF_E.2,D1,179.768,180.424,-0.656,,,,SRF_E.2 - ORIGIN / CS_SRF_BF
Distance,PROF_E.2,Y,62.304,61.400,0.904,-2.000,1.000,,
Distance,PROF_E.3,D1,181.467,182.116,-0.649,,,,SRF_E.3 - ORIGIN / CS_SRF_BF
Distance,PROF_E.3,Y,62.346,61.400,0.946,-2.000,1.000,,
Distance,PROF_E.4,D1,155.322,156.154,-0.831,,,,SRF_E.4 - ORIGIN / CS_SRF_BF
Distance,PROF_E.4,Y,61.710,61.400,0.310,-2.000,1.000,,
Distance,PROF_E.5,D1,153.465,154.303,-0.838,,,,SRF_E.5 - ORIGIN / CS_SRF_BF
Distance,PROF_E.5,Y,61.706,61.400,0.306,-2.000,1.000,,
Distance,PROF_E.6,D1,151.813,152.659,-0.846,,,,SRF_E.6 - ORIGIN / CS_SRF_BF
Distance,PROF_E.6,Y,61.694,61.400,0.294,-2.000,1.000,,
Distance,PROF_E.7,D1,169.328,170.175,-0.848,,,,SRF_E.7 - ORIGIN / CS_SRF_BF
Distance,PROF_E.7,Y,61.415,61.400,0.015,-2.000,1.000,,
Distance,PROF_E.8,D1,169.729,170.585,-0.855,,,,SRF_E.8 - ORIGIN / CS_SRF_BF
Distance,PROF_E.8,Y,61.381,61.400,-0.019,-2.000,1.000,,
Distance,PROF_E.9,D1,170.119,170.474,-0.355,,,,SRF_E.9 - ORIGIN / CS_SRF_BF
Distance,PROF_E.9,Y,61.320,61.400,-0.080,-2.000,1.000,,
Section,SECTION_ZONE_1,MAX,0.374,0.000,0.374,-2.500,1.500,,15 Pts [0 < LT ; LT < 15 < UT ;  0 > UL]
Section,SECTION_ZONE_1,MIN,-0.639,0.000,-0.639,-2.500,1.500,,
Section,SECTION_ZONE_2,MAX,-0.983,0.000,-0.983,-3.000,1.000,,7 Pts [0 < LT ; LT < 7 < UT ;  0 > UL]
Section,SECTION_ZONE_2,MIN,-1.671,0.000,-1.671,-3.000,1.000,,
Section,SECTION_ZONE_3,MAX,-3.143,0.000,-3.143,-5.000,1.000,,1 Pts [0 < LT ; LT < 1 < UT ;  0 > UL]
Section,SECTION_ZONE_3,MIN,-3.143,0.000,-3.143,-5.000,1.000,,
Circle,CIR_22,DIAM,6.840,6.350,0.490,-0.100,0.100,0.390,Criterion : Least Square (From 6 Pts On PL_PLAST_22) 
Circle,CIR_22,Y,6.948,7.000,-0.052,,,,
Circle,CIR_22,Z,429.394,429.300,0.094,,,,
Circle,CIR_23,DIAM,6.543,6.350,0.193,-0.100,0.100,0.093,Criterion : Least Square (From 6 Pts On PL_PLAST_23) 
Circle,CIR_23,Y,7.041,7.000,0.041,,,,
Circle,CIR_23,Z,354.500,354.400,0.100,,,,
Circle,CIR_24,DIAM,6.638,6.350,0.288,-0.100,0.100,0.188,Criterion : Least Square (From 6 Pts On PL_PLAST_24) 
Circle,CIR_24,Y,7.003,7.000,0.003,,,,
Circle,CIR_24,Z,196.506,196.600,-0.094,,,,
Circle,CIR_25,DIAM,6.678,6.350,0.328,-0.100,0.100,0.228,Criterion : Least Square (From 6 Pts On PL_PLAST_25) 
Circle,CIR_25,Y,7.070,7.000,0.070,,,,
Circle,CIR_25,Z,28.386,28.600,-0.214,,,,
Circle,CIR_26,DIAM,6.593,6.350,0.243,-0.100,0.100,0.143,Criterion : Least Square (From 6 Pts On PL_PLAST_26) 
Circle,CIR_26,Y,6.986,7.000,-0.014,,,,
Circle,CIR_26,Z,266.082,266.100,-0.018,,,,
Circle,CIR_27,DIAM,6.617,6.350,0.267,-0.100,0.100,0.167,Criterion : Least Square (From 6 Pts On PL_PLAST_27) 
Circle,CIR_27,Y,7.074,7.000,0.074,,,,
Circle,CIR_27,Z,345.823,345.800,0.023,,,,
Circle,CIR_28,DIAM,6.649,6.350,0.299,-0.100,0.100,0.199,Criterion : Least Square (From 6 Pts On PL_PLAST_28) 
Circle,CIR_28,Y,7.154,7.000,0.154,,,,
Circle,CIR_28,Z,428.941,429.000,-0.059,,,,
Pos. Tol.,POS_22,PTOL,0.215,0.000,0.215,0.000,1.000,,CIR_22/NOMINAL - CS_ABC - C-Zone - YZ - Nominal
Pos. Tol.,POS_23,PTOL,0.217,0.000,0.217,0.000,1.000,,CIR_23/NOMINAL - CS_ABC - C-Zone - YZ - Nominal
Pos. Tol.,POS_24,PTOL,0.187,0.000,0.187,0.000,1.000,,CIR_24/NOMINAL - CS_ABC - C-Zone - YZ - Nominal
Pos. Tol.,POS_25,PTOL,0.451,0.000,0.451,0.000,1.000,,CIR_25/NOMINAL - CS_ABC - C-Zone - YZ - Nominal
Pos. Tol.,POS_26,PTOL,0.046,0.000,0.046,0.000,1.000,,CIR_26/NOMINAL - CS_ABC - C-Zone - YZ - Nominal
Pos. Tol.,POS_27,PTOL,0.156,0.000,0.156,0.000,1.000,,CIR_27/NOMINAL - CS_ABC - C-Zone - YZ - Nominal
Pos. Tol.,POS_28,PTOL,0.331,0.000,0.331,0.000,1.000,,CIR_28/NOMINAL - CS_ABC - C-Zone - YZ - Nominal
