Feat. Type,Feat. Name,Value,Actual,Nominal,Dev.,Tol-,Tol+,Out of Tol.,Comment
Text/Value,VAR_PROGRAM,VAL,,,,,,,'N:\Metrolog XG\Programmes\D-35\D-35 Hauteur Plastic Crush Rib Moule 2 (Module 44).gm2'
Text/Value,VAR_EVENEMENT,VAL,,,,,,,'Valid_Apr�s 1Heure FIP-05631+FIP-06096'
Text/Value,VAR_COMMENTAIRES,VAL,,,,,,,'305A'
Circle,CIR_3_FL,X,123.744,124.294,-0.550,,,,Criterion : Least Square (From 6 Pts On PL_PLAST_FL_3) 
Circle,CIR_3_FL,Z,-30.064,-30.147,0.083,,,,
Pos. Tol.,POS_3_FLANGE,PTOL,1.113,0.000,1.113,0.000,1.000,0.113,CIR_3_FL/NOMINAL - CS_ABC - C-Zone - XZ - Nominal
Circle,CIR_3_TOP,X,124.394,124.294,0.099,,,,Criterion : Least Square (From 6 Pts On PL_PLAST_TOP_3) 
Circle,CIR_3_TOP,Z,-29.153,-30.147,0.994,,,,
Pos. Tol.,POS_3_TOP,PTOL,1.998,0.000,1.998,0.000,2.000,,CIR_3_TOP/NOMINAL - CS_ABC - C-Zone - XZ - Nominal
Distance,PLASTIC_HEIGHT,D1,100.490,100.350,0.140,-0.300,0.300,,CIR_3_FL - CIR_3_TOP / CS_ABC
