Feat. Type,Feat. Name,Value,Actual,Nominal,Dev.,Tol-,Tol+,Out of Tol.,Comment
Text/Value,VAR_PROGRAM,VAL,,,,,,,'N:\Metrolog XG\Programmes\Ford Transmission Pan 10R80\Ford Transmission Pan 10R80 Complete Cavit� 2 (Module_51).gm2'
Text/Value,VAR_EVENEMENT,VAL,,,,,,,'Valid_Cav_2_FIP-10073'
Text/Value,VAR_COMMENTAIRES,VAL,,,,,,,'315A'
Text/Value,PROFILE_A,VAL,0.200648,0.000000,0.200648,0.000000,0.280000,,
Circle,CIR_1,DIAM,7.108,7.100,0.008,-0.100,0.100,,Criterion : Least Square (From 4 Pts On PL_FIXTURE) 
Circle,CIR_1,X,0.000,0.000,0.000,,,,
Circle,CIR_1,Z,0.000,0.000,0.000,,,,
Circle,CIR_2,DIAM,7.105,7.100,0.005,-0.100,0.100,,Criterion : Least Square (From 4 Pts On PL_FIXTURE) 
Circle,CIR_2,X,-80.111,-80.100,-0.011,,,,
Circle,CIR_2,Z,-2.928,-2.800,-0.128,,,,
Circle,CIR_3,DIAM,7.101,7.100,0.001,-0.100,0.100,,Criterion : Least Square (From 4 Pts On PL_FIXTURE) 
Circle,CIR_3,X,-170.128,-170.100,-0.028,,,,
Circle,CIR_3,Z,-2.864,-2.800,-0.064,,,,
Circle,CIR_4,DIAM,8.088,8.000,0.088,-0.100,0.100,,Criterion : Least Square (From 4 Pts On PL_FIXTURE) 
Circle,CIR_4,X,-224.671,-224.500,-0.171,,,,
Circle,CIR_4,Z,-4.550,-4.600,0.050,,,,
Circle,CIR_5,DIAM,7.099,7.100,-0.001,-0.100,0.100,,Criterion : Least Square (From 4 Pts On PL_FIXTURE) 
Circle,CIR_5,X,-249.676,-249.500,-0.176,,,,
Circle,CIR_5,Z,-1.832,-1.600,-0.232,,,,
Circle,CIR_6,DIAM,7.106,7.100,0.006,-0.100,0.100,,Criterion : Least Square (From 4 Pts On PL_FIXTURE) 
Circle,CIR_6,X,-272.849,-272.700,-0.149,,,,
Circle,CIR_6,Z,78.052,78.100,-0.048,,,,
Circle,CIR_7,DIAM,7.097,7.100,-0.003,-0.100,0.100,,Criterion : Least Square (From 4 Pts On PL_FIXTURE) 
Circle,CIR_7,X,-272.851,-272.700,-0.151,,,,
Circle,CIR_7,Z,156.920,157.100,-0.180,,,,
Circle,CIR_8,DIAM,7.103,7.100,0.003,-0.100,0.100,,Criterion : Least Square (From 4 Pts On PL_FIXTURE) 
Circle,CIR_8,X,-272.788,-272.700,-0.088,,,,
Circle,CIR_8,Z,236.110,236.100,0.010,,,,
Circle,CIR_9,DIAM,7.101,7.100,0.001,-0.100,0.100,,Criterion : Least Square (From 4 Pts On PL_FIXTURE) 
Circle,CIR_9,X,-272.843,-272.679,-0.164,,,,
Circle,CIR_9,Z,315.219,315.140,0.079,,,,
Circle,CIR_10,DIAM,7.103,7.100,0.003,-0.100,0.100,,Criterion : Least Square (From 4 Pts On PL_FIXTURE) 
Circle,CIR_10,X,-272.898,-272.700,-0.198,,,,
Circle,CIR_10,Z,394.258,394.100,0.158,,,,
Circle,CIR_11,DIAM,7.105,7.100,0.005,-0.100,0.100,,Criterion : Least Square (From 4 Pts On PL_FIXTURE) 
Circle,CIR_11,X,-254.684,-254.600,-0.084,,,,
Circle,CIR_11,Z,463.753,463.600,0.153,,,,
Circle,CIR_12,DIAM,7.093,7.100,-0.007,-0.100,0.100,,Criterion : Least Square (From 4 Pts On PL_FIXTURE) 
Circle,CIR_12,X,-166.927,-166.900,-0.027,,,,
Circle,CIR_12,Z,474.753,474.600,0.153,,,,
Circle,CIR_13,DIAM,7.101,7.100,0.001,-0.100,0.100,,Criterion : Least Square (From 4 Pts On PL_FIXTURE) 
Circle,CIR_13,X,-79.165,-79.300,0.135,,,,
Circle,CIR_13,Z,474.950,474.600,0.350,,,,
Circle,CIR_14,DIAM,8.089,8.000,0.089,-0.100,0.100,,Criterion : Least Square (From 4 Pts On PL_FIXTURE) 
Circle,CIR_14,X,-19.467,-19.500,0.033,,,,
Circle,CIR_14,Z,473.335,473.400,-0.065,,,,
Circle,CIR_15,DIAM,7.106,7.100,0.006,-0.100,0.100,,Criterion : Least Square (From 4 Pts On PL_FIXTURE) 
Circle,CIR_15,X,8.373,8.300,0.073,,,,
Circle,CIR_15,Z,470.719,470.600,0.119,,,,
Circle,CIR_16,DIAM,7.101,7.100,0.001,-0.100,0.100,,Criterion : Least Square (From 4 Pts On PL_FIXTURE) 
Circle,CIR_16,X,17.520,17.300,0.220,,,,
Circle,CIR_16,Z,387.572,387.400,0.172,,,,
Circle,CIR_17,DIAM,7.104,7.100,0.004,-0.100,0.100,,Criterion : Least Square (From 4 Pts On PL_FIXTURE) 
Circle,CIR_17,X,17.528,17.300,0.228,,,,
Circle,CIR_17,Z,304.264,304.200,0.064,,,,
Circle,CIR_18,DIAM,7.095,7.100,-0.005,-0.100,0.100,,Criterion : Least Square (From 4 Pts On PL_FIXTURE) 
Circle,CIR_18,X,17.501,17.300,0.201,,,,
Circle,CIR_18,Z,227.891,228.000,-0.109,,,,
Circle,CIR_19,DIAM,7.105,7.100,0.005,-0.100,0.100,,Criterion : Least Square (From 4 Pts On PL_FIXTURE) 
Circle,CIR_19,X,17.818,17.300,0.518,,,,
Circle,CIR_19,Z,151.846,152.000,-0.154,,,,
Circle,CIR_20,DIAM,7.107,7.100,0.007,-0.100,0.100,,Criterion : Least Square (From 4 Pts On PL_FIXTURE) 
Circle,CIR_20,X,17.982,17.300,0.682,,,,
Circle,CIR_20,Z,75.845,76.000,-0.155,,,,
Pos. Tol.,POS_1,PTOL,0.000,0.000,0.000,0.108,0.908,,CIR_1(M)/NOMINAL - CS_ABC - C-Zone - XZ - Nominal
Pos. Tol.,POS_2,PTOL,0.258,0.000,0.258,0.214,1.014,,CIR_2(M)/NOMINAL(M) - CS_ABC - C-Zone - XZ - Nominal
Pos. Tol.,POS_3,PTOL,0.139,0.000,0.139,0.209,1.009,,CIR_3(M)/NOMINAL(M) - CS_ABC - C-Zone - XZ - Nominal
Pos. Tol.,POS_4,PTOL,0.357,0.000,0.357,0.296,1.096,,CIR_4(M)/NOMINAL(M) - CS_ABC - C-Zone - XZ - Nominal
Pos. Tol.,POS_5,PTOL,0.583,0.000,0.583,0.207,1.007,,CIR_5(M)/NOMINAL(M) - CS_ABC - C-Zone - XZ - Nominal
Pos. Tol.,POS_6,PTOL,0.313,0.000,0.313,0.214,1.014,,CIR_6(M)/NOMINAL(M) - CS_ABC - C-Zone - XZ - Nominal
Pos. Tol.,POS_7,PTOL,0.470,0.000,0.470,0.205,1.005,,CIR_7(M)/NOMINAL(M) - CS_ABC - C-Zone - XZ - Nominal
Pos. Tol.,POS_8,PTOL,0.178,0.000,0.178,0.211,1.011,,CIR_8(M)/NOMINAL(M) - CS_ABC - C-Zone - XZ - Nominal
Pos. Tol.,POS_9,PTOL,0.365,0.000,0.365,0.210,1.010,,CIR_9(M)/NOMINAL(M) - CS_ABC - C-Zone - XZ - Nominal
Pos. Tol.,POS_10,PTOL,0.507,0.000,0.507,0.211,1.011,,CIR_10(M)/NOMINAL(M) - CS_ABC - C-Zone - XZ - Nominal
Pos. Tol.,POS_11,PTOL,0.350,0.000,0.350,0.213,1.013,,CIR_11(M)/NOMINAL(M) - CS_ABC - C-Zone - XZ - Nominal
Pos. Tol.,POS_12,PTOL,0.311,0.000,0.311,0.202,1.002,,CIR_12(M)/NOMINAL(M) - CS_ABC - C-Zone - XZ - Nominal
Pos. Tol.,POS_13,PTOL,0.751,0.000,0.751,0.209,1.009,,CIR_13(M)/NOMINAL(M) - CS_ABC - C-Zone - XZ - Nominal
Pos. Tol.,POS_14,PTOL,0.145,0.000,0.145,0.297,1.097,,CIR_14(M)/NOMINAL(M) - CS_ABC - C-Zone - XZ - Nominal
Pos. Tol.,POS_15,PTOL,0.280,0.000,0.280,0.214,1.014,,CIR_15(M)/NOMINAL(M) - CS_ABC - C-Zone - XZ - Nominal
Pos. Tol.,POS_16,PTOL,0.559,0.000,0.559,0.209,1.009,,CIR_16(M)/NOMINAL(M) - CS_ABC - C-Zone - XZ - Nominal
Pos. Tol.,POS_17,PTOL,0.474,0.000,0.474,0.212,1.012,,CIR_17(M)/NOMINAL(M) - CS_ABC - C-Zone - XZ - Nominal
Pos. Tol.,POS_18,PTOL,0.458,0.000,0.458,0.203,1.003,,CIR_18(M)/NOMINAL(M) - CS_ABC - C-Zone - XZ - Nominal
Pos. Tol.,POS_19,PTOL,1.081,0.000,1.081,0.213,1.013,0.067,CIR_19(M)/NOMINAL(M) - CS_ABC - C-Zone - XZ - Nominal
Pos. Tol.,POS_20,PTOL,1.398,0.000,1.398,0.216,1.016,0.383,CIR_20(M)/NOMINAL(M) - CS_ABC - C-Zone - XZ - Nominal
Perpend.,PERP_B,PERP,0.025,0.000,0.025,0.101,0.231,,CYL_B(M)/PL_FIXTURE - C-Zone - Cloud of Points 
Profile of Line,PROFILE_INSIDE_PAN_AT_GAGE,PRFL,2.136,0.000,2.136,0.000,3.000,,SECTION_INSIDE_2.5MM
Circle,CIR_21,DIAM,18.870,18.950,-0.080,-0.100,0.100,,Criterion : Least Square (From 20 Pts On PL_PLAST_TOP_21) 
Circle,CIR_21,X,-94.655,-94.500,-0.155,,,,
Circle,CIR_21,Z,123.116,123.400,-0.284,,,,
Circle,CIR_21_OD,DIAM,21.385,21.400,-0.015,-0.100,0.100,,Proj. CIR_21_OD / PL_DATUM_E.
Pos. Tol.,POS_21,PTOL,0.648,0.000,0.648,0.000,1.000,,CIR_21/NOMINAL - CS_ABC - C-Zone - XZ - Nominal
Coaxiality,CONCENTRICITY_21,COAX,0.118,0.000,0.118,0.000,0.300,,CIR_21_OD/CYL_D - C-Zone - Nominal
Distance,PROF_22.1,D1,10.145,10.300,-0.155,-0.250,0.250,,SRF_21.1 - PL_DATUM_E / CS_SRF_BF
Distance,PROF_22.2,D1,10.237,10.300,-0.063,-0.250,0.250,,SRF_21.2 - PL_DATUM_E / CS_SRF_BF
Distance,PROF_22.3,D1,10.172,10.300,-0.128,-0.250,0.250,,SRF_21.3 - PL_DATUM_E / CS_SRF_BF
Distance,PROF_22.4,D1,10.202,10.300,-0.098,-0.250,0.250,,SRF_21.4 - PL_DATUM_E / CS_SRF_BF
Distance,PROF_22.5,D1,10.211,10.300,-0.089,-0.250,0.250,,SRF_21.5 - PL_DATUM_E / CS_SRF_BF
Distance,PROF_22.6,D1,10.210,10.300,-0.090,-0.250,0.250,,SRF_21.6 - PL_DATUM_E / CS_SRF_BF
Distance,PROF_22.7,D1,10.254,10.300,-0.046,-0.250,0.250,,SRF_21.7 - PL_DATUM_E / CS_SRF_BF
Distance,PROF_22.8,D1,10.198,10.300,-0.102,-0.250,0.250,,SRF_21.8 - PL_DATUM_E / CS_SRF_BF
Distance,PROF_E.1,D1,177.310,178.558,-1.248,,,,SRF_E.1 - ORIGIN / CS_SRF_BF
Distance,PROF_E.1,Y,60.581,61.400,-0.819,-2.000,1.000,,
Distance,PROF_E.2,D1,179.191,180.424,-1.233,,,,SRF_E.2 - ORIGIN / CS_SRF_BF
Distance,PROF_E.2,Y,60.627,61.400,-0.773,-2.000,1.000,,
Distance,PROF_E.3,D1,180.894,182.116,-1.222,,,,SRF_E.3 - ORIGIN / CS_SRF_BF
Distance,PROF_E.3,Y,60.670,61.400,-0.730,-2.000,1.000,,
Distance,PROF_E.4,D1,154.828,156.154,-1.326,,,,SRF_E.4 - ORIGIN / CS_SRF_BF
Distance,PROF_E.4,Y,60.489,61.400,-0.911,-2.000,1.000,,
Distance,PROF_E.5,D1,152.939,154.303,-1.363,,,,SRF_E.5 - ORIGIN / CS_SRF_BF
Distance,PROF_E.5,Y,60.509,61.400,-0.891,-2.000,1.000,,
Distance,PROF_E.6,D1,151.290,152.659,-1.369,,,,SRF_E.6 - ORIGIN / CS_SRF_BF
Distance,PROF_E.6,Y,60.517,61.400,-0.883,-2.000,1.000,,
Distance,PROF_E.7,D1,168.801,170.175,-1.374,,,,SRF_E.7 - ORIGIN / CS_SRF_BF
Distance,PROF_E.7,Y,59.957,61.400,-1.443,-2.000,1.000,,
Distance,PROF_E.8,D1,169.171,170.585,-1.414,,,,SRF_E.8 - ORIGIN / CS_SRF_BF
Distance,PROF_E.8,Y,59.918,61.400,-1.482,-2.000,1.000,,
Distance,PROF_E.9,D1,169.571,170.474,-0.903,,,,SRF_E.9 - ORIGIN / CS_SRF_BF
Distance,PROF_E.9,Y,59.864,61.400,-1.536,-2.000,1.000,,
Section,SECTION_ZONE_1,MAX,1.107,0.000,1.107,-2.500,1.500,,15 Pts [0 < LT ; LT < 15 < UT ;  0 > UL]
Section,SECTION_ZONE_1,MIN,-0.408,0.000,-0.408,-2.500,1.500,,
Section,SECTION_ZONE_2,MAX,-0.661,0.000,-0.661,-3.000,1.000,,8 Pts [0 < LT ; LT < 8 < UT ;  0 > UL]
Section,SECTION_ZONE_2,MIN,-1.796,0.000,-1.796,-3.000,1.000,,
Section,SECTION_ZONE_3,MAX,-2.733,0.000,-2.733,-5.000,1.000,,1 Pts [0 < LT ; LT < 1 < UT ;  0 > UL]
Section,SECTION_ZONE_3,MIN,-2.733,0.000,-2.733,-5.000,1.000,,
Circle,CIR_22,DIAM,6.487,6.350,0.137,-0.100,0.100,0.037,Criterion : Least Square (From 6 Pts On PL_PLAST_22) 
Circle,CIR_22,Y,7.155,7.000,0.155,,,,
Circle,CIR_22,Z,429.484,429.300,0.184,,,,
Circle,CIR_23,DIAM,6.290,6.350,-0.060,-0.100,0.100,,Criterion : Least Square (From 6 Pts On PL_PLAST_23) 
Circle,CIR_23,Y,7.002,7.000,0.002,,,,
Circle,CIR_23,Z,354.450,354.400,0.050,,,,
Circle,CIR_24,DIAM,6.479,6.350,0.129,-0.100,0.100,0.029,Criterion : Least Square (From 6 Pts On PL_PLAST_24) 
Circle,CIR_24,Y,7.048,7.000,0.048,,,,
Circle,CIR_24,Z,196.376,196.600,-0.224,,,,
Circle,CIR_25,DIAM,6.380,6.350,0.030,-0.100,0.100,,Criterion : Least Square (From 6 Pts On PL_PLAST_25) 
Circle,CIR_25,Y,7.043,7.000,0.043,,,,
Circle,CIR_25,Z,28.173,28.600,-0.427,,,,
Circle,CIR_26,DIAM,6.446,6.350,0.096,-0.100,0.100,,Criterion : Least Square (From 6 Pts On PL_PLAST_26) 
Circle,CIR_26,Y,6.901,7.000,-0.099,,,,
Circle,CIR_26,Z,266.025,266.100,-0.075,,,,
Circle,CIR_27,DIAM,6.436,6.350,0.086,-0.100,0.100,,Criterion : Least Square (From 6 Pts On PL_PLAST_27) 
Circle,CIR_27,Y,6.811,7.000,-0.189,,,,
Circle,CIR_27,Z,345.736,345.800,-0.064,,,,
Circle,CIR_28,DIAM,6.300,6.350,-0.050,-0.100,0.100,,Criterion : Least Square (From 6 Pts On PL_PLAST_28) 
Circle,CIR_28,Y,6.982,7.000,-0.018,,,,
Circle,CIR_28,Z,429.083,429.000,0.083,,,,
Pos. Tol.,POS_22,PTOL,0.481,0.000,0.481,0.000,1.000,,CIR_22/NOMINAL - CS_ABC - C-Zone - YZ - Nominal
Pos. Tol.,POS_23,PTOL,0.101,0.000,0.101,0.000,1.000,,CIR_23/NOMINAL - CS_ABC - C-Zone - YZ - Nominal
Pos. Tol.,POS_24,PTOL,0.459,0.000,0.459,0.000,1.000,,CIR_24/NOMINAL - CS_ABC - C-Zone - YZ - Nominal
Pos. Tol.,POS_25,PTOL,0.858,0.000,0.858,0.000,1.000,,CIR_25/NOMINAL - CS_ABC - C-Zone - YZ - Nominal
Pos. Tol.,POS_26,PTOL,0.248,0.000,0.248,0.000,1.000,,CIR_26/NOMINAL - CS_ABC - C-Zone - YZ - Nominal
Pos. Tol.,POS_27,PTOL,0.399,0.000,0.399,0.000,1.000,,CIR_27/NOMINAL - CS_ABC - C-Zone - YZ - Nominal
Pos. Tol.,POS_28,PTOL,0.170,0.000,0.170,0.000,1.000,,CIR_28/NOMINAL - CS_ABC - C-Zone - YZ - Nominal
