Feat. Type,Feat. Name,Value,Actual,Nominal,Dev.,Tol-,Tol+,Out of Tol.,Comment
Text/Value,VAR_PROGRAM,VAL,,,,,,,'N:\Metrolog XG\Programmes\Ford 2L GTDI\Ford 2L GTDI Complete (Module 51).gm2'
Text/Value,VAR_EVENEMENT,VAL,,,,,,,'Demarrage '
Text/Value,VAR_COMMENTAIRES,VAL,,,,,,,'284C'
Distance,WIDTH_TB1,D1,3.119,3.000,0.119,-0.150,0.150,,P0W2.5_1.1 - PIW2.5_1.1 / CS_A_18
Distance,WIDTH_TB2,D1,2.997,3.000,-0.003,-0.150,0.150,,P0W2.5_1.2 - PIW2.5_1.2 / CS_A_18
Distance,WIDTH_TB3,D1,3.027,3.000,0.027,-0.150,0.150,,P0W2.5_1.3 - PIW2.5_1.3 / CS_A_18
Distance,WIDTH_TB4,D1,3.033,3.000,0.033,-0.150,0.150,,P0W2.5_1.4 - PIW2.5_1.4 / CS_A_18
Distance,WIDTH_TB5,D1,3.065,3.000,0.065,-0.150,0.150,,P0W2.5_1.5 - PIW2.5_1.5 / CS_A_18
Distance,WIDTH_TB6,D1,2.957,3.000,-0.043,-0.150,0.150,,P0W2.5_1.6 - PIW2.5_1.6 / CS_A_18
Distance,WIDTH_TB7,D1,3.007,3.000,0.007,-0.150,0.150,,P0W2.5_1.7 - PIW2.5_1.7 / CS_A_18
Distance,WIDTH_TB8,D1,3.004,3.000,0.004,-0.150,0.150,,P0W2.5_1.8 - PIW2.5_1.8 / CS_A_18
Distance,WIDTH_TB9,D1,2.990,3.000,-0.010,-0.150,0.150,,P0W2.5_1.9 - PIW2.5_1.9 / CS_A_18
Distance,WIDTH_TB10,D1,3.020,3.000,0.020,-0.150,0.150,,P0W2.5_1.10 - PIW2.5_1.10 / CS_A_18
Distance,WIDTH_TB11,D1,2.997,3.000,-0.003,-0.150,0.150,,P0W2.5_1.11 - PIW2.5_1.11 / CS_A_18
Distance,WIDTH_TB12,D1,3.063,3.000,0.063,-0.150,0.150,,P0W2.5_1.12 - PIW2.5_1.12 / CS_A_18
Distance,WIDTH_TB13,D1,3.051,3.000,0.051,-0.150,0.150,,P0W2.5_1.13 - PIW2.5_1.13 / CS_A_18
Distance,WIDTH_TB14,D1,3.058,3.000,0.058,-0.150,0.150,,P0W2.5_1.14 - PIW2.5_1.14 / CS_A_18
Distance,WIDTH_TB15,D1,3.041,3.000,0.041,-0.150,0.150,,P0W2.5_1.15 - PIW2.5_1.15 / CS_A_18
Distance,DEPTH_TB1,D1,4.544,4.500,0.044,-0.250,0.250,,PTB_BOT_1.1 - PL_D / CS_A_18
Distance,DEPTH_TB2,D1,4.496,4.500,-0.004,-0.250,0.250,,PTB_BOT_1.2 - PL_D / CS_A_18
Distance,DEPTH_TB3,D1,4.415,4.500,-0.085,-0.250,0.250,,PTB_BOT_1.3 - PL_D / CS_A_18
Distance,DEPTH_TB4,D1,4.441,4.500,-0.059,-0.250,0.250,,PTB_BOT_1.4 - PL_D / CS_A_18
Distance,DEPTH_TB5,D1,4.465,4.500,-0.035,-0.250,0.250,,PTB_BOT_1.5 - PL_D / CS_A_18
Distance,DEPTH_TB6,D1,4.440,4.500,-0.060,-0.250,0.250,,PTB_BOT_1.6 - PL_D / CS_A_18
Distance,DEPTH_TB7,D1,4.342,4.500,-0.158,-0.250,0.250,,PTB_BOT_1.7 - PL_D / CS_A_18
Distance,DEPTH_TB8,D1,4.215,4.500,-0.285,-0.250,0.250,-0.035,PTB_BOT_1.8 - PL_D / CS_A_18
Distance,DEPTH_TB9,D1,4.161,4.500,-0.339,-0.250,0.250,-0.089,PTB_BOT_1.9 - PL_D / CS_A_18
Distance,DEPTH_TB10,D1,4.248,4.500,-0.252,-0.250,0.250,-0.002,PTB_BOT_1.10 - PL_D / CS_A_18
Distance,DEPTH_TB11,D1,4.323,4.500,-0.177,-0.250,0.250,,PTB_BOT_1.11 - PL_D / CS_A_18
Distance,DEPTH_TB12,D1,4.424,4.500,-0.076,-0.250,0.250,,PTB_BOT_1.12 - PL_D / CS_A_18
Distance,DEPTH_TB13,D1,4.492,4.500,-0.008,-0.250,0.250,,PTB_BOT_1.13 - PL_D / CS_A_18
Distance,DEPTH_TB14,D1,4.511,4.500,0.011,-0.250,0.250,,PTB_BOT_1.14 - PL_D / CS_A_18
Distance,DEPTH_TB15,D1,4.570,4.500,0.070,-0.250,0.250,,PTB_BOT_1.15 - PL_D / CS_A_18
Circle,CIR_B,DIAM,7.777,7.800,-0.023,-0.100,0.100,,Criterion : Least Square (From 16 Pts On PL_FIXTURE) 
Circle,CIR_B,X,0.000,0.000,0.000,,,,
Circle,CIR_B,Z,0.000,0.000,0.000,,,,
Circle,CIR_A,DIAM,65.214,65.000,0.214,-0.500,0.500,,Criterion : Least Square (From 12 Pts On PL_D) 
Circle,CIR_A,X,0.161,-0.000,0.161,,,,
Circle,CIR_A,Y,133.019,133.293,-0.274,,,,
Circle,CIR_A,Z,195.558,195.188,0.370,,,,
Circle,CIR_18,X,32.689,32.500,0.189,,,,Criterion : Least Square (From 6 Pts On PL_INS_18) 
Circle,CIR_18,Y,165.185,165.616,-0.431,,,,
Circle,CIR_18,Z,199.131,198.583,0.548,,,,
Circle,CIR_19,X,32.731,32.500,0.231,,,,Criterion : Least Square (From 6 Pts On PL_INS_19) 
Circle,CIR_19,Y,100.666,101.325,-0.660,,,,
Circle,CIR_19,Z,192.187,191.830,0.357,,,,
Circle,CIR_16,X,-32.507,-32.500,-0.007,,,,Criterion : Least Square (From 6 Pts On PL_INS_16) 
Circle,CIR_16,Y,100.891,101.325,-0.435,,,,
Circle,CIR_16,Z,192.169,191.830,0.339,,,,
Circle,CIR_17,X,-32.581,-32.500,-0.081,,,,Criterion : Least Square (From 6 Pts On PL_INS_17) 
Circle,CIR_17,Y,165.651,165.615,0.036,,,,
Circle,CIR_17,Z,198.776,198.583,0.193,,,,
Circle,2D_CIR_18,X,32.525,32.500,0.025,,,,
Circle,2D_CIR_18,Y,32.366,32.500,-0.134,,,,
Circle,2D_CIR_19,X,32.699,32.500,0.199,,,,
Circle,2D_CIR_19,Y,-32.525,-32.500,-0.025,,,,
Circle,2D_CIR_16,X,-32.539,-32.500,-0.039,,,,
Circle,2D_CIR_16,Y,-32.437,-32.500,0.063,,,,
Circle,2D_CIR_17,X,-32.747,-32.500,-0.247,,,,
Circle,2D_CIR_17,Y,32.659,32.500,0.159,,,,
Distance,WIDTH_C,D1,7.397,7.200,0.197,-0.500,0.500,,SRF_C_TOP - SRF_C_DOWN / CS_ABC
Distance,H_18,Z,0.227,0.000,0.227,0.000,0.500,,CIR_18 - PL_PLAST_18 / CS_DE_BF
Distance,H_19,Z,0.171,-0.000,0.171,0.000,0.500,,CIR_19 - PL_PLAST_19 / CS_DE_BF
Distance,H_16,Z,0.135,-0.000,0.135,0.000,0.500,,CIR_16 - PL_PLAST_16 / CS_DE_BF
Distance,H_17,Z,0.201,0.000,0.201,0.000,0.500,,CIR_17 - PL_PLAST_17 / CS_DE_BF
Point,PNT_C_PRJ_FIXT,X,185.125,185.000,0.125,,,,Proj. PNT_MID_C / PL_FIXTURE.
Pos. Tol.,POS_B,PTOL,0.000,0.000,0.000,0.000,0.300,,CIR_B/NOMINAL - CS_ABC - C-Zone - XZ - Nominal
Pos. Tol.,POS_C,PTOL,0.250,0.000,0.250,0.000,0.500,,PNT_C_PRJ_FIXT/NOMINAL - CS_ABC - P-Zone - X - Nominal
Pos. Tol.,POS_A,PTOL,0.977,0.000,0.977,0.000,3.000,,CIR_A/NOMINAL - CS_ABC - C-Zone - XYZ - Nominal
Pos. Tol.,POS_16,PTOL,1.102,0.000,1.102,0.000,3.000,,CIR_16/NOMINAL - CS_ABC - C-Zone - XYZ - Nominal
Pos. Tol.,POS_17,PTOL,0.424,0.000,0.424,0.000,3.000,,CIR_17/NOMINAL - CS_ABC - C-Zone - XYZ - Nominal
Pos. Tol.,POS_18,PTOL,1.445,0.000,1.445,0.000,3.000,,CIR_18/NOMINAL - CS_ABC - C-Zone - XYZ - Nominal
Pos. Tol.,POS_19,PTOL,1.570,0.000,1.570,0.000,3.000,,CIR_19/NOMINAL - CS_ABC - C-Zone - XYZ - Nominal
Pos. Tol.,POS_2D_16,PTOL,0.148,0.000,0.148,0.000,0.500,,2D_CIR_16/NOMINAL - CS_DE_BF - C-Zone - XY - Nominal
Pos. Tol.,POS_2D_17,PTOL,0.588,0.000,0.588,0.000,0.500,0.088,2D_CIR_17/NOMINAL - CS_DE_BF - C-Zone - XY - Nominal
Pos. Tol.,POS_2D_18,PTOL,0.273,0.000,0.273,0.000,0.500,,2D_CIR_18/NOMINAL - CS_DE_BF - C-Zone - XY - Nominal
Pos. Tol.,POS_2D_19,PTOL,0.400,0.000,0.400,0.000,0.500,,2D_CIR_19/NOMINAL - CS_DE_BF - C-Zone - XY - Nominal
Flatness,FLATNESS_D,FLTN,0.397,0.000,0.397,0.000,1.000,,PL_D
