Feat. Type,Feat. Name,Value,Actual,Nominal,Dev.,Tol-,Tol+,Out of Tol.,Comment
Text/Value,VAR_PROGRAM,VAL,,,,,,,'N:\Metrolog XG\Programmes\Corvette LT1\Corvette LT1 Free State Boss Height (Module 44).gm2'
Text/Value,VAR_EVENEMENT,VAL,,,,,,,'FIP:5628 304A'
Text/Value,VAR_COMMENTAIRES,VAL,,,,,,,'304B'
Flatness,FLAT_DATUM_A,FLTN,0.351,0.000,0.351,0.000,2.000,,PL_DATUM_A
Flatness,FLAT_DATUM_B,FLTN,0.428,0.000,0.428,0.000,2.000,,PL_DATUM_B
Text/Value,H_PLASTIC_1,VAL,145.485191,145.620000,-0.134809,-0.375000,0.375000,,
Text/Value,H_PLASTIC_2,VAL,145.485279,145.620000,-0.134721,-0.375000,0.375000,,
Text/Value,H_PLASTIC_3,VAL,145.585083,145.620000,-0.034917,-0.375000,0.375000,,
Text/Value,H_PLASTIC_4,VAL,145.485458,145.620000,-0.134542,-0.375000,0.375000,,
Text/Value,H_PLASTIC_5,VAL,145.560105,145.620000,-0.059895,-0.375000,0.375000,,
Text/Value,H_PLASTIC_6,VAL,145.383929,145.620000,-0.236071,-0.375000,0.375000,,
Text/Value,H_PLASTIC_7,VAL,145.368132,145.620000,-0.251868,-0.375000,0.375000,,
Text/Value,H_PLASTIC_8,VAL,145.493540,145.620000,-0.126460,-0.375000,0.375000,,
Text/Value,H_PLASTIC_9,VAL,145.314428,145.620000,-0.305572,-0.375000,0.375000,,
Text/Value,H_PLASTIC_10,VAL,145.559235,145.620000,-0.060765,-0.375000,0.375000,,
