Feat. Type,Feat. Name,Value,Actual,Nominal,Dev.,Tol-,Tol+,Out of Tol.,Comment
Text/Value,VAR_PROGRAM,VAL,,,,,,,'N:\Metrolog XG\Programmes\Ford Transmission Pan 10R80\Ford Transmission Pan 10R80 Free State Cavit� 2 (Module_44).gm2'
Text/Value,VAR_EVENEMENT,VAL,,,,,,,'FIP-05585 Cav 2'
Text/Value,VAR_COMMENTAIRES,VAL,,,,,,,'292 C'
Flatness,FLAT_A,FLTN,1.770,0.000,1.770,0.000,3.500,,PL_DATUM_A
Flatness,FLAT_A_SECT_1,FLTN,0.207,0.000,0.207,0.000,1.750,,PL_DATUM_A_SECT_1
Flatness,FLAT_A_SECT_2,FLTN,1.087,0.000,1.087,0.000,1.750,,PL_DATUM_A_SECT_2
Flatness,FLAT_A_SECT_3,FLTN,1.358,0.000,1.358,0.000,1.750,,PL_DATUM_A_SECT_3
Flatness,FLAT_A_SECT_4,FLTN,0.177,0.000,0.177,0.000,1.750,,PL_DATUM_A_SECT_4
