Feat. Type,Feat. Name,Value,Actual,Nominal,Dev.,Tol-,Tol+,Out of Tol.,Comment
Text/Value,VAR_PROGRAM,VAL,,,,,,,'N:\Metrolog XG\Programmes\Mercury Marine Great White V8\Mercury Marine Great White V8 Plenum (Module 51).gm2'
Text/Value,VAR_EVENEMENT,VAL,,,,,,,'PPAP'
Text/Value,VAR_COMMENTAIRES,VAL,,,,,,,'Part No.1'
Text/Value,FLAT_A,VAL,0.029093,0.000000,0.029093,0.000000,0.500000,,
Circle,CIR_B,DIAM,8.133,8.200,-0.067,-0.100,0.100,,Criterion : Least Square (From 4 Pts On PL_FIXTURE) 
Circle,CIR_C,DIAM,7.503,7.600,-0.097,-0.100,0.100,,Criterion : Least Square (From 4 Pts On PL_FIXTURE) 
Circle,CIR_C,X,-236.479,-236.400,-0.079,,,,
Circle,CIR_C,Z,-410.738,-410.600,-0.138,,,,
Pos. Tol.,POS_C,PTOL,0.318,0.000,0.318,0.000,0.667,,CIR_C/NOMINAL - CS_ABC - C-Zone - XZ - Nominal
Circle,CIR1,X,-2.216,-2.000,-0.216,,,,From 4 Pts On PL_FIXTURE
Circle,CIR1,Z,-13.089,-12.928,-0.161,,,,
Pos. Tol.,POS_1,PTOL,0.540,0.000,0.540,0.000,1.367,,CIR1/NOMINAL - CS_ABC - C-Zone - XZ - Nominal
Circle,CIR2,X,-1.690,-1.928,0.238,,,,From 4 Pts On PL_FIXTURE
Circle,CIR2,Z,-112.989,-113.000,0.011,,,,
Pos. Tol.,POS_2,PTOL,0.477,0.000,0.477,0.000,1.367,,CIR2/NOMINAL - CS_ABC - C-Zone - XZ - Nominal
Circle,CIR3,X,-1.601,-2.072,0.471,,,,From 4 Pts On PL_FIXTURE
Circle,CIR3,Z,-213.002,-213.000,-0.002,,,,
Pos. Tol.,POS_3,PTOL,0.942,0.000,0.942,0.000,1.367,,CIR3/NOMINAL - CS_ABC - C-Zone - XZ - Nominal
Circle,CIR4,X,5.044,4.487,0.556,,,,From 4 Pts On PL_FIXTURE
Circle,CIR4,Z,-297.621,-297.428,-0.193,,,,
Pos. Tol.,POS_4,PTOL,1.178,0.000,1.178,0.000,1.367,,CIR4/NOMINAL - CS_ABC - C-Zone - XZ - Nominal
Circle,CIR5,X,24.735,24.458,0.277,,,,From 4 Pts On PL_FIXTURE
Circle,CIR5,Z,-360.062,-359.678,-0.385,,,,
Pos. Tol.,POS_5,PTOL,0.949,0.000,0.949,0.000,1.367,,CIR5/NOMINAL - CS_ABC - C-Zone - XZ - Nominal
Circle,CIR6,X,4.795,4.488,0.307,,,,From 4 Pts On PL_FIXTURE
Circle,CIR6,Z,-462.794,-462.500,-0.294,,,,
Pos. Tol.,POS_6,PTOL,0.850,0.000,0.850,0.000,1.367,,CIR6/NOMINAL - CS_ABC - C-Zone - XZ - Nominal
Circle,CIR7,X,-55.647,-55.780,0.132,,,,From 4 Pts On PL_FIXTURE
Circle,CIR7,Z,-437.073,-436.677,-0.396,,,,
Pos. Tol.,POS_7,PTOL,0.836,0.000,0.836,0.000,1.367,,CIR7/NOMINAL - CS_ABC - C-Zone - XZ - Nominal
Circle,CIR8,X,-137.636,-137.772,0.135,,,,From 4 Pts On PL_FIXTURE
Circle,CIR8,Z,-437.072,-436.750,-0.322,,,,
Pos. Tol.,POS_8,PTOL,0.698,0.000,0.698,0.000,1.367,,CIR8/NOMINAL - CS_ABC - C-Zone - XZ - Nominal
Circle,CIR9,X,-201.307,-201.348,0.041,,,,From 4 Pts On PL_FIXTURE
Circle,CIR9,Z,-465.322,-465.046,-0.277,,,,
Pos. Tol.,POS_9,PTOL,0.559,0.000,0.559,0.000,1.367,,CIR9/NOMINAL - CS_ABC - C-Zone - XZ - Nominal
Circle,CIR10,X,-234.499,-234.502,0.003,,,,From 4 Pts On PL_FIXTURE
Circle,CIR10,Z,-397.678,-397.570,-0.108,,,,
Pos. Tol.,POS_10,PTOL,0.217,0.000,0.217,0.000,1.367,,CIR10/NOMINAL - CS_ABC - C-Zone - XZ - Nominal
Circle,CIR11,X,-202.309,-202.118,-0.191,,,,From 4 Pts On PL_FIXTURE
Circle,CIR11,Z,-309.054,-308.815,-0.240,,,,
Pos. Tol.,POS_11,PTOL,0.613,0.000,0.613,0.000,1.367,,CIR11/NOMINAL - CS_ABC - C-Zone - XZ - Nominal
Circle,CIR12,X,-191.816,-191.488,-0.328,,,,From 4 Pts On PL_FIXTURE
Circle,CIR12,Z,-210.890,-210.847,-0.043,,,,
Pos. Tol.,POS_12,PTOL,0.662,0.000,0.662,0.000,1.367,,CIR12/NOMINAL - CS_ABC - C-Zone - XZ - Nominal
Circle,CIR13,X,-191.499,-191.488,-0.011,,,,From 4 Pts On PL_FIXTURE
Circle,CIR13,Z,-113.117,-113.000,-0.117,,,,
Pos. Tol.,POS_13,PTOL,0.234,0.000,0.234,0.000,1.367,,CIR13/NOMINAL - CS_ABC - C-Zone - XZ - Nominal
Circle,CIR14,X,-191.627,-191.488,-0.139,,,,From 4 Pts On PL_FIXTURE
Circle,CIR14,Z,-13.092,-13.000,-0.092,,,,
Pos. Tol.,POS_14,PTOL,0.334,0.000,0.334,0.000,1.367,,CIR14/NOMINAL - CS_ABC - C-Zone - XZ - Nominal
Circle,CIR15,X,-145.059,-145.008,-0.052,,,,From 4 Pts On PL_FIXTURE
Circle,CIR15,Z,37.702,37.572,0.130,,,,
Pos. Tol.,POS_15,PTOL,0.279,0.000,0.279,0.000,1.367,,CIR15/NOMINAL - CS_ABC - C-Zone - XZ - Nominal
Circle,CIR16,X,-48.400,-48.408,0.008,,,,From 4 Pts On PL_FIXTURE
Circle,CIR16,Z,37.714,37.572,0.142,,,,
Pos. Tol.,POS_16,PTOL,0.285,0.000,0.285,0.000,1.367,,CIR16/NOMINAL - CS_ABC - C-Zone - XZ - Nominal
Distance,FLANGE_WIDTH_1,D1,3.112,3.000,0.112,-0.300,0.300,,SRF_FL_IW_GAGE_1 - SRF_FL_OW_GAGE_1 / CS_ABC
Distance,FLANGE_DEPTH_1,D1,4.927,5.000,-0.073,-0.300,0.300,,SRF_FL_DP_1 - PL_FIXTURE / CS_ABC
Flatness,FLATNESS_DATUM_H,FLTN,0.793,0.000,0.793,0.000,0.800,,PL_DATUM_L
Profile of Line,PROFILE_SURFACE_H,PRFL,1.023,0.000,1.023,0.000,1.500,,SECT_SRF_H
Pos. Tol.,POS_30,PTOL,0.462,0.000,0.462,0.000,1.667,,CIR_30/NOMINAL - CS_HKL_BF - C-Zone - YZ - Nominal
Pos. Tol.,POS_31,PTOL,1.253,0.000,1.253,0.000,1.667,,CIR_31/NOMINAL - CS_HKL_BF - C-Zone - YZ - Nominal
Pos. Tol.,POS_32,PTOL,0.857,0.000,0.857,0.000,1.667,,CIR_32/NOMINAL - CS_HKL_BF - C-Zone - YZ - Nominal
Pos. Tol.,POS_33,PTOL,0.908,0.000,0.908,0.000,1.667,,CIR_33/NOMINAL - CS_HKL_BF - C-Zone - YZ - Nominal
Pos. Tol.,POS_34,PTOL,0.863,0.000,0.863,0.000,1.667,,CIR_34/NOMINAL - CS_HKL_BF - C-Zone - YZ - Nominal
Pos. Tol.,POS_35,PTOL,0.428,0.000,0.428,0.000,1.667,,CIR_35/NOMINAL - CS_HKL_BF - C-Zone - YZ - Nominal
Pos. Tol.,POS_36,PTOL,0.294,0.000,0.294,0.000,1.667,,CIR_36/NOMINAL - CS_HKL_BF - C-Zone - YZ - Nominal
Circle,CIR_30,X,-166.886,-167.030,0.144,,,,Criterion : Least Square (From 6 Pts On PL_INS_30) 
Circle,CIR_30,Y,85.158,85.000,0.158,,,,
Circle,CIR_30,Z,-67.868,-67.700,-0.168,,,,
Circle,CIR_31,X,-166.898,-167.030,0.132,,,,Criterion : Least Square (From 6 Pts On PL_INS_31) 
Circle,CIR_31,Y,85.624,85.000,0.624,,,,
Circle,CIR_31,Z,-197.441,-197.500,0.059,,,,
Circle,CIR_32,X,-166.992,-167.030,0.038,,,,Criterion : Least Square (From 6 Pts On PL_INS_32) 
Circle,CIR_32,Y,85.427,85.000,0.427,,,,
Circle,CIR_32,Z,-327.270,-327.300,0.030,,,,
Circle,CIR_33,X,-166.966,-167.030,0.064,,,,Criterion : Least Square (From 6 Pts On PL_INS_33) 
Circle,CIR_33,Y,155.563,155.200,0.363,,,,
Circle,CIR_33,Z,-327.028,-327.300,0.272,,,,
Circle,CIR_34,X,-166.323,-167.030,0.707,,,,Criterion : Least Square (From 6 Pts On PL_INS_34) 
Circle,CIR_34,Y,155.587,155.200,0.387,,,,
Circle,CIR_34,Z,-260.209,-260.400,0.191,,,,
Circle,CIR_35,X,-166.573,-167.030,0.457,,,,Criterion : Least Square (From 6 Pts On PL_INS_35) 
Circle,CIR_35,Y,155.414,155.200,0.214,,,,
Circle,CIR_35,Z,-134.591,-134.600,0.009,,,,
Circle,CIR_36,X,-167.022,-167.030,0.008,,,,Criterion : Least Square (From 6 Pts On PL_INS_36) 
Circle,CIR_36,Y,155.344,155.200,0.144,,,,
Circle,CIR_36,Z,-69.729,-69.700,-0.029,,,,
Pos. Tol.,POS_2D_30,PTOL,0.358,0.000,0.358,0.000,1.000,,2D_CIR_30/NOMINAL - CS_HKL_BF - C-Zone - YZ - Nominal
Pos. Tol.,POS_2D_31,PTOL,0.594,0.000,0.594,0.000,1.000,,2D_CIR_31/NOMINAL - CS_HKL_BF - C-Zone - YZ - Nominal
Pos. Tol.,POS_2D_32,PTOL,0.101,0.000,0.101,0.000,1.000,,2D_CIR_32/NOMINAL - CS_HKL_BF - C-Zone - YZ - Nominal
Pos. Tol.,POS_2D_33,PTOL,0.433,0.000,0.433,0.000,1.000,,2D_CIR_33/NOMINAL - CS_HKL_BF - C-Zone - YZ - Nominal
Pos. Tol.,POS_2D_34,PTOL,0.213,0.000,0.213,0.000,1.000,,2D_CIR_34/NOMINAL - CS_HKL_BF - C-Zone - YZ - Nominal
Pos. Tol.,POS_2D_35,PTOL,0.179,0.000,0.179,0.000,1.000,,2D_CIR_35/NOMINAL - CS_HKL_BF - C-Zone - YZ - Nominal
Pos. Tol.,POS_2D_36,PTOL,0.247,0.000,0.247,0.000,1.000,,2D_CIR_36/NOMINAL - CS_HKL_BF - C-Zone - YZ - Nominal
Circle,2D_CIR_30,Y,84.968,85.000,-0.032,,,,
Circle,2D_CIR_30,Z,-67.876,-67.700,-0.176,,,,
Circle,2D_CIR_31,Y,85.293,85.000,0.293,,,,
Circle,2D_CIR_31,Z,-197.450,-197.500,0.050,,,,
Circle,2D_CIR_32,Y,84.955,85.000,-0.045,,,,
Circle,2D_CIR_32,Z,-327.278,-327.300,0.022,,,,
Circle,2D_CIR_33,Y,155.091,155.200,-0.109,,,,
Circle,2D_CIR_33,Z,-327.113,-327.300,0.187,,,,
Circle,2D_CIR_34,Y,155.189,155.200,-0.011,,,,
Circle,2D_CIR_34,Z,-260.294,-260.400,0.106,,,,
Circle,2D_CIR_35,Y,155.152,155.200,-0.048,,,,
Circle,2D_CIR_35,Z,-134.675,-134.600,-0.075,,,,
Circle,2D_CIR_36,Y,155.152,155.200,-0.048,,,,
Circle,2D_CIR_36,Z,-69.813,-69.700,-0.113,,,,
Distance,H_30,X,0.144,0.000,0.144,0.000,0.300,,CIR_30 - PL_PLAST_30 / CS_L_INS_H
Distance,H_31,X,0.184,0.000,0.184,0.000,0.300,,CIR_31 - PL_PLAST_31 / CS_L_INS_H
Distance,H_32,X,0.234,0.000,0.234,0.000,0.300,,CIR_32 - PL_PLAST_32 / CS_L_INS_H
Distance,H_33,X,0.170,0.000,0.170,0.000,0.300,,CIR_33 - PL_PLAST_33 / CS_L_INS_H
Distance,H_34,X,0.116,0.000,0.116,0.000,0.300,,CIR_34 - PL_PLAST_34 / CS_L_INS_H
Distance,H_35,X,0.149,0.000,0.149,0.000,0.300,,CIR_35 - PL_PLAST_35 / CS_L_INS_H
Distance,H_36,X,0.227,0.000,0.227,0.000,0.300,,CIR_36 - PL_PLAST_36 / CS_L_INS_H
Pos. Tol.,POS_37,PTOL,0.435,0.000,0.435,0.000,2.000,,CIR_37/NOMINAL - CS_HKL_BF - C-Zone - YZ - Nominal
Circle,CIR_37,DIAM,8.621,8.670,-0.049,-0.100,0.100,,Criterion : Least Square (From 8 Pts On PL_PLAST_37) 
Circle,CIR_37,X,-181.443,-182.800,1.357,,,,
Circle,CIR_37,Y,172.793,173.000,-0.207,,,,
Circle,CIR_37,Z,-159.565,-159.500,-0.065,,,,
Pos. Tol.,POS_38,PTOL,0.503,0.000,0.503,0.000,3.167,,CIR_38/NOMINAL - CS_HKL_BF - C-Zone - YZ - Nominal
Pos. Tol.,POS_17,PTOL,1.056,0.000,1.056,0.000,3.167,,CIR_17/NOMINAL - CS_HKL_BF - C-Zone - YZ - Nominal
Circle,CIR_38,X,-189.926,-190.530,0.604,,,,Criterion : Least Square (From 8 Pts On PL_INS_38) 
Circle,CIR_38,Y,43.252,43.500,-0.248,,,,
Circle,CIR_38,Z,-250.157,-250.200,0.043,,,,
Circle,CIR_17,X,-190.574,-191.300,0.726,,,,Criterion : Least Square (From 6 Pts On PL_INS_17) 
Circle,CIR_17,Y,26.410,26.900,-0.490,,,,
Circle,CIR_17,Z,-40.596,-40.400,-0.196,,,,
Distance,H_38,X,0.173,0.000,0.173,0.000,0.300,,CIR_38 - PL_PLAST_38 / CS_38_INS_H
Distance,H_17,X,0.093,0.000,0.093,0.000,0.300,,CIR_17 - PL_PLAST_17 / CS_38_INS_H
Flatness,FLATNESS_DATUM_G,FLTN,0.671,0.000,0.671,0.000,0.800,,PL_DATUM_K
Profile of Line,PROFILE_SURFACE_G,PRFL,0.933,0.000,0.933,0.000,1.500,,SECT_SRF_G
Pos. Tol.,POS_39,PTOL,0.266,0.000,0.266,0.000,1.667,,CIR_39/NOMINAL - CS_ABC - C-Zone - YZ - Nominal
Pos. Tol.,POS_40,PTOL,1.425,0.000,1.425,0.000,1.667,,CIR_40/NOMINAL - CS_ABC - C-Zone - YZ - Nominal
Pos. Tol.,POS_41,PTOL,0.911,0.000,0.911,0.000,1.667,,CIR_41/NOMINAL - CS_ABC - C-Zone - YZ - Nominal
Pos. Tol.,POS_42,PTOL,0.549,0.000,0.549,0.000,1.667,,CIR_42/NOMINAL - CS_ABC - C-Zone - YZ - Nominal
Pos. Tol.,POS_43,PTOL,0.635,0.000,0.635,0.000,1.667,,CIR_43/NOMINAL - CS_ABC - C-Zone - YZ - Nominal
Pos. Tol.,POS_44,PTOL,0.796,0.000,0.796,0.000,1.667,,CIR_44/NOMINAL - CS_ABC - C-Zone - YZ - Nominal
Pos. Tol.,POS_45,PTOL,0.437,0.000,0.437,0.000,1.667,,CIR_45/NOMINAL - CS_ABC - C-Zone - YZ - Nominal
Circle,CIR_39,X,-26.312,-26.530,0.218,,,,Criterion : Least Square (From 6 Pts On PL_INS_39) 
Circle,CIR_39,Y,84.895,85.000,-0.105,,,,
Circle,CIR_39,Z,-67.782,-67.700,-0.082,,,,
Circle,CIR_40,X,-26.506,-26.530,0.024,,,,Criterion : Least Square (From 6 Pts On PL_INS_40) 
Circle,CIR_40,Y,85.710,85.000,0.710,,,,
Circle,CIR_40,Z,-197.560,-197.500,-0.060,,,,
Circle,CIR_41,X,-26.401,-26.530,0.129,,,,Criterion : Least Square (From 6 Pts On PL_INS_41) 
Circle,CIR_41,Y,85.451,85.000,0.451,,,,
Circle,CIR_41,Z,-327.239,-327.300,0.061,,,,
Circle,CIR_42,X,-26.501,-26.530,0.029,,,,Criterion : Least Square (From 6 Pts On PL_INS_42) 
Circle,CIR_42,Y,155.334,155.200,0.134,,,,
Circle,CIR_42,Z,-325.540,-325.300,-0.240,,,,
Circle,CIR_43,X,-27.039,-26.530,-0.509,,,,Criterion : Least Square (From 6 Pts On PL_INS_43) 
Circle,CIR_43,Y,155.467,155.200,0.267,,,,
Circle,CIR_43,Z,-260.572,-260.400,-0.172,,,,
Circle,CIR_44,X,-26.707,-26.530,-0.177,,,,Criterion : Least Square (From 6 Pts On PL_INS_44) 
Circle,CIR_44,Y,155.462,155.200,0.262,,,,
Circle,CIR_44,Z,-134.300,-134.600,0.300,,,,
Circle,CIR_45,X,-26.243,-26.530,0.287,,,,Criterion : Least Square (From 6 Pts On PL_INS_45) 
Circle,CIR_45,Y,155.210,155.200,0.010,,,,
Circle,CIR_45,Z,-67.482,-67.700,0.218,,,,
Pos. Tol.,POS_2D_39,PTOL,0.415,0.000,0.415,0.000,1.000,,2D_CIR_39/NOMINAL - CS_GIJ - C-Zone - YZ - Nominal
Pos. Tol.,POS_2D_40,PTOL,0.927,0.000,0.927,0.000,1.000,,2D_CIR_40/NOMINAL - CS_GIJ - C-Zone - YZ - Nominal
Pos. Tol.,POS_2D_41,PTOL,0.233,0.000,0.233,0.000,1.000,,2D_CIR_41/NOMINAL - CS_GIJ - C-Zone - YZ - Nominal
Pos. Tol.,POS_2D_42,PTOL,0.762,0.000,0.762,0.000,1.000,,2D_CIR_42/NOMINAL - CS_GIJ - C-Zone - YZ - Nominal
Pos. Tol.,POS_2D_43,PTOL,0.434,0.000,0.434,0.000,1.000,,2D_CIR_43/NOMINAL - CS_GIJ - C-Zone - YZ - Nominal
Pos. Tol.,POS_2D_44,PTOL,0.552,0.000,0.552,0.000,1.000,,2D_CIR_44/NOMINAL - CS_GIJ - C-Zone - YZ - Nominal
Pos. Tol.,POS_2D_45,PTOL,0.404,0.000,0.404,0.000,1.000,,2D_CIR_45/NOMINAL - CS_GIJ - C-Zone - YZ - Nominal
Circle,2D_CIR_39,Y,84.796,85.000,-0.204,,,,
Circle,2D_CIR_39,Z,-67.739,-67.700,-0.039,,,,
Circle,2D_CIR_40,Y,85.463,85.000,0.463,,,,
Circle,2D_CIR_40,Z,-197.519,-197.500,-0.019,,,,
Circle,2D_CIR_41,Y,85.054,85.000,0.054,,,,
Circle,2D_CIR_41,Z,-327.197,-327.300,0.103,,,,
Circle,2D_CIR_42,Y,154.939,155.200,-0.261,,,,
Circle,2D_CIR_42,Z,-325.577,-325.300,-0.277,,,,
Circle,2D_CIR_43,Y,155.149,155.200,-0.051,,,,
Circle,2D_CIR_43,Z,-260.611,-260.400,-0.211,,,,
Circle,2D_CIR_44,Y,155.288,155.200,0.088,,,,
Circle,2D_CIR_44,Z,-134.339,-134.600,0.261,,,,
Circle,2D_CIR_45,Y,155.110,155.200,-0.090,,,,
Circle,2D_CIR_45,Z,-67.519,-67.700,0.181,,,,
Distance,H_39,X,0.158,0.000,0.158,0.000,0.300,,CIR_39 - PL_PLAST_39 / CS_K_INS_H
Distance,H_40,X,0.117,0.000,0.117,0.000,0.300,,CIR_40 - PL_PLAST_40 / CS_K_INS_H
Distance,H_41,X,0.156,0.000,0.156,0.000,0.300,,CIR_41 - PL_PLAST_41 / CS_K_INS_H
Distance,H_42,X,0.136,0.000,0.136,0.000,0.300,,CIR_42 - PL_PLAST_42 / CS_K_INS_H
Distance,H_43,X,0.131,0.000,0.131,0.000,0.300,,CIR_43 - PL_PLAST_43 / CS_K_INS_H
Distance,H_44,X,0.116,0.000,0.116,0.000,0.300,,CIR_44 - PL_PLAST_44 / CS_K_INS_H
Distance,H_45,X,0.145,0.000,0.145,0.000,0.300,,CIR_45 - PL_PLAST_45 / CS_K_INS_H
Pos. Tol.,POS_47,PTOL,0.514,0.000,0.514,0.000,3.167,,CIR_47/NOMINAL - CS_ABC - C-Zone - YZ - Nominal
Pos. Tol.,POS_48,PTOL,1.124,0.000,1.124,0.000,2.167,,CIR_48/NOMINAL - CS_ABC - C-Zone - YZ - Nominal
Pos. Tol.,POS_49,PTOL,0.468,0.000,0.468,0.000,2.167,,CIR_49/NOMINAL - CS_ABC - C-Zone - YZ - Nominal
Pos. Tol.,POS_50,PTOL,1.254,0.000,1.254,0.000,2.167,,CIR_50/NOMINAL - CS_ABC - C-Zone - YZ - Nominal
Circle,CIR_47,X,-3.339,-3.300,-0.039,,,,Criterion : Least Square (From 8 Pts On PL_INS_47) 
Circle,CIR_47,Y,43.245,43.500,-0.255,,,,
Circle,CIR_47,Z,-250.233,-250.200,-0.033,,,,
Circle,CIR_48,X,-2.628,-2.000,-0.628,,,,Criterion : Least Square (From 8 Pts On PL_INS_48) 
Circle,CIR_48,Y,36.145,36.700,-0.555,,,,
Circle,CIR_48,Z,-53.185,-53.100,-0.085,,,,
Circle,CIR_49,X,12.733,13.400,-0.667,,,,Criterion : Least Square (From 8 Pts On PL_INS_49) 
Circle,CIR_49,Y,11.040,11.000,0.040,,,,
Circle,CIR_49,Z,-40.730,-40.500,-0.230,,,,
Circle,CIR_50,X,13.403,13.400,0.003,,,,Criterion : Least Square (From 8 Pts On PL_INS_50) 
Circle,CIR_50,Y,10.978,11.000,-0.022,,,,
Circle,CIR_50,Z,5.873,6.500,-0.627,,,,
Distance,H_47,X,0.130,0.000,0.130,0.000,0.300,,CIR_47 - PL_PLAST_47 / CS_ABC
Distance,H_48,X,0.165,0.000,0.165,0.000,0.300,,CIR_48 - PL_PLAST_48 / CS_ABC
Distance,H_49,X,0.158,0.000,0.158,0.000,0.300,,CIR_49 - PL_PLAST_49 / CS_ABC
Distance,H_50,X,0.148,0.000,0.148,0.000,0.300,,CIR_50 - PL_PLAST_50 / CS_ABC
Pos. Tol.,POS_46,PTOL,0.395,0.000,0.395,0.000,2.167,,CIR_46/NOMINAL - CS_ABC - C-Zone - YZ - Nominal
Circle,CIR_46,DIAM,8.208,8.500,-0.292,-0.300,0.300,,Inters. PL_PLAST_46 - CYL_46.
Circle,CIR_46,X,-13.810,-12.900,-0.910,-1.500,1.500,,
Circle,CIR_46,Y,172.927,173.000,-0.073,,,,
Circle,CIR_46,Z,-159.316,-159.500,0.184,,,,
Flatness,FLATNESS_DATUM_D,FLTN,0.266,0.000,0.266,0.000,0.500,,PL_DATUM_D
Profile of Line,PROFILE_SURFACE_D,PRFL,1.186,0.000,1.186,0.000,2.000,,SECT_SRF_D
Circle,CIR_52,X,-51.202,-51.300,0.098,,,,Criterion : Least Square (From 6 Pts On PL_INS_52) 
Circle,CIR_52,Y,175.377,175.500,-0.123,,,,
Circle,CIR_52,Z,-56.275,-56.450,0.175,,,,
Circle,CIR_53,X,-63.833,-63.800,-0.033,,,,Criterion : Least Square (From 6 Pts On PL_INS_53) 
Circle,CIR_53,Y,81.544,81.500,0.044,,,,
Circle,CIR_53,Z,-56.961,-56.450,-0.511,,,,
Circle,CIR_54,X,-142.778,-142.800,0.022,,,,Criterion : Least Square (From 6 Pts On PL_INS_54) 
Circle,CIR_54,Y,81.357,81.500,-0.143,,,,
Circle,CIR_54,Z,-56.978,-56.450,-0.528,,,,
Circle,CIR_55,X,-164.172,-164.300,0.128,,,,Criterion : Least Square (From 6 Pts On PL_INS_55) 
Circle,CIR_55,Y,175.557,175.500,0.057,,,,
Circle,CIR_55,Z,-56.656,-56.450,-0.206,,,,
Pos. Tol.,POS_52,PTOL,0.314,0.000,0.314,0.000,2.000,,CIR_52/NOMINAL - CS_ABC - C-Zone - XY - Nominal
Pos. Tol.,POS_53,PTOL,0.111,0.000,0.111,0.000,2.000,,CIR_53/NOMINAL - CS_ABC - C-Zone - XY - Nominal
Pos. Tol.,POS_54,PTOL,0.289,0.000,0.289,0.000,2.000,,CIR_54/NOMINAL - CS_ABC - C-Zone - XY - Nominal
Pos. Tol.,POS_55,PTOL,0.280,0.000,0.280,0.000,2.000,,CIR_55/NOMINAL - CS_ABC - C-Zone - XY - Nominal
Circle,2D_CIR_51,DIAM,85.396,85.070,0.326,-0.500,0.500,,
Circle,2D_CIR_51,X,56.657,56.500,0.157,,,,
Circle,2D_CIR_51,Y,-34.988,-35.000,0.012,,,,
Circle,2D_CIR_52,X,112.965,113.000,-0.035,,,,
Circle,2D_CIR_52,Y,-0.036,0.000,-0.036,,,,
Circle,2D_CIR_53,X,100.414,100.500,-0.086,,,,
Circle,2D_CIR_53,Y,-93.882,-94.000,0.118,,,,
Circle,2D_CIR_54,X,21.469,21.500,-0.031,,,,
Circle,2D_CIR_54,Y,-94.138,-94.000,-0.138,,,,
Circle,2D_CIR_55,X,-0.005,0.000,-0.005,,,,
Circle,2D_CIR_55,Y,0.044,0.000,0.044,,,,
Pos. Tol.,POS_2D_51,PTOL,0.315,0.000,0.315,0.000,1.000,,2D_CIR_51/NOMINAL - CS_DEF_BF - C-Zone - XY - Nominal
Pos. Tol.,POS_2D_52,PTOL,0.101,0.000,0.101,0.000,0.500,,2D_CIR_52/NOMINAL - CS_DEF_BF - C-Zone - XY - Nominal
Pos. Tol.,POS_2D_53,PTOL,0.291,0.000,0.291,0.000,0.500,,2D_CIR_53/NOMINAL - CS_DEF_BF - C-Zone - XY - Nominal
Pos. Tol.,POS_2D_54,PTOL,0.282,0.000,0.282,0.000,0.500,,2D_CIR_54/NOMINAL - CS_DEF_BF - C-Zone - XY - Nominal
Pos. Tol.,POS_2D_55,PTOL,0.089,0.000,0.089,0.000,0.500,,2D_CIR_55/NOMINAL - CS_DEF_BF - C-Zone - XY - Nominal
Distance,H_52,Z,0.158,0.000,0.158,0.000,0.300,,CIR_52 - PL_PLAST_52 / CS_DEF
Distance,H_53,Z,0.151,0.000,0.151,0.000,0.300,,CIR_53 - PL_PLAST_53 / CS_DEF
Distance,H_54,Z,0.119,0.000,0.119,0.000,0.300,,CIR_54 - PL_PLAST_54 / CS_DEF
Distance,H_55,Z,0.156,0.000,0.156,0.000,0.300,,CIR_55 - PL_PLAST_55 / CS_DEF
Distance,WIDTH_GROOVE_TB.1,D1,3.191,3.000,0.191,-0.300,0.300,,SRF_TB_OW_GAGE_1.5.1 - SRF_TB_IW_GAGE_1.5.1 / CS_ABC
Distance,DEPTH_GROOVE_TB.1,D1,5.262,5.000,0.262,-0.325,0.325,,SRF_TB_DP.1 - PL_DATUM_D / CS_ABC
Pos. Tol.,POS_59,PTOL,0.839,0.000,0.839,0.000,3.167,,CIR_59/NOMINAL - CS_ABC_ROTATED - C-Zone - XY - Nominal
Circle,CIR_59,X,-96.556,-96.800,0.244,,,,Criterion : Least Square (From 8 Pts On PL_INS_59) 
Circle,CIR_59,Y,-98.841,-98.500,-0.341,,,,
Circle,CIR_59,Z,357.420,357.700,-0.280,,,,
Distance,H_59,Z,0.145,0.000,0.145,0.000,0.300,,CIR_59 - PL_PLAST_59 / CS_ABC_ROTATED
Pos. Tol.,POS_2D_60,PTOL,0.431,0.000,0.431,0.000,0.750,,2D_CIR_60/NOMINAL - CS_PMN_BF - C-Zone - XZ - Nominal
Pos. Tol.,POS_2D_61,PTOL,0.218,0.000,0.218,0.000,0.750,,2D_CIR_61/NOMINAL - CS_PMN_BF - C-Zone - XZ - Nominal
Pos. Tol.,POS_2D_62,PTOL,0.343,0.000,0.343,0.000,0.750,,2D_CIR_62/NOMINAL - CS_PMN_BF - C-Zone - XZ - Nominal
Pos. Tol.,POS_2D_63,PTOL,0.077,0.000,0.077,0.000,0.750,,2D_CIR_63/NOMINAL - CS_PMN_BF - C-Zone - XZ - Nominal
Pos. Tol.,POS_2D_64,PTOL,0.235,0.000,0.235,0.000,0.750,,2D_CIR_64/NOMINAL - CS_PMN_BF - C-Zone - XZ - Nominal
Pos. Tol.,POS_2D_65,PTOL,0.182,0.000,0.182,0.000,0.750,,2D_CIR_65/NOMINAL - CS_PMN_BF - C-Zone - XZ - Nominal
Circle,2D_CIR_60,X,-0.072,0.000,-0.072,,,,
Circle,2D_CIR_60,Y,-0.409,0.000,-0.409,,,,
Circle,2D_CIR_60,Z,-0.203,0.000,-0.203,,,,
Circle,2D_CIR_61,X,-57.494,-57.500,0.006,,,,
Circle,2D_CIR_61,Y,0.292,0.000,0.292,,,,
Circle,2D_CIR_61,Z,-0.109,0.000,-0.109,,,,
Circle,2D_CIR_62,X,0.137,0.000,0.137,,,,
Circle,2D_CIR_62,Y,-9.493,-9.000,-0.493,,,,
Circle,2D_CIR_62,Z,-99.897,-100.000,0.103,,,,
Circle,2D_CIR_63,X,-57.526,-57.500,-0.026,,,,
Circle,2D_CIR_63,Y,-8.904,-9.000,0.096,,,,
Circle,2D_CIR_63,Z,-99.971,-100.000,0.029,,,,
Circle,2D_CIR_64,X,-0.071,0.000,-0.071,,,,
Circle,2D_CIR_64,Y,-19.443,-19.400,-0.043,,,,
Circle,2D_CIR_64,Z,-199.907,-200.000,0.093,,,,
Circle,2D_CIR_65,X,-57.474,-57.500,0.026,,,,
Circle,2D_CIR_65,Y,-18.842,-19.400,0.558,,,,
Circle,2D_CIR_65,Z,-199.913,-200.000,0.087,,,,
Distance,H_60,Y,0.283,0.000,0.283,0.000,0.300,,CIR_60 - PL_PLAST_60 / CS_ABC_BF_OPENING
Distance,H_61,Y,0.320,0.000,0.320,0.000,0.300,0.020,CIR_61 - PL_PLAST_61 / CS_ABC_BF_OPENING
Distance,H_62,Y,0.204,0.000,0.204,0.000,0.300,,CIR_62 - PL_PLAST_62 / CS_ABC_BF_OPENING
Distance,H_63,Y,0.300,0.000,0.300,0.000,0.300,,CIR_63 - PL_PLAST_63 / CS_ABC_BF_OPENING
Distance,H_64,Y,0.107,0.000,0.107,0.000,0.300,,CIR_64 - PL_PLAST_64 / CS_ABC_BF_OPENING
Distance,H_65,Y,0.162,0.000,0.162,0.000,0.300,,CIR_65 - PL_PLAST_65 / CS_ABC_BF_OPENING
Profile of Line,PROFILE_SURFACE_COVER,PRFL,1.472,0.000,1.472,0.000,1.800,,SECT_SRF_COVER
