Feat. Type,Feat. Name,Value,Actual,Nominal,Dev.,Tol-,Tol+,Out of Tol.,Comment
Text/Value,VAR_PROGRAM,VAL,,,,,,,'N:\Metrolog XG\Programmes\Ford 2L GTDI\Ford 2L GTDI Complete (Module 51).gm2'
Text/Value,VAR_EVENEMENT,VAL,,,,,,,'Fip 5590'
Text/Value,VAR_COMMENTAIRES,VAL,,,,,,,'299 B'
Circle,CIR1,X,-183.901,-184.000,0.099,,,,From 4 Pts On PL_FIXTURE
Circle,CIR1,Z,40.186,40.000,0.186,,,,
Pos. Tol.,POS_1,PTOL,0.422,0.000,0.422,0.000,1.000,,CIR1/NOMINAL - CS_ABC - C-Zone - XZ - Nominal
Circle,CIR2,X,0.223,0.000,0.222,,,,From 4 Pts On PL_FIXTURE
Circle,CIR2,Z,32.776,33.000,-0.223,,,,
Pos. Tol.,POS_2,PTOL,0.630,0.000,0.630,0.000,1.000,,CIR2/NOMINAL - CS_ABC - C-Zone - XZ - Nominal
Circle,CIR3,X,189.735,189.500,0.235,,,,From 4 Pts On PL_FIXTURE
Circle,CIR3,Z,31.793,32.000,-0.207,,,,
Pos. Tol.,POS_3,PTOL,0.626,0.000,0.626,0.000,1.000,,CIR3/NOMINAL - CS_ABC - C-Zone - XZ - Nominal
Circle,CIR4,X,96.212,96.000,0.211,,,,From 4 Pts On PL_FIXTURE
Circle,CIR4,Z,0.151,-0.000,0.152,,,,
Pos. Tol.,POS_4,PTOL,0.520,0.000,0.520,0.000,1.000,,CIR4/NOMINAL - CS_ABC - C-Zone - XZ - Nominal
Circle,CIR5,X,-95.851,-96.000,0.148,,,,From 4 Pts On PL_FIXTURE
Circle,CIR5,Z,0.216,-0.000,0.216,,,,
Pos. Tol.,POS_5,PTOL,0.524,0.000,0.524,0.000,1.000,,CIR5/NOMINAL - CS_ABC - C-Zone - XZ - Nominal
Distance,WIDTH_TB1,D1,3.148,3.000,0.148,-0.150,0.150,,P0W2.5_1.1 - PIW2.5_1.1 / CS_A_18
Distance,WIDTH_TB2,D1,2.998,3.000,-0.002,-0.150,0.150,,P0W2.5_1.2 - PIW2.5_1.2 / CS_A_18
Distance,WIDTH_TB3,D1,3.043,3.000,0.043,-0.150,0.150,,P0W2.5_1.3 - PIW2.5_1.3 / CS_A_18
Distance,WIDTH_TB4,D1,3.037,3.000,0.037,-0.150,0.150,,P0W2.5_1.4 - PIW2.5_1.4 / CS_A_18
Distance,WIDTH_TB5,D1,3.070,3.000,0.070,-0.150,0.150,,P0W2.5_1.5 - PIW2.5_1.5 / CS_A_18
Distance,WIDTH_TB6,D1,2.968,3.000,-0.032,-0.150,0.150,,P0W2.5_1.6 - PIW2.5_1.6 / CS_A_18
Distance,WIDTH_TB7,D1,2.998,3.000,-0.002,-0.150,0.150,,P0W2.5_1.7 - PIW2.5_1.7 / CS_A_18
Distance,WIDTH_TB8,D1,3.034,3.000,0.034,-0.150,0.150,,P0W2.5_1.8 - PIW2.5_1.8 / CS_A_18
Distance,WIDTH_TB9,D1,3.004,3.000,0.004,-0.150,0.150,,P0W2.5_1.9 - PIW2.5_1.9 / CS_A_18
Distance,WIDTH_TB10,D1,3.023,3.000,0.023,-0.150,0.150,,P0W2.5_1.10 - PIW2.5_1.10 / CS_A_18
Distance,WIDTH_TB11,D1,3.002,3.000,0.002,-0.150,0.150,,P0W2.5_1.11 - PIW2.5_1.11 / CS_A_18
Distance,WIDTH_TB12,D1,3.070,3.000,0.070,-0.150,0.150,,P0W2.5_1.12 - PIW2.5_1.12 / CS_A_18
Distance,WIDTH_TB13,D1,3.066,3.000,0.066,-0.150,0.150,,P0W2.5_1.13 - PIW2.5_1.13 / CS_A_18
Distance,WIDTH_TB14,D1,3.058,3.000,0.058,-0.150,0.150,,P0W2.5_1.14 - PIW2.5_1.14 / CS_A_18
Distance,WIDTH_TB15,D1,3.059,3.000,0.059,-0.150,0.150,,P0W2.5_1.15 - PIW2.5_1.15 / CS_A_18
Distance,DEPTH_TB1,D1,4.525,4.500,0.025,-0.250,0.250,,PTB_BOT_1.1 - PL_D / CS_A_18
Distance,DEPTH_TB2,D1,4.498,4.500,-0.002,-0.250,0.250,,PTB_BOT_1.2 - PL_D / CS_A_18
Distance,DEPTH_TB3,D1,4.418,4.500,-0.082,-0.250,0.250,,PTB_BOT_1.3 - PL_D / CS_A_18
Distance,DEPTH_TB4,D1,4.452,4.500,-0.048,-0.250,0.250,,PTB_BOT_1.4 - PL_D / CS_A_18
Distance,DEPTH_TB5,D1,4.489,4.500,-0.011,-0.250,0.250,,PTB_BOT_1.5 - PL_D / CS_A_18
Distance,DEPTH_TB6,D1,4.461,4.500,-0.039,-0.250,0.250,,PTB_BOT_1.6 - PL_D / CS_A_18
Distance,DEPTH_TB7,D1,4.354,4.500,-0.146,-0.250,0.250,,PTB_BOT_1.7 - PL_D / CS_A_18
Distance,DEPTH_TB8,D1,4.234,4.500,-0.266,-0.250,0.250,-0.016,PTB_BOT_1.8 - PL_D / CS_A_18
Distance,DEPTH_TB9,D1,4.179,4.500,-0.321,-0.250,0.250,-0.071,PTB_BOT_1.9 - PL_D / CS_A_18
Distance,DEPTH_TB10,D1,4.258,4.500,-0.242,-0.250,0.250,,PTB_BOT_1.10 - PL_D / CS_A_18
Distance,DEPTH_TB11,D1,4.342,4.500,-0.158,-0.250,0.250,,PTB_BOT_1.11 - PL_D / CS_A_18
Distance,DEPTH_TB12,D1,4.433,4.500,-0.067,-0.250,0.250,,PTB_BOT_1.12 - PL_D / CS_A_18
Distance,DEPTH_TB13,D1,4.489,4.500,-0.011,-0.250,0.250,,PTB_BOT_1.13 - PL_D / CS_A_18
Distance,DEPTH_TB14,D1,4.493,4.500,-0.007,-0.250,0.250,,PTB_BOT_1.14 - PL_D / CS_A_18
Distance,DEPTH_TB15,D1,4.552,4.500,0.052,-0.250,0.250,,PTB_BOT_1.15 - PL_D / CS_A_18
Circle,CIR_B,DIAM,7.777,7.800,-0.023,-0.100,0.100,,Criterion : Least Square (From 16 Pts On PL_FIXTURE) 
Circle,CIR_B,X,0.000,0.000,0.000,,,,
Circle,CIR_B,Z,0.000,0.000,0.000,,,,
Circle,CIR_A,DIAM,65.219,65.000,0.219,-0.500,0.500,,Criterion : Least Square (From 12 Pts On PL_D) 
Circle,CIR_A,X,0.164,-0.000,0.165,,,,
Circle,CIR_A,Y,133.564,133.293,0.271,,,,
Circle,CIR_A,Z,195.329,195.188,0.141,,,,
Circle,CIR_18,X,32.751,32.500,0.251,,,,Criterion : Least Square (From 6 Pts On PL_INS_18) 
Circle,CIR_18,Y,165.663,165.616,0.047,,,,
Circle,CIR_18,Z,198.763,198.583,0.180,,,,
Circle,CIR_19,X,32.605,32.500,0.105,,,,Criterion : Least Square (From 6 Pts On PL_INS_19) 
Circle,CIR_19,Y,101.126,101.325,-0.199,,,,
Circle,CIR_19,Z,192.122,191.830,0.292,,,,
Circle,CIR_16,X,-32.494,-32.500,0.006,,,,Criterion : Least Square (From 6 Pts On PL_INS_16) 
Circle,CIR_16,Y,101.467,101.325,0.142,,,,
Circle,CIR_16,Z,192.076,191.830,0.246,,,,
Circle,CIR_17,X,-32.656,-32.500,-0.156,,,,Criterion : Least Square (From 6 Pts On PL_INS_17) 
Circle,CIR_17,Y,166.196,165.615,0.580,,,,
Circle,CIR_17,Z,198.375,198.583,-0.208,,,,
Circle,CIR_8,DIAM,9.460,9.500,-0.040,-0.070,0.050,,Inters. PL_PLAST_8 - CYL_8.
Circle,CIR_8,Y,137.018,136.940,0.078,,,,
Circle,CIR_8,Z,155.631,156.400,-0.769,,,,
Circle,CIR_7,DIAM,14.719,14.700,0.019,-0.050,0.050,,Criterion : Least Square (From 24 Pts On PL_PLAST_7) 
Circle,CIR_7,X,-0.096,-0.000,-0.096,,,,
Circle,CIR_7,Y,75.731,75.110,0.621,,,,
Circle,CIR_7,Z,156.179,155.070,1.109,,,,
Circle,CIR_6,DIAM,24.576,24.500,0.076,-0.100,0.100,,Criterion : Least Square (From 24 Pts On PL_PLAST_6_11_12) 
Circle,CIR_6,X,114.570,113.730,0.840,,,,
Circle,CIR_6,Z,134.785,134.240,0.545,,,,
Circle,CIR_11,DIAM,6.704,6.700,0.004,-0.100,0.100,,Criterion : Least Square (From 8 Pts On PL_PLAST_6_11_12) 
Circle,CIR_11,X,124.751,124.270,0.481,,,,
Circle,CIR_11,Z,110.967,110.660,0.307,,,,
Circle,CIR_9,DIAM,6.667,6.700,-0.033,-0.100,0.100,,Criterion : Least Square (From 8 Pts On PL_PLAST_9_10) 
Circle,CIR_9,X,-100.165,-99.660,-0.505,,,,
Circle,CIR_9,Z,121.677,120.900,0.777,,,,
Circle,CIR_14,DIAM,12.126,12.050,0.076,-0.080,0.080,,Criterion : Least Square (From 20 Pts On PL_DATUM_J) 
Circle,CIR_14,X,-69.540,-69.900,0.360,,,,
Circle,CIR_14,Z,87.775,88.150,-0.375,,,,
Circle,CIR_24,DIAM,6.677,6.600,0.077,-0.200,0.400,,Criterion : Least Square (From 10 Pts On PL_PLAST_24) 
Circle,CIR_24,X,44.855,44.500,0.355,,,,
Circle,CIR_24,Z,126.893,126.700,0.193,,,,
Circle,CIR_13,DIAM,19.744,19.740,0.004,-0.050,0.050,,Criterion : Least Square (From 12 Pts On PL_PLAST_13) 
Circle,CIR_13,X,186.282,186.260,0.022,,,,
Circle,CIR_13,Y,124.992,126.110,-1.118,,,,
Circle,CIR_13,Z,56.378,56.400,-0.022,,,,
Circle,CIR_13,F.F.,0.094,,0.094,,,,
Circle,2D_CIR_15,DIAM,5.021,5.000,0.021,-0.100,0.100,,
Circle,2D_CIR_15,X,3.151,3.040,0.111,,,,
Circle,2D_CIR_15,Z,17.234,17.250,-0.016,,,,
Circle,2D_CIR_22,DIAM,5.025,5.000,0.025,-0.100,0.100,,
Circle,2D_CIR_22,X,-4.860,-4.840,-0.020,,,,
Circle,2D_CIR_22,Z,19.388,19.410,-0.022,,,,
Circle,2D_CIR_18,X,32.577,32.500,0.077,,,,
Circle,2D_CIR_18,Y,32.344,32.500,-0.156,,,,
Circle,2D_CIR_19,X,32.632,32.500,0.132,,,,
Circle,2D_CIR_19,Y,-32.534,-32.500,-0.034,,,,
Circle,2D_CIR_16,X,-32.467,-32.500,0.033,,,,
Circle,2D_CIR_16,Y,-32.402,-32.500,0.098,,,,
Circle,2D_CIR_17,X,-32.832,-32.500,-0.332,,,,
Circle,2D_CIR_17,Y,32.631,32.500,0.131,,,,
Distance,OP1_WIDTH_1,D1,3.057,2.930,0.127,-0.200,0.200,,OP1_P3 - OP1_P7 / OP1_CS
Distance,OP1_WIDTH_2,D1,2.946,2.930,0.016,-0.200,0.200,,OP1_P11 - OP1_P15 / OP1_CS
Distance,OP1_WIDTH_3,D1,2.925,2.930,-0.005,-0.200,0.200,,OP1_P19 - OP1_P23 / OP1_CS
Distance,OP1_WIDTH_4,D1,2.836,2.930,-0.094,-0.200,0.200,,OP1_P27 - OP1_P31 / OP1_CS
Distance,OP1_WIDTH_5,D1,2.968,2.930,0.038,-0.200,0.200,,OP1_P35 - OP1_P39 / OP1_CS
Distance,OP1_WIDTH_6,D1,2.973,2.930,0.043,-0.200,0.200,,OP1_P42 - OP1_P46 / OP1_CS
Distance,OP1_DEPTH_1,Y,4.608,4.500,0.108,-0.250,0.250,,OP1_P5 - PL_FIXTURE / OP1_CS
Distance,OP1_DEPTH_2,Y,4.586,4.500,0.086,-0.250,0.250,,OP1_P13 - PL_FIXTURE / OP1_CS
Distance,OP1_DEPTH_3,Y,4.487,4.500,-0.013,-0.250,0.250,,OP1_P21 - PL_FIXTURE / OP1_CS
Distance,OP1_DEPTH_4,Y,4.653,4.500,0.153,-0.250,0.250,,OP1_P29 - PL_FIXTURE / OP1_CS
Distance,OP1_DEPTH_5,Y,4.559,4.500,0.059,-0.250,0.250,,OP1_P37 - PL_FIXTURE / OP1_CS
Distance,OP1_DEPTH_6,Y,4.544,4.500,0.044,-0.250,0.250,,OP1_P44 - PL_FIXTURE / OP1_CS
Distance,OP2_WIDTH_1,D1,3.071,2.930,0.141,-0.200,0.200,,OP2_P3 - OP2_P7 / OP2_CS
Distance,OP2_WIDTH_2,D1,2.998,2.930,0.068,-0.200,0.200,,OP2_P11 - OP2_P15 / OP2_CS
Distance,OP2_WIDTH_3,D1,3.010,2.930,0.080,-0.200,0.200,,OP2_P19 - OP2_P23 / OP2_CS
Distance,OP2_WIDTH_4,D1,3.001,2.930,0.071,-0.200,0.200,,OP2_P27 - OP2_P31 / OP2_CS
Distance,OP2_WIDTH_5,D1,3.008,2.930,0.078,-0.200,0.200,,OP2_P35 - OP2_P39 / OP2_CS
Distance,OP2_WIDTH_6,D1,2.932,2.930,0.002,-0.200,0.200,,OP2_P42 - OP2_P46 / OP2_CS
Distance,OP2_DEPTH_1,Y,4.637,4.500,0.137,-0.250,0.250,,OP2_P5 - PL_FIXTURE / OP2_CS
Distance,OP2_DEPTH_2,Y,4.483,4.500,-0.017,-0.250,0.250,,OP2_P13 - PL_FIXTURE / OP2_CS
Distance,OP2_DEPTH_3,Y,4.497,4.500,-0.003,-0.250,0.250,,OP2_P21 - PL_FIXTURE / OP2_CS
Distance,OP2_DEPTH_4,Y,4.546,4.500,0.046,-0.250,0.250,,OP2_P29 - PL_FIXTURE / OP2_CS
Distance,OP2_DEPTH_5,Y,4.564,4.500,0.064,-0.250,0.250,,OP2_P37 - PL_FIXTURE / OP2_CS
Distance,OP2_DEPTH_6,Y,4.614,4.500,0.114,-0.250,0.250,,OP2_P44 - PL_FIXTURE / OP2_CS
Distance,OP3_WIDTH_1,D1,3.036,2.930,0.106,-0.200,0.200,,OP3_P3 - OP3_P7 / OP3_CS
Distance,OP3_WIDTH_2,D1,2.962,2.930,0.032,-0.200,0.200,,OP3_P11 - OP3_P15 / OP3_CS
Distance,OP3_WIDTH_3,D1,2.949,2.930,0.019,-0.200,0.200,,OP3_P19 - OP3_P23 / OP3_CS
Distance,OP3_WIDTH_4,D1,2.958,2.930,0.028,-0.200,0.200,,OP3_P27 - OP3_P31 / OP3_CS
Distance,OP3_WIDTH_5,D1,3.005,2.930,0.075,-0.200,0.200,,OP3_P35 - OP3_P39 / OP3_CS
Distance,OP3_WIDTH_6,D1,2.973,2.930,0.043,-0.200,0.200,,OP3_P42 - OP3_P46 / OP3_CS
Distance,OP3_DEPTH_1,Y,4.610,4.500,0.110,-0.250,0.250,,OP3_P5 - PL_FIXTURE / OP3_CS
Distance,OP3_DEPTH_2,Y,4.468,4.500,-0.032,-0.250,0.250,,OP3_P13 - PL_FIXTURE / OP3_CS
Distance,OP3_DEPTH_3,Y,4.449,4.500,-0.051,-0.250,0.250,,OP3_P21 - PL_FIXTURE / OP3_CS
Distance,OP3_DEPTH_4,Y,4.626,4.500,0.126,-0.250,0.250,,OP3_P29 - PL_FIXTURE / OP3_CS
Distance,OP3_DEPTH_5,Y,4.582,4.500,0.082,-0.250,0.250,,OP3_P37 - PL_FIXTURE / OP3_CS
Distance,OP3_DEPTH_6,Y,4.601,4.500,0.101,-0.250,0.250,,OP3_P44 - PL_FIXTURE / OP3_CS
Distance,OP4_WIDTH_1,D1,2.987,2.930,0.057,-0.200,0.200,,OP4_P3 - OP4_P7 / OP4_CS
Distance,OP4_WIDTH_2,D1,2.909,2.930,-0.021,-0.200,0.200,,OP4_P11 - OP4_P15 / OP4_CS
Distance,OP4_WIDTH_3,D1,2.910,2.930,-0.020,-0.200,0.200,,OP4_P19 - OP4_P23 / OP4_CS
Distance,OP4_WIDTH_4,D1,3.039,2.930,0.109,-0.200,0.200,,OP4_P27 - OP4_P31 / OP4_CS
Distance,OP4_WIDTH_5,D1,3.026,2.930,0.096,-0.200,0.200,,OP4_P35 - OP4_P39 / OP4_CS
Distance,OP4_WIDTH_6,D1,2.994,2.930,0.064,-0.200,0.200,,OP4_P42 - OP4_P46 / OP4_CS
Distance,OP4_DEPTH_1,Y,4.527,4.500,0.027,-0.250,0.250,,OP4_P5 - PL_FIXTURE / OP4_CS
Distance,OP4_DEPTH_2,Y,4.410,4.500,-0.090,-0.250,0.250,,OP4_P13 - PL_FIXTURE / OP4_CS
Distance,OP4_DEPTH_3,Y,4.509,4.500,0.009,-0.250,0.250,,OP4_P21 - PL_FIXTURE / OP4_CS
Distance,OP4_DEPTH_4,Y,4.633,4.500,0.133,-0.250,0.250,,OP4_P29 - PL_FIXTURE / OP4_CS
Distance,OP4_DEPTH_5,Y,4.559,4.500,0.059,-0.250,0.250,,OP4_P37 - PL_FIXTURE / OP4_CS
Distance,OP4_DEPTH_6,Y,4.565,4.500,0.065,-0.250,0.250,,OP4_P44 - PL_FIXTURE / OP4_CS
Distance,WIDTH_C,D1,7.404,7.200,0.204,-0.500,0.500,,SRF_C_TOP - SRF_C_DOWN / CS_ABC
Distance,PROF_6,D1,90.922,92.400,-1.478,-2.000,2.000,,CIR_6 - PL_FIXTURE / CS_ABC
Distance,PROF_8,X,-84.122,-84.800,0.678,-2.000,2.000,,CIR_8 - ORIGIN / CS_ABC
Distance,PROF_14,D1,173.379,173.830,-0.451,-1.500,1.500,,CIR_14 - PL_FIXTURE / CS_ABC
Distance,H_18,Z,0.239,0.000,0.239,0.000,0.500,,CIR_18 - PL_PLAST_18 / CS_DE_BF
Distance,H_19,Z,0.179,-0.000,0.179,0.000,0.500,,CIR_19 - PL_PLAST_19 / CS_DE_BF
Distance,H_16,Z,0.163,-0.000,0.163,0.000,0.500,,CIR_16 - PL_PLAST_16 / CS_DE_BF
Distance,H_17,Z,0.199,0.000,0.199,0.000,0.500,,CIR_17 - PL_PLAST_17 / CS_DE_BF
Distance,PROF_24,D1,174.367,174.700,-0.333,-2.000,2.000,,CIR_24 - PL_FIXTURE / CS_ABC
Point,PNT_C_PRJ_FIXT,X,185.131,185.000,0.131,,,,Proj. PNT_MID_C / PL_FIXTURE.
Sphere,SPHERE_27,X,209.885,209.870,0.015,,,,From 21 Features
Sphere,SPHERE_27,Y,117.910,118.660,-0.750,,,,
Sphere,SPHERE_27,Z,-28.938,-29.080,0.142,,,,
Sphere,SPHERE_28,X,-194.126,-194.800,0.674,,,,From 26 Features
Sphere,SPHERE_28,Y,73.930,74.950,-1.020,,,,
Sphere,SPHERE_28,Z,-45.650,-44.600,-1.050,,,,
Pos. Tol.,POS_B,PTOL,0.000,0.000,0.000,0.000,0.300,,CIR_B/NOMINAL - CS_ABC - C-Zone - XZ - Nominal
Pos. Tol.,POS_C,PTOL,0.263,0.000,0.263,0.000,0.500,,PNT_C_PRJ_FIXT/NOMINAL - CS_ABC - P-Zone - X - Nominal
Pos. Tol.,POS_6,PTOL,2.003,0.000,2.003,0.000,3.000,,CIR_6/NOMINAL - CS_ABC - C-Zone - XZ - Nominal
Pos. Tol.,POS_7,PTOL,2.550,0.000,2.550,0.000,3.000,,CIR_7/NOMINAL - CS_ABC - C-Zone - XYZ - Nominal
Pos. Tol.,POS_8,PTOL,1.546,0.000,1.546,0.000,3.000,,CIR_8/NOMINAL - CS_ABC - C-Zone - YZ - Nominal
Pos. Tol.,POS_9,PTOL,1.853,0.000,1.853,0.000,3.000,,CIR_9/NOMINAL - CS_ABC - C-Zone - XZ - Nominal
Pos. Tol.,POS_2D_10,PTOL,0.061,0.000,0.061,0.000,0.500,,SLOT_10/NOMINAL - CS_G - C-Zone - XZ - Nominal
Pos. Tol.,POS_11,PTOL,1.142,0.000,1.142,0.000,3.000,,CIR_11/NOMINAL - CS_ABC - C-Zone - XZ - Nominal
Pos. Tol.,POS_13,PTOL,2.237,0.000,2.237,0.000,3.000,,CIR_13/NOMINAL - CS_ABC - C-Zone - XYZ - Nominal
Pos. Tol.,POS_14,PTOL,1.041,0.000,1.041,0.000,3.000,,CIR_14/NOMINAL - CS_ABC - C-Zone - XZ - Nominal
Pos. Tol.,POS_A,PTOL,0.693,0.000,0.693,0.000,3.000,,CIR_A/NOMINAL - CS_ABC - C-Zone - XYZ - Nominal
Pos. Tol.,POS_16,PTOL,0.568,0.000,0.568,0.000,3.000,,CIR_16/NOMINAL - CS_ABC - C-Zone - XYZ - Nominal
Pos. Tol.,POS_17,PTOL,1.271,0.000,1.271,0.000,3.000,,CIR_17/NOMINAL - CS_ABC - C-Zone - XYZ - Nominal
Pos. Tol.,POS_18,PTOL,0.625,0.000,0.625,0.000,3.000,,CIR_18/NOMINAL - CS_ABC - C-Zone - XYZ - Nominal
Pos. Tol.,POS_19,PTOL,0.738,0.000,0.738,0.000,3.000,,CIR_19/NOMINAL - CS_ABC - C-Zone - XYZ - Nominal
Pos. Tol.,POS_2D_16,PTOL,0.207,0.000,0.207,0.000,0.500,,2D_CIR_16/NOMINAL - CS_DE_BF - C-Zone - XY - Nominal
Pos. Tol.,POS_2D_17,PTOL,0.714,0.000,0.714,0.000,0.500,0.214,2D_CIR_17/NOMINAL - CS_DE_BF - C-Zone - XY - Nominal
Pos. Tol.,POS_2D_18,PTOL,0.349,0.000,0.349,0.000,0.500,,2D_CIR_18/NOMINAL - CS_DE_BF - C-Zone - XY - Nominal
Pos. Tol.,POS_2D_19,PTOL,0.273,0.000,0.273,0.000,0.500,,2D_CIR_19/NOMINAL - CS_DE_BF - C-Zone - XY - Nominal
Flatness,FLATNESS_D,FLTN,0.399,0.000,0.399,0.000,1.000,,PL_D
Pos. Tol.,POS_24,PTOL,0.808,0.000,0.808,0.000,3.000,,CIR_24/NOMINAL - CS_ABC - C-Zone - XZ - Nominal
Pos. Tol.,POS_27,PTOL,1.528,0.000,1.528,0.000,3.000,,SPHERE_27/NOMINAL - CS_ABC - C-Zone - XYZ - Nominal
Pos. Tol.,POS_28,PTOL,3.223,0.000,3.223,0.000,3.500,,SPHERE_28/NOMINAL - CS_ABC - C-Zone - XYZ - Nominal
Pos. Tol.,POS_2D_12,PTOL,0.105,0.000,0.105,0.000,0.500,,2D_SLOT_12/NOMINAL - CS_H - C-Zone - XZ - Nominal
Pos. Tol.,POS_2D_15,PTOL,0.225,0.000,0.225,0.000,0.500,,2D_CIR_15/NOMINAL - CS_JF_BF - C-Zone - XZ - Nominal
Pos. Tol.,POS_2D_22,PTOL,0.059,0.000,0.059,0.000,0.500,,2D_CIR_22/NOMINAL - CS_JF_BF - C-Zone - XZ - Nominal
Slot,SLOT_10,LEN,6.484,6.500,-0.016,-0.100,0.100,,Criterion : Least Square (From 24 Pts On PL_PLAST_9_10) 
Slot,SLOT_10,WID,5.705,5.700,0.005,-0.100,0.100,,
Slot,SLOT_10,X,12.870,12.900,-0.030,,,,
Slot,SLOT_10,Z,0.000,0.000,0.000,,,,
Slot,2D_SLOT_12,LEN,6.423,6.500,-0.077,-0.100,0.100,,
Slot,2D_SLOT_12,WID,5.655,5.700,-0.045,-0.100,0.100,,
Slot,2D_SLOT_12,X,-12.847,-12.900,0.053,,,,
Slot,2D_SLOT_12,Z,-0.000,0.000,-0.000,,,,
