Feat. Type,Feat. Name,Value,Actual,Nominal,Dev.,Tol-,Tol+,Out of Tol.,Comment
Text/Value,VAR_PROGRAM,VAL,,,,,,,'N:\Metrolog XG\Programmes\Corvette LT1\Corvette LT1 Complete (Module 51).gm2'
Text/Value,VAR_EVENEMENT,VAL,,,,,,,'Demarage'
Text/Value,VAR_COMMENTAIRES,VAL,,,,,,,'290B'
Angle,ANGLE_DATUM_A,3D,32.112,32.000,0.112,,,,PL_TOP_OP1_OP2_OP3_OP4 - ZX-PLANE / CS_A-BC_BF_SURFACE
Angle,ANGLE_DATUM_B,3D,32.011,32.000,0.011,,,,PL_TOP_OP5_OP6_OP7_OP8 - ZX-PLANE / CS_A-BC_BF_SURFACE
Angle,ANGLE_25,3D,7.476,,,,,,LINE_25 - X-AXIS / CS_A-BC_BF_SURFACE_ROT
Angle,ANGLE_TBA,3D,18.183,18.000,0.183,,,,PL_DATUM_D - ZX-PLANE / CS_A-BC_BF_SURFACE_ROT
Circle,CIR1,DIAM,12.909,12.912,-0.003,-0.150,0.400,,From 4 Pts On PL_CIR_1
Circle,CIR1,X,-151.894,-151.990,0.096,,,,
Circle,CIR1,Y,-157.571,-158.070,0.499,,,,
Circle,CIR2,DIAM,12.911,12.912,-0.001,-0.150,0.400,,From 4 Pts On PL_CIR_2
Circle,CIR2,X,-151.813,-151.990,0.177,,,,
Circle,CIR2,Y,-46.274,-46.310,0.036,,,,
Circle,CIR3,DIAM,12.889,12.912,-0.023,-0.150,0.400,,From 4 Pts On PL_CIR_3
Circle,CIR3,X,-151.413,-151.990,0.577,,,,
Circle,CIR3,Y,65.524,65.450,0.074,,,,
Circle,CIR4,DIAM,12.906,12.912,-0.005,-0.150,0.400,,From 4 Pts On PL_CIR_4
Circle,CIR4,X,-151.520,-151.990,0.470,,,,
Circle,CIR4,Y,177.119,177.210,-0.091,,,,
Circle,CIR5,DIAM,12.841,12.912,-0.071,-0.150,0.400,,From 4 Pts On PL_CIR_5
Circle,CIR5,X,-151.987,-151.990,0.003,,,,
Circle,CIR5,Y,248.482,248.730,-0.248,,,,
Circle,CIR6,DIAM,12.884,12.912,-0.027,-0.150,0.400,,From 4 Pts On PL_CIR_6
Circle,CIR6,X,151.482,151.990,-0.508,,,,
Circle,CIR6,Y,223.044,223.520,-0.476,,,,
Circle,CIR7,DIAM,12.910,12.912,-0.002,-0.150,0.400,,From 4 Pts On PL_CIR_7
Circle,CIR7,X,151.305,151.990,-0.685,,,,
Circle,CIR7,Y,111.761,111.760,0.001,,,,
Circle,CIR8,DIAM,12.914,12.912,0.002,-0.150,0.400,,From 4 Pts On PL_CIR_8
Circle,CIR8,X,151.762,151.990,-0.228,,,,
Circle,CIR8,Y,0.349,-0.000,0.349,,,,
Circle,CIR9,DIAM,12.911,12.912,-0.001,-0.150,0.400,,From 4 Pts On PL_CIR_9
Circle,CIR9,X,151.644,151.990,-0.346,,,,
Circle,CIR9,Y,-111.248,-111.760,0.512,,,,
Circle,CIR10,DIAM,12.904,12.912,-0.008,-0.150,0.400,,From 4 Pts On PL_CIR_10
Circle,CIR10,X,151.889,151.990,-0.101,,,,
Circle,CIR10,Y,-182.636,-183.280,0.644,,,,
Circle,CIR_11,X,161.054,161.000,0.054,,,,Criterion : Least Square (From 6 Pts On PL_INS_11) 
Circle,CIR_11,Y,-147.147,-147.520,0.373,,,,
Circle,CIR_12,X,161.047,161.000,0.047,,,,Criterion : Least Square (From 6 Pts On PL_INS_12) 
Circle,CIR_12,Y,88.248,88.000,0.248,,,,
Circle,CIR_13,X,-161.082,-161.000,-0.082,,,,Criterion : Least Square (From 6 Pts On PL_INS_13) 
Circle,CIR_13,Y,101.317,101.210,0.107,,,,
Circle,CIR_14,X,-161.361,-161.000,-0.361,,,,Criterion : Least Square (From 6 Pts On PL_INS_14) 
Circle,CIR_14,Y,-122.009,-122.310,0.301,,,,
Circle,CIR_15,DIAM,12.122,12.050,0.072,-0.080,0.130,,Criterion : Least Square (From 12 Pts On PL_PLAST_15) 
Circle,CIR_15,X,137.355,137.000,0.355,,,,
Circle,CIR_15,Y,43.882,43.620,0.262,,,,
Circle,CIR_15,Z,175.487,175.490,-0.003,,,,
Circle,CIR_16,DIAM,4.850,4.800,0.050,-0.250,0.250,,Criterion : Least Square (From 6 Pts On PL_PLAST_15) 
Circle,CIR_16,X,0.000,0.000,0.000,,,,
Circle,CIR_16,Y,-17.449,-17.530,0.081,,,,
Circle,CIR_16,Z,-0.033,0.000,-0.033,,,,
Circle,CIR_17_2,DIAM,17.021,17.000,0.021,-0.050,0.050,,Criterion : Least Square (From 12 Pts On PL_17) 
Circle,CIR_19,DIAM,88.012,87.989,0.023,,,,Criterion : Least Square (From 12 Pts On PL_DATUM_D) 
Circle,CIR_19,X,0.820,-0.000,0.820,,,,
Circle,CIR_19,Y,-225.221,-225.090,-0.132,,,,
Circle,CIR_19,Z,215.612,215.810,-0.198,,,,
Circle,CIR_20,X,53.013,52.000,1.013,,,,Criterion : Least Square (From 6 Pts On PL_INS_20) 
Circle,CIR_20,Y,-225.209,-225.790,0.580,,,,
Circle,CIR_20,Z,250.204,250.810,-0.606,,,,
Circle,CIR_21,X,52.817,52.000,0.817,,,,Criterion : Least Square (From 6 Pts On PL_INS_21) 
Circle,CIR_21,Y,-225.025,-225.340,0.314,,,,
Circle,CIR_21,Z,180.628,180.810,-0.182,,,,
Circle,CIR_22,X,-51.423,-52.000,0.577,,,,Criterion : Least Square (From 6 Pts On PL_INS_22) 
Circle,CIR_22,Y,-225.188,-225.790,0.602,,,,
Circle,CIR_22,Z,181.213,180.810,0.403,,,,
Circle,CIR_23,X,-50.961,-52.000,1.039,,,,Criterion : Least Square (From 6 Pts On PL_INS_23) 
Circle,CIR_23,Y,-225.458,-225.577,0.119,,,,
Circle,CIR_23,Z,250.692,250.810,-0.118,,,,
Circle,2D_CIR_19,X,0.000,0.000,0.000,-0.050,0.050,,
Circle,2D_CIR_19,Z,0.000,0.000,0.000,-0.050,0.050,,
Circle,2D_CIR_20,X,51.977,52.000,-0.023,,,,
Circle,2D_CIR_20,Z,34.781,35.000,-0.219,,,,
Circle,2D_CIR_21,X,52.131,52.000,0.131,,,,
Circle,2D_CIR_21,Z,-34.795,-35.000,0.205,,,,
Circle,2D_CIR_22,X,-52.111,-52.000,-0.111,,,,
Circle,2D_CIR_22,Z,-34.734,-35.000,0.266,,,,
Circle,2D_CIR_23,X,-51.998,-52.000,0.002,,,,
Circle,2D_CIR_23,Z,34.748,35.000,-0.252,,,,
Circle,CIR_25_GAGE_6,DIAM,12.126,12.170,-0.044,-0.120,0.080,,Criterion : Least Square (From 12 Pts On PL_PLAST_25_26) 
Circle,CIR_25_GAGE_6,X,-62.032,-63.396,1.363,,,,
Circle,CIR_25_GAGE_6,Y,-214.313,-214.658,0.345,,,,
Circle,CIR_25_GAGE_6,Z,155.479,155.214,0.265,,,,
Circle,CIR_26,X,0.278,0.000,0.278,,,,Criterion : Least Square (From 6 Pts On PL_INS_26) 
Circle,CIR_26,Y,0.000,0.000,0.000,,,,
Circle,CIR_26,Z,-23.242,-23.500,0.258,,,,
Circle,CIR_18,DIAM,9.908,9.890,0.018,-0.085,0.085,,Inters. PL_18 - CYL_18.
Circle,CIR_18,X,112.928,112.500,0.428,,,,
Circle,CIR_18,Y,-258.482,-258.800,0.318,,,,
Circle,CIR_18,Z,160.674,160.500,0.174,,,,
Distance,DIAM_C,D1,8.788,8.860,-0.072,-0.150,0.150,,SRF_C_TOP - SRF_C_LOW / CS_A-BC_BF_SURFACE
Distance,H_11,Z,0.308,0.000,0.308,0.000,0.500,,CIR_11 - PL_PLAST_11 / CS_CIR_11
Distance,H_12,Z,0.206,0.000,0.206,0.000,0.500,,CIR_12 - PL_PLAST_12 / CS_CIR_12
Distance,H_13,Z,0.338,0.000,0.338,0.000,0.500,,CIR_13 - PL_PLAST_13 / CS_CIR_13
Distance,H_14,Z,0.219,0.000,0.219,0.000,0.500,,CIR_14 - PL_PLAST_14 / CS_CIR_14
Distance,H_20,Y,0.123,0.000,0.123,0.000,0.500,,CIR_20 - PL_PLAST_20 / CS_DE_BF_ROT
Distance,H_21,Y,0.232,0.000,0.232,0.000,0.500,,CIR_21 - PL_PLAST_21 / CS_DE_BF_ROT
Distance,H_22,Y,0.303,0.000,0.303,0.000,0.500,,CIR_22 - PL_PLAST_22 / CS_DE_BF_ROT
Distance,H_23,Y,0.195,0.000,0.195,0.000,0.500,,CIR_23 - PL_PLAST_23 / CS_DE_BF_ROT
Distance,H_26,X,0.288,0.000,0.288,0.000,0.500,,CIR_26 - PL_PLAST_25_26 / CS_H_ROT_180
Distance,OP1_DEPTH_1,D1,4.984,5.000,-0.016,-0.300,0.300,,PL_DATUM_K - OP1_PT1_DEPTH / CS_BF_OP1
Distance,OP1_DEPTH_2,D1,4.961,5.000,-0.039,-0.300,0.300,,PL_DATUM_K - OP1_PT2_DEPTH / CS_BF_OP1
Distance,OP1_DEPTH_3,D1,4.954,5.000,-0.046,-0.300,0.300,,PL_DATUM_K - OP1_PT3_DEPTH / CS_BF_OP1
Distance,OP1_DEPTH_4,D1,5.046,5.000,0.046,-0.300,0.300,,PL_DATUM_K - OP1_PT4_DEPTH / CS_BF_OP1
Distance,OP1_DEPTH_5,D1,5.217,5.000,0.217,-0.300,0.300,,PL_DATUM_K - OP1_PT5_DEPTH / CS_BF_OP1
Distance,OP1_DEPTH_6,D1,5.244,5.000,0.244,-0.300,0.300,,PL_DATUM_K - OP1_PT6_DEPTH / CS_BF_OP1
Distance,OP1_DEPTH_7,D1,5.173,5.000,0.173,-0.300,0.300,,PL_DATUM_K - OP1_PT7_DEPTH / CS_BF_OP1
Distance,OP1_DEPTH_8,D1,5.071,5.000,0.071,-0.300,0.300,,PL_DATUM_K - OP1_PT8_DEPTH / CS_BF_OP1
Distance,OP1_WIDTH_1,D1,2.939,2.900,0.039,-0.150,0.150,,OP1_PT1_OW_GAGE - OP1_PT1_IW_GAGE / CS_BF_OP1
Distance,OP1_WIDTH_2,D1,2.851,2.900,-0.049,-0.150,0.150,,OP1_PT2_OW_GAGE - OP1_PT2_IW_GAGE / CS_BF_OP1
Distance,OP1_WIDTH_3,D1,2.928,2.900,0.028,-0.150,0.150,,OP1_PT3_OW_GAGE - OP1_PT3_IW_GAGE / CS_BF_OP1
Distance,OP1_WIDTH_4,D1,2.812,2.900,-0.088,-0.150,0.150,,OP1_PT4_OW_GAGE - OP1_PT4_IW_GAGE / CS_BF_OP1
Distance,OP1_WIDTH_5,D1,2.947,2.900,0.047,-0.150,0.150,,OP1_PT5_OW_GAGE - OP1_PT5_IW_GAGE / CS_BF_OP1
Distance,OP1_WIDTH_6,D1,2.983,2.900,0.083,-0.150,0.150,,OP1_PT6_OW_GAGE - OP1_PT6_IW_GAGE / CS_BF_OP1
Distance,OP1_WIDTH_7,D1,2.754,2.900,-0.146,-0.200,0.150,,OP1_PT7_OW_GAGE - OP1_PT7_IW_GAGE / CS_BF_OP1
Distance,OP1_WIDTH_8,D1,2.995,2.900,0.095,-0.150,0.150,,OP1_PT8_OW_GAGE - OP1_PT8_IW_GAGE / CS_BF_OP1
Distance,OP2_DEPTH_1,D1,4.973,5.000,-0.027,-0.300,0.300,,PL_DATUM_K - OP2_PT1_DEPTH / CS_BF_OP2
Distance,OP2_DEPTH_2,D1,4.962,5.000,-0.038,-0.300,0.300,,PL_DATUM_K - OP2_PT2_DEPTH / CS_BF_OP2
Distance,OP2_DEPTH_3,D1,4.967,5.000,-0.033,-0.300,0.300,,PL_DATUM_K - OP2_PT3_DEPTH / CS_BF_OP2
Distance,OP2_DEPTH_4,D1,5.022,5.000,0.022,-0.300,0.300,,PL_DATUM_K - OP2_PT4_DEPTH / CS_BF_OP2
Distance,OP2_DEPTH_5,D1,5.269,5.000,0.269,-0.300,0.300,,PL_DATUM_K - OP2_PT5_DEPTH / CS_BF_OP2
Distance,OP2_DEPTH_6,D1,5.204,5.000,0.204,-0.300,0.300,,PL_DATUM_K - OP2_PT6_DEPTH / CS_BF_OP2
Distance,OP2_DEPTH_7,D1,5.160,5.000,0.160,-0.300,0.300,,PL_DATUM_K - OP2_PT7_DEPTH / CS_BF_OP2
Distance,OP2_DEPTH_8,D1,5.157,5.000,0.157,-0.300,0.300,,PL_DATUM_K - OP2_PT8_DEPTH / CS_BF_OP2
Distance,OP2_WIDTH_1,D1,3.003,2.900,0.103,-0.150,0.150,,OP2_PT1_OW_GAGE - OP2_PT1_IW_GAGE / CS_BF_OP2
Distance,OP2_WIDTH_2,D1,2.974,2.900,0.074,-0.150,0.150,,OP2_PT2_OW_GAGE - OP2_PT2_IW_GAGE / CS_BF_OP2
Distance,OP2_WIDTH_3,D1,3.020,2.900,0.120,-0.150,0.150,,OP2_PT3_OW_GAGE - OP2_PT3_IW_GAGE_OFFSET / CS_BF_OP2
Distance,OP2_WIDTH_4,D1,2.962,2.900,0.062,-0.150,0.150,,OP2_PT4_OW_GAGE - OP2_PT4_IW_GAGE / CS_BF_OP2
Distance,OP2_WIDTH_5,D1,2.987,2.900,0.087,-0.150,0.150,,OP2_PT5_OW_GAGE - OP2_PT5_IW_GAGE / CS_BF_OP2
Distance,OP2_WIDTH_6,D1,2.932,2.900,0.032,-0.150,0.150,,OP2_PT6_OW_GAGE - OP2_PT6_IW_GAGE / CS_BF_OP2
Distance,OP2_WIDTH_7,D1,2.958,2.900,0.058,-0.150,0.150,,OP2_PT7_OW_GAGE - OP2_PT7_IW_GAGE / CS_BF_OP2
Distance,OP2_WIDTH_8,D1,2.986,2.900,0.086,-0.150,0.150,,OP2_PT8_OW_GAGE - OP2_PT8_IW_GAGE / CS_BF_OP2
Distance,OP3_DEPTH_1,D1,4.975,5.000,-0.025,-0.300,0.300,,PL_DATUM_K - OP3_PT1_DEPTH / CS_BF_OP3
Distance,OP3_DEPTH_2,D1,4.936,5.000,-0.064,-0.300,0.300,,PL_DATUM_K - OP3_PT2_DEPTH / CS_BF_OP3
Distance,OP3_DEPTH_3,D1,4.988,5.000,-0.012,-0.300,0.300,,PL_DATUM_K - OP3_PT3_DEPTH / CS_BF_OP3
Distance,OP3_DEPTH_4,D1,5.048,5.000,0.048,-0.300,0.300,,PL_DATUM_K - OP3_PT4_DEPTH / CS_BF_OP3
Distance,OP3_DEPTH_5,D1,5.184,5.000,0.184,-0.300,0.300,,PL_DATUM_K - OP3_PT5_DEPTH / CS_BF_OP3
Distance,OP3_DEPTH_6,D1,5.237,5.000,0.237,-0.300,0.300,,PL_DATUM_K - OP3_PT6_DEPTH / CS_BF_OP3
Distance,OP3_DEPTH_7,D1,5.264,5.000,0.264,-0.300,0.300,,PL_DATUM_K - OP3_PT7_DEPTH / CS_BF_OP3
Distance,OP3_DEPTH_8,D1,5.278,5.000,0.278,-0.300,0.300,,PL_DATUM_K - OP3_PT8_DEPTH / CS_BF_OP3
Distance,OP3_WIDTH_1,D1,2.942,2.900,0.042,-0.150,0.150,,OP3_PT1_OW_GAGE - OP3_PT1_IW_GAGE / CS_BF_OP3
Distance,OP3_WIDTH_2,D1,2.945,2.900,0.045,-0.150,0.150,,OP3_PT2_OW_GAGE - OP3_PT2_IW_GAGE / CS_BF_OP3
Distance,OP3_WIDTH_3,D1,2.898,2.900,-0.002,-0.150,0.150,,OP3_PT3_OW_GAGE - OP3_PT3_IW_GAGE / CS_BF_OP3
Distance,OP3_WIDTH_4,D1,2.942,2.900,0.042,-0.150,0.150,,OP3_PT4_OW_GAGE - OP3_PT4_IW_GAGE / CS_BF_OP3
Distance,OP3_WIDTH_5,D1,2.911,2.900,0.011,-0.150,0.150,,OP3_PT5_OW_GAGE - OP3_PT5_IW_GAGE / CS_BF_OP3
Distance,OP3_WIDTH_6,D1,2.982,2.900,0.082,-0.150,0.150,,OP3_PT6_OW_GAGE - OP3_PT6_IW_GAGE / CS_BF_OP3
Distance,OP3_WIDTH_7,D1,2.951,2.900,0.051,-0.150,0.150,,OP3_PT7_OW_GAGE - OP3_PT7_IW_GAGE / CS_BF_OP3
Distance,OP3_WIDTH_8,D1,2.939,2.900,0.039,-0.150,0.150,,OP3_PT8_OW_GAGE - OP3_PT8_IW_GAGE / CS_BF_OP3
Distance,OP4_DEPTH_1,D1,5.062,5.000,0.062,-0.300,0.300,,PL_DATUM_K - OP4_PT1_DEPTH / CS_BF_OP4
Distance,OP4_DEPTH_2,D1,5.035,5.000,0.035,-0.300,0.300,,PL_DATUM_K - OP4_PT2_DEPTH / CS_BF_OP4
Distance,OP4_DEPTH_3,D1,5.053,5.000,0.053,-0.300,0.300,,PL_DATUM_K - OP4_PT3_DEPTH / CS_BF_OP4
Distance,OP4_DEPTH_5,D1,5.230,5.000,0.230,-0.300,0.300,,PL_DATUM_K - OP4_PT5_DEPTH / CS_BF_OP4
Distance,OP4_DEPTH_6,D1,5.262,5.000,0.262,-0.300,0.300,,PL_DATUM_K - OP4_PT6_DEPTH / CS_BF_OP4
Distance,OP4_DEPTH_7,D1,5.287,5.000,0.287,-0.300,0.300,,PL_DATUM_K - OP4_PT7_DEPTH / CS_BF_OP4
Distance,OP4_DEPTH_8,D1,5.324,5.000,0.324,-0.300,0.300,0.024,PL_DATUM_K - OP4_PT8_DEPTH / CS_BF_OP4
Distance,OP4_WIDTH_1,D1,2.922,2.900,0.022,-0.150,0.150,,OP4_PT1_OW_GAGE - OP4_PT1_IW_GAGE / CS_BF_OP4
Distance,OP4_WIDTH_2,D1,2.888,2.900,-0.012,-0.150,0.150,,OP4_PT2_OW_GAGE - OP4_PT2_IW_GAGE / CS_BF_OP4
Distance,OP4_WIDTH_3,D1,3.029,2.900,0.129,-0.150,0.150,,OP4_PT3_OW_GAGE - OP4_PT3_IW_GAGE / CS_BF_OP4
Distance,OP4_WIDTH_5,D1,2.928,2.900,0.028,-0.150,0.150,,OP4_PT5_OW_GAGE - OP4_PT5_IW_GAGE / CS_BF_OP4
Distance,OP4_WIDTH_6,D1,2.890,2.900,-0.010,-0.150,0.150,,OP4_PT6_OW_GAGE - OP4_PT6_IW_GAGE / CS_BF_OP4
Distance,OP4_WIDTH_7,D1,2.915,2.900,0.015,-0.150,0.150,,OP4_PT7_OW_GAGE - OP4_PT7_IW_GAGE / CS_BF_OP4
Distance,OP4_WIDTH_8,D1,2.963,2.900,0.063,-0.150,0.150,,OP4_PT8_OW_GAGE - OP4_PT8_IW_GAGE / CS_BF_OP4
Distance,OP5_DEPTH_1,D1,5.004,5.000,0.004,-0.300,0.300,,PL_DATUM_J - OP5_PT1_DEPTH / CS_BF_OP5
Distance,OP5_DEPTH_2,D1,5.009,5.000,0.009,-0.300,0.300,,PL_DATUM_J - OP5_PT2_DEPTH / CS_BF_OP5
Distance,OP5_DEPTH_3,D1,4.984,5.000,-0.016,-0.300,0.300,,PL_DATUM_J - OP5_PT3_DEPTH / CS_BF_OP5
Distance,OP5_DEPTH_4,D1,5.045,5.000,0.045,-0.300,0.300,,PL_DATUM_J - OP5_PT4_DEPTH / CS_BF_OP5
Distance,OP5_DEPTH_5,D1,5.166,5.000,0.166,-0.300,0.300,,PL_DATUM_J - OP5_PT5_DEPTH / CS_BF_OP5
Distance,OP5_DEPTH_6,D1,5.092,5.000,0.092,-0.300,0.300,,PL_DATUM_J - OP5_PT6_DEPTH / CS_BF_OP5
Distance,OP5_DEPTH_7,D1,5.006,5.000,0.006,-0.300,0.300,,PL_DATUM_J - OP5_PT7_DEPTH / CS_BF_OP5
Distance,OP5_DEPTH_8,D1,4.958,5.000,-0.042,-0.300,0.300,,PL_DATUM_J - OP5_PT8_DEPTH / CS_BF_OP5
Distance,OP5_WIDTH_1,D1,3.068,2.900,0.168,-0.150,0.200,,OP5_PT1_OW_GAGE - OP5_PT1_IW_GAGE / CS_BF_OP5
Distance,OP5_WIDTH_2,D1,2.884,2.900,-0.016,-0.150,0.150,,OP5_PT2_OW_GAGE - OP5_PT2_IW_GAGE / CS_BF_OP5
Distance,OP5_WIDTH_3,D1,2.907,2.900,0.007,-0.150,0.150,,OP5_PT3_OW_GAGE - OP5_PT3_IW_GAGE / CS_BF_OP5
Distance,OP5_WIDTH_4,D1,2.857,2.900,-0.043,-0.150,0.150,,OP5_PT4_OW_GAGE - OP5_PT4_IW_GAGE / CS_BF_OP5
Distance,OP5_WIDTH_5,D1,2.932,2.900,0.032,-0.150,0.150,,OP5_PT5_OW_GAGE - OP5_PT5_IW_GAGE / CS_BF_OP5
Distance,OP5_WIDTH_6,D1,2.972,2.900,0.072,-0.150,0.150,,OP5_PT6_OW_GAGE - OP5_PT6_IW_GAGE / CS_BF_OP5
Distance,OP5_WIDTH_7,D1,2.938,2.900,0.038,-0.150,0.150,,OP5_PT7_OW_GAGE - OP5_PT7_IW_GAGE / CS_BF_OP5
Distance,OP5_WIDTH_8,D1,3.012,2.900,0.112,-0.150,0.150,,OP5_PT8_OW_GAGE - OP5_PT8_IW_GAGE / CS_BF_OP5
Distance,OP6_DEPTH_1,D1,5.069,5.000,0.069,-0.300,0.300,,PL_DATUM_J - OP6_PT1_DEPTH / CS_BF_OP6
Distance,OP6_DEPTH_2,D1,5.063,5.000,0.063,-0.300,0.300,,PL_DATUM_J - OP6_PT2_DEPTH / CS_BF_OP6
Distance,OP6_DEPTH_3,D1,4.985,5.000,-0.015,-0.300,0.300,,PL_DATUM_J - OP6_PT3_DEPTH / CS_BF_OP6
Distance,OP6_DEPTH_4,D1,4.935,5.000,-0.065,-0.300,0.300,,PL_DATUM_J - OP6_PT4_DEPTH / CS_BF_OP6
Distance,OP6_DEPTH_5,D1,4.989,5.000,-0.011,-0.300,0.300,,PL_DATUM_J - OP6_PT5_DEPTH / CS_BF_OP6
Distance,OP6_DEPTH_6,D1,4.957,5.000,-0.043,-0.300,0.300,,PL_DATUM_J - OP6_PT6_DEPTH / CS_BF_OP6
Distance,OP6_DEPTH_7,D1,4.984,5.000,-0.016,-0.300,0.300,,PL_DATUM_J - OP6_PT7_DEPTH / CS_BF_OP6
Distance,OP6_DEPTH_8,D1,4.994,5.000,-0.006,-0.300,0.300,,PL_DATUM_J - OP6_PT8_DEPTH / CS_BF_OP6
Distance,OP6_WIDTH_1,D1,3.014,2.900,0.114,-0.150,0.150,,OP6_PT1_OW_GAGE - OP6_PT1_IW_GAGE / CS_BF_OP6
Distance,OP6_WIDTH_2,D1,2.914,2.900,0.014,-0.150,0.150,,OP6_PT2_OW_GAGE - OP6_PT2_IW_GAGE / CS_BF_OP6
Distance,OP6_WIDTH_3,D1,3.054,2.900,0.154,-0.150,0.200,,OP6_PT3_OW_GAGE - OP6_PT3_IW_GAGE / CS_BF_OP6
Distance,OP6_WIDTH_4,D1,2.931,2.900,0.031,-0.150,0.150,,OP6_PT4_OW_GAGE - OP6_PT4_IW_GAGE / CS_BF_OP6
Distance,OP6_WIDTH_5,D1,3.034,2.900,0.134,-0.150,0.200,,OP6_PT5_OW_GAGE - OP6_PT5_IW_GAGE / CS_BF_OP6
Distance,OP6_WIDTH_6,D1,2.957,2.900,0.057,-0.150,0.150,,OP6_PT6_OW_GAGE - OP6_PT6_IW_GAGE / CS_BF_OP6
Distance,OP6_WIDTH_7,D1,3.002,2.900,0.102,-0.150,0.150,,OP6_PT7_OW_GAGE - OP6_PT7_IW_GAGE / CS_BF_OP6
Distance,OP6_WIDTH_8,D1,3.026,2.900,0.126,-0.150,0.150,,OP6_PT8_OW_GAGE - OP6_PT8_IW_GAGE / CS_BF_OP6
Distance,OP7_DEPTH_1,D1,4.914,5.000,-0.086,-0.300,0.300,,PL_DATUM_J - OP7_PT1_DEPTH / CS_BF_OP7
Distance,OP7_DEPTH_2,D1,4.955,5.000,-0.045,-0.300,0.300,,PL_DATUM_J - OP7_PT2_DEPTH / CS_BF_OP7
Distance,OP7_DEPTH_3,D1,4.909,5.000,-0.091,-0.300,0.300,,PL_DATUM_J - OP7_PT3_DEPTH / CS_BF_OP7
Distance,OP7_DEPTH_4,D1,4.902,5.000,-0.098,-0.300,0.300,,PL_DATUM_J - OP7_PT4_DEPTH / CS_BF_OP7
Distance,OP7_DEPTH_5,D1,4.932,5.000,-0.068,-0.300,0.300,,PL_DATUM_J - OP7_PT5_DEPTH / CS_BF_OP7
Distance,OP7_DEPTH_6,D1,4.963,5.000,-0.037,-0.300,0.300,,PL_DATUM_J - OP7_PT6_DEPTH / CS_BF_OP7
Distance,OP7_DEPTH_7,D1,4.993,5.000,-0.007,-0.300,0.300,,PL_DATUM_J - OP7_PT7_DEPTH / CS_BF_OP7
Distance,OP7_DEPTH_8,D1,5.072,5.000,0.072,-0.300,0.300,,PL_DATUM_J - OP7_PT8_DEPTH / CS_BF_OP7
Distance,OP7_WIDTH_1,D1,3.007,2.900,0.107,-0.150,0.150,,OP7_PT1_OW_GAGE - OP7_PT1_IW_GAGE / CS_BF_OP7
Distance,OP7_WIDTH_2,D1,2.885,2.900,-0.015,-0.150,0.150,,OP7_PT2_OW_GAGE - OP7_PT2_IW_GAGE / CS_BF_OP7
Distance,OP7_WIDTH_3,D1,3.003,2.900,0.103,-0.150,0.150,,OP7_PT3_OW_GAGE - OP7_PT3_IW_GAGE / CS_BF_OP7
Distance,OP7_WIDTH_4,D1,2.888,2.900,-0.012,-0.150,0.150,,OP7_PT4_OW_GAGE - OP7_PT4_IW_GAGE / CS_BF_OP7
Distance,OP7_WIDTH_5,D1,2.981,2.900,0.081,-0.150,0.150,,OP7_PT5_OW_GAGE - OP7_PT5_IW_GAGE / CS_BF_OP7
Distance,OP7_WIDTH_6,D1,2.963,2.900,0.063,-0.150,0.150,,OP7_PT6_OW_GAGE - OP7_PT6_IW_GAGE / CS_BF_OP7
Distance,OP7_WIDTH_7,D1,2.951,2.900,0.051,-0.150,0.150,,OP7_PT7_OW_GAGE - OP7_PT7_IW_GAGE / CS_BF_OP7
Distance,OP7_WIDTH_8,D1,2.925,2.900,0.025,-0.150,0.150,,OP7_PT8_OW_GAGE - OP7_PT8_IW_GAGE / CS_BF_OP7
Distance,OP8_DEPTH_1,D1,5.150,5.000,0.150,-0.300,0.300,,PL_DATUM_J - OP8_PT1_DEPTH / CS_BF_OP8
Distance,OP8_DEPTH_2,D1,5.175,5.000,0.175,-0.300,0.300,,PL_DATUM_J - OP8_PT2_DEPTH / CS_BF_OP8
Distance,OP8_DEPTH_3,D1,5.209,5.000,0.209,-0.300,0.300,,PL_DATUM_J - OP8_PT3_DEPTH / CS_BF_OP8
Distance,OP8_DEPTH_5,D1,5.025,5.000,0.025,-0.300,0.300,,PL_DATUM_J - OP8_PT5_DEPTH / CS_BF_OP8
Distance,OP8_DEPTH_6,D1,4.955,5.000,-0.045,-0.300,0.300,,PL_DATUM_J - OP8_PT6_DEPTH / CS_BF_OP8
Distance,OP8_DEPTH_7,D1,4.962,5.000,-0.038,-0.300,0.300,,PL_DATUM_J - OP8_PT7_DEPTH / CS_BF_OP8
Distance,OP8_DEPTH_8,D1,5.024,5.000,0.024,-0.300,0.300,,PL_DATUM_J - OP8_PT8_DEPTH / CS_BF_OP8
Distance,OP8_WIDTH_1,D1,2.942,2.900,0.042,-0.150,0.150,,OP8_PT1_OW_GAGE - OP8_PT1_IW_GAGE / CS_BF_OP8
Distance,OP8_WIDTH_2,D1,2.850,2.900,-0.050,-0.150,0.150,,OP8_PT2_OW_GAGE - OP8_PT2_IW_GAGE / CS_BF_OP8
Distance,OP8_WIDTH_3,D1,3.005,2.900,0.105,-0.150,0.150,,OP8_PT3_OW_GAGE - OP8_PT3_IW_GAGE / CS_BF_OP8
Distance,OP8_WIDTH_5,D1,3.006,2.900,0.106,-0.150,0.150,,OP8_PT5_OW_GAGE - OP8_PT5_IW_GAGE / CS_BF_OP8
Distance,OP8_WIDTH_6,D1,2.940,2.900,0.040,-0.150,0.150,,OP8_PT6_OW_GAGE - OP8_PT6_IW_GAGE / CS_BF_OP8
Distance,OP8_WIDTH_7,D1,2.984,2.900,0.084,-0.150,0.150,,OP8_PT7_OW_GAGE - OP8_PT7_IW_GAGE / CS_BF_OP8
Distance,OP8_WIDTH_8,D1,2.996,2.900,0.096,-0.150,0.150,,OP8_PT8_OW_GAGE - OP8_PT8_IW_GAGE / CS_BF_OP8
Distance,WIDTH_TB.1,D1,2.927,2.900,0.027,-0.150,0.150,,P0W2.5_1.1 - PIW2.5_1.1 / CS_DE_BF
Distance,WIDTH_TB.10,D1,2.961,2.900,0.061,-0.150,0.150,,P0W2.5_1.10 - PIW2.5_1.10 / CS_DE_BF
Distance,WIDTH_TB.11,D1,2.896,2.900,-0.004,-0.150,0.150,,P0W2.5_1.11 - PIW2.5_1.11 / CS_DE_BF
Distance,WIDTH_TB.12,D1,2.997,2.900,0.097,-0.150,0.150,,P0W2.5_1.12 - PIW2.5_1.12 / CS_DE_BF
Distance,WIDTH_TB.13,D1,2.881,2.900,-0.019,-0.150,0.150,,P0W2.5_1.13 - PIW2.5_1.13 / CS_DE_BF
Distance,WIDTH_TB.14,D1,2.885,2.900,-0.015,-0.150,0.150,,P0W2.5_1.14 - PIW2.5_1.14 / CS_DE_BF
Distance,WIDTH_TB.15,D1,2.993,2.900,0.093,-0.150,0.150,,P0W2.5_1.15 - PIW2.5_1.15 / CS_DE_BF
Distance,WIDTH_TB.2,D1,2.899,2.900,-0.001,-0.150,0.150,,P0W2.5_1.2 - PIW2.5_1.2 / CS_DE_BF
Distance,WIDTH_TB.3,D1,2.814,2.900,-0.086,-0.150,0.150,,P0W2.5_1.3 - PIW2.5_1.3 / CS_DE_BF
Distance,WIDTH_TB.4,D1,2.907,2.900,0.007,-0.150,0.150,,P0W2.5_1.4 - PIW2.5_1.4 / CS_DE_BF
Distance,WIDTH_TB.5,D1,2.913,2.900,0.013,-0.150,0.150,,P0W2.5_1.5 - PIW2.5_1.5 / CS_DE_BF
Distance,WIDTH_TB.6,D1,2.855,2.900,-0.045,-0.150,0.150,,P0W2.5_1.6 - PIW2.5_1.6 / CS_DE_BF
Distance,WIDTH_TB.7,D1,3.006,2.900,0.106,-0.150,0.150,,P0W2.5_1.7 - PIW2.5_1.7 / CS_DE_BF
Distance,WIDTH_TB.8,D1,3.005,2.900,0.105,-0.150,0.150,,P0W2.5_1.8 - PIW2.5_1.8 / CS_DE_BF
Distance,WIDTH_TB.9,D1,2.976,2.900,0.076,-0.150,0.150,,P0W2.5_1.9 - PIW2.5_1.9 / CS_DE_BF
Flatness,FLAT_D,FLTN,0.137,0.000,0.137,0.000,0.300,,PL_DATUM_D
Flatness,FLAT_F,FLTN,0.045,0.000,0.045,0.000,0.200,,PL_DATUM_F
Flatness,FLAT_H,FLTN,0.232,0.000,0.232,0.000,0.500,,PL_DATUM_H
Profile of Line,OP1TOLPRFOW,PRFL,1.313,0.000,1.313,0.000,1.522,,OP1_SECT_OW
Profile of Line,OP1TOL_PRF_IN,PRFL,0.895,0.000,0.895,0.000,1.522,,OP1_SECT_IN
Profile of Line,OP2TOLPRFOW,PRFL,0.929,0.000,0.929,0.000,1.522,,OP2_SECT_OW
Profile of Line,OP2TOL_PRF_IN,PRFL,0.688,0.000,0.688,0.000,1.522,,OP2_SECT_IN
Profile of Line,OP3TOLPRFOW,PRFL,0.366,0.000,0.366,0.000,1.522,,OP3_SECT_OW
Profile of Line,OP3TOL_PRF_IN,PRFL,0.366,0.000,0.366,0.000,1.522,,OP3_SECT_IN
Profile of Line,OP4TOLPRFOW,PRFL,0.686,0.000,0.686,0.000,1.522,,OP4_SECT_OW
Profile of Line,OP4TOL_PRF_IN,PRFL,0.567,0.000,0.567,0.000,1.522,,OP4_SECT_IN
Profile of Line,OP5TOLPRFOW,PRFL,1.229,0.000,1.229,0.000,1.522,,OP5_SECT_OW
Profile of Line,OP5TOL_PRF_IN,PRFL,1.267,0.000,1.267,0.000,1.522,,OP5_SECT_IN
Profile of Line,OP6TOLPRFOW,PRFL,0.900,0.000,0.900,0.000,1.522,,OP6_SECT_OW
Profile of Line,OP6TOL_PRF_IN,PRFL,0.442,0.000,0.442,0.000,1.522,,OP6_SECT_IN
Profile of Line,OP7TOLPRFOW,PRFL,0.801,0.000,0.801,0.000,1.522,,OP7_SECT_OW
Profile of Line,OP7TOL_PRF_IN,PRFL,0.590,0.000,0.590,0.000,1.522,,OP7_SECT_IN
Profile of Line,OP8TOLPRFOW,PRFL,1.006,0.000,1.006,0.000,1.522,,OP8_SECT_OW
Profile of Line,OP8TOL_PRF_IN,PRFL,0.811,0.000,0.811,0.000,1.522,,OP8_SECT_IN
Perpend.,PERP_G,PERP,0.019,0.000,0.019,0.000,0.250,,CYL_15/PL_DATUM_F - C-Zone - Cloud of Points 
Perpend.,PERP_J,PERP,0.035,0.000,0.035,0.000,0.250,,CYL_25/PL_DATUM_H - C-Zone - Cloud of Points 
Pos. Tol.,POS_1,PTOL,1.016,0.000,1.016,0.000,1.622,,CIR1/NOMINAL - CS_A-BC_BF_SURFACE_ROT - C-Zone - XY - Nominal
Pos. Tol.,POS_10,PTOL,1.304,0.000,1.304,0.000,1.622,,CIR10/NOMINAL - CS_A-BC_BF_SURFACE_ROT - C-Zone - XY - Nominal
Pos. Tol.,POS_11,PTOL,0.754,0.000,0.754,0.000,2.222,,CIR_11/NOMINAL - CS_A-BC_BF_SURFACE_ROT - C-Zone - XY - Nominal
Pos. Tol.,POS_12,PTOL,0.505,0.000,0.505,0.000,2.222,,CIR_12/NOMINAL - CS_A-BC_BF_SURFACE_ROT - C-Zone - XY - Nominal
Pos. Tol.,POS_13,PTOL,0.269,0.000,0.269,0.000,2.222,,CIR_13/NOMINAL - CS_A-BC_BF_SURFACE_ROT - C-Zone - XY - Nominal
Pos. Tol.,POS_14,PTOL,0.940,0.000,0.940,0.000,2.222,,CIR_14/NOMINAL - CS_A-BC_BF_SURFACE_ROT - C-Zone - XY - Nominal
Pos. Tol.,POS_15,PTOL,0.882,0.000,0.882,0.000,3.374,,CIR_15/NOMINAL - CS_A-BC_BF_SURFACE_ROT - C-Zone - XY - Nominal
Pos. Tol.,POS_16,PTOL,0.162,0.000,0.162,0.000,0.952,,CIR_16/NOMINAL - CS_FG - C-Zone - XY - Nominal
Pos. Tol.,POS_17,PTOL,0.911,0.000,0.911,0.000,3.222,,CIR_17_1/NOMINAL - CS_A-BC_BF_SURFACE_ROT - C-Zone - XYZ - Nominal
Pos. Tol.,POS_18,PTOL,1.123,0.000,1.123,0.000,3.264,,CIR_18/NOMINAL - CS_A-BC_BF_SURFACE_ROT - C-Zone - XYZ - Nominal
Pos. Tol.,POS_2,PTOL,0.362,0.000,0.362,0.000,1.622,,CIR2/NOMINAL - CS_A-BC_BF_SURFACE_ROT - C-Zone - XY - Nominal
Pos. Tol.,POS_20,PTOL,2.360,0.000,2.360,0.000,3.222,,CIR_20/NOMINAL - CS_A-BC_ROT_18_TBA - C-Zone - XZ - Nominal
Pos. Tol.,POS_21,PTOL,1.674,0.000,1.674,0.000,3.222,,CIR_21/NOMINAL - CS_A-BC_ROT_18_TBA - C-Zone - XZ - Nominal
Pos. Tol.,POS_22,PTOL,1.407,0.000,1.407,0.000,3.222,,CIR_22/NOMINAL - CS_A-BC_ROT_18_TBA - C-Zone - XZ - Nominal
Pos. Tol.,POS_23,PTOL,2.092,0.000,2.092,0.000,3.222,,CIR_23/NOMINAL - CS_A-BC_ROT_18_TBA - C-Zone - XZ - Nominal
Pos. Tol.,POS_25,PTOL,2.862,0.000,2.862,0.000,3.258,,CIR_25_GAGE_6/NOMINAL - CS_A-BC_BF_SURFACE_ROT - C-Zone - XYZ - Nominal
Pos. Tol.,POS_26,PTOL,0.517,0.000,0.517,0.000,0.536,,CIR_26/NOMINAL - CS_H - C-Zone - YZ - Nominal
Pos. Tol.,POS_2D_20,PTOL,0.440,0.000,0.440,0.000,0.800,,2D_CIR_20/NOMINAL - CS_DE_BF - C-Zone - XZ - Nominal
Pos. Tol.,POS_2D_21,PTOL,0.487,0.000,0.487,0.000,0.800,,2D_CIR_21/NOMINAL - CS_DE_BF - C-Zone - XZ - Nominal
Pos. Tol.,POS_2D_22,PTOL,0.577,0.000,0.577,0.000,0.800,,2D_CIR_22/NOMINAL - CS_DE_BF - C-Zone - XZ - Nominal
Pos. Tol.,POS_2D_23,PTOL,0.505,0.000,0.505,0.000,0.800,,2D_CIR_23/NOMINAL - CS_DE_BF - C-Zone - XZ - Nominal
Pos. Tol.,POS_3,PTOL,1.164,0.000,1.164,0.000,1.622,,CIR3/NOMINAL - CS_A-BC_BF_SURFACE_ROT - C-Zone - XY - Nominal
Pos. Tol.,POS_4,PTOL,0.957,0.000,0.957,0.000,1.622,,CIR4/NOMINAL - CS_A-BC_BF_SURFACE_ROT - C-Zone - XY - Nominal
Pos. Tol.,POS_5,PTOL,0.496,0.000,0.496,0.000,1.622,,CIR5/NOMINAL - CS_A-BC_BF_SURFACE_ROT - C-Zone - XY - Nominal
Pos. Tol.,POS_6,PTOL,1.392,0.000,1.392,0.000,1.622,,CIR6/NOMINAL - CS_A-BC_BF_SURFACE_ROT - C-Zone - XY - Nominal
Pos. Tol.,POS_7,PTOL,1.371,0.000,1.371,0.000,1.622,,CIR7/NOMINAL - CS_A-BC_BF_SURFACE_ROT - C-Zone - XY - Nominal
Pos. Tol.,POS_8,PTOL,0.834,0.000,0.834,0.000,1.622,,CIR8/NOMINAL - CS_A-BC_BF_SURFACE_ROT - C-Zone - XY - Nominal
Pos. Tol.,POS_9,PTOL,1.235,0.000,1.235,0.000,1.622,,CIR9/NOMINAL - CS_A-BC_BF_SURFACE_ROT - C-Zone - XY - Nominal
Pos. Tol.,POS_C,PTOL,0.033,0.000,0.033,0.000,0.372,,PT_DATUM_C/NOMINAL - CS_A-BC_BF_SURFACE - P-Zone - Z - Nominal
Circle,LOCAL_2D_CIR_11,X,0.000,0.000,0.000,,,,
Circle,LOCAL_2D_CIR_11,Y,0.062,0.000,0.062,,,,
Circle,LOCAL_2D_CIR_12,X,0.000,0.000,0.000,,,,
Circle,LOCAL_2D_CIR_12,Y,235.458,235.520,-0.062,,,,
Circle,LOCAL_2D_CIR_13,X,-0.000,0.000,0.000,,,,
Circle,LOCAL_2D_CIR_13,Y,223.423,223.520,-0.097,,,,
Circle,LOCAL_2D_CIR_14,X,-0.000,0.000,0.000,,,,
Circle,LOCAL_2D_CIR_14,Y,0.097,0.000,0.097,,,,
Pos. Tol.,POS_2D_LOCAL_11,PTOL,0.125,0.000,0.125,0.000,0.250,,LOCAL_2D_CIR_11/NOMINAL - CS_CIR_11_12_BF - C-Zone - XY - Nominal
Pos. Tol.,POS_2D_LOCAL_12,PTOL,0.125,0.000,0.125,0.000,0.250,,LOCAL_2D_CIR_12/NOMINAL - CS_CIR_11_12_BF - C-Zone - XY - Nominal
Pos. Tol.,POS_2D_LOCAL_13,PTOL,0.194,0.000,0.194,0.000,0.250,,LOCAL_2D_CIR_13/NOMINAL - CS_CIR_13_14_BF - C-Zone - XY - Nominal
Pos. Tol.,POS_2D_LOCAL_14,PTOL,0.194,0.000,0.194,0.000,0.250,,LOCAL_2D_CIR_14/NOMINAL - CS_CIR_13_14_BF - C-Zone - XY - Nominal
