Feat. Type,Feat. Name,Value,Actual,Nominal,Dev.,Tol-,Tol+,Out of Tol.,Comment
Text/Value,VAR_PROGRAM,VAL,,,,,,,'N:\Metrolog XG\Programmes\Corvette LT1\Corvette LT1 Complete (Module 51).gm2'
Text/Value,VAR_EVENEMENT,VAL,,,,,,,'Dem 321A'
Text/Value,VAR_COMMENTAIRES,VAL,,,,,,,'Part No.1'
Angle,ANGLE_DATUM_A,3D,32.103,32.000,0.103,,,,PL_TOP_OP1_OP2_OP3_OP4 - ZX-PLANE / CS_A-BC_BF_SURFACE
Angle,ANGLE_DATUM_B,3D,31.998,32.000,-0.002,,,,PL_TOP_OP5_OP6_OP7_OP8 - ZX-PLANE / CS_A-BC_BF_SURFACE
Angle,ANGLE_25,3D,7.475,,,,,,LINE_25 - X-AXIS / CS_A-BC_BF_SURFACE_ROT
Angle,ANGLE_TBA,3D,18.275,18.000,0.275,,,,PL_DATUM_D - ZX-PLANE / CS_A-BC_BF_SURFACE_ROT
Circle,CIR1,DIAM,12.925,12.912,0.013,-0.150,0.400,,From 4 Pts On PL_CIR_1
Circle,CIR1,X,-151.808,-151.990,0.182,,,,
Circle,CIR1,Y,-157.670,-158.070,0.400,,,,
Circle,CIR2,DIAM,12.936,12.912,0.024,-0.150,0.400,,From 4 Pts On PL_CIR_2
Circle,CIR2,X,-151.687,-151.990,0.303,,,,
Circle,CIR2,Y,-46.388,-46.310,-0.078,,,,
Circle,CIR3,DIAM,12.938,12.912,0.026,-0.150,0.400,,From 4 Pts On PL_CIR_3
Circle,CIR3,X,-151.255,-151.990,0.735,,,,
Circle,CIR3,Y,65.493,65.450,0.043,,,,
Circle,CIR4,DIAM,12.934,12.912,0.022,-0.150,0.400,,From 4 Pts On PL_CIR_4
Circle,CIR4,X,-151.287,-151.990,0.703,,,,
Circle,CIR4,Y,177.095,177.210,-0.115,,,,
Circle,CIR5,DIAM,12.879,12.912,-0.033,-0.150,0.400,,From 4 Pts On PL_CIR_5
Circle,CIR5,X,-151.759,-151.990,0.231,,,,
Circle,CIR5,Y,248.432,248.730,-0.298,,,,
Circle,CIR6,DIAM,12.919,12.912,0.008,-0.150,0.400,,From 4 Pts On PL_CIR_6
Circle,CIR6,X,151.670,151.990,-0.320,,,,
Circle,CIR6,Y,222.985,223.520,-0.535,,,,
Circle,CIR7,DIAM,12.928,12.912,0.016,-0.150,0.400,,From 4 Pts On PL_CIR_7
Circle,CIR7,X,151.446,151.990,-0.544,,,,
Circle,CIR7,Y,111.752,111.760,-0.008,,,,
Circle,CIR8,DIAM,12.928,12.912,0.016,-0.150,0.400,,From 4 Pts On PL_CIR_8
Circle,CIR8,X,151.912,151.990,-0.078,,,,
Circle,CIR8,Y,0.289,-0.000,0.289,,,,
Circle,CIR9,DIAM,12.932,12.912,0.020,-0.150,0.400,,From 4 Pts On PL_CIR_9
Circle,CIR9,X,151.760,151.990,-0.230,,,,
Circle,CIR9,Y,-111.298,-111.760,0.462,,,,
Circle,CIR10,DIAM,12.922,12.912,0.010,-0.150,0.400,,From 4 Pts On PL_CIR_10
Circle,CIR10,X,152.021,151.990,0.031,,,,
Circle,CIR10,Y,-182.713,-183.280,0.567,,,,
Circle,CIR_11,X,161.217,161.000,0.217,,,,Criterion : Least Square (From 6 Pts On PL_INS_11) 
Circle,CIR_11,Y,-147.262,-147.520,0.258,,,,
Circle,CIR_12,X,161.219,161.000,0.219,,,,Criterion : Least Square (From 6 Pts On PL_INS_12) 
Circle,CIR_12,Y,88.226,88.000,0.226,,,,
Circle,CIR_13,X,-160.975,-161.000,0.025,,,,Criterion : Least Square (From 6 Pts On PL_INS_13) 
Circle,CIR_13,Y,101.284,101.210,0.074,,,,
Circle,CIR_14,X,-161.253,-161.000,-0.253,,,,Criterion : Least Square (From 6 Pts On PL_INS_14) 
Circle,CIR_14,Y,-122.086,-122.310,0.224,,,,
Circle,CIR_15,DIAM,12.137,12.050,0.087,-0.080,0.130,,Criterion : Least Square (From 12 Pts On PL_PLAST_15) 
Circle,CIR_15,X,137.548,137.000,0.548,,,,
Circle,CIR_15,Y,43.958,43.620,0.338,,,,
Circle,CIR_15,Z,175.542,175.490,0.052,,,,
Circle,CIR_16,DIAM,4.872,4.800,0.072,-0.250,0.250,,Criterion : Least Square (From 6 Pts On PL_PLAST_15) 
Circle,CIR_16,X,0.000,0.000,0.000,,,,
Circle,CIR_16,Y,-17.461,-17.530,0.069,,,,
Circle,CIR_16,Z,-0.032,0.000,-0.032,,,,
Circle,CIR_17_2,DIAM,17.026,17.000,0.026,-0.050,0.050,,Criterion : Least Square (From 12 Pts On PL_17) 
Circle,CIR_19,DIAM,88.001,87.989,0.013,,,,Criterion : Least Square (From 12 Pts On PL_DATUM_D) 
Circle,CIR_19,X,0.879,-0.000,0.879,,,,
Circle,CIR_19,Y,-225.059,-225.090,0.031,,,,
Circle,CIR_19,Z,215.541,215.810,-0.269,,,,
Circle,CIR_20,X,53.080,52.000,1.080,,,,Criterion : Least Square (From 6 Pts On PL_INS_20) 
Circle,CIR_20,Y,-225.097,-225.790,0.693,,,,
Circle,CIR_20,Z,250.106,250.810,-0.703,,,,
Circle,CIR_21,X,52.894,52.000,0.894,,,,Criterion : Least Square (From 6 Pts On PL_INS_21) 
Circle,CIR_21,Y,-224.894,-225.340,0.446,,,,
Circle,CIR_21,Z,180.608,180.810,-0.202,,,,
Circle,CIR_22,X,-51.381,-52.000,0.619,,,,Criterion : Least Square (From 6 Pts On PL_INS_22) 
Circle,CIR_22,Y,-224.879,-225.790,0.911,,,,
Circle,CIR_22,Z,181.086,180.810,0.276,,,,
Circle,CIR_23,X,-50.942,-52.000,1.058,,,,Criterion : Least Square (From 6 Pts On PL_INS_23) 
Circle,CIR_23,Y,-225.357,-225.577,0.220,,,,
Circle,CIR_23,Z,250.639,250.810,-0.171,,,,
Circle,2D_CIR_19,X,0.000,0.000,0.000,-0.050,0.050,,
Circle,2D_CIR_19,Z,0.000,0.000,0.000,-0.050,0.050,,
Circle,2D_CIR_20,X,52.003,52.000,0.003,,,,
Circle,2D_CIR_20,Z,34.744,35.000,-0.256,,,,
Circle,2D_CIR_21,X,52.147,52.000,0.147,,,,
Circle,2D_CIR_21,Z,-34.755,-35.000,0.245,,,,
Circle,2D_CIR_22,X,-52.129,-52.000,-0.129,,,,
Circle,2D_CIR_22,Z,-34.772,-35.000,0.228,,,,
Circle,2D_CIR_23,X,-52.021,-52.000,-0.021,,,,
Circle,2D_CIR_23,Z,34.783,35.000,-0.217,,,,
Circle,CIR_25_GAGE_6,DIAM,12.125,12.170,-0.045,-0.120,0.080,,Criterion : Least Square (From 12 Pts On PL_PLAST_25_26) 
Circle,CIR_25_GAGE_6,X,-61.914,-63.396,1.482,,,,
Circle,CIR_25_GAGE_6,Y,-214.101,-214.658,0.557,,,,
Circle,CIR_25_GAGE_6,Z,155.454,155.214,0.240,,,,
Circle,CIR_26,X,0.253,0.000,0.253,,,,Criterion : Least Square (From 6 Pts On PL_INS_26) 
Circle,CIR_26,Y,0.000,0.000,0.000,,,,
Circle,CIR_26,Z,-23.255,-23.500,0.245,,,,
Circle,CIR_18,DIAM,9.902,9.890,0.012,-0.085,0.085,,Inters. PL_18 - CYL_18.
Circle,CIR_18,X,112.940,112.500,0.440,,,,
Circle,CIR_18,Y,-258.316,-258.800,0.484,,,,
Circle,CIR_18,Z,160.831,160.500,0.331,,,,
Distance,DIAM_C,D1,8.758,8.860,-0.102,-0.150,0.150,,SRF_C_TOP - SRF_C_LOW / CS_A-BC_BF_SURFACE
Distance,H_11,Z,0.318,0.000,0.318,0.000,0.500,,CIR_11 - PL_PLAST_11 / CS_CIR_11
Distance,H_12,Z,0.209,0.000,0.209,0.000,0.500,,CIR_12 - PL_PLAST_12 / CS_CIR_12
Distance,H_13,Z,0.354,0.000,0.354,0.000,0.500,,CIR_13 - PL_PLAST_13 / CS_CIR_13
Distance,H_14,Z,0.232,0.000,0.232,0.000,0.500,,CIR_14 - PL_PLAST_14 / CS_CIR_14
Distance,H_20,Y,0.166,0.000,0.166,0.000,0.500,,CIR_20 - PL_PLAST_20 / CS_DE_BF_ROT
Distance,H_21,Y,0.264,0.000,0.264,0.000,0.500,,CIR_21 - PL_PLAST_21 / CS_DE_BF_ROT
Distance,H_22,Y,0.249,0.000,0.249,0.000,0.500,,CIR_22 - PL_PLAST_22 / CS_DE_BF_ROT
Distance,H_23,Y,0.196,0.000,0.196,0.000,0.500,,CIR_23 - PL_PLAST_23 / CS_DE_BF_ROT
Distance,H_26,X,0.256,0.000,0.256,0.000,0.500,,CIR_26 - PL_PLAST_25_26 / CS_H_ROT_180
Distance,OP1_DEPTH_1,D1,4.973,5.000,-0.027,-0.300,0.300,,PL_DATUM_K - OP1_PT1_DEPTH / CS_BF_OP1
Distance,OP1_DEPTH_2,D1,4.947,5.000,-0.053,-0.300,0.300,,PL_DATUM_K - OP1_PT2_DEPTH / CS_BF_OP1
Distance,OP1_DEPTH_3,D1,4.928,5.000,-0.072,-0.300,0.300,,PL_DATUM_K - OP1_PT3_DEPTH / CS_BF_OP1
Distance,OP1_DEPTH_4,D1,4.997,5.000,-0.003,-0.300,0.300,,PL_DATUM_K - OP1_PT4_DEPTH / CS_BF_OP1
Distance,OP1_DEPTH_5,D1,5.166,5.000,0.166,-0.300,0.300,,PL_DATUM_K - OP1_PT5_DEPTH / CS_BF_OP1
Distance,OP1_DEPTH_6,D1,5.197,5.000,0.197,-0.300,0.300,,PL_DATUM_K - OP1_PT6_DEPTH / CS_BF_OP1
Distance,OP1_DEPTH_7,D1,5.146,5.000,0.146,-0.300,0.300,,PL_DATUM_K - OP1_PT7_DEPTH / CS_BF_OP1
Distance,OP1_DEPTH_8,D1,5.056,5.000,0.056,-0.300,0.300,,PL_DATUM_K - OP1_PT8_DEPTH / CS_BF_OP1
Distance,OP1_WIDTH_1,D1,2.949,2.900,0.049,-0.150,0.150,,OP1_PT1_OW_GAGE - OP1_PT1_IW_GAGE / CS_BF_OP1
Distance,OP1_WIDTH_2,D1,2.860,2.900,-0.040,-0.150,0.150,,OP1_PT2_OW_GAGE - OP1_PT2_IW_GAGE / CS_BF_OP1
Distance,OP1_WIDTH_3,D1,2.940,2.900,0.040,-0.150,0.150,,OP1_PT3_OW_GAGE - OP1_PT3_IW_GAGE / CS_BF_OP1
Distance,OP1_WIDTH_4,D1,2.811,2.900,-0.089,-0.150,0.150,,OP1_PT4_OW_GAGE - OP1_PT4_IW_GAGE / CS_BF_OP1
Distance,OP1_WIDTH_5,D1,2.955,2.900,0.055,-0.150,0.150,,OP1_PT5_OW_GAGE - OP1_PT5_IW_GAGE / CS_BF_OP1
Distance,OP1_WIDTH_6,D1,2.999,2.900,0.099,-0.150,0.150,,OP1_PT6_OW_GAGE - OP1_PT6_IW_GAGE / CS_BF_OP1
Distance,OP1_WIDTH_7,D1,2.759,2.900,-0.141,-0.200,0.150,,OP1_PT7_OW_GAGE - OP1_PT7_IW_GAGE / CS_BF_OP1
Distance,OP1_WIDTH_8,D1,2.994,2.900,0.094,-0.150,0.150,,OP1_PT8_OW_GAGE - OP1_PT8_IW_GAGE / CS_BF_OP1
Distance,OP2_DEPTH_1,D1,4.940,5.000,-0.060,-0.300,0.300,,PL_DATUM_K - OP2_PT1_DEPTH / CS_BF_OP2
Distance,OP2_DEPTH_2,D1,4.943,5.000,-0.057,-0.300,0.300,,PL_DATUM_K - OP2_PT2_DEPTH / CS_BF_OP2
Distance,OP2_DEPTH_3,D1,4.950,5.000,-0.050,-0.300,0.300,,PL_DATUM_K - OP2_PT3_DEPTH / CS_BF_OP2
Distance,OP2_DEPTH_4,D1,4.978,5.000,-0.022,-0.300,0.300,,PL_DATUM_K - OP2_PT4_DEPTH / CS_BF_OP2
Distance,OP2_DEPTH_5,D1,5.198,5.000,0.198,-0.300,0.300,,PL_DATUM_K - OP2_PT5_DEPTH / CS_BF_OP2
Distance,OP2_DEPTH_6,D1,5.151,5.000,0.151,-0.300,0.300,,PL_DATUM_K - OP2_PT6_DEPTH / CS_BF_OP2
Distance,OP2_DEPTH_7,D1,5.109,5.000,0.109,-0.300,0.300,,PL_DATUM_K - OP2_PT7_DEPTH / CS_BF_OP2
Distance,OP2_DEPTH_8,D1,5.101,5.000,0.101,-0.300,0.300,,PL_DATUM_K - OP2_PT8_DEPTH / CS_BF_OP2
Distance,OP2_WIDTH_1,D1,3.001,2.900,0.101,-0.150,0.150,,OP2_PT1_OW_GAGE - OP2_PT1_IW_GAGE / CS_BF_OP2
Distance,OP2_WIDTH_2,D1,2.986,2.900,0.086,-0.150,0.150,,OP2_PT2_OW_GAGE - OP2_PT2_IW_GAGE / CS_BF_OP2
Distance,OP2_WIDTH_3,D1,3.007,2.900,0.107,-0.150,0.150,,OP2_PT3_OW_GAGE - OP2_PT3_IW_GAGE_OFFSET / CS_BF_OP2
Distance,OP2_WIDTH_4,D1,2.974,2.900,0.074,-0.150,0.150,,OP2_PT4_OW_GAGE - OP2_PT4_IW_GAGE / CS_BF_OP2
Distance,OP2_WIDTH_5,D1,2.991,2.900,0.091,-0.150,0.150,,OP2_PT5_OW_GAGE - OP2_PT5_IW_GAGE / CS_BF_OP2
Distance,OP2_WIDTH_6,D1,2.929,2.900,0.029,-0.150,0.150,,OP2_PT6_OW_GAGE - OP2_PT6_IW_GAGE / CS_BF_OP2
Distance,OP2_WIDTH_7,D1,2.974,2.900,0.074,-0.150,0.150,,OP2_PT7_OW_GAGE - OP2_PT7_IW_GAGE / CS_BF_OP2
Distance,OP2_WIDTH_8,D1,2.989,2.900,0.089,-0.150,0.150,,OP2_PT8_OW_GAGE - OP2_PT8_IW_GAGE / CS_BF_OP2
Distance,OP3_DEPTH_1,D1,4.959,5.000,-0.041,-0.300,0.300,,PL_DATUM_K - OP3_PT1_DEPTH / CS_BF_OP3
Distance,OP3_DEPTH_2,D1,4.922,5.000,-0.078,-0.300,0.300,,PL_DATUM_K - OP3_PT2_DEPTH / CS_BF_OP3
Distance,OP3_DEPTH_3,D1,4.972,5.000,-0.028,-0.300,0.300,,PL_DATUM_K - OP3_PT3_DEPTH / CS_BF_OP3
Distance,OP3_DEPTH_4,D1,5.014,5.000,0.014,-0.300,0.300,,PL_DATUM_K - OP3_PT4_DEPTH / CS_BF_OP3
Distance,OP3_DEPTH_5,D1,5.144,5.000,0.144,-0.300,0.300,,PL_DATUM_K - OP3_PT5_DEPTH / CS_BF_OP3
Distance,OP3_DEPTH_6,D1,5.195,5.000,0.195,-0.300,0.300,,PL_DATUM_K - OP3_PT6_DEPTH / CS_BF_OP3
Distance,OP3_DEPTH_7,D1,5.198,5.000,0.198,-0.300,0.300,,PL_DATUM_K - OP3_PT7_DEPTH / CS_BF_OP3
Distance,OP3_DEPTH_8,D1,5.206,5.000,0.206,-0.300,0.300,,PL_DATUM_K - OP3_PT8_DEPTH / CS_BF_OP3
Distance,OP3_WIDTH_1,D1,2.898,2.900,-0.002,-0.150,0.150,,OP3_PT1_OW_GAGE - OP3_PT1_IW_GAGE / CS_BF_OP3
Distance,OP3_WIDTH_2,D1,2.942,2.900,0.042,-0.150,0.150,,OP3_PT2_OW_GAGE - OP3_PT2_IW_GAGE / CS_BF_OP3
Distance,OP3_WIDTH_3,D1,2.894,2.900,-0.006,-0.150,0.150,,OP3_PT3_OW_GAGE - OP3_PT3_IW_GAGE / CS_BF_OP3
Distance,OP3_WIDTH_4,D1,2.943,2.900,0.043,-0.150,0.150,,OP3_PT4_OW_GAGE - OP3_PT4_IW_GAGE / CS_BF_OP3
Distance,OP3_WIDTH_5,D1,2.911,2.900,0.011,-0.150,0.150,,OP3_PT5_OW_GAGE - OP3_PT5_IW_GAGE / CS_BF_OP3
Distance,OP3_WIDTH_6,D1,2.980,2.900,0.080,-0.150,0.150,,OP3_PT6_OW_GAGE - OP3_PT6_IW_GAGE / CS_BF_OP3
Distance,OP3_WIDTH_7,D1,2.945,2.900,0.045,-0.150,0.150,,OP3_PT7_OW_GAGE - OP3_PT7_IW_GAGE / CS_BF_OP3
Distance,OP3_WIDTH_8,D1,2.954,2.900,0.054,-0.150,0.150,,OP3_PT8_OW_GAGE - OP3_PT8_IW_GAGE / CS_BF_OP3
Distance,OP4_DEPTH_1,D1,5.054,5.000,0.054,-0.300,0.300,,PL_DATUM_K - OP4_PT1_DEPTH / CS_BF_OP4
Distance,OP4_DEPTH_2,D1,5.024,5.000,0.024,-0.300,0.300,,PL_DATUM_K - OP4_PT2_DEPTH / CS_BF_OP4
Distance,OP4_DEPTH_3,D1,5.038,5.000,0.038,-0.300,0.300,,PL_DATUM_K - OP4_PT3_DEPTH / CS_BF_OP4
Distance,OP4_DEPTH_5,D1,5.204,5.000,0.204,-0.300,0.300,,PL_DATUM_K - OP4_PT5_DEPTH / CS_BF_OP4
Distance,OP4_DEPTH_6,D1,5.233,5.000,0.233,-0.300,0.300,,PL_DATUM_K - OP4_PT6_DEPTH / CS_BF_OP4
Distance,OP4_DEPTH_7,D1,5.260,5.000,0.260,-0.300,0.300,,PL_DATUM_K - OP4_PT7_DEPTH / CS_BF_OP4
Distance,OP4_DEPTH_8,D1,5.325,5.000,0.325,-0.300,0.300,0.025,PL_DATUM_K - OP4_PT8_DEPTH / CS_BF_OP4
Distance,OP4_WIDTH_1,D1,2.936,2.900,0.036,-0.150,0.150,,OP4_PT1_OW_GAGE - OP4_PT1_IW_GAGE / CS_BF_OP4
Distance,OP4_WIDTH_2,D1,2.899,2.900,-0.001,-0.150,0.150,,OP4_PT2_OW_GAGE - OP4_PT2_IW_GAGE / CS_BF_OP4
Distance,OP4_WIDTH_3,D1,3.052,2.900,0.152,-0.150,0.150,0.002,OP4_PT3_OW_GAGE - OP4_PT3_IW_GAGE / CS_BF_OP4
Distance,OP4_WIDTH_5,D1,2.938,2.900,0.038,-0.150,0.150,,OP4_PT5_OW_GAGE - OP4_PT5_IW_GAGE / CS_BF_OP4
Distance,OP4_WIDTH_6,D1,2.893,2.900,-0.007,-0.150,0.150,,OP4_PT6_OW_GAGE - OP4_PT6_IW_GAGE / CS_BF_OP4
Distance,OP4_WIDTH_7,D1,2.914,2.900,0.014,-0.150,0.150,,OP4_PT7_OW_GAGE - OP4_PT7_IW_GAGE / CS_BF_OP4
Distance,OP4_WIDTH_8,D1,2.978,2.900,0.078,-0.150,0.150,,OP4_PT8_OW_GAGE - OP4_PT8_IW_GAGE / CS_BF_OP4
Distance,OP5_DEPTH_1,D1,5.040,5.000,0.040,-0.300,0.300,,PL_DATUM_J - OP5_PT1_DEPTH / CS_BF_OP5
Distance,OP5_DEPTH_2,D1,5.028,5.000,0.028,-0.300,0.300,,PL_DATUM_J - OP5_PT2_DEPTH / CS_BF_OP5
Distance,OP5_DEPTH_3,D1,5.006,5.000,0.006,-0.300,0.300,,PL_DATUM_J - OP5_PT3_DEPTH / CS_BF_OP5
Distance,OP5_DEPTH_4,D1,5.078,5.000,0.078,-0.300,0.300,,PL_DATUM_J - OP5_PT4_DEPTH / CS_BF_OP5
Distance,OP5_DEPTH_5,D1,5.211,5.000,0.211,-0.300,0.300,,PL_DATUM_J - OP5_PT5_DEPTH / CS_BF_OP5
Distance,OP5_DEPTH_6,D1,5.134,5.000,0.134,-0.300,0.300,,PL_DATUM_J - OP5_PT6_DEPTH / CS_BF_OP5
Distance,OP5_DEPTH_7,D1,5.045,5.000,0.045,-0.300,0.300,,PL_DATUM_J - OP5_PT7_DEPTH / CS_BF_OP5
Distance,OP5_DEPTH_8,D1,4.990,5.000,-0.010,-0.300,0.300,,PL_DATUM_J - OP5_PT8_DEPTH / CS_BF_OP5
Distance,OP5_WIDTH_1,D1,3.068,2.900,0.168,-0.150,0.200,,OP5_PT1_OW_GAGE - OP5_PT1_IW_GAGE / CS_BF_OP5
Distance,OP5_WIDTH_2,D1,2.893,2.900,-0.007,-0.150,0.150,,OP5_PT2_OW_GAGE - OP5_PT2_IW_GAGE / CS_BF_OP5
Distance,OP5_WIDTH_3,D1,2.921,2.900,0.021,-0.150,0.150,,OP5_PT3_OW_GAGE - OP5_PT3_IW_GAGE / CS_BF_OP5
Distance,OP5_WIDTH_4,D1,2.860,2.900,-0.040,-0.150,0.150,,OP5_PT4_OW_GAGE - OP5_PT4_IW_GAGE / CS_BF_OP5
Distance,OP5_WIDTH_5,D1,2.939,2.900,0.039,-0.150,0.150,,OP5_PT5_OW_GAGE - OP5_PT5_IW_GAGE / CS_BF_OP5
Distance,OP5_WIDTH_6,D1,2.958,2.900,0.058,-0.150,0.150,,OP5_PT6_OW_GAGE - OP5_PT6_IW_GAGE / CS_BF_OP5
Distance,OP5_WIDTH_7,D1,2.939,2.900,0.039,-0.150,0.150,,OP5_PT7_OW_GAGE - OP5_PT7_IW_GAGE / CS_BF_OP5
Distance,OP5_WIDTH_8,D1,3.021,2.900,0.121,-0.150,0.150,,OP5_PT8_OW_GAGE - OP5_PT8_IW_GAGE / CS_BF_OP5
Distance,OP6_DEPTH_1,D1,5.121,5.000,0.121,-0.300,0.300,,PL_DATUM_J - OP6_PT1_DEPTH / CS_BF_OP6
Distance,OP6_DEPTH_2,D1,5.100,5.000,0.100,-0.300,0.300,,PL_DATUM_J - OP6_PT2_DEPTH / CS_BF_OP6
Distance,OP6_DEPTH_3,D1,5.046,5.000,0.046,-0.300,0.300,,PL_DATUM_J - OP6_PT3_DEPTH / CS_BF_OP6
Distance,OP6_DEPTH_4,D1,4.981,5.000,-0.019,-0.300,0.300,,PL_DATUM_J - OP6_PT4_DEPTH / CS_BF_OP6
Distance,OP6_DEPTH_5,D1,5.037,5.000,0.037,-0.300,0.300,,PL_DATUM_J - OP6_PT5_DEPTH / CS_BF_OP6
Distance,OP6_DEPTH_6,D1,5.002,5.000,0.002,-0.300,0.300,,PL_DATUM_J - OP6_PT6_DEPTH / CS_BF_OP6
Distance,OP6_DEPTH_7,D1,5.030,5.000,0.030,-0.300,0.300,,PL_DATUM_J - OP6_PT7_DEPTH / CS_BF_OP6
Distance,OP6_DEPTH_8,D1,5.038,5.000,0.038,-0.300,0.300,,PL_DATUM_J - OP6_PT8_DEPTH / CS_BF_OP6
Distance,OP6_WIDTH_1,D1,3.019,2.900,0.119,-0.150,0.150,,OP6_PT1_OW_GAGE - OP6_PT1_IW_GAGE / CS_BF_OP6
Distance,OP6_WIDTH_2,D1,2.916,2.900,0.016,-0.150,0.150,,OP6_PT2_OW_GAGE - OP6_PT2_IW_GAGE / CS_BF_OP6
Distance,OP6_WIDTH_3,D1,3.059,2.900,0.159,-0.150,0.200,,OP6_PT3_OW_GAGE - OP6_PT3_IW_GAGE / CS_BF_OP6
Distance,OP6_WIDTH_4,D1,2.940,2.900,0.040,-0.150,0.150,,OP6_PT4_OW_GAGE - OP6_PT4_IW_GAGE / CS_BF_OP6
Distance,OP6_WIDTH_5,D1,3.037,2.900,0.137,-0.150,0.200,,OP6_PT5_OW_GAGE - OP6_PT5_IW_GAGE / CS_BF_OP6
Distance,OP6_WIDTH_6,D1,2.973,2.900,0.073,-0.150,0.150,,OP6_PT6_OW_GAGE - OP6_PT6_IW_GAGE / CS_BF_OP6
Distance,OP6_WIDTH_7,D1,3.013,2.900,0.113,-0.150,0.150,,OP6_PT7_OW_GAGE - OP6_PT7_IW_GAGE / CS_BF_OP6
Distance,OP6_WIDTH_8,D1,3.035,2.900,0.135,-0.150,0.150,,OP6_PT8_OW_GAGE - OP6_PT8_IW_GAGE / CS_BF_OP6
Distance,OP7_DEPTH_1,D1,4.967,5.000,-0.033,-0.300,0.300,,PL_DATUM_J - OP7_PT1_DEPTH / CS_BF_OP7
Distance,OP7_DEPTH_2,D1,5.004,5.000,0.004,-0.300,0.300,,PL_DATUM_J - OP7_PT2_DEPTH / CS_BF_OP7
Distance,OP7_DEPTH_3,D1,4.951,5.000,-0.049,-0.300,0.300,,PL_DATUM_J - OP7_PT3_DEPTH / CS_BF_OP7
Distance,OP7_DEPTH_4,D1,4.958,5.000,-0.042,-0.300,0.300,,PL_DATUM_J - OP7_PT4_DEPTH / CS_BF_OP7
Distance,OP7_DEPTH_5,D1,4.980,5.000,-0.020,-0.300,0.300,,PL_DATUM_J - OP7_PT5_DEPTH / CS_BF_OP7
Distance,OP7_DEPTH_6,D1,5.016,5.000,0.016,-0.300,0.300,,PL_DATUM_J - OP7_PT6_DEPTH / CS_BF_OP7
Distance,OP7_DEPTH_7,D1,5.054,5.000,0.054,-0.300,0.300,,PL_DATUM_J - OP7_PT7_DEPTH / CS_BF_OP7
Distance,OP7_DEPTH_8,D1,5.136,5.000,0.136,-0.300,0.300,,PL_DATUM_J - OP7_PT8_DEPTH / CS_BF_OP7
Distance,OP7_WIDTH_1,D1,3.008,2.900,0.108,-0.150,0.150,,OP7_PT1_OW_GAGE - OP7_PT1_IW_GAGE / CS_BF_OP7
Distance,OP7_WIDTH_2,D1,2.904,2.900,0.004,-0.150,0.150,,OP7_PT2_OW_GAGE - OP7_PT2_IW_GAGE / CS_BF_OP7
Distance,OP7_WIDTH_3,D1,3.006,2.900,0.106,-0.150,0.150,,OP7_PT3_OW_GAGE - OP7_PT3_IW_GAGE / CS_BF_OP7
Distance,OP7_WIDTH_4,D1,2.881,2.900,-0.019,-0.150,0.150,,OP7_PT4_OW_GAGE - OP7_PT4_IW_GAGE / CS_BF_OP7
Distance,OP7_WIDTH_5,D1,2.982,2.900,0.082,-0.150,0.150,,OP7_PT5_OW_GAGE - OP7_PT5_IW_GAGE / CS_BF_OP7
Distance,OP7_WIDTH_6,D1,2.964,2.900,0.064,-0.150,0.150,,OP7_PT6_OW_GAGE - OP7_PT6_IW_GAGE / CS_BF_OP7
Distance,OP7_WIDTH_7,D1,2.949,2.900,0.049,-0.150,0.150,,OP7_PT7_OW_GAGE - OP7_PT7_IW_GAGE / CS_BF_OP7
Distance,OP7_WIDTH_8,D1,2.942,2.900,0.042,-0.150,0.150,,OP7_PT8_OW_GAGE - OP7_PT8_IW_GAGE / CS_BF_OP7
Distance,OP8_DEPTH_1,D1,5.216,5.000,0.216,-0.300,0.300,,PL_DATUM_J - OP8_PT1_DEPTH / CS_BF_OP8
Distance,OP8_DEPTH_2,D1,5.241,5.000,0.241,-0.300,0.300,,PL_DATUM_J - OP8_PT2_DEPTH / CS_BF_OP8
Distance,OP8_DEPTH_3,D1,5.267,5.000,0.267,-0.300,0.300,,PL_DATUM_J - OP8_PT3_DEPTH / CS_BF_OP8
Distance,OP8_DEPTH_5,D1,5.086,5.000,0.086,-0.300,0.300,,PL_DATUM_J - OP8_PT5_DEPTH / CS_BF_OP8
Distance,OP8_DEPTH_6,D1,5.023,5.000,0.023,-0.300,0.300,,PL_DATUM_J - OP8_PT6_DEPTH / CS_BF_OP8
Distance,OP8_DEPTH_7,D1,5.033,5.000,0.033,-0.300,0.300,,PL_DATUM_J - OP8_PT7_DEPTH / CS_BF_OP8
Distance,OP8_DEPTH_8,D1,5.106,5.000,0.106,-0.300,0.300,,PL_DATUM_J - OP8_PT8_DEPTH / CS_BF_OP8
Distance,OP8_WIDTH_1,D1,2.947,2.900,0.047,-0.150,0.150,,OP8_PT1_OW_GAGE - OP8_PT1_IW_GAGE / CS_BF_OP8
Distance,OP8_WIDTH_2,D1,2.849,2.900,-0.051,-0.150,0.150,,OP8_PT2_OW_GAGE - OP8_PT2_IW_GAGE / CS_BF_OP8
Distance,OP8_WIDTH_3,D1,3.009,2.900,0.109,-0.150,0.150,,OP8_PT3_OW_GAGE - OP8_PT3_IW_GAGE / CS_BF_OP8
Distance,OP8_WIDTH_5,D1,3.009,2.900,0.109,-0.150,0.150,,OP8_PT5_OW_GAGE - OP8_PT5_IW_GAGE / CS_BF_OP8
Distance,OP8_WIDTH_6,D1,2.953,2.900,0.053,-0.150,0.150,,OP8_PT6_OW_GAGE - OP8_PT6_IW_GAGE / CS_BF_OP8
Distance,OP8_WIDTH_7,D1,2.999,2.900,0.099,-0.150,0.150,,OP8_PT7_OW_GAGE - OP8_PT7_IW_GAGE / CS_BF_OP8
Distance,OP8_WIDTH_8,D1,3.000,2.900,0.100,-0.150,0.150,,OP8_PT8_OW_GAGE - OP8_PT8_IW_GAGE / CS_BF_OP8
Distance,WIDTH_TB.1,D1,2.916,2.900,0.016,-0.150,0.150,,P0W2.5_1.1 - PIW2.5_1.1 / CS_DE_BF
Distance,WIDTH_TB.10,D1,2.968,2.900,0.068,-0.150,0.150,,P0W2.5_1.10 - PIW2.5_1.10 / CS_DE_BF
Distance,WIDTH_TB.11,D1,2.886,2.900,-0.014,-0.150,0.150,,P0W2.5_1.11 - PIW2.5_1.11 / CS_DE_BF
Distance,WIDTH_TB.12,D1,3.007,2.900,0.107,-0.150,0.150,,P0W2.5_1.12 - PIW2.5_1.12 / CS_DE_BF
Distance,WIDTH_TB.13,D1,2.878,2.900,-0.022,-0.150,0.150,,P0W2.5_1.13 - PIW2.5_1.13 / CS_DE_BF
Distance,WIDTH_TB.14,D1,2.876,2.900,-0.024,-0.150,0.150,,P0W2.5_1.14 - PIW2.5_1.14 / CS_DE_BF
Distance,WIDTH_TB.15,D1,3.000,2.900,0.100,-0.150,0.150,,P0W2.5_1.15 - PIW2.5_1.15 / CS_DE_BF
Distance,WIDTH_TB.2,D1,2.905,2.900,0.005,-0.150,0.150,,P0W2.5_1.2 - PIW2.5_1.2 / CS_DE_BF
Distance,WIDTH_TB.3,D1,2.812,2.900,-0.088,-0.150,0.150,,P0W2.5_1.3 - PIW2.5_1.3 / CS_DE_BF
Distance,WIDTH_TB.4,D1,2.911,2.900,0.011,-0.150,0.150,,P0W2.5_1.4 - PIW2.5_1.4 / CS_DE_BF
Distance,WIDTH_TB.5,D1,2.892,2.900,-0.008,-0.150,0.150,,P0W2.5_1.5 - PIW2.5_1.5 / CS_DE_BF
Distance,WIDTH_TB.6,D1,2.872,2.900,-0.028,-0.150,0.150,,P0W2.5_1.6 - PIW2.5_1.6 / CS_DE_BF
Distance,WIDTH_TB.7,D1,3.005,2.900,0.105,-0.150,0.150,,P0W2.5_1.7 - PIW2.5_1.7 / CS_DE_BF
Distance,WIDTH_TB.8,D1,3.014,2.900,0.114,-0.150,0.150,,P0W2.5_1.8 - PIW2.5_1.8 / CS_DE_BF
Distance,WIDTH_TB.9,D1,2.998,2.900,0.098,-0.150,0.150,,P0W2.5_1.9 - PIW2.5_1.9 / CS_DE_BF
Flatness,FLAT_D,FLTN,0.273,0.000,0.273,0.000,0.300,,PL_DATUM_D
Flatness,FLAT_F,FLTN,0.043,0.000,0.043,0.000,0.200,,PL_DATUM_F
Flatness,FLAT_H,FLTN,0.287,0.000,0.287,0.000,0.500,,PL_DATUM_H
Profile of Line,OP1TOLPRFOW,PRFL,1.151,0.000,1.151,0.000,1.552,,OP1_SECT_OW
Profile of Line,OP1TOL_PRF_IN,PRFL,0.764,0.000,0.764,0.000,1.552,,OP1_SECT_IN
Profile of Line,OP2TOLPRFOW,PRFL,0.909,0.000,0.909,0.000,1.552,,OP2_SECT_OW
Profile of Line,OP2TOL_PRF_IN,PRFL,0.645,0.000,0.645,0.000,1.552,,OP2_SECT_IN
Profile of Line,OP3TOLPRFOW,PRFL,0.453,0.000,0.453,0.000,1.552,,OP3_SECT_OW
Profile of Line,OP3TOL_PRF_IN,PRFL,0.431,0.000,0.431,0.000,1.552,,OP3_SECT_IN
Profile of Line,OP4TOLPRFOW,PRFL,0.721,0.000,0.721,0.000,1.552,,OP4_SECT_OW
Profile of Line,OP4TOL_PRF_IN,PRFL,0.547,0.000,0.547,0.000,1.552,,OP4_SECT_IN
Profile of Line,OP5TOLPRFOW,PRFL,1.199,0.000,1.199,0.000,1.552,,OP5_SECT_OW
Profile of Line,OP5TOL_PRF_IN,PRFL,1.250,0.000,1.250,0.000,1.552,,OP5_SECT_IN
Profile of Line,OP6TOLPRFOW,PRFL,0.833,0.000,0.833,0.000,1.552,,OP6_SECT_OW
Profile of Line,OP6TOL_PRF_IN,PRFL,0.439,0.000,0.439,0.000,1.552,,OP6_SECT_IN
Profile of Line,OP7TOLPRFOW,PRFL,0.824,0.000,0.824,0.000,1.552,,OP7_SECT_OW
Profile of Line,OP7TOL_PRF_IN,PRFL,0.649,0.000,0.649,0.000,1.552,,OP7_SECT_IN
Profile of Line,OP8TOLPRFOW,PRFL,1.095,0.000,1.095,0.000,1.552,,OP8_SECT_OW
Profile of Line,OP8TOL_PRF_IN,PRFL,0.899,0.000,0.899,0.000,1.552,,OP8_SECT_IN
Perpend.,PERP_G,PERP,0.016,0.000,0.016,0.000,0.250,,CYL_15/PL_DATUM_F - C-Zone - Cloud of Points 
Perpend.,PERP_J,PERP,0.013,0.000,0.013,0.000,0.250,,CYL_25/PL_DATUM_H - C-Zone - Cloud of Points 
Pos. Tol.,POS_1,PTOL,0.879,0.000,0.879,0.000,1.652,,CIR1/NOMINAL - CS_A-BC_BF_SURFACE_ROT - C-Zone - XY - Nominal
Pos. Tol.,POS_10,PTOL,1.136,0.000,1.136,0.000,1.652,,CIR10/NOMINAL - CS_A-BC_BF_SURFACE_ROT - C-Zone - XY - Nominal
Pos. Tol.,POS_11,PTOL,0.674,0.000,0.674,0.000,2.252,,CIR_11/NOMINAL - CS_A-BC_BF_SURFACE_ROT - C-Zone - XY - Nominal
Pos. Tol.,POS_12,PTOL,0.630,0.000,0.630,0.000,2.252,,CIR_12/NOMINAL - CS_A-BC_BF_SURFACE_ROT - C-Zone - XY - Nominal
Pos. Tol.,POS_13,PTOL,0.156,0.000,0.156,0.000,2.252,,CIR_13/NOMINAL - CS_A-BC_BF_SURFACE_ROT - C-Zone - XY - Nominal
Pos. Tol.,POS_14,PTOL,0.676,0.000,0.676,0.000,2.252,,CIR_14/NOMINAL - CS_A-BC_BF_SURFACE_ROT - C-Zone - XY - Nominal
Pos. Tol.,POS_15,PTOL,1.288,0.000,1.288,0.000,3.420,,CIR_15/NOMINAL - CS_A-BC_BF_SURFACE_ROT - C-Zone - XY - Nominal
Pos. Tol.,POS_16,PTOL,0.137,0.000,0.137,0.000,0.989,,CIR_16/NOMINAL - CS_FG - C-Zone - XY - Nominal
Pos. Tol.,POS_17,PTOL,0.911,0.000,0.911,0.000,3.252,,CIR_17_1/NOMINAL - CS_A-BC_BF_SURFACE_ROT - C-Zone - XYZ - Nominal
Pos. Tol.,POS_18,PTOL,1.467,0.000,1.467,0.000,3.300,,CIR_18/NOMINAL - CS_A-BC_BF_SURFACE_ROT - C-Zone - XYZ - Nominal
Pos. Tol.,POS_2,PTOL,0.626,0.000,0.626,0.000,1.652,,CIR2/NOMINAL - CS_A-BC_BF_SURFACE_ROT - C-Zone - XY - Nominal
Pos. Tol.,POS_20,PTOL,2.578,0.000,2.578,0.000,3.252,,CIR_20/NOMINAL - CS_A-BC_ROT_18_TBA - C-Zone - XZ - Nominal
Pos. Tol.,POS_21,PTOL,1.834,0.000,1.834,0.000,3.252,,CIR_21/NOMINAL - CS_A-BC_ROT_18_TBA - C-Zone - XZ - Nominal
Pos. Tol.,POS_22,PTOL,1.356,0.000,1.356,0.000,3.252,,CIR_22/NOMINAL - CS_A-BC_ROT_18_TBA - C-Zone - XZ - Nominal
Pos. Tol.,POS_23,PTOL,2.144,0.000,2.144,0.000,3.252,,CIR_23/NOMINAL - CS_A-BC_ROT_18_TBA - C-Zone - XZ - Nominal
Pos. Tol.,POS_25,PTOL,3.202,0.000,3.202,0.000,3.288,,CIR_25_GAGE_6/NOMINAL - CS_A-BC_BF_SURFACE_ROT - C-Zone - XYZ - Nominal
Pos. Tol.,POS_26,PTOL,0.490,0.000,0.490,0.000,0.535,,CIR_26/NOMINAL - CS_H - C-Zone - YZ - Nominal
Pos. Tol.,POS_2D_20,PTOL,0.513,0.000,0.513,0.000,0.800,,2D_CIR_20/NOMINAL - CS_DE_BF - C-Zone - XZ - Nominal
Pos. Tol.,POS_2D_21,PTOL,0.571,0.000,0.571,0.000,0.800,,2D_CIR_21/NOMINAL - CS_DE_BF - C-Zone - XZ - Nominal
Pos. Tol.,POS_2D_22,PTOL,0.525,0.000,0.525,0.000,0.800,,2D_CIR_22/NOMINAL - CS_DE_BF - C-Zone - XZ - Nominal
Pos. Tol.,POS_2D_23,PTOL,0.435,0.000,0.435,0.000,0.800,,2D_CIR_23/NOMINAL - CS_DE_BF - C-Zone - XZ - Nominal
Pos. Tol.,POS_3,PTOL,1.473,0.000,1.473,0.000,1.652,,CIR3/NOMINAL - CS_A-BC_BF_SURFACE_ROT - C-Zone - XY - Nominal
Pos. Tol.,POS_4,PTOL,1.425,0.000,1.425,0.000,1.652,,CIR4/NOMINAL - CS_A-BC_BF_SURFACE_ROT - C-Zone - XY - Nominal
Pos. Tol.,POS_5,PTOL,0.755,0.000,0.755,0.000,1.652,,CIR5/NOMINAL - CS_A-BC_BF_SURFACE_ROT - C-Zone - XY - Nominal
Pos. Tol.,POS_6,PTOL,1.246,0.000,1.246,0.000,1.652,,CIR6/NOMINAL - CS_A-BC_BF_SURFACE_ROT - C-Zone - XY - Nominal
Pos. Tol.,POS_7,PTOL,1.087,0.000,1.087,0.000,1.652,,CIR7/NOMINAL - CS_A-BC_BF_SURFACE_ROT - C-Zone - XY - Nominal
Pos. Tol.,POS_8,PTOL,0.599,0.000,0.599,0.000,1.652,,CIR8/NOMINAL - CS_A-BC_BF_SURFACE_ROT - C-Zone - XY - Nominal
Pos. Tol.,POS_9,PTOL,1.032,0.000,1.032,0.000,1.652,,CIR9/NOMINAL - CS_A-BC_BF_SURFACE_ROT - C-Zone - XY - Nominal
Pos. Tol.,POS_C,PTOL,0.078,0.000,0.078,0.000,0.402,,PT_DATUM_C/NOMINAL - CS_A-BC_BF_SURFACE - P-Zone - Z - Nominal
Circle,LOCAL_2D_CIR_11,X,-0.000,0.000,0.000,,,,
Circle,LOCAL_2D_CIR_11,Y,0.016,0.000,0.016,,,,
Circle,LOCAL_2D_CIR_12,X,0.000,0.000,0.000,,,,
Circle,LOCAL_2D_CIR_12,Y,235.504,235.520,-0.016,,,,
Circle,LOCAL_2D_CIR_13,X,-0.000,0.000,0.000,,,,
Circle,LOCAL_2D_CIR_13,Y,223.445,223.520,-0.075,,,,
Circle,LOCAL_2D_CIR_14,X,-0.000,0.000,0.000,,,,
Circle,LOCAL_2D_CIR_14,Y,0.075,0.000,0.075,,,,
Pos. Tol.,POS_2D_LOCAL_11,PTOL,0.032,0.000,0.032,0.000,0.250,,LOCAL_2D_CIR_11/NOMINAL - CS_CIR_11_12_BF - C-Zone - XY - Nominal
Pos. Tol.,POS_2D_LOCAL_12,PTOL,0.032,0.000,0.032,0.000,0.250,,LOCAL_2D_CIR_12/NOMINAL - CS_CIR_11_12_BF - C-Zone - XY - Nominal
Pos. Tol.,POS_2D_LOCAL_13,PTOL,0.150,0.000,0.150,0.000,0.250,,LOCAL_2D_CIR_13/NOMINAL - CS_CIR_13_14_BF - C-Zone - XY - Nominal
Pos. Tol.,POS_2D_LOCAL_14,PTOL,0.150,0.000,0.150,0.000,0.250,,LOCAL_2D_CIR_14/NOMINAL - CS_CIR_13_14_BF - C-Zone - XY - Nominal
