Feat. Type,Feat. Name,Value,Actual,Nominal,Dev.,Tol-,Tol+,Out of Tol.,Comment
Text/Value,VAR_PROGRAM,VAL,,,,,,,'N:\Metrolog XG\Programmes\D-33 RWD\D33 RWD Complete (Module 44).gm2'
Text/Value,VAR_EVENEMENT,VAL,,,,,,,'SMED '
Text/Value,VAR_COMMENTAIRES,VAL,,,,,,,'278 B'
Circle,CIR_DATUM_B,DIAM,7.818,7.900,-0.082,-0.100,0.100,,Criterion : Least Square (From 3 Pts On PL_FIXTURE) 
Circle,CIR_DATUM_C,DIAM,7.893,7.900,-0.007,-0.100,0.100,,Criterion : Least Square (From 3 Pts On PL_FIXTURE) 
Circle,CIR_DATUM_C,X,4.401,4.400,0.001,,,,
Circle,CIR_DATUM_C,Z,-351.738,-351.650,-0.088,,,,
Pos. Tol.,POS_C,PTOL,0.175,0.000,0.175,0.000,0.482,,CIR_DATUM_C/NOMINAL - CS_ABC - C-Zone - XZ - Nominal
Circle,CIR_8,DIAM,74.104,74.350,-0.246,-0.300,0.300,,Criterion : Least Square (From 14 Pts On PL_PLAST_TB) 
Circle,CIR_8,X,-79.988,-80.600,0.612,,,,
Circle,CIR_8,Y,91.439,92.200,-0.761,,,,
Circle,CIR_8,Z,81.815,82.900,-1.085,,,,
Pos. Tol.,POS_8,PTOL,2.651,0.000,2.651,0.054,4.236,,CIR_8(M)/NOMINAL - CS_ABC - C-Zone - YZ - Nominal
Circle,2D_CIR_16,Y,-32.531,-32.500,-0.031,,,,
Circle,2D_CIR_16,Z,-40.164,-40.000,-0.164,,,,
Circle,2D_CIR_17,Y,-32.455,-32.500,0.045,,,,
Circle,2D_CIR_17,Z,39.867,40.000,-0.133,,,,
Circle,2D_CIR_18,Y,32.377,32.500,-0.123,,,,
Circle,2D_CIR_18,Z,39.928,40.000,-0.072,,,,
Circle,2D_CIR_19,Y,32.296,32.500,-0.204,,,,
Circle,2D_CIR_19,Z,-40.031,-40.000,-0.031,,,,
Pos. Tol.,POS_2D_16,PTOL,0.334,0.000,0.334,0.000,0.500,,2D_CIR_16/NOMINAL - CS_DE - C-Zone - YZ - Nominal
Pos. Tol.,POS_2D_17,PTOL,0.280,0.000,0.280,0.000,0.500,,2D_CIR_17/NOMINAL - CS_DE - C-Zone - YZ - Nominal
Pos. Tol.,POS_2D_18,PTOL,0.285,0.000,0.285,0.000,0.700,,2D_CIR_18/NOMINAL - CS_DE - C-Zone - YZ - Nominal
Pos. Tol.,POS_2D_19,PTOL,0.413,0.000,0.413,0.000,0.700,,2D_CIR_19/NOMINAL - CS_DE - C-Zone - YZ - Nominal
Distance,INSERT HEIGHT 16,X,0.301,0.000,0.301,,,,CIR_16 - PL_PLAST_16 / CS_DE
Distance,INSERT HEIGHT 17,X,0.336,0.000,0.336,,,,CIR_17 - PL_PLAST_17 / CS_DE
Distance,INSERT HEIGHT 18,X,0.294,0.000,0.294,,,,CIR_18 - PL_PLAST_18 / CS_DE
Distance,INSERT HEIGHT 19,X,0.342,0.000,0.342,,,,CIR_19 - PL_PLAST_19 / CS_DE
Flatness,FLAT_D,FLTN,0.293,0.000,0.293,0.000,1.000,,PL_D
Circle,2D_CIR_20,X,-0.074,0.000,-0.074,,,,
Circle,2D_CIR_20,Z,-0.002,0.000,-0.002,,,,
Circle,2D_CIR_21,X,-0.074,0.000,-0.074,,,,
Circle,2D_CIR_21,Z,-0.001,0.000,-0.001,,,,
Pos. Tol.,POS_2D_20,PTOL,0.167,0.000,0.167,0.000,0.550,,2D_CIR_20/NOMINAL - CS_HJ - C-Zone - XY - Nominal
Pos. Tol.,POS_2D_21,PTOL,0.150,0.000,0.150,0.000,0.550,,2D_CIR_21/NOMINAL - CS_HJ - C-Zone - XY - Nominal
Distance,H_20,Z,0.228,0.000,0.228,0.000,0.500,,2D_CIR_20 - PL_PLAST_20 / CS_HJ
Distance,H_21,Z,0.201,0.000,0.201,0.000,0.500,,2D_CIR_21 - PL_PLAST_21 / CS_HJ
Circle,CIR_15,X,-107.972,-109.800,1.828,,,,Criterion : Least Square (From 6 Pts On PL_INS_15) 
Circle,CIR_15,Y,24.297,24.200,0.097,,,,
Distance,PROF_15,Z,131.258,130.800,0.458,-1.500,1.500,,CIR_15 - ORIGIN / CS_ABC
Pos. Tol.,POS_15,PTOL,3.661,0.000,3.661,0.000,5.000,,CIR_15/NOMINAL - CS_ABC - C-Zone - XY - Nominal
Distance,H_15,Z,0.308,0.000,0.308,0.000,0.500,,CIR_15 - PL_PLAST_15 / CS_ABC
Pos. Tol.,POS_42,PTOL,4.269,0.000,4.269,0.224,6.406,,CIR_42(M)/NOMINAL - CS_ABC - C-Zone - XYZ - Nominal
Pos. Tol.,POS_20,PTOL,4.442,0.000,4.442,0.000,6.182,,CIR_20/NOMINAL - CS_ABC - C-Zone - XYZ - Nominal
Pos. Tol.,POS_21,PTOL,4.087,0.000,4.087,0.000,6.182,,CIR_21/NOMINAL - CS_ABC - C-Zone - XYZ - Nominal
Circle,CIR_42,DIAM,36.734,36.660,0.074,-0.150,0.150,,Criterion : Least Square (From 20 Pts On PL_PLAST_42) 
Circle,CIR_42,X,-209.208,-210.550,1.342,,,,
Circle,CIR_42,Y,94.363,96.000,-1.637,,,,
Circle,CIR_42,Z,111.693,111.420,0.273,,,,
Circle,CIR_20,X,-231.476,-232.370,0.894,,,,Criterion : Least Square (From 6 Pts On PL_INS_20) 
Circle,CIR_20,Y,104.886,106.800,-1.914,,,,
Circle,CIR_20,Z,92.115,91.430,0.685,,,,
Circle,CIR_21,X,-187.120,-188.730,1.610,,,,Criterion : Least Square (From 6 Pts On PL_INS_21) 
Circle,CIR_21,Y,83.957,85.200,-1.243,,,,
Circle,CIR_21,Z,131.617,131.420,0.197,,,,
Distance,DEPTH_16,D1,17.993,17.800,0.193,0.000,8.000,,PNT_DEPTH_16 - PL_INS_16 / CS_DE
Distance,DEPTH_17,D1,18.108,17.800,0.308,0.000,8.000,,PNT_DEPTH_17 - PL_INS_17 / CS_DE
Distance,DEPTH_18,D1,21.707,17.800,3.907,0.000,8.000,,PNT_DEPTH_18 - PL_INS_18 / CS_DE
Distance,DEPTH_19,D1,23.147,17.800,5.347,0.000,8.000,,PNT_DEPTH_19 - PL_INS_19 / CS_DE
Circle,CIR_16,X,-77.139,-77.073,-0.066,,,,Criterion : Least Square (From 6 Pts On PL_INS_16) 
Circle,CIR_16,Y,59.165,59.880,-0.715,,,,
Circle,CIR_16,Z,41.539,42.924,-1.385,,,,
Circle,CIR_17,X,-75.442,-77.073,1.630,,,,Criterion : Least Square (From 6 Pts On PL_INS_17) 
Circle,CIR_17,Y,59.138,59.880,-0.742,,,,
Circle,CIR_17,Z,121.553,122.924,-1.371,,,,
Circle,CIR_18,X,-81.679,-82.732,1.053,,,,Criterion : Least Square (From 6 Pts On PL_INS_18) 
Circle,CIR_18,Y,123.669,124.633,-0.964,,,,
Circle,CIR_18,Z,121.830,122.924,-1.094,,,,
Circle,CIR_19,X,-83.228,-82.732,-0.495,,,,Criterion : Least Square (From 6 Pts On PL_INS_19) 
Circle,CIR_19,Y,123.705,124.633,-0.928,,,,
Circle,CIR_19,Z,41.886,42.924,-1.038,,,,
Pos. Tol.,POS_16,PTOL,3.116,0.000,3.116,0.000,4.182,,CIR_16/NOMINAL - CS_ABC - C-Zone - YZ - Nominal
Pos. Tol.,POS_17,PTOL,3.118,0.000,3.118,0.000,4.182,,CIR_17/NOMINAL - CS_ABC - C-Zone - YZ - Nominal
Pos. Tol.,POS_18,PTOL,2.917,0.000,2.917,0.000,4.182,,CIR_18/NOMINAL - CS_ABC - C-Zone - YZ - Nominal
Pos. Tol.,POS_19,PTOL,2.785,0.000,2.785,0.000,4.182,,CIR_19/NOMINAL - CS_ABC - C-Zone - YZ - Nominal
Distance,DEPTH_15,D1,22.240,22.000,0.240,0.000,8.000,,PNT_DEPTH_15 - PL_INS_15 / CS_SRF_TEMP_15.2
