Feat. Type,Feat. Name,Value,Actual,Nominal,Dev.,Tol-,Tol+,Out of Tol.,Comment
Text/Value,VAR_PROGRAM,VAL,,,,,,,'N:\Metrolog XG\Programmes\GM HF FWD GEN II C1xx\GM HF FWD Gen II C1xx Complete (Module 64).gm2'
Text/Value,VAR_EVENEMENT,VAL,,,,,,,'Smed Nid 2'
Text/Value,VAR_COMMENTAIRES,VAL,,,,,,,'314A'
Text/Value,PROFILE_DATUM_A,VAL,0.676245,0.000000,0.676245,0.000000,1.000000,,
Text/Value,PROFILE_DATUM_B,VAL,0.409784,0.000000,0.409784,0.000000,1.000000,,
Distance,WIDTH_C,D1,9.048,9.000,0.048,-0.150,0.150,,SRF_C_TOP - SRF_C_DOWN / CS_ABC_SURFACES_C
Pos. Tol.,POS_1,PTOL,0.757,0.000,0.757,0.000,2.000,,CIR1/NOMINAL - CS_ABC_SURFACES_C - C-Zone - XZ - Nominal
Pos. Tol.,POS_2,PTOL,0.185,0.000,0.185,0.000,2.000,,CIR2/NOMINAL - CS_ABC_SURFACES_C - C-Zone - XZ - Nominal
Pos. Tol.,POS_3,PTOL,0.670,0.000,0.670,0.000,2.000,,CIR3/NOMINAL - CS_ABC_SURFACES_C - C-Zone - XZ - Nominal
Pos. Tol.,POS_4,PTOL,0.262,0.000,0.262,0.000,2.000,,CIR4/NOMINAL - CS_ABC_SURFACES_C - C-Zone - XZ - Nominal
Pos. Tol.,POS_5,PTOL,0.443,0.000,0.443,0.000,2.000,,CIR5/NOMINAL - CS_ABC_SURFACES_C - C-Zone - XZ - Nominal
Pos. Tol.,POS_6,PTOL,0.548,0.000,0.548,0.000,2.000,,CIR6/NOMINAL - CS_ABC_SURFACES_C - C-Zone - XZ - Nominal
Pos. Tol.,POS_7,PTOL,0.961,0.000,0.961,0.000,2.000,,CIR7/NOMINAL - CS_ABC_SURFACES_C - C-Zone - XZ - Nominal
Pos. Tol.,POS_8,PTOL,1.114,0.000,1.114,0.000,2.000,,CIR8/NOMINAL - CS_ABC_SURFACES_C - C-Zone - XZ - Nominal
Pos. Tol.,POS_9,PTOL,0.828,0.000,0.828,0.000,3.000,,CIR9/NOMINAL - CS_ABC_SURFACES_C - C-Zone - XZ - Nominal
Circle,CIR1,DIAM,14.964,15.000,-0.036,-0.100,0.100,,From 4 Pts On PL_PLAST_1
Circle,CIR1,X,-52.308,-52.000,-0.308,,,,
Circle,CIR1,Y,84.565,85.260,-0.695,,,,
Circle,CIR1,Z,-112.280,-112.500,0.220,,,,
Circle,CIR2,DIAM,15.083,15.100,-0.017,-0.100,0.100,,From 4 Pts On PL_PLAST_2
Circle,CIR2,X,-52.007,-52.000,-0.007,,,,
Circle,CIR2,Y,84.844,85.260,-0.416,,,,
Circle,CIR2,Z,-18.092,-18.000,-0.092,,,,
Circle,CIR3,DIAM,15.011,15.000,0.011,-0.100,0.100,,From 4 Pts On PL_PLAST_3
Circle,CIR3,X,-52.289,-52.000,-0.289,,,,
Circle,CIR3,Y,85.314,85.260,0.054,,,,
Circle,CIR3,Z,87.830,88.000,-0.170,,,,
Circle,CIR4,DIAM,15.054,15.000,0.054,-0.100,0.100,,From 4 Pts On PL_PLAST_4
Circle,CIR4,X,-52.131,-52.000,-0.131,,,,
Circle,CIR4,Y,85.478,85.260,0.218,,,,
Circle,CIR4,Z,193.995,194.000,-0.005,,,,
Circle,CIR5,DIAM,14.995,15.000,-0.005,-0.100,0.100,,From 4 Pts On PL_PLAST_5
Circle,CIR5,X,52.196,52.000,0.196,,,,
Circle,CIR5,Y,85.552,85.260,0.292,,,,
Circle,CIR5,Z,155.604,155.500,0.104,,,,
Circle,CIR6,DIAM,14.914,15.000,-0.086,-0.100,0.100,,From 4 Pts On PL_PLAST_6
Circle,CIR6,X,52.128,52.000,0.128,,,,
Circle,CIR6,Y,85.089,85.260,-0.171,,,,
Circle,CIR6,Z,61.242,61.000,0.242,,,,
Circle,CIR7,DIAM,14.886,14.900,-0.014,-0.100,0.100,,From 4 Pts On PL_PLAST_7
Circle,CIR7,X,52.324,52.000,0.324,,,,
Circle,CIR7,Y,84.790,85.260,-0.470,,,,
Circle,CIR7,Z,-44.645,-45.000,0.355,,,,
Circle,CIR8,DIAM,14.915,15.000,-0.085,-0.100,0.100,,From 4 Pts On PL_PLAST_8
Circle,CIR8,X,52.110,52.000,0.110,,,,
Circle,CIR8,Y,84.585,85.260,-0.675,,,,
Circle,CIR8,Z,-150.454,-151.000,0.546,,,,
Circle,CIR9,DIAM,12.878,12.860,0.018,-0.100,0.100,,From 4 Pts On PL_PLAST_9
Circle,CIR9,X,284.612,284.990,-0.378,,,,
Circle,CIR9,Y,25.530,27.530,-2.000,,,,
Circle,CIR9,Z,159.332,159.500,-0.168,,,,
Distance,PROFILE_1,Y,84.565,85.250,-0.685,-1.050,1.050,,CIR1 - ORIGIN / CS_ABC_SURFACES_C
Distance,PROFILE_2,Y,84.844,85.250,-0.406,-0.800,0.800,,CIR2 - ORIGIN / CS_ABC_SURFACES_C
Distance,PROFILE_3,Y,85.314,85.250,0.064,-0.350,0.350,,CIR3 - ORIGIN / CS_ABC_SURFACES_C
Distance,PROFILE_4,Y,85.478,85.250,0.228,-0.550,0.550,,CIR4 - ORIGIN / CS_ABC_SURFACES_C
Distance,PROFILE_5,Y,85.552,85.250,0.302,-0.400,0.400,,CIR5 - ORIGIN / CS_ABC_SURFACES_C
Distance,PROFILE_6,Y,85.089,85.250,-0.161,-0.450,0.450,,CIR6 - ORIGIN / CS_ABC_SURFACES_C
Distance,PROFILE_7,Y,84.790,85.250,-0.460,-0.850,0.850,,CIR7 - ORIGIN / CS_ABC_SURFACES_C
Distance,PROFILE_8,Y,84.585,85.250,-0.665,-0.900,0.900,,CIR8 - ORIGIN / CS_ABC_SURFACES_C
Profile of Line,PROFILE_VERTICAL_OP_1,PRFL,0.931,0.000,0.931,0.000,1.800,,SECTION_VERTICAL_OP_1
Profile of Line,PROFILE_VERTICAL_OP_2,PRFL,0.191,0.000,0.191,0.000,1.200,,SECTION_VERTICAL_OP_2
Profile of Line,PROFILE_VERTICAL_OP_3,PRFL,0.851,0.000,0.851,0.000,1.800,,SECTION_VERTICAL_OP_3
Profile of Line,PROFILE_VERTICAL_OP_4,PRFL,0.353,0.000,0.353,0.000,1.200,,SECTION_VERTICAL_OP_4
Profile of Line,PROFILE_VERTICAL_OP_5,PRFL,0.534,0.000,0.534,0.000,1.200,,SECTION_VERTICAL_OP_5
Profile of Line,PROFILE_VERTICAL_OP_6,PRFL,0.302,0.000,0.302,0.000,1.200,,SECTION_VERTICAL_OP_6
Profile of Line,PROFILE_HORIZONTAL_OP_1,PRFL,1.382,0.000,1.382,0.000,3.200,,SECTION_HORIZONTAL_OP_1
Profile of Line,PROFILE_HORIZONTAL_OP_2,PRFL,0.418,0.000,0.418,0.000,2.000,,SECTION_HORIZONTAL_OP_2
Profile of Line,PROFILE_HORIZONTAL_OP_3,PRFL,1.540,0.000,1.540,0.000,3.200,,SECTION_HORIZONTAL_OP_3
Profile of Line,PROFILE_HORIZONTAL_OP_4,PRFL,1.156,0.000,1.156,0.000,2.000,,SECTION_HORIZONTAL_OP_4
Profile of Line,PROFILE_HORIZONTAL_OP_5,PRFL,0.818,0.000,0.818,0.000,2.000,,SECTION_HORIZONTAL_OP_5
Profile of Line,PROFILE_HORIZONTAL_OP_6,PRFL,1.735,0.000,1.735,0.000,2.000,,SECTION_HORIZONTAL_OP_6
Distance,OP1_WIDTH_1,D1,3.913,3.900,0.013,-0.150,0.150,,OP1_PT1_OW_GAGE - OP1_PT1_IW_GAGE / CS_BF_OP1
Distance,OP1_WIDTH_2,D1,4.023,3.900,0.123,-0.150,0.150,,OP1_PT2_OW_GAGE - OP1_PT2_IW_GAGE / CS_BF_OP1
Distance,OP1_WIDTH_3,D1,3.957,3.900,0.057,-0.150,0.150,,OP1_PT3_OW_GAGE - OP1_PT3_IW_GAGE / CS_BF_OP1
Distance,OP1_WIDTH_4,D1,3.943,3.900,0.043,-0.150,0.150,,OP1_PT4_OW_GAGE - OP1_PT4_IW_GAGE / CS_BF_OP1
Distance,OP1_WIDTH_5,D1,3.997,3.900,0.097,-0.150,0.150,,OP1_PT5_OW_GAGE - OP1_PT5_IW_GAGE / CS_BF_OP1
Distance,OP1_WIDTH_6,D1,3.880,3.900,-0.020,-0.150,0.150,,OP1_PT6_OW_GAGE - OP1_PT6_IW_GAGE / CS_BF_OP1
Distance,OP1_WIDTH_7,D1,3.986,3.900,0.086,-0.150,0.150,,OP1_PT7_OW_GAGE - OP1_PT7_IW_GAGE / CS_BF_OP1
Distance,OP1_WIDTH_8,D1,4.066,4.150,-0.084,-0.150,0.150,,OP1_PT8_OW_GAGE - OP1_PT8_IW_GAGE / CS_BF_OP1
Distance,OP1_DEPTH_1,D1,6.295,6.000,0.295,-0.250,0.500,,PL_FIXTURE_A - OP1_PT1_DEPTH / CS_BF_OP1
Distance,OP1_DEPTH_2,D1,6.274,6.000,0.274,-0.250,0.500,,PL_FIXTURE_A - OP1_PT2_DEPTH / CS_BF_OP1
Distance,OP1_DEPTH_3,D1,6.047,6.000,0.047,-0.150,0.150,,PL_FIXTURE_A - OP1_PT3_DEPTH / CS_BF_OP1
Distance,OP1_DEPTH_4,D1,6.045,6.000,0.045,-0.150,0.150,,PL_FIXTURE_A - OP1_PT4_DEPTH / CS_BF_OP1
Distance,OP1_DEPTH_5,D1,6.102,6.000,0.102,-0.150,0.150,,PL_FIXTURE_A - OP1_PT5_DEPTH / CS_BF_OP1
Distance,OP1_DEPTH_6,D1,6.048,6.000,0.048,-0.150,0.150,,PL_FIXTURE_A - OP1_PT6_DEPTH / CS_BF_OP1
Distance,OP1_DEPTH_7,D1,6.531,6.000,0.531,-0.150,0.300,0.231,PL_FIXTURE_A - OP1_PT8_DEPTH / CS_BF_OP1
Distance,OP1_DEPTH_8,D1,6.741,6.000,0.741,-0.000,0.670,0.071,PL_FIXTURE_A - OP1_PT8_DEPTH / CS_BF_OP1
Distance,OP2_WIDTH_1,D1,3.939,3.900,0.039,-0.150,0.150,,OP2_PT1_OW_GAGE - OP2_PT1_IW_GAGE / CS_BF_OP2
Distance,OP2_WIDTH_2,D1,4.114,4.150,-0.036,-0.150,0.150,,OP2_PT2_OW_GAGE - OP2_PT2_IW_GAGE / CS_BF_OP2
Distance,OP2_WIDTH_3,D1,3.929,3.900,0.029,-0.150,0.150,,OP2_PT3_OW_GAGE - OP2_PT3_IW_GAGE / CS_BF_OP2
Distance,OP2_WIDTH_4,D1,3.935,3.900,0.035,-0.150,0.150,,OP2_PT4_OW_GAGE - OP2_PT4_IW_GAGE / CS_BF_OP2
Distance,OP2_WIDTH_5,D1,4.005,3.900,0.105,-0.150,0.150,,OP2_PT5_OW_GAGE - OP2_PT5_IW_GAGE / CS_BF_OP2
Distance,OP2_WIDTH_6,D1,3.949,3.900,0.049,-0.150,0.150,,OP2_PT6_OW_GAGE - OP2_PT6_IW_GAGE / CS_BF_OP2
Distance,OP2_WIDTH_7,D1,4.101,4.150,-0.049,-0.150,0.150,,OP2_PT7_OW_GAGE - OP2_PT7_IW_GAGE / CS_BF_OP2
Distance,OP2_WIDTH_8,D1,3.975,3.900,0.075,-0.150,0.150,,OP2_PT8_OW_GAGE - OP2_PT8_IW_GAGE / CS_BF_OP2
Distance,OP2_DEPTH_1,D1,6.074,6.000,0.074,-0.150,0.150,,PL_FIXTURE_A - OP2_PT1_DEPTH / CS_BF_OP2
Distance,OP2_DEPTH_2,D1,6.174,6.000,0.174,-0.100,0.450,,PL_FIXTURE_A - OP2_PT2_DEPTH / CS_BF_OP2
Distance,OP2_DEPTH_3,D1,6.007,6.000,0.007,-0.150,0.150,,PL_FIXTURE_A - OP2_PT3_DEPTH / CS_BF_OP2
Distance,OP2_DEPTH_4,D1,5.983,6.000,-0.017,-0.150,0.150,,PL_FIXTURE_A - OP2_PT4_DEPTH / CS_BF_OP2
Distance,OP2_DEPTH_5,D1,6.174,6.000,0.174,-0.150,0.200,,PL_FIXTURE_A - OP2_PT2_DEPTH / CS_BF_OP2
Distance,OP2_DEPTH_6,D1,5.987,6.000,-0.013,-0.150,0.150,,PL_FIXTURE_A - OP2_PT6_DEPTH / CS_BF_OP2
Distance,OP2_DEPTH_7,D1,5.975,6.000,-0.025,-0.150,0.150,,PL_FIXTURE_A - OP2_PT7_DEPTH / CS_BF_OP2
Distance,OP2_DEPTH_8,D1,6.084,6.000,0.084,-0.150,0.150,,PL_FIXTURE_A - OP2_PT8_DEPTH / CS_BF_OP2
Distance,OP3_WIDTH_1,D1,3.900,3.900,0.000,-0.150,0.150,,OP3_PT1_OW_GAGE - OP3_PT1_IW_GAGE / CS_BF_OP3
Distance,OP3_WIDTH_2,D1,4.044,3.900,0.144,-0.150,0.150,,OP3_PT2_OW_GAGE - OP3_PT2_IW_GAGE / CS_BF_OP3
Distance,OP3_WIDTH_3,D1,3.956,3.900,0.056,-0.150,0.150,,OP3_PT3_OW_GAGE - OP3_PT3_IW_GAGE / CS_BF_OP3
Distance,OP3_WIDTH_4,D1,3.869,3.900,-0.031,-0.150,0.150,,OP3_PT4_OW_GAGE - OP3_PT4_IW_GAGE / CS_BF_OP3
Distance,OP3_WIDTH_5,D1,3.855,3.900,-0.045,-0.150,0.150,,OP3_PT5_OW_GAGE - OP3_PT5_IW_GAGE / CS_BF_OP3
Distance,OP3_WIDTH_6,D1,3.859,3.900,-0.041,-0.150,0.150,,OP3_PT6_OW_GAGE - OP3_PT6_IW_GAGE / CS_BF_OP3
Distance,OP3_WIDTH_7,D1,4.134,4.150,-0.016,-0.150,0.150,,OP3_PT7_OW_GAGE - OP3_PT7_IW_GAGE / CS_BF_OP3
Distance,OP3_WIDTH_8,D1,3.886,3.900,-0.014,-0.150,0.150,,OP3_PT8_OW_GAGE - OP3_PT8_IW_GAGE / CS_BF_OP3
Distance,OP3_DEPTH_1,D1,6.433,6.000,0.433,-0.200,0.300,0.133,PL_FIXTURE_A - OP3_PT2_DEPTH / CS_BF_OP3
Distance,OP3_DEPTH_2,D1,6.433,6.000,0.433,-0.000,0.500,,PL_FIXTURE_A - OP3_PT2_DEPTH / CS_BF_OP3
Distance,OP3_DEPTH_3,D1,6.197,6.000,0.197,-0.200,0.150,0.047,PL_FIXTURE_A - OP3_PT8_DEPTH / CS_BF_OP3
Distance,OP3_DEPTH_4,D1,5.997,6.000,-0.003,-0.150,0.150,,PL_FIXTURE_A - OP3_PT4_DEPTH / CS_BF_OP3
Distance,OP3_DEPTH_5,D1,6.045,6.000,0.045,-0.150,0.150,,PL_FIXTURE_A - OP3_PT5_DEPTH / CS_BF_OP3
Distance,OP3_DEPTH_6,D1,5.979,6.000,-0.021,-0.150,0.150,,PL_FIXTURE_A - OP3_PT6_DEPTH / CS_BF_OP3
Distance,OP3_DEPTH_7,D1,6.197,6.000,0.197,-0.500,0.150,0.047,PL_FIXTURE_A - OP3_PT8_DEPTH / CS_BF_OP3
Distance,OP3_DEPTH_8,D1,6.197,6.000,0.197,-0.150,0.300,,PL_FIXTURE_A - OP3_PT8_DEPTH / CS_BF_OP3
Distance,OP4_WIDTH_1,D1,3.800,3.900,-0.100,-0.150,0.150,,OP4_PT1_OW_GAGE - OP4_PT1_IW_GAGE / CS_BF_OP4
Distance,OP4_WIDTH_2,D1,3.997,3.900,0.097,-0.150,0.150,,OP4_PT2_OW_GAGE - OP4_PT2_IW_GAGE / CS_BF_OP4
Distance,OP4_WIDTH_3,D1,4.001,3.900,0.101,-0.150,0.150,,OP4_PT3_OW_GAGE - OP4_PT3_IW_GAGE / CS_BF_OP4
Distance,OP4_WIDTH_4,D1,3.939,3.900,0.039,-0.150,0.150,,OP4_PT4_OW_GAGE - OP4_PT4_IW_GAGE / CS_BF_OP4
Distance,OP4_WIDTH_5,D1,4.071,4.150,-0.079,-0.150,0.150,,OP4_PT5_OW_GAGE - OP4_PT5_IW_GAGE / CS_BF_OP4
Distance,OP4_WIDTH_6,D1,3.834,3.900,-0.066,-0.150,0.150,,OP4_PT6_OW_GAGE - OP4_PT6_IW_GAGE / CS_BF_OP4
Distance,OP4_WIDTH_7,D1,4.015,3.900,0.115,-0.150,0.150,,OP4_PT7_OW_GAGE - OP4_PT7_IW_GAGE / CS_BF_OP4
Distance,OP4_WIDTH_8,D1,3.947,3.900,0.047,-0.150,0.150,,OP4_PT8_OW_GAGE - OP4_PT8_IW_GAGE / CS_BF_OP4
Distance,OP4_DEPTH_1,D1,5.855,6.000,-0.145,-0.300,0.150,,PL_FIXTURE_B - OP4_PT1_DEPTH / CS_BF_OP4
Distance,OP4_DEPTH_2,D1,5.973,6.000,-0.027,-0.150,0.150,,PL_FIXTURE_B - OP4_PT2_DEPTH / CS_BF_OP4
Distance,OP4_DEPTH_3,D1,6.058,6.000,0.058,-0.150,0.150,,PL_FIXTURE_B - OP4_PT3_DEPTH / CS_BF_OP4
Distance,OP4_DEPTH_4,D1,6.022,6.000,0.022,-0.150,0.150,,PL_FIXTURE_B - OP4_PT4_DEPTH / CS_BF_OP4
Distance,OP4_DEPTH_5,D1,6.094,6.000,0.094,-0.150,0.150,,PL_FIXTURE_B - OP4_PT5_DEPTH / CS_BF_OP4
Distance,OP4_DEPTH_6,D1,6.053,6.000,0.053,-0.150,0.150,,PL_FIXTURE_B - OP4_PT6_DEPTH / CS_BF_OP4
Distance,OP4_DEPTH_7,D1,5.975,6.000,-0.025,-0.150,0.150,,PL_FIXTURE_B - OP4_PT7_DEPTH / CS_BF_OP4
Distance,OP4_DEPTH_8,D1,5.888,6.000,-0.112,-0.250,0.150,,PL_FIXTURE_B - OP4_PT8_DEPTH / CS_BF_OP4
Distance,OP5_WIDTH_1,D1,3.860,3.900,-0.040,-0.150,0.150,,OP5_PT1_OW_GAGE - OP5_PT1_IW_GAGE / CS_BF_OP5
Distance,OP5_WIDTH_2,D1,4.008,4.150,-0.142,-0.400,0.500,,OP5_PT3_OW_GAGE - OP5_PT3_IW_GAGE / CS_BF_OP5
Distance,OP5_WIDTH_3,D1,4.008,4.150,-0.142,-0.400,0.400,,OP5_PT3_OW_GAGE - OP5_PT3_IW_GAGE / CS_BF_OP5
Distance,OP5_WIDTH_4,D1,3.873,3.900,-0.027,-0.150,0.150,,OP5_PT4_OW_GAGE - OP5_PT4_IW_GAGE / CS_BF_OP5
Distance,OP5_WIDTH_5,D1,4.023,4.150,-0.127,-0.150,0.150,,OP5_PT5_OW_GAGE - OP5_PT5_IW_GAGE / CS_BF_OP5
Distance,OP5_WIDTH_6,D1,3.978,3.900,0.078,-0.150,0.150,,OP5_PT6_OW_GAGE - OP5_PT6_IW_GAGE / CS_BF_OP5
Distance,OP5_WIDTH_7,D1,4.069,4.150,-0.081,-0.150,0.150,,OP5_PT7_OW_GAGE - OP5_PT7_IW_GAGE / CS_BF_OP5
Distance,OP5_WIDTH_8,D1,4.069,4.150,-0.081,-0.400,0.400,,OP5_PT7_OW_GAGE - OP5_PT7_IW_GAGE / CS_BF_OP5
Distance,OP5_DEPTH_1,D1,5.824,6.000,-0.176,-0.400,0.400,,PL_FIXTURE_B - OP5_PT1_DEPTH / CS_BF_OP5
Distance,OP5_DEPTH_2,D1,5.824,6.000,-0.176,-0.400,0.500,,PL_FIXTURE_B - OP5_PT1_DEPTH / CS_BF_OP5
Distance,OP5_DEPTH_3,D1,5.824,6.000,-0.176,-0.400,0.400,,PL_FIXTURE_B - OP5_PT1_DEPTH / CS_BF_OP5
Distance,OP5_DEPTH_4,D1,6.025,6.000,0.025,-0.150,0.150,,PL_FIXTURE_B - OP5_PT4_DEPTH / CS_BF_OP5
Distance,OP5_DEPTH_5,D1,6.105,6.000,0.105,-0.150,0.150,,PL_FIXTURE_B - OP5_PT5_DEPTH / CS_BF_OP5
Distance,OP5_DEPTH_6,D1,6.092,6.000,0.092,-0.150,0.150,,PL_FIXTURE_B - OP5_PT6_DEPTH / CS_BF_OP5
Distance,OP5_DEPTH_7,D1,5.945,6.000,-0.055,-0.150,0.150,,PL_FIXTURE_B - OP5_PT7_DEPTH / CS_BF_OP5
Distance,OP5_DEPTH_8,D1,5.824,6.000,-0.176,-0.400,0.400,,PL_FIXTURE_B - OP5_PT1_DEPTH / CS_BF_OP5
Distance,OP6_WIDTH_1,D1,3.769,3.900,-0.131,-0.150,0.150,,OP6_PT1_OW_GAGE - OP6_PT1_IW_GAGE / CS_BF_OP6
Distance,OP6_WIDTH_2,D1,3.920,3.900,0.020,-0.150,0.150,,OP6_PT2_OW_GAGE - OP6_PT2_IW_GAGE / CS_BF_OP6
Distance,OP6_WIDTH_3,D1,4.064,4.150,-0.086,-0.150,0.150,,OP6_PT7_OW_GAGE - OP6_PT7_IW_GAGE / CS_BF_OP6
Distance,OP6_WIDTH_4,D1,3.866,3.900,-0.034,-0.150,0.150,,OP6_PT4_OW_GAGE - OP6_PT4_IW_GAGE / CS_BF_OP6
Distance,OP6_WIDTH_5,D1,4.064,4.150,-0.086,-0.150,0.150,,OP6_PT7_OW_GAGE - OP6_PT7_IW_GAGE / CS_BF_OP6
Distance,OP6_WIDTH_6,D1,3.956,3.900,0.056,-0.150,0.150,,OP6_PT6_OW_GAGE - OP6_PT6_IW_GAGE / CS_BF_OP6
Distance,OP6_WIDTH_7,D1,4.064,4.100,-0.036,-0.150,0.150,,OP6_PT7_OW_GAGE - OP6_PT7_IW_GAGE / CS_BF_OP6
Distance,OP6_WIDTH_8,D1,3.931,3.900,0.031,-0.150,0.150,,OP6_PT8_OW_GAGE - OP6_PT8_IW_GAGE / CS_BF_OP6
Distance,OP6_DEPTH_1,D1,5.883,6.000,-0.117,-0.400,0.400,,PL_FIXTURE_B - OP6_PT1_DEPTH / CS_BF_OP6
Distance,OP6_DEPTH_2,D1,5.880,6.000,-0.120,-0.400,0.400,,PL_FIXTURE_B - OP6_PT2_DEPTH / CS_BF_OP6
Distance,OP6_DEPTH_3,D1,5.880,6.000,-0.120,-0.400,0.400,,PL_FIXTURE_B - OP6_PT2_DEPTH / CS_BF_OP6
Distance,OP6_DEPTH_4,D1,6.018,6.000,0.018,-0.150,0.150,,PL_FIXTURE_B - OP6_PT4_DEPTH / CS_BF_OP6
Distance,OP6_DEPTH_5,D1,6.058,6.000,0.058,-0.150,0.150,,PL_FIXTURE_B - OP6_PT5_DEPTH / CS_BF_OP6
Distance,OP6_DEPTH_6,D1,6.075,6.000,0.075,-0.150,0.150,,PL_FIXTURE_B - OP6_PT6_DEPTH / CS_BF_OP6
Distance,OP6_DEPTH_7,D1,5.880,6.000,-0.120,-0.400,0.400,,PL_FIXTURE_B - OP6_PT2_DEPTH / CS_BF_OP6
Distance,OP6_DEPTH_8,D1,5.880,6.000,-0.120,-0.400,0.400,,PL_FIXTURE_B - OP6_PT2_DEPTH / CS_BF_OP6
Circle,CIR_A,DIAM,73.844,73.500,0.344,-0.500,0.500,,Criterion : Least Square (From 16 Pts On PL_PLAST_A) 
Circle,CIR_A,X,242.629,242.799,-0.170,,,,
Circle,CIR_A,Y,136.148,136.926,-0.778,,,,
Circle,CIR_A,Z,156.126,155.357,0.769,,,,
Circle,CIR_INS_11,X,289.721,290.064,-0.343,,,,Criterion : Least Square (From 8 Pts On PL_INS_11) 
Circle,CIR_INS_11,Y,161.231,162.379,-1.148,,,,
Circle,CIR_INS_11,Z,150.450,149.158,1.292,,,,
Circle,CIR_INS_12,X,278.586,279.125,-0.539,,,,Criterion : Least Square (From 8 Pts On PL_INS_12) 
Circle,CIR_INS_12,Y,101.708,102.451,-0.743,,,,
Circle,CIR_INS_12,Z,166.532,165.216,1.316,,,,
Circle,CIR_INS_13,X,196.326,196.401,-0.075,,,,Criterion : Least Square (From 8 Pts On PL_INS_13) 
Circle,CIR_INS_13,Y,115.974,116.540,-0.566,,,,
Circle,CIR_INS_13,Z,161.932,161.441,0.491,,,,
Circle,CIR_INS_14,X,207.193,207.341,-0.148,,,,Criterion : Least Square (From 8 Pts On PL_INS_14) 
Circle,CIR_INS_14,Y,175.977,176.469,-0.492,,,,
Circle,CIR_INS_14,Z,146.019,145.383,0.636,,,,
Circle,2D_CIR_INS_11,X,41.851,42.000,-0.149,,,,
Circle,2D_CIR_INS_11,Y,33.734,34.000,-0.266,,,,
Circle,2D_CIR_INS_12,X,41.932,42.000,-0.068,,,,
Circle,2D_CIR_INS_12,Y,-28.921,-29.000,0.079,,,,
Circle,2D_CIR_INS_13,X,-41.682,-42.000,0.318,,,,
Circle,2D_CIR_INS_13,Y,-28.916,-29.000,0.084,,,,
Circle,2D_CIR_INS_14,X,-42.101,-42.000,-0.101,,,,
Circle,2D_CIR_INS_14,Y,34.103,34.000,0.103,,,,
Pos. Tol.,POS_11,PTOL,3.525,0.000,3.525,0.000,4.500,,CIR_INS_11/NOMINAL - CS_ABC_SURFACES_C - C-Zone - XYZ - Nominal
Pos. Tol.,POS_12,PTOL,3.209,0.000,3.209,0.000,4.500,,CIR_INS_12/NOMINAL - CS_ABC_SURFACES_C - C-Zone - XYZ - Nominal
Pos. Tol.,POS_13,PTOL,1.506,0.000,1.506,0.000,3.000,,CIR_INS_13/NOMINAL - CS_ABC_SURFACES_C - C-Zone - XYZ - Nominal
Pos. Tol.,POS_2D_11,PTOL,0.611,0.000,0.611,0.000,1.000,,2D_CIR_INS_11/NOMINAL - CS_D_BF - C-Zone - XY - Nominal
Pos. Tol.,POS_2D_12,PTOL,0.207,0.000,0.207,0.000,1.000,,2D_CIR_INS_12/NOMINAL - CS_D_BF - C-Zone - XY - Nominal
Pos. Tol.,POS_2D_13,PTOL,0.658,0.000,0.658,0.000,1.000,,2D_CIR_INS_13/NOMINAL - CS_D_BF - C-Zone - XY - Nominal
Pos. Tol.,POS_2D_14,PTOL,0.289,0.000,0.289,0.000,0.500,,2D_CIR_INS_14/NOMINAL - CS_D_BF - C-Zone - XY - Nominal
Perpend.,PERP_11,PERP,0.140,0.000,0.140,0.000,0.400,,CYL_11/PL_INS_11 - C-Zone - Nominal
Perpend.,PERP_12,PERP,0.107,0.000,0.107,0.000,0.400,,CYL_12/PL_INS_12 - C-Zone - Nominal
Perpend.,PERP_13,PERP,0.244,0.000,0.244,0.000,0.400,,CYL_13/PL_INS_13 - C-Zone - Nominal
Perpend.,PERP_14,PERP,0.057,0.000,0.057,0.000,0.400,,CYL_14/PL_INS_14 - C-Zone - Nominal
Flatness,FLATNESS_DATUM_D,FLTN,0.276,0.000,0.276,0.000,0.300,,PL_PLAST_D_TB
Distance,H_11,Z,0.175,-0.000,0.176,0.000,0.400,,CIR_INS_11 - PL_PLAST_INS_11 / CS_D_BF
Distance,H_12,Z,0.150,-0.000,0.150,0.000,0.400,,CIR_INS_12 - PL_PLAST_INS_12 / CS_D_BF
Distance,H_13,Z,0.182,-0.000,0.182,0.000,0.400,,CIR_INS_13 - PL_PLAST_INS_13 / CS_D_BF
Distance,H_14,Z,0.188,-0.000,0.188,0.000,0.400,,CIR_INS_14 - PL_PLAST_INS_14 / CS_D_BF
Profile of Line,PROFILE_SURFACE_D,PRFL,1.889,0.000,1.889,0.000,3.000,,SECTION_D
Distance,PROF_INS_11_D,D1,0.781,0.650,0.131,-0.150,0.150,,CIR_INS_11 - PL_PLAST_D_TB / CS_D_BF
Distance,PROF_INS_12_D,D1,0.790,1.000,-0.210,-0.150,0.150,-0.060,CIR_INS_12 - PL_PLAST_D_TB / CS_D_BF
Distance,PROF_INS_13_D,D1,0.689,0.650,0.039,-0.150,0.150,,CIR_INS_13 - PL_PLAST_D_TB / CS_D_BF
Distance,PROF_INS_14_D,D1,0.969,1.000,-0.031,-0.150,0.150,,CIR_INS_14 - PL_PLAST_D_TB / CS_D_BF
Distance,WIDTH_TBA_1,D1,3.173,3.250,-0.077,-0.150,0.150,,0W2.5_1.1 - IW2.5_1.1 / CS_D_BF
Distance,WIDTH_TBA_2,D1,3.151,3.250,-0.099,-0.150,0.150,,0W2.5_1.2 - IW2.5_1.2 / CS_D_BF
Distance,WIDTH_TBA_3,D1,3.268,3.250,0.018,-0.150,0.150,,0W2.5_1.3 - IW2.5_1.3 / CS_D_BF
Distance,WIDTH_TBA_4,D1,3.238,3.250,-0.012,-0.150,0.150,,0W2.5_1.4 - IW2.5_1.4 / CS_D_BF
Distance,WIDTH_TBA_5,D1,3.105,3.250,-0.145,-0.150,0.150,,0W2.5_1.5 - IW2.5_1.5 / CS_D_BF
Distance,WIDTH_TBA_6,D1,3.234,3.250,-0.016,-0.150,0.150,,0W2.5_1.6 - IW2.5_1.6 / CS_D_BF
Distance,WIDTH_TBA_7,D1,3.249,3.250,-0.001,-0.150,0.150,,0W2.5_1.7 - IW2.5_1.7 / CS_D_BF
Distance,WIDTH_TBA_8,D1,3.254,3.250,0.004,-0.150,0.150,,0W2.5_1.8 - IW2.5_1.8 / CS_D_BF
Distance,DEPTH_TBA_1,D1,5.334,5.150,0.184,-0.300,0.300,,TB_BOT_1.1 - PL_D / CS_D_BF
Distance,DEPTH_TBA_2,D1,5.273,5.150,0.123,-0.300,0.300,,TB_BOT_1.2 - PL_D / CS_D_BF
Distance,DEPTH_TBA_3,D1,5.172,5.150,0.022,-0.300,0.300,,TB_BOT_1.3 - PL_D / CS_D_BF
Distance,DEPTH_TBA_4,D1,5.296,5.150,0.146,-0.300,0.300,,TB_BOT_1.4 - PL_D / CS_D_BF
Distance,DEPTH_TBA_5,D1,5.367,5.550,-0.183,-0.300,0.300,,TB_BOT_1.5 - PL_D / CS_D_BF
Distance,DEPTH_TBA_6,D1,5.258,5.150,0.108,-0.300,0.300,,TB_BOT_1.6 - PL_D / CS_D_BF
Distance,DEPTH_TBA_7,D1,5.433,5.150,0.283,-0.300,0.300,,TB_BOT_1.7 - PL_D / CS_D_BF
Distance,DEPTH_TBA_8,D1,5.473,5.550,-0.077,-0.300,0.300,,TB_BOT_1.8 - PL_D / CS_D_BF
Circle,CIR_10,DIAM,4.848,4.950,-0.102,-0.100,0.100,-0.002,Criterion : Least Square (From 6 Pts On PL_PLAST_10) 
Circle,CIR_10,X,11.787,12.000,-0.213,,,,
Circle,CIR_10,Y,179.296,178.230,1.066,,,,
Circle,CIR_10,Z,119.107,119.500,-0.393,,,,
Circle,CIR_21,DIAM,4.649,4.820,-0.171,-0.100,0.100,-0.071,Criterion : Least Square (From 6 Pts On PL_PLAST_21) 
Circle,CIR_21,X,12.036,11.854,0.182,,,,
Circle,CIR_21,Y,178.568,178.230,0.337,,,,
Circle,CIR_21,Z,-93.034,-92.440,-0.594,,,,
Circle,CIR_24,DIAM,4.740,4.820,-0.080,-0.100,0.100,,Criterion : Least Square (From 6 Pts On PL_PLAST_24) 
Circle,CIR_24,X,221.111,220.847,0.264,,,,
Circle,CIR_24,Y,202.777,203.230,-0.453,,,,
Circle,CIR_24,Z,-7.467,-7.568,0.100,,,,
Pos. Tol.,POS_10,PTOL,0.893,0.000,0.893,0.000,3.000,,CIR_10/NOMINAL - CS_ABC_SURFACES_C - C-Zone - XZ - Nominal
Pos. Tol.,POS_21,PTOL,1.243,0.000,1.243,0.000,3.000,,CIR_21/NOMINAL - CS_ABC_SURFACES_C - C-Zone - XZ - Nominal
Pos. Tol.,POS_24,PTOL,0.565,0.000,0.565,0.000,3.000,,CIR_24/NOMINAL - CS_ABC_SURFACES_C - C-Zone - XZ - Nominal
Distance,PROF_10,Y,179.296,178.230,1.066,-1.500,1.500,,CIR_10 - ORIGIN / CS_ABC_SURFACES_C
Distance,PROF_21,Y,178.568,178.230,0.337,-1.500,1.500,,CIR_21 - ORIGIN / CS_ABC_SURFACES_C
Distance,PROF_24,Y,202.777,203.230,-0.453,-1.500,1.500,,CIR_24 - ORIGIN / CS_ABC_SURFACES_C
Circle,CIR_15,X,-27.601,-27.000,-0.601,,,,Criterion : Least Square (From 6 Pts On PL_INS_15) 
Circle,CIR_15,Y,181.396,180.580,0.816,,,,
Circle,CIR_15,Z,163.165,164.000,-0.835,,,,
Circle,CIR_17,X,-51.646,-52.000,0.354,,,,Criterion : Least Square (From 6 Pts On PL_INS_17) 
Circle,CIR_17,Y,76.290,75.580,0.710,,,,
Circle,CIR_17,Z,148.645,149.000,-0.355,,,,
Circle,CIR_18,X,-51.198,-52.000,0.802,,,,Criterion : Least Square (From 6 Pts On PL_INS_18) 
Circle,CIR_18,Y,75.929,75.580,0.349,,,,
Circle,CIR_18,Z,-67.281,-68.000,0.719,,,,
Circle,CIR_20,X,-26.815,-27.000,0.185,,,,Criterion : Least Square (From 6 Pts On PL_INS_20) 
Circle,CIR_20,Y,181.416,180.580,0.835,,,,
Circle,CIR_20,Z,-92.407,-93.000,0.593,,,,
Circle,CIR_22,X,208.897,207.607,1.290,,,,Criterion : Least Square (From 6 Pts On PL_INS_22) 
Circle,CIR_22,Y,189.893,190.580,-0.687,,,,
Circle,CIR_22,Z,-103.249,-103.394,0.144,,,,
Circle,CIR_23,X,232.937,231.607,1.331,,,,Criterion : Least Square (From 6 Pts On PL_INS_23) 
Circle,CIR_23,Y,190.330,190.580,-0.250,,,,
Circle,CIR_23,Z,-70.970,-71.394,0.424,,,,
Pos. Tol.,POS_14,PTOL,1.306,0.000,1.306,0.000,3.000,,CIR_INS_14/NOMINAL - CS_ABC_SURFACES_C - C-Zone - XZ - Nominal
Pos. Tol.,POS_15,PTOL,2.057,0.000,2.057,0.000,3.000,,CIR_15/NOMINAL - CS_ABC_SURFACES_C - C-Zone - XZ - Nominal
Pos. Tol.,POS_17,PTOL,1.002,0.000,1.002,0.000,3.000,,CIR_17/NOMINAL - CS_ABC_SURFACES_C - C-Zone - XZ - Nominal
Pos. Tol.,POS_18,PTOL,2.155,0.000,2.155,0.000,3.000,,CIR_18/NOMINAL - CS_ABC_SURFACES_C - C-Zone - XZ - Nominal
Pos. Tol.,POS_20,PTOL,1.243,0.000,1.243,0.000,3.000,,CIR_20/NOMINAL - CS_ABC_SURFACES_C - C-Zone - XZ - Nominal
Pos. Tol.,POS_22,PTOL,2.597,0.000,2.597,0.000,4.000,,CIR_22/NOMINAL - CS_ABC_SURFACES_C - C-Zone - XZ - Nominal
Pos. Tol.,POS_23,PTOL,2.793,0.000,2.793,0.000,3.000,,CIR_23/NOMINAL - CS_ABC_SURFACES_C - C-Zone - XZ - Nominal
Distance,H_15,Y,0.127,0.000,0.127,0.000,0.400,,CIR_15 - PL_PLAST_15 / CS_ABC_BF_SURFACES
Distance,H_17,Y,0.115,-0.000,0.115,0.000,0.400,,CIR_17 - PL_PLAST_17 / CS_ABC_BF_SURFACES
Distance,H_18,Y,0.192,-0.000,0.192,0.000,0.400,,CIR_18 - PL_PLAST_18 / CS_ABC_BF_SURFACES
Distance,H_20,Y,0.310,0.000,0.310,0.000,0.400,,CIR_20 - PL_PLAST_20 / CS_ABC_BF_SURFACES
Distance,H_23,Y,0.063,-0.000,0.063,0.000,0.400,,CIR_23 - PL_PLAST_23 / CS_ABC_BF_SURFACES
Circle,CIR_25,DIAM,12.081,12.050,0.031,-0.080,0.080,,Criterion : Least Square (From 12 Pts On PL_PLAST_25) 
Circle,CIR_25,X,261.933,261.590,0.343,,,,
Circle,CIR_25,Y,195.369,196.720,-1.351,,,,
Circle,CIR_25,Z,50.643,49.700,0.943,,,,
Circle,2D_CIR_26,DIAM,4.766,4.700,0.066,-0.100,0.100,,
Circle,2D_CIR_26,X,-17.451,-17.500,0.049,,,,
Circle,2D_CIR_26,Z,0.000,0.000,0.000,,,,
Pos. Tol.,POS_25,PTOL,2.006,0.000,2.006,0.000,3.000,,CIR_25/NOMINAL - CS_ABC_SURFACES_C - C-Zone - XZ - Nominal
Pos. Tol.,POS_2D_26,PTOL,0.098,0.000,0.098,0.000,0.500,,2D_CIR_26/NOMINAL - CS_FG - C-Zone - XZ - Nominal
Distance,PROF_25,Y,195.369,196.720,-1.351,-1.500,1.500,,CIR_25 - ORIGIN / CS_ABC_SURFACES_C
Distance,PROF_27,Y,147.022,147.730,-0.708,-1.500,1.500,,CIR_27 - ORIGIN / CS_ABC_SURFACES_C
Distance,PROF_28,Y,155.492,153.930,1.562,-1.500,1.500,0.062,CIR_28 - ORIGIN / CS_ABC_SURFACES_C
Pos. Tol.,POS_27,PTOL,2.221,0.000,2.221,0.000,3.000,,CIR_27/NOMINAL - CS_ABC_SURFACES_C - C-Zone - XZ - Nominal
Pos. Tol.,POS_28,PTOL,1.315,0.000,1.315,0.000,4.250,,CIR_28/NOMINAL - CS_ABC_SURFACES_C - C-Zone - XZ - Nominal
Circle,CIR_27,DIAM,6.479,6.350,0.129,-0.250,0.250,,Criterion : Least Square (From 6 Pts On PL_PLAST_27) 
Circle,CIR_27,X,270.756,270.100,0.656,,,,
Circle,CIR_27,Y,147.022,147.700,-0.678,,,,
Circle,CIR_27,Z,-51.944,-52.840,0.896,,,,
Circle,CIR_28,DIAM,6.398,6.350,0.048,-0.250,0.250,,Criterion : Least Square (From 6 Pts On PL_PLAST_28) 
Circle,CIR_28,X,99.433,100.090,-0.657,,,,
Circle,CIR_28,Y,155.492,153.930,1.562,,,,
Circle,CIR_28,Z,175.974,176.000,-0.026,,,,
Circle,CIR_29,DIAM,12.174,12.170,0.004,-0.080,0.080,,Criterion : Least Square (From 16 Pts On PL_DATUM_H) 
Circle,CIR_29,X,307.236,306.650,0.586,,,,
Circle,CIR_29,Y,-10.668,-10.310,-0.358,,,,
Circle,CIR_29,Z,171.743,173.470,-1.727,,,,
Pos. Tol.,POS_29,PTOL,3.647,0.000,3.647,0.000,4.500,,CIR_29/NOMINAL - CS_ABC_BF_SURFACES_ROTATED - C-Zone - XZ - Nominal
Circle,2D_CIR_30,X,-23.488,-23.500,0.012,,,,
Circle,2D_CIR_30,Z,0.000,0.000,0.000,,,,
Pos. Tol.,POS_2D_30,PTOL,0.024,0.000,0.024,0.000,0.500,,2D_CIR_30/NOMINAL - CS_HJ - C-Zone - XZ - Nominal
Distance,H_30,Y,0.187,0.000,0.187,0.000,0.400,,2D_CIR_30 - PL_PLAST_30 / CS_HJ
