Feat. Type,Feat. Name,Value,Actual,Nominal,Dev.,Tol-,Tol+,Out of Tol.,Comment
Text/Value,VAR_PROGRAM,VAL,,,,,,,'N:\Metrolog XG\Programmes\D-33 RWD\D33 RWD Crush Rib (Module 44).gm2'
Text/Value,VAR_EVENEMENT,VAL,,,,,,,'Validation FIP- 05955 et 06084'
Text/Value,VAR_COMMENTAIRES,VAL,,,,,,,'285C'
Circle,CIR_31_TOP,X,230.628,230.300,0.328,,,,Criterion : Least Square (From 8 Pts On PL_PLAST_TOP_31) 
Circle,CIR_31_TOP,Z,-29.996,-30.200,0.204,,,,
Pos. Tol.,POS_31_TOP,PTOL,0.773,0.000,0.773,0.000,2.000,,CIR_31_TOP/NOMINAL - CS_ABC_BF - C-Zone - XZ - Nominal
Distance,PLASTIC_HEIGHT_31,D1,100.151,100.600,-0.449,,,,CIR_31_TOP - CIR_31_FL / CS_ABC_BF
Circle,CIR_32_TOP,X,124.531,124.300,0.231,,,,Criterion : Least Square (From 8 Pts On PL_PLAST_TOP_32) 
Circle,CIR_32_TOP,Z,-30.506,-30.200,-0.306,,,,
Pos. Tol.,POS_32_TOP,PTOL,0.767,0.000,0.767,0.000,2.000,,CIR_32_TOP/NOMINAL - CS_ABC_BF - C-Zone - XZ - Nominal
Distance,PLASTIC_HEIGHT_32,D1,100.580,100.600,-0.020,,,,CIR_32_TOP - CIR_32_FL / CS_ABC_BF
