Feat. Type,Feat. Name,Value,Actual,Nominal,Dev.,Tol-,Tol+,Out of Tol.,Comment
Text/Value,VAR_PROGRAM,VAL,,,,,,,'N:\Metrolog XG\Programmes\GM HF FWD GEN II 31xx\GM HF FWD Gen II High Hood 31xx Complete (Module 64).gm2'
Text/Value,VAR_EVENEMENT,VAL,,,,,,,'DEM321A'
Text/Value,VAR_COMMENTAIRES,VAL,,,,,,,'piece 1'
Text/Value,PROFILE_DATUM_A,VAL,0.578160,0.000000,0.578160,0.000000,1.000000,,
Text/Value,PROFILE_DATUM_B,VAL,0.486216,0.000000,0.486216,0.000000,1.000000,,
Distance,WIDTH_C,D1,9.025,9.000,0.025,-0.150,0.150,,SRF_C_TOP - SRF_C_DOWN / CS_ABC_SURFACES_C
Pos. Tol.,POS_1,PTOL,0.904,0.000,0.904,0.000,2.500,,CIR1/NOMINAL - CS_ABC_SURFACES_C - C-Zone - XZ - Nominal
Pos. Tol.,POS_2,PTOL,0.629,0.000,0.629,0.000,2.000,,CIR2/NOMINAL - CS_ABC_SURFACES_C - C-Zone - XZ - Nominal
Pos. Tol.,POS_3,PTOL,0.886,0.000,0.886,0.000,2.000,,CIR3/NOMINAL - CS_ABC_SURFACES_C - C-Zone - XZ - Nominal
Pos. Tol.,POS_4,PTOL,0.697,0.000,0.697,0.000,2.000,,CIR4/NOMINAL - CS_ABC_SURFACES_C - C-Zone - XZ - Nominal
Pos. Tol.,POS_5,PTOL,1.101,0.000,1.101,0.000,2.000,,CIR5/NOMINAL - CS_ABC_SURFACES_C - C-Zone - XZ - Nominal
Pos. Tol.,POS_6,PTOL,1.359,0.000,1.359,0.000,2.000,,CIR6/NOMINAL - CS_ABC_SURFACES_C - C-Zone - XZ - Nominal
Pos. Tol.,POS_7,PTOL,0.383,0.000,0.383,0.000,2.000,,CIR7/NOMINAL - CS_ABC_SURFACES_C - C-Zone - XZ - Nominal
Pos. Tol.,POS_8,PTOL,0.680,0.000,0.680,0.000,2.000,,CIR8/NOMINAL - CS_ABC_SURFACES_C - C-Zone - XZ - Nominal
Pos. Tol.,POS_9,PTOL,2.719,0.000,2.719,0.000,4.200,,CIR9/NOMINAL - CS_ABC_SURFACES_C - C-Zone - XZ - Nominal
Circle,CIR1,DIAM,15.013,15.000,0.013,-0.100,0.150,,From 4 Pts On PL_PLAST_1
Circle,CIR1,X,-51.840,-52.000,0.160,,,,
Circle,CIR1,Y,85.153,85.260,-0.107,,,,
Circle,CIR1,Z,-112.077,-112.500,0.423,,,,
Circle,CIR2,DIAM,15.101,15.000,0.101,-0.100,0.100,0.001,From 4 Pts On PL_PLAST_2
Circle,CIR2,X,-51.693,-52.000,0.307,,,,
Circle,CIR2,Y,85.097,85.260,-0.163,,,,
Circle,CIR2,Z,-17.934,-18.000,0.066,,,,
Circle,CIR3,DIAM,15.161,15.100,0.061,-0.100,0.200,,From 4 Pts On PL_PLAST_3
Circle,CIR3,X,-51.908,-52.000,0.092,,,,
Circle,CIR3,Y,85.387,85.260,0.127,,,,
Circle,CIR3,Z,87.567,88.000,-0.433,,,,
Circle,CIR4,DIAM,15.062,15.000,0.062,-0.100,0.100,,From 4 Pts On PL_PLAST_4
Circle,CIR4,X,-52.076,-52.000,-0.076,,,,
Circle,CIR4,Y,85.359,85.260,0.099,,,,
Circle,CIR4,Z,193.660,194.000,-0.340,,,,
Circle,CIR5,DIAM,15.023,15.000,0.023,-0.100,0.100,,From 4 Pts On PL_PLAST_5
Circle,CIR5,X,51.641,52.000,-0.359,,,,
Circle,CIR5,Y,85.637,85.260,0.377,,,,
Circle,CIR5,Z,155.083,155.500,-0.417,,,,
Circle,CIR6,DIAM,14.902,15.000,-0.098,-0.150,0.100,,From 4 Pts On PL_PLAST_6
Circle,CIR6,X,51.979,52.000,-0.021,,,,
Circle,CIR6,Y,85.127,85.260,-0.133,,,,
Circle,CIR6,Z,60.321,61.000,-0.679,,,,
Circle,CIR7,DIAM,14.892,15.000,-0.108,-0.200,0.100,,From 4 Pts On PL_PLAST_7
Circle,CIR7,X,52.188,52.000,0.188,,,,
Circle,CIR7,Y,84.853,85.260,-0.407,,,,
Circle,CIR7,Z,-44.965,-45.000,0.035,,,,
Circle,CIR8,DIAM,15.084,15.000,0.084,-0.100,0.100,,From 4 Pts On PL_PLAST_8
Circle,CIR8,X,52.011,52.000,0.011,,,,
Circle,CIR8,Y,84.799,85.260,-0.461,,,,
Circle,CIR8,Z,-150.660,-151.000,0.340,,,,
Circle,CIR9,DIAM,12.843,12.860,-0.017,-0.100,0.100,,From 4 Pts On PL_PLAST_9
Circle,CIR9,X,283.763,284.990,-1.227,,,,
Circle,CIR9,Y,25.657,27.530,-1.873,,,,
Circle,CIR9,Z,160.086,159.500,0.586,,,,
Distance,PROFILE_1,Y,85.153,85.250,-0.097,-0.325,0.325,,CIR1 - ORIGIN / CS_ABC_SURFACES_C
Distance,PROFILE_2,Y,85.097,85.250,-0.153,-0.475,0.475,,CIR2 - ORIGIN / CS_ABC_SURFACES_C
Distance,PROFILE_3,Y,85.387,85.250,0.137,-0.325,0.325,,CIR3 - ORIGIN / CS_ABC_SURFACES_C
Distance,PROFILE_4,Y,85.359,85.250,0.109,-0.550,0.550,,CIR4 - ORIGIN / CS_ABC_SURFACES_C
Distance,PROFILE_5,Y,85.637,85.250,0.387,-0.625,0.625,,CIR5 - ORIGIN / CS_ABC_SURFACES_C
Distance,PROFILE_6,Y,85.127,85.250,-0.123,-0.250,0.250,,CIR6 - ORIGIN / CS_ABC_SURFACES_C
Distance,PROFILE_7,Y,84.853,85.250,-0.397,-0.375,0.375,-0.022,CIR7 - ORIGIN / CS_ABC_SURFACES_C
Distance,PROFILE_8,Y,84.799,85.250,-0.451,-0.375,0.375,-0.076,CIR8 - ORIGIN / CS_ABC_SURFACES_C
Profile of Line,PROFILE_VERTICAL_OP_1,PRFL,1.780,0.000,1.780,0.000,1.900,,SECTION_VERTICAL_OP_1
Profile of Line,PROFILE_VERTICAL_OP_2,PRFL,1.203,0.000,1.203,0.000,1.500,,SECTION_VERTICAL_OP_2
Profile of Line,PROFILE_VERTICAL_OP_3,PRFL,1.276,0.000,1.276,0.000,1.500,,SECTION_VERTICAL_OP_3
Profile of Line,PROFILE_VERTICAL_OP_4,PRFL,0.548,0.000,0.548,0.000,1.200,,SECTION_VERTICAL_OP_4
Profile of Line,PROFILE_VERTICAL_OP_5,PRFL,0.652,0.000,0.652,0.000,1.200,,SECTION_VERTICAL_OP_5
Profile of Line,PROFILE_VERTICAL_OP_6,PRFL,0.638,0.000,0.638,0.000,1.200,,SECTION_VERTICAL_OP_6
Profile of Line,PROFILE_HORIZONTAL_OP_1,PRFL,1.916,0.000,1.916,0.000,2.300,,SECTION_HORIZONTAL_OP_1
Profile of Line,PROFILE_HORIZONTAL_OP_2,PRFL,1.487,0.000,1.487,0.000,2.000,,SECTION_HORIZONTAL_OP_2
Profile of Line,PROFILE_HORIZONTAL_OP_3,PRFL,1.446,0.000,1.446,0.000,2.000,,SECTION_HORIZONTAL_OP_3
Profile of Line,PROFILE_HORIZONTAL_OP_4,PRFL,1.650,0.000,1.650,0.000,2.000,,SECTION_HORIZONTAL_OP_4
Profile of Line,PROFILE_HORIZONTAL_OP_5,PRFL,1.372,0.000,1.372,0.000,2.000,,SECTION_HORIZONTAL_OP_5
Profile of Line,PROFILE_HORIZONTAL_OP_6,PRFL,0.909,0.000,0.909,0.000,2.000,,SECTION_HORIZONTAL_OP_6
Distance,OP1_WIDTH_1,D1,3.851,3.900,-0.049,-0.150,0.450,,OP1_PT1_OW_GAGE - OP1_PT1_IW_GAGE / CS_BF_OP1
Distance,OP1_WIDTH_2,D1,3.920,3.900,0.020,-0.150,0.150,,OP1_PT2_OW_GAGE - OP1_PT2_IW_GAGE / CS_BF_OP1
Distance,OP1_WIDTH_3,D1,3.845,3.900,-0.055,-0.150,0.150,,OP1_PT3_OW_GAGE - OP1_PT3_IW_GAGE / CS_BF_OP1
Distance,OP1_WIDTH_4,D1,3.886,3.900,-0.014,-0.250,0.150,,OP1_PT4_OW_GAGE - OP1_PT4_IW_GAGE / CS_BF_OP1
Distance,OP1_WIDTH_5,D1,3.959,3.900,0.059,-0.150,0.150,,OP1_PT5_OW_GAGE - OP1_PT5_IW_GAGE / CS_BF_OP1
Distance,OP1_WIDTH_6,D1,3.902,3.900,0.002,-0.150,0.150,,OP1_PT6_OW_GAGE - OP1_PT6_IW_GAGE / CS_BF_OP1
Distance,OP1_WIDTH_7,D1,3.982,3.900,0.082,-0.150,0.250,,OP1_PT7_OW_GAGE - OP1_PT7_IW_GAGE / CS_BF_OP1
Distance,OP1_WIDTH_8,D1,3.972,3.900,0.072,-0.150,0.150,,OP1_PT8_OW_GAGE - OP1_PT8_IW_GAGE / CS_BF_OP1
Distance,OP1_DEPTH_1,D1,6.148,6.000,0.148,-0.200,0.300,,PL_FIXTURE_A - OP1_PT1_DEPTH / CS_BF_OP1
Distance,OP1_DEPTH_2,D1,6.152,6.000,0.152,-0.200,0.300,,PL_FIXTURE_A - OP1_PT2_DEPTH / CS_BF_OP1
Distance,OP1_DEPTH_3,D1,5.966,6.000,-0.034,-0.250,0.150,,PL_FIXTURE_A - OP1_PT3_DEPTH / CS_BF_OP1
Distance,OP1_DEPTH_4,D1,5.923,6.000,-0.077,-0.250,0.150,,PL_FIXTURE_A - OP1_PT4_DEPTH / CS_BF_OP1
Distance,OP1_DEPTH_5,D1,5.950,6.000,-0.050,-0.250,0.150,,PL_FIXTURE_A - OP1_PT5_DEPTH / CS_BF_OP1
Distance,OP1_DEPTH_6,D1,5.979,6.000,-0.021,-0.200,0.150,,PL_FIXTURE_A - OP1_PT6_DEPTH / CS_BF_OP1
Distance,OP1_DEPTH_7,D1,6.373,6.000,0.373,-0.150,0.650,,PL_FIXTURE_A - OP1_PT8_DEPTH / CS_BF_OP1
Distance,OP1_DEPTH_8,D1,6.392,6.000,0.392,-0.150,0.650,,PL_FIXTURE_A - OP1_PT8_DEPTH / CS_BF_OP1
Distance,OP2_WIDTH_1,D1,3.866,3.900,-0.034,-0.150,0.150,,OP2_PT1_OW_GAGE - OP2_PT1_IW_GAGE / CS_BF_OP2
Distance,OP2_WIDTH_2,D1,3.898,3.900,-0.002,-0.150,0.150,,OP2_PT2_OW_GAGE - OP2_PT2_IW_GAGE / CS_BF_OP2
Distance,OP2_WIDTH_3,D1,3.775,3.900,-0.125,-0.150,0.150,,OP2_PT3_OW_GAGE - OP2_PT3_IW_GAGE / CS_BF_OP2
Distance,OP2_WIDTH_4,D1,3.852,3.900,-0.048,-0.150,0.150,,OP2_PT4_OW_GAGE - OP2_PT4_IW_GAGE / CS_BF_OP2
Distance,OP2_WIDTH_5,D1,3.994,3.900,0.094,-0.150,0.150,,OP2_PT5_OW_GAGE - OP2_PT5_IW_GAGE / CS_BF_OP2
Distance,OP2_WIDTH_6,D1,3.965,3.900,0.065,-0.150,0.150,,OP2_PT6_OW_GAGE - OP2_PT6_IW_GAGE / CS_BF_OP2
Distance,OP2_WIDTH_7,D1,4.080,3.900,0.180,-0.150,0.150,0.030,OP2_PT7_OW_GAGE - OP2_PT7_IW_GAGE / CS_BF_OP2
Distance,OP2_WIDTH_8,D1,3.896,3.900,-0.004,-0.150,0.150,,OP2_PT8_OW_GAGE - OP2_PT8_IW_GAGE / CS_BF_OP2
Distance,OP2_DEPTH_1,D1,5.981,6.000,-0.019,-0.350,0.150,,PL_FIXTURE_A - OP2_PT1_DEPTH / CS_BF_OP2
Distance,OP2_DEPTH_2,D1,6.131,6.000,0.131,-0.300,0.150,,PL_FIXTURE_A - OP2_PT2_DEPTH / CS_BF_OP2
Distance,OP2_DEPTH_3,D1,5.941,6.000,-0.059,-0.300,0.150,,PL_FIXTURE_A - OP2_PT3_DEPTH / CS_BF_OP2
Distance,OP2_DEPTH_4,D1,5.878,6.000,-0.122,-0.300,0.150,,PL_FIXTURE_A - OP2_PT4_DEPTH / CS_BF_OP2
Distance,OP2_DEPTH_5,D1,5.917,6.000,-0.083,-0.300,0.150,,PL_FIXTURE_A - OP2_PT5_DEPTH / CS_BF_OP2
Distance,OP2_DEPTH_6,D1,5.891,6.000,-0.109,-0.300,0.150,,PL_FIXTURE_A - OP2_PT6_DEPTH / CS_BF_OP2
Distance,OP2_DEPTH_7,D1,5.826,6.000,-0.174,-0.350,0.150,,PL_FIXTURE_A - OP2_PT7_DEPTH / CS_BF_OP2
Distance,OP2_DEPTH_8,D1,5.957,6.000,-0.043,-0.350,0.150,,PL_FIXTURE_A - OP2_PT8_DEPTH / CS_BF_OP2
Distance,OP3_WIDTH_1,D1,3.845,3.900,-0.055,-0.150,0.150,,OP3_PT1_OW_GAGE - OP3_PT1_IW_GAGE / CS_BF_OP3
Distance,OP3_WIDTH_2,D1,3.905,3.900,0.005,-0.150,0.150,,OP3_PT2_OW_GAGE - OP3_PT2_IW_GAGE / CS_BF_OP3
Distance,OP3_WIDTH_3,D1,3.962,3.900,0.062,-0.200,0.150,,OP3_PT3_OW_GAGE - OP3_PT3_IW_GAGE / CS_BF_OP3
Distance,OP3_WIDTH_4,D1,3.956,3.900,0.056,-0.150,0.150,,OP3_PT4_OW_GAGE - OP3_PT4_IW_GAGE / CS_BF_OP3
Distance,OP3_WIDTH_5,D1,4.049,3.900,0.149,-0.150,0.250,,OP3_PT5_OW_GAGE - OP3_PT5_IW_GAGE / CS_BF_OP3
Distance,OP3_WIDTH_6,D1,3.972,3.900,0.072,-0.150,0.150,,OP3_PT6_OW_GAGE - OP3_PT6_IW_GAGE / CS_BF_OP3
Distance,OP3_WIDTH_7,D1,4.208,4.150,0.058,-0.150,0.300,,OP3_PT7_OW_GAGE - OP3_PT7_IW_GAGE / CS_BF_OP3
Distance,OP3_WIDTH_8,D1,3.971,3.900,0.071,-0.150,0.150,,OP3_PT8_OW_GAGE - OP3_PT8_IW_GAGE / CS_BF_OP3
Distance,OP3_DEPTH_1,D1,6.361,6.000,0.361,-0.200,0.500,,PL_FIXTURE_A - OP3_PT2_DEPTH / CS_BF_OP3
Distance,OP3_DEPTH_2,D1,6.361,6.000,0.361,-0.150,0.550,,PL_FIXTURE_A - OP3_PT2_DEPTH / CS_BF_OP3
Distance,OP3_DEPTH_3,D1,6.067,6.000,0.067,-0.200,0.350,,PL_FIXTURE_A - OP3_PT3_DEPTH / CS_BF_OP3
Distance,OP3_DEPTH_4,D1,6.039,6.000,0.039,-0.200,0.350,,PL_FIXTURE_A - OP3_PT4_DEPTH / CS_BF_OP3
Distance,OP3_DEPTH_5,D1,6.085,6.000,0.085,-0.200,0.300,,PL_FIXTURE_A - OP3_PT5_DEPTH / CS_BF_OP3
Distance,OP3_DEPTH_6,D1,5.984,6.000,-0.016,-0.150,0.250,,PL_FIXTURE_A - OP3_PT6_DEPTH / CS_BF_OP3
Distance,OP3_DEPTH_7,D1,6.143,6.000,0.143,-0.300,0.400,,PL_FIXTURE_A - OP3_PT8_DEPTH / CS_BF_OP3
Distance,OP3_DEPTH_8,D1,6.143,6.000,0.143,-0.350,0.150,,PL_FIXTURE_A - OP3_PT8_DEPTH / CS_BF_OP3
Distance,OP4_WIDTH_1,D1,3.774,3.900,-0.126,-0.150,0.150,,OP4_PT1_OW_GAGE - OP4_PT1_IW_GAGE / CS_BF_OP4
Distance,OP4_WIDTH_2,D1,3.959,3.900,0.059,-0.150,0.300,,OP4_PT2_OW_GAGE - OP4_PT2_IW_GAGE / CS_BF_OP4
Distance,OP4_WIDTH_3,D1,3.962,3.900,0.062,-0.150,0.150,,OP4_PT3_OW_GAGE - OP4_PT3_IW_GAGE / CS_BF_OP4
Distance,OP4_WIDTH_4,D1,3.889,3.900,-0.011,-0.150,0.150,,OP4_PT4_OW_GAGE - OP4_PT4_IW_GAGE / CS_BF_OP4
Distance,OP4_WIDTH_5,D1,4.019,3.900,0.119,-0.150,0.250,,OP4_PT5_OW_GAGE - OP4_PT5_IW_GAGE / CS_BF_OP4
Distance,OP4_WIDTH_6,D1,3.805,3.900,-0.095,-0.150,0.150,,OP4_PT6_OW_GAGE - OP4_PT6_IW_GAGE / CS_BF_OP4
Distance,OP4_WIDTH_7,D1,3.888,3.900,-0.012,-0.150,0.200,,OP4_PT7_OW_GAGE - OP4_PT7_IW_GAGE / CS_BF_OP4
Distance,OP4_WIDTH_8,D1,3.919,3.900,0.019,-0.150,0.200,,OP4_PT8_OW_GAGE - OP4_PT8_IW_GAGE / CS_BF_OP4
Distance,OP4_DEPTH_1,D1,5.959,6.000,-0.041,-0.150,0.200,,PL_FIXTURE_B - OP4_PT1_DEPTH / CS_BF_OP4
Distance,OP4_DEPTH_2,D1,6.163,6.000,0.163,-0.150,0.500,,PL_FIXTURE_B - OP4_PT2_DEPTH / CS_BF_OP4
Distance,OP4_DEPTH_3,D1,6.130,6.000,0.130,-0.150,0.400,,PL_FIXTURE_B - OP4_PT3_DEPTH / CS_BF_OP4
Distance,OP4_DEPTH_4,D1,6.019,6.000,0.019,-0.150,0.150,,PL_FIXTURE_B - OP4_PT4_DEPTH / CS_BF_OP4
Distance,OP4_DEPTH_5,D1,6.074,6.000,0.074,-0.150,0.300,,PL_FIXTURE_B - OP4_PT5_DEPTH / CS_BF_OP4
Distance,OP4_DEPTH_6,D1,6.070,6.000,0.070,-0.150,0.300,,PL_FIXTURE_B - OP4_PT6_DEPTH / CS_BF_OP4
Distance,OP4_DEPTH_7,D1,6.006,6.000,0.006,-0.150,0.250,,PL_FIXTURE_B - OP4_PT7_DEPTH / CS_BF_OP4
Distance,OP4_DEPTH_8,D1,5.953,6.000,-0.047,-0.150,0.250,,PL_FIXTURE_B - OP4_PT8_DEPTH / CS_BF_OP4
Distance,OP5_WIDTH_1,D1,3.671,3.900,-0.229,-0.200,0.150,-0.029,OP5_PT1_OW_GAGE - OP5_PT1_IW_GAGE / CS_BF_OP5
Distance,OP5_WIDTH_2,D1,3.841,3.900,-0.059,-0.150,0.150,,OP5_PT2_OW_GAGE - OP5_PT2_IW_GAGE / CS_BF_OP5
Distance,OP5_WIDTH_3,D1,3.897,3.900,-0.003,-0.150,0.150,,OP5_PT3_OW_GAGE - OP5_PT3_IW_GAGE / CS_BF_OP5
Distance,OP5_WIDTH_4,D1,3.889,3.900,-0.011,-0.150,0.200,,OP5_PT4_OW_GAGE - OP5_PT4_IW_GAGE / CS_BF_OP5
Distance,OP5_WIDTH_5,D1,4.112,3.900,0.212,-0.150,0.400,,OP5_PT5_OW_GAGE - OP5_PT5_IW_GAGE / CS_BF_OP5
Distance,OP5_WIDTH_6,D1,3.989,3.900,0.089,-0.150,0.200,,OP5_PT6_OW_GAGE - OP5_PT6_IW_GAGE / CS_BF_OP5
Distance,OP5_WIDTH_7,D1,3.942,3.900,0.042,-0.150,0.150,,OP5_PT7_OW_GAGE - OP5_PT7_IW_GAGE / CS_BF_OP5
Distance,OP5_WIDTH_8,D1,3.874,3.900,-0.026,-0.150,0.150,,OP5_PT8_OW_GAGE - OP5_PT8_IW_GAGE / CS_BF_OP5
Distance,OP5_DEPTH_1,D1,6.054,6.000,0.054,-0.150,0.400,,PL_FIXTURE_B - OP5_PT1_DEPTH / CS_BF_OP5
Distance,OP5_DEPTH_2,D1,6.054,6.000,0.054,-0.150,0.500,,PL_FIXTURE_B - OP5_PT1_DEPTH / CS_BF_OP5
Distance,OP5_DEPTH_3,D1,6.054,6.000,0.054,-0.150,0.400,,PL_FIXTURE_B - OP5_PT1_DEPTH / CS_BF_OP5
Distance,OP5_DEPTH_4,D1,6.032,6.000,0.032,-0.150,0.200,,PL_FIXTURE_B - OP5_PT4_DEPTH / CS_BF_OP5
Distance,OP5_DEPTH_5,D1,6.064,6.000,0.064,-0.150,0.200,,PL_FIXTURE_B - OP5_PT5_DEPTH / CS_BF_OP5
Distance,OP5_DEPTH_6,D1,6.046,6.000,0.046,-0.150,0.250,,PL_FIXTURE_B - OP5_PT6_DEPTH / CS_BF_OP5
Distance,OP5_DEPTH_7,D1,6.040,6.000,0.040,-0.150,0.400,,PL_FIXTURE_B - OP5_PT7_DEPTH / CS_BF_OP5
Distance,OP5_DEPTH_8,D1,6.054,6.000,0.054,-0.150,0.400,,PL_FIXTURE_B - OP5_PT1_DEPTH / CS_BF_OP5
Distance,OP6_WIDTH_1,D1,3.744,3.900,-0.156,-0.200,0.150,,OP6_PT1_OW_GAGE - OP6_PT1_IW_GAGE / CS_BF_OP6
Distance,OP6_WIDTH_2,D1,3.881,3.900,-0.019,-0.150,0.150,,OP6_PT2_OW_GAGE - OP6_PT2_IW_GAGE / CS_BF_OP6
Distance,OP6_WIDTH_3,D1,3.915,3.900,0.015,-0.150,0.150,,OP6_PT3_OW_GAGE - OP6_PT3_IW_GAGE / CS_BF_OP6
Distance,OP6_WIDTH_4,D1,3.864,3.900,-0.036,-0.150,0.150,,OP6_PT4_OW_GAGE - OP6_PT4_IW_GAGE / CS_BF_OP6
Distance,OP6_WIDTH_5,D1,4.005,3.900,0.105,-0.150,0.200,,OP6_PT5_OW_GAGE - OP6_PT5_IW_GAGE / CS_BF_OP6
Distance,OP6_WIDTH_6,D1,3.967,3.900,0.067,-0.150,0.200,,OP6_PT6_OW_GAGE - OP6_PT6_IW_GAGE / CS_BF_OP6
Distance,OP6_WIDTH_7,D1,3.837,3.900,-0.063,-0.150,0.150,,OP6_PT7_OW_GAGE - OP6_PT7_IW_GAGE / CS_BF_OP6
Distance,OP6_WIDTH_8,D1,3.891,3.900,-0.009,-0.150,0.150,,OP6_PT8_OW_GAGE - OP6_PT8_IW_GAGE / CS_BF_OP6
Distance,OP6_DEPTH_1,D1,6.188,6.000,0.188,-0.150,0.400,,PL_FIXTURE_B - OP6_PT1_DEPTH / CS_BF_OP6
Distance,OP6_DEPTH_2,D1,6.186,6.000,0.186,-0.150,0.450,,PL_FIXTURE_B - OP6_PT2_DEPTH / CS_BF_OP6
Distance,OP6_DEPTH_3,D1,6.186,6.000,0.186,-0.150,0.400,,PL_FIXTURE_B - OP6_PT2_DEPTH / CS_BF_OP6
Distance,OP6_DEPTH_4,D1,5.997,6.000,-0.003,-0.150,0.400,,PL_FIXTURE_B - OP6_PT4_DEPTH / CS_BF_OP6
Distance,OP6_DEPTH_5,D1,6.033,6.000,0.033,-0.150,0.400,,PL_FIXTURE_B - OP6_PT5_DEPTH / CS_BF_OP6
Distance,OP6_DEPTH_6,D1,6.091,6.000,0.091,-0.150,0.400,,PL_FIXTURE_B - OP6_PT6_DEPTH / CS_BF_OP6
Distance,OP6_DEPTH_7,D1,6.186,6.000,0.186,-0.150,0.450,,PL_FIXTURE_B - OP6_PT2_DEPTH / CS_BF_OP6
Distance,OP6_DEPTH_8,D1,6.186,6.000,0.186,-0.150,0.500,,PL_FIXTURE_B - OP6_PT2_DEPTH / CS_BF_OP6
Circle,CIR_A,DIAM,73.858,73.500,0.358,-0.500,0.500,,Criterion : Least Square (From 16 Pts On PL_PLAST_A) 
Circle,CIR_A,X,242.953,242.799,0.154,,,,
Circle,CIR_A,Y,136.495,136.926,-0.431,,,,
Circle,CIR_A,Z,156.153,155.357,0.796,,,,
Circle,CIR_INS_11,X,290.191,290.064,0.126,,,,Criterion : Least Square (From 8 Pts On PL_INS_11) 
Circle,CIR_INS_11,Y,161.789,162.379,-0.591,,,,
Circle,CIR_INS_11,Z,150.574,149.158,1.416,,,,
Circle,CIR_INS_12,X,278.907,279.125,-0.217,,,,Criterion : Least Square (From 8 Pts On PL_INS_12) 
Circle,CIR_INS_12,Y,102.181,102.451,-0.269,,,,
Circle,CIR_INS_12,Z,166.552,165.216,1.336,,,,
Circle,CIR_INS_13,X,196.679,196.401,0.278,,,,Criterion : Least Square (From 8 Pts On PL_INS_13) 
Circle,CIR_INS_13,Y,116.383,116.540,-0.157,,,,
Circle,CIR_INS_13,Z,161.636,161.441,0.196,,,,
Circle,CIR_INS_14,X,207.658,207.341,0.318,,,,Criterion : Least Square (From 8 Pts On PL_INS_14) 
Circle,CIR_INS_14,Y,176.357,176.469,-0.112,,,,
Circle,CIR_INS_14,Z,145.936,145.383,0.553,,,,
Circle,2D_CIR_INS_11,X,41.896,42.000,-0.104,,,,
Circle,2D_CIR_INS_11,Y,33.814,34.000,-0.186,,,,
Circle,2D_CIR_INS_12,X,41.867,42.000,-0.133,,,,
Circle,2D_CIR_INS_12,Y,-28.921,-29.000,0.079,,,,
Circle,2D_CIR_INS_13,X,-41.724,-42.000,0.276,,,,
Circle,2D_CIR_INS_13,Y,-28.925,-29.000,0.075,,,,
Circle,2D_CIR_INS_14,X,-42.040,-42.000,-0.040,,,,
Circle,2D_CIR_INS_14,Y,34.033,34.000,0.033,,,,
Pos. Tol.,POS_11,PTOL,3.079,0.000,3.079,0.000,4.500,,CIR_INS_11/NOMINAL - CS_ABC_SURFACES_C - C-Zone - XYZ - Nominal
Pos. Tol.,POS_12,PTOL,2.761,0.000,2.761,0.000,3.000,,CIR_INS_12/NOMINAL - CS_ABC_SURFACES_C - C-Zone - XYZ - Nominal
Pos. Tol.,POS_13,PTOL,0.749,0.000,0.749,0.000,3.000,,CIR_INS_13/NOMINAL - CS_ABC_SURFACES_C - C-Zone - XYZ - Nominal
Pos. Tol.,POS_2D_11,PTOL,0.426,0.000,0.426,0.000,0.500,,2D_CIR_INS_11/NOMINAL - CS_D_BF - C-Zone - XY - Nominal
Pos. Tol.,POS_2D_12,PTOL,0.310,0.000,0.310,0.000,0.800,,2D_CIR_INS_12/NOMINAL - CS_D_BF - C-Zone - XY - Nominal
Pos. Tol.,POS_2D_13,PTOL,0.573,0.000,0.573,0.000,0.500,0.073,2D_CIR_INS_13/NOMINAL - CS_D_BF - C-Zone - XY - Nominal
Pos. Tol.,POS_2D_14,PTOL,0.103,0.000,0.103,0.000,0.500,,2D_CIR_INS_14/NOMINAL - CS_D_BF - C-Zone - XY - Nominal
Paral.,PERP_11,PARA,0.199,0.000,0.199,0.000,0.300,,PL_INS_11/PL_PLAST_INS_11 - P-Zone - Cloud of Points 
Paral.,PERP_12,PARA,0.156,0.000,0.156,0.000,0.300,,PL_INS_12/PL_PLAST_INS_12 - P-Zone - Cloud of Points 
Paral.,PERP_13,PARA,0.125,0.000,0.125,0.000,0.300,,PL_INS_13/PL_PLAST_INS_13 - P-Zone - Cloud of Points 
Paral.,PERP_14,PARA,0.059,0.000,0.059,0.000,0.250,,PL_INS_14/PL_PLAST_INS_14 - P-Zone - Cloud of Points 
Flatness,FLATNESS_DATUM_D,FLTN,0.323,0.000,0.323,0.000,0.500,,PL_PLAST_D_TB
Distance,H_11,Z,0.085,-0.000,0.085,0.000,0.400,,CIR_INS_11 - PL_PLAST_INS_11 / CS_D_BF
Distance,H_12,Z,0.073,-0.000,0.073,0.000,0.400,,CIR_INS_12 - PL_PLAST_INS_12 / CS_D_BF
Distance,H_13,Z,0.136,-0.000,0.136,0.000,0.400,,CIR_INS_13 - PL_PLAST_INS_13 / CS_D_BF
Distance,H_14,Z,0.095,-0.000,0.095,0.000,0.400,,CIR_INS_14 - PL_PLAST_INS_14 / CS_D_BF
Profile of Line,PROFILE_SURFACE_D,PRFL,2.327,0.000,2.327,0.000,3.000,,SECTION_D
Distance,PROF_INS_11_D,D1,0.688,0.650,0.038,-0.150,0.150,,CIR_INS_11 - PL_PLAST_D_TB / CS_D_BF
Distance,PROF_INS_12_D,D1,0.735,0.650,0.085,-0.150,0.150,,CIR_INS_12 - PL_PLAST_D_TB / CS_D_BF
Distance,PROF_INS_13_D,D1,0.624,0.650,-0.026,-0.150,0.150,,CIR_INS_13 - PL_PLAST_D_TB / CS_D_BF
Distance,PROF_INS_14_D,D1,0.944,0.650,0.294,-0.150,0.150,0.144,CIR_INS_14 - PL_PLAST_D_TB / CS_D_BF
Distance,WIDTH_TBA_1,D1,3.195,3.250,-0.055,-0.150,0.150,,0W2.5_1.1 - IW2.5_1.1 / CS_D_BF
Distance,WIDTH_TBA_2,D1,3.161,3.250,-0.089,-0.150,0.150,,0W2.5_1.2 - IW2.5_1.2 / CS_D_BF
Distance,WIDTH_TBA_3,D1,3.268,3.250,0.018,-0.150,0.150,,0W2.5_1.3 - IW2.5_1.3 / CS_D_BF
Distance,WIDTH_TBA_4,D1,3.236,3.250,-0.014,-0.150,0.150,,0W2.5_1.4 - IW2.5_1.4 / CS_D_BF
Distance,WIDTH_TBA_5,D1,3.127,3.250,-0.123,-0.200,0.150,,0W2.5_1.5 - IW2.5_1.5 / CS_D_BF
Distance,WIDTH_TBA_6,D1,3.224,3.250,-0.026,-0.150,0.150,,0W2.5_1.6 - IW2.5_1.6 / CS_D_BF
Distance,WIDTH_TBA_7,D1,3.245,3.250,-0.005,-0.150,0.150,,0W2.5_1.7 - IW2.5_1.7 / CS_D_BF
Distance,WIDTH_TBA_8,D1,3.257,3.250,0.007,-0.150,0.150,,0W2.5_1.8 - IW2.5_1.8 / CS_D_BF
Distance,DEPTH_TBA_1,D1,5.220,5.150,0.070,-0.300,0.350,,TB_BOT_1.1 - PL_D / CS_D_BF
Distance,DEPTH_TBA_2,D1,5.171,5.150,0.021,-0.300,0.350,,TB_BOT_1.2 - PL_D / CS_D_BF
Distance,DEPTH_TBA_3,D1,5.128,5.150,-0.022,-0.300,0.400,,TB_BOT_1.3 - PL_D / CS_D_BF
Distance,DEPTH_TBA_4,D1,5.328,5.150,0.178,-0.300,0.600,,TB_BOT_1.4 - PL_D / CS_D_BF
Distance,DEPTH_TBA_5,D1,5.332,5.150,0.182,-0.300,0.500,,TB_BOT_1.5 - PL_D / CS_D_BF
Distance,DEPTH_TBA_6,D1,5.186,5.150,0.036,-0.300,0.300,,TB_BOT_1.6 - PL_D / CS_D_BF
Distance,DEPTH_TBA_7,D1,5.365,5.150,0.215,-0.300,0.500,,TB_BOT_1.7 - PL_D / CS_D_BF
Distance,DEPTH_TBA_8,D1,5.402,5.150,0.252,-0.300,0.500,,TB_BOT_1.8 - PL_D / CS_D_BF
Circle,CIR_10,DIAM,4.854,4.950,-0.096,-0.100,0.100,,Criterion : Least Square (From 6 Pts On PL_PLAST_10) 
Circle,CIR_10,X,12.169,12.000,0.169,,,,
Circle,CIR_10,Y,179.064,178.230,0.834,,,,
Circle,CIR_10,Z,118.930,119.500,-0.570,,,,
Circle,CIR_21,DIAM,4.643,4.820,-0.177,-0.100,0.100,-0.077,Criterion : Least Square (From 6 Pts On PL_PLAST_21) 
Circle,CIR_21,X,12.962,11.854,1.108,,,,
Circle,CIR_21,Y,178.471,178.230,0.241,,,,
Circle,CIR_21,Z,-92.782,-92.440,-0.342,,,,
Circle,CIR_24,DIAM,4.755,4.820,-0.065,-0.100,0.100,,Criterion : Least Square (From 6 Pts On PL_PLAST_24) 
Circle,CIR_24,X,221.540,220.847,0.693,,,,
Circle,CIR_24,Y,202.275,203.230,-0.955,,,,
Circle,CIR_24,Z,-7.526,-7.568,0.042,,,,
Pos. Tol.,POS_10,PTOL,1.189,0.000,1.189,0.000,3.000,,CIR_10/NOMINAL - CS_ABC_SURFACES_C - C-Zone - XZ - Nominal
Pos. Tol.,POS_21,PTOL,2.319,0.000,2.319,0.000,3.000,,CIR_21/NOMINAL - CS_ABC_SURFACES_C - C-Zone - XZ - Nominal
Pos. Tol.,POS_24,PTOL,1.388,0.000,1.388,0.000,3.000,,CIR_24/NOMINAL - CS_ABC_SURFACES_C - C-Zone - XZ - Nominal
Distance,PROF_10,Y,179.064,178.230,0.834,-1.500,1.500,,CIR_10 - ORIGIN / CS_ABC_SURFACES_C
Distance,PROF_21,Y,178.471,178.230,0.241,-1.500,1.500,,CIR_21 - ORIGIN / CS_ABC_SURFACES_C
Distance,PROF_24,Y,202.275,203.230,-0.955,-1.500,1.500,,CIR_24 - ORIGIN / CS_ABC_SURFACES_C
Circle,CIR_17,X,-51.272,-52.000,0.728,,,,Proj. CIR_17 / PL_PLAST_17.
Circle,CIR_17,Y,76.074,75.580,0.494,,,,
Circle,CIR_17,Z,148.898,149.000,-0.102,,,,
Circle,CIR_18,X,-50.539,-52.000,1.461,,,,Criterion : Least Square (From 6 Pts On PL_INS_18) 
Circle,CIR_18,Y,75.972,75.580,0.391,,,,
Circle,CIR_18,Z,-67.748,-68.000,0.252,,,,
Circle,CIR_20,X,-25.882,-27.000,1.118,,,,Criterion : Least Square (From 6 Pts On PL_INS_20) 
Circle,CIR_20,Y,181.355,180.580,0.775,,,,
Circle,CIR_20,Z,-92.273,-93.000,0.727,,,,
Circle,CIR_22,X,209.520,207.607,1.913,,,,Criterion : Least Square (From 6 Pts On PL_INS_22) 
Circle,CIR_22,Y,189.228,190.580,-1.352,,,,
Circle,CIR_22,Z,-103.107,-103.394,0.287,,,,
Circle,CIR_23,X,233.387,231.607,1.780,,,,Criterion : Least Square (From 6 Pts On PL_INS_23) 
Circle,CIR_23,Y,189.349,190.580,-1.231,,,,
Circle,CIR_23,Z,-70.899,-71.394,0.495,,,,
Pos. Tol.,POS_17,PTOL,1.471,0.000,1.471,0.000,3.000,,CIR_17/NOMINAL - CS_ABC_SURFACES_C - C-Zone - XZ - Nominal
Pos. Tol.,POS_18,PTOL,2.965,0.000,2.965,0.000,3.000,,CIR_18/NOMINAL - CS_ABC_SURFACES_C - C-Zone - XZ - Nominal
Pos. Tol.,POS_20,PTOL,2.668,0.000,2.668,0.000,3.000,,CIR_20/NOMINAL - CS_ABC_SURFACES_C - C-Zone - XZ - Nominal
Pos. Tol.,POS_22,PTOL,3.869,0.000,3.869,0.000,4.500,,CIR_22/NOMINAL - CS_ABC_SURFACES_C - C-Zone - XZ - Nominal
Pos. Tol.,POS_23,PTOL,3.695,0.000,3.695,0.000,4.500,,CIR_23/NOMINAL - CS_ABC_SURFACES_C - C-Zone - XZ - Nominal
Distance,H_20,Y,0.089,0.000,0.089,0.000,0.400,,CIR_20 - PL_PLAST_20 / CS_ABC_BF_SURFACES
Circle,CIR_25,DIAM,12.093,12.050,0.043,-0.080,0.080,,Criterion : Least Square (From 12 Pts On PL_PLAST_25) 
Circle,CIR_25,X,262.347,261.590,0.757,,,,
Circle,CIR_25,Y,195.253,196.720,-1.467,,,,
Circle,CIR_25,Z,50.530,49.700,0.830,,,,
Circle,2D_CIR_26,DIAM,4.774,4.700,0.074,-0.100,0.100,,
Circle,2D_CIR_26,X,-17.445,-17.500,0.055,,,,
Circle,2D_CIR_26,Z,0.000,0.000,0.000,,,,
Pos. Tol.,POS_25,PTOL,2.247,0.000,2.247,0.000,3.000,,CIR_25/NOMINAL - CS_ABC_SURFACES_C - C-Zone - XZ - Nominal
Pos. Tol.,POS_2D_26,PTOL,0.110,0.000,0.110,0.000,0.500,,2D_CIR_26/NOMINAL - CS_FG - C-Zone - XZ - Nominal
Distance,PROF_25,Y,195.253,196.720,-1.467,-1.500,1.500,,CIR_25 - ORIGIN / CS_ABC_SURFACES_C
Distance,PROF_27,Y,146.077,147.730,-1.653,-1.500,1.500,-0.153,CIR_27 - ORIGIN / CS_ABC_SURFACES_C
Distance,PROF_28,Y,155.387,153.930,1.457,-1.500,1.500,,CIR_28 - ORIGIN / CS_ABC_SURFACES_C
Pos. Tol.,POS_27,PTOL,4.550,0.000,4.550,0.000,5.000,,CIR_27/NOMINAL - CS_ABC_SURFACES_C - C-Zone - XZ - Nominal
Pos. Tol.,POS_28,PTOL,0.486,0.000,0.486,0.000,4.200,,CIR_28/NOMINAL - CS_ABC_SURFACES_C - C-Zone - XZ - Nominal
Circle,CIR_27,DIAM,6.209,6.350,-0.141,-0.250,0.250,,Criterion : Least Square (From 6 Pts On PL_PLAST_27) 
Circle,CIR_27,X,272.118,270.100,2.018,,,,
Circle,CIR_27,Y,146.077,147.700,-1.623,,,,
Circle,CIR_27,Z,-51.789,-52.840,1.051,,,,
Circle,CIR_28,DIAM,6.408,6.350,0.058,-0.250,0.250,,Criterion : Least Square (From 6 Pts On PL_PLAST_28) 
Circle,CIR_28,X,99.849,100.090,-0.241,,,,
Circle,CIR_28,Y,155.387,153.930,1.457,,,,
Circle,CIR_28,Z,175.969,176.000,-0.031,,,,
Circle,CIR_29,DIAM,12.188,12.170,0.018,-0.080,0.080,,Criterion : Least Square (From 16 Pts On PL_DATUM_H) 
Circle,CIR_29,X,307.671,306.650,1.021,,,,
Circle,CIR_29,Y,-10.855,-10.310,-0.545,,,,
Circle,CIR_29,Z,171.662,173.470,-1.808,,,,
Pos. Tol.,POS_29,PTOL,4.153,0.000,4.153,0.000,5.000,,CIR_29/NOMINAL - CS_ABC_BF_SURFACES_ROTATED - C-Zone - XZ - Nominal
Circle,2D_CIR_30,X,-23.417,-23.500,0.083,,,,
Circle,2D_CIR_30,Z,0.000,0.000,0.000,,,,
Pos. Tol.,POS_2D_30,PTOL,0.166,0.000,0.166,0.000,0.500,,2D_CIR_30/NOMINAL - CS_HJ - C-Zone - XZ - Nominal
Distance,H_30,Y,0.210,0.000,0.210,0.000,0.400,,2D_CIR_30 - PL_PLAST_30 / CS_HJ
Distance,PROF_31,Z,-201.895,-201.782,-0.113,-1.500,1.500,,CIR_31 - ORIGIN / CS_ABC_SURFACES_C
Distance,PROF_32,Y,173.529,173.000,0.529,-1.500,1.500,,CIR_32 - ORIGIN / CS_ABC_BF_SURFACES_ROTATED
Distance,PROF_33,Y,147.813,148.000,-0.187,-1.500,1.500,,CIR_33 - ORIGIN / CS_ABC_BF_SURFACES_ROTATED
Circle,CIR_31,DIAM,11.727,11.800,-0.073,-0.100,0.100,,Inters. PL_PLAST_31 - CYL_31.
Circle,CIR_31,X,158.272,157.240,1.032,,,,
Circle,CIR_31,Y,132.736,135.320,-2.584,,,,
Circle,CIR_32,X,11.227,11.000,0.227,,,,Criterion : Least Square (From 8 Pts On PL_INS_32) 
Circle,CIR_32,Z,125.444,124.730,0.714,,,,
Circle,CIR_33,X,-59.540,-60.000,0.460,,,,Criterion : Least Square (From 8 Pts On PL_INS_33) 
Circle,CIR_33,Z,125.820,124.730,1.090,,,,
Circle,2D_CIR_33,X,-71.023,-71.000,-0.023,,,,
Circle,2D_CIR_33,Z,0.000,0.000,0.000,,,,
Circle,2D_CIR_32,X,0.000,0.000,0.000,,,,
Circle,2D_CIR_32,Z,0.000,0.000,0.000,,,,
Pos. Tol.,POS_31,PTOL,5.566,0.000,5.566,0.000,6.350,,CIR_31/NOMINAL - CS_ABC_SURFACES_C - C-Zone - XY - Nominal
Pos. Tol.,POS_32,PTOL,1.152,0.000,1.152,0.000,3.000,,CIR_32/NOMINAL - CS_ABC_BF_SURFACES_ROTATED - C-Zone - XY - Nominal
Pos. Tol.,POS_33,PTOL,0.994,0.000,0.994,0.000,3.000,,CIR_33/NOMINAL - CS_ABC_BF_SURFACES_ROTATED - C-Zone - XY - Nominal
Pos. Tol.,POS_2D_33,PTOL,0.047,0.000,0.047,0.000,0.500,,2D_CIR_33/NOMINAL - CS_K_BF - C-Zone - XZ - Nominal
Distance,H_32,Y,0.248,0.150,0.098,-0.150,0.150,,CIR_32 - PL_PLAST_32 / CS_K
Distance,H_33,Y,0.117,0.150,-0.032,-0.150,0.150,,CIR_33 - PL_PLAST_33 / CS_K
Distance,H_19,Y,0.065,0.000,0.065,0.000,0.400,,CIR_19 - PL_PLAST_19 / CS_ABC_BF_SURFACES
