Feat. Type,Feat. Name,Value,Actual,Nominal,Dev.,Tol-,Tol+,Out of Tol.,Comment
Text/Value,VAR_PROGRAM,VAL,,,,,,,'N:\Metrolog XG\Programmes\D-33 RWD\D33 RWD Complete (Module 44).gm2'
Text/Value,VAR_EVENEMENT,VAL,,,,,,,'Validation FIP-05955'
Text/Value,VAR_COMMENTAIRES,VAL,,,,,,,'285C'
Circle,CIR_DATUM_B,DIAM,7.840,7.900,-0.060,-0.100,0.100,,Criterion : Least Square (From 3 Pts On PL_FIXTURE) 
Circle,CIR_DATUM_C,DIAM,7.893,7.900,-0.007,-0.100,0.100,,Criterion : Least Square (From 3 Pts On PL_FIXTURE) 
Circle,CIR_DATUM_C,X,4.401,4.400,0.001,,,,
Circle,CIR_DATUM_C,Z,-351.713,-351.650,-0.063,,,,
Pos. Tol.,POS_C,PTOL,0.126,0.000,0.126,0.000,0.460,,CIR_DATUM_C/NOMINAL - CS_ABC - C-Zone - XZ - Nominal
Circle,CIR_8,DIAM,74.101,74.350,-0.249,-0.300,0.300,,Criterion : Least Square (From 14 Pts On PL_PLAST_TB) 
Circle,CIR_8,X,-79.855,-80.600,0.745,,,,
Circle,CIR_8,Y,90.972,92.200,-1.228,,,,
Circle,CIR_8,Z,81.853,82.900,-1.047,,,,
Pos. Tol.,POS_8,PTOL,3.228,0.000,3.228,0.051,4.211,,CIR_8(M)/NOMINAL - CS_ABC - C-Zone - YZ - Nominal
Circle,2D_CIR_16,Y,-32.507,-32.500,-0.007,,,,
Circle,2D_CIR_16,Z,-40.095,-40.000,-0.095,,,,
Circle,2D_CIR_17,Y,-32.291,-32.500,0.209,,,,
Circle,2D_CIR_17,Z,39.888,40.000,-0.112,,,,
Circle,2D_CIR_18,Y,32.341,32.500,-0.159,,,,
Circle,2D_CIR_18,Z,40.066,40.000,0.066,,,,
Circle,2D_CIR_19,Y,32.285,32.500,-0.215,,,,
Circle,2D_CIR_19,Z,-39.937,-40.000,0.063,,,,
Pos. Tol.,POS_2D_16,PTOL,0.191,0.000,0.191,0.000,0.500,,2D_CIR_16/NOMINAL - CS_DE - C-Zone - YZ - Nominal
Pos. Tol.,POS_2D_17,PTOL,0.475,0.000,0.475,0.000,0.500,,2D_CIR_17/NOMINAL - CS_DE - C-Zone - YZ - Nominal
Pos. Tol.,POS_2D_18,PTOL,0.344,0.000,0.344,0.000,0.700,,2D_CIR_18/NOMINAL - CS_DE - C-Zone - YZ - Nominal
Pos. Tol.,POS_2D_19,PTOL,0.448,0.000,0.448,0.000,0.700,,2D_CIR_19/NOMINAL - CS_DE - C-Zone - YZ - Nominal
Distance,INSERT HEIGHT 16,X,0.240,0.000,0.240,,,,CIR_16 - PL_PLAST_16 / CS_DE
Distance,INSERT HEIGHT 17,X,0.244,0.000,0.244,,,,CIR_17 - PL_PLAST_17 / CS_DE
Distance,INSERT HEIGHT 18,X,0.306,0.000,0.306,,,,CIR_18 - PL_PLAST_18 / CS_DE
Distance,INSERT HEIGHT 19,X,0.322,0.000,0.322,,,,CIR_19 - PL_PLAST_19 / CS_DE
Flatness,FLAT_D,FLTN,0.282,0.000,0.282,0.000,1.000,,PL_D
Circle,2D_CIR_20,X,-0.190,0.000,-0.190,,,,
Circle,2D_CIR_20,Z,-0.004,0.000,-0.004,,,,
Circle,2D_CIR_21,X,-0.190,0.000,-0.190,,,,
Circle,2D_CIR_21,Z,0.005,0.000,0.005,,,,
Pos. Tol.,POS_2D_20,PTOL,0.380,0.000,0.380,0.000,0.550,,2D_CIR_20/NOMINAL - CS_HJ - C-Zone - XY - Nominal
Pos. Tol.,POS_2D_21,PTOL,0.386,0.000,0.386,0.000,0.550,,2D_CIR_21/NOMINAL - CS_HJ - C-Zone - XY - Nominal
Distance,H_20,Z,0.313,0.000,0.313,0.000,0.500,,2D_CIR_20 - PL_PLAST_20 / CS_HJ
Distance,H_21,Z,0.236,0.000,0.236,0.000,0.500,,2D_CIR_21 - PL_PLAST_21 / CS_HJ
Circle,CIR_15,X,-108.156,-109.800,1.644,,,,Criterion : Least Square (From 6 Pts On PL_INS_15) 
Circle,CIR_15,Y,23.474,24.200,-0.726,,,,
Distance,PROF_15,Z,130.755,130.800,-0.045,-1.500,1.500,,CIR_15 - ORIGIN / CS_ABC
Pos. Tol.,POS_15,PTOL,3.593,0.000,3.593,0.000,5.000,,CIR_15/NOMINAL - CS_ABC - C-Zone - XY - Nominal
Distance,H_15,Z,0.231,0.000,0.231,0.000,0.500,,CIR_15 - PL_PLAST_15 / CS_ABC
Pos. Tol.,POS_42,PTOL,5.091,0.000,5.091,0.227,6.388,,CIR_42(M)/NOMINAL - CS_ABC - C-Zone - XYZ - Nominal
Pos. Tol.,POS_20,PTOL,4.903,0.000,4.903,0.000,6.160,,CIR_20/NOMINAL - CS_ABC - C-Zone - XYZ - Nominal
Pos. Tol.,POS_21,PTOL,4.773,0.000,4.773,0.000,6.160,,CIR_21/NOMINAL - CS_ABC - C-Zone - XYZ - Nominal
Circle,CIR_42,DIAM,36.737,36.660,0.077,-0.150,0.150,,Criterion : Least Square (From 20 Pts On PL_PLAST_42) 
Circle,CIR_42,X,-209.149,-210.550,1.401,,,,
Circle,CIR_42,Y,93.883,96.000,-2.117,,,,
Circle,CIR_42,Z,111.610,111.420,0.190,,,,
Circle,CIR_20,X,-231.425,-232.370,0.945,,,,Criterion : Least Square (From 6 Pts On PL_INS_20) 
Circle,CIR_20,Y,104.636,106.800,-2.164,,,,
Circle,CIR_20,Z,92.090,91.430,0.660,,,,
Circle,CIR_21,X,-187.085,-188.730,1.645,,,,Criterion : Least Square (From 6 Pts On PL_INS_21) 
Circle,CIR_21,Y,83.480,85.200,-1.720,,,,
Circle,CIR_21,Z,131.598,131.420,0.178,,,,
Distance,DEPTH_16,D1,17.922,17.800,0.122,0.000,8.000,,PNT_DEPTH_16 - PL_INS_16 / CS_DE
Distance,DEPTH_17,D1,18.030,17.800,0.230,0.000,8.000,,PNT_DEPTH_17 - PL_INS_17 / CS_DE
Distance,DEPTH_18,D1,21.706,17.800,3.906,0.000,8.000,,PNT_DEPTH_18 - PL_INS_18 / CS_DE
Distance,DEPTH_19,D1,23.139,17.800,5.339,0.000,8.000,,PNT_DEPTH_19 - PL_INS_19 / CS_DE
Circle,CIR_16,X,-77.145,-77.073,-0.072,,,,Criterion : Least Square (From 6 Pts On PL_INS_16) 
Circle,CIR_16,Y,58.857,59.880,-1.023,,,,
Circle,CIR_16,Z,41.530,42.924,-1.394,,,,
Circle,CIR_17,X,-75.447,-77.073,1.626,,,,Criterion : Least Square (From 6 Pts On PL_INS_17) 
Circle,CIR_17,Y,58.674,59.880,-1.206,,,,
Circle,CIR_17,Z,121.496,122.924,-1.428,,,,
Circle,CIR_18,X,-81.506,-82.732,1.226,,,,Criterion : Least Square (From 6 Pts On PL_INS_18) 
Circle,CIR_18,Y,123.018,124.633,-1.615,,,,
Circle,CIR_18,Z,122.125,122.924,-0.799,,,,
Circle,CIR_19,X,-83.000,-82.732,-0.268,,,,Criterion : Least Square (From 6 Pts On PL_INS_19) 
Circle,CIR_19,Y,123.382,124.633,-1.251,,,,
Circle,CIR_19,Z,42.136,42.924,-0.788,,,,
Pos. Tol.,POS_16,PTOL,3.458,0.000,3.458,0.000,4.160,,CIR_16/NOMINAL - CS_ABC - C-Zone - YZ - Nominal
Pos. Tol.,POS_17,PTOL,3.739,0.000,3.739,0.000,4.160,,CIR_17/NOMINAL - CS_ABC - C-Zone - YZ - Nominal
Pos. Tol.,POS_18,PTOL,3.603,0.000,3.603,0.000,4.160,,CIR_18/NOMINAL - CS_ABC - C-Zone - YZ - Nominal
Pos. Tol.,POS_19,PTOL,2.958,0.000,2.958,0.000,4.160,,CIR_19/NOMINAL - CS_ABC - C-Zone - YZ - Nominal
Profile of Line,PROF_OP1,PRFL,1.719,0.000,1.719,0.000,2.160,,SCT_OP1
Profile of Line,PROF_OP2,PRFL,0.296,0.000,0.296,0.000,2.160,,SCT_OP2
Profile of Line,PROF_OP3,PRFL,0.735,0.000,0.735,0.000,2.160,,SCT_OP3
Profile of Line,PROF_OP4,PRFL,0.222,0.000,0.222,0.000,2.160,,SCT_OP4
Profile of Line,PROF_OP5,PRFL,1.087,0.000,1.087,0.000,2.160,,SCT_OP5
Profile of Line,PROF_OP6,PRFL,0.913,0.000,0.913,0.000,2.160,,SCT_OP6
Pos. Tol.,POS_B,PTOL,0.000,0.000,0.000,0.000,0.300,,CIR_DATUM_B/NOMINAL - CS_ABC - C-Zone - XZ - Nominal
Pos. Tol.,POS_1,PTOL,0.193,0.000,0.193,0.000,1.160,,CIR1/NOMINAL - CS_ABC - C-Zone - XZ - Nominal
Pos. Tol.,POS_2,PTOL,0.690,0.000,0.690,0.000,1.160,,CIR2/NOMINAL - CS_ABC - C-Zone - XZ - Nominal
Pos. Tol.,POS_3,PTOL,0.312,0.000,0.312,0.000,1.160,,CIR3/NOMINAL - CS_ABC - C-Zone - XZ - Nominal
Pos. Tol.,POS_4,PTOL,0.143,0.000,0.143,0.000,1.160,,CIR4/NOMINAL - CS_ABC - C-Zone - XZ - Nominal
Pos. Tol.,POS_5,PTOL,0.049,0.000,0.049,0.000,1.160,,CIR5/NOMINAL - CS_ABC - C-Zone - XZ - Nominal
Pos. Tol.,POS_6,PTOL,0.657,0.000,0.657,0.000,1.160,,CIR6/NOMINAL - CS_ABC - C-Zone - XZ - Nominal
Pos. Tol.,POS_31,PTOL,0.383,0.000,0.383,0.000,1.160,,CIR31/NOMINAL - CS_ABC - C-Zone - XZ - Nominal
Pos. Tol.,POS_32,PTOL,0.685,0.000,0.685,0.000,1.160,,CIR32/NOMINAL - CS_ABC - C-Zone - XZ - Nominal
Profile of Line,PROF_2D_OW_TB_GROOVE,PRFL,0.410,0.000,0.410,0.000,1.000,,SECT_2D_OW_TB
Profile of Line,PROF_IW_OP1,PRFL,1.178,0.000,1.178,0.000,1.500,,SECT_IW_OP1
Profile of Line,PROF_IW_OP2,PRFL,0.251,0.000,0.251,0.000,1.500,,SECT_IW_OP2
Profile of Line,PROF_IW_OP3,PRFL,0.438,0.000,0.438,0.000,1.500,,SECT_IW_OP3
Profile of Line,PROF_IW_OP4,PRFL,0.426,0.000,0.426,0.000,1.500,,SECT_IW_OP4
Profile of Line,PROF_IW_OP5,PRFL,1.092,0.000,1.092,0.000,1.500,,SECT_IW_OP5
Profile of Line,PROF_IW_OP6,PRFL,1.144,0.000,1.144,0.000,1.500,,SECT_IW_OP6
Pos. Tol.,POS_10,PTOL,0.976,0.000,0.976,0.000,4.160,,CIR_10/NOMINAL - CS_ABC - C-Zone - XZ - Nominal
Pos. Tol.,POS_11,PTOL,2.941,0.000,2.941,0.000,4.160,,CIR_11/NOMINAL - CS_ABC - C-Zone - XZ - Nominal
Pos. Tol.,POS_12,PTOL,3.487,0.000,3.487,0.000,5.160,,CIR_12/NOMINAL - CS_ABC - C-Zone - XZ - Nominal
Pos. Tol.,POS_13,PTOL,3.560,0.000,3.560,0.000,5.160,,CIR_13/NOMINAL - CS_ABC - C-Zone - XZ - Nominal
Pos. Tol.,POS_14,PTOL,2.417,0.000,2.417,0.000,4.160,,CIR_14/NOMINAL - CS_ABC - C-Zone - XZ - Nominal
Pos. Tol.,POS_22,PTOL,4.644,0.000,4.644,0.000,6.160,,SLOT_22/NOMINAL - CS_ABC - C-Zone - XY - Nominal
Pos. Tol.,POS_9,PTOL,6.132,0.000,6.132,0.000,7.160,,CIR_9/NOMINAL - CS_ABC - C-Zone - XYZ - Nominal
Pos. Tol.,POS_25,PTOL,4.600,0.000,4.600,0.000,7.160,,CIR_25/NOMINAL - CS_ABC - C-Zone - XY - Nominal
Pos. Tol.,POS_26,PTOL,5.625,0.000,5.625,0.000,6.160,,CIR_26/NOMINAL - CS_ABC - C-Zone - XY - Nominal
Distance,HEIGHT_B,D1,6.136,6.450,-0.314,-0.100,0.100,-0.214,PNT_TOP_B - PL_FIXTURE / CS_ABC
Distance,HEIGHT_C,D1,6.281,6.450,-0.169,-0.100,0.100,-0.069,PNT_TOP_C - PL_FIXTURE / CS_ABC
Circle,CIR2,X,-16.810,-16.500,-0.310,,,,From 4 Pts On PL_FIXTURE
Circle,CIR2,Z,-351.448,-351.600,0.152,,,,
Circle,CIR1,X,54.488,54.400,0.088,,,,From 4 Pts On PL_FIXTURE
Circle,CIR1,Z,-346.559,-346.600,0.041,,,,
Circle,CIR6,X,54.078,54.400,-0.322,,,,From 4 Pts On PL_FIXTURE
Circle,CIR6,Z,-240.537,-240.600,0.063,,,,
Circle,CIR5,X,54.379,54.400,-0.021,,,,From 4 Pts On PL_FIXTURE
Circle,CIR5,Z,-134.614,-134.600,-0.013,,,,
Circle,CIR4,X,54.334,54.400,-0.066,,,,From 4 Pts On PL_FIXTURE
Circle,CIR4,Z,-27.073,-27.100,0.027,,,,
Circle,CIR3,X,-16.617,-16.500,-0.117,,,,From 4 Pts On PL_FIXTURE
Circle,CIR3,Z,-0.997,-1.100,0.104,,,,
Circle,CIR32,X,-30.542,-30.200,-0.342,,,,From 4 Pts On PL_FIXTURE
Circle,CIR32,Z,-124.320,-124.300,-0.020,,,,
Circle,CIR31,X,-30.391,-30.200,-0.191,,,,From 4 Pts On PL_FIXTURE
Circle,CIR31,Z,-230.287,-230.300,0.013,,,,
Distance,DEPTH_TB1,D1,5.071,5.000,0.071,-0.250,0.250,,TB_BOT_1.1 - PL_D / CS_DE
Distance,DEPTH_TB2,D1,4.916,5.000,-0.084,-0.250,0.250,,TB_BOT_1.2 - PL_D / CS_DE
Distance,DEPTH_TB3,D1,4.982,5.000,-0.018,-0.250,0.250,,TB_BOT_1.3 - PL_D / CS_DE
Distance,DEPTH_TB4,D1,4.877,5.000,-0.123,-0.250,0.250,,TB_BOT_1.4 - PL_D / CS_DE
Distance,DEPTH_TB5,D1,5.060,5.000,0.060,-0.250,0.250,,TB_BOT_1.5 - PL_D / CS_DE
Distance,DEPTH_TB6,D1,4.953,5.000,-0.047,-0.250,0.250,,TB_BOT_1.6 - PL_D / CS_DE
Distance,DEPTH_TB7,D1,4.997,5.000,-0.003,-0.250,0.250,,TB_BOT_1.7 - PL_D / CS_DE
Distance,DEPTH_TB8,D1,4.996,5.000,-0.004,-0.250,0.250,,TB_BOT_1.8 - PL_D / CS_DE
Distance,PROF_RECESS_SURFACE_TB,D1,0.797,0.650,0.147,0.000,0.750,,PL_PLAST_RECESS_TB - PL_D / CS_DE
Distance,OP1_DEPTH_1,D1,6.279,6.000,0.279,-0.250,0.250,0.029,OP1_PT1_DEPTH - PL_FIXTURE / OP1CS
Distance,OP1_DEPTH_2,D1,5.972,6.000,-0.028,-0.250,0.250,,OP1_PT2_DEPTH - PL_FIXTURE / OP1CS
Distance,OP1_DEPTH_3,D1,5.998,6.000,-0.002,-0.250,0.250,,OP1_PT3_DEPTH - PL_FIXTURE / OP1CS
Distance,OP1_DEPTH_4,D1,6.026,6.000,0.026,-0.250,0.250,,OP1_PT4_DEPTH - PL_FIXTURE / OP1CS
Distance,OP1_DEPTH_5,D1,6.045,6.000,0.045,-0.250,0.250,,OP1_PT5_DEPTH - PL_FIXTURE / OP1CS
Distance,OP1_DEPTH_6,D1,6.151,6.000,0.151,-0.250,0.250,,OP1_PT6_DEPTH - PL_FIXTURE / OP1CS
Distance,OP1_DEPTH_7,D1,6.319,6.000,0.319,-0.250,0.250,0.069,OP1_PT7_DEPTH - PL_FIXTURE / OP1CS
Distance,OP2_DEPTH_1,D1,6.010,6.000,0.010,-0.250,0.250,,OP2_PT1_DEPTH - PL_FIXTURE / OP2CS
Distance,OP2_DEPTH_2,D1,5.967,6.000,-0.033,-0.250,0.250,,OP2_PT2_DEPTH - PL_FIXTURE / OP2CS
Distance,OP2_DEPTH_3,D1,5.980,6.000,-0.020,-0.250,0.250,,OP2_PT3_DEPTH - PL_FIXTURE / OP2CS
Distance,OP2_DEPTH_4,D1,5.990,6.000,-0.010,-0.250,0.250,,OP2_PT4_DEPTH - PL_FIXTURE / OP2CS
Distance,OP2_DEPTH_5,D1,5.884,6.000,-0.116,-0.250,0.250,,OP2_PT5_DEPTH - PL_FIXTURE / OP2CS
Distance,OP2_DEPTH_6,D1,6.028,6.000,0.028,-0.250,0.250,,OP2_PT6_DEPTH - PL_FIXTURE / OP2CS
Distance,OP2_DEPTH_7,D1,6.090,6.000,0.090,-0.250,0.250,,OP2_PT7_DEPTH - PL_FIXTURE / OP2CS
Distance,OP3_DEPTH_3,D1,6.006,6.000,0.006,-0.250,0.250,,OP3_PT3_DEPTH - PL_FIXTURE / OP3CS
Distance,OP3_DEPTH_4,D1,6.051,6.000,0.051,-0.250,0.250,,OP3_PT4_DEPTH - PL_FIXTURE / OP3CS
Distance,OP3_DEPTH_5,D1,5.890,6.000,-0.110,-0.250,0.250,,OP3_PT5_DEPTH - PL_FIXTURE / OP3CS
Distance,OP3_DEPTH_6,D1,5.890,6.000,-0.110,-0.250,0.250,,OP3_PT6_DEPTH - PL_FIXTURE / OP3CS
Distance,OP4_DEPTH_1,D1,6.022,6.000,0.022,-0.250,0.250,,OP4_PT1_DEPTH - PL_FIXTURE / OP4CS
Distance,OP4_DEPTH_2,D1,6.144,6.000,0.144,-0.250,0.250,,OP4_PT2_DEPTH - PL_FIXTURE / OP4CS
Distance,OP4_DEPTH_3,D1,6.083,6.000,0.083,-0.250,0.250,,OP4_PT3_DEPTH - PL_FIXTURE / OP4CS
Distance,OP4_DEPTH_4,D1,6.028,6.000,0.028,-0.250,0.250,,OP4_PT4_DEPTH - PL_FIXTURE / OP4CS
Distance,OP4_DEPTH_5,D1,5.882,6.000,-0.118,-0.250,0.250,,OP4_PT5_DEPTH - PL_FIXTURE / OP4CS
Distance,OP4_DEPTH_6,D1,6.012,6.000,0.012,-0.250,0.250,,OP4_PT6_DEPTH - PL_FIXTURE / OP4CS
Distance,OP4_DEPTH_7,D1,6.061,6.000,0.061,-0.250,0.250,,OP4_PT7_DEPTH - PL_FIXTURE / OP4CS
Distance,OP5_DEPTH_3,D1,6.021,6.000,0.021,-0.250,0.250,,OP5_PT3_DEPTH - PL_FIXTURE / OP5CS
Distance,OP5_DEPTH_4,D1,6.146,6.000,0.146,-0.250,0.250,,OP5_PT4_DEPTH - PL_FIXTURE / OP5CS
Distance,OP5_DEPTH_5,D1,5.842,6.000,-0.158,-0.250,0.250,,OP5_PT5_DEPTH - PL_FIXTURE / OP5CS
Distance,OP5_DEPTH_6,D1,6.016,6.000,0.016,-0.250,0.250,,OP5_PT6_DEPTH - PL_FIXTURE / OP5CS
Distance,OP5_DEPTH_7,D1,6.005,6.000,0.005,-0.250,0.250,,OP5_PT7_DEPTH - PL_FIXTURE / OP5CS
Distance,OP6_DEPTH_1,D1,6.045,6.000,0.045,-0.250,0.250,,OP6_PT1_DEPTH - PL_FIXTURE / OP6CS
Distance,OP6_DEPTH_2,D1,6.090,6.000,0.090,-0.250,0.250,,OP6_PT2_DEPTH - PL_FIXTURE / OP6CS
Distance,OP6_DEPTH_3,D1,6.054,6.000,0.054,-0.250,0.250,,OP6_PT3_DEPTH - PL_FIXTURE / OP6CS
Distance,OP6_DEPTH_4,D1,6.148,6.000,0.148,-0.250,0.250,,OP6_PT4_DEPTH - PL_FIXTURE / OP6CS
Distance,OP6_DEPTH_5,D1,6.206,6.000,0.206,-0.250,0.250,,OP6_PT5_DEPTH - PL_FIXTURE / OP6CS
Distance,OP6_DEPTH_6,D1,6.210,6.000,0.210,-0.250,0.250,,OP6_PT6_DEPTH - PL_FIXTURE / OP6CS
Distance,OP6_DEPTH_7,D1,6.183,6.000,0.183,-0.250,0.250,,OP6_PT7_DEPTH - PL_FIXTURE / OP6CS
Circle,CIR_25,X,-118.322,-120.300,1.978,,,,Inters. PL_PLAST_25 - CYL_25.
Circle,CIR_25,Y,86.227,87.400,-1.173,,,,
Circle,CIR_25,Z,178.463,179.200,-0.737,,,,
Circle,CIR_26,X,-156.698,-158.500,1.802,,,,Inters. PL_PLAST_26 - CYL_26.
Circle,CIR_26,Y,119.941,122.100,-2.159,,,,
Circle,CIR_26,Z,160.437,160.700,-0.263,,,,
Circle,CIR_9,X,-269.642,-270.700,1.059,,,,Inters. PL_PLAST_9 - CYL_9.
Circle,CIR_9,Y,86.903,89.700,-2.797,,,,
Circle,CIR_9,Z,88.976,88.300,0.676,,,,
Circle,CIR_11,DIAM,8.021,8.000,0.021,-0.200,0.200,,Criterion : Least Square (From 8 Pts On PL_PLAST_11) 
Circle,CIR_11,X,-269.651,-270.600,0.949,,,,
Circle,CIR_11,Y,60.304,62.700,-2.396,,,,
Circle,CIR_11,Z,52.523,51.400,1.123,,,,
Circle,CIR_12,DIAM,8.020,8.000,0.020,-0.200,0.200,,Criterion : Least Square (From 8 Pts On PL_PLAST_12) 
Circle,CIR_12,X,-291.212,-290.600,-0.612,,,,
Circle,CIR_12,Y,59.474,62.700,-3.226,,,,
Circle,CIR_12,Z,-146.967,-148.600,1.633,,,,
Circle,CIR_13,DIAM,6.867,6.800,0.067,-0.200,0.200,,Criterion : Least Square (From 8 Pts On PL_PLAST_13) 
Circle,CIR_13,X,-175.512,-174.700,-0.812,,,,
Circle,CIR_13,Y,85.301,86.600,-1.299,,,,
Circle,CIR_13,Z,-372.016,-373.600,1.584,,,,
Circle,CIR_14,DIAM,6.928,6.800,0.128,-0.200,0.200,,Criterion : Least Square (From 8 Pts On PL_PLAST_14) 
Circle,CIR_14,X,13.530,14.500,-0.970,,,,
Circle,CIR_14,Y,35.676,36.000,-0.324,,,,
Circle,CIR_14,Z,-374.880,-375.600,0.720,,,,
Circle,CIR_10,DIAM,6.920,6.800,0.120,-0.200,0.200,,Criterion : Least Square (From 8 Pts On PL_PLAST_10) 
Circle,CIR_10,X,-50.469,-50.100,-0.369,,,,
Circle,CIR_10,Y,127.522,127.700,-0.178,,,,
Circle,CIR_10,Z,-8.920,-8.600,-0.320,,,,
Slot,SLOT_22,LEN,12.615,12.500,0.115,-0.200,0.200,,Criterion : Least Square (From 12 Pts On PL_PLAST_22) 
Slot,SLOT_22,WID,6.591,6.500,0.091,-0.200,0.200,,
Slot,SLOT_22,X,-131.268,-132.730,1.462,,,,
Slot,SLOT_22,Y,103.296,105.100,-1.804,,,,
Slot,SLOT_22,Z,128.296,128.800,-0.504,,,,
Distance,DEPTH_15,D1,22.172,22.000,0.172,0.000,8.000,,PNT_DEPTH_15 - PL_INS_15 / CS_SRF_TEMP_15.2
