Feat. Type,Feat. Name,Value,Actual,Nominal,Dev.,Tol-,Tol+,Out of Tol.,Comment
Text/Value,VAR_PROGRAM,VAL,,,,,,,'N:\Metrolog XG\Programmes\D-35\D-35 Hauteur Plastic Crush Rib Moule 1 (Module 44).gm2'
Text/Value,VAR_EVENEMENT,VAL,,,,,,,'Smed '
Text/Value,VAR_COMMENTAIRES,VAL,,,,,,,'283 A'
Circle,CIR_3_FL,X,124.306,124.294,0.011,,,,Criterion : Least Square (From 6 Pts On PL_PLAST_FL_3) 
Circle,CIR_3_FL,Z,-30.309,-30.147,-0.162,,,,
Pos. Tol.,POS_3_FLANGE,PTOL,0.324,0.000,0.324,0.000,1.000,,CIR_3_FL/NOMINAL - CS_ABC - C-Zone - XZ - Nominal
Circle,CIR_3_TOP,X,124.911,124.294,0.617,,,,Criterion : Least Square (From 6 Pts On PL_PLAST_TOP_3) 
Circle,CIR_3_TOP,Z,-30.148,-30.147,-0.001,,,,
Pos. Tol.,POS_3_TOP,PTOL,1.234,0.000,1.234,0.000,2.000,,CIR_3_TOP/NOMINAL - CS_ABC - C-Zone - XZ - Nominal
Distance,PLASTIC_HEIGHT,D1,99.988,100.350,-0.362,-0.200,0.200,-0.162,CIR_3_FL - CIR_3_TOP / CS_ABC
