Feat. Type,Feat. Name,Value,Actual,Nominal,Dev.,Tol-,Tol+,Out of Tol.,Comment
Text/Value,VAR_PROGRAM,VAL,,,,,,,'N:\Metrolog XG\Programmes\Ford 2L GTDI\Ford 2L GTDI Complete (Module 51).gm2'
Text/Value,VAR_EVENEMENT,VAL,,,,,,,'FIP 10092'
Text/Value,VAR_COMMENTAIRES,VAL,,,,,,,'nid 1'
Circle,CIR1,X,-183.925,-184.000,0.076,,,,From 4 Pts On PL_FIXTURE
Circle,CIR1,Z,40.017,40.000,0.017,,,,
Pos. Tol.,POS_1,PTOL,0.155,0.000,0.155,0.000,1.000,,CIR1/NOMINAL - CS_ABC - C-Zone - XZ - Nominal
Circle,CIR2,X,0.193,0.000,0.193,,,,From 4 Pts On PL_FIXTURE
Circle,CIR2,Z,32.777,33.000,-0.222,,,,
Pos. Tol.,POS_2,PTOL,0.589,0.000,0.589,0.000,1.000,,CIR2/NOMINAL - CS_ABC - C-Zone - XZ - Nominal
Circle,CIR3,X,189.686,189.500,0.186,,,,From 4 Pts On PL_FIXTURE
Circle,CIR3,Z,31.810,32.000,-0.189,,,,
Pos. Tol.,POS_3,PTOL,0.531,0.000,0.531,0.000,1.000,,CIR3/NOMINAL - CS_ABC - C-Zone - XZ - Nominal
Circle,CIR4,X,96.152,96.000,0.152,,,,From 4 Pts On PL_FIXTURE
Circle,CIR4,Z,0.210,-0.000,0.210,,,,
Pos. Tol.,POS_4,PTOL,0.519,0.000,0.519,0.000,1.000,,CIR4/NOMINAL - CS_ABC - C-Zone - XZ - Nominal
Circle,CIR5,X,-95.884,-96.000,0.115,,,,From 4 Pts On PL_FIXTURE
Circle,CIR5,Z,0.183,-0.000,0.183,,,,
Pos. Tol.,POS_5,PTOL,0.433,0.000,0.433,0.000,1.000,,CIR5/NOMINAL - CS_ABC - C-Zone - XZ - Nominal
Distance,WIDTH_TB1,D1,3.120,3.000,0.120,-0.150,0.150,,P0W2.5_1.1 - PIW2.5_1.1 / CS_A_18
Distance,WIDTH_TB2,D1,2.991,3.000,-0.009,-0.150,0.150,,P0W2.5_1.2 - PIW2.5_1.2 / CS_A_18
Distance,WIDTH_TB3,D1,3.027,3.000,0.027,-0.150,0.150,,P0W2.5_1.3 - PIW2.5_1.3 / CS_A_18
Distance,WIDTH_TB4,D1,3.035,3.000,0.035,-0.150,0.150,,P0W2.5_1.4 - PIW2.5_1.4 / CS_A_18
Distance,WIDTH_TB5,D1,3.061,3.000,0.061,-0.150,0.150,,P0W2.5_1.5 - PIW2.5_1.5 / CS_A_18
Distance,WIDTH_TB6,D1,2.960,3.000,-0.040,-0.150,0.150,,P0W2.5_1.6 - PIW2.5_1.6 / CS_A_18
Distance,WIDTH_TB7,D1,3.007,3.000,0.007,-0.150,0.150,,P0W2.5_1.7 - PIW2.5_1.7 / CS_A_18
Distance,WIDTH_TB8,D1,3.003,3.000,0.003,-0.150,0.150,,P0W2.5_1.8 - PIW2.5_1.8 / CS_A_18
Distance,WIDTH_TB9,D1,2.994,3.000,-0.006,-0.150,0.150,,P0W2.5_1.9 - PIW2.5_1.9 / CS_A_18
Distance,WIDTH_TB10,D1,3.023,3.000,0.023,-0.150,0.150,,P0W2.5_1.10 - PIW2.5_1.10 / CS_A_18
Distance,WIDTH_TB11,D1,3.014,3.000,0.014,-0.150,0.150,,P0W2.5_1.11 - PIW2.5_1.11 / CS_A_18
Distance,WIDTH_TB12,D1,3.067,3.000,0.067,-0.150,0.150,,P0W2.5_1.12 - PIW2.5_1.12 / CS_A_18
Distance,WIDTH_TB13,D1,3.061,3.000,0.061,-0.150,0.150,,P0W2.5_1.13 - PIW2.5_1.13 / CS_A_18
Distance,WIDTH_TB14,D1,3.047,3.000,0.047,-0.150,0.150,,P0W2.5_1.14 - PIW2.5_1.14 / CS_A_18
Distance,WIDTH_TB15,D1,3.045,3.000,0.045,-0.150,0.150,,P0W2.5_1.15 - PIW2.5_1.15 / CS_A_18
Distance,DEPTH_TB1,D1,4.542,4.500,0.042,-0.250,0.250,,PTB_BOT_1.1 - PL_D / CS_A_18
Distance,DEPTH_TB2,D1,4.507,4.500,0.007,-0.250,0.250,,PTB_BOT_1.2 - PL_D / CS_A_18
Distance,DEPTH_TB3,D1,4.431,4.500,-0.069,-0.250,0.250,,PTB_BOT_1.3 - PL_D / CS_A_18
Distance,DEPTH_TB4,D1,4.476,4.500,-0.024,-0.250,0.250,,PTB_BOT_1.4 - PL_D / CS_A_18
Distance,DEPTH_TB5,D1,4.501,4.500,0.001,-0.250,0.250,,PTB_BOT_1.5 - PL_D / CS_A_18
Distance,DEPTH_TB6,D1,4.473,4.500,-0.027,-0.250,0.250,,PTB_BOT_1.6 - PL_D / CS_A_18
Distance,DEPTH_TB7,D1,4.368,4.500,-0.132,-0.250,0.250,,PTB_BOT_1.7 - PL_D / CS_A_18
Distance,DEPTH_TB8,D1,4.256,4.500,-0.244,-0.250,0.250,,PTB_BOT_1.8 - PL_D / CS_A_18
Distance,DEPTH_TB9,D1,4.207,4.500,-0.293,-0.250,0.250,-0.043,PTB_BOT_1.9 - PL_D / CS_A_18
Distance,DEPTH_TB10,D1,4.278,4.500,-0.222,-0.250,0.250,,PTB_BOT_1.10 - PL_D / CS_A_18
Distance,DEPTH_TB11,D1,4.348,4.500,-0.152,-0.250,0.250,,PTB_BOT_1.11 - PL_D / CS_A_18
Distance,DEPTH_TB12,D1,4.452,4.500,-0.048,-0.250,0.250,,PTB_BOT_1.12 - PL_D / CS_A_18
Distance,DEPTH_TB13,D1,4.492,4.500,-0.008,-0.250,0.250,,PTB_BOT_1.13 - PL_D / CS_A_18
Distance,DEPTH_TB14,D1,4.504,4.500,0.004,-0.250,0.250,,PTB_BOT_1.14 - PL_D / CS_A_18
Distance,DEPTH_TB15,D1,4.567,4.500,0.067,-0.250,0.250,,PTB_BOT_1.15 - PL_D / CS_A_18
Circle,CIR_B,DIAM,7.774,7.800,-0.026,-0.100,0.100,,Criterion : Least Square (From 16 Pts On PL_FIXTURE) 
Circle,CIR_B,X,0.000,0.000,0.000,,,,
Circle,CIR_B,Z,0.000,0.000,0.000,,,,
Circle,CIR_A,DIAM,65.209,65.000,0.209,-0.500,0.500,,Criterion : Least Square (From 12 Pts On PL_D) 
Circle,CIR_A,X,-0.031,-0.000,-0.031,,,,
Circle,CIR_A,Y,133.838,133.293,0.544,,,,
Circle,CIR_A,Z,195.217,195.188,0.029,,,,
Circle,CIR_18,X,32.534,32.500,0.034,,,,Criterion : Least Square (From 6 Pts On PL_INS_18) 
Circle,CIR_18,Y,165.930,165.616,0.315,,,,
Circle,CIR_18,Z,198.575,198.583,-0.008,,,,
Circle,CIR_19,X,32.424,32.500,-0.076,,,,Criterion : Least Square (From 6 Pts On PL_INS_19) 
Circle,CIR_19,Y,101.435,101.325,0.110,,,,
Circle,CIR_19,Z,192.160,191.830,0.330,,,,
Circle,CIR_16,X,-32.736,-32.500,-0.236,,,,Criterion : Least Square (From 6 Pts On PL_INS_16) 
Circle,CIR_16,Y,101.757,101.325,0.431,,,,
Circle,CIR_16,Z,192.029,191.830,0.199,,,,
Circle,CIR_17,X,-32.762,-32.500,-0.262,,,,Criterion : Least Square (From 6 Pts On PL_INS_17) 
Circle,CIR_17,Y,166.532,165.615,0.916,,,,
Circle,CIR_17,Z,198.132,198.583,-0.451,,,,
Circle,CIR_8,DIAM,9.491,9.500,-0.009,-0.070,0.050,,Inters. PL_PLAST_8 - CYL_8.
Circle,CIR_8,Y,136.925,136.940,-0.015,,,,
Circle,CIR_8,Z,155.939,156.400,-0.461,,,,
Circle,CIR_7,DIAM,14.713,14.700,0.013,-0.050,0.050,,Criterion : Least Square (From 24 Pts On PL_PLAST_7) 
Circle,CIR_7,X,-0.205,-0.000,-0.205,,,,
Circle,CIR_7,Y,75.881,75.110,0.771,,,,
Circle,CIR_7,Z,156.215,155.070,1.145,,,,
Circle,CIR_6,DIAM,24.574,24.500,0.074,-0.100,0.100,,Criterion : Least Square (From 24 Pts On PL_PLAST_6_11_12) 
Circle,CIR_6,X,114.470,113.730,0.740,,,,
Circle,CIR_6,Z,134.714,134.240,0.474,,,,
Circle,CIR_11,DIAM,6.696,6.700,-0.004,-0.100,0.100,,Criterion : Least Square (From 8 Pts On PL_PLAST_6_11_12) 
Circle,CIR_11,X,124.665,124.270,0.395,,,,
Circle,CIR_11,Z,110.924,110.660,0.264,,,,
Circle,CIR_9,DIAM,6.665,6.700,-0.035,-0.100,0.100,,Criterion : Least Square (From 8 Pts On PL_PLAST_9_10) 
Circle,CIR_9,X,-100.184,-99.660,-0.524,,,,
Circle,CIR_9,Z,121.594,120.900,0.694,,,,
Circle,CIR_14,DIAM,12.120,12.050,0.070,-0.080,0.080,,Criterion : Least Square (From 20 Pts On PL_DATUM_J) 
Circle,CIR_14,X,-69.587,-69.900,0.314,,,,
Circle,CIR_14,Z,87.616,88.150,-0.535,,,,
Circle,CIR_24,DIAM,6.680,6.600,0.080,-0.200,0.400,,Criterion : Least Square (From 10 Pts On PL_PLAST_24) 
Circle,CIR_24,X,44.811,44.500,0.311,,,,
Circle,CIR_24,Z,126.737,126.700,0.037,,,,
Circle,CIR_13,DIAM,19.746,19.740,0.006,-0.050,0.050,,Criterion : Least Square (From 12 Pts On PL_PLAST_13) 
Circle,CIR_13,X,186.251,186.260,-0.009,,,,
Circle,CIR_13,Y,124.958,126.110,-1.152,,,,
Circle,CIR_13,Z,56.330,56.400,-0.070,,,,
Circle,CIR_13,F.F.,0.110,,0.110,,,,
Circle,2D_CIR_15,DIAM,5.020,5.000,0.020,-0.100,0.100,,
Circle,2D_CIR_15,X,3.152,3.040,0.112,,,,
Circle,2D_CIR_15,Z,17.235,17.250,-0.015,,,,
Circle,2D_CIR_22,DIAM,5.021,5.000,0.021,-0.100,0.100,,
Circle,2D_CIR_22,X,-4.860,-4.840,-0.020,,,,
Circle,2D_CIR_22,Z,19.388,19.410,-0.022,,,,
Circle,2D_CIR_18,X,32.531,32.500,0.031,,,,
Circle,2D_CIR_18,Y,32.324,32.500,-0.176,,,,
Circle,2D_CIR_19,X,32.657,32.500,0.157,,,,
Circle,2D_CIR_19,Y,-32.489,-32.500,0.011,,,,
Circle,2D_CIR_16,X,-32.504,-32.500,-0.004,,,,
Circle,2D_CIR_16,Y,-32.418,-32.500,0.082,,,,
Circle,2D_CIR_17,X,-32.768,-32.500,-0.268,,,,
Circle,2D_CIR_17,Y,32.643,32.500,0.143,,,,
Distance,OP1_WIDTH_1,D1,3.093,2.930,0.163,-0.200,0.200,,OP1_P3 - OP1_P7 / OP1_CS
Distance,OP1_WIDTH_2,D1,2.935,2.930,0.005,-0.200,0.200,,OP1_P11 - OP1_P15 / OP1_CS
Distance,OP1_WIDTH_3,D1,2.917,2.930,-0.013,-0.200,0.200,,OP1_P19 - OP1_P23 / OP1_CS
Distance,OP1_WIDTH_4,D1,2.832,2.930,-0.098,-0.200,0.200,,OP1_P27 - OP1_P31 / OP1_CS
Distance,OP1_WIDTH_5,D1,2.982,2.930,0.052,-0.200,0.200,,OP1_P35 - OP1_P39 / OP1_CS
Distance,OP1_WIDTH_6,D1,2.977,2.930,0.047,-0.200,0.200,,OP1_P42 - OP1_P46 / OP1_CS
Distance,OP1_DEPTH_1,Y,4.618,4.500,0.118,-0.250,0.250,,OP1_P5 - PL_FIXTURE / OP1_CS
Distance,OP1_DEPTH_2,Y,4.589,4.500,0.089,-0.250,0.250,,OP1_P13 - PL_FIXTURE / OP1_CS
Distance,OP1_DEPTH_3,Y,4.485,4.500,-0.015,-0.250,0.250,,OP1_P21 - PL_FIXTURE / OP1_CS
Distance,OP1_DEPTH_4,Y,4.664,4.500,0.164,-0.250,0.250,,OP1_P29 - PL_FIXTURE / OP1_CS
Distance,OP1_DEPTH_5,Y,4.548,4.500,0.048,-0.250,0.250,,OP1_P37 - PL_FIXTURE / OP1_CS
Distance,OP1_DEPTH_6,Y,4.534,4.500,0.034,-0.250,0.250,,OP1_P44 - PL_FIXTURE / OP1_CS
Distance,OP2_WIDTH_1,D1,3.070,2.930,0.140,-0.200,0.200,,OP2_P3 - OP2_P7 / OP2_CS
Distance,OP2_WIDTH_2,D1,2.994,2.930,0.064,-0.200,0.200,,OP2_P11 - OP2_P15 / OP2_CS
Distance,OP2_WIDTH_3,D1,3.011,2.930,0.081,-0.200,0.200,,OP2_P19 - OP2_P23 / OP2_CS
Distance,OP2_WIDTH_4,D1,3.005,2.930,0.075,-0.200,0.200,,OP2_P27 - OP2_P31 / OP2_CS
Distance,OP2_WIDTH_5,D1,3.011,2.930,0.081,-0.200,0.200,,OP2_P35 - OP2_P39 / OP2_CS
Distance,OP2_WIDTH_6,D1,2.921,2.930,-0.009,-0.200,0.200,,OP2_P42 - OP2_P46 / OP2_CS
Distance,OP2_DEPTH_1,Y,4.623,4.500,0.123,-0.250,0.250,,OP2_P5 - PL_FIXTURE / OP2_CS
Distance,OP2_DEPTH_2,Y,4.489,4.500,-0.011,-0.250,0.250,,OP2_P13 - PL_FIXTURE / OP2_CS
Distance,OP2_DEPTH_3,Y,4.501,4.500,0.001,-0.250,0.250,,OP2_P21 - PL_FIXTURE / OP2_CS
Distance,OP2_DEPTH_4,Y,4.557,4.500,0.057,-0.250,0.250,,OP2_P29 - PL_FIXTURE / OP2_CS
Distance,OP2_DEPTH_5,Y,4.556,4.500,0.056,-0.250,0.250,,OP2_P37 - PL_FIXTURE / OP2_CS
Distance,OP2_DEPTH_6,Y,4.604,4.500,0.104,-0.250,0.250,,OP2_P44 - PL_FIXTURE / OP2_CS
Distance,OP3_WIDTH_1,D1,3.016,2.930,0.086,-0.200,0.200,,OP3_P3 - OP3_P7 / OP3_CS
Distance,OP3_WIDTH_2,D1,2.963,2.930,0.033,-0.200,0.200,,OP3_P11 - OP3_P15 / OP3_CS
Distance,OP3_WIDTH_3,D1,2.942,2.930,0.012,-0.200,0.200,,OP3_P19 - OP3_P23 / OP3_CS
Distance,OP3_WIDTH_4,D1,2.943,2.930,0.013,-0.200,0.200,,OP3_P27 - OP3_P31 / OP3_CS
Distance,OP3_WIDTH_5,D1,3.005,2.930,0.075,-0.200,0.200,,OP3_P35 - OP3_P39 / OP3_CS
Distance,OP3_WIDTH_6,D1,2.977,2.930,0.047,-0.200,0.200,,OP3_P42 - OP3_P46 / OP3_CS
Distance,OP3_DEPTH_1,Y,4.623,4.500,0.123,-0.250,0.250,,OP3_P5 - PL_FIXTURE / OP3_CS
Distance,OP3_DEPTH_2,Y,4.475,4.500,-0.025,-0.250,0.250,,OP3_P13 - PL_FIXTURE / OP3_CS
Distance,OP3_DEPTH_3,Y,4.447,4.500,-0.053,-0.250,0.250,,OP3_P21 - PL_FIXTURE / OP3_CS
Distance,OP3_DEPTH_4,Y,4.622,4.500,0.122,-0.250,0.250,,OP3_P29 - PL_FIXTURE / OP3_CS
Distance,OP3_DEPTH_5,Y,4.559,4.500,0.059,-0.250,0.250,,OP3_P37 - PL_FIXTURE / OP3_CS
Distance,OP3_DEPTH_6,Y,4.581,4.500,0.081,-0.250,0.250,,OP3_P44 - PL_FIXTURE / OP3_CS
Distance,OP4_WIDTH_1,D1,3.008,2.930,0.078,-0.200,0.200,,OP4_P3 - OP4_P7 / OP4_CS
Distance,OP4_WIDTH_2,D1,2.904,2.930,-0.026,-0.200,0.200,,OP4_P11 - OP4_P15 / OP4_CS
Distance,OP4_WIDTH_3,D1,2.905,2.930,-0.025,-0.200,0.200,,OP4_P19 - OP4_P23 / OP4_CS
Distance,OP4_WIDTH_4,D1,3.049,2.930,0.119,-0.200,0.200,,OP4_P27 - OP4_P31 / OP4_CS
Distance,OP4_WIDTH_5,D1,3.014,2.930,0.084,-0.200,0.200,,OP4_P35 - OP4_P39 / OP4_CS
Distance,OP4_WIDTH_6,D1,3.009,2.930,0.079,-0.200,0.200,,OP4_P42 - OP4_P46 / OP4_CS
Distance,OP4_DEPTH_1,Y,4.520,4.500,0.020,-0.250,0.250,,OP4_P5 - PL_FIXTURE / OP4_CS
Distance,OP4_DEPTH_2,Y,4.412,4.500,-0.088,-0.250,0.250,,OP4_P13 - PL_FIXTURE / OP4_CS
Distance,OP4_DEPTH_3,Y,4.516,4.500,0.016,-0.250,0.250,,OP4_P21 - PL_FIXTURE / OP4_CS
Distance,OP4_DEPTH_4,Y,4.622,4.500,0.122,-0.250,0.250,,OP4_P29 - PL_FIXTURE / OP4_CS
Distance,OP4_DEPTH_5,Y,4.544,4.500,0.044,-0.250,0.250,,OP4_P37 - PL_FIXTURE / OP4_CS
Distance,OP4_DEPTH_6,Y,4.559,4.500,0.059,-0.250,0.250,,OP4_P44 - PL_FIXTURE / OP4_CS
Distance,WIDTH_C,D1,7.407,7.200,0.207,-0.500,0.500,,SRF_C_TOP - SRF_C_DOWN / CS_ABC
Distance,PROF_6,D1,90.981,92.400,-1.419,-2.000,2.000,,CIR_6 - PL_FIXTURE / CS_ABC
Distance,PROF_8,X,-84.172,-84.800,0.628,-2.000,2.000,,CIR_8 - ORIGIN / CS_ABC
Distance,PROF_14,D1,173.412,173.830,-0.418,-1.500,1.500,,CIR_14 - PL_FIXTURE / CS_ABC
Distance,H_18,Z,0.242,0.000,0.242,0.000,0.500,,CIR_18 - PL_PLAST_18 / CS_DE_BF
Distance,H_19,Z,0.196,-0.000,0.196,0.000,0.500,,CIR_19 - PL_PLAST_19 / CS_DE_BF
Distance,H_16,Z,0.180,-0.000,0.180,0.000,0.500,,CIR_16 - PL_PLAST_16 / CS_DE_BF
Distance,H_17,Z,0.200,0.000,0.200,0.000,0.500,,CIR_17 - PL_PLAST_17 / CS_DE_BF
Distance,PROF_24,D1,174.458,174.700,-0.242,-2.000,2.000,,CIR_24 - PL_FIXTURE / CS_ABC
Point,PNT_C_PRJ_FIXT,X,185.141,185.000,0.141,,,,Proj. PNT_MID_C / PL_FIXTURE.
Sphere,SPHERE_27,X,209.882,209.870,0.012,,,,From 21 Features
Sphere,SPHERE_27,Y,117.912,118.660,-0.748,,,,
Sphere,SPHERE_27,Z,-28.949,-29.080,0.131,,,,
Sphere,SPHERE_28,X,-194.030,-194.800,0.770,,,,From 26 Features
Sphere,SPHERE_28,Y,73.968,74.950,-0.982,,,,
Sphere,SPHERE_28,Z,-45.831,-44.600,-1.231,,,,
Pos. Tol.,POS_B,PTOL,0.000,0.000,0.000,0.000,0.300,,CIR_B/NOMINAL - CS_ABC - C-Zone - XZ - Nominal
Pos. Tol.,POS_C,PTOL,0.281,0.000,0.281,0.000,0.500,,PNT_C_PRJ_FIXT/NOMINAL - CS_ABC - P-Zone - X - Nominal
Pos. Tol.,POS_6,PTOL,1.757,0.000,1.757,0.000,3.000,,CIR_6/NOMINAL - CS_ABC - C-Zone - XZ - Nominal
Pos. Tol.,POS_7,PTOL,2.790,0.000,2.790,0.000,3.000,,CIR_7/NOMINAL - CS_ABC - C-Zone - XYZ - Nominal
Pos. Tol.,POS_8,PTOL,0.922,0.000,0.922,0.000,3.000,,CIR_8/NOMINAL - CS_ABC - C-Zone - YZ - Nominal
Pos. Tol.,POS_9,PTOL,1.740,0.000,1.740,0.000,3.000,,CIR_9/NOMINAL - CS_ABC - C-Zone - XZ - Nominal
Pos. Tol.,POS_2D_10,PTOL,0.060,0.000,0.060,0.000,0.500,,SLOT_10/NOMINAL - CS_G - C-Zone - XZ - Nominal
Pos. Tol.,POS_11,PTOL,0.950,0.000,0.950,0.000,3.000,,CIR_11/NOMINAL - CS_ABC - C-Zone - XZ - Nominal
Pos. Tol.,POS_13,PTOL,2.308,0.000,2.308,0.000,3.000,,CIR_13/NOMINAL - CS_ABC - C-Zone - XYZ - Nominal
Pos. Tol.,POS_14,PTOL,1.240,0.000,1.240,0.000,3.000,,CIR_14/NOMINAL - CS_ABC - C-Zone - XZ - Nominal
Pos. Tol.,POS_A,PTOL,1.092,0.000,1.092,0.000,3.000,,CIR_A/NOMINAL - CS_ABC - C-Zone - XYZ - Nominal
Pos. Tol.,POS_16,PTOL,1.061,0.000,1.061,0.000,3.000,,CIR_16/NOMINAL - CS_ABC - C-Zone - XYZ - Nominal
Pos. Tol.,POS_17,PTOL,2.109,0.000,2.109,0.000,3.000,,CIR_17/NOMINAL - CS_ABC - C-Zone - XYZ - Nominal
Pos. Tol.,POS_18,PTOL,0.633,0.000,0.633,0.000,3.000,,CIR_18/NOMINAL - CS_ABC - C-Zone - XYZ - Nominal
Pos. Tol.,POS_19,PTOL,0.711,0.000,0.711,0.000,3.000,,CIR_19/NOMINAL - CS_ABC - C-Zone - XYZ - Nominal
Pos. Tol.,POS_2D_16,PTOL,0.164,0.000,0.164,0.000,0.500,,2D_CIR_16/NOMINAL - CS_DE_BF - C-Zone - XY - Nominal
Pos. Tol.,POS_2D_17,PTOL,0.607,0.000,0.607,0.000,0.500,0.107,2D_CIR_17/NOMINAL - CS_DE_BF - C-Zone - XY - Nominal
Pos. Tol.,POS_2D_18,PTOL,0.357,0.000,0.357,0.000,0.500,,2D_CIR_18/NOMINAL - CS_DE_BF - C-Zone - XY - Nominal
Pos. Tol.,POS_2D_19,PTOL,0.314,0.000,0.314,0.000,0.500,,2D_CIR_19/NOMINAL - CS_DE_BF - C-Zone - XY - Nominal
Flatness,FLATNESS_D,FLTN,0.394,0.000,0.394,0.000,1.000,,PL_D
Pos. Tol.,POS_24,PTOL,0.626,0.000,0.626,0.000,3.000,,CIR_24/NOMINAL - CS_ABC - C-Zone - XZ - Nominal
Pos. Tol.,POS_27,PTOL,1.518,0.000,1.518,0.000,3.000,,SPHERE_27/NOMINAL - CS_ABC - C-Zone - XYZ - Nominal
Pos. Tol.,POS_28,PTOL,3.506,0.000,3.506,0.000,3.500,0.006,SPHERE_28/NOMINAL - CS_ABC - C-Zone - XYZ - Nominal
Pos. Tol.,POS_2D_12,PTOL,0.089,0.000,0.089,0.000,0.500,,2D_SLOT_12/NOMINAL - CS_H - C-Zone - XZ - Nominal
Pos. Tol.,POS_2D_15,PTOL,0.227,0.000,0.227,0.000,0.500,,2D_CIR_15/NOMINAL - CS_JF_BF - C-Zone - XZ - Nominal
Pos. Tol.,POS_2D_22,PTOL,0.059,0.000,0.059,0.000,0.500,,2D_CIR_22/NOMINAL - CS_JF_BF - C-Zone - XZ - Nominal
Slot,SLOT_10,LEN,6.478,6.500,-0.022,-0.100,0.100,,Criterion : Least Square (From 24 Pts On PL_PLAST_9_10) 
Slot,SLOT_10,WID,5.705,5.700,0.005,-0.100,0.100,,
Slot,SLOT_10,X,12.870,12.900,-0.030,,,,
Slot,SLOT_10,Z,0.000,0.000,0.000,,,,
Slot,2D_SLOT_12,LEN,6.420,6.500,-0.080,-0.100,0.100,,
Slot,2D_SLOT_12,WID,5.652,5.700,-0.048,-0.100,0.100,,
Slot,2D_SLOT_12,X,-12.856,-12.900,0.044,,,,
Slot,2D_SLOT_12,Z,-0.000,0.000,-0.000,,,,
