Feat. Type,Feat. Name,Value,Actual,Nominal,Dev.,Tol-,Tol+,Out of Tol.,Comment
Text/Value,VAR_PROGRAM,VAL,,,,,,,'N:\Metrolog XG\Programmes\V10 6.8L Triton\V10 6.8L Triton Complete Module 51.gm2'
Text/Value,VAR_EVENEMENT,VAL,,,,,,,'DEM 303 C'
Text/Value,VAR_COMMENTAIRES,VAL,,,,,,,'304 A'
Circle,CIR_1,DIAM,8.079,8.000,0.079,-0.100,0.100,,Criterion : Least Square (From 6 Pts On PL_FIXTURE) 
Circle,CIR_1,X,0.291,0.000,0.291,,,,
Circle,CIR_1,Y,-0.132,0.000,-0.132,,,,
Circle,CIR_2,DIAM,7.971,8.000,-0.029,-0.100,0.100,,Criterion : Least Square (From 6 Pts On PL_FIXTURE) 
Circle,CIR_2,X,-27.883,-28.000,0.117,,,,
Circle,CIR_2,Y,-100.035,-100.000,-0.035,,,,
Circle,CIR_3,DIAM,8.024,8.000,0.024,-0.100,0.100,,Criterion : Least Square (From 6 Pts On PL_FIXTURE) 
Circle,CIR_3,X,0.090,0.000,0.090,,,,
Circle,CIR_3,Y,-200.021,-200.000,-0.021,,,,
Circle,CIR_4,DIAM,7.990,8.000,-0.010,-0.100,0.100,,Criterion : Least Square (From 6 Pts On PL_FIXTURE) 
Circle,CIR_4,X,-27.941,-28.000,0.059,,,,
Circle,CIR_4,Y,-300.024,-300.000,-0.024,,,,
Circle,CIR_5,DIAM,8.032,8.000,0.032,-0.100,0.100,,Criterion : Least Square (From 6 Pts On PL_FIXTURE) 
Circle,CIR_5,X,0.187,0.000,0.187,,,,
Circle,CIR_5,Y,-399.978,-400.000,0.022,,,,
Circle,CIR_6,DIAM,8.032,8.000,0.032,-0.100,0.100,,Criterion : Least Square (From 6 Pts On PL_FIXTURE) 
Circle,CIR_6,X,-25.741,-26.000,0.259,,,,
Circle,CIR_6,Y,-498.534,-498.400,-0.134,,,,
Circle,CIR_7,DIAM,8.043,8.000,0.043,-0.100,0.100,,Criterion : Least Square (From 6 Pts On PL_FIXTURE) 
Circle,CIR_7,X,-362.909,-362.900,-0.009,,,,
Circle,CIR_7,Y,-525.202,-525.100,-0.102,,,,
Circle,CIR_8,DIAM,8.070,8.000,0.070,-0.100,0.100,,Criterion : Least Square (From 6 Pts On PL_FIXTURE) 
Circle,CIR_8,X,-390.777,-390.565,-0.212,,,,
Circle,CIR_8,Y,-423.803,-424.000,0.197,,,,
Circle,CIR_9,DIAM,8.037,8.000,0.037,-0.100,0.100,,Criterion : Least Square (From 6 Pts On PL_FIXTURE) 
Circle,CIR_9,X,-362.406,-362.600,0.194,,,,
Circle,CIR_9,Y,-323.847,-324.000,0.153,,,,
Circle,CIR_10,DIAM,8.003,8.000,0.003,-0.100,0.100,,Criterion : Least Square (From 6 Pts On PL_FIXTURE) 
Circle,CIR_10,X,-390.839,-390.600,-0.239,,,,
Circle,CIR_10,Y,-223.947,-224.000,0.053,,,,
Circle,CIR_11,DIAM,8.077,8.000,0.077,-0.100,0.100,,Criterion : Least Square (From 6 Pts On PL_FIXTURE) 
Circle,CIR_11,X,-362.902,-362.600,-0.302,,,,
Circle,CIR_11,Y,-125.476,-125.600,0.124,,,,
Circle,CIR_12,DIAM,8.035,8.000,0.035,-0.100,0.100,,Criterion : Least Square (From 6 Pts On PL_FIXTURE) 
Circle,CIR_12,X,-391.034,-390.600,-0.434,,,,
Circle,CIR_12,Y,-25.700,-25.600,-0.100,,,,
Pos. Tol.,POS_1,PTOL,0.639,0.000,0.639,0.179,1.379,,CIR_1(M)/NOMINAL - CS_ABC_BF - C-Zone - XY - Nominal
Pos. Tol.,POS_2,PTOL,0.244,0.000,0.244,0.071,1.271,,CIR_2(M)/NOMINAL - CS_ABC_BF - C-Zone - XY - Nominal
Pos. Tol.,POS_3,PTOL,0.184,0.000,0.184,0.124,1.324,,CIR_3(M)/NOMINAL - CS_ABC_BF - C-Zone - XY - Nominal
Pos. Tol.,POS_4,PTOL,0.127,0.000,0.127,0.090,1.290,,CIR_4(M)/NOMINAL - CS_ABC_BF - C-Zone - XY - Nominal
Pos. Tol.,POS_5,PTOL,0.376,0.000,0.376,0.132,1.332,,CIR_5(M)/NOMINAL - CS_ABC_BF - C-Zone - XY - Nominal
Pos. Tol.,POS_6,PTOL,0.583,0.000,0.583,0.132,1.332,,CIR_6(M)/NOMINAL - CS_ABC_BF - C-Zone - XY - Nominal
Pos. Tol.,POS_7,PTOL,0.205,0.000,0.205,0.143,1.343,,CIR_7(M)/NOMINAL - CS_ABC_BF - C-Zone - XY - Nominal
Pos. Tol.,POS_8,PTOL,0.580,0.000,0.580,0.170,1.370,,CIR_8(M)/NOMINAL - CS_ABC_BF - C-Zone - XY - Nominal
Pos. Tol.,POS_9,PTOL,0.494,0.000,0.494,0.137,1.337,,CIR_9(M)/NOMINAL - CS_ABC_BF - C-Zone - XY - Nominal
Pos. Tol.,POS_10,PTOL,0.490,0.000,0.490,0.103,1.303,,CIR_10(M)/NOMINAL - CS_ABC_BF - C-Zone - XY - Nominal
Pos. Tol.,POS_11,PTOL,0.652,0.000,0.652,0.177,1.377,,CIR_11(M)/NOMINAL - CS_ABC_BF - C-Zone - XY - Nominal
Pos. Tol.,POS_12,PTOL,0.891,0.000,0.891,0.135,1.335,,CIR_12(M)/NOMINAL - CS_ABC_BF - C-Zone - XY - Nominal
Pos. Tol.,POS_13,PTOL,0.371,0.000,0.371,0.029,0.829,,PNT_INJ_13(M)/NOMINAL(M) - CS_A_12_8_BF - C-Zone - XY - Nominal
Pos. Tol.,POS_14,PTOL,0.401,0.000,0.401,0.171,0.971,,PNT_INJ_14(M)/NOMINAL(M) - CS_A_12_8_BF - C-Zone - XY - Nominal
Pos. Tol.,POS_15,PTOL,0.477,0.000,0.477,0.123,0.923,,PNT_INJ_15(M)/NOMINAL(M) - CS_A_12_8_BF - C-Zone - XY - Nominal
Pos. Tol.,POS_16,PTOL,0.845,0.000,0.845,0.130,0.930,,PNT_INJ_16(M)/NOMINAL(M) - CS_A_12_8_BF - C-Zone - XY - Nominal
Pos. Tol.,POS_17,PTOL,0.434,0.000,0.434,0.123,0.923,,PNT_INJ_17(M)/NOMINAL(M) - CS_A_12_8_BF - C-Zone - XY - Nominal
Pos. Tol.,POS_18,PTOL,0.522,0.000,0.522,0.107,0.907,,PNT_INJ_18(M)/NOMINAL(M) - CS_AB_BF_1_6 - C-Zone - XY - Nominal
Pos. Tol.,POS_19,PTOL,0.324,0.000,0.324,0.073,0.873,,PNT_INJ_19(M)/NOMINAL(M) - CS_AB_BF_1_6 - C-Zone - XY - Nominal
Pos. Tol.,POS_20,PTOL,0.309,0.000,0.309,0.108,0.908,,PNT_INJ_20(M)/NOMINAL(M) - CS_AB_BF_1_6 - C-Zone - XY - Nominal
Pos. Tol.,POS_21,PTOL,0.484,0.000,0.484,0.115,0.915,,PNT_INJ_21(M)/NOMINAL(M) - CS_AB_BF_1_6 - C-Zone - XY - Nominal
Pos. Tol.,POS_22,PTOL,0.364,0.000,0.364,0.113,0.913,,PNT_INJ_22(M)/NOMINAL(M) - CS_AB_BF_1_6 - C-Zone - XY - Nominal
Pos. Tol.,POS_23,PTOL,0.252,0.000,0.252,0.000,1.200,,CIR_23/NOMINAL - CS_AJ_BF - C-Zone - YZ - Nominal
Pos. Tol.,POS_24,PTOL,0.764,0.000,0.764,0.000,1.200,,CIR_24/NOMINAL - CS_AJ_BF - C-Zone - YZ - Nominal
Pos. Tol.,POS_25,PTOL,0.581,0.000,0.581,0.000,1.200,,CIR_25/NOMINAL - CS_AJ_BF - C-Zone - YZ - Nominal
Pos. Tol.,POS_26,PTOL,0.865,0.000,0.865,0.000,1.200,,CIR_26/NOMINAL - CS_AK_BF - C-Zone - YZ - Nominal
Pos. Tol.,POS_27,PTOL,0.514,0.000,0.514,0.000,1.200,,CIR_27/NOMINAL - CS_AK_BF - C-Zone - YZ - Nominal
Pos. Tol.,POS_28,PTOL,0.780,0.000,0.780,0.000,1.200,,CIR_28/NOMINAL - CS_AK_BF - C-Zone - YZ - Nominal
Pos. Tol.,POS_DATUM_E,PTOL,2.272,0.000,2.272,0.000,5.000,,CIR_29/NOMINAL - CS_ABC_BF - C-Zone - XY - Nominal
Pos. Tol.,POS_DATUM_F,PTOL,2.133,0.000,2.133,0.000,5.000,,PNT_30/NOMINAL - CS_ABC_BF - C-Zone - XY - Nominal
Pos. Tol.,POS_31,PTOL,1.989,0.000,1.989,0.000,5.000,,CIR_31/NOMINAL - CS_ABC_BF - C-Zone - XY - Nominal
Pos. Tol.,POS_32,PTOL,1.982,0.000,1.982,0.000,5.000,,CIR_32/NOMINAL - CS_ABC_BF - C-Zone - XY - Nominal
Pos. Tol.,POS_33,PTOL,2.142,0.000,2.142,0.000,5.000,,CIR_33/NOMINAL - CS_ABC_BF - C-Zone - XY - Nominal
Pos. Tol.,POS_34,PTOL,2.156,0.000,2.156,0.000,5.000,,CIR_34/NOMINAL - CS_ABC_BF - C-Zone - XY - Nominal
Pos. Tol.,POS_35,PTOL,0.881,0.000,0.881,0.000,5.000,,CIR_35/NOMINAL - CS_ABC_BF - C-Zone - XY - Nominal
Pos. Tol.,POS_36,PTOL,0.759,0.000,0.759,0.000,5.000,,CIR_36/NOMINAL - CS_ABC_BF - C-Zone - XY - Nominal
Pos. Tol.,POS_2D_31,PTOL,0.414,0.000,0.414,0.000,0.800,,2D_CIR_31/NOMINAL - CS_DEF_BF_ALL - C-Zone - XY - Nominal
Pos. Tol.,POS_2D_32,PTOL,0.229,0.000,0.229,0.000,0.800,,2D_CIR_32/NOMINAL - CS_DEF_BF_ALL - C-Zone - XY - Nominal
Pos. Tol.,POS_2D_33,PTOL,0.368,0.000,0.368,0.000,0.800,,2D_CIR_33/NOMINAL - CS_DEF_BF_ALL - C-Zone - XY - Nominal
Pos. Tol.,POS_2D_34,PTOL,0.220,0.000,0.220,0.000,0.800,,2D_CIR_34/NOMINAL - CS_DEF_BF_ALL - C-Zone - XY - Nominal
Pos. Tol.,POS_2D_35,PTOL,0.829,0.000,0.829,0.000,0.800,0.029,2D_CIR_35/NOMINAL - CS_DEF_BF_ALL - C-Zone - XY - Nominal
Pos. Tol.,POS_2D_36,PTOL,0.597,0.000,0.597,0.000,0.800,,Modifier Tolerance a 1.2 selon derogation D10-0102
Pos. Tol.,POS_42,PTOL,0.858,0.000,0.858,0.000,5.000,,CIR_42/NOMINAL - CS_ABC_BF - C-Zone - XY - Nominal
Pos. Tol.,POS_44,PTOL,2.250,0.000,2.250,0.000,5.000,,CIR_44/NOMINAL - CS_ABC_BF - C-Zone - XY - Nominal
Pos. Tol.,POS_62,PTOL,1.540,0.000,1.540,0.000,5.000,,CIR_62/NOMINAL - CS_ABC_BF - C-Zone - XY - Nominal
Circle,CIR_GAGE_INJ_13,DIAM,13.929,14.000,-0.071,-0.100,0.100,,Criterion : Least Square (From 10 Pts On AUTO) 
Circle,CIR_GAGE_INJ_14,DIAM,14.071,14.000,0.071,-0.100,0.100,,Criterion : Least Square (From 10 Pts On AUTO) 
Circle,CIR_GAGE_INJ_15,DIAM,14.023,14.000,0.023,-0.100,0.100,,Criterion : Least Square (From 10 Pts On AUTO) 
Circle,CIR_GAGE_INJ_16,DIAM,14.030,14.000,0.030,-0.100,0.100,,Criterion : Least Square (From 10 Pts On AUTO) 
Circle,CIR_GAGE_INJ_17,DIAM,14.023,14.000,0.023,-0.100,0.100,,Criterion : Least Square (From 10 Pts On AUTO) 
Circle,CIR_GAGE_INJ_18,DIAM,14.007,14.000,0.007,-0.100,0.100,,Criterion : Least Square (From 10 Pts On AUTO) 
Circle,CIR_GAGE_INJ_19,DIAM,13.973,14.000,-0.027,-0.100,0.100,,Criterion : Least Square (From 10 Pts On AUTO) 
Circle,CIR_GAGE_INJ_20,DIAM,14.008,14.000,0.008,-0.100,0.100,,Criterion : Least Square (From 10 Pts On AUTO) 
Circle,CIR_GAGE_INJ_21,DIAM,14.015,14.000,0.015,-0.100,0.100,,Criterion : Least Square (From 10 Pts On AUTO) 
Circle,CIR_GAGE_INJ_22,DIAM,14.013,14.000,0.013,-0.100,0.100,,Criterion : Least Square (From 10 Pts On AUTO) 
Circle,CIR_23,X,-12.702,-13.100,0.398,,,,Criterion : Least Square (From 6 Pts On PL_INS_23) 
Circle,CIR_23,Y,149.885,150.000,-0.115,,,,
Circle,CIR_23,Z,54.552,54.500,0.052,,,,
Circle,CIR_25,X,-12.294,-13.100,0.806,,,,Criterion : Least Square (From 6 Pts On PL_INS_25) 
Circle,CIR_25,Y,-249.738,-250.000,0.262,,,,
Circle,CIR_25,Z,54.624,54.500,0.124,,,,
Circle,CIR_24,X,-12.814,-13.100,0.286,,,,Criterion : Least Square (From 6 Pts On PL_INS_24) 
Circle,CIR_24,Y,-49.669,-50.000,0.331,,,,
Circle,CIR_24,Z,54.309,54.500,-0.191,,,,
Circle,CIR_26,X,13.557,13.100,0.457,,,,Criterion : Least Square (From 6 Pts On PL_INS_26) 
Circle,CIR_26,Y,-250.191,-250.000,-0.191,,,,
Circle,CIR_26,Z,54.888,54.500,0.388,,,,
Circle,CIR_27,X,13.338,13.100,0.238,,,,Criterion : Least Square (From 6 Pts On PL_INS_27) 
Circle,CIR_27,Y,-49.744,-50.000,0.256,,,,
Circle,CIR_27,Z,54.477,54.500,-0.023,,,,
Circle,CIR_28,X,13.152,13.100,0.052,,,,Criterion : Least Square (From 6 Pts On PL_INS_28) 
Circle,CIR_28,Y,149.877,150.000,-0.123,,,,
Circle,CIR_28,Z,54.130,54.500,-0.370,,,,
Point,PNT_INJ_13,X,-3.173,-3.300,0.127,,,,Inters. AXIS_INJ_13 - PL_FIXTURE.
Point,PNT_INJ_13,Y,-48.265,-48.400,0.135,,,,
Point,PNT_INJ_14,X,-3.460,-3.300,-0.160,,,,Inters. AXIS_INJ_14 - PL_FIXTURE.
Point,PNT_INJ_14,Y,-148.279,-148.400,0.121,,,,
Point,PNT_INJ_15,X,-3.062,-3.300,0.238,,,,Inters. AXIS_INJ_15 - PL_FIXTURE.
Point,PNT_INJ_15,Y,-248.386,-248.400,0.014,,,,
Point,PNT_INJ_16,X,-3.271,-3.300,0.029,,,,Inters. AXIS_INJ_16 - PL_FIXTURE.
Point,PNT_INJ_16,Y,-347.978,-348.400,0.422,,,,
Point,PNT_INJ_17,X,-3.513,-3.300,-0.213,,,,Inters. AXIS_INJ_17 - PL_FIXTURE.
Point,PNT_INJ_17,Y,-448.439,-448.400,-0.039,,,,
Point,PNT_INJ_18,X,3.558,3.300,0.258,,,,Inters. AXIS_INJ_18 - PL_FIXTURE.
Point,PNT_INJ_18,Y,-449.960,-450.000,0.040,,,,
Point,PNT_INJ_19,X,3.456,3.300,0.156,,,,Inters. AXIS_INJ_19 - PL_FIXTURE.
Point,PNT_INJ_19,Y,-349.956,-350.000,0.044,,,,
Point,PNT_INJ_20,X,3.364,3.300,0.064,,,,Inters. AXIS_INJ_20 - PL_FIXTURE.
Point,PNT_INJ_20,Y,-250.141,-250.000,-0.141,,,,
Point,PNT_INJ_21,X,3.411,3.300,0.111,,,,Inters. AXIS_INJ_21 - PL_FIXTURE.
Point,PNT_INJ_21,Y,-150.215,-150.000,-0.215,,,,
Point,PNT_INJ_22,X,3.461,3.300,0.161,,,,Inters. AXIS_INJ_22 - PL_FIXTURE.
Point,PNT_INJ_22,Y,-49.916,-50.000,0.084,,,,
Distance,H_37,Y,0.105,0.000,0.105,,,,CIR_37 - PL_PLAST_37 / CS_37_38_39_ROT_180
Distance,H_38,Y,0.165,0.000,0.165,,,,CIR_38 - PL_PLAST_38 / CS_37_38_39_ROT_180
Distance,H_39,Y,0.245,0.000,0.245,,,,CIR_39 - PL_PLAST_39 / CS_37_38_39_ROT_180
Distance,H_35,Z,0.339,-0.000,0.339,,,,CIR_35 - PL_PLAST_35 / CS_TEMP_35_SRF
Distance,H_36,Z,0.373,0.000,0.373,,,,CIR_36 - PL_PLAST_36 / CS_TEMP_36_SRF
Distance,PROF_62,Z,154.917,156.000,-1.083,-1.500,1.500,,CIR_62 - PL_FIXTURE / CS_ABC_BF
Distance,H_62,Z,0.116,0.000,0.116,0.000,0.500,,CIR_62 - PL_PLAST_62 / CS_TEMP_62_SRF
Circle,CIR_29,X,-227.337,-226.340,-0.997,,,,Criterion : Least Square (From 4 Pts On PL_DATUM_D) 
Circle,CIR_29,Y,66.247,65.702,0.545,,,,
Point,PNT_30,X,-160.616,-159.800,-0.816,,,,Proj. PNT_MID_30 / PL_DATUM_D.
Point,PNT_30,Y,66.386,65.700,0.686,,,,
Circle,2D_CIR_34,X,-25.867,-25.800,-0.067,,,,
Circle,2D_CIR_34,Y,-3.313,-3.400,0.087,,,,
Circle,2D_CIR_33,X,-41.619,-41.500,-0.119,,,,
Circle,2D_CIR_33,Y,-76.060,-76.200,0.140,,,,
Circle,2D_CIR_32,X,113.734,113.700,0.034,,,,
Circle,2D_CIR_32,Y,-70.091,-70.200,0.109,,,,
Circle,2D_CIR_31,X,94.302,94.200,0.102,,,,
Circle,2D_CIR_31,Y,-3.220,-3.400,0.180,,,,
Circle,2D_CIR_36,X,-57.050,-57.100,0.050,,,,
Circle,2D_CIR_36,Y,-172.194,-171.900,-0.294,,,,
Circle,2D_CIR_35,X,119.452,119.400,0.052,,,,
Circle,2D_CIR_35,Y,-172.811,-172.400,-0.411,,,,
Circle,CIR_42,X,-27.370,-27.063,-0.307,,,,Criterion : Least Square (From 6 Pts On PL_CL_42) 
Circle,CIR_42,Y,-246.701,-247.000,0.299,,,,
Circle,CIR_44,X,-364.284,-363.275,-1.009,,,,Criterion : Least Square (From 6 Pts On PL_CL_44) 
Circle,CIR_44,Y,-366.349,-365.850,-0.499,,,,
Circle,CIR_62,X,-364.033,-363.275,-0.758,,,,Criterion : Least Square (From 6 Pts On PL_INS_62) 
Circle,CIR_62,Y,-180.712,-180.850,0.138,,,,
Circle,CIR_63,X,-364.446,-363.300,-1.146,,,,Criterion : Least Square (From 6 Pts On PL_INS_63) 
Circle,CIR_63,Y,-273.283,-273.600,0.317,,,,
Pos. Tol.,POS_63,PTOL,2.379,0.000,2.379,0.000,5.000,,CIR_63/NOMINAL - CS_ABC_BF - C-Zone - XY - Nominal
Distance,PROF_63,Z,150.782,151.400,-0.618,-1.500,1.500,,CIR_63 - PL_FIXTURE / CS_ABC_BF
Distance,H_63,Z,0.009,0.000,0.009,0.000,0.500,,CIR_63 - PL_PLAST_63 / CS_SRF_TEMP_BF_63
