Feat. Type,Feat. Name,Value,Actual,Nominal,Dev.,Tol-,Tol+,Out of Tol.,Comment
Text/Value,VAR_PROGRAM,VAL,,,,,,,'N:\Metrolog XG\Programmes\Mercury Marine TigerShark\Mercury Marine TigerShark Complete (Module 51).gm2'
Text/Value,VAR_EVENEMENT,VAL,,,,,,,'D�m de 293 C'
Text/Value,VAR_COMMENTAIRES,VAL,,,,,,,'294 A'
Text/Value,PROF_A,VAL,0.322939,,,0.000000,0.500000,,
Circle,CIR_B,DIAM,8.345,8.400,-0.055,-0.100,0.100,,Criterion : Least Square (From 4 Pts On PL_FIXTURE) 
Circle,CIR_B,X,0.000,0.000,0.000,,,,
Circle,CIR_B,Z,0.000,0.000,0.000,,,,
Pos. Tol.,POS_B,PTOL,0.000,0.000,0.000,0.000,0.250,,CIR_B/NOMINAL - CS_ABC - C-Zone - XZ - Nominal
Circle,CIR_C,DIAM,7.825,7.900,-0.075,-0.100,0.100,,Criterion : Least Square (From 4 Pts On PL_FIXTURE) 
Circle,CIR_C,X,0.000,0.000,0.000,,,,
Circle,CIR_C,Z,-362.718,-362.800,0.082,,,,
Pos. Tol.,POS_C,PTOL,0.164,0.000,0.164,0.000,0.500,,CIR_C/NOMINAL - CS_ABC - C-Zone - XZ - Nominal
Circle,CIR1,X,-45.057,-45.500,0.443,,,,From 4 Pts On PL_FIXTURE
Circle,CIR1,Z,4.757,4.600,0.157,,,,
Pos. Tol.,POS_1,PTOL,0.940,0.000,0.940,0.000,1.200,,CIR1/NOMINAL - CS_ABC - C-Zone - XZ - Nominal
Circle,CIR2,X,-44.901,-44.800,-0.101,,,,From 4 Pts On PL_FIXTURE
Circle,CIR2,Z,-89.384,-89.500,0.116,,,,
Pos. Tol.,POS_2,PTOL,0.308,0.000,0.308,0.000,1.200,,CIR2/NOMINAL - CS_ABC - C-Zone - XZ - Nominal
Circle,CIR3,X,-45.034,-44.800,-0.234,,,,From 4 Pts On PL_FIXTURE
Circle,CIR3,Z,-178.787,-179.000,0.213,,,,
Pos. Tol.,POS_3,PTOL,0.634,0.000,0.634,0.000,1.200,,CIR3/NOMINAL - CS_ABC - C-Zone - XZ - Nominal
Circle,CIR4,X,-39.818,-39.550,-0.268,,,,From 4 Pts On PL_FIXTURE
Circle,CIR4,Z,-268.845,-269.100,0.255,,,,
Pos. Tol.,POS_4,PTOL,0.740,0.000,0.740,0.000,1.200,,CIR4/NOMINAL - CS_ABC - C-Zone - XZ - Nominal
Circle,CIR5,X,-31.046,-31.300,0.254,,,,From 4 Pts On PL_FIXTURE
Circle,CIR5,Z,-365.648,-366.000,0.352,,,,
Pos. Tol.,POS_5,PTOL,0.868,0.000,0.868,0.000,1.200,,CIR5/NOMINAL - CS_ABC - C-Zone - XZ - Nominal
Circle,CIR6,X,2.879,3.200,-0.321,,,,From 4 Pts On PL_FIXTURE
Circle,CIR6,Z,-284.206,-284.500,0.294,,,,
Pos. Tol.,POS_6,PTOL,0.872,0.000,0.872,0.000,1.200,,CIR6/NOMINAL - CS_ABC - C-Zone - XZ - Nominal
Circle,CIR7,X,2.921,3.200,-0.279,,,,From 4 Pts On PL_FIXTURE
Circle,CIR7,Z,-187.383,-187.500,0.117,,,,
Pos. Tol.,POS_7,PTOL,0.606,0.000,0.606,0.000,1.200,,CIR7/NOMINAL - CS_ABC - C-Zone - XZ - Nominal
Circle,CIR_8,X,2.908,3.200,-0.292,,,,From 4 Pts On PL_FIXTURE
Circle,CIR_8,Z,-89.565,-89.500,-0.065,,,,
Pos. Tol.,POS_8,PTOL,0.599,0.000,0.599,0.000,1.200,,CIR_8/NOMINAL - CS_ABC - C-Zone - XZ - Nominal
Circle,CIR_9,X,-190.029,-189.800,-0.228,,,,From 4 Pts On PL_PLAST_9
Circle,CIR_9,Z,-67.399,-67.702,0.303,,,,
Pos. Tol.,POS_9,PTOL,0.759,0.000,0.759,0.000,1.200,,CIR_9/NOMINAL - CS_ABC - C-Zone - XZ - Nominal
Circle,CIR_10,X,-190.175,-189.800,-0.376,,,,From 4 Pts On PL_PLAST_10
Circle,CIR_10,Z,-202.516,-203.002,0.485,,,,
Pos. Tol.,POS_10,PTOL,1.227,0.000,1.227,0.000,1.200,0.027,CIR_10/NOMINAL - CS_ABC - C-Zone - XZ - Nominal
Profile of Line,PROFILE_IN_OP1,PRFL,0.445,0.000,0.445,0.000,1.500,,OP1_SECT_IN
Profile of Line,PROFILE_IN_OP2,PRFL,0.699,0.000,0.699,0.000,1.500,,OP2_SECT_IN
Profile of Line,PROFILE_IN_OP3,PRFL,0.854,0.000,0.854,0.000,1.500,,OP3_SECT_IN
Profile of Line,PROFILE_IN_OP4,PRFL,0.732,0.000,0.732,0.000,1.500,,OP4_SECT_IN
Distance,OP1_WIDTH_1,D1,2.970,3.000,-0.030,-0.150,0.150,,OP1_PT1_OW_GAGE - OP1_PT1_IW_GAGE / OP1_CS
Distance,OP1_WIDTH_2,D1,2.978,3.000,-0.022,-0.150,0.150,,OP1_PT2_OW_GAGE - OP1_PT2_IW_GAGE / OP1_CS
Distance,OP1_WIDTH_3,D1,2.995,3.000,-0.005,-0.150,0.150,,OP1_PT3_OW_GAGE - OP1_PT3_IW_GAGE / OP1_CS
Distance,OP1_WIDTH_4,D1,3.119,3.000,0.119,-0.150,0.150,,OP1_PT4_OW_GAGE - OP1_PT4_IW_GAGE / OP1_CS
Distance,OP1_WIDTH_5,D1,2.852,3.000,-0.148,-0.150,0.150,,OP1_PT5_OW_GAGE - OP1_PT5_IW_GAGE / OP1_CS
Distance,OP1_WIDTH_6,D1,2.893,3.000,-0.107,-0.150,0.150,,OP1_PT6_OW_GAGE - OP1_PT6_IW_GAGE / OP1_CS
Distance,OP1_WIDTH_7,D1,3.043,3.000,0.043,-0.150,0.150,,OP1_PT7_OW_GAGE - OP1_PT7_IW_GAGE / OP1_CS
Distance,OP1_DEPTH_1,D1,4.907,5.000,-0.093,-0.250,0.250,,OP1_PT1_DEPTH - PL_FIXTURE / OP1_CS
Distance,OP1_DEPTH_2,D1,5.001,5.000,0.001,-0.250,0.250,,OP1_PT2_DEPTH - PL_FIXTURE / OP1_CS
Distance,OP1_DEPTH_3,D1,5.170,5.000,0.170,-0.250,0.250,,OP1_PT3_DEPTH - PL_FIXTURE / OP1_CS
Distance,OP1_DEPTH_4,D1,5.118,5.000,0.118,-0.250,0.250,,OP1_PT4_DEPTH - PL_FIXTURE / OP1_CS
Distance,OP1_DEPTH_5,D1,5.143,5.000,0.143,-0.250,0.250,,OP1_PT5_DEPTH - PL_FIXTURE / OP1_CS
Distance,OP1_DEPTH_6,D1,4.961,5.000,-0.039,-0.250,0.250,,OP1_PT6_DEPTH - PL_FIXTURE / OP1_CS
Distance,OP1_DEPTH_7,D1,4.910,5.000,-0.090,-0.250,0.250,,OP1_PT7_DEPTH - PL_FIXTURE / OP1_CS
Distance,OP1_DEPTH_8,D1,5.029,5.000,0.029,-0.250,0.250,,OP1_PT8_DEPTH - PL_FIXTURE / OP1_CS
Distance,OP2_WIDTH_1,D1,2.941,3.000,-0.059,-0.150,0.150,,OP2_PT1_OW_GAGE - OP2_PT1_IW_GAGE / OP2_CS
Distance,OP2_WIDTH_2,D1,2.939,3.000,-0.061,-0.150,0.150,,OP2_PT2_OW_GAGE - OP2_PT2_IW_GAGE / OP2_CS
Distance,OP2_WIDTH_3,D1,2.997,3.000,-0.003,-0.150,0.150,,OP2_PT3_OW_GAGE - OP2_PT3_IW_GAGE / OP2_CS
Distance,OP2_WIDTH_4,D1,2.947,3.000,-0.053,-0.150,0.150,,OP2_PT4_OW_GAGE - OP2_PT4_IW_GAGE / OP2_CS
Distance,OP2_WIDTH_5,D1,2.993,3.000,-0.007,-0.150,0.150,,OP2_PT5_OW_GAGE - OP2_PT5_IW_GAGE / OP2_CS
Distance,OP2_WIDTH_6,D1,2.907,3.000,-0.093,-0.150,0.150,,OP2_PT6_OW_GAGE - OP2_PT6_IW_GAGE / OP2_CS
Distance,OP2_WIDTH_7,D1,3.066,3.000,0.066,-0.150,0.150,,OP2_PT7_OW_GAGE - OP2_PT7_IW_GAGE / OP2_CS
Distance,OP2_DEPTH_1,D1,4.946,5.000,-0.054,-0.250,0.250,,OP2_PT1_DEPTH - PL_FIXTURE / OP2_CS
Distance,OP2_DEPTH_2,D1,5.037,5.000,0.037,-0.250,0.250,,OP2_PT2_DEPTH - PL_FIXTURE / OP2_CS
Distance,OP2_DEPTH_3,D1,5.173,5.000,0.173,-0.250,0.250,,OP2_PT3_DEPTH - PL_FIXTURE / OP2_CS
Distance,OP2_DEPTH_4,D1,5.108,5.000,0.108,-0.250,0.250,,OP2_PT4_DEPTH - PL_FIXTURE / OP2_CS
Distance,OP2_DEPTH_5,D1,5.065,5.000,0.065,-0.250,0.250,,OP2_PT5_DEPTH - PL_FIXTURE / OP2_CS
Distance,OP2_DEPTH_6,D1,4.977,5.000,-0.023,-0.250,0.250,,OP2_PT6_DEPTH - PL_FIXTURE / OP2_CS
Distance,OP2_DEPTH_7,D1,4.911,5.000,-0.089,-0.250,0.250,,OP2_PT7_DEPTH - PL_FIXTURE / OP2_CS
Distance,OP2_DEPTH_8,D1,5.063,5.000,0.063,-0.250,0.250,,OP2_PT8_DEPTH - PL_FIXTURE / OP2_CS
Distance,OP3_WIDTH_1,D1,2.945,3.000,-0.055,-0.150,0.150,,OP3_PT1_OW_GAGE - OP3_PT1_IW_GAGE / OP3_CS
Distance,OP3_WIDTH_2,D1,2.905,3.000,-0.095,-0.150,0.150,,OP3_PT2_OW_GAGE - OP3_PT2_IW_GAGE / OP3_CS
Distance,OP3_WIDTH_3,D1,3.046,3.000,0.046,-0.150,0.150,,OP3_PT3_OW_GAGE - OP3_PT3_IW_GAGE / OP3_CS
Distance,OP3_WIDTH_4,D1,3.000,3.000,-0.000,-0.150,0.150,,OP3_PT4_OW_GAGE - OP3_PT4_IW_GAGE / OP3_CS
Distance,OP3_WIDTH_5,D1,2.889,3.000,-0.111,-0.150,0.150,,OP3_PT5_OW_GAGE - OP3_PT5_IW_GAGE / OP3_CS
Distance,OP3_WIDTH_6,D1,2.975,3.000,-0.025,-0.150,0.150,,OP3_PT6_OW_GAGE - OP3_PT6_IW_GAGE / OP3_CS
Distance,OP3_WIDTH_7,D1,3.067,3.000,0.067,-0.150,0.150,,OP3_PT7_OW_GAGE - OP3_PT7_IW_GAGE / OP3_CS
Distance,OP3_DEPTH_1,D1,4.920,5.000,-0.080,-0.250,0.250,,OP3_PT1_DEPTH - PL_FIXTURE / OP3_CS
Distance,OP3_DEPTH_2,D1,4.956,5.000,-0.044,-0.250,0.250,,OP3_PT2_DEPTH - PL_FIXTURE / OP3_CS
Distance,OP3_DEPTH_3,D1,5.020,5.000,0.020,-0.250,0.250,,OP3_PT3_DEPTH - PL_FIXTURE / OP3_CS
Distance,OP3_DEPTH_4,D1,4.999,5.000,-0.001,-0.250,0.250,,OP3_PT4_DEPTH - PL_FIXTURE / OP3_CS
Distance,OP3_DEPTH_5,D1,4.981,5.000,-0.019,-0.250,0.250,,OP3_PT5_DEPTH - PL_FIXTURE / OP3_CS
Distance,OP3_DEPTH_6,D1,4.832,5.000,-0.168,-0.250,0.250,,OP3_PT6_DEPTH - PL_FIXTURE / OP3_CS
Distance,OP3_DEPTH_7,D1,4.928,5.000,-0.072,-0.250,0.250,,OP3_PT7_DEPTH - PL_FIXTURE / OP3_CS
Distance,OP3_DEPTH_8,D1,5.048,5.000,0.048,-0.250,0.250,,OP3_PT8_DEPTH - PL_FIXTURE / OP3_CS
Distance,OP4_WIDTH_1,D1,2.930,3.000,-0.070,-0.150,0.150,,OP4_PT1_OW_GAGE - OP4_PT1_IW_GAGE / OP4_CS
Distance,OP4_WIDTH_2,D1,2.945,3.000,-0.055,-0.150,0.150,,OP4_PT2_OW_GAGE - OP4_PT2_IW_GAGE / OP4_CS
Distance,OP4_WIDTH_3,D1,2.993,3.000,-0.007,-0.150,0.150,,OP4_PT3_OW_GAGE - OP4_PT3_IW_GAGE / OP4_CS
Distance,OP4_WIDTH_4,D1,3.067,3.000,0.067,-0.150,0.150,,OP4_PT4_OW_GAGE - OP4_PT4_IW_GAGE / OP4_CS
Distance,OP4_WIDTH_5,D1,2.881,3.000,-0.119,-0.150,0.150,,OP4_PT5_OW_GAGE - OP4_PT5_IW_GAGE / OP4_CS
Distance,OP4_WIDTH_6,D1,2.915,3.000,-0.085,-0.150,0.150,,OP4_PT6_OW_GAGE - OP4_PT6_IW_GAGE / OP4_CS
Distance,OP4_WIDTH_7,D1,3.032,3.000,0.032,-0.150,0.150,,OP4_PT7_OW_GAGE - OP4_PT7_IW_GAGE / OP4_CS
Distance,OP4_DEPTH_1,D1,4.836,5.000,-0.164,-0.250,0.250,,OP4_PT1_DEPTH - PL_FIXTURE / OP4_CS
Distance,OP4_DEPTH_2,D1,4.956,5.000,-0.044,-0.250,0.250,,OP4_PT2_DEPTH - PL_FIXTURE / OP4_CS
Distance,OP4_DEPTH_3,D1,5.025,5.000,0.025,-0.250,0.250,,OP4_PT3_DEPTH - PL_FIXTURE / OP4_CS
Distance,OP4_DEPTH_4,D1,4.945,5.000,-0.055,-0.250,0.250,,OP4_PT4_DEPTH - PL_FIXTURE / OP4_CS
Distance,OP4_DEPTH_5,D1,5.006,5.000,0.006,-0.250,0.250,,OP4_PT5_DEPTH - PL_FIXTURE / OP4_CS
Distance,OP4_DEPTH_6,D1,4.955,5.000,-0.045,-0.250,0.250,,OP4_PT6_DEPTH - PL_FIXTURE / OP4_CS
Distance,OP4_DEPTH_7,D1,4.920,5.000,-0.080,-0.250,0.250,,OP4_PT7_DEPTH - PL_FIXTURE / OP4_CS
Distance,OP4_DEPTH_8,D1,4.979,5.000,-0.021,-0.250,0.250,,OP4_PT8_DEPTH - PL_FIXTURE / OP4_CS
Circle,2D_CIR_11,DIAM,51.754,52.000,-0.246,-0.500,0.500,,
Circle,2D_CIR_11,X,-28.087,-28.000,-0.087,,,,
Circle,2D_CIR_11,Y,-37.470,-37.400,-0.070,,,,
Pos. Tol.,POS_11,PTOL,0.224,0.000,0.224,0.000,1.000,,2D_CIR_11/NOMINAL - CS_DEF_BF - C-Zone - XY - Nominal
Circle,2D_CIR_12,DIAM,11.075,11.000,0.075,-0.250,0.250,,
Circle,2D_CIR_12,X,-36.671,-36.600,-0.071,,,,
Circle,2D_CIR_12,Y,-78.817,-78.850,0.033,,,,
Pos. Tol.,POS_12,PTOL,0.157,0.000,0.157,0.000,1.000,,2D_CIR_12/NOMINAL - CS_DEF_BF - C-Zone - XY - Nominal
Circle,CIR_13,DIAM,4.958,4.980,-0.022,-0.200,0.100,,Criterion : Least Square (From 6 Pts On PL_DATUM_D) 
Circle,CIR_13,X,-161.118,-160.800,-0.318,,,,
Circle,CIR_13,Y,4.474,4.500,-0.026,,,,
Pos. Tol.,POS_13,PTOL,0.639,0.000,0.639,0.000,3.000,,CIR_13/NOMINAL - CS_ABC - C-Zone - XY - Nominal
Circle,CIR_14,DIAM,4.903,4.980,-0.077,-0.200,0.100,,Criterion : Least Square (From 6 Pts On PL_DATUM_D) 
Circle,CIR_14,X,-161.260,-160.800,-0.460,,,,
Circle,CIR_14,Y,72.180,72.492,-0.312,,,,
Pos. Tol.,POS_14,PTOL,1.111,0.000,1.111,0.000,3.000,,CIR_14/NOMINAL - CS_ABC - C-Zone - XY - Nominal
Circle,CIR_15,DIAM,4.942,4.980,-0.038,-0.200,0.100,,Criterion : Least Square (From 6 Pts On PL_DATUM_D) 
Circle,CIR_15,X,-104.392,-103.794,-0.597,,,,
Circle,CIR_15,Y,75.868,76.004,-0.136,,,,
Pos. Tol.,POS_15,PTOL,1.225,0.000,1.225,0.000,3.000,,CIR_15/NOMINAL - CS_ABC - C-Zone - XY - Nominal
Circle,CIR_16,DIAM,4.936,4.980,-0.044,-0.200,0.100,,Criterion : Least Square (From 6 Pts On PL_DATUM_D) 
Circle,CIR_16,X,-103.368,-102.794,-0.574,,,,
Circle,CIR_16,Y,4.442,4.504,-0.062,,,,
Pos. Tol.,POS_16,PTOL,1.154,0.000,1.154,0.000,3.000,,CIR_16/NOMINAL - CS_ABC - C-Zone - XY - Nominal
Circle,2D_CIR_13,X,-56.879,-57.000,0.121,,,,
Circle,2D_CIR_13,Y,-71.355,-71.500,0.145,,,,
Pos. Tol.,POS_2D_13,PTOL,0.378,0.000,0.378,0.000,0.500,,2D_CIR_13/NOMINAL - CS_DEF_BF - C-Zone - XY - Nominal
Circle,2D_CIR_14,X,-56.933,-57.000,0.067,,,,
Circle,2D_CIR_14,Y,-3.649,-3.500,-0.149,,,,
Pos. Tol.,POS_2D_14,PTOL,0.326,0.000,0.326,0.000,0.500,,2D_CIR_14/NOMINAL - CS_DEF_BF - C-Zone - XY - Nominal
Circle,2D_CIR_15,X,-0.060,0.000,-0.060,,,,
Circle,2D_CIR_15,Y,-0.034,0.000,-0.034,,,,
Pos. Tol.,POS_2D_15,PTOL,0.138,0.000,0.138,0.000,0.500,,2D_CIR_15/NOMINAL - CS_DEF_BF - C-Zone - XY - Nominal
Circle,2D_CIR_16,X,0.872,1.000,-0.128,,,,
Circle,2D_CIR_16,Y,-71.461,-71.500,0.039,,,,
Pos. Tol.,POS_2D_16,PTOL,0.268,0.000,0.268,0.000,0.500,,2D_CIR_16/NOMINAL - CS_DEF_BF - C-Zone - XY - Nominal
Circle,CIR_17,DIAM,16.171,16.000,0.171,-0.250,0.250,,Inters. PL_PLAST_17 - CYL_17.
Circle,CIR_17,X,-181.399,-180.980,-0.419,,,,
Circle,CIR_17,Z,-162.447,-162.880,0.433,,,,
Pos. Tol.,POS_17,PTOL,0.868,0.000,0.868,0.000,2.000,,CIR_17/NOMINAL - CS_ABC - C-Zone - YZ - Nominal
Circle,CIR_18,DIAM,8.527,8.560,-0.033,-0.100,0.100,,Criterion : Least Square (From 8 Pts On PL_PLAST_18) 
Circle,CIR_18,X,-96.101,-95.800,-0.301,,,,
Circle,CIR_18,Z,-255.871,-256.500,0.629,,,,
Pos. Tol.,POS_18,PTOL,1.394,0.000,1.394,0.000,2.000,,CIR_18/NOMINAL - CS_ABC - C-Zone - XZ - Nominal
Circle,CIR_19,DIAM,8.001,8.000,0.001,-0.100,0.000,0.001,Criterion : Least Square (From 8 Pts On PL_PLAST_19) 
Circle,CIR_19,Y,91.183,91.700,-0.517,,,,
Circle,CIR_19,Z,-95.295,-95.000,-0.295,,,,
Pos. Tol.,POS_19,PTOL,1.190,0.000,1.190,0.000,2.500,,CIR_19/NOMINAL - CS_ABC - C-Zone - YZ - Nominal
Perpend.,PERP_19,PERP,0.065,0.000,0.065,0.000,0.250,,CONE_19/PL_PLAST_19 - C-Zone - Nominal
Circle,2D_CIR_20,DIAM,3.176,3.200,-0.024,-0.100,0.100,,
Circle,2D_CIR_20,Y,0.021,0.000,0.021,,,,
Circle,2D_CIR_20,Z,13.047,13.000,0.047,,,,
Pos. Tol.,POS_20,PTOL,0.102,0.000,0.102,0.000,0.500,,2D_CIR_20/NOMINAL - CS_KL - C-Zone - YZ - Nominal
Circle,2D_CIR_21,DIAM,3.247,3.200,0.047,-0.100,0.100,,
Circle,2D_CIR_21,Y,0.021,0.000,0.021,,,,
Circle,2D_CIR_21,Z,-12.879,-13.000,0.121,,,,
Pos. Tol.,POS_21,PTOL,0.247,0.000,0.247,0.000,0.500,,2D_CIR_21/NOMINAL - CS_KL - C-Zone - YZ - Nominal
Circle,CIR_22,Y,71.183,71.000,0.183,,,,Inters. PL_PLAST_22 - CYL_22.
Circle,CIR_22,Z,-149.204,-149.880,0.676,,,,
Pos. Tol.,POS_22,PTOL,1.400,0.000,1.400,0.000,2.000,,CIR_22/NOMINAL - CS_ABC - C-Zone - YZ - Nominal
Circle,CIR_23,Y,71.028,71.000,0.028,,,,Inters. PL_PLAST_23 - CYL_23.
Circle,CIR_23,Z,-175.390,-175.880,0.490,,,,
Pos. Tol.,POS_23,PTOL,0.982,0.000,0.982,0.000,2.000,,CIR_23/NOMINAL - CS_ABC - C-Zone - YZ - Nominal
Circle,CIR_24,DIAM,4.981,5.000,-0.019,-0.100,0.100,,Criterion : Least Square (From 6 Pts On PL_24) 
Circle,CIR_24,X,16.922,17.185,-0.263,,,,
Circle,CIR_24,Y,66.751,66.455,0.296,,,,
Circle,CIR_24,Z,-37.503,-37.771,0.268,,,,
Pos. Tol.,POS_24,PTOL,0.957,0.000,0.957,0.000,2.000,,CIR_24/NOMINAL - CS_ABC - C-Zone - XYZ - Nominal
Circle,CIR_25,DIAM,4.964,5.000,-0.036,-0.100,0.100,,Criterion : Least Square (From 6 Pts On PL_25) 
Circle,CIR_25,X,16.651,17.185,-0.534,,,,
Circle,CIR_25,Y,66.630,66.455,0.175,,,,
Circle,CIR_25,Z,-135.508,-135.771,0.264,,,,
Pos. Tol.,POS_25,PTOL,1.241,0.000,1.241,0.000,2.000,,CIR_25/NOMINAL - CS_ABC - C-Zone - XYZ - Nominal
Circle,CIR_26,DIAM,4.936,5.000,-0.064,-0.100,0.100,,Criterion : Least Square (From 6 Pts On PL_26) 
Circle,CIR_26,X,16.679,17.185,-0.506,,,,
Circle,CIR_26,Y,66.653,66.455,0.198,,,,
Circle,CIR_26,Z,-233.440,-233.771,0.331,,,,
Pos. Tol.,POS_26,PTOL,1.272,0.000,1.272,0.000,2.000,,CIR_26/NOMINAL - CS_ABC - C-Zone - XYZ - Nominal
Circle,CIR_27,DIAM,4.950,5.000,-0.050,-0.100,0.100,,Criterion : Least Square (From 6 Pts On PL_27) 
Circle,CIR_27,X,16.669,17.185,-0.516,,,,
Circle,CIR_27,Y,66.910,66.455,0.455,,,,
Circle,CIR_27,Z,-331.302,-331.771,0.470,,,,
Pos. Tol.,POS_27,PTOL,1.666,0.000,1.666,0.000,2.000,,CIR_27/NOMINAL - CS_ABC - C-Zone - XYZ - Nominal
Circle,2D_CIR_24,Y,0.108,0.000,0.108,,,,
Circle,2D_CIR_24,Z,-0.065,0.000,-0.065,,,,
Pos. Tol.,POS_2D_24,PTOL,0.132,0.000,0.132,0.000,1.000,,2D_CIR_24/NOMINAL - CS_GHJ_BF - C-Zone - XZ - Nominal
Circle,2D_CIR_25,Y,-0.150,0.000,-0.150,,,,
Circle,2D_CIR_25,Z,-98.070,-98.000,-0.070,,,,
Pos. Tol.,POS_2D_25,PTOL,0.165,0.000,0.165,0.000,1.000,,2D_CIR_25/NOMINAL - CS_GHJ_BF - C-Zone - XZ - Nominal
Circle,2D_CIR_26,Y,-0.114,0.000,-0.114,,,,
Circle,2D_CIR_26,Z,-196.002,-196.000,-0.002,,,,
Pos. Tol.,POS_2D_26,PTOL,0.105,0.000,0.105,0.000,1.000,,2D_CIR_26/NOMINAL - CS_GHJ_BF - C-Zone - XZ - Nominal
Circle,2D_CIR_27,Y,0.088,0.000,0.088,,,,
Circle,2D_CIR_27,Z,-293.863,-294.000,0.137,,,,
Pos. Tol.,POS_2D_27,PTOL,0.276,0.000,0.276,0.000,1.000,,2D_CIR_27/NOMINAL - CS_GHJ_BF - C-Zone - XZ - Nominal
Circle,2D_CIR_28,DIAM,13.942,14.000,-0.058,-0.100,0.100,,
Circle,2D_CIR_28,Y,-35.464,-35.200,-0.264,,,,
Circle,2D_CIR_28,Z,-0.356,-0.000,-0.356,,,,
Pos. Tol.,POS_2D_28,PTOL,1.222,0.000,1.222,0.000,1.500,,2D_CIR_28/NOMINAL - CS_GHJ_BF - C-Zone - XZ - Nominal
Circle,2D_CIR_29,DIAM,13.952,14.000,-0.048,-0.100,0.100,,
Circle,2D_CIR_29,Y,-35.164,-35.200,0.036,,,,
Circle,2D_CIR_29,Z,-98.036,-98.000,-0.036,,,,
Pos. Tol.,POS_2D_29,PTOL,1.271,0.000,1.271,0.000,1.500,,2D_CIR_29/NOMINAL - CS_GHJ_BF - C-Zone - XZ - Nominal
Circle,2D_CIR_30,DIAM,13.941,14.000,-0.059,-0.100,0.100,,
Circle,2D_CIR_30,Y,-35.550,-35.200,-0.350,,,,
Circle,2D_CIR_30,Z,-196.091,-196.000,-0.091,,,,
Pos. Tol.,POS_2D_30,PTOL,1.496,0.000,1.496,0.000,1.500,,2D_CIR_30/NOMINAL - CS_GHJ_BF - C-Zone - XZ - Nominal
Circle,2D_CIR_31,DIAM,13.938,14.000,-0.062,-0.100,0.100,,
Circle,2D_CIR_31,Y,-35.483,-35.200,-0.283,,,,
Circle,2D_CIR_31,Z,-293.472,-294.000,0.528,,,,
Pos. Tol.,POS_2D_31,PTOL,1.127,0.000,1.127,0.000,1.500,,2D_CIR_31/NOMINAL - CS_GHJ_BF - C-Zone - XZ - Nominal
Circle,CIR_32,DIAM,6.802,6.700,0.102,-0.250,0.250,,Criterion : Least Square (From 6 Pts On PL_PLAST_32) 
Circle,CIR_32,Y,8.937,8.968,-0.031,,,,
Circle,CIR_32,Z,-107.883,-107.770,-0.112,,,,
Pos. Tol.,POS_32,PTOL,0.233,0.000,0.233,0.000,2.000,,CIR_32/NOMINAL - CS_ABC - C-Zone - YZ - Nominal
Circle,CIR_33,DIAM,6.790,6.700,0.090,-0.250,0.250,,Criterion : Least Square (From 6 Pts On PL_PLAST_33) 
Circle,CIR_33,Y,8.930,8.968,-0.038,,,,
Circle,CIR_33,Z,-205.738,-205.770,0.033,,,,
Pos. Tol.,POS_33,PTOL,0.100,0.000,0.100,0.000,2.000,,CIR_33/NOMINAL - CS_ABC - C-Zone - YZ - Nominal
Circle,CIR_34,DIAM,6.783,6.700,0.083,-0.250,0.250,,Criterion : Least Square (From 6 Pts On PL_PLAST_34) 
Circle,CIR_34,Y,8.954,8.968,-0.014,,,,
Circle,CIR_34,Z,-303.425,-303.770,0.345,,,,
Pos. Tol.,POS_34,PTOL,0.691,0.000,0.691,0.000,2.000,,CIR_34/NOMINAL - CS_ABC - C-Zone - YZ - Nominal
Flatness,FLATNESS_D,FLTN,0.311,0.000,0.311,0.000,0.300,0.011,PL_DATUM_D
Distance,WIDTH_TB1,D1,2.978,3.000,-0.022,-0.150,0.150,,0W2.5_1.1 - IW2.5_1.1 / CS_DEF_BF
Distance,WIDTH_TB2,D1,3.021,3.000,0.021,-0.150,0.150,,0W2.5_1.2 - IW2.5_1.2 / CS_DEF_BF
Distance,WIDTH_TB3,D1,3.015,3.000,0.015,-0.150,0.150,,0W2.5_1.3 - IW2.5_1.3 / CS_DEF_BF
Distance,WIDTH_TB4,D1,2.967,3.000,-0.033,-0.150,0.150,,0W2.5_1.4 - IW2.5_1.4 / CS_DEF_BF
Distance,WIDTH_TB5,D1,2.936,3.000,-0.064,-0.150,0.150,,0W2.5_1.5 - IW2.5_1.5 / CS_DEF_BF
Distance,WIDTH_TB6,D1,2.990,3.000,-0.010,-0.150,0.150,,0W2.5_1.6 - IW2.5_1.6 / CS_DEF_BF
Distance,WIDTH_TB7,D1,3.039,3.000,0.039,-0.150,0.150,,0W2.5_1.7 - IW2.5_1.7 / CS_DEF_BF
Distance,WIDTH_TB8,D1,3.007,3.000,0.007,-0.150,0.150,,0W2.5_1.8 - IW2.5_1.8 / CS_DEF_BF
Distance,WIDTH_TB9,D1,3.104,3.000,0.104,-0.150,0.150,,12_0W2.5_1.1 - 12_IW2.5_1.1 / CS_DEF_BF
Distance,WIDTH_TB10,D1,3.128,3.000,0.128,-0.150,0.150,,12_0W2.5_1.2 - 12_IW2.5_1.2 / CS_DEF_BF
Distance,WIDTH_TB11,D1,3.088,3.000,0.088,-0.150,0.150,,12_0W2.5_1.3 - 12_IW2.5_1.3 / CS_DEF_BF
Distance,WIDTH_TB12,D1,2.993,3.000,-0.007,-0.150,0.150,,12_0W2.5_1.4 - 12_IW2.5_1.4 / CS_DEF_BF
Distance,DEPTH_TB1,D1,5.201,5.000,0.201,-0.250,0.250,,TB_BOT_1.1 - PL_DATUM_D / CS_DEF_BF
Distance,DEPTH_TB2,D1,5.051,5.000,0.051,-0.250,0.250,,TB_BOT_1.2 - PL_DATUM_D / CS_DEF_BF
Distance,DEPTH_TB3,D1,5.030,5.000,0.030,-0.250,0.250,,TB_BOT_1.3 - PL_DATUM_D / CS_DEF_BF
Distance,DEPTH_TB4,D1,5.233,5.000,0.233,-0.250,0.250,,TB_BOT_1.4 - PL_DATUM_D / CS_DEF_BF
Distance,DEPTH_TB5,D1,5.257,5.000,0.257,-0.250,0.250,0.007,TB_BOT_1.5 - PL_DATUM_D / CS_DEF_BF
Distance,DEPTH_TB6,D1,5.151,5.000,0.151,-0.250,0.250,,TB_BOT_1.6 - PL_DATUM_D / CS_DEF_BF
Distance,DEPTH_TB7,D1,5.101,5.000,0.101,-0.250,0.250,,TB_BOT_1.7 - PL_DATUM_D / CS_DEF_BF
Distance,DEPTH_TB8,D1,5.191,5.000,0.191,-0.250,0.250,,TB_BOT_1.8 - PL_DATUM_D / CS_DEF_BF
Distance,DEPTH_TB9,D1,5.290,5.000,0.290,-0.250,0.250,0.040,12_BOT_.1 - PL_DATUM_D / CS_DEF_BF
Distance,DEPTH_TB10,D1,5.324,5.000,0.324,-0.250,0.250,0.074,12_BOT_.2 - PL_DATUM_D / CS_DEF_BF
Distance,DEPTH_TB11,D1,5.262,5.000,0.262,-0.250,0.250,0.012,12_BOT_.3 - PL_DATUM_D / CS_DEF_BF
Distance,DEPTH_TB12,D1,5.198,5.000,0.198,-0.250,0.250,,12_BOT_.4 - PL_DATUM_D / CS_DEF_BF
Circle,CIR_35,DIAM,6.722,6.750,-0.028,-0.250,0.250,,Criterion : Least Square (From 6 Pts On PL_PLAST_35) 
Circle,CIR_35,X,19.610,19.200,0.410,,,,
Circle,CIR_35,Z,9.653,10.000,-0.347,,,,
Pos. Tol.,POS_35,PTOL,1.075,0.000,1.075,0.000,2.000,,CIR_35/NOMINAL - CS_ABC - C-Zone - XZ - Nominal
Circle,CIR_36,DIAM,6.765,6.750,0.015,-0.250,0.250,,Criterion : Least Square (From 6 Pts On PL_PLAST_36) 
Circle,CIR_36,X,-207.671,-207.800,0.129,,,,
Circle,CIR_36,Z,-67.137,-67.700,0.563,,,,
Pos. Tol.,POS_36,PTOL,1.155,0.000,1.155,0.000,2.000,,CIR_36/NOMINAL - CS_ABC - C-Zone - XZ - Nominal
