Feat. Type,Feat. Name,Value,Actual,Nominal,Dev.,Tol-,Tol+,Out of Tol.,Comment
Text/Value,VAR_PROGRAM,VAL,,,,,,,'N:\Metrolog XG\Programmes\Mercury Marine\Mercury Marine Complete (Module 51).gm2'
Text/Value,VAR_EVENEMENT,VAL,,,,,,,'Smed 304B'
Text/Value,VAR_COMMENTAIRES,VAL,,,,,,,'305B'
Text/Value,PROF_A,VAL,0.442109,,,0.000000,0.500000,,
Circle,CIR_B,DIAM,8.317,8.400,-0.083,-0.100,0.100,,Criterion : Least Square (From 4 Pts On PL_FIXTURE) 
Circle,CIR_B,X,0.000,0.000,0.000,,,,
Circle,CIR_B,Z,0.000,0.000,0.000,,,,
Pos. Tol.,POS_B,PTOL,0.000,0.000,0.000,0.000,0.250,,CIR_B/NOMINAL - CS_ABC - C-Zone - XZ - Nominal
Point,PNT_DATUM_C,X,32.486,32.500,-0.014,,,,Proj. PNT_MID_C / PL_FIXTURE.
Point,PNT_DATUM_C,Z,-393.136,-393.295,0.159,,,,
Pos. Tol.,POS_C,PTOL,0.319,0.000,0.319,0.000,0.500,,PNT_DATUM_C/NOMINAL - CS_ABC - C-Zone - XZ - Nominal
Distance,WIDTH_C,D1,7.823,7.900,-0.077,-0.100,0.100,,SCT_C_RH - SCT_C_LH / CS_ABC
Circle,CIR1,X,-34.239,-34.000,-0.239,,,,From 4 Pts On AUTO
Circle,CIR1,Z,9.304,9.500,-0.196,,,,
Pos. Tol.,POS_1,PTOL,0.618,0.000,0.618,0.000,1.200,,CIR1/NOMINAL - CS_ABC - C-Zone - XZ - Nominal
Circle,CIR2,X,-33.864,-34.000,0.136,,,,From 4 Pts On AUTO
Circle,CIR2,Z,-92.923,-92.600,-0.323,,,,
Pos. Tol.,POS_2,PTOL,0.701,0.000,0.701,0.000,1.200,,CIR2/NOMINAL - CS_ABC - C-Zone - XZ - Nominal
Circle,CIR3,X,32.052,32.000,0.052,,,,From 4 Pts On AUTO
Circle,CIR3,Z,-106.372,-106.100,-0.272,,,,
Pos. Tol.,POS_3,PTOL,0.554,0.000,0.554,0.000,1.200,,CIR3/NOMINAL - CS_ABC - C-Zone - XZ - Nominal
Circle,CIR4,X,-33.871,-34.000,0.129,,,,From 4 Pts On AUTO
Circle,CIR4,Z,-183.729,-183.600,-0.129,,,,
Pos. Tol.,POS_4,PTOL,0.365,0.000,0.365,0.000,1.200,,CIR4/NOMINAL - CS_ABC - C-Zone - XZ - Nominal
Circle,CIR5,X,-33.872,-34.000,0.128,,,,From 4 Pts On AUTO
Circle,CIR5,Z,-293.876,-294.200,0.324,,,,
Pos. Tol.,POS_5,PTOL,0.697,0.000,0.697,0.000,1.200,,CIR5/NOMINAL - CS_ABC - C-Zone - XZ - Nominal
Circle,CIR6,X,31.920,32.000,-0.080,,,,From 4 Pts On AUTO
Circle,CIR6,Z,-327.086,-327.300,0.214,,,,
Pos. Tol.,POS_6,PTOL,0.457,0.000,0.457,0.000,1.200,,CIR6/NOMINAL - CS_ABC - C-Zone - XZ - Nominal
Circle,CIR7,X,-34.100,-34.000,-0.100,,,,From 4 Pts On AUTO
Circle,CIR7,Z,-399.691,-399.800,0.109,,,,
Pos. Tol.,POS_7,PTOL,0.295,0.000,0.295,0.000,1.200,,CIR7/NOMINAL - CS_ABC - C-Zone - XZ - Nominal
Circle,CIR_8,X,-152.211,-152.200,-0.012,,,,From 4 Pts On AUTO
Circle,CIR_8,Z,-375.125,-375.300,0.175,,,,
Pos. Tol.,POS_8,PTOL,0.351,0.000,0.351,0.000,1.200,,CIR_8/NOMINAL - CS_ABC - C-Zone - XZ - Nominal
Circle,CIR_9,X,-210.066,-210.000,-0.066,,,,From 4 Pts On AUTO
Circle,CIR_9,Z,-226.783,-227.000,0.217,,,,
Pos. Tol.,POS_9,PTOL,0.454,0.000,0.454,0.000,1.200,,CIR_9/NOMINAL - CS_ABC - C-Zone - XZ - Nominal
Circle,CIR_10,X,-209.576,-210.000,0.424,,,,From 4 Pts On AUTO
Circle,CIR_10,Z,-154.594,-154.910,0.316,,,,
Pos. Tol.,POS_10,PTOL,1.057,0.000,1.057,0.000,1.200,,CIR_10/NOMINAL - CS_ABC - C-Zone - XZ - Nominal
Circle,CIR_11,X,-209.895,-210.000,0.105,,,,From 4 Pts On AUTO
Circle,CIR_11,Z,-70.009,-69.900,-0.109,,,,
Pos. Tol.,POS_11,PTOL,0.303,0.000,0.303,0.000,1.200,,CIR_11/NOMINAL - CS_ABC - C-Zone - XZ - Nominal
Profile of Line,OP1_PROF_INSIDE_PORT,PRFL,1.124,0.000,1.124,0.000,1.500,,OP1_SRF_INSIDE_PORT
Profile of Line,OP2_PROF_INSIDE_PORT,PRFL,0.671,0.000,0.671,0.000,1.500,,OP2_SRF_INSIDE_PORT
Profile of Line,OP3_PROF_INSIDE_PORT,PRFL,0.730,0.000,0.730,0.000,1.500,,OP3_SRF_INSIDE_PORT
Profile of Line,OP4_PROF_INSIDE_PORT,PRFL,1.315,0.000,1.315,0.000,1.500,,OP4_SRF_INSIDE_PORT
Distance,OP1_WIDTH_1,D1,3.033,3.000,0.033,-0.150,0.150,,OP1_P3 - OP1_P7 / OP1_CS
Distance,OP1_WIDTH_2,D1,3.103,3.000,0.103,-0.150,0.150,,OP1_P11 - OP1_P15 / OP1_CS
Distance,OP1_WIDTH_3,D1,3.005,3.000,0.005,-0.150,0.150,,OP1_P19 - OP1_P23 / OP1_CS
Distance,OP1_WIDTH_4,D1,3.030,3.000,0.030,-0.150,0.150,,OP1_P27 - OP1_P31 / OP1_CS
Distance,OP1_WIDTH_5,D1,2.895,3.000,-0.105,-0.150,0.150,,OP1_P35 - OP1_P39 / OP1_CS
Distance,OP1_WIDTH_6,D1,2.893,3.000,-0.107,-0.150,0.150,,OP1_P43 - OP1_P47 / OP1_CS
Distance,OP1_WIDTH_7,D1,2.891,3.000,-0.109,-0.150,0.150,,OP1_P51 - OP1_P55 / OP1_CS
Distance,OP1_WIDTH_8,D1,2.907,3.000,-0.093,-0.150,0.150,,OP1_P59 - OP1_P63 / OP1_CS
Distance,OP1_DEPTH_1,Y,4.960,5.000,-0.040,-0.250,0.250,,OP1_P5 - PL_FIXTURE / OP1_CS
Distance,OP1_DEPTH_2,Y,5.036,5.000,0.036,-0.250,0.250,,OP1_P13 - PL_FIXTURE / OP1_CS
Distance,OP1_DEPTH_3,Y,5.065,5.000,0.065,-0.250,0.250,,OP1_P21 - PL_FIXTURE / OP1_CS
Distance,OP1_DEPTH_4,Y,5.151,5.000,0.151,-0.250,0.250,,OP1_P29 - PL_FIXTURE / OP1_CS
Distance,OP1_DEPTH_5,Y,5.103,5.000,0.103,-0.250,0.250,,OP1_P37 - PL_FIXTURE / OP1_CS
Distance,OP1_DEPTH_6,Y,5.044,5.000,0.044,-0.250,0.250,,OP1_P45 - PL_FIXTURE / OP1_CS
Distance,OP1_DEPTH_7,Y,4.927,5.000,-0.073,-0.250,0.250,,OP1_P53 - PL_FIXTURE / OP1_CS
Distance,OP1_DEPTH_8,Y,4.926,5.000,-0.074,-0.250,0.250,,OP1_P61 - PL_FIXTURE / OP1_CS
Distance,OP2_WIDTH_1,D1,3.017,3.000,0.017,-0.150,0.150,,OP2_P3 - OP2_P7 / OP2_CS
Distance,OP2_WIDTH_2,D1,3.011,3.000,0.011,-0.150,0.150,,OP2_P11 - OP2_P15 / OP2_CS
Distance,OP2_WIDTH_3,D1,2.962,3.000,-0.038,-0.150,0.150,,OP2_P19 - OP2_P23 / OP2_CS
Distance,OP2_WIDTH_4,D1,3.046,3.000,0.046,-0.150,0.150,,OP2_P27 - OP2_P31 / OP2_CS
Distance,OP2_WIDTH_5,D1,2.995,3.000,-0.005,-0.150,0.150,,OP2_P35 - OP2_P39 / OP2_CS
Distance,OP2_WIDTH_6,D1,2.976,3.000,-0.024,-0.150,0.150,,OP2_P43 - OP2_P47 / OP2_CS
Distance,OP2_WIDTH_7,D1,2.985,3.000,-0.015,-0.150,0.150,,OP2_P51 - OP2_P55 / OP2_CS
Distance,OP2_WIDTH_8,D1,3.076,3.000,0.076,-0.150,0.150,,OP2_P59 - OP2_P63 / OP2_CS
Distance,OP2_DEPTH_1,Y,4.961,5.000,-0.039,-0.250,0.250,,OP2_P5 - PL_FIXTURE / OP2_CS
Distance,OP2_DEPTH_2,Y,5.091,5.000,0.091,-0.250,0.250,,OP2_P13 - PL_FIXTURE / OP2_CS
Distance,OP2_DEPTH_3,Y,5.041,5.000,0.041,-0.250,0.250,,OP2_P21 - PL_FIXTURE / OP2_CS
Distance,OP2_DEPTH_4,Y,5.129,5.000,0.129,-0.250,0.250,,OP2_P29 - PL_FIXTURE / OP2_CS
Distance,OP2_DEPTH_5,Y,5.195,5.000,0.195,-0.250,0.250,,OP2_P37 - PL_FIXTURE / OP2_CS
Distance,OP2_DEPTH_6,Y,5.240,5.000,0.240,-0.250,0.250,,OP2_P45 - PL_FIXTURE / OP2_CS
Distance,OP2_DEPTH_7,Y,5.027,5.000,0.027,-0.250,0.250,,OP2_P53 - PL_FIXTURE / OP2_CS
Distance,OP2_DEPTH_8,Y,4.891,5.000,-0.109,-0.250,0.250,,OP2_P61 - PL_FIXTURE / OP2_CS
Distance,OP3_WIDTH_1,D1,2.988,3.000,-0.012,-0.150,0.150,,OP3_P3 - OP3_P7 / OP3_CS
Distance,OP3_WIDTH_2,D1,3.060,3.000,0.060,-0.150,0.150,,OP3_P11 - OP3_P15 / OP3_CS
Distance,OP3_WIDTH_3,D1,3.067,3.000,0.067,-0.150,0.150,,OP3_P19 - OP3_P23 / OP3_CS
Distance,OP3_WIDTH_4,D1,3.078,3.000,0.078,-0.150,0.150,,OP3_P27 - OP3_P31 / OP3_CS
Distance,OP3_WIDTH_5,D1,3.001,3.000,0.001,-0.150,0.150,,OP3_P35 - OP3_P39 / OP3_CS
Distance,OP3_WIDTH_6,D1,3.085,3.000,0.085,-0.150,0.150,,OP3_P43 - OP3_P47 / OP3_CS
Distance,OP3_WIDTH_7,D1,3.032,3.000,0.032,-0.150,0.150,,OP3_P51 - OP3_P55 / OP3_CS
Distance,OP3_WIDTH_8,D1,3.069,3.000,0.069,-0.150,0.150,,OP3_P59 - OP3_P63 / OP3_CS
Distance,OP3_DEPTH_1,Y,5.085,5.000,0.085,-0.250,0.250,,OP3_P5 - PL_FIXTURE / OP3_CS
Distance,OP3_DEPTH_2,Y,5.081,5.000,0.081,-0.250,0.250,,OP3_P13 - PL_FIXTURE / OP3_CS
Distance,OP3_DEPTH_3,Y,5.087,5.000,0.087,-0.250,0.250,,OP3_P21 - PL_FIXTURE / OP3_CS
Distance,OP3_DEPTH_4,Y,5.180,5.000,0.180,-0.250,0.250,,OP3_P29 - PL_FIXTURE / OP3_CS
Distance,OP3_DEPTH_5,Y,5.081,5.000,0.081,-0.250,0.250,,OP3_P37 - PL_FIXTURE / OP3_CS
Distance,OP3_DEPTH_6,Y,5.021,5.000,0.021,-0.250,0.250,,OP3_P45 - PL_FIXTURE / OP3_CS
Distance,OP3_DEPTH_7,Y,5.025,5.000,0.025,-0.250,0.250,,OP3_P53 - PL_FIXTURE / OP3_CS
Distance,OP3_DEPTH_8,Y,5.081,5.000,0.081,-0.250,0.250,,OP3_P61 - PL_FIXTURE / OP3_CS
Distance,OP4_WIDTH_1,D1,2.938,3.000,-0.062,-0.150,0.150,,OP4_P3 - OP4_P7 / OP4_CS
Distance,OP4_WIDTH_2,D1,2.980,3.000,-0.020,-0.150,0.150,,OP4_P11 - OP4_P15 / OP4_CS
Distance,OP4_WIDTH_3,D1,2.993,3.000,-0.007,-0.150,0.150,,OP4_P19 - OP4_P23 / OP4_CS
Distance,OP4_WIDTH_4,D1,2.948,3.000,-0.052,-0.150,0.150,,OP4_P27 - OP4_P31 / OP4_CS
Distance,OP4_WIDTH_5,D1,2.922,3.000,-0.078,-0.150,0.150,,OP4_P35 - OP4_P39 / OP4_CS
Distance,OP4_WIDTH_6,D1,2.913,3.000,-0.087,-0.150,0.150,,OP4_P43 - OP4_P47 / OP4_CS
Distance,OP4_WIDTH_7,D1,2.939,3.000,-0.061,-0.150,0.150,,OP4_P51 - OP4_P55 / OP4_CS
Distance,OP4_WIDTH_8,D1,2.994,3.000,-0.006,-0.150,0.150,,OP4_P59 - OP4_P63 / OP4_CS
Distance,OP4_DEPTH_1,Y,5.093,5.000,0.093,-0.250,0.250,,OP4_P5 - PL_FIXTURE / OP4_CS
Distance,OP4_DEPTH_2,Y,5.162,5.000,0.162,-0.250,0.250,,OP4_P13 - PL_FIXTURE / OP4_CS
Distance,OP4_DEPTH_3,Y,5.138,5.000,0.138,-0.250,0.250,,OP4_P21 - PL_FIXTURE / OP4_CS
Distance,OP4_DEPTH_4,Y,5.191,5.000,0.191,-0.250,0.250,,OP4_P29 - PL_FIXTURE / OP4_CS
Distance,OP4_DEPTH_5,Y,5.205,5.000,0.205,-0.250,0.250,,OP4_P37 - PL_FIXTURE / OP4_CS
Distance,OP4_DEPTH_6,Y,5.163,5.000,0.163,-0.250,0.250,,OP4_P45 - PL_FIXTURE / OP4_CS
Distance,OP4_DEPTH_7,Y,5.063,5.000,0.063,-0.250,0.250,,OP4_P53 - PL_FIXTURE / OP4_CS
Distance,OP4_DEPTH_8,Y,5.089,5.000,0.089,-0.250,0.250,,OP4_P61 - PL_FIXTURE / OP4_CS
Circle,CIR_12,DIAM,8.631,8.600,0.031,-0.100,0.100,,Criterion : Least Square (From 8 Pts On PL_PLAST_12) 
Circle,CIR_12,X,-115.450,-116.000,0.550,,,,
Circle,CIR_12,Z,-308.857,-309.000,0.143,,,,
Pos. Tol.,POS_12,PTOL,1.137,0.000,1.137,0.000,2.000,,CIR_12/NOMINAL - CS_ABC - C-Zone - XZ - Nominal
Circle,CIR_13,X,-104.951,-105.708,0.757,,,,Criterion : Least Square (From 6 Pts On PL_INS_13) 
Circle,CIR_13,Y,87.876,88.280,-0.404,,,,
Circle,CIR_13,Z,-399.878,-399.800,-0.078,,,,
Pos. Tol.,POS_13,PTOL,1.722,0.000,1.722,0.000,3.500,,CIR_13/NOMINAL - CS_ABC - C-Zone - XYZ - Nominal
Circle,CIR_14,X,-146.066,-147.031,0.965,,,,Criterion : Least Square (From 6 Pts On PL_INS_14) 
Circle,CIR_14,Y,103.319,103.320,-0.001,,,,
Circle,CIR_14,Z,-425.467,-425.600,0.133,,,,
Pos. Tol.,POS_14,PTOL,1.948,0.000,1.948,0.000,3.500,,CIR_14/NOMINAL - CS_ABC - C-Zone - XYZ - Nominal
Circle,2D_CIR_13,X,36.640,36.670,-0.030,,,,
Circle,2D_CIR_13,Z,25.779,25.800,-0.021,,,,
Pos. Tol.,POS_2D_13,PTOL,0.072,0.000,0.072,0.000,0.500,,2D_CIR_13/NOMINAL - CS_P_13_14 - C-Zone - XZ - Nominal
Distance,H_13,Y,-0.281,0.000,-0.281,-0.300,0.000,,CIR_13 - PL_PLAST_13 / CS_P_13
Circle,2D_CIR_14,X,-0.000,0.000,0.000,,,,
Circle,2D_CIR_14,Z,0.000,0.000,0.000,,,,
Pos. Tol.,POS_2D_14,PTOL,0.000,0.000,0.000,0.000,0.500,,2D_CIR_14/NOMINAL - CS_P_13_14 - C-Zone - XZ - Nominal
Distance,H_14,Y,-0.009,0.000,-0.009,-0.300,0.000,,CIR_14 - PL_PLAST_14 / CS_P_14
Distance,W_SPRING_1,D1,2.743,3.000,-0.257,-0.250,0.250,-0.007,SPRG_WALL_LH_0.5.1 - SPRG_WALL_RH_0.5.1 / CS_P_13_14
Distance,W_SPRING_2,D1,2.855,3.000,-0.145,-0.250,0.250,,SPRG_WALL_LH_0.5.2 - SPRG_WALL_RH_0.5.2 / CS_P_13_14
Distance,W_SPRING_3,D1,2.874,3.000,-0.126,-0.250,0.250,,SPRG_WALL_LH_0.5.3 - SPRG_WALL_RH_0.5.3 / CS_P_13_14
Distance,W_SPRING_4,D1,2.774,3.000,-0.226,-0.250,0.250,,SPRG_WALL_LH_0.5.4 - SPRG_WALL_RH_0.5.4 / CS_P_13_14
Distance,DP_SPRING_1,D1,3.154,3.000,0.154,-0.250,0.250,,SPRG_DEPTH.1 - PL_DATUM_P / CS_P_13_14
Distance,DP_SPRING_2,D1,3.151,3.000,0.151,-0.250,0.250,,SPRG_DEPTH.2 - PL_DATUM_P / CS_P_13_14
Distance,DP_SPRING_3,D1,3.183,3.000,0.183,-0.250,0.250,,SPRG_DEPTH.3 - PL_DATUM_P / CS_P_13_14
Distance,DP_SPRING_4,D1,3.233,3.000,0.233,-0.250,0.250,,SPRG_DEPTH.4 - PL_DATUM_P / CS_P_13_14
Distance,TOP_LH_SPRING_1,D1,3.965,4.000,-0.035,-0.250,0.250,,SPRG_TOP_LH.1 - PL_DATUM_P / CS_P_13_14
Distance,TOP_LH_SPRING_2,D1,3.956,4.000,-0.044,-0.250,0.250,,SPRG_TOP_LH.2 - PL_DATUM_P / CS_P_13_14
Distance,TOP_LH_SPRING_3,D1,3.936,4.000,-0.064,-0.250,0.250,,SPRG_TOP_LH.3 - PL_DATUM_P / CS_P_13_14
Distance,TOP_LH_SPRING_4,D1,3.922,4.000,-0.078,-0.250,0.250,,SPRG_TOP_LH.4 - PL_DATUM_P / CS_P_13_14
Distance,TOP_RH_SPRING_1,D1,4.119,4.000,0.119,-0.250,0.250,,SPRG_TOP_RH.1 - PL_DATUM_P / CS_P_13_14
Distance,TOP_RH_SPRING_2,D1,4.095,4.000,0.095,-0.250,0.250,,SPRG_TOP_RH.2 - PL_DATUM_P / CS_P_13_14
Distance,TOP_RH_SPRING_3,D1,4.070,4.000,0.070,-0.250,0.250,,SPRG_TOP_RH.3 - PL_DATUM_P / CS_P_13_14
Distance,TOP_RH_SPRING_4,D1,4.053,4.000,0.053,-0.250,0.250,,SPRG_TOP_RH.4 - PL_DATUM_P / CS_P_13_14
Point,2D_SPRG_OUT_LH_0.5.1,Z,-5.824,-5.800,-0.024,-0.250,0.250,,
Point,2D_SPRG_OUT_LH_0.5.2,Z,-5.791,-5.800,0.009,-0.250,0.250,,
Point,2D_SPRG_OUT_LH_0.5.3,Z,-5.802,-5.800,-0.002,-0.250,0.250,,
Point,2D_SPRG_OUT_LH_0.5.4,Z,-5.863,-5.800,-0.063,-0.250,0.250,,
Point,2D_SPRG_OUT_LH_1.5.1,Z,-5.796,-5.800,0.004,-0.250,0.250,,
Point,2D_SPRG_OUT_LH_1.5.2,Z,-5.793,-5.800,0.007,-0.250,0.250,,
Point,2D_SPRG_OUT_LH_1.5.3,Z,-5.800,-5.800,0.000,-0.250,0.250,,
Point,2D_SPRG_OUT_LH_1.5.4,Z,-5.817,-5.800,-0.017,-0.250,0.250,,
Point,2D_SPRG_OUT_RH_0.5.1,Z,6.829,6.900,-0.071,-0.250,0.250,,
Point,2D_SPRG_OUT_RH_0.5.2,Z,6.783,6.900,-0.117,-0.250,0.250,,
Point,2D_SPRG_OUT_RH_0.5.3,Z,6.775,6.900,-0.125,-0.250,0.250,,
Point,2D_SPRG_OUT_RH_0.5.4,Z,6.834,6.900,-0.066,-0.250,0.250,,
Point,2D_SPRG_OUT_RH_1.5.1,Z,6.822,6.900,-0.078,-0.250,0.250,,
Point,2D_SPRG_OUT_RH_1.5.2,Z,6.807,6.900,-0.093,-0.250,0.250,,
Point,2D_SPRG_OUT_RH_1.5.3,Z,6.804,6.900,-0.096,-0.250,0.250,,
Point,2D_SPRG_OUT_RH_1.5.4,Z,6.834,6.900,-0.066,-0.250,0.250,,
Circle,CIR_15,DIAM,5.008,5.200,-0.192,-0.100,0.100,-0.092,Criterion : Least Square (From 6 Pts On PL_PLAST_15) 
Circle,CIR_15,X,2.090,1.992,0.098,,,,
Circle,CIR_15,Z,-406.972,-406.515,-0.457,,,,
Pos. Tol.,POS_15,PTOL,0.934,0.000,0.934,0.000,2.000,,CIR_15/NOMINAL - CS_ABC - C-Zone - XZ - Nominal
Circle,CIR_16,DIAM,6.717,6.750,-0.033,-0.100,0.100,,Criterion : Least Square (From 6 Pts On PL_PLAST_16) 
Circle,CIR_16,X,28.045,28.242,-0.197,,,,
Circle,CIR_16,Z,9.574,9.985,-0.411,,,,
Pos. Tol.,POS_16,PTOL,0.913,0.000,0.913,0.000,2.000,,CIR_16/NOMINAL - CS_ABC - C-Zone - XZ - Nominal
Flatness,FLATNESS_G,FLTN,0.060,0.000,0.060,0.000,0.250,,PL_DATUM_G
Distance,PROF_G,X,-212.831,-213.100,0.269,-0.500,0.500,,CIR_19 - ORIGIN / CS_ABC
Circle,CIR_19,DIAM,33.154,33.200,-0.046,-0.100,0.100,,Criterion : Least Square (From 16 Pts On PL_DATUM_G) 
Circle,CIR_19,Y,60.296,60.550,-0.254,,,,
Circle,CIR_19,Z,-190.896,-191.000,0.104,,,,
Circle,CIR_19_GAGE_27.5,DIAM,28.167,28.100,0.067,-0.100,0.100,,Criterion : Least Square (From 16 Pts On PL_DATUM_G) 
Pos. Tol.,POS_19,PTOL,0.549,0.000,0.549,0.000,1.500,,CIR_19/NOMINAL - CS_ABC - C-Zone - YZ - Nominal
Circle,2D_GHA_CIR_20,DIAM,4.937,4.980,-0.043,-0.100,0.100,,
Circle,2D_GHA_CIR_20,Y,29.189,29.000,0.189,,,,
Circle,2D_GHA_CIR_20,Z,7.650,7.760,-0.110,,,,
Pos. Tol.,POS_20,PTOL,0.437,0.000,0.437,0.000,1.000,,2D_GHA_CIR_20/NOMINAL - CS_GH - C-Zone - YZ - Nominal
Circle,2D_GHA_CIR_21,DIAM,4.984,4.980,0.004,-0.100,0.100,,
Circle,2D_GHA_CIR_21,Y,-28.881,-29.000,0.119,,,,
Circle,2D_GHA_CIR_21,Z,-7.889,-7.760,-0.129,,,,
Pos. Tol.,POS_21,PTOL,0.351,0.000,0.351,0.000,1.000,,2D_GHA_CIR_21/NOMINAL - CS_GH - C-Zone - YZ - Nominal
Circle,JKM_CIR_22,DIAM,14.075,14.000,0.075,-0.100,0.100,,
Circle,JKM_CIR_22,X,23.649,23.540,0.109,,,,
Circle,JKM_CIR_22,Z,-0.455,0.000,-0.455,,,,
Pos. Tol.,POS_22,PTOL,0.935,0.000,0.935,0.000,1.500,,JKM_CIR_22/NOMINAL - CS_JKM_BF - C-Zone - XZ - Nominal
Circle,JKM_CIR_23,DIAM,14.118,14.050,0.068,-0.100,0.100,,
Circle,JKM_CIR_23,X,23.609,23.540,0.069,,,,
Circle,JKM_CIR_23,Z,-110.583,-110.600,0.017,,,,
Pos. Tol.,POS_23,PTOL,0.141,0.000,0.141,0.000,1.500,,JKM_CIR_23/NOMINAL - CS_JKM_BF - C-Zone - XZ - Nominal
Circle,JKM_CIR_24,DIAM,14.098,14.050,0.048,-0.100,0.100,,
Circle,JKM_CIR_24,X,23.849,23.540,0.309,,,,
Circle,JKM_CIR_24,Z,-220.965,-221.200,0.235,,,,
Pos. Tol.,POS_24,PTOL,0.777,0.000,0.777,0.000,1.500,,JKM_CIR_24/NOMINAL - CS_JKM_BF - C-Zone - XZ - Nominal
Circle,JKM_CIR_25,DIAM,14.098,14.050,0.048,-0.100,0.100,,
Circle,JKM_CIR_25,X,23.803,23.540,0.263,,,,
Circle,JKM_CIR_25,Z,-331.182,-331.800,0.618,,,,
Pos. Tol.,POS_25,PTOL,1.344,0.000,1.344,0.000,1.500,,JKM_CIR_25/NOMINAL - CS_JKM_BF - C-Zone - XZ - Nominal
Circle,CIR_26,DIAM,4.885,4.960,-0.075,-0.100,0.100,,Criterion : Least Square (From 6 Pts On PL_26) 
Circle,CIR_26,X,41.789,42.250,-0.461,,,,
Circle,CIR_26,Y,81.562,81.850,-0.288,,,,
Circle,CIR_26,Z,-41.412,-41.100,-0.312,,,,
Pos. Tol.,POS_26,PTOL,1.253,0.000,1.253,0.000,2.000,,CIR_26/NOMINAL - CS_ABC - C-Zone - XYZ - Nominal
Circle,CIR_27,DIAM,4.950,4.960,-0.010,-0.100,0.100,,Criterion : Least Square (From 6 Pts On PL_27) 
Circle,CIR_27,X,41.434,42.250,-0.816,,,,
Circle,CIR_27,Y,81.921,81.850,0.071,,,,
Circle,CIR_27,Z,-152.006,-151.700,-0.306,,,,
Pos. Tol.,POS_27,PTOL,1.749,0.000,1.749,0.000,2.000,,CIR_27/NOMINAL - CS_ABC - C-Zone - XYZ - Nominal
Circle,CIR_28,DIAM,4.921,4.960,-0.039,-0.100,0.100,,Criterion : Least Square (From 6 Pts On PL_28) 
Circle,CIR_28,X,41.593,42.250,-0.657,,,,
Circle,CIR_28,Y,81.813,81.850,-0.037,,,,
Circle,CIR_28,Z,-261.948,-262.300,0.352,,,,
Pos. Tol.,POS_28,PTOL,1.493,0.000,1.493,0.000,2.000,,CIR_28/NOMINAL - CS_ABC - C-Zone - XYZ - Nominal
Circle,CIR_29,DIAM,4.903,4.960,-0.057,-0.100,0.100,,Criterion : Least Square (From 6 Pts On PL_29) 
Circle,CIR_29,X,41.558,42.250,-0.692,,,,
Circle,CIR_29,Y,82.008,81.850,0.158,,,,
Circle,CIR_29,Z,-372.462,-372.900,0.438,,,,
Pos. Tol.,POS_29,PTOL,1.668,0.000,1.668,0.000,2.000,,CIR_29/NOMINAL - CS_ABC - C-Zone - XYZ - Nominal
Circle,2D_CIR_26,X,0.140,0.000,0.140,,,,
Circle,2D_CIR_26,Z,-0.355,0.000,-0.355,,,,
Pos. Tol.,POS_2D_26,PTOL,0.763,0.000,0.763,0.000,1.000,,2D_CIR_26/NOMINAL - CS_JKM_BF - C-Zone - XZ - Nominal
Circle,2D_CIR_27,X,-0.243,0.000,-0.243,,,,
Circle,2D_CIR_27,Z,-110.949,-110.600,-0.349,,,,
Pos. Tol.,POS_2D_27,PTOL,0.850,0.000,0.850,0.000,1.000,,2D_CIR_27/NOMINAL - CS_JKM_BF - C-Zone - XZ - Nominal
Circle,2D_CIR_28,X,0.066,0.000,0.066,,,,
Circle,2D_CIR_28,Z,-220.891,-221.200,0.309,,,,
Pos. Tol.,POS_2D_28,PTOL,0.632,0.000,0.632,0.000,1.000,,2D_CIR_28/NOMINAL - CS_JKM_BF - C-Zone - XZ - Nominal
Circle,2D_CIR_29,X,0.037,0.000,0.037,,,,
Circle,2D_CIR_29,Z,-331.405,-331.800,0.395,,,,
Pos. Tol.,POS_2D_29,PTOL,0.793,0.000,0.793,0.000,1.000,,2D_CIR_29/NOMINAL - CS_JKM_BF - C-Zone - XZ - Nominal
Circle,CIR_30,DIAM,6.764,6.750,0.014,-0.100,0.100,,Criterion : Least Square (From 6 Pts On PL_PLAST_30) 
Circle,CIR_30,Y,15.457,15.633,-0.176,,,,
Circle,CIR_30,Z,-65.290,-65.019,-0.271,,,,
Pos. Tol.,POS_30,PTOL,0.646,0.000,0.646,0.000,2.000,,CIR_30/NOMINAL - CS_ABC - C-Zone - YZ - Nominal
Circle,CIR_31,DIAM,6.795,6.750,0.045,-0.100,0.100,,Criterion : Least Square (From 6 Pts On PL_PLAST_31) 
Circle,CIR_31,Y,15.690,15.564,0.126,,,,
Circle,CIR_31,Z,-175.007,-175.015,0.008,,,,
Pos. Tol.,POS_31,PTOL,0.252,0.000,0.252,0.000,2.000,,CIR_31/NOMINAL - CS_ABC - C-Zone - YZ - Nominal
Circle,CIR_32,DIAM,6.794,6.750,0.044,-0.100,0.100,,Criterion : Least Square (From 6 Pts On PL_PLAST_32) 
Circle,CIR_32,Y,15.558,15.564,-0.007,,,,
Circle,CIR_32,Z,-285.785,-286.015,0.230,,,,
Pos. Tol.,POS_32,PTOL,0.460,0.000,0.460,0.000,2.000,,CIR_32/NOMINAL - CS_ABC - C-Zone - YZ - Nominal
Circle,CIR_33,DIAM,6.722,6.750,-0.028,-0.100,0.100,,Criterion : Least Square (From 8 Pts On PL_PLAST_33) 
Circle,CIR_33,Y,15.806,15.565,0.242,,,,
Circle,CIR_33,Z,-401.073,-402.034,0.961,,,,
Pos. Tol.,POS_33,PTOL,1.983,0.000,1.983,0.000,2.000,,CIR_33/NOMINAL - CS_ABC - C-Zone - YZ - Nominal
Flatness,FLATNESS_R,FLTN,0.154,0.000,0.154,0.000,0.250,,CS_ABC
Circle,CIR_34,DIAM,7.937,8.000,-0.063,-0.100,0.100,,Criterion : Least Square (From 10 Pts On CS_ABC) 
Circle,CIR_34,X,31.992,31.994,-0.002,,,,
Circle,CIR_34,Y,117.785,118.547,-0.762,,,,
Circle,CIR_34,Z,-365.732,-365.869,0.137,,,,
Pos. Tol.,POS_34,PTOL,1.549,0.000,1.549,0.000,2.500,,CIR_34/NOMINAL - CS_ABC - C-Zone - XYZ - Nominal
Circle,2D_CIR_35,Y,12.907,13.000,-0.093,,,,
Circle,2D_CIR_35,Z,0.003,0.000,0.003,,,,
Pos. Tol.,POS_2D_35,PTOL,0.187,0.000,0.187,0.000,0.500,,2D_CIR_35/NOMINAL - CS_RS_BF - C-Zone - YZ - Nominal
Circle,2D_CIR_36,Y,-12.921,-13.000,0.079,,,,
Circle,2D_CIR_36,Z,0.003,0.000,0.003,,,,
Pos. Tol.,POS_2D_36,PTOL,0.159,0.000,0.159,0.000,0.500,,2D_CIR_36/NOMINAL - CS_RS_BF - C-Zone - YZ - Nominal
Circle,CIR_37,DIAM,10.498,10.390,0.108,0.000,0.130,,Criterion : Least Square (From 12 Pts On PL_PLAST_37) 
Circle,CIR_37,X,-201.275,-201.200,-0.075,,,,
Circle,CIR_37,Y,75.222,75.457,-0.235,,,,
Pos. Tol.,POS_37,PTOL,0.493,0.000,0.493,0.000,3.500,,CIR_37/NOMINAL - CS_ABC - C-Zone - XY - Nominal
Flatness,FLATNESS_D,FLTN,0.299,0.000,0.299,0.000,0.400,,PL_DATUM_D
Distance,PROF_D,Z,-6.688,-6.000,-0.688,-1.500,1.500,,CIR_38 - ORIGIN / CS_ABC
Circle,CIR_39,DIAM,4.913,4.980,-0.067,-0.100,0.100,,Criterion : Least Square (From 6 Pts On PL_PLAST_39) 
Circle,CIR_39,X,-170.607,-171.258,0.651,,,,
Circle,CIR_39,Y,94.193,94.550,-0.357,,,,
Pos. Tol.,POS_39,PTOL,1.486,0.000,1.486,0.000,3.000,,CIR_39/NOMINAL - CS_ABC - C-Zone - XY - Nominal
Circle,CIR_40,DIAM,4.915,4.980,-0.065,-0.100,0.100,,Criterion : Least Square (From 6 Pts On PL_PLAST_40) 
Circle,CIR_40,X,-103.609,-104.259,0.649,,,,
Circle,CIR_40,Y,97.386,98.050,-0.664,,,,
Pos. Tol.,POS_40,PTOL,1.858,0.000,1.858,0.000,3.000,,CIR_40/NOMINAL - CS_ABC - C-Zone - XY - Nominal
Circle,CIR_41,DIAM,4.894,4.980,-0.086,-0.200,0.100,,Criterion : Least Square (From 6 Pts On PL_PLAST_41) 
Circle,CIR_41,X,-102.968,-103.258,0.290,,,,
Circle,CIR_41,Y,25.871,26.550,-0.679,,,,
Pos. Tol.,POS_41,PTOL,1.476,0.000,1.476,0.000,3.000,,CIR_41/NOMINAL - CS_ABC - C-Zone - XY - Nominal
Circle,CIR_42,DIAM,4.883,4.980,-0.097,-0.100,0.100,,Criterion : Least Square (From 6 Pts On PL_PLAST_42) 
Circle,CIR_42,X,-171.014,-171.258,0.244,,,,
Circle,CIR_42,Y,26.180,26.550,-0.370,,,,
Pos. Tol.,POS_42,PTOL,0.887,0.000,0.887,0.000,3.000,,CIR_42/NOMINAL - CS_ABC - C-Zone - XY - Nominal
Circle,2D_CIR_38,DIAM,62.987,63.000,-0.013,-0.500,0.500,,
Circle,2D_CIR_38,X,-34.056,-34.000,-0.056,,,,
Circle,2D_CIR_38,Y,33.914,34.000,-0.086,,,,
Pos. Tol.,POS_2D_38,PTOL,0.206,0.000,0.206,0.000,1.000,,2D_CIR_38/NOMINAL - CS_DEF_BF - C-Zone - XY - Nominal
Circle,2D_CIR_39,X,-67.961,-68.000,0.039,,,,
Circle,2D_CIR_39,Y,68.012,68.000,0.012,,,,
Pos. Tol.,POS_2D_39,PTOL,0.082,0.000,0.082,0.000,0.500,,2D_CIR_39/NOMINAL - CS_DEF_BF - C-Zone - XY - Nominal
Circle,2D_CIR_40,X,-0.980,-1.000,0.020,,,,
Circle,2D_CIR_40,Y,71.543,71.500,0.043,,,,
Pos. Tol.,POS_2D_40,PTOL,0.095,0.000,0.095,0.000,0.500,,2D_CIR_40/NOMINAL - CS_DEF_BF - C-Zone - XY - Nominal
Circle,2D_CIR_41,X,0.021,0.000,0.021,,,,
Circle,2D_CIR_41,Y,0.033,0.000,0.033,,,,
Pos. Tol.,POS_2D_41,PTOL,0.078,0.000,0.078,0.000,0.500,,2D_CIR_41/NOMINAL - CS_DEF_BF - C-Zone - XY - Nominal
Circle,2D_CIR_42,X,-68.025,-68.000,-0.025,,,,
Circle,2D_CIR_42,Y,-0.002,0.000,-0.002,,,,
Pos. Tol.,POS_2D_42,PTOL,0.049,0.000,0.049,0.000,0.500,,2D_CIR_42/NOMINAL - CS_DEF_BF - C-Zone - XY - Nominal
Distance,WIDTH_TB1,D1,2.934,3.000,-0.066,-0.150,0.150,,P0W2.5_1.1 - PIW2.5_1.1 / CS_DEF_BF
Distance,WIDTH_TB2,D1,3.007,3.000,0.007,-0.150,0.150,,P0W2.5_1.2 - PIW2.5_1.2 / CS_DEF_BF
Distance,WIDTH_TB3,D1,3.059,3.000,0.059,-0.150,0.150,,P0W2.5_1.3 - PIW2.5_1.3 / CS_DEF_BF
Distance,WIDTH_TB4,D1,2.974,3.000,-0.026,-0.150,0.150,,P0W2.5_1.4 - PIW2.5_1.4 / CS_DEF_BF
Distance,WIDTH_TB5,D1,3.019,3.000,0.019,-0.150,0.150,,P0W2.5_1.5 - PIW2.5_1.5 / CS_DEF_BF
Distance,WIDTH_TB6,D1,2.959,3.000,-0.041,-0.150,0.150,,P0W2.5_1.6 - PIW2.5_1.6 / CS_DEF_BF
Distance,WIDTH_TB7,D1,3.043,3.000,0.043,-0.150,0.150,,P0W2.5_1.7 - PIW2.5_1.7 / CS_DEF_BF
Distance,WIDTH_TB8,D1,2.848,2.850,-0.002,-0.150,0.150,,P0W2.5_1.8 - PIW2.5_1.8 / CS_DEF_BF
Distance,WIDTH_TB9,D1,2.972,3.000,-0.028,-0.150,0.150,,P0W2.5_1.9 - PIW2.5_1.9 / CS_DEF_BF
Distance,WIDTH_TB10,D1,2.926,2.950,-0.024,-0.150,0.150,,P0W2.5_1.10 - PIW2.5_1.10 / CS_DEF_BF
Distance,WIDTH_TB11,D1,3.002,3.000,0.002,-0.150,0.150,,P0W2.5_1.11 - PIW2.5_1.11 / CS_DEF_BF
Distance,WIDTH_TB12,D1,3.127,3.100,0.027,-0.150,0.150,,P0W2.5_1.12 - PIW2.5_1.12 / CS_DEF_BF
Distance,WIDTH_TB13,D1,3.129,3.050,0.079,-0.150,0.150,,P0W2.5_1.13 - PIW2.5_1.13 / CS_DEF_BF
Distance,WIDTH_TB14,D1,3.048,3.000,0.048,-0.150,0.150,,P0W2.5_1.14 - PIW2.5_1.14 / CS_DEF_BF
Distance,WIDTH_TB15,D1,2.932,2.950,-0.018,-0.150,0.150,,P0W2.5_1.15 - PIW2.5_1.15 / CS_DEF_BF
Distance,DEPTH_TB1,D1,4.923,5.000,-0.077,-0.250,0.250,,PTB_BOT_1.1 - PL_DATUM_D / CS_DEF_BF
Distance,DEPTH_TB2,D1,4.914,5.000,-0.086,-0.250,0.250,,PTB_BOT_1.2 - PL_DATUM_D / CS_DEF_BF
Distance,DEPTH_TB3,D1,5.029,5.000,0.029,-0.250,0.250,,PTB_BOT_1.3 - PL_DATUM_D / CS_DEF_BF
Distance,DEPTH_TB4,D1,5.008,5.000,0.008,-0.250,0.250,,PTB_BOT_1.4 - PL_DATUM_D / CS_DEF_BF
Distance,DEPTH_TB5,D1,4.976,5.000,-0.024,-0.250,0.250,,PTB_BOT_1.5 - PL_DATUM_D / CS_DEF_BF
Distance,DEPTH_TB6,D1,4.999,5.000,-0.001,-0.250,0.250,,PTB_BOT_1.6 - PL_DATUM_D / CS_DEF_BF
Distance,DEPTH_TB7,D1,4.984,5.000,-0.016,-0.250,0.250,,PTB_BOT_1.7 - PL_DATUM_D / CS_DEF_BF
Distance,DEPTH_TB8,D1,5.018,5.000,0.018,-0.250,0.250,,PTB_BOT_1.8 - PL_DATUM_D / CS_DEF_BF
Distance,DEPTH_TB9,D1,5.088,5.000,0.088,-0.250,0.250,,PTB_BOT_1.9 - PL_DATUM_D / CS_DEF_BF
Distance,DEPTH_TB10,D1,5.135,5.000,0.135,-0.250,0.250,,PTB_BOT_1.10 - PL_DATUM_D / CS_DEF_BF
Distance,DEPTH_TB11,D1,5.136,5.000,0.136,-0.250,0.250,,PTB_BOT_1.11 - PL_DATUM_D / CS_DEF_BF
Distance,DEPTH_TB12,D1,5.089,5.000,0.089,-0.250,0.250,,PTB_BOT_1.12 - PL_DATUM_D / CS_DEF_BF
Distance,DEPTH_TB13,D1,5.006,5.000,0.006,-0.250,0.250,,PTB_BOT_1.13 - PL_DATUM_D / CS_DEF_BF
Distance,DEPTH_TB14,D1,4.949,5.000,-0.051,-0.250,0.250,,PTB_BOT_1.14 - PL_DATUM_D / CS_DEF_BF
Distance,DEPTH_TB15,D1,4.949,5.000,-0.051,-0.250,0.250,,PTB_BOT_1.15 - PL_DATUM_D / CS_DEF_BF
