Feat. Type,Feat. Name,Value,Actual,Nominal,Dev.,Tol-,Tol+,Out of Tol.,Comment
Text/Value,VAR_PROGRAM,VAL,,,,,,,'N:\Metrolog XG\Programmes\GM Twin Turbo\GM Twin Turbo Boss Height Free State (Module 51).gm2'
Text/Value,VAR_EVENEMENT,VAL,,,,,,,'Validation FIP 06091 et 05760'
Text/Value,VAR_COMMENTAIRES,VAL,,,,,,,'284B'
Distance,BOSS_HEIGHT_1,D1,26.596,26.800,-0.204,-0.400,0.000,,CIR_FL_1 - CIR_TOP_1 / CS_A_BF_CL
Distance,BOSS_HEIGHT_2,D1,26.619,26.800,-0.181,-0.400,0.000,,CIR_FL_2 - CIR_TOP_2 / CS_A_BF_CL
Distance,BOSS_HEIGHT_3,D1,26.554,26.800,-0.246,-0.400,0.000,,CIR_FL_3 - CIR_TOP_3 / CS_A_BF_CL
Distance,BOSS_HEIGHT_4,D1,85.310,85.500,-0.190,-0.400,0.000,,CIR_FL_4 - CIR_TOP_4 / CS_A_BF_CL
Distance,BOSS_HEIGHT_5,D1,85.410,85.500,-0.090,-0.400,0.000,,CIR_FL_5 - CIR_TOP_5 / CS_A_BF_CL
Distance,BOSS_HEIGHT_6,D1,26.579,26.800,-0.221,-0.400,0.000,,CIR_FL_6 - CIR_TOP_6 / CS_A_BF_CL
Distance,BOSS_HEIGHT_7,D1,26.605,26.800,-0.195,-0.400,0.000,,CIR_FL_7 - CIR_TOP_7 / CS_A_BF_CL
Distance,BOSS_HEIGHT_8,D1,26.600,26.800,-0.200,-0.400,0.000,,CIR_FL_8 - CIR_TOP_8 / CS_A_BF_CL
Distance,BOSS_HEIGHT_9,D1,26.523,26.800,-0.277,-0.400,0.000,,CIR_FL_9 - CIR_TOP_9 / CS_A_BF_CL
Distance,BOSS_HEIGHT_10,D1,85.249,85.500,-0.251,-0.400,0.000,,CIR_FL_10 - CIR_TOP_10 / CS_A_BF_CL
Distance,BOSS_HEIGHT_11,D1,85.093,85.500,-0.407,-0.400,0.000,-0.007,CIR_FL_11 - CIR_TOP_11 / CS_A_BF_CL
Distance,BOSS_HEIGHT_12,D1,26.454,26.800,-0.346,-0.400,0.000,,CIR_FL_12 - CIR_TOP_12 / CS_A_BF_CL
