Feat. Type,Feat. Name,Value,Actual,Nominal,Dev.,Tol-,Tol+,Out of Tol.,Comment
Text/Value,VAR_PROGRAM,VAL,,,,,,,'N:\Metrolog XG\Programmes\D-35\D-35 Hauteur Plastic Crush Rib Moule 2 (Module 44).gm2'
Text/Value,VAR_EVENEMENT,VAL,,,,,,,'FIP-05631'
Text/Value,VAR_COMMENTAIRES,VAL,,,,,,,'303 C'
Circle,CIR_3_FL,X,123.852,124.294,-0.442,,,,Criterion : Least Square (From 6 Pts On PL_PLAST_FL_3) 
Circle,CIR_3_FL,Z,-30.128,-30.147,0.019,,,,
Pos. Tol.,POS_3_FLANGE,PTOL,0.885,0.000,0.885,0.000,1.000,,CIR_3_FL/NOMINAL - CS_ABC - C-Zone - XZ - Nominal
Circle,CIR_3_TOP,X,124.390,124.294,0.096,,,,Criterion : Least Square (From 6 Pts On PL_PLAST_TOP_3) 
Circle,CIR_3_TOP,Z,-29.087,-30.147,1.060,,,,
Pos. Tol.,POS_3_TOP,PTOL,2.129,0.000,2.129,0.000,2.000,0.129,CIR_3_TOP/NOMINAL - CS_ABC - C-Zone - XZ - Nominal
Distance,PLASTIC_HEIGHT,D1,100.349,100.350,-0.001,-0.300,0.300,,CIR_3_FL - CIR_3_TOP / CS_ABC
