Feat. Type,Feat. Name,Value,Actual,Nominal,Dev.,Tol-,Tol+,Out of Tol.,Comment
Text/Value,VAR_PROGRAM,VAL,,,,,,,'N:\Metrolog XG\Programmes\GM HF FWD GEN II E2xx\GM HF FWD Gen II E2xx Complete (Module 64).gm2'
Text/Value,VAR_EVENEMENT,VAL,,,,,,,'D�m   293 C nid 2'
Text/Value,VAR_COMMENTAIRES,VAL,,,,,,,'294 A  TEST 2'
Text/Value,PROFILE_DATUM_A,VAL,0.474882,0.000000,0.474882,0.000000,1.000000,,
Text/Value,PROFILE_DATUM_B,VAL,0.425835,0.000000,0.425835,0.000000,1.000000,,
Distance,WIDTH_C,D1,8.757,8.860,-0.103,-0.150,0.150,,SRF_C_TOP - SRF_C_DOWN / CS_ABC_BF
Pos. Tol.,POS_1,PTOL,0.910,0.000,0.910,0.000,2.000,,CIR1/NOMINAL - CS_ABC_BF_CL - C-Zone - XZ - Nominal
Pos. Tol.,POS_2,PTOL,1.180,0.000,1.180,0.000,2.000,,CIR2/NOMINAL - CS_ABC_BF_CL - C-Zone - XZ - Nominal
Pos. Tol.,POS_3,PTOL,0.908,0.000,0.908,0.000,2.000,,CIR3/NOMINAL - CS_ABC_BF_CL - C-Zone - XZ - Nominal
Pos. Tol.,POS_4,PTOL,0.843,0.000,0.843,0.000,2.000,,CIR4/NOMINAL - CS_ABC_BF_CL - C-Zone - XZ - Nominal
Pos. Tol.,POS_5,PTOL,1.274,0.000,1.274,0.000,2.000,,CIR5/NOMINAL - CS_ABC_BF_CL - C-Zone - XZ - Nominal
Pos. Tol.,POS_6,PTOL,0.402,0.000,0.402,0.000,2.000,,CIR6/NOMINAL - CS_ABC_BF_CL - C-Zone - XZ - Nominal
Pos. Tol.,POS_7,PTOL,1.125,0.000,1.125,0.000,2.000,,CIR7/NOMINAL - CS_ABC_BF_CL - C-Zone - XZ - Nominal
Pos. Tol.,POS_8,PTOL,1.376,0.000,1.376,0.000,2.600,,CIR8/NOMINAL - CS_ABC_BF_CL - C-Zone - XZ - Nominal
Pos. Tol.,POS_9,PTOL,0.845,0.000,0.845,0.000,2.000,,CIR9/NOMINAL - CS_ABC_BF_CL - C-Zone - XZ - Nominal
Circle,CIR1,DIAM,15.079,15.150,-0.071,-0.100,0.150,,From 4 Pts On PL_PLAST_1
Circle,CIR1,X,-52.375,-52.000,-0.375,,,,
Circle,CIR1,Y,85.201,85.240,-0.039,,,,
Circle,CIR1,Z,-155.242,-155.500,0.258,,,,
Circle,CIR2,DIAM,15.040,15.000,0.040,-0.100,0.100,,From 4 Pts On PL_PLAST_2
Circle,CIR2,X,-52.557,-52.000,-0.557,,,,
Circle,CIR2,Y,85.444,85.240,0.204,,,,
Circle,CIR2,Z,-61.195,-61.000,-0.195,,,,
Circle,CIR3,DIAM,15.072,15.150,-0.078,-0.100,0.150,,From 4 Pts On PL_PLAST_3
Circle,CIR3,X,-52.215,-52.000,-0.215,,,,
Circle,CIR3,Y,85.331,85.240,0.091,,,,
Circle,CIR3,Z,45.400,45.000,0.400,,,,
Circle,CIR4,DIAM,15.050,15.000,0.050,-0.100,0.100,,From 4 Pts On PL_PLAST_4
Circle,CIR4,X,-52.259,-52.000,-0.259,,,,
Circle,CIR4,Y,84.984,85.240,-0.256,,,,
Circle,CIR4,Z,151.332,151.000,0.332,,,,
Circle,CIR5,DIAM,14.995,15.000,-0.005,-0.100,0.100,,From 4 Pts On PL_PLAST_5
Circle,CIR5,X,51.404,52.000,-0.596,,,,
Circle,CIR5,Y,85.211,85.240,-0.029,,,,
Circle,CIR5,Z,112.276,112.500,-0.224,,,,
Circle,CIR6,DIAM,14.956,15.000,-0.044,-0.100,0.100,,From 4 Pts On PL_PLAST_6
Circle,CIR6,X,51.806,52.000,-0.194,,,,
Circle,CIR6,Y,85.054,85.240,-0.186,,,,
Circle,CIR6,Z,17.947,18.000,-0.053,,,,
Circle,CIR7,DIAM,14.977,15.000,-0.023,-0.100,0.100,,From 4 Pts On PL_PLAST_7
Circle,CIR7,X,52.503,52.000,0.503,,,,
Circle,CIR7,Y,84.824,85.240,-0.416,,,,
Circle,CIR7,Z,-88.252,-88.000,-0.252,,,,
Circle,CIR8,DIAM,15.018,15.000,0.018,-0.100,0.100,,From 4 Pts On PL_PLAST_8
Circle,CIR8,X,52.646,52.000,0.646,,,,
Circle,CIR8,Y,84.747,85.240,-0.493,,,,
Circle,CIR8,Z,-194.238,-194.000,-0.238,,,,
Circle,CIR9,DIAM,12.758,12.700,0.058,-0.100,0.100,,From 4 Pts On PL_PLAST_9
Circle,CIR9,X,269.838,270.260,-0.422,,,,
Circle,CIR9,Y,42.366,45.720,-3.354,,,,
Circle,CIR9,Z,102.972,103.000,-0.028,,,,
Profile of Line,PROFILE_VERTICAL_OP_1,PRFL,1.649,0.000,1.649,0.000,1.500,0.149,SECTION_VERTICAL_OP_1
Profile of Line,PROFILE_VERTICAL_OP_2,PRFL,2.075,0.000,2.075,0.000,1.200,0.875,SECTION_VERTICAL_OP_2
Profile of Line,PROFILE_VERTICAL_OP_3,PRFL,1.302,0.000,1.302,0.000,1.500,,SECTION_VERTICAL_OP_3
Profile of Line,PROFILE_VERTICAL_OP_4,PRFL,1.706,0.000,1.706,0.000,1.200,0.506,SECTION_VERTICAL_OP_4
Profile of Line,PROFILE_VERTICAL_OP_5,PRFL,1.518,0.000,1.518,0.000,1.200,0.318,SECTION_VERTICAL_OP_5
Profile of Line,PROFILE_VERTICAL_OP_6,PRFL,1.138,0.000,1.138,0.000,1.200,,SECTION_VERTICAL_OP_6
Profile of Line,PROFILE_HORIZONTAL_OP_1,PRFL,2.075,0.000,2.075,0.000,2.000,0.075,SECTION_HORIZONTAL_OP_1
Profile of Line,PROFILE_HORIZONTAL_OP_2,PRFL,1.765,0.000,1.765,0.000,2.000,,SECTION_HORIZONTAL_OP_2
Profile of Line,PROFILE_HORIZONTAL_OP_3,PRFL,1.119,0.000,1.119,0.000,2.000,,SECTION_HORIZONTAL_OP_3
Profile of Line,PROFILE_HORIZONTAL_OP_4,PRFL,2.165,0.000,2.165,0.000,2.000,0.165,SECTION_HORIZONTAL_OP_4
Profile of Line,PROFILE_HORIZONTAL_OP_5,PRFL,1.368,0.000,1.368,0.000,2.000,,SECTION_HORIZONTAL_OP_5
Profile of Line,PROFILE_HORIZONTAL_OP_6,PRFL,1.489,0.000,1.489,0.000,2.000,,SECTION_HORIZONTAL_OP_6
Distance,OP1_WIDTH_1,D1,3.824,3.900,-0.076,-0.150,0.150,,OP1_PT1_OW_GAGE - OP1_PT1_IW_GAGE / CS_BF_OP1
Distance,OP1_WIDTH_2,D1,3.844,3.900,-0.056,-0.150,0.150,,OP1_PT2_OW_GAGE - OP1_PT2_IW_GAGE / CS_BF_OP1
Distance,OP1_WIDTH_3,D1,3.791,3.900,-0.109,-0.200,0.150,,OP1_PT3_OW_GAGE - OP1_PT3_IW_GAGE / CS_BF_OP1
Distance,OP1_WIDTH_4,D1,3.794,3.900,-0.106,-0.150,0.150,,OP1_PT4_OW_GAGE - OP1_PT4_IW_GAGE / CS_BF_OP1
Distance,OP1_WIDTH_5,D1,3.903,3.900,0.003,-0.150,0.150,,OP1_PT5_OW_GAGE - OP1_PT5_IW_GAGE / CS_BF_OP1
Distance,OP1_WIDTH_6,D1,3.769,3.900,-0.131,-0.200,0.150,,OP1_PT6_OW_GAGE - OP1_PT6_IW_GAGE / CS_BF_OP1
Distance,OP1_WIDTH_7,D1,3.839,3.900,-0.061,-0.150,0.150,,OP1_PT7_OW_GAGE - OP1_PT7_IW_GAGE / CS_BF_OP1
Distance,OP1_WIDTH_8,D1,3.876,3.900,-0.024,-0.150,0.150,,OP1_PT8_OW_GAGE - OP1_PT8_IW_GAGE / CS_BF_OP1
Distance,OP1_DEPTH_1,D1,5.958,6.000,-0.042,-0.150,0.400,,PL_FIXTURE_A - OP1_PT1_DEPTH / CS_BF_OP1
Distance,OP1_DEPTH_2,D1,5.885,6.000,-0.115,-0.150,0.150,,PL_FIXTURE_A - OP1_PT2_DEPTH / CS_BF_OP1
Distance,OP1_DEPTH_3,D1,5.858,6.000,-0.142,-0.300,0.150,,PL_FIXTURE_A - OP1_PT3_DEPTH / CS_BF_OP1
Distance,OP1_DEPTH_4,D1,5.915,6.000,-0.085,-0.150,0.150,,PL_FIXTURE_A - OP1_PT4_DEPTH / CS_BF_OP1
Distance,OP1_DEPTH_5,D1,6.014,6.000,0.014,-0.150,0.150,,PL_FIXTURE_A - OP1_PT5_DEPTH / CS_BF_OP1
Distance,OP1_DEPTH_6,D1,5.939,6.000,-0.061,-0.300,0.150,,PL_FIXTURE_A - OP1_PT6_DEPTH / CS_BF_OP1
Distance,OP1_DEPTH_7,D1,6.026,6.000,0.026,-0.150,0.150,,PL_FIXTURE_A - OP1_PT7_DEPTH / CS_BF_OP1
Distance,OP1_DEPTH_8,D1,6.206,6.000,0.206,-0.150,0.400,,PL_FIXTURE_A - OP1_PT8_DEPTH / CS_BF_OP1
Distance,OP2_WIDTH_1,D1,3.734,3.900,-0.166,-0.200,0.150,,OP2_PT1_OW_GAGE - OP2_PT1_IW_GAGE / CS_BF_OP2
Distance,OP2_WIDTH_2,D1,3.766,3.900,-0.134,-0.200,0.150,,OP2_PT2_OW_GAGE - OP2_PT2_IW_GAGE / CS_BF_OP2
Distance,OP2_WIDTH_4,D1,3.772,3.900,-0.128,-0.200,0.150,,OP2_PT4_OW_GAGE - OP2_PT4_IW_GAGE / CS_BF_OP2
Distance,OP2_WIDTH_5,D1,3.829,3.900,-0.071,-0.150,0.150,,OP2_PT5_OW_GAGE - OP2_PT5_IW_GAGE / CS_BF_OP2
Distance,OP2_WIDTH_7,D1,3.877,3.900,-0.023,-0.150,0.150,,OP2_PT7_OW_GAGE - OP2_PT7_IW_GAGE / CS_BF_OP2
Distance,OP2_WIDTH_8,D1,3.791,3.900,-0.109,-0.150,0.150,,OP2_PT8_OW_GAGE - OP2_PT8_IW_GAGE / CS_BF_OP2
Distance,OP2_DEPTH_1,D1,5.892,6.000,-0.108,-0.300,0.150,,PL_FIXTURE_A - OP2_PT1_DEPTH / CS_BF_OP2
Distance,OP2_DEPTH_2,D1,6.021,6.000,0.021,-0.150,0.150,,PL_FIXTURE_A - OP2_PT2_DEPTH / CS_BF_OP2
Distance,OP2_DEPTH_3,D1,5.923,6.000,-0.077,-0.150,0.150,,PL_FIXTURE_A - OP2_PT3_DEPTH / CS_BF_OP2
Distance,OP2_DEPTH_4,D1,5.938,6.000,-0.062,-0.150,0.150,,PL_FIXTURE_A - OP2_PT4_DEPTH / CS_BF_OP2
Distance,OP2_DEPTH_5,D1,6.025,6.000,0.025,-0.150,0.150,,PL_FIXTURE_A - OP2_PT5_DEPTH / CS_BF_OP2
Distance,OP2_DEPTH_6,D1,6.028,6.000,0.028,-0.150,0.150,,PL_FIXTURE_A - OP2_PT6_DEPTH / CS_BF_OP2
Distance,OP2_DEPTH_7,D1,5.861,6.000,-0.139,-0.300,0.150,,PL_FIXTURE_A - OP2_PT7_DEPTH / CS_BF_OP2
Distance,OP2_DEPTH_8,D1,5.921,6.000,-0.079,-0.150,0.150,,PL_FIXTURE_A - OP2_PT8_DEPTH / CS_BF_OP2
Distance,OP3_WIDTH_1,D1,3.834,3.900,-0.066,-0.150,0.150,,OP3_PT1_OW_GAGE - OP3_PT1_IW_GAGE / CS_BF_OP3
Distance,OP3_WIDTH_2,D1,3.852,3.900,-0.048,-0.150,0.150,,OP3_PT2_OW_GAGE - OP3_PT2_IW_GAGE / CS_BF_OP3
Distance,OP3_WIDTH_3,D1,3.837,3.900,-0.063,-0.150,0.150,,OP3_PT3_OW_GAGE - OP3_PT3_IW_GAGE / CS_BF_OP3
Distance,OP3_WIDTH_4,D1,3.749,3.900,-0.151,-0.200,0.150,,OP3_PT4_OW_GAGE - OP3_PT4_IW_GAGE / CS_BF_OP3
Distance,OP3_WIDTH_5,D1,3.870,3.900,-0.030,-0.150,0.150,,OP3_PT5_OW_GAGE - OP3_PT5_IW_GAGE / CS_BF_OP3
Distance,OP3_WIDTH_6,D1,3.764,3.900,-0.136,-0.150,0.150,,OP3_PT6_OW_GAGE - OP3_PT6_IW_GAGE / CS_BF_OP3
Distance,OP3_WIDTH_7,D1,3.902,3.900,0.002,-0.150,0.150,,OP3_PT7_OW_GAGE - OP3_PT7_IW_GAGE / CS_BF_OP3
Distance,OP3_WIDTH_8,D1,3.866,3.900,-0.034,-0.150,0.150,,OP3_PT8_OW_GAGE - OP3_PT8_IW_GAGE / CS_BF_OP3
Distance,OP3_DEPTH_1,D1,5.955,6.000,-0.045,-0.300,0.150,,PL_FIXTURE_A - OP3_PT1_DEPTH / CS_BF_OP3
Distance,OP3_DEPTH_2,D1,6.085,6.000,0.085,-0.150,0.400,,PL_FIXTURE_A - OP3_PT2_DEPTH / CS_BF_OP3
Distance,OP3_DEPTH_3,D1,5.840,6.000,-0.160,-0.300,0.150,,PL_FIXTURE_A - OP3_PT3_DEPTH / CS_BF_OP3
Distance,OP3_DEPTH_4,D1,5.869,6.000,-0.131,-0.300,0.150,,PL_FIXTURE_A - OP3_PT4_DEPTH / CS_BF_OP3
Distance,OP3_DEPTH_5,D1,5.973,6.000,-0.027,-0.150,0.150,,PL_FIXTURE_A - OP3_PT5_DEPTH / CS_BF_OP3
Distance,OP3_DEPTH_6,D1,5.965,6.000,-0.035,-0.150,0.150,,PL_FIXTURE_A - OP3_PT6_DEPTH / CS_BF_OP3
Distance,OP3_DEPTH_7,D1,5.893,6.000,-0.107,-0.300,0.150,,PL_FIXTURE_A - OP3_PT7_DEPTH / CS_BF_OP3
Distance,OP3_DEPTH_8,D1,5.986,6.000,-0.014,-0.300,0.150,,PL_FIXTURE_A - OP3_PT8_DEPTH / CS_BF_OP3
Distance,OP4_WIDTH_2,D1,3.875,3.900,-0.025,-0.150,0.150,,OP4_PT2_OW_GAGE - OP4_PT2_IW_GAGE / CS_BF_OP4
Distance,OP4_WIDTH_3,D1,3.788,3.900,-0.112,-0.200,0.150,,OP4_PT3_OW_GAGE - OP4_PT3_IW_GAGE / CS_BF_OP4
Distance,OP4_WIDTH_4,D1,3.790,3.900,-0.110,-0.150,0.150,,OP4_PT4_OW_GAGE - OP4_PT4_IW_GAGE / CS_BF_OP4
Distance,OP4_WIDTH_5,D1,3.895,3.900,-0.005,-0.150,0.300,,OP4_PT5_OW_GAGE - OP4_PT5_IW_GAGE / CS_BF_OP4
Distance,OP4_WIDTH_6,D1,3.919,3.900,0.019,-0.150,0.150,,OP4_PT6_OW_GAGE - OP4_PT6_IW_GAGE / CS_BF_OP4
Distance,OP4_WIDTH_7,D1,3.885,3.900,-0.015,-0.150,0.150,,OP4_PT7_OW_GAGE - OP4_PT7_IW_GAGE / CS_BF_OP4
Distance,OP4_WIDTH_8,D1,3.749,3.900,-0.151,-0.200,0.150,,OP4_PT8_OW_GAGE - OP4_PT8_IW_GAGE / CS_BF_OP4
Distance,OP4_DEPTH_1,D1,6.029,6.000,0.029,-0.150,0.400,,PL_FIXTURE_B - OP4_PT1_DEPTH / CS_BF_OP4
Distance,OP4_DEPTH_2,D1,6.129,6.000,0.129,-0.150,0.400,,PL_FIXTURE_B - OP4_PT2_DEPTH / CS_BF_OP4
Distance,OP4_DEPTH_3,D1,6.146,6.000,0.146,-0.150,0.400,,PL_FIXTURE_B - OP4_PT3_DEPTH / CS_BF_OP4
Distance,OP4_DEPTH_4,D1,5.996,6.000,-0.004,-0.150,0.150,,PL_FIXTURE_B - OP4_PT4_DEPTH / CS_BF_OP4
Distance,OP4_DEPTH_5,D1,6.010,6.000,0.010,-0.150,0.150,,PL_FIXTURE_B - OP4_PT5_DEPTH / CS_BF_OP4
Distance,OP4_DEPTH_6,D1,5.972,6.000,-0.028,-0.150,0.150,,PL_FIXTURE_B - OP4_PT6_DEPTH / CS_BF_OP4
Distance,OP4_DEPTH_7,D1,6.005,6.000,0.005,-0.150,0.500,,PL_FIXTURE_B - OP4_PT7_DEPTH / CS_BF_OP4
Distance,OP4_DEPTH_8,D1,6.077,6.000,0.077,-0.150,0.400,,PL_FIXTURE_B - OP4_PT8_DEPTH / CS_BF_OP4
Distance,OP5_WIDTH_1,D1,3.742,3.900,-0.158,-0.200,0.150,,OP5_PT1_OW_GAGE - OP5_PT1_IW_GAGE / CS_BF_OP5
Distance,OP5_WIDTH_2,D1,3.904,3.900,0.004,-0.150,0.150,,OP5_PT2_OW_GAGE - OP5_PT2_IW_GAGE / CS_BF_OP5
Distance,OP5_WIDTH_3,D1,3.825,3.900,-0.075,-0.150,0.150,,OP5_PT3_OW_GAGE - OP5_PT3_IW_GAGE / CS_BF_OP5
Distance,OP5_WIDTH_4,D1,3.810,3.900,-0.090,-0.150,0.150,,OP5_PT4_OW_GAGE - OP5_PT4_IW_GAGE / CS_BF_OP5
Distance,OP5_WIDTH_5,D1,3.963,3.900,0.063,-0.150,0.400,,OP5_PT5_OW_GAGE - OP5_PT5_IW_GAGE / CS_BF_OP5
Distance,OP5_WIDTH_6,D1,3.890,3.900,-0.010,-0.150,0.150,,OP5_PT6_OW_GAGE - OP5_PT6_IW_GAGE / CS_BF_OP5
Distance,OP5_WIDTH_7,D1,3.917,3.900,0.017,-0.150,0.150,,OP5_PT7_OW_GAGE - OP5_PT7_IW_GAGE / CS_BF_OP5
Distance,OP5_WIDTH_8,D1,3.845,3.900,-0.055,-0.150,0.150,,OP5_PT8_OW_GAGE - OP5_PT8_IW_GAGE / CS_BF_OP5
Distance,OP5_DEPTH_3,D1,6.250,6.000,0.250,-0.150,0.400,,PL_FIXTURE_B - OP5_PT3_DEPTH / CS_BF_OP5
Distance,OP5_DEPTH_4,D1,6.076,6.000,0.076,-0.150,0.400,,PL_FIXTURE_B - OP5_PT4_DEPTH / CS_BF_OP5
Distance,OP5_DEPTH_5,D1,6.085,6.000,0.085,-0.150,0.400,,PL_FIXTURE_B - OP5_PT5_DEPTH / CS_BF_OP5
Distance,OP5_DEPTH_6,D1,6.043,6.000,0.043,-0.150,0.400,,PL_FIXTURE_B - OP5_PT6_DEPTH / CS_BF_OP5
Distance,OP5_DEPTH_7,D1,6.194,6.000,0.194,-0.150,0.400,,PL_FIXTURE_B - OP5_PT7_DEPTH / CS_BF_OP5
Distance,OP6_WIDTH_2,D1,3.835,3.900,-0.065,-0.150,0.150,,OP6_PT2_OW_GAGE - OP6_PT2_IW_GAGE / CS_BF_OP6
Distance,OP6_WIDTH_3,D1,3.844,3.900,-0.056,-0.150,0.150,,OP6_PT3_OW_GAGE - OP6_PT3_IW_GAGE / CS_BF_OP6
Distance,OP6_WIDTH_4,D1,3.846,3.900,-0.054,-0.150,0.150,,OP6_PT4_OW_GAGE - OP6_PT4_IW_GAGE / CS_BF_OP6
Distance,OP6_WIDTH_5,D1,3.964,3.900,0.064,-0.150,0.150,,OP6_PT5_OW_GAGE - OP6_PT5_IW_GAGE / CS_BF_OP6
Distance,OP6_WIDTH_6,D1,3.884,3.900,-0.016,-0.150,0.150,,OP6_PT6_OW_GAGE - OP6_PT6_IW_GAGE / CS_BF_OP6
Distance,OP6_WIDTH_7,D1,3.879,3.900,-0.021,-0.150,0.150,,OP6_PT7_OW_GAGE - OP6_PT7_IW_GAGE / CS_BF_OP6
Distance,OP6_WIDTH_8,D1,3.888,3.900,-0.012,-0.150,0.150,,OP6_PT8_OW_GAGE - OP6_PT8_IW_GAGE / CS_BF_OP6
Distance,OP6_DEPTH_1,D1,6.191,6.000,0.191,-0.150,0.400,,PL_FIXTURE_B - OP6_PT1_DEPTH / CS_BF_OP6
Distance,OP6_DEPTH_2,D1,6.196,6.000,0.196,-0.150,0.400,,PL_FIXTURE_B - OP6_PT2_DEPTH / CS_BF_OP6
Distance,OP6_DEPTH_3,D1,6.072,6.000,0.072,-0.150,0.150,,PL_FIXTURE_B - OP6_PT3_DEPTH / CS_BF_OP6
Distance,OP6_DEPTH_4,D1,5.954,6.000,-0.046,-0.150,0.150,,PL_FIXTURE_B - OP6_PT4_DEPTH / CS_BF_OP6
Distance,OP6_DEPTH_5,D1,5.968,6.000,-0.032,-0.150,0.150,,PL_FIXTURE_B - OP6_PT5_DEPTH / CS_BF_OP6
Distance,OP6_DEPTH_6,D1,5.980,6.000,-0.020,-0.150,0.150,,PL_FIXTURE_B - OP6_PT6_DEPTH / CS_BF_OP6
Distance,OP6_DEPTH_7,D1,6.149,6.000,0.149,-0.150,0.400,,PL_FIXTURE_B - OP6_PT7_DEPTH / CS_BF_OP6
Circle,CIR_A,DIAM,74.033,73.800,0.233,-0.500,0.500,,Criterion : Least Square (From 36 Pts On PL_PLAST_A) 
Circle,CIR_A,X,99.542,99.063,0.479,,,,
Circle,CIR_A,Y,176.759,177.324,-0.565,,,,
Circle,CIR_A,Z,208.246,208.274,-0.028,,,,
Circle,CIR_INS_11,X,116.251,116.161,0.089,,,,Criterion : Least Square (From 6 Pts On PL_INS_11) 
Circle,CIR_INS_11,Y,209.730,209.942,-0.212,,,,
Circle,CIR_INS_11,Z,243.840,243.644,0.195,,,,
Circle,CIR_INS_12,X,136.642,136.968,-0.326,,,,Criterion : Least Square (From 6 Pts On PL_INS_12) 
Circle,CIR_INS_12,Y,150.474,150.861,-0.387,,,,
Circle,CIR_INS_12,Z,237.078,236.898,0.179,,,,
Circle,CIR_INS_13,X,83.689,83.274,0.415,,,,Criterion : Least Square (From 6 Pts On PL_INS_13) 
Circle,CIR_INS_13,Y,139.232,139.206,0.026,,,,
Circle,CIR_INS_13,Z,173.006,173.360,-0.354,,,,
Circle,CIR_INS_14,X,63.296,62.363,0.933,,,,Criterion : Least Square (From 6 Pts On PL_INS_14) 
Circle,CIR_INS_14,Y,198.178,198.239,-0.061,,,,
Circle,CIR_INS_14,Z,179.934,180.203,-0.269,,,,
Circle,2D_CIR_INS_11,X,42.018,42.000,0.018,,,,
Circle,2D_CIR_INS_11,Y,29.105,29.000,0.105,,,,
Circle,2D_CIR_INS_12,X,41.818,42.000,-0.182,,,,
Circle,2D_CIR_INS_12,Y,-33.924,-34.000,0.076,,,,
Circle,2D_CIR_INS_13,X,-42.060,-42.000,-0.060,,,,
Circle,2D_CIR_INS_13,Y,-33.970,-34.000,0.030,,,,
Circle,2D_CIR_INS_14,X,-41.776,-42.000,0.224,,,,
Circle,2D_CIR_INS_14,Y,28.788,29.000,-0.212,,,,
Pos. Tol.,POS_11,PTOL,0.604,0.000,0.604,0.000,3.000,,CIR_INS_11/NOMINAL - CS_ABC_BF_CL - C-Zone - XYZ - Nominal
Pos. Tol.,POS_12,PTOL,1.074,0.000,1.074,0.000,3.000,,CIR_INS_12/NOMINAL - CS_ABC_BF_CL - C-Zone - XYZ - Nominal
Pos. Tol.,POS_13,PTOL,1.093,0.000,1.093,0.000,3.000,,CIR_INS_13/NOMINAL - CS_ABC_BF_CL - C-Zone - XYZ - Nominal
Pos. Tol.,POS_2D_11,PTOL,0.214,0.000,0.214,0.000,1.200,,2D_CIR_INS_11/NOMINAL - CS_D_BF - C-Zone - XY - Nominal
Pos. Tol.,POS_2D_12,PTOL,0.395,0.000,0.395,0.000,1.200,,2D_CIR_INS_12/NOMINAL - CS_D_BF - C-Zone - XY - Nominal
Pos. Tol.,POS_2D_13,PTOL,0.135,0.000,0.135,0.000,1.200,,2D_CIR_INS_13/NOMINAL - CS_D_BF - C-Zone - XY - Nominal
Pos. Tol.,POS_2D_14,PTOL,0.617,0.000,0.617,0.000,1.200,,2D_CIR_INS_14/NOMINAL - CS_D_BF - C-Zone - XY - Nominal
Perpend.,PERP_11,PERP,,0.000,,0.000,0.350,,CYL_11/PL_INS_11 - C-Zone - Nominal
Perpend.,PERP_12,PERP,,0.000,,0.000,0.250,,CYL_12/PL_INS_12 - C-Zone - Nominal
Perpend.,PERP_13,PERP,,0.000,,0.000,0.250,,CYL_13/PL_INS_13 - C-Zone - Nominal
Perpend.,PERP_14,PERP,,0.000,,0.000,0.250,,CYL_14/PL_INS_14 - C-Zone - Nominal
Distance,H_11,Z,0.183,-0.000,0.184,0.000,0.300,,CIR_INS_11 - PL_PLAST_INS_11 / CS_D_BF
Distance,H_12,Z,0.128,-0.000,0.128,0.000,0.300,,CIR_INS_12 - PL_PLAST_INS_12 / CS_D_BF
Distance,H_13,Z,0.160,-0.000,0.161,0.000,0.300,,CIR_INS_13 - PL_PLAST_INS_13 / CS_D_BF
Distance,H_14,Z,0.072,-0.000,0.073,0.000,0.300,,CIR_INS_14 - PL_PLAST_INS_14 / CS_D_BF
Flatness,FLATNESS_D,FLTN,0.605,0.000,0.605,0.000,1.200,,PL_DATUM_D
Profile of Line,PROFILE_SURFACE_D,PRFL,1.730,0.000,1.730,0.000,4.000,,SECTION_D
Paral.,PERP_INS_11,PARA,0.131,0.000,0.131,0.000,0.250,,PL_INS_11/PL_PLAST_INS_11 - P-Zone - Cloud of Points 
Paral.,PERP_INS_12,PARA,0.126,0.000,0.126,0.000,0.250,,PL_INS_12/PL_PLAST_INS_12 - P-Zone - Cloud of Points 
Paral.,PERP_INS_13,PARA,0.141,0.000,0.141,0.000,0.250,,PL_INS_13/PL_PLAST_INS_13 - P-Zone - Cloud of Points 
Paral.,PERP_INS_14,PARA,0.094,0.000,0.094,0.000,0.250,,PL_INS_14/PL_PLAST_INS_14 - P-Zone - Cloud of Points 
Distance,PROF_11_D,Z,0.703,0.650,0.053,-0.500,0.500,,CIR_INS_11 - PL_DATUM_D / CS_D_BF
Distance,PROF_12_D,Z,0.543,0.650,-0.107,-0.500,0.500,,CIR_INS_12 - PL_DATUM_D / CS_D_BF
Distance,PROF_13_D,Z,0.433,0.650,-0.217,-0.500,0.500,,CIR_INS_13 - PL_DATUM_D / CS_D_BF
Distance,PROF_14_D,Z,0.797,0.650,0.147,-0.500,0.500,,CIR_INS_14 - PL_DATUM_D / CS_D_BF
Distance,WIDTH_TBA_1,D1,3.220,3.250,-0.030,-0.150,0.150,,0W2.5_1.1 - IW2.5_1.1 / CS_D_BF
Distance,WIDTH_TBA_2,D1,3.180,3.250,-0.070,-0.150,0.150,,0W2.5_1.2 - IW2.5_1.2 / CS_D_BF
Distance,WIDTH_TBA_3,D1,3.239,3.250,-0.011,-0.150,0.150,,0W2.5_1.3 - IW2.5_1.3 / CS_D_BF
Distance,WIDTH_TBA_4,D1,3.223,3.250,-0.027,-0.150,0.150,,0W2.5_1.4 - IW2.5_1.4 / CS_D_BF
Distance,WIDTH_TBA_5,D1,3.200,3.250,-0.050,-0.150,0.150,,0W2.5_1.5 - IW2.5_1.5 / CS_D_BF
Distance,WIDTH_TBA_6,D1,3.178,3.250,-0.072,-0.150,0.150,,0W2.5_1.6 - IW2.5_1.6 / CS_D_BF
Distance,WIDTH_TBA_7,D1,3.282,3.250,0.032,-0.150,0.150,,0W2.5_1.7 - IW2.5_1.7 / CS_D_BF
Distance,WIDTH_TBA_8,D1,3.307,3.250,0.057,-0.150,0.150,,0W2.5_1.8 - IW2.5_1.8 / CS_D_BF
Distance,DEPTH_TBA_1,D1,5.053,5.150,-0.097,-0.300,0.300,,TB_BOT_1.1 - PL_D / CS_D_BF
Distance,DEPTH_TBA_2,D1,5.176,5.150,0.026,-0.300,0.300,,TB_BOT_1.2 - PL_D / CS_D_BF
Distance,DEPTH_TBA_3,D1,5.001,5.150,-0.149,-0.350,0.300,,TB_BOT_1.3 - PL_D / CS_D_BF
Distance,DEPTH_TBA_4,D1,5.061,5.150,-0.089,-0.300,0.300,,TB_BOT_1.4 - PL_D / CS_D_BF
Distance,DEPTH_TBA_5,D1,5.227,5.150,0.077,-0.300,0.300,,TB_BOT_1.5 - PL_D / CS_D_BF
Distance,DEPTH_TBA_6,D1,5.201,5.150,0.051,-0.300,0.300,,TB_BOT_1.6 - PL_D / CS_D_BF
Distance,DEPTH_TBA_7,D1,5.173,5.150,0.023,-0.300,0.500,,TB_BOT_1.7 - PL_D / CS_D_BF
Distance,DEPTH_TBA_8,D1,5.249,5.150,0.099,-0.300,0.500,,TB_BOT_1.8 - PL_D / CS_D_BF
Profile of Line,PROFILE_TB_IW,PRFL,0.396,0.000,0.396,0.000,1.400,,SECTION_IW_TB
Profile of Line,PROFILE_TB_OW,PRFL,0.582,0.000,0.582,0.000,1.400,,SECTION_OW_TB
Circle,CIR_15,DIAM,12.205,12.170,0.035,-0.080,0.080,,Criterion : Least Square (From 20 Pts On PL_DATUM_H) 
Circle,CIR_15,X,166.868,167.324,-0.455,,,,
Circle,CIR_15,Y,162.311,162.970,-0.659,,,,
Circle,CIR_15,Z,218.673,218.421,0.252,,,,
Pos. Tol.,POS_15,PTOL,1.679,0.000,1.679,0.000,3.600,,CIR_15/NOMINAL - CS_ABC_BF_CL - C-Zone - XYZ - Nominal
Circle,2D_CIR_16,X,23.465,23.540,-0.075,,,,
Circle,2D_CIR_16,Y,-0.000,0.000,0.000,,,,
Pos. Tol.,POS_2D_16,PTOL,0.150,0.000,0.150,0.000,0.500,,2D_CIR_16/NOMINAL - CS_HJ - C-Zone - XY - Nominal
Circle,CIR_17,DIAM,6.063,6.000,0.063,-0.250,0.250,,Criterion : Least Square (From 8 Pts On PL_PLAST_17) 
Circle,CIR_17,X,287.555,287.000,0.555,,,,
Circle,CIR_17,Y,100.304,103.210,-2.906,,,,
Circle,CIR_17,Z,66.280,66.000,0.280,,,,
Pos. Tol.,POS_17,PTOL,1.242,0.000,1.242,0.000,3.000,,CIR_17/NOMINAL - CS_ABC_BF_CL - C-Zone - XZ - Nominal
Circle,CIR_18,DIAM,6.086,6.000,0.086,-0.250,0.250,,Criterion : Least Square (From 6 Pts On PL_PLAST_18) 
Circle,CIR_18,X,227.679,226.330,1.349,,,,
Circle,CIR_18,Y,113.731,115.710,-1.979,,,,
Circle,CIR_18,Z,-135.939,-136.000,0.061,,,,
Pos. Tol.,POS_18,PTOL,2.701,0.000,2.701,0.000,3.500,,CIR_18/NOMINAL - CS_ABC_BF_CL - C-Zone - XZ - Nominal
Circle,CIR_19,DIAM,12.046,12.050,-0.004,-0.080,0.080,,Criterion : Least Square (From 20 Pts On PL_DATUM_F) 
Circle,CIR_19,X,181.454,179.990,1.464,,,,
Circle,CIR_19,Y,199.363,201.240,-1.877,,,,
Circle,CIR_19,Z,-80.777,-81.262,0.484,,,,
Pos. Tol.,POS_19,PTOL,3.085,0.000,3.085,0.000,4.000,,CIR_19/NOMINAL - CS_ABC_BF_CL - C-Zone - XZ - Nominal
Circle,2D_CIR_20,DIAM,4.834,4.700,0.134,-0.100,0.100,0.034,
Circle,2D_CIR_20,X,-17.388,-17.500,0.112,,,,
Circle,2D_CIR_20,Z,0.000,0.000,0.000,,,,
Pos. Tol.,POS_2D_20,PTOL,0.224,0.000,0.224,0.000,0.500,,2D_CIR_20/NOMINAL - CS_FG - C-Zone - XZ - Nominal
Circle,CIR_21,DIAM,4.887,4.820,0.067,-0.100,0.180,,Criterion : Least Square (From 8 Pts On PL_PLAST_21) 
Circle,CIR_21,X,147.762,146.000,1.762,,,,
Circle,CIR_21,Y,214.508,216.210,-1.702,,,,
Circle,CIR_21,Z,-8.234,-8.500,0.266,,,,
Pos. Tol.,POS_21,PTOL,3.565,0.000,3.565,0.000,4.500,,CIR_21/NOMINAL - CS_ABC_BF_CL - C-Zone - XZ - Nominal
Circle,CIR_22,DIAM,4.860,4.820,0.040,-0.100,0.180,,Criterion : Least Square (From 8 Pts On PL_PLAST_22) 
Circle,CIR_22,X,-47.401,-48.500,1.099,,,,
Circle,CIR_22,Y,76.213,76.158,0.055,,,,
Circle,CIR_22,Z,105.110,105.000,0.110,,,,
Pos. Tol.,POS_22,PTOL,2.209,0.000,2.209,0.000,4.000,,CIR_22/NOMINAL - CS_ABC_BF_CL - C-Zone - XZ - Nominal
Circle,CIR_23,DIAM,4.830,4.820,0.010,-0.100,0.180,,Criterion : Least Square (From 8 Pts On PL_PLAST_23) 
Circle,CIR_23,X,-48.236,-48.500,0.264,,,,
Circle,CIR_23,Y,76.257,76.158,0.099,,,,
Circle,CIR_23,Z,-106.819,-107.000,0.181,,,,
Pos. Tol.,POS_23,PTOL,0.639,0.000,0.639,0.000,3.000,,CIR_23/NOMINAL - CS_ABC_BF_CL - C-Zone - XZ - Nominal
Circle,CIR_24,X,7.896,6.900,0.996,,,,Criterion : Least Square (From 6 Pts On PL_INS_24) 
Circle,CIR_24,Y,170.281,170.150,0.131,,,,
Circle,CIR_24,Z,75.131,74.720,0.411,,,,
Pos. Tol.,POS_24,PTOL,2.155,0.000,2.155,0.000,4.000,,CIR_24/NOMINAL - CS_ABC_BF_CL - C-Zone - XZ - Nominal
Circle,CIR_25,X,7.605,6.900,0.705,,,,Criterion : Least Square (From 6 Pts On PL_INS_25) 
Circle,CIR_25,Y,170.244,170.150,0.094,,,,
Circle,CIR_25,Z,-140.903,-141.050,0.147,,,,
Pos. Tol.,POS_25,PTOL,1.439,0.000,1.439,0.000,3.000,,CIR_25/NOMINAL - CS_ABC_BF_CL - C-Zone - XZ - Nominal
Slot,SLOT_26,LEN,13.129,13.000,0.129,-0.250,0.250,,Criterion : Least Square (From 16 Pts On PL_PLAST_26) 
Slot,SLOT_26,WID,6.547,6.500,0.047,-0.250,0.250,,
Slot,SLOT_26,X,132.196,131.300,0.896,,,,
Slot,SLOT_26,Y,152.282,153.910,-1.628,,,,
Slot,SLOT_26,Z,-211.165,-211.400,0.235,,,,
Pos. Tol.,POS_26,PTOL,1.853,0.000,1.853,0.000,3.000,,SLOT_26/NOMINAL - CS_ABC_BF_CL - C-Zone - XZ - Nominal
Distance,H_16,Z,0.161,0.000,0.161,0.000,0.300,,2D_CIR_16 - PL_PLAST_16 / CS_HJ
Distance,PROF_17,Y,100.304,103.210,-2.906,-1.500,1.500,-1.406,CIR_17 - ORIGIN / CS_ABC_FIXTURE
Distance,PROF_18,Y,113.731,115.710,-1.979,-1.500,1.500,-0.479,CIR_18 - ORIGIN / CS_ABC_FIXTURE
Distance,H_24,Y,0.158,0.150,0.008,-0.150,0.150,,CIR_24 - PL_PLAST_24 / CS_ABC_SURFACES_C
Distance,H_25,Y,0.043,0.150,-0.107,-0.150,0.150,,CIR_25 - PL_PLAST_25 / CS_ABC_SURFACES_C
