Feat. Type,Feat. Name,Value,Actual,Nominal,Dev.,Tol-,Tol+,Out of Tol.,Comment
Text/Value,VAR_PROGRAM,VAL,,,,,,,'N:\Metrolog XG\Programmes\GM HF RWD Gen II\GM HF RWD Gen II Complete (Module 64).gm2'
Text/Value,VAR_EVENEMENT,VAL,,,,,,,'SMED NID 2'
Text/Value,VAR_COMMENTAIRES,VAL,,,,,,,'317 B'
Distance,WIDTH_C,D1,8.770,8.860,-0.090,-0.150,0.150,,SRF_C_TOP - SRF_C_DOWN / CS_ABC_BF_SURFACES
Circle,CIR_9_GAGE_6,DIAM,12.243,12.200,0.043,-0.080,0.120,,Criterion : Least Square (From 12 Pts On PL_PLAST_9) 
Circle,2D_CIR_10,X,-0.220,0.000,-0.220,,,,
Circle,2D_CIR_10,Z,0.000,0.000,0.000,,,,
Pos. Tol.,PTOL_2D_CIR_10,PTOL,0.197,0.000,0.197,0.000,0.500,,2D_CIR_10/NOMINAL - CS_HJ - C-Zone - YZ - Nominal
Distance,H_10,X,0.081,-0.000,0.081,0.000,0.400,,CIR_10 - PL_PLAST_10 / CS_HJ_ROT_180
Circle,2D_CIR_INS_11,X,41.665,42.000,-0.335,,,,
Circle,2D_CIR_INS_11,Y,28.824,29.000,-0.176,,,,
Pos. Tol.,PTOL_2D_CIR_11,PTOL,0.757,0.000,0.757,0.000,0.650,0.107,2D_CIR_INS_11/NOMINAL - CS_D_BF - C-Zone - XY - Nominal
Distance,H_11,Z,0.099,-0.000,0.099,0.000,0.400,,CIR_INS_11 - PL_PLAST_INS_11 / CS_D_BF
Circle,2D_CIR_INS_12,X,42.087,42.000,0.087,,,,
Circle,2D_CIR_INS_12,Y,-33.964,-34.000,0.036,,,,
Pos. Tol.,PTOL_2D_CIR_12,PTOL,0.188,0.000,0.188,0.000,0.650,,2D_CIR_INS_12/NOMINAL - CS_D_BF - C-Zone - XY - Nominal
Distance,H_12,Z,0.109,-0.000,0.109,0.000,0.400,,CIR_INS_12 - PL_PLAST_INS_12 / CS_D_BF
Circle,2D_CIR_INS_13,X,-41.899,-42.000,0.101,,,,
Circle,2D_CIR_INS_13,Y,-33.953,-34.000,0.047,,,,
Pos. Tol.,PTOL_2D_CIR_13,PTOL,0.222,0.000,0.222,0.000,0.650,,2D_CIR_INS_13/NOMINAL - CS_D_BF - C-Zone - XY - Nominal
Distance,H_13,Z,0.117,-0.000,0.118,0.000,0.400,,CIR_INS_13 - PL_PLAST_INS_13 / CS_D_BF
Circle,2D_CIR_INS_14,X,-41.853,-42.000,0.147,,,,
Circle,2D_CIR_INS_14,Y,29.094,29.000,0.094,,,,
Pos. Tol.,PTOL_2D_CIR_14,PTOL,0.349,0.000,0.349,0.000,0.650,,2D_CIR_INS_14/NOMINAL - CS_D_BF - C-Zone - XY - Nominal
Distance,H_14,Z,0.091,-0.000,0.091,0.000,0.400,,CIR_INS_14 - PL_PLAST_INS_14 / CS_D_BF
Distance,H_27,Y,0.221,0.000,0.221,0.000,0.400,,2D_CIR_27 - PL_PLAST_27 / CS_K
Distance,H_28,Y,0.208,0.000,0.208,0.000,0.400,,2D_CIR_28 - PL_PLAST_28 / CS_K
Circle,2D_CIR_28,X,70.767,71.000,-0.233,,,,
Circle,2D_CIR_28,Z,0.000,0.000,0.000,,,,
Pos. Tol.,PTOL_2D_CIR_28,PTOL,0.465,0.000,0.465,0.000,0.500,,2D_CIR_28/NOMINAL - CS_K - C-Zone - XZ - Nominal
