Feat. Type,Feat. Name,Value,Actual,Nominal,Dev.,Tol-,Tol+,Out of Tol.,Comment
Text/Value,VAR_PROGRAM,VAL,,,,,,,'N:\Metrolog XG\Programmes\Ford Nano MY2018\Ford Nano MY2018 Complete (Module_51 ).gm2'
Text/Value,VAR_EVENEMENT,VAL,,,,,,,'dem318'
Text/Value,VAR_COMMENTAIRES,VAL,,,,,,,'Part # nid 2'
Text/Value,FLATNESS_DATUM_A,VAL,0.006685,0.000000,0.006685,0.000000,0.500000,,
Circle,CIR_B,DIAM,4.957,5.000,-0.043,-0.100,0.100,,Criterion : Least Square (From 8 Pts On PL_FIXTURE) 
Circle,CIR_B,X,0.000,0.000,0.000,,,,
Circle,CIR_B,Z,-0.000,-0.000,0.000,,,,
Pos. Tol.,POS_B,PTOL,0.000,0.000,0.000,0.000,0.500,,CIR_B/NOMINAL - CS_ABC_BF_OP - C-Zone - XZ - Nominal
Circle,CIR_C,DIAM,4.507,4.500,0.007,-0.100,0.100,,Criterion : Least Square (From 8 Pts On PL_FIXTURE) 
Circle,CIR_C,X,189.862,190.000,-0.138,,,,
Circle,CIR_C,Z,-0.000,-0.000,0.000,,,,
Pos. Tol.,POS_C,PTOL,0.275,0.000,0.275,0.000,0.500,,CIR_C/NOMINAL - CS_ABC_BF_OP - C-Zone - XZ - Nominal
Profile of Line,PROFILE_OP1,PRFL,1.661,0.000,1.661,0.000,1.750,,SECT_OP1
Profile of Line,PROFILE_OP2,PRFL,0.730,0.000,0.730,0.000,1.750,,SECT_OP2
Profile of Line,PROFILE_OP3,PRFL,0.986,0.000,0.986,0.000,1.750,,SECT_OP3
Profile of Line,PROFILE_OP4,PRFL,1.137,0.000,1.137,0.000,1.750,,SECT_OP4
Profile of Line,PROFILE_OP5,PRFL,0.695,0.000,0.695,0.000,1.750,,SECT_OP5
Profile of Line,PROFILE_OP6,PRFL,0.953,0.000,0.953,0.000,1.750,,SECT_OP6
Distance,OP1_DEPTH_1,D1,6.044,6.000,0.044,-0.250,0.250,,OP1_PT1_DEPTH - PL_FIXTURE / OP1CS
Distance,OP1_DEPTH_2,D1,6.028,6.000,0.028,-0.250,0.250,,OP1_PT2_DEPTH - PL_FIXTURE / OP1CS
Distance,OP1_DEPTH_3,D1,5.969,6.000,-0.031,-0.250,0.250,,OP1_PT3_DEPTH - PL_FIXTURE / OP1CS
Distance,OP1_DEPTH_4,D1,5.936,6.000,-0.064,-0.250,0.250,,OP1_PT4_DEPTH - PL_FIXTURE / OP1CS
Distance,OP1_DEPTH_5,D1,5.974,6.000,-0.026,-0.250,0.250,,OP1_PT5_DEPTH - PL_FIXTURE / OP1CS
Distance,OP1_DEPTH_6,D1,5.956,6.000,-0.044,-0.250,0.250,,OP1_PT6_DEPTH - PL_FIXTURE / OP1CS
Distance,OP1_DEPTH_7,D1,5.927,6.000,-0.073,-0.250,0.250,,OP1_PT7_DEPTH - PL_FIXTURE / OP1CS
Distance,OP1_DEPTH_8,D1,5.937,6.000,-0.063,-0.250,0.250,,OP1_PT8_DEPTH - PL_FIXTURE / OP1CS
Distance,OP1_DEPTH_9,D1,5.928,6.000,-0.072,-0.250,0.250,,OP1_PT9_DEPTH - PL_FIXTURE / OP1CS
Distance,OP1_DEPTH_10,D1,5.986,6.000,-0.014,-0.250,0.250,,OP1_PT10_DEPTH - PL_FIXTURE / OP1CS
Distance,OP1_DEPTH_11,D1,5.999,6.000,-0.001,-0.250,0.250,,OP1_PT11_DEPTH - PL_FIXTURE / OP1CS
Distance,OP1_DEPTH_12,D1,6.035,6.000,0.035,-0.250,0.250,,OP1_PT12_DEPTH - PL_FIXTURE / OP1CS
Distance,OP1_WIDTH_1,D1,3.875,4.050,-0.175,-0.200,0.100,,OP1_PT1_OW_GAGE - OP1_PT1_IW_GAGE / OP1CS
Distance,OP1_WIDTH_2,D1,3.926,4.050,-0.124,-0.200,0.100,,OP1_PT2_OW_GAGE - OP1_PT2_IW_GAGE / OP1CS
Distance,OP1_WIDTH_3,D1,3.901,4.050,-0.149,-0.200,0.100,,OP1_PT3_OW_GAGE - OP1_PT3_IW_GAGE / OP1CS
Distance,OP1_WIDTH_4,D1,3.914,4.050,-0.136,-0.200,0.100,,OP1_PT4_OW_GAGE - OP1_PT4_IW_GAGE / OP1CS
Distance,OP1_WIDTH_5,D1,4.028,4.050,-0.022,-0.200,0.100,,OP1_PT5_OW_GAGE - OP1_PT5_IW_GAGE / OP1CS
Distance,OP1_WIDTH_6,D1,4.022,4.050,-0.028,-0.200,0.100,,OP1_PT6_OW_GAGE - OP1_PT6_IW_GAGE / OP1CS
Distance,OP1_WIDTH_7,D1,4.051,4.050,0.001,-0.200,0.100,,OP1_PT7_OW_GAGE - OP1_PT7_IW_GAGE / OP1CS
Distance,OP1_WIDTH_8,D1,3.965,4.050,-0.085,-0.200,0.100,,OP1_PT8_OW_GAGE - OP1_PT8_IW_GAGE / OP1CS
Distance,OP1_WIDTH_9,D1,4.028,4.050,-0.022,-0.200,0.100,,OP1_PT9_OW_GAGE - OP1_PT9_IW_GAGE / OP1CS
Distance,OP1_WIDTH_10,D1,4.121,4.050,0.071,-0.200,0.100,,OP1_PT10_OW_GAGE - OP1_PT10_IW_GAGE / OP1CS
Distance,OP1_WIDTH_11,D1,4.099,4.050,0.049,-0.200,0.100,,OP1_PT11_OW_GAGE - OP1_PT11_IW_GAGE / OP1CS
Distance,OP1_WIDTH_12,D1,3.917,4.050,-0.133,-0.200,0.100,,OP1_PT12_OW_GAGE - OP1_PT12_IW_GAGE / OP1CS
Distance,OP2_DEPTH_1,D1,6.075,6.000,0.075,-0.250,0.250,,OP2_PT1_DEPTH - PL_FIXTURE / OP2CS
Distance,OP2_DEPTH_2,D1,6.019,6.000,0.019,-0.250,0.250,,OP2_PT2_DEPTH - PL_FIXTURE / OP2CS
Distance,OP2_DEPTH_3,D1,6.116,6.000,0.116,-0.250,0.250,,OP2_PT3_DEPTH - PL_FIXTURE / OP2CS
Distance,OP2_DEPTH_4,D1,6.020,6.000,0.020,-0.250,0.250,,OP2_PT4_DEPTH - PL_FIXTURE / OP2CS
Distance,OP2_DEPTH_5,D1,5.931,6.000,-0.069,-0.250,0.250,,OP2_PT5_DEPTH - PL_FIXTURE / OP2CS
Distance,OP2_DEPTH_6,D1,5.945,6.000,-0.055,-0.250,0.250,,OP2_PT6_DEPTH - PL_FIXTURE / OP2CS
Distance,OP2_DEPTH_7,D1,6.008,6.000,0.008,-0.250,0.250,,OP2_PT7_DEPTH - PL_FIXTURE / OP2CS
Distance,OP2_DEPTH_8,D1,5.998,6.000,-0.002,-0.250,0.250,,OP2_PT8_DEPTH - PL_FIXTURE / OP2CS
Distance,OP2_DEPTH_9,D1,6.014,6.000,0.014,-0.250,0.250,,OP2_PT9_DEPTH - PL_FIXTURE / OP2CS
Distance,OP2_DEPTH_10,D1,5.935,6.000,-0.065,-0.250,0.250,,OP2_PT10_DEPTH - PL_FIXTURE / OP2CS
Distance,OP2_DEPTH_11,D1,5.968,6.000,-0.032,-0.250,0.250,,OP2_PT11_DEPTH - PL_FIXTURE / OP2CS
Distance,OP2_DEPTH_12,D1,6.040,6.000,0.040,-0.250,0.250,,OP2_PT12_DEPTH - PL_FIXTURE / OP2CS
Distance,OP2_WIDTH_1,D1,3.900,4.050,-0.150,-0.200,0.100,,OP2_PT1_OW_GAGE - OP2_PT1_IW_GAGE / OP2CS
Distance,OP2_WIDTH_2,D1,3.993,4.050,-0.057,-0.200,0.100,,OP2_PT2_OW_GAGE - OP2_PT2_IW_GAGE / OP2CS
Distance,OP2_WIDTH_3,D1,3.959,4.050,-0.091,-0.200,0.100,,OP2_PT3_OW_GAGE - OP2_PT3_IW_GAGE / OP2CS
Distance,OP2_WIDTH_4,D1,3.869,4.050,-0.181,-0.200,0.100,,OP2_PT4_OW_GAGE - OP2_PT4_IW_GAGE / OP2CS
Distance,OP2_WIDTH_5,D1,3.983,4.050,-0.067,-0.200,0.100,,OP2_PT5_OW_GAGE - OP2_PT5_IW_GAGE / OP2CS
Distance,OP2_WIDTH_6,D1,3.968,4.050,-0.082,-0.200,0.100,,OP2_PT6_OW_GAGE - OP2_PT6_IW_GAGE / OP2CS
Distance,OP2_WIDTH_7,D1,3.929,4.050,-0.121,-0.200,0.100,,OP2_PT7_OW_GAGE - OP2_PT7_IW_GAGE / OP2CS
Distance,OP2_WIDTH_8,D1,3.957,4.050,-0.093,-0.200,0.100,,OP2_PT8_OW_GAGE - OP2_PT8_IW_GAGE / OP2CS
Distance,OP2_WIDTH_9,D1,4.033,4.050,-0.017,-0.200,0.100,,OP2_PT9_OW_GAGE - OP2_PT9_IW_GAGE / OP2CS
Distance,OP2_WIDTH_10,D1,4.044,4.050,-0.006,-0.200,0.100,,OP2_PT10_OW_GAGE - OP2_PT10_IW_GAGE / OP2CS
Distance,OP2_WIDTH_11,D1,4.039,4.050,-0.011,-0.200,0.100,,OP2_PT11_OW_GAGE - OP2_PT11_IW_GAGE / OP2CS
Distance,OP2_WIDTH_12,D1,3.938,4.050,-0.112,-0.200,0.100,,OP2_PT12_OW_GAGE - OP2_PT12_IW_GAGE / OP2CS
Distance,OP3_DEPTH_1,D1,6.059,6.000,0.059,-0.250,0.250,,OP3_PT1_DEPTH - PL_FIXTURE / OP3CS
Distance,OP3_DEPTH_2,D1,6.042,6.000,0.042,-0.250,0.250,,OP3_PT2_DEPTH - PL_FIXTURE / OP3CS
Distance,OP3_DEPTH_3,D1,5.948,6.000,-0.052,-0.250,0.250,,OP3_PT3_DEPTH - PL_FIXTURE / OP3CS
Distance,OP3_DEPTH_4,D1,5.937,6.000,-0.063,-0.250,0.250,,OP3_PT4_DEPTH - PL_FIXTURE / OP3CS
Distance,OP3_DEPTH_5,D1,5.957,6.000,-0.043,-0.250,0.250,,OP3_PT5_DEPTH - PL_FIXTURE / OP3CS
Distance,OP3_DEPTH_6,D1,5.967,6.000,-0.033,-0.250,0.250,,OP3_PT6_DEPTH - PL_FIXTURE / OP3CS
Distance,OP3_DEPTH_7,D1,5.958,6.000,-0.042,-0.250,0.250,,OP3_PT7_DEPTH - PL_FIXTURE / OP3CS
Distance,OP3_DEPTH_8,D1,5.967,6.000,-0.033,-0.250,0.250,,OP3_PT8_DEPTH - PL_FIXTURE / OP3CS
Distance,OP3_DEPTH_9,D1,5.945,6.000,-0.055,-0.250,0.250,,OP3_PT9_DEPTH - PL_FIXTURE / OP3CS
Distance,OP3_DEPTH_10,D1,5.986,6.000,-0.014,-0.250,0.250,,OP3_PT10_DEPTH - PL_FIXTURE / OP3CS
Distance,OP3_DEPTH_11,D1,6.043,6.000,0.043,-0.250,0.250,,OP3_PT11_DEPTH - PL_FIXTURE / OP3CS
Distance,OP3_DEPTH_12,D1,6.049,6.000,0.049,-0.250,0.250,,OP3_PT12_DEPTH - PL_FIXTURE / OP3CS
Distance,OP3_WIDTH_1,D1,3.932,4.050,-0.118,-0.200,0.100,,OP3_PT1_OW_GAGE - OP3_PT1_IW_GAGE / OP3CS
Distance,OP3_WIDTH_2,D1,3.909,4.050,-0.141,-0.200,0.100,,OP3_PT2_OW_GAGE - OP3_PT2_IW_GAGE / OP3CS
Distance,OP3_WIDTH_3,D1,3.947,4.050,-0.103,-0.200,0.100,,OP3_PT3_OW_GAGE - OP3_PT3_IW_GAGE / OP3CS
Distance,OP3_WIDTH_4,D1,3.844,4.050,-0.206,-0.250,0.100,,OP3_PT4_OW_GAGE - OP3_PT4_IW_GAGE / OP3CS
Distance,OP3_WIDTH_5,D1,3.922,4.050,-0.128,-0.200,0.100,,OP3_PT5_OW_GAGE - OP3_PT5_IW_GAGE / OP3CS
Distance,OP3_WIDTH_6,D1,3.987,4.050,-0.063,-0.200,0.100,,OP3_PT6_OW_GAGE - OP3_PT6_IW_GAGE / OP3CS
Distance,OP3_WIDTH_7,D1,3.987,4.050,-0.063,-0.200,0.100,,OP3_PT7_OW_GAGE - OP3_PT7_IW_GAGE / OP3CS
Distance,OP3_WIDTH_8,D1,3.923,4.050,-0.127,-0.200,0.100,,OP3_PT8_OW_GAGE - OP3_PT8_IW_GAGE / OP3CS
Distance,OP3_WIDTH_9,D1,4.032,4.050,-0.018,-0.200,0.100,,OP3_PT9_OW_GAGE - OP3_PT9_IW_GAGE / OP3CS
Distance,OP3_WIDTH_10,D1,3.982,4.050,-0.068,-0.200,0.100,,OP3_PT10_OW_GAGE - OP3_PT10_IW_GAGE / OP3CS
Distance,OP3_WIDTH_11,D1,4.074,4.050,0.024,-0.200,0.100,,OP3_PT11_OW_GAGE - OP3_PT11_IW_GAGE / OP3CS
Distance,OP3_WIDTH_12,D1,3.982,4.050,-0.068,-0.200,0.100,,OP3_PT12_OW_GAGE - OP3_PT12_IW_GAGE / OP3CS
Distance,OP4_DEPTH_1,D1,6.122,6.000,0.122,-0.250,0.250,,OP4_PT1_DEPTH - PL_FIXTURE / OP4CS
Distance,OP4_DEPTH_2,D1,6.123,6.000,0.123,-0.250,0.250,,OP4_PT2_DEPTH - PL_FIXTURE / OP4CS
Distance,OP4_DEPTH_3,D1,6.148,6.000,0.148,-0.250,0.250,,OP4_PT3_DEPTH - PL_FIXTURE / OP4CS
Distance,OP4_DEPTH_4,D1,6.044,6.000,0.044,-0.250,0.250,,OP4_PT4_DEPTH - PL_FIXTURE / OP4CS
Distance,OP4_DEPTH_5,D1,5.934,6.000,-0.066,-0.250,0.250,,OP4_PT5_DEPTH - PL_FIXTURE / OP4CS
Distance,OP4_DEPTH_6,D1,5.913,6.000,-0.087,-0.250,0.250,,OP4_PT6_DEPTH - PL_FIXTURE / OP4CS
Distance,OP4_DEPTH_7,D1,5.913,6.000,-0.087,-0.250,0.250,,OP4_PT7_DEPTH - PL_FIXTURE / OP4CS
Distance,OP4_DEPTH_8,D1,5.890,6.000,-0.110,-0.250,0.250,,OP4_PT8_DEPTH - PL_FIXTURE / OP4CS
Distance,OP4_DEPTH_9,D1,5.879,6.000,-0.121,-0.250,0.250,,OP4_PT9_DEPTH - PL_FIXTURE / OP4CS
Distance,OP4_DEPTH_10,D1,5.877,6.000,-0.123,-0.250,0.250,,OP4_PT10_DEPTH - PL_FIXTURE / OP4CS
Distance,OP4_DEPTH_11,D1,6.013,6.000,0.013,-0.250,0.250,,OP4_PT11_DEPTH - PL_FIXTURE / OP4CS
Distance,OP4_DEPTH_12,D1,6.038,6.000,0.038,-0.250,0.250,,OP4_PT12_DEPTH - PL_FIXTURE / OP4CS
Distance,OP4_WIDTH_1,D1,3.860,4.050,-0.190,-0.250,0.100,,OP4_PT1_OW_GAGE - OP4_PT1_IW_GAGE / OP4CS
Distance,OP4_WIDTH_2,D1,3.891,4.050,-0.159,-0.200,0.100,,OP4_PT2_OW_GAGE - OP4_PT2_IW_GAGE / OP4CS
Distance,OP4_WIDTH_3,D1,4.075,4.050,0.025,-0.200,0.100,,OP4_PT3_OW_GAGE - OP4_PT3_IW_GAGE / OP4CS
Distance,OP4_WIDTH_4,D1,4.142,4.050,0.092,-0.200,0.100,,OP4_PT4_OW_GAGE - OP4_PT4_IW_GAGE / OP4CS
Distance,OP4_WIDTH_5,D1,4.060,4.050,0.010,-0.200,0.100,,OP4_PT5_OW_GAGE - OP4_PT5_IW_GAGE / OP4CS
Distance,OP4_WIDTH_6,D1,3.967,4.050,-0.083,-0.200,0.100,,OP4_PT6_OW_GAGE - OP4_PT6_IW_GAGE / OP4CS
Distance,OP4_WIDTH_7,D1,3.933,4.050,-0.117,-0.200,0.100,,OP4_PT7_OW_GAGE - OP4_PT7_IW_GAGE / OP4CS
Distance,OP4_WIDTH_8,D1,3.982,4.050,-0.068,-0.200,0.100,,OP4_PT8_OW_GAGE - OP4_PT8_IW_GAGE / OP4CS
Distance,OP4_WIDTH_9,D1,3.981,4.050,-0.069,-0.200,0.100,,OP4_PT9_OW_GAGE - OP4_PT9_IW_GAGE / OP4CS
Distance,OP4_WIDTH_10,D1,4.008,4.050,-0.042,-0.200,0.100,,OP4_PT10_OW_GAGE - OP4_PT10_IW_GAGE / OP4CS
Distance,OP4_WIDTH_11,D1,3.999,4.050,-0.051,-0.200,0.100,,OP4_PT11_OW_GAGE - OP4_PT11_IW_GAGE / OP4CS
Distance,OP4_WIDTH_12,D1,3.950,4.050,-0.100,-0.200,0.100,,OP4_PT12_OW_GAGE - OP4_PT12_IW_GAGE / OP4CS
Distance,OP5_DEPTH_1,D1,6.034,6.000,0.034,-0.250,0.250,,OP5_PT1_DEPTH - PL_FIXTURE / OP5CS
Distance,OP5_DEPTH_2,D1,6.009,6.000,0.009,-0.250,0.250,,OP5_PT2_DEPTH - PL_FIXTURE / OP5CS
Distance,OP5_DEPTH_3,D1,5.918,6.000,-0.082,-0.250,0.250,,OP5_PT3_DEPTH - PL_FIXTURE / OP5CS
Distance,OP5_DEPTH_4,D1,5.834,6.000,-0.166,-0.250,0.250,,OP5_PT4_DEPTH - PL_FIXTURE / OP5CS
Distance,OP5_DEPTH_5,D1,5.857,6.000,-0.143,-0.250,0.250,,OP5_PT5_DEPTH - PL_FIXTURE / OP5CS
Distance,OP5_DEPTH_6,D1,5.837,6.000,-0.163,-0.250,0.250,,OP5_PT6_DEPTH - PL_FIXTURE / OP5CS
Distance,OP5_DEPTH_7,D1,5.863,6.000,-0.137,-0.250,0.250,,OP5_PT7_DEPTH - PL_FIXTURE / OP5CS
Distance,OP5_DEPTH_8,D1,5.838,6.000,-0.162,-0.250,0.250,,OP5_PT8_DEPTH - PL_FIXTURE / OP5CS
Distance,OP5_DEPTH_9,D1,5.847,6.000,-0.153,-0.250,0.250,,OP5_PT9_DEPTH - PL_FIXTURE / OP5CS
Distance,OP5_DEPTH_10,D1,5.967,6.000,-0.033,-0.250,0.250,,OP5_PT10_DEPTH - PL_FIXTURE / OP5CS
Distance,OP5_DEPTH_11,D1,6.110,6.000,0.110,-0.250,0.250,,OP5_PT11_DEPTH - PL_FIXTURE / OP5CS
Distance,OP5_DEPTH_12,D1,6.056,6.000,0.056,-0.250,0.250,,OP5_PT12_DEPTH - PL_FIXTURE / OP5CS
Distance,OP5_WIDTH_1,D1,3.924,4.050,-0.126,-0.250,0.100,,OP5_PT1_OW_GAGE - OP5_PT1_IW_GAGE / OP5CS
Distance,OP5_WIDTH_2,D1,3.934,4.050,-0.116,-0.200,0.100,,OP5_PT2_OW_GAGE - OP5_PT2_IW_GAGE / OP5CS
Distance,OP5_WIDTH_3,D1,3.981,4.050,-0.069,-0.200,0.100,,OP5_PT3_OW_GAGE - OP5_PT3_IW_GAGE / OP5CS
Distance,OP5_WIDTH_4,D1,3.919,4.050,-0.131,-0.200,0.100,,OP5_PT4_OW_GAGE - OP5_PT4_IW_GAGE / OP5CS
Distance,OP5_WIDTH_5,D1,4.106,4.050,0.056,-0.200,0.100,,OP5_PT5_OW_GAGE - OP5_PT5_IW_GAGE / OP5CS
Distance,OP5_WIDTH_6,D1,4.005,4.050,-0.045,-0.200,0.100,,OP5_PT6_OW_GAGE - OP5_PT6_IW_GAGE / OP5CS
Distance,OP5_WIDTH_7,D1,3.963,4.050,-0.087,-0.200,0.100,,OP5_PT7_OW_GAGE - OP5_PT7_IW_GAGE / OP5CS
Distance,OP5_WIDTH_8,D1,3.999,4.050,-0.051,-0.200,0.100,,OP5_PT8_OW_GAGE - OP5_PT8_IW_GAGE / OP5CS
Distance,OP5_WIDTH_9,D1,4.056,4.050,0.006,-0.200,0.100,,OP5_PT9_OW_GAGE - OP5_PT9_IW_GAGE / OP5CS
Distance,OP5_WIDTH_10,D1,4.040,4.050,-0.010,-0.200,0.100,,OP5_PT10_OW_GAGE - OP5_PT10_IW_GAGE / OP5CS
Distance,OP5_WIDTH_11,D1,4.036,4.050,-0.014,-0.200,0.100,,OP5_PT11_OW_GAGE - OP5_PT11_IW_GAGE / OP5CS
Distance,OP5_WIDTH_12,D1,3.955,4.050,-0.095,-0.200,0.100,,OP5_PT12_OW_GAGE - OP5_PT12_IW_GAGE / OP5CS
Distance,OP6_DEPTH_1,D1,6.093,6.000,0.093,-0.250,0.250,,OP6_PT1_DEPTH - PL_FIXTURE / OP6CS
Distance,OP6_DEPTH_2,D1,6.121,6.000,0.121,-0.250,0.250,,OP6_PT2_DEPTH - PL_FIXTURE / OP6CS
Distance,OP6_DEPTH_3,D1,6.168,6.000,0.168,-0.250,0.250,,OP6_PT3_DEPTH - PL_FIXTURE / OP6CS
Distance,OP6_DEPTH_4,D1,6.077,6.000,0.077,-0.250,0.250,,OP6_PT4_DEPTH - PL_FIXTURE / OP6CS
Distance,OP6_DEPTH_5,D1,5.951,6.000,-0.049,-0.250,0.250,,OP6_PT5_DEPTH - PL_FIXTURE / OP6CS
Distance,OP6_DEPTH_6,D1,5.938,6.000,-0.062,-0.250,0.250,,OP6_PT6_DEPTH - PL_FIXTURE / OP6CS
Distance,OP6_DEPTH_7,D1,5.953,6.000,-0.047,-0.250,0.250,,OP6_PT7_DEPTH - PL_FIXTURE / OP6CS
Distance,OP6_DEPTH_8,D1,5.940,6.000,-0.060,-0.250,0.250,,OP6_PT8_DEPTH - PL_FIXTURE / OP6CS
Distance,OP6_DEPTH_9,D1,5.961,6.000,-0.039,-0.250,0.250,,OP6_PT9_DEPTH - PL_FIXTURE / OP6CS
Distance,OP6_DEPTH_10,D1,5.930,6.000,-0.070,-0.250,0.250,,OP6_PT10_DEPTH - PL_FIXTURE / OP6CS
Distance,OP6_DEPTH_11,D1,5.992,6.000,-0.008,-0.250,0.250,,OP6_PT11_DEPTH - PL_FIXTURE / OP6CS
Distance,OP6_DEPTH_12,D1,6.012,6.000,0.012,-0.250,0.250,,OP6_PT12_DEPTH - PL_FIXTURE / OP6CS
Distance,OP6_WIDTH_1,D1,3.956,4.050,-0.094,-0.200,0.100,,OP6_PT1_OW_GAGE - OP6_PT1_IW_GAGE / OP6CS
Distance,OP6_WIDTH_2,D1,3.986,4.050,-0.064,-0.200,0.100,,OP6_PT2_OW_GAGE - OP6_PT2_IW_GAGE / OP6CS
Distance,OP6_WIDTH_3,D1,4.029,4.050,-0.021,-0.200,0.100,,OP6_PT3_OW_GAGE - OP6_PT3_IW_GAGE / OP6CS
Distance,OP6_WIDTH_4,D1,3.898,4.050,-0.152,-0.200,0.100,,OP6_PT4_OW_GAGE - OP6_PT4_IW_GAGE / OP6CS
Distance,OP6_WIDTH_5,D1,4.067,4.050,0.017,-0.200,0.100,,OP6_PT5_OW_GAGE - OP6_PT5_IW_GAGE / OP6CS
Distance,OP6_WIDTH_6,D1,3.988,4.050,-0.062,-0.200,0.100,,OP6_PT6_OW_GAGE - OP6_PT6_IW_GAGE / OP6CS
Distance,OP6_WIDTH_7,D1,3.991,4.050,-0.059,-0.200,0.100,,OP6_PT7_OW_GAGE - OP6_PT7_IW_GAGE / OP6CS
Distance,OP6_WIDTH_8,D1,4.067,4.050,0.017,-0.200,0.100,,OP6_PT8_OW_GAGE - OP6_PT8_IW_GAGE / OP6CS
Distance,OP6_WIDTH_9,D1,4.079,4.050,0.029,-0.200,0.100,,OP6_PT9_OW_GAGE - OP6_PT9_IW_GAGE / OP6CS
Distance,OP6_WIDTH_10,D1,3.950,4.050,-0.100,-0.200,0.100,,OP6_PT10_OW_GAGE - OP6_PT10_IW_GAGE / OP6CS
Distance,OP6_WIDTH_11,D1,3.922,4.050,-0.128,-0.200,0.100,,OP6_PT11_OW_GAGE - OP6_PT11_IW_GAGE / OP6CS
Distance,OP6_WIDTH_12,D1,3.909,4.050,-0.141,-0.200,0.100,,OP6_PT12_OW_GAGE - OP6_PT12_IW_GAGE / OP6CS
Circle,CIR_31,DIAM,65.219,65.200,0.019,-0.100,0.100,,Criterion : Least Square (From 36 Pts On PL_D) 
Circle,CIR_31,X,-60.092,-60.638,0.546,,,,
Circle,CIR_31,Y,54.213,54.594,-0.381,,,,
Circle,CIR_31,Z,121.890,121.837,0.053,,,,
Circle,CIR_32,X,-46.830,-47.177,0.347,,,,Criterion : Least Square (From 8 Pts On PL_INS_32) 
Circle,CIR_32,Y,17.174,17.478,-0.304,,,,
Circle,CIR_32,Z,145.433,145.380,0.053,,,,
Circle,CIR_33,X,-67.963,-68.263,0.300,,,,Criterion : Least Square (From 8 Pts On PL_INS_33) 
Circle,CIR_33,Y,28.079,28.366,-0.288,,,,
Circle,CIR_33,Z,85.020,84.867,0.154,,,,
Circle,CIR_34,X,-73.443,-73.579,0.136,,,,Criterion : Least Square (From 8 Pts On PL_INS_34) 
Circle,CIR_34,Y,91.402,91.777,-0.375,,,,
Circle,CIR_34,Z,98.566,98.128,0.438,,,,
Circle,CIR_35,X,-52.028,-52.493,0.465,,,,Criterion : Least Square (From 8 Pts On PL_INS_35) 
Circle,CIR_35,Y,80.410,80.889,-0.479,,,,
Circle,CIR_35,Z,158.957,158.641,0.316,,,,
Circle,2D_CIR_32,Y,-32.323,-32.500,0.177,,,,
Circle,2D_CIR_32,Z,32.515,32.500,0.015,,,,
Circle,2D_CIR_33,Y,-32.465,-32.500,0.035,,,,
Circle,2D_CIR_33,Z,-32.409,-32.500,0.091,,,,
Circle,2D_CIR_34,Y,32.522,32.500,0.022,,,,
Circle,2D_CIR_34,Z,-32.367,-32.500,0.133,,,,
Circle,2D_CIR_35,Y,32.552,32.500,0.052,,,,
Circle,2D_CIR_35,Z,32.645,32.500,0.145,,,,
Pos. Tol.,POS_3D_31,PTOL,1.335,0.000,1.335,0.000,3.000,,CIR_31/NOMINAL - CS_ABC - C-Zone - XYZ - Nominal
Pos. Tol.,POS_3D_32,PTOL,0.929,0.000,0.929,0.000,3.000,,CIR_32/NOMINAL - CS_ABC - C-Zone - XYZ - Nominal
Pos. Tol.,POS_3D_33,PTOL,0.886,0.000,0.886,0.000,3.000,,CIR_33/NOMINAL - CS_ABC - C-Zone - XYZ - Nominal
Pos. Tol.,POS_3D_34,PTOL,1.184,0.000,1.184,0.000,3.000,,CIR_34/NOMINAL - CS_ABC - C-Zone - XYZ - Nominal
Pos. Tol.,POS_3D_35,PTOL,1.477,0.000,1.477,0.000,3.000,,CIR_35/NOMINAL - CS_ABC - C-Zone - XYZ - Nominal
Pos. Tol.,POS_2D_32,PTOL,0.356,0.000,0.356,0.000,0.500,,2D_CIR_32/NOMINAL - CS_DE_BF - C-Zone - YZ - Nominal
Pos. Tol.,POS_2D_33,PTOL,0.195,0.000,0.195,0.000,0.500,,2D_CIR_33/NOMINAL - CS_DE_BF - C-Zone - YZ - Nominal
Pos. Tol.,POS_2D_34,PTOL,0.270,0.000,0.270,0.000,0.500,,2D_CIR_34/NOMINAL - CS_DE_BF - C-Zone - YZ - Nominal
Pos. Tol.,POS_2D_35,PTOL,0.308,0.000,0.308,0.000,0.500,,2D_CIR_35/NOMINAL - CS_DE_BF - C-Zone - YZ - Nominal
Flatness,FLATNESS_D,FLTN,0.275,0.000,0.275,0.000,0.500,,PL_D
Distance,H_32,X,0.225,0.275,-0.050,-0.225,0.225,,CIR_32 - PL_PLAST_32 / CS_DE_BF_ROT_70
Distance,H_33,X,0.270,0.275,-0.005,-0.225,0.225,,CIR_33 - PL_PLAST_33 / CS_DE_BF_ROT_70
Distance,H_34,X,0.267,0.275,-0.008,-0.225,0.225,,CIR_34 - PL_PLAST_34 / CS_DE_BF_ROT_70
Distance,H_35,X,0.235,0.275,-0.040,-0.225,0.225,,CIR_35 - PL_PLAST_35 / CS_DE_BF_ROT_70
Distance,WIDTH_TB.1,D1,3.084,3.000,0.084,-0.150,0.150,,IW2.5_1.1 - 0W2.5_1.1 / CS_DE_BF
Distance,WIDTH_TB.2,D1,2.996,3.000,-0.004,-0.150,0.150,,IW2.5_1.2 - 0W2.5_1.2 / CS_DE_BF
Distance,WIDTH_TB.3,D1,3.052,3.000,0.052,-0.150,0.150,,IW2.5_1.3 - 0W2.5_1.3 / CS_DE_BF
Distance,WIDTH_TB.4,D1,3.050,3.000,0.050,-0.150,0.150,,IW2.5_1.4 - 0W2.5_1.4 / CS_DE_BF
Distance,WIDTH_TB.5,D1,3.096,3.000,0.096,-0.150,0.150,,IW2.5_1.5 - 0W2.5_1.5 / CS_DE_BF
Distance,WIDTH_TB.6,D1,3.083,3.000,0.083,-0.150,0.150,,IW2.5_1.6 - 0W2.5_1.6 / CS_DE_BF
Distance,WIDTH_TB.7,D1,3.087,3.000,0.087,-0.150,0.150,,IW2.5_1.7 - 0W2.5_1.7 / CS_DE_BF
Distance,WIDTH_TB.8,D1,3.067,3.000,0.067,-0.150,0.150,,IW2.5_1.8 - 0W2.5_1.8 / CS_DE_BF
Distance,DEPTH_TB.1,D1,4.217,4.500,-0.283,-0.300,0.250,,TB_BOT_1.1 - PL_D / CS_DE_BF
Distance,DEPTH_TB.2,D1,4.585,4.500,0.085,-0.250,0.250,,TB_BOT_1.2 - PL_D / CS_DE_BF
Distance,DEPTH_TB.3,D1,4.529,4.500,0.029,-0.250,0.250,,TB_BOT_1.3 - PL_D / CS_DE_BF
Distance,DEPTH_TB.4,D1,4.355,4.500,-0.145,-0.250,0.250,,TB_BOT_1.4 - PL_D / CS_DE_BF
Distance,DEPTH_TB.5,D1,4.426,4.500,-0.074,-0.250,0.250,,TB_BOT_1.5 - PL_D / CS_DE_BF
Distance,DEPTH_TB.6,D1,4.654,4.500,0.154,-0.250,0.250,,TB_BOT_1.6 - PL_D / CS_DE_BF
Distance,DEPTH_TB.7,D1,4.738,4.500,0.238,-0.250,0.250,,TB_BOT_1.7 - PL_D / CS_DE_BF
Distance,DEPTH_TB.8,D1,4.410,4.500,-0.090,-0.250,0.250,,TB_BOT_1.8 - PL_D / CS_DE_BF
Circle,CIR_9,X,175.938,175.750,0.188,,,,Criterion : Least Square (From 8 Pts On PL_INS_9) 
Circle,CIR_9,Y,70.125,70.475,-0.350,,,,
Circle,CIR_9,Z,34.565,34.024,0.540,,,,
Circle,CIR_10,X,209.726,210.100,-0.374,,,,Criterion : Least Square (From 8 Pts On PL_INS_10) 
Circle,CIR_10,Y,101.298,101.349,-0.052,,,,
Circle,CIR_10,Z,35.487,34.774,0.713,,,,
Circle,CIR_11,X,159.953,160.100,-0.147,,,,Criterion : Least Square (From 6 Pts On PL_INS_11) 
Circle,CIR_11,Y,100.845,101.500,-0.655,,,,
Circle,CIR_11,Z,121.150,120.754,0.396,,,,
Distance,PROF_9,Y,70.125,70.475,-0.350,-1.500,1.500,,CIR_9 - PL_FIXTURE / CS_ABC_BF_OP
Distance,H_9,Y,0.256,0.275,-0.019,-0.225,0.225,,CIR_9 - PL_PLAST_9 / CS_ABC
Distance,PROF_10,Y,101.298,100.424,0.873,-1.500,1.500,,CIR_10 - PL_FIXTURE / CS_ABC_BF_OP
Distance,H_10,Y,0.222,0.275,-0.053,-0.225,0.225,,CIR_10 - PL_PLAST_10 / CS_ABC
Distance,PROF_11,Y,100.845,100.424,0.421,-1.500,1.500,,CIR_11 - PL_FIXTURE / CS_ABC_BF_OP
Distance,H_11,Y,0.249,0.275,-0.026,-0.225,0.225,,CIR_11 - PL_PLAST_11 / CS_ABC
Circle,2D_CIR_10,DIAM,5.117,5.000,0.117,,,,
Circle,2D_CIR_10,X,-0.000,0.000,0.000,,,,
Circle,2D_CIR_10,Z,0.213,0.000,0.213,,,,
Circle,2D_CIR_11,DIAM,5.190,5.000,0.190,,,,
Circle,2D_CIR_11,X,-0.000,0.000,0.000,,,,
Circle,2D_CIR_11,Z,99.287,99.500,-0.213,,,,
Pos. Tol.,POS_3D_9,PTOL,1.144,0.000,1.144,0.000,3.000,,CIR_9/NOMINAL - CS_ABC - C-Zone - XZ - Nominal
Pos. Tol.,POS_3D_10,PTOL,1.610,0.000,1.610,0.000,4.000,,CIR_10/NOMINAL - CS_ABC - C-Zone - XZ - Nominal
Pos. Tol.,POS_2D_10,PTOL,0.425,0.000,0.425,0.000,1.000,,2D_CIR_10/NOMINAL - CS_10_11_BF - C-Zone - XZ - Nominal
Pos. Tol.,POS_2D_11,PTOL,0.425,0.000,0.425,0.000,1.000,,2D_CIR_11/NOMINAL - CS_10_11_BF - C-Zone - XZ - Nominal
Pos. Tol.,POS_3D_11,PTOL,0.845,0.000,0.845,0.000,4.000,,CIR_11/NOMINAL - CS_ABC - C-Zone - XZ - Nominal
Pos. Tol.,POS_3D_13,PTOL,0.819,0.000,0.819,0.000,3.000,,CIR_13/NOMINAL - CS_ABC - C-Zone - XZ - Nominal
Pos. Tol.,POS_2D_12,PTOL,0.123,0.000,0.123,0.000,1.000,,2D_CIR_12/NOMINAL - CS_FG - C-Zone - XZ - Nominal
Circle,CIR_13,DIAM,12.058,12.000,0.058,-0.080,0.080,,Criterion : Least Square (From 18 Pts On PL_DATUM_F) 
Circle,CIR_13,X,96.903,96.513,0.390,,,,
Circle,CIR_13,Y,79.386,79.460,-0.074,,,,
Circle,CIR_13,Z,90.651,90.774,-0.124,,,,
Circle,2D_CIR_12,DIAM,4.727,4.800,-0.073,,,,
Circle,2D_CIR_12,X,19.938,20.000,-0.062,,,,
Circle,2D_CIR_12,Z,-0.000,0.000,0.000,,,,
Distance,PROF_13,Y,79.386,79.460,-0.074,-1.500,1.500,,CIR_13 - PL_FIXTURE / CS_ABC_BF_OP
Circle,CIR_15,DIAM,8.136,8.000,0.136,-0.200,0.200,,Criterion : Least Square (From 6 Pts On PL_PLAST_15) 
Circle,CIR_15,X,139.440,139.500,-0.060,,,,
Circle,CIR_15,Y,96.661,97.260,-0.599,,,,
Circle,CIR_15,Z,156.411,156.774,-0.363,,,,
Slot,SLOT_16,LEN,12.543,12.500,0.043,-0.200,0.200,,Criterion : Least Square (From 12 Pts On PL_PLAST_16) 
Slot,SLOT_16,WID,6.483,6.500,-0.017,-0.200,0.200,,
Slot,SLOT_16,X,217.186,217.280,-0.094,,,,
Slot,SLOT_16,Y,61.831,62.499,-0.668,,,,
Slot,SLOT_16,Z,152.108,152.418,-0.310,,,,
Slot,SLOT_17,LEN,12.543,12.500,0.043,-0.200,0.200,,Criterion : Least Square (From 12 Pts On PL_PLAST_17) 
Slot,SLOT_17,WID,6.491,6.500,-0.009,-0.200,0.200,,
Slot,SLOT_17,X,207.712,207.672,0.040,,,,
Slot,SLOT_17,Y,67.671,68.425,-0.754,,,,
Slot,SLOT_17,Z,116.493,116.654,-0.162,,,,
Slot,SLOT_18,LEN,12.514,12.500,0.014,-0.200,0.200,,Criterion : Least Square (From 12 Pts On PL_PLAST_18) 
Slot,SLOT_18,WID,6.470,6.500,-0.030,-0.200,0.200,,
Slot,SLOT_18,X,199.349,199.264,0.085,,,,
Slot,SLOT_18,Y,71.942,72.625,-0.684,,,,
Slot,SLOT_18,Z,84.534,84.550,-0.016,,,,
Slot,SLOT_19,LEN,12.539,12.500,0.039,-0.200,0.200,,Criterion : Least Square (From 12 Pts On PL_PLAST_19) 
Slot,SLOT_19,WID,6.521,6.500,0.021,-0.200,0.200,,
Slot,SLOT_19,X,187.576,187.420,0.155,,,,
Slot,SLOT_19,Y,67.187,67.938,-0.751,,,,
Slot,SLOT_19,Z,60.697,60.549,0.148,,,,
Slot,SLOT_22,LEN,12.503,12.500,0.003,-0.200,0.200,,Criterion : Least Square (From 16 Pts On PL_PLAST_22) 
Slot,SLOT_22,WID,6.465,6.500,-0.035,-0.200,0.200,,
Slot,SLOT_22,X,274.930,275.521,-0.591,,,,
Slot,SLOT_22,Y,37.106,37.338,-0.232,,,,
Slot,SLOT_22,Z,122.860,122.774,0.086,,,,
Pos. Tol.,POS_3D_15,PTOL,0.737,0.000,0.737,0.000,3.000,,CIR_15/NOMINAL - CS_ABC - C-Zone - XZ - Nominal
Pos. Tol.,POS_3D_16,PTOL,0.648,0.000,0.648,0.000,3.000,,SLOT_16/NOMINAL - CS_ABC - C-Zone - XZ - Nominal
Pos. Tol.,POS_3D_17,PTOL,0.333,0.000,0.333,0.000,3.000,,SLOT_17/NOMINAL - CS_ABC - C-Zone - XZ - Nominal
Pos. Tol.,POS_3D_18,PTOL,0.172,0.000,0.172,0.000,3.000,,SLOT_18/NOMINAL - CS_ABC - C-Zone - XZ - Nominal
Pos. Tol.,POS_3D_19,PTOL,0.429,0.000,0.429,0.000,3.000,,SLOT_19/NOMINAL - CS_ABC - C-Zone - XZ - Nominal
Pos. Tol.,POS_3D_22,PTOL,0.495,0.000,0.495,0.000,3.000,,SLOT_22/NOMINAL - CS_ABC - C-Zone - YZ - Nominal
Pos. Tol.,POS_3D_23,PTOL,0.400,0.000,0.400,0.000,3.000,,CIR_23/NOMINAL - CS_ABC - C-Zone - YZ - Nominal
Circle,CIR_23,DIAM,6.742,6.700,0.042,-0.200,0.200,,Criterion : Least Square (From 6 Pts On PL_PLAST_23) 
Circle,CIR_23,X,277.263,278.001,-0.738,,,,
Circle,CIR_23,Y,32.416,32.500,-0.084,,,,
Circle,CIR_23,Z,146.107,145.925,0.182,,,,
Circle,CIR_24,DIAM,9.467,9.500,-0.033,,,,Inters. PL_PLAST_24 - CYL_24.
Circle,CIR_24,X,-19.468,-20.573,1.105,,,,
Circle,CIR_24,Y,52.042,52.816,-0.774,,,,
Circle,CIR_24,Z,198.549,198.882,-0.334,,,,
Circle,CIR_26,DIAM,15.709,15.800,-0.091,,,,Inters. PL_PLAST_26 - CYL_26.
Circle,CIR_26,X,25.880,26.040,-0.160,,,,
Circle,CIR_26,Y,94.868,95.866,-0.998,,,,
Circle,CIR_26,Z,28.155,28.508,-0.353,,,,
Circle,CIR_25,DIAM,12.617,12.600,0.017,,,,Inters. PL_PLAST_25 - CYL_25.
Circle,CIR_25,X,-14.715,-15.036,0.321,,,,
Circle,CIR_25,Y,94.745,95.908,-1.162,,,,
Circle,CIR_25,Z,33.232,33.692,-0.460,,,,
Pos. Tol.,POS_3D_24,PTOL,2.780,0.000,2.780,0.000,4.000,,CIR_24/NOMINAL - CS_ABC - C-Zone - XYZ - Nominal
Pos. Tol.,POS_3D_25,PTOL,2.581,0.000,2.581,0.000,4.000,,CIR_25/NOMINAL - CS_ABC - C-Zone - XYZ - Nominal
Pos. Tol.,POS_3D_26,PTOL,2.141,0.000,2.141,0.000,4.000,,CIR_26/NOMINAL - CS_ABC - C-Zone - XYZ - Nominal
Circle,CIR_38,DIAM,28.350,28.400,-0.050,-0.100,0.100,,Criterion : Least Square (From 10 Pts On PL_PLAST_38) 
Circle,CIR_38,X,26.398,25.884,0.513,,,,
Circle,CIR_38,Y,71.165,71.896,-0.731,,,,
Circle,CIR_38,Z,153.907,154.383,-0.476,,,,
Circle,CIR_38_GAGE_12.3,DIAM,28.360,28.400,-0.040,-0.100,0.100,,Criterion : Least Square (From 12 Pts On PL_PLAST_38) 
Circle,CIR_38_GAGE_16.3,DIAM,28.307,28.400,-0.093,-0.100,0.100,,Criterion : Least Square (From 9 Pts On PL_PLAST_38) 
Circle,2D_CIR_36,X,-25.237,-25.500,0.263,,,,
Circle,2D_CIR_36,Y,-0.000,0.000,0.000,,,,
Pos. Tol.,POS_3D_36,PTOL,1.861,0.000,1.861,0.000,3.000,,CIR_36/NOMINAL - CS_ABC - C-Zone - XYZ - Nominal
Distance,H_36,Z,0.299,0.275,0.024,-0.225,0.225,,CIR_36 - PL_PLAST_36 / CS_EGR
Pos. Tol.,POS_2D_36,PTOL,0.526,0.000,0.526,0.000,0.500,0.026,2D_CIR_36/NOMINAL - CS_EGR - C-Zone - XY - Nominal
Distance,DIST_CLEARANCE_EGR_2,D1,89.065,88.000,1.065,0.000,5.000,,SRF_CLEARANCE_EGR.2 - PL_PLAST_38 / CS_ABC
Distance,DIST_CLEARANCE_EGR_3,D1,89.334,88.000,1.334,0.000,5.000,,SRF_CLEARANCE_EGR.3 - PL_PLAST_38 / CS_ABC
Distance,DIST_CLEARANCE_EGR_4,D1,88.558,88.000,0.558,0.000,5.000,,SRF_CLEARANCE_EGR.4 - PL_PLAST_38 / CS_ABC
Distance,DIST_CLEARANCE_EGR_1,D1,88.492,88.000,0.492,0.000,5.000,,SRF_CLEARANCE_EGR.1 - PL_PLAST_38 / CS_ABC
