Feat. Type,Feat. Name,Value,Actual,Nominal,Dev.,Tol-,Tol+,Out of Tol.,Comment
Text/Value,VAR_PROGRAM,VAL,,,,,,,'N:\Metrolog XG\Programmes\GM HF FWD GEN II 31xx\GM HF FWD Gen II High Hood 31xx Complete (Module 64).gm2'
Text/Value,VAR_EVENEMENT,VAL,,,,,,,'Smed NID 2'
Text/Value,VAR_COMMENTAIRES,VAL,,,,,,,'314A'
Text/Value,PROFILE_DATUM_A,VAL,0.420801,0.000000,0.420801,0.000000,1.000000,,
Text/Value,PROFILE_DATUM_B,VAL,0.558387,0.000000,0.558387,0.000000,1.000000,,
Distance,WIDTH_C,D1,8.972,9.000,-0.028,-0.150,0.150,,SRF_C_TOP - SRF_C_DOWN / CS_ABC_SURFACES_C
Pos. Tol.,POS_1,PTOL,0.901,0.000,0.901,0.000,2.500,,CIR1/NOMINAL - CS_ABC_SURFACES_C - C-Zone - XZ - Nominal
Pos. Tol.,POS_2,PTOL,0.537,0.000,0.537,0.000,2.000,,CIR2/NOMINAL - CS_ABC_SURFACES_C - C-Zone - XZ - Nominal
Pos. Tol.,POS_3,PTOL,0.716,0.000,0.716,0.000,2.000,,CIR3/NOMINAL - CS_ABC_SURFACES_C - C-Zone - XZ - Nominal
Pos. Tol.,POS_4,PTOL,0.447,0.000,0.447,0.000,2.000,,CIR4/NOMINAL - CS_ABC_SURFACES_C - C-Zone - XZ - Nominal
Pos. Tol.,POS_5,PTOL,0.942,0.000,0.942,0.000,2.000,,CIR5/NOMINAL - CS_ABC_SURFACES_C - C-Zone - XZ - Nominal
Pos. Tol.,POS_6,PTOL,1.207,0.000,1.207,0.000,2.000,,CIR6/NOMINAL - CS_ABC_SURFACES_C - C-Zone - XZ - Nominal
Pos. Tol.,POS_7,PTOL,0.582,0.000,0.582,0.000,2.000,,CIR7/NOMINAL - CS_ABC_SURFACES_C - C-Zone - XZ - Nominal
Pos. Tol.,POS_8,PTOL,0.803,0.000,0.803,0.000,2.000,,CIR8/NOMINAL - CS_ABC_SURFACES_C - C-Zone - XZ - Nominal
Pos. Tol.,POS_9,PTOL,2.256,0.000,2.256,0.000,4.200,,CIR9/NOMINAL - CS_ABC_SURFACES_C - C-Zone - XZ - Nominal
Circle,CIR1,DIAM,15.016,15.000,0.016,-0.100,0.150,,From 4 Pts On PL_PLAST_1
Circle,CIR1,X,-51.795,-52.000,0.205,,,,
Circle,CIR1,Y,85.268,85.260,0.008,,,,
Circle,CIR1,Z,-112.099,-112.500,0.401,,,,
Circle,CIR2,DIAM,15.093,15.000,0.093,-0.100,0.100,,From 4 Pts On PL_PLAST_2
Circle,CIR2,X,-51.744,-52.000,0.256,,,,
Circle,CIR2,Y,85.446,85.260,0.186,,,,
Circle,CIR2,Z,-17.919,-18.000,0.081,,,,
Circle,CIR3,DIAM,15.169,15.100,0.069,-0.100,0.200,,From 4 Pts On PL_PLAST_3
Circle,CIR3,X,-51.949,-52.000,0.051,,,,
Circle,CIR3,Y,85.392,85.260,0.132,,,,
Circle,CIR3,Z,87.646,88.000,-0.354,,,,
Circle,CIR4,DIAM,15.064,15.000,0.064,-0.100,0.100,,From 4 Pts On PL_PLAST_4
Circle,CIR4,X,-51.981,-52.000,0.019,,,,
Circle,CIR4,Y,85.215,85.260,-0.045,,,,
Circle,CIR4,Z,193.777,194.000,-0.223,,,,
Circle,CIR5,DIAM,15.034,15.000,0.034,-0.100,0.100,,From 4 Pts On PL_PLAST_5
Circle,CIR5,X,51.658,52.000,-0.342,,,,
Circle,CIR5,Y,85.538,85.260,0.278,,,,
Circle,CIR5,Z,155.176,155.500,-0.324,,,,
Circle,CIR6,DIAM,14.887,15.000,-0.113,-0.150,0.100,,From 4 Pts On PL_PLAST_6
Circle,CIR6,X,52.027,52.000,0.027,,,,
Circle,CIR6,Y,85.064,85.260,-0.196,,,,
Circle,CIR6,Z,60.397,61.000,-0.603,,,,
Circle,CIR7,DIAM,14.893,15.000,-0.107,-0.200,0.100,,From 4 Pts On PL_PLAST_7
Circle,CIR7,X,52.255,52.000,0.255,,,,
Circle,CIR7,Y,84.761,85.260,-0.499,,,,
Circle,CIR7,Z,-44.860,-45.000,0.140,,,,
Circle,CIR8,DIAM,15.091,15.000,0.091,-0.100,0.100,,From 4 Pts On PL_PLAST_8
Circle,CIR8,X,52.123,52.000,0.123,,,,
Circle,CIR8,Y,84.635,85.260,-0.625,,,,
Circle,CIR8,Z,-150.618,-151.000,0.382,,,,
Circle,CIR9,DIAM,12.836,12.860,-0.024,-0.100,0.100,,From 4 Pts On PL_PLAST_9
Circle,CIR9,X,284.161,284.990,-0.829,,,,
Circle,CIR9,Y,25.953,27.530,-1.577,,,,
Circle,CIR9,Z,160.265,159.500,0.765,,,,
Distance,PROFILE_1,Y,85.268,85.250,0.018,-0.325,0.325,,CIR1 - ORIGIN / CS_ABC_SURFACES_C
Distance,PROFILE_2,Y,85.446,85.250,0.196,-0.475,0.475,,CIR2 - ORIGIN / CS_ABC_SURFACES_C
Distance,PROFILE_3,Y,85.392,85.250,0.142,-0.325,0.325,,CIR3 - ORIGIN / CS_ABC_SURFACES_C
Distance,PROFILE_4,Y,85.215,85.250,-0.035,-0.550,0.550,,CIR4 - ORIGIN / CS_ABC_SURFACES_C
Distance,PROFILE_5,Y,85.538,85.250,0.288,-0.625,0.625,,CIR5 - ORIGIN / CS_ABC_SURFACES_C
Distance,PROFILE_6,Y,85.064,85.250,-0.186,-0.250,0.250,,CIR6 - ORIGIN / CS_ABC_SURFACES_C
Distance,PROFILE_7,Y,84.761,85.250,-0.489,-0.375,0.375,-0.114,CIR7 - ORIGIN / CS_ABC_SURFACES_C
Distance,PROFILE_8,Y,84.635,85.250,-0.615,-0.375,0.375,-0.240,CIR8 - ORIGIN / CS_ABC_SURFACES_C
Profile of Line,PROFILE_VERTICAL_OP_1,PRFL,1.168,0.000,1.168,0.000,1.900,,SECTION_VERTICAL_OP_1
Profile of Line,PROFILE_VERTICAL_OP_2,PRFL,0.807,0.000,0.807,0.000,1.500,,SECTION_VERTICAL_OP_2
Profile of Line,PROFILE_VERTICAL_OP_3,PRFL,1.501,0.000,1.501,0.000,1.500,0.001,SECTION_VERTICAL_OP_3
Profile of Line,PROFILE_VERTICAL_OP_4,PRFL,0.601,0.000,0.601,0.000,1.200,,SECTION_VERTICAL_OP_4
Profile of Line,PROFILE_VERTICAL_OP_5,PRFL,0.769,0.000,0.769,0.000,1.200,,SECTION_VERTICAL_OP_5
Profile of Line,PROFILE_VERTICAL_OP_6,PRFL,0.485,0.000,0.485,0.000,1.200,,SECTION_VERTICAL_OP_6
Profile of Line,PROFILE_HORIZONTAL_OP_1,PRFL,1.253,0.000,1.253,0.000,2.300,,SECTION_HORIZONTAL_OP_1
Profile of Line,PROFILE_HORIZONTAL_OP_2,PRFL,1.351,0.000,1.351,0.000,2.000,,SECTION_HORIZONTAL_OP_2
Profile of Line,PROFILE_HORIZONTAL_OP_3,PRFL,1.724,0.000,1.724,0.000,2.000,,SECTION_HORIZONTAL_OP_3
Profile of Line,PROFILE_HORIZONTAL_OP_4,PRFL,1.583,0.000,1.583,0.000,2.000,,SECTION_HORIZONTAL_OP_4
Profile of Line,PROFILE_HORIZONTAL_OP_5,PRFL,1.293,0.000,1.293,0.000,2.000,,SECTION_HORIZONTAL_OP_5
Profile of Line,PROFILE_HORIZONTAL_OP_6,PRFL,1.078,0.000,1.078,0.000,2.000,,SECTION_HORIZONTAL_OP_6
Distance,OP1_WIDTH_1,D1,3.847,3.900,-0.053,-0.150,0.450,,OP1_PT1_OW_GAGE - OP1_PT1_IW_GAGE / CS_BF_OP1
Distance,OP1_WIDTH_2,D1,3.921,3.900,0.021,-0.150,0.150,,OP1_PT2_OW_GAGE - OP1_PT2_IW_GAGE / CS_BF_OP1
Distance,OP1_WIDTH_3,D1,3.848,3.900,-0.052,-0.150,0.150,,OP1_PT3_OW_GAGE - OP1_PT3_IW_GAGE / CS_BF_OP1
Distance,OP1_WIDTH_4,D1,3.895,3.900,-0.005,-0.250,0.150,,OP1_PT4_OW_GAGE - OP1_PT4_IW_GAGE / CS_BF_OP1
Distance,OP1_WIDTH_5,D1,3.962,3.900,0.062,-0.150,0.150,,OP1_PT5_OW_GAGE - OP1_PT5_IW_GAGE / CS_BF_OP1
Distance,OP1_WIDTH_6,D1,3.913,3.900,0.013,-0.150,0.150,,OP1_PT6_OW_GAGE - OP1_PT6_IW_GAGE / CS_BF_OP1
Distance,OP1_WIDTH_7,D1,3.989,3.900,0.089,-0.150,0.250,,OP1_PT7_OW_GAGE - OP1_PT7_IW_GAGE / CS_BF_OP1
Distance,OP1_WIDTH_8,D1,3.973,3.900,0.073,-0.150,0.150,,OP1_PT8_OW_GAGE - OP1_PT8_IW_GAGE / CS_BF_OP1
Distance,OP1_DEPTH_1,D1,6.001,6.000,0.001,-0.200,0.300,,PL_FIXTURE_A - OP1_PT1_DEPTH / CS_BF_OP1
Distance,OP1_DEPTH_2,D1,6.003,6.000,0.003,-0.200,0.300,,PL_FIXTURE_A - OP1_PT2_DEPTH / CS_BF_OP1
Distance,OP1_DEPTH_3,D1,5.919,6.000,-0.081,-0.250,0.150,,PL_FIXTURE_A - OP1_PT3_DEPTH / CS_BF_OP1
Distance,OP1_DEPTH_4,D1,5.930,6.000,-0.070,-0.250,0.150,,PL_FIXTURE_A - OP1_PT4_DEPTH / CS_BF_OP1
Distance,OP1_DEPTH_5,D1,5.943,6.000,-0.057,-0.250,0.150,,PL_FIXTURE_A - OP1_PT5_DEPTH / CS_BF_OP1
Distance,OP1_DEPTH_6,D1,5.947,6.000,-0.053,-0.200,0.150,,PL_FIXTURE_A - OP1_PT6_DEPTH / CS_BF_OP1
Distance,OP1_DEPTH_7,D1,6.223,6.000,0.223,-0.150,0.650,,PL_FIXTURE_A - OP1_PT8_DEPTH / CS_BF_OP1
Distance,OP1_DEPTH_8,D1,6.277,6.000,0.277,-0.150,0.650,,PL_FIXTURE_A - OP1_PT8_DEPTH / CS_BF_OP1
Distance,OP2_WIDTH_1,D1,3.877,3.900,-0.023,-0.150,0.150,,OP2_PT1_OW_GAGE - OP2_PT1_IW_GAGE / CS_BF_OP2
Distance,OP2_WIDTH_2,D1,3.895,3.900,-0.005,-0.150,0.150,,OP2_PT2_OW_GAGE - OP2_PT2_IW_GAGE / CS_BF_OP2
Distance,OP2_WIDTH_3,D1,3.764,3.900,-0.136,-0.150,0.150,,OP2_PT3_OW_GAGE - OP2_PT3_IW_GAGE / CS_BF_OP2
Distance,OP2_WIDTH_4,D1,3.848,3.900,-0.052,-0.150,0.150,,OP2_PT4_OW_GAGE - OP2_PT4_IW_GAGE / CS_BF_OP2
Distance,OP2_WIDTH_5,D1,4.017,3.900,0.117,-0.150,0.150,,OP2_PT5_OW_GAGE - OP2_PT5_IW_GAGE / CS_BF_OP2
Distance,OP2_WIDTH_6,D1,3.952,3.900,0.052,-0.150,0.150,,OP2_PT6_OW_GAGE - OP2_PT6_IW_GAGE / CS_BF_OP2
Distance,OP2_WIDTH_7,D1,4.215,3.900,0.315,-0.150,0.150,0.165,OP2_PT7_OW_GAGE - OP2_PT7_IW_GAGE / CS_BF_OP2
Distance,OP2_WIDTH_8,D1,3.906,3.900,0.006,-0.150,0.150,,OP2_PT8_OW_GAGE - OP2_PT8_IW_GAGE / CS_BF_OP2
Distance,OP2_DEPTH_1,D1,5.881,6.000,-0.119,-0.350,0.150,,PL_FIXTURE_A - OP2_PT1_DEPTH / CS_BF_OP2
Distance,OP2_DEPTH_2,D1,6.040,6.000,0.040,-0.300,0.150,,PL_FIXTURE_A - OP2_PT2_DEPTH / CS_BF_OP2
Distance,OP2_DEPTH_3,D1,5.902,6.000,-0.098,-0.300,0.150,,PL_FIXTURE_A - OP2_PT3_DEPTH / CS_BF_OP2
Distance,OP2_DEPTH_4,D1,5.881,6.000,-0.119,-0.300,0.150,,PL_FIXTURE_A - OP2_PT4_DEPTH / CS_BF_OP2
Distance,OP2_DEPTH_5,D1,5.942,6.000,-0.058,-0.300,0.150,,PL_FIXTURE_A - OP2_PT5_DEPTH / CS_BF_OP2
Distance,OP2_DEPTH_6,D1,5.922,6.000,-0.078,-0.300,0.150,,PL_FIXTURE_A - OP2_PT6_DEPTH / CS_BF_OP2
Distance,OP2_DEPTH_7,D1,5.820,6.000,-0.180,-0.350,0.150,,PL_FIXTURE_A - OP2_PT7_DEPTH / CS_BF_OP2
Distance,OP2_DEPTH_8,D1,5.872,6.000,-0.128,-0.350,0.150,,PL_FIXTURE_A - OP2_PT8_DEPTH / CS_BF_OP2
Distance,OP3_WIDTH_1,D1,3.865,3.900,-0.035,-0.150,0.150,,OP3_PT1_OW_GAGE - OP3_PT1_IW_GAGE / CS_BF_OP3
Distance,OP3_WIDTH_2,D1,3.902,3.900,0.002,-0.150,0.150,,OP3_PT2_OW_GAGE - OP3_PT2_IW_GAGE / CS_BF_OP3
Distance,OP3_WIDTH_3,D1,3.943,3.900,0.043,-0.200,0.150,,OP3_PT3_OW_GAGE - OP3_PT3_IW_GAGE / CS_BF_OP3
Distance,OP3_WIDTH_4,D1,3.957,3.900,0.057,-0.150,0.150,,OP3_PT4_OW_GAGE - OP3_PT4_IW_GAGE / CS_BF_OP3
Distance,OP3_WIDTH_5,D1,4.053,3.900,0.153,-0.150,0.250,,OP3_PT5_OW_GAGE - OP3_PT5_IW_GAGE / CS_BF_OP3
Distance,OP3_WIDTH_6,D1,3.984,3.900,0.084,-0.150,0.150,,OP3_PT6_OW_GAGE - OP3_PT6_IW_GAGE / CS_BF_OP3
Distance,OP3_WIDTH_7,D1,4.100,4.150,-0.050,-0.150,0.300,,OP3_PT7_OW_GAGE - OP3_PT7_IW_GAGE / CS_BF_OP3
Distance,OP3_WIDTH_8,D1,3.978,3.900,0.078,-0.150,0.150,,OP3_PT8_OW_GAGE - OP3_PT8_IW_GAGE / CS_BF_OP3
Distance,OP3_DEPTH_1,D1,6.295,6.000,0.295,-0.200,0.500,,PL_FIXTURE_A - OP3_PT2_DEPTH / CS_BF_OP3
Distance,OP3_DEPTH_2,D1,6.295,6.000,0.295,-0.150,0.550,,PL_FIXTURE_A - OP3_PT2_DEPTH / CS_BF_OP3
Distance,OP3_DEPTH_3,D1,6.022,6.000,0.022,-0.200,0.350,,PL_FIXTURE_A - OP3_PT3_DEPTH / CS_BF_OP3
Distance,OP3_DEPTH_4,D1,6.007,6.000,0.007,-0.200,0.350,,PL_FIXTURE_A - OP3_PT4_DEPTH / CS_BF_OP3
Distance,OP3_DEPTH_5,D1,6.039,6.000,0.039,-0.200,0.300,,PL_FIXTURE_A - OP3_PT5_DEPTH / CS_BF_OP3
Distance,OP3_DEPTH_6,D1,5.930,6.000,-0.070,-0.150,0.250,,PL_FIXTURE_A - OP3_PT6_DEPTH / CS_BF_OP3
Distance,OP3_DEPTH_7,D1,6.064,6.000,0.064,-0.300,0.400,,PL_FIXTURE_A - OP3_PT8_DEPTH / CS_BF_OP3
Distance,OP3_DEPTH_8,D1,6.064,6.000,0.064,-0.350,0.150,,PL_FIXTURE_A - OP3_PT8_DEPTH / CS_BF_OP3
Distance,OP4_WIDTH_1,D1,3.775,3.900,-0.125,-0.150,0.150,,OP4_PT1_OW_GAGE - OP4_PT1_IW_GAGE / CS_BF_OP4
Distance,OP4_WIDTH_2,D1,3.956,3.900,0.056,-0.150,0.300,,OP4_PT2_OW_GAGE - OP4_PT2_IW_GAGE / CS_BF_OP4
Distance,OP4_WIDTH_3,D1,3.864,3.900,-0.036,-0.150,0.150,,OP4_PT3_OW_GAGE - OP4_PT3_IW_GAGE / CS_BF_OP4
Distance,OP4_WIDTH_4,D1,3.884,3.900,-0.016,-0.150,0.150,,OP4_PT4_OW_GAGE - OP4_PT4_IW_GAGE / CS_BF_OP4
Distance,OP4_WIDTH_5,D1,4.009,3.900,0.109,-0.150,0.250,,OP4_PT5_OW_GAGE - OP4_PT5_IW_GAGE / CS_BF_OP4
Distance,OP4_WIDTH_6,D1,3.791,3.900,-0.109,-0.150,0.150,,OP4_PT6_OW_GAGE - OP4_PT6_IW_GAGE / CS_BF_OP4
Distance,OP4_WIDTH_7,D1,3.910,3.900,0.010,-0.150,0.200,,OP4_PT7_OW_GAGE - OP4_PT7_IW_GAGE / CS_BF_OP4
Distance,OP4_WIDTH_8,D1,3.914,3.900,0.014,-0.150,0.200,,OP4_PT8_OW_GAGE - OP4_PT8_IW_GAGE / CS_BF_OP4
Distance,OP4_DEPTH_1,D1,6.005,6.000,0.005,-0.150,0.200,,PL_FIXTURE_B - OP4_PT1_DEPTH / CS_BF_OP4
Distance,OP4_DEPTH_2,D1,6.229,6.000,0.229,-0.150,0.500,,PL_FIXTURE_B - OP4_PT2_DEPTH / CS_BF_OP4
Distance,OP4_DEPTH_3,D1,6.175,6.000,0.175,-0.150,0.400,,PL_FIXTURE_B - OP4_PT3_DEPTH / CS_BF_OP4
Distance,OP4_DEPTH_4,D1,6.021,6.000,0.021,-0.150,0.150,,PL_FIXTURE_B - OP4_PT4_DEPTH / CS_BF_OP4
Distance,OP4_DEPTH_5,D1,6.063,6.000,0.063,-0.150,0.300,,PL_FIXTURE_B - OP4_PT5_DEPTH / CS_BF_OP4
Distance,OP4_DEPTH_6,D1,6.046,6.000,0.046,-0.150,0.300,,PL_FIXTURE_B - OP4_PT6_DEPTH / CS_BF_OP4
Distance,OP4_DEPTH_7,D1,6.002,6.000,0.002,-0.150,0.250,,PL_FIXTURE_B - OP4_PT7_DEPTH / CS_BF_OP4
Distance,OP4_DEPTH_8,D1,5.986,6.000,-0.014,-0.150,0.250,,PL_FIXTURE_B - OP4_PT8_DEPTH / CS_BF_OP4
Distance,OP5_WIDTH_1,D1,3.668,3.900,-0.232,-0.200,0.150,-0.032,OP5_PT1_OW_GAGE - OP5_PT1_IW_GAGE / CS_BF_OP5
Distance,OP5_WIDTH_2,D1,3.839,3.900,-0.061,-0.150,0.150,,OP5_PT2_OW_GAGE - OP5_PT2_IW_GAGE / CS_BF_OP5
Distance,OP5_WIDTH_3,D1,3.905,3.900,0.005,-0.150,0.150,,OP5_PT3_OW_GAGE - OP5_PT3_IW_GAGE / CS_BF_OP5
Distance,OP5_WIDTH_4,D1,3.881,3.900,-0.019,-0.150,0.200,,OP5_PT4_OW_GAGE - OP5_PT4_IW_GAGE / CS_BF_OP5
Distance,OP5_WIDTH_5,D1,4.085,3.900,0.185,-0.150,0.400,,OP5_PT5_OW_GAGE - OP5_PT5_IW_GAGE / CS_BF_OP5
Distance,OP5_WIDTH_6,D1,3.996,3.900,0.096,-0.150,0.200,,OP5_PT6_OW_GAGE - OP5_PT6_IW_GAGE / CS_BF_OP5
Distance,OP5_WIDTH_7,D1,3.961,3.900,0.061,-0.150,0.150,,OP5_PT7_OW_GAGE - OP5_PT7_IW_GAGE / CS_BF_OP5
Distance,OP5_WIDTH_8,D1,3.867,3.900,-0.033,-0.150,0.150,,OP5_PT8_OW_GAGE - OP5_PT8_IW_GAGE / CS_BF_OP5
Distance,OP5_DEPTH_1,D1,6.161,6.000,0.161,-0.150,0.400,,PL_FIXTURE_B - OP5_PT1_DEPTH / CS_BF_OP5
Distance,OP5_DEPTH_2,D1,6.161,6.000,0.161,-0.150,0.500,,PL_FIXTURE_B - OP5_PT1_DEPTH / CS_BF_OP5
Distance,OP5_DEPTH_3,D1,6.161,6.000,0.161,-0.150,0.400,,PL_FIXTURE_B - OP5_PT1_DEPTH / CS_BF_OP5
Distance,OP5_DEPTH_4,D1,6.047,6.000,0.047,-0.150,0.200,,PL_FIXTURE_B - OP5_PT4_DEPTH / CS_BF_OP5
Distance,OP5_DEPTH_5,D1,6.047,6.000,0.047,-0.150,0.200,,PL_FIXTURE_B - OP5_PT5_DEPTH / CS_BF_OP5
Distance,OP5_DEPTH_6,D1,6.063,6.000,0.063,-0.150,0.250,,PL_FIXTURE_B - OP5_PT6_DEPTH / CS_BF_OP5
Distance,OP5_DEPTH_7,D1,6.104,6.000,0.104,-0.150,0.400,,PL_FIXTURE_B - OP5_PT7_DEPTH / CS_BF_OP5
Distance,OP5_DEPTH_8,D1,6.161,6.000,0.161,-0.150,0.400,,PL_FIXTURE_B - OP5_PT1_DEPTH / CS_BF_OP5
Distance,OP6_WIDTH_1,D1,3.736,3.900,-0.164,-0.200,0.150,,OP6_PT1_OW_GAGE - OP6_PT1_IW_GAGE / CS_BF_OP6
Distance,OP6_WIDTH_2,D1,3.865,3.900,-0.035,-0.150,0.150,,OP6_PT2_OW_GAGE - OP6_PT2_IW_GAGE / CS_BF_OP6
Distance,OP6_WIDTH_3,D1,3.909,3.900,0.009,-0.150,0.150,,OP6_PT3_OW_GAGE - OP6_PT3_IW_GAGE / CS_BF_OP6
Distance,OP6_WIDTH_4,D1,3.869,3.900,-0.031,-0.150,0.150,,OP6_PT4_OW_GAGE - OP6_PT4_IW_GAGE / CS_BF_OP6
Distance,OP6_WIDTH_5,D1,3.973,3.900,0.073,-0.150,0.200,,OP6_PT5_OW_GAGE - OP6_PT5_IW_GAGE / CS_BF_OP6
Distance,OP6_WIDTH_6,D1,3.945,3.900,0.045,-0.150,0.200,,OP6_PT6_OW_GAGE - OP6_PT6_IW_GAGE / CS_BF_OP6
Distance,OP6_WIDTH_7,D1,3.818,3.900,-0.082,-0.150,0.150,,OP6_PT7_OW_GAGE - OP6_PT7_IW_GAGE / CS_BF_OP6
Distance,OP6_WIDTH_8,D1,3.901,3.900,0.001,-0.150,0.150,,OP6_PT8_OW_GAGE - OP6_PT8_IW_GAGE / CS_BF_OP6
Distance,OP6_DEPTH_1,D1,6.231,6.000,0.231,-0.150,0.400,,PL_FIXTURE_B - OP6_PT1_DEPTH / CS_BF_OP6
Distance,OP6_DEPTH_2,D1,6.228,6.000,0.228,-0.150,0.450,,PL_FIXTURE_B - OP6_PT2_DEPTH / CS_BF_OP6
Distance,OP6_DEPTH_3,D1,6.228,6.000,0.228,-0.150,0.400,,PL_FIXTURE_B - OP6_PT2_DEPTH / CS_BF_OP6
Distance,OP6_DEPTH_4,D1,5.983,6.000,-0.017,-0.150,0.400,,PL_FIXTURE_B - OP6_PT4_DEPTH / CS_BF_OP6
Distance,OP6_DEPTH_5,D1,6.037,6.000,0.037,-0.150,0.400,,PL_FIXTURE_B - OP6_PT5_DEPTH / CS_BF_OP6
Distance,OP6_DEPTH_6,D1,6.097,6.000,0.097,-0.150,0.400,,PL_FIXTURE_B - OP6_PT6_DEPTH / CS_BF_OP6
Distance,OP6_DEPTH_7,D1,6.228,6.000,0.228,-0.150,0.450,,PL_FIXTURE_B - OP6_PT2_DEPTH / CS_BF_OP6
Distance,OP6_DEPTH_8,D1,6.228,6.000,0.228,-0.150,0.500,,PL_FIXTURE_B - OP6_PT2_DEPTH / CS_BF_OP6
Circle,CIR_A,DIAM,73.861,73.500,0.361,-0.500,0.500,,Criterion : Least Square (From 16 Pts On PL_PLAST_A) 
Circle,CIR_A,X,243.015,242.799,0.217,,,,
Circle,CIR_A,Y,136.620,136.926,-0.306,,,,
Circle,CIR_A,Z,156.198,155.357,0.841,,,,
Circle,CIR_INS_11,X,290.267,290.064,0.202,,,,Criterion : Least Square (From 8 Pts On PL_INS_11) 
Circle,CIR_INS_11,Y,162.023,162.379,-0.357,,,,
Circle,CIR_INS_11,Z,150.698,149.158,1.540,,,,
Circle,CIR_INS_12,X,279.184,279.125,0.059,,,,Criterion : Least Square (From 8 Pts On PL_INS_12) 
Circle,CIR_INS_12,Y,102.386,102.451,-0.065,,,,
Circle,CIR_INS_12,Z,166.658,165.216,1.442,,,,
Circle,CIR_INS_13,X,196.690,196.401,0.289,,,,Criterion : Least Square (From 8 Pts On PL_INS_13) 
Circle,CIR_INS_13,Y,116.286,116.540,-0.254,,,,
Circle,CIR_INS_13,Z,161.696,161.441,0.256,,,,
Circle,CIR_INS_14,X,207.776,207.341,0.435,,,,Criterion : Least Square (From 8 Pts On PL_INS_14) 
Circle,CIR_INS_14,Y,176.175,176.469,-0.294,,,,
Circle,CIR_INS_14,Z,146.055,145.383,0.672,,,,
Circle,2D_CIR_INS_11,X,41.913,42.000,-0.087,,,,
Circle,2D_CIR_INS_11,Y,33.862,34.000,-0.138,,,,
Circle,2D_CIR_INS_12,X,41.901,42.000,-0.099,,,,
Circle,2D_CIR_INS_12,Y,-28.860,-29.000,0.140,,,,
Circle,2D_CIR_INS_13,X,-41.903,-42.000,0.097,,,,
Circle,2D_CIR_INS_13,Y,-28.942,-29.000,0.058,,,,
Circle,2D_CIR_INS_14,X,-41.911,-42.000,0.089,,,,
Circle,2D_CIR_INS_14,Y,33.940,34.000,-0.060,,,,
Pos. Tol.,POS_11,PTOL,3.187,0.000,3.187,0.000,4.500,,CIR_INS_11/NOMINAL - CS_ABC_SURFACES_C - C-Zone - XYZ - Nominal
Pos. Tol.,POS_12,PTOL,2.889,0.000,2.889,0.000,3.000,,CIR_INS_12/NOMINAL - CS_ABC_SURFACES_C - C-Zone - XYZ - Nominal
Pos. Tol.,POS_13,PTOL,0.925,0.000,0.925,0.000,3.000,,CIR_INS_13/NOMINAL - CS_ABC_SURFACES_C - C-Zone - XYZ - Nominal
Pos. Tol.,POS_2D_11,PTOL,0.326,0.000,0.326,0.000,0.500,,2D_CIR_INS_11/NOMINAL - CS_D_BF - C-Zone - XY - Nominal
Pos. Tol.,POS_2D_12,PTOL,0.342,0.000,0.342,0.000,0.800,,2D_CIR_INS_12/NOMINAL - CS_D_BF - C-Zone - XY - Nominal
Pos. Tol.,POS_2D_13,PTOL,0.227,0.000,0.227,0.000,0.500,,2D_CIR_INS_13/NOMINAL - CS_D_BF - C-Zone - XY - Nominal
Pos. Tol.,POS_2D_14,PTOL,0.214,0.000,0.214,0.000,0.500,,2D_CIR_INS_14/NOMINAL - CS_D_BF - C-Zone - XY - Nominal
Paral.,PERP_11,PARA,0.319,0.000,0.319,0.000,0.300,0.019,PL_INS_11/PL_PLAST_INS_11 - P-Zone - Cloud of Points 
Paral.,PERP_12,PARA,0.118,0.000,0.118,0.000,0.300,,PL_INS_12/PL_PLAST_INS_12 - P-Zone - Cloud of Points 
Paral.,PERP_13,PARA,0.052,0.000,0.052,0.000,0.300,,PL_INS_13/PL_PLAST_INS_13 - P-Zone - Cloud of Points 
Paral.,PERP_14,PARA,0.327,0.000,0.327,0.000,0.250,0.077,PL_INS_14/PL_PLAST_INS_14 - P-Zone - Cloud of Points 
Flatness,FLATNESS_DATUM_D,FLTN,0.310,0.000,0.310,0.000,0.500,,PL_PLAST_D_TB
Distance,H_11,Z,0.171,-0.000,0.172,0.000,0.400,,CIR_INS_11 - PL_PLAST_INS_11 / CS_D_BF
Distance,H_12,Z,0.107,-0.000,0.107,0.000,0.400,,CIR_INS_12 - PL_PLAST_INS_12 / CS_D_BF
Distance,H_13,Z,0.051,-0.000,0.051,0.000,0.400,,CIR_INS_13 - PL_PLAST_INS_13 / CS_D_BF
Distance,H_14,Z,0.172,-0.000,0.172,0.000,0.400,,CIR_INS_14 - PL_PLAST_INS_14 / CS_D_BF
Profile of Line,PROFILE_SURFACE_D,PRFL,2.564,0.000,2.564,0.000,3.000,,SECTION_D
Distance,PROF_INS_11_D,D1,0.778,0.650,0.128,-0.150,0.150,,CIR_INS_11 - PL_PLAST_D_TB / CS_D_BF
Distance,PROF_INS_12_D,D1,0.752,0.650,0.102,-0.150,0.150,,CIR_INS_12 - PL_PLAST_D_TB / CS_D_BF
Distance,PROF_INS_13_D,D1,0.603,0.650,-0.047,-0.150,0.150,,CIR_INS_13 - PL_PLAST_D_TB / CS_D_BF
Distance,PROF_INS_14_D,D1,1.002,0.650,0.352,-0.150,0.150,0.202,CIR_INS_14 - PL_PLAST_D_TB / CS_D_BF
Distance,WIDTH_TBA_1,D1,3.189,3.250,-0.061,-0.150,0.150,,0W2.5_1.1 - IW2.5_1.1 / CS_D_BF
Distance,WIDTH_TBA_2,D1,3.171,3.250,-0.079,-0.150,0.150,,0W2.5_1.2 - IW2.5_1.2 / CS_D_BF
Distance,WIDTH_TBA_3,D1,3.276,3.250,0.026,-0.150,0.150,,0W2.5_1.3 - IW2.5_1.3 / CS_D_BF
Distance,WIDTH_TBA_4,D1,3.232,3.250,-0.018,-0.150,0.150,,0W2.5_1.4 - IW2.5_1.4 / CS_D_BF
Distance,WIDTH_TBA_5,D1,3.129,3.250,-0.121,-0.200,0.150,,0W2.5_1.5 - IW2.5_1.5 / CS_D_BF
Distance,WIDTH_TBA_6,D1,3.230,3.250,-0.020,-0.150,0.150,,0W2.5_1.6 - IW2.5_1.6 / CS_D_BF
Distance,WIDTH_TBA_7,D1,3.252,3.250,0.002,-0.150,0.150,,0W2.5_1.7 - IW2.5_1.7 / CS_D_BF
Distance,WIDTH_TBA_8,D1,3.260,3.250,0.010,-0.150,0.150,,0W2.5_1.8 - IW2.5_1.8 / CS_D_BF
Distance,DEPTH_TBA_1,D1,5.285,5.150,0.135,-0.300,0.350,,TB_BOT_1.1 - PL_D / CS_D_BF
Distance,DEPTH_TBA_2,D1,5.204,5.150,0.054,-0.300,0.350,,TB_BOT_1.2 - PL_D / CS_D_BF
Distance,DEPTH_TBA_3,D1,5.125,5.150,-0.025,-0.300,0.400,,TB_BOT_1.3 - PL_D / CS_D_BF
Distance,DEPTH_TBA_4,D1,5.303,5.150,0.153,-0.300,0.600,,TB_BOT_1.4 - PL_D / CS_D_BF
Distance,DEPTH_TBA_5,D1,5.308,5.150,0.158,-0.300,0.500,,TB_BOT_1.5 - PL_D / CS_D_BF
Distance,DEPTH_TBA_6,D1,5.225,5.150,0.075,-0.300,0.300,,TB_BOT_1.6 - PL_D / CS_D_BF
Distance,DEPTH_TBA_7,D1,5.452,5.150,0.302,-0.300,0.500,,TB_BOT_1.7 - PL_D / CS_D_BF
Distance,DEPTH_TBA_8,D1,5.478,5.150,0.328,-0.300,0.500,,TB_BOT_1.8 - PL_D / CS_D_BF
Circle,CIR_10,DIAM,4.861,4.950,-0.089,-0.100,0.100,,Criterion : Least Square (From 6 Pts On PL_PLAST_10) 
Circle,CIR_10,X,12.237,12.000,0.237,,,,
Circle,CIR_10,Y,179.064,178.230,0.834,,,,
Circle,CIR_10,Z,118.964,119.500,-0.536,,,,
Circle,CIR_21,DIAM,4.642,4.820,-0.178,-0.100,0.100,-0.078,Criterion : Least Square (From 6 Pts On PL_PLAST_21) 
Circle,CIR_21,X,13.062,11.854,1.207,,,,
Circle,CIR_21,Y,178.524,178.230,0.294,,,,
Circle,CIR_21,Z,-92.852,-92.440,-0.412,,,,
Circle,CIR_24,DIAM,4.752,4.820,-0.068,-0.100,0.100,,Criterion : Least Square (From 6 Pts On PL_PLAST_24) 
Circle,CIR_24,X,221.549,220.847,0.702,,,,
Circle,CIR_24,Y,202.363,203.230,-0.867,,,,
Circle,CIR_24,Z,-7.527,-7.568,0.041,,,,
Pos. Tol.,POS_10,PTOL,1.172,0.000,1.172,0.000,3.000,,CIR_10/NOMINAL - CS_ABC_SURFACES_C - C-Zone - XZ - Nominal
Pos. Tol.,POS_21,PTOL,2.551,0.000,2.551,0.000,3.000,,CIR_21/NOMINAL - CS_ABC_SURFACES_C - C-Zone - XZ - Nominal
Pos. Tol.,POS_24,PTOL,1.406,0.000,1.406,0.000,3.000,,CIR_24/NOMINAL - CS_ABC_SURFACES_C - C-Zone - XZ - Nominal
Distance,PROF_10,Y,179.064,178.230,0.834,-1.500,1.500,,CIR_10 - ORIGIN / CS_ABC_SURFACES_C
Distance,PROF_21,Y,178.524,178.230,0.294,-1.500,1.500,,CIR_21 - ORIGIN / CS_ABC_SURFACES_C
Distance,PROF_24,Y,202.363,203.230,-0.867,-1.500,1.500,,CIR_24 - ORIGIN / CS_ABC_SURFACES_C
Circle,CIR_17,X,-51.166,-52.000,0.834,,,,Proj. CIR_17 / PL_PLAST_17.
Circle,CIR_17,Y,76.053,75.580,0.473,,,,
Circle,CIR_17,Z,148.916,149.000,-0.084,,,,
Circle,CIR_18,X,-50.638,-52.000,1.362,,,,Criterion : Least Square (From 6 Pts On PL_INS_18) 
Circle,CIR_18,Y,76.187,75.580,0.607,,,,
Circle,CIR_18,Z,-67.842,-68.000,0.158,,,,
Circle,CIR_20,X,-25.846,-27.000,1.154,,,,Criterion : Least Square (From 6 Pts On PL_INS_20) 
Circle,CIR_20,Y,181.508,180.580,0.928,,,,
Circle,CIR_20,Z,-92.441,-93.000,0.559,,,,
Circle,CIR_22,X,209.596,207.607,1.990,,,,Criterion : Least Square (From 6 Pts On PL_INS_22) 
Circle,CIR_22,Y,189.255,190.580,-1.326,,,,
Circle,CIR_22,Z,-103.110,-103.394,0.283,,,,
Circle,CIR_23,X,233.434,231.607,1.827,,,,Criterion : Least Square (From 6 Pts On PL_INS_23) 
Circle,CIR_23,Y,189.430,190.580,-1.150,,,,
Circle,CIR_23,Z,-70.875,-71.394,0.519,,,,
Pos. Tol.,POS_17,PTOL,1.676,0.000,1.676,0.000,3.000,,CIR_17/NOMINAL - CS_ABC_SURFACES_C - C-Zone - XZ - Nominal
Pos. Tol.,POS_18,PTOL,2.743,0.000,2.743,0.000,3.000,,CIR_18/NOMINAL - CS_ABC_SURFACES_C - C-Zone - XZ - Nominal
Pos. Tol.,POS_20,PTOL,2.565,0.000,2.565,0.000,3.000,,CIR_20/NOMINAL - CS_ABC_SURFACES_C - C-Zone - XZ - Nominal
Pos. Tol.,POS_22,PTOL,4.020,0.000,4.020,0.000,4.500,,CIR_22/NOMINAL - CS_ABC_SURFACES_C - C-Zone - XZ - Nominal
Pos. Tol.,POS_23,PTOL,3.799,0.000,3.799,0.000,4.500,,CIR_23/NOMINAL - CS_ABC_SURFACES_C - C-Zone - XZ - Nominal
Distance,H_20,Y,0.084,0.000,0.084,0.000,0.400,,CIR_20 - PL_PLAST_20 / CS_ABC_BF_SURFACES
Circle,CIR_25,DIAM,12.090,12.050,0.040,-0.080,0.080,,Criterion : Least Square (From 12 Pts On PL_PLAST_25) 
Circle,CIR_25,X,262.355,261.590,0.765,,,,
Circle,CIR_25,Y,195.453,196.720,-1.267,,,,
Circle,CIR_25,Z,50.532,49.700,0.832,,,,
Circle,2D_CIR_26,DIAM,4.770,4.700,0.070,-0.100,0.100,,
Circle,2D_CIR_26,X,-17.449,-17.500,0.051,,,,
Circle,2D_CIR_26,Z,0.000,0.000,0.000,,,,
Pos. Tol.,POS_25,PTOL,2.260,0.000,2.260,0.000,3.000,,CIR_25/NOMINAL - CS_ABC_SURFACES_C - C-Zone - XZ - Nominal
Pos. Tol.,POS_2D_26,PTOL,0.103,0.000,0.103,0.000,0.500,,2D_CIR_26/NOMINAL - CS_FG - C-Zone - XZ - Nominal
Distance,PROF_25,Y,195.453,196.720,-1.267,-1.500,1.500,,CIR_25 - ORIGIN / CS_ABC_SURFACES_C
Distance,PROF_27,Y,146.178,147.730,-1.552,-1.500,1.500,-0.052,CIR_27 - ORIGIN / CS_ABC_SURFACES_C
Distance,PROF_28,Y,155.433,153.930,1.503,-1.500,1.500,0.003,CIR_28 - ORIGIN / CS_ABC_SURFACES_C
Pos. Tol.,POS_27,PTOL,4.836,0.000,4.836,0.000,5.000,,CIR_27/NOMINAL - CS_ABC_SURFACES_C - C-Zone - XZ - Nominal
Pos. Tol.,POS_28,PTOL,0.455,0.000,0.455,0.000,4.200,,CIR_28/NOMINAL - CS_ABC_SURFACES_C - C-Zone - XZ - Nominal
Circle,CIR_27,DIAM,6.210,6.350,-0.140,-0.250,0.250,,Criterion : Least Square (From 6 Pts On PL_PLAST_27) 
Circle,CIR_27,X,272.236,270.100,2.136,,,,
Circle,CIR_27,Y,146.178,147.700,-1.522,,,,
Circle,CIR_27,Z,-51.707,-52.840,1.133,,,,
Circle,CIR_28,DIAM,6.403,6.350,0.053,-0.250,0.250,,Criterion : Least Square (From 6 Pts On PL_PLAST_28) 
Circle,CIR_28,X,99.864,100.090,-0.226,,,,
Circle,CIR_28,Y,155.433,153.930,1.503,,,,
Circle,CIR_28,Z,176.030,176.000,0.030,,,,
Circle,CIR_29,DIAM,12.187,12.170,0.017,-0.080,0.080,,Criterion : Least Square (From 16 Pts On PL_DATUM_H) 
Circle,CIR_29,X,307.735,306.650,1.085,,,,
Circle,CIR_29,Y,-10.840,-10.310,-0.530,,,,
Circle,CIR_29,Z,171.910,173.470,-1.560,,,,
Pos. Tol.,POS_29,PTOL,3.800,0.000,3.800,0.000,5.000,,CIR_29/NOMINAL - CS_ABC_BF_SURFACES_ROTATED - C-Zone - XZ - Nominal
Circle,2D_CIR_30,X,-23.384,-23.500,0.116,,,,
Circle,2D_CIR_30,Z,-0.000,0.000,0.000,,,,
Pos. Tol.,POS_2D_30,PTOL,0.232,0.000,0.232,0.000,0.500,,2D_CIR_30/NOMINAL - CS_HJ - C-Zone - XZ - Nominal
Distance,H_30,Y,0.176,0.000,0.176,0.000,0.400,,2D_CIR_30 - PL_PLAST_30 / CS_HJ
Distance,PROF_31,Z,-201.882,-201.782,-0.100,-1.500,1.500,,CIR_31 - ORIGIN / CS_ABC_SURFACES_C
Distance,PROF_32,Y,173.508,173.000,0.508,-1.500,1.500,,CIR_32 - ORIGIN / CS_ABC_BF_SURFACES_ROTATED
Distance,PROF_33,Y,147.936,148.000,-0.064,-1.500,1.500,,CIR_33 - ORIGIN / CS_ABC_BF_SURFACES_ROTATED
Circle,CIR_31,DIAM,11.734,11.800,-0.066,-0.100,0.100,,Inters. PL_PLAST_31 - CYL_31.
Circle,CIR_31,X,158.362,157.240,1.122,,,,
Circle,CIR_31,Y,132.789,135.320,-2.531,,,,
Circle,CIR_32,X,11.350,11.000,0.350,,,,Criterion : Least Square (From 8 Pts On PL_INS_32) 
Circle,CIR_32,Z,125.335,124.730,0.605,,,,
Circle,CIR_33,X,-59.339,-60.000,0.661,,,,Criterion : Least Square (From 8 Pts On PL_INS_33) 
Circle,CIR_33,Z,125.969,124.730,1.239,,,,
Circle,2D_CIR_33,X,-70.897,-71.000,0.103,,,,
Circle,2D_CIR_33,Z,0.000,0.000,0.000,,,,
Circle,2D_CIR_32,X,0.000,0.000,0.000,,,,
Circle,2D_CIR_32,Z,0.000,0.000,0.000,,,,
Pos. Tol.,POS_31,PTOL,5.537,0.000,5.537,0.000,6.350,,CIR_31/NOMINAL - CS_ABC_SURFACES_C - C-Zone - XY - Nominal
Pos. Tol.,POS_32,PTOL,1.234,0.000,1.234,0.000,3.000,,CIR_32/NOMINAL - CS_ABC_BF_SURFACES_ROTATED - C-Zone - XY - Nominal
Pos. Tol.,POS_33,PTOL,1.327,0.000,1.327,0.000,3.000,,CIR_33/NOMINAL - CS_ABC_BF_SURFACES_ROTATED - C-Zone - XY - Nominal
Pos. Tol.,POS_2D_33,PTOL,0.206,0.000,0.206,0.000,0.500,,2D_CIR_33/NOMINAL - CS_K_BF - C-Zone - XZ - Nominal
Distance,H_32,Y,0.136,0.150,-0.014,-0.150,0.150,,CIR_32 - PL_PLAST_32 / CS_K
Distance,H_33,Y,0.173,0.150,0.023,-0.150,0.150,,CIR_33 - PL_PLAST_33 / CS_K
Distance,H_19,Y,0.100,0.000,0.100,0.000,0.400,,CIR_19 - PL_PLAST_19 / CS_ABC_BF_SURFACES
