Feat. Type,Feat. Name,Value,Actual,Nominal,Dev.,Tol-,Tol+,Out of Tol.,Comment
Text/Value,VAR_PROGRAM,VAL,,,,,,,'N:\Metrolog XG\Programmes\Ford Transmission Pan 10R80 Moule 2\Ford Transmission Pan 10R80 Complete Cavit� 3 (Module_51).gm2'
Text/Value,VAR_EVENEMENT,VAL,,,,,,,'p3019'
Text/Value,VAR_COMMENTAIRES,VAL,,,,,,,'c3'
Text/Value,PROFILE_A,VAL,0.198603,0.000000,0.198603,0.000000,0.280000,,
Circle,CIR_1,DIAM,11.127,7.100,4.027,-0.100,0.100,3.927,Criterion : Least Square (From 4 Pts On PL_FIXTURE) 
Circle,CIR_1,X,0.051,0.000,0.051,,,,
Circle,CIR_1,Z,-0.075,0.000,-0.075,,,,
Circle,CIR_2,DIAM,11.051,7.100,3.951,-0.100,0.100,3.851,Criterion : Least Square (From 4 Pts On PL_FIXTURE) 
Circle,CIR_2,X,-80.106,-80.100,-0.006,,,,
Circle,CIR_2,Z,-3.014,-2.800,-0.214,,,,
Circle,CIR_3,DIAM,11.067,7.100,3.967,-0.100,0.100,3.867,Criterion : Least Square (From 4 Pts On PL_FIXTURE) 
Circle,CIR_3,X,-169.767,-170.100,0.333,,,,
Circle,CIR_3,Z,-3.065,-2.800,-0.265,,,,
Circle,CIR_4,DIAM,8.004,8.000,0.004,-0.100,0.100,,Criterion : Least Square (From 4 Pts On PL_FIXTURE) 
Circle,CIR_4,X,-224.536,-224.500,-0.036,,,,
Circle,CIR_4,Z,-4.594,-4.600,0.006,,,,
Circle,CIR_5,DIAM,11.043,7.100,3.943,-0.100,0.100,3.843,Criterion : Least Square (From 4 Pts On PL_FIXTURE) 
Circle,CIR_5,X,-249.488,-249.500,0.012,,,,
Circle,CIR_5,Z,-1.370,-1.600,0.230,,,,
Circle,CIR_6,DIAM,11.050,7.100,3.950,-0.100,0.100,3.850,Criterion : Least Square (From 4 Pts On PL_FIXTURE) 
Circle,CIR_6,X,-272.832,-272.700,-0.132,,,,
Circle,CIR_6,Z,78.033,78.100,-0.067,,,,
Circle,CIR_7,DIAM,11.053,7.100,3.953,-0.100,0.100,3.853,Criterion : Least Square (From 4 Pts On PL_FIXTURE) 
Circle,CIR_7,X,-272.934,-272.700,-0.234,,,,
Circle,CIR_7,Z,157.043,157.100,-0.057,,,,
Circle,CIR_8,DIAM,11.047,7.100,3.947,-0.100,0.100,3.847,Criterion : Least Square (From 4 Pts On PL_FIXTURE) 
Circle,CIR_8,X,-273.082,-272.700,-0.382,,,,
Circle,CIR_8,Z,236.149,236.100,0.049,,,,
Circle,CIR_9,DIAM,11.073,7.100,3.973,-0.100,0.100,3.873,Criterion : Least Square (From 4 Pts On PL_FIXTURE) 
Circle,CIR_9,X,-272.901,-272.679,-0.223,,,,
Circle,CIR_9,Z,315.211,315.140,0.072,,,,
Circle,CIR_10,DIAM,11.059,7.100,3.959,-0.100,0.100,3.859,Criterion : Least Square (From 4 Pts On PL_FIXTURE) 
Circle,CIR_10,X,-272.740,-272.700,-0.040,,,,
Circle,CIR_10,Z,394.196,394.100,0.096,,,,
Circle,CIR_11,DIAM,11.078,7.100,3.978,-0.100,0.100,3.878,Criterion : Least Square (From 4 Pts On PL_FIXTURE) 
Circle,CIR_11,X,-254.629,-254.600,-0.029,,,,
Circle,CIR_11,Z,463.767,463.600,0.167,,,,
Circle,CIR_12,DIAM,11.115,7.100,4.015,-0.100,0.100,3.915,Criterion : Least Square (From 4 Pts On PL_FIXTURE) 
Circle,CIR_12,X,-167.021,-166.900,-0.121,,,,
Circle,CIR_12,Z,474.721,474.600,0.121,,,,
Circle,CIR_13,DIAM,11.111,7.100,4.011,-0.100,0.100,3.911,Criterion : Least Square (From 4 Pts On PL_FIXTURE) 
Circle,CIR_13,X,-79.256,-79.300,0.044,,,,
Circle,CIR_13,Z,474.812,474.600,0.212,,,,
Circle,CIR_14,DIAM,8.000,8.000,0.000,-0.100,0.100,,Criterion : Least Square (From 4 Pts On PL_FIXTURE) 
Circle,CIR_14,X,-19.401,-19.500,0.099,,,,
Circle,CIR_14,Z,473.429,473.400,0.029,,,,
Circle,CIR_15,DIAM,11.102,7.100,4.002,-0.100,0.100,3.902,Criterion : Least Square (From 4 Pts On PL_FIXTURE) 
Circle,CIR_15,X,8.317,8.300,0.017,,,,
Circle,CIR_15,Z,470.630,470.600,0.030,,,,
Circle,CIR_16,DIAM,11.110,7.100,4.010,-0.100,0.100,3.910,Criterion : Least Square (From 4 Pts On PL_FIXTURE) 
Circle,CIR_16,X,17.377,17.300,0.077,,,,
Circle,CIR_16,Z,387.454,387.400,0.054,,,,
Circle,CIR_17,DIAM,11.136,7.100,4.036,-0.100,0.100,3.936,Criterion : Least Square (From 4 Pts On PL_FIXTURE) 
Circle,CIR_17,X,17.737,17.300,0.437,,,,
Circle,CIR_17,Z,304.205,304.200,0.005,,,,
Circle,CIR_18,DIAM,11.119,7.100,4.019,-0.100,0.100,3.919,Criterion : Least Square (From 4 Pts On PL_FIXTURE) 
Circle,CIR_18,X,17.665,17.300,0.365,,,,
Circle,CIR_18,Z,227.933,228.000,-0.067,,,,
Circle,CIR_19,DIAM,11.103,7.100,4.003,-0.100,0.100,3.903,Criterion : Least Square (From 4 Pts On PL_FIXTURE) 
Circle,CIR_19,X,17.335,17.300,0.035,,,,
Circle,CIR_19,Z,151.967,152.000,-0.033,,,,
Circle,CIR_20,DIAM,11.104,7.100,4.004,-0.100,0.100,3.904,Criterion : Least Square (From 4 Pts On PL_FIXTURE) 
Circle,CIR_20,X,17.384,17.300,0.084,,,,
Circle,CIR_20,Z,75.955,76.000,-0.045,,,,
Pos. Tol.,POS_1,PTOL,0.181,0.000,0.181,0.200,1.000,,CIR_1(M)/NOMINAL - CS_ABC - C-Zone - XZ - Nominal
Pos. Tol.,POS_2,PTOL,0.428,0.000,0.428,0.400,1.200,,CIR_2(M)/NOMINAL(M) - CS_ABC - C-Zone - XZ - Nominal
Pos. Tol.,POS_3,PTOL,0.851,0.000,0.851,0.400,1.200,,CIR_3(M)/NOMINAL(M) - CS_ABC - C-Zone - XZ - Nominal
Pos. Tol.,POS_4,PTOL,0.072,0.000,0.072,0.304,1.104,,CIR_4(M)/NOMINAL(M) - CS_ABC - C-Zone - XZ - Nominal
Pos. Tol.,POS_5,PTOL,0.460,0.000,0.460,0.400,1.200,,CIR_5(M)/NOMINAL(M) - CS_ABC - C-Zone - XZ - Nominal
Pos. Tol.,POS_6,PTOL,0.296,0.000,0.296,0.400,1.200,,CIR_6(M)/NOMINAL(M) - CS_ABC - C-Zone - XZ - Nominal
Pos. Tol.,POS_7,PTOL,0.481,0.000,0.481,0.400,1.200,,CIR_7(M)/NOMINAL(M) - CS_ABC - C-Zone - XZ - Nominal
Pos. Tol.,POS_8,PTOL,0.769,0.000,0.769,0.400,1.200,,CIR_8(M)/NOMINAL(M) - CS_ABC - C-Zone - XZ - Nominal
Pos. Tol.,POS_9,PTOL,0.468,0.000,0.468,0.400,1.200,,CIR_9(M)/NOMINAL(M) - CS_ABC - C-Zone - XZ - Nominal
Pos. Tol.,POS_10,PTOL,0.207,0.000,0.207,0.400,1.200,,CIR_10(M)/NOMINAL(M) - CS_ABC - C-Zone - XZ - Nominal
Pos. Tol.,POS_11,PTOL,0.339,0.000,0.339,0.400,1.200,,CIR_11(M)/NOMINAL(M) - CS_ABC - C-Zone - XZ - Nominal
Pos. Tol.,POS_12,PTOL,0.342,0.000,0.342,0.400,1.200,,CIR_12(M)/NOMINAL(M) - CS_ABC - C-Zone - XZ - Nominal
Pos. Tol.,POS_13,PTOL,0.434,0.000,0.434,0.400,1.200,,CIR_13(M)/NOMINAL(M) - CS_ABC - C-Zone - XZ - Nominal
Pos. Tol.,POS_14,PTOL,0.206,0.000,0.206,0.300,1.100,,CIR_14(M)/NOMINAL(M) - CS_ABC - C-Zone - XZ - Nominal
Pos. Tol.,POS_15,PTOL,0.069,0.000,0.069,0.400,1.200,,CIR_15(M)/NOMINAL(M) - CS_ABC - C-Zone - XZ - Nominal
Pos. Tol.,POS_16,PTOL,0.188,0.000,0.188,0.400,1.200,,CIR_16(M)/NOMINAL(M) - CS_ABC - C-Zone - XZ - Nominal
Pos. Tol.,POS_17,PTOL,0.875,0.000,0.875,0.400,1.200,,CIR_17(M)/NOMINAL(M) - CS_ABC - C-Zone - XZ - Nominal
Pos. Tol.,POS_18,PTOL,0.742,0.000,0.742,0.400,1.200,,CIR_18(M)/NOMINAL(M) - CS_ABC - C-Zone - XZ - Nominal
Pos. Tol.,POS_19,PTOL,0.097,0.000,0.097,0.400,1.200,,CIR_19(M)/NOMINAL(M) - CS_ABC - C-Zone - XZ - Nominal
Pos. Tol.,POS_20,PTOL,0.190,0.000,0.190,0.400,1.200,,CIR_20(M)/NOMINAL(M) - CS_ABC - C-Zone - XZ - Nominal
Perpend.,PERP_B,PERP,0.024,0.000,0.024,0.200,0.330,,CYL_B(M)/PL_FIXTURE - C-Zone - Cloud of Points 
Profile of Line,PROFILE_INSIDE_PAN_AT_GAGE,PRFL,2.412,0.000,2.412,0.000,3.000,,SECTION_INSIDE_2.5MM
Circle,CIR_21,DIAM,18.843,18.950,-0.107,-0.130,0.100,,Criterion : Least Square (From 20 Pts On PL_PLAST_TOP_21) 
Circle,CIR_21,X,-94.621,-94.500,-0.121,,,,
Circle,CIR_21,Z,123.163,123.400,-0.237,,,,
Circle,CIR_21_OD,DIAM,21.335,21.400,-0.065,-0.100,0.100,,Proj. CIR_21_OD / PL_DATUM_E.
Pos. Tol.,POS_21,PTOL,0.532,0.000,0.532,0.000,1.000,,CIR_21/NOMINAL - CS_ABC - C-Zone - XZ - Nominal
Coaxiality,CONCENTRICITY_21,COAX,0.153,0.000,0.153,0.000,0.300,,CIR_21_OD/CYL_D - C-Zone - Nominal
Distance,PROF_22.1,D1,10.610,10.300,0.310,-0.250,0.250,0.060,SRF_21.1 - PL_DATUM_E / CS_SRF_BF
Distance,PROF_22.2,D1,10.536,10.300,0.236,-0.250,0.250,,SRF_21.2 - PL_DATUM_E / CS_SRF_BF
Distance,PROF_22.3,D1,10.574,10.300,0.274,-0.250,0.250,0.024,SRF_21.3 - PL_DATUM_E / CS_SRF_BF
Distance,PROF_22.4,D1,10.536,10.300,0.236,-0.250,0.250,,SRF_21.4 - PL_DATUM_E / CS_SRF_BF
Distance,PROF_22.5,D1,10.564,10.300,0.264,-0.250,0.250,0.014,SRF_21.5 - PL_DATUM_E / CS_SRF_BF
Distance,PROF_22.6,D1,10.607,10.300,0.307,-0.250,0.250,0.057,SRF_21.6 - PL_DATUM_E / CS_SRF_BF
Distance,PROF_22.7,D1,10.653,10.300,0.353,-0.250,0.250,0.103,SRF_21.7 - PL_DATUM_E / CS_SRF_BF
Distance,PROF_22.8,D1,10.719,10.300,0.419,-0.250,0.250,0.169,SRF_21.8 - PL_DATUM_E / CS_SRF_BF
Distance,PROF_E.1,D1,177.546,178.558,-1.011,,,,SRF_E.1 - ORIGIN / CS_SRF_BF
Distance,PROF_E.1,Y,61.631,61.400,0.231,-2.000,1.000,,
Distance,PROF_E.2,D1,179.426,180.424,-0.998,,,,SRF_E.2 - ORIGIN / CS_SRF_BF
Distance,PROF_E.2,Y,61.699,61.400,0.299,-2.000,1.000,,
Distance,PROF_E.3,D1,181.124,182.116,-0.993,,,,SRF_E.3 - ORIGIN / CS_SRF_BF
Distance,PROF_E.3,Y,61.737,61.400,0.337,-2.000,1.000,,
Distance,PROF_E.4,D1,155.045,156.154,-1.109,,,,SRF_E.4 - ORIGIN / CS_SRF_BF
Distance,PROF_E.4,Y,61.336,61.400,-0.064,-2.000,1.000,,
Distance,PROF_E.5,D1,153.193,154.303,-1.110,,,,SRF_E.5 - ORIGIN / CS_SRF_BF
Distance,PROF_E.5,Y,61.355,61.400,-0.045,-2.000,1.000,,
Distance,PROF_E.6,D1,151.547,152.659,-1.112,,,,SRF_E.6 - ORIGIN / CS_SRF_BF
Distance,PROF_E.6,Y,61.356,61.400,-0.044,-2.000,1.000,,
Distance,PROF_E.7,D1,169.058,170.175,-1.118,,,,SRF_E.7 - ORIGIN / CS_SRF_BF
Distance,PROF_E.7,Y,60.969,61.400,-0.431,-2.000,1.000,,
Distance,PROF_E.8,D1,169.459,170.585,-1.126,,,,SRF_E.8 - ORIGIN / CS_SRF_BF
Distance,PROF_E.8,Y,60.925,61.400,-0.475,-2.000,1.000,,
Distance,PROF_E.9,D1,169.857,170.474,-0.618,,,,SRF_E.9 - ORIGIN / CS_SRF_BF
Distance,PROF_E.9,Y,60.879,61.400,-0.521,-2.000,1.000,,
Section,SECTION_ZONE_1,MAX,0.436,0.000,0.436,-2.500,1.500,,15 Pts [0 < LT ; LT < 15 < UT ;  0 > UL]
Section,SECTION_ZONE_1,MIN,-0.567,0.000,-0.567,-2.500,1.500,,
Section,SECTION_ZONE_2,MAX,-0.851,0.000,-0.851,-3.000,1.000,,7 Pts [0 < LT ; LT < 7 < UT ;  0 > UL]
Section,SECTION_ZONE_2,MIN,-1.190,0.000,-1.190,-3.000,1.000,,
Section,SECTION_ZONE_3,MAX,-2.429,0.000,-2.429,-5.000,1.000,,1 Pts [0 < LT ; LT < 1 < UT ;  0 > UL]
Section,SECTION_ZONE_3,MIN,-2.429,0.000,-2.429,-5.000,1.000,,
Circle,CIR_22,DIAM,6.695,6.350,0.345,-0.100,0.100,0.245,Criterion : Least Square (From 6 Pts On PL_PLAST_22) 
Circle,CIR_22,Y,7.037,7.000,0.037,,,,
Circle,CIR_22,Z,429.587,429.300,0.287,,,,
Circle,CIR_23,DIAM,6.657,6.350,0.307,-0.100,0.100,0.207,Criterion : Least Square (From 6 Pts On PL_PLAST_23) 
Circle,CIR_23,Y,7.077,7.000,0.077,,,,
Circle,CIR_23,Z,354.787,354.400,0.387,,,,
Circle,CIR_24,DIAM,6.498,6.350,0.148,-0.100,0.100,0.048,Criterion : Least Square (From 6 Pts On PL_PLAST_24) 
Circle,CIR_24,Y,6.938,7.000,-0.062,,,,
Circle,CIR_24,Z,196.467,196.600,-0.133,,,,
Circle,CIR_25,DIAM,6.668,6.350,0.318,-0.100,0.100,0.218,Criterion : Least Square (From 6 Pts On PL_PLAST_25) 
Circle,CIR_25,Y,7.191,7.000,0.191,,,,
Circle,CIR_25,Z,28.521,28.600,-0.079,,,,
Circle,CIR_26,DIAM,6.594,6.350,0.244,-0.100,0.100,0.144,Criterion : Least Square (From 6 Pts On PL_PLAST_26) 
Circle,CIR_26,Y,7.164,7.000,0.164,,,,
Circle,CIR_26,Z,265.637,266.100,-0.463,,,,
Circle,CIR_27,DIAM,6.634,6.350,0.284,-0.100,0.100,0.184,Criterion : Least Square (From 6 Pts On PL_PLAST_27) 
Circle,CIR_27,Y,7.085,7.000,0.085,,,,
Circle,CIR_27,Z,345.429,345.800,-0.371,,,,
Circle,CIR_28,DIAM,6.624,6.350,0.274,-0.100,0.100,0.174,Criterion : Least Square (From 6 Pts On PL_PLAST_28) 
Circle,CIR_28,Y,7.121,7.000,0.121,,,,
Circle,CIR_28,Z,428.829,429.000,-0.171,,,,
Pos. Tol.,POS_22,PTOL,0.579,0.000,0.579,0.000,1.000,,CIR_22/NOMINAL - CS_ABC - C-Zone - YZ - Nominal
Pos. Tol.,POS_23,PTOL,0.790,0.000,0.790,0.000,1.000,,CIR_23/NOMINAL - CS_ABC - C-Zone - YZ - Nominal
Pos. Tol.,POS_24,PTOL,0.292,0.000,0.292,0.000,1.000,,CIR_24/NOMINAL - CS_ABC - C-Zone - YZ - Nominal
Pos. Tol.,POS_25,PTOL,0.413,0.000,0.413,0.000,1.000,,CIR_25/NOMINAL - CS_ABC - C-Zone - YZ - Nominal
Pos. Tol.,POS_26,PTOL,0.983,0.000,0.983,0.000,1.000,,CIR_26/NOMINAL - CS_ABC - C-Zone - YZ - Nominal
Pos. Tol.,POS_27,PTOL,0.761,0.000,0.761,0.000,1.000,,CIR_27/NOMINAL - CS_ABC - C-Zone - YZ - Nominal
Pos. Tol.,POS_28,PTOL,0.419,0.000,0.419,0.000,1.000,,CIR_28/NOMINAL - CS_ABC - C-Zone - YZ - Nominal
