Feat. Type,Feat. Name,Value,Actual,Nominal,Dev.,Tol-,Tol+,Out of Tol.,Comment
Text/Value,VAR_PROGRAM,VAL,,,,,,,'N:\Metrolog XG\Programmes\Ford Transmission Pan 10R80 Moule 2\Ford Transmission Pan 10R80 Complete Cavit� 3 (Module_51).gm2'
Text/Value,VAR_EVENEMENT,VAL,,,,,,,'OTS-1'
Text/Value,VAR_COMMENTAIRES,VAL,,,,,,,'PART NO.3304'
Text/Value,PROFILE_A,VAL,0.200392,0.000000,0.200392,0.000000,0.280000,,
Circle,CIR_1,DIAM,11.116,7.100,4.016,-0.100,0.100,3.916,Criterion : Least Square (From 4 Pts On PL_FIXTURE) 
Circle,CIR_1,X,-0.024,0.000,-0.024,,,,
Circle,CIR_1,Z,-0.067,0.000,-0.067,,,,
Circle,CIR_2,DIAM,11.046,7.100,3.946,-0.100,0.100,3.846,Criterion : Least Square (From 4 Pts On PL_FIXTURE) 
Circle,CIR_2,X,-80.205,-80.100,-0.105,,,,
Circle,CIR_2,Z,-2.738,-2.800,0.062,,,,
Circle,CIR_3,DIAM,11.033,7.100,3.933,-0.100,0.100,3.833,Criterion : Least Square (From 4 Pts On PL_FIXTURE) 
Circle,CIR_3,X,-169.838,-170.100,0.262,,,,
Circle,CIR_3,Z,-2.780,-2.800,0.020,,,,
Circle,CIR_4,DIAM,8.025,8.000,0.025,-0.100,0.100,,Criterion : Least Square (From 4 Pts On PL_FIXTURE) 
Circle,CIR_4,X,-224.599,-224.500,-0.099,,,,
Circle,CIR_4,Z,-4.569,-4.600,0.031,,,,
Circle,CIR_5,DIAM,11.066,7.100,3.966,-0.100,0.100,3.866,Criterion : Least Square (From 4 Pts On PL_FIXTURE) 
Circle,CIR_5,X,-249.565,-249.500,-0.065,,,,
Circle,CIR_5,Z,-1.422,-1.600,0.178,,,,
Circle,CIR_6,DIAM,11.031,7.100,3.931,-0.100,0.100,3.831,Criterion : Least Square (From 4 Pts On PL_FIXTURE) 
Circle,CIR_6,X,-272.707,-272.700,-0.007,,,,
Circle,CIR_6,Z,78.058,78.100,-0.042,,,,
Circle,CIR_7,DIAM,11.049,7.100,3.949,-0.100,0.100,3.849,Criterion : Least Square (From 4 Pts On PL_FIXTURE) 
Circle,CIR_7,X,-272.801,-272.700,-0.101,,,,
Circle,CIR_7,Z,157.108,157.100,0.008,,,,
Circle,CIR_8,DIAM,11.045,7.100,3.945,-0.100,0.100,3.845,Criterion : Least Square (From 4 Pts On PL_FIXTURE) 
Circle,CIR_8,X,-272.721,-272.700,-0.021,,,,
Circle,CIR_8,Z,236.140,236.100,0.040,,,,
Circle,CIR_9,DIAM,11.059,7.100,3.959,-0.100,0.100,3.859,Criterion : Least Square (From 4 Pts On PL_FIXTURE) 
Circle,CIR_9,X,-272.731,-272.679,-0.053,,,,
Circle,CIR_9,Z,315.165,315.140,0.025,,,,
Circle,CIR_10,DIAM,11.080,7.100,3.980,-0.100,0.100,3.880,Criterion : Least Square (From 4 Pts On PL_FIXTURE) 
Circle,CIR_10,X,-272.777,-272.700,-0.077,,,,
Circle,CIR_10,Z,394.135,394.100,0.035,,,,
Circle,CIR_11,DIAM,11.062,7.100,3.962,-0.100,0.100,3.862,Criterion : Least Square (From 4 Pts On PL_FIXTURE) 
Circle,CIR_11,X,-254.662,-254.600,-0.062,,,,
Circle,CIR_11,Z,463.727,463.600,0.127,,,,
Circle,CIR_12,DIAM,11.090,7.100,3.990,-0.100,0.100,3.890,Criterion : Least Square (From 4 Pts On PL_FIXTURE) 
Circle,CIR_12,X,-166.995,-166.900,-0.095,,,,
Circle,CIR_12,Z,474.680,474.600,0.080,,,,
Circle,CIR_13,DIAM,11.099,7.100,3.999,-0.100,0.100,3.899,Criterion : Least Square (From 4 Pts On PL_FIXTURE) 
Circle,CIR_13,X,-79.262,-79.300,0.038,,,,
Circle,CIR_13,Z,474.785,474.600,0.185,,,,
Circle,CIR_14,DIAM,8.007,8.000,0.007,-0.100,0.100,,Criterion : Least Square (From 4 Pts On PL_FIXTURE) 
Circle,CIR_14,X,-19.438,-19.500,0.062,,,,
Circle,CIR_14,Z,473.390,473.400,-0.010,,,,
Circle,CIR_15,DIAM,11.097,7.100,3.997,-0.100,0.100,3.897,Criterion : Least Square (From 4 Pts On PL_FIXTURE) 
Circle,CIR_15,X,8.313,8.300,0.013,,,,
Circle,CIR_15,Z,470.558,470.600,-0.042,,,,
Circle,CIR_16,DIAM,11.098,7.100,3.998,-0.100,0.100,3.898,Criterion : Least Square (From 4 Pts On PL_FIXTURE) 
Circle,CIR_16,X,17.198,17.300,-0.102,,,,
Circle,CIR_16,Z,387.376,387.400,-0.024,,,,
Circle,CIR_17,DIAM,11.107,7.100,4.007,-0.100,0.100,3.907,Criterion : Least Square (From 4 Pts On PL_FIXTURE) 
Circle,CIR_17,X,17.332,17.300,0.032,,,,
Circle,CIR_17,Z,304.138,304.200,-0.062,,,,
Circle,CIR_18,DIAM,11.113,7.100,4.013,-0.100,0.100,3.913,Criterion : Least Square (From 4 Pts On PL_FIXTURE) 
Circle,CIR_18,X,17.589,17.300,0.289,,,,
Circle,CIR_18,Z,227.929,228.000,-0.071,,,,
Circle,CIR_19,DIAM,11.089,7.100,3.989,-0.100,0.100,3.889,Criterion : Least Square (From 4 Pts On PL_FIXTURE) 
Circle,CIR_19,X,17.493,17.300,0.193,,,,
Circle,CIR_19,Z,151.884,152.000,-0.116,,,,
Circle,CIR_20,DIAM,11.098,7.100,3.998,-0.100,0.100,3.898,Criterion : Least Square (From 4 Pts On PL_FIXTURE) 
Circle,CIR_20,X,17.574,17.300,0.274,,,,
Circle,CIR_20,Z,75.893,76.000,-0.107,,,,
Pos. Tol.,POS_1,PTOL,0.143,0.000,0.143,0.200,1.000,,CIR_1(M)/NOMINAL - CS_ABC - C-Zone - XZ - Nominal
Pos. Tol.,POS_2,PTOL,0.243,0.000,0.243,0.400,1.200,,CIR_2(M)/NOMINAL(M) - CS_ABC - C-Zone - XZ - Nominal
Pos. Tol.,POS_3,PTOL,0.525,0.000,0.525,0.400,1.200,,CIR_3(M)/NOMINAL(M) - CS_ABC - C-Zone - XZ - Nominal
Pos. Tol.,POS_4,PTOL,0.208,0.000,0.208,0.325,1.125,,CIR_4(M)/NOMINAL(M) - CS_ABC - C-Zone - XZ - Nominal
Pos. Tol.,POS_5,PTOL,0.378,0.000,0.378,0.400,1.200,,CIR_5(M)/NOMINAL(M) - CS_ABC - C-Zone - XZ - Nominal
Pos. Tol.,POS_6,PTOL,0.085,0.000,0.085,0.400,1.200,,CIR_6(M)/NOMINAL(M) - CS_ABC - C-Zone - XZ - Nominal
Pos. Tol.,POS_7,PTOL,0.203,0.000,0.203,0.400,1.200,,CIR_7(M)/NOMINAL(M) - CS_ABC - C-Zone - XZ - Nominal
Pos. Tol.,POS_8,PTOL,0.091,0.000,0.091,0.400,1.200,,CIR_8(M)/NOMINAL(M) - CS_ABC - C-Zone - XZ - Nominal
Pos. Tol.,POS_9,PTOL,0.117,0.000,0.117,0.400,1.200,,CIR_9(M)/NOMINAL(M) - CS_ABC - C-Zone - XZ - Nominal
Pos. Tol.,POS_10,PTOL,0.170,0.000,0.170,0.400,1.200,,CIR_10(M)/NOMINAL(M) - CS_ABC - C-Zone - XZ - Nominal
Pos. Tol.,POS_11,PTOL,0.283,0.000,0.283,0.400,1.200,,CIR_11(M)/NOMINAL(M) - CS_ABC - C-Zone - XZ - Nominal
Pos. Tol.,POS_12,PTOL,0.248,0.000,0.248,0.400,1.200,,CIR_12(M)/NOMINAL(M) - CS_ABC - C-Zone - XZ - Nominal
Pos. Tol.,POS_13,PTOL,0.378,0.000,0.378,0.400,1.200,,CIR_13(M)/NOMINAL(M) - CS_ABC - C-Zone - XZ - Nominal
Pos. Tol.,POS_14,PTOL,0.125,0.000,0.125,0.307,1.107,,CIR_14(M)/NOMINAL(M) - CS_ABC - C-Zone - XZ - Nominal
Pos. Tol.,POS_15,PTOL,0.088,0.000,0.088,0.400,1.200,,CIR_15(M)/NOMINAL(M) - CS_ABC - C-Zone - XZ - Nominal
Pos. Tol.,POS_16,PTOL,0.209,0.000,0.209,0.400,1.200,,CIR_16(M)/NOMINAL(M) - CS_ABC - C-Zone - XZ - Nominal
Pos. Tol.,POS_17,PTOL,0.140,0.000,0.140,0.400,1.200,,CIR_17(M)/NOMINAL(M) - CS_ABC - C-Zone - XZ - Nominal
Pos. Tol.,POS_18,PTOL,0.595,0.000,0.595,0.400,1.200,,CIR_18(M)/NOMINAL(M) - CS_ABC - C-Zone - XZ - Nominal
Pos. Tol.,POS_19,PTOL,0.451,0.000,0.451,0.400,1.200,,CIR_19(M)/NOMINAL(M) - CS_ABC - C-Zone - XZ - Nominal
Pos. Tol.,POS_20,PTOL,0.589,0.000,0.589,0.400,1.200,,CIR_20(M)/NOMINAL(M) - CS_ABC - C-Zone - XZ - Nominal
Perpend.,PERP_B,PERP,0.024,0.000,0.024,0.200,0.330,,CYL_B(M)/PL_FIXTURE - C-Zone - Cloud of Points 
Profile of Line,PROFILE_INSIDE_PAN_AT_GAGE,PRFL,2.371,0.000,2.371,0.000,3.000,,SECTION_INSIDE_2.5MM
Circle,CIR_21,DIAM,18.847,18.950,-0.103,-0.130,0.100,,Criterion : Least Square (From 20 Pts On PL_PLAST_TOP_21) 
Circle,CIR_21,X,-94.741,-94.500,-0.241,,,,
Circle,CIR_21,Z,123.339,123.400,-0.061,,,,
Circle,CIR_21_OD,DIAM,21.340,21.400,-0.060,-0.100,0.100,,Proj. CIR_21_OD / PL_DATUM_E.
Pos. Tol.,POS_21,PTOL,0.497,0.000,0.497,0.000,1.000,,CIR_21/NOMINAL - CS_ABC - C-Zone - XZ - Nominal
Coaxiality,CONCENTRICITY_21,COAX,0.103,0.000,0.103,0.000,0.300,,CIR_21_OD/CYL_D - C-Zone - Nominal
Distance,PROF_22.1,D1,10.552,10.300,0.252,-0.250,0.250,0.002,SRF_21.1 - PL_DATUM_E / CS_SRF_BF
Distance,PROF_22.2,D1,10.728,10.300,0.428,-0.250,0.250,0.178,SRF_21.2 - PL_DATUM_E / CS_SRF_BF
Distance,PROF_22.3,D1,10.555,10.300,0.255,-0.250,0.250,0.005,SRF_21.3 - PL_DATUM_E / CS_SRF_BF
Distance,PROF_22.4,D1,10.552,10.300,0.252,-0.250,0.250,0.002,SRF_21.4 - PL_DATUM_E / CS_SRF_BF
Distance,PROF_22.5,D1,10.563,10.300,0.263,-0.250,0.250,0.013,SRF_21.5 - PL_DATUM_E / CS_SRF_BF
Distance,PROF_22.6,D1,10.914,10.300,0.614,-0.250,0.250,0.364,SRF_21.6 - PL_DATUM_E / CS_SRF_BF
Distance,PROF_22.7,D1,10.602,10.300,0.302,-0.250,0.250,0.052,SRF_21.7 - PL_DATUM_E / CS_SRF_BF
Distance,PROF_22.8,D1,10.849,10.300,0.549,-0.250,0.250,0.299,SRF_21.8 - PL_DATUM_E / CS_SRF_BF
Distance,PROF_E.1,D1,177.823,178.558,-0.735,,,,SRF_E.1 - ORIGIN / CS_SRF_BF
Distance,PROF_E.1,Y,62.077,61.400,0.677,-2.000,1.000,,
Distance,PROF_E.2,D1,179.706,180.424,-0.718,,,,SRF_E.2 - ORIGIN / CS_SRF_BF
Distance,PROF_E.2,Y,62.154,61.400,0.754,-2.000,1.000,,
Distance,PROF_E.3,D1,181.407,182.116,-0.709,,,,SRF_E.3 - ORIGIN / CS_SRF_BF
Distance,PROF_E.3,Y,62.206,61.400,0.806,-2.000,1.000,,
Distance,PROF_E.4,D1,155.241,156.154,-0.913,,,,SRF_E.4 - ORIGIN / CS_SRF_BF
Distance,PROF_E.4,Y,61.516,61.400,0.116,-2.000,1.000,,
Distance,PROF_E.5,D1,153.380,154.303,-0.922,,,,SRF_E.5 - ORIGIN / CS_SRF_BF
Distance,PROF_E.5,Y,61.511,61.400,0.111,-2.000,1.000,,
Distance,PROF_E.6,D1,151.729,152.659,-0.931,,,,SRF_E.6 - ORIGIN / CS_SRF_BF
Distance,PROF_E.6,Y,61.504,61.400,0.104,-2.000,1.000,,
Distance,PROF_E.7,D1,169.279,170.175,-0.897,,,,SRF_E.7 - ORIGIN / CS_SRF_BF
Distance,PROF_E.7,Y,61.249,61.400,-0.151,-2.000,1.000,,
Distance,PROF_E.8,D1,169.684,170.585,-0.900,,,,SRF_E.8 - ORIGIN / CS_SRF_BF
Distance,PROF_E.8,Y,61.219,61.400,-0.181,-2.000,1.000,,
Distance,PROF_E.9,D1,170.080,170.474,-0.394,,,,SRF_E.9 - ORIGIN / CS_SRF_BF
Distance,PROF_E.9,Y,61.165,61.400,-0.235,-2.000,1.000,,
Section,SECTION_ZONE_1,MAX,0.344,0.000,0.344,-2.500,1.500,,15 Pts [0 < LT ; LT < 15 < UT ;  0 > UL]
Section,SECTION_ZONE_1,MIN,-0.675,0.000,-0.675,-2.500,1.500,,
Section,SECTION_ZONE_2,MAX,-1.058,0.000,-1.058,-3.000,1.000,,7 Pts [0 < LT ; LT < 7 < UT ;  0 > UL]
Section,SECTION_ZONE_2,MIN,-1.605,0.000,-1.605,-3.000,1.000,,
Section,SECTION_ZONE_3,MAX,-3.365,0.000,-3.365,-5.000,1.000,,1 Pts [0 < LT ; LT < 1 < UT ;  0 > UL]
Section,SECTION_ZONE_3,MIN,-3.365,0.000,-3.365,-5.000,1.000,,
Circle,CIR_22,DIAM,6.761,6.350,0.411,-0.100,0.100,0.311,Criterion : Least Square (From 6 Pts On PL_PLAST_22) 
Circle,CIR_22,Y,7.056,7.000,0.056,,,,
Circle,CIR_22,Z,429.547,429.300,0.247,,,,
Circle,CIR_23,DIAM,6.626,6.350,0.276,-0.100,0.100,0.176,Criterion : Least Square (From 6 Pts On PL_PLAST_23) 
Circle,CIR_23,Y,7.031,7.000,0.031,,,,
Circle,CIR_23,Z,354.723,354.400,0.323,,,,
Circle,CIR_24,DIAM,6.509,6.350,0.159,-0.100,0.100,0.059,Criterion : Least Square (From 6 Pts On PL_PLAST_24) 
Circle,CIR_24,Y,6.942,7.000,-0.058,,,,
Circle,CIR_24,Z,196.556,196.600,-0.044,,,,
Circle,CIR_25,DIAM,6.625,6.350,0.275,-0.100,0.100,0.175,Criterion : Least Square (From 6 Pts On PL_PLAST_25) 
Circle,CIR_25,Y,7.030,7.000,0.030,,,,
Circle,CIR_25,Z,28.549,28.600,-0.051,,,,
Circle,CIR_26,DIAM,6.594,6.350,0.244,-0.100,0.100,0.144,Criterion : Least Square (From 6 Pts On PL_PLAST_26) 
Circle,CIR_26,Y,7.155,7.000,0.155,,,,
Circle,CIR_26,Z,265.616,266.100,-0.484,,,,
Circle,CIR_27,DIAM,6.590,6.350,0.240,-0.100,0.100,0.140,Criterion : Least Square (From 6 Pts On PL_PLAST_27) 
Circle,CIR_27,Y,7.087,7.000,0.087,,,,
Circle,CIR_27,Z,345.332,345.800,-0.468,,,,
Circle,CIR_28,DIAM,6.638,6.350,0.288,-0.100,0.100,0.188,Criterion : Least Square (From 6 Pts On PL_PLAST_28) 
Circle,CIR_28,Y,7.118,7.000,0.118,,,,
Circle,CIR_28,Z,428.754,429.000,-0.246,,,,
Pos. Tol.,POS_22,PTOL,0.507,0.000,0.507,0.000,1.000,,CIR_22/NOMINAL - CS_ABC - C-Zone - YZ - Nominal
Pos. Tol.,POS_23,PTOL,0.650,0.000,0.650,0.000,1.000,,CIR_23/NOMINAL - CS_ABC - C-Zone - YZ - Nominal
Pos. Tol.,POS_24,PTOL,0.145,0.000,0.145,0.000,1.000,,CIR_24/NOMINAL - CS_ABC - C-Zone - YZ - Nominal
Pos. Tol.,POS_25,PTOL,0.118,0.000,0.118,0.000,1.000,,CIR_25/NOMINAL - CS_ABC - C-Zone - YZ - Nominal
Pos. Tol.,POS_26,PTOL,1.017,0.000,1.017,0.000,1.000,0.017,CIR_26/NOMINAL - CS_ABC - C-Zone - YZ - Nominal
Pos. Tol.,POS_27,PTOL,0.951,0.000,0.951,0.000,1.000,,CIR_27/NOMINAL - CS_ABC - C-Zone - YZ - Nominal
Pos. Tol.,POS_28,PTOL,0.546,0.000,0.546,0.000,1.000,,CIR_28/NOMINAL - CS_ABC - C-Zone - YZ - Nominal
