Feat. Type,Feat. Name,Value,Actual,Nominal,Dev.,Tol-,Tol+,Out of Tol.,Comment
Text/Value,VAR_PROGRAM,VAL,,,,,,,'N:\Metrolog XG\Programmes\Ford GDTI\GDTI Gap Entretoises Module_50.gm2'
Text/Value,VAR_EVENEMENT,VAL,,,,,,,'demarage '
Text/Value,VAR_COMMENTAIRES,VAL,,,,,,,'317B'
Text/Value,GAP_TOTAL_1,VAL,0.108949,0.000000,0.108949,-0.250000,0.250000,,
Text/Value,GAP_TOTAL_2,VAL,-0.008781,0.000000,-0.008781,-0.250000,0.250000,,
Text/Value,GAP_TOTAL_3,VAL,0.304172,0.000000,0.304172,-0.250000,0.250000,0.054172,
Text/Value,GAP_TOTAL_4,VAL,0.104677,0.000000,0.104677,-0.250000,0.250000,,
Text/Value,GAP_TOTAL_5,VAL,0.050076,0.000000,0.050076,-0.250000,0.250000,,
Text/Value,GAP_TOTAL_6,VAL,0.072135,0.000000,0.072135,-0.250000,0.250000,,
Text/Value,GAP_TOTAL_7,VAL,0.126374,0.000000,0.126374,-0.250000,0.250000,,
Text/Value,GAP_TOTAL_8,VAL,0.057685,0.000000,0.057685,-0.250000,0.250000,,
Circle,CIR_1,DIAM,7.928,7.900,0.028,-0.200,0.200,,Criterion : Least Square (From 6 Pts On PL_CL_FL_1) 
Circle,CIR_2,DIAM,7.923,7.900,0.023,-0.200,0.200,,Criterion : Least Square (From 6 Pts On PL_CL_FL_2) 
Circle,CIR_3,DIAM,7.908,7.900,0.008,-0.200,0.200,,Criterion : Least Square (From 6 Pts On PL_CL_FL_3) 
Circle,CIR_4,DIAM,7.858,7.850,0.008,-0.150,0.150,,Criterion : Least Square (From 6 Pts On PL_CL_FL_4) 
Circle,CIR_5,DIAM,7.897,7.900,-0.003,-0.200,0.200,,Criterion : Least Square (From 6 Pts On PL_CL_FL_5) 
Circle,CIR_6,DIAM,7.915,7.900,0.015,-0.200,0.200,,Criterion : Least Square (From 6 Pts On PL_CL_FL_6) 
Circle,CIR_7,DIAM,7.871,7.900,-0.029,-0.200,0.200,,Criterion : Least Square (From 6 Pts On PL_CL_FL_7) 
Circle,CIR_8,DIAM,7.885,7.900,-0.015,-0.200,0.200,,Criterion : Least Square (From 6 Pts On PL_CL_FL_8) 
Distance,PLASTIC_LENGHT_1,D1,99.867,100.000,-0.133,,,,CIR_PL_FL_1 - CIR_PL_TOP_1 / CS_AXIS_1
Distance,PLASTIC_LENGHT_2,D1,63.808,63.800,0.008,-0.100,0.370,,CIR_PL_FL_2 - CIR_PL_TOP_2 / CS_AXIS_2
Distance,PLASTIC_LENGHT_3,D1,63.505,63.800,-0.295,-0.100,0.370,-0.195,CIR_PL_FL_3 - CIR_PL_TOP_3 / CS_AXIS_3
Distance,PLASTIC_LENGHT_5,D1,99.922,100.000,-0.078,,,,CIR_PL_FL_5 - CIR_PL_TOP_5 / CS_AXIS_5
Distance,PLASTIC_LENGHT_6,D1,63.753,63.800,-0.047,-0.100,0.370,,CIR_PL_FL_6 - CIR_PL_TOP_6 / CS_AXIS_6
Distance,PLASTIC_LENGHT_7,D1,63.690,63.800,-0.110,-0.100,0.370,-0.010,CIR_PL_FL_7 - CIR_PL_TOP_7 / CS_AXIS_7
Distance,PLASTIC_LENGHT_8,D1,63.756,63.800,-0.044,-0.100,0.370,,CIR_PL_FL_8 - CIR_PL_TOP_8 / CS_AXIS_8
Distance,CL_LENGHT_1,D1,99.976,100.000,-0.024,,,,CIR_1 - CIR_1T / CS_AXIS_1
Distance,CL_LENGHT_2,D1,63.799,63.800,-0.001,,,,CIR_2 - CIR_2T / CS_AXIS_2
Distance,CL_LENGHT_3,D1,63.809,63.800,0.009,,,,CIR_3 - CIR_3T / CS_AXIS_3
Distance,CL_LENGHT_4,D1,47.491,47.650,-0.159,,,,CIR_4 - CIR_4T / CS_AXIS_4
Distance,CL_LENGHT_5,D1,99.972,100.000,-0.028,,,,CIR_5 - CIR_5T / CS_AXIS_5
Distance,CL_LENGHT_6,D1,63.826,63.800,0.026,,,,CIR_6 - CIR_6T / CS_AXIS_6
Distance,CL_LENGHT_7,D1,63.817,63.800,0.017,,,,CIR_7 - CIR_7T / CS_AXIS_7
Distance,CL_LENGHT_8,D1,63.814,63.800,0.014,,,,CIR_8 - CIR_8T / CS_AXIS_8
