Feat. Type,Feat. Name,Value,Actual,Nominal,Dev.,Tol-,Tol+,Out of Tol.,Comment
Text/Value,VAR_PROGRAM,VAL,,,,,,,'N:\Metrolog XG\Programmes\Ford Transmission Pan 10R80\Ford Transmission Pan 10R80 Complete Cavit� 1 (Module_51).gm2'
Text/Value,VAR_EVENEMENT,VAL,,,,,,,'FIP 05589'
Text/Value,VAR_COMMENTAIRES,VAL,,,,,,,'300 B'
Text/Value,PROFILE_A,VAL,0.147701,0.000000,0.147701,0.000000,0.280000,,
Circle,CIR_1,DIAM,7.078,7.100,-0.022,-0.100,0.100,,Criterion : Least Square (From 4 Pts On PL_FIXTURE) 
Circle,CIR_1,X,0.000,0.000,0.000,,,,
Circle,CIR_1,Z,0.000,0.000,0.000,,,,
Circle,CIR_2,DIAM,7.089,7.100,-0.011,-0.100,0.100,,Criterion : Least Square (From 4 Pts On PL_FIXTURE) 
Circle,CIR_2,X,-80.069,-80.100,0.031,,,,
Circle,CIR_2,Z,-2.949,-2.800,-0.149,,,,
Circle,CIR_3,DIAM,7.104,7.100,0.004,-0.100,0.100,,Criterion : Least Square (From 4 Pts On PL_FIXTURE) 
Circle,CIR_3,X,-170.035,-170.100,0.065,,,,
Circle,CIR_3,Z,-3.085,-2.800,-0.285,,,,
Circle,CIR_4,DIAM,8.054,8.000,0.054,-0.100,0.100,,Criterion : Least Square (From 4 Pts On PL_FIXTURE) 
Circle,CIR_4,X,-224.463,-224.500,0.037,,,,
Circle,CIR_4,Z,-4.746,-4.600,-0.146,,,,
Circle,CIR_5,DIAM,7.100,7.100,-0.000,-0.100,0.100,,Criterion : Least Square (From 4 Pts On PL_FIXTURE) 
Circle,CIR_5,X,-249.413,-249.500,0.087,,,,
Circle,CIR_5,Z,-1.705,-1.600,-0.105,,,,
Circle,CIR_6,DIAM,7.110,7.100,0.010,-0.100,0.100,,Criterion : Least Square (From 4 Pts On PL_FIXTURE) 
Circle,CIR_6,X,-272.690,-272.700,0.010,,,,
Circle,CIR_6,Z,78.013,78.100,-0.087,,,,
Circle,CIR_7,DIAM,7.105,7.100,0.005,-0.100,0.100,,Criterion : Least Square (From 4 Pts On PL_FIXTURE) 
Circle,CIR_7,X,-272.621,-272.700,0.079,,,,
Circle,CIR_7,Z,157.010,157.100,-0.090,,,,
Circle,CIR_8,DIAM,7.104,7.100,0.004,-0.100,0.100,,Criterion : Least Square (From 4 Pts On PL_FIXTURE) 
Circle,CIR_8,X,-272.592,-272.700,0.108,,,,
Circle,CIR_8,Z,235.944,236.100,-0.156,,,,
Circle,CIR_9,DIAM,7.101,7.100,0.001,-0.100,0.100,,Criterion : Least Square (From 4 Pts On PL_FIXTURE) 
Circle,CIR_9,X,-272.353,-272.679,0.325,,,,
Circle,CIR_9,Z,314.818,315.140,-0.321,,,,
Circle,CIR_10,DIAM,7.098,7.100,-0.002,-0.100,0.100,,Criterion : Least Square (From 4 Pts On PL_FIXTURE) 
Circle,CIR_10,X,-272.461,-272.700,0.239,,,,
Circle,CIR_10,Z,393.821,394.100,-0.279,,,,
Circle,CIR_11,DIAM,7.106,7.100,0.006,-0.100,0.100,,Criterion : Least Square (From 4 Pts On PL_FIXTURE) 
Circle,CIR_11,X,-254.441,-254.600,0.159,,,,
Circle,CIR_11,Z,463.311,463.600,-0.289,,,,
Circle,CIR_12,DIAM,7.102,7.100,0.002,-0.100,0.100,,Criterion : Least Square (From 4 Pts On PL_FIXTURE) 
Circle,CIR_12,X,-166.877,-166.900,0.023,,,,
Circle,CIR_12,Z,474.335,474.600,-0.265,,,,
Circle,CIR_13,DIAM,7.104,7.100,0.004,-0.100,0.100,,Criterion : Least Square (From 4 Pts On PL_FIXTURE) 
Circle,CIR_13,X,-79.282,-79.300,0.018,,,,
Circle,CIR_13,Z,474.358,474.600,-0.242,,,,
Circle,CIR_14,DIAM,8.026,8.000,0.026,-0.100,0.100,,Criterion : Least Square (From 4 Pts On PL_FIXTURE) 
Circle,CIR_14,X,-19.459,-19.500,0.041,,,,
Circle,CIR_14,Z,473.027,473.400,-0.373,,,,
Circle,CIR_15,DIAM,7.099,7.100,-0.001,-0.100,0.100,,Criterion : Least Square (From 4 Pts On PL_FIXTURE) 
Circle,CIR_15,X,8.411,8.300,0.111,,,,
Circle,CIR_15,Z,470.224,470.600,-0.376,,,,
Circle,CIR_16,DIAM,7.107,7.100,0.007,-0.100,0.100,,Criterion : Least Square (From 4 Pts On PL_FIXTURE) 
Circle,CIR_16,X,17.389,17.300,0.089,,,,
Circle,CIR_16,Z,387.106,387.400,-0.294,,,,
Circle,CIR_17,DIAM,7.104,7.100,0.004,-0.100,0.100,,Criterion : Least Square (From 4 Pts On PL_FIXTURE) 
Circle,CIR_17,X,17.422,17.300,0.122,,,,
Circle,CIR_17,Z,304.030,304.200,-0.170,,,,
Circle,CIR_18,DIAM,7.101,7.100,0.001,-0.100,0.100,,Criterion : Least Square (From 4 Pts On PL_FIXTURE) 
Circle,CIR_18,X,17.411,17.300,0.111,,,,
Circle,CIR_18,Z,227.833,228.000,-0.167,,,,
Circle,CIR_19,DIAM,7.103,7.100,0.003,-0.100,0.100,,Criterion : Least Square (From 4 Pts On PL_FIXTURE) 
Circle,CIR_19,X,17.475,17.300,0.175,,,,
Circle,CIR_19,Z,151.851,152.000,-0.149,,,,
Circle,CIR_20,DIAM,7.101,7.100,0.001,-0.100,0.100,,Criterion : Least Square (From 4 Pts On PL_FIXTURE) 
Circle,CIR_20,X,17.556,17.300,0.256,,,,
Circle,CIR_20,Z,75.991,76.000,-0.009,,,,
Pos. Tol.,POS_1,PTOL,0.000,0.000,0.000,0.078,0.878,,CIR_1(M)/NOMINAL - CS_ABC - C-Zone - XZ - Nominal
Pos. Tol.,POS_2,PTOL,0.304,0.000,0.304,0.167,0.967,,CIR_2(M)/NOMINAL(M) - CS_ABC - C-Zone - XZ - Nominal
Pos. Tol.,POS_3,PTOL,0.585,0.000,0.585,0.182,0.982,,CIR_3(M)/NOMINAL(M) - CS_ABC - C-Zone - XZ - Nominal
Pos. Tol.,POS_4,PTOL,0.302,0.000,0.302,0.232,1.032,,CIR_4(M)/NOMINAL(M) - CS_ABC - C-Zone - XZ - Nominal
Pos. Tol.,POS_5,PTOL,0.273,0.000,0.273,0.178,0.978,,CIR_5(M)/NOMINAL(M) - CS_ABC - C-Zone - XZ - Nominal
Pos. Tol.,POS_6,PTOL,0.175,0.000,0.175,0.188,0.988,,CIR_6(M)/NOMINAL(M) - CS_ABC - C-Zone - XZ - Nominal
Pos. Tol.,POS_7,PTOL,0.240,0.000,0.240,0.183,0.983,,CIR_7(M)/NOMINAL(M) - CS_ABC - C-Zone - XZ - Nominal
Pos. Tol.,POS_8,PTOL,0.380,0.000,0.380,0.183,0.983,,CIR_8(M)/NOMINAL(M) - CS_ABC - C-Zone - XZ - Nominal
Pos. Tol.,POS_9,PTOL,0.914,0.000,0.914,0.179,0.979,,CIR_9(M)/NOMINAL(M) - CS_ABC - C-Zone - XZ - Nominal
Pos. Tol.,POS_10,PTOL,0.735,0.000,0.735,0.176,0.976,,CIR_10(M)/NOMINAL(M) - CS_ABC - C-Zone - XZ - Nominal
Pos. Tol.,POS_11,PTOL,0.659,0.000,0.659,0.184,0.984,,CIR_11(M)/NOMINAL(M) - CS_ABC - C-Zone - XZ - Nominal
Pos. Tol.,POS_12,PTOL,0.531,0.000,0.531,0.181,0.981,,CIR_12(M)/NOMINAL(M) - CS_ABC - C-Zone - XZ - Nominal
Pos. Tol.,POS_13,PTOL,0.486,0.000,0.486,0.182,0.982,,CIR_13(M)/NOMINAL(M) - CS_ABC - C-Zone - XZ - Nominal
Pos. Tol.,POS_14,PTOL,0.750,0.000,0.750,0.204,1.004,,CIR_14(M)/NOMINAL(M) - CS_ABC - C-Zone - XZ - Nominal
Pos. Tol.,POS_15,PTOL,0.783,0.000,0.783,0.177,0.977,,CIR_15(M)/NOMINAL(M) - CS_ABC - C-Zone - XZ - Nominal
Pos. Tol.,POS_16,PTOL,0.615,0.000,0.615,0.185,0.985,,CIR_16(M)/NOMINAL(M) - CS_ABC - C-Zone - XZ - Nominal
Pos. Tol.,POS_17,PTOL,0.419,0.000,0.419,0.182,0.982,,CIR_17(M)/NOMINAL(M) - CS_ABC - C-Zone - XZ - Nominal
Pos. Tol.,POS_18,PTOL,0.402,0.000,0.402,0.180,0.980,,CIR_18(M)/NOMINAL(M) - CS_ABC - C-Zone - XZ - Nominal
Pos. Tol.,POS_19,PTOL,0.459,0.000,0.459,0.182,0.982,,CIR_19(M)/NOMINAL(M) - CS_ABC - C-Zone - XZ - Nominal
Pos. Tol.,POS_20,PTOL,0.513,0.000,0.513,0.179,0.979,,CIR_20(M)/NOMINAL(M) - CS_ABC - C-Zone - XZ - Nominal
Perpend.,PERP_B,PERP,0.040,0.000,0.040,0.099,0.229,,CYL_B(M)/PL_FIXTURE - C-Zone - Cloud of Points 
Profile of Line,PROFILE_INSIDE_PAN_AT_GAGE,PRFL,2.512,0.000,2.512,0.000,3.000,,SECTION_INSIDE_2.5MM
Circle,CIR_21,DIAM,18.878,18.950,-0.072,-0.130,0.100,,Criterion : Least Square (From 20 Pts On PL_PLAST_TOP_21) 
Circle,CIR_21,X,-94.537,-94.500,-0.037,,,,
Circle,CIR_21,Z,123.444,123.400,0.044,,,,
Circle,CIR_21_OD,DIAM,21.380,21.400,-0.020,-0.100,0.100,,Proj. CIR_21_OD / PL_DATUM_E.
Pos. Tol.,POS_21,PTOL,0.115,0.000,0.115,0.000,1.000,,CIR_21/NOMINAL - CS_ABC - C-Zone - XZ - Nominal
Coaxiality,CONCENTRICITY_21,COAX,0.134,0.000,0.134,0.000,0.300,,CIR_21_OD/CYL_D - C-Zone - Nominal
Distance,PROF_22.1,D1,10.594,10.300,0.294,-0.250,0.250,0.044,SRF_21.1 - PL_DATUM_E / CS_SRF_BF
Distance,PROF_22.2,D1,10.332,10.300,0.032,-0.250,0.250,,SRF_21.2 - PL_DATUM_E / CS_SRF_BF
Distance,PROF_22.3,D1,10.367,10.300,0.067,-0.250,0.250,,SRF_21.3 - PL_DATUM_E / CS_SRF_BF
Distance,PROF_22.4,D1,10.364,10.300,0.064,-0.250,0.250,,SRF_21.4 - PL_DATUM_E / CS_SRF_BF
Distance,PROF_22.5,D1,10.373,10.300,0.073,-0.250,0.250,,SRF_21.5 - PL_DATUM_E / CS_SRF_BF
Distance,PROF_22.6,D1,10.291,10.300,-0.009,-0.250,0.250,,SRF_21.6 - PL_DATUM_E / CS_SRF_BF
Distance,PROF_22.7,D1,10.310,10.300,0.010,-0.250,0.250,,SRF_21.7 - PL_DATUM_E / CS_SRF_BF
Distance,PROF_22.8,D1,10.679,10.300,0.379,-0.250,0.250,0.129,SRF_21.8 - PL_DATUM_E / CS_SRF_BF
Distance,PROF_E.1,D1,177.485,178.558,-1.073,,,,SRF_E.1 - ORIGIN / CS_SRF_BF
Distance,PROF_E.1,Y,60.801,61.400,-0.599,-2.000,1.000,,
Distance,PROF_E.2,D1,179.376,180.424,-1.048,,,,SRF_E.2 - ORIGIN / CS_SRF_BF
Distance,PROF_E.2,Y,60.891,61.400,-0.509,-2.000,1.000,,
Distance,PROF_E.3,D1,181.088,182.116,-1.028,,,,SRF_E.3 - ORIGIN / CS_SRF_BF
Distance,PROF_E.3,Y,60.964,61.400,-0.436,-2.000,1.000,,
Distance,PROF_E.4,D1,154.912,156.154,-1.241,,,,SRF_E.4 - ORIGIN / CS_SRF_BF
Distance,PROF_E.4,Y,60.450,61.400,-0.950,-2.000,1.000,,
Distance,PROF_E.5,D1,153.028,154.303,-1.275,,,,SRF_E.5 - ORIGIN / CS_SRF_BF
Distance,PROF_E.5,Y,60.475,61.400,-0.925,-2.000,1.000,,
Distance,PROF_E.6,D1,151.378,152.659,-1.282,,,,SRF_E.6 - ORIGIN / CS_SRF_BF
Distance,PROF_E.6,Y,60.487,61.400,-0.913,-2.000,1.000,,
Distance,PROF_E.7,D1,168.854,170.175,-1.322,,,,SRF_E.7 - ORIGIN / CS_SRF_BF
Distance,PROF_E.7,Y,59.786,61.400,-1.614,-2.000,1.000,,
Distance,PROF_E.8,D1,169.216,170.585,-1.369,,,,SRF_E.8 - ORIGIN / CS_SRF_BF
Distance,PROF_E.8,Y,59.712,61.400,-1.688,-2.000,1.000,,
Distance,PROF_E.9,D1,169.600,170.474,-0.874,,,,SRF_E.9 - ORIGIN / CS_SRF_BF
Distance,PROF_E.9,Y,59.630,61.400,-1.770,-2.000,1.000,,
Section,SECTION_ZONE_1,MAX,1.560,0.000,1.560,-2.500,1.500,0.060,15 Pts [0 < LT ; LT < 14 < UT ;  1 > UL]
Section,SECTION_ZONE_1,MIN,-0.531,0.000,-0.531,-2.500,1.500,,
Section,SECTION_ZONE_2,MAX,-1.037,0.000,-1.037,-3.000,1.000,,7 Pts [0 < LT ; LT < 7 < UT ;  0 > UL]
Section,SECTION_ZONE_2,MIN,-1.847,0.000,-1.847,-3.000,1.000,,
Section,SECTION_ZONE_3,MAX,-4.527,0.000,-4.527,-5.000,1.000,,1 Pts [0 < LT ; LT < 1 < UT ;  0 > UL]
Section,SECTION_ZONE_3,MIN,-4.527,0.000,-4.527,-5.000,1.000,,
Circle,CIR_22,DIAM,6.413,6.350,0.063,-0.100,0.100,,Criterion : Least Square (From 6 Pts On PL_PLAST_22) 
Circle,CIR_22,Y,7.019,7.000,0.019,,,,
Circle,CIR_22,Z,429.416,429.300,0.116,,,,
Circle,CIR_23,DIAM,6.309,6.350,-0.041,-0.100,0.100,,Criterion : Least Square (From 6 Pts On PL_PLAST_23) 
Circle,CIR_23,Y,6.978,7.000,-0.022,,,,
Circle,CIR_23,Z,354.628,354.400,0.228,,,,
Circle,CIR_24,DIAM,6.417,6.350,0.067,-0.100,0.100,,Criterion : Least Square (From 6 Pts On PL_PLAST_24) 
Circle,CIR_24,Y,6.881,7.000,-0.119,,,,
Circle,CIR_24,Z,196.860,196.600,0.260,,,,
Circle,CIR_25,DIAM,6.382,6.350,0.032,-0.100,0.100,,Criterion : Least Square (From 6 Pts On PL_PLAST_25) 
Circle,CIR_25,Y,6.912,7.000,-0.088,,,,
Circle,CIR_25,Z,28.538,28.600,-0.062,,,,
Circle,CIR_26,DIAM,6.370,6.350,0.020,-0.100,0.100,,Criterion : Least Square (From 6 Pts On PL_PLAST_26) 
Circle,CIR_26,Y,7.011,7.000,0.011,,,,
Circle,CIR_26,Z,265.865,266.100,-0.235,,,,
Circle,CIR_27,DIAM,6.448,6.350,0.098,-0.100,0.100,,Criterion : Least Square (From 6 Pts On PL_PLAST_27) 
Circle,CIR_27,Y,7.090,7.000,0.090,,,,
Circle,CIR_27,Z,345.538,345.800,-0.262,,,,
Circle,CIR_28,DIAM,6.421,6.350,0.071,-0.100,0.100,,Criterion : Least Square (From 6 Pts On PL_PLAST_28) 
Circle,CIR_28,Y,7.041,7.000,0.041,,,,
Circle,CIR_28,Z,428.806,429.000,-0.194,,,,
Pos. Tol.,POS_22,PTOL,0.235,0.000,0.235,0.000,1.000,,CIR_22/NOMINAL - CS_ABC - C-Zone - YZ - Nominal
Pos. Tol.,POS_23,PTOL,0.459,0.000,0.459,0.000,1.000,,CIR_23/NOMINAL - CS_ABC - C-Zone - YZ - Nominal
Pos. Tol.,POS_24,PTOL,0.573,0.000,0.573,0.000,1.000,,CIR_24/NOMINAL - CS_ABC - C-Zone - YZ - Nominal
Pos. Tol.,POS_25,PTOL,0.216,0.000,0.216,0.000,1.000,,CIR_25/NOMINAL - CS_ABC - C-Zone - YZ - Nominal
Pos. Tol.,POS_26,PTOL,0.471,0.000,0.471,0.000,1.000,,CIR_26/NOMINAL - CS_ABC - C-Zone - YZ - Nominal
Pos. Tol.,POS_27,PTOL,0.553,0.000,0.553,0.000,1.000,,CIR_27/NOMINAL - CS_ABC - C-Zone - YZ - Nominal
Pos. Tol.,POS_28,PTOL,0.397,0.000,0.397,0.000,1.000,,CIR_28/NOMINAL - CS_ABC - C-Zone - YZ - Nominal
