Feat. Type,Feat. Name,Value,Actual,Nominal,Dev.,Tol-,Tol+,Out of Tol.,Comment
Text/Value,VAR_PROGRAM,VAL,,,,,,,'N:\Metrolog XG\Programmes\Ford Transmission Pan 10R80\Ford Transmission Pan 10R80 Complete Cavit� 2 (Module_51).gm2'
Text/Value,VAR_EVENEMENT,VAL,,,,,,,'FIP 10080'
Text/Value,VAR_COMMENTAIRES,VAL,,,,,,,'318B'
Text/Value,PROFILE_A,VAL,0.157515,0.000000,0.157515,0.000000,0.280000,,
Circle,CIR_1,DIAM,7.098,7.100,-0.002,-0.100,0.100,,Criterion : Least Square (From 4 Pts On PL_FIXTURE) 
Circle,CIR_1,X,0.000,0.000,0.000,,,,
Circle,CIR_1,Z,0.000,0.000,0.000,,,,
Circle,CIR_2,DIAM,7.099,7.100,-0.001,-0.100,0.100,,Criterion : Least Square (From 4 Pts On PL_FIXTURE) 
Circle,CIR_2,X,-80.097,-80.100,0.003,,,,
Circle,CIR_2,Z,-3.071,-2.800,-0.271,,,,
Circle,CIR_3,DIAM,7.098,7.100,-0.002,-0.100,0.100,,Criterion : Least Square (From 4 Pts On PL_FIXTURE) 
Circle,CIR_3,X,-170.174,-170.100,-0.074,,,,
Circle,CIR_3,Z,-3.173,-2.800,-0.373,,,,
Circle,CIR_4,DIAM,8.081,8.000,0.081,-0.100,0.100,,Criterion : Least Square (From 4 Pts On PL_FIXTURE) 
Circle,CIR_4,X,-224.615,-224.500,-0.115,,,,
Circle,CIR_4,Z,-4.742,-4.600,-0.142,,,,
Circle,CIR_5,DIAM,7.106,7.100,0.006,-0.100,0.100,,Criterion : Least Square (From 4 Pts On PL_FIXTURE) 
Circle,CIR_5,X,-249.586,-249.500,-0.086,,,,
Circle,CIR_5,Z,-1.848,-1.600,-0.248,,,,
Circle,CIR_6,DIAM,7.102,7.100,0.002,-0.100,0.100,,Criterion : Least Square (From 4 Pts On PL_FIXTURE) 
Circle,CIR_6,X,-272.575,-272.700,0.125,,,,
Circle,CIR_6,Z,78.126,78.100,0.026,,,,
Circle,CIR_7,DIAM,7.094,7.100,-0.006,-0.100,0.100,,Criterion : Least Square (From 4 Pts On PL_FIXTURE) 
Circle,CIR_7,X,-272.689,-272.700,0.011,,,,
Circle,CIR_7,Z,157.014,157.100,-0.086,,,,
Circle,CIR_8,DIAM,7.101,7.100,0.001,-0.100,0.100,,Criterion : Least Square (From 4 Pts On PL_FIXTURE) 
Circle,CIR_8,X,-272.877,-272.700,-0.177,,,,
Circle,CIR_8,Z,236.164,236.100,0.064,,,,
Circle,CIR_9,DIAM,7.098,7.100,-0.002,-0.100,0.100,,Criterion : Least Square (From 4 Pts On PL_FIXTURE) 
Circle,CIR_9,X,-273.120,-272.679,-0.442,,,,
Circle,CIR_9,Z,315.273,315.140,0.134,,,,
Circle,CIR_10,DIAM,7.100,7.100,-0.000,-0.100,0.100,,Criterion : Least Square (From 4 Pts On PL_FIXTURE) 
Circle,CIR_10,X,-273.093,-272.700,-0.393,,,,
Circle,CIR_10,Z,394.350,394.100,0.250,,,,
Circle,CIR_11,DIAM,7.102,7.100,0.002,-0.100,0.100,,Criterion : Least Square (From 4 Pts On PL_FIXTURE) 
Circle,CIR_11,X,-254.721,-254.600,-0.121,,,,
Circle,CIR_11,Z,463.820,463.600,0.220,,,,
Circle,CIR_12,DIAM,7.090,7.100,-0.010,-0.100,0.100,,Criterion : Least Square (From 4 Pts On PL_FIXTURE) 
Circle,CIR_12,X,-166.938,-166.900,-0.038,,,,
Circle,CIR_12,Z,474.916,474.600,0.316,,,,
Circle,CIR_13,DIAM,7.102,7.100,0.002,-0.100,0.100,,Criterion : Least Square (From 4 Pts On PL_FIXTURE) 
Circle,CIR_13,X,-79.078,-79.300,0.222,,,,
Circle,CIR_13,Z,475.071,474.600,0.471,,,,
Circle,CIR_14,DIAM,8.085,8.000,0.085,-0.100,0.100,,Criterion : Least Square (From 4 Pts On PL_FIXTURE) 
Circle,CIR_14,X,-19.357,-19.500,0.143,,,,
Circle,CIR_14,Z,473.424,473.400,0.024,,,,
Circle,CIR_15,DIAM,7.103,7.100,0.003,-0.100,0.100,,Criterion : Least Square (From 4 Pts On PL_FIXTURE) 
Circle,CIR_15,X,8.460,8.300,0.160,,,,
Circle,CIR_15,Z,470.753,470.600,0.153,,,,
Circle,CIR_16,DIAM,7.103,7.100,0.003,-0.100,0.100,,Criterion : Least Square (From 4 Pts On PL_FIXTURE) 
Circle,CIR_16,X,17.433,17.300,0.133,,,,
Circle,CIR_16,Z,387.568,387.400,0.168,,,,
Circle,CIR_17,DIAM,7.103,7.100,0.003,-0.100,0.100,,Criterion : Least Square (From 4 Pts On PL_FIXTURE) 
Circle,CIR_17,X,17.361,17.300,0.061,,,,
Circle,CIR_17,Z,304.268,304.200,0.068,,,,
Circle,CIR_18,DIAM,7.101,7.100,0.001,-0.100,0.100,,Criterion : Least Square (From 4 Pts On PL_FIXTURE) 
Circle,CIR_18,X,17.374,17.300,0.074,,,,
Circle,CIR_18,Z,228.061,228.000,0.061,,,,
Circle,CIR_19,DIAM,7.102,7.100,0.002,-0.100,0.100,,Criterion : Least Square (From 4 Pts On PL_FIXTURE) 
Circle,CIR_19,X,17.524,17.300,0.224,,,,
Circle,CIR_19,Z,151.980,152.000,-0.020,,,,
Circle,CIR_20,DIAM,7.105,7.100,0.005,-0.100,0.100,,Criterion : Least Square (From 4 Pts On PL_FIXTURE) 
Circle,CIR_20,X,17.592,17.300,0.292,,,,
Circle,CIR_20,Z,76.036,76.000,0.036,,,,
Pos. Tol.,POS_1,PTOL,0.000,0.000,0.000,0.098,0.898,,CIR_1(M)/NOMINAL - CS_ABC - C-Zone - XZ - Nominal
Pos. Tol.,POS_2,PTOL,0.541,0.000,0.541,0.197,0.997,,CIR_2(M)/NOMINAL(M) - CS_ABC - C-Zone - XZ - Nominal
Pos. Tol.,POS_3,PTOL,0.760,0.000,0.760,0.196,0.996,,CIR_3(M)/NOMINAL(M) - CS_ABC - C-Zone - XZ - Nominal
Pos. Tol.,POS_4,PTOL,0.365,0.000,0.365,0.279,1.079,,CIR_4(M)/NOMINAL(M) - CS_ABC - C-Zone - XZ - Nominal
Pos. Tol.,POS_5,PTOL,0.525,0.000,0.525,0.205,1.005,,CIR_5(M)/NOMINAL(M) - CS_ABC - C-Zone - XZ - Nominal
Pos. Tol.,POS_6,PTOL,0.256,0.000,0.256,0.200,1.000,,CIR_6(M)/NOMINAL(M) - CS_ABC - C-Zone - XZ - Nominal
Pos. Tol.,POS_7,PTOL,0.174,0.000,0.174,0.193,0.993,,CIR_7(M)/NOMINAL(M) - CS_ABC - C-Zone - XZ - Nominal
Pos. Tol.,POS_8,PTOL,0.376,0.000,0.376,0.199,0.999,,CIR_8(M)/NOMINAL(M) - CS_ABC - C-Zone - XZ - Nominal
Pos. Tol.,POS_9,PTOL,0.923,0.000,0.923,0.196,0.996,,CIR_9(M)/NOMINAL(M) - CS_ABC - C-Zone - XZ - Nominal
Pos. Tol.,POS_10,PTOL,0.932,0.000,0.932,0.198,0.998,,CIR_10(M)/NOMINAL(M) - CS_ABC - C-Zone - XZ - Nominal
Pos. Tol.,POS_11,PTOL,0.503,0.000,0.503,0.200,1.000,,CIR_11(M)/NOMINAL(M) - CS_ABC - C-Zone - XZ - Nominal
Pos. Tol.,POS_12,PTOL,0.637,0.000,0.637,0.188,0.988,,CIR_12(M)/NOMINAL(M) - CS_ABC - C-Zone - XZ - Nominal
Pos. Tol.,POS_13,PTOL,1.041,0.000,1.041,0.201,1.001,0.040,CIR_13(M)/NOMINAL(M) - CS_ABC - C-Zone - XZ - Nominal
Pos. Tol.,POS_14,PTOL,0.289,0.000,0.289,0.283,1.083,,CIR_14(M)/NOMINAL(M) - CS_ABC - C-Zone - XZ - Nominal
Pos. Tol.,POS_15,PTOL,0.442,0.000,0.442,0.201,1.001,,CIR_15(M)/NOMINAL(M) - CS_ABC - C-Zone - XZ - Nominal
Pos. Tol.,POS_16,PTOL,0.428,0.000,0.428,0.201,1.001,,CIR_16(M)/NOMINAL(M) - CS_ABC - C-Zone - XZ - Nominal
Pos. Tol.,POS_17,PTOL,0.183,0.000,0.183,0.202,1.002,,CIR_17(M)/NOMINAL(M) - CS_ABC - C-Zone - XZ - Nominal
Pos. Tol.,POS_18,PTOL,0.191,0.000,0.191,0.199,0.999,,CIR_18(M)/NOMINAL(M) - CS_ABC - C-Zone - XZ - Nominal
Pos. Tol.,POS_19,PTOL,0.449,0.000,0.449,0.200,1.000,,CIR_19(M)/NOMINAL(M) - CS_ABC - C-Zone - XZ - Nominal
Pos. Tol.,POS_20,PTOL,0.589,0.000,0.589,0.203,1.003,,CIR_20(M)/NOMINAL(M) - CS_ABC - C-Zone - XZ - Nominal
Perpend.,PERP_B,PERP,0.033,0.000,0.033,0.097,0.227,,CYL_B(M)/PL_FIXTURE - C-Zone - Cloud of Points 
Profile of Line,PROFILE_INSIDE_PAN_AT_GAGE,PRFL,2.213,0.000,2.213,0.000,3.000,,SECTION_INSIDE_2.5MM
Circle,CIR_21,DIAM,18.885,18.950,-0.065,-0.100,0.100,,Criterion : Least Square (From 20 Pts On PL_PLAST_TOP_21) 
Circle,CIR_21,X,-94.721,-94.500,-0.221,,,,
Circle,CIR_21,Z,123.475,123.400,0.075,,,,
Circle,CIR_21_OD,DIAM,21.388,21.400,-0.012,-0.100,0.100,,Proj. CIR_21_OD / PL_DATUM_E.
Pos. Tol.,POS_21,PTOL,0.467,0.000,0.467,0.000,1.000,,CIR_21/NOMINAL - CS_ABC - C-Zone - XZ - Nominal
Coaxiality,CONCENTRICITY_21,COAX,0.091,0.000,0.091,0.000,0.300,,CIR_21_OD/CYL_D - C-Zone - Nominal
Distance,PROF_22.1,D1,10.143,10.300,-0.157,-0.250,0.250,,SRF_21.1 - PL_DATUM_E / CS_SRF_BF
Distance,PROF_22.2,D1,10.213,10.300,-0.087,-0.250,0.250,,SRF_21.2 - PL_DATUM_E / CS_SRF_BF
Distance,PROF_22.3,D1,10.141,10.300,-0.159,-0.250,0.250,,SRF_21.3 - PL_DATUM_E / CS_SRF_BF
Distance,PROF_22.4,D1,10.191,10.300,-0.109,-0.250,0.250,,SRF_21.4 - PL_DATUM_E / CS_SRF_BF
Distance,PROF_22.5,D1,10.265,10.300,-0.035,-0.250,0.250,,SRF_21.5 - PL_DATUM_E / CS_SRF_BF
Distance,PROF_22.6,D1,10.211,10.300,-0.089,-0.250,0.250,,SRF_21.6 - PL_DATUM_E / CS_SRF_BF
Distance,PROF_22.7,D1,10.244,10.300,-0.056,-0.250,0.250,,SRF_21.7 - PL_DATUM_E / CS_SRF_BF
Distance,PROF_22.8,D1,10.177,10.300,-0.123,-0.250,0.250,,SRF_21.8 - PL_DATUM_E / CS_SRF_BF
Distance,PROF_E.1,D1,177.646,178.558,-0.912,,,,SRF_E.1 - ORIGIN / CS_SRF_BF
Distance,PROF_E.1,Y,60.853,61.400,-0.547,-2.000,1.000,,
Distance,PROF_E.2,D1,179.539,180.424,-0.885,,,,SRF_E.2 - ORIGIN / CS_SRF_BF
Distance,PROF_E.2,Y,60.928,61.400,-0.472,-2.000,1.000,,
Distance,PROF_E.3,D1,181.249,182.116,-0.867,,,,SRF_E.3 - ORIGIN / CS_SRF_BF
Distance,PROF_E.3,Y,60.993,61.400,-0.407,-2.000,1.000,,
Distance,PROF_E.4,D1,155.101,156.154,-1.053,,,,SRF_E.4 - ORIGIN / CS_SRF_BF
Distance,PROF_E.4,Y,60.566,61.400,-0.834,-2.000,1.000,,
Distance,PROF_E.5,D1,153.212,154.303,-1.090,,,,SRF_E.5 - ORIGIN / CS_SRF_BF
Distance,PROF_E.5,Y,60.586,61.400,-0.814,-2.000,1.000,,
Distance,PROF_E.6,D1,151.562,152.659,-1.098,,,,SRF_E.6 - ORIGIN / CS_SRF_BF
Distance,PROF_E.6,Y,60.584,61.400,-0.816,-2.000,1.000,,
Distance,PROF_E.7,D1,169.055,170.175,-1.120,,,,SRF_E.7 - ORIGIN / CS_SRF_BF
Distance,PROF_E.7,Y,60.034,61.400,-1.366,-2.000,1.000,,
Distance,PROF_E.8,D1,169.424,170.585,-1.161,,,,SRF_E.8 - ORIGIN / CS_SRF_BF
Distance,PROF_E.8,Y,59.985,61.400,-1.415,-2.000,1.000,,
Distance,PROF_E.9,D1,169.814,170.474,-0.660,,,,SRF_E.9 - ORIGIN / CS_SRF_BF
Distance,PROF_E.9,Y,59.926,61.400,-1.474,-2.000,1.000,,
Section,SECTION_ZONE_1,MAX,1.018,0.000,1.018,-2.500,1.500,,15 Pts [0 < LT ; LT < 15 < UT ;  0 > UL]
Section,SECTION_ZONE_1,MIN,-0.459,0.000,-0.459,-2.500,1.500,,
Section,SECTION_ZONE_2,MAX,-0.835,0.000,-0.835,-3.000,1.000,,8 Pts [0 < LT ; LT < 8 < UT ;  0 > UL]
Section,SECTION_ZONE_2,MIN,-2.408,0.000,-2.408,-3.000,1.000,,
Section,SECTION_ZONE_3,MAX,-3.547,0.000,-3.547,-5.000,1.000,,1 Pts [0 < LT ; LT < 1 < UT ;  0 > UL]
Section,SECTION_ZONE_3,MIN,-3.547,0.000,-3.547,-5.000,1.000,,
Circle,CIR_22,DIAM,6.451,6.350,0.101,-0.100,0.100,0.001,Criterion : Least Square (From 6 Pts On PL_PLAST_22) 
Circle,CIR_22,Y,7.084,7.000,0.084,,,,
Circle,CIR_22,Z,429.542,429.300,0.242,,,,
Circle,CIR_23,DIAM,6.320,6.350,-0.030,-0.100,0.100,,Criterion : Least Square (From 6 Pts On PL_PLAST_23) 
Circle,CIR_23,Y,6.962,7.000,-0.038,,,,
Circle,CIR_23,Z,354.548,354.400,0.148,,,,
Circle,CIR_24,DIAM,6.493,6.350,0.143,-0.100,0.100,0.043,Criterion : Least Square (From 6 Pts On PL_PLAST_24) 
Circle,CIR_24,Y,6.972,7.000,-0.028,,,,
Circle,CIR_24,Z,196.470,196.600,-0.130,,,,
Circle,CIR_25,DIAM,6.382,6.350,0.032,-0.100,0.100,,Criterion : Least Square (From 6 Pts On PL_PLAST_25) 
Circle,CIR_25,Y,6.896,7.000,-0.104,,,,
Circle,CIR_25,Z,28.252,28.600,-0.348,,,,
Circle,CIR_26,DIAM,6.399,6.350,0.049,-0.100,0.100,,Criterion : Least Square (From 6 Pts On PL_PLAST_26) 
Circle,CIR_26,Y,6.947,7.000,-0.053,,,,
Circle,CIR_26,Z,266.098,266.100,-0.002,,,,
Circle,CIR_27,DIAM,6.510,6.350,0.160,-0.100,0.100,0.060,Criterion : Least Square (From 6 Pts On PL_PLAST_27) 
Circle,CIR_27,Y,6.876,7.000,-0.124,,,,
Circle,CIR_27,Z,345.719,345.800,-0.081,,,,
Circle,CIR_28,DIAM,6.325,6.350,-0.025,-0.100,0.100,,Criterion : Least Square (From 6 Pts On PL_PLAST_28) 
Circle,CIR_28,Y,7.041,7.000,0.041,,,,
Circle,CIR_28,Z,429.094,429.000,0.094,,,,
Pos. Tol.,POS_22,PTOL,0.513,0.000,0.513,0.000,1.000,,CIR_22/NOMINAL - CS_ABC - C-Zone - YZ - Nominal
Pos. Tol.,POS_23,PTOL,0.304,0.000,0.304,0.000,1.000,,CIR_23/NOMINAL - CS_ABC - C-Zone - YZ - Nominal
Pos. Tol.,POS_24,PTOL,0.266,0.000,0.266,0.000,1.000,,CIR_24/NOMINAL - CS_ABC - C-Zone - YZ - Nominal
Pos. Tol.,POS_25,PTOL,0.726,0.000,0.726,0.000,1.000,,CIR_25/NOMINAL - CS_ABC - C-Zone - YZ - Nominal
Pos. Tol.,POS_26,PTOL,0.106,0.000,0.106,0.000,1.000,,CIR_26/NOMINAL - CS_ABC - C-Zone - YZ - Nominal
Pos. Tol.,POS_27,PTOL,0.296,0.000,0.296,0.000,1.000,,CIR_27/NOMINAL - CS_ABC - C-Zone - YZ - Nominal
Pos. Tol.,POS_28,PTOL,0.206,0.000,0.206,0.000,1.000,,CIR_28/NOMINAL - CS_ABC - C-Zone - YZ - Nominal
