Feat. Type,Feat. Name,Value,Actual,Nominal,Dev.,Tol-,Tol+,Out of Tol.,Comment
Text/Value,VAR_PROGRAM,VAL,,,,,,,'N:\Metrolog XG\Programmes\I4 Moule 1\I4 Complete Moule 1 (Module 44).gm2'
Text/Value,VAR_EVENEMENT,VAL,,,,,,,'Fip 06093'
Text/Value,VAR_COMMENTAIRES,VAL,,,,,,,'297A'
Text/Value,PROFILE_A,VAL,0.268950,0.000000,0.268950,0.000000,0.500000,,
Circle,CIR_B,DIAM,6.898,7.000,-0.102,-0.100,0.100,-0.002,Criterion : Least Square (From 10 Pts On PL_FIXTURE) 
Circle,CIR_B,X,-0.072,0.000,-0.072,,,,
Circle,CIR_B,Z,-0.046,0.000,-0.046,,,,
Circle,CIR_1,X,-40.164,-40.000,-0.164,,,,From 4 Pts On PL_FIXTURE
Circle,CIR_1,Z,-184.258,-184.000,-0.258,,,,
Circle,CIR_2,X,-32.892,-33.000,0.108,,,,From 4 Pts On PL_FIXTURE
Circle,CIR_2,Z,-0.097,-0.000,-0.097,,,,
Circle,CIR_3,X,-31.961,-32.000,0.039,,,,From 4 Pts On PL_FIXTURE
Circle,CIR_3,Z,189.515,189.500,0.015,,,,
Circle,CIR_4,X,-0.088,-0.000,-0.088,,,,From 4 Pts On PL_FIXTURE
Circle,CIR_4,Z,95.971,96.000,-0.029,,,,
Circle,CIR_5,X,-0.118,-0.000,-0.118,,,,From 4 Pts On PL_FIXTURE
Circle,CIR_5,Z,-96.147,-96.000,-0.147,,,,
Circle,CIR_6,X,-300.087,-300.100,0.013,,,,From 4 Pts On PL_FIXTURE_6
Circle,CIR_6,Z,-54.013,-54.000,-0.013,,,,
Distance,OP1_WIDTH_1,D1,2.799,2.930,-0.131,-0.150,0.150,,OP1_P2 - OP1_P4 / OP1_CS
Distance,OP1_WIDTH_2,D1,2.814,2.930,-0.116,-0.150,0.150,,OP1_P7 - OP1_P9 / OP1_CS
Distance,OP1_WIDTH_3,D1,2.967,2.930,0.037,-0.150,0.150,,OP1_P11 - OP1_P13 / OP1_CS
Distance,OP1_WIDTH_4,D1,2.928,2.930,-0.002,-0.150,0.150,,OP1_P15 - OP1_P17 / OP1_CS
Distance,OP1_WIDTH_5,D1,2.763,2.930,-0.167,-0.180,0.150,,OP1_P19 - OP1_P21 / OP1_CS
Distance,OP1_WIDTH_6,D1,2.818,2.930,-0.112,-0.150,0.150,,OP1_P23 - OP1_P25 / OP1_CS
Distance,OP1_WIDTH_7,D1,2.751,2.930,-0.179,-0.150,0.150,-0.029,OP1_P28 - OP1_P30 / OP1_CS
Distance,OP1_WIDTH_8,D1,2.875,2.930,-0.055,-0.150,0.150,,OP1_P33 - OP1_P35 / OP1_CS
Distance,OP1_WIDTH_9,D1,2.871,2.930,-0.059,-0.150,0.150,,OP1_P38 - OP1_P40 / OP1_CS
Distance,OP1_WIDTH_10,D1,2.881,2.930,-0.049,-0.150,0.150,,OP1_P43 - OP1_P45 / OP1_CS
Distance,OP1_WIDTH_11,D1,2.758,2.930,-0.172,-0.180,0.150,,OP1_P48 - OP1_P50 / OP1_CS
Distance,OP1_DEPTH_1,Y,4.568,4.500,0.068,-0.250,0.250,,OP1_P3 - PL_FIXTURE / OP1_CS
Distance,OP1_DEPTH_2,Y,4.537,4.500,0.037,-0.250,0.250,,OP1_P8 - PL_FIXTURE / OP1_CS
Distance,OP1_DEPTH_3,Y,4.581,4.500,0.081,-0.250,0.250,,OP1_P12 - PL_FIXTURE / OP1_CS
Distance,OP1_DEPTH_4,Y,4.534,4.500,0.034,-0.250,0.250,,OP1_P16 - PL_FIXTURE / OP1_CS
Distance,OP1_DEPTH_5,Y,4.603,4.500,0.103,-0.250,0.250,,OP1_P20 - PL_FIXTURE / OP1_CS
Distance,OP1_DEPTH_6,Y,4.606,4.500,0.106,-0.250,0.250,,OP1_P24 - PL_FIXTURE / OP1_CS
Distance,OP1_DEPTH_7,Y,4.479,4.500,-0.021,-0.250,0.250,,OP1_P29 - PL_FIXTURE / OP1_CS
Distance,OP1_DEPTH_8,Y,4.547,4.500,0.047,-0.250,0.250,,OP1_P34 - PL_FIXTURE / OP1_CS
Distance,OP1_DEPTH_9,Y,4.534,4.500,0.034,-0.250,0.250,,OP1_P39 - PL_FIXTURE / OP1_CS
Distance,OP1_DEPTH_10,Y,4.497,4.500,-0.003,-0.250,0.250,,OP1_P44 - PL_FIXTURE / OP1_CS
Distance,OP1_DEPTH_11,Y,4.563,4.500,0.063,-0.250,0.250,,OP1_P49 - PL_FIXTURE / OP1_CS
Distance,OP2_WIDTH_1,D1,2.814,2.930,-0.116,-0.150,0.150,,OP2_P2 - OP2_P4 / OP2_CS
Distance,OP2_WIDTH_2,D1,2.884,2.930,-0.046,-0.180,0.150,,OP2_P7 - OP2_P9 / OP2_CS
Distance,OP2_WIDTH_3,D1,2.991,2.930,0.061,-0.150,0.150,,OP2_P11 - OP2_P13 / OP2_CS
Distance,OP2_WIDTH_4,D1,2.961,2.930,0.031,-0.150,0.150,,OP2_P15 - OP2_P17 / OP2_CS
Distance,OP2_WIDTH_5,D1,2.960,2.930,0.030,-0.150,0.150,,OP2_P19 - OP2_P21 / OP2_CS
Distance,OP2_WIDTH_6,D1,2.850,2.930,-0.080,-0.150,0.150,,OP2_P23 - OP2_P25 / OP2_CS
Distance,OP2_WIDTH_7,D1,2.817,2.930,-0.113,-0.150,0.150,,OP2_P28 - OP2_P30 / OP2_CS
Distance,OP2_WIDTH_8,D1,2.812,2.930,-0.118,-0.150,0.150,,OP2_P33 - OP2_P35 / OP2_CS
Distance,OP2_WIDTH_9,D1,2.809,2.930,-0.121,-0.150,0.150,,OP2_P38 - OP2_P40 / OP2_CS
Distance,OP2_WIDTH_10,D1,2.842,2.930,-0.088,-0.150,0.150,,OP2_P43 - OP2_P45 / OP2_CS
Distance,OP2_WIDTH_11,D1,2.881,2.930,-0.049,-0.150,0.150,,OP2_P48 - OP2_P50 / OP2_CS
Distance,OP2_DEPTH_1,Y,4.445,4.500,-0.055,-0.250,0.250,,OP2_P3 - PL_FIXTURE / OP2_CS
Distance,OP2_DEPTH_2,Y,4.417,4.500,-0.083,-0.250,0.250,,OP2_P8 - PL_FIXTURE / OP2_CS
Distance,OP2_DEPTH_3,Y,4.369,4.500,-0.131,-0.250,0.250,,OP2_P12 - PL_FIXTURE / OP2_CS
Distance,OP2_DEPTH_4,Y,4.352,4.500,-0.148,-0.250,0.250,,OP2_P16 - PL_FIXTURE / OP2_CS
Distance,OP2_DEPTH_5,Y,4.381,4.500,-0.119,-0.250,0.250,,OP2_P20 - PL_FIXTURE / OP2_CS
Distance,OP2_DEPTH_6,Y,4.348,4.500,-0.152,-0.250,0.250,,OP2_P24 - PL_FIXTURE / OP2_CS
Distance,OP2_DEPTH_7,Y,4.335,4.500,-0.165,-0.250,0.250,,OP2_P29 - PL_FIXTURE / OP2_CS
Distance,OP2_DEPTH_8,Y,4.400,4.500,-0.100,-0.250,0.250,,OP2_P34 - PL_FIXTURE / OP2_CS
Distance,OP2_DEPTH_9,Y,4.393,4.500,-0.107,-0.250,0.250,,OP2_P39 - PL_FIXTURE / OP2_CS
Distance,OP2_DEPTH_10,Y,4.427,4.500,-0.073,-0.250,0.250,,OP2_P44 - PL_FIXTURE / OP2_CS
Distance,OP2_DEPTH_11,Y,4.432,4.500,-0.068,-0.250,0.250,,OP2_P49 - PL_FIXTURE / OP2_CS
Distance,OP3_WIDTH_1,D1,2.861,2.930,-0.069,-0.150,0.150,,OP3_P2 - OP3_P4 / OP3_CS
Distance,OP3_WIDTH_2,D1,2.911,2.930,-0.019,-0.150,0.150,,OP3_P7 - OP3_P9 / OP3_CS
Distance,OP3_WIDTH_3,D1,3.042,2.930,0.112,-0.150,0.150,,OP3_P11 - OP3_P13 / OP3_CS
Distance,OP3_WIDTH_4,D1,3.022,2.930,0.092,-0.150,0.150,,OP3_P15 - OP3_P17 / OP3_CS
Distance,OP3_WIDTH_5,D1,2.857,2.930,-0.073,-0.150,0.150,,OP3_P19 - OP3_P21 / OP3_CS
Distance,OP3_WIDTH_6,D1,2.839,2.930,-0.091,-0.150,0.150,,OP3_P23 - OP3_P25 / OP3_CS
Distance,OP3_WIDTH_7,D1,2.770,2.930,-0.160,-0.150,0.150,-0.010,OP3_P28 - OP3_P30 / OP3_CS
Distance,OP3_WIDTH_8,D1,2.813,2.930,-0.117,-0.150,0.150,,OP3_P33 - OP3_P35 / OP3_CS
Distance,OP3_WIDTH_9,D1,2.816,2.930,-0.114,-0.150,0.150,,OP3_P38 - OP3_P40 / OP3_CS
Distance,OP3_WIDTH_10,D1,2.839,2.930,-0.091,-0.150,0.150,,OP3_P43 - OP3_P45 / OP3_CS
Distance,OP3_WIDTH_11,D1,2.877,2.930,-0.053,-0.150,0.150,,OP3_P48 - OP3_P50 / OP3_CS
Distance,OP3_DEPTH_1,Y,4.393,4.500,-0.107,-0.250,0.250,,OP3_P3 - PL_FIXTURE / OP3_CS
Distance,OP3_DEPTH_2,Y,4.400,4.500,-0.100,-0.250,0.250,,OP3_P8 - PL_FIXTURE / OP3_CS
Distance,OP3_DEPTH_3,Y,4.507,4.500,0.007,-0.250,0.250,,OP3_P12 - PL_FIXTURE / OP3_CS
Distance,OP3_DEPTH_4,Y,4.496,4.500,-0.004,-0.250,0.250,,OP3_P16 - PL_FIXTURE / OP3_CS
Distance,OP3_DEPTH_5,Y,4.431,4.500,-0.069,-0.250,0.250,,OP3_P20 - PL_FIXTURE / OP3_CS
Distance,OP3_DEPTH_6,Y,4.366,4.500,-0.134,-0.250,0.250,,OP3_P24 - PL_FIXTURE / OP3_CS
Distance,OP3_DEPTH_7,Y,4.382,4.500,-0.118,-0.250,0.250,,OP3_P29 - PL_FIXTURE / OP3_CS
Distance,OP3_DEPTH_8,Y,4.448,4.500,-0.052,-0.250,0.250,,OP3_P34 - PL_FIXTURE / OP3_CS
Distance,OP3_DEPTH_9,Y,4.500,4.500,0.000,-0.250,0.250,,OP3_P39 - PL_FIXTURE / OP3_CS
Distance,OP3_DEPTH_10,Y,4.561,4.500,0.061,-0.250,0.250,,OP3_P44 - PL_FIXTURE / OP3_CS
Distance,OP3_DEPTH_11,Y,4.537,4.500,0.037,-0.250,0.250,,OP3_P49 - PL_FIXTURE / OP3_CS
Distance,OP4_WIDTH_1,D1,2.755,2.930,-0.175,-0.150,0.150,-0.025,OP4_P2 - OP4_P4 / OP4_CS
Distance,OP4_WIDTH_2,D1,2.796,2.930,-0.134,-0.150,0.150,,OP4_P7 - OP4_P9 / OP4_CS
Distance,OP4_WIDTH_3,D1,3.005,2.930,0.075,-0.150,0.150,,OP4_P11 - OP4_P13 / OP4_CS
Distance,OP4_WIDTH_4,D1,2.991,2.930,0.061,-0.150,0.150,,OP4_P15 - OP4_P17 / OP4_CS
Distance,OP4_WIDTH_5,D1,2.779,2.930,-0.151,-0.150,0.150,-0.001,OP4_P19 - OP4_P21 / OP4_CS
Distance,OP4_WIDTH_6,D1,2.840,2.930,-0.090,-0.150,0.150,,OP4_P23 - OP4_P25 / OP4_CS
Distance,OP4_WIDTH_7,D1,2.749,2.930,-0.181,-0.150,0.150,-0.031,OP4_P28 - OP4_P30 / OP4_CS
Distance,OP4_WIDTH_8,D1,2.873,2.930,-0.057,-0.150,0.150,,OP4_P33 - OP4_P35 / OP4_CS
Distance,OP4_WIDTH_9,D1,2.819,2.930,-0.111,-0.150,0.150,,OP4_P38 - OP4_P40 / OP4_CS
Distance,OP4_WIDTH_10,D1,2.871,2.930,-0.059,-0.150,0.150,,OP4_P43 - OP4_P45 / OP4_CS
Distance,OP4_WIDTH_11,D1,2.772,2.930,-0.158,-0.150,0.150,-0.008,OP4_P48 - OP4_P50 / OP4_CS
Distance,OP4_DEPTH_1,Y,4.493,4.500,-0.007,-0.250,0.250,,OP4_P3 - PL_FIXTURE / OP4_CS
Distance,OP4_DEPTH_2,Y,4.412,4.500,-0.088,-0.250,0.250,,OP4_P8 - PL_FIXTURE / OP4_CS
Distance,OP4_DEPTH_3,Y,4.395,4.500,-0.105,-0.250,0.250,,OP4_P12 - PL_FIXTURE / OP4_CS
Distance,OP4_DEPTH_4,Y,4.308,4.500,-0.192,-0.250,0.250,,OP4_P16 - PL_FIXTURE / OP4_CS
Distance,OP4_DEPTH_5,Y,4.333,4.500,-0.167,-0.250,0.250,,OP4_P20 - PL_FIXTURE / OP4_CS
Distance,OP4_DEPTH_6,Y,4.422,4.500,-0.078,-0.250,0.250,,OP4_P24 - PL_FIXTURE / OP4_CS
Distance,OP4_DEPTH_7,Y,4.442,4.500,-0.058,-0.250,0.250,,OP4_P29 - PL_FIXTURE / OP4_CS
Distance,OP4_DEPTH_8,Y,4.420,4.500,-0.080,-0.250,0.250,,OP4_P34 - PL_FIXTURE / OP4_CS
Distance,OP4_DEPTH_9,Y,4.480,4.500,-0.020,-0.250,0.250,,OP4_P39 - PL_FIXTURE / OP4_CS
Distance,OP4_DEPTH_10,Y,4.467,4.500,-0.033,-0.250,0.250,,OP4_P44 - PL_FIXTURE / OP4_CS
Distance,OP4_DEPTH_11,Y,4.374,4.500,-0.126,-0.250,0.250,,OP4_P49 - PL_FIXTURE / OP4_CS
Circle,CIR_7,X,-102.110,-101.900,-0.210,,,,Inters. PL_PLAST_7 - CYL_7.
Circle,CIR_7,Y,12.901,13.400,-0.499,,,,
Circle,CIR_7,Z,233.345,233.000,0.345,,,,
Circle,CIR_8,DIAM,14.649,14.675,-0.026,-0.075,0.075,,Criterion : Least Square (From 10 Pts On PL_PLAST_8) 
Circle,CIR_8,X,-199.333,-199.900,0.567,,,,
Circle,CIR_8,Z,101.541,101.200,0.341,,,,
Circle,CIR_9_5.5MM,DIAM,20.000,20.000,0.000,-0.050,0.050,,Criterion : Least Square (From 8 Pts On PL_PLAST_9) 
Circle,CIR_9_5.5MM,X,-111.176,-112.100,0.924,,,,
Circle,CIR_9_5.5MM,Y,144.403,144.900,-0.497,,,,
Circle,CIR_9_5.5MM,Z,201.744,201.500,0.244,,,,
Plane,PL_D,F.F.,0.314,,0.314,,,,Criterion : Least Square (From 13 Pts) 
Circle,CIR_10,DIAM,65.150,65.000,0.150,-0.500,0.500,,Criterion : Least Square (From 12 Pts On PL_D) 
Circle,CIR_10,X,-80.143,-80.500,0.357,,,,
Circle,CIR_10,Y,86.631,87.100,-0.469,,,,
Circle,CIR_10,Z,232.585,232.330,0.255,,,,
Circle,CIR_11,X,-96.542,-96.800,0.258,,,,Criterion : Least Square (From 6 Pts On PL_INS_11) 
Circle,CIR_11,Y,46.708,47.290,-0.582,,,,
Circle,CIR_11,Z,248.742,248.580,0.162,,,,
Circle,CIR_12,X,-108.069,-108.693,0.624,,,,Criterion : Least Square (From 6 Pts On PL_INS_12) 
Circle,CIR_12,Y,109.367,110.079,-0.712,,,,
Circle,CIR_12,Z,260.975,260.479,0.496,,,,
Circle,CIR_13,X,-63.850,-64.297,0.447,,,,Criterion : Least Square (From 6 Pts On PL_INS_13) 
Circle,CIR_13,Y,126.384,126.902,-0.518,,,,
Circle,CIR_13,Z,216.262,216.083,0.179,,,,
Circle,CIR_14,X,-52.312,-52.402,0.090,,,,Criterion : Least Square (From 6 Pts On PL_INS_14) 
Circle,CIR_14,Y,63.644,64.116,-0.472,,,,
Circle,CIR_14,Z,204.553,204.188,0.365,,,,
Circle,2D_CIR_11,Y,-32.587,-32.500,-0.087,,,,
Circle,2D_CIR_11,Z,32.587,32.500,0.087,,,,
Circle,2D_CIR_12,Y,32.287,32.500,-0.213,,,,
Circle,2D_CIR_12,Z,32.562,32.500,0.062,,,,
Circle,2D_CIR_13,Y,32.411,32.500,-0.089,,,,
Circle,2D_CIR_13,Z,-32.584,-32.500,-0.084,,,,
Circle,2D_CIR_14,Y,-32.446,-32.500,0.054,,,,
Circle,2D_CIR_14,Z,-32.188,-32.500,0.312,,,,
Distance,H11,X,0.016,0.000,0.016,0.000,0.500,,CIR_11 - PL_PLAST_11 / CS_DE_BF
Distance,H12,X,0.067,-0.000,0.067,0.000,0.500,,CIR_12 - PL_PLAST_12 / CS_DE_BF
Distance,H13,X,0.165,-0.000,0.165,0.000,0.500,,CIR_13 - PL_PLAST_13 / CS_DE_BF
Distance,H14,X,0.140,0.000,0.140,0.000,0.500,,CIR_14 - PL_PLAST_14 / CS_DE_BF
Distance,DP_11,X,-18.117,-17.377,-0.740,,,,PNT_BOTTOM_11 - PL_INS_11 / CS_11
Distance,DP_12,X,-18.910,-17.386,-1.524,,,,PNT_BOTTOM_12 - PL_INS_12 / CS_12
Distance,DP_13,X,-17.094,-17.763,0.668,,,,PNT_BOTTOM_13 - PL_INS_13 / CS_13
Distance,DP_14,X,-18.779,-17.530,-1.249,,,,PNT_BOTTOM_14 - PL_INS_14 / CS_14
Distance,WIDTH_TB.1,D1,3.044,3.000,0.044,-0.150,0.150,,0W2.25.1 - IW2.25.1 / CS_DE_BF_ROT_TOL
Distance,WIDTH_TB.2,D1,3.012,3.000,0.012,-0.150,0.150,,0W2.25.2 - IW2.25.2 / CS_DE_BF_ROT_TOL
Distance,WIDTH_TB.3,D1,3.073,3.000,0.073,-0.150,0.150,,0W2.25.3 - IW2.25.3 / CS_DE_BF_ROT_TOL
Distance,WIDTH_TB.4,D1,3.023,3.000,0.023,-0.150,0.150,,0W2.25.4 - IW2.25.4 / CS_DE_BF_ROT_TOL
Distance,WIDTH_TB.5,D1,3.104,3.000,0.104,-0.150,0.150,,0W2.25.5 - IW2.25.5 / CS_DE_BF_ROT_TOL
Distance,WIDTH_TB.6,D1,3.097,3.000,0.097,-0.150,0.150,,0W2.25.6 - IW2.25.6 / CS_DE_BF_ROT_TOL
Distance,WIDTH_TB.7,D1,3.116,3.000,0.116,-0.150,0.150,,0W2.25.7 - IW2.25.7 / CS_DE_BF_ROT_TOL
Distance,WIDTH_TB.8,D1,3.019,3.000,0.019,-0.150,0.150,,0W2.25.8 - IW2.25.8 / CS_DE_BF_ROT_TOL
Distance,DEPTH_TB.1,D1,4.472,4.500,-0.028,-0.250,0.250,,TB_DP.1 - PL_D / CS_DE_BF_ROT_TOL
Distance,DEPTH_TB.2,D1,4.464,4.500,-0.036,-0.250,0.250,,TB_DP.2 - PL_D / CS_DE_BF_ROT_TOL
Distance,DEPTH_TB.3,D1,4.367,4.500,-0.133,-0.250,0.250,,TB_DP.3 - PL_D / CS_DE_BF_ROT_TOL
Distance,DEPTH_TB.4,D1,4.403,4.500,-0.097,-0.250,0.250,,TB_DP.4 - PL_D / CS_DE_BF_ROT_TOL
Distance,DEPTH_TB.5,D1,4.359,4.500,-0.141,-0.250,0.250,,TB_DP.5 - PL_D / CS_DE_BF_ROT_TOL
Distance,DEPTH_TB.6,D1,4.343,4.500,-0.157,-0.250,0.250,,TB_DP.6 - PL_D / CS_DE_BF_ROT_TOL
Distance,DEPTH_TB.7,D1,4.481,4.500,-0.019,-0.250,0.250,,TB_DP.7 - PL_D / CS_DE_BF_ROT_TOL
Distance,DEPTH_TB.8,D1,4.495,4.500,-0.005,-0.250,0.250,,TB_DP.8 - PL_D / CS_DE_BF_ROT_TOL
Circle,CIR_15,DIAM,18.079,18.000,0.079,-0.250,0.250,,Criterion : Least Square (From 8 Pts On PL_PLAST_15) 
Circle,CIR_15,Y,110.903,111.000,-0.097,,,,
Circle,CIR_15,Z,-151.436,-150.500,-0.936,,,,
Circle,CIR_16,DIAM,18.191,18.000,0.191,-0.250,0.250,,Criterion : Least Square (From 8 Pts On PL_PLAST_16) 
Circle,CIR_16,Y,110.521,111.000,-0.479,,,,
Circle,CIR_16,Z,151.402,151.500,-0.098,,,,
Circle,CIR_17,DIAM,6.130,6.500,-0.370,-0.200,0.200,-0.170,Criterion : Least Square (From 6 Pts On PL_PLAST_17) 
Circle,CIR_17,X,-112.248,-112.600,0.352,,,,
Circle,CIR_17,Z,151.393,151.500,-0.107,,,,
Circle,CIR_18,DIAM,5.093,5.000,0.093,-0.200,0.200,,Criterion : Least Square (From 6 Pts On PL_PLAST_18_19) 
Circle,CIR_18,X,-233.779,-234.500,0.721,,,,
Circle,CIR_18,Y,58.777,58.500,0.277,,,,
Circle,CIR_18,Z,38.205,38.100,0.105,,,,
Circle,CIR_19,DIAM,6.600,6.500,0.100,-0.200,0.200,,Criterion : Least Square (From 6 Pts On PL_PLAST_18_19) 
Circle,CIR_19,X,-233.991,-234.500,0.509,,,,
Circle,CIR_19,Y,71.305,71.000,0.305,,,,
Circle,CIR_19,Z,38.338,38.100,0.238,,,,
Circle,CIR_20,DIAM,6.483,6.500,-0.017,-0.200,0.200,,Criterion : Least Square (From 6 Pts On PL_PLAST_20) 
Circle,CIR_20,X,-158.360,-158.500,0.140,,,,
Circle,CIR_20,Z,-123.141,-123.900,0.759,,,,
Circle,CIR_21,DIAM,6.510,6.500,0.010,-0.200,0.200,,Criterion : Least Square (From 6 Pts On PL_PLAST_21_22) 
Circle,CIR_21,X,-251.699,-251.700,0.001,,,,
Circle,CIR_21,Z,-38.780,-39.000,0.220,,,,
Circle,CIR_22,DIAM,4.930,5.000,-0.070,-0.200,0.200,,Criterion : Least Square (From 6 Pts On PL_PLAST_21_22) 
Circle,CIR_22,X,0.000,0.000,0.000,,,,
Circle,CIR_22,Z,-12.501,-12.500,-0.001,,,,
Circle,CIR_23,DIAM,6.500,6.500,-0.000,-0.200,0.200,,Criterion : Least Square (From 6 Pts On PL_PLAST_23_24) 
Circle,CIR_23,X,-31.241,-31.600,0.359,,,,
Circle,CIR_23,Z,-90.710,-91.500,0.790,,,,
Circle,CIR_24,DIAM,4.938,5.000,-0.062,-0.200,0.200,,Criterion : Least Square (From 6 Pts On PL_PLAST_23_24) 
Circle,CIR_24,X,12.688,12.500,0.188,,,,
Circle,CIR_24,Z,0.000,0.000,0.000,,,,
Circle,CIR_25,DIAM,6.580,6.500,0.080,-0.200,0.200,,Criterion : Least Square (From 6 Pts On PL_PLAST_25) 
Circle,CIR_25,Y,110.974,111.000,-0.026,,,,
Circle,CIR_25,Z,-106.225,-105.500,-0.725,,,,
Circle,CIR_26,DIAM,6.499,6.500,-0.001,-0.200,0.200,,Criterion : Least Square (From 6 Pts On PL_PLAST_26) 
Circle,CIR_26,Y,97.638,98.000,-0.362,,,,
Circle,CIR_26,Z,194.274,194.500,-0.226,,,,
Pos. Tol.,POS_B,PTOL,0.171,0.000,0.171,0.200,0.500,,CIR_B(M)/NOMINAL - CS_ABC_BF_SURFACE - C-Zone - XZ - Nominal
Distance,DIM_X_C,D1,184.693,184.993,-0.300,,,,PNT_C - ORIGIN / CS_ABC_BF_SURFACE
Distance,DIM_X_C,D2,,,,,,,
Distance,DIM_X_C,X,-0.060,0.000,-0.060,-0.150,0.150,,
Distance,DIM_X_C,Y,0.000,-0.000,0.000,,,,
Distance,DIM_X_C,Z,184.693,184.993,-0.300,,,,
Distance,DIM_Z_C,D1,184.693,184.993,-0.300,,,,PNT_C - ORIGIN / CS_ABC_BF
Distance,DIM_Z_C,D2,,,,,,,
Distance,DIM_Z_C,X,-0.060,0.000,-0.060,,,,
Distance,DIM_Z_C,Y,0.000,-0.000,0.000,,,,
Distance,DIM_Z_C,Z,184.693,185.000,-0.307,-0.350,0.350,,
Pos. Tol.,POS_1,PTOL,0.611,0.000,0.611,0.000,1.000,,CIR_1/NOMINAL - CS_ABC_BF_SURFACE - C-Zone - XZ - Nominal
Pos. Tol.,POS_2,PTOL,0.289,0.000,0.289,0.000,1.000,,CIR_2/NOMINAL - CS_ABC_BF_SURFACE - C-Zone - XZ - Nominal
Pos. Tol.,POS_3,PTOL,0.083,0.000,0.083,0.000,1.000,,CIR_3/NOMINAL - CS_ABC_BF_SURFACE - C-Zone - XZ - Nominal
Pos. Tol.,POS_4,PTOL,0.185,0.000,0.185,0.000,1.000,,CIR_4/NOMINAL - CS_ABC_BF_SURFACE - C-Zone - XZ - Nominal
Pos. Tol.,POS_5,PTOL,0.377,0.000,0.377,0.000,1.000,,CIR_5/NOMINAL - CS_ABC_BF_SURFACE - C-Zone - XZ - Nominal
Pos. Tol.,POS_6,PTOL,0.037,0.000,0.037,0.000,1.000,,CIR_6/NOMINAL - CS_ABC_BF_SURFACE - C-Zone - XZ - Nominal
Pos. Tol.,POS_7,PTOL,1.284,0.000,1.284,0.000,3.000,,CIR_7/NOMINAL - CS_ABC_BF_SURFACE - C-Zone - XYZ - Nominal
Pos. Tol.,POS_8,PTOL,1.324,0.000,1.324,0.000,3.000,,CIR_8/NOMINAL - CS_ABC_BF_SURFACE - C-Zone - XZ - Nominal
Pos. Tol.,POS_9,PTOL,2.155,0.000,2.155,0.000,3.000,,CIR_9_5.5MM/NOMINAL - CS_ABC_BF_SURFACE - C-Zone - XYZ - Nominal
Pos. Tol.,POS_10,PTOL,1.285,0.000,1.285,0.000,4.000,,CIR_10/NOMINAL - CS_ABC_BF_SURFACE - C-Zone - XYZ - Nominal
Pos. Tol.,POS_11,PTOL,1.314,0.000,1.314,0.000,4.000,,CIR_11/NOMINAL - CS_ABC_BF_SURFACE - C-Zone - XYZ - Nominal
Pos. Tol.,POS_12,PTOL,2.137,0.000,2.137,0.000,4.000,,CIR_12/NOMINAL - CS_ABC_BF_SURFACE - C-Zone - XYZ - Nominal
Pos. Tol.,POS_13,PTOL,1.415,0.000,1.415,0.000,4.000,,CIR_13/NOMINAL - CS_ABC_BF_SURFACE - C-Zone - XYZ - Nominal
Pos. Tol.,POS_14,PTOL,1.206,0.000,1.206,0.000,4.000,,CIR_14/NOMINAL - CS_ABC_BF_SURFACE - C-Zone - XYZ - Nominal
Pos. Tol.,POS_2D_11,PTOL,0.247,0.000,0.247,0.000,0.650,,2D_CIR_11/NOMINAL - CS_DE_BF - C-Zone - YZ - Nominal
Pos. Tol.,POS_2D_12,PTOL,0.445,0.000,0.445,0.000,0.650,,2D_CIR_12/NOMINAL - CS_DE_BF - C-Zone - YZ - Nominal
Pos. Tol.,POS_2D_13,PTOL,0.246,0.000,0.246,0.000,0.650,,2D_CIR_13/NOMINAL - CS_DE_BF - C-Zone - YZ - Nominal
Pos. Tol.,POS_2D_14,PTOL,0.634,0.000,0.634,0.000,0.650,,2D_CIR_14/NOMINAL - CS_DE_BF - C-Zone - YZ - Nominal
Pos. Tol.,POS_15,PTOL,1.881,0.000,1.881,0.000,4.000,,CIR_15/NOMINAL - CS_ABC_BF_SURFACE - C-Zone - YZ - Nominal
Pos. Tol.,POS_16,PTOL,0.978,0.000,0.978,0.000,4.000,,CIR_16/NOMINAL - CS_ABC_BF_SURFACE - C-Zone - YZ - Nominal
Pos. Tol.,POS_17,PTOL,0.736,0.000,0.736,0.000,3.000,,CIR_17/NOMINAL - CS_ABC_BF_SURFACE - C-Zone - XZ - Nominal
Pos. Tol.,POS_18,PTOL,1.558,0.000,1.558,0.000,3.000,,CIR_18/NOMINAL - CS_ABC_BF_SURFACE - C-Zone - XYZ - Nominal
Pos. Tol.,POS_19,PTOL,1.278,0.000,1.278,0.000,3.000,,CIR_19/NOMINAL - CS_ABC_BF_SURFACE - C-Zone - XYZ - Nominal
Pos. Tol.,POS_20,PTOL,1.543,0.000,1.543,0.000,3.000,,CIR_20/NOMINAL - CS_ABC_BF_SURFACE - C-Zone - XZ - Nominal
Pos. Tol.,POS_21,PTOL,0.440,0.000,0.440,0.000,3.000,,CIR_21/NOMINAL - CS_ABC_BF_SURFACE - C-Zone - XZ - Nominal
Pos. Tol.,POS_22,PTOL,0.002,0.000,0.002,0.000,3.000,,CIR_22/NOMINAL - CS_21_22 - C-Zone - XZ - Nominal
Pos. Tol.,POS_23,PTOL,1.735,0.000,1.735,0.000,3.000,,CIR_23/NOMINAL - CS_ABC_BF_SURFACE - C-Zone - XZ - Nominal
Pos. Tol.,POS_24,PTOL,0.375,0.000,0.375,0.000,3.000,,CIR_24/NOMINAL - CS_23_24 - C-Zone - XZ - Nominal
Pos. Tol.,POS_25,PTOL,1.450,0.000,1.450,0.000,3.000,,CIR_25/NOMINAL - CS_ABC_BF_SURFACE - C-Zone - YZ - Nominal
Pos. Tol.,POS_26,PTOL,1.012,0.000,1.012,0.000,3.000,,CIR_26/NOMINAL - CS_ABC_BF_SURFACE - C-Zone - XZ - Nominal
Distance,PROF_15,X,62.567,62.200,0.367,-2.000,2.000,,CIR_15 - ORIGIN / CS_ABC_BF_SURFACE
Distance,PROF_16,X,62.633,62.190,0.443,-2.000,2.000,,CIR_16 - ORIGIN / CS_ABC_BF_SURFACE
Distance,PROF_17,Y,155.035,156.000,-0.965,-1.500,1.500,,CIR_17 - ORIGIN / CS_ABC_BF_SURFACE
Distance,PROF_20,Y,138.364,139.000,-0.636,-1.500,1.500,,CIR_20 - ORIGIN / CS_ABC_BF_SURFACE
Distance,PROF_21,Y,128.822,129.000,-0.178,-1.500,1.500,,CIR_21 - ORIGIN / CS_ABC_BF_SURFACE
Distance,PROF_22,Y,128.889,128.432,0.457,-1.500,1.500,,CIR_22 - ORIGIN / CS_ABC_BF_SURFACE
Distance,PROF_23,Y,177.108,177.500,-0.392,-1.500,1.500,,CIR_23 - ORIGIN / CS_ABC_BF_SURFACE
Distance,PROF_24,Y,177.101,177.622,-0.521,-1.500,1.500,,CIR_24 - ORIGIN / CS_ABC_BF_SURFACE
Distance,PROF_25,X,49.432,49.400,0.032,-1.500,1.500,,CIR_25 - ORIGIN / CS_ABC_BF_SURFACE
Distance,PROF_26,Y,97.638,98.000,-0.362,-1.500,1.500,,CIR_26 - ORIGIN / CS_ABC_BF_SURFACE
Angle,ANG_SPIN_WELD,ZoX,-0.689,0.000,-0.689,-1.000,1.000,,CYL_7 - Z-AXIS / CS_ABC_BF_SURFACE
Profile of Line,OP1_PROF_INSIDE_PORT,PRFL,0.923,0.000,0.923,0.000,1.000,,OP1_SRF_IN_PORT
Profile of Line,OP2_PROF_INSIDE_PORT,PRFL,0.725,0.000,0.725,0.000,1.000,,OP2_SRF_IN_PORT
Profile of Line,OP3_PROF_INSIDE_PORT,PRFL,1.255,0.000,1.255,0.000,1.000,0.255,OP3_SRF_IN_PORT
Profile of Line,OP4_PROF_INSIDE_PORT,PRFL,0.942,0.000,0.942,0.000,1.000,,OP4_SRF_IN_PORT
Distance,WIDTH_C,D1,7.155,7.000,0.155,0.000,0.200,,SRF_PT_C_LH - SRF_PT_C_RH / CS_ABC_BF_SURFACE
