Feat. Type,Feat. Name,Value,Actual,Nominal,Dev.,Tol-,Tol+,Out of Tol.,Comment
Text/Value,VAR_PROGRAM,VAL,,,,,,,'N:\Metrolog XG\Programmes\D-33 RWD\D33 RWD Crush Rib (Module 44).gm2'
Text/Value,VAR_EVENEMENT,VAL,,,,,,,'FIP 06054 NID 2'
Text/Value,VAR_COMMENTAIRES,VAL,,,,,,,'289C'
Circle,CIR_31_TOP,X,230.378,230.300,0.078,,,,Criterion : Least Square (From 8 Pts On PL_PLAST_TOP_31) 
Circle,CIR_31_TOP,Z,-30.296,-30.200,-0.096,,,,
Pos. Tol.,POS_31_TOP,PTOL,0.247,0.000,0.247,0.000,2.000,,CIR_31_TOP/NOMINAL - CS_ABC_BF - C-Zone - XZ - Nominal
Distance,PLASTIC_HEIGHT_31,D1,99.935,100.600,-0.665,,,,CIR_31_TOP - CIR_31_FL / CS_ABC_BF
Circle,CIR_32_TOP,X,124.640,124.300,0.340,,,,Criterion : Least Square (From 8 Pts On PL_PLAST_TOP_32) 
Circle,CIR_32_TOP,Z,-30.728,-30.200,-0.528,,,,
Pos. Tol.,POS_32_TOP,PTOL,1.256,0.000,1.256,0.000,2.000,,CIR_32_TOP/NOMINAL - CS_ABC_BF - C-Zone - XZ - Nominal
Distance,PLASTIC_HEIGHT_32,D1,100.210,100.600,-0.390,,,,CIR_32_TOP - CIR_32_FL / CS_ABC_BF
