Feat. Type,Feat. Name,Value,Actual,Nominal,Dev.,Tol-,Tol+,Out of Tol.,Comment
Text/Value,VAR_PROGRAM,VAL,,,,,,,'N:\Metrolog XG\Programmes\D-37\D-37 Hauteur Plastic Crush Rib Module 44.gm2'
Text/Value,VAR_EVENEMENT,VAL,,,,,,,'Demarage'
Text/Value,VAR_COMMENTAIRES,VAL,,,,,,,'291B'
Circle,CIR_3_FL,X,124.107,124.294,-0.187,,,,Criterion : Least Square (From 6 Pts On PL_PLAST_FL_3) 
Circle,CIR_3_FL,Z,-30.243,-30.147,-0.096,,,,
Pos. Tol.,POS_3_FLANGE,PTOL,0.421,0.000,0.421,0.000,1.000,,CIR_3_FL/NOMINAL - CS_ABC - C-Zone - XZ - Nominal
Circle,CIR_3_TOP,X,124.246,124.294,-0.048,,,,Criterion : Least Square (From 6 Pts On PL_PLAST_TOP_3) 
Circle,CIR_3_TOP,Z,-30.714,-30.147,-0.567,,,,
Pos. Tol.,POS_3_TOP,PTOL,1.138,0.000,1.138,0.000,2.000,,CIR_3_TOP/NOMINAL - CS_ABC - C-Zone - XZ - Nominal
Distance,PLASTIC_HEIGHT,D1,100.382,100.600,-0.218,-0.300,0.300,,CIR_3_FL - CIR_3_TOP / CS_ABC
