Feat. Type,Feat. Name,Value,Actual,Nominal,Dev.,Tol-,Tol+,Out of Tol.,Comment
Text/Value,VAR_PROGRAM,VAL,,,,,,,'N:\Metrolog XG\Programmes\Corvette LT1\Corvette LT1 Free State Boss Height (Module 44).gm2'
Text/Value,VAR_EVENEMENT,VAL,,,,,,,'Demarrage '
Text/Value,VAR_COMMENTAIRES,VAL,,,,,,,'275 A'
Flatness,FLAT_DATUM_A,FLTN,0.381,0.000,0.381,0.000,2.000,,PL_DATUM_A
Flatness,FLAT_DATUM_B,FLTN,0.396,0.000,0.396,0.000,2.000,,PL_DATUM_B
Text/Value,H_PLASTIC_1,VAL,145.498742,145.620000,-0.121258,-0.375000,0.375000,,
Text/Value,H_PLASTIC_2,VAL,145.497721,145.620000,-0.122279,-0.375000,0.375000,,
Text/Value,H_PLASTIC_3,VAL,145.585529,145.620000,-0.034471,-0.375000,0.375000,,
Text/Value,H_PLASTIC_4,VAL,145.486616,145.620000,-0.133384,-0.375000,0.375000,,
Text/Value,H_PLASTIC_5,VAL,145.525046,145.620000,-0.094954,-0.375000,0.375000,,
Text/Value,H_PLASTIC_6,VAL,145.391799,145.620000,-0.228201,-0.375000,0.375000,,
Text/Value,H_PLASTIC_7,VAL,145.352257,145.620000,-0.267743,-0.375000,0.375000,,
Text/Value,H_PLASTIC_8,VAL,145.475524,145.620000,-0.144476,-0.375000,0.375000,,
Text/Value,H_PLASTIC_9,VAL,145.321897,145.620000,-0.298103,-0.375000,0.375000,,
Text/Value,H_PLASTIC_10,VAL,145.589608,145.620000,-0.030392,-0.375000,0.375000,,
