Feat. Type,Feat. Name,Value,Actual,Nominal,Dev.,Tol-,Tol+,Out of Tol.,Comment
Text/Value,VAR_PROGRAM,VAL,,,,,,,'N:\Metrolog XG\Programmes\V10 6.8L Triton\V10 6.8L Triton Complete Module 51.gm2'
Text/Value,VAR_EVENEMENT,VAL,,,,,,,'Dem S09 Spacer'
Text/Value,VAR_COMMENTAIRES,VAL,,,,,,,'292 C'
Circle,CIR_1,DIAM,8.043,8.000,0.043,-0.100,0.100,,Criterion : Least Square (From 6 Pts On PL_FIXTURE) 
Circle,CIR_1,X,0.171,0.000,0.171,,,,
Circle,CIR_1,Y,-0.194,0.000,-0.194,,,,
Circle,CIR_2,DIAM,8.033,8.000,0.033,-0.100,0.100,,Criterion : Least Square (From 8 Pts On PL_FIXTURE) 
Circle,CIR_2,X,-27.815,-28.000,0.185,,,,
Circle,CIR_2,Y,-100.049,-100.000,-0.049,,,,
Circle,CIR_3,DIAM,8.083,8.000,0.083,-0.100,0.100,,Criterion : Least Square (From 6 Pts On PL_FIXTURE) 
Circle,CIR_3,X,0.124,0.000,0.124,,,,
Circle,CIR_3,Y,-200.055,-200.000,-0.055,,,,
Circle,CIR_4,DIAM,8.067,8.000,0.067,-0.100,0.100,,Criterion : Least Square (From 6 Pts On PL_FIXTURE) 
Circle,CIR_4,X,-27.899,-28.000,0.101,,,,
Circle,CIR_4,Y,-300.064,-300.000,-0.064,,,,
Circle,CIR_5,DIAM,8.037,8.000,0.037,-0.100,0.100,,Criterion : Least Square (From 6 Pts On PL_FIXTURE) 
Circle,CIR_5,X,0.199,0.000,0.199,,,,
Circle,CIR_5,Y,-400.039,-400.000,-0.039,,,,
Circle,CIR_6,DIAM,8.076,8.000,0.076,-0.100,0.100,,Criterion : Least Square (From 6 Pts On PL_FIXTURE) 
Circle,CIR_6,X,-25.625,-26.000,0.375,,,,
Circle,CIR_6,Y,-498.609,-498.400,-0.209,,,,
Circle,CIR_7,DIAM,8.009,8.000,0.009,-0.100,0.100,,Criterion : Least Square (From 6 Pts On PL_FIXTURE) 
Circle,CIR_7,X,-362.816,-362.900,0.084,,,,
Circle,CIR_7,Y,-525.175,-525.100,-0.075,,,,
Circle,CIR_8,DIAM,8.037,8.000,0.037,-0.100,0.100,,Criterion : Least Square (From 6 Pts On PL_FIXTURE) 
Circle,CIR_8,X,-390.744,-390.565,-0.179,,,,
Circle,CIR_8,Y,-423.806,-424.000,0.194,,,,
Circle,CIR_9,DIAM,8.054,8.000,0.054,-0.100,0.100,,Criterion : Least Square (From 6 Pts On PL_FIXTURE) 
Circle,CIR_9,X,-362.504,-362.600,0.096,,,,
Circle,CIR_9,Y,-323.786,-324.000,0.214,,,,
Circle,CIR_10,DIAM,8.030,8.000,0.030,-0.100,0.100,,Criterion : Least Square (From 6 Pts On PL_FIXTURE) 
Circle,CIR_10,X,-390.861,-390.600,-0.261,,,,
Circle,CIR_10,Y,-223.910,-224.000,0.090,,,,
Circle,CIR_11,DIAM,8.037,8.000,0.037,-0.100,0.100,,Criterion : Least Square (From 6 Pts On PL_FIXTURE) 
Circle,CIR_11,X,-362.988,-362.600,-0.388,,,,
Circle,CIR_11,Y,-125.369,-125.600,0.231,,,,
Circle,CIR_12,DIAM,8.030,8.000,0.030,-0.100,0.100,,Criterion : Least Square (From 6 Pts On PL_FIXTURE) 
Circle,CIR_12,X,-391.106,-390.600,-0.506,,,,
Circle,CIR_12,Y,-25.644,-25.600,-0.044,,,,
Pos. Tol.,POS_1,PTOL,0.517,0.000,0.517,0.143,1.343,,CIR_1(M)/NOMINAL - CS_ABC_BF - C-Zone - XY - Nominal
Pos. Tol.,POS_2,PTOL,0.382,0.000,0.382,0.133,1.333,,CIR_2(M)/NOMINAL - CS_ABC_BF - C-Zone - XY - Nominal
Pos. Tol.,POS_3,PTOL,0.271,0.000,0.271,0.183,1.383,,CIR_3(M)/NOMINAL - CS_ABC_BF - C-Zone - XY - Nominal
Pos. Tol.,POS_4,PTOL,0.238,0.000,0.238,0.167,1.367,,CIR_4(M)/NOMINAL - CS_ABC_BF - C-Zone - XY - Nominal
Pos. Tol.,POS_5,PTOL,0.406,0.000,0.406,0.137,1.337,,CIR_5(M)/NOMINAL - CS_ABC_BF - C-Zone - XY - Nominal
Pos. Tol.,POS_6,PTOL,0.860,0.000,0.860,0.176,1.376,,CIR_6(M)/NOMINAL - CS_ABC_BF - C-Zone - XY - Nominal
Pos. Tol.,POS_7,PTOL,0.225,0.000,0.225,0.109,1.309,,CIR_7(M)/NOMINAL - CS_ABC_BF - C-Zone - XY - Nominal
Pos. Tol.,POS_8,PTOL,0.528,0.000,0.528,0.137,1.337,,CIR_8(M)/NOMINAL - CS_ABC_BF - C-Zone - XY - Nominal
Pos. Tol.,POS_9,PTOL,0.469,0.000,0.469,0.154,1.354,,CIR_9(M)/NOMINAL - CS_ABC_BF - C-Zone - XY - Nominal
Pos. Tol.,POS_10,PTOL,0.551,0.000,0.551,0.130,1.330,,CIR_10(M)/NOMINAL - CS_ABC_BF - C-Zone - XY - Nominal
Pos. Tol.,POS_11,PTOL,0.904,0.000,0.904,0.137,1.337,,CIR_11(M)/NOMINAL - CS_ABC_BF - C-Zone - XY - Nominal
Pos. Tol.,POS_12,PTOL,1.016,0.000,1.016,0.130,1.330,,CIR_12(M)/NOMINAL - CS_ABC_BF - C-Zone - XY - Nominal
Pos. Tol.,POS_13,PTOL,0.181,0.000,0.181,0.038,0.838,,PNT_INJ_13(M)/NOMINAL(M) - CS_A_12_8_BF - C-Zone - XY - Nominal
Pos. Tol.,POS_14,PTOL,0.560,0.000,0.560,0.175,0.975,,PNT_INJ_14(M)/NOMINAL(M) - CS_A_12_8_BF - C-Zone - XY - Nominal
Pos. Tol.,POS_15,PTOL,0.424,0.000,0.424,0.143,0.943,,PNT_INJ_15(M)/NOMINAL(M) - CS_A_12_8_BF - C-Zone - XY - Nominal
Pos. Tol.,POS_16,PTOL,0.745,0.000,0.745,0.136,0.936,,PNT_INJ_16(M)/NOMINAL(M) - CS_A_12_8_BF - C-Zone - XY - Nominal
Pos. Tol.,POS_17,PTOL,0.591,0.000,0.591,0.135,0.935,,PNT_INJ_17(M)/NOMINAL(M) - CS_A_12_8_BF - C-Zone - XY - Nominal
Pos. Tol.,POS_18,PTOL,0.542,0.000,0.542,0.123,0.923,,PNT_INJ_18(M)/NOMINAL(M) - CS_AB_BF_1_6 - C-Zone - XY - Nominal
Pos. Tol.,POS_19,PTOL,0.336,0.000,0.336,0.081,0.881,,PNT_INJ_19(M)/NOMINAL(M) - CS_AB_BF_1_6 - C-Zone - XY - Nominal
Pos. Tol.,POS_20,PTOL,0.121,0.000,0.121,0.120,0.920,,PNT_INJ_20(M)/NOMINAL(M) - CS_AB_BF_1_6 - C-Zone - XY - Nominal
Pos. Tol.,POS_21,PTOL,0.357,0.000,0.357,0.132,0.932,,PNT_INJ_21(M)/NOMINAL(M) - CS_AB_BF_1_6 - C-Zone - XY - Nominal
Pos. Tol.,POS_22,PTOL,0.491,0.000,0.491,0.128,0.928,,PNT_INJ_22(M)/NOMINAL(M) - CS_AB_BF_1_6 - C-Zone - XY - Nominal
Pos. Tol.,POS_23,PTOL,0.049,0.000,0.049,0.000,1.200,,CIR_23/NOMINAL - CS_AJ_BF - C-Zone - YZ - Nominal
Pos. Tol.,POS_24,PTOL,0.726,0.000,0.726,0.000,1.200,,CIR_24/NOMINAL - CS_AJ_BF - C-Zone - YZ - Nominal
Pos. Tol.,POS_25,PTOL,0.694,0.000,0.694,0.000,1.200,,CIR_25/NOMINAL - CS_AJ_BF - C-Zone - YZ - Nominal
Pos. Tol.,POS_26,PTOL,0.761,0.000,0.761,0.000,1.200,,CIR_26/NOMINAL - CS_AK_BF - C-Zone - YZ - Nominal
Pos. Tol.,POS_27,PTOL,0.375,0.000,0.375,0.000,1.200,,CIR_27/NOMINAL - CS_AK_BF - C-Zone - YZ - Nominal
Pos. Tol.,POS_28,PTOL,0.693,0.000,0.693,0.000,1.200,,CIR_28/NOMINAL - CS_AK_BF - C-Zone - YZ - Nominal
Pos. Tol.,POS_37,PTOL,0.010,0.000,0.010,0.000,3.000,,CIR_37/NOMINAL - CS_AL_BF - C-Zone - XZ - Nominal
Pos. Tol.,POS_38,PTOL,0.924,0.000,0.924,0.000,3.000,,CIR_38/NOMINAL - CS_AL_BF - C-Zone - XZ - Nominal
Pos. Tol.,POS_39,PTOL,1.560,0.000,1.560,0.000,3.000,,CIR_39/NOMINAL - CS_AL_BF - C-Zone - XZ - Nominal
Pos. Tol.,POS_2D_37,PTOL,0.407,0.000,0.407,0.000,0.800,,2D_CIR_37/NOMINAL - CS_37_38_39_BF - C-Zone - XZ - Nominal
Pos. Tol.,POS_2D_38,PTOL,0.433,0.000,0.433,0.000,0.800,,2D_CIR_38/NOMINAL - CS_37_38_39_BF - C-Zone - XZ - Nominal
Pos. Tol.,POS_2D_39,PTOL,0.199,0.000,0.199,0.000,0.800,,2D_CIR_39/NOMINAL - CS_37_38_39_BF - C-Zone - XZ - Nominal
Pos. Tol.,POS_DATUM_E,PTOL,1.808,0.000,1.808,0.000,5.000,,CIR_29/NOMINAL - CS_ABC_BF - C-Zone - XY - Nominal
Pos. Tol.,POS_DATUM_F,PTOL,1.514,0.000,1.514,0.000,5.000,,PNT_30/NOMINAL - CS_ABC_BF - C-Zone - XY - Nominal
Pos. Tol.,POS_31,PTOL,1.492,0.000,1.492,0.000,5.000,,CIR_31/NOMINAL - CS_ABC_BF - C-Zone - XY - Nominal
Pos. Tol.,POS_32,PTOL,1.457,0.000,1.457,0.000,5.000,,CIR_32/NOMINAL - CS_ABC_BF - C-Zone - XY - Nominal
Pos. Tol.,POS_33,PTOL,1.760,0.000,1.760,0.000,5.000,,CIR_33/NOMINAL - CS_ABC_BF - C-Zone - XY - Nominal
Pos. Tol.,POS_34,PTOL,1.698,0.000,1.698,0.000,5.000,,CIR_34/NOMINAL - CS_ABC_BF - C-Zone - XY - Nominal
Pos. Tol.,POS_35,PTOL,0.988,0.000,0.988,0.000,5.000,,CIR_35/NOMINAL - CS_ABC_BF - C-Zone - XY - Nominal
Pos. Tol.,POS_36,PTOL,0.931,0.000,0.931,0.000,5.000,,CIR_36/NOMINAL - CS_ABC_BF - C-Zone - XY - Nominal
Pos. Tol.,POS_2D_31,PTOL,0.237,0.000,0.237,0.000,0.800,,2D_CIR_31/NOMINAL - CS_DEF_BF_ALL - C-Zone - XY - Nominal
Pos. Tol.,POS_2D_32,PTOL,0.316,0.000,0.316,0.000,0.800,,2D_CIR_32/NOMINAL - CS_DEF_BF_ALL - C-Zone - XY - Nominal
Pos. Tol.,POS_2D_33,PTOL,0.241,0.000,0.241,0.000,0.800,,2D_CIR_33/NOMINAL - CS_DEF_BF_ALL - C-Zone - XY - Nominal
Pos. Tol.,POS_2D_34,PTOL,0.154,0.000,0.154,0.000,0.800,,2D_CIR_34/NOMINAL - CS_DEF_BF_ALL - C-Zone - XY - Nominal
Pos. Tol.,POS_2D_35,PTOL,0.589,0.000,0.589,0.000,0.800,,2D_CIR_35/NOMINAL - CS_DEF_BF_ALL - C-Zone - XY - Nominal
Pos. Tol.,POS_2D_36,PTOL,0.596,0.000,0.596,0.000,0.800,,Modifier Tolerance a 1.2 selon derogation D10-0102
Pos. Tol.,POS_42,PTOL,1.441,0.000,1.441,0.000,5.000,,CIR_42/NOMINAL - CS_ABC_BF - C-Zone - XY - Nominal
Pos. Tol.,POS_44,PTOL,3.170,0.000,3.170,0.000,5.000,,CIR_44/NOMINAL - CS_ABC_BF - C-Zone - XY - Nominal
Pos. Tol.,POS_47,PTOL,1.387,0.000,1.387,0.000,5.000,,CIR_47/NOMINAL - CS_ABC_BF - C-Zone - XZ - Nominal
Pos. Tol.,POS_48,PTOL,1.727,0.000,1.727,0.000,5.000,,CIR_48/NOMINAL - CS_ABC_BF - C-Zone - XZ - Nominal
Pos. Tol.,POS_49,PTOL,1.113,0.000,1.113,0.000,5.000,,CIR_49/NOMINAL - CS_ABC_BF - C-Zone - XZ - Nominal
Pos. Tol.,POS_62,PTOL,2.231,0.000,2.231,0.000,5.000,,CIR_62/NOMINAL - CS_ABC_BF - C-Zone - XY - Nominal
Pos. Tol.,POS_2D_48,PTOL,0.420,0.000,0.420,0.000,0.800,,2D_CIR_48/NOMINAL - CS_47_48_49 - C-Zone - XZ - Nominal
Pos. Tol.,POS_2D_49,PTOL,0.492,0.000,0.492,0.000,0.800,,2D_CIR_49/NOMINAL - CS_47_48_49 - C-Zone - XZ - Nominal
Circle,CIR_GAGE_INJ_13,DIAM,13.938,14.000,-0.062,-0.100,0.100,,Criterion : Least Square (From 10 Pts On AUTO) 
Circle,CIR_GAGE_INJ_14,DIAM,14.075,14.000,0.075,-0.100,0.100,,Criterion : Least Square (From 10 Pts On AUTO) 
Circle,CIR_GAGE_INJ_15,DIAM,14.043,14.000,0.043,-0.100,0.100,,Criterion : Least Square (From 10 Pts On AUTO) 
Circle,CIR_GAGE_INJ_16,DIAM,14.036,14.000,0.036,-0.100,0.100,,Criterion : Least Square (From 10 Pts On AUTO) 
Circle,CIR_GAGE_INJ_17,DIAM,14.035,14.000,0.035,-0.100,0.100,,Criterion : Least Square (From 10 Pts On AUTO) 
Circle,CIR_GAGE_INJ_18,DIAM,14.023,14.000,0.023,-0.100,0.100,,Criterion : Least Square (From 10 Pts On AUTO) 
Circle,CIR_GAGE_INJ_19,DIAM,13.981,14.000,-0.019,-0.100,0.100,,Criterion : Least Square (From 10 Pts On AUTO) 
Circle,CIR_GAGE_INJ_20,DIAM,14.020,14.000,0.020,-0.100,0.100,,Criterion : Least Square (From 10 Pts On AUTO) 
Circle,CIR_GAGE_INJ_21,DIAM,14.032,14.000,0.032,-0.100,0.100,,Criterion : Least Square (From 10 Pts On AUTO) 
Circle,CIR_GAGE_INJ_22,DIAM,14.028,14.000,0.028,-0.100,0.100,,Criterion : Least Square (From 10 Pts On AUTO) 
Circle,CIR_23,X,-12.698,-13.100,0.402,,,,Criterion : Least Square (From 6 Pts On PL_INS_23) 
Circle,CIR_23,Y,149.990,150.000,-0.010,,,,
Circle,CIR_23,Z,54.523,54.500,0.023,,,,
Circle,CIR_25,X,-12.204,-13.100,0.896,,,,Criterion : Least Square (From 6 Pts On PL_INS_25) 
Circle,CIR_25,Y,-249.684,-250.000,0.316,,,,
Circle,CIR_25,Z,54.643,54.500,0.143,,,,
Circle,CIR_24,X,-12.833,-13.100,0.267,,,,Criterion : Least Square (From 6 Pts On PL_INS_24) 
Circle,CIR_24,Y,-49.685,-50.000,0.315,,,,
Circle,CIR_24,Z,54.318,54.500,-0.182,,,,
Circle,CIR_26,X,13.587,13.100,0.487,,,,Criterion : Least Square (From 6 Pts On PL_INS_26) 
Circle,CIR_26,Y,-250.066,-250.000,-0.066,,,,
Circle,CIR_26,Z,54.875,54.500,0.375,,,,
Circle,CIR_27,X,13.322,13.100,0.222,,,,Criterion : Least Square (From 6 Pts On PL_INS_27) 
Circle,CIR_27,Y,-49.818,-50.000,0.182,,,,
Circle,CIR_27,Z,54.453,54.500,-0.047,,,,
Circle,CIR_28,X,13.140,13.100,0.040,,,,Criterion : Least Square (From 6 Pts On PL_INS_28) 
Circle,CIR_28,Y,149.904,150.000,-0.096,,,,
Circle,CIR_28,Z,54.167,54.500,-0.333,,,,
Circle,CIR_38,X,-62.930,-62.600,-0.330,,,,Criterion : Least Square (From 6 Pts On PL_INS_38) 
Circle,CIR_38,Z,120.824,120.500,0.324,,,,
Circle,CIR_37,X,8.197,8.200,-0.003,,,,Criterion : Least Square (From 6 Pts On PL_INS_37) 
Circle,CIR_37,Z,105.996,106.000,-0.004,,,,
Circle,CIR_39,X,-76.326,-75.800,-0.526,,,,Criterion : Least Square (From 6 Pts On PL_INS_39) 
Circle,CIR_39,Z,45.975,45.400,0.575,,,,
Circle,2D_CIR_38,X,-0.203,0.000,-0.203,,,,
Circle,2D_CIR_38,Z,-0.076,0.000,-0.076,,,,
Circle,2D_CIR_37,X,71.002,70.800,0.202,,,,
Circle,2D_CIR_37,Z,-14.523,-14.500,-0.023,,,,
Circle,2D_CIR_39,X,-13.200,-13.200,0.000,,,,
Circle,2D_CIR_39,Z,-75.000,-75.100,0.100,,,,
Point,PNT_INJ_13,X,-3.243,-3.300,0.057,,,,Inters. AXIS_INJ_13 - PL_FIXTURE.
Point,PNT_INJ_13,Y,-48.329,-48.400,0.071,,,,
Point,PNT_INJ_14,X,-3.567,-3.300,-0.267,,,,Inters. AXIS_INJ_14 - PL_FIXTURE.
Point,PNT_INJ_14,Y,-148.315,-148.400,0.085,,,,
Point,PNT_INJ_15,X,-3.096,-3.300,0.204,,,,Inters. AXIS_INJ_15 - PL_FIXTURE.
Point,PNT_INJ_15,Y,-248.459,-248.400,-0.059,,,,
Point,PNT_INJ_16,X,-3.326,-3.300,-0.026,,,,Inters. AXIS_INJ_16 - PL_FIXTURE.
Point,PNT_INJ_16,Y,-348.028,-348.400,0.372,,,,
Point,PNT_INJ_17,X,-3.570,-3.300,-0.270,,,,Inters. AXIS_INJ_17 - PL_FIXTURE.
Point,PNT_INJ_17,Y,-448.521,-448.400,-0.121,,,,
Point,PNT_INJ_18,X,3.551,3.300,0.251,,,,Inters. AXIS_INJ_18 - PL_FIXTURE.
Point,PNT_INJ_18,Y,-449.897,-450.000,0.103,,,,
Point,PNT_INJ_19,X,3.422,3.300,0.122,,,,Inters. AXIS_INJ_19 - PL_FIXTURE.
Point,PNT_INJ_19,Y,-349.884,-350.000,0.116,,,,
Point,PNT_INJ_20,X,3.330,3.300,0.030,,,,Inters. AXIS_INJ_20 - PL_FIXTURE.
Point,PNT_INJ_20,Y,-250.053,-250.000,-0.053,,,,
Point,PNT_INJ_21,X,3.449,3.300,0.149,,,,Inters. AXIS_INJ_21 - PL_FIXTURE.
Point,PNT_INJ_21,Y,-150.098,-150.000,-0.098,,,,
Point,PNT_INJ_22,X,3.463,3.300,0.163,,,,Inters. AXIS_INJ_22 - PL_FIXTURE.
Point,PNT_INJ_22,Y,-49.816,-50.000,0.184,,,,
Distance,H_37,Y,0.144,0.000,0.144,,,,CIR_37 - PL_PLAST_37 / CS_37_38_39_ROT_180
Distance,H_38,Y,0.297,0.000,0.297,,,,CIR_38 - PL_PLAST_38 / CS_37_38_39_ROT_180
Distance,H_39,Y,0.348,0.000,0.348,,,,CIR_39 - PL_PLAST_39 / CS_37_38_39_ROT_180
Distance,H_35,Z,0.211,-0.000,0.211,,,,CIR_35 - PL_PLAST_35 / CS_TEMP_35_SRF
Distance,H_36,Z,0.193,0.000,0.193,,,,CIR_36 - PL_PLAST_36 / CS_TEMP_36_SRF
Distance,PROF_62,Z,154.790,156.000,-1.210,-1.500,1.500,,CIR_62 - PL_FIXTURE / CS_ABC_BF
Distance,H_62,Z,0.183,0.000,0.183,0.000,0.500,,CIR_62 - PL_PLAST_62 / CS_TEMP_62_SRF
Circle,CIR_29,X,-227.122,-226.340,-0.782,,,,Criterion : Least Square (From 4 Pts On PL_DATUM_D) 
Circle,CIR_29,Y,66.156,65.702,0.454,,,,
Point,PNT_30,X,-160.391,-159.800,-0.591,,,,Proj. PNT_MID_30 / PL_DATUM_D.
Point,PNT_30,Y,66.173,65.700,0.473,,,,
Circle,2D_CIR_34,X,-25.849,-25.800,-0.049,,,,
Circle,2D_CIR_34,Y,-3.340,-3.400,0.060,,,,
Circle,2D_CIR_33,X,-41.545,-41.500,-0.045,,,,
Circle,2D_CIR_33,Y,-76.088,-76.200,0.112,,,,
Circle,2D_CIR_32,X,113.798,113.700,0.098,,,,
Circle,2D_CIR_32,Y,-70.077,-70.200,0.123,,,,
Circle,2D_CIR_31,X,94.249,94.200,0.049,,,,
Circle,2D_CIR_31,Y,-3.292,-3.400,0.108,,,,
Circle,2D_CIR_36,X,-57.143,-57.100,-0.043,,,,
Circle,2D_CIR_36,Y,-172.195,-171.900,-0.295,,,,
Circle,2D_CIR_35,X,119.424,119.400,0.024,,,,
Circle,2D_CIR_35,Y,-172.694,-172.400,-0.294,,,,
Circle,CIR_42,X,-27.779,-27.063,-0.716,,,,Criterion : Least Square (From 6 Pts On PL_CL_42) 
Circle,CIR_42,Y,-246.921,-247.000,0.079,,,,
Circle,CIR_44,X,-364.796,-363.275,-1.521,,,,Criterion : Least Square (From 6 Pts On PL_CL_44) 
Circle,CIR_44,Y,-366.295,-365.850,-0.445,,,,
Circle,CIR_62,X,-364.313,-363.275,-1.039,,,,Criterion : Least Square (From 6 Pts On PL_INS_62) 
Circle,CIR_62,Y,-180.442,-180.850,0.408,,,,
Circle,CIR_47,X,-195.735,-195.125,-0.610,,,,Criterion : Least Square (From 8 Pts On PL_PLAST_47) 
Circle,CIR_47,Z,76.849,77.179,-0.331,,,,
Circle,CIR_48,X,-220.948,-220.125,-0.823,,,,Criterion : Least Square (From 6 Pts On PL_PLAST_48_TOP) 
Circle,CIR_48,Z,76.919,77.179,-0.261,,,,
Circle,CIR_49,X,-170.607,-170.125,-0.482,,,,Criterion : Least Square (From 6 Pts On PL_PLAST_49_TOP) 
Circle,CIR_49,Z,76.901,77.179,-0.278,,,,
Circle,2D_CIR_48,X,-25.147,-25.000,-0.147,,,,
Circle,2D_CIR_48,Z,0.150,0.000,0.150,,,,
Circle,2D_CIR_49,X,25.195,25.000,0.195,,,,
Circle,2D_CIR_49,Z,0.150,0.000,0.150,,,,
Circle,CIR_63,X,-364.802,-363.300,-1.502,,,,Criterion : Least Square (From 6 Pts On PL_INS_63) 
Circle,CIR_63,Y,-273.268,-273.600,0.332,,,,
Pos. Tol.,POS_63,PTOL,3.076,0.000,3.076,0.000,5.000,,CIR_63/NOMINAL - CS_ABC_BF - C-Zone - XY - Nominal
Distance,PROF_63,Z,150.610,151.400,-0.790,-1.500,1.500,,CIR_63 - PL_FIXTURE / CS_ABC_BF
Distance,H_63,Z,0.027,0.000,0.027,0.000,0.500,,CIR_63 - PL_PLAST_63 / CS_SRF_TEMP_BF_63
