Feat. Type,Feat. Name,Value,Actual,Nominal,Dev.,Tol-,Tol+,Out of Tol.,Comment
Text/Value,VAR_PROGRAM,VAL,,,,,,,'N:\Metrolog XG\Programmes\Ford Transmission Pan 10R\Ford Transmission Pan 10R Complete (Module_51).gm2'
Text/Value,VAR_EVENEMENT,VAL,,,,,,,'PPAP'
Text/Value,VAR_COMMENTAIRES,VAL,,,,,,,'C2P08'
Text/Value,PROFILE_A,VAL,0.219801,0.000000,0.219801,0.000000,0.250000,,
Circle,CIR_1,DIAM,7.108,7.100,0.008,-0.050,0.050,,Criterion : Least Square (From 4 Pts On PL_FIXTURE) 
Circle,CIR_1,X,0.000,0.000,0.000,,,,
Circle,CIR_1,Z,0.000,0.000,0.000,,,,
Circle,CIR_2,DIAM,7.113,7.100,0.013,-0.050,0.050,,Criterion : Least Square (From 4 Pts On PL_FIXTURE) 
Circle,CIR_2,X,-80.101,-80.079,-0.022,,,,
Circle,CIR_2,Z,-2.898,-2.811,-0.087,,,,
Circle,CIR_3,DIAM,7.109,7.100,0.009,-0.050,0.050,,Criterion : Least Square (From 4 Pts On PL_FIXTURE) 
Circle,CIR_3,X,-170.146,-170.079,-0.067,,,,
Circle,CIR_3,Z,-2.960,-2.811,-0.149,,,,
Circle,CIR_4,DIAM,7.984,8.300,-0.316,-0.050,0.050,-0.266,Criterion : Least Square (From 4 Pts On PL_FIXTURE) 
Circle,CIR_4,X,-224.580,-224.499,-0.081,,,,
Circle,CIR_4,Z,-4.606,-4.571,-0.035,,,,
Circle,CIR_5,DIAM,7.107,7.100,0.007,-0.050,0.050,,Criterion : Least Square (From 4 Pts On PL_FIXTURE) 
Circle,CIR_5,X,-249.579,-249.499,-0.081,,,,
Circle,CIR_5,Z,-1.672,-1.571,-0.101,,,,
Circle,CIR_6,DIAM,7.115,7.100,0.015,-0.050,0.050,,Criterion : Least Square (From 4 Pts On PL_FIXTURE) 
Circle,CIR_6,X,-272.695,-272.679,-0.017,,,,
Circle,CIR_6,Z,78.206,78.140,0.066,,,,
Circle,CIR_7,DIAM,7.110,7.100,0.010,-0.050,0.050,,Criterion : Least Square (From 4 Pts On PL_FIXTURE) 
Circle,CIR_7,X,-272.927,-272.679,-0.249,,,,
Circle,CIR_7,Z,157.046,157.140,-0.094,,,,
Circle,CIR_8,DIAM,7.113,7.100,0.013,-0.050,0.050,,Criterion : Least Square (From 4 Pts On PL_FIXTURE) 
Circle,CIR_8,X,-272.841,-272.679,-0.162,,,,
Circle,CIR_8,Z,236.051,236.140,-0.089,,,,
Circle,CIR_9,DIAM,7.099,7.100,-0.001,-0.050,0.050,,Criterion : Least Square (From 4 Pts On PL_FIXTURE) 
Circle,CIR_9,X,-272.680,-272.679,-0.001,,,,
Circle,CIR_9,Z,315.064,315.140,-0.075,,,,
Circle,CIR_10,DIAM,7.107,7.100,0.007,-0.050,0.050,,Criterion : Least Square (From 4 Pts On PL_FIXTURE) 
Circle,CIR_10,X,-272.625,-272.679,0.054,,,,
Circle,CIR_10,Z,394.064,394.140,-0.076,,,,
Circle,CIR_11,DIAM,7.106,7.100,0.006,-0.050,0.050,,Criterion : Least Square (From 4 Pts On PL_FIXTURE) 
Circle,CIR_11,X,-254.599,-254.552,-0.048,,,,
Circle,CIR_11,Z,463.599,463.580,0.019,,,,
Circle,CIR_12,DIAM,7.116,7.100,0.016,-0.050,0.050,,Criterion : Least Square (From 4 Pts On PL_FIXTURE) 
Circle,CIR_12,X,-166.964,-166.879,-0.086,,,,
Circle,CIR_12,Z,474.587,474.589,-0.002,,,,
Circle,CIR_13,DIAM,7.112,7.100,0.012,-0.050,0.050,,Criterion : Least Square (From 4 Pts On PL_FIXTURE) 
Circle,CIR_13,X,-79.215,-79.279,0.064,,,,
Circle,CIR_13,Z,474.574,474.589,-0.016,,,,
Circle,CIR_14,DIAM,8.077,8.300,-0.223,-0.050,0.050,-0.173,Criterion : Least Square (From 4 Pts On PL_FIXTURE) 
Circle,CIR_14,X,-19.549,-19.499,-0.051,,,,
Circle,CIR_14,Z,473.190,473.429,-0.238,,,,
Circle,CIR_15,DIAM,7.114,7.100,0.014,-0.050,0.050,,Criterion : Least Square (From 4 Pts On PL_FIXTURE) 
Circle,CIR_15,X,8.306,8.321,-0.015,,,,
Circle,CIR_15,Z,470.579,470.589,-0.010,,,,
Circle,CIR_16,DIAM,7.118,7.100,0.018,-0.050,0.050,,Criterion : Least Square (From 4 Pts On PL_FIXTURE) 
Circle,CIR_16,X,17.319,17.321,-0.002,,,,
Circle,CIR_16,Z,387.436,387.439,-0.003,,,,
Circle,CIR_17,DIAM,7.116,7.100,0.016,-0.050,0.050,,Criterion : Least Square (From 4 Pts On PL_FIXTURE) 
Circle,CIR_17,X,17.557,17.321,0.236,,,,
Circle,CIR_17,Z,304.236,304.239,-0.003,,,,
Circle,CIR_18,DIAM,7.116,7.100,0.016,-0.050,0.050,,Criterion : Least Square (From 4 Pts On PL_FIXTURE) 
Circle,CIR_18,X,17.687,17.321,0.365,,,,
Circle,CIR_18,Z,227.954,228.000,-0.046,,,,
Circle,CIR_19,DIAM,7.111,7.100,0.011,-0.050,0.050,,Criterion : Least Square (From 4 Pts On PL_FIXTURE) 
Circle,CIR_19,X,17.834,17.321,0.512,,,,
Circle,CIR_19,Z,151.950,152.000,-0.050,,,,
Circle,CIR_20,DIAM,7.116,7.100,0.016,-0.050,0.050,,Criterion : Least Square (From 4 Pts On PL_FIXTURE) 
Circle,CIR_20,X,17.638,17.321,0.316,,,,
Circle,CIR_20,Z,76.097,76.000,0.097,,,,
Pos. Tol.,POS_1,PTOL,0.000,0.000,0.000,0.000,0.800,,CIR_1/NOMINAL - CS_ABC - C-Zone - XZ - Nominal
Pos. Tol.,POS_2,PTOL,0.180,0.000,0.180,0.000,0.800,,CIR_2/NOMINAL - CS_ABC - C-Zone - XZ - Nominal
Pos. Tol.,POS_3,PTOL,0.327,0.000,0.327,0.000,0.800,,CIR_3/NOMINAL - CS_ABC - C-Zone - XZ - Nominal
Pos. Tol.,POS_4,PTOL,0.175,0.000,0.175,0.000,0.800,,CIR_4/NOMINAL - CS_ABC - C-Zone - XZ - Nominal
Pos. Tol.,POS_5,PTOL,0.259,0.000,0.259,0.000,0.800,,CIR_5/NOMINAL - CS_ABC - C-Zone - XZ - Nominal
Pos. Tol.,POS_6,PTOL,0.136,0.000,0.136,0.000,0.800,,CIR_6/NOMINAL - CS_ABC - C-Zone - XZ - Nominal
Pos. Tol.,POS_7,PTOL,0.532,0.000,0.532,0.000,0.800,,CIR_7/NOMINAL - CS_ABC - C-Zone - XZ - Nominal
Pos. Tol.,POS_8,PTOL,0.371,0.000,0.371,0.000,0.800,,CIR_8/NOMINAL - CS_ABC - C-Zone - XZ - Nominal
Pos. Tol.,POS_9,PTOL,0.151,0.000,0.151,0.000,0.800,,CIR_9/NOMINAL - CS_ABC - C-Zone - XZ - Nominal
Pos. Tol.,POS_10,PTOL,0.186,0.000,0.186,0.000,0.800,,CIR_10/NOMINAL - CS_ABC - C-Zone - XZ - Nominal
Pos. Tol.,POS_11,PTOL,0.103,0.000,0.103,0.000,0.800,,CIR_11/NOMINAL - CS_ABC - C-Zone - XZ - Nominal
Pos. Tol.,POS_12,PTOL,0.172,0.000,0.172,0.000,0.800,,CIR_12/NOMINAL - CS_ABC - C-Zone - XZ - Nominal
Pos. Tol.,POS_13,PTOL,0.131,0.000,0.131,0.000,0.800,,CIR_13/NOMINAL - CS_ABC - C-Zone - XZ - Nominal
Pos. Tol.,POS_14,PTOL,0.488,0.000,0.488,0.000,0.800,,CIR_14/NOMINAL - CS_ABC - C-Zone - XZ - Nominal
Pos. Tol.,POS_15,PTOL,0.037,0.000,0.037,0.000,0.800,,CIR_15/NOMINAL - CS_ABC - C-Zone - XZ - Nominal
Pos. Tol.,POS_16,PTOL,0.008,0.000,0.008,0.000,0.800,,CIR_16/NOMINAL - CS_ABC - C-Zone - XZ - Nominal
Pos. Tol.,POS_17,PTOL,0.472,0.000,0.472,0.000,0.800,,CIR_17/NOMINAL - CS_ABC - C-Zone - XZ - Nominal
Pos. Tol.,POS_18,PTOL,0.736,0.000,0.736,0.000,0.800,,CIR_18/NOMINAL - CS_ABC - C-Zone - XZ - Nominal
Pos. Tol.,POS_19,PTOL,1.030,0.000,1.030,0.000,0.800,0.230,CIR_19/NOMINAL - CS_ABC - C-Zone - XZ - Nominal
Pos. Tol.,POS_20,PTOL,0.662,0.000,0.662,0.000,0.800,,CIR_20/NOMINAL - CS_ABC - C-Zone - XZ - Nominal
Perpend.,PERP_B,PERP,0.015,0.000,0.015,0.000,0.130,,CYL_B/PL_FIXTURE - C-Zone - Cloud of Points 
Profile of Line,PROFILE_INSIDE_PAN_AT_GAGE,PRFL,1.927,0.000,1.927,0.000,3.000,,SECTION_INSIDE_2.5MM
