Feat. Type,Feat. Name,Value,Actual,Nominal,Dev.,Tol-,Tol+,Out of Tol.,Comment
Text/Value,VAR_PROGRAM,VAL,,,,,,,'N:\Metrolog XG\Programmes\Ford Transmission Pan 10R\Ford Transmission Pan 10R Complete (Module_51).gm2'
Text/Value,VAR_EVENEMENT,VAL,,,,,,,'OTS-2'
Text/Value,VAR_COMMENTAIRES,VAL,,,,,,,'PART NO.3283'
Text/Value,PROFILE_A,VAL,0.191418,0.000000,0.191418,0.000000,0.250000,,
Circle,CIR_1,DIAM,10.907,7.100,3.807,-0.050,0.050,3.757,Criterion : Least Square (From 4 Pts On PL_FIXTURE) 
Circle,CIR_1,X,-0.265,0.000,-0.265,,,,
Circle,CIR_1,Z,0.061,0.000,0.061,,,,
Circle,CIR_2,DIAM,10.891,7.100,3.791,-0.050,0.050,3.741,Criterion : Least Square (From 4 Pts On PL_FIXTURE) 
Circle,CIR_2,X,-80.288,-80.079,-0.209,,,,
Circle,CIR_2,Z,-2.430,-2.811,0.381,,,,
Circle,CIR_3,DIAM,10.985,7.100,3.885,-0.050,0.050,3.835,Criterion : Least Square (From 4 Pts On PL_FIXTURE) 
Circle,CIR_3,X,-170.264,-170.079,-0.185,,,,
Circle,CIR_3,Z,-2.511,-2.811,0.300,,,,
Circle,CIR_4,DIAM,8.298,8.300,-0.002,-0.050,0.050,,Criterion : Least Square (From 4 Pts On PL_FIXTURE) 
Circle,CIR_4,X,-224.641,-224.499,-0.142,,,,
Circle,CIR_4,Z,-4.453,-4.571,0.118,,,,
Circle,CIR_5,DIAM,11.108,7.100,4.008,-0.050,0.050,3.958,Criterion : Least Square (From 4 Pts On PL_FIXTURE) 
Circle,CIR_5,X,-249.671,-249.499,-0.172,,,,
Circle,CIR_5,Z,-1.532,-1.571,0.039,,,,
Circle,CIR_6,DIAM,11.120,7.100,4.020,-0.050,0.050,3.970,Criterion : Least Square (From 4 Pts On PL_FIXTURE) 
Circle,CIR_6,X,-272.504,-272.679,0.175,,,,
Circle,CIR_6,Z,78.221,78.140,0.081,,,,
Circle,CIR_7,DIAM,11.150,7.100,4.050,-0.050,0.050,4.000,Criterion : Least Square (From 4 Pts On PL_FIXTURE) 
Circle,CIR_7,X,-272.469,-272.679,0.210,,,,
Circle,CIR_7,Z,157.222,157.140,0.082,,,,
Circle,CIR_8,DIAM,11.156,7.100,4.056,-0.050,0.050,4.006,Criterion : Least Square (From 4 Pts On PL_FIXTURE) 
Circle,CIR_8,X,-272.467,-272.679,0.212,,,,
Circle,CIR_8,Z,236.173,236.140,0.033,,,,
Circle,CIR_9,DIAM,11.082,7.100,3.982,-0.050,0.050,3.932,Criterion : Least Square (From 4 Pts On PL_FIXTURE) 
Circle,CIR_9,X,-272.441,-272.679,0.237,,,,
Circle,CIR_9,Z,315.030,315.140,-0.110,,,,
Circle,CIR_10,DIAM,11.113,7.100,4.013,-0.050,0.050,3.963,Criterion : Least Square (From 4 Pts On PL_FIXTURE) 
Circle,CIR_10,X,-272.580,-272.679,0.099,,,,
Circle,CIR_10,Z,394.010,394.140,-0.130,,,,
Circle,CIR_11,DIAM,11.059,7.100,3.959,-0.050,0.050,3.909,Criterion : Least Square (From 4 Pts On PL_FIXTURE) 
Circle,CIR_11,X,-254.546,-254.552,0.005,,,,
Circle,CIR_11,Z,463.539,463.580,-0.041,,,,
Circle,CIR_12,DIAM,11.217,7.100,4.117,-0.050,0.050,4.067,Criterion : Least Square (From 4 Pts On PL_FIXTURE) 
Circle,CIR_12,X,-166.858,-166.879,0.021,,,,
Circle,CIR_12,Z,474.373,474.589,-0.216,,,,
Circle,CIR_13,DIAM,11.159,7.100,4.059,-0.050,0.050,4.009,Criterion : Least Square (From 4 Pts On PL_FIXTURE) 
Circle,CIR_13,X,-79.341,-79.279,-0.063,,,,
Circle,CIR_13,Z,474.351,474.589,-0.238,,,,
Circle,CIR_14,DIAM,8.307,8.300,0.007,-0.050,0.050,,Criterion : Least Square (From 4 Pts On PL_FIXTURE) 
Circle,CIR_14,X,-19.550,-19.499,-0.051,,,,
Circle,CIR_14,Z,473.205,473.429,-0.224,,,,
Circle,CIR_15,DIAM,11.131,7.100,4.031,-0.050,0.050,3.981,Criterion : Least Square (From 4 Pts On PL_FIXTURE) 
Circle,CIR_15,X,8.211,8.321,-0.110,,,,
Circle,CIR_15,Z,470.426,470.589,-0.164,,,,
Circle,CIR_16,DIAM,11.021,7.100,3.921,-0.050,0.050,3.871,Criterion : Least Square (From 4 Pts On PL_FIXTURE) 
Circle,CIR_16,X,17.112,17.321,-0.209,,,,
Circle,CIR_16,Z,387.475,387.439,0.035,,,,
Circle,CIR_17,DIAM,11.104,7.100,4.004,-0.050,0.050,3.954,Criterion : Least Square (From 4 Pts On PL_FIXTURE) 
Circle,CIR_17,X,17.049,17.321,-0.272,,,,
Circle,CIR_17,Z,304.087,304.239,-0.152,,,,
Circle,CIR_18,DIAM,11.314,7.100,4.214,-0.050,0.050,4.164,Criterion : Least Square (From 4 Pts On PL_FIXTURE) 
Circle,CIR_18,X,17.050,17.321,-0.271,,,,
Circle,CIR_18,Z,228.021,228.000,0.021,,,,
Circle,CIR_19,DIAM,11.250,7.100,4.150,-0.050,0.050,4.100,Criterion : Least Square (From 4 Pts On PL_FIXTURE) 
Circle,CIR_19,X,17.058,17.321,-0.263,,,,
Circle,CIR_19,Z,152.034,152.000,0.034,,,,
Circle,CIR_20,DIAM,11.062,7.100,3.962,-0.050,0.050,3.912,Criterion : Least Square (From 4 Pts On PL_FIXTURE) 
Circle,CIR_20,X,17.299,17.321,-0.023,,,,
Circle,CIR_20,Z,75.965,76.000,-0.035,,,,
Pos. Tol.,POS_1,PTOL,0.545,0.000,0.545,0.000,0.800,,CIR_1/NOMINAL - CS_SRF_BF - C-Zone - XZ - Nominal
Pos. Tol.,POS_2,PTOL,0.869,0.000,0.869,0.000,0.800,0.069,CIR_2/NOMINAL - CS_SRF_BF - C-Zone - XZ - Nominal
Pos. Tol.,POS_3,PTOL,0.706,0.000,0.706,0.000,0.800,,CIR_3/NOMINAL - CS_SRF_BF - C-Zone - XZ - Nominal
Pos. Tol.,POS_4,PTOL,0.369,0.000,0.369,0.000,0.800,,CIR_4/NOMINAL - CS_SRF_BF - C-Zone - XZ - Nominal
Pos. Tol.,POS_5,PTOL,0.353,0.000,0.353,0.000,0.800,,CIR_5/NOMINAL - CS_SRF_BF - C-Zone - XZ - Nominal
Pos. Tol.,POS_6,PTOL,0.386,0.000,0.386,0.000,0.800,,CIR_6/NOMINAL - CS_SRF_BF - C-Zone - XZ - Nominal
Pos. Tol.,POS_7,PTOL,0.451,0.000,0.451,0.000,0.800,,CIR_7/NOMINAL - CS_SRF_BF - C-Zone - XZ - Nominal
Pos. Tol.,POS_8,PTOL,0.428,0.000,0.428,0.000,0.800,,CIR_8/NOMINAL - CS_SRF_BF - C-Zone - XZ - Nominal
Pos. Tol.,POS_9,PTOL,0.523,0.000,0.523,0.000,0.800,,CIR_9/NOMINAL - CS_SRF_BF - C-Zone - XZ - Nominal
Pos. Tol.,POS_10,PTOL,0.326,0.000,0.326,0.000,0.800,,CIR_10/NOMINAL - CS_SRF_BF - C-Zone - XZ - Nominal
Pos. Tol.,POS_11,PTOL,0.083,0.000,0.083,0.000,0.800,,CIR_11/NOMINAL - CS_SRF_BF - C-Zone - XZ - Nominal
Pos. Tol.,POS_12,PTOL,0.434,0.000,0.434,0.000,0.800,,CIR_12/NOMINAL - CS_SRF_BF - C-Zone - XZ - Nominal
Pos. Tol.,POS_13,PTOL,0.493,0.000,0.493,0.000,0.800,,CIR_13/NOMINAL - CS_SRF_BF - C-Zone - XZ - Nominal
Pos. Tol.,POS_14,PTOL,0.459,0.000,0.459,0.000,0.800,,CIR_14/NOMINAL - CS_SRF_BF - C-Zone - XZ - Nominal
Pos. Tol.,POS_15,PTOL,0.394,0.000,0.394,0.000,0.800,,CIR_15/NOMINAL - CS_SRF_BF - C-Zone - XZ - Nominal
Pos. Tol.,POS_16,PTOL,0.425,0.000,0.425,0.000,0.800,,CIR_16/NOMINAL - CS_SRF_BF - C-Zone - XZ - Nominal
Pos. Tol.,POS_17,PTOL,0.623,0.000,0.623,0.000,0.800,,CIR_17/NOMINAL - CS_SRF_BF - C-Zone - XZ - Nominal
Pos. Tol.,POS_18,PTOL,0.544,0.000,0.544,0.000,0.800,,CIR_18/NOMINAL - CS_SRF_BF - C-Zone - XZ - Nominal
Pos. Tol.,POS_19,PTOL,0.531,0.000,0.531,0.000,0.800,,CIR_19/NOMINAL - CS_SRF_BF - C-Zone - XZ - Nominal
Pos. Tol.,POS_20,PTOL,0.084,0.000,0.084,0.000,0.800,,CIR_20/NOMINAL - CS_SRF_BF - C-Zone - XZ - Nominal
Perpend.,PERP_B,PERP,0.034,0.000,0.034,0.000,0.130,,CYL_B/PL_FIXTURE - C-Zone - Cloud of Points 
Profile of Line,PROFILE_INSIDE_PAN_AT_GAGE,PRFL,2.660,0.000,2.660,0.000,3.000,,SECTION_INSIDE_2.5MM
Circle,CIR_21,DIAM,18.888,18.950,-0.062,-0.100,0.100,,Criterion : Least Square (From 20 Pts On PL_PLAST_TOP_21) 
Circle,CIR_21,X,-94.607,-94.500,-0.107,,,,
Circle,CIR_21,Z,123.503,123.400,0.103,,,,
Circle,CIR_21_OD,DIAM,21.387,21.400,-0.013,-0.100,0.100,,Proj. CIR_21_OD / PL_DATUM_E.
Pos. Tol.,POS_21,PTOL,0.297,0.000,0.297,0.000,1.000,,CIR_21/NOMINAL - CS_SRF_BF - C-Zone - XZ - Nominal
Coaxiality,CONCENTRICITY_21,COAX,0.119,0.000,0.119,0.000,0.300,,CIR_21_OD/CYL_D - C-Zone - Nominal
Distance,PROF_22.1,D1,10.262,10.300,-0.038,-0.250,0.250,,SRF_21.1 - PL_DATUM_E / CS_SRF_BF
Distance,PROF_22.2,D1,10.365,10.300,0.065,-0.250,0.250,,SRF_21.2 - PL_DATUM_E / CS_SRF_BF
Distance,PROF_22.3,D1,10.183,10.300,-0.117,-0.250,0.250,,SRF_21.3 - PL_DATUM_E / CS_SRF_BF
Distance,PROF_22.4,D1,10.288,10.300,-0.012,-0.250,0.250,,SRF_21.4 - PL_DATUM_E / CS_SRF_BF
Distance,PROF_22.5,D1,10.238,10.300,-0.062,-0.250,0.250,,SRF_21.5 - PL_DATUM_E / CS_SRF_BF
Distance,PROF_22.6,D1,10.125,10.300,-0.175,-0.250,0.250,,SRF_21.6 - PL_DATUM_E / CS_SRF_BF
Distance,PROF_22.7,D1,10.120,10.300,-0.180,-0.250,0.250,,SRF_21.7 - PL_DATUM_E / CS_SRF_BF
Distance,PROF_22.8,D1,10.148,10.300,-0.152,-0.250,0.250,,SRF_21.8 - PL_DATUM_E / CS_SRF_BF
Distance,PROF_E.1,D1,177.808,178.558,-0.750,,,,SRF_E.1 - ORIGIN / CS_SRF_BF
Distance,PROF_E.1,Y,61.299,61.400,-0.101,-2.000,1.000,,
Distance,PROF_E.2,D1,179.701,180.424,-0.723,,,,SRF_E.2 - ORIGIN / CS_SRF_BF
Distance,PROF_E.2,Y,61.386,61.400,-0.014,-2.000,1.000,,
Distance,PROF_E.3,D1,181.415,182.116,-0.701,,,,SRF_E.3 - ORIGIN / CS_SRF_BF
Distance,PROF_E.3,Y,61.461,61.400,0.061,-2.000,1.000,,
Distance,PROF_E.4,D1,155.274,156.154,-0.880,,,,SRF_E.4 - ORIGIN / CS_SRF_BF
Distance,PROF_E.4,Y,60.992,61.400,-0.408,-2.000,1.000,,
Distance,PROF_E.5,D1,153.424,154.303,-0.879,,,,SRF_E.5 - ORIGIN / CS_SRF_BF
Distance,PROF_E.5,Y,61.012,61.400,-0.388,-2.000,1.000,,
Distance,PROF_E.6,D1,151.783,152.659,-0.877,,,,SRF_E.6 - ORIGIN / CS_SRF_BF
Distance,PROF_E.6,Y,61.028,61.400,-0.372,-2.000,1.000,,
Distance,PROF_E.7,D1,169.166,170.175,-1.010,,,,SRF_E.7 - ORIGIN / CS_SRF_BF
Distance,PROF_E.7,Y,60.368,61.400,-1.032,-2.000,1.000,,
Distance,PROF_E.8,D1,169.553,170.585,-1.032,,,,SRF_E.8 - ORIGIN / CS_SRF_BF
Distance,PROF_E.8,Y,60.298,61.400,-1.102,-2.000,1.000,,
Distance,PROF_E.9,D1,169.934,170.474,-0.540,,,,SRF_E.9 - ORIGIN / CS_SRF_BF
Distance,PROF_E.9,Y,60.221,61.400,-1.179,-2.000,1.000,,
Section,SECTION_ZONE_1,MAX,0.821,0.000,0.821,-2.000,2.000,,15 Pts [0 < LT ; LT < 15 < UT ;  0 > UL]
Section,SECTION_ZONE_1,MIN,-0.539,0.000,-0.539,-2.000,2.000,,
Section,SECTION_ZONE_2,MAX,-1.150,0.000,-1.150,-2.500,1.500,,8 Pts [1 < LT ; LT < 7 < UT ;  0 > UL]
Section,SECTION_ZONE_2,MIN,-3.339,0.000,-3.339,-2.500,1.500,-0.839,
Section,SECTION_ZONE_3,MAX,-4.614,0.000,-4.614,-5.000,1.000,,1 Pts [0 < LT ; LT < 1 < UT ;  0 > UL]
Section,SECTION_ZONE_3,MIN,-4.614,0.000,-4.614,-5.000,1.000,,
Circle,CIR_22,DIAM,6.348,4.800,1.548,-0.100,0.100,1.448,Criterion : Least Square (From 6 Pts On PL_PLAST_22) 
Circle,CIR_22,Y,6.973,7.000,-0.027,,,,
Circle,CIR_22,Z,429.204,429.300,-0.096,,,,
Circle,CIR_23,DIAM,6.332,4.800,1.532,-0.100,0.100,1.432,Criterion : Least Square (From 6 Pts On PL_PLAST_23) 
Circle,CIR_23,Y,6.973,7.000,-0.027,,,,
Circle,CIR_23,Z,354.217,354.400,-0.183,,,,
Circle,CIR_24,DIAM,6.441,4.800,1.641,-0.100,0.100,1.541,Criterion : Least Square (From 6 Pts On PL_PLAST_24) 
Circle,CIR_24,Y,7.020,7.000,0.020,,,,
Circle,CIR_24,Z,196.686,196.600,0.086,,,,
Circle,CIR_25,DIAM,6.326,4.800,1.526,-0.100,0.100,1.426,Criterion : Least Square (From 6 Pts On PL_PLAST_25) 
Circle,CIR_25,Y,6.978,7.000,-0.022,,,,
Circle,CIR_25,Z,28.513,28.600,-0.087,,,,
Circle,CIR_26,DIAM,6.285,4.800,1.485,-0.100,0.100,1.385,Criterion : Least Square (From 6 Pts On PL_PLAST_26) 
Circle,CIR_26,Y,7.073,7.000,0.073,,,,
Circle,CIR_26,Z,265.992,266.100,-0.108,,,,
Circle,CIR_27,DIAM,6.452,4.800,1.652,-0.100,0.100,1.552,Criterion : Least Square (From 6 Pts On PL_PLAST_27) 
Circle,CIR_27,Y,6.995,7.000,-0.005,,,,
Circle,CIR_27,Z,345.634,345.800,-0.166,,,,
Circle,CIR_28,DIAM,6.446,4.800,1.646,-0.100,0.100,1.546,Criterion : Least Square (From 6 Pts On PL_PLAST_28) 
Circle,CIR_28,Y,7.068,7.000,0.068,,,,
Circle,CIR_28,Z,428.771,429.000,-0.229,,,,
Pos. Tol.,POS_22,PTOL,0.199,0.000,0.199,0.000,2.000,,CIR_22/NOMINAL - CS_SRF_BF - C-Zone - YZ - Nominal
Pos. Tol.,POS_23,PTOL,0.369,0.000,0.369,0.000,2.000,,CIR_23/NOMINAL - CS_SRF_BF - C-Zone - YZ - Nominal
Pos. Tol.,POS_24,PTOL,0.176,0.000,0.176,0.000,0.250,,CIR_24/NOMINAL - CS_SRF_BF - C-Zone - YZ - Nominal
Pos. Tol.,POS_25,PTOL,0.180,0.000,0.180,0.000,0.250,,CIR_25/NOMINAL - CS_SRF_BF - C-Zone - YZ - Nominal
Pos. Tol.,POS_26,PTOL,0.261,0.000,0.261,0.000,0.250,0.011,CIR_26/NOMINAL - CS_SRF_BF - C-Zone - YZ - Nominal
Pos. Tol.,POS_27,PTOL,0.333,0.000,0.333,0.000,2.000,,CIR_27/NOMINAL - CS_SRF_BF - C-Zone - YZ - Nominal
Pos. Tol.,POS_28,PTOL,0.479,0.000,0.479,0.000,0.250,0.229,CIR_28/NOMINAL - CS_SRF_BF - C-Zone - YZ - Nominal
