Feat. Type,Feat. Name,Value,Actual,Nominal,Dev.,Tol-,Tol+,Out of Tol.,Comment
Text/Value,VAR_PROGRAM,VAL,,,,,,,'N:\Metrolog XG\Programmes\I4 Moule 1\I4 Complete Moule 1 (Module 44).gm2'
Text/Value,VAR_EVENEMENT,VAL,,,,,,,'Fip 8508'
Text/Value,VAR_COMMENTAIRES,VAL,,,,,,,'Part No.250 B'
Text/Value,PROFILE_A,VAL,0.241646,0.000000,0.241646,0.000000,0.500000,,
Circle,CIR_B,DIAM,7.100,7.000,0.100,-0.100,0.100,,Criterion : Least Square (From 10 Pts On PL_FIXTURE) 
Circle,CIR_B,X,-0.110,0.000,-0.110,,,,
Circle,CIR_B,Z,-0.133,0.000,-0.133,,,,
Circle,CIR_1,X,-40.068,-40.000,-0.068,,,,From 4 Pts On PL_FIXTURE
Circle,CIR_1,Z,-184.197,-184.000,-0.197,,,,
Circle,CIR_2,X,-33.131,-33.000,-0.131,,,,From 4 Pts On PL_FIXTURE
Circle,CIR_2,Z,-0.104,-0.000,-0.104,,,,
Circle,CIR_3,X,-32.075,-32.000,-0.075,,,,From 4 Pts On PL_FIXTURE
Circle,CIR_3,Z,189.546,189.500,0.046,,,,
Circle,CIR_4,X,-0.191,-0.000,-0.191,,,,From 4 Pts On PL_FIXTURE
Circle,CIR_4,Z,96.021,96.000,0.021,,,,
Circle,CIR_5,X,-0.240,-0.000,-0.240,,,,From 4 Pts On PL_FIXTURE
Circle,CIR_5,Z,-96.161,-96.000,-0.161,,,,
Circle,CIR_6,X,-300.340,-300.100,-0.240,,,,From 4 Pts On PL_FIXTURE_6
Circle,CIR_6,Z,-53.958,-54.000,0.042,,,,
Distance,OP1_WIDTH_1,D1,2.946,2.930,0.016,-0.150,0.150,,OP1_P2 - OP1_P4 / OP1_CS
Distance,OP1_WIDTH_2,D1,2.904,2.930,-0.026,-0.150,0.150,,OP1_P7 - OP1_P9 / OP1_CS
Distance,OP1_WIDTH_3,D1,3.012,2.930,0.082,-0.150,0.150,,OP1_P11 - OP1_P13 / OP1_CS
Distance,OP1_WIDTH_4,D1,2.958,2.930,0.028,-0.150,0.150,,OP1_P15 - OP1_P17 / OP1_CS
Distance,OP1_WIDTH_5,D1,2.807,2.930,-0.123,-0.180,0.150,,OP1_P19 - OP1_P21 / OP1_CS
Distance,OP1_WIDTH_6,D1,2.992,2.930,0.062,-0.150,0.150,,OP1_P23 - OP1_P25 / OP1_CS
Distance,OP1_WIDTH_7,D1,2.884,2.930,-0.046,-0.150,0.150,,OP1_P28 - OP1_P30 / OP1_CS
Distance,OP1_WIDTH_8,D1,2.839,2.930,-0.091,-0.150,0.150,,OP1_P33 - OP1_P35 / OP1_CS
Distance,OP1_WIDTH_9,D1,2.832,2.930,-0.098,-0.150,0.150,,OP1_P38 - OP1_P40 / OP1_CS
Distance,OP1_WIDTH_10,D1,2.909,2.930,-0.021,-0.150,0.150,,OP1_P43 - OP1_P45 / OP1_CS
Distance,OP1_WIDTH_11,D1,2.760,2.930,-0.170,-0.180,0.150,,OP1_P48 - OP1_P50 / OP1_CS
Distance,OP1_DEPTH_1,Y,4.600,4.500,0.100,-0.250,0.250,,OP1_P3 - PL_FIXTURE / OP1_CS
Distance,OP1_DEPTH_2,Y,4.580,4.500,0.080,-0.250,0.250,,OP1_P8 - PL_FIXTURE / OP1_CS
Distance,OP1_DEPTH_3,Y,4.543,4.500,0.043,-0.250,0.250,,OP1_P12 - PL_FIXTURE / OP1_CS
Distance,OP1_DEPTH_4,Y,4.434,4.500,-0.066,-0.250,0.250,,OP1_P16 - PL_FIXTURE / OP1_CS
Distance,OP1_DEPTH_5,Y,4.453,4.500,-0.047,-0.250,0.250,,OP1_P20 - PL_FIXTURE / OP1_CS
Distance,OP1_DEPTH_6,Y,4.507,4.500,0.007,-0.250,0.250,,OP1_P24 - PL_FIXTURE / OP1_CS
Distance,OP1_DEPTH_7,Y,4.496,4.500,-0.004,-0.250,0.250,,OP1_P29 - PL_FIXTURE / OP1_CS
Distance,OP1_DEPTH_8,Y,4.549,4.500,0.049,-0.250,0.250,,OP1_P34 - PL_FIXTURE / OP1_CS
Distance,OP1_DEPTH_9,Y,4.545,4.500,0.045,-0.250,0.250,,OP1_P39 - PL_FIXTURE / OP1_CS
Distance,OP1_DEPTH_10,Y,4.523,4.500,0.023,-0.250,0.250,,OP1_P44 - PL_FIXTURE / OP1_CS
Distance,OP1_DEPTH_11,Y,4.581,4.500,0.081,-0.250,0.250,,OP1_P49 - PL_FIXTURE / OP1_CS
Distance,OP2_WIDTH_1,D1,2.982,2.930,0.052,-0.150,0.150,,OP2_P2 - OP2_P4 / OP2_CS
Distance,OP2_WIDTH_2,D1,2.995,2.930,0.065,-0.180,0.150,,OP2_P7 - OP2_P9 / OP2_CS
Distance,OP2_WIDTH_3,D1,2.984,2.930,0.054,-0.150,0.150,,OP2_P11 - OP2_P13 / OP2_CS
Distance,OP2_WIDTH_4,D1,2.985,2.930,0.055,-0.150,0.150,,OP2_P15 - OP2_P17 / OP2_CS
Distance,OP2_WIDTH_5,D1,2.933,2.930,0.003,-0.150,0.150,,OP2_P19 - OP2_P21 / OP2_CS
Distance,OP2_WIDTH_6,D1,2.974,2.930,0.044,-0.150,0.150,,OP2_P23 - OP2_P25 / OP2_CS
Distance,OP2_WIDTH_7,D1,2.900,2.930,-0.030,-0.150,0.150,,OP2_P28 - OP2_P30 / OP2_CS
Distance,OP2_WIDTH_8,D1,2.876,2.930,-0.054,-0.150,0.150,,OP2_P33 - OP2_P35 / OP2_CS
Distance,OP2_WIDTH_9,D1,2.904,2.930,-0.026,-0.150,0.150,,OP2_P38 - OP2_P40 / OP2_CS
Distance,OP2_WIDTH_10,D1,2.909,2.930,-0.021,-0.150,0.150,,OP2_P43 - OP2_P45 / OP2_CS
Distance,OP2_WIDTH_11,D1,2.850,2.930,-0.080,-0.150,0.150,,OP2_P48 - OP2_P50 / OP2_CS
Distance,OP2_DEPTH_1,Y,4.693,4.500,0.193,-0.250,0.250,,OP2_P3 - PL_FIXTURE / OP2_CS
Distance,OP2_DEPTH_2,Y,4.648,4.500,0.148,-0.250,0.250,,OP2_P8 - PL_FIXTURE / OP2_CS
Distance,OP2_DEPTH_3,Y,4.691,4.500,0.191,-0.250,0.250,,OP2_P12 - PL_FIXTURE / OP2_CS
Distance,OP2_DEPTH_4,Y,4.564,4.500,0.064,-0.250,0.250,,OP2_P16 - PL_FIXTURE / OP2_CS
Distance,OP2_DEPTH_5,Y,4.553,4.500,0.053,-0.250,0.250,,OP2_P20 - PL_FIXTURE / OP2_CS
Distance,OP2_DEPTH_6,Y,4.530,4.500,0.030,-0.250,0.250,,OP2_P24 - PL_FIXTURE / OP2_CS
Distance,OP2_DEPTH_7,Y,4.553,4.500,0.053,-0.250,0.250,,OP2_P29 - PL_FIXTURE / OP2_CS
Distance,OP2_DEPTH_8,Y,4.595,4.500,0.095,-0.250,0.250,,OP2_P34 - PL_FIXTURE / OP2_CS
Distance,OP2_DEPTH_9,Y,4.554,4.500,0.054,-0.250,0.250,,OP2_P39 - PL_FIXTURE / OP2_CS
Distance,OP2_DEPTH_10,Y,4.618,4.500,0.118,-0.250,0.250,,OP2_P44 - PL_FIXTURE / OP2_CS
Distance,OP2_DEPTH_11,Y,4.615,4.500,0.115,-0.250,0.250,,OP2_P49 - PL_FIXTURE / OP2_CS
Distance,OP3_WIDTH_1,D1,2.964,2.930,0.034,-0.150,0.150,,OP3_P2 - OP3_P4 / OP3_CS
Distance,OP3_WIDTH_2,D1,3.074,2.930,0.144,-0.150,0.150,,OP3_P7 - OP3_P9 / OP3_CS
Distance,OP3_WIDTH_3,D1,3.017,2.930,0.087,-0.150,0.150,,OP3_P11 - OP3_P13 / OP3_CS
Distance,OP3_WIDTH_4,D1,3.018,2.930,0.088,-0.150,0.150,,OP3_P15 - OP3_P17 / OP3_CS
Distance,OP3_WIDTH_5,D1,2.939,2.930,0.009,-0.150,0.150,,OP3_P19 - OP3_P21 / OP3_CS
Distance,OP3_WIDTH_6,D1,2.966,2.930,0.036,-0.150,0.150,,OP3_P23 - OP3_P25 / OP3_CS
Distance,OP3_WIDTH_7,D1,2.856,2.930,-0.074,-0.150,0.150,,OP3_P28 - OP3_P30 / OP3_CS
Distance,OP3_WIDTH_8,D1,2.819,2.930,-0.111,-0.150,0.150,,OP3_P33 - OP3_P35 / OP3_CS
Distance,OP3_WIDTH_9,D1,2.829,2.930,-0.101,-0.150,0.150,,OP3_P38 - OP3_P40 / OP3_CS
Distance,OP3_WIDTH_10,D1,2.820,2.930,-0.110,-0.150,0.150,,OP3_P43 - OP3_P45 / OP3_CS
Distance,OP3_WIDTH_11,D1,2.782,2.930,-0.148,-0.150,0.150,,OP3_P48 - OP3_P50 / OP3_CS
Distance,OP3_DEPTH_1,Y,4.589,4.500,0.089,-0.250,0.250,,OP3_P3 - PL_FIXTURE / OP3_CS
Distance,OP3_DEPTH_2,Y,4.518,4.500,0.018,-0.250,0.250,,OP3_P8 - PL_FIXTURE / OP3_CS
Distance,OP3_DEPTH_3,Y,4.631,4.500,0.131,-0.250,0.250,,OP3_P12 - PL_FIXTURE / OP3_CS
Distance,OP3_DEPTH_4,Y,4.572,4.500,0.072,-0.250,0.250,,OP3_P16 - PL_FIXTURE / OP3_CS
Distance,OP3_DEPTH_5,Y,4.663,4.500,0.163,-0.250,0.250,,OP3_P20 - PL_FIXTURE / OP3_CS
Distance,OP3_DEPTH_6,Y,4.581,4.500,0.081,-0.250,0.250,,OP3_P24 - PL_FIXTURE / OP3_CS
Distance,OP3_DEPTH_7,Y,4.570,4.500,0.070,-0.250,0.250,,OP3_P29 - PL_FIXTURE / OP3_CS
Distance,OP3_DEPTH_8,Y,4.634,4.500,0.134,-0.250,0.250,,OP3_P34 - PL_FIXTURE / OP3_CS
Distance,OP3_DEPTH_9,Y,4.653,4.500,0.153,-0.250,0.250,,OP3_P39 - PL_FIXTURE / OP3_CS
Distance,OP3_DEPTH_10,Y,4.680,4.500,0.180,-0.250,0.250,,OP3_P44 - PL_FIXTURE / OP3_CS
Distance,OP3_DEPTH_11,Y,4.682,4.500,0.182,-0.250,0.250,,OP3_P49 - PL_FIXTURE / OP3_CS
Distance,OP4_WIDTH_1,D1,2.835,2.930,-0.095,-0.150,0.150,,OP4_P2 - OP4_P4 / OP4_CS
Distance,OP4_WIDTH_2,D1,2.881,2.930,-0.049,-0.150,0.150,,OP4_P7 - OP4_P9 / OP4_CS
Distance,OP4_WIDTH_3,D1,3.063,2.930,0.133,-0.150,0.150,,OP4_P11 - OP4_P13 / OP4_CS
Distance,OP4_WIDTH_4,D1,3.038,2.930,0.108,-0.150,0.150,,OP4_P15 - OP4_P17 / OP4_CS
Distance,OP4_WIDTH_5,D1,2.857,2.930,-0.073,-0.150,0.150,,OP4_P19 - OP4_P21 / OP4_CS
Distance,OP4_WIDTH_6,D1,2.906,2.930,-0.024,-0.150,0.150,,OP4_P23 - OP4_P25 / OP4_CS
Distance,OP4_WIDTH_7,D1,2.875,2.930,-0.055,-0.150,0.150,,OP4_P28 - OP4_P30 / OP4_CS
Distance,OP4_WIDTH_8,D1,2.931,2.930,0.001,-0.150,0.150,,OP4_P33 - OP4_P35 / OP4_CS
Distance,OP4_WIDTH_9,D1,2.840,2.930,-0.090,-0.150,0.150,,OP4_P38 - OP4_P40 / OP4_CS
Distance,OP4_WIDTH_10,D1,2.912,2.930,-0.018,-0.150,0.150,,OP4_P43 - OP4_P45 / OP4_CS
Distance,OP4_WIDTH_11,D1,2.791,2.930,-0.139,-0.150,0.150,,OP4_P48 - OP4_P50 / OP4_CS
Distance,OP4_DEPTH_1,Y,4.564,4.500,0.064,-0.250,0.250,,OP4_P3 - PL_FIXTURE / OP4_CS
Distance,OP4_DEPTH_2,Y,4.459,4.500,-0.041,-0.250,0.250,,OP4_P8 - PL_FIXTURE / OP4_CS
Distance,OP4_DEPTH_3,Y,4.492,4.500,-0.008,-0.250,0.250,,OP4_P12 - PL_FIXTURE / OP4_CS
Distance,OP4_DEPTH_4,Y,4.542,4.500,0.042,-0.250,0.250,,OP4_P16 - PL_FIXTURE / OP4_CS
Distance,OP4_DEPTH_5,Y,4.555,4.500,0.055,-0.250,0.250,,OP4_P20 - PL_FIXTURE / OP4_CS
Distance,OP4_DEPTH_6,Y,4.580,4.500,0.080,-0.250,0.250,,OP4_P24 - PL_FIXTURE / OP4_CS
Distance,OP4_DEPTH_7,Y,4.592,4.500,0.092,-0.250,0.250,,OP4_P29 - PL_FIXTURE / OP4_CS
Distance,OP4_DEPTH_8,Y,4.490,4.500,-0.010,-0.250,0.250,,OP4_P34 - PL_FIXTURE / OP4_CS
Distance,OP4_DEPTH_9,Y,4.522,4.500,0.022,-0.250,0.250,,OP4_P39 - PL_FIXTURE / OP4_CS
Distance,OP4_DEPTH_10,Y,4.557,4.500,0.057,-0.250,0.250,,OP4_P44 - PL_FIXTURE / OP4_CS
Distance,OP4_DEPTH_11,Y,4.534,4.500,0.034,-0.250,0.250,,OP4_P49 - PL_FIXTURE / OP4_CS
Circle,CIR_7,X,-101.733,-101.900,0.167,,,,Inters. PL_PLAST_7 - CYL_7.
Circle,CIR_7,Y,12.722,13.400,-0.678,,,,
Circle,CIR_7,Z,233.610,233.000,0.610,,,,
Circle,CIR_8,DIAM,14.675,14.675,-0.000,-0.075,0.075,,Criterion : Least Square (From 10 Pts On PL_PLAST_8) 
Circle,CIR_8,X,-199.103,-199.900,0.797,,,,
Circle,CIR_8,Z,101.630,101.200,0.430,,,,
Circle,CIR_9_5.5MM,DIAM,20.002,20.000,0.002,-0.050,0.050,,Criterion : Least Square (From 8 Pts On PL_PLAST_9) 
Circle,CIR_9_5.5MM,X,-111.264,-112.100,0.836,,,,
Circle,CIR_9_5.5MM,Y,144.826,144.900,-0.074,,,,
Circle,CIR_9_5.5MM,Z,201.507,201.500,0.007,,,,
Plane,PL_D,F.F.,0.227,,0.227,,,,Criterion : Least Square (From 13 Pts) 
Circle,CIR_10,DIAM,64.908,65.000,-0.092,-0.500,0.500,,Criterion : Least Square (From 12 Pts On PL_D) 
Circle,CIR_10,X,-80.196,-80.500,0.304,,,,
Circle,CIR_10,Y,86.659,87.100,-0.441,,,,
Circle,CIR_10,Z,232.887,232.330,0.557,,,,
Circle,CIR_11,X,-96.219,-96.800,0.581,,,,Criterion : Least Square (From 6 Pts On PL_INS_11) 
Circle,CIR_11,Y,46.487,47.290,-0.803,,,,
Circle,CIR_11,Z,249.196,248.580,0.616,,,,
Circle,CIR_12,X,-108.180,-108.693,0.513,,,,Criterion : Least Square (From 6 Pts On PL_INS_12) 
Circle,CIR_12,Y,109.326,110.079,-0.753,,,,
Circle,CIR_12,Z,261.180,260.479,0.701,,,,
Circle,CIR_13,X,-64.283,-64.297,0.014,,,,Criterion : Least Square (From 6 Pts On PL_INS_13) 
Circle,CIR_13,Y,126.400,126.902,-0.502,,,,
Circle,CIR_13,Z,216.506,216.083,0.422,,,,
Circle,CIR_14,X,-52.077,-52.402,0.324,,,,Criterion : Least Square (From 6 Pts On PL_INS_14) 
Circle,CIR_14,Y,63.686,64.116,-0.431,,,,
Circle,CIR_14,Z,204.638,204.188,0.450,,,,
Circle,2D_CIR_11,Y,-32.684,-32.500,-0.184,,,,
Circle,2D_CIR_11,Z,32.684,32.500,0.184,,,,
Circle,2D_CIR_12,Y,32.395,32.500,-0.105,,,,
Circle,2D_CIR_12,Z,32.372,32.500,-0.128,,,,
Circle,2D_CIR_13,Y,32.276,32.500,-0.224,,,,
Circle,2D_CIR_13,Z,-32.545,-32.500,-0.045,,,,
Circle,2D_CIR_14,Y,-32.708,-32.500,-0.208,,,,
Circle,2D_CIR_14,Z,-32.352,-32.500,0.148,,,,
Distance,H11,X,0.254,0.000,0.254,0.000,0.500,,CIR_11 - PL_PLAST_11 / CS_DE_BF
Distance,H12,X,0.194,-0.000,0.194,0.000,0.500,,CIR_12 - PL_PLAST_12 / CS_DE_BF
Distance,H13,X,0.296,-0.000,0.296,0.000,0.500,,CIR_13 - PL_PLAST_13 / CS_DE_BF
Distance,H14,X,0.231,0.000,0.231,0.000,0.500,,CIR_14 - PL_PLAST_14 / CS_DE_BF
Distance,DP_11,X,-18.513,-17.377,-1.136,,,,PNT_BOTTOM_11 - PL_INS_11 / CS_11
Distance,DP_12,X,-18.437,-17.386,-1.051,,,,PNT_BOTTOM_12 - PL_INS_12 / CS_12
Distance,DP_13,X,-18.633,-17.763,-0.870,,,,PNT_BOTTOM_13 - PL_INS_13 / CS_13
Distance,DP_14,X,-18.451,-17.530,-0.922,,,,PNT_BOTTOM_14 - PL_INS_14 / CS_14
Distance,WIDTH_TB.1,D1,2.960,3.000,-0.040,-0.150,0.150,,0W2.25.1 - IW2.25.1 / CS_DE_BF_ROT_TOL
Distance,WIDTH_TB.2,D1,2.882,3.000,-0.118,-0.150,0.150,,0W2.25.2 - IW2.25.2 / CS_DE_BF_ROT_TOL
Distance,WIDTH_TB.3,D1,2.982,3.000,-0.018,-0.150,0.150,,0W2.25.3 - IW2.25.3 / CS_DE_BF_ROT_TOL
Distance,WIDTH_TB.4,D1,2.934,3.000,-0.066,-0.150,0.150,,0W2.25.4 - IW2.25.4 / CS_DE_BF_ROT_TOL
Distance,WIDTH_TB.5,D1,2.987,3.000,-0.013,-0.150,0.150,,0W2.25.5 - IW2.25.5 / CS_DE_BF_ROT_TOL
Distance,WIDTH_TB.6,D1,2.948,3.000,-0.052,-0.150,0.150,,0W2.25.6 - IW2.25.6 / CS_DE_BF_ROT_TOL
Distance,WIDTH_TB.7,D1,2.997,3.000,-0.003,-0.150,0.150,,0W2.25.7 - IW2.25.7 / CS_DE_BF_ROT_TOL
Distance,WIDTH_TB.8,D1,2.915,3.000,-0.085,-0.150,0.150,,0W2.25.8 - IW2.25.8 / CS_DE_BF_ROT_TOL
Distance,DEPTH_TB.1,D1,4.494,4.500,-0.006,-0.250,0.250,,TB_DP.1 - PL_D / CS_DE_BF_ROT_TOL
Distance,DEPTH_TB.2,D1,4.446,4.500,-0.054,-0.250,0.250,,TB_DP.2 - PL_D / CS_DE_BF_ROT_TOL
Distance,DEPTH_TB.3,D1,4.430,4.500,-0.070,-0.250,0.250,,TB_DP.3 - PL_D / CS_DE_BF_ROT_TOL
Distance,DEPTH_TB.4,D1,4.530,4.500,0.030,-0.250,0.250,,TB_DP.4 - PL_D / CS_DE_BF_ROT_TOL
Distance,DEPTH_TB.5,D1,4.532,4.500,0.032,-0.250,0.250,,TB_DP.5 - PL_D / CS_DE_BF_ROT_TOL
Distance,DEPTH_TB.6,D1,4.491,4.500,-0.009,-0.250,0.250,,TB_DP.6 - PL_D / CS_DE_BF_ROT_TOL
Distance,DEPTH_TB.7,D1,4.539,4.500,0.039,-0.250,0.250,,TB_DP.7 - PL_D / CS_DE_BF_ROT_TOL
Distance,DEPTH_TB.8,D1,4.577,4.500,0.077,-0.250,0.250,,TB_DP.8 - PL_D / CS_DE_BF_ROT_TOL
Circle,CIR_15,DIAM,18.193,18.000,0.193,-0.250,0.250,,Criterion : Least Square (From 8 Pts On PL_PLAST_15) 
Circle,CIR_15,Y,110.596,111.000,-0.404,,,,
Circle,CIR_15,Z,-151.474,-150.500,-0.974,,,,
Circle,CIR_16,DIAM,18.096,18.000,0.096,-0.250,0.250,,Criterion : Least Square (From 8 Pts On PL_PLAST_16) 
Circle,CIR_16,Y,109.978,111.000,-1.022,,,,
Circle,CIR_16,Z,152.006,151.500,0.506,,,,
Circle,CIR_17,DIAM,6.320,6.500,-0.180,-0.200,0.200,,Criterion : Least Square (From 6 Pts On PL_PLAST_17) 
Circle,CIR_17,X,-112.065,-112.600,0.535,,,,
Circle,CIR_17,Z,151.769,151.500,0.269,,,,
Circle,CIR_18,DIAM,5.047,5.000,0.047,-0.200,0.200,,Criterion : Least Square (From 6 Pts On PL_PLAST_18_19) 
Circle,CIR_18,X,-233.852,-234.500,0.648,,,,
Circle,CIR_18,Y,58.201,58.500,-0.299,,,,
Circle,CIR_18,Z,37.992,38.100,-0.108,,,,
Circle,CIR_19,DIAM,6.653,6.500,0.153,-0.200,0.200,,Criterion : Least Square (From 6 Pts On PL_PLAST_18_19) 
Circle,CIR_19,X,-234.117,-234.500,0.383,,,,
Circle,CIR_19,Y,70.789,71.000,-0.211,,,,
Circle,CIR_19,Z,38.305,38.100,0.205,,,,
Circle,CIR_20,DIAM,6.531,6.500,0.031,-0.200,0.200,,Criterion : Least Square (From 6 Pts On PL_PLAST_20) 
Circle,CIR_20,X,-158.200,-158.500,0.300,,,,
Circle,CIR_20,Z,-123.017,-123.900,0.883,,,,
Circle,CIR_21,DIAM,6.724,6.500,0.224,-0.200,0.200,0.024,Criterion : Least Square (From 6 Pts On PL_PLAST_21_22) 
Circle,CIR_21,X,-251.492,-251.700,0.208,,,,
Circle,CIR_21,Z,-38.851,-39.000,0.149,,,,
Circle,CIR_22,DIAM,5.169,5.000,0.169,-0.200,0.200,,Criterion : Least Square (From 6 Pts On PL_PLAST_21_22) 
Circle,CIR_22,X,0.000,0.000,0.000,,,,
Circle,CIR_22,Z,-12.592,-12.500,-0.092,,,,
Circle,CIR_23,DIAM,6.538,6.500,0.038,-0.200,0.200,,Criterion : Least Square (From 6 Pts On PL_PLAST_23_24) 
Circle,CIR_23,X,-30.960,-31.600,0.640,,,,
Circle,CIR_23,Z,-90.804,-91.500,0.696,,,,
Circle,CIR_24,DIAM,5.215,5.000,0.215,-0.200,0.200,0.015,Criterion : Least Square (From 6 Pts On PL_PLAST_23_24) 
Circle,CIR_24,X,12.235,12.500,-0.265,,,,
Circle,CIR_24,Z,0.000,0.000,0.000,,,,
Circle,CIR_25,DIAM,6.598,6.500,0.098,-0.200,0.200,,Criterion : Least Square (From 6 Pts On PL_PLAST_25) 
Circle,CIR_25,Y,110.957,111.000,-0.043,,,,
Circle,CIR_25,Z,-106.266,-105.500,-0.766,,,,
Circle,CIR_26,DIAM,6.443,6.500,-0.057,-0.200,0.200,,Criterion : Least Square (From 6 Pts On PL_PLAST_26) 
Circle,CIR_26,Y,97.292,98.000,-0.708,,,,
Circle,CIR_26,Z,195.023,194.500,0.523,,,,
Pos. Tol.,POS_B,PTOL,0.346,0.000,0.346,0.000,0.300,0.046,CIR_B(M)/NOMINAL - CS_ABC_BF_SURFACE - C-Zone - XZ - Nominal
Distance,DIM_X_C,D1,184.936,184.993,-0.057,,,,PNT_C - ORIGIN / CS_ABC_BF_SURFACE
Distance,DIM_X_C,D2,,,,,,,
Distance,DIM_X_C,X,-0.022,0.000,-0.022,-0.150,0.150,,
Distance,DIM_X_C,Y,-0.000,-0.000,0.000,,,,
Distance,DIM_X_C,Z,184.936,184.993,-0.057,,,,
Distance,DIM_Z_C,D1,184.936,184.993,-0.057,,,,PNT_C - ORIGIN / CS_ABC_BF
Distance,DIM_Z_C,D2,,,,,,,
Distance,DIM_Z_C,X,-0.022,0.000,-0.022,,,,
Distance,DIM_Z_C,Y,-0.000,-0.000,0.000,,,,
Distance,DIM_Z_C,Z,184.936,185.000,-0.064,-0.350,0.350,,
Pos. Tol.,POS_1,PTOL,0.417,0.000,0.417,0.000,1.000,,CIR_1/NOMINAL - CS_ABC_BF_SURFACE - C-Zone - XZ - Nominal
Pos. Tol.,POS_2,PTOL,0.335,0.000,0.335,0.000,1.000,,CIR_2/NOMINAL - CS_ABC_BF_SURFACE - C-Zone - XZ - Nominal
Pos. Tol.,POS_3,PTOL,0.176,0.000,0.176,0.000,1.000,,CIR_3/NOMINAL - CS_ABC_BF_SURFACE - C-Zone - XZ - Nominal
Pos. Tol.,POS_4,PTOL,0.384,0.000,0.384,0.000,1.000,,CIR_4/NOMINAL - CS_ABC_BF_SURFACE - C-Zone - XZ - Nominal
Pos. Tol.,POS_5,PTOL,0.579,0.000,0.579,0.000,1.000,,CIR_5/NOMINAL - CS_ABC_BF_SURFACE - C-Zone - XZ - Nominal
Pos. Tol.,POS_6,PTOL,0.487,0.000,0.487,0.000,1.000,,CIR_6/NOMINAL - CS_ABC_BF_SURFACE - C-Zone - XZ - Nominal
Pos. Tol.,POS_7,PTOL,1.855,0.000,1.855,0.000,3.000,,CIR_7/NOMINAL - CS_ABC_BF_SURFACE - C-Zone - XYZ - Nominal
Pos. Tol.,POS_8,PTOL,1.811,0.000,1.811,0.000,3.000,,CIR_8/NOMINAL - CS_ABC_BF_SURFACE - C-Zone - XZ - Nominal
Pos. Tol.,POS_9,PTOL,1.679,0.000,1.679,0.000,3.000,,CIR_9_5.5MM/NOMINAL - CS_ABC_BF_SURFACE - C-Zone - XYZ - Nominal
Pos. Tol.,POS_10,PTOL,1.546,0.000,1.546,0.000,4.000,,CIR_10/NOMINAL - CS_ABC_BF_SURFACE - C-Zone - XYZ - Nominal
Pos. Tol.,POS_11,PTOL,2.334,0.000,2.334,0.000,4.000,,CIR_11/NOMINAL - CS_ABC_BF_SURFACE - C-Zone - XYZ - Nominal
Pos. Tol.,POS_12,PTOL,2.300,0.000,2.300,0.000,4.000,,CIR_12/NOMINAL - CS_ABC_BF_SURFACE - C-Zone - XYZ - Nominal
Pos. Tol.,POS_13,PTOL,1.313,0.000,1.313,0.000,4.000,,CIR_13/NOMINAL - CS_ABC_BF_SURFACE - C-Zone - XYZ - Nominal
Pos. Tol.,POS_14,PTOL,1.404,0.000,1.404,0.000,4.000,,CIR_14/NOMINAL - CS_ABC_BF_SURFACE - C-Zone - XYZ - Nominal
Pos. Tol.,POS_2D_11,PTOL,0.521,0.000,0.521,0.000,0.650,,2D_CIR_11/NOMINAL - CS_DE_BF - C-Zone - YZ - Nominal
Pos. Tol.,POS_2D_12,PTOL,0.331,0.000,0.331,0.000,0.650,,2D_CIR_12/NOMINAL - CS_DE_BF - C-Zone - YZ - Nominal
Pos. Tol.,POS_2D_13,PTOL,0.457,0.000,0.457,0.000,0.650,,2D_CIR_13/NOMINAL - CS_DE_BF - C-Zone - YZ - Nominal
Pos. Tol.,POS_2D_14,PTOL,0.510,0.000,0.510,0.000,0.650,,2D_CIR_14/NOMINAL - CS_DE_BF - C-Zone - YZ - Nominal
Pos. Tol.,POS_15,PTOL,2.108,0.000,2.108,0.000,4.000,,CIR_15/NOMINAL - CS_ABC_BF_SURFACE - C-Zone - YZ - Nominal
Pos. Tol.,POS_16,PTOL,2.281,0.000,2.281,0.000,4.000,,CIR_16/NOMINAL - CS_ABC_BF_SURFACE - C-Zone - YZ - Nominal
Pos. Tol.,POS_17,PTOL,1.197,0.000,1.197,0.000,3.000,,CIR_17/NOMINAL - CS_ABC_BF_SURFACE - C-Zone - XZ - Nominal
Pos. Tol.,POS_18,PTOL,1.444,0.000,1.444,0.000,3.000,,CIR_18/NOMINAL - CS_ABC_BF_SURFACE - C-Zone - XYZ - Nominal
Pos. Tol.,POS_19,PTOL,0.966,0.000,0.966,0.000,3.000,,CIR_19/NOMINAL - CS_ABC_BF_SURFACE - C-Zone - XYZ - Nominal
Pos. Tol.,POS_20,PTOL,1.866,0.000,1.866,0.000,3.000,,CIR_20/NOMINAL - CS_ABC_BF_SURFACE - C-Zone - XZ - Nominal
Pos. Tol.,POS_21,PTOL,0.511,0.000,0.511,0.000,3.000,,CIR_21/NOMINAL - CS_ABC_BF_SURFACE - C-Zone - XZ - Nominal
Pos. Tol.,POS_22,PTOL,0.183,0.000,0.183,0.000,3.000,,CIR_22/NOMINAL - CS_21_22 - C-Zone - XZ - Nominal
Pos. Tol.,POS_23,PTOL,1.891,0.000,1.891,0.000,3.000,,CIR_23/NOMINAL - CS_ABC_BF_SURFACE - C-Zone - XZ - Nominal
Pos. Tol.,POS_24,PTOL,0.530,0.000,0.530,0.000,3.000,,CIR_24/NOMINAL - CS_23_24 - C-Zone - XZ - Nominal
Pos. Tol.,POS_25,PTOL,1.534,0.000,1.534,0.000,3.000,,CIR_25/NOMINAL - CS_ABC_BF_SURFACE - C-Zone - YZ - Nominal
Pos. Tol.,POS_26,PTOL,1.149,0.000,1.149,0.000,3.000,,CIR_26/NOMINAL - CS_ABC_BF_SURFACE - C-Zone - XZ - Nominal
Distance,PROF_15,X,62.775,62.200,0.575,-2.000,2.000,,CIR_15 - ORIGIN / CS_ABC_BF_SURFACE
Distance,PROF_16,X,62.834,62.190,0.644,-2.000,2.000,,CIR_16 - ORIGIN / CS_ABC_BF_SURFACE
Distance,PROF_17,Y,155.198,156.000,-0.802,-1.500,1.500,,CIR_17 - ORIGIN / CS_ABC_BF_SURFACE
Distance,PROF_20,Y,138.288,139.000,-0.712,-1.500,1.500,,CIR_20 - ORIGIN / CS_ABC_BF_SURFACE
Distance,PROF_21,Y,128.149,129.000,-0.851,-1.500,1.500,,CIR_21 - ORIGIN / CS_ABC_BF_SURFACE
Distance,PROF_22,Y,128.264,128.432,-0.167,-1.500,1.500,,CIR_22 - ORIGIN / CS_ABC_BF_SURFACE
Distance,PROF_23,Y,176.753,177.500,-0.747,-1.500,1.500,,CIR_23 - ORIGIN / CS_ABC_BF_SURFACE
Distance,PROF_24,Y,176.747,177.622,-0.874,-1.500,1.500,,CIR_24 - ORIGIN / CS_ABC_BF_SURFACE
Distance,PROF_25,X,49.905,49.400,0.505,-1.500,1.500,,CIR_25 - ORIGIN / CS_ABC_BF_SURFACE
Distance,PROF_26,Y,97.292,98.000,-0.708,-1.500,1.500,,CIR_26 - ORIGIN / CS_ABC_BF_SURFACE
Angle,ANG_SPIN_WELD,ZoX,-0.439,0.000,-0.439,-1.000,1.000,,CYL_7 - Z-AXIS / CS_ABC_BF_SURFACE
Profile of Line,OP1_PROF_INSIDE_PORT,PRFL,0.650,0.000,0.650,0.000,1.000,,OP1_SRF_IN_PORT
Profile of Line,OP2_PROF_INSIDE_PORT,PRFL,0.301,0.000,0.301,0.000,1.000,,OP2_SRF_IN_PORT
Profile of Line,OP3_PROF_INSIDE_PORT,PRFL,0.673,0.000,0.673,0.000,1.000,,OP3_SRF_IN_PORT
Profile of Line,OP4_PROF_INSIDE_PORT,PRFL,1.086,0.000,1.086,0.000,1.000,0.086,OP4_SRF_IN_PORT
