Feat. Type,Feat. Name,Value,Actual,Nominal,Dev.,Tol-,Tol+,Out of Tol.,Comment
Text/Value,VAR_PROGRAM,VAL,,,,,,,'N:\Metrolog XG\Programmes\Ford Transmission Pan 10R\Ford Transmission Pan 10R Free State (Module_44).gm2'
Text/Value,VAR_EVENEMENT,VAL,,,,,,,'PPAP'
Text/Value,VAR_COMMENTAIRES,VAL,,,,,,,'Part No.1 C2'
Flatness,FLAT_A,FLTN,2.619,0.000,2.619,0.000,3.500,,PL_DATUM_A
Flatness,FLAT_A_SECT_1,FLTN,0.263,0.000,0.263,0.000,1.750,,PL_DATUM_A_SECT_1
Flatness,FLAT_A_SECT_2,FLTN,1.024,0.000,1.024,0.000,1.750,,PL_DATUM_A_SECT_2
Flatness,FLAT_A_SECT_3,FLTN,1.144,0.000,1.144,0.000,1.750,,PL_DATUM_A_SECT_3
Flatness,FLAT_A_SECT_4,FLTN,0.169,0.000,0.169,0.000,1.750,,PL_DATUM_A_SECT_4
Distance,H_1,D1,10.126,10.050,0.076,-0.100,0.100,,CIR_FLANGE_1 - CIR_PRJ_TOP_1 / CS_CAD_CIR_20
Distance,H_2,D1,10.138,10.050,0.088,-0.100,0.100,,CIR_FLANGE_2 - CIR_PRJ_TOP_2 / CS_CAD_CIR_20
Distance,H_3,D1,10.046,10.050,-0.004,-0.100,0.100,,CIR_FLANGE_3 - CIR_PRJ_TOP_3 / CS_CAD_CIR_20
Distance,H_4,D1,10.015,10.050,-0.035,-0.100,0.100,,CIR_FLANGE_4 - CIR_PRJ_TOP_4 / CS_CAD_CIR_20
Distance,H_5,D1,10.147,10.050,0.097,-0.100,0.100,,CIR_FLANGE_5 - CIR_PRJ_TOP_5 / CS_CAD_CIR_20
Distance,H_6,D1,10.057,10.050,0.007,-0.100,0.100,,CIR_FLANGE_6 - CIR_PRJ_TOP_6 / CS_CAD_CIR_20
Distance,H_7,D1,10.035,10.050,-0.015,-0.100,0.100,,CIR_FLANGE_7 - CIR_PRJ_TOP_7 / CS_CAD_CIR_20
Distance,H_8,D1,10.041,10.050,-0.009,-0.100,0.100,,CIR_FLANGE_8 - CIR_PRJ_TOP_8 / CS_CAD_CIR_20
Distance,H_9,D1,10.091,10.050,0.041,-0.100,0.100,,CIR_FLANGE_9 - CIR_PRJ_TOP_9 / CS_CAD_CIR_20
Distance,H_10,D1,10.070,10.050,0.020,-0.100,0.100,,CIR_FLANGE_10 - CIR_PRJ_TOP_10 / CS_CAD_CIR_20
Distance,H_11,D1,10.019,10.050,-0.031,-0.100,0.100,,CIR_FLANGE_11 - CIR_PRJ_TOP_11 / CS_CAD_CIR_20
Distance,H_12,D1,10.061,10.050,0.011,-0.100,0.100,,CIR_FLANGE_12 - CIR_PRJ_TOP_12 / CS_CAD_CIR_20
Distance,H_13,D1,10.080,10.050,0.030,-0.100,0.100,,CIR_FLANGE_13 - CIR_PRJ_TOP_13 / CS_CAD_CIR_20
Distance,H_14,D1,10.061,10.050,0.011,-0.100,0.100,,CIR_FLANGE_14 - CIR_PRJ_TOP_14 / CS_CAD_CIR_20
Distance,H_15,D1,10.041,10.050,-0.009,-0.100,0.100,,CIR_FLANGE_15 - CIR_PRJ_TOP_15 / CS_CAD_CIR_20
Distance,H_16,D1,10.056,10.050,0.006,-0.100,0.100,,CIR_FLANGE_16 - CIR_PRJ_TOP_16 / CS_CAD_CIR_20
Distance,H_17,D1,10.057,10.050,0.007,-0.100,0.100,,CIR_FLANGE_17 - CIR_PRJ_TOP_17 / CS_CAD_CIR_20
Distance,H_18,D1,10.059,10.050,0.009,-0.100,0.100,,CIR_FLANGE_18 - CIR_PRJ_TOP_18 / CS_CAD_CIR_20
Distance,H_19,D1,10.073,10.050,0.023,-0.100,0.100,,CIR_FLANGE_19 - CIR_PRJ_TOP_19 / CS_CAD_CIR_20
Distance,H_20,D1,10.051,10.050,0.001,-0.100,0.100,,CIR_FLANGE_20 - CIR_PRJ_TOP_20 / CS_CAD_CIR_20
