Feat. Type,Feat. Name,Value,Actual,Nominal,Dev.,Tol-,Tol+,Out of Tol.,Comment
Text/Value,VAR_PROGRAM,VAL,,,,,,,'N:\Metrolog XG\Programmes\D-37\D-37 Hauteur Plastic Crush Rib Module 44.gm2'
Text/Value,VAR_EVENEMENT,VAL,,,,,,,'Demarrage 284 C'
Text/Value,VAR_COMMENTAIRES,VAL,,,,,,,'PART NO.'
Circle,CIR_3_FL,X,124.286,124.294,-0.008,,,,Criterion : Least Square (From 6 Pts On PL_PLAST_FL_3) 
Circle,CIR_3_FL,Z,-30.330,-30.147,-0.183,,,,
Pos. Tol.,POS_3_FLANGE,PTOL,0.366,0.000,0.366,0.000,1.000,,CIR_3_FL/NOMINAL - CS_ABC - C-Zone - XZ - Nominal
Circle,CIR_3_TOP,X,124.155,124.294,-0.140,,,,Criterion : Least Square (From 6 Pts On PL_PLAST_TOP_3) 
Circle,CIR_3_TOP,Z,-30.815,-30.147,-0.668,,,,
Pos. Tol.,POS_3_TOP,PTOL,1.364,0.000,1.364,0.000,2.000,,CIR_3_TOP/NOMINAL - CS_ABC - C-Zone - XZ - Nominal
Distance,PLASTIC_HEIGHT,D1,100.933,100.600,0.333,-0.300,0.300,0.033,CIR_3_FL - CIR_3_TOP / CS_ABC
