Feat. Type,Feat. Name,Value,Actual,Nominal,Dev.,Tol-,Tol+,Out of Tol.,Comment
Text/Value,VAR_PROGRAM,VAL,,,,,,,'N:\Metrolog XG\Programmes\Ford Transmission Pan 10R\Ford Transmission Pan 10R Complete (Module_51).gm2'
Text/Value,VAR_EVENEMENT,VAL,,,,,,,'PPAP'
Text/Value,VAR_COMMENTAIRES,VAL,,,,,,,'C1P5'
Text/Value,PROFILE_A,VAL,0.249627,0.000000,0.249627,0.000000,0.250000,,
Circle,CIR_1,DIAM,7.104,7.100,0.004,-0.050,0.050,,Criterion : Least Square (From 4 Pts On PL_FIXTURE) 
Circle,CIR_1,X,0.074,-0.000,0.074,,,,
Circle,CIR_1,Z,-0.263,-0.000,-0.263,,,,
Circle,CIR_2,DIAM,7.114,7.100,0.014,-0.050,0.050,,Criterion : Least Square (From 4 Pts On PL_FIXTURE) 
Circle,CIR_2,X,-3.043,-2.811,-0.232,,,,
Circle,CIR_2,Z,79.909,80.079,-0.169,,,,
Circle,CIR_3,DIAM,7.118,7.100,0.018,-0.050,0.050,,Criterion : Least Square (From 4 Pts On PL_FIXTURE) 
Circle,CIR_3,X,-2.964,-2.811,-0.153,,,,
Circle,CIR_3,Z,169.988,170.079,-0.091,,,,
Circle,CIR_4,DIAM,7.964,8.300,-0.336,-0.050,0.050,-0.286,Criterion : Least Square (From 4 Pts On PL_FIXTURE) 
Circle,CIR_4,X,-4.569,-4.571,0.002,,,,
Circle,CIR_4,Z,224.498,224.499,-0.001,,,,
Circle,CIR_5,DIAM,7.112,7.100,0.012,-0.050,0.050,,Criterion : Least Square (From 4 Pts On PL_FIXTURE) 
Circle,CIR_5,X,-1.625,-1.571,-0.054,,,,
Circle,CIR_5,Z,249.521,249.499,0.022,,,,
Circle,CIR_6,DIAM,7.116,7.100,0.016,-0.050,0.050,,Criterion : Least Square (From 4 Pts On PL_FIXTURE) 
Circle,CIR_6,X,78.017,78.140,-0.122,,,,
Circle,CIR_6,Z,272.902,272.679,0.223,,,,
Circle,CIR_7,DIAM,7.112,7.100,0.012,-0.050,0.050,,Criterion : Least Square (From 4 Pts On PL_FIXTURE) 
Circle,CIR_7,X,157.041,157.140,-0.099,,,,
Circle,CIR_7,Z,272.919,272.679,0.241,,,,
Circle,CIR_8,DIAM,7.110,7.100,0.010,-0.050,0.050,,Criterion : Least Square (From 4 Pts On PL_FIXTURE) 
Circle,CIR_8,X,235.998,236.140,-0.142,,,,
Circle,CIR_8,Z,272.878,272.679,0.199,,,,
Circle,CIR_9,DIAM,7.109,7.100,0.009,-0.050,0.050,,Criterion : Least Square (From 4 Pts On PL_FIXTURE) 
Circle,CIR_9,X,315.095,315.140,-0.045,,,,
Circle,CIR_9,Z,272.818,272.679,0.140,,,,
Circle,CIR_10,DIAM,7.110,7.100,0.010,-0.050,0.050,,Criterion : Least Square (From 4 Pts On PL_FIXTURE) 
Circle,CIR_10,X,394.053,394.140,-0.087,,,,
Circle,CIR_10,Z,272.687,272.679,0.008,,,,
Circle,CIR_11,DIAM,7.104,7.100,0.004,-0.050,0.050,,Criterion : Least Square (From 4 Pts On PL_FIXTURE) 
Circle,CIR_11,X,463.584,463.580,0.004,,,,
Circle,CIR_11,Z,254.626,254.552,0.075,,,,
Circle,CIR_12,DIAM,7.117,7.100,0.017,-0.050,0.050,,Criterion : Least Square (From 4 Pts On PL_FIXTURE) 
Circle,CIR_12,X,474.760,474.589,0.170,,,,
Circle,CIR_12,Z,167.006,166.879,0.128,,,,
Circle,CIR_13,DIAM,7.112,7.100,0.012,-0.050,0.050,,Criterion : Least Square (From 4 Pts On PL_FIXTURE) 
Circle,CIR_13,X,474.783,474.589,0.194,,,,
Circle,CIR_13,Z,79.454,79.279,0.176,,,,
Circle,CIR_14,DIAM,7.961,8.300,-0.339,-0.050,0.050,-0.289,Criterion : Least Square (From 4 Pts On PL_FIXTURE) 
Circle,CIR_14,X,473.461,473.429,0.032,,,,
Circle,CIR_14,Z,19.597,19.499,0.098,,,,
Circle,CIR_15,DIAM,7.098,7.100,-0.002,-0.050,0.050,,Criterion : Least Square (From 4 Pts On PL_FIXTURE) 
Circle,CIR_15,X,470.804,470.589,0.215,,,,
Circle,CIR_15,Z,-8.276,-8.321,0.046,,,,
Circle,CIR_16,DIAM,7.115,7.100,0.015,-0.050,0.050,,Criterion : Least Square (From 4 Pts On PL_FIXTURE) 
Circle,CIR_16,X,387.527,387.439,0.088,,,,
Circle,CIR_16,Z,-17.437,-17.321,-0.115,,,,
Circle,CIR_17,DIAM,7.117,7.100,0.017,-0.050,0.050,,Criterion : Least Square (From 4 Pts On PL_FIXTURE) 
Circle,CIR_17,X,304.314,304.239,0.075,,,,
Circle,CIR_17,Z,-17.526,-17.321,-0.205,,,,
Circle,CIR_18,DIAM,7.117,7.100,0.017,-0.050,0.050,,Criterion : Least Square (From 4 Pts On PL_FIXTURE) 
Circle,CIR_18,X,228.019,228.000,0.019,,,,
Circle,CIR_18,Z,-17.360,-17.321,-0.039,,,,
Circle,CIR_19,DIAM,7.116,7.100,0.016,-0.050,0.050,,Criterion : Least Square (From 4 Pts On PL_FIXTURE) 
Circle,CIR_19,X,152.221,152.000,0.221,,,,
Circle,CIR_19,Z,-17.394,-17.321,-0.073,,,,
Circle,CIR_20,DIAM,7.117,7.100,0.017,-0.050,0.050,,Criterion : Least Square (From 4 Pts On PL_FIXTURE) 
Circle,CIR_20,X,76.230,76.000,0.230,,,,
Circle,CIR_20,Z,-17.600,-17.321,-0.278,,,,
Pos. Tol.,POS_1,PTOL,0.546,0.000,0.546,0.000,0.800,,CIR_1/NOMINAL - CS_SRF_BF_OLD_ORIENTATION - C-Zone - XZ - Nominal
Pos. Tol.,POS_2,PTOL,0.575,0.000,0.575,0.000,0.800,,CIR_2/NOMINAL - CS_SRF_BF_OLD_ORIENTATION - C-Zone - XZ - Nominal
Pos. Tol.,POS_3,PTOL,0.356,0.000,0.356,0.000,0.800,,CIR_3/NOMINAL - CS_SRF_BF_OLD_ORIENTATION - C-Zone - XZ - Nominal
Pos. Tol.,POS_4,PTOL,0.005,0.000,0.005,0.000,0.800,,CIR_4/NOMINAL - CS_SRF_BF_OLD_ORIENTATION - C-Zone - XZ - Nominal
Pos. Tol.,POS_5,PTOL,0.117,0.000,0.117,0.000,0.800,,CIR_5/NOMINAL - CS_SRF_BF_OLD_ORIENTATION - C-Zone - XZ - Nominal
Pos. Tol.,POS_6,PTOL,0.509,0.000,0.509,0.000,0.800,,CIR_6/NOMINAL - CS_SRF_BF_OLD_ORIENTATION - C-Zone - XZ - Nominal
Pos. Tol.,POS_7,PTOL,0.520,0.000,0.520,0.000,0.800,,CIR_7/NOMINAL - CS_SRF_BF_OLD_ORIENTATION - C-Zone - XZ - Nominal
Pos. Tol.,POS_8,PTOL,0.489,0.000,0.489,0.000,0.800,,CIR_8/NOMINAL - CS_SRF_BF_OLD_ORIENTATION - C-Zone - XZ - Nominal
Pos. Tol.,POS_9,PTOL,0.293,0.000,0.293,0.000,0.800,,CIR_9/NOMINAL - CS_SRF_BF_OLD_ORIENTATION - C-Zone - XZ - Nominal
Pos. Tol.,POS_10,PTOL,0.175,0.000,0.175,0.000,0.800,,CIR_10/NOMINAL - CS_SRF_BF_OLD_ORIENTATION - C-Zone - XZ - Nominal
Pos. Tol.,POS_11,PTOL,0.150,0.000,0.150,0.000,0.800,,CIR_11/NOMINAL - CS_SRF_BF_OLD_ORIENTATION - C-Zone - XZ - Nominal
Pos. Tol.,POS_12,PTOL,0.426,0.000,0.426,0.000,0.800,,CIR_12/NOMINAL - CS_SRF_BF_OLD_ORIENTATION - C-Zone - XZ - Nominal
Pos. Tol.,POS_13,PTOL,0.523,0.000,0.523,0.000,0.800,,CIR_13/NOMINAL - CS_SRF_BF_OLD_ORIENTATION - C-Zone - XZ - Nominal
Pos. Tol.,POS_14,PTOL,0.206,0.000,0.206,0.000,0.800,,CIR_14/NOMINAL - CS_SRF_BF_OLD_ORIENTATION - C-Zone - XZ - Nominal
Pos. Tol.,POS_15,PTOL,0.440,0.000,0.440,0.000,0.800,,CIR_15/NOMINAL - CS_SRF_BF_OLD_ORIENTATION - C-Zone - XZ - Nominal
Pos. Tol.,POS_16,PTOL,0.290,0.000,0.290,0.000,0.800,,CIR_16/NOMINAL - CS_SRF_BF_OLD_ORIENTATION - C-Zone - XZ - Nominal
Pos. Tol.,POS_17,PTOL,0.436,0.000,0.436,0.000,0.800,,CIR_17/NOMINAL - CS_SRF_BF_OLD_ORIENTATION - C-Zone - XZ - Nominal
Pos. Tol.,POS_18,PTOL,0.087,0.000,0.087,0.000,0.800,,CIR_18/NOMINAL - CS_SRF_BF_OLD_ORIENTATION - C-Zone - XZ - Nominal
Pos. Tol.,POS_19,PTOL,0.465,0.000,0.465,0.000,0.800,,CIR_19/NOMINAL - CS_SRF_BF_OLD_ORIENTATION - C-Zone - XZ - Nominal
Pos. Tol.,POS_20,PTOL,0.722,0.000,0.722,0.000,0.800,,CIR_20/NOMINAL - CS_SRF_BF_OLD_ORIENTATION - C-Zone - XZ - Nominal
Perpend.,PERP_B,PERP,0.009,0.000,0.009,0.000,0.130,,CYL_B/PL_FIXTURE - C-Zone - Cloud of Points 
Profile of Line,PROFILE_INSIDE_PAN_AT_GAGE,PRFL,3.058,0.000,3.058,0.000,3.000,0.058,SECTION_INSIDE_2.5MM
