Feat. Type,Feat. Name,Value,Actual,Nominal,Dev.,Tol-,Tol+,Out of Tol.,Comment
Text/Value,VAR_PROGRAM,VAL,,,,,,,'N:\Metrolog XG\Programmes\Ford Transmission Pan 10R\Ford Transmission Pan 10R Complete (Module_51).gm2'
Text/Value,VAR_EVENEMENT,VAL,,,,,,,'PPAP'
Text/Value,VAR_COMMENTAIRES,VAL,,,,,,,'PART NO. C1-09'
Text/Value,PROFILE_A,VAL,0.209714,0.000000,0.209714,0.000000,0.250000,,
Circle,CIR_1,DIAM,7.110,7.100,0.010,-0.050,0.050,,Criterion : Least Square (From 4 Pts On PL_FIXTURE) 
Circle,CIR_1,X,0.000,0.000,0.000,,,,
Circle,CIR_1,Z,0.000,0.000,0.000,,,,
Circle,CIR_2,DIAM,7.111,7.100,0.011,-0.050,0.050,,Criterion : Least Square (From 4 Pts On PL_FIXTURE) 
Circle,CIR_2,X,-80.179,-80.079,-0.100,,,,
Circle,CIR_2,Z,-2.978,-2.811,-0.167,,,,
Circle,CIR_3,DIAM,7.109,7.100,0.009,-0.050,0.050,,Criterion : Least Square (From 4 Pts On PL_FIXTURE) 
Circle,CIR_3,X,-170.269,-170.079,-0.190,,,,
Circle,CIR_3,Z,-2.987,-2.811,-0.177,,,,
Circle,CIR_4,DIAM,7.984,8.300,-0.316,-0.050,0.050,-0.266,Criterion : Least Square (From 4 Pts On PL_FIXTURE) 
Circle,CIR_4,X,-224.771,-224.499,-0.272,,,,
Circle,CIR_4,Z,-4.625,-4.571,-0.054,,,,
Circle,CIR_5,DIAM,7.108,7.100,0.008,-0.050,0.050,,Criterion : Least Square (From 4 Pts On PL_FIXTURE) 
Circle,CIR_5,X,-249.845,-249.499,-0.346,,,,
Circle,CIR_5,Z,-1.542,-1.571,0.029,,,,
Circle,CIR_6,DIAM,7.110,7.100,0.010,-0.050,0.050,,Criterion : Least Square (From 4 Pts On PL_FIXTURE) 
Circle,CIR_6,X,-272.776,-272.679,-0.098,,,,
Circle,CIR_6,Z,78.161,78.140,0.021,,,,
Circle,CIR_7,DIAM,7.109,7.100,0.009,-0.050,0.050,,Criterion : Least Square (From 4 Pts On PL_FIXTURE) 
Circle,CIR_7,X,-272.809,-272.679,-0.131,,,,
Circle,CIR_7,Z,157.145,157.140,0.006,,,,
Circle,CIR_8,DIAM,7.111,7.100,0.011,-0.050,0.050,,Criterion : Least Square (From 4 Pts On PL_FIXTURE) 
Circle,CIR_8,X,-272.888,-272.679,-0.209,,,,
Circle,CIR_8,Z,236.149,236.140,0.009,,,,
Circle,CIR_9,DIAM,7.112,7.100,0.012,-0.050,0.050,,Criterion : Least Square (From 4 Pts On PL_FIXTURE) 
Circle,CIR_9,X,-272.851,-272.679,-0.173,,,,
Circle,CIR_9,Z,315.281,315.140,0.142,,,,
Circle,CIR_10,DIAM,7.113,7.100,0.013,-0.050,0.050,,Criterion : Least Square (From 4 Pts On PL_FIXTURE) 
Circle,CIR_10,X,-272.673,-272.679,0.006,,,,
Circle,CIR_10,Z,394.206,394.140,0.067,,,,
Circle,CIR_11,DIAM,7.113,7.100,0.013,-0.050,0.050,,Criterion : Least Square (From 4 Pts On PL_FIXTURE) 
Circle,CIR_11,X,-254.693,-254.552,-0.142,,,,
Circle,CIR_11,Z,463.770,463.580,0.190,,,,
Circle,CIR_12,DIAM,7.117,7.100,0.017,-0.050,0.050,,Criterion : Least Square (From 4 Pts On PL_FIXTURE) 
Circle,CIR_12,X,-166.943,-166.879,-0.065,,,,
Circle,CIR_12,Z,474.641,474.589,0.051,,,,
Circle,CIR_13,DIAM,7.112,7.100,0.012,-0.050,0.050,,Criterion : Least Square (From 4 Pts On PL_FIXTURE) 
Circle,CIR_13,X,-79.437,-79.279,-0.159,,,,
Circle,CIR_13,Z,474.642,474.589,0.053,,,,
Circle,CIR_14,DIAM,7.959,8.300,-0.341,-0.050,0.050,-0.291,Criterion : Least Square (From 4 Pts On PL_FIXTURE) 
Circle,CIR_14,X,-19.549,-19.499,-0.050,,,,
Circle,CIR_14,Z,473.340,473.429,-0.089,,,,
Circle,CIR_15,DIAM,7.110,7.100,0.010,-0.050,0.050,,Criterion : Least Square (From 4 Pts On PL_FIXTURE) 
Circle,CIR_15,X,8.288,8.321,-0.033,,,,
Circle,CIR_15,Z,470.698,470.589,0.109,,,,
Circle,CIR_16,DIAM,7.115,7.100,0.015,-0.050,0.050,,Criterion : Least Square (From 4 Pts On PL_FIXTURE) 
Circle,CIR_16,X,17.296,17.321,-0.025,,,,
Circle,CIR_16,Z,387.371,387.439,-0.069,,,,
Circle,CIR_17,DIAM,7.115,7.100,0.015,-0.050,0.050,,Criterion : Least Square (From 4 Pts On PL_FIXTURE) 
Circle,CIR_17,X,17.296,17.321,-0.025,,,,
Circle,CIR_17,Z,304.271,304.239,0.031,,,,
Circle,CIR_18,DIAM,7.117,7.100,0.017,-0.050,0.050,,Criterion : Least Square (From 4 Pts On PL_FIXTURE) 
Circle,CIR_18,X,17.427,17.321,0.106,,,,
Circle,CIR_18,Z,228.030,228.000,0.030,,,,
Circle,CIR_19,DIAM,7.116,7.100,0.016,-0.050,0.050,,Criterion : Least Square (From 4 Pts On PL_FIXTURE) 
Circle,CIR_19,X,17.710,17.321,0.389,,,,
Circle,CIR_19,Z,152.095,152.000,0.095,,,,
Circle,CIR_20,DIAM,7.117,7.100,0.017,-0.050,0.050,,Criterion : Least Square (From 4 Pts On PL_FIXTURE) 
Circle,CIR_20,X,17.863,17.321,0.541,,,,
Circle,CIR_20,Z,76.081,76.000,0.081,,,,
Pos. Tol.,POS_1,PTOL,0.000,0.000,0.000,0.000,0.800,,CIR_1/NOMINAL - CS_ABC - C-Zone - XZ - Nominal
Pos. Tol.,POS_2,PTOL,0.390,0.000,0.390,0.000,0.800,,CIR_2/NOMINAL - CS_ABC - C-Zone - XZ - Nominal
Pos. Tol.,POS_3,PTOL,0.519,0.000,0.519,0.000,0.800,,CIR_3/NOMINAL - CS_ABC - C-Zone - XZ - Nominal
Pos. Tol.,POS_4,PTOL,0.556,0.000,0.556,0.000,0.800,,CIR_4/NOMINAL - CS_ABC - C-Zone - XZ - Nominal
Pos. Tol.,POS_5,PTOL,0.694,0.000,0.694,0.000,0.800,,CIR_5/NOMINAL - CS_ABC - C-Zone - XZ - Nominal
Pos. Tol.,POS_6,PTOL,0.200,0.000,0.200,0.000,0.800,,CIR_6/NOMINAL - CS_ABC - C-Zone - XZ - Nominal
Pos. Tol.,POS_7,PTOL,0.262,0.000,0.262,0.000,0.800,,CIR_7/NOMINAL - CS_ABC - C-Zone - XZ - Nominal
Pos. Tol.,POS_8,PTOL,0.419,0.000,0.419,0.000,0.800,,CIR_8/NOMINAL - CS_ABC - C-Zone - XZ - Nominal
Pos. Tol.,POS_9,PTOL,0.447,0.000,0.447,0.000,0.800,,CIR_9/NOMINAL - CS_ABC - C-Zone - XZ - Nominal
Pos. Tol.,POS_10,PTOL,0.134,0.000,0.134,0.000,0.800,,CIR_10/NOMINAL - CS_ABC - C-Zone - XZ - Nominal
Pos. Tol.,POS_11,PTOL,0.474,0.000,0.474,0.000,0.800,,CIR_11/NOMINAL - CS_ABC - C-Zone - XZ - Nominal
Pos. Tol.,POS_12,PTOL,0.165,0.000,0.165,0.000,0.800,,CIR_12/NOMINAL - CS_ABC - C-Zone - XZ - Nominal
Pos. Tol.,POS_13,PTOL,0.335,0.000,0.335,0.000,0.800,,CIR_13/NOMINAL - CS_ABC - C-Zone - XZ - Nominal
Pos. Tol.,POS_14,PTOL,0.205,0.000,0.205,0.000,0.800,,CIR_14/NOMINAL - CS_ABC - C-Zone - XZ - Nominal
Pos. Tol.,POS_15,PTOL,0.228,0.000,0.228,0.000,0.800,,CIR_15/NOMINAL - CS_ABC - C-Zone - XZ - Nominal
Pos. Tol.,POS_16,PTOL,0.147,0.000,0.147,0.000,0.800,,CIR_16/NOMINAL - CS_ABC - C-Zone - XZ - Nominal
Pos. Tol.,POS_17,PTOL,0.081,0.000,0.081,0.000,0.800,,CIR_17/NOMINAL - CS_ABC - C-Zone - XZ - Nominal
Pos. Tol.,POS_18,PTOL,0.220,0.000,0.220,0.000,0.800,,CIR_18/NOMINAL - CS_ABC - C-Zone - XZ - Nominal
Pos. Tol.,POS_19,PTOL,0.800,0.000,0.800,0.000,0.800,0.000,CIR_19/NOMINAL - CS_ABC - C-Zone - XZ - Nominal
Pos. Tol.,POS_20,PTOL,1.094,0.000,1.094,0.000,0.800,0.294,CIR_20/NOMINAL - CS_ABC - C-Zone - XZ - Nominal
Perpend.,PERP_B,PERP,0.008,0.000,0.008,0.000,0.130,,CYL_B/PL_FIXTURE - C-Zone - Cloud of Points 
Profile of Line,PROFILE_INSIDE_PAN_AT_GAGE,PRFL,2.293,0.000,2.293,0.000,3.000,,SECTION_INSIDE_2.5MM
Circle,CIR_21,DIAM,18.861,18.950,-0.089,-0.100,0.100,,Criterion : Least Square (From 20 Pts On PL_PLAST_TOP_21) 
Circle,CIR_21,X,-94.918,-94.500,-0.418,,,,
Circle,CIR_21,Z,123.387,123.400,-0.013,,,,
Circle,CIR_21_OD,DIAM,21.369,21.400,-0.031,-0.100,0.100,,Proj. CIR_21_OD / PL_DATUM_E.
Pos. Tol.,POS_21,PTOL,0.837,0.000,0.837,0.000,1.000,,CIR_21/NOMINAL - CS_ABC - C-Zone - XZ - Nominal
Coaxiality,CONCENTRICITY_21,COAX,0.102,0.000,0.102,0.000,0.300,,CIR_21_OD/CYL_D - C-Zone - Nominal
Distance,PROF_22.1,D1,10.265,10.300,-0.035,-0.250,0.250,,SRF_21.1 - PL_DATUM_E / CS_SRF_BF
Distance,PROF_22.2,D1,10.306,10.300,0.006,-0.250,0.250,,SRF_21.2 - PL_DATUM_E / CS_SRF_BF
Distance,PROF_22.3,D1,10.447,10.300,0.147,-0.250,0.250,,SRF_21.3 - PL_DATUM_E / CS_SRF_BF
Distance,PROF_22.4,D1,10.382,10.300,0.082,-0.250,0.250,,SRF_21.4 - PL_DATUM_E / CS_SRF_BF
Distance,PROF_22.5,D1,10.327,10.300,0.027,-0.250,0.250,,SRF_21.5 - PL_DATUM_E / CS_SRF_BF
Distance,PROF_22.6,D1,10.296,10.300,-0.004,-0.250,0.250,,SRF_21.6 - PL_DATUM_E / CS_SRF_BF
Distance,PROF_22.7,D1,10.269,10.300,-0.031,-0.250,0.250,,SRF_21.7 - PL_DATUM_E / CS_SRF_BF
Distance,PROF_22.8,D1,10.308,10.300,0.008,-0.250,0.250,,SRF_21.8 - PL_DATUM_E / CS_SRF_BF
Distance,PROF_E.1,D1,177.869,178.558,-0.689,,,,SRF_E.1 - ORIGIN / CS_SRF_BF
Distance,PROF_E.1,Y,61.648,61.400,0.248,-2.000,1.000,,
Distance,PROF_E.2,D1,179.757,180.424,-0.667,,,,SRF_E.2 - ORIGIN / CS_SRF_BF
Distance,PROF_E.2,Y,61.727,61.400,0.327,-2.000,1.000,,
Distance,PROF_E.3,D1,181.467,182.116,-0.649,,,,SRF_E.3 - ORIGIN / CS_SRF_BF
Distance,PROF_E.3,Y,61.799,61.400,0.399,-2.000,1.000,,
Distance,PROF_E.4,D1,155.281,156.154,-0.873,,,,SRF_E.4 - ORIGIN / CS_SRF_BF
Distance,PROF_E.4,Y,61.148,61.400,-0.252,-2.000,1.000,,
Distance,PROF_E.5,D1,153.424,154.303,-0.879,,,,SRF_E.5 - ORIGIN / CS_SRF_BF
Distance,PROF_E.5,Y,61.147,61.400,-0.253,-2.000,1.000,,
Distance,PROF_E.6,D1,151.773,152.659,-0.886,,,,SRF_E.6 - ORIGIN / CS_SRF_BF
Distance,PROF_E.6,Y,61.141,61.400,-0.259,-2.000,1.000,,
Distance,PROF_E.7,D1,169.285,170.175,-0.890,,,,SRF_E.7 - ORIGIN / CS_SRF_BF
Distance,PROF_E.7,Y,60.822,61.400,-0.578,-2.000,1.000,,
Distance,PROF_E.8,D1,169.684,170.585,-0.901,,,,SRF_E.8 - ORIGIN / CS_SRF_BF
Distance,PROF_E.8,Y,60.782,61.400,-0.618,-2.000,1.000,,
Distance,PROF_E.9,D1,170.071,170.474,-0.403,,,,SRF_E.9 - ORIGIN / CS_SRF_BF
Distance,PROF_E.9,Y,60.716,61.400,-0.684,-2.000,1.000,,
Section,SECTION_ZONE_1,MAX,0.480,0.000,0.480,-2.000,2.000,,15 Pts [0 < LT ; LT < 15 < UT ;  0 > UL]
Section,SECTION_ZONE_1,MIN,-0.608,0.000,-0.608,-2.000,2.000,,
Section,SECTION_ZONE_2,MAX,-0.999,0.000,-0.999,-2.500,1.500,,8 Pts [1 < LT ; LT < 7 < UT ;  0 > UL]
Section,SECTION_ZONE_2,MIN,-2.647,0.000,-2.647,-2.500,1.500,-0.147,
Section,SECTION_ZONE_3,MAX,-3.565,0.000,-3.565,-5.000,1.000,,1 Pts [0 < LT ; LT < 1 < UT ;  0 > UL]
Section,SECTION_ZONE_3,MIN,-3.565,0.000,-3.565,-5.000,1.000,,
Circle,CIR_22,DIAM,6.300,6.350,-0.050,-0.100,0.100,,Criterion : Least Square (From 6 Pts On PL_PLAST_22) 
Circle,CIR_22,Y,7.033,7.000,0.033,,,,
Circle,CIR_22,Z,429.624,429.300,0.324,,,,
Circle,CIR_23,DIAM,6.336,6.350,-0.014,-0.100,0.100,,Criterion : Least Square (From 6 Pts On PL_PLAST_23) 
Circle,CIR_23,Y,7.124,7.000,0.124,,,,
Circle,CIR_23,Z,354.859,354.400,0.459,,,,
Circle,CIR_24,DIAM,6.212,6.350,-0.138,-0.100,0.100,-0.038,Criterion : Least Square (From 6 Pts On PL_PLAST_24) 
Circle,CIR_24,Y,6.966,7.000,-0.034,,,,
Circle,CIR_24,Z,196.920,196.600,0.320,,,,
Circle,CIR_25,DIAM,6.333,4.800,1.533,-0.100,0.100,1.433,Criterion : Least Square (From 6 Pts On PL_PLAST_25) 
Circle,CIR_25,Y,6.974,7.000,-0.026,,,,
Circle,CIR_25,Z,28.656,28.600,0.056,,,,
Circle,CIR_26,DIAM,6.377,6.350,0.027,-0.100,0.100,,Criterion : Least Square (From 6 Pts On PL_PLAST_26) 
Circle,CIR_26,Y,6.977,7.000,-0.023,,,,
Circle,CIR_26,Z,266.039,266.100,-0.061,,,,
Circle,CIR_27,DIAM,6.293,6.350,-0.057,-0.100,0.100,,Criterion : Least Square (From 6 Pts On PL_PLAST_27) 
Circle,CIR_27,Y,6.997,7.000,-0.003,,,,
Circle,CIR_27,Z,345.685,345.800,-0.115,,,,
Circle,CIR_28,DIAM,6.435,6.350,0.085,-0.100,0.100,,Criterion : Least Square (From 6 Pts On PL_PLAST_28) 
Circle,CIR_28,Y,7.014,7.000,0.014,,,,
Circle,CIR_28,Z,429.001,429.000,0.001,,,,
Pos. Tol.,POS_22,PTOL,0.651,0.000,0.651,0.000,2.000,,CIR_22/NOMINAL - CS_ABC - C-Zone - YZ - Nominal
Pos. Tol.,POS_23,PTOL,0.951,0.000,0.951,0.000,2.000,,CIR_23/NOMINAL - CS_ABC - C-Zone - YZ - Nominal
Pos. Tol.,POS_24,PTOL,0.644,0.000,0.644,0.000,0.250,0.394,CIR_24/NOMINAL - CS_ABC - C-Zone - YZ - Nominal
Pos. Tol.,POS_25,PTOL,0.124,0.000,0.124,0.000,0.250,,CIR_25/NOMINAL - CS_ABC - C-Zone - YZ - Nominal
Pos. Tol.,POS_26,PTOL,0.131,0.000,0.131,0.000,0.250,,CIR_26/NOMINAL - CS_ABC - C-Zone - YZ - Nominal
Pos. Tol.,POS_27,PTOL,0.230,0.000,0.230,0.000,2.000,,CIR_27/NOMINAL - CS_ABC - C-Zone - YZ - Nominal
Pos. Tol.,POS_28,PTOL,0.028,0.000,0.028,0.000,0.250,,CIR_28/NOMINAL - CS_ABC - C-Zone - YZ - Nominal
