Feat. Type,Feat. Name,Value,Actual,Nominal,Dev.,Tol-,Tol+,Out of Tol.,Comment
Text/Value,VAR_PROGRAM,VAL,,,,,,,'N:\Metrolog XG\Programmes\GM HF RWD Gen II\GM HF RWD Gen II Complete (Module 64).gm2'
Text/Value,VAR_EVENEMENT,VAL,,,,,,,'Fip 05507 NID2 IMM'
Text/Value,VAR_COMMENTAIRES,VAL,,,,,,,'287 A'
Distance,WIDTH_C,D1,8.795,8.860,-0.065,-0.150,0.150,,SRF_C_TOP - SRF_C_DOWN / CS_ABC_BF_SURFACES
Circle,CIR_9_GAGE_6,DIAM,12.259,12.200,0.059,-0.080,0.120,,Criterion : Least Square (From 12 Pts On PL_PLAST_9) 
Circle,2D_CIR_10,X,-0.413,0.000,-0.413,,,,
Circle,2D_CIR_10,Z,0.000,0.000,0.000,,,,
Pos. Tol.,PTOL_2D_CIR_10,PTOL,0.455,0.000,0.455,0.000,0.500,,2D_CIR_10/NOMINAL - CS_HJ - C-Zone - YZ - Nominal
Distance,H_10,X,0.178,-0.000,0.178,0.000,0.400,,CIR_10 - PL_PLAST_10 / CS_HJ_ROT_180
Circle,2D_CIR_INS_11,X,41.578,42.000,-0.422,,,,
Circle,2D_CIR_INS_11,Y,28.883,29.000,-0.117,,,,
Pos. Tol.,PTOL_2D_CIR_11,PTOL,0.876,0.000,0.876,0.000,0.650,0.226,2D_CIR_INS_11/NOMINAL - CS_D_BF - C-Zone - XY - Nominal
Distance,H_11,Z,0.127,-0.000,0.127,0.000,0.400,,CIR_INS_11 - PL_PLAST_INS_11 / CS_D_BF
Circle,2D_CIR_INS_12,X,42.031,42.000,0.031,,,,
Circle,2D_CIR_INS_12,Y,-34.026,-34.000,-0.026,,,,
Pos. Tol.,PTOL_2D_CIR_12,PTOL,0.081,0.000,0.081,0.000,0.650,,2D_CIR_INS_12/NOMINAL - CS_D_BF - C-Zone - XY - Nominal
Distance,H_12,Z,0.110,-0.000,0.110,0.000,0.400,,CIR_INS_12 - PL_PLAST_INS_12 / CS_D_BF
Circle,2D_CIR_INS_13,X,-41.842,-42.000,0.158,,,,
Circle,2D_CIR_INS_13,Y,-33.974,-34.000,0.026,,,,
Pos. Tol.,PTOL_2D_CIR_13,PTOL,0.321,0.000,0.321,0.000,0.650,,2D_CIR_INS_13/NOMINAL - CS_D_BF - C-Zone - XY - Nominal
Distance,H_13,Z,0.142,-0.000,0.142,0.000,0.400,,CIR_INS_13 - PL_PLAST_INS_13 / CS_D_BF
Circle,2D_CIR_INS_14,X,-41.767,-42.000,0.233,,,,
Circle,2D_CIR_INS_14,Y,29.116,29.000,0.116,,,,
Pos. Tol.,PTOL_2D_CIR_14,PTOL,0.521,0.000,0.521,0.000,0.650,,2D_CIR_INS_14/NOMINAL - CS_D_BF - C-Zone - XY - Nominal
Distance,H_14,Z,0.171,-0.000,0.171,0.000,0.400,,CIR_INS_14 - PL_PLAST_INS_14 / CS_D_BF
Distance,H_27,Y,0.219,0.000,0.219,0.000,0.400,,2D_CIR_27 - PL_PLAST_27 / CS_K
Distance,H_28,Y,0.164,0.000,0.164,0.000,0.400,,2D_CIR_28 - PL_PLAST_28 / CS_K
Circle,2D_CIR_28,X,70.654,71.000,-0.346,,,,
Circle,2D_CIR_28,Z,-0.000,0.000,0.000,,,,
Pos. Tol.,PTOL_2D_CIR_28,PTOL,0.691,0.000,0.691,0.000,0.500,0.191,2D_CIR_28/NOMINAL - CS_K - C-Zone - XZ - Nominal
