Feat. Type,Feat. Name,Value,Actual,Nominal,Dev.,Tol-,Tol+,Out of Tol.,Comment
Text/Value,VAR_PROGRAM,VAL,,,,,,,'N:\Metrolog XG\Programmes\V10 6.8L Triton\V10 6.8L Triton Stage-1 Module 51.gm2'
Text/Value,VAR_EVENEMENT,VAL,,,,,,,'Smed Inter '
Text/Value,VAR_COMMENTAIRES,VAL,,,,,,,'349 A'
Flatness,FLAT_N,FLTN,0.899,0.000,0.899,0.000,2.000,,PL_DATUM_N
Circle,CIR_50,X,45.615,45.400,0.215,,,,Criterion : Least Square (From 6 Pts On PL_PLAST_50) 
Circle,CIR_50,Y,-40.721,-40.000,-0.721,,,,
Pos. Tol.,POS_50,PTOL,1.506,0.000,1.506,0.000,5.000,,CIR_50/NOMINAL - CS_MNL_BF - C-Zone - XY - Nominal
Circle,CIR_51,X,45.488,45.400,0.088,,,,Criterion : Least Square (From 6 Pts On PL_PLAST_51) 
Circle,CIR_51,Y,-123.146,-123.000,-0.146,,,,
Pos. Tol.,POS_51,PTOL,0.341,0.000,0.341,0.000,5.000,,CIR_51/NOMINAL - CS_MNL_BF - C-Zone - XY - Nominal
Circle,CIR_52,X,45.548,45.400,0.148,,,,Criterion : Least Square (From 6 Pts On PL_PLAST_52) 
Circle,CIR_52,Y,-205.440,-205.000,-0.440,,,,
Pos. Tol.,POS_52,PTOL,0.930,0.000,0.930,0.000,5.000,,CIR_52/NOMINAL - CS_MNL_BF - C-Zone - XY - Nominal
Circle,CIR_53,X,45.763,45.400,0.363,,,,Criterion : Least Square (From 6 Pts On PL_PLAST_53) 
Circle,CIR_53,Y,-287.806,-287.000,-0.806,,,,
Pos. Tol.,POS_53,PTOL,1.767,0.000,1.767,0.000,5.000,,CIR_53/NOMINAL - CS_MNL_BF - C-Zone - XY - Nominal
Circle,CIR_54,X,45.640,45.400,0.240,,,,Criterion : Least Square (From 6 Pts On PL_PLAST_54) 
Circle,CIR_54,Y,-370.071,-370.000,-0.071,,,,
Pos. Tol.,POS_54,PTOL,0.501,0.000,0.501,0.000,5.000,,CIR_54/NOMINAL - CS_MNL_BF - C-Zone - XY - Nominal
Circle,CIR_55,X,23.153,23.200,-0.047,,,,Criterion : Least Square (From 6 Pts On PL_PLAST_55) 
Circle,CIR_55,Y,-420.074,-419.000,-1.074,,,,
Pos. Tol.,POS_55,PTOL,2.150,0.000,2.150,0.000,5.000,,CIR_55/NOMINAL - CS_MNL_BF - C-Zone - XY - Nominal
Circle,CIR_56,X,-22.781,-22.800,0.019,,,,Criterion : Least Square (From 6 Pts On PL_PLAST_56) 
Circle,CIR_56,Y,-420.270,-419.000,-1.270,,,,
Pos. Tol.,POS_56,PTOL,2.541,0.000,2.541,0.000,5.000,,CIR_56/NOMINAL - CS_MNL_BF - C-Zone - XY - Nominal
Circle,CIR_57,X,-44.912,-44.700,-0.212,,,,Criterion : Least Square (From 6 Pts On PL_PLAST_57) 
Circle,CIR_57,Y,-329.445,-329.000,-0.445,,,,
Pos. Tol.,POS_57,PTOL,0.987,0.000,0.987,0.000,5.000,,CIR_57/NOMINAL - CS_MNL_BF - C-Zone - XY - Nominal
Circle,CIR_58,X,-45.119,-44.700,-0.419,,,,Criterion : Least Square (From 6 Pts On PL_PLAST_58) 
Circle,CIR_58,Y,-246.951,-246.000,-0.951,,,,
Pos. Tol.,POS_58,PTOL,2.079,0.000,2.079,0.000,5.000,,CIR_58/NOMINAL - CS_MNL_BF - C-Zone - XY - Nominal
Circle,CIR_59,X,-45.232,-44.700,-0.532,,,,Criterion : Least Square (From 6 Pts On PL_PLAST_59) 
Circle,CIR_59,Y,-164.548,-164.000,-0.548,,,,
Pos. Tol.,POS_59,PTOL,1.528,0.000,1.528,0.000,5.000,,CIR_59/NOMINAL - CS_MNL_BF - C-Zone - XY - Nominal
Circle,CIR_60,X,-45.316,-44.700,-0.616,,,,Criterion : Least Square (From 6 Pts On PL_PLAST_60) 
Circle,CIR_60,Y,-82.307,-81.000,-1.307,,,,
Pos. Tol.,POS_60,PTOL,2.890,0.000,2.890,0.000,5.000,,CIR_60/NOMINAL - CS_MNL_BF - C-Zone - XY - Nominal
Circle,CIR_61,X,-60.019,-59.800,-0.219,,,,Criterion : Least Square (From 6 Pts On PL_PLAST_61) 
Circle,CIR_61,Y,-20.559,-20.000,-0.559,,,,
Pos. Tol.,POS_61,PTOL,1.202,0.000,1.202,0.000,5.000,,CIR_61/NOMINAL - CS_MNL_BF - C-Zone - XY - Nominal
Circle,2D_CIR_50,X,0.456,0.000,0.456,,,,
Circle,2D_CIR_50,Y,164.933,165.000,-0.067,,,,
Pos. Tol.,POS_2D_50,PTOL,0.921,0.000,0.921,0.000,2.000,,2D_CIR_50/NOMINAL - CS_N_52_50_BF_ - C-Zone - XY - Nominal
Circle,2D_CIR_51,X,0.257,0.000,0.257,,,,
Circle,2D_CIR_51,Y,82.509,82.000,0.509,,,,
Pos. Tol.,POS_2D_51,PTOL,1.140,0.000,1.140,0.000,2.000,,2D_CIR_51/NOMINAL - CS_N_52_50_BF_ - C-Zone - XY - Nominal
Circle,2D_CIR_52,X,0.247,0.000,0.247,,,,
Circle,2D_CIR_52,Y,0.214,0.000,0.214,,,,
Pos. Tol.,POS_2D_52,PTOL,0.654,0.000,0.654,0.000,2.000,,2D_CIR_52/NOMINAL - CS_N_52_50_BF_ - C-Zone - XY - Nominal
Circle,2D_CIR_53,X,0.391,0.000,0.391,,,,
Circle,2D_CIR_53,Y,-82.151,-82.000,-0.151,,,,
Pos. Tol.,POS_2D_53,PTOL,0.838,0.000,0.838,0.000,2.000,,2D_CIR_53/NOMINAL - CS_N_52_50_BF_ - C-Zone - XY - Nominal
Circle,2D_CIR_54,X,0.197,0.000,0.197,,,,
Circle,2D_CIR_54,Y,-164.416,-165.000,0.584,,,,
Pos. Tol.,POS_2D_54,PTOL,1.232,0.000,1.232,0.000,2.000,,2D_CIR_54/NOMINAL - CS_N_52_50_BF_ - C-Zone - XY - Nominal
Circle,2D_CIR_55,X,-22.333,-22.200,-0.133,,,,
Circle,2D_CIR_55,Y,-214.400,-214.000,-0.400,,,,
Pos. Tol.,POS_2D_55,PTOL,0.842,0.000,0.842,0.000,2.000,,2D_CIR_55/NOMINAL - CS_N_52_50_BF_ - C-Zone - XY - Nominal
Circle,2D_CIR_56,X,-68.267,-68.200,-0.067,,,,
Circle,2D_CIR_56,Y,-214.556,-214.000,-0.556,,,,
Pos. Tol.,POS_2D_56,PTOL,1.121,0.000,1.121,0.000,2.000,,2D_CIR_56/NOMINAL - CS_N_52_50_BF_ - C-Zone - XY - Nominal
Circle,2D_CIR_57,X,-90.320,-90.100,-0.220,,,,
Circle,2D_CIR_57,Y,-123.712,-124.000,0.288,,,,
Pos. Tol.,POS_2D_57,PTOL,0.724,0.000,0.724,0.000,2.000,,2D_CIR_57/NOMINAL - CS_N_52_50_BF_ - C-Zone - XY - Nominal
Circle,2D_CIR_58,X,-90.456,-90.100,-0.356,,,,
Circle,2D_CIR_58,Y,-41.218,-41.000,-0.218,,,,
Pos. Tol.,POS_2D_58,PTOL,0.835,0.000,0.835,0.000,2.000,,2D_CIR_58/NOMINAL - CS_N_52_50_BF_ - C-Zone - XY - Nominal
Circle,2D_CIR_59,X,-90.498,-90.100,-0.398,,,,
Circle,2D_CIR_59,Y,41.185,41.000,0.185,,,,
Pos. Tol.,POS_2D_59,PTOL,0.878,0.000,0.878,0.000,2.000,,2D_CIR_59/NOMINAL - CS_N_52_50_BF_ - C-Zone - XY - Nominal
Circle,2D_CIR_60,X,-90.512,-90.100,-0.412,,,,
Circle,2D_CIR_60,Y,123.426,124.000,-0.574,,,,
Pos. Tol.,POS_2D_60,PTOL,1.413,0.000,1.413,0.000,2.000,,2D_CIR_60/NOMINAL - CS_N_52_50_BF_ - C-Zone - XY - Nominal
Circle,2D_CIR_61,X,-105.162,-105.200,0.038,,,,
Circle,2D_CIR_61,Y,185.186,185.000,0.186,,,,
Pos. Tol.,POS_2D_61,PTOL,0.380,0.000,0.380,0.000,2.000,,2D_CIR_61/NOMINAL - CS_N_52_50_BF_ - C-Zone - XY - Nominal
Distance,H50,Z,-12.037,-12.000,-0.037,-0.500,0.500,,PNT_BOTTOM_50 - PL_PLAST_50 / CS_N_52_50_BF
Distance,H51,Z,-12.244,-12.000,-0.244,-0.500,0.500,,PNT_BOTTOM_51 - PL_PLAST_51 / CS_N_52_50_BF
Distance,H52,Z,-12.014,-12.000,-0.014,-0.500,0.500,,PNT_BOTTOM_52 - PL_PLAST_52 / CS_N_52_50_BF
Distance,H53,Z,-12.312,-12.000,-0.312,-0.500,0.500,,PNT_BOTTOM_53 - PL_PLAST_53 / CS_N_52_50_BF
Distance,H54,Z,-12.196,-12.000,-0.196,-0.500,0.500,,PNT_BOTTOM_54 - PL_PLAST_54 / CS_N_52_50_BF
Distance,H55,Z,-12.135,-12.000,-0.135,-0.500,0.500,,PNT_BOTTOM_55 - PL_PLAST_55 / CS_N_52_50_BF
Distance,H56,Z,-12.397,-12.000,-0.397,-0.500,0.500,,PNT_BOTTOM_56 - PL_PLAST_56 / CS_N_52_50_BF
Distance,H57,Z,-12.258,-12.000,-0.258,-0.500,0.500,,PNT_BOTTOM_57 - PL_PLAST_57 / CS_N_52_50_BF
Distance,H58,Z,-12.205,-12.000,-0.205,-0.500,0.500,,PNT_BOTTOM_58 - PL_PLAST_58 / CS_N_52_50_BF
Distance,H59,Z,-12.399,-12.000,-0.399,-0.500,0.500,,PNT_BOTTOM_59 - PL_PLAST_59 / CS_N_52_50_BF
Distance,H60,Z,-12.193,-12.000,-0.193,-0.500,0.500,,PNT_BOTTOM_60 - PL_PLAST_60 / CS_N_52_50_BF
Distance,H61,Z,-12.280,-12.000,-0.280,-0.500,0.500,,PNT_BOTTOM_61 - PL_PLAST_61 / CS_N_52_50_BF
Profile of Line,PROF_LSRC_OP_1,PRFL,1.008,0.000,1.008,0.000,2.000,,SCT_LSRC_OP10
Profile of Line,PROF_LSRC_OP_2,PRFL,1.229,0.000,1.229,0.000,2.000,,SCT_LSRC_OP2
Profile of Line,PROF_LSRC_OP_3,PRFL,1.504,0.000,1.504,0.000,2.000,,SCT_LSRC_OP3
Profile of Line,PROF_LSRC_OP_4,PRFL,0.943,0.000,0.943,0.000,2.000,,SCT_LSRC_OP4
Profile of Line,PROF_LSRC_OP_5,PRFL,1.336,0.000,1.336,0.000,2.000,,SCT_LSRC_OP5
Profile of Line,PROF_LSRC_OP_6,PRFL,0.703,0.000,0.703,0.000,2.000,,SCT_LSRC_OP6
Profile of Line,PROF_LSRC_OP_7,PRFL,1.417,0.000,1.417,0.000,2.000,,SCT_LSRC_OP7
Profile of Line,PROF_LSRC_OP_8,PRFL,0.773,0.000,0.773,0.000,2.000,,SCT_LSRC_OP8
Profile of Line,PROF_LSRC_OP_9,PRFL,1.150,0.000,1.150,0.000,2.000,,SCT_LSRC_OP9
Profile of Line,PROF_LSRC_OP_10,PRFL,1.008,0.000,1.008,0.000,2.000,,SCT_LSRC_OP10
