Feat. Type,Feat. Name,Value,Actual,Nominal,Dev.,Tol-,Tol+,Out of Tol.,Comment
Text/Value,VAR_PROGRAM,VAL,,,,,,,'N:\Metrolog XG\Programmes\Denso 640F\Denso 640F Stage-1(Module 51).gm2'
Text/Value,VAR_EVENEMENT,VAL,,,,,,,'D�marrage '
Text/Value,VAR_COMMENTAIRES,VAL,,,,,,,'357B'
Flatness,FLAT_ACIS,FLTN,0.745,0.000,0.745,0.000,1.050,,PL_ACIS
Distance,H47,Z,0.085,0.000,0.085,0.000,0.300,,CIR_INS_47 - PL_PLAST_47 / ZMN_BEST
Distance,H48,Z,0.120,0.000,0.120,0.000,0.300,,CIR_INS_48 - PL_PLAST_48 / ZMN_BEST
Distance,H49,Z,0.119,0.000,0.119,0.000,0.300,,CIR_INS_49 - PL_PLAST_49 / ZMN_BEST
Distance,H50,Z,0.170,0.000,0.170,0.000,0.300,,CIR_INS_50 - PL_PLAST_50 / ZMN_BEST
Distance,H51,Z,0.102,0.000,0.102,0.000,0.300,,CIR_INS_51 - PL_PLAST_51 / ZMN_BEST
Distance,H52,Z,0.173,-0.000,0.173,0.000,0.300,,CIR_INS_52 - PL_PLAST_52 / ZMN_BEST
Distance,WIDTH_1_OP1,D1,3.668,3.500,0.168,-0.150,0.300,,SRF_OW_1_OP1 - SRF_IW_1_OP1 / CS_BF_OP1
Distance,WIDTH_2_OP1,D1,3.778,3.500,0.278,-0.150,0.300,,SRF_OW_2_OP1 - SRF_IW_2_OP1 / CS_BF_OP1
Distance,WIDTH_3_OP1,D1,3.577,3.500,0.077,-0.150,0.300,,SRF_OW_3_OP1 - SRF_IW_3_OP1 / CS_BF_OP1
Distance,WIDTH_4_OP1,D1,3.543,3.500,0.043,-0.150,0.300,,SRF_OW_4_OP1 - SRF_IW_4_OP1 / CS_BF_OP1
Distance,WIDTH_5_OP1,D1,3.552,3.500,0.052,-0.150,0.300,,SRF_OW_5_OP1 - SRF_IW_5_OP1 / CS_BF_OP1
Distance,WIDTH_6_OP1,D1,3.706,3.500,0.206,-0.150,0.300,,SRF_OW_6_OP1 - SRF_IW_6_OP1 / CS_BF_OP1
Distance,DEPTH_1_OP1,Z,-5.105,-5.000,-0.105,-0.250,0.250,,SRF_DP_1_OP1 - SRF_Z_1_OP1 / CS_BF_OP1
Distance,DEPTH_2_OP1,Z,-5.078,-5.000,-0.078,-0.250,0.250,,SRF_DP_2_OP1 - SRF_Z_2_OP1 / CS_BF_OP1
Distance,DEPTH_3_OP1,Z,-5.045,-5.000,-0.045,-0.250,0.250,,SRF_DP_3_OP1 - SRF_Z_3_OP1 / CS_BF_OP1
Distance,DEPTH_4_OP1,Z,-5.080,-5.000,-0.080,-0.250,0.250,,SRF_DP_4_OP1 - SRF_Z_4_OP1 / CS_BF_OP1
Distance,DEPTH_5_OP1,Z,-5.142,-5.000,-0.142,-0.250,0.250,,SRF_DP_5_OP1 - SRF_Z_5_OP1 / CS_BF_OP1
Distance,DEPTH_6_OP1,Z,-5.134,-5.000,-0.134,-0.250,0.250,,SRF_DP_6_OP1 - SRF_Z_6_OP1 / CS_BF_OP1
Distance,WIDTH_1_OP2,D1,3.630,3.500,0.130,-0.150,0.300,,SRF_OW_1_OP2 - SRF_IW_1_OP2 / CS_BF_OP2
Distance,WIDTH_2_OP2,D1,3.704,3.500,0.204,-0.150,0.300,,SRF_OW_2_OP2 - SRF_IW_2_OP2 / CS_BF_OP2
Distance,WIDTH_3_OP2,D1,3.585,3.500,0.085,-0.150,0.300,,SRF_OW_3_OP2 - SRF_IW_3_OP2 / CS_BF_OP2
Distance,WIDTH_4_OP2,D1,3.502,3.500,0.002,-0.150,0.300,,SRF_OW_4_OP2 - SRF_IW_4_OP2 / CS_BF_OP2
Distance,WIDTH_5_OP2,D1,3.568,3.500,0.068,-0.150,0.300,,SRF_OW_5_OP2 - SRF_IW_5_OP2 / CS_BF_OP2
Distance,WIDTH_6_OP2,D1,3.601,3.500,0.101,-0.150,0.300,,SRF_OW_6_OP2 - SRF_IW_6_OP2 / CS_BF_OP2
Distance,DEPTH_1_OP2,Z,-5.085,-5.000,-0.085,-0.250,0.250,,SRF_DP_1_OP2 - SRF_Z_1_OP2 / CS_BF_OP2
Distance,DEPTH_2_OP2,Z,-5.090,-5.000,-0.090,-0.250,0.250,,SRF_DP_2_OP2 - SRF_Z_2_OP2 / CS_BF_OP2
Distance,DEPTH_3_OP2,Z,-4.986,-5.000,0.014,-0.250,0.250,,SRF_DP_3_OP2 - SRF_Z_3_OP2 / CS_BF_OP2
Distance,DEPTH_4_OP2,Z,-5.027,-5.000,-0.027,-0.250,0.250,,SRF_DP_4_OP2 - SRF_Z_4_OP2 / CS_BF_OP2
Distance,DEPTH_5_OP2,Z,-4.986,-5.000,0.014,-0.250,0.250,,SRF_DP_5_OP2 - SRF_Z_5_OP2 / CS_BF_OP2
Distance,DEPTH_6_OP2,Z,-5.065,-5.000,-0.065,-0.250,0.250,,SRF_DP_6_OP2 - SRF_Z_6_OP2 / CS_BF_OP2
Distance,WIDTH_1_OP3,D1,3.608,3.500,0.108,-0.150,0.300,,SRF_OW_1_OP3 - SRF_IW_1_OP3 / CS_BF_OP3
Distance,WIDTH_2_OP3,D1,3.656,3.500,0.156,-0.150,0.300,,SRF_OW_2_OP3 - SRF_IW_2_OP3 / CS_BF_OP3
Distance,WIDTH_3_OP3,D1,3.613,3.500,0.113,-0.150,0.300,,SRF_OW_3_OP3 - SRF_IW_3_OP3 / CS_BF_OP3
Distance,WIDTH_4_OP3,D1,3.523,3.500,0.023,-0.150,0.300,,SRF_OW_4_OP3 - SRF_IW_4_OP3 / CS_BF_OP3
Distance,WIDTH_5_OP3,D1,3.523,3.500,0.023,-0.150,0.300,,SRF_OW_5_OP3 - SRF_IW_5_OP3 / CS_BF_OP3
Distance,WIDTH_6_OP3,D1,3.575,3.500,0.075,-0.150,0.300,,SRF_OW_6_OP3 - SRF_IW_6_OP3 / CS_BF_OP3
Distance,DEPTH_1_OP3,Z,-5.060,-5.000,-0.060,-0.250,0.250,,SRF_DP_1_OP3 - SRF_Z_1_OP3 / CS_BF_OP3
Distance,DEPTH_2_OP3,Z,-5.137,-5.000,-0.137,-0.250,0.250,,SRF_DP_2_OP3 - SRF_Z_2_OP3 / CS_BF_OP3
Distance,DEPTH_3_OP3,Z,-4.996,-5.000,0.004,-0.250,0.250,,SRF_DP_3_OP3 - SRF_Z_3_OP3 / CS_BF_OP3
Distance,DEPTH_4_OP3,Z,-5.064,-5.000,-0.064,-0.250,0.250,,SRF_DP_4_OP3 - SRF_Z_4_OP3 / CS_BF_OP3
Distance,DEPTH_5_OP3,Z,-5.011,-5.000,-0.011,-0.250,0.250,,SRF_DP_5_OP3 - SRF_Z_5_OP3 / CS_BF_OP3
Distance,DEPTH_6_OP3,Z,-5.100,-5.000,-0.100,-0.250,0.250,,SRF_DP_6_OP3 - SRF_Z_6_OP3 / CS_BF_OP3
Distance,WIDTH_1_OP4,D1,3.707,3.500,0.207,-0.150,0.300,,SRF_OW_1_OP4 - SRF_IW_1_OP4 / CS_BF_OP4
Distance,WIDTH_2_OP4,D1,3.685,3.500,0.185,-0.150,0.300,,SRF_OW_2_OP4 - SRF_IW_2_OP4 / CS_BF_OP4
Distance,WIDTH_3_OP4,D1,3.658,3.500,0.158,-0.150,0.300,,SRF_OW_3_OP4 - SRF_IW_3_OP4 / CS_BF_OP4
Distance,WIDTH_4_OP4,D1,3.545,3.500,0.045,-0.150,0.300,,SRF_OW_4_OP4 - SRF_IW_4_OP4 / CS_BF_OP4
Distance,WIDTH_5_OP4,D1,3.597,3.500,0.097,-0.150,0.300,,SRF_OW_5_OP4 - SRF_IW_5_OP4 / CS_BF_OP4
Distance,WIDTH_6_OP4,D1,3.646,3.500,0.146,-0.150,0.300,,SRF_OW_6_OP4 - SRF_IW_6_OP4 / CS_BF_OP4
Distance,DEPTH_1_OP4,Z,-5.097,-5.000,-0.097,-0.250,0.250,,SRF_DP_1_OP4 - SRF_Z_1_OP4 / CS_BF_OP4
Distance,DEPTH_2_OP4,Z,-5.166,-5.000,-0.166,-0.250,0.250,,SRF_DP_2_OP4 - SRF_Z_2_OP4 / CS_BF_OP4
Distance,DEPTH_3_OP4,Z,-4.960,-5.000,0.040,-0.250,0.250,,SRF_DP_3_OP4 - SRF_Z_3_OP4 / CS_BF_OP4
Distance,DEPTH_4_OP4,Z,-5.037,-5.000,-0.037,-0.250,0.250,,SRF_DP_4_OP4 - SRF_Z_4_OP4 / CS_BF_OP4
Distance,DEPTH_5_OP4,Z,-4.994,-5.000,0.006,-0.250,0.250,,SRF_DP_5_OP4 - SRF_Z_5_OP4 / CS_BF_OP4
Distance,DEPTH_6_OP4,Z,-5.084,-5.000,-0.084,-0.250,0.250,,SRF_DP_6_OP4 - SRF_Z_6_OP4 / CS_BF_OP4
Distance,WIDTH_1_OP5,D1,3.613,3.500,0.113,-0.150,0.300,,SRF_OW_1_OP5 - SRF_IW_1_OP5 / CS_BF_OP5
Distance,WIDTH_2_OP5,D1,3.671,3.500,0.171,-0.150,0.300,,SRF_OW_2_OP5 - SRF_IW_2_OP5 / CS_BF_OP5
Distance,WIDTH_3_OP5,D1,3.674,3.500,0.174,-0.150,0.300,,SRF_OW_3_OP5 - SRF_IW_3_OP5 / CS_BF_OP5
Distance,WIDTH_4_OP5,D1,3.629,3.500,0.129,-0.150,0.300,,SRF_OW_4_OP5 - SRF_IW_4_OP5 / CS_BF_OP5
Distance,WIDTH_5_OP5,D1,3.654,3.500,0.154,-0.150,0.300,,SRF_OW_5_OP5 - SRF_IW_5_OP5 / CS_BF_OP5
Distance,WIDTH_6_OP5,D1,3.786,3.500,0.286,-0.150,0.300,,SRF_OW_6_OP5 - SRF_IW_6_OP5 / CS_BF_OP5
Distance,DEPTH_1_OP5,Z,-5.142,-5.000,-0.142,-0.250,0.250,,SRF_DP_1_OP5 - SRF_Z_1_OP5 / CS_BF_OP5
Distance,DEPTH_2_OP5,Z,-5.137,-5.000,-0.137,-0.250,0.250,,SRF_DP_2_OP5 - SRF_Z_2_OP5 / CS_BF_OP5
Distance,DEPTH_3_OP5,Z,-5.057,-5.000,-0.057,-0.250,0.250,,SRF_DP_3_OP5 - SRF_Z_3_OP5 / CS_BF_OP5
Distance,DEPTH_4_OP5,Z,-5.055,-5.000,-0.055,-0.250,0.250,,SRF_DP_4_OP5 - SRF_Z_4_OP5 / CS_BF_OP5
Distance,DEPTH_5_OP5,Z,-5.027,-5.000,-0.027,-0.250,0.250,,SRF_DP_5_OP5 - SRF_Z_5_OP5 / CS_BF_OP5
Distance,DEPTH_6_OP5,Z,-5.187,-5.000,-0.187,-0.250,0.250,,SRF_DP_6_OP5 - SRF_Z_6_OP5 / CS_BF_OP5
Distance,WIDTH_1_OP6,D1,3.615,3.500,0.115,-0.150,0.300,,SRF_OW_1_OP6 - SRF_IW_1_OP6 / CS_BF_OP6
Distance,WIDTH_2_OP6,D1,3.651,3.500,0.151,-0.150,0.300,,SRF_OW_2_OP6 - SRF_IW_2_OP6 / CS_BF_OP6
Distance,WIDTH_3_OP6,D1,3.662,3.500,0.162,-0.150,0.300,,SRF_OW_3_OP6 - SRF_IW_3_OP6 / CS_BF_OP6
Distance,WIDTH_4_OP6,D1,3.570,3.500,0.070,-0.150,0.300,,SRF_OW_4_OP6 - SRF_IW_4_OP6 / CS_BF_OP6
Distance,WIDTH_5_OP6,D1,3.662,3.500,0.162,-0.150,0.300,,SRF_OW_5_OP6 - SRF_IW_5_OP6 / CS_BF_OP6
Distance,WIDTH_6_OP6,D1,3.709,3.500,0.209,-0.150,0.300,,SRF_OW_6_OP6 - SRF_IW_6_OP6 / CS_BF_OP6
Distance,DEPTH_1_OP6,Z,-5.078,-5.000,-0.078,-0.250,0.250,,SRF_DP_1_OP6 - SRF_Z_1_OP6 / CS_BF_OP6
Distance,DEPTH_2_OP6,Z,-5.075,-5.000,-0.075,-0.250,0.250,,SRF_DP_2_OP6 - SRF_Z_2_OP6 / CS_BF_OP6
Distance,DEPTH_3_OP6,Z,-4.996,-5.000,0.004,-0.250,0.250,,SRF_DP_3_OP6 - SRF_Z_3_OP6 / CS_BF_OP6
Distance,DEPTH_4_OP6,Z,-5.033,-5.000,-0.033,-0.250,0.250,,SRF_DP_4_OP6 - SRF_Z_4_OP6 / CS_BF_OP6
Distance,DEPTH_5_OP6,Z,-4.969,-5.000,0.031,-0.250,0.250,,SRF_DP_5_OP6 - SRF_Z_5_OP6 / CS_BF_OP6
Distance,DEPTH_6_OP6,Z,-5.119,-5.000,-0.119,-0.250,0.250,,SRF_DP_6_OP6 - SRF_Z_6_OP6 / CS_BF_OP6
Distance,WIDTH_1_OP7,D1,3.625,3.500,0.125,-0.150,0.300,,SRF_OW_1_OP7 - SRF_IW_1_OP7 / CS_BF_OP7
Distance,WIDTH_2_OP7,D1,3.635,3.500,0.135,-0.150,0.300,,SRF_OW_2_OP7 - SRF_IW_2_OP7 / CS_BF_OP7
Distance,WIDTH_3_OP7,D1,3.677,3.500,0.177,-0.150,0.300,,SRF_OW_3_OP7 - SRF_IW_3_OP7 / CS_BF_OP7
Distance,WIDTH_4_OP7,D1,3.567,3.500,0.067,-0.150,0.300,,SRF_OW_4_OP7 - SRF_IW_4_OP7 / CS_BF_OP7
Distance,WIDTH_5_OP7,D1,3.621,3.500,0.121,-0.150,0.300,,SRF_OW_5_OP7 - SRF_IW_5_OP7 / CS_BF_OP7
Distance,WIDTH_6_OP7,D1,3.681,3.500,0.181,-0.150,0.300,,SRF_OW_6_OP7 - SRF_IW_6_OP7 / CS_BF_OP7
Distance,DEPTH_1_OP7,Z,-5.056,-5.000,-0.056,-0.250,0.250,,SRF_DP_1_OP7 - SRF_Z_1_OP7 / CS_BF_OP7
Distance,DEPTH_2_OP7,Z,-5.077,-5.000,-0.077,-0.250,0.250,,SRF_DP_2_OP7 - SRF_Z_2_OP7 / CS_BF_OP7
Distance,DEPTH_3_OP7,Z,-4.979,-5.000,0.021,-0.250,0.250,,SRF_DP_3_OP7 - SRF_Z_3_OP7 / CS_BF_OP7
Distance,DEPTH_4_OP7,Z,-5.003,-5.000,-0.003,-0.250,0.250,,SRF_DP_4_OP7 - SRF_Z_4_OP7 / CS_BF_OP7
Distance,DEPTH_5_OP7,Z,-4.961,-5.000,0.039,-0.250,0.250,,SRF_DP_5_OP7 - SRF_Z_5_OP7 / CS_BF_OP7
Distance,DEPTH_6_OP7,Z,-5.091,-5.000,-0.091,-0.250,0.250,,SRF_DP_6_OP7 - SRF_Z_6_OP7 / CS_BF_OP7
Distance,WIDTH_1_OP8,D1,3.591,3.500,0.091,-0.150,0.300,,SRF_OW_1_OP8 - SRF_IW_1_OP8 / CS_BF_OP8
Distance,WIDTH_2_OP8,D1,3.631,3.500,0.131,-0.150,0.300,,SRF_OW_2_OP8 - SRF_IW_2_OP8 / CS_BF_OP8
Distance,WIDTH_3_OP8,D1,3.653,3.500,0.153,-0.150,0.300,,SRF_OW_3_OP8 - SRF_IW_3_OP8 / CS_BF_OP8
Distance,WIDTH_4_OP8,D1,3.562,3.500,0.062,-0.150,0.300,,SRF_OW_4_OP8 - SRF_IW_4_OP8 / CS_BF_OP8
Distance,WIDTH_5_OP8,D1,3.632,3.500,0.132,-0.150,0.300,,SRF_OW_5_OP8 - SRF_IW_5_OP8 / CS_BF_OP8
Distance,WIDTH_6_OP8,D1,3.677,3.500,0.177,-0.150,0.300,,SRF_OW_6_OP8 - SRF_IW_6_OP8 / CS_BF_OP8
Distance,DEPTH_1_OP8,Z,-5.094,-5.000,-0.094,-0.250,0.250,,SRF_DP_1_OP8 - SRF_Z_1_OP8 / CS_BF_OP8
Distance,DEPTH_2_OP8,Z,-5.140,-5.000,-0.140,-0.250,0.250,,SRF_DP_2_OP8 - SRF_Z_2_OP8 / CS_BF_OP8
Distance,DEPTH_3_OP8,Z,-5.010,-5.000,-0.010,-0.250,0.250,,SRF_DP_3_OP8 - SRF_Z_3_OP8 / CS_BF_OP8
Distance,DEPTH_4_OP8,Z,-5.034,-5.000,-0.034,-0.250,0.250,,SRF_DP_4_OP8 - SRF_Z_4_OP8 / CS_BF_OP8
Distance,DEPTH_5_OP8,Z,-4.994,-5.000,0.006,-0.250,0.250,,SRF_DP_5_OP8 - SRF_Z_5_OP8 / CS_BF_OP8
Distance,DEPTH_6_OP8,Z,-5.129,-5.000,-0.129,-0.250,0.250,,SRF_DP_6_OP8 - SRF_Z_6_OP8 / CS_BF_OP8
Circle,M,DIAM,5.005,5.000,0.005,,,,Criterion : Least Square (From 6 Pts On Z) 
Circle,M,X,-0.084,0.000,-0.084,,,,
Circle,M,Y,0.062,-0.000,0.062,,,,
Circle,N,DIAM,4.490,4.500,-0.010,,,,Criterion : Least Square (From 6 Pts On Z) 
Circle,N,X,-412.543,-413.000,0.457,,,,
Circle,N,Y,133.379,133.500,-0.121,,,,
Circle,CIR_INS_47,X,-16.354,-16.000,-0.354,,,,Criterion : Least Square (From 6 Pts On PL_INS_47) 
Circle,CIR_INS_47,Y,-15.827,-15.500,-0.327,,,,
Circle,CIR_INS_48,X,-139.495,-139.500,0.005,,,,Criterion : Least Square (From 6 Pts On PL_INS_48) 
Circle,CIR_INS_48,Y,-15.684,-15.500,-0.184,,,,
Circle,CIR_INS_49,X,-342.177,-342.500,0.323,,,,Criterion : Least Square (From 6 Pts On PL_INS_49) 
Circle,CIR_INS_49,Y,-15.591,-15.500,-0.091,,,,
Circle,CIR_INS_50,X,-384.838,-385.000,0.162,,,,Criterion : Least Square (From 6 Pts On PL_INS_50) 
Circle,CIR_INS_50,Y,147.619,147.500,0.119,,,,
Circle,CIR_INS_51,X,-182.671,-182.500,-0.171,,,,Criterion : Least Square (From 6 Pts On PL_INS_51) 
Circle,CIR_INS_51,Y,147.665,147.500,0.165,,,,
Circle,CIR_INS_52,X,-68.838,-68.500,-0.338,,,,Criterion : Least Square (From 6 Pts On PL_INS_52) 
Circle,CIR_INS_52,Y,147.877,147.500,0.377,,,,
