Feat. Type,Feat. Name,Value,Actual,Nominal,Dev.,Tol-,Tol+,Out of Tol.,Comment
Text/Value,VAR_PROGRAM,VAL,,,,,,,'N:\Metrolog XG\Programmes\V10 6.8L Triton\V10 6.8L Triton Stage-1 Module 51.gm2'
Text/Value,VAR_EVENEMENT,VAL,,,,,,,'Smed de nuit'
Text/Value,VAR_COMMENTAIRES,VAL,,,,,,,'Part No.336 B'
Flatness,FLAT_N,FLTN,0.722,0.000,0.722,0.000,2.000,,PL_DATUM_N
Circle,CIR_50,X,45.591,45.400,0.191,,,,Criterion : Least Square (From 6 Pts On PL_PLAST_50) 
Circle,CIR_50,Y,-40.668,-40.000,-0.668,,,,
Pos. Tol.,POS_50,PTOL,1.389,0.000,1.389,0.000,5.000,,CIR_50/NOMINAL - CS_MNL_BF - C-Zone - XY - Nominal
Circle,CIR_51,X,45.424,45.400,0.024,,,,Criterion : Least Square (From 6 Pts On PL_PLAST_51) 
Circle,CIR_51,Y,-123.070,-123.000,-0.070,,,,
Pos. Tol.,POS_51,PTOL,0.147,0.000,0.147,0.000,5.000,,CIR_51/NOMINAL - CS_MNL_BF - C-Zone - XY - Nominal
Circle,CIR_52,X,45.473,45.400,0.073,,,,Criterion : Least Square (From 6 Pts On PL_PLAST_52) 
Circle,CIR_52,Y,-205.372,-205.000,-0.372,,,,
Pos. Tol.,POS_52,PTOL,0.759,0.000,0.759,0.000,5.000,,CIR_52/NOMINAL - CS_MNL_BF - C-Zone - XY - Nominal
Circle,CIR_53,X,45.672,45.400,0.272,,,,Criterion : Least Square (From 6 Pts On PL_PLAST_53) 
Circle,CIR_53,Y,-287.774,-287.000,-0.774,,,,
Pos. Tol.,POS_53,PTOL,1.641,0.000,1.641,0.000,5.000,,CIR_53/NOMINAL - CS_MNL_BF - C-Zone - XY - Nominal
Circle,CIR_54,X,45.727,45.400,0.327,,,,Criterion : Least Square (From 6 Pts On PL_PLAST_54) 
Circle,CIR_54,Y,-370.059,-370.000,-0.059,,,,
Pos. Tol.,POS_54,PTOL,0.665,0.000,0.665,0.000,5.000,,CIR_54/NOMINAL - CS_MNL_BF - C-Zone - XY - Nominal
Circle,CIR_55,X,23.184,23.200,-0.016,,,,Criterion : Least Square (From 6 Pts On PL_PLAST_55) 
Circle,CIR_55,Y,-420.000,-419.000,-1.000,,,,
Pos. Tol.,POS_55,PTOL,1.999,0.000,1.999,0.000,5.000,,CIR_55/NOMINAL - CS_MNL_BF - C-Zone - XY - Nominal
Circle,CIR_56,X,-22.747,-22.800,0.053,,,,Criterion : Least Square (From 6 Pts On PL_PLAST_56) 
Circle,CIR_56,Y,-420.244,-419.000,-1.244,,,,
Pos. Tol.,POS_56,PTOL,2.490,0.000,2.490,0.000,5.000,,CIR_56/NOMINAL - CS_MNL_BF - C-Zone - XY - Nominal
Circle,CIR_57,X,-44.919,-44.700,-0.219,,,,Criterion : Least Square (From 6 Pts On PL_PLAST_57) 
Circle,CIR_57,Y,-329.437,-329.000,-0.437,,,,
Pos. Tol.,POS_57,PTOL,0.978,0.000,0.978,0.000,5.000,,CIR_57/NOMINAL - CS_MNL_BF - C-Zone - XY - Nominal
Circle,CIR_58,X,-45.196,-44.700,-0.496,,,,Criterion : Least Square (From 6 Pts On PL_PLAST_58) 
Circle,CIR_58,Y,-247.009,-246.000,-1.009,,,,
Pos. Tol.,POS_58,PTOL,2.249,0.000,2.249,0.000,5.000,,CIR_58/NOMINAL - CS_MNL_BF - C-Zone - XY - Nominal
Circle,CIR_59,X,-45.189,-44.700,-0.489,,,,Criterion : Least Square (From 6 Pts On PL_PLAST_59) 
Circle,CIR_59,Y,-164.395,-164.000,-0.395,,,,
Pos. Tol.,POS_59,PTOL,1.258,0.000,1.258,0.000,5.000,,CIR_59/NOMINAL - CS_MNL_BF - C-Zone - XY - Nominal
Circle,CIR_60,X,-45.251,-44.700,-0.551,,,,Criterion : Least Square (From 6 Pts On PL_PLAST_60) 
Circle,CIR_60,Y,-82.229,-81.000,-1.229,,,,
Pos. Tol.,POS_60,PTOL,2.693,0.000,2.693,0.000,5.000,,CIR_60/NOMINAL - CS_MNL_BF - C-Zone - XY - Nominal
Circle,CIR_61,X,-60.087,-59.800,-0.287,,,,Criterion : Least Square (From 6 Pts On PL_PLAST_61) 
Circle,CIR_61,Y,-20.513,-20.000,-0.513,,,,
Pos. Tol.,POS_61,PTOL,1.175,0.000,1.175,0.000,5.000,,CIR_61/NOMINAL - CS_MNL_BF - C-Zone - XY - Nominal
Circle,2D_CIR_50,X,0.468,0.000,0.468,,,,
Circle,2D_CIR_50,Y,164.933,165.000,-0.067,,,,
Pos. Tol.,POS_2D_50,PTOL,0.946,0.000,0.946,0.000,2.000,,2D_CIR_50/NOMINAL - CS_N_52_50_BF_ - C-Zone - XY - Nominal
Circle,2D_CIR_51,X,0.219,0.000,0.219,,,,
Circle,2D_CIR_51,Y,82.531,82.000,0.531,,,,
Pos. Tol.,POS_2D_51,PTOL,1.149,0.000,1.149,0.000,2.000,,2D_CIR_51/NOMINAL - CS_N_52_50_BF_ - C-Zone - XY - Nominal
Circle,2D_CIR_52,X,0.187,0.000,0.187,,,,
Circle,2D_CIR_52,Y,0.229,0.000,0.229,,,,
Pos. Tol.,POS_2D_52,PTOL,0.591,0.000,0.591,0.000,2.000,,2D_CIR_52/NOMINAL - CS_N_52_50_BF_ - C-Zone - XY - Nominal
Circle,2D_CIR_53,X,0.304,0.000,0.304,,,,
Circle,2D_CIR_53,Y,-82.173,-82.000,-0.173,,,,
Pos. Tol.,POS_2D_53,PTOL,0.700,0.000,0.700,0.000,2.000,,2D_CIR_53/NOMINAL - CS_N_52_50_BF_ - C-Zone - XY - Nominal
Circle,2D_CIR_54,X,0.277,0.000,0.277,,,,
Circle,2D_CIR_54,Y,-164.458,-165.000,0.542,,,,
Pos. Tol.,POS_2D_54,PTOL,1.216,0.000,1.216,0.000,2.000,,2D_CIR_54/NOMINAL - CS_N_52_50_BF_ - C-Zone - XY - Nominal
Circle,2D_CIR_55,X,-22.316,-22.200,-0.116,,,,
Circle,2D_CIR_55,Y,-214.376,-214.000,-0.376,,,,
Pos. Tol.,POS_2D_55,PTOL,0.787,0.000,0.787,0.000,2.000,,2D_CIR_55/NOMINAL - CS_N_52_50_BF_ - C-Zone - XY - Nominal
Circle,2D_CIR_56,X,-68.247,-68.200,-0.047,,,,
Circle,2D_CIR_56,Y,-214.575,-214.000,-0.575,,,,
Pos. Tol.,POS_2D_56,PTOL,1.153,0.000,1.153,0.000,2.000,,2D_CIR_56/NOMINAL - CS_N_52_50_BF_ - C-Zone - XY - Nominal
Circle,2D_CIR_57,X,-90.329,-90.100,-0.229,,,,
Circle,2D_CIR_57,Y,-123.746,-124.000,0.254,,,,
Pos. Tol.,POS_2D_57,PTOL,0.684,0.000,0.684,0.000,2.000,,2D_CIR_57/NOMINAL - CS_N_52_50_BF_ - C-Zone - XY - Nominal
Circle,2D_CIR_58,X,-90.524,-90.100,-0.424,,,,
Circle,2D_CIR_58,Y,-41.318,-41.000,-0.318,,,,
Pos. Tol.,POS_2D_58,PTOL,1.059,0.000,1.059,0.000,2.000,,2D_CIR_58/NOMINAL - CS_N_52_50_BF_ - C-Zone - XY - Nominal
Circle,2D_CIR_59,X,-90.435,-90.100,-0.335,,,,
Circle,2D_CIR_59,Y,41.297,41.000,0.297,,,,
Pos. Tol.,POS_2D_59,PTOL,0.895,0.000,0.895,0.000,2.000,,2D_CIR_59/NOMINAL - CS_N_52_50_BF_ - C-Zone - XY - Nominal
Circle,2D_CIR_60,X,-90.415,-90.100,-0.315,,,,
Circle,2D_CIR_60,Y,123.463,124.000,-0.537,,,,
Pos. Tol.,POS_2D_60,PTOL,1.246,0.000,1.246,0.000,2.000,,2D_CIR_60/NOMINAL - CS_N_52_50_BF_ - C-Zone - XY - Nominal
Circle,2D_CIR_61,X,-105.189,-105.200,0.011,,,,
Circle,2D_CIR_61,Y,185.193,185.000,0.193,,,,
Pos. Tol.,POS_2D_61,PTOL,0.387,0.000,0.387,0.000,2.000,,2D_CIR_61/NOMINAL - CS_N_52_50_BF_ - C-Zone - XY - Nominal
Distance,H50,Z,-12.047,-12.000,-0.047,-0.500,0.500,,PNT_BOTTOM_50 - PL_PLAST_50 / CS_N_52_50_BF
Distance,H51,Z,-12.234,-12.000,-0.234,-0.500,0.500,,PNT_BOTTOM_51 - PL_PLAST_51 / CS_N_52_50_BF
Distance,H52,Z,-12.064,-12.000,-0.064,-0.500,0.500,,PNT_BOTTOM_52 - PL_PLAST_52 / CS_N_52_50_BF
Distance,H53,Z,-12.343,-12.000,-0.343,-0.500,0.500,,PNT_BOTTOM_53 - PL_PLAST_53 / CS_N_52_50_BF
Distance,H54,Z,-12.197,-12.000,-0.197,-0.500,0.500,,PNT_BOTTOM_54 - PL_PLAST_54 / CS_N_52_50_BF
Distance,H55,Z,-12.105,-12.000,-0.105,-0.500,0.500,,PNT_BOTTOM_55 - PL_PLAST_55 / CS_N_52_50_BF
Distance,H56,Z,-12.367,-12.000,-0.367,-0.500,0.500,,PNT_BOTTOM_56 - PL_PLAST_56 / CS_N_52_50_BF
Distance,H57,Z,-12.291,-12.000,-0.291,-0.500,0.500,,PNT_BOTTOM_57 - PL_PLAST_57 / CS_N_52_50_BF
Distance,H58,Z,-12.208,-12.000,-0.208,-0.500,0.500,,PNT_BOTTOM_58 - PL_PLAST_58 / CS_N_52_50_BF
Distance,H59,Z,-12.353,-12.000,-0.353,-0.500,0.500,,PNT_BOTTOM_59 - PL_PLAST_59 / CS_N_52_50_BF
Distance,H60,Z,-12.218,-12.000,-0.218,-0.500,0.500,,PNT_BOTTOM_60 - PL_PLAST_60 / CS_N_52_50_BF
Distance,H61,Z,-12.361,-12.000,-0.361,-0.500,0.500,,PNT_BOTTOM_61 - PL_PLAST_61 / CS_N_52_50_BF
Profile of Line,PROF_LSRC_OP_1,PRFL,0.969,0.000,0.969,0.000,2.000,,SCT_LSRC_OP10
Profile of Line,PROF_LSRC_OP_2,PRFL,1.249,0.000,1.249,0.000,2.000,,SCT_LSRC_OP2
Profile of Line,PROF_LSRC_OP_3,PRFL,1.492,0.000,1.492,0.000,2.000,,SCT_LSRC_OP3
Profile of Line,PROF_LSRC_OP_4,PRFL,1.117,0.000,1.117,0.000,2.000,,SCT_LSRC_OP4
Profile of Line,PROF_LSRC_OP_5,PRFL,1.546,0.000,1.546,0.000,2.000,,SCT_LSRC_OP5
Profile of Line,PROF_LSRC_OP_6,PRFL,0.863,0.000,0.863,0.000,2.000,,SCT_LSRC_OP6
Profile of Line,PROF_LSRC_OP_7,PRFL,1.587,0.000,1.587,0.000,2.000,,SCT_LSRC_OP7
Profile of Line,PROF_LSRC_OP_8,PRFL,0.890,0.000,0.890,0.000,2.000,,SCT_LSRC_OP8
Profile of Line,PROF_LSRC_OP_9,PRFL,1.050,0.000,1.050,0.000,2.000,,SCT_LSRC_OP9
Profile of Line,PROF_LSRC_OP_10,PRFL,0.969,0.000,0.969,0.000,2.000,,SCT_LSRC_OP10
