Feat. Type,Feat. Name,Value,Actual,Nominal,Dev.,Tol-,Tol+,Out of Tol.,Comment
Text/Value,VAR_PROGRAM,VAL,,,,,,,'N:\Metrolog XG\Programmes\Dual Plenum\Dual Plenum Complete (Module 18).gm2'
Text/Value,VAR_EVENEMENT,VAL,,,,,,,'Demarrage'
Text/Value,VAR_COMMENTAIRES,VAL,,,,,,,'349 B'
Circle,CIR_1,X,-0.219,0.000,-0.219,,,,Criterion : Least Square (From 6 Pts On PL_FIXTURE) 
Circle,CIR_1,Z,0.015,0.000,0.015,,,,
Circle,CIR_2,X,307.635,307.500,0.135,,,,Criterion : Least Square (From 6 Pts On PL_FIXTURE) 
Circle,CIR_2,Z,54.078,54.000,0.078,,,,
Circle,CIR_3,X,202.088,202.000,0.088,,,,Criterion : Least Square (From 6 Pts On PL_FIXTURE) 
Circle,CIR_3,Z,7.935,8.000,-0.065,,,,
Circle,CIR_4,X,105.496,105.500,-0.004,,,,Criterion : Least Square (From 6 Pts On PL_FIXTURE) 
Circle,CIR_4,Z,45.971,46.000,-0.029,,,,
Pos. Tol.,POS_1,PTOL,0.440,0.000,0.440,0.000,0.800,,CIR_1/NOMINAL - CS_ABC_BF - C-Zone - XZ - Nominal
Pos. Tol.,POS_2,PTOL,0.312,0.000,0.312,0.000,0.800,,CIR_2/NOMINAL - CS_ABC_BF - C-Zone - XZ - Nominal
Pos. Tol.,POS_3,PTOL,0.218,0.000,0.218,0.000,0.750,,CIR_3/NOMINAL - CS_ABC_BF - C-Zone - XZ - Nominal
Pos. Tol.,POS_4,PTOL,0.057,0.000,0.057,0.000,0.750,,CIR_4/NOMINAL - CS_ABC_BF - C-Zone - XZ - Nominal
Circle,CIR_3_TOP,X,202.264,202.000,0.264,,,,Criterion : Least Square (From 6 Pts On PL_FIXTURE) 
Circle,CIR_3_TOP,Z,7.015,8.000,-0.985,,,,
Pos. Tol.,POS_3_TOP,PTOL,2.040,0.000,2.040,0.000,1.450,0.590,CIR_3_TOP/NOMINAL - CS_ABC_BF - C-Zone - XZ - Nominal
Circle,CIR_4_TOP,X,106.078,105.500,0.578,,,,Criterion : Least Square (From 6 Pts On PL_FIXTURE) 
Circle,CIR_4_TOP,Z,45.156,46.000,-0.844,,,,
Pos. Tol.,POS_4_TOP,PTOL,2.046,0.000,2.046,0.000,1.450,0.596,CIR_4_TOP/NOMINAL - CS_ABC_BF - C-Zone - XZ - Nominal
Circle,CIR_9,X,-144.278,-144.600,0.322,,,,Criterion : Least Square (From 10 Pts On PL_DATUM_D) 
Circle,CIR_9,Y,83.032,82.600,0.432,,,,
Circle,CIR_9,Z,150.622,151.700,-1.078,,,,
Pos. Tol.,POS_9,PTOL,2.409,0.000,2.409,0.000,5.000,,CIR_9/NOMINAL - CS_ABC_BF - C-Zone - XYZ - Nominal
Circle,CIR_5,X,-166.460,-166.070,-0.390,,,,Criterion : Least Square (From 6 Pts On PL_INS_5) 
Circle,CIR_5,Y,115.581,115.600,-0.019,,,,
Circle,CIR_5,Z,182.041,183.050,-1.009,,,,
Pos. Tol.,POS_5,PTOL,2.163,0.000,2.163,0.000,5.000,,CIR_5/NOMINAL - CS_ABC_BF - C-Zone - XYZ - Nominal
Circle,CIR_6,X,-122.412,-123.130,0.718,,,,Criterion : Least Square (From 6 Pts On PL_INS_6) 
Circle,CIR_6,Y,116.427,115.600,0.827,,,,
Circle,CIR_6,Z,120.099,120.350,-0.251,,,,
Pos. Tol.,POS_6,PTOL,2.247,0.000,2.247,0.000,5.000,,CIR_6/NOMINAL - CS_ABC_BF - C-Zone - XYZ - Nominal
Circle,CIR_7,X,-122.302,-123.130,0.828,,,,Criterion : Least Square (From 6 Pts On PL_INS_7) 
Circle,CIR_7,Y,50.476,49.600,0.876,,,,
Circle,CIR_7,Z,119.368,120.350,-0.982,,,,
Pos. Tol.,POS_7,PTOL,3.110,0.000,3.110,0.000,5.000,,CIR_7/NOMINAL - CS_ABC_BF - C-Zone - XYZ - Nominal
Circle,CIR_8,X,-166.231,-166.070,-0.161,,,,Criterion : Least Square (From 6 Pts On PL_INS_8) 
Circle,CIR_8,Y,49.650,49.600,0.050,,,,
Circle,CIR_8,Z,181.365,183.050,-1.685,,,,
Pos. Tol.,POS_8,PTOL,3.388,0.000,3.388,0.000,5.000,,CIR_8/NOMINAL - CS_ABC_BF - C-Zone - XYZ - Nominal
Circle,2D_CIR_5,Y,32.955,33.000,-0.045,,,,
Circle,2D_CIR_5,Z,37.990,38.000,-0.010,,,,
Pos. Tol.,POS_2D_5,PTOL,0.093,0.000,0.093,0.000,0.500,,2D_CIR_5/NOMINAL - CS_DE_BF - C-Zone - YZ - Nominal
Circle,2D_CIR_6,Y,32.991,33.000,-0.009,,,,
Circle,2D_CIR_6,Z,-38.021,-38.000,-0.021,,,,
Pos. Tol.,POS_2D_6,PTOL,0.045,0.000,0.045,0.000,0.500,,2D_CIR_6/NOMINAL - CS_DE_BF - C-Zone - YZ - Nominal
Circle,2D_CIR_7,Y,-32.965,-33.000,0.035,,,,
Circle,2D_CIR_7,Z,-37.978,-38.000,0.022,,,,
Pos. Tol.,POS_2D_7,PTOL,0.083,0.000,0.083,0.000,0.500,,2D_CIR_7/NOMINAL - CS_DE_BF - C-Zone - YZ - Nominal
Circle,2D_CIR_8,Y,-32.981,-33.000,0.019,,,,
Circle,2D_CIR_8,Z,38.009,38.000,0.009,,,,
Pos. Tol.,POS_2D_8,PTOL,0.042,0.000,0.042,0.000,0.500,,2D_CIR_8/NOMINAL - CS_DE_BF - C-Zone - YZ - Nominal
Circle,CIR_12_GAGE,X,262.992,263.000,-0.008,,,,From 10 Pts On AUTO
Circle,CIR_12_GAGE,Y,89.446,88.100,1.346,,,,
Circle,CIR_12_GAGE,Z,291.930,293.000,-1.070,,,,
Pos. Tol.,POS_12,PTOL,3.440,0.000,3.440,0.000,5.000,,CIR_12_GAGE/NOMINAL - CS_ABC_BF - C-Zone - XYZ - Nominal
Circle,CIR_13,X,11.862,12.000,-0.138,,,,Criterion : Least Square (From 6 Pts On PL_DATUM_M) 
Circle,CIR_13,Y,25.305,25.400,-0.095,,,,
Pos. Tol.,POS_13,PTOL,0.335,0.000,0.335,0.000,0.500,,CIR_13/NOMINAL - CS_M_BF - C-Zone - XY - Nominal
Circle,CIR_14,X,11.932,12.000,-0.068,,,,Criterion : Least Square (From 6 Pts On PL_DATUM_M) 
Circle,CIR_14,Y,-25.383,-25.400,0.017,,,,
Pos. Tol.,POS_14,PTOL,0.141,0.000,0.141,0.000,0.500,,CIR_14/NOMINAL - CS_M_BF - C-Zone - XY - Nominal
Circle,CIR_15A,X,24.079,24.000,0.079,,,,Criterion : Least Square (From 6 Pts On PL_DATUM_M) 
Circle,CIR_15A,Y,-0.035,0.000,-0.035,,,,
Pos. Tol.,POS_15A,PTOL,0.172,0.000,0.172,0.000,0.500,,CIR_15A/NOMINAL - CS_M_BF - C-Zone - XY - Nominal
Circle,CIR_15B,X,0.127,0.000,0.127,,,,Criterion : Least Square (From 6 Pts On PL_DATUM_M) 
Circle,CIR_15B,Y,0.112,0.000,0.112,,,,
Pos. Tol.,POS_15B,PTOL,0.339,0.000,0.339,0.000,0.500,,CIR_15B/NOMINAL - CS_M_BF - C-Zone - XY - Nominal
Circle,CIR_16,X,-33.271,-34.100,0.829,,,,Criterion : Least Square (From 10 Pts On PL_PLAST_16) 
Circle,CIR_16,Y,-130.576,-130.300,-0.276,,,,
Circle,CIR_16,Z,-199.209,-199.800,0.591,,,,
Pos. Tol.,POS_16,PTOL,2.109,0.000,2.109,0.000,4.000,,CIR_16/NOMINAL - CS_ABC_BF_ROT - C-Zone - XYZ - Nominal
Circle,CIR_21,X,-58.151,-57.800,-0.351,,,,Criterion : Least Square (From 10 Pts On PL_21) 
Circle,CIR_21,Y,35.676,34.700,0.976,,,,
Circle,CIR_21,Z,270.133,269.700,0.433,,,,
Pos. Tol.,POS_21,PTOL,2.249,0.000,2.249,0.000,3.000,,CIR_21/NOMINAL - CS_ABC_BF - C-Zone - XYZ - Nominal
Circle,CIR_BRAKE_BOOST,X,-92.744,-92.700,-0.044,,,,Inters. PL_BRAKE_BOOST - CYL_BRAKE_BOOST.
Circle,CIR_BRAKE_BOOST,Y,135.119,134.700,0.419,,,,
Circle,CIR_BRAKE_BOOST,Z,211.155,211.900,-0.745,,,,
Pos. Tol.,POS_BRAKE_BOOSTER,PTOL,1.712,0.000,1.712,0.000,4.000,,CIR_BRAKE_BOOST/NOMINAL - CS_ABC_BF - C-Zone - XYZ - Nominal
Circle,CIR_PURGE,X,-129.980,-130.500,0.520,,,,Inters. PL_PURGE - CYL_PURGE.
Circle,CIR_PURGE,Y,89.591,88.000,1.591,,,,
Circle,CIR_PURGE,Z,262.874,262.400,0.474,,,,
Pos. Tol.,POS_PURGE,PTOL,3.478,0.000,3.478,0.000,4.000,,CIR_PURGE/NOMINAL - CS_ABC_BF - C-Zone - XYZ - Nominal
Circle,CIR_VACCUM,RAD,6.695,6.750,-0.055,,,,Inters. PL_VACCUM - CYL_VACCUM.
Circle,CIR_VACCUM,X,333.428,333.700,-0.272,,,,
Circle,CIR_VACCUM,Y,139.321,137.800,1.521,,,,
Circle,CIR_VACCUM,Z,192.389,193.100,-0.711,,,,
Pos. Tol.,POS_VACUUM,PTOL,3.401,0.000,3.401,0.000,4.000,,CIR_VACCUM/NOMINAL - CS_ABC_BF - C-Zone - XYZ - Nominal
