Feat. Type,Feat. Name,Value,Actual,Nominal,Dev.,Tol-,Tol+,Out of Tol.,Comment
Text/Value,VAR_PROGRAM,VAL,,,,,,,'N:\Metrolog XG\Programmes\Ford 3,5L GTDI\Ford 3.5L Free State (Module 44).gm2'
Text/Value,VAR_EVENEMENT,VAL,,,,,,,'OTS-2'
Text/Value,VAR_COMMENTAIRES,VAL,,,,,,,'P4'
Circle,CIR_FLANGE_1,X,-16.082,-15.944,-0.138,,,,Criterion : Least Square (From 8 Pts On PL_FLANGE_1) 
Circle,CIR_FLANGE_1,Z,-48.714,-48.650,-0.064,,,,
Circle,CIR_FLANGE_2,X,-43.665,-43.444,-0.221,,,,Criterion : Least Square (From 8 Pts On PL_FLANGE_2) 
Circle,CIR_FLANGE_2,Z,52.824,52.850,-0.026,,,,
Circle,CIR_FLANGE_3,X,-16.253,-15.944,-0.309,,,,Criterion : Least Square (From 8 Pts On PL_FLANGE_3) 
Circle,CIR_FLANGE_3,Z,158.755,158.849,-0.094,,,,
Circle,CIR_FLANGE_4,X,-43.436,-43.444,0.008,,,,Criterion : Least Square (From 8 Pts On PL_FLANGE_4) 
Circle,CIR_FLANGE_4,Z,264.825,264.849,-0.024,,,,
Circle,CIR_FLANGE_5,X,-221.831,-221.700,-0.131,,,,Criterion : Least Square (From 8 Pts On PL_FLANGE_5) 
Circle,CIR_FLANGE_5,Z,296.909,296.849,0.060,,,,
Circle,CIR_FLANGE_6,X,-195.056,-195.208,0.152,,,,Criterion : Least Square (From 8 Pts On PL_FLANGE_6) 
Circle,CIR_FLANGE_6,Z,195.476,195.349,0.127,,,,
Circle,CIR_FLANGE_7,X,-222.593,-222.700,0.107,,,,Criterion : Least Square (From 8 Pts On PL_FLANGE_7) 
Circle,CIR_FLANGE_7,Z,89.507,89.349,0.158,,,,
Circle,CIR_FLANGE_8,X,-195.181,-195.208,0.027,,,,Criterion : Least Square (From 8 Pts On PL_FLANGE_8) 
Circle,CIR_FLANGE_8,Z,-16.544,-16.651,0.107,,,,
Distance,BOSS_HEIGHT_1,D1,26.096,25.900,0.196,-0.200,0.100,0.096,CIR_TOP_1 - CIR_FLANGE_1 / CS_BF_MNTG_POINTS
Distance,BOSS_HEIGHT_2,D1,25.933,25.900,0.033,-0.200,0.100,,CIR_TOP_2 - CIR_FLANGE_2 / CS_BF_MNTG_POINTS
Distance,BOSS_HEIGHT_3,D1,26.010,25.900,0.110,-0.200,0.100,0.010,CIR_TOP_3 - CIR_FLANGE_3 / CS_BF_MNTG_POINTS
Distance,BOSS_HEIGHT_4,D1,26.194,25.900,0.294,-0.200,0.100,0.194,CIR_TOP_4 - CIR_FLANGE_4 / CS_BF_MNTG_POINTS
Distance,BOSS_HEIGHT_5,D1,26.036,25.900,0.136,-0.200,0.100,0.036,CIR_TOP_5 - CIR_FLANGE_5 / CS_BF_MNTG_POINTS
Distance,BOSS_HEIGHT_6,D1,26.005,25.900,0.105,-0.200,0.100,0.005,CIR_TOP_6 - CIR_FLANGE_6 / CS_BF_MNTG_POINTS
Distance,BOSS_HEIGHT_7,D1,26.046,25.900,0.146,-0.200,0.100,0.046,CIR_TOP_7 - CIR_FLANGE_7 / CS_BF_MNTG_POINTS
Distance,BOSS_HEIGHT_8,D1,26.085,25.900,0.185,-0.200,0.100,0.085,CIR_TOP_8 - CIR_FLANGE_8 / CS_BF_MNTG_POINTS
Pos. Tol.,POS_1,PTOL,0.305,0.000,0.305,0.000,1.500,,CIR_FLANGE_1/NOMINAL - CS_ABC - C-Zone - XZ - Nominal
Pos. Tol.,POS_2,PTOL,0.445,0.000,0.445,0.000,1.500,,CIR_FLANGE_2/NOMINAL - CS_ABC - C-Zone - XZ - Nominal
Pos. Tol.,POS_3,PTOL,0.647,0.000,0.647,0.000,1.500,,CIR_FLANGE_3/NOMINAL - CS_ABC - C-Zone - XZ - Nominal
Pos. Tol.,POS_4,PTOL,0.050,0.000,0.050,0.000,1.500,,CIR_FLANGE_4/NOMINAL - CS_ABC - C-Zone - XZ - Nominal
Pos. Tol.,POS_5,PTOL,0.288,0.000,0.288,0.000,1.500,,CIR_FLANGE_5/NOMINAL - CS_ABC - C-Zone - XZ - Nominal
Pos. Tol.,POS_6,PTOL,0.397,0.000,0.397,0.000,1.500,,CIR_FLANGE_6/NOMINAL - CS_ABC - C-Zone - XZ - Nominal
Pos. Tol.,POS_7,PTOL,0.381,0.000,0.381,0.000,1.500,,CIR_FLANGE_7/NOMINAL - CS_ABC - C-Zone - XZ - Nominal
Pos. Tol.,POS_8,PTOL,0.222,0.000,0.222,0.000,1.500,,CIR_FLANGE_8/NOMINAL - CS_ABC - C-Zone - XZ - Nominal
