Feat. Type,Feat. Name,Value,Actual,Nominal,Dev.,Tol-,Tol+,Out of Tol.,Comment
Text/Value,VAR_PROGRAM,VAL,,,,,,,'N:\Metrolog XG\Programmes\Corvette LT1\Corvette LT1 Free State Boss Height (Module 44).gm2'
Text/Value,VAR_EVENEMENT,VAL,,,,,,,'D�marage Stage 3'
Text/Value,VAR_COMMENTAIRES,VAL,,,,,,,'353 C'
Flatness,FLAT_DATUM_A,FLTN,0.406,0.000,0.406,0.000,2.000,,PL_DATUM_A
Flatness,FLAT_DATUM_B,FLTN,0.396,0.000,0.396,0.000,2.000,,PL_DATUM_B
Text/Value,H_PLASTIC_1,VAL,145.493187,145.620000,-0.126813,-0.375000,0.375000,,
Text/Value,H_PLASTIC_2,VAL,145.460319,145.620000,-0.159681,-0.375000,0.375000,,
Text/Value,H_PLASTIC_3,VAL,145.583227,145.620000,-0.036773,-0.375000,0.375000,,
Text/Value,H_PLASTIC_4,VAL,145.479001,145.620000,-0.140999,-0.375000,0.375000,,
Text/Value,H_PLASTIC_5,VAL,145.512029,145.620000,-0.107971,-0.375000,0.375000,,
Text/Value,H_PLASTIC_6,VAL,145.382526,145.620000,-0.237474,-0.375000,0.375000,,
Text/Value,H_PLASTIC_7,VAL,145.378929,145.620000,-0.241071,-0.375000,0.375000,,
Text/Value,H_PLASTIC_8,VAL,145.487960,145.620000,-0.132040,-0.375000,0.375000,,
Text/Value,H_PLASTIC_9,VAL,145.333312,145.620000,-0.286688,-0.375000,0.375000,,
Text/Value,H_PLASTIC_10,VAL,145.582326,145.620000,-0.037674,-0.375000,0.375000,,
