Feat. Type,Feat. Name,Value,Actual,Nominal,Dev.,Tol-,Tol+,Out of Tol.,Comment
Text/Value,VAR_PROGRAM,VAL,,,,,,,'N:\Metrolog XG\Programmes\Ford Transmission Pan 10R\Ford Transmission Pan 10R Complete (Module_51).gm2'
Text/Value,VAR_EVENEMENT,VAL,,,,,,,'PPAP'
Text/Value,VAR_COMMENTAIRES,VAL,,,,,,,'C2P15'
Text/Value,PROFILE_A,VAL,0.160985,0.000000,0.160985,0.000000,0.250000,,
Circle,CIR_1,DIAM,7.103,7.100,0.003,-0.050,0.050,,Criterion : Least Square (From 4 Pts On PL_FIXTURE) 
Circle,CIR_1,X,0.000,0.000,0.000,,,,
Circle,CIR_1,Z,0.000,0.000,0.000,,,,
Circle,CIR_2,DIAM,7.115,7.100,0.015,-0.050,0.050,,Criterion : Least Square (From 4 Pts On PL_FIXTURE) 
Circle,CIR_2,X,-80.168,-80.079,-0.090,,,,
Circle,CIR_2,Z,-2.963,-2.811,-0.152,,,,
Circle,CIR_3,DIAM,7.114,7.100,0.014,-0.050,0.050,,Criterion : Least Square (From 4 Pts On PL_FIXTURE) 
Circle,CIR_3,X,-170.171,-170.079,-0.092,,,,
Circle,CIR_3,Z,-2.832,-2.811,-0.021,,,,
Circle,CIR_4,DIAM,7.999,8.300,-0.301,-0.050,0.050,-0.251,Criterion : Least Square (From 4 Pts On PL_FIXTURE) 
Circle,CIR_4,X,-224.704,-224.499,-0.205,,,,
Circle,CIR_4,Z,-4.379,-4.571,0.192,,,,
Circle,CIR_5,DIAM,7.119,7.100,0.019,-0.050,0.050,,Criterion : Least Square (From 4 Pts On PL_FIXTURE) 
Circle,CIR_5,X,-249.723,-249.499,-0.224,,,,
Circle,CIR_5,Z,-1.514,-1.571,0.057,,,,
Circle,CIR_6,DIAM,7.111,7.100,0.011,-0.050,0.050,,Criterion : Least Square (From 4 Pts On PL_FIXTURE) 
Circle,CIR_6,X,-273.061,-272.679,-0.382,,,,
Circle,CIR_6,Z,78.244,78.140,0.104,,,,
Circle,CIR_7,DIAM,7.111,7.100,0.011,-0.050,0.050,,Criterion : Least Square (From 4 Pts On PL_FIXTURE) 
Circle,CIR_7,X,-273.075,-272.679,-0.397,,,,
Circle,CIR_7,Z,157.163,157.140,0.023,,,,
Circle,CIR_8,DIAM,7.110,7.100,0.010,-0.050,0.050,,Criterion : Least Square (From 4 Pts On PL_FIXTURE) 
Circle,CIR_8,X,-272.940,-272.679,-0.261,,,,
Circle,CIR_8,Z,236.177,236.140,0.038,,,,
Circle,CIR_9,DIAM,7.115,7.100,0.015,-0.050,0.050,,Criterion : Least Square (From 4 Pts On PL_FIXTURE) 
Circle,CIR_9,X,-272.856,-272.679,-0.177,,,,
Circle,CIR_9,Z,315.242,315.140,0.102,,,,
Circle,CIR_10,DIAM,7.111,7.100,0.011,-0.050,0.050,,Criterion : Least Square (From 4 Pts On PL_FIXTURE) 
Circle,CIR_10,X,-272.714,-272.679,-0.035,,,,
Circle,CIR_10,Z,394.207,394.140,0.068,,,,
Circle,CIR_11,DIAM,7.115,7.100,0.015,-0.050,0.050,,Criterion : Least Square (From 4 Pts On PL_FIXTURE) 
Circle,CIR_11,X,-254.670,-254.552,-0.119,,,,
Circle,CIR_11,Z,463.728,463.580,0.148,,,,
Circle,CIR_12,DIAM,7.114,7.100,0.014,-0.050,0.050,,Criterion : Least Square (From 4 Pts On PL_FIXTURE) 
Circle,CIR_12,X,-167.142,-166.879,-0.264,,,,
Circle,CIR_12,Z,474.728,474.589,0.138,,,,
Circle,CIR_13,DIAM,7.114,7.100,0.014,-0.050,0.050,,Criterion : Least Square (From 4 Pts On PL_FIXTURE) 
Circle,CIR_13,X,-79.352,-79.279,-0.073,,,,
Circle,CIR_13,Z,474.852,474.589,0.262,,,,
Circle,CIR_14,DIAM,8.107,8.300,-0.193,-0.050,0.050,-0.143,Criterion : Least Square (From 4 Pts On PL_FIXTURE) 
Circle,CIR_14,X,-19.667,-19.499,-0.168,,,,
Circle,CIR_14,Z,473.352,473.429,-0.076,,,,
Circle,CIR_15,DIAM,7.112,7.100,0.012,-0.050,0.050,,Criterion : Least Square (From 4 Pts On PL_FIXTURE) 
Circle,CIR_15,X,8.173,8.321,-0.149,,,,
Circle,CIR_15,Z,470.738,470.589,0.149,,,,
Circle,CIR_16,DIAM,7.117,7.100,0.017,-0.050,0.050,,Criterion : Least Square (From 4 Pts On PL_FIXTURE) 
Circle,CIR_16,X,17.223,17.321,-0.099,,,,
Circle,CIR_16,Z,387.555,387.439,0.116,,,,
Circle,CIR_17,DIAM,7.115,7.100,0.015,-0.050,0.050,,Criterion : Least Square (From 4 Pts On PL_FIXTURE) 
Circle,CIR_17,X,17.220,17.321,-0.101,,,,
Circle,CIR_17,Z,304.318,304.239,0.079,,,,
Circle,CIR_18,DIAM,7.116,7.100,0.016,-0.050,0.050,,Criterion : Least Square (From 4 Pts On PL_FIXTURE) 
Circle,CIR_18,X,17.332,17.321,0.010,,,,
Circle,CIR_18,Z,228.042,228.000,0.042,,,,
Circle,CIR_19,DIAM,7.118,7.100,0.018,-0.050,0.050,,Criterion : Least Square (From 4 Pts On PL_FIXTURE) 
Circle,CIR_19,X,17.548,17.321,0.226,,,,
Circle,CIR_19,Z,152.101,152.000,0.101,,,,
Circle,CIR_20,DIAM,7.118,7.100,0.018,-0.050,0.050,,Criterion : Least Square (From 4 Pts On PL_FIXTURE) 
Circle,CIR_20,X,17.502,17.321,0.181,,,,
Circle,CIR_20,Z,76.154,76.000,0.154,,,,
Pos. Tol.,POS_1,PTOL,0.000,0.000,0.000,0.000,0.800,,CIR_1/NOMINAL - CS_ABC - C-Zone - XZ - Nominal
Pos. Tol.,POS_2,PTOL,0.353,0.000,0.353,0.000,0.800,,CIR_2/NOMINAL - CS_ABC - C-Zone - XZ - Nominal
Pos. Tol.,POS_3,PTOL,0.189,0.000,0.189,0.000,0.800,,CIR_3/NOMINAL - CS_ABC - C-Zone - XZ - Nominal
Pos. Tol.,POS_4,PTOL,0.562,0.000,0.562,0.000,0.800,,CIR_4/NOMINAL - CS_ABC - C-Zone - XZ - Nominal
Pos. Tol.,POS_5,PTOL,0.462,0.000,0.462,0.000,0.800,,CIR_5/NOMINAL - CS_ABC - C-Zone - XZ - Nominal
Pos. Tol.,POS_6,PTOL,0.792,0.000,0.792,0.000,0.800,,CIR_6/NOMINAL - CS_ABC - C-Zone - XZ - Nominal
Pos. Tol.,POS_7,PTOL,0.794,0.000,0.794,0.000,0.800,,CIR_7/NOMINAL - CS_ABC - C-Zone - XZ - Nominal
Pos. Tol.,POS_8,PTOL,0.528,0.000,0.528,0.000,0.800,,CIR_8/NOMINAL - CS_ABC - C-Zone - XZ - Nominal
Pos. Tol.,POS_9,PTOL,0.409,0.000,0.409,0.000,0.800,,CIR_9/NOMINAL - CS_ABC - C-Zone - XZ - Nominal
Pos. Tol.,POS_10,PTOL,0.153,0.000,0.153,0.000,0.800,,CIR_10/NOMINAL - CS_ABC - C-Zone - XZ - Nominal
Pos. Tol.,POS_11,PTOL,0.379,0.000,0.379,0.000,0.800,,CIR_11/NOMINAL - CS_ABC - C-Zone - XZ - Nominal
Pos. Tol.,POS_12,PTOL,0.595,0.000,0.595,0.000,0.800,,CIR_12/NOMINAL - CS_ABC - C-Zone - XZ - Nominal
Pos. Tol.,POS_13,PTOL,0.545,0.000,0.545,0.000,0.800,,CIR_13/NOMINAL - CS_ABC - C-Zone - XZ - Nominal
Pos. Tol.,POS_14,PTOL,0.369,0.000,0.369,0.000,0.800,,CIR_14/NOMINAL - CS_ABC - C-Zone - XZ - Nominal
Pos. Tol.,POS_15,PTOL,0.421,0.000,0.421,0.000,0.800,,CIR_15/NOMINAL - CS_ABC - C-Zone - XZ - Nominal
Pos. Tol.,POS_16,PTOL,0.304,0.000,0.304,0.000,0.800,,CIR_16/NOMINAL - CS_ABC - C-Zone - XZ - Nominal
Pos. Tol.,POS_17,PTOL,0.257,0.000,0.257,0.000,0.800,,CIR_17/NOMINAL - CS_ABC - C-Zone - XZ - Nominal
Pos. Tol.,POS_18,PTOL,0.086,0.000,0.086,0.000,0.800,,CIR_18/NOMINAL - CS_ABC - C-Zone - XZ - Nominal
Pos. Tol.,POS_19,PTOL,0.495,0.000,0.495,0.000,0.800,,CIR_19/NOMINAL - CS_ABC - C-Zone - XZ - Nominal
Pos. Tol.,POS_20,PTOL,0.476,0.000,0.476,0.000,0.800,,CIR_20/NOMINAL - CS_ABC - C-Zone - XZ - Nominal
Perpend.,PERP_B,PERP,0.019,0.000,0.019,0.000,0.130,,CYL_B/PL_FIXTURE - C-Zone - Cloud of Points 
Profile of Line,PROFILE_INSIDE_PAN_AT_GAGE,PRFL,2.730,0.000,2.730,0.000,3.000,,SECTION_INSIDE_2.5MM
