Feat. Type,Feat. Name,Value,Actual,Nominal,Dev.,Tol-,Tol+,Out of Tol.,Comment
Text/Value,VAR_PROGRAM,VAL,,,,,,,'N:\Metrolog XG\Programmes\Ford Transmission Pan 10R\Ford Transmission Pan 10R Complete (Module_51).gm2'
Text/Value,VAR_EVENEMENT,VAL,,,,,,,'OTS-3'
Text/Value,VAR_COMMENTAIRES,VAL,,,,,,,'PART NO.1 C1'
Text/Value,PROFILE_A,VAL,0.206968,0.000000,0.206968,0.000000,0.250000,,
Circle,CIR_1,DIAM,10.876,7.100,3.776,-0.050,0.050,3.726,Criterion : Least Square (From 4 Pts On PL_FIXTURE) 
Circle,CIR_1,X,0.087,0.000,0.087,,,,
Circle,CIR_1,Z,0.082,0.000,0.082,,,,
Circle,CIR_2,DIAM,10.892,7.100,3.792,-0.050,0.050,3.742,Criterion : Least Square (From 4 Pts On PL_FIXTURE) 
Circle,CIR_2,X,-80.002,-80.079,0.077,,,,
Circle,CIR_2,Z,-2.678,-2.811,0.133,,,,
Circle,CIR_3,DIAM,10.882,7.100,3.782,-0.050,0.050,3.732,Criterion : Least Square (From 4 Pts On PL_FIXTURE) 
Circle,CIR_3,X,-169.976,-170.079,0.103,,,,
Circle,CIR_3,Z,-2.842,-2.811,-0.031,,,,
Circle,CIR_4,DIAM,7.984,8.300,-0.316,-0.050,0.050,-0.266,Criterion : Least Square (From 4 Pts On PL_FIXTURE) 
Circle,CIR_4,X,-224.464,-224.499,0.035,,,,
Circle,CIR_4,Z,-4.611,-4.571,-0.040,,,,
Circle,CIR_5,DIAM,10.964,7.100,3.864,-0.050,0.050,3.814,Criterion : Least Square (From 4 Pts On PL_FIXTURE) 
Circle,CIR_5,X,-249.466,-249.499,0.033,,,,
Circle,CIR_5,Z,-1.613,-1.571,-0.042,,,,
Circle,CIR_6,DIAM,10.951,7.100,3.851,-0.050,0.050,3.801,Criterion : Least Square (From 4 Pts On PL_FIXTURE) 
Circle,CIR_6,X,-272.525,-272.679,0.154,,,,
Circle,CIR_6,Z,78.093,78.140,-0.046,,,,
Circle,CIR_7,DIAM,10.849,7.100,3.749,-0.050,0.050,3.699,Criterion : Least Square (From 4 Pts On PL_FIXTURE) 
Circle,CIR_7,X,-272.666,-272.679,0.013,,,,
Circle,CIR_7,Z,157.087,157.140,-0.053,,,,
Circle,CIR_8,DIAM,10.862,7.100,3.762,-0.050,0.050,3.712,Criterion : Least Square (From 4 Pts On PL_FIXTURE) 
Circle,CIR_8,X,-272.661,-272.679,0.018,,,,
Circle,CIR_8,Z,236.055,236.140,-0.085,,,,
Circle,CIR_9,DIAM,10.969,7.100,3.869,-0.050,0.050,3.819,Criterion : Least Square (From 4 Pts On PL_FIXTURE) 
Circle,CIR_9,X,-272.720,-272.679,-0.041,,,,
Circle,CIR_9,Z,315.086,315.140,-0.053,,,,
Circle,CIR_10,DIAM,10.964,7.100,3.864,-0.050,0.050,3.814,Criterion : Least Square (From 4 Pts On PL_FIXTURE) 
Circle,CIR_10,X,-272.573,-272.679,0.105,,,,
Circle,CIR_10,Z,394.005,394.140,-0.135,,,,
Circle,CIR_11,DIAM,10.938,7.100,3.838,-0.050,0.050,3.788,Criterion : Least Square (From 4 Pts On PL_FIXTURE) 
Circle,CIR_11,X,-254.442,-254.552,0.110,,,,
Circle,CIR_11,Z,463.561,463.580,-0.019,,,,
Circle,CIR_12,DIAM,11.008,7.100,3.908,-0.050,0.050,3.858,Criterion : Least Square (From 4 Pts On PL_FIXTURE) 
Circle,CIR_12,X,-166.893,-166.879,-0.015,,,,
Circle,CIR_12,Z,474.572,474.589,-0.017,,,,
Circle,CIR_13,DIAM,10.951,7.100,3.851,-0.050,0.050,3.801,Criterion : Least Square (From 4 Pts On PL_FIXTURE) 
Circle,CIR_13,X,-79.359,-79.279,-0.081,,,,
Circle,CIR_13,Z,474.607,474.589,0.018,,,,
Circle,CIR_14,DIAM,7.949,8.300,-0.351,-0.050,0.050,-0.301,Criterion : Least Square (From 4 Pts On PL_FIXTURE) 
Circle,CIR_14,X,-19.537,-19.499,-0.038,,,,
Circle,CIR_14,Z,473.312,473.429,-0.117,,,,
Circle,CIR_15,DIAM,10.894,7.100,3.794,-0.050,0.050,3.744,Criterion : Least Square (From 4 Pts On PL_FIXTURE) 
Circle,CIR_15,X,8.270,8.321,-0.052,,,,
Circle,CIR_15,Z,470.642,470.589,0.053,,,,
Circle,CIR_16,DIAM,10.881,7.100,3.781,-0.050,0.050,3.731,Criterion : Least Square (From 4 Pts On PL_FIXTURE) 
Circle,CIR_16,X,17.359,17.321,0.038,,,,
Circle,CIR_16,Z,387.400,387.439,-0.039,,,,
Circle,CIR_17,DIAM,10.977,7.100,3.877,-0.050,0.050,3.827,Criterion : Least Square (From 4 Pts On PL_FIXTURE) 
Circle,CIR_17,X,17.169,17.321,-0.152,,,,
Circle,CIR_17,Z,304.233,304.239,-0.007,,,,
Circle,CIR_18,DIAM,10.977,7.100,3.877,-0.050,0.050,3.827,Criterion : Least Square (From 4 Pts On PL_FIXTURE) 
Circle,CIR_18,X,17.139,17.321,-0.182,,,,
Circle,CIR_18,Z,227.989,228.000,-0.011,,,,
Circle,CIR_19,DIAM,10.966,7.100,3.866,-0.050,0.050,3.816,Criterion : Least Square (From 4 Pts On PL_FIXTURE) 
Circle,CIR_19,X,17.098,17.321,-0.223,,,,
Circle,CIR_19,Z,152.150,152.000,0.150,,,,
Circle,CIR_20,DIAM,10.952,7.100,3.852,-0.050,0.050,3.802,Criterion : Least Square (From 4 Pts On PL_FIXTURE) 
Circle,CIR_20,X,17.266,17.321,-0.055,,,,
Circle,CIR_20,Z,76.078,76.000,0.078,,,,
Pos. Tol.,POS_1,PTOL,0.238,0.000,0.238,0.000,0.800,,CIR_1/NOMINAL - CS_SRF_BF - C-Zone - XZ - Nominal
Pos. Tol.,POS_2,PTOL,0.306,0.000,0.306,0.000,0.800,,CIR_2/NOMINAL - CS_SRF_BF - C-Zone - XZ - Nominal
Pos. Tol.,POS_3,PTOL,0.214,0.000,0.214,0.000,0.800,,CIR_3/NOMINAL - CS_SRF_BF - C-Zone - XZ - Nominal
Pos. Tol.,POS_4,PTOL,0.106,0.000,0.106,0.000,0.800,,CIR_4/NOMINAL - CS_SRF_BF - C-Zone - XZ - Nominal
Pos. Tol.,POS_5,PTOL,0.107,0.000,0.107,0.000,0.800,,CIR_5/NOMINAL - CS_SRF_BF - C-Zone - XZ - Nominal
Pos. Tol.,POS_6,PTOL,0.321,0.000,0.321,0.000,0.800,,CIR_6/NOMINAL - CS_SRF_BF - C-Zone - XZ - Nominal
Pos. Tol.,POS_7,PTOL,0.108,0.000,0.108,0.000,0.800,,CIR_7/NOMINAL - CS_SRF_BF - C-Zone - XZ - Nominal
Pos. Tol.,POS_8,PTOL,0.174,0.000,0.174,0.000,0.800,,CIR_8/NOMINAL - CS_SRF_BF - C-Zone - XZ - Nominal
Pos. Tol.,POS_9,PTOL,0.135,0.000,0.135,0.000,0.800,,CIR_9/NOMINAL - CS_SRF_BF - C-Zone - XZ - Nominal
Pos. Tol.,POS_10,PTOL,0.342,0.000,0.342,0.000,0.800,,CIR_10/NOMINAL - CS_SRF_BF - C-Zone - XZ - Nominal
Pos. Tol.,POS_11,PTOL,0.223,0.000,0.223,0.000,0.800,,CIR_11/NOMINAL - CS_SRF_BF - C-Zone - XZ - Nominal
Pos. Tol.,POS_12,PTOL,0.044,0.000,0.044,0.000,0.800,,CIR_12/NOMINAL - CS_SRF_BF - C-Zone - XZ - Nominal
Pos. Tol.,POS_13,PTOL,0.165,0.000,0.165,0.000,0.800,,CIR_13/NOMINAL - CS_SRF_BF - C-Zone - XZ - Nominal
Pos. Tol.,POS_14,PTOL,0.246,0.000,0.246,0.000,0.800,,CIR_14/NOMINAL - CS_SRF_BF - C-Zone - XZ - Nominal
Pos. Tol.,POS_15,PTOL,0.148,0.000,0.148,0.000,0.800,,CIR_15/NOMINAL - CS_SRF_BF - C-Zone - XZ - Nominal
Pos. Tol.,POS_16,PTOL,0.109,0.000,0.109,0.000,0.800,,CIR_16/NOMINAL - CS_SRF_BF - C-Zone - XZ - Nominal
Pos. Tol.,POS_17,PTOL,0.305,0.000,0.305,0.000,0.800,,CIR_17/NOMINAL - CS_SRF_BF - C-Zone - XZ - Nominal
Pos. Tol.,POS_18,PTOL,0.365,0.000,0.365,0.000,0.800,,CIR_18/NOMINAL - CS_SRF_BF - C-Zone - XZ - Nominal
Pos. Tol.,POS_19,PTOL,0.538,0.000,0.538,0.000,0.800,,CIR_19/NOMINAL - CS_SRF_BF - C-Zone - XZ - Nominal
Pos. Tol.,POS_20,PTOL,0.191,0.000,0.191,0.000,0.800,,CIR_20/NOMINAL - CS_SRF_BF - C-Zone - XZ - Nominal
Perpend.,PERP_B,PERP,0.015,0.000,0.015,0.000,0.130,,CYL_B/PL_FIXTURE - C-Zone - Cloud of Points 
Profile of Line,PROFILE_INSIDE_PAN_AT_GAGE,PRFL,2.921,0.000,2.921,0.000,3.000,,SECTION_INSIDE_2.5MM
Circle,CIR_21,DIAM,18.882,18.950,-0.068,-0.100,0.100,,Criterion : Least Square (From 20 Pts On PL_PLAST_TOP_21) 
Circle,CIR_21,X,-94.655,-94.500,-0.155,,,,
Circle,CIR_21,Z,123.585,123.400,0.185,,,,
Circle,CIR_21_OD,DIAM,21.377,21.400,-0.023,-0.100,0.100,,Proj. CIR_21_OD / PL_DATUM_E.
Pos. Tol.,POS_21,PTOL,0.483,0.000,0.483,0.000,1.000,,CIR_21/NOMINAL - CS_SRF_BF - C-Zone - XZ - Nominal
Coaxiality,CONCENTRICITY_21,COAX,0.077,0.000,0.077,0.000,0.300,,CIR_21_OD/CYL_D - C-Zone - Nominal
Distance,PROF_22.1,D1,10.318,10.300,0.018,-0.250,0.250,,SRF_21.1 - PL_DATUM_E / CS_SRF_BF
Distance,PROF_22.2,D1,10.272,10.300,-0.028,-0.250,0.250,,SRF_21.2 - PL_DATUM_E / CS_SRF_BF
Distance,PROF_22.3,D1,10.431,10.300,0.131,-0.250,0.250,,SRF_21.3 - PL_DATUM_E / CS_SRF_BF
Distance,PROF_22.4,D1,10.414,10.300,0.114,-0.250,0.250,,SRF_21.4 - PL_DATUM_E / CS_SRF_BF
Distance,PROF_22.5,D1,10.305,10.300,0.005,-0.250,0.250,,SRF_21.5 - PL_DATUM_E / CS_SRF_BF
Distance,PROF_22.6,D1,10.291,10.300,-0.009,-0.250,0.250,,SRF_21.6 - PL_DATUM_E / CS_SRF_BF
Distance,PROF_22.7,D1,10.278,10.300,-0.022,-0.250,0.250,,SRF_21.7 - PL_DATUM_E / CS_SRF_BF
Distance,PROF_22.8,D1,10.308,10.300,0.008,-0.250,0.250,,SRF_21.8 - PL_DATUM_E / CS_SRF_BF
Distance,PROF_E.1,D1,177.942,178.558,-0.616,,,,SRF_E.1 - ORIGIN / CS_SRF_BF
Distance,PROF_E.1,Y,61.865,61.400,0.465,-2.000,1.000,,
Distance,PROF_E.2,D1,179.832,180.424,-0.592,,,,SRF_E.2 - ORIGIN / CS_SRF_BF
Distance,PROF_E.2,Y,61.958,61.400,0.558,-2.000,1.000,,
Distance,PROF_E.3,D1,181.547,182.116,-0.569,,,,SRF_E.3 - ORIGIN / CS_SRF_BF
Distance,PROF_E.3,Y,62.045,61.400,0.645,-2.000,1.000,,
Distance,PROF_E.4,D1,155.338,156.154,-0.816,,,,SRF_E.4 - ORIGIN / CS_SRF_BF
Distance,PROF_E.4,Y,61.302,61.400,-0.098,-2.000,1.000,,
Distance,PROF_E.5,D1,153.484,154.303,-0.818,,,,SRF_E.5 - ORIGIN / CS_SRF_BF
Distance,PROF_E.5,Y,61.306,61.400,-0.094,-2.000,1.000,,
Distance,PROF_E.6,D1,151.834,152.659,-0.826,,,,SRF_E.6 - ORIGIN / CS_SRF_BF
Distance,PROF_E.6,Y,61.302,61.400,-0.098,-2.000,1.000,,
Distance,PROF_E.7,D1,169.287,170.175,-0.888,,,,SRF_E.7 - ORIGIN / CS_SRF_BF
Distance,PROF_E.7,Y,60.883,61.400,-0.517,-2.000,1.000,,
Distance,PROF_E.8,D1,169.678,170.585,-0.907,,,,SRF_E.8 - ORIGIN / CS_SRF_BF
Distance,PROF_E.8,Y,60.821,61.400,-0.579,-2.000,1.000,,
Distance,PROF_E.9,D1,170.062,170.474,-0.412,,,,SRF_E.9 - ORIGIN / CS_SRF_BF
Distance,PROF_E.9,Y,60.750,61.400,-0.650,-2.000,1.000,,
Section,SECTION_ZONE_1,MAX,0.429,0.000,0.429,-2.000,2.000,,15 Pts [0 < LT ; LT < 15 < UT ;  0 > UL]
Section,SECTION_ZONE_1,MIN,-0.502,0.000,-0.502,-2.000,2.000,,
Section,SECTION_ZONE_2,MAX,-1.252,0.000,-1.252,-2.500,1.500,,8 Pts [1 < LT ; LT < 7 < UT ;  0 > UL]
Section,SECTION_ZONE_2,MIN,-3.132,0.000,-3.132,-2.500,1.500,-0.632,
Section,SECTION_ZONE_3,MAX,-4.364,0.000,-4.364,-5.000,1.000,,1 Pts [0 < LT ; LT < 1 < UT ;  0 > UL]
Section,SECTION_ZONE_3,MIN,-4.364,0.000,-4.364,-5.000,1.000,,
Circle,CIR_22,DIAM,6.329,4.800,1.529,-0.100,0.100,1.429,Criterion : Least Square (From 6 Pts On PL_PLAST_22) 
Circle,CIR_22,Y,7.020,7.000,0.020,,,,
Circle,CIR_22,Z,429.471,429.300,0.171,,,,
Circle,CIR_23,DIAM,6.323,4.800,1.523,-0.100,0.100,1.423,Criterion : Least Square (From 6 Pts On PL_PLAST_23) 
Circle,CIR_23,Y,7.013,7.000,0.013,,,,
Circle,CIR_23,Z,354.665,354.400,0.265,,,,
Circle,CIR_24,DIAM,6.248,4.800,1.448,-0.100,0.100,1.348,Criterion : Least Square (From 6 Pts On PL_PLAST_24) 
Circle,CIR_24,Y,6.946,7.000,-0.054,,,,
Circle,CIR_24,Z,196.887,196.600,0.287,,,,
Circle,CIR_25,DIAM,6.363,4.800,1.563,-0.100,0.100,1.463,Criterion : Least Square (From 6 Pts On PL_PLAST_25) 
Circle,CIR_25,Y,7.014,7.000,0.014,,,,
Circle,CIR_25,Z,28.587,28.600,-0.013,,,,
Circle,CIR_26,DIAM,6.459,4.800,1.659,-0.100,0.100,1.559,Criterion : Least Square (From 6 Pts On PL_PLAST_26) 
Circle,CIR_26,Y,7.059,7.000,0.059,,,,
Circle,CIR_26,Z,265.961,266.100,-0.139,,,,
Circle,CIR_27,DIAM,6.385,4.800,1.585,-0.100,0.100,1.485,Criterion : Least Square (From 6 Pts On PL_PLAST_27) 
Circle,CIR_27,Y,7.031,7.000,0.031,,,,
Circle,CIR_27,Z,345.664,345.800,-0.136,,,,
Circle,CIR_28,DIAM,6.419,4.800,1.619,-0.100,0.100,1.519,Criterion : Least Square (From 6 Pts On PL_PLAST_28) 
Circle,CIR_28,Y,6.998,7.000,-0.002,,,,
Circle,CIR_28,Z,429.005,429.000,0.005,,,,
Pos. Tol.,POS_22,PTOL,0.345,0.000,0.345,0.000,2.000,,CIR_22/NOMINAL - CS_SRF_BF - C-Zone - YZ - Nominal
Pos. Tol.,POS_23,PTOL,0.532,0.000,0.532,0.000,2.000,,CIR_23/NOMINAL - CS_SRF_BF - C-Zone - YZ - Nominal
Pos. Tol.,POS_24,PTOL,0.585,0.000,0.585,0.000,0.250,0.335,CIR_24/NOMINAL - CS_SRF_BF - C-Zone - YZ - Nominal
Pos. Tol.,POS_25,PTOL,0.038,0.000,0.038,0.000,0.250,,CIR_25/NOMINAL - CS_SRF_BF - C-Zone - YZ - Nominal
Pos. Tol.,POS_26,PTOL,0.301,0.000,0.301,0.000,0.250,0.051,CIR_26/NOMINAL - CS_SRF_BF - C-Zone - YZ - Nominal
Pos. Tol.,POS_27,PTOL,0.278,0.000,0.278,0.000,2.000,,CIR_27/NOMINAL - CS_SRF_BF - C-Zone - YZ - Nominal
Pos. Tol.,POS_28,PTOL,0.012,0.000,0.012,0.000,0.250,,CIR_28/NOMINAL - CS_SRF_BF - C-Zone - YZ - Nominal
