Feat. Type,Feat. Name,Value,Actual,Nominal,Dev.,Tol-,Tol+,Out of Tol.,Comment
Text/Value,VAR_PROGRAM,VAL,,,,,,,'N:\Metrolog XG\Programmes\GMX\GMX Complete Module 01.gm2'
Text/Value,VAR_EVENEMENT,VAL,,,,,,,'FIP-8586 chagement parametre soudeuse'
Text/Value,VAR_COMMENTAIRES,VAL,,,,,,,'334 C'
Circle,CIR_A,DIAM,76.530,76.600,-0.070,-0.500,0.500,,Criterion : Least Square (From 12 Pts On PL_PLAST_A) 
Circle,CIR_A,X,0.000,0.000,0.000,,,,
Circle,CIR_A,Y,0.000,0.000,0.000,,,,
Circle,CIR_A,Z,0.000,0.000,0.000,,,,
Pos. Tol.,POS_A,PTOL,0.000,0.000,0.000,0.000,1.000,,CIR_A/NOMINAL - CS_ABC_BF - C-Zone - XY - Nominal
Circle,CIR_B,DIAM,16.238,16.200,0.038,-0.200,0.200,,Criterion : Least Square (From 10 Pts On PL_PLAST_B) 
Circle,CIR_B,X,-96.373,-95.900,-0.473,,,,
Circle,CIR_B,Y,405.958,405.600,0.358,,,,
Circle,CIR_B,Z,-59.500,-59.500,0.000,,,,
Pos. Tol.,POS_B,PTOL,1.186,0.000,1.186,0.000,1.000,0.186,CIR_B/NOMINAL - CS_ABC_BF - C-Zone - XY - Nominal
Circle,CIR_C,DIAM,16.341,16.200,0.141,-0.200,0.200,,Criterion : Least Square (From 10 Pts On PL_PLAST_C) 
Circle,CIR_C,X,272.217,271.600,0.617,,,,
Circle,CIR_C,Y,413.474,413.100,0.374,,,,
Circle,CIR_C,Z,-16.000,-16.000,0.000,,,,
Pos. Tol.,POS_C,PTOL,1.444,0.000,1.444,0.000,1.500,,CIR_C/NOMINAL - CS_ABC_BF - C-Zone - XY - Nominal
Circle,CIR_D,X,260.329,261.100,-0.771,,,,Inters. PL_PLAST_D - CYL_D.
Circle,CIR_D,Y,62.346,61.500,0.846,,,,
Circle,CIR_D,Z,-51.815,-50.300,-1.515,,,,
Pos. Tol.,POS_D,PTOL,3.797,0.000,3.797,0.000,4.000,,CIR_D/NOMINAL - CS_ABC_BF - C-Zone - XYZ - Nominal
Circle,CIR_E,X,-168.633,-169.000,0.367,,,,Criterion : Least Square (From 10 Pts On PL_PLAST_E) 
Circle,CIR_E,Y,221.845,220.000,1.845,,,,
Pos. Tol.,POS_E,PTOL,3.763,0.000,3.763,0.000,3.000,0.763,CIR_E/NOMINAL - CS_ABC_BF - C-Zone - XY - Nominal
Circle,CIR_OP,DIAM,74.309,74.000,0.309,-0.500,0.500,,Proj. CIR_OP / PL_PLAST_OP.
Circle,CIR_OP,X,252.654,253.029,-0.375,,,,
Circle,CIR_OP,Y,-32.536,-33.016,0.480,,,,
Circle,CIR_OP,Z,-27.923,-27.367,-0.556,,,,
Pos. Tol.,POS_OP,PTOL,1.649,0.000,1.649,0.000,5.000,,CIR_OP/NOMINAL - CS_ABC_BF - C-Zone - XYZ - Nominal
