Feat. Type,Feat. Name,Value,Actual,Nominal,Dev.,Tol-,Tol+,Out of Tol.,Comment
Text/Value,VAR_PROGRAM,VAL,,,,,,,'N:\Metrolog XG\Programmes\Ford 3,5L GTDI\Ford 3.5L Free State (Module 44).gm2'
Text/Value,VAR_EVENEMENT,VAL,,,,,,,'OTS-3'
Text/Value,VAR_COMMENTAIRES,VAL,,,,,,,'Remeasure 1 Lower Shell'
Circle,CIR_FLANGE_1,X,-16.097,-15.944,-0.153,,,,Criterion : Least Square (From 8 Pts On PL_FLANGE_1) 
Circle,CIR_FLANGE_1,Z,-48.655,-48.650,-0.005,,,,
Circle,CIR_FLANGE_2,X,-43.602,-43.444,-0.158,,,,Criterion : Least Square (From 8 Pts On PL_FLANGE_2) 
Circle,CIR_FLANGE_2,Z,52.935,52.850,0.085,,,,
Circle,CIR_FLANGE_3,X,-16.167,-15.944,-0.223,,,,Criterion : Least Square (From 8 Pts On PL_FLANGE_3) 
Circle,CIR_FLANGE_3,Z,158.906,158.849,0.057,,,,
Circle,CIR_FLANGE_4,X,-43.409,-43.444,0.035,,,,Criterion : Least Square (From 8 Pts On PL_FLANGE_4) 
Circle,CIR_FLANGE_4,Z,265.023,264.849,0.174,,,,
Circle,CIR_FLANGE_5,X,-221.766,-221.700,-0.066,,,,Criterion : Least Square (From 8 Pts On PL_FLANGE_5) 
Circle,CIR_FLANGE_5,Z,297.017,296.849,0.168,,,,
Circle,CIR_FLANGE_6,X,-194.918,-195.208,0.290,,,,Criterion : Least Square (From 8 Pts On PL_FLANGE_6) 
Circle,CIR_FLANGE_6,Z,195.614,195.349,0.265,,,,
Circle,CIR_FLANGE_7,X,-222.555,-222.700,0.145,,,,Criterion : Least Square (From 8 Pts On PL_FLANGE_7) 
Circle,CIR_FLANGE_7,Z,89.688,89.349,0.339,,,,
Circle,CIR_FLANGE_8,X,-195.204,-195.208,0.004,,,,Criterion : Least Square (From 8 Pts On PL_FLANGE_8) 
Circle,CIR_FLANGE_8,Z,-16.328,-16.651,0.323,,,,
Distance,BOSS_HEIGHT_1,D1,26.094,25.900,0.194,-0.200,0.100,0.094,CIR_TOP_1 - CIR_FLANGE_1 / CS_BF_MNTG_POINTS
Distance,BOSS_HEIGHT_2,D1,25.937,25.900,0.037,-0.200,0.100,,CIR_TOP_2 - CIR_FLANGE_2 / CS_BF_MNTG_POINTS
Distance,BOSS_HEIGHT_3,D1,26.011,25.900,0.111,-0.200,0.100,0.011,CIR_TOP_3 - CIR_FLANGE_3 / CS_BF_MNTG_POINTS
Distance,BOSS_HEIGHT_4,D1,26.148,25.900,0.248,-0.200,0.100,0.148,CIR_TOP_4 - CIR_FLANGE_4 / CS_BF_MNTG_POINTS
Distance,BOSS_HEIGHT_5,D1,25.974,25.900,0.074,-0.200,0.100,,CIR_TOP_5 - CIR_FLANGE_5 / CS_BF_MNTG_POINTS
Distance,BOSS_HEIGHT_6,D1,26.001,25.900,0.101,-0.200,0.100,0.001,CIR_TOP_6 - CIR_FLANGE_6 / CS_BF_MNTG_POINTS
Distance,BOSS_HEIGHT_7,D1,26.047,25.900,0.147,-0.200,0.100,0.047,CIR_TOP_7 - CIR_FLANGE_7 / CS_BF_MNTG_POINTS
Distance,BOSS_HEIGHT_8,D1,26.090,25.900,0.190,-0.200,0.100,0.090,CIR_TOP_8 - CIR_FLANGE_8 / CS_BF_MNTG_POINTS
Pos. Tol.,POS_1,PTOL,0.307,0.000,0.307,0.000,1.500,,CIR_FLANGE_1/NOMINAL - CS_ABC - C-Zone - XZ - Nominal
Pos. Tol.,POS_2,PTOL,0.359,0.000,0.359,0.000,1.500,,CIR_FLANGE_2/NOMINAL - CS_ABC - C-Zone - XZ - Nominal
Pos. Tol.,POS_3,PTOL,0.460,0.000,0.460,0.000,1.500,,CIR_FLANGE_3/NOMINAL - CS_ABC - C-Zone - XZ - Nominal
Pos. Tol.,POS_4,PTOL,0.355,0.000,0.355,0.000,1.500,,CIR_FLANGE_4/NOMINAL - CS_ABC - C-Zone - XZ - Nominal
Pos. Tol.,POS_5,PTOL,0.361,0.000,0.361,0.000,1.500,,CIR_FLANGE_5/NOMINAL - CS_ABC - C-Zone - XZ - Nominal
Pos. Tol.,POS_6,PTOL,0.785,0.000,0.785,0.000,1.500,,CIR_FLANGE_6/NOMINAL - CS_ABC - C-Zone - XZ - Nominal
Pos. Tol.,POS_7,PTOL,0.736,0.000,0.736,0.000,1.500,,CIR_FLANGE_7/NOMINAL - CS_ABC - C-Zone - XZ - Nominal
Pos. Tol.,POS_8,PTOL,0.645,0.000,0.645,0.000,1.500,,CIR_FLANGE_8/NOMINAL - CS_ABC - C-Zone - XZ - Nominal
