Feat. Type,Feat. Name,Value,Actual,Nominal,Dev.,Tol-,Tol+,Out of Tol.,Comment
Text/Value,VAR_PROGRAM,VAL,,,,,,,'N:\Metrolog XG\Programmes\Ford GDTI\GDTI Gap Entretoises Module_50.gm2'
Text/Value,VAR_EVENEMENT,VAL,,,,,,,'Test 2 Gap total 4'
Text/Value,VAR_COMMENTAIRES,VAL,,,,,,,'295B'
Text/Value,GAP_TOTAL_1,VAL,0.101104,0.000000,0.101104,-0.250000,0.250000,,
Text/Value,GAP_TOTAL_2,VAL,-0.002240,0.000000,-0.002240,-0.250000,0.250000,,
Text/Value,GAP_TOTAL_3,VAL,0.216522,0.000000,0.216522,-0.250000,0.250000,,
Text/Value,GAP_TOTAL_4,VAL,0.110901,0.000000,0.110901,-0.250000,0.250000,,
Text/Value,GAP_TOTAL_5,VAL,-0.037430,0.000000,-0.037430,-0.250000,0.250000,,
Text/Value,GAP_TOTAL_6,VAL,0.236269,0.000000,0.236269,-0.250000,0.250000,,
Text/Value,GAP_TOTAL_7,VAL,0.151247,0.000000,0.151247,-0.250000,0.250000,,
Text/Value,GAP_TOTAL_8,VAL,0.151404,0.000000,0.151404,-0.250000,0.250000,,
Circle,CIR_1,DIAM,7.920,7.900,0.020,-0.200,0.200,,Criterion : Least Square (From 6 Pts On PL_CL_FL_1) 
Circle,CIR_2,DIAM,7.889,7.900,-0.011,-0.200,0.200,,Criterion : Least Square (From 6 Pts On PL_CL_FL_2) 
Circle,CIR_3,DIAM,7.920,7.900,0.020,-0.200,0.200,,Criterion : Least Square (From 6 Pts On PL_CL_FL_3) 
Circle,CIR_4,DIAM,7.820,7.850,-0.030,-0.150,0.150,,Criterion : Least Square (From 6 Pts On PL_CL_FL_4) 
Circle,CIR_5,DIAM,7.913,7.900,0.013,-0.200,0.200,,Criterion : Least Square (From 6 Pts On PL_CL_FL_5) 
Circle,CIR_6,DIAM,7.913,7.900,0.013,-0.200,0.200,,Criterion : Least Square (From 6 Pts On PL_CL_FL_6) 
Circle,CIR_7,DIAM,7.928,7.900,0.028,-0.200,0.200,,Criterion : Least Square (From 6 Pts On PL_CL_FL_7) 
Circle,CIR_8,DIAM,7.935,7.900,0.035,-0.200,0.200,,Criterion : Least Square (From 6 Pts On PL_CL_FL_8) 
Distance,PLASTIC_LENGHT_1,D1,99.890,100.000,-0.110,,,,CIR_PL_FL_1 - CIR_PL_TOP_1 / CS_AXIS_1
Distance,PLASTIC_LENGHT_2,D1,63.771,63.800,-0.029,-0.100,0.370,,CIR_PL_FL_2 - CIR_PL_TOP_2 / CS_AXIS_2
Distance,PLASTIC_LENGHT_3,D1,63.554,63.800,-0.246,-0.100,0.370,-0.146,CIR_PL_FL_3 - CIR_PL_TOP_3 / CS_AXIS_3
Distance,PLASTIC_LENGHT_5,D1,99.998,100.000,-0.002,,,,CIR_PL_FL_5 - CIR_PL_TOP_5 / CS_AXIS_5
Distance,PLASTIC_LENGHT_6,D1,63.569,63.800,-0.231,-0.100,0.370,-0.131,CIR_PL_FL_6 - CIR_PL_TOP_6 / CS_AXIS_6
Distance,PLASTIC_LENGHT_7,D1,63.629,63.800,-0.171,-0.100,0.370,-0.071,CIR_PL_FL_7 - CIR_PL_TOP_7 / CS_AXIS_7
Distance,PLASTIC_LENGHT_8,D1,63.598,63.800,-0.202,-0.100,0.370,-0.102,CIR_PL_FL_8 - CIR_PL_TOP_8 / CS_AXIS_8
Distance,CL_LENGHT_1,D1,99.991,100.000,-0.009,,,,CIR_1 - CIR_1T / CS_AXIS_1
Distance,CL_LENGHT_2,D1,63.769,63.800,-0.031,,,,CIR_2 - CIR_2T / CS_AXIS_2
Distance,CL_LENGHT_3,D1,63.770,63.800,-0.030,,,,CIR_3 - CIR_3T / CS_AXIS_3
Distance,CL_LENGHT_4,D1,47.403,47.650,-0.247,,,,CIR_4 - CIR_4T / CS_AXIS_4
Distance,CL_LENGHT_5,D1,99.960,100.000,-0.040,,,,CIR_5 - CIR_5T / CS_AXIS_5
Distance,CL_LENGHT_6,D1,63.805,63.800,0.005,,,,CIR_6 - CIR_6T / CS_AXIS_6
Distance,CL_LENGHT_7,D1,63.781,63.800,-0.019,,,,CIR_7 - CIR_7T / CS_AXIS_7
Distance,CL_LENGHT_8,D1,63.750,63.800,-0.050,,,,CIR_8 - CIR_8T / CS_AXIS_8
