Feat. Type,Feat. Name,Value,Actual,Nominal,Dev.,Tol-,Tol+,Out of Tol.,Comment
Text/Value,VAR_PROGRAM,VAL,,,,,,,'N:\Metrolog XG\Programmes\GM HF RWD Gen II\GM HF RWD Gen II Complete (Module 64).gm2'
Text/Value,VAR_EVENEMENT,VAL,,,,,,,'FIP 05436 nid 2 '
Text/Value,VAR_COMMENTAIRES,VAL,,,,,,,'292 A '
Distance,WIDTH_C,D1,8.817,8.860,-0.043,-0.150,0.150,,SRF_C_TOP - SRF_C_DOWN / CS_ABC_BF_SURFACES
Circle,CIR_9_GAGE_6,DIAM,12.244,12.200,0.044,-0.080,0.120,,Criterion : Least Square (From 12 Pts On PL_PLAST_9) 
Circle,2D_CIR_10,X,-0.436,0.000,-0.436,,,,
Circle,2D_CIR_10,Z,-0.000,0.000,0.000,,,,
Pos. Tol.,PTOL_2D_CIR_10,PTOL,0.478,0.000,0.478,0.000,0.500,,2D_CIR_10/NOMINAL - CS_HJ - C-Zone - YZ - Nominal
Distance,H_10,X,0.181,-0.000,0.181,0.000,0.400,,CIR_10 - PL_PLAST_10 / CS_HJ_ROT_180
Circle,2D_CIR_INS_11,X,41.608,42.000,-0.392,,,,
Circle,2D_CIR_INS_11,Y,28.939,29.000,-0.061,,,,
Pos. Tol.,PTOL_2D_CIR_11,PTOL,0.794,0.000,0.794,0.000,0.650,0.144,2D_CIR_INS_11/NOMINAL - CS_D_BF - C-Zone - XY - Nominal
Distance,H_11,Z,0.128,-0.000,0.128,0.000,0.400,,CIR_INS_11 - PL_PLAST_INS_11 / CS_D_BF
Circle,2D_CIR_INS_12,X,42.073,42.000,0.073,,,,
Circle,2D_CIR_INS_12,Y,-34.067,-34.000,-0.067,,,,
Pos. Tol.,PTOL_2D_CIR_12,PTOL,0.198,0.000,0.198,0.000,0.650,,2D_CIR_INS_12/NOMINAL - CS_D_BF - C-Zone - XY - Nominal
Distance,H_12,Z,0.100,-0.000,0.100,0.000,0.400,,CIR_INS_12 - PL_PLAST_INS_12 / CS_D_BF
Circle,2D_CIR_INS_13,X,-41.902,-42.000,0.098,,,,
Circle,2D_CIR_INS_13,Y,-33.966,-34.000,0.034,,,,
Pos. Tol.,PTOL_2D_CIR_13,PTOL,0.208,0.000,0.208,0.000,0.650,,2D_CIR_INS_13/NOMINAL - CS_D_BF - C-Zone - XY - Nominal
Distance,H_13,Z,0.153,-0.000,0.153,0.000,0.400,,CIR_INS_13 - PL_PLAST_INS_13 / CS_D_BF
Circle,2D_CIR_INS_14,X,-41.779,-42.000,0.221,,,,
Circle,2D_CIR_INS_14,Y,29.094,29.000,0.094,,,,
Pos. Tol.,PTOL_2D_CIR_14,PTOL,0.481,0.000,0.481,0.000,0.650,,2D_CIR_INS_14/NOMINAL - CS_D_BF - C-Zone - XY - Nominal
Distance,H_14,Z,0.166,-0.000,0.167,0.000,0.400,,CIR_INS_14 - PL_PLAST_INS_14 / CS_D_BF
Distance,H_27,Y,0.197,0.000,0.197,0.000,0.400,,2D_CIR_27 - PL_PLAST_27 / CS_K
Distance,H_28,Y,0.162,0.000,0.162,0.000,0.400,,2D_CIR_28 - PL_PLAST_28 / CS_K
Circle,2D_CIR_28,X,70.422,71.000,-0.578,,,,
Circle,2D_CIR_28,Z,0.000,0.000,0.000,,,,
Pos. Tol.,PTOL_2D_CIR_28,PTOL,1.156,0.000,1.156,0.000,0.500,0.656,2D_CIR_28/NOMINAL - CS_K - C-Zone - XZ - Nominal
