Feat. Type,Feat. Name,Value,Actual,Nominal,Dev.,Tol-,Tol+,Out of Tol.,Comment
Text/Value,VAR_PROGRAM,VAL,,,,,,,'N:\Metrolog XG\Programmes\Mercury Marine\Mercury Marine Complete (Module 51).gm2'
Text/Value,VAR_EVENEMENT,VAL,,,,,,,'Dem'
Text/Value,VAR_COMMENTAIRES,VAL,,,,,,,'285 A'
Text/Value,PROF_A,VAL,0.393331,,,0.000000,0.500000,,
Circle,CIR_B,DIAM,8.305,8.400,-0.095,-0.100,0.100,,Criterion : Least Square (From 4 Pts On PL_FIXTURE) 
Circle,CIR_B,X,0.000,0.000,0.000,,,,
Circle,CIR_B,Z,0.000,0.000,0.000,,,,
Pos. Tol.,POS_B,PTOL,0.000,0.000,0.000,0.000,0.250,,CIR_B/NOMINAL - CS_ABC - C-Zone - XZ - Nominal
Point,PNT_DATUM_C,X,32.492,32.500,-0.008,,,,Proj. PNT_MID_C / PL_FIXTURE.
Point,PNT_DATUM_C,Z,-393.198,-393.295,0.097,,,,
Pos. Tol.,POS_C,PTOL,0.195,0.000,0.195,0.000,0.500,,PNT_DATUM_C/NOMINAL - CS_ABC - C-Zone - XZ - Nominal
Distance,WIDTH_C,D1,7.805,7.900,-0.095,-0.100,0.100,,SCT_C_RH - SCT_C_LH / CS_ABC
Circle,CIR1,X,-34.218,-34.000,-0.218,,,,From 4 Pts On AUTO
Circle,CIR1,Z,9.297,9.500,-0.203,,,,
Pos. Tol.,POS_1,PTOL,0.596,0.000,0.596,0.000,1.200,,CIR1/NOMINAL - CS_ABC - C-Zone - XZ - Nominal
Circle,CIR2,X,-33.841,-34.000,0.159,,,,From 4 Pts On AUTO
Circle,CIR2,Z,-92.978,-92.600,-0.378,,,,
Pos. Tol.,POS_2,PTOL,0.820,0.000,0.820,0.000,1.200,,CIR2/NOMINAL - CS_ABC - C-Zone - XZ - Nominal
Circle,CIR3,X,32.099,32.000,0.099,,,,From 4 Pts On AUTO
Circle,CIR3,Z,-106.380,-106.100,-0.280,,,,
Pos. Tol.,POS_3,PTOL,0.595,0.000,0.595,0.000,1.200,,CIR3/NOMINAL - CS_ABC - C-Zone - XZ - Nominal
Circle,CIR4,X,-33.831,-34.000,0.169,,,,From 4 Pts On AUTO
Circle,CIR4,Z,-183.745,-183.600,-0.145,,,,
Pos. Tol.,POS_4,PTOL,0.445,0.000,0.445,0.000,1.200,,CIR4/NOMINAL - CS_ABC - C-Zone - XZ - Nominal
Circle,CIR5,X,-33.890,-34.000,0.110,,,,From 4 Pts On AUTO
Circle,CIR5,Z,-293.938,-294.200,0.262,,,,
Pos. Tol.,POS_5,PTOL,0.568,0.000,0.568,0.000,1.200,,CIR5/NOMINAL - CS_ABC - C-Zone - XZ - Nominal
Circle,CIR6,X,31.955,32.000,-0.045,,,,From 4 Pts On AUTO
Circle,CIR6,Z,-327.167,-327.300,0.133,,,,
Pos. Tol.,POS_6,PTOL,0.280,0.000,0.280,0.000,1.200,,CIR6/NOMINAL - CS_ABC - C-Zone - XZ - Nominal
Circle,CIR7,X,-34.030,-34.000,-0.030,,,,From 4 Pts On AUTO
Circle,CIR7,Z,-399.807,-399.800,-0.007,,,,
Pos. Tol.,POS_7,PTOL,0.061,0.000,0.061,0.000,1.200,,CIR7/NOMINAL - CS_ABC - C-Zone - XZ - Nominal
Circle,CIR_8,X,-152.419,-152.200,-0.219,,,,From 4 Pts On AUTO
Circle,CIR_8,Z,-375.002,-375.300,0.298,,,,
Pos. Tol.,POS_8,PTOL,0.739,0.000,0.739,0.000,1.200,,CIR_8/NOMINAL - CS_ABC - C-Zone - XZ - Nominal
Circle,CIR_9,X,-210.237,-210.000,-0.237,,,,From 4 Pts On AUTO
Circle,CIR_9,Z,-226.679,-227.000,0.321,,,,
Pos. Tol.,POS_9,PTOL,0.798,0.000,0.798,0.000,1.200,,CIR_9/NOMINAL - CS_ABC - C-Zone - XZ - Nominal
Circle,CIR_10,X,-209.767,-210.000,0.233,,,,From 4 Pts On AUTO
Circle,CIR_10,Z,-154.549,-154.910,0.361,,,,
Pos. Tol.,POS_10,PTOL,0.860,0.000,0.860,0.000,1.200,,CIR_10/NOMINAL - CS_ABC - C-Zone - XZ - Nominal
Circle,CIR_11,X,-209.980,-210.000,0.020,,,,From 4 Pts On AUTO
Circle,CIR_11,Z,-69.674,-69.900,0.226,,,,
Pos. Tol.,POS_11,PTOL,0.454,0.000,0.454,0.000,1.200,,CIR_11/NOMINAL - CS_ABC - C-Zone - XZ - Nominal
Profile of Line,OP1_PROF_INSIDE_PORT,PRFL,1.097,0.000,1.097,0.000,1.500,,OP1_SRF_INSIDE_PORT
Profile of Line,OP2_PROF_INSIDE_PORT,PRFL,0.940,0.000,0.940,0.000,1.500,,OP2_SRF_INSIDE_PORT
Profile of Line,OP3_PROF_INSIDE_PORT,PRFL,0.524,0.000,0.524,0.000,1.500,,OP3_SRF_INSIDE_PORT
Profile of Line,OP4_PROF_INSIDE_PORT,PRFL,0.998,0.000,0.998,0.000,1.500,,OP4_SRF_INSIDE_PORT
Distance,OP1_WIDTH_1,D1,3.039,3.000,0.039,-0.150,0.150,,OP1_P3 - OP1_P7 / OP1_CS
Distance,OP1_WIDTH_2,D1,3.104,3.000,0.104,-0.150,0.150,,OP1_P11 - OP1_P15 / OP1_CS
Distance,OP1_WIDTH_3,D1,2.977,3.000,-0.023,-0.150,0.150,,OP1_P19 - OP1_P23 / OP1_CS
Distance,OP1_WIDTH_4,D1,3.035,3.000,0.035,-0.150,0.150,,OP1_P27 - OP1_P31 / OP1_CS
Distance,OP1_WIDTH_5,D1,2.909,3.000,-0.091,-0.150,0.150,,OP1_P35 - OP1_P39 / OP1_CS
Distance,OP1_WIDTH_6,D1,2.904,3.000,-0.096,-0.150,0.150,,OP1_P43 - OP1_P47 / OP1_CS
Distance,OP1_WIDTH_7,D1,2.897,3.000,-0.103,-0.150,0.150,,OP1_P51 - OP1_P55 / OP1_CS
Distance,OP1_WIDTH_8,D1,2.915,3.000,-0.085,-0.150,0.150,,OP1_P59 - OP1_P63 / OP1_CS
Distance,OP1_DEPTH_1,Y,4.965,5.000,-0.035,-0.250,0.250,,OP1_P5 - PL_FIXTURE / OP1_CS
Distance,OP1_DEPTH_2,Y,5.038,5.000,0.038,-0.250,0.250,,OP1_P13 - PL_FIXTURE / OP1_CS
Distance,OP1_DEPTH_3,Y,5.078,5.000,0.078,-0.250,0.250,,OP1_P21 - PL_FIXTURE / OP1_CS
Distance,OP1_DEPTH_4,Y,5.151,5.000,0.151,-0.250,0.250,,OP1_P29 - PL_FIXTURE / OP1_CS
Distance,OP1_DEPTH_5,Y,5.088,5.000,0.088,-0.250,0.250,,OP1_P37 - PL_FIXTURE / OP1_CS
Distance,OP1_DEPTH_6,Y,5.048,5.000,0.048,-0.250,0.250,,OP1_P45 - PL_FIXTURE / OP1_CS
Distance,OP1_DEPTH_7,Y,4.926,5.000,-0.074,-0.250,0.250,,OP1_P53 - PL_FIXTURE / OP1_CS
Distance,OP1_DEPTH_8,Y,4.931,5.000,-0.069,-0.250,0.250,,OP1_P61 - PL_FIXTURE / OP1_CS
Distance,OP2_WIDTH_1,D1,3.029,3.000,0.029,-0.150,0.150,,OP2_P3 - OP2_P7 / OP2_CS
Distance,OP2_WIDTH_2,D1,3.004,3.000,0.004,-0.150,0.150,,OP2_P11 - OP2_P15 / OP2_CS
Distance,OP2_WIDTH_3,D1,2.958,3.000,-0.042,-0.150,0.150,,OP2_P19 - OP2_P23 / OP2_CS
Distance,OP2_WIDTH_4,D1,3.049,3.000,0.049,-0.150,0.150,,OP2_P27 - OP2_P31 / OP2_CS
Distance,OP2_WIDTH_5,D1,2.994,3.000,-0.006,-0.150,0.150,,OP2_P35 - OP2_P39 / OP2_CS
Distance,OP2_WIDTH_6,D1,2.987,3.000,-0.013,-0.150,0.150,,OP2_P43 - OP2_P47 / OP2_CS
Distance,OP2_WIDTH_7,D1,2.991,3.000,-0.009,-0.150,0.150,,OP2_P51 - OP2_P55 / OP2_CS
Distance,OP2_WIDTH_8,D1,3.069,3.000,0.069,-0.150,0.150,,OP2_P59 - OP2_P63 / OP2_CS
Distance,OP2_DEPTH_1,Y,4.958,5.000,-0.042,-0.250,0.250,,OP2_P5 - PL_FIXTURE / OP2_CS
Distance,OP2_DEPTH_2,Y,5.096,5.000,0.096,-0.250,0.250,,OP2_P13 - PL_FIXTURE / OP2_CS
Distance,OP2_DEPTH_3,Y,5.035,5.000,0.035,-0.250,0.250,,OP2_P21 - PL_FIXTURE / OP2_CS
Distance,OP2_DEPTH_4,Y,5.109,5.000,0.109,-0.250,0.250,,OP2_P29 - PL_FIXTURE / OP2_CS
Distance,OP2_DEPTH_5,Y,5.186,5.000,0.186,-0.250,0.250,,OP2_P37 - PL_FIXTURE / OP2_CS
Distance,OP2_DEPTH_6,Y,5.238,5.000,0.238,-0.250,0.250,,OP2_P45 - PL_FIXTURE / OP2_CS
Distance,OP2_DEPTH_7,Y,5.033,5.000,0.033,-0.250,0.250,,OP2_P53 - PL_FIXTURE / OP2_CS
Distance,OP2_DEPTH_8,Y,4.897,5.000,-0.103,-0.250,0.250,,OP2_P61 - PL_FIXTURE / OP2_CS
Distance,OP3_WIDTH_1,D1,3.000,3.000,0.000,-0.150,0.150,,OP3_P3 - OP3_P7 / OP3_CS
Distance,OP3_WIDTH_2,D1,3.054,3.000,0.054,-0.150,0.150,,OP3_P11 - OP3_P15 / OP3_CS
Distance,OP3_WIDTH_3,D1,3.065,3.000,0.065,-0.150,0.150,,OP3_P19 - OP3_P23 / OP3_CS
Distance,OP3_WIDTH_4,D1,3.085,3.000,0.085,-0.150,0.150,,OP3_P27 - OP3_P31 / OP3_CS
Distance,OP3_WIDTH_5,D1,2.995,3.000,-0.005,-0.150,0.150,,OP3_P35 - OP3_P39 / OP3_CS
Distance,OP3_WIDTH_6,D1,3.082,3.000,0.082,-0.150,0.150,,OP3_P43 - OP3_P47 / OP3_CS
Distance,OP3_WIDTH_7,D1,3.012,3.000,0.012,-0.150,0.150,,OP3_P51 - OP3_P55 / OP3_CS
Distance,OP3_WIDTH_8,D1,3.084,3.000,0.084,-0.150,0.150,,OP3_P59 - OP3_P63 / OP3_CS
Distance,OP3_DEPTH_1,Y,5.067,5.000,0.067,-0.250,0.250,,OP3_P5 - PL_FIXTURE / OP3_CS
Distance,OP3_DEPTH_2,Y,5.065,5.000,0.065,-0.250,0.250,,OP3_P13 - PL_FIXTURE / OP3_CS
Distance,OP3_DEPTH_3,Y,5.075,5.000,0.075,-0.250,0.250,,OP3_P21 - PL_FIXTURE / OP3_CS
Distance,OP3_DEPTH_4,Y,5.174,5.000,0.174,-0.250,0.250,,OP3_P29 - PL_FIXTURE / OP3_CS
Distance,OP3_DEPTH_5,Y,5.062,5.000,0.062,-0.250,0.250,,OP3_P37 - PL_FIXTURE / OP3_CS
Distance,OP3_DEPTH_6,Y,5.002,5.000,0.002,-0.250,0.250,,OP3_P45 - PL_FIXTURE / OP3_CS
Distance,OP3_DEPTH_7,Y,5.017,5.000,0.017,-0.250,0.250,,OP3_P53 - PL_FIXTURE / OP3_CS
Distance,OP3_DEPTH_8,Y,5.062,5.000,0.062,-0.250,0.250,,OP3_P61 - PL_FIXTURE / OP3_CS
Distance,OP4_WIDTH_1,D1,2.939,3.000,-0.061,-0.150,0.150,,OP4_P3 - OP4_P7 / OP4_CS
Distance,OP4_WIDTH_2,D1,2.979,3.000,-0.021,-0.150,0.150,,OP4_P11 - OP4_P15 / OP4_CS
Distance,OP4_WIDTH_3,D1,2.976,3.000,-0.024,-0.150,0.150,,OP4_P19 - OP4_P23 / OP4_CS
Distance,OP4_WIDTH_4,D1,2.950,3.000,-0.050,-0.150,0.150,,OP4_P27 - OP4_P31 / OP4_CS
Distance,OP4_WIDTH_5,D1,2.922,3.000,-0.078,-0.150,0.150,,OP4_P35 - OP4_P39 / OP4_CS
Distance,OP4_WIDTH_6,D1,2.941,3.000,-0.059,-0.150,0.150,,OP4_P43 - OP4_P47 / OP4_CS
Distance,OP4_WIDTH_7,D1,2.918,3.000,-0.082,-0.150,0.150,,OP4_P51 - OP4_P55 / OP4_CS
Distance,OP4_WIDTH_8,D1,3.013,3.000,0.013,-0.150,0.150,,OP4_P59 - OP4_P63 / OP4_CS
Distance,OP4_DEPTH_1,Y,5.110,5.000,0.110,-0.250,0.250,,OP4_P5 - PL_FIXTURE / OP4_CS
Distance,OP4_DEPTH_2,Y,5.186,5.000,0.186,-0.250,0.250,,OP4_P13 - PL_FIXTURE / OP4_CS
Distance,OP4_DEPTH_3,Y,5.173,5.000,0.173,-0.250,0.250,,OP4_P21 - PL_FIXTURE / OP4_CS
Distance,OP4_DEPTH_4,Y,5.173,5.000,0.173,-0.250,0.250,,OP4_P29 - PL_FIXTURE / OP4_CS
Distance,OP4_DEPTH_5,Y,5.173,5.000,0.173,-0.250,0.250,,OP4_P37 - PL_FIXTURE / OP4_CS
Distance,OP4_DEPTH_6,Y,5.129,5.000,0.129,-0.250,0.250,,OP4_P45 - PL_FIXTURE / OP4_CS
Distance,OP4_DEPTH_7,Y,5.041,5.000,0.041,-0.250,0.250,,OP4_P53 - PL_FIXTURE / OP4_CS
Distance,OP4_DEPTH_8,Y,5.082,5.000,0.082,-0.250,0.250,,OP4_P61 - PL_FIXTURE / OP4_CS
Circle,CIR_12,DIAM,8.622,8.600,0.022,-0.100,0.100,,Criterion : Least Square (From 8 Pts On PL_PLAST_12) 
Circle,CIR_12,X,-115.594,-116.000,0.406,,,,
Circle,CIR_12,Z,-308.782,-309.000,0.218,,,,
Pos. Tol.,POS_12,PTOL,0.921,0.000,0.921,0.000,2.000,,CIR_12/NOMINAL - CS_ABC - C-Zone - XZ - Nominal
Circle,CIR_13,X,-105.160,-105.708,0.548,,,,Criterion : Least Square (From 6 Pts On PL_INS_13) 
Circle,CIR_13,Y,87.774,88.280,-0.506,,,,
Circle,CIR_13,Z,-399.876,-399.800,-0.076,,,,
Pos. Tol.,POS_13,PTOL,1.500,0.000,1.500,0.000,3.500,,CIR_13/NOMINAL - CS_ABC - C-Zone - XYZ - Nominal
Circle,CIR_14,X,-146.209,-147.031,0.822,,,,Criterion : Least Square (From 6 Pts On PL_INS_14) 
Circle,CIR_14,Y,103.236,103.320,-0.084,,,,
Circle,CIR_14,Z,-425.414,-425.600,0.186,,,,
Pos. Tol.,POS_14,PTOL,1.694,0.000,1.694,0.000,3.500,,CIR_14/NOMINAL - CS_ABC - C-Zone - XYZ - Nominal
Circle,2D_CIR_13,X,36.603,36.670,-0.067,,,,
Circle,2D_CIR_13,Z,25.753,25.800,-0.047,,,,
Pos. Tol.,POS_2D_13,PTOL,0.163,0.000,0.163,0.000,0.500,,2D_CIR_13/NOMINAL - CS_P_13_14 - C-Zone - XZ - Nominal
Distance,H_13,Y,-0.275,0.000,-0.275,-0.300,0.000,,CIR_13 - PL_PLAST_13 / CS_P_13
Circle,2D_CIR_14,X,0.000,0.000,0.000,,,,
Circle,2D_CIR_14,Z,-0.000,0.000,0.000,,,,
Pos. Tol.,POS_2D_14,PTOL,0.000,0.000,0.000,0.000,0.500,,2D_CIR_14/NOMINAL - CS_P_13_14 - C-Zone - XZ - Nominal
Distance,H_14,Y,0.002,0.000,0.002,-0.300,0.000,0.002,CIR_14 - PL_PLAST_14 / CS_P_14
Distance,W_SPRING_1,D1,2.767,3.000,-0.233,-0.250,0.250,,SPRG_WALL_LH_0.5.1 - SPRG_WALL_RH_0.5.1 / CS_P_13_14
Distance,W_SPRING_2,D1,2.858,3.000,-0.142,-0.250,0.250,,SPRG_WALL_LH_0.5.2 - SPRG_WALL_RH_0.5.2 / CS_P_13_14
Distance,W_SPRING_3,D1,2.872,3.000,-0.128,-0.250,0.250,,SPRG_WALL_LH_0.5.3 - SPRG_WALL_RH_0.5.3 / CS_P_13_14
Distance,W_SPRING_4,D1,2.779,3.000,-0.221,-0.250,0.250,,SPRG_WALL_LH_0.5.4 - SPRG_WALL_RH_0.5.4 / CS_P_13_14
Distance,DP_SPRING_1,D1,3.156,3.000,0.156,-0.250,0.250,,SPRG_DEPTH.1 - PL_DATUM_P / CS_P_13_14
Distance,DP_SPRING_2,D1,3.153,3.000,0.153,-0.250,0.250,,SPRG_DEPTH.2 - PL_DATUM_P / CS_P_13_14
Distance,DP_SPRING_3,D1,3.189,3.000,0.189,-0.250,0.250,,SPRG_DEPTH.3 - PL_DATUM_P / CS_P_13_14
Distance,DP_SPRING_4,D1,3.250,3.000,0.250,-0.250,0.250,,SPRG_DEPTH.4 - PL_DATUM_P / CS_P_13_14
Distance,TOP_LH_SPRING_1,D1,3.973,4.000,-0.027,-0.250,0.250,,SPRG_TOP_LH.1 - PL_DATUM_P / CS_P_13_14
Distance,TOP_LH_SPRING_2,D1,3.957,4.000,-0.043,-0.250,0.250,,SPRG_TOP_LH.2 - PL_DATUM_P / CS_P_13_14
Distance,TOP_LH_SPRING_3,D1,3.931,4.000,-0.069,-0.250,0.250,,SPRG_TOP_LH.3 - PL_DATUM_P / CS_P_13_14
Distance,TOP_LH_SPRING_4,D1,3.910,4.000,-0.090,-0.250,0.250,,SPRG_TOP_LH.4 - PL_DATUM_P / CS_P_13_14
Distance,TOP_RH_SPRING_1,D1,4.109,4.000,0.109,-0.250,0.250,,SPRG_TOP_RH.1 - PL_DATUM_P / CS_P_13_14
Distance,TOP_RH_SPRING_2,D1,4.079,4.000,0.079,-0.250,0.250,,SPRG_TOP_RH.2 - PL_DATUM_P / CS_P_13_14
Distance,TOP_RH_SPRING_3,D1,4.055,4.000,0.055,-0.250,0.250,,SPRG_TOP_RH.3 - PL_DATUM_P / CS_P_13_14
Distance,TOP_RH_SPRING_4,D1,4.031,4.000,0.031,-0.250,0.250,,SPRG_TOP_RH.4 - PL_DATUM_P / CS_P_13_14
Point,2D_SPRG_OUT_LH_0.5.1,Z,-5.812,-5.800,-0.012,-0.250,0.250,,
Point,2D_SPRG_OUT_LH_0.5.2,Z,-5.777,-5.800,0.023,-0.250,0.250,,
Point,2D_SPRG_OUT_LH_0.5.3,Z,-5.784,-5.800,0.016,-0.250,0.250,,
Point,2D_SPRG_OUT_LH_0.5.4,Z,-5.832,-5.800,-0.032,-0.250,0.250,,
Point,2D_SPRG_OUT_LH_1.5.1,Z,-5.783,-5.800,0.017,-0.250,0.250,,
Point,2D_SPRG_OUT_LH_1.5.2,Z,-5.773,-5.800,0.027,-0.250,0.250,,
Point,2D_SPRG_OUT_LH_1.5.3,Z,-5.770,-5.800,0.030,-0.250,0.250,,
Point,2D_SPRG_OUT_LH_1.5.4,Z,-5.777,-5.800,0.023,-0.250,0.250,,
Point,2D_SPRG_OUT_RH_0.5.1,Z,6.860,6.900,-0.040,-0.250,0.250,,
Point,2D_SPRG_OUT_RH_0.5.2,Z,6.781,6.900,-0.119,-0.250,0.250,,
Point,2D_SPRG_OUT_RH_0.5.3,Z,6.766,6.900,-0.134,-0.250,0.250,,
Point,2D_SPRG_OUT_RH_0.5.4,Z,6.819,6.900,-0.081,-0.250,0.250,,
Point,2D_SPRG_OUT_RH_1.5.1,Z,6.850,6.900,-0.050,-0.250,0.250,,
Point,2D_SPRG_OUT_RH_1.5.2,Z,6.794,6.900,-0.106,-0.250,0.250,,
Point,2D_SPRG_OUT_RH_1.5.3,Z,6.794,6.900,-0.106,-0.250,0.250,,
Point,2D_SPRG_OUT_RH_1.5.4,Z,6.813,6.900,-0.087,-0.250,0.250,,
Circle,CIR_15,DIAM,5.203,5.200,0.003,-0.100,0.100,,Criterion : Least Square (From 6 Pts On PL_PLAST_15) 
Circle,CIR_15,X,1.935,1.992,-0.057,,,,
Circle,CIR_15,Z,-405.990,-406.515,0.525,,,,
Pos. Tol.,POS_15,PTOL,1.056,0.000,1.056,0.000,2.000,,CIR_15/NOMINAL - CS_ABC - C-Zone - XZ - Nominal
Circle,CIR_16,DIAM,6.732,6.750,-0.018,-0.100,0.100,,Criterion : Least Square (From 6 Pts On PL_PLAST_16) 
Circle,CIR_16,X,28.022,28.242,-0.220,,,,
Circle,CIR_16,Z,9.525,9.985,-0.460,,,,
Pos. Tol.,POS_16,PTOL,1.020,0.000,1.020,0.000,2.000,,CIR_16/NOMINAL - CS_ABC - C-Zone - XZ - Nominal
Flatness,FLATNESS_G,FLTN,0.047,0.000,0.047,0.000,0.250,,PL_DATUM_G
Distance,PROF_G,X,-212.973,-213.100,0.127,-0.500,0.500,,CIR_19 - ORIGIN / CS_ABC
Circle,CIR_19,DIAM,33.169,33.200,-0.031,-0.100,0.100,,Criterion : Least Square (From 16 Pts On PL_DATUM_G) 
Circle,CIR_19,Y,60.268,60.550,-0.282,,,,
Circle,CIR_19,Z,-190.874,-191.000,0.126,,,,
Circle,CIR_19_GAGE_27.5,DIAM,28.180,28.100,0.080,-0.100,0.100,,Criterion : Least Square (From 16 Pts On PL_DATUM_G) 
Pos. Tol.,POS_19,PTOL,0.617,0.000,0.617,0.000,1.500,,CIR_19/NOMINAL - CS_ABC - C-Zone - YZ - Nominal
Circle,2D_GHA_CIR_20,DIAM,4.942,4.980,-0.038,-0.100,0.100,,
Circle,2D_GHA_CIR_20,Y,29.126,29.000,0.126,,,,
Circle,2D_GHA_CIR_20,Z,7.667,7.760,-0.093,,,,
Pos. Tol.,POS_20,PTOL,0.314,0.000,0.314,0.000,1.000,,2D_GHA_CIR_20/NOMINAL - CS_GH - C-Zone - YZ - Nominal
Circle,2D_GHA_CIR_21,DIAM,4.991,4.980,0.011,-0.100,0.100,,
Circle,2D_GHA_CIR_21,Y,-28.906,-29.000,0.094,,,,
Circle,2D_GHA_CIR_21,Z,-7.862,-7.760,-0.102,,,,
Pos. Tol.,POS_21,PTOL,0.277,0.000,0.277,0.000,1.000,,2D_GHA_CIR_21/NOMINAL - CS_GH - C-Zone - YZ - Nominal
Circle,JKM_CIR_22,DIAM,14.067,14.000,0.067,-0.100,0.100,,
Circle,JKM_CIR_22,X,23.578,23.540,0.038,,,,
Circle,JKM_CIR_22,Z,-0.424,0.000,-0.424,,,,
Pos. Tol.,POS_22,PTOL,0.852,0.000,0.852,0.000,1.500,,JKM_CIR_22/NOMINAL - CS_JKM_BF - C-Zone - XZ - Nominal
Circle,JKM_CIR_23,DIAM,14.111,14.050,0.061,-0.100,0.100,,
Circle,JKM_CIR_23,X,23.621,23.540,0.081,,,,
Circle,JKM_CIR_23,Z,-110.554,-110.600,0.046,,,,
Pos. Tol.,POS_23,PTOL,0.187,0.000,0.187,0.000,1.500,,JKM_CIR_23/NOMINAL - CS_JKM_BF - C-Zone - XZ - Nominal
Circle,JKM_CIR_24,DIAM,14.097,14.050,0.047,-0.100,0.100,,
Circle,JKM_CIR_24,X,23.859,23.540,0.319,,,,
Circle,JKM_CIR_24,Z,-220.990,-221.200,0.210,,,,
Pos. Tol.,POS_24,PTOL,0.764,0.000,0.764,0.000,1.500,,JKM_CIR_24/NOMINAL - CS_JKM_BF - C-Zone - XZ - Nominal
Circle,JKM_CIR_25,DIAM,14.088,14.050,0.038,-0.100,0.100,,
Circle,JKM_CIR_25,X,23.805,23.540,0.265,,,,
Circle,JKM_CIR_25,Z,-331.260,-331.800,0.540,,,,
Pos. Tol.,POS_25,PTOL,1.203,0.000,1.203,0.000,1.500,,JKM_CIR_25/NOMINAL - CS_JKM_BF - C-Zone - XZ - Nominal
Circle,CIR_26,DIAM,4.906,4.960,-0.054,-0.100,0.100,,Criterion : Least Square (From 6 Pts On PL_26) 
Circle,CIR_26,X,41.825,42.250,-0.425,,,,
Circle,CIR_26,Y,81.534,81.850,-0.316,,,,
Circle,CIR_26,Z,-41.434,-41.100,-0.334,,,,
Pos. Tol.,POS_26,PTOL,1.252,0.000,1.252,0.000,2.000,,CIR_26/NOMINAL - CS_ABC - C-Zone - XYZ - Nominal
Circle,CIR_27,DIAM,4.958,4.960,-0.002,-0.100,0.100,,Criterion : Least Square (From 6 Pts On PL_27) 
Circle,CIR_27,X,41.409,42.250,-0.841,,,,
Circle,CIR_27,Y,81.921,81.850,0.070,,,,
Circle,CIR_27,Z,-152.074,-151.700,-0.374,,,,
Pos. Tol.,POS_27,PTOL,1.847,0.000,1.847,0.000,2.000,,CIR_27/NOMINAL - CS_ABC - C-Zone - XYZ - Nominal
Circle,CIR_28,DIAM,4.930,4.960,-0.030,-0.100,0.100,,Criterion : Least Square (From 6 Pts On PL_28) 
Circle,CIR_28,X,41.556,42.250,-0.694,,,,
Circle,CIR_28,Y,81.807,81.850,-0.044,,,,
Circle,CIR_28,Z,-262.077,-262.300,0.223,,,,
Pos. Tol.,POS_28,PTOL,1.460,0.000,1.460,0.000,2.000,,CIR_28/NOMINAL - CS_ABC - C-Zone - XYZ - Nominal
Circle,CIR_29,DIAM,4.913,4.960,-0.047,-0.100,0.100,,Criterion : Least Square (From 6 Pts On PL_29) 
Circle,CIR_29,X,41.512,42.250,-0.738,,,,
Circle,CIR_29,Y,81.976,81.850,0.126,,,,
Circle,CIR_29,Z,-372.560,-372.900,0.340,,,,
Pos. Tol.,POS_29,PTOL,1.644,0.000,1.644,0.000,2.000,,CIR_29/NOMINAL - CS_ABC - C-Zone - XYZ - Nominal
Circle,2D_CIR_26,X,0.161,0.000,0.161,,,,
Circle,2D_CIR_26,Z,-0.297,0.000,-0.297,,,,
Pos. Tol.,POS_2D_26,PTOL,0.675,0.000,0.675,0.000,1.000,,2D_CIR_26/NOMINAL - CS_JKM_BF - C-Zone - XZ - Nominal
Circle,2D_CIR_27,X,-0.268,0.000,-0.268,,,,
Circle,2D_CIR_27,Z,-110.938,-110.600,-0.338,,,,
Pos. Tol.,POS_2D_27,PTOL,0.863,0.000,0.863,0.000,1.000,,2D_CIR_27/NOMINAL - CS_JKM_BF - C-Zone - XZ - Nominal
Circle,2D_CIR_28,X,0.054,0.000,0.054,,,,
Circle,2D_CIR_28,Z,-220.941,-221.200,0.259,,,,
Pos. Tol.,POS_2D_28,PTOL,0.529,0.000,0.529,0.000,1.000,,2D_CIR_28/NOMINAL - CS_JKM_BF - C-Zone - XZ - Nominal
Circle,2D_CIR_29,X,0.053,0.000,0.053,,,,
Circle,2D_CIR_29,Z,-331.424,-331.800,0.376,,,,
Pos. Tol.,POS_2D_29,PTOL,0.760,0.000,0.760,0.000,1.000,,2D_CIR_29/NOMINAL - CS_JKM_BF - C-Zone - XZ - Nominal
Circle,CIR_30,DIAM,6.770,6.750,0.020,-0.100,0.100,,Criterion : Least Square (From 6 Pts On PL_PLAST_30) 
Circle,CIR_30,Y,15.501,15.633,-0.132,,,,
Circle,CIR_30,Z,-65.300,-65.019,-0.281,,,,
Pos. Tol.,POS_30,PTOL,0.622,0.000,0.622,0.000,2.000,,CIR_30/NOMINAL - CS_ABC - C-Zone - YZ - Nominal
Circle,CIR_31,DIAM,6.793,6.750,0.043,-0.100,0.100,,Criterion : Least Square (From 6 Pts On PL_PLAST_31) 
Circle,CIR_31,Y,15.720,15.564,0.155,,,,
Circle,CIR_31,Z,-175.057,-175.015,-0.042,,,,
Pos. Tol.,POS_31,PTOL,0.322,0.000,0.322,0.000,2.000,,CIR_31/NOMINAL - CS_ABC - C-Zone - YZ - Nominal
Circle,CIR_32,DIAM,6.794,6.750,0.044,-0.100,0.100,,Criterion : Least Square (From 6 Pts On PL_PLAST_32) 
Circle,CIR_32,Y,15.571,15.564,0.007,,,,
Circle,CIR_32,Z,-285.901,-286.015,0.114,,,,
Pos. Tol.,POS_32,PTOL,0.229,0.000,0.229,0.000,2.000,,CIR_32/NOMINAL - CS_ABC - C-Zone - YZ - Nominal
Circle,CIR_33,DIAM,6.717,6.750,-0.033,-0.100,0.100,,Criterion : Least Square (From 8 Pts On PL_PLAST_33) 
Circle,CIR_33,Y,15.849,15.565,0.284,,,,
Circle,CIR_33,Z,-401.237,-402.034,0.797,,,,
Pos. Tol.,POS_33,PTOL,1.693,0.000,1.693,0.000,2.000,,CIR_33/NOMINAL - CS_ABC - C-Zone - YZ - Nominal
Flatness,FLATNESS_R,FLTN,0.141,0.000,0.141,0.000,0.250,,CS_ABC
Circle,CIR_34,DIAM,7.941,8.000,-0.059,-0.100,0.100,,Criterion : Least Square (From 10 Pts On CS_ABC) 
Circle,CIR_34,X,32.016,31.994,0.022,,,,
Circle,CIR_34,Y,117.574,118.547,-0.973,,,,
Circle,CIR_34,Z,-366.000,-365.869,-0.131,,,,
Pos. Tol.,POS_34,PTOL,1.964,0.000,1.964,0.000,2.500,,CIR_34/NOMINAL - CS_ABC - C-Zone - XYZ - Nominal
Circle,2D_CIR_35,Y,12.911,13.000,-0.089,,,,
Circle,2D_CIR_35,Z,-0.000,0.000,-0.000,,,,
Pos. Tol.,POS_2D_35,PTOL,0.179,0.000,0.179,0.000,0.500,,2D_CIR_35/NOMINAL - CS_RS_BF - C-Zone - YZ - Nominal
Circle,2D_CIR_36,Y,-12.917,-13.000,0.083,,,,
Circle,2D_CIR_36,Z,-0.000,0.000,-0.000,,,,
Pos. Tol.,POS_2D_36,PTOL,0.165,0.000,0.165,0.000,0.500,,2D_CIR_36/NOMINAL - CS_RS_BF - C-Zone - YZ - Nominal
Circle,CIR_37,DIAM,10.498,10.390,0.108,0.000,0.130,,Criterion : Least Square (From 12 Pts On PL_PLAST_37) 
Circle,CIR_37,X,-201.441,-201.200,-0.241,,,,
Circle,CIR_37,Y,75.234,75.457,-0.223,,,,
Pos. Tol.,POS_37,PTOL,0.656,0.000,0.656,0.000,3.500,,CIR_37/NOMINAL - CS_ABC - C-Zone - XY - Nominal
Flatness,FLATNESS_D,FLTN,0.252,0.000,0.252,0.000,0.400,,PL_DATUM_D
Distance,PROF_D,Z,-6.678,-6.000,-0.678,-1.500,1.500,,CIR_38 - ORIGIN / CS_ABC
Circle,CIR_39,DIAM,4.908,4.980,-0.072,-0.100,0.100,,Criterion : Least Square (From 6 Pts On PL_PLAST_39) 
Circle,CIR_39,X,-170.488,-171.258,0.770,,,,
Circle,CIR_39,Y,94.322,94.550,-0.228,,,,
Pos. Tol.,POS_39,PTOL,1.607,0.000,1.607,0.000,3.000,,CIR_39/NOMINAL - CS_ABC - C-Zone - XY - Nominal
Circle,CIR_40,DIAM,4.909,4.980,-0.071,-0.100,0.100,,Criterion : Least Square (From 6 Pts On PL_PLAST_40) 
Circle,CIR_40,X,-103.489,-104.259,0.770,,,,
Circle,CIR_40,Y,97.504,98.050,-0.546,,,,
Pos. Tol.,POS_40,PTOL,1.888,0.000,1.888,0.000,3.000,,CIR_40/NOMINAL - CS_ABC - C-Zone - XY - Nominal
Circle,CIR_41,DIAM,4.886,4.980,-0.094,-0.200,0.100,,Criterion : Least Square (From 6 Pts On PL_PLAST_41) 
Circle,CIR_41,X,-102.921,-103.258,0.337,,,,
Circle,CIR_41,Y,25.992,26.550,-0.558,,,,
Pos. Tol.,POS_41,PTOL,1.303,0.000,1.303,0.000,3.000,,CIR_41/NOMINAL - CS_ABC - C-Zone - XY - Nominal
Circle,CIR_42,DIAM,4.885,4.980,-0.095,-0.100,0.100,,Criterion : Least Square (From 6 Pts On PL_PLAST_42) 
Circle,CIR_42,X,-170.916,-171.258,0.342,,,,
Circle,CIR_42,Y,26.321,26.550,-0.229,,,,
Pos. Tol.,POS_42,PTOL,0.824,0.000,0.824,0.000,3.000,,CIR_42/NOMINAL - CS_ABC - C-Zone - XY - Nominal
Circle,2D_CIR_38,DIAM,62.955,63.000,-0.045,-0.500,0.500,,
Circle,2D_CIR_38,X,-34.061,-34.000,-0.061,,,,
Circle,2D_CIR_38,Y,33.917,34.000,-0.083,,,,
Pos. Tol.,POS_2D_38,PTOL,0.207,0.000,0.207,0.000,1.000,,2D_CIR_38/NOMINAL - CS_DEF_BF - C-Zone - XY - Nominal
Circle,2D_CIR_39,X,-67.952,-68.000,0.048,,,,
Circle,2D_CIR_39,Y,67.998,68.000,-0.002,,,,
Pos. Tol.,POS_2D_39,PTOL,0.097,0.000,0.097,0.000,0.500,,2D_CIR_39/NOMINAL - CS_DEF_BF - C-Zone - XY - Nominal
Circle,2D_CIR_40,X,-0.971,-1.000,0.029,,,,
Circle,2D_CIR_40,Y,71.549,71.500,0.049,,,,
Pos. Tol.,POS_2D_40,PTOL,0.113,0.000,0.113,0.000,0.500,,2D_CIR_40/NOMINAL - CS_DEF_BF - C-Zone - XY - Nominal
Circle,2D_CIR_41,X,-0.010,0.000,-0.010,,,,
Circle,2D_CIR_41,Y,0.041,0.000,0.041,,,,
Pos. Tol.,POS_2D_41,PTOL,0.085,0.000,0.085,0.000,0.500,,2D_CIR_41/NOMINAL - CS_DEF_BF - C-Zone - XY - Nominal
Circle,2D_CIR_42,X,-68.005,-68.000,-0.005,,,,
Circle,2D_CIR_42,Y,-0.005,0.000,-0.005,,,,
Pos. Tol.,POS_2D_42,PTOL,0.014,0.000,0.014,0.000,0.500,,2D_CIR_42/NOMINAL - CS_DEF_BF - C-Zone - XY - Nominal
Distance,WIDTH_TB1,D1,2.937,3.000,-0.063,-0.150,0.150,,P0W2.5_1.1 - PIW2.5_1.1 / CS_DEF_BF
Distance,WIDTH_TB2,D1,3.018,3.000,0.018,-0.150,0.150,,P0W2.5_1.2 - PIW2.5_1.2 / CS_DEF_BF
Distance,WIDTH_TB3,D1,3.042,3.000,0.042,-0.150,0.150,,P0W2.5_1.3 - PIW2.5_1.3 / CS_DEF_BF
Distance,WIDTH_TB4,D1,2.976,3.000,-0.024,-0.150,0.150,,P0W2.5_1.4 - PIW2.5_1.4 / CS_DEF_BF
Distance,WIDTH_TB5,D1,3.038,3.000,0.038,-0.150,0.150,,P0W2.5_1.5 - PIW2.5_1.5 / CS_DEF_BF
Distance,WIDTH_TB6,D1,2.969,3.000,-0.031,-0.150,0.150,,P0W2.5_1.6 - PIW2.5_1.6 / CS_DEF_BF
Distance,WIDTH_TB7,D1,3.050,3.000,0.050,-0.150,0.150,,P0W2.5_1.7 - PIW2.5_1.7 / CS_DEF_BF
Distance,WIDTH_TB8,D1,2.856,2.850,0.006,-0.150,0.150,,P0W2.5_1.8 - PIW2.5_1.8 / CS_DEF_BF
Distance,WIDTH_TB9,D1,2.972,3.000,-0.028,-0.150,0.150,,P0W2.5_1.9 - PIW2.5_1.9 / CS_DEF_BF
Distance,WIDTH_TB10,D1,2.938,2.950,-0.012,-0.150,0.150,,P0W2.5_1.10 - PIW2.5_1.10 / CS_DEF_BF
Distance,WIDTH_TB11,D1,2.996,3.000,-0.004,-0.150,0.150,,P0W2.5_1.11 - PIW2.5_1.11 / CS_DEF_BF
Distance,WIDTH_TB12,D1,3.105,3.100,0.005,-0.150,0.150,,P0W2.5_1.12 - PIW2.5_1.12 / CS_DEF_BF
Distance,WIDTH_TB13,D1,3.124,3.050,0.074,-0.150,0.150,,P0W2.5_1.13 - PIW2.5_1.13 / CS_DEF_BF
Distance,WIDTH_TB14,D1,3.050,3.000,0.050,-0.150,0.150,,P0W2.5_1.14 - PIW2.5_1.14 / CS_DEF_BF
Distance,WIDTH_TB15,D1,2.942,2.950,-0.008,-0.150,0.150,,P0W2.5_1.15 - PIW2.5_1.15 / CS_DEF_BF
Distance,DEPTH_TB1,D1,4.921,5.000,-0.079,-0.250,0.250,,PTB_BOT_1.1 - PL_DATUM_D / CS_DEF_BF
Distance,DEPTH_TB2,D1,4.922,5.000,-0.078,-0.250,0.250,,PTB_BOT_1.2 - PL_DATUM_D / CS_DEF_BF
Distance,DEPTH_TB3,D1,5.029,5.000,0.029,-0.250,0.250,,PTB_BOT_1.3 - PL_DATUM_D / CS_DEF_BF
Distance,DEPTH_TB4,D1,5.013,5.000,0.013,-0.250,0.250,,PTB_BOT_1.4 - PL_DATUM_D / CS_DEF_BF
Distance,DEPTH_TB5,D1,4.989,5.000,-0.011,-0.250,0.250,,PTB_BOT_1.5 - PL_DATUM_D / CS_DEF_BF
Distance,DEPTH_TB6,D1,5.013,5.000,0.013,-0.250,0.250,,PTB_BOT_1.6 - PL_DATUM_D / CS_DEF_BF
Distance,DEPTH_TB7,D1,4.993,5.000,-0.007,-0.250,0.250,,PTB_BOT_1.7 - PL_DATUM_D / CS_DEF_BF
Distance,DEPTH_TB8,D1,5.038,5.000,0.038,-0.250,0.250,,PTB_BOT_1.8 - PL_DATUM_D / CS_DEF_BF
Distance,DEPTH_TB9,D1,5.097,5.000,0.097,-0.250,0.250,,PTB_BOT_1.9 - PL_DATUM_D / CS_DEF_BF
Distance,DEPTH_TB10,D1,5.143,5.000,0.143,-0.250,0.250,,PTB_BOT_1.10 - PL_DATUM_D / CS_DEF_BF
Distance,DEPTH_TB11,D1,5.151,5.000,0.151,-0.250,0.250,,PTB_BOT_1.11 - PL_DATUM_D / CS_DEF_BF
Distance,DEPTH_TB12,D1,5.091,5.000,0.091,-0.250,0.250,,PTB_BOT_1.12 - PL_DATUM_D / CS_DEF_BF
Distance,DEPTH_TB13,D1,5.013,5.000,0.013,-0.250,0.250,,PTB_BOT_1.13 - PL_DATUM_D / CS_DEF_BF
Distance,DEPTH_TB14,D1,4.942,5.000,-0.058,-0.250,0.250,,PTB_BOT_1.14 - PL_DATUM_D / CS_DEF_BF
Distance,DEPTH_TB15,D1,4.943,5.000,-0.057,-0.250,0.250,,PTB_BOT_1.15 - PL_DATUM_D / CS_DEF_BF
