Feat. Type,Feat. Name,Value,Actual,Nominal,Dev.,Tol-,Tol+,Out of Tol.,Comment
Text/Value,VAR_PROGRAM,VAL,,,,,,,'N:\Metrolog XG\Programmes\Ford 3,5L GTDI\Ford 3.5L Free State (Module 44).gm2'
Text/Value,VAR_EVENEMENT,VAL,,,,,,,'OTS-2'
Text/Value,VAR_COMMENTAIRES,VAL,,,,,,,'P2'
Circle,CIR_FLANGE_1,X,-16.086,-15.944,-0.142,,,,Criterion : Least Square (From 8 Pts On PL_FLANGE_1) 
Circle,CIR_FLANGE_1,Z,-48.711,-48.650,-0.061,,,,
Circle,CIR_FLANGE_2,X,-43.676,-43.444,-0.232,,,,Criterion : Least Square (From 8 Pts On PL_FLANGE_2) 
Circle,CIR_FLANGE_2,Z,52.815,52.850,-0.035,,,,
Circle,CIR_FLANGE_3,X,-16.261,-15.944,-0.317,,,,Criterion : Least Square (From 8 Pts On PL_FLANGE_3) 
Circle,CIR_FLANGE_3,Z,158.751,158.849,-0.098,,,,
Circle,CIR_FLANGE_4,X,-43.459,-43.444,-0.015,,,,Criterion : Least Square (From 8 Pts On PL_FLANGE_4) 
Circle,CIR_FLANGE_4,Z,264.808,264.849,-0.041,,,,
Circle,CIR_FLANGE_5,X,-221.838,-221.700,-0.138,,,,Criterion : Least Square (From 8 Pts On PL_FLANGE_5) 
Circle,CIR_FLANGE_5,Z,296.885,296.849,0.036,,,,
Circle,CIR_FLANGE_6,X,-195.080,-195.208,0.128,,,,Criterion : Least Square (From 8 Pts On PL_FLANGE_6) 
Circle,CIR_FLANGE_6,Z,195.453,195.349,0.104,,,,
Circle,CIR_FLANGE_7,X,-222.637,-222.700,0.063,,,,Criterion : Least Square (From 8 Pts On PL_FLANGE_7) 
Circle,CIR_FLANGE_7,Z,89.479,89.349,0.130,,,,
Circle,CIR_FLANGE_8,X,-195.205,-195.208,0.003,,,,Criterion : Least Square (From 8 Pts On PL_FLANGE_8) 
Circle,CIR_FLANGE_8,Z,-16.561,-16.651,0.090,,,,
Distance,BOSS_HEIGHT_1,D1,26.096,25.900,0.196,-0.200,0.100,0.096,CIR_TOP_1 - CIR_FLANGE_1 / CS_BF_MNTG_POINTS
Distance,BOSS_HEIGHT_2,D1,25.936,25.900,0.036,-0.200,0.100,,CIR_TOP_2 - CIR_FLANGE_2 / CS_BF_MNTG_POINTS
Distance,BOSS_HEIGHT_3,D1,26.011,25.900,0.111,-0.200,0.100,0.011,CIR_TOP_3 - CIR_FLANGE_3 / CS_BF_MNTG_POINTS
Distance,BOSS_HEIGHT_4,D1,26.193,25.900,0.293,-0.200,0.100,0.193,CIR_TOP_4 - CIR_FLANGE_4 / CS_BF_MNTG_POINTS
Distance,BOSS_HEIGHT_5,D1,26.042,25.900,0.142,-0.200,0.100,0.042,CIR_TOP_5 - CIR_FLANGE_5 / CS_BF_MNTG_POINTS
Distance,BOSS_HEIGHT_6,D1,26.006,25.900,0.106,-0.200,0.100,0.006,CIR_TOP_6 - CIR_FLANGE_6 / CS_BF_MNTG_POINTS
Distance,BOSS_HEIGHT_7,D1,26.046,25.900,0.146,-0.200,0.100,0.046,CIR_TOP_7 - CIR_FLANGE_7 / CS_BF_MNTG_POINTS
Distance,BOSS_HEIGHT_8,D1,26.083,25.900,0.183,-0.200,0.100,0.083,CIR_TOP_8 - CIR_FLANGE_8 / CS_BF_MNTG_POINTS
Pos. Tol.,POS_1,PTOL,0.310,0.000,0.310,0.000,1.500,,CIR_FLANGE_1/NOMINAL - CS_ABC - C-Zone - XZ - Nominal
Pos. Tol.,POS_2,PTOL,0.470,0.000,0.470,0.000,1.500,,CIR_FLANGE_2/NOMINAL - CS_ABC - C-Zone - XZ - Nominal
Pos. Tol.,POS_3,PTOL,0.664,0.000,0.664,0.000,1.500,,CIR_FLANGE_3/NOMINAL - CS_ABC - C-Zone - XZ - Nominal
Pos. Tol.,POS_4,PTOL,0.088,0.000,0.088,0.000,1.500,,CIR_FLANGE_4/NOMINAL - CS_ABC - C-Zone - XZ - Nominal
Pos. Tol.,POS_5,PTOL,0.285,0.000,0.285,0.000,1.500,,CIR_FLANGE_5/NOMINAL - CS_ABC - C-Zone - XZ - Nominal
Pos. Tol.,POS_6,PTOL,0.330,0.000,0.330,0.000,1.500,,CIR_FLANGE_6/NOMINAL - CS_ABC - C-Zone - XZ - Nominal
Pos. Tol.,POS_7,PTOL,0.289,0.000,0.289,0.000,1.500,,CIR_FLANGE_7/NOMINAL - CS_ABC - C-Zone - XZ - Nominal
Pos. Tol.,POS_8,PTOL,0.181,0.000,0.181,0.000,1.500,,CIR_FLANGE_8/NOMINAL - CS_ABC - C-Zone - XZ - Nominal
