Feat. Type,Feat. Name,Value,Actual,Nominal,Dev.,Tol-,Tol+,Out of Tol.,Comment
Text/Value,VAR_PROGRAM,VAL,,,,,,,'N:\Metrolog XG\Programmes\Ford Transmission Pan 10R\Ford Transmission Pan 10R Complete (Module_51).gm2'
Text/Value,VAR_EVENEMENT,VAL,,,,,,,'OTS-3'
Text/Value,VAR_COMMENTAIRES,VAL,,,,,,,'PART NO.2 C1'
Text/Value,PROFILE_A,VAL,0.216313,0.000000,0.216313,0.000000,0.250000,,
Circle,CIR_1,DIAM,10.900,7.100,3.800,-0.050,0.050,3.750,Criterion : Least Square (From 4 Pts On PL_FIXTURE) 
Circle,CIR_1,X,0.010,0.000,0.010,,,,
Circle,CIR_1,Z,-0.010,0.000,-0.010,,,,
Circle,CIR_2,DIAM,10.882,7.100,3.782,-0.050,0.050,3.732,Criterion : Least Square (From 4 Pts On PL_FIXTURE) 
Circle,CIR_2,X,-80.108,-80.079,-0.030,,,,
Circle,CIR_2,Z,-2.762,-2.811,0.049,,,,
Circle,CIR_3,DIAM,10.863,7.100,3.763,-0.050,0.050,3.713,Criterion : Least Square (From 4 Pts On PL_FIXTURE) 
Circle,CIR_3,X,-170.100,-170.079,-0.021,,,,
Circle,CIR_3,Z,-2.786,-2.811,0.025,,,,
Circle,CIR_4,DIAM,7.968,8.300,-0.332,-0.050,0.050,-0.282,Criterion : Least Square (From 4 Pts On PL_FIXTURE) 
Circle,CIR_4,X,-224.609,-224.499,-0.110,,,,
Circle,CIR_4,Z,-4.578,-4.571,-0.007,,,,
Circle,CIR_5,DIAM,10.978,7.100,3.878,-0.050,0.050,3.828,Criterion : Least Square (From 4 Pts On PL_FIXTURE) 
Circle,CIR_5,X,-249.578,-249.499,-0.079,,,,
Circle,CIR_5,Z,-1.592,-1.571,-0.021,,,,
Circle,CIR_6,DIAM,10.967,7.100,3.867,-0.050,0.050,3.817,Criterion : Least Square (From 4 Pts On PL_FIXTURE) 
Circle,CIR_6,X,-272.610,-272.679,0.068,,,,
Circle,CIR_6,Z,78.065,78.140,-0.075,,,,
Circle,CIR_7,DIAM,10.848,7.100,3.748,-0.050,0.050,3.698,Criterion : Least Square (From 4 Pts On PL_FIXTURE) 
Circle,CIR_7,X,-272.720,-272.679,-0.041,,,,
Circle,CIR_7,Z,157.032,157.140,-0.108,,,,
Circle,CIR_8,DIAM,10.863,7.100,3.763,-0.050,0.050,3.713,Criterion : Least Square (From 4 Pts On PL_FIXTURE) 
Circle,CIR_8,X,-272.794,-272.679,-0.116,,,,
Circle,CIR_8,Z,236.025,236.140,-0.115,,,,
Circle,CIR_9,DIAM,10.973,7.100,3.873,-0.050,0.050,3.823,Criterion : Least Square (From 4 Pts On PL_FIXTURE) 
Circle,CIR_9,X,-272.747,-272.679,-0.068,,,,
Circle,CIR_9,Z,315.080,315.140,-0.060,,,,
Circle,CIR_10,DIAM,10.963,7.100,3.863,-0.050,0.050,3.813,Criterion : Least Square (From 4 Pts On PL_FIXTURE) 
Circle,CIR_10,X,-272.624,-272.679,0.055,,,,
Circle,CIR_10,Z,394.019,394.140,-0.120,,,,
Circle,CIR_11,DIAM,10.946,7.100,3.846,-0.050,0.050,3.796,Criterion : Least Square (From 4 Pts On PL_FIXTURE) 
Circle,CIR_11,X,-254.499,-254.552,0.053,,,,
Circle,CIR_11,Z,463.537,463.580,-0.043,,,,
Circle,CIR_12,DIAM,10.979,7.100,3.879,-0.050,0.050,3.829,Criterion : Least Square (From 4 Pts On PL_FIXTURE) 
Circle,CIR_12,X,-166.927,-166.879,-0.049,,,,
Circle,CIR_12,Z,474.539,474.589,-0.050,,,,
Circle,CIR_13,DIAM,10.967,7.100,3.867,-0.050,0.050,3.817,Criterion : Least Square (From 4 Pts On PL_FIXTURE) 
Circle,CIR_13,X,-79.438,-79.279,-0.160,,,,
Circle,CIR_13,Z,474.486,474.589,-0.103,,,,
Circle,CIR_14,DIAM,7.953,8.300,-0.347,-0.050,0.050,-0.297,Criterion : Least Square (From 4 Pts On PL_FIXTURE) 
Circle,CIR_14,X,-19.613,-19.499,-0.114,,,,
Circle,CIR_14,Z,473.271,473.429,-0.158,,,,
Circle,CIR_15,DIAM,10.909,7.100,3.809,-0.050,0.050,3.759,Criterion : Least Square (From 4 Pts On PL_FIXTURE) 
Circle,CIR_15,X,8.219,8.321,-0.102,,,,
Circle,CIR_15,Z,470.649,470.589,0.060,,,,
Circle,CIR_16,DIAM,10.886,7.100,3.786,-0.050,0.050,3.736,Criterion : Least Square (From 4 Pts On PL_FIXTURE) 
Circle,CIR_16,X,17.278,17.321,-0.044,,,,
Circle,CIR_16,Z,387.379,387.439,-0.060,,,,
Circle,CIR_17,DIAM,10.969,7.100,3.869,-0.050,0.050,3.819,Criterion : Least Square (From 4 Pts On PL_FIXTURE) 
Circle,CIR_17,X,17.329,17.321,0.007,,,,
Circle,CIR_17,Z,304.214,304.239,-0.025,,,,
Circle,CIR_18,DIAM,10.975,7.100,3.875,-0.050,0.050,3.825,Criterion : Least Square (From 4 Pts On PL_FIXTURE) 
Circle,CIR_18,X,17.308,17.321,-0.013,,,,
Circle,CIR_18,Z,227.986,228.000,-0.014,,,,
Circle,CIR_19,DIAM,10.970,7.100,3.870,-0.050,0.050,3.820,Criterion : Least Square (From 4 Pts On PL_FIXTURE) 
Circle,CIR_19,X,17.336,17.321,0.015,,,,
Circle,CIR_19,Z,152.082,152.000,0.082,,,,
Circle,CIR_20,DIAM,10.971,7.100,3.871,-0.050,0.050,3.821,Criterion : Least Square (From 4 Pts On PL_FIXTURE) 
Circle,CIR_20,X,17.282,17.321,-0.039,,,,
Circle,CIR_20,Z,76.064,76.000,0.064,,,,
Pos. Tol.,POS_1,PTOL,0.028,0.000,0.028,0.000,0.800,,CIR_1/NOMINAL - CS_SRF_BF - C-Zone - XZ - Nominal
Pos. Tol.,POS_2,PTOL,0.115,0.000,0.115,0.000,0.800,,CIR_2/NOMINAL - CS_SRF_BF - C-Zone - XZ - Nominal
Pos. Tol.,POS_3,PTOL,0.066,0.000,0.066,0.000,0.800,,CIR_3/NOMINAL - CS_SRF_BF - C-Zone - XZ - Nominal
Pos. Tol.,POS_4,PTOL,0.221,0.000,0.221,0.000,0.800,,CIR_4/NOMINAL - CS_SRF_BF - C-Zone - XZ - Nominal
Pos. Tol.,POS_5,PTOL,0.164,0.000,0.164,0.000,0.800,,CIR_5/NOMINAL - CS_SRF_BF - C-Zone - XZ - Nominal
Pos. Tol.,POS_6,PTOL,0.203,0.000,0.203,0.000,0.800,,CIR_6/NOMINAL - CS_SRF_BF - C-Zone - XZ - Nominal
Pos. Tol.,POS_7,PTOL,0.231,0.000,0.231,0.000,0.800,,CIR_7/NOMINAL - CS_SRF_BF - C-Zone - XZ - Nominal
Pos. Tol.,POS_8,PTOL,0.327,0.000,0.327,0.000,0.800,,CIR_8/NOMINAL - CS_SRF_BF - C-Zone - XZ - Nominal
Pos. Tol.,POS_9,PTOL,0.181,0.000,0.181,0.000,0.800,,CIR_9/NOMINAL - CS_SRF_BF - C-Zone - XZ - Nominal
Pos. Tol.,POS_10,PTOL,0.264,0.000,0.264,0.000,0.800,,CIR_10/NOMINAL - CS_SRF_BF - C-Zone - XZ - Nominal
Pos. Tol.,POS_11,PTOL,0.136,0.000,0.136,0.000,0.800,,CIR_11/NOMINAL - CS_SRF_BF - C-Zone - XZ - Nominal
Pos. Tol.,POS_12,PTOL,0.140,0.000,0.140,0.000,0.800,,CIR_12/NOMINAL - CS_SRF_BF - C-Zone - XZ - Nominal
Pos. Tol.,POS_13,PTOL,0.380,0.000,0.380,0.000,0.800,,CIR_13/NOMINAL - CS_SRF_BF - C-Zone - XZ - Nominal
Pos. Tol.,POS_14,PTOL,0.390,0.000,0.390,0.000,0.800,,CIR_14/NOMINAL - CS_SRF_BF - C-Zone - XZ - Nominal
Pos. Tol.,POS_15,PTOL,0.237,0.000,0.237,0.000,0.800,,CIR_15/NOMINAL - CS_SRF_BF - C-Zone - XZ - Nominal
Pos. Tol.,POS_16,PTOL,0.149,0.000,0.149,0.000,0.800,,CIR_16/NOMINAL - CS_SRF_BF - C-Zone - XZ - Nominal
Pos. Tol.,POS_17,PTOL,0.052,0.000,0.052,0.000,0.800,,CIR_17/NOMINAL - CS_SRF_BF - C-Zone - XZ - Nominal
Pos. Tol.,POS_18,PTOL,0.039,0.000,0.039,0.000,0.800,,CIR_18/NOMINAL - CS_SRF_BF - C-Zone - XZ - Nominal
Pos. Tol.,POS_19,PTOL,0.167,0.000,0.167,0.000,0.800,,CIR_19/NOMINAL - CS_SRF_BF - C-Zone - XZ - Nominal
Pos. Tol.,POS_20,PTOL,0.150,0.000,0.150,0.000,0.800,,CIR_20/NOMINAL - CS_SRF_BF - C-Zone - XZ - Nominal
Perpend.,PERP_B,PERP,0.041,0.000,0.041,0.000,0.130,,CYL_B/PL_FIXTURE - C-Zone - Cloud of Points 
Profile of Line,PROFILE_INSIDE_PAN_AT_GAGE,PRFL,2.441,0.000,2.441,0.000,3.000,,SECTION_INSIDE_2.5MM
Circle,CIR_21,DIAM,18.880,18.950,-0.070,-0.100,0.100,,Criterion : Least Square (From 20 Pts On PL_PLAST_TOP_21) 
Circle,CIR_21,X,-94.696,-94.500,-0.196,,,,
Circle,CIR_21,Z,123.503,123.400,0.103,,,,
Circle,CIR_21_OD,DIAM,21.367,21.400,-0.033,-0.100,0.100,,Proj. CIR_21_OD / PL_DATUM_E.
Pos. Tol.,POS_21,PTOL,0.444,0.000,0.444,0.000,1.000,,CIR_21/NOMINAL - CS_SRF_BF - C-Zone - XZ - Nominal
Coaxiality,CONCENTRICITY_21,COAX,0.113,0.000,0.113,0.000,0.300,,CIR_21_OD/CYL_D - C-Zone - Nominal
Distance,PROF_22.1,D1,10.276,10.300,-0.024,-0.250,0.250,,SRF_21.1 - PL_DATUM_E / CS_SRF_BF
Distance,PROF_22.2,D1,10.268,10.300,-0.032,-0.250,0.250,,SRF_21.2 - PL_DATUM_E / CS_SRF_BF
Distance,PROF_22.3,D1,10.330,10.300,0.030,-0.250,0.250,,SRF_21.3 - PL_DATUM_E / CS_SRF_BF
Distance,PROF_22.4,D1,10.338,10.300,0.038,-0.250,0.250,,SRF_21.4 - PL_DATUM_E / CS_SRF_BF
Distance,PROF_22.5,D1,10.302,10.300,0.002,-0.250,0.250,,SRF_21.5 - PL_DATUM_E / CS_SRF_BF
Distance,PROF_22.6,D1,10.288,10.300,-0.012,-0.250,0.250,,SRF_21.6 - PL_DATUM_E / CS_SRF_BF
Distance,PROF_22.7,D1,10.276,10.300,-0.024,-0.250,0.250,,SRF_21.7 - PL_DATUM_E / CS_SRF_BF
Distance,PROF_22.8,D1,10.277,10.300,-0.023,-0.250,0.250,,SRF_21.8 - PL_DATUM_E / CS_SRF_BF
Distance,PROF_E.1,D1,177.896,178.558,-0.662,,,,SRF_E.1 - ORIGIN / CS_SRF_BF
Distance,PROF_E.1,Y,61.820,61.400,0.420,-2.000,1.000,,
Distance,PROF_E.2,D1,179.788,180.424,-0.636,,,,SRF_E.2 - ORIGIN / CS_SRF_BF
Distance,PROF_E.2,Y,61.915,61.400,0.515,-2.000,1.000,,
Distance,PROF_E.3,D1,181.498,182.116,-0.618,,,,SRF_E.3 - ORIGIN / CS_SRF_BF
Distance,PROF_E.3,Y,61.988,61.400,0.588,-2.000,1.000,,
Distance,PROF_E.4,D1,155.301,156.154,-0.852,,,,SRF_E.4 - ORIGIN / CS_SRF_BF
Distance,PROF_E.4,Y,61.283,61.400,-0.117,-2.000,1.000,,
Distance,PROF_E.5,D1,153.447,154.303,-0.856,,,,SRF_E.5 - ORIGIN / CS_SRF_BF
Distance,PROF_E.5,Y,61.285,61.400,-0.115,-2.000,1.000,,
Distance,PROF_E.6,D1,151.797,152.659,-0.862,,,,SRF_E.6 - ORIGIN / CS_SRF_BF
Distance,PROF_E.6,Y,61.278,61.400,-0.122,-2.000,1.000,,
Distance,PROF_E.7,D1,169.263,170.175,-0.912,,,,SRF_E.7 - ORIGIN / CS_SRF_BF
Distance,PROF_E.7,Y,60.874,61.400,-0.526,-2.000,1.000,,
Distance,PROF_E.8,D1,169.655,170.585,-0.930,,,,SRF_E.8 - ORIGIN / CS_SRF_BF
Distance,PROF_E.8,Y,60.817,61.400,-0.583,-2.000,1.000,,
Distance,PROF_E.9,D1,170.039,170.474,-0.435,,,,SRF_E.9 - ORIGIN / CS_SRF_BF
Distance,PROF_E.9,Y,60.748,61.400,-0.652,-2.000,1.000,,
Section,SECTION_ZONE_1,MAX,0.453,0.000,0.453,-2.000,2.000,,15 Pts [0 < LT ; LT < 15 < UT ;  0 > UL]
Section,SECTION_ZONE_1,MIN,-0.442,0.000,-0.442,-2.000,2.000,,
Section,SECTION_ZONE_2,MAX,-1.248,0.000,-1.248,-2.500,1.500,,8 Pts [1 < LT ; LT < 7 < UT ;  0 > UL]
Section,SECTION_ZONE_2,MIN,-3.042,0.000,-3.042,-2.500,1.500,-0.542,
Section,SECTION_ZONE_3,MAX,-4.270,0.000,-4.270,-5.000,1.000,,1 Pts [0 < LT ; LT < 1 < UT ;  0 > UL]
Section,SECTION_ZONE_3,MIN,-4.270,0.000,-4.270,-5.000,1.000,,
Circle,CIR_22,DIAM,6.325,4.800,1.525,-0.100,0.100,1.425,Criterion : Least Square (From 6 Pts On PL_PLAST_22) 
Circle,CIR_22,Y,7.017,7.000,0.017,,,,
Circle,CIR_22,Z,429.465,429.300,0.165,,,,
Circle,CIR_23,DIAM,6.317,4.800,1.517,-0.100,0.100,1.417,Criterion : Least Square (From 6 Pts On PL_PLAST_23) 
Circle,CIR_23,Y,7.005,7.000,0.005,,,,
Circle,CIR_23,Z,354.666,354.400,0.266,,,,
Circle,CIR_24,DIAM,6.245,4.800,1.445,-0.100,0.100,1.345,Criterion : Least Square (From 6 Pts On PL_PLAST_24) 
Circle,CIR_24,Y,6.999,7.000,-0.001,,,,
Circle,CIR_24,Z,196.830,196.600,0.230,,,,
Circle,CIR_25,DIAM,6.337,4.800,1.537,-0.100,0.100,1.437,Criterion : Least Square (From 6 Pts On PL_PLAST_25) 
Circle,CIR_25,Y,7.020,7.000,0.020,,,,
Circle,CIR_25,Z,28.556,28.600,-0.044,,,,
Circle,CIR_26,DIAM,6.393,4.800,1.593,-0.100,0.100,1.493,Criterion : Least Square (From 6 Pts On PL_PLAST_26) 
Circle,CIR_26,Y,6.982,7.000,-0.018,,,,
Circle,CIR_26,Z,265.940,266.100,-0.160,,,,
Circle,CIR_27,DIAM,6.375,4.800,1.575,-0.100,0.100,1.475,Criterion : Least Square (From 6 Pts On PL_PLAST_27) 
Circle,CIR_27,Y,7.017,7.000,0.017,,,,
Circle,CIR_27,Z,345.676,345.800,-0.124,,,,
Circle,CIR_28,DIAM,6.379,4.800,1.579,-0.100,0.100,1.479,Criterion : Least Square (From 6 Pts On PL_PLAST_28) 
Circle,CIR_28,Y,6.933,7.000,-0.067,,,,
Circle,CIR_28,Z,429.002,429.000,0.002,,,,
Pos. Tol.,POS_22,PTOL,0.331,0.000,0.331,0.000,2.000,,CIR_22/NOMINAL - CS_SRF_BF - C-Zone - YZ - Nominal
Pos. Tol.,POS_23,PTOL,0.531,0.000,0.531,0.000,2.000,,CIR_23/NOMINAL - CS_SRF_BF - C-Zone - YZ - Nominal
Pos. Tol.,POS_24,PTOL,0.460,0.000,0.460,0.000,0.250,0.210,CIR_24/NOMINAL - CS_SRF_BF - C-Zone - YZ - Nominal
Pos. Tol.,POS_25,PTOL,0.097,0.000,0.097,0.000,0.250,,CIR_25/NOMINAL - CS_SRF_BF - C-Zone - YZ - Nominal
Pos. Tol.,POS_26,PTOL,0.323,0.000,0.323,0.000,0.250,0.073,CIR_26/NOMINAL - CS_SRF_BF - C-Zone - YZ - Nominal
Pos. Tol.,POS_27,PTOL,0.250,0.000,0.250,0.000,2.000,,CIR_27/NOMINAL - CS_SRF_BF - C-Zone - YZ - Nominal
Pos. Tol.,POS_28,PTOL,0.135,0.000,0.135,0.000,0.250,,CIR_28/NOMINAL - CS_SRF_BF - C-Zone - YZ - Nominal
