Feat. Type,Feat. Name,Value,Actual,Nominal,Dev.,Tol-,Tol+,Out of Tol.,Comment
Text/Value,VAR_PROGRAM,VAL,,,,,,,'N:\Metrolog XG\Programmes\GM HF FWD GEN II E2xx\GM HF FWD Gen II E2xx Complete (Module 64).gm2'
Text/Value,VAR_EVENEMENT,VAL,,,,,,,'Dem Nid 1'
Text/Value,VAR_COMMENTAIRES,VAL,,,,,,,'285 A'
Text/Value,PROFILE_DATUM_A,VAL,0.466719,0.000000,0.466719,0.000000,1.000000,,
Text/Value,PROFILE_DATUM_B,VAL,0.455001,0.000000,0.455001,0.000000,1.000000,,
Distance,WIDTH_C,D1,8.743,8.860,-0.117,-0.150,0.150,,SRF_C_TOP - SRF_C_DOWN / CS_ABC_BF
Pos. Tol.,POS_1,PTOL,1.276,0.000,1.276,0.000,2.000,,CIR1/NOMINAL - CS_ABC_SURFACES_C - C-Zone - XZ - Nominal
Pos. Tol.,POS_2,PTOL,0.694,0.000,0.694,0.000,2.000,,CIR2/NOMINAL - CS_ABC_SURFACES_C - C-Zone - XZ - Nominal
Pos. Tol.,POS_3,PTOL,1.692,0.000,1.692,0.000,2.000,,CIR3/NOMINAL - CS_ABC_SURFACES_C - C-Zone - XZ - Nominal
Pos. Tol.,POS_4,PTOL,1.327,0.000,1.327,0.000,2.000,,CIR4/NOMINAL - CS_ABC_SURFACES_C - C-Zone - XZ - Nominal
Pos. Tol.,POS_5,PTOL,0.278,0.000,0.278,0.000,2.000,,CIR5/NOMINAL - CS_ABC_SURFACES_C - C-Zone - XZ - Nominal
Pos. Tol.,POS_6,PTOL,0.661,0.000,0.661,0.000,2.000,,CIR6/NOMINAL - CS_ABC_SURFACES_C - C-Zone - XZ - Nominal
Pos. Tol.,POS_7,PTOL,1.735,0.000,1.735,0.000,2.000,,CIR7/NOMINAL - CS_ABC_SURFACES_C - C-Zone - XZ - Nominal
Pos. Tol.,POS_8,PTOL,1.976,0.000,1.976,0.000,2.000,,CIR8/NOMINAL - CS_ABC_SURFACES_C - C-Zone - XZ - Nominal
Pos. Tol.,POS_9,PTOL,0.820,0.000,0.820,0.000,2.000,,CIR9/NOMINAL - CS_ABC_SURFACES_C - C-Zone - XZ - Nominal
Circle,CIR1,DIAM,15.091,15.000,0.091,-0.100,0.150,,From 4 Pts On PL_PLAST_1
Circle,CIR1,X,-51.951,-52.000,0.049,,,,
Circle,CIR1,Y,84.692,85.240,-0.548,,,,
Circle,CIR1,Z,-154.864,-155.500,0.636,,,,
Circle,CIR2,DIAM,15.039,15.000,0.039,-0.100,0.100,,From 4 Pts On PL_PLAST_2
Circle,CIR2,X,-52.217,-52.000,-0.217,,,,
Circle,CIR2,Y,85.130,85.240,-0.110,,,,
Circle,CIR2,Z,-60.730,-61.000,0.270,,,,
Circle,CIR3,DIAM,15.071,15.000,0.071,-0.100,0.150,,From 4 Pts On PL_PLAST_3
Circle,CIR3,X,-51.780,-52.000,0.220,,,,
Circle,CIR3,Y,85.113,85.240,-0.127,,,,
Circle,CIR3,Z,45.817,45.000,0.817,,,,
Circle,CIR4,DIAM,15.052,15.000,0.052,-0.100,0.100,,From 4 Pts On PL_PLAST_4
Circle,CIR4,X,-52.017,-52.000,-0.017,,,,
Circle,CIR4,Y,84.951,85.240,-0.289,,,,
Circle,CIR4,Z,151.663,151.000,0.663,,,,
Circle,CIR5,DIAM,15.000,15.000,0.000,-0.100,0.100,,From 4 Pts On PL_PLAST_5
Circle,CIR5,X,51.867,52.000,-0.133,,,,
Circle,CIR5,Y,85.580,85.240,0.340,,,,
Circle,CIR5,Z,112.539,112.500,0.039,,,,
Circle,CIR6,DIAM,14.950,15.000,-0.050,-0.100,0.100,,From 4 Pts On PL_PLAST_6
Circle,CIR6,X,52.220,52.000,0.220,,,,
Circle,CIR6,Y,85.368,85.240,0.128,,,,
Circle,CIR6,Z,18.247,18.000,0.247,,,,
Circle,CIR7,DIAM,14.973,15.000,-0.027,-0.100,0.100,,From 4 Pts On PL_PLAST_7
Circle,CIR7,X,52.865,52.000,0.865,,,,
Circle,CIR7,Y,85.092,85.240,-0.148,,,,
Circle,CIR7,Z,-87.930,-88.000,0.070,,,,
Circle,CIR8,DIAM,15.017,15.000,0.017,-0.100,0.100,,From 4 Pts On PL_PLAST_8
Circle,CIR8,X,52.986,52.000,0.986,,,,
Circle,CIR8,Y,84.951,85.240,-0.289,,,,
Circle,CIR8,Z,-193.943,-194.000,0.057,,,,
Circle,CIR9,DIAM,12.743,12.860,-0.117,-0.100,0.100,-0.017,From 4 Pts On PL_PLAST_9
Circle,CIR9,X,270.650,270.260,0.390,,,,
Circle,CIR9,Y,44.273,45.720,-1.447,,,,
Circle,CIR9,Z,103.126,103.000,0.127,,,,
Profile of Line,PROFILE_VERTICAL_OP_1,PRFL,0.322,0.000,0.322,0.000,1.500,,SECTION_VERTICAL_OP_1
Profile of Line,PROFILE_VERTICAL_OP_2,PRFL,0.559,0.000,0.559,0.000,1.200,,SECTION_VERTICAL_OP_2
Profile of Line,PROFILE_VERTICAL_OP_3,PRFL,0.577,0.000,0.577,0.000,1.500,,SECTION_VERTICAL_OP_3
Profile of Line,PROFILE_VERTICAL_OP_4,PRFL,0.137,0.000,0.137,0.000,1.200,,SECTION_VERTICAL_OP_4
Profile of Line,PROFILE_VERTICAL_OP_5,PRFL,0.438,0.000,0.438,0.000,1.200,,SECTION_VERTICAL_OP_5
Profile of Line,PROFILE_VERTICAL_OP_6,PRFL,0.470,0.000,0.470,0.000,1.200,,SECTION_VERTICAL_OP_6
Profile of Line,PROFILE_HORIZONTAL_OP_1,PRFL,1.294,0.000,1.294,0.000,2.000,,SECTION_HORIZONTAL_OP_1
Profile of Line,PROFILE_HORIZONTAL_OP_2,PRFL,1.086,0.000,1.086,0.000,2.000,,SECTION_HORIZONTAL_OP_2
Profile of Line,PROFILE_HORIZONTAL_OP_3,PRFL,1.217,0.000,1.217,0.000,2.000,,SECTION_HORIZONTAL_OP_3
Profile of Line,PROFILE_HORIZONTAL_OP_4,PRFL,1.058,0.000,1.058,0.000,2.000,,SECTION_HORIZONTAL_OP_4
Profile of Line,PROFILE_HORIZONTAL_OP_5,PRFL,0.635,0.000,0.635,0.000,2.000,,SECTION_HORIZONTAL_OP_5
Profile of Line,PROFILE_HORIZONTAL_OP_6,PRFL,1.701,0.000,1.701,0.000,2.000,,SECTION_HORIZONTAL_OP_6
Distance,OP1_WIDTH_1,D1,3.820,3.900,-0.080,-0.150,0.150,,OP1_PT1_OW_GAGE - OP1_PT1_IW_GAGE / CS_BF_OP1
Distance,OP1_WIDTH_2,D1,3.848,3.900,-0.052,-0.150,0.150,,OP1_PT2_OW_GAGE - OP1_PT2_IW_GAGE / CS_BF_OP1
Distance,OP1_WIDTH_3,D1,3.789,3.900,-0.111,-0.200,0.150,,OP1_PT3_OW_GAGE - OP1_PT3_IW_GAGE / CS_BF_OP1
Distance,OP1_WIDTH_4,D1,3.813,3.900,-0.087,-0.150,0.150,,OP1_PT4_OW_GAGE - OP1_PT4_IW_GAGE / CS_BF_OP1
Distance,OP1_WIDTH_5,D1,3.922,3.900,0.022,-0.150,0.150,,OP1_PT5_OW_GAGE - OP1_PT5_IW_GAGE / CS_BF_OP1
Distance,OP1_WIDTH_6,D1,3.788,3.900,-0.112,-0.200,0.150,,OP1_PT6_OW_GAGE - OP1_PT6_IW_GAGE / CS_BF_OP1
Distance,OP1_WIDTH_7,D1,3.861,3.900,-0.039,-0.150,0.150,,OP1_PT7_OW_GAGE - OP1_PT7_IW_GAGE / CS_BF_OP1
Distance,OP1_WIDTH_8,D1,3.891,3.900,-0.009,-0.150,0.150,,OP1_PT8_OW_GAGE - OP1_PT8_IW_GAGE / CS_BF_OP1
Distance,OP1_DEPTH_1,D1,5.984,6.000,-0.016,-0.150,0.400,,PL_FIXTURE_A - OP1_PT1_DEPTH / CS_BF_OP1
Distance,OP1_DEPTH_2,D1,5.902,6.000,-0.098,-0.150,0.150,,PL_FIXTURE_A - OP1_PT2_DEPTH / CS_BF_OP1
Distance,OP1_DEPTH_3,D1,5.886,6.000,-0.114,-0.300,0.150,,PL_FIXTURE_A - OP1_PT3_DEPTH / CS_BF_OP1
Distance,OP1_DEPTH_4,D1,5.950,6.000,-0.050,-0.150,0.150,,PL_FIXTURE_A - OP1_PT4_DEPTH / CS_BF_OP1
Distance,OP1_DEPTH_5,D1,6.048,6.000,0.048,-0.150,0.150,,PL_FIXTURE_A - OP1_PT5_DEPTH / CS_BF_OP1
Distance,OP1_DEPTH_6,D1,5.967,6.000,-0.033,-0.300,0.150,,PL_FIXTURE_A - OP1_PT6_DEPTH / CS_BF_OP1
Distance,OP1_DEPTH_7,D1,6.053,6.000,0.053,-0.150,0.150,,PL_FIXTURE_A - OP1_PT7_DEPTH / CS_BF_OP1
Distance,OP1_DEPTH_8,D1,6.217,6.000,0.217,-0.150,0.400,,PL_FIXTURE_A - OP1_PT8_DEPTH / CS_BF_OP1
Distance,OP2_WIDTH_1,D1,3.695,3.900,-0.205,-0.200,0.150,-0.005,OP2_PT1_OW_GAGE - OP2_PT1_IW_GAGE / CS_BF_OP2
Distance,OP2_WIDTH_2,D1,3.768,3.900,-0.132,-0.200,0.150,,OP2_PT2_OW_GAGE - OP2_PT2_IW_GAGE / CS_BF_OP2
Distance,OP2_WIDTH_4,D1,3.789,3.900,-0.111,-0.200,0.150,,OP2_PT4_OW_GAGE - OP2_PT4_IW_GAGE / CS_BF_OP2
Distance,OP2_WIDTH_5,D1,3.836,3.900,-0.064,-0.150,0.150,,OP2_PT5_OW_GAGE - OP2_PT5_IW_GAGE / CS_BF_OP2
Distance,OP2_WIDTH_7,D1,3.887,3.900,-0.013,-0.150,0.150,,OP2_PT7_OW_GAGE - OP2_PT7_IW_GAGE / CS_BF_OP2
Distance,OP2_WIDTH_8,D1,3.805,3.900,-0.095,-0.150,0.150,,OP2_PT8_OW_GAGE - OP2_PT8_IW_GAGE / CS_BF_OP2
Distance,OP2_DEPTH_1,D1,5.903,6.000,-0.097,-0.300,0.150,,PL_FIXTURE_A - OP2_PT1_DEPTH / CS_BF_OP2
Distance,OP2_DEPTH_2,D1,6.016,6.000,0.016,-0.150,0.150,,PL_FIXTURE_A - OP2_PT2_DEPTH / CS_BF_OP2
Distance,OP2_DEPTH_3,D1,5.936,6.000,-0.064,-0.150,0.150,,PL_FIXTURE_A - OP2_PT3_DEPTH / CS_BF_OP2
Distance,OP2_DEPTH_4,D1,5.977,6.000,-0.023,-0.150,0.150,,PL_FIXTURE_A - OP2_PT4_DEPTH / CS_BF_OP2
Distance,OP2_DEPTH_5,D1,6.080,6.000,0.080,-0.150,0.150,,PL_FIXTURE_A - OP2_PT5_DEPTH / CS_BF_OP2
Distance,OP2_DEPTH_6,D1,6.081,6.000,0.081,-0.150,0.150,,PL_FIXTURE_A - OP2_PT6_DEPTH / CS_BF_OP2
Distance,OP2_DEPTH_7,D1,5.891,6.000,-0.109,-0.300,0.150,,PL_FIXTURE_A - OP2_PT7_DEPTH / CS_BF_OP2
Distance,OP2_DEPTH_8,D1,5.936,6.000,-0.064,-0.150,0.150,,PL_FIXTURE_A - OP2_PT8_DEPTH / CS_BF_OP2
Distance,OP3_WIDTH_1,D1,3.817,3.900,-0.083,-0.150,0.150,,OP3_PT1_OW_GAGE - OP3_PT1_IW_GAGE / CS_BF_OP3
Distance,OP3_WIDTH_2,D1,3.855,3.900,-0.045,-0.150,0.150,,OP3_PT2_OW_GAGE - OP3_PT2_IW_GAGE / CS_BF_OP3
Distance,OP3_WIDTH_3,D1,3.857,3.900,-0.043,-0.150,0.150,,OP3_PT3_OW_GAGE - OP3_PT3_IW_GAGE / CS_BF_OP3
Distance,OP3_WIDTH_4,D1,3.767,3.900,-0.133,-0.200,0.150,,OP3_PT4_OW_GAGE - OP3_PT4_IW_GAGE / CS_BF_OP3
Distance,OP3_WIDTH_5,D1,3.871,3.900,-0.029,-0.150,0.150,,OP3_PT5_OW_GAGE - OP3_PT5_IW_GAGE / CS_BF_OP3
Distance,OP3_WIDTH_6,D1,3.773,3.900,-0.127,-0.150,0.150,,OP3_PT6_OW_GAGE - OP3_PT6_IW_GAGE / CS_BF_OP3
Distance,OP3_WIDTH_7,D1,3.911,3.900,0.011,-0.150,0.150,,OP3_PT7_OW_GAGE - OP3_PT7_IW_GAGE / CS_BF_OP3
Distance,OP3_WIDTH_8,D1,3.879,3.900,-0.021,-0.150,0.150,,OP3_PT8_OW_GAGE - OP3_PT8_IW_GAGE / CS_BF_OP3
Distance,OP3_DEPTH_1,D1,5.991,6.000,-0.009,-0.300,0.150,,PL_FIXTURE_A - OP3_PT1_DEPTH / CS_BF_OP3
Distance,OP3_DEPTH_2,D1,6.135,6.000,0.135,-0.150,0.150,,PL_FIXTURE_A - OP3_PT2_DEPTH / CS_BF_OP3
Distance,OP3_DEPTH_3,D1,5.904,6.000,-0.096,-0.300,0.150,,PL_FIXTURE_A - OP3_PT3_DEPTH / CS_BF_OP3
Distance,OP3_DEPTH_4,D1,5.922,6.000,-0.078,-0.300,0.150,,PL_FIXTURE_A - OP3_PT4_DEPTH / CS_BF_OP3
Distance,OP3_DEPTH_5,D1,6.036,6.000,0.036,-0.150,0.150,,PL_FIXTURE_A - OP3_PT5_DEPTH / CS_BF_OP3
Distance,OP3_DEPTH_6,D1,6.023,6.000,0.023,-0.150,0.150,,PL_FIXTURE_A - OP3_PT6_DEPTH / CS_BF_OP3
Distance,OP3_DEPTH_7,D1,5.924,6.000,-0.076,-0.300,0.150,,PL_FIXTURE_A - OP3_PT7_DEPTH / CS_BF_OP3
Distance,OP3_DEPTH_8,D1,5.987,6.000,-0.013,-0.300,0.150,,PL_FIXTURE_A - OP3_PT8_DEPTH / CS_BF_OP3
Distance,OP4_WIDTH_2,D1,3.901,3.900,0.001,-0.150,0.150,,OP4_PT2_OW_GAGE - OP4_PT2_IW_GAGE / CS_BF_OP4
Distance,OP4_WIDTH_3,D1,3.802,3.900,-0.098,-0.200,0.150,,OP4_PT3_OW_GAGE - OP4_PT3_IW_GAGE / CS_BF_OP4
Distance,OP4_WIDTH_4,D1,3.808,3.900,-0.092,-0.150,0.150,,OP4_PT4_OW_GAGE - OP4_PT4_IW_GAGE / CS_BF_OP4
Distance,OP4_WIDTH_5,D1,3.916,3.900,0.016,-0.150,0.150,,OP4_PT5_OW_GAGE - OP4_PT5_IW_GAGE / CS_BF_OP4
Distance,OP4_WIDTH_6,D1,3.949,3.900,0.049,-0.150,0.150,,OP4_PT6_OW_GAGE - OP4_PT6_IW_GAGE / CS_BF_OP4
Distance,OP4_WIDTH_7,D1,3.870,3.900,-0.030,-0.150,0.150,,OP4_PT7_OW_GAGE - OP4_PT7_IW_GAGE / CS_BF_OP4
Distance,OP4_WIDTH_8,D1,3.752,3.900,-0.148,-0.150,0.150,,OP4_PT8_OW_GAGE - OP4_PT8_IW_GAGE / CS_BF_OP4
Distance,OP4_DEPTH_1,D1,6.156,6.000,0.156,-0.150,0.400,,PL_FIXTURE_B - OP4_PT1_DEPTH / CS_BF_OP4
Distance,OP4_DEPTH_2,D1,6.223,6.000,0.223,-0.150,0.400,,PL_FIXTURE_B - OP4_PT2_DEPTH / CS_BF_OP4
Distance,OP4_DEPTH_3,D1,6.226,6.000,0.226,-0.150,0.400,,PL_FIXTURE_B - OP4_PT3_DEPTH / CS_BF_OP4
Distance,OP4_DEPTH_4,D1,6.099,6.000,0.099,-0.150,0.150,,PL_FIXTURE_B - OP4_PT4_DEPTH / CS_BF_OP4
Distance,OP4_DEPTH_5,D1,6.122,6.000,0.122,-0.150,0.150,,PL_FIXTURE_B - OP4_PT5_DEPTH / CS_BF_OP4
Distance,OP4_DEPTH_6,D1,6.101,6.000,0.101,-0.150,0.150,,PL_FIXTURE_B - OP4_PT6_DEPTH / CS_BF_OP4
Distance,OP4_DEPTH_7,D1,6.180,6.000,0.180,-0.150,0.150,0.030,PL_FIXTURE_B - OP4_PT7_DEPTH / CS_BF_OP4
Distance,OP4_DEPTH_8,D1,6.237,6.000,0.237,-0.150,0.400,,PL_FIXTURE_B - OP4_PT8_DEPTH / CS_BF_OP4
Distance,OP5_WIDTH_1,D1,3.746,3.900,-0.154,-0.200,0.150,,OP5_PT1_OW_GAGE - OP5_PT1_IW_GAGE / CS_BF_OP5
Distance,OP5_WIDTH_2,D1,3.916,3.900,0.016,-0.150,0.150,,OP5_PT2_OW_GAGE - OP5_PT2_IW_GAGE / CS_BF_OP5
Distance,OP5_WIDTH_3,D1,3.834,3.900,-0.066,-0.150,0.150,,OP5_PT3_OW_GAGE - OP5_PT3_IW_GAGE / CS_BF_OP5
Distance,OP5_WIDTH_4,D1,3.827,3.900,-0.073,-0.150,0.150,,OP5_PT4_OW_GAGE - OP5_PT4_IW_GAGE / CS_BF_OP5
Distance,OP5_WIDTH_5,D1,4.017,3.900,0.117,-0.150,0.150,,OP5_PT5_OW_GAGE - OP5_PT5_IW_GAGE / CS_BF_OP5
Distance,OP5_WIDTH_6,D1,3.888,3.900,-0.012,-0.150,0.150,,OP5_PT6_OW_GAGE - OP5_PT6_IW_GAGE / CS_BF_OP5
Distance,OP5_WIDTH_7,D1,3.859,3.900,-0.041,-0.150,0.150,,OP5_PT7_OW_GAGE - OP5_PT7_IW_GAGE / CS_BF_OP5
Distance,OP5_WIDTH_8,D1,3.842,3.900,-0.058,-0.150,0.150,,OP5_PT8_OW_GAGE - OP5_PT8_IW_GAGE / CS_BF_OP5
Distance,OP5_DEPTH_3,D1,6.279,6.000,0.279,-0.150,0.400,,PL_FIXTURE_B - OP5_PT3_DEPTH / CS_BF_OP5
Distance,OP5_DEPTH_4,D1,6.129,6.000,0.129,-0.150,0.400,,PL_FIXTURE_B - OP5_PT4_DEPTH / CS_BF_OP5
Distance,OP5_DEPTH_5,D1,6.122,6.000,0.122,-0.150,0.400,,PL_FIXTURE_B - OP5_PT5_DEPTH / CS_BF_OP5
Distance,OP5_DEPTH_6,D1,6.103,6.000,0.103,-0.150,0.400,,PL_FIXTURE_B - OP5_PT6_DEPTH / CS_BF_OP5
Distance,OP5_DEPTH_7,D1,6.271,6.000,0.271,-0.150,0.400,,PL_FIXTURE_B - OP5_PT7_DEPTH / CS_BF_OP5
Distance,OP6_WIDTH_2,D1,3.864,3.900,-0.036,-0.150,0.150,,OP6_PT2_OW_GAGE - OP6_PT2_IW_GAGE / CS_BF_OP6
Distance,OP6_WIDTH_3,D1,3.842,3.900,-0.058,-0.150,0.150,,OP6_PT3_OW_GAGE - OP6_PT3_IW_GAGE / CS_BF_OP6
Distance,OP6_WIDTH_4,D1,3.860,3.900,-0.040,-0.150,0.150,,OP6_PT4_OW_GAGE - OP6_PT4_IW_GAGE / CS_BF_OP6
Distance,OP6_WIDTH_5,D1,3.972,3.900,0.072,-0.150,0.150,,OP6_PT5_OW_GAGE - OP6_PT5_IW_GAGE / CS_BF_OP6
Distance,OP6_WIDTH_6,D1,3.892,3.900,-0.008,-0.150,0.150,,OP6_PT6_OW_GAGE - OP6_PT6_IW_GAGE / CS_BF_OP6
Distance,OP6_WIDTH_7,D1,3.872,3.900,-0.028,-0.150,0.150,,OP6_PT7_OW_GAGE - OP6_PT7_IW_GAGE / CS_BF_OP6
Distance,OP6_WIDTH_8,D1,3.884,3.900,-0.016,-0.150,0.150,,OP6_PT8_OW_GAGE - OP6_PT8_IW_GAGE / CS_BF_OP6
Distance,OP6_DEPTH_1,D1,6.211,6.000,0.211,-0.150,0.400,,PL_FIXTURE_B - OP6_PT1_DEPTH / CS_BF_OP6
Distance,OP6_DEPTH_2,D1,6.194,6.000,0.194,-0.150,0.400,,PL_FIXTURE_B - OP6_PT2_DEPTH / CS_BF_OP6
Distance,OP6_DEPTH_3,D1,6.075,6.000,0.075,-0.150,0.150,,PL_FIXTURE_B - OP6_PT3_DEPTH / CS_BF_OP6
Distance,OP6_DEPTH_4,D1,5.942,6.000,-0.058,-0.150,0.150,,PL_FIXTURE_B - OP6_PT4_DEPTH / CS_BF_OP6
Distance,OP6_DEPTH_5,D1,5.956,6.000,-0.044,-0.150,0.150,,PL_FIXTURE_B - OP6_PT5_DEPTH / CS_BF_OP6
Distance,OP6_DEPTH_6,D1,5.995,6.000,-0.005,-0.150,0.150,,PL_FIXTURE_B - OP6_PT6_DEPTH / CS_BF_OP6
Distance,OP6_DEPTH_7,D1,6.180,6.000,0.180,-0.150,0.400,,PL_FIXTURE_B - OP6_PT7_DEPTH / CS_BF_OP6
Circle,CIR_A,DIAM,74.036,73.800,0.236,-0.500,0.500,,Criterion : Least Square (From 36 Pts On PL_PLAST_A) 
Circle,CIR_A,X,99.192,99.063,0.129,,,,
Circle,CIR_A,Y,177.575,177.324,0.250,,,,
Circle,CIR_A,Z,208.367,208.274,0.093,,,,
Circle,CIR_INS_11,X,115.697,116.161,-0.465,,,,Criterion : Least Square (From 6 Pts On PL_INS_11) 
Circle,CIR_INS_11,Y,210.400,209.942,0.458,,,,
Circle,CIR_INS_11,Z,243.793,243.644,0.148,,,,
Circle,CIR_INS_12,X,136.450,136.968,-0.518,,,,Criterion : Least Square (From 6 Pts On PL_INS_12) 
Circle,CIR_INS_12,Y,151.225,150.861,0.364,,,,
Circle,CIR_INS_12,Z,237.235,236.898,0.337,,,,
Circle,CIR_INS_13,X,83.596,83.274,0.322,,,,Criterion : Least Square (From 6 Pts On PL_INS_13) 
Circle,CIR_INS_13,Y,139.810,139.206,0.604,,,,
Circle,CIR_INS_13,Z,172.960,173.360,-0.400,,,,
Circle,CIR_INS_14,X,62.704,62.363,0.341,,,,Criterion : Least Square (From 6 Pts On PL_INS_14) 
Circle,CIR_INS_14,Y,198.707,198.239,0.468,,,,
Circle,CIR_INS_14,Z,179.778,180.203,-0.425,,,,
Circle,2D_CIR_INS_11,X,41.995,42.000,-0.005,,,,
Circle,2D_CIR_INS_11,Y,29.051,29.000,0.051,,,,
Circle,2D_CIR_INS_12,X,41.963,42.000,-0.037,,,,
Circle,2D_CIR_INS_12,Y,-33.999,-34.000,0.001,,,,
Circle,2D_CIR_INS_13,X,-42.032,-42.000,-0.032,,,,
Circle,2D_CIR_INS_13,Y,-33.958,-34.000,0.042,,,,
Circle,2D_CIR_INS_14,X,-41.926,-42.000,0.074,,,,
Circle,2D_CIR_INS_14,Y,28.906,29.000,-0.094,,,,
Pos. Tol.,POS_11,PTOL,1.338,0.000,1.338,0.000,3.000,,CIR_INS_11/NOMINAL - CS_ABC_SURFACES_C - C-Zone - XYZ - Nominal
Pos. Tol.,POS_12,PTOL,1.434,0.000,1.434,0.000,3.000,,CIR_INS_12/NOMINAL - CS_ABC_SURFACES_C - C-Zone - XYZ - Nominal
Pos. Tol.,POS_13,PTOL,1.586,0.000,1.586,0.000,3.000,,CIR_INS_13/NOMINAL - CS_ABC_SURFACES_C - C-Zone - XYZ - Nominal
Pos. Tol.,POS_2D_11,PTOL,0.103,0.000,0.103,0.000,1.200,,2D_CIR_INS_11/NOMINAL - CS_D_BF - C-Zone - XY - Nominal
Pos. Tol.,POS_2D_12,PTOL,0.074,0.000,0.074,0.000,1.200,,2D_CIR_INS_12/NOMINAL - CS_D_BF - C-Zone - XY - Nominal
Pos. Tol.,POS_2D_13,PTOL,0.106,0.000,0.106,0.000,1.200,,2D_CIR_INS_13/NOMINAL - CS_D_BF - C-Zone - XY - Nominal
Pos. Tol.,POS_2D_14,PTOL,0.240,0.000,0.240,0.000,1.200,,2D_CIR_INS_14/NOMINAL - CS_D_BF - C-Zone - XY - Nominal
Perpend.,PERP_11,PERP,,0.000,,0.000,0.250,,CYL_11/PL_INS_11 - C-Zone - Nominal
Perpend.,PERP_12,PERP,,0.000,,0.000,0.250,,CYL_12/PL_INS_12 - C-Zone - Nominal
Perpend.,PERP_13,PERP,,0.000,,0.000,0.250,,CYL_13/PL_INS_13 - C-Zone - Nominal
Perpend.,PERP_14,PERP,,0.000,,0.000,0.250,,CYL_14/PL_INS_14 - C-Zone - Nominal
Distance,H_11,Z,0.169,-0.000,0.169,0.000,0.300,,CIR_INS_11 - PL_PLAST_INS_11 / CS_D_BF
Distance,H_12,Z,0.143,-0.000,0.143,0.000,0.300,,CIR_INS_12 - PL_PLAST_INS_12 / CS_D_BF
Distance,H_13,Z,0.072,-0.000,0.072,0.000,0.300,,CIR_INS_13 - PL_PLAST_INS_13 / CS_D_BF
Distance,H_14,Z,0.146,-0.000,0.146,0.000,0.300,,CIR_INS_14 - PL_PLAST_INS_14 / CS_D_BF
Flatness,FLATNESS_D,FLTN,0.412,0.000,0.412,0.000,1.200,,PL_DATUM_D
Profile of Line,PROFILE_SURFACE_D,PRFL,1.405,0.000,1.405,0.000,4.000,,SECTION_D
Paral.,PERP_INS_11,PARA,0.102,0.000,0.102,0.000,0.250,,PL_INS_11/PL_PLAST_INS_11 - P-Zone - Cloud of Points 
Paral.,PERP_INS_12,PARA,0.120,0.000,0.120,0.000,0.250,,PL_INS_12/PL_PLAST_INS_12 - P-Zone - Cloud of Points 
Paral.,PERP_INS_13,PARA,0.014,0.000,0.014,0.000,0.250,,PL_INS_13/PL_PLAST_INS_13 - P-Zone - Cloud of Points 
Paral.,PERP_INS_14,PARA,0.194,0.000,0.194,0.000,0.250,,PL_INS_14/PL_PLAST_INS_14 - P-Zone - Cloud of Points 
Distance,PROF_11_D,Z,0.702,0.650,0.052,-0.500,0.500,,CIR_INS_11 - PL_DATUM_D / CS_D_BF
Distance,PROF_12_D,Z,0.554,0.650,-0.096,-0.500,0.500,,CIR_INS_12 - PL_DATUM_D / CS_D_BF
Distance,PROF_13_D,Z,0.328,0.650,-0.322,-0.500,0.500,,CIR_INS_13 - PL_DATUM_D / CS_D_BF
Distance,PROF_14_D,Z,0.826,0.650,0.176,-0.500,0.500,,CIR_INS_14 - PL_DATUM_D / CS_D_BF
Distance,WIDTH_TBA_1,D1,3.228,3.250,-0.022,-0.150,0.150,,0W2.5_1.1 - IW2.5_1.1 / CS_D_BF
Distance,WIDTH_TBA_2,D1,3.178,3.250,-0.072,-0.150,0.150,,0W2.5_1.2 - IW2.5_1.2 / CS_D_BF
Distance,WIDTH_TBA_3,D1,3.235,3.250,-0.015,-0.150,0.150,,0W2.5_1.3 - IW2.5_1.3 / CS_D_BF
Distance,WIDTH_TBA_4,D1,3.235,3.250,-0.015,-0.150,0.150,,0W2.5_1.4 - IW2.5_1.4 / CS_D_BF
Distance,WIDTH_TBA_5,D1,3.212,3.250,-0.038,-0.150,0.150,,0W2.5_1.5 - IW2.5_1.5 / CS_D_BF
Distance,WIDTH_TBA_6,D1,3.178,3.250,-0.072,-0.150,0.150,,0W2.5_1.6 - IW2.5_1.6 / CS_D_BF
Distance,WIDTH_TBA_7,D1,3.280,3.250,0.030,-0.150,0.150,,0W2.5_1.7 - IW2.5_1.7 / CS_D_BF
Distance,WIDTH_TBA_8,D1,3.321,3.250,0.071,-0.150,0.150,,0W2.5_1.8 - IW2.5_1.8 / CS_D_BF
Distance,DEPTH_TBA_1,D1,5.034,5.150,-0.116,-0.300,0.300,,TB_BOT_1.1 - PL_D / CS_D_BF
Distance,DEPTH_TBA_2,D1,5.150,5.150,-0.000,-0.300,0.300,,TB_BOT_1.2 - PL_D / CS_D_BF
Distance,DEPTH_TBA_3,D1,4.919,5.150,-0.231,-0.350,0.300,,TB_BOT_1.3 - PL_D / CS_D_BF
Distance,DEPTH_TBA_4,D1,4.952,5.150,-0.198,-0.300,0.300,,TB_BOT_1.4 - PL_D / CS_D_BF
Distance,DEPTH_TBA_5,D1,5.140,5.150,-0.010,-0.300,0.300,,TB_BOT_1.5 - PL_D / CS_D_BF
Distance,DEPTH_TBA_6,D1,5.145,5.150,-0.005,-0.300,0.300,,TB_BOT_1.6 - PL_D / CS_D_BF
Distance,DEPTH_TBA_7,D1,5.139,5.150,-0.011,-0.300,0.500,,TB_BOT_1.7 - PL_D / CS_D_BF
Distance,DEPTH_TBA_8,D1,5.225,5.150,0.075,-0.300,0.500,,TB_BOT_1.8 - PL_D / CS_D_BF
Profile of Line,PROFILE_TB_IW,PRFL,0.686,0.000,0.686,0.000,1.400,,SECTION_IW_TB
Profile of Line,PROFILE_TB_OW,PRFL,0.710,0.000,0.710,0.000,1.400,,SECTION_OW_TB
Circle,CIR_15,DIAM,12.214,12.170,0.044,-0.080,0.080,,Criterion : Least Square (From 20 Pts On PL_DATUM_H) 
Circle,CIR_15,X,166.533,167.324,-0.791,,,,
Circle,CIR_15,Y,163.470,162.970,0.500,,,,
Circle,CIR_15,Z,218.963,218.421,0.543,,,,
Pos. Tol.,POS_15,PTOL,2.163,0.000,2.163,0.000,3.600,,CIR_15/NOMINAL - CS_ABC_SURFACES_C - C-Zone - XYZ - Nominal
Circle,2D_CIR_16,X,23.632,23.540,0.092,,,,
Circle,2D_CIR_16,Y,0.000,0.000,0.000,,,,
Pos. Tol.,POS_2D_16,PTOL,0.183,0.000,0.183,0.000,0.500,,2D_CIR_16/NOMINAL - CS_HJ - C-Zone - XY - Nominal
Circle,CIR_17,DIAM,6.065,6.000,0.065,-0.250,0.250,,Criterion : Least Square (From 8 Pts On PL_PLAST_17) 
Circle,CIR_17,X,287.801,287.000,0.801,,,,
Circle,CIR_17,Y,102.590,103.210,-0.620,,,,
Circle,CIR_17,Z,66.488,66.000,0.488,,,,
Pos. Tol.,POS_17,PTOL,1.876,0.000,1.876,0.000,3.000,,CIR_17/NOMINAL - CS_ABC_SURFACES_C - C-Zone - XZ - Nominal
Circle,CIR_18,DIAM,6.085,6.000,0.085,-0.250,0.250,,Criterion : Least Square (From 6 Pts On PL_PLAST_18) 
Circle,CIR_18,X,227.826,226.330,1.496,,,,
Circle,CIR_18,Y,115.290,115.710,-0.420,,,,
Circle,CIR_18,Z,-135.759,-136.000,0.241,,,,
Pos. Tol.,POS_18,PTOL,3.031,0.000,3.031,0.000,3.500,,CIR_18/NOMINAL - CS_ABC_SURFACES_C - C-Zone - XZ - Nominal
Circle,CIR_19,DIAM,12.048,12.050,-0.002,-0.080,0.080,,Criterion : Least Square (From 20 Pts On PL_DATUM_F) 
Circle,CIR_19,X,181.155,179.990,1.165,,,,
Circle,CIR_19,Y,200.333,201.240,-0.907,,,,
Circle,CIR_19,Z,-80.552,-81.262,0.710,,,,
Pos. Tol.,POS_19,PTOL,2.728,0.000,2.728,0.000,4.000,,CIR_19/NOMINAL - CS_ABC_SURFACES_C - C-Zone - XZ - Nominal
Circle,2D_CIR_20,DIAM,4.844,4.900,-0.056,-0.100,0.100,,
Circle,2D_CIR_20,X,-17.389,-17.500,0.111,,,,
Circle,2D_CIR_20,Z,0.000,0.000,0.000,,,,
Pos. Tol.,POS_2D_20,PTOL,0.223,0.000,0.223,0.000,0.500,,2D_CIR_20/NOMINAL - CS_FG - C-Zone - XZ - Nominal
Circle,CIR_21,DIAM,4.886,4.820,0.066,-0.100,0.180,,Criterion : Least Square (From 8 Pts On PL_PLAST_21) 
Circle,CIR_21,X,147.384,146.000,1.384,,,,
Circle,CIR_21,Y,215.414,216.210,-0.796,,,,
Circle,CIR_21,Z,-7.987,-8.500,0.513,,,,
Pos. Tol.,POS_21,PTOL,2.952,0.000,2.952,0.000,4.500,,CIR_21/NOMINAL - CS_ABC_SURFACES_C - C-Zone - XZ - Nominal
Circle,CIR_22,DIAM,4.850,4.820,0.030,-0.100,0.180,,Criterion : Least Square (From 8 Pts On PL_PLAST_22) 
Circle,CIR_22,X,-47.086,-48.500,1.414,,,,
Circle,CIR_22,Y,76.129,76.158,-0.029,,,,
Circle,CIR_22,Z,105.356,105.000,0.356,,,,
Pos. Tol.,POS_22,PTOL,2.915,0.000,2.915,0.000,4.000,,CIR_22/NOMINAL - CS_ABC_SURFACES_C - C-Zone - XZ - Nominal
Circle,CIR_23,DIAM,4.842,4.820,0.022,-0.100,0.180,,Criterion : Least Square (From 8 Pts On PL_PLAST_23) 
Circle,CIR_23,X,-47.946,-48.500,0.554,,,,
Circle,CIR_23,Y,75.924,76.158,-0.234,,,,
Circle,CIR_23,Z,-106.653,-107.000,0.347,,,,
Pos. Tol.,POS_23,PTOL,1.307,0.000,1.307,0.000,3.000,,CIR_23/NOMINAL - CS_ABC_SURFACES_C - C-Zone - XZ - Nominal
Circle,CIR_24,X,7.638,6.900,0.738,,,,Criterion : Least Square (From 6 Pts On PL_INS_24) 
Circle,CIR_24,Y,170.461,170.150,0.311,,,,
Circle,CIR_24,Z,75.227,74.720,0.507,,,,
Pos. Tol.,POS_24,PTOL,1.791,0.000,1.791,0.000,4.000,,CIR_24/NOMINAL - CS_ABC_SURFACES_C - C-Zone - XZ - Nominal
Circle,CIR_25,X,7.460,6.900,0.560,,,,Criterion : Least Square (From 6 Pts On PL_INS_25) 
Circle,CIR_25,Y,170.277,170.150,0.127,,,,
Circle,CIR_25,Z,-140.511,-141.050,0.538,,,,
Pos. Tol.,POS_25,PTOL,1.553,0.000,1.553,0.000,3.000,,CIR_25/NOMINAL - CS_ABC_SURFACES_C - C-Zone - XZ - Nominal
Slot,SLOT_26,LEN,13.131,13.000,0.131,-0.250,0.250,,Criterion : Least Square (From 16 Pts On PL_PLAST_26) 
Slot,SLOT_26,WID,6.548,6.500,0.048,-0.250,0.250,,
Slot,SLOT_26,X,132.207,131.300,0.907,,,,
Slot,SLOT_26,Y,152.884,153.910,-1.026,,,,
Slot,SLOT_26,Z,-210.783,-211.400,0.617,,,,
Pos. Tol.,POS_26,PTOL,2.195,0.000,2.195,0.000,3.000,,SLOT_26/NOMINAL - CS_ABC_SURFACES_C - C-Zone - XZ - Nominal
Distance,H_16,Z,0.175,0.000,0.175,0.000,0.300,,2D_CIR_16 - PL_PLAST_16 / CS_HJ
Distance,PROF_17,Y,102.590,103.210,-0.620,-1.500,1.500,,CIR_17 - ORIGIN / CS_ABC_FIXTURE
Distance,PROF_18,Y,115.290,115.710,-0.420,-1.500,1.500,,CIR_18 - ORIGIN / CS_ABC_FIXTURE
Distance,H_24,Y,0.175,0.150,0.025,-0.150,0.150,,CIR_24 - PL_PLAST_24 / CS_ABC_SURFACES_C
Distance,H_25,Y,0.135,0.150,-0.015,-0.150,0.150,,CIR_25 - PL_PLAST_25 / CS_ABC_SURFACES_C
