Feat. Type,Feat. Name,Value,Actual,Nominal,Dev.,Tol-,Tol+,Out of Tol.,Comment
Text/Value,VAR_PROGRAM,VAL,,,,,,,'N:\Metrolog XG\Programmes\GM HF FWD GEN II C1xx\GM HF FWD Gen II C1xx Complete (Module 64).gm2'
Text/Value,VAR_EVENEMENT,VAL,,,,,,,'D�marrage 295 C NID1'
Text/Value,VAR_COMMENTAIRES,VAL,,,,,,,'296 A'
Text/Value,PROFILE_DATUM_A,VAL,0.430191,0.000000,0.430191,0.000000,1.000000,,
Text/Value,PROFILE_DATUM_B,VAL,0.505222,0.000000,0.505222,0.000000,1.000000,,
Distance,WIDTH_C,D1,9.025,9.000,0.025,-0.150,0.150,,SRF_C_TOP - SRF_C_DOWN / CS_ABC_SURFACES_C
Pos. Tol.,POS_1,PTOL,0.489,0.000,0.489,0.000,2.000,,CIR1/NOMINAL - CS_ABC_SURFACES_C - C-Zone - XZ - Nominal
Pos. Tol.,POS_2,PTOL,0.284,0.000,0.284,0.000,2.000,,CIR2/NOMINAL - CS_ABC_SURFACES_C - C-Zone - XZ - Nominal
Pos. Tol.,POS_3,PTOL,0.421,0.000,0.421,0.000,2.000,,CIR3/NOMINAL - CS_ABC_SURFACES_C - C-Zone - XZ - Nominal
Pos. Tol.,POS_4,PTOL,0.302,0.000,0.302,0.000,2.000,,CIR4/NOMINAL - CS_ABC_SURFACES_C - C-Zone - XZ - Nominal
Pos. Tol.,POS_5,PTOL,0.111,0.000,0.111,0.000,2.000,,CIR5/NOMINAL - CS_ABC_SURFACES_C - C-Zone - XZ - Nominal
Pos. Tol.,POS_6,PTOL,0.441,0.000,0.441,0.000,2.000,,CIR6/NOMINAL - CS_ABC_SURFACES_C - C-Zone - XZ - Nominal
Pos. Tol.,POS_7,PTOL,0.938,0.000,0.938,0.000,2.000,,CIR7/NOMINAL - CS_ABC_SURFACES_C - C-Zone - XZ - Nominal
Pos. Tol.,POS_8,PTOL,1.345,0.000,1.345,0.000,2.000,,CIR8/NOMINAL - CS_ABC_SURFACES_C - C-Zone - XZ - Nominal
Pos. Tol.,POS_9,PTOL,1.607,0.000,1.607,0.000,3.000,,CIR9/NOMINAL - CS_ABC_SURFACES_C - C-Zone - XZ - Nominal
Circle,CIR1,DIAM,14.964,15.000,-0.036,-0.100,0.100,,From 4 Pts On PL_PLAST_1
Circle,CIR1,X,-51.775,-52.000,0.225,,,,
Circle,CIR1,Y,84.609,85.260,-0.651,,,,
Circle,CIR1,Z,-112.403,-112.500,0.097,,,,
Circle,CIR2,DIAM,15.076,15.100,-0.024,-0.100,0.100,,From 4 Pts On PL_PLAST_2
Circle,CIR2,X,-51.874,-52.000,0.126,,,,
Circle,CIR2,Y,84.980,85.260,-0.280,,,,
Circle,CIR2,Z,-18.067,-18.000,-0.067,,,,
Circle,CIR3,DIAM,14.999,15.000,-0.001,-0.100,0.100,,From 4 Pts On PL_PLAST_3
Circle,CIR3,X,-52.081,-52.000,-0.081,,,,
Circle,CIR3,Y,85.387,85.260,0.127,,,,
Circle,CIR3,Z,87.805,88.000,-0.195,,,,
Circle,CIR4,DIAM,15.032,15.000,0.032,-0.100,0.100,,From 4 Pts On PL_PLAST_4
Circle,CIR4,X,-51.884,-52.000,0.116,,,,
Circle,CIR4,Y,85.294,85.260,0.034,,,,
Circle,CIR4,Z,194.096,194.000,0.096,,,,
Circle,CIR5,DIAM,15.016,15.000,0.016,-0.100,0.100,,From 4 Pts On PL_PLAST_5
Circle,CIR5,X,51.951,52.000,-0.049,,,,
Circle,CIR5,Y,85.352,85.260,0.092,,,,
Circle,CIR5,Z,155.526,155.500,0.026,,,,
Circle,CIR6,DIAM,14.908,15.000,-0.092,-0.100,0.100,,From 4 Pts On PL_PLAST_6
Circle,CIR6,X,51.994,52.000,-0.006,,,,
Circle,CIR6,Y,84.957,85.260,-0.303,,,,
Circle,CIR6,Z,61.220,61.000,0.220,,,,
Circle,CIR7,DIAM,14.880,14.900,-0.020,-0.100,0.100,,From 4 Pts On PL_PLAST_7
Circle,CIR7,X,52.245,52.000,0.245,,,,
Circle,CIR7,Y,84.593,85.260,-0.667,,,,
Circle,CIR7,Z,-44.600,-45.000,0.400,,,,
Circle,CIR8,DIAM,14.923,15.000,-0.077,-0.100,0.100,,From 4 Pts On PL_PLAST_8
Circle,CIR8,X,52.156,52.000,0.156,,,,
Circle,CIR8,Y,84.511,85.260,-0.749,,,,
Circle,CIR8,Z,-150.346,-151.000,0.654,,,,
Circle,CIR9,DIAM,12.868,12.860,0.008,-0.100,0.100,,From 4 Pts On PL_PLAST_9
Circle,CIR9,X,284.629,284.990,-0.361,,,,
Circle,CIR9,Y,26.167,27.530,-1.363,,,,
Circle,CIR9,Z,160.218,159.500,0.718,,,,
Distance,PROFILE_1,Y,84.609,85.250,-0.641,-1.050,1.050,,CIR1 - ORIGIN / CS_ABC_SURFACES_C
Distance,PROFILE_2,Y,84.980,85.250,-0.270,-0.800,0.800,,CIR2 - ORIGIN / CS_ABC_SURFACES_C
Distance,PROFILE_3,Y,85.387,85.250,0.137,-0.350,0.350,,CIR3 - ORIGIN / CS_ABC_SURFACES_C
Distance,PROFILE_4,Y,85.294,85.250,0.044,-0.550,0.550,,CIR4 - ORIGIN / CS_ABC_SURFACES_C
Distance,PROFILE_5,Y,85.352,85.250,0.102,-0.400,0.400,,CIR5 - ORIGIN / CS_ABC_SURFACES_C
Distance,PROFILE_6,Y,84.957,85.250,-0.293,-0.450,0.450,,CIR6 - ORIGIN / CS_ABC_SURFACES_C
Distance,PROFILE_7,Y,84.593,85.250,-0.657,-0.850,0.850,,CIR7 - ORIGIN / CS_ABC_SURFACES_C
Distance,PROFILE_8,Y,84.511,85.250,-0.739,-0.900,0.900,,CIR8 - ORIGIN / CS_ABC_SURFACES_C
Profile of Line,PROFILE_VERTICAL_OP_1,PRFL,0.994,0.000,0.994,0.000,1.700,,SECTION_VERTICAL_OP_1
Profile of Line,PROFILE_VERTICAL_OP_2,PRFL,0.127,0.000,0.127,0.000,1.200,,SECTION_VERTICAL_OP_2
Profile of Line,PROFILE_VERTICAL_OP_3,PRFL,1.213,0.000,1.213,0.000,1.800,,SECTION_VERTICAL_OP_3
Profile of Line,PROFILE_VERTICAL_OP_4,PRFL,0.473,0.000,0.473,0.000,1.200,,SECTION_VERTICAL_OP_4
Profile of Line,PROFILE_VERTICAL_OP_5,PRFL,0.209,0.000,0.209,0.000,1.200,,SECTION_VERTICAL_OP_5
Profile of Line,PROFILE_VERTICAL_OP_6,PRFL,0.253,0.000,0.253,0.000,1.200,,SECTION_VERTICAL_OP_6
Profile of Line,PROFILE_HORIZONTAL_OP_1,PRFL,1.354,0.000,1.354,0.000,2.000,,SECTION_HORIZONTAL_OP_1
Profile of Line,PROFILE_HORIZONTAL_OP_2,PRFL,0.570,0.000,0.570,0.000,2.000,,SECTION_HORIZONTAL_OP_2
Profile of Line,PROFILE_HORIZONTAL_OP_3,PRFL,2.112,0.000,2.112,0.000,3.200,,SECTION_HORIZONTAL_OP_3
Profile of Line,PROFILE_HORIZONTAL_OP_4,PRFL,1.135,0.000,1.135,0.000,2.000,,SECTION_HORIZONTAL_OP_4
Profile of Line,PROFILE_HORIZONTAL_OP_5,PRFL,0.510,0.000,0.510,0.000,2.000,,SECTION_HORIZONTAL_OP_5
Profile of Line,PROFILE_HORIZONTAL_OP_6,PRFL,1.458,0.000,1.458,0.000,2.000,,SECTION_HORIZONTAL_OP_6
Distance,OP1_WIDTH_1,D1,3.934,3.900,0.034,-0.150,0.150,,OP1_PT1_OW_GAGE - OP1_PT1_IW_GAGE / CS_BF_OP1
Distance,OP1_WIDTH_2,D1,4.017,3.900,0.117,-0.150,0.150,,OP1_PT2_OW_GAGE - OP1_PT2_IW_GAGE / CS_BF_OP1
Distance,OP1_WIDTH_3,D1,3.946,3.900,0.046,-0.150,0.150,,OP1_PT3_OW_GAGE - OP1_PT3_IW_GAGE / CS_BF_OP1
Distance,OP1_WIDTH_4,D1,3.947,3.900,0.047,-0.150,0.150,,OP1_PT4_OW_GAGE - OP1_PT4_IW_GAGE / CS_BF_OP1
Distance,OP1_WIDTH_5,D1,3.987,3.900,0.087,-0.150,0.150,,OP1_PT5_OW_GAGE - OP1_PT5_IW_GAGE / CS_BF_OP1
Distance,OP1_WIDTH_6,D1,3.874,3.900,-0.026,-0.150,0.150,,OP1_PT6_OW_GAGE - OP1_PT6_IW_GAGE / CS_BF_OP1
Distance,OP1_WIDTH_7,D1,3.994,3.900,0.094,-0.150,0.150,,OP1_PT7_OW_GAGE - OP1_PT7_IW_GAGE / CS_BF_OP1
Distance,OP1_WIDTH_8,D1,4.045,4.150,-0.105,-0.150,0.150,,OP1_PT8_OW_GAGE - OP1_PT8_IW_GAGE / CS_BF_OP1
Distance,OP1_DEPTH_1,D1,6.031,6.000,0.031,-0.250,0.500,,PL_FIXTURE_A - OP1_PT1_DEPTH / CS_BF_OP1
Distance,OP1_DEPTH_2,D1,6.050,6.000,0.050,-0.250,0.500,,PL_FIXTURE_A - OP1_PT2_DEPTH / CS_BF_OP1
Distance,OP1_DEPTH_3,D1,5.950,6.000,-0.050,-0.150,0.150,,PL_FIXTURE_A - OP1_PT3_DEPTH / CS_BF_OP1
Distance,OP1_DEPTH_4,D1,6.003,6.000,0.003,-0.150,0.150,,PL_FIXTURE_A - OP1_PT4_DEPTH / CS_BF_OP1
Distance,OP1_DEPTH_5,D1,6.082,6.000,0.082,-0.150,0.150,,PL_FIXTURE_A - OP1_PT5_DEPTH / CS_BF_OP1
Distance,OP1_DEPTH_6,D1,5.991,6.000,-0.009,-0.150,0.150,,PL_FIXTURE_A - OP1_PT6_DEPTH / CS_BF_OP1
Distance,OP1_DEPTH_7,D1,6.247,6.000,0.247,-0.150,0.300,,PL_FIXTURE_A - OP1_PT8_DEPTH / CS_BF_OP1
Distance,OP1_DEPTH_8,D1,6.382,6.000,0.382,-0.000,0.670,,PL_FIXTURE_A - OP1_PT8_DEPTH / CS_BF_OP1
Distance,OP2_WIDTH_1,D1,3.930,3.900,0.030,-0.150,0.150,,OP2_PT1_OW_GAGE - OP2_PT1_IW_GAGE / CS_BF_OP2
Distance,OP2_WIDTH_2,D1,4.089,4.150,-0.061,-0.150,0.150,,OP2_PT2_OW_GAGE - OP2_PT2_IW_GAGE / CS_BF_OP2
Distance,OP2_WIDTH_3,D1,3.935,3.900,0.035,-0.150,0.150,,OP2_PT3_OW_GAGE - OP2_PT3_IW_GAGE / CS_BF_OP2
Distance,OP2_WIDTH_4,D1,3.938,3.900,0.038,-0.150,0.150,,OP2_PT4_OW_GAGE - OP2_PT4_IW_GAGE / CS_BF_OP2
Distance,OP2_WIDTH_5,D1,3.987,3.900,0.087,-0.150,0.150,,OP2_PT5_OW_GAGE - OP2_PT5_IW_GAGE / CS_BF_OP2
Distance,OP2_WIDTH_6,D1,3.945,3.900,0.045,-0.150,0.150,,OP2_PT6_OW_GAGE - OP2_PT6_IW_GAGE / CS_BF_OP2
Distance,OP2_WIDTH_7,D1,4.113,4.150,-0.037,-0.150,0.150,,OP2_PT7_OW_GAGE - OP2_PT7_IW_GAGE / CS_BF_OP2
Distance,OP2_WIDTH_8,D1,3.976,3.900,0.076,-0.150,0.150,,OP2_PT8_OW_GAGE - OP2_PT8_IW_GAGE / CS_BF_OP2
Distance,OP2_DEPTH_1,D1,6.006,6.000,0.006,-0.150,0.150,,PL_FIXTURE_A - OP2_PT1_DEPTH / CS_BF_OP2
Distance,OP2_DEPTH_2,D1,6.123,6.000,0.123,-0.150,0.300,,PL_FIXTURE_A - OP2_PT2_DEPTH / CS_BF_OP2
Distance,OP2_DEPTH_3,D1,6.006,6.000,0.006,-0.150,0.150,,PL_FIXTURE_A - OP2_PT3_DEPTH / CS_BF_OP2
Distance,OP2_DEPTH_4,D1,6.009,6.000,0.009,-0.150,0.150,,PL_FIXTURE_A - OP2_PT4_DEPTH / CS_BF_OP2
Distance,OP2_DEPTH_5,D1,6.123,6.000,0.123,-0.150,0.200,,PL_FIXTURE_A - OP2_PT2_DEPTH / CS_BF_OP2
Distance,OP2_DEPTH_6,D1,6.023,6.000,0.023,-0.150,0.150,,PL_FIXTURE_A - OP2_PT6_DEPTH / CS_BF_OP2
Distance,OP2_DEPTH_7,D1,5.924,6.000,-0.076,-0.150,0.150,,PL_FIXTURE_A - OP2_PT7_DEPTH / CS_BF_OP2
Distance,OP2_DEPTH_8,D1,6.024,6.000,0.024,-0.150,0.150,,PL_FIXTURE_A - OP2_PT8_DEPTH / CS_BF_OP2
Distance,OP3_WIDTH_1,D1,3.887,3.900,-0.013,-0.150,0.150,,OP3_PT1_OW_GAGE - OP3_PT1_IW_GAGE / CS_BF_OP3
Distance,OP3_WIDTH_2,D1,4.048,3.900,0.148,-0.150,0.150,,OP3_PT2_OW_GAGE - OP3_PT2_IW_GAGE / CS_BF_OP3
Distance,OP3_WIDTH_3,D1,3.956,3.900,0.056,-0.150,0.150,,OP3_PT3_OW_GAGE - OP3_PT3_IW_GAGE / CS_BF_OP3
Distance,OP3_WIDTH_4,D1,3.864,3.900,-0.036,-0.150,0.150,,OP3_PT4_OW_GAGE - OP3_PT4_IW_GAGE / CS_BF_OP3
Distance,OP3_WIDTH_5,D1,3.849,3.900,-0.051,-0.150,0.150,,OP3_PT5_OW_GAGE - OP3_PT5_IW_GAGE / CS_BF_OP3
Distance,OP3_WIDTH_6,D1,3.825,3.900,-0.075,-0.150,0.150,,OP3_PT6_OW_GAGE - OP3_PT6_IW_GAGE / CS_BF_OP3
Distance,OP3_WIDTH_7,D1,4.020,4.150,-0.130,-0.150,0.150,,OP3_PT7_OW_GAGE - OP3_PT7_IW_GAGE / CS_BF_OP3
Distance,OP3_WIDTH_8,D1,3.894,3.900,-0.006,-0.150,0.150,,OP3_PT8_OW_GAGE - OP3_PT8_IW_GAGE / CS_BF_OP3
Distance,OP3_DEPTH_1,D1,6.312,6.000,0.312,-0.200,0.300,0.012,PL_FIXTURE_A - OP3_PT2_DEPTH / CS_BF_OP3
Distance,OP3_DEPTH_2,D1,6.312,6.000,0.312,-0.000,0.500,,PL_FIXTURE_A - OP3_PT2_DEPTH / CS_BF_OP3
Distance,OP3_DEPTH_3,D1,6.065,6.000,0.065,-0.200,0.150,,PL_FIXTURE_A - OP3_PT8_DEPTH / CS_BF_OP3
Distance,OP3_DEPTH_4,D1,5.999,6.000,-0.001,-0.150,0.150,,PL_FIXTURE_A - OP3_PT4_DEPTH / CS_BF_OP3
Distance,OP3_DEPTH_5,D1,6.086,6.000,0.086,-0.150,0.150,,PL_FIXTURE_A - OP3_PT5_DEPTH / CS_BF_OP3
Distance,OP3_DEPTH_6,D1,6.018,6.000,0.018,-0.150,0.150,,PL_FIXTURE_A - OP3_PT6_DEPTH / CS_BF_OP3
Distance,OP3_DEPTH_7,D1,6.065,6.000,0.065,-0.500,0.150,,PL_FIXTURE_A - OP3_PT8_DEPTH / CS_BF_OP3
Distance,OP3_DEPTH_8,D1,6.065,6.000,0.065,-0.150,0.300,,PL_FIXTURE_A - OP3_PT8_DEPTH / CS_BF_OP3
Distance,OP4_WIDTH_1,D1,3.792,3.900,-0.108,-0.150,0.150,,OP4_PT1_OW_GAGE - OP4_PT1_IW_GAGE / CS_BF_OP4
Distance,OP4_WIDTH_2,D1,4.015,3.900,0.115,-0.150,0.150,,OP4_PT2_OW_GAGE - OP4_PT2_IW_GAGE / CS_BF_OP4
Distance,OP4_WIDTH_3,D1,4.004,3.900,0.104,-0.150,0.150,,OP4_PT3_OW_GAGE - OP4_PT3_IW_GAGE / CS_BF_OP4
Distance,OP4_WIDTH_4,D1,3.940,3.900,0.040,-0.150,0.150,,OP4_PT4_OW_GAGE - OP4_PT4_IW_GAGE / CS_BF_OP4
Distance,OP4_WIDTH_5,D1,4.074,4.150,-0.076,-0.150,0.150,,OP4_PT5_OW_GAGE - OP4_PT5_IW_GAGE / CS_BF_OP4
Distance,OP4_WIDTH_6,D1,3.835,3.900,-0.065,-0.150,0.150,,OP4_PT6_OW_GAGE - OP4_PT6_IW_GAGE / CS_BF_OP4
Distance,OP4_WIDTH_7,D1,4.007,3.900,0.107,-0.150,0.150,,OP4_PT7_OW_GAGE - OP4_PT7_IW_GAGE / CS_BF_OP4
Distance,OP4_WIDTH_8,D1,3.956,3.900,0.056,-0.150,0.150,,OP4_PT8_OW_GAGE - OP4_PT8_IW_GAGE / CS_BF_OP4
Distance,OP4_DEPTH_1,D1,5.921,6.000,-0.079,-0.300,0.150,,PL_FIXTURE_B - OP4_PT1_DEPTH / CS_BF_OP4
Distance,OP4_DEPTH_2,D1,6.089,6.000,0.089,-0.150,0.150,,PL_FIXTURE_B - OP4_PT2_DEPTH / CS_BF_OP4
Distance,OP4_DEPTH_3,D1,6.104,6.000,0.104,-0.150,0.150,,PL_FIXTURE_B - OP4_PT3_DEPTH / CS_BF_OP4
Distance,OP4_DEPTH_4,D1,6.003,6.000,0.003,-0.150,0.150,,PL_FIXTURE_B - OP4_PT4_DEPTH / CS_BF_OP4
Distance,OP4_DEPTH_5,D1,6.047,6.000,0.047,-0.150,0.150,,PL_FIXTURE_B - OP4_PT5_DEPTH / CS_BF_OP4
Distance,OP4_DEPTH_6,D1,6.032,6.000,0.032,-0.150,0.150,,PL_FIXTURE_B - OP4_PT6_DEPTH / CS_BF_OP4
Distance,OP4_DEPTH_7,D1,6.012,6.000,0.012,-0.150,0.150,,PL_FIXTURE_B - OP4_PT7_DEPTH / CS_BF_OP4
Distance,OP4_DEPTH_8,D1,5.969,6.000,-0.031,-0.250,0.150,,PL_FIXTURE_B - OP4_PT8_DEPTH / CS_BF_OP4
Distance,OP5_WIDTH_1,D1,3.878,3.900,-0.022,-0.150,0.150,,OP5_PT1_OW_GAGE - OP5_PT1_IW_GAGE / CS_BF_OP5
Distance,OP5_WIDTH_2,D1,4.016,4.150,-0.134,-0.400,0.500,,OP5_PT3_OW_GAGE - OP5_PT3_IW_GAGE / CS_BF_OP5
Distance,OP5_WIDTH_3,D1,4.016,4.150,-0.134,-0.400,0.400,,OP5_PT3_OW_GAGE - OP5_PT3_IW_GAGE / CS_BF_OP5
Distance,OP5_WIDTH_4,D1,3.894,3.900,-0.006,-0.150,0.150,,OP5_PT4_OW_GAGE - OP5_PT4_IW_GAGE / CS_BF_OP5
Distance,OP5_WIDTH_5,D1,4.052,4.150,-0.098,-0.150,0.150,,OP5_PT5_OW_GAGE - OP5_PT5_IW_GAGE / CS_BF_OP5
Distance,OP5_WIDTH_6,D1,3.976,3.900,0.076,-0.150,0.150,,OP5_PT6_OW_GAGE - OP5_PT6_IW_GAGE / CS_BF_OP5
Distance,OP5_WIDTH_7,D1,4.068,4.150,-0.082,-0.150,0.150,,OP5_PT7_OW_GAGE - OP5_PT7_IW_GAGE / CS_BF_OP5
Distance,OP5_WIDTH_8,D1,4.068,4.150,-0.082,-0.400,0.400,,OP5_PT7_OW_GAGE - OP5_PT7_IW_GAGE / CS_BF_OP5
Distance,OP5_DEPTH_1,D1,6.013,6.000,0.013,-0.400,0.400,,PL_FIXTURE_B - OP5_PT1_DEPTH / CS_BF_OP5
Distance,OP5_DEPTH_2,D1,6.013,6.000,0.013,-0.400,0.500,,PL_FIXTURE_B - OP5_PT1_DEPTH / CS_BF_OP5
Distance,OP5_DEPTH_3,D1,6.013,6.000,0.013,-0.400,0.400,,PL_FIXTURE_B - OP5_PT1_DEPTH / CS_BF_OP5
Distance,OP5_DEPTH_4,D1,6.002,6.000,0.002,-0.150,0.150,,PL_FIXTURE_B - OP5_PT4_DEPTH / CS_BF_OP5
Distance,OP5_DEPTH_5,D1,6.053,6.000,0.053,-0.150,0.150,,PL_FIXTURE_B - OP5_PT5_DEPTH / CS_BF_OP5
Distance,OP5_DEPTH_6,D1,6.075,6.000,0.075,-0.150,0.150,,PL_FIXTURE_B - OP5_PT6_DEPTH / CS_BF_OP5
Distance,OP5_DEPTH_7,D1,6.019,6.000,0.019,-0.150,0.150,,PL_FIXTURE_B - OP5_PT7_DEPTH / CS_BF_OP5
Distance,OP5_DEPTH_8,D1,6.013,6.000,0.013,-0.400,0.400,,PL_FIXTURE_B - OP5_PT1_DEPTH / CS_BF_OP5
Distance,OP6_WIDTH_1,D1,3.778,3.900,-0.122,-0.150,0.150,,OP6_PT1_OW_GAGE - OP6_PT1_IW_GAGE / CS_BF_OP6
Distance,OP6_WIDTH_2,D1,3.949,3.900,0.049,-0.150,0.150,,OP6_PT2_OW_GAGE - OP6_PT2_IW_GAGE / CS_BF_OP6
Distance,OP6_WIDTH_3,D1,4.067,4.150,-0.083,-0.150,0.150,,OP6_PT7_OW_GAGE - OP6_PT7_IW_GAGE / CS_BF_OP6
Distance,OP6_WIDTH_4,D1,3.886,3.900,-0.014,-0.150,0.150,,OP6_PT4_OW_GAGE - OP6_PT4_IW_GAGE / CS_BF_OP6
Distance,OP6_WIDTH_5,D1,4.067,4.150,-0.083,-0.150,0.150,,OP6_PT7_OW_GAGE - OP6_PT7_IW_GAGE / CS_BF_OP6
Distance,OP6_WIDTH_6,D1,3.971,3.900,0.071,-0.150,0.150,,OP6_PT6_OW_GAGE - OP6_PT6_IW_GAGE / CS_BF_OP6
Distance,OP6_WIDTH_7,D1,4.067,4.100,-0.033,-0.150,0.150,,OP6_PT7_OW_GAGE - OP6_PT7_IW_GAGE / CS_BF_OP6
Distance,OP6_WIDTH_8,D1,3.924,3.900,0.024,-0.150,0.150,,OP6_PT8_OW_GAGE - OP6_PT8_IW_GAGE / CS_BF_OP6
Distance,OP6_DEPTH_1,D1,6.061,6.000,0.061,-0.400,0.400,,PL_FIXTURE_B - OP6_PT1_DEPTH / CS_BF_OP6
Distance,OP6_DEPTH_2,D1,6.056,6.000,0.056,-0.400,0.400,,PL_FIXTURE_B - OP6_PT2_DEPTH / CS_BF_OP6
Distance,OP6_DEPTH_3,D1,6.056,6.000,0.056,-0.400,0.400,,PL_FIXTURE_B - OP6_PT2_DEPTH / CS_BF_OP6
Distance,OP6_DEPTH_4,D1,6.029,6.000,0.029,-0.150,0.150,,PL_FIXTURE_B - OP6_PT4_DEPTH / CS_BF_OP6
Distance,OP6_DEPTH_5,D1,6.054,6.000,0.054,-0.150,0.150,,PL_FIXTURE_B - OP6_PT5_DEPTH / CS_BF_OP6
Distance,OP6_DEPTH_6,D1,6.100,6.000,0.100,-0.150,0.150,,PL_FIXTURE_B - OP6_PT6_DEPTH / CS_BF_OP6
Distance,OP6_DEPTH_7,D1,6.056,6.000,0.056,-0.400,0.400,,PL_FIXTURE_B - OP6_PT2_DEPTH / CS_BF_OP6
Distance,OP6_DEPTH_8,D1,6.056,6.000,0.056,-0.400,0.400,,PL_FIXTURE_B - OP6_PT2_DEPTH / CS_BF_OP6
Circle,CIR_A,DIAM,73.839,73.500,0.339,-0.500,0.500,,Criterion : Least Square (From 16 Pts On PL_PLAST_A) 
Circle,CIR_A,X,242.809,242.799,0.010,,,,
Circle,CIR_A,Y,136.211,136.926,-0.715,,,,
Circle,CIR_A,Z,156.300,155.357,0.943,,,,
Circle,CIR_INS_11,X,289.922,290.064,-0.142,,,,Criterion : Least Square (From 8 Pts On PL_INS_11) 
Circle,CIR_INS_11,Y,161.357,162.379,-1.023,,,,
Circle,CIR_INS_11,Z,150.760,149.158,1.602,,,,
Circle,CIR_INS_12,X,278.719,279.125,-0.406,,,,Criterion : Least Square (From 8 Pts On PL_INS_12) 
Circle,CIR_INS_12,Y,101.823,102.451,-0.627,,,,
Circle,CIR_INS_12,Z,166.711,165.216,1.495,,,,
Circle,CIR_INS_13,X,196.488,196.401,0.087,,,,Criterion : Least Square (From 8 Pts On PL_INS_13) 
Circle,CIR_INS_13,Y,115.956,116.540,-0.584,,,,
Circle,CIR_INS_13,Z,161.947,161.441,0.506,,,,
Circle,CIR_INS_14,X,207.508,207.341,0.167,,,,Criterion : Least Square (From 8 Pts On PL_INS_14) 
Circle,CIR_INS_14,Y,175.857,176.469,-0.611,,,,
Circle,CIR_INS_14,Z,146.324,145.383,0.941,,,,
Circle,2D_CIR_INS_11,X,41.849,42.000,-0.151,,,,
Circle,2D_CIR_INS_11,Y,33.785,34.000,-0.215,,,,
Circle,2D_CIR_INS_12,X,41.835,42.000,-0.165,,,,
Circle,2D_CIR_INS_12,Y,-28.858,-29.000,0.142,,,,
Circle,2D_CIR_INS_13,X,-41.737,-42.000,0.263,,,,
Circle,2D_CIR_INS_13,Y,-28.902,-29.000,0.098,,,,
Circle,2D_CIR_INS_14,X,-41.948,-42.000,0.052,,,,
Circle,2D_CIR_INS_14,Y,33.976,34.000,-0.024,,,,
Pos. Tol.,POS_11,PTOL,3.812,0.000,3.812,0.000,4.500,,CIR_INS_11/NOMINAL - CS_ABC_SURFACES_C - C-Zone - XYZ - Nominal
Pos. Tol.,POS_12,PTOL,3.343,0.000,3.343,0.000,4.500,,CIR_INS_12/NOMINAL - CS_ABC_SURFACES_C - C-Zone - XYZ - Nominal
Pos. Tol.,POS_13,PTOL,1.556,0.000,1.556,0.000,3.000,,CIR_INS_13/NOMINAL - CS_ABC_SURFACES_C - C-Zone - XYZ - Nominal
Pos. Tol.,POS_2D_11,PTOL,0.525,0.000,0.525,0.000,1.000,,2D_CIR_INS_11/NOMINAL - CS_D_BF - C-Zone - XY - Nominal
Pos. Tol.,POS_2D_12,PTOL,0.435,0.000,0.435,0.000,1.000,,2D_CIR_INS_12/NOMINAL - CS_D_BF - C-Zone - XY - Nominal
Pos. Tol.,POS_2D_13,PTOL,0.561,0.000,0.561,0.000,1.000,,2D_CIR_INS_13/NOMINAL - CS_D_BF - C-Zone - XY - Nominal
Pos. Tol.,POS_2D_14,PTOL,0.115,0.000,0.115,0.000,0.500,,2D_CIR_INS_14/NOMINAL - CS_D_BF - C-Zone - XY - Nominal
Perpend.,PERP_11,PERP,0.030,0.000,0.030,0.000,0.400,,CYL_11/PL_INS_11 - C-Zone - Nominal
Perpend.,PERP_12,PERP,0.134,0.000,0.134,0.000,0.400,,CYL_12/PL_INS_12 - C-Zone - Nominal
Perpend.,PERP_13,PERP,0.144,0.000,0.144,0.000,0.400,,CYL_13/PL_INS_13 - C-Zone - Nominal
Perpend.,PERP_14,PERP,0.076,0.000,0.076,0.000,0.400,,CYL_14/PL_INS_14 - C-Zone - Nominal
Flatness,FLATNESS_DATUM_D,FLTN,0.233,0.000,0.233,0.000,0.300,,PL_PLAST_D_TB
Distance,H_11,Z,0.127,-0.000,0.127,0.000,0.400,,CIR_INS_11 - PL_PLAST_INS_11 / CS_D_BF
Distance,H_12,Z,0.202,-0.000,0.202,0.000,0.400,,CIR_INS_12 - PL_PLAST_INS_12 / CS_D_BF
Distance,H_13,Z,0.156,-0.000,0.156,0.000,0.400,,CIR_INS_13 - PL_PLAST_INS_13 / CS_D_BF
Distance,H_14,Z,0.303,-0.000,0.303,0.000,0.400,,CIR_INS_14 - PL_PLAST_INS_14 / CS_D_BF
Profile of Line,PROFILE_SURFACE_D,PRFL,2.293,0.000,2.293,0.000,3.000,,SECTION_D
Distance,PROF_INS_11_D,D1,0.796,0.650,0.146,-0.150,0.150,,CIR_INS_11 - PL_PLAST_D_TB / CS_D_BF
Distance,PROF_INS_12_D,D1,0.782,1.000,-0.218,-0.150,0.150,-0.068,CIR_INS_12 - PL_PLAST_D_TB / CS_D_BF
Distance,PROF_INS_13_D,D1,0.645,0.650,-0.005,-0.150,0.150,,CIR_INS_13 - PL_PLAST_D_TB / CS_D_BF
Distance,PROF_INS_14_D,D1,1.072,1.000,0.072,-0.150,0.150,,CIR_INS_14 - PL_PLAST_D_TB / CS_D_BF
Distance,WIDTH_TBA_1,D1,3.185,3.250,-0.065,-0.150,0.150,,0W2.5_1.1 - IW2.5_1.1 / CS_D_BF
Distance,WIDTH_TBA_2,D1,3.171,3.250,-0.079,-0.150,0.150,,0W2.5_1.2 - IW2.5_1.2 / CS_D_BF
Distance,WIDTH_TBA_3,D1,3.274,3.250,0.024,-0.150,0.150,,0W2.5_1.3 - IW2.5_1.3 / CS_D_BF
Distance,WIDTH_TBA_4,D1,3.236,3.250,-0.014,-0.150,0.150,,0W2.5_1.4 - IW2.5_1.4 / CS_D_BF
Distance,WIDTH_TBA_5,D1,3.135,3.250,-0.115,-0.150,0.150,,0W2.5_1.5 - IW2.5_1.5 / CS_D_BF
Distance,WIDTH_TBA_6,D1,3.236,3.250,-0.014,-0.150,0.150,,0W2.5_1.6 - IW2.5_1.6 / CS_D_BF
Distance,WIDTH_TBA_7,D1,3.259,3.250,0.009,-0.150,0.150,,0W2.5_1.7 - IW2.5_1.7 / CS_D_BF
Distance,WIDTH_TBA_8,D1,3.265,3.250,0.015,-0.150,0.150,,0W2.5_1.8 - IW2.5_1.8 / CS_D_BF
Distance,DEPTH_TBA_1,D1,5.379,5.150,0.229,-0.300,0.300,,TB_BOT_1.1 - PL_D / CS_D_BF
Distance,DEPTH_TBA_2,D1,5.275,5.150,0.125,-0.300,0.300,,TB_BOT_1.2 - PL_D / CS_D_BF
Distance,DEPTH_TBA_3,D1,5.096,5.150,-0.054,-0.300,0.300,,TB_BOT_1.3 - PL_D / CS_D_BF
Distance,DEPTH_TBA_4,D1,5.287,5.150,0.137,-0.300,0.300,,TB_BOT_1.4 - PL_D / CS_D_BF
Distance,DEPTH_TBA_5,D1,5.400,5.550,-0.150,-0.300,0.300,,TB_BOT_1.5 - PL_D / CS_D_BF
Distance,DEPTH_TBA_6,D1,5.322,5.150,0.172,-0.300,0.300,,TB_BOT_1.6 - PL_D / CS_D_BF
Distance,DEPTH_TBA_7,D1,5.490,5.150,0.340,-0.300,0.300,0.040,TB_BOT_1.7 - PL_D / CS_D_BF
Distance,DEPTH_TBA_8,D1,5.501,5.550,-0.049,-0.300,0.300,,TB_BOT_1.8 - PL_D / CS_D_BF
Circle,CIR_10,DIAM,4.945,4.950,-0.005,-0.100,0.100,,Criterion : Least Square (From 6 Pts On PL_PLAST_10) 
Circle,CIR_10,X,12.056,12.000,0.056,,,,
Circle,CIR_10,Y,179.274,178.230,1.044,,,,
Circle,CIR_10,Z,119.306,119.500,-0.194,,,,
Circle,CIR_21,DIAM,4.763,4.820,-0.057,-0.100,0.100,,Criterion : Least Square (From 6 Pts On PL_PLAST_21) 
Circle,CIR_21,X,12.471,11.854,0.616,,,,
Circle,CIR_21,Y,178.604,178.230,0.374,,,,
Circle,CIR_21,Z,-92.931,-92.440,-0.491,,,,
Circle,CIR_24,DIAM,4.817,4.820,-0.003,-0.100,0.100,,Criterion : Least Square (From 6 Pts On PL_PLAST_24) 
Circle,CIR_24,X,221.317,220.847,0.470,,,,
Circle,CIR_24,Y,202.499,203.230,-0.731,,,,
Circle,CIR_24,Z,-7.271,-7.568,0.297,,,,
Pos. Tol.,POS_10,PTOL,0.403,0.000,0.403,0.000,3.000,,CIR_10/NOMINAL - CS_ABC_SURFACES_C - C-Zone - XZ - Nominal
Pos. Tol.,POS_21,PTOL,1.576,0.000,1.576,0.000,3.000,,CIR_21/NOMINAL - CS_ABC_SURFACES_C - C-Zone - XZ - Nominal
Pos. Tol.,POS_24,PTOL,1.111,0.000,1.111,0.000,3.000,,CIR_24/NOMINAL - CS_ABC_SURFACES_C - C-Zone - XZ - Nominal
Distance,PROF_10,Y,179.274,178.230,1.044,-1.500,1.500,,CIR_10 - ORIGIN / CS_ABC_SURFACES_C
Distance,PROF_21,Y,178.604,178.230,0.374,-1.500,1.500,,CIR_21 - ORIGIN / CS_ABC_SURFACES_C
Distance,PROF_24,Y,202.499,203.230,-0.731,-1.500,1.500,,CIR_24 - ORIGIN / CS_ABC_SURFACES_C
Circle,CIR_15,X,-27.467,-27.000,-0.467,,,,Criterion : Least Square (From 6 Pts On PL_INS_15) 
Circle,CIR_15,Y,181.266,180.580,0.686,,,,
Circle,CIR_15,Z,163.507,164.000,-0.493,,,,
Circle,CIR_17,X,-51.244,-52.000,0.756,,,,Criterion : Least Square (From 6 Pts On PL_INS_17) 
Circle,CIR_17,Y,76.138,75.580,0.558,,,,
Circle,CIR_17,Z,148.933,149.000,-0.067,,,,
Circle,CIR_18,X,-50.701,-52.000,1.299,,,,Criterion : Least Square (From 6 Pts On PL_INS_18) 
Circle,CIR_18,Y,75.706,75.580,0.126,,,,
Circle,CIR_18,Z,-67.456,-68.000,0.544,,,,
Circle,CIR_20,X,-26.392,-27.000,0.608,,,,Criterion : Least Square (From 6 Pts On PL_INS_20) 
Circle,CIR_20,Y,181.272,180.580,0.692,,,,
Circle,CIR_20,Z,-92.345,-93.000,0.655,,,,
Circle,CIR_22,X,209.334,207.607,1.727,,,,Criterion : Least Square (From 6 Pts On PL_INS_22) 
Circle,CIR_22,Y,189.458,190.580,-1.122,,,,
Circle,CIR_22,Z,-102.888,-103.394,0.505,,,,
Circle,CIR_23,X,233.177,231.607,1.570,,,,Criterion : Least Square (From 6 Pts On PL_INS_23) 
Circle,CIR_23,Y,189.671,190.580,-0.909,,,,
Circle,CIR_23,Z,-70.657,-71.394,0.737,,,,
Pos. Tol.,POS_15,PTOL,1.358,0.000,1.358,0.000,3.000,,CIR_15/NOMINAL - CS_ABC_SURFACES_C - C-Zone - XZ - Nominal
Pos. Tol.,POS_17,PTOL,1.518,0.000,1.518,0.000,3.000,,CIR_17/NOMINAL - CS_ABC_SURFACES_C - C-Zone - XZ - Nominal
Pos. Tol.,POS_18,PTOL,2.816,0.000,2.816,0.000,3.000,,CIR_18/NOMINAL - CS_ABC_SURFACES_C - C-Zone - XZ - Nominal
Pos. Tol.,POS_20,PTOL,1.787,0.000,1.787,0.000,3.000,,CIR_20/NOMINAL - CS_ABC_SURFACES_C - C-Zone - XZ - Nominal
Pos. Tol.,POS_22,PTOL,3.599,0.000,3.599,0.000,4.000,,CIR_22/NOMINAL - CS_ABC_SURFACES_C - C-Zone - XZ - Nominal
Pos. Tol.,POS_23,PTOL,3.468,0.000,3.468,0.000,3.000,0.468,CIR_23/NOMINAL - CS_ABC_SURFACES_C - C-Zone - XZ - Nominal
Distance,H_15,Y,0.114,0.000,0.114,0.000,0.400,,CIR_15 - PL_PLAST_15 / CS_ABC_BF_SURFACES
Distance,H_17,Y,0.018,-0.000,0.018,0.000,0.400,,CIR_17 - PL_PLAST_17 / CS_ABC_BF_SURFACES
Distance,H_18,Y,0.171,-0.000,0.171,0.000,0.400,,CIR_18 - PL_PLAST_18 / CS_ABC_BF_SURFACES
Distance,H_20,Y,0.211,0.000,0.211,0.000,0.400,,CIR_20 - PL_PLAST_20 / CS_ABC_BF_SURFACES
Distance,H_23,Y,0.058,-0.000,0.058,0.000,0.400,,CIR_23 - PL_PLAST_23 / CS_ABC_BF_SURFACES
Circle,CIR_25,DIAM,12.083,12.050,0.033,-0.080,0.080,,Criterion : Least Square (From 12 Pts On PL_PLAST_25) 
Circle,CIR_25,X,262.272,261.590,0.682,,,,
Circle,CIR_25,Y,195.517,196.720,-1.203,,,,
Circle,CIR_25,Z,50.813,49.700,1.113,,,,
Circle,2D_CIR_26,DIAM,4.780,4.700,0.080,-0.100,0.100,,
Circle,2D_CIR_26,X,-17.447,-17.500,0.053,,,,
Circle,2D_CIR_26,Z,0.000,0.000,0.000,,,,
Pos. Tol.,POS_25,PTOL,2.611,0.000,2.611,0.000,3.000,,CIR_25/NOMINAL - CS_ABC_SURFACES_C - C-Zone - XZ - Nominal
Pos. Tol.,POS_2D_26,PTOL,0.106,0.000,0.106,0.000,0.500,,2D_CIR_26/NOMINAL - CS_FG - C-Zone - XZ - Nominal
Distance,PROF_25,Y,195.517,196.720,-1.203,-1.500,1.500,,CIR_25 - ORIGIN / CS_ABC_SURFACES_C
Distance,PROF_27,Y,147.001,147.730,-0.729,-1.500,1.500,,CIR_27 - ORIGIN / CS_ABC_SURFACES_C
Distance,PROF_28,Y,155.401,153.930,1.471,-1.500,1.500,,CIR_28 - ORIGIN / CS_ABC_SURFACES_C
Pos. Tol.,POS_27,PTOL,2.421,0.000,2.421,0.000,3.000,,CIR_27/NOMINAL - CS_ABC_SURFACES_C - C-Zone - XZ - Nominal
Pos. Tol.,POS_28,PTOL,0.820,0.000,0.820,0.000,4.250,,CIR_28/NOMINAL - CS_ABC_SURFACES_C - C-Zone - XZ - Nominal
Circle,CIR_27,DIAM,6.482,6.350,0.132,-0.250,0.250,,Criterion : Least Square (From 6 Pts On PL_PLAST_27) 
Circle,CIR_27,X,270.664,270.100,0.564,,,,
Circle,CIR_27,Y,147.001,147.700,-0.699,,,,
Circle,CIR_27,Z,-51.769,-52.840,1.071,,,,
Circle,CIR_28,DIAM,6.392,6.350,0.042,-0.250,0.250,,Criterion : Least Square (From 6 Pts On PL_PLAST_28) 
Circle,CIR_28,X,99.741,100.090,-0.349,,,,
Circle,CIR_28,Y,155.401,153.930,1.471,,,,
Circle,CIR_28,Z,176.216,176.000,0.216,,,,
Circle,CIR_29,DIAM,12.174,12.170,0.004,-0.080,0.080,,Criterion : Least Square (From 16 Pts On PL_DATUM_H) 
Circle,CIR_29,X,307.522,306.650,0.872,,,,
Circle,CIR_29,Y,-11.067,-10.310,-0.757,,,,
Circle,CIR_29,Z,171.953,173.470,-1.517,,,,
Pos. Tol.,POS_29,PTOL,3.501,0.000,3.501,0.000,3.600,,CIR_29/NOMINAL - CS_ABC_BF_SURFACES_ROTATED - C-Zone - XZ - Nominal
Circle,2D_CIR_30,X,-23.524,-23.500,-0.024,,,,
Circle,2D_CIR_30,Z,0.000,0.000,0.000,,,,
Pos. Tol.,POS_2D_30,PTOL,0.048,0.000,0.048,0.000,0.500,,2D_CIR_30/NOMINAL - CS_HJ - C-Zone - XZ - Nominal
Distance,H_30,Y,0.135,0.000,0.135,0.000,0.400,,2D_CIR_30 - PL_PLAST_30 / CS_HJ
