Feat. Type,Feat. Name,Value,Actual,Nominal,Dev.,Tol-,Tol+,Out of Tol.,Comment
Text/Value,VAR_PROGRAM,VAL,,,,,,,'N:\Metrolog XG\Programmes\D-37\D-37 with TMAP Complete (Module 44).gm2'
Text/Value,VAR_EVENEMENT,VAL,,,,,,,'Demarrage 284 C'
Text/Value,VAR_COMMENTAIRES,VAL,,,,,,,'Part No.'
Circle,CIR_DATUM_B,DIAM,8.007,8.050,-0.043,-0.100,0.100,,Criterion : Least Square (From 11 Pts On PL_FIXTURE) 
Circle,CIR_DATUM_B,X,0.000,0.000,0.000,,,,
Circle,CIR_DATUM_B,Z,0.000,0.000,0.000,,,,
Pos. Tol.,POS_B,PTOL,0.000,0.000,0.000,0.143,0.443,,CIR_DATUM_B(M)/NOMINAL - CS_ABC - C-Zone - XZ - Nominal
Distance,DIST_X_Z_DATUM_C,X,4.464,4.500,-0.036,-0.150,0.150,,PNT_DATUM_C - ORIGIN / CS_ABC
Distance,DIST_X_Z_DATUM_C,Z,-351.639,-351.600,-0.039,-0.350,0.350,,
Distance,WIDTH_C,D1,7.846,7.850,-0.004,-0.050,0.050,,SRF_C_RH - SRF_C_LH / CS_ABC
Circle,CIR1,DIAM,12.116,12.075,0.041,-0.175,0.175,,From 4 Pts On PL_FIXTURE
Circle,CIR1,X,54.601,54.500,0.101,,,,
Circle,CIR1,Z,-346.667,-346.600,-0.067,,,,
Pos. Tol.,POS_1,PTOL,0.242,0.000,0.242,0.216,1.216,,CIR1(M)/NOMINAL - CS_ABC - C-Zone - XZ - Nominal
Circle,CIR2,DIAM,12.104,12.075,0.029,-0.175,0.175,,From 4 Pts On PL_FIXTURE
Circle,CIR2,X,-16.412,-16.500,0.088,,,,
Circle,CIR2,Z,-351.470,-351.600,0.130,,,,
Pos. Tol.,POS_2,PTOL,0.313,0.000,0.313,0.204,1.204,,CIR2(M)/NOMINAL - CS_ABC - C-Zone - XZ - Nominal
Circle,CIR4,DIAM,12.069,12.075,-0.006,-0.175,0.175,,From 4 Pts On PL_FIXTURE
Circle,CIR4,X,-16.544,-16.500,-0.044,,,,
Circle,CIR4,Z,-1.036,-1.100,0.064,,,,
Pos. Tol.,POS_4,PTOL,0.155,0.000,0.155,0.169,1.169,,CIR4(M)/NOMINAL - CS_ABC - C-Zone - XZ - Nominal
Circle,CIR5,DIAM,12.068,12.075,-0.007,-0.175,0.175,,From 4 Pts On PL_FIXTURE
Circle,CIR5,X,54.440,54.500,-0.060,,,,
Circle,CIR5,Z,-27.034,-27.100,0.066,,,,
Pos. Tol.,POS_5,PTOL,0.178,0.000,0.178,0.168,1.168,,CIR5(M)/NOMINAL - CS_ABC - C-Zone - XZ - Nominal
Circle,CIR6,DIAM,12.109,12.075,0.034,-0.175,0.175,,From 4 Pts On PL_FIXTURE
Circle,CIR6,X,54.285,54.500,-0.215,,,,
Circle,CIR6,Z,-134.534,-134.600,0.066,,,,
Pos. Tol.,POS_6,PTOL,0.451,0.000,0.451,0.209,1.209,,CIR6(M)/NOMINAL - CS_ABC - C-Zone - XZ - Nominal
Circle,CIR7,DIAM,12.087,12.075,0.012,-0.175,0.175,,From 4 Pts On PL_FIXTURE
Circle,CIR7,X,54.419,54.500,-0.081,,,,
Circle,CIR7,Z,-240.479,-240.600,0.121,,,,
Pos. Tol.,POS_7,PTOL,0.291,0.000,0.291,0.187,1.187,,CIR7(M)/NOMINAL - CS_ABC - C-Zone - XZ - Nominal
Profile of Line,PROF_OP1,PRFL,0.274,0.000,0.274,0.000,1.500,,SCT_OP1
Profile of Line,PROF_OP2,PRFL,0.808,0.000,0.808,0.000,1.500,,SCT_OP2
Profile of Line,PROF_OP3,PRFL,0.642,0.000,0.642,0.000,1.500,,SCT_OP3
Profile of Line,PROF_OP4,PRFL,0.669,0.000,0.669,0.000,1.500,,SCT_OP4
Profile of Line,PROF_OP5,PRFL,0.341,0.000,0.341,0.000,1.500,,SCT_OP5
Profile of Line,PROF_OP6,PRFL,0.392,0.000,0.392,0.000,1.500,,SCT_OP6
Distance,WIDTH_OP1.1,D1,4.127,4.000,0.127,-0.200,0.200,,SRF_OP1_IW1 - SRF_OP1_OW1 / CS_ABC
Distance,WIDTH_OP1.2,D1,4.060,4.000,0.060,-0.200,0.200,,SRF_OP1_IW2 - SRF_OP1_OW2 / CS_ABC
Distance,WIDTH_OP1.3,D1,4.065,4.000,0.065,-0.200,0.200,,SRF_OP1_IW3 - SRF_OP1_OW3 / CS_ABC
Distance,WIDTH_OP1.4,D1,4.042,4.000,0.042,-0.200,0.200,,SRF_OP1_IW4 - SRF_OP1_OW4 / CS_ABC
Distance,WIDTH_OP1.5,D1,4.029,4.000,0.029,-0.200,0.200,,SRF_OP1_IW5 - SRF_OP1_OW5 / CS_ABC
Distance,WIDTH_OP1.6,D1,4.042,4.000,0.042,-0.200,0.200,,SRF_OP1_IW6 - SRF_OP1_OW6 / CS_ABC
Distance,WIDTH_OP1.7,D1,4.074,4.000,0.074,-0.200,0.200,,SRF_OP1_IW7 - SRF_OP1_OW7 / CS_ABC
Distance,WIDTH_OP2.1,D1,4.132,4.000,0.132,-0.200,0.200,,SRF_OP2_IW1 - SRF_OP2_OW1 / CS_ABC
Distance,WIDTH_OP2.2,D1,3.945,4.000,-0.055,-0.200,0.200,,SRF_OP2_IW2 - SRF_OP2_OW2 / CS_ABC
Distance,WIDTH_OP2.3,D1,3.863,4.000,-0.137,-0.350,0.350,,SRF_OP2_IW3 - SRF_OP2_OW3 / MCS
Distance,WIDTH_OP2.4,D1,4.145,4.000,0.145,-0.200,0.200,,SRF_OP2_IW4 - SRF_OP2_OW4 / CS_ABC
Distance,WIDTH_OP2.5,D1,4.120,4.000,0.120,-0.200,0.200,,SRF_OP2_IW5 - SRF_OP2_OW5 / CS_ABC
Distance,WIDTH_OP2.6,D1,4.013,4.000,0.013,-0.200,0.200,,SRF_OP2_IW6 - SRF_OP2_OW6 / CS_ABC
Distance,WIDTH_OP2.7,D1,3.878,4.000,-0.122,-0.200,0.200,,SRF_OP2_IW7 - SRF_OP2_OW7 / CS_ABC
Distance,WIDTH_OP3.1,D1,4.035,4.000,0.035,-0.200,0.200,,SRF_OP3_IW1 - SRF_OP3_OW1 / CS_ABC
Distance,WIDTH_OP3.2,D1,4.033,4.000,0.033,-0.200,0.200,,SRF_OP3_IW2 - SRF_OP3_OW2 / CS_ABC
Distance,WIDTH_OP3.3,D1,4.101,4.000,0.101,-0.350,0.350,,SRF_OP3_IW3 - SRF_OP3_OW3 / CS_TEMP_CIR
Distance,WIDTH_OP3.4,D1,4.084,4.000,0.084,-0.200,0.200,,SRF_OP3_IW4 - SRF_OP3_OW4 / CS_ABC
Distance,WIDTH_OP4.1,D1,4.127,4.000,0.127,-0.200,0.200,,SRF_OP4_IW1 - SRF_OP4_OW1 / CS_ABC
Distance,WIDTH_OP4.2,D1,4.046,4.000,0.046,-0.200,0.200,,SRF_OP4_IW2 - SRF_OP4_OW2 / CS_ABC
Distance,WIDTH_OP4.3,D1,4.036,4.000,0.036,-0.200,0.200,,SRF_OP4_IW3 - SRF_OP4_OW3 / CS_ABC
Distance,WIDTH_OP4.4,D1,4.124,4.000,0.124,-0.200,0.200,,SRF_OP4_IW4 - SRF_OP4_OW4 / CS_ABC
Distance,WIDTH_OP4.5,D1,4.171,4.000,0.171,-0.300,0.300,,SRF_OP4_IW5 - SRF_OP4_OW5 / CS_TEMP_CIR
Distance,WIDTH_OP4.6,D1,3.986,4.000,-0.014,-0.200,0.200,,SRF_OP4_IW6 - SRF_OP4_OW6 / CS_ABC
Distance,WIDTH_OP4.7,D1,3.912,4.000,-0.088,-0.200,0.200,,SRF_OP4_IW7 - SRF_OP4_OW7 / CS_ABC
Distance,WIDTH_OP5.1,D1,4.111,4.000,0.111,-0.200,0.200,,SRF_OP5_IW1 - SRF_OP5_OW1 / CS_ABC
Distance,WIDTH_OP5.2,D1,4.150,4.000,0.150,-0.200,0.200,,SRF_OP5_IW2 - SRF_OP5_OW2 / CS_ABC
Distance,WIDTH_OP5.3,D1,3.984,4.000,-0.016,-0.200,0.200,,SRF_OP5_IW3 - SRF_OP5_OW3 / CS_ABC
Distance,WIDTH_OP5.4,D1,4.137,4.000,0.137,-0.200,0.200,,SRF_OP5_IW4 - SRF_OP5_OW4 / CS_ABC
Distance,WIDTH_OP5.5,D1,4.135,4.000,0.135,-0.200,0.200,,SRF_OP5_IW5 - SRF_OP5_OW5 / CS_ABC
Distance,WIDTH_OP6.1,D1,4.057,4.000,0.057,-0.200,0.200,,SRF_OP6_IW1 - SRF_OP6_OW1 / CS_ABC
Distance,WIDTH_OP6.2,D1,4.077,4.000,0.077,-0.200,0.200,,SRF_OP6_IW2 - SRF_OP6_OW2 / CS_ABC
Distance,WIDTH_OP6.3,D1,3.956,4.000,-0.044,-0.200,0.200,,SRF_OP6_IW3 - SRF_OP6_OW3 / CS_ABC
Distance,WIDTH_OP6.4,D1,4.092,4.000,0.092,-0.200,0.200,,SRF_OP6_IW4 - SRF_OP6_OW4 / CS_ABC
Distance,WIDTH_OP6.5,D1,3.891,4.000,-0.109,-0.200,0.200,,SRF_OP6_IW5 - SRF_OP6_OW5 / CS_ABC
Distance,WIDTH_OP6.6,D1,3.997,4.000,-0.003,-0.200,0.200,,SRF_OP6_IW6 - SRF_OP6_OW6 / CS_ABC
Distance,WIDTH_OP6.7,D1,4.131,4.000,0.131,-0.200,0.200,,SRF_OP6_IW7 - SRF_OP6_OW7 / CS_ABC
Distance,DP_OP1.1,Y,6.150,6.000,0.150,-0.325,0.325,,SRF_OP1_DP1 - PL_FIXTURE / CS_TEMP_CIR
Distance,DP_OP1.2,Y,6.144,6.000,0.144,-0.250,0.250,,SRF_OP1_DP2 - PL_FIXTURE / CS_PORTS_BF
Distance,DP_OP1.3,Y,6.089,6.000,0.089,-0.250,0.250,,SRF_OP1_DP3 - PL_FIXTURE / CS_PORTS_BF
Distance,DP_OP1.4,Y,6.092,6.000,0.092,-0.250,0.250,,SRF_OP1_DP4 - PL_FIXTURE / CS_PORTS_BF
Distance,DP_OP1.5,Y,6.097,6.000,0.097,-0.250,0.250,,SRF_OP1_DP5 - PL_FIXTURE / CS_PORTS_BF
Distance,DP_OP1.6,Y,6.240,6.000,0.240,-0.325,0.325,,SRF_OP1_DP6 - PL_FIXTURE / CS_TEMP_CIR
Distance,DP_OP1.7,Y,6.100,6.000,0.100,-0.250,0.250,,SRF_OP1_DP7 - PL_FIXTURE / CS_PORTS_BF
Distance,DP_OP2.1,Y,6.147,6.000,0.147,-0.325,0.325,,SRF_OP2_DP1 - PL_FIXTURE / CS_TEMP_CIR
Distance,DP_OP2.2,Y,5.946,6.000,-0.054,-0.250,0.250,,SRF_OP2_DP2 - PL_FIXTURE / CS_PORTS_BF
Distance,DP_OP2.3,Y,5.961,6.000,-0.039,-0.250,0.250,,SRF_OP2_DP3 - PL_FIXTURE / CS_PORTS_BF
Distance,DP_OP2.4,Y,6.039,6.000,0.039,-0.250,0.250,,SRF_OP2_DP4 - PL_FIXTURE / CS_PORTS_BF
Distance,DP_OP2.5,Y,6.010,6.000,0.010,-0.250,0.250,,SRF_OP2_DP5 - PL_FIXTURE / CS_PORTS_BF
Distance,DP_OP2.6,Y,6.178,6.000,0.178,-0.250,0.250,,SRF_OP2_DP6 - PL_FIXTURE / CS_PORTS_BF
Distance,DP_OP2.7,Y,6.229,6.000,0.229,-0.250,0.250,,SRF_OP2_DP7 - PL_FIXTURE / CS_PORTS_BF
Distance,DP_OP3.1,Y,6.061,6.000,0.061,-0.250,0.250,,SRF_OP3_DP1 - PL_FIXTURE / CS_PORTS_BF
Distance,DP_OP3.2,Y,6.099,6.000,0.099,-0.250,0.250,,SRF_OP3_DP2 - PL_FIXTURE / CS_PORTS_BF
Distance,DP_OP3.3,Y,6.078,6.000,0.078,-0.250,0.250,,SRF_OP3_DP3 - PL_FIXTURE / CS_PORTS_BF
Distance,DP_OP3.4,Y,6.080,6.000,0.080,-0.250,0.250,,SRF_OP3_DP4 - PL_FIXTURE / CS_PORTS_BF
Distance,DP_OP4.1,Y,6.162,6.000,0.162,-0.250,0.250,,SRF_OP4_DP1 - PL_FIXTURE / CS_PORTS_BF
Distance,DP_OP4.2,Y,6.157,6.000,0.157,-0.250,0.250,,SRF_OP4_DP2 - PL_FIXTURE / CS_PORTS_BF
Distance,DP_OP4.3,Y,6.100,6.000,0.100,-0.250,0.250,,SRF_OP4_DP3 - PL_FIXTURE / CS_PORTS_BF
Distance,DP_OP4.4,Y,6.106,6.000,0.106,-0.250,0.250,,SRF_OP4_DP4 - PL_FIXTURE / CS_PORTS_BF
Distance,DP_OP4.5,Y,5.999,6.000,-0.001,-0.250,0.250,,SRF_OP4_DP5 - PL_FIXTURE / CS_PORTS_BF
Distance,DP_OP4.6,Y,6.275,6.000,0.275,-0.250,0.250,0.025,SRF_OP4_DP6 - PL_FIXTURE / CS_PORTS_BF
Distance,DP_OP4.7,Y,6.287,6.000,0.287,-0.250,0.250,0.037,SRF_OP4_DP7 - PL_FIXTURE / CS_PORTS_BF
Distance,DP_OP5.1,Y,6.149,6.000,0.149,-0.250,0.250,,SRF_OP5_DP1 - PL_FIXTURE / CS_PORTS_BF
Distance,DP_OP5.2,Y,6.140,6.000,0.140,-0.250,0.250,,SRF_OP5_DP2 - PL_FIXTURE / CS_PORTS_BF
Distance,DP_OP5.3,Y,6.101,6.000,0.101,-0.250,0.250,,SRF_OP5_DP3 - PL_FIXTURE / CS_PORTS_BF
Distance,DP_OP5.4,Y,6.089,6.000,0.089,-0.250,0.250,,SRF_OP5_DP4 - PL_FIXTURE / CS_PORTS_BF
Distance,DP_OP5.5,Y,6.080,6.000,0.080,-0.250,0.250,,SRF_OP5_DP5 - PL_FIXTURE / CS_PORTS_BF
Distance,DP_OP6.1,Y,6.217,6.000,0.217,-0.325,0.325,,SRF_OP6_DP1 - PL_FIXTURE / CS_TEMP_CIR
Distance,DP_OP6.2,Y,6.127,6.000,0.127,-0.250,0.250,,SRF_OP6_DP2 - PL_FIXTURE / CS_PORTS_BF
Distance,DP_OP6.3,Y,6.158,6.000,0.158,-0.250,0.250,,SRF_OP6_DP3 - PL_FIXTURE / CS_PORTS_BF
Distance,DP_OP6.4,Y,6.084,6.000,0.084,-0.250,0.250,,SRF_OP6_DP4 - PL_FIXTURE / CS_PORTS_BF
Distance,DP_OP6.5,Y,6.192,6.000,0.192,-0.250,0.250,,SRF_OP6_DP5 - PL_FIXTURE / CS_PORTS_BF
Distance,DP_OP6.6,Y,6.166,6.000,0.166,-0.250,0.250,,SRF_OP6_DP6 - PL_FIXTURE / CS_PORTS_BF
Distance,DP_OP6.7,Y,6.156,6.000,0.156,-0.250,0.250,,SRF_OP6_DP7 - PL_FIXTURE / CS_PORTS_BF
Circle,CIR_8,DIAM,75.791,75.500,0.291,-0.500,0.500,,Criterion : Least Square (From 6 Pts On PL_D) 
Circle,CIR_8,X,-28.658,-29.500,0.842,,,,
Circle,CIR_8,Y,63.590,62.500,1.090,,,,
Circle,CIR_8,Z,97.205,97.698,-0.493,,,,
Pos. Tol.,POS_8,PTOL,2.926,0.000,2.926,0.000,4.000,,CIR_8/NOMINAL - CS_ABC - C-Zone - XYZ - Nominal
Circle,CIR_18,X,-13.929,-14.333,0.404,,,,Criterion : Least Square (From 6 Pts On PL_INS_18) 
Circle,CIR_18,Y,95.886,95.187,0.699,,,,
Circle,CIR_18,Z,60.161,60.851,-0.690,,,,
Pos. Tol.,POS_18,PTOL,2.124,0.000,2.124,0.000,4.000,,CIR_18/NOMINAL - CS_ABC - C-Zone - XYZ - Nominal
Circle,CIR_19,X,-17.771,-18.623,0.852,,,,Criterion : Least Square (From 6 Pts On PL_INS_19) 
Circle,CIR_19,Y,31.088,30.358,0.730,,,,
Circle,CIR_19,Z,58.671,58.907,-0.236,,,,
Pos. Tol.,POS_19,PTOL,2.293,0.000,2.293,0.000,4.000,,CIR_19/NOMINAL - CS_ABC - C-Zone - XYZ - Nominal
Circle,CIR_20,X,-43.291,-44.668,1.377,,,,Criterion : Least Square (From 6 Pts On PL_INS_20) 
Circle,CIR_20,Y,30.990,29.813,1.177,,,,
Circle,CIR_20,Z,134.516,134.547,-0.030,,,,
Pos. Tol.,POS_20,PTOL,3.623,0.000,3.623,0.000,4.000,,CIR_20/NOMINAL - CS_ABC - C-Zone - XYZ - Nominal
Circle,CIR_21,X,-39.702,-40.378,0.676,,,,Criterion : Least Square (From 6 Pts On PL_INS_21) 
Circle,CIR_21,Y,95.673,94.642,1.031,,,,
Circle,CIR_21,Z,135.774,136.490,-0.716,,,,
Pos. Tol.,POS_21,PTOL,2.851,0.000,2.851,0.000,4.000,,CIR_21/NOMINAL - CS_ABC - C-Zone - XYZ - Nominal
Circle,2D_CIR_18,Y,32.433,32.500,-0.067,,,,
Circle,2D_CIR_18,Z,-39.932,-40.000,0.068,,,,
Pos. Tol.,POS_2D_18,PTOL,0.191,0.000,0.191,0.000,0.600,,2D_CIR_18/NOMINAL - CS_DE_BF - C-Zone - YZ - Nominal
Circle,2D_CIR_19,Y,-32.496,-32.500,0.004,,,,
Circle,2D_CIR_19,Z,-39.992,-40.000,0.008,,,,
Pos. Tol.,POS_2D_19,PTOL,0.018,0.000,0.018,0.000,0.600,,2D_CIR_19/NOMINAL - CS_DE_BF - C-Zone - YZ - Nominal
Circle,2D_CIR_20,Y,-32.437,-32.500,0.063,,,,
Circle,2D_CIR_20,Z,40.032,40.000,0.032,,,,
Pos. Tol.,POS_2D_20,PTOL,0.141,0.000,0.141,0.000,0.700,,2D_CIR_20/NOMINAL - CS_DE_BF - C-Zone - YZ - Nominal
Circle,2D_CIR_21,Y,32.357,32.500,-0.143,,,,
Circle,2D_CIR_21,Z,39.953,40.000,-0.047,,,,
Pos. Tol.,POS_2D_21,PTOL,0.301,0.000,0.301,0.000,0.700,,2D_CIR_21/NOMINAL - CS_DE_BF - C-Zone - YZ - Nominal
Distance,INSERT HEIGHT 18,X,0.239,0.000,0.239,0.000,0.500,,CIR_18 - PL_PLAST_18 / CS_DE_BF
Distance,INSERT HEIGHT 19,X,0.302,-0.000,0.302,0.000,0.500,,CIR_19 - PL_PLAST_19 / CS_DE_BF
Distance,INSERT HEIGHT 20,X,0.321,-0.000,0.321,0.000,0.500,,CIR_20 - PL_PLAST_20 / CS_DE_BF
Distance,INSERT HEIGHT 21,X,0.175,0.000,0.175,0.000,0.500,,CIR_21 - PL_PLAST_21 / CS_DE_BF
Distance,WIDTH_TB1,D1,3.026,3.000,0.026,-0.200,0.200,,P0W2.5_1.1 - PIW2.5_1.1 / CS_DE_BF
Distance,WIDTH_TB2,D1,2.954,3.000,-0.046,-0.200,0.200,,P0W2.5_1.2 - PIW2.5_1.2 / CS_DE_BF
Distance,WIDTH_TB3,D1,3.047,3.000,0.047,-0.200,0.200,,P0W2.5_1.3 - PIW2.5_1.3 / CS_DE_BF
Distance,WIDTH_TB4,D1,2.948,3.000,-0.052,-0.200,0.200,,P0W2.5_1.4 - PIW2.5_1.4 / CS_DE_BF
Distance,WIDTH_TB5,D1,3.054,3.000,0.054,-0.200,0.200,,P0W2.5_1.5 - PIW2.5_1.5 / CS_DE_BF
Distance,WIDTH_TB6,D1,3.015,3.000,0.015,-0.200,0.200,,P0W2.5_1.6 - PIW2.5_1.6 / CS_DE_BF
Distance,WIDTH_TB7,D1,3.000,3.000,-0.000,-0.200,0.200,,P0W2.5_1.7 - PIW2.5_1.7 / CS_DE_BF
Distance,WIDTH_TB8,D1,3.023,3.000,0.023,-0.200,0.200,,P0W2.5_1.8 - PIW2.5_1.8 / CS_DE_BF
Distance,DEPTH_TB1,X,-4.771,-5.000,0.229,-0.350,0.300,,TB_BOT_1.1 - PL_D / CS_DE_BF
Distance,DEPTH_TB2,X,-4.988,-5.000,0.012,-0.300,0.300,,TB_BOT_1.2 - PL_D / CS_DE_BF
Distance,DEPTH_TB3,X,-5.018,-5.000,-0.018,-0.300,0.300,,TB_BOT_1.3 - PL_D / CS_DE_BF
Distance,DEPTH_TB4,X,-5.128,-5.000,-0.128,-0.300,0.300,,TB_BOT_1.4 - PL_D / CS_DE_BF
Distance,DEPTH_TB5,X,-5.290,-5.000,-0.290,-0.300,0.300,,TB_BOT_1.5 - PL_D / CS_DE_BF
Distance,DEPTH_TB6,X,-5.129,-5.000,-0.129,-0.300,0.300,,TB_BOT_1.6 - PL_D / CS_DE_BF
Distance,DEPTH_TB7,X,-4.936,-5.000,0.064,-0.300,0.300,,TB_BOT_1.7 - PL_D / CS_DE_BF
Distance,DEPTH_TB8,X,-4.767,-5.000,0.233,-0.350,0.300,,TB_BOT_1.8 - PL_D / CS_DE_BF
Flatness,FLAT_D,FLTN,0.227,0.000,0.227,0.000,1.000,,PL_D
Circle,CIR_9,DIAM,12.572,12.600,-0.028,-0.100,0.100,,Inters. PL_PLAST_9 - CYL_9.
Circle,CIR_9,X,-98.316,-98.500,0.184,,,,
Circle,CIR_9,Y,73.836,73.400,0.436,,,,
Circle,CIR_9,Z,147.844,148.323,-0.479,,,,
Pos. Tol.,POS_9,PTOL,1.346,0.000,1.346,0.000,4.000,,CIR_9/NOMINAL - CS_ABC - C-Zone - XYZ - Nominal
Circle,CIR_10_GAGE_12,DIAM,22.233,22.200,0.033,-0.150,0.150,,From 8 Pts On PL_PLAST_10
Circle,CIR_10_GAGE_12,X,-207.019,-207.000,-0.019,,,,
Circle,CIR_10_GAGE_12,Y,79.315,79.300,0.015,,,,
Circle,CIR_10_GAGE_12,Z,61.784,61.870,-0.086,,,,
Pos. Tol.,POS_10,PTOL,0.178,0.000,0.178,0.000,3.000,,CIR_10_GAGE_12/NOMINAL - CS_ABC - C-Zone - XYZ - Nominal
Circle,CIR_22,X,-192.654,-192.954,0.300,,,,Criterion : Least Square (From 6 Pts On PL_PLAST_10) 
Circle,CIR_22,Y,69.164,69.915,-0.751,,,,
Circle,CIR_22,Z,75.905,76.469,-0.564,,,,
Pos. Tol.,POS_22,PTOL,1.971,0.000,1.971,0.000,3.000,,CIR_22/NOMINAL - CS_ABC - C-Zone - XYZ - Nominal
Circle,CIR_23,X,-192.024,-192.345,0.321,,,,Criterion : Least Square (From 6 Pts On PL_PLAST_10) 
Circle,CIR_23,Y,75.904,76.580,-0.676,,,,
Circle,CIR_23,Z,78.263,78.652,-0.389,,,,
Pos. Tol.,POS_23,PTOL,1.008,0.000,1.008,0.000,3.000,,CIR_23/NOMINAL - CS_ABC - C-Zone - XZ - Nominal
Circle,2D_CIR_22,DIAM,4.662,4.600,0.062,-0.150,0.150,,
Circle,2D_CIR_22,X,22.597,22.500,0.097,,,,
Circle,2D_CIR_22,Y,0.000,0.000,0.000,,,,
Pos. Tol.,POS_2D_22,PTOL,0.194,0.000,0.194,0.000,0.500,,2D_CIR_22/NOMINAL - CS_10_22 - C-Zone - XY - Nominal
Circle,2D_CIR_23,DIAM,4.693,4.600,0.093,-0.150,0.150,,
Circle,2D_CIR_23,X,22.547,22.500,0.047,,,,
Circle,2D_CIR_23,Y,0.000,0.000,0.000,,,,
Pos. Tol.,POS_2D_23,PTOL,0.093,0.000,0.093,0.000,0.500,,2D_CIR_23/NOMINAL - CS_10_23 - C-Zone - XY - Nominal
Flatness,FLAT_F,FLTN,0.086,0.000,0.086,0.000,1.000,,PL_11_12
Circle,CIR_13_GAGE,DIAM,16.220,16.100,0.120,-0.200,0.200,,Criterion : Least Square (From 10 Pts On PL_13) 
Circle,CIR_13_GAGE,X,-72.148,-72.550,0.402,,,,
Circle,CIR_13_GAGE,Z,-1.275,-1.077,-0.198,,,,
Pos. Tol.,POS_13,PTOL,0.896,0.000,0.896,0.000,3.000,,CIR_13_GAGE/NOMINAL - CS_ABC - C-Zone - XZ - Nominal
Distance,PROF_13,Y,71.956,71.500,0.456,-1.500,1.500,,2D_CIR_13 - PL_FIXTURE / CS_ABC
Circle,CIR_INSERT_11,X,-84.672,-85.228,0.557,,,,Criterion : Least Square (From 6 Pts On PL_INSERT_11) 
Circle,CIR_INSERT_11,Z,26.104,26.112,-0.007,,,,
Pos. Tol.,POS_11,PTOL,1.113,0.000,1.113,0.000,3.000,,CIR_INSERT_11/NOMINAL - CS_ABC - C-Zone - XZ - Nominal
Distance,PROF_11,Y,91.425,91.250,0.175,-1.500,1.500,,CIR_INSERT_11 - ORIGIN / CS_ABC
Circle,CIR_INSERT_12,X,-59.837,-59.871,0.035,,,,Criterion : Least Square (From 6 Pts On PL_INSERT_12) 
Circle,CIR_INSERT_12,Z,-28.284,-28.266,-0.018,,,,
Pos. Tol.,POS_12,PTOL,0.078,0.000,0.078,0.000,3.000,,CIR_INSERT_12/NOMINAL - CS_ABC - C-Zone - XZ - Nominal
Distance,PROF_12,Y,91.703,91.250,0.453,-1.500,1.500,,CIR_INSERT_12 - ORIGIN / CS_ABC
Circle,2D_CIR_INSERT_11,X,0.068,0.000,0.068,,,,
Circle,2D_CIR_INSERT_11,Z,30.016,30.000,0.016,,,,
Pos. Tol.,POS_2D_11,PTOL,0.139,0.000,0.139,0.000,0.700,,2D_CIR_INSERT_11/NOMINAL - CS_FG_BF - C-Zone - XZ - Nominal
Distance,INSERT HEIGHT 11,Y,0.087,0.000,0.087,0.000,0.500,,CIR_INSERT_11 - PL_PLAST_11 / CS_FG_BF
Circle,2D_CIR_INSERT_12,X,0.068,0.000,0.068,,,,
Circle,2D_CIR_INSERT_12,Z,-29.775,-30.000,0.225,,,,
Pos. Tol.,POS_2D_12,PTOL,0.470,0.000,0.470,0.000,0.700,,2D_CIR_INSERT_12/NOMINAL - CS_FG_BF - C-Zone - XZ - Nominal
Distance,INSERT HEIGHT 12,Y,0.130,-0.000,0.130,0.000,0.500,,CIR_INSERT_12 - PL_PLAST_12 / CS_FG_BF
Circle,CIR_14,DIAM,8.134,8.000,0.134,-0.200,0.200,,Criterion : Least Square (From 6 Pts On PL_PLAST_14) 
Circle,CIR_14,X,14.026,14.463,-0.437,,,,
Circle,CIR_14,Z,-350.871,-351.600,0.729,,,,
Pos. Tol.,POS_14,PTOL,1.700,0.000,1.700,0.000,3.000,,CIR_14/NOMINAL - CS_ABC - C-Zone - XZ - Nominal
Distance,PROF_14,Y,35.762,35.900,-0.138,-0.500,0.500,,CIR_14 - ORIGIN / CS_ABC
Circle,CIR_15,X,-106.061,-107.500,1.439,,,,Criterion : Least Square (From 6 Pts On PL_INS_15) 
Circle,CIR_15,Y,28.892,29.200,-0.308,,,,
Circle,CIR_15,Z,130.050,130.573,-0.523,,,,
Pos. Tol.,POS_15,PTOL,3.063,0.000,3.063,0.000,4.000,,CIR_15/NOMINAL - CS_ABC - C-Zone - XZ - Nominal
Distance,PROF_15,Y,28.892,29.200,-0.308,,,,CIR_15 - ORIGIN / CS_ABC
Distance,INSERT HEIGHT 15,Z,0.244,0.000,0.244,0.000,0.500,,CIR_15 - PL_PLAST_15 / CS_TEMP_SRF_15
Circle,CIR_16,X,7.871,8.450,-0.579,,,,Criterion : Least Square (From 10 Pts On PL_PLAST_16) 
Circle,CIR_16,Z,-202.391,-202.782,0.391,,,,
Pos. Tol.,POS_16,PTOL,1.398,0.000,1.398,0.000,4.000,,CIR_16/NOMINAL - CS_ABC - C-Zone - XZ - Nominal
Circle,CIR_17,X,8.524,8.450,0.074,,,,Criterion : Least Square (From 8 Pts On PL_PLAST_17) 
Circle,CIR_17,Z,-96.604,-96.778,0.174,,,,
Pos. Tol.,POS_17,PTOL,0.378,0.000,0.378,0.000,4.000,,CIR_17/NOMINAL - CS_ABC - C-Zone - XZ - Nominal
Distance,PROF_16,Y,73.055,72.800,0.255,-1.500,1.500,,CIR_16 - ORIGIN / CS_ABC
Distance,PROF_17,Y,73.070,72.800,0.270,-1.500,1.500,,CIR_17 - ORIGIN / CS_ABC
Circle,CIR_24,DIAM,7.986,8.000,-0.014,-0.200,0.200,,Criterion : Least Square (From 8 Pts On PL_PLAST_24) 
Circle,CIR_24,X,55.883,56.450,-0.567,,,,
Circle,CIR_24,Z,-161.674,-161.827,0.153,,,,
Pos. Tol.,POS_24,PTOL,1.175,0.000,1.175,0.000,3.000,,CIR_24/NOMINAL - CS_ABC - C-Zone - XZ - Nominal
Distance,PROF_24,Y,55.925,55.800,0.125,-1.500,1.500,,CIR_24 - ORIGIN / CS_ABC
Circle,CIR_25,DIAM,6.627,6.500,0.127,-0.200,0.200,,Criterion : Least Square (From 6 Pts On PL_PLAST_25) 
Circle,CIR_25,X,14.672,14.450,0.222,,,,
Circle,CIR_25,Z,-3.707,-3.576,-0.131,,,,
Pos. Tol.,POS_25,PTOL,0.516,0.000,0.516,0.000,3.000,,CIR_25/NOMINAL - CS_ABC - C-Zone - XZ - Nominal
Distance,PROF_25,Y,68.877,68.700,0.177,-0.500,0.500,,CIR_25 - ORIGIN / CS_ABC_BF_SURFACE
Circle,CIR_26,DIAM,10.360,10.180,0.180,-0.200,0.200,,Criterion : Least Square (From 8 Pts On PL_PLAST_26) 
Circle,CIR_26,X,54.807,55.450,-0.643,,,,
Circle,CIR_26,Z,-206.369,-206.828,0.458,,,,
Pos. Tol.,POS_26,PTOL,1.580,0.000,1.580,0.000,3.000,,CIR_26/NOMINAL - CS_ABC - C-Zone - XZ - Nominal
Distance,PROF_26,Y,56.239,55.800,0.439,-1.500,1.500,,CIR_26 - ORIGIN / CS_ABC
Circle,CIR_30,DIAM,12.189,12.050,0.139,-0.080,0.080,0.059,Criterion : Least Square (From 12 Pts On PL_PLAST_30) 
Circle,CIR_30,X,-212.350,-211.066,-1.284,,,,
Circle,CIR_30,Z,-313.419,-314.163,0.744,,,,
Circle,2D_CIR_31,DIAM,4.030,4.000,0.030,-0.100,0.100,,
Circle,2D_CIR_31,X,-19.856,-21.000,1.144,,,,
Circle,2D_CIR_31,Z,0.000,0.000,0.000,,,,
Circle,2D_CIR_32,DIAM,4.027,4.000,0.027,-0.100,0.100,,
Circle,2D_CIR_32,X,-19.832,-21.000,1.168,,,,
Circle,2D_CIR_32,Z,0.000,0.000,0.000,,,,
