Feat. Type,Feat. Name,Value,Actual,Nominal,Dev.,Tol-,Tol+,Out of Tol.,Comment
Text/Value,VAR_PROGRAM,VAL,,,,,,,'N:\Metrolog XG\Programmes\D-37\D-37 Hauteur Plastic Crush Rib Module 44.gm2'
Text/Value,VAR_EVENEMENT,VAL,,,,,,,'D�marrage'
Text/Value,VAR_COMMENTAIRES,VAL,,,,,,,'356 C'
Circle,CIR_3_FL,X,124.203,124.294,-0.091,,,,Criterion : Least Square (From 6 Pts On PL_PLAST_FL_3) 
Circle,CIR_3_FL,Z,-30.282,-30.147,-0.135,,,,
Pos. Tol.,POS_3_FLANGE,PTOL,0.326,0.000,0.326,0.000,1.000,,CIR_3_FL/NOMINAL - CS_ABC - C-Zone - XZ - Nominal
Circle,CIR_3_TOP,X,124.220,124.294,-0.074,,,,Criterion : Least Square (From 6 Pts On PL_PLAST_TOP_3) 
Circle,CIR_3_TOP,Z,-30.550,-30.147,-0.403,,,,
Pos. Tol.,POS_3_TOP,PTOL,0.819,0.000,0.819,0.000,2.000,,CIR_3_TOP/NOMINAL - CS_ABC - C-Zone - XZ - Nominal
Distance,PLASTIC_HEIGHT,D1,101.041,100.600,0.441,-0.300,0.300,0.141,CIR_3_FL - CIR_3_TOP / CS_ABC
