Feat. Type,Feat. Name,Value,Actual,Nominal,Dev.,Tol-,Tol+,Out of Tol.,Comment
Text/Value,VAR_PROGRAM,VAL,,,,,,,'N:\Metrolog XG\Programmes\GM HF FWD GEN II E2xx\GM HF FWD Gen II E2xx Complete (Module 64).gm2'
Text/Value,VAR_EVENEMENT,VAL,,,,,,,'OTS-4'
Text/Value,VAR_COMMENTAIRES,VAL,,,,,,,'Part #15'
Text/Value,PROFILE_DATUM_A,VAL,0.641380,0.000000,0.641380,0.000000,1.000000,,
Text/Value,PROFILE_DATUM_B,VAL,0.447794,0.000000,0.447794,0.000000,1.000000,,
Distance,WIDTH_C,D1,8.785,8.860,-0.075,-0.150,0.150,,SRF_C_TOP - SRF_C_DOWN / CS_ABC_BF
Pos. Tol.,POS_1,PTOL,0.630,0.000,0.630,0.000,2.000,,CIR1/NOMINAL - CS_ABC_SURFACES_C - C-Zone - XZ - Nominal
Pos. Tol.,POS_2,PTOL,0.327,0.000,0.327,0.000,2.000,,CIR2/NOMINAL - CS_ABC_SURFACES_C - C-Zone - XZ - Nominal
Pos. Tol.,POS_3,PTOL,1.540,0.000,1.540,0.000,2.000,,CIR3/NOMINAL - CS_ABC_SURFACES_C - C-Zone - XZ - Nominal
Pos. Tol.,POS_4,PTOL,1.236,0.000,1.236,0.000,2.000,,CIR4/NOMINAL - CS_ABC_SURFACES_C - C-Zone - XZ - Nominal
Pos. Tol.,POS_5,PTOL,0.330,0.000,0.330,0.000,2.000,,CIR5/NOMINAL - CS_ABC_SURFACES_C - C-Zone - XZ - Nominal
Pos. Tol.,POS_6,PTOL,0.524,0.000,0.524,0.000,2.000,,CIR6/NOMINAL - CS_ABC_SURFACES_C - C-Zone - XZ - Nominal
Pos. Tol.,POS_7,PTOL,1.094,0.000,1.094,0.000,2.000,,CIR7/NOMINAL - CS_ABC_SURFACES_C - C-Zone - XZ - Nominal
Pos. Tol.,POS_8,PTOL,1.005,0.000,1.005,0.000,2.000,,CIR8/NOMINAL - CS_ABC_SURFACES_C - C-Zone - XZ - Nominal
Pos. Tol.,POS_9,PTOL,0.879,0.000,0.879,0.000,2.000,,CIR9/NOMINAL - CS_ABC_SURFACES_C - C-Zone - XZ - Nominal
Circle,CIR1,DIAM,15.087,15.000,0.087,-0.100,0.100,,From 4 Pts On PL_PLAST_1
Circle,CIR1,X,-51.850,-52.000,0.150,,,,
Circle,CIR1,Y,84.666,85.240,-0.574,,,,
Circle,CIR1,Z,-155.223,-155.500,0.277,,,,
Circle,CIR2,DIAM,15.043,15.000,0.043,-0.100,0.100,,From 4 Pts On PL_PLAST_2
Circle,CIR2,X,-51.838,-52.000,0.162,,,,
Circle,CIR2,Y,85.034,85.240,-0.206,,,,
Circle,CIR2,Z,-61.021,-61.000,-0.021,,,,
Circle,CIR3,DIAM,15.075,15.000,0.075,-0.100,0.100,,From 4 Pts On PL_PLAST_3
Circle,CIR3,X,-51.438,-52.000,0.562,,,,
Circle,CIR3,Y,85.126,85.240,-0.114,,,,
Circle,CIR3,Z,45.527,45.000,0.527,,,,
Circle,CIR4,DIAM,15.037,15.000,0.037,-0.100,0.100,,From 4 Pts On PL_PLAST_4
Circle,CIR4,X,-51.595,-52.000,0.405,,,,
Circle,CIR4,Y,84.936,85.240,-0.304,,,,
Circle,CIR4,Z,151.467,151.000,0.467,,,,
Circle,CIR5,DIAM,15.006,15.000,0.006,-0.100,0.100,,From 4 Pts On PL_PLAST_5
Circle,CIR5,X,51.836,52.000,-0.164,,,,
Circle,CIR5,Y,85.683,85.240,0.443,,,,
Circle,CIR5,Z,112.484,112.500,-0.016,,,,
Circle,CIR6,DIAM,14.958,15.000,-0.042,-0.100,0.100,,From 4 Pts On PL_PLAST_6
Circle,CIR6,X,52.059,52.000,0.059,,,,
Circle,CIR6,Y,85.297,85.240,0.057,,,,
Circle,CIR6,Z,18.255,18.000,0.255,,,,
Circle,CIR7,DIAM,14.961,15.000,-0.039,-0.100,0.100,,From 4 Pts On PL_PLAST_7
Circle,CIR7,X,52.539,52.000,0.539,,,,
Circle,CIR7,Y,85.129,85.240,-0.111,,,,
Circle,CIR7,Z,-87.911,-88.000,0.089,,,,
Circle,CIR8,DIAM,15.024,15.000,0.024,-0.100,0.100,,From 4 Pts On PL_PLAST_8
Circle,CIR8,X,52.488,52.000,0.488,,,,
Circle,CIR8,Y,84.920,85.240,-0.320,,,,
Circle,CIR8,Z,-193.880,-194.000,0.120,,,,
Circle,CIR9,DIAM,12.783,12.860,-0.077,-0.100,0.100,,From 4 Pts On PL_PLAST_9
Circle,CIR9,X,270.696,270.260,0.436,,,,
Circle,CIR9,Y,44.201,45.720,-1.519,,,,
Circle,CIR9,Z,102.947,103.000,-0.052,,,,
Distance,PROFILE_1,Y,84.666,85.250,-0.584,-0.250,0.250,-0.334,CIR1 - ORIGIN / CS_ABC_SURFACES_C
Distance,PROFILE_2,Y,85.034,85.250,-0.216,-0.250,0.250,,CIR2 - ORIGIN / CS_ABC_SURFACES_C
Distance,PROFILE_3,Y,85.126,85.240,-0.114,-0.250,0.250,,CIR3 - ORIGIN / CS_ABC_SURFACES_C
Distance,PROFILE_4,Y,84.936,85.250,-0.314,-0.250,0.250,-0.064,CIR4 - ORIGIN / CS_ABC_SURFACES_C
Distance,PROFILE_5,Y,85.683,85.250,0.433,-0.250,0.250,0.183,CIR5 - ORIGIN / CS_ABC_SURFACES_C
Distance,PROFILE_6,Y,85.297,85.250,0.047,-0.250,0.250,,CIR6 - ORIGIN / CS_ABC_SURFACES_C
Distance,PROFILE_7,Y,85.129,85.250,-0.121,-0.250,0.250,,CIR7 - ORIGIN / CS_ABC_SURFACES_C
Distance,PROFILE_8,Y,84.920,85.250,-0.330,-0.250,0.250,-0.080,CIR8 - ORIGIN / CS_ABC_SURFACES_C
Profile of Line,PROFILE_VERTICAL_OP_1,PRFL,1.228,0.000,1.228,0.000,1.200,0.028,SECTION_VERTICAL_OP_1
Profile of Line,PROFILE_VERTICAL_OP_2,PRFL,0.438,0.000,0.438,0.000,1.200,,SECTION_VERTICAL_OP_2
Profile of Line,PROFILE_VERTICAL_OP_3,PRFL,0.891,0.000,0.891,0.000,1.200,,SECTION_VERTICAL_OP_3
Profile of Line,PROFILE_VERTICAL_OP_4,PRFL,0.577,0.000,0.577,0.000,1.200,,SECTION_VERTICAL_OP_4
Profile of Line,PROFILE_VERTICAL_OP_5,PRFL,0.634,0.000,0.634,0.000,1.200,,SECTION_VERTICAL_OP_5
Profile of Line,PROFILE_VERTICAL_OP_6,PRFL,0.668,0.000,0.668,0.000,1.200,,SECTION_VERTICAL_OP_6
Profile of Line,PROFILE_HORIZONTAL_OP_1,PRFL,1.451,0.000,1.451,0.000,2.000,,SECTION_HORIZONTAL_OP_1
Profile of Line,PROFILE_HORIZONTAL_OP_2,PRFL,0.947,0.000,0.947,0.000,2.000,,SECTION_HORIZONTAL_OP_2
Profile of Line,PROFILE_HORIZONTAL_OP_3,PRFL,1.112,0.000,1.112,0.000,2.000,,SECTION_HORIZONTAL_OP_3
Profile of Line,PROFILE_HORIZONTAL_OP_4,PRFL,1.014,0.000,1.014,0.000,2.000,,SECTION_HORIZONTAL_OP_4
Profile of Line,PROFILE_HORIZONTAL_OP_5,PRFL,0.633,0.000,0.633,0.000,2.000,,SECTION_HORIZONTAL_OP_5
Profile of Line,PROFILE_HORIZONTAL_OP_6,PRFL,1.921,0.000,1.921,0.000,2.000,,SECTION_HORIZONTAL_OP_6
Distance,OP1_WIDTH_1,D1,3.818,3.900,-0.082,-0.150,0.150,,OP1_PT1_OW_GAGE - OP1_PT1_IW_GAGE / CS_BF_OP1
Distance,OP1_WIDTH_2,D1,3.857,3.900,-0.043,-0.150,0.150,,OP1_PT2_OW_GAGE - OP1_PT2_IW_GAGE / CS_BF_OP1
Distance,OP1_WIDTH_3,D1,3.775,3.900,-0.125,-0.150,0.150,,OP1_PT3_OW_GAGE - OP1_PT3_IW_GAGE / CS_BF_OP1
Distance,OP1_WIDTH_4,D1,3.806,3.900,-0.094,-0.150,0.150,,OP1_PT4_OW_GAGE - OP1_PT4_IW_GAGE / CS_BF_OP1
Distance,OP1_WIDTH_5,D1,3.917,3.900,0.017,-0.150,0.150,,OP1_PT5_OW_GAGE - OP1_PT5_IW_GAGE / CS_BF_OP1
Distance,OP1_WIDTH_6,D1,3.791,3.900,-0.109,-0.150,0.150,,OP1_PT6_OW_GAGE - OP1_PT6_IW_GAGE / CS_BF_OP1
Distance,OP1_WIDTH_7,D1,3.857,3.900,-0.043,-0.150,0.150,,OP1_PT7_OW_GAGE - OP1_PT7_IW_GAGE / CS_BF_OP1
Distance,OP1_WIDTH_8,D1,3.921,3.900,0.021,-0.150,0.150,,OP1_PT8_OW_GAGE - OP1_PT8_IW_GAGE / CS_BF_OP1
Distance,OP1_DEPTH_1,D1,6.082,6.000,0.082,-0.150,0.150,,PL_FIXTURE_A - OP1_PT1_DEPTH / CS_BF_OP1
Distance,OP1_DEPTH_2,D1,5.984,6.000,-0.016,-0.150,0.150,,PL_FIXTURE_A - OP1_PT2_DEPTH / CS_BF_OP1
Distance,OP1_DEPTH_3,D1,5.913,6.000,-0.087,-0.150,0.150,,PL_FIXTURE_A - OP1_PT3_DEPTH / CS_BF_OP1
Distance,OP1_DEPTH_4,D1,5.940,6.000,-0.060,-0.150,0.150,,PL_FIXTURE_A - OP1_PT4_DEPTH / CS_BF_OP1
Distance,OP1_DEPTH_5,D1,6.050,6.000,0.050,-0.150,0.150,,PL_FIXTURE_A - OP1_PT5_DEPTH / CS_BF_OP1
Distance,OP1_DEPTH_6,D1,5.967,6.000,-0.033,-0.150,0.150,,PL_FIXTURE_A - OP1_PT6_DEPTH / CS_BF_OP1
Distance,OP1_DEPTH_7,D1,6.121,6.000,0.121,-0.150,0.150,,PL_FIXTURE_A - OP1_PT7_DEPTH / CS_BF_OP1
Distance,OP1_DEPTH_8,D1,6.362,6.000,0.362,-0.150,0.150,0.212,PL_FIXTURE_A - OP1_PT8_DEPTH / CS_BF_OP1
Distance,OP2_WIDTH_1,D1,3.732,3.900,-0.168,-0.150,0.150,-0.018,OP2_PT1_OW_GAGE - OP2_PT1_IW_GAGE / CS_BF_OP2
Distance,OP2_WIDTH_2,D1,3.777,3.900,-0.123,-0.150,0.150,,OP2_PT2_OW_GAGE - OP2_PT2_IW_GAGE / CS_BF_OP2
Distance,OP2_WIDTH_3,D1,3.706,3.900,-0.194,-0.150,0.150,-0.044,OP2_PT3_OW_GAGE - OP2_PT3_IW_GAGE / CS_BF_OP2
Distance,OP2_WIDTH_4,D1,3.779,3.900,-0.121,-0.150,0.150,,OP2_PT4_OW_GAGE - OP2_PT4_IW_GAGE / CS_BF_OP2
Distance,OP2_WIDTH_5,D1,3.851,3.900,-0.049,-0.150,0.150,,OP2_PT5_OW_GAGE - OP2_PT5_IW_GAGE / CS_BF_OP2
Distance,OP2_WIDTH_6,D1,3.720,3.900,-0.180,-0.150,0.150,-0.030,OP2_PT6_OW_GAGE - OP2_PT6_IW_GAGE / CS_BF_OP2
Distance,OP2_WIDTH_7,D1,3.881,3.900,-0.019,-0.150,0.150,,OP2_PT7_OW_GAGE - OP2_PT7_IW_GAGE / CS_BF_OP2
Distance,OP2_WIDTH_8,D1,3.828,3.900,-0.072,-0.150,0.150,,OP2_PT8_OW_GAGE - OP2_PT8_IW_GAGE / CS_BF_OP2
Distance,OP2_DEPTH_1,D1,5.901,6.000,-0.099,-0.150,0.150,,PL_FIXTURE_A - OP2_PT1_DEPTH / CS_BF_OP2
Distance,OP2_DEPTH_2,D1,5.976,6.000,-0.024,-0.150,0.150,,PL_FIXTURE_A - OP2_PT2_DEPTH / CS_BF_OP2
Distance,OP2_DEPTH_3,D1,5.922,6.000,-0.078,-0.150,0.150,,PL_FIXTURE_A - OP2_PT3_DEPTH / CS_BF_OP2
Distance,OP2_DEPTH_4,D1,5.978,6.000,-0.022,-0.150,0.150,,PL_FIXTURE_A - OP2_PT4_DEPTH / CS_BF_OP2
Distance,OP2_DEPTH_5,D1,6.052,6.000,0.052,-0.150,0.150,,PL_FIXTURE_A - OP2_PT5_DEPTH / CS_BF_OP2
Distance,OP2_DEPTH_6,D1,6.055,6.000,0.055,-0.150,0.150,,PL_FIXTURE_A - OP2_PT6_DEPTH / CS_BF_OP2
Distance,OP2_DEPTH_7,D1,5.885,6.000,-0.115,-0.150,0.150,,PL_FIXTURE_A - OP2_PT7_DEPTH / CS_BF_OP2
Distance,OP2_DEPTH_8,D1,5.943,6.000,-0.057,-0.150,0.150,,PL_FIXTURE_A - OP2_PT8_DEPTH / CS_BF_OP2
Distance,OP3_WIDTH_1,D1,3.807,3.900,-0.093,-0.150,0.150,,OP3_PT1_OW_GAGE - OP3_PT1_IW_GAGE / CS_BF_OP3
Distance,OP3_WIDTH_2,D1,3.851,3.900,-0.049,-0.150,0.150,,OP3_PT2_OW_GAGE - OP3_PT2_IW_GAGE / CS_BF_OP3
Distance,OP3_WIDTH_3,D1,3.858,3.900,-0.042,-0.150,0.150,,OP3_PT3_OW_GAGE - OP3_PT3_IW_GAGE / CS_BF_OP3
Distance,OP3_WIDTH_4,D1,3.753,3.900,-0.147,-0.150,0.150,,OP3_PT4_OW_GAGE - OP3_PT4_IW_GAGE / CS_BF_OP3
Distance,OP3_WIDTH_5,D1,3.858,3.900,-0.042,-0.150,0.150,,OP3_PT5_OW_GAGE - OP3_PT5_IW_GAGE / CS_BF_OP3
Distance,OP3_WIDTH_6,D1,3.789,3.900,-0.111,-0.150,0.150,,OP3_PT6_OW_GAGE - OP3_PT6_IW_GAGE / CS_BF_OP3
Distance,OP3_WIDTH_7,D1,3.911,3.900,0.011,-0.150,0.150,,OP3_PT7_OW_GAGE - OP3_PT7_IW_GAGE / CS_BF_OP3
Distance,OP3_WIDTH_8,D1,3.897,3.900,-0.003,-0.150,0.150,,OP3_PT8_OW_GAGE - OP3_PT8_IW_GAGE / CS_BF_OP3
Distance,OP3_DEPTH_1,D1,5.867,6.000,-0.133,-0.150,0.150,,PL_FIXTURE_A - OP3_PT1_DEPTH / CS_BF_OP3
Distance,OP3_DEPTH_2,D1,5.975,6.000,-0.025,-0.150,0.150,,PL_FIXTURE_A - OP3_PT2_DEPTH / CS_BF_OP3
Distance,OP3_DEPTH_3,D1,5.805,6.000,-0.195,-0.150,0.150,-0.045,PL_FIXTURE_A - OP3_PT3_DEPTH / CS_BF_OP3
Distance,OP3_DEPTH_4,D1,5.894,6.000,-0.106,-0.150,0.150,,PL_FIXTURE_A - OP3_PT4_DEPTH / CS_BF_OP3
Distance,OP3_DEPTH_5,D1,6.063,6.000,0.063,-0.150,0.150,,PL_FIXTURE_A - OP3_PT5_DEPTH / CS_BF_OP3
Distance,OP3_DEPTH_6,D1,6.026,6.000,0.026,-0.150,0.150,,PL_FIXTURE_A - OP3_PT6_DEPTH / CS_BF_OP3
Distance,OP3_DEPTH_7,D1,5.881,6.000,-0.119,-0.150,0.150,,PL_FIXTURE_A - OP3_PT7_DEPTH / CS_BF_OP3
Distance,OP3_DEPTH_8,D1,5.905,6.000,-0.095,-0.150,0.150,,PL_FIXTURE_A - OP3_PT8_DEPTH / CS_BF_OP3
Distance,OP4_WIDTH_1,D1,3.682,3.900,-0.218,-0.150,0.150,-0.068,OP4_PT1_OW_GAGE - OP4_PT1_IW_GAGE / CS_BF_OP4
Distance,OP4_WIDTH_2,D1,3.896,3.900,-0.004,-0.150,0.150,,OP4_PT2_OW_GAGE - OP4_PT2_IW_GAGE / CS_BF_OP4
Distance,OP4_WIDTH_3,D1,3.780,3.900,-0.120,-0.150,0.150,,OP4_PT3_OW_GAGE - OP4_PT3_IW_GAGE / CS_BF_OP4
Distance,OP4_WIDTH_4,D1,3.818,3.900,-0.082,-0.150,0.150,,OP4_PT4_OW_GAGE - OP4_PT4_IW_GAGE / CS_BF_OP4
Distance,OP4_WIDTH_5,D1,3.976,3.900,0.076,-0.150,0.150,,OP4_PT5_OW_GAGE - OP4_PT5_IW_GAGE / CS_BF_OP4
Distance,OP4_WIDTH_6,D1,3.950,3.900,0.050,-0.150,0.150,,OP4_PT6_OW_GAGE - OP4_PT6_IW_GAGE / CS_BF_OP4
Distance,OP4_WIDTH_7,D1,3.856,3.900,-0.044,-0.150,0.150,,OP4_PT7_OW_GAGE - OP4_PT7_IW_GAGE / CS_BF_OP4
Distance,OP4_WIDTH_8,D1,3.788,3.900,-0.112,-0.150,0.150,,OP4_PT8_OW_GAGE - OP4_PT8_IW_GAGE / CS_BF_OP4
Distance,OP4_DEPTH_1,D1,6.105,6.000,0.105,-0.150,0.150,,PL_FIXTURE_B - OP4_PT1_DEPTH / CS_BF_OP4
Distance,OP4_DEPTH_2,D1,6.207,6.000,0.207,-0.150,0.150,0.057,PL_FIXTURE_B - OP4_PT2_DEPTH / CS_BF_OP4
Distance,OP4_DEPTH_3,D1,6.196,6.000,0.196,-0.150,0.150,0.046,PL_FIXTURE_B - OP4_PT3_DEPTH / CS_BF_OP4
Distance,OP4_DEPTH_4,D1,6.013,6.000,0.013,-0.150,0.150,,PL_FIXTURE_B - OP4_PT4_DEPTH / CS_BF_OP4
Distance,OP4_DEPTH_5,D1,6.053,6.000,0.053,-0.150,0.150,,PL_FIXTURE_B - OP4_PT5_DEPTH / CS_BF_OP4
Distance,OP4_DEPTH_6,D1,6.111,6.000,0.111,-0.150,0.150,,PL_FIXTURE_B - OP4_PT6_DEPTH / CS_BF_OP4
Distance,OP4_DEPTH_7,D1,6.174,6.000,0.174,-0.150,0.150,0.024,PL_FIXTURE_B - OP4_PT7_DEPTH / CS_BF_OP4
Distance,OP4_DEPTH_8,D1,6.216,6.000,0.216,-0.150,0.150,0.066,PL_FIXTURE_B - OP4_PT8_DEPTH / CS_BF_OP4
Distance,OP5_WIDTH_1,D1,3.718,3.900,-0.182,-0.150,0.150,-0.032,OP5_PT1_OW_GAGE - OP5_PT1_IW_GAGE / CS_BF_OP5
Distance,OP5_WIDTH_2,D1,3.930,3.900,0.030,-0.150,0.150,,OP5_PT2_OW_GAGE - OP5_PT2_IW_GAGE / CS_BF_OP5
Distance,OP5_WIDTH_3,D1,3.841,3.900,-0.059,-0.150,0.150,,OP5_PT3_OW_GAGE - OP5_PT3_IW_GAGE / CS_BF_OP5
Distance,OP5_WIDTH_4,D1,3.837,3.900,-0.063,-0.150,0.150,,OP5_PT4_OW_GAGE - OP5_PT4_IW_GAGE / CS_BF_OP5
Distance,OP5_WIDTH_5,D1,4.049,3.900,0.149,-0.150,0.150,,OP5_PT5_OW_GAGE - OP5_PT5_IW_GAGE / CS_BF_OP5
Distance,OP5_WIDTH_6,D1,3.901,3.900,0.001,-0.150,0.150,,OP5_PT6_OW_GAGE - OP5_PT6_IW_GAGE / CS_BF_OP5
Distance,OP5_WIDTH_7,D1,3.884,3.900,-0.016,-0.150,0.150,,OP5_PT7_OW_GAGE - OP5_PT7_IW_GAGE / CS_BF_OP5
Distance,OP5_WIDTH_8,D1,3.870,3.900,-0.030,-0.150,0.150,,OP5_PT8_OW_GAGE - OP5_PT8_IW_GAGE / CS_BF_OP5
Distance,OP5_DEPTH_1,D1,6.321,6.000,0.321,-0.150,0.150,0.171,PL_FIXTURE_B - OP5_PT1_DEPTH / CS_BF_OP5
Distance,OP5_DEPTH_2,D1,6.388,6.000,0.388,-0.150,0.150,0.238,PL_FIXTURE_B - OP5_PT2_DEPTH / CS_BF_OP5
Distance,OP5_DEPTH_3,D1,6.271,6.000,0.271,-0.150,0.150,0.121,PL_FIXTURE_B - OP5_PT3_DEPTH / CS_BF_OP5
Distance,OP5_DEPTH_4,D1,6.123,6.000,0.123,-0.150,0.150,,PL_FIXTURE_B - OP5_PT4_DEPTH / CS_BF_OP5
Distance,OP5_DEPTH_5,D1,6.107,6.000,0.107,-0.150,0.150,,PL_FIXTURE_B - OP5_PT5_DEPTH / CS_BF_OP5
Distance,OP5_DEPTH_6,D1,6.077,6.000,0.077,-0.150,0.150,,PL_FIXTURE_B - OP5_PT6_DEPTH / CS_BF_OP5
Distance,OP5_DEPTH_7,D1,6.253,6.000,0.253,-0.150,0.150,0.103,PL_FIXTURE_B - OP5_PT7_DEPTH / CS_BF_OP5
Distance,OP5_DEPTH_8,D1,6.381,6.000,0.381,-0.150,0.150,0.231,PL_FIXTURE_B - OP5_PT8_DEPTH / CS_BF_OP5
Distance,OP6_WIDTH_1,D1,3.710,3.900,-0.190,-0.150,0.150,-0.040,OP6_PT1_OW_GAGE - OP6_PT1_IW_GAGE / CS_BF_OP6
Distance,OP6_WIDTH_2,D1,3.852,3.900,-0.048,-0.150,0.150,,OP6_PT2_OW_GAGE - OP6_PT2_IW_GAGE / CS_BF_OP6
Distance,OP6_WIDTH_3,D1,3.846,3.900,-0.054,-0.150,0.150,,OP6_PT3_OW_GAGE - OP6_PT3_IW_GAGE / CS_BF_OP6
Distance,OP6_WIDTH_4,D1,3.849,3.900,-0.051,-0.150,0.150,,OP6_PT4_OW_GAGE - OP6_PT4_IW_GAGE / CS_BF_OP6
Distance,OP6_WIDTH_5,D1,3.989,3.900,0.089,-0.150,0.150,,OP6_PT5_OW_GAGE - OP6_PT5_IW_GAGE / CS_BF_OP6
Distance,OP6_WIDTH_6,D1,3.899,3.900,-0.001,-0.150,0.150,,OP6_PT6_OW_GAGE - OP6_PT6_IW_GAGE / CS_BF_OP6
Distance,OP6_WIDTH_7,D1,3.905,3.900,0.005,-0.150,0.150,,OP6_PT7_OW_GAGE - OP6_PT7_IW_GAGE / CS_BF_OP6
Distance,OP6_WIDTH_8,D1,3.833,3.900,-0.067,-0.150,0.150,,OP6_PT8_OW_GAGE - OP6_PT8_IW_GAGE / CS_BF_OP6
Distance,OP6_DEPTH_1,D1,6.073,6.000,0.073,-0.150,0.150,,PL_FIXTURE_B - OP6_PT1_DEPTH / CS_BF_OP6
Distance,OP6_DEPTH_2,D1,6.061,6.000,0.061,-0.150,0.150,,PL_FIXTURE_B - OP6_PT2_DEPTH / CS_BF_OP6
Distance,OP6_DEPTH_3,D1,5.998,6.000,-0.002,-0.150,0.150,,PL_FIXTURE_B - OP6_PT3_DEPTH / CS_BF_OP6
Distance,OP6_DEPTH_4,D1,5.921,6.000,-0.079,-0.150,0.150,,PL_FIXTURE_B - OP6_PT4_DEPTH / CS_BF_OP6
Distance,OP6_DEPTH_5,D1,5.933,6.000,-0.067,-0.150,0.150,,PL_FIXTURE_B - OP6_PT5_DEPTH / CS_BF_OP6
Distance,OP6_DEPTH_6,D1,5.970,6.000,-0.030,-0.150,0.150,,PL_FIXTURE_B - OP6_PT6_DEPTH / CS_BF_OP6
Distance,OP6_DEPTH_7,D1,6.099,6.000,0.099,-0.150,0.150,,PL_FIXTURE_B - OP6_PT7_DEPTH / CS_BF_OP6
Distance,OP6_DEPTH_8,D1,6.229,6.000,0.229,-0.150,0.150,0.079,PL_FIXTURE_B - OP6_PT8_DEPTH / CS_BF_OP6
Circle,CIR_A,DIAM,74.043,73.800,0.243,-0.500,0.500,,Criterion : Least Square (From 36 Pts On PL_PLAST_A) 
Circle,CIR_A,X,98.899,99.063,-0.164,,,,
Circle,CIR_A,Y,177.331,177.324,0.007,,,,
Circle,CIR_A,Z,208.086,208.274,-0.187,,,,
Circle,CIR_INS_11,X,114.945,116.161,-1.217,,,,Criterion : Least Square (From 6 Pts On PL_INS_11) 
Circle,CIR_INS_11,Y,210.400,209.942,0.458,,,,
Circle,CIR_INS_11,Z,243.302,243.644,-0.343,,,,
Circle,CIR_INS_12,X,135.869,136.968,-1.100,,,,Criterion : Least Square (From 6 Pts On PL_INS_12) 
Circle,CIR_INS_12,Y,151.292,150.861,0.431,,,,
Circle,CIR_INS_12,Z,237.276,236.898,0.378,,,,
Circle,CIR_INS_13,X,83.595,83.274,0.321,,,,Criterion : Least Square (From 6 Pts On PL_INS_13) 
Circle,CIR_INS_13,Y,139.439,139.206,0.233,,,,
Circle,CIR_INS_13,Z,172.878,173.360,-0.482,,,,
Circle,CIR_INS_14,X,62.524,62.363,0.161,,,,Criterion : Least Square (From 6 Pts On PL_INS_14) 
Circle,CIR_INS_14,Y,198.216,198.239,-0.023,,,,
Circle,CIR_INS_14,Z,179.556,180.203,-0.647,,,,
Circle,2D_CIR_INS_11,X,41.774,42.000,-0.226,,,,
Circle,2D_CIR_INS_11,Y,29.042,29.000,0.042,,,,
Circle,2D_CIR_INS_12,X,41.831,42.000,-0.169,,,,
Circle,2D_CIR_INS_12,Y,-33.949,-34.000,0.051,,,,
Circle,2D_CIR_INS_13,X,-41.955,-42.000,0.045,,,,
Circle,2D_CIR_INS_13,Y,-33.943,-34.000,0.057,,,,
Circle,2D_CIR_INS_14,X,-41.650,-42.000,0.350,,,,
Circle,2D_CIR_INS_14,Y,28.850,29.000,-0.150,,,,
Pos. Tol.,POS_11,PTOL,2.690,0.000,2.690,0.000,3.000,,CIR_INS_11/NOMINAL - CS_ABC_SURFACES_C - C-Zone - XYZ - Nominal
Pos. Tol.,POS_12,PTOL,2.480,0.000,2.480,0.000,3.000,,CIR_INS_12/NOMINAL - CS_ABC_SURFACES_C - C-Zone - XYZ - Nominal
Pos. Tol.,POS_13,PTOL,1.249,0.000,1.249,0.000,3.000,,CIR_INS_13/NOMINAL - CS_ABC_SURFACES_C - C-Zone - XYZ - Nominal
Pos. Tol.,POS_2D_11,PTOL,0.459,0.000,0.459,0.000,0.500,,2D_CIR_INS_11/NOMINAL - CS_D_BF - C-Zone - XY - Nominal
Pos. Tol.,POS_2D_12,PTOL,0.353,0.000,0.353,0.000,0.500,,2D_CIR_INS_12/NOMINAL - CS_D_BF - C-Zone - XY - Nominal
Pos. Tol.,POS_2D_13,PTOL,0.145,0.000,0.145,0.000,0.500,,2D_CIR_INS_13/NOMINAL - CS_D_BF - C-Zone - XY - Nominal
Pos. Tol.,POS_2D_14,PTOL,0.760,0.000,0.760,0.000,0.500,0.260,2D_CIR_INS_14/NOMINAL - CS_D_BF - C-Zone - XY - Nominal
Perpend.,PERP_11,PERP,,0.000,,0.000,0.250,,CYL_11/PL_INS_11 - C-Zone - Nominal
Perpend.,PERP_12,PERP,,0.000,,0.000,0.250,,CYL_12/PL_INS_12 - C-Zone - Nominal
Perpend.,PERP_13,PERP,,0.000,,0.000,0.250,,CYL_13/PL_INS_13 - C-Zone - Nominal
Perpend.,PERP_14,PERP,,0.000,,0.000,0.250,,CYL_14/PL_INS_14 - C-Zone - Nominal
Distance,H_11,Z,0.147,-0.000,0.147,0.000,0.300,,CIR_INS_11 - PL_PLAST_INS_11 / CS_D_BF
Distance,H_12,Z,0.158,-0.000,0.158,0.000,0.300,,CIR_INS_12 - PL_PLAST_INS_12 / CS_D_BF
Distance,H_13,Z,0.190,-0.000,0.190,0.000,0.300,,CIR_INS_13 - PL_PLAST_INS_13 / CS_D_BF
Distance,H_14,Z,0.084,-0.000,0.084,0.000,0.300,,CIR_INS_14 - PL_PLAST_INS_14 / CS_D_BF
Flatness,FLATNESS_D,FLTN,0.696,0.000,0.696,0.000,0.500,0.196,PL_DATUM_D
Profile of Line,PROFILE_SURFACE_D,PRFL,1.549,0.000,1.549,0.000,4.000,,SECTION_D
Paral.,PERP_INS_11,PARA,0.312,0.000,0.312,0.000,0.250,0.062,PL_INS_11/PL_PLAST_INS_11 - P-Zone - Cloud of Points 
Paral.,PERP_INS_12,PARA,0.146,0.000,0.146,0.000,0.250,,PL_INS_12/PL_PLAST_INS_12 - P-Zone - Cloud of Points 
Paral.,PERP_INS_13,PARA,0.190,0.000,0.190,0.000,0.250,,PL_INS_13/PL_PLAST_INS_13 - P-Zone - Cloud of Points 
Paral.,PERP_INS_14,PARA,0.066,0.000,0.066,0.000,0.250,,PL_INS_14/PL_PLAST_INS_14 - P-Zone - Cloud of Points 
Distance,PROF_11_D,Z,0.741,0.650,0.091,-0.500,0.500,,CIR_INS_11 - PL_DATUM_D / CS_D_BF
Distance,PROF_12_D,Z,0.665,0.650,0.015,-0.500,0.500,,CIR_INS_12 - PL_DATUM_D / CS_D_BF
Distance,PROF_13_D,Z,0.321,0.650,-0.329,-0.500,0.500,,CIR_INS_13 - PL_DATUM_D / CS_D_BF
Distance,PROF_14_D,Z,1.020,0.650,0.370,-0.500,0.500,,CIR_INS_14 - PL_DATUM_D / CS_D_BF
Distance,WIDTH_TBA_1,D1,3.209,3.250,-0.041,-0.150,0.150,,0W2.5_1.1 - IW2.5_1.1 / CS_D_BF
Distance,WIDTH_TBA_2,D1,3.175,3.250,-0.075,-0.150,0.150,,0W2.5_1.2 - IW2.5_1.2 / CS_D_BF
Distance,WIDTH_TBA_3,D1,3.257,3.250,0.007,-0.150,0.150,,0W2.5_1.3 - IW2.5_1.3 / CS_D_BF
Distance,WIDTH_TBA_4,D1,3.235,3.250,-0.015,-0.150,0.150,,0W2.5_1.4 - IW2.5_1.4 / CS_D_BF
Distance,WIDTH_TBA_5,D1,3.211,3.250,-0.039,-0.150,0.150,,0W2.5_1.5 - IW2.5_1.5 / CS_D_BF
Distance,WIDTH_TBA_6,D1,3.195,3.250,-0.055,-0.150,0.150,,0W2.5_1.6 - IW2.5_1.6 / CS_D_BF
Distance,WIDTH_TBA_7,D1,3.290,3.250,0.040,-0.150,0.150,,0W2.5_1.7 - IW2.5_1.7 / CS_D_BF
Distance,WIDTH_TBA_8,D1,3.281,3.250,0.031,-0.150,0.150,,0W2.5_1.8 - IW2.5_1.8 / CS_D_BF
Distance,DEPTH_TBA_1,D1,5.111,5.150,-0.039,-0.300,0.300,,TB_BOT_1.1 - PL_D / CS_D_BF
Distance,DEPTH_TBA_2,D1,5.144,5.150,-0.006,-0.300,0.300,,TB_BOT_1.2 - PL_D / CS_D_BF
Distance,DEPTH_TBA_3,D1,5.018,5.150,-0.132,-0.300,0.300,,TB_BOT_1.3 - PL_D / CS_D_BF
Distance,DEPTH_TBA_4,D1,5.123,5.150,-0.027,-0.300,0.300,,TB_BOT_1.4 - PL_D / CS_D_BF
Distance,DEPTH_TBA_5,D1,5.250,5.150,0.100,-0.300,0.300,,TB_BOT_1.5 - PL_D / CS_D_BF
Distance,DEPTH_TBA_6,D1,5.141,5.150,-0.009,-0.300,0.300,,TB_BOT_1.6 - PL_D / CS_D_BF
Distance,DEPTH_TBA_7,D1,5.332,5.150,0.182,-0.300,0.300,,TB_BOT_1.7 - PL_D / CS_D_BF
Distance,DEPTH_TBA_8,D1,5.518,5.150,0.368,-0.300,0.300,0.068,TB_BOT_1.8 - PL_D / CS_D_BF
Profile of Line,PROFILE_TB_IW,PRFL,0.736,0.000,0.736,0.000,1.000,,SECTION_IW_TB
Profile of Line,PROFILE_TB_OW,PRFL,0.941,0.000,0.941,0.000,1.000,,SECTION_OW_TB
Circle,CIR_15,DIAM,12.201,12.170,0.031,-0.080,0.080,,Criterion : Least Square (From 20 Pts On PL_DATUM_H) 
Circle,CIR_15,X,166.228,167.324,-1.096,,,,
Circle,CIR_15,Y,163.346,162.970,0.376,,,,
Circle,CIR_15,Z,219.222,218.421,0.802,,,,
Pos. Tol.,POS_15,PTOL,2.818,0.000,2.818,0.000,3.600,,CIR_15/NOMINAL - CS_ABC_SURFACES_C - C-Zone - XYZ - Nominal
Circle,2D_CIR_16,X,23.580,23.540,0.040,,,,
Circle,2D_CIR_16,Y,-0.000,0.000,0.000,,,,
Pos. Tol.,POS_2D_16,PTOL,0.080,0.000,0.080,0.000,0.500,,2D_CIR_16/NOMINAL - CS_HJ - C-Zone - XY - Nominal
Circle,CIR_17,DIAM,6.083,6.000,0.083,-0.250,0.250,,Criterion : Least Square (From 8 Pts On PL_PLAST_17) 
Circle,CIR_17,X,287.657,287.000,0.657,,,,
Circle,CIR_17,Y,102.643,103.210,-0.567,,,,
Circle,CIR_17,Z,66.286,66.000,0.286,,,,
Pos. Tol.,POS_17,PTOL,1.433,0.000,1.433,0.000,3.000,,CIR_17/NOMINAL - CS_ABC_SURFACES_C - C-Zone - XZ - Nominal
Circle,CIR_18,DIAM,6.097,6.000,0.097,-0.250,0.250,,Criterion : Least Square (From 6 Pts On PL_PLAST_18) 
Circle,CIR_18,X,227.331,226.330,1.000,,,,
Circle,CIR_18,Y,115.133,115.710,-0.577,,,,
Circle,CIR_18,Z,-136.040,-136.000,-0.040,,,,
Pos. Tol.,POS_18,PTOL,2.002,0.000,2.002,0.000,3.000,,CIR_18/NOMINAL - CS_ABC_SURFACES_C - C-Zone - XZ - Nominal
Circle,CIR_19,DIAM,12.057,12.050,0.007,-0.080,0.080,,Criterion : Least Square (From 20 Pts On PL_DATUM_F) 
Circle,CIR_19,X,181.482,179.990,1.492,,,,
Circle,CIR_19,Y,200.651,201.240,-0.589,,,,
Circle,CIR_19,Z,-80.351,-81.262,0.911,,,,
Pos. Tol.,POS_19,PTOL,3.496,0.000,3.496,0.000,3.000,0.496,CIR_19/NOMINAL - CS_ABC_SURFACES_C - C-Zone - XZ - Nominal
Circle,2D_CIR_20,DIAM,4.863,4.700,0.163,-0.100,0.100,0.063,
Circle,2D_CIR_20,X,-17.623,-17.500,-0.123,,,,
Circle,2D_CIR_20,Z,0.000,0.000,0.000,,,,
Pos. Tol.,POS_2D_20,PTOL,0.245,0.000,0.245,0.000,0.500,,2D_CIR_20/NOMINAL - CS_FG - C-Zone - XZ - Nominal
Circle,CIR_21,DIAM,4.917,4.820,0.097,-0.100,0.100,,Criterion : Least Square (From 8 Pts On PL_PLAST_21) 
Circle,CIR_21,X,147.747,146.000,1.747,,,,
Circle,CIR_21,Y,215.580,216.210,-0.630,,,,
Circle,CIR_21,Z,-7.796,-8.500,0.704,,,,
Pos. Tol.,POS_21,PTOL,3.767,0.000,3.767,0.000,3.000,0.767,CIR_21/NOMINAL - CS_ABC_SURFACES_C - C-Zone - XZ - Nominal
Circle,CIR_22,DIAM,4.869,5.000,-0.131,-0.100,0.100,-0.031,Criterion : Least Square (From 8 Pts On PL_PLAST_22) 
Circle,CIR_22,X,-46.653,-48.500,1.847,,,,
Circle,CIR_22,Y,76.075,76.158,-0.083,,,,
Circle,CIR_22,Z,105.303,105.000,0.303,,,,
Pos. Tol.,POS_22,PTOL,3.744,0.000,3.744,0.000,3.000,0.744,CIR_22/NOMINAL - CS_ABC_SURFACES_C - C-Zone - XZ - Nominal
Circle,CIR_23,DIAM,4.844,5.000,-0.156,-0.100,0.100,-0.056,Criterion : Least Square (From 8 Pts On PL_PLAST_23) 
Circle,CIR_23,X,-47.522,-48.500,0.978,,,,
Circle,CIR_23,Y,75.824,76.158,-0.334,,,,
Circle,CIR_23,Z,-106.608,-107.000,0.392,,,,
Pos. Tol.,POS_23,PTOL,2.107,0.000,2.107,0.000,3.000,,CIR_23/NOMINAL - CS_ABC_SURFACES_C - C-Zone - XZ - Nominal
Circle,CIR_24,X,8.065,6.900,1.165,,,,Criterion : Least Square (From 4 Pts On PL_INS_24) 
Circle,CIR_24,Y,170.342,170.150,0.192,,,,
Circle,CIR_24,Z,75.137,74.720,0.417,,,,
Pos. Tol.,POS_24,PTOL,2.475,0.000,2.475,0.000,3.000,,CIR_24/NOMINAL - CS_ABC_SURFACES_C - C-Zone - XZ - Nominal
Circle,CIR_25,X,7.786,6.900,0.886,,,,Criterion : Least Square (From 6 Pts On PL_INS_25) 
Circle,CIR_25,Y,170.367,170.150,0.217,,,,
Circle,CIR_25,Z,-140.395,-141.050,0.655,,,,
Pos. Tol.,POS_25,PTOL,2.203,0.000,2.203,0.000,3.000,,CIR_25/NOMINAL - CS_ABC_SURFACES_C - C-Zone - XZ - Nominal
Slot,SLOT_26,LEN,13.131,13.000,0.131,-0.250,0.250,,Criterion : Least Square (From 16 Pts On PL_PLAST_26) 
Slot,SLOT_26,WID,6.548,6.500,0.048,-0.250,0.250,,
Slot,SLOT_26,X,132.446,131.300,1.146,,,,
Slot,SLOT_26,Y,153.526,153.910,-0.384,,,,
Slot,SLOT_26,Z,-210.749,-211.400,0.651,,,,
Pos. Tol.,POS_26,PTOL,2.636,0.000,2.636,0.000,3.000,,SLOT_26/NOMINAL - CS_ABC_SURFACES_C - C-Zone - XZ - Nominal
Distance,H_16,Z,0.084,0.000,0.084,0.000,0.300,,2D_CIR_16 - PL_PLAST_16 / CS_HJ
Distance,PROF_17,Y,102.643,103.210,-0.567,-1.500,1.500,,CIR_17 - ORIGIN / CS_ABC_FIXTURE
Distance,PROF_18,Y,115.133,115.710,-0.577,-1.500,1.500,,CIR_18 - ORIGIN / CS_ABC_FIXTURE
Distance,H_24,Y,-0.055,0.150,-0.205,-0.150,0.150,-0.055,CIR_24 - PL_PLAST_24 / CS_ABC_SURFACES_C
Distance,H_25,Y,0.163,0.150,0.013,-0.150,0.150,,CIR_25 - PL_PLAST_25 / CS_ABC_SURFACES_C
