Feat. Type,Feat. Name,Value,Actual,Nominal,Dev.,Tol-,Tol+,Out of Tol.,Comment
Text/Value,VAR_PROGRAM,VAL,,,,,,,'N:\Metrolog XG\Programmes\GM Twin Turbo\GM Twin Turbo Free State Retaining Ring Groove (Module 67 & 44).gm2'
Text/Value,VAR_EVENEMENT,VAL,,,,,,,'Smed de soir 335 C'
Text/Value,VAR_COMMENTAIRES,VAL,,,,,,,'336 B'
Circle,CIR_4,DIAM,13.544,13.400,0.144,-0.150,0.150,,Criterion : Least Square (From 8 Pts On PL_DATUM_A) 
Circle,CIR_4,X,-79.156,-79.000,-0.156,,,,
Circle,CIR_4,Y,-121.897,-122.000,0.103,,,,
Circle,CIR_5,DIAM,13.539,13.400,0.139,-0.150,0.150,,Criterion : Least Square (From 8 Pts On PL_DATUM_A) 
Circle,CIR_5,X,-79.044,-79.000,-0.044,,,,
Circle,CIR_5,Y,-223.263,-223.500,0.237,,,,
Circle,CIR_10,DIAM,13.367,13.400,-0.033,-0.150,0.150,,Criterion : Least Square (From 8 Pts On PL_DATUM_A) 
Circle,CIR_10,X,78.836,79.000,-0.164,,,,
Circle,CIR_10,Y,-235.997,-236.000,0.003,,,,
Circle,CIR_11,DIAM,13.549,13.400,0.149,-0.150,0.150,,Criterion : Least Square (From 8 Pts On PL_DATUM_A) 
Circle,CIR_11,X,78.791,79.000,-0.209,,,,
Circle,CIR_11,Y,-136.085,-136.000,-0.085,,,,
Circle,CIR_GROOVE,DIAM,86.828,86.900,-0.072,-0.300,0.300,,From 8 Pts On NOMINAL
Circle,CIR_GROOVE,X,0.041,0.000,0.041,,,,
Circle,CIR_GROOVE,Y,-0.026,0.000,-0.026,,,,
Circle,CIR_DATUM_X,DIAM,86.828,86.900,-0.072,-0.300,0.300,,Proj. CIR_DATUM_X / PL_TOP_TB.
Circle,CIR_DATUM_X,X,5.477,5.750,-0.273,,,,
Circle,CIR_DATUM_X,Y,-130.205,-130.060,-0.145,,,,
Circle,CIR_WELDED_RING,DIAM,78.517,79.000,-0.483,-0.750,0.750,,From 8 Pts On PL_TOP_TB
Circle,CIR_WELDED_RING,X,5.516,5.626,-0.111,,,,
Circle,CIR_WELDED_RING,Y,-130.163,-130.207,0.045,,,,
Circle,CIR_79MM_MOLDED,DIAM,78.971,79.000,-0.029,-0.300,0.300,,From 8 Pts On PL_TOP_TB
Circle,CIR_79MM_MOLDED,X,5.376,5.741,-0.365,,,,
Circle,CIR_79MM_MOLDED,Y,-130.198,-130.073,-0.125,,,,
Distance,WIDTH_RING_GROOVE_1,D1,7.536,7.300,0.236,-0.500,0.500,,PNT_SRF_BW_TB.1 - PNT_SRF_TW_TB.1 / CS_ABC
Distance,WIDTH_RING_GROOVE_2,D1,7.497,7.300,0.197,-0.500,0.500,,PNT_SRF_BW_TB.2 - PNT_SRF_TW_TB.2 / CS_ABC
Distance,WIDTH_RING_GROOVE_3,D1,7.671,7.300,0.371,-0.500,0.500,,PNT_SRF_BW_TB.3 - PNT_SRF_TW_TB.3 / CS_ABC
Distance,WIDTH_RING_GROOVE_4,D1,7.513,7.300,0.213,-0.500,0.500,,PNT_SRF_BW_TB.4 - PNT_SRF_TW_TB.4 / CS_ABC
Distance,WIDTH_RING_GROOVE_5,D1,7.463,7.300,0.163,-0.500,0.500,,PNT_SRF_BW_TB.5 - PNT_SRF_TW_TB.5 / CS_ABC
Distance,WIDTH_RING_GROOVE_6,D1,7.486,7.300,0.186,-0.500,0.500,,PNT_SRF_BW_TB.6 - PNT_SRF_TW_TB.6 / CS_ABC
Distance,WIDTH_RING_GROOVE_7,D1,7.400,7.300,0.100,-0.500,0.500,,PNT_SRF_BW_TB.7 - PNT_SRF_TW_TB.7 / CS_ABC
Distance,WIDTH_RING_GROOVE_8,D1,7.439,7.300,0.139,-0.500,0.500,,PNT_SRF_BW_TB.8 - PNT_SRF_TW_TB.8 / CS_ABC
Distance,DEPTH_ICAC_LH_1,D1,5.967,6.000,-0.033,-0.150,0.150,,SRF_DP_LH.1 - PL_TOP_ICAC_LH / CS_ABC
Distance,DEPTH_ICAC_LH_2,D1,6.021,6.000,0.021,-0.150,0.150,,SRF_DP_LH.2 - PL_TOP_ICAC_LH / CS_ABC
Distance,DEPTH_ICAC_LH_3,D1,6.062,6.000,0.062,-0.150,0.150,,SRF_DP_LH.3 - PL_TOP_ICAC_LH / CS_ABC
Distance,DEPTH_ICAC_LH_4,D1,6.098,6.000,0.098,-0.150,0.150,,SRF_DP_LH.4 - PL_TOP_ICAC_LH / CS_ABC
Distance,DEPTH_ICAC_LH_5,D1,6.027,6.000,0.027,-0.150,0.150,,SRF_DP_LH.5 - PL_TOP_ICAC_LH / CS_ABC
Distance,DEPTH_ICAC_LH_6,D1,5.962,6.000,-0.038,-0.150,0.150,,SRF_DP_LH.6 - PL_TOP_ICAC_LH / CS_ABC
Distance,DEPTH_ICAC_LH_7,D1,5.970,6.000,-0.030,-0.150,0.150,,SRF_DP_LH.7 - PL_TOP_ICAC_LH / CS_ABC
Distance,DEPTH_ICAC_LH_8,D1,5.948,6.000,-0.052,-0.150,0.150,,SRF_DP_LH.8 - PL_TOP_ICAC_LH / CS_ABC
Distance,DEPTH_ICAC_LH_9,D1,6.013,6.000,0.013,-0.150,0.150,,SRF_DP_LH.9 - PL_TOP_ICAC_LH / CS_ABC
Distance,DEPTH_ICAC_LH_10,D1,5.965,6.000,-0.035,-0.150,0.150,,SRF_DP_LH.10 - PL_TOP_ICAC_LH / CS_ABC
Distance,DEPTH_ICAC_LH_11,D1,6.015,6.000,0.015,-0.150,0.150,,SRF_DP_LH.11 - PL_TOP_ICAC_LH / CS_ABC
Distance,DEPTH_ICAC_LH_12,D1,5.954,6.000,-0.046,-0.150,0.150,,SRF_DP_LH.12 - PL_TOP_ICAC_LH / CS_ABC
Distance,DEPTH_ICAC_LH_13,D1,6.096,6.000,0.096,-0.150,0.150,,SRF_DP_LH.13 - PL_TOP_ICAC_LH / CS_ABC
Distance,DEPTH_ICAC_LH_14,D1,6.122,6.000,0.122,-0.150,0.150,,SRF_DP_LH.14 - PL_TOP_ICAC_LH / CS_ABC
Distance,DEPTH_ICAC_LH_15,D1,5.998,6.000,-0.002,-0.150,0.150,,SRF_DP_LH.15 - PL_TOP_ICAC_LH / CS_ABC
Distance,DEPTH_ICAC_LH_16,D1,6.020,6.000,0.020,-0.150,0.150,,SRF_DP_LH.16 - PL_TOP_ICAC_LH / CS_ABC
Distance,DEPTH_ICAC_LH_17,D1,6.087,6.000,0.087,-0.150,0.150,,SRF_DP_LH.17 - PL_TOP_ICAC_LH / CS_ABC
Distance,DEPTH_ICAC_LH_18,D1,6.002,6.000,0.002,-0.150,0.150,,SRF_DP_LH.18 - PL_TOP_ICAC_LH / CS_ABC
Distance,DEPTH_ICAC_LH_19,D1,6.015,6.000,0.015,-0.150,0.150,,SRF_DP_LH.19 - PL_TOP_ICAC_LH / CS_ABC
Distance,DEPTH_ICAC_LH_20,D1,5.959,6.000,-0.041,-0.150,0.150,,SRF_DP_LH.20 - PL_TOP_ICAC_LH / CS_ABC
Distance,DEPTH_ICAC_LH_21,D1,5.982,6.000,-0.018,-0.150,0.150,,SRF_DP_LH.21 - PL_TOP_ICAC_LH / CS_ABC
Distance,DEPTH_ICAC_LH_22,D1,5.995,6.000,-0.005,-0.150,0.150,,SRF_DP_LH.22 - PL_TOP_ICAC_LH / CS_ABC
Distance,DEPTH_ICAC_LH_23,D1,5.981,6.000,-0.019,-0.150,0.150,,SRF_DP_LH.23 - PL_TOP_ICAC_LH / CS_ABC
Distance,DEPTH_ICAC_LH_24,D1,5.927,6.000,-0.073,-0.150,0.150,,SRF_DP_LH.24 - PL_TOP_ICAC_LH / CS_ABC
Distance,DEPTH_ICAC_RH_1,D1,5.895,6.000,-0.105,-0.150,0.150,,SRF_DP_RH.1 - PL_TOP_ICAC_RH / CS_ABC
Distance,DEPTH_ICAC_RH_2,D1,5.970,6.000,-0.030,-0.150,0.150,,SRF_DP_RH.2 - PL_TOP_ICAC_RH / CS_ABC
Distance,DEPTH_ICAC_RH_3,D1,6.019,6.000,0.019,-0.150,0.150,,SRF_DP_RH.3 - PL_TOP_ICAC_RH / CS_ABC
Distance,DEPTH_ICAC_RH_4,D1,5.863,6.000,-0.137,-0.150,0.150,,SRF_DP_RH.4 - PL_TOP_ICAC_RH / CS_ABC
Distance,DEPTH_ICAC_RH_5,D1,6.088,6.000,0.088,-0.150,0.150,,SRF_DP_RH.5 - PL_TOP_ICAC_RH / CS_ABC
Distance,DEPTH_ICAC_RH_6,D1,5.954,6.000,-0.046,-0.150,0.150,,SRF_DP_RH.6 - PL_TOP_ICAC_RH / CS_ABC
Distance,DEPTH_ICAC_RH_7,D1,6.055,6.000,0.055,-0.150,0.150,,SRF_DP_RH.7 - PL_TOP_ICAC_RH / CS_ABC
Distance,DEPTH_ICAC_RH_8,D1,6.003,6.000,0.003,-0.150,0.150,,SRF_DP_RH.8 - PL_TOP_ICAC_RH / CS_ABC
Distance,DEPTH_ICAC_RH_9,D1,6.022,6.000,0.022,-0.150,0.150,,SRF_DP_RH.9 - PL_TOP_ICAC_RH / CS_ABC
Distance,DEPTH_ICAC_RH_10,D1,5.878,6.000,-0.122,-0.150,0.150,,SRF_DP_RH.10 - PL_TOP_ICAC_RH / CS_ABC
Distance,DEPTH_ICAC_RH_11,D1,5.912,6.000,-0.088,-0.150,0.150,,SRF_DP_RH.11 - PL_TOP_ICAC_RH / CS_ABC
Distance,DEPTH_ICAC_RH_12,D1,5.951,6.000,-0.049,-0.150,0.150,,SRF_DP_RH.12 - PL_TOP_ICAC_RH / CS_ABC
Distance,DEPTH_ICAC_RH_13,D1,5.889,6.000,-0.111,-0.150,0.150,,SRF_DP_RH.13 - PL_TOP_ICAC_RH / CS_ABC
Distance,DEPTH_ICAC_RH_14,D1,6.023,6.000,0.023,-0.150,0.150,,SRF_DP_RH.14 - PL_TOP_ICAC_RH / CS_ABC
Distance,DEPTH_ICAC_RH_15,D1,5.990,6.000,-0.010,-0.150,0.150,,SRF_DP_RH.15 - PL_TOP_ICAC_RH / CS_ABC
Distance,DEPTH_ICAC_RH_16,D1,6.124,6.000,0.124,-0.150,0.150,,SRF_DP_RH.16 - PL_TOP_ICAC_RH / CS_ABC
Distance,DEPTH_ICAC_RH_17,D1,6.011,6.000,0.011,-0.150,0.150,,SRF_DP_RH.17 - PL_TOP_ICAC_RH / CS_ABC
Distance,DEPTH_ICAC_RH_18,D1,6.018,6.000,0.018,-0.150,0.150,,SRF_DP_RH.18 - PL_TOP_ICAC_RH / CS_ABC
Distance,DEPTH_ICAC_RH_19,D1,6.117,6.000,0.117,-0.150,0.150,,SRF_DP_RH.19 - PL_TOP_ICAC_RH / CS_ABC
Distance,DEPTH_ICAC_RH_20,D1,5.979,6.000,-0.021,-0.150,0.150,,SRF_DP_RH.20 - PL_TOP_ICAC_RH / CS_ABC
Distance,DEPTH_ICAC_RH_21,D1,6.014,6.000,0.014,-0.150,0.150,,SRF_DP_RH.21 - PL_TOP_ICAC_RH / CS_ABC
Distance,DEPTH_ICAC_RH_22,D1,6.079,6.000,0.079,-0.150,0.150,,SRF_DP_RH.22 - PL_TOP_ICAC_RH / CS_ABC
Distance,DEPTH_ICAC_RH_23,D1,6.046,6.000,0.046,-0.150,0.150,,SRF_DP_RH.23 - PL_TOP_ICAC_RH / CS_ABC
Distance,DEPTH_ICAC_RH_24,D1,6.090,6.000,0.090,-0.150,0.150,,SRF_DP_RH.24 - PL_TOP_ICAC_RH / CS_ABC
Coaxiality,CONCENTRICITY_WELDED_RING,COAX,0.114,0.000,0.114,0.000,1.000,,CIR_WELDED_RING/CIR_DATUM_X - C-Zone - Nominal
Coaxiality,CONCENTRICITY_MOLDED_RING,COAX,0.203,0.000,0.203,0.000,0.750,,CIR_79MM_MOLDED/CIR_DATUM_X - C-Zone - Nominal
Pos. Tol.,POS_4_FL,PTOL,0.375,0.000,0.375,0.294,1.294,,CIR_4(M)/NOMINAL - CS_ABC - C-Zone - XY - Nominal
Pos. Tol.,POS_5_FL,PTOL,0.483,0.000,0.483,0.289,1.289,,CIR_5(M)/NOMINAL - CS_ABC - C-Zone - XY - Nominal
Pos. Tol.,POS_10_FL,PTOL,0.329,0.000,0.329,0.117,1.117,,CIR_10(M)/NOMINAL - CS_ABC - C-Zone - XY - Nominal
Pos. Tol.,POS_11_FL,PTOL,0.451,0.000,0.451,0.299,1.299,,CIR_11(M)/NOMINAL - CS_ABC - C-Zone - XY - Nominal
