Feat. Type,Feat. Name,Value,Actual,Nominal,Dev.,Tol-,Tol+,Out of Tol.,Comment
Text/Value,VAR_PROGRAM,VAL,,,,,,,'N:\Metrolog XG\Programmes\V10 6.8L Triton\V10 6.8L Triton Complete Module 51.gm2'
Text/Value,VAR_EVENEMENT,VAL,,,,,,,'FIP-8597 changement de cycle presse'
Text/Value,VAR_COMMENTAIRES,VAL,,,,,,,'343 C'
Circle,CIR_1,DIAM,8.043,8.000,0.043,-0.100,0.100,,Criterion : Least Square (From 6 Pts On PL_FIXTURE) 
Circle,CIR_1,X,0.529,0.000,0.529,,,,
Circle,CIR_1,Y,-0.077,0.000,-0.077,,,,
Circle,CIR_2,DIAM,8.051,8.000,0.051,-0.100,0.100,,Criterion : Least Square (From 5 Pts On PL_FIXTURE) 
Circle,CIR_2,X,-27.610,-28.000,0.390,,,,
Circle,CIR_2,Y,-99.840,-100.000,0.160,,,,
Circle,CIR_3,DIAM,8.025,8.000,0.025,-0.100,0.100,,Criterion : Least Square (From 6 Pts On PL_FIXTURE) 
Circle,CIR_3,X,0.136,0.000,0.136,,,,
Circle,CIR_3,Y,-199.895,-200.000,0.105,,,,
Circle,CIR_4,DIAM,8.029,8.000,0.029,-0.100,0.100,,Criterion : Least Square (From 6 Pts On PL_FIXTURE) 
Circle,CIR_4,X,-28.084,-28.000,-0.084,,,,
Circle,CIR_4,Y,-299.889,-300.000,0.111,,,,
Circle,CIR_5,DIAM,8.028,8.000,0.028,-0.100,0.100,,Criterion : Least Square (From 6 Pts On PL_FIXTURE) 
Circle,CIR_5,X,-0.013,0.000,-0.013,,,,
Circle,CIR_5,Y,-399.901,-400.000,0.099,,,,
Circle,CIR_6,DIAM,8.012,8.000,0.012,-0.100,0.100,,Criterion : Least Square (From 6 Pts On PL_FIXTURE) 
Circle,CIR_6,X,-25.916,-26.000,0.084,,,,
Circle,CIR_6,Y,-498.426,-498.400,-0.026,,,,
Circle,CIR_7,DIAM,7.981,8.000,-0.019,-0.100,0.100,,Criterion : Least Square (From 6 Pts On PL_FIXTURE) 
Circle,CIR_7,X,-362.817,-362.900,0.083,,,,
Circle,CIR_7,Y,-525.241,-525.100,-0.141,,,,
Circle,CIR_8,DIAM,8.044,8.000,0.044,-0.100,0.100,,Criterion : Least Square (From 6 Pts On PL_FIXTURE) 
Circle,CIR_8,X,-390.864,-390.565,-0.299,,,,
Circle,CIR_8,Y,-423.992,-424.000,0.008,,,,
Circle,CIR_9,DIAM,8.057,8.000,0.057,-0.100,0.100,,Criterion : Least Square (From 6 Pts On PL_FIXTURE) 
Circle,CIR_9,X,-362.634,-362.600,-0.034,,,,
Circle,CIR_9,Y,-323.973,-324.000,0.027,,,,
Circle,CIR_10,DIAM,8.035,8.000,0.035,-0.100,0.100,,Criterion : Least Square (From 6 Pts On PL_FIXTURE) 
Circle,CIR_10,X,-390.967,-390.600,-0.367,,,,
Circle,CIR_10,Y,-224.058,-224.000,-0.058,,,,
Circle,CIR_11,DIAM,8.029,8.000,0.029,-0.100,0.100,,Criterion : Least Square (From 6 Pts On PL_FIXTURE) 
Circle,CIR_11,X,-362.867,-362.600,-0.267,,,,
Circle,CIR_11,Y,-125.565,-125.600,0.035,,,,
Circle,CIR_12,DIAM,8.049,8.000,0.049,-0.100,0.100,,Criterion : Least Square (From 6 Pts On PL_FIXTURE) 
Circle,CIR_12,X,-390.759,-390.600,-0.159,,,,
Circle,CIR_12,Y,-25.843,-25.600,-0.243,,,,
Pos. Tol.,POS_1,PTOL,1.070,0.000,1.070,0.143,1.343,,CIR_1(M)/NOMINAL - CS_ABC_BF - C-Zone - XY - Nominal
Pos. Tol.,POS_2,PTOL,0.842,0.000,0.842,0.151,1.351,,CIR_2(M)/NOMINAL - CS_ABC_BF - C-Zone - XY - Nominal
Pos. Tol.,POS_3,PTOL,0.345,0.000,0.345,0.125,1.325,,CIR_3(M)/NOMINAL - CS_ABC_BF - C-Zone - XY - Nominal
Pos. Tol.,POS_4,PTOL,0.278,0.000,0.278,0.129,1.329,,CIR_4(M)/NOMINAL - CS_ABC_BF - C-Zone - XY - Nominal
Pos. Tol.,POS_5,PTOL,0.199,0.000,0.199,0.128,1.328,,CIR_5(M)/NOMINAL - CS_ABC_BF - C-Zone - XY - Nominal
Pos. Tol.,POS_6,PTOL,0.177,0.000,0.177,0.112,1.312,,CIR_6(M)/NOMINAL - CS_ABC_BF - C-Zone - XY - Nominal
Pos. Tol.,POS_7,PTOL,0.327,0.000,0.327,0.081,1.281,,CIR_7(M)/NOMINAL - CS_ABC_BF - C-Zone - XY - Nominal
Pos. Tol.,POS_8,PTOL,0.599,0.000,0.599,0.144,1.344,,CIR_8(M)/NOMINAL - CS_ABC_BF - C-Zone - XY - Nominal
Pos. Tol.,POS_9,PTOL,0.086,0.000,0.086,0.157,1.357,,CIR_9(M)/NOMINAL - CS_ABC_BF - C-Zone - XY - Nominal
Pos. Tol.,POS_10,PTOL,0.744,0.000,0.744,0.135,1.335,,CIR_10(M)/NOMINAL - CS_ABC_BF - C-Zone - XY - Nominal
Pos. Tol.,POS_11,PTOL,0.538,0.000,0.538,0.129,1.329,,CIR_11(M)/NOMINAL - CS_ABC_BF - C-Zone - XY - Nominal
Pos. Tol.,POS_12,PTOL,0.580,0.000,0.580,0.149,1.349,,CIR_12(M)/NOMINAL - CS_ABC_BF - C-Zone - XY - Nominal
Pos. Tol.,POS_13,PTOL,0.222,0.000,0.222,0.032,0.832,,PNT_INJ_13(M)/NOMINAL(M) - CS_A_12_8_BF - C-Zone - XY - Nominal
Pos. Tol.,POS_14,PTOL,0.840,0.000,0.840,0.178,0.978,,PNT_INJ_14(M)/NOMINAL(M) - CS_A_12_8_BF - C-Zone - XY - Nominal
Pos. Tol.,POS_15,PTOL,0.048,0.000,0.048,0.140,0.940,,PNT_INJ_15(M)/NOMINAL(M) - CS_A_12_8_BF - C-Zone - XY - Nominal
Pos. Tol.,POS_16,PTOL,0.920,0.000,0.920,0.131,0.931,,PNT_INJ_16(M)/NOMINAL(M) - CS_A_12_8_BF - C-Zone - XY - Nominal
Pos. Tol.,POS_17,PTOL,0.434,0.000,0.434,0.133,0.933,,PNT_INJ_17(M)/NOMINAL(M) - CS_A_12_8_BF - C-Zone - XY - Nominal
Pos. Tol.,POS_18,PTOL,0.576,0.000,0.576,0.117,0.917,,PNT_INJ_18(M)/NOMINAL(M) - CS_AB_BF_1_6 - C-Zone - XY - Nominal
Pos. Tol.,POS_19,PTOL,0.272,0.000,0.272,0.073,0.873,,PNT_INJ_19(M)/NOMINAL(M) - CS_AB_BF_1_6 - C-Zone - XY - Nominal
Pos. Tol.,POS_20,PTOL,0.119,0.000,0.119,0.112,0.912,,PNT_INJ_20(M)/NOMINAL(M) - CS_AB_BF_1_6 - C-Zone - XY - Nominal
Pos. Tol.,POS_21,PTOL,0.360,0.000,0.360,0.125,0.925,,PNT_INJ_21(M)/NOMINAL(M) - CS_AB_BF_1_6 - C-Zone - XY - Nominal
Pos. Tol.,POS_22,PTOL,0.478,0.000,0.478,0.116,0.916,,PNT_INJ_22(M)/NOMINAL(M) - CS_AB_BF_1_6 - C-Zone - XY - Nominal
Pos. Tol.,POS_23,PTOL,0.159,0.000,0.159,0.000,1.200,,CIR_23/NOMINAL - CS_AJ_BF - C-Zone - YZ - Nominal
Pos. Tol.,POS_24,PTOL,0.476,0.000,0.476,0.000,1.200,,CIR_24/NOMINAL - CS_AJ_BF - C-Zone - YZ - Nominal
Pos. Tol.,POS_25,PTOL,0.642,0.000,0.642,0.000,1.200,,CIR_25/NOMINAL - CS_AJ_BF - C-Zone - YZ - Nominal
Pos. Tol.,POS_26,PTOL,0.773,0.000,0.773,0.000,1.200,,CIR_26/NOMINAL - CS_AK_BF - C-Zone - YZ - Nominal
Pos. Tol.,POS_27,PTOL,0.346,0.000,0.346,0.000,1.200,,CIR_27/NOMINAL - CS_AK_BF - C-Zone - YZ - Nominal
Pos. Tol.,POS_28,PTOL,1.096,0.000,1.096,0.000,1.200,,CIR_28/NOMINAL - CS_AK_BF - C-Zone - YZ - Nominal
Pos. Tol.,POS_37,PTOL,1.174,0.000,1.174,0.000,3.000,,CIR_37/NOMINAL - CS_AL_BF - C-Zone - XZ - Nominal
Pos. Tol.,POS_38,PTOL,2.117,0.000,2.117,0.000,3.000,,CIR_38/NOMINAL - CS_AL_BF - C-Zone - XZ - Nominal
Pos. Tol.,POS_39,PTOL,2.585,0.000,2.585,0.000,3.000,,CIR_39/NOMINAL - CS_AL_BF - C-Zone - XZ - Nominal
Pos. Tol.,POS_2D_37,PTOL,0.415,0.000,0.415,0.000,0.800,,2D_CIR_37/NOMINAL - CS_37_38_39_BF - C-Zone - XZ - Nominal
Pos. Tol.,POS_2D_38,PTOL,0.472,0.000,0.472,0.000,0.800,,2D_CIR_38/NOMINAL - CS_37_38_39_BF - C-Zone - XZ - Nominal
Pos. Tol.,POS_2D_39,PTOL,0.701,0.000,0.701,0.000,0.800,,2D_CIR_39/NOMINAL - CS_37_38_39_BF - C-Zone - XZ - Nominal
Pos. Tol.,POS_DATUM_E,PTOL,1.803,0.000,1.803,0.000,5.000,,CIR_29/NOMINAL - CS_ABC_BF - C-Zone - XY - Nominal
Pos. Tol.,POS_DATUM_F,PTOL,1.282,0.000,1.282,0.000,5.000,,PNT_30/NOMINAL - CS_ABC_BF - C-Zone - XY - Nominal
Pos. Tol.,POS_31,PTOL,1.476,0.000,1.476,0.000,5.000,,CIR_31/NOMINAL - CS_ABC_BF - C-Zone - XY - Nominal
Pos. Tol.,POS_32,PTOL,0.953,0.000,0.953,0.000,5.000,,CIR_32/NOMINAL - CS_ABC_BF - C-Zone - XY - Nominal
Pos. Tol.,POS_33,PTOL,1.601,0.000,1.601,0.000,5.000,,CIR_33/NOMINAL - CS_ABC_BF - C-Zone - XY - Nominal
Pos. Tol.,POS_34,PTOL,2.040,0.000,2.040,0.000,5.000,,CIR_34/NOMINAL - CS_ABC_BF - C-Zone - XY - Nominal
Pos. Tol.,POS_35,PTOL,0.403,0.000,0.403,0.000,5.000,,CIR_35/NOMINAL - CS_ABC_BF - C-Zone - XY - Nominal
Pos. Tol.,POS_36,PTOL,2.497,0.000,2.497,0.000,5.000,,CIR_36/NOMINAL - CS_ABC_BF - C-Zone - XY - Nominal
Pos. Tol.,POS_2D_31,PTOL,0.509,0.000,0.509,0.000,0.800,,2D_CIR_31/NOMINAL - CS_DEF_BF_ALL - C-Zone - XY - Nominal
Pos. Tol.,POS_2D_32,PTOL,0.421,0.000,0.421,0.000,0.800,,2D_CIR_32/NOMINAL - CS_DEF_BF_ALL - C-Zone - XY - Nominal
Pos. Tol.,POS_2D_33,PTOL,0.097,0.000,0.097,0.000,0.800,,2D_CIR_33/NOMINAL - CS_DEF_BF_ALL - C-Zone - XY - Nominal
Pos. Tol.,POS_2D_34,PTOL,0.039,0.000,0.039,0.000,0.800,,2D_CIR_34/NOMINAL - CS_DEF_BF_ALL - C-Zone - XY - Nominal
Pos. Tol.,POS_2D_35,PTOL,0.548,0.000,0.548,0.000,0.800,,2D_CIR_35/NOMINAL - CS_DEF_BF_ALL - C-Zone - XY - Nominal
Pos. Tol.,POS_2D_36,PTOL,0.765,0.000,0.765,0.000,1.200,,Modifier Tolerance a 1.2 selon derogation D10-0102
Pos. Tol.,POS_42,PTOL,0.630,0.000,0.630,0.000,5.000,,CIR_42/NOMINAL - CS_ABC_BF - C-Zone - XY - Nominal
Pos. Tol.,POS_44,PTOL,2.055,0.000,2.055,0.000,5.000,,CIR_44/NOMINAL - CS_ABC_BF - C-Zone - XY - Nominal
Pos. Tol.,POS_46,PTOL,2.388,0.000,2.388,0.000,5.000,,CIR_46/NOMINAL - CS_ABC_BF - C-Zone - XY - Nominal
Pos. Tol.,POS_47,PTOL,3.314,0.000,3.314,0.000,5.000,,CIR_47/NOMINAL - CS_ABC_BF - C-Zone - XZ - Nominal
Pos. Tol.,POS_48,PTOL,3.252,0.000,3.252,0.000,5.000,,CIR_48/NOMINAL - CS_ABC_BF - C-Zone - XZ - Nominal
Pos. Tol.,POS_49,PTOL,3.412,0.000,3.412,0.000,5.000,,CIR_49/NOMINAL - CS_ABC_BF - C-Zone - XZ - Nominal
Pos. Tol.,POS_62,PTOL,1.255,0.000,1.255,0.000,5.000,,CIR_62/NOMINAL - CS_ABC_BF - C-Zone - XY - Nominal
Pos. Tol.,POS_2D_48,PTOL,0.160,0.000,0.160,0.000,0.800,,2D_CIR_48/NOMINAL - CS_47_48_49 - C-Zone - XZ - Nominal
Pos. Tol.,POS_2D_49,PTOL,0.469,0.000,0.469,0.000,0.800,,2D_CIR_49/NOMINAL - CS_47_48_49 - C-Zone - XZ - Nominal
Circle,CIR_GAGE_INJ_13,DIAM,13.932,14.000,-0.068,-0.100,0.100,,Criterion : Least Square (From 10 Pts On AUTO) 
Circle,CIR_GAGE_INJ_14,DIAM,14.078,14.000,0.078,-0.100,0.100,,Criterion : Least Square (From 10 Pts On AUTO) 
Circle,CIR_GAGE_INJ_15,DIAM,14.040,14.000,0.040,-0.100,0.100,,Criterion : Least Square (From 10 Pts On AUTO) 
Circle,CIR_GAGE_INJ_16,DIAM,14.031,14.000,0.031,-0.100,0.100,,Criterion : Least Square (From 10 Pts On AUTO) 
Circle,CIR_GAGE_INJ_17,DIAM,14.033,14.000,0.033,-0.100,0.100,,Criterion : Least Square (From 10 Pts On AUTO) 
Circle,CIR_GAGE_INJ_18,DIAM,14.017,14.000,0.017,-0.100,0.100,,Criterion : Least Square (From 10 Pts On AUTO) 
Circle,CIR_GAGE_INJ_19,DIAM,13.973,14.000,-0.027,-0.100,0.100,,Criterion : Least Square (From 10 Pts On AUTO) 
Circle,CIR_GAGE_INJ_20,DIAM,14.012,14.000,0.012,-0.100,0.100,,Criterion : Least Square (From 10 Pts On AUTO) 
Circle,CIR_GAGE_INJ_21,DIAM,14.025,14.000,0.025,-0.100,0.100,,Criterion : Least Square (From 10 Pts On AUTO) 
Circle,CIR_GAGE_INJ_22,DIAM,14.016,14.000,0.016,-0.100,0.100,,Criterion : Least Square (From 10 Pts On AUTO) 
Circle,CIR_23,X,-12.769,-13.100,0.331,,,,Criterion : Least Square (From 6 Pts On PL_INS_23) 
Circle,CIR_23,Y,149.966,150.000,-0.034,,,,
Circle,CIR_23,Z,54.572,54.500,0.072,,,,
Circle,CIR_25,X,-12.260,-13.100,0.840,,,,Criterion : Least Square (From 6 Pts On PL_INS_25) 
Circle,CIR_25,Y,-249.686,-250.000,0.314,,,,
Circle,CIR_25,Z,54.568,54.500,0.068,,,,
Circle,CIR_24,X,-12.930,-13.100,0.170,,,,Criterion : Least Square (From 6 Pts On PL_INS_24) 
Circle,CIR_24,Y,-49.815,-50.000,0.185,,,,
Circle,CIR_24,Z,54.349,54.500,-0.151,,,,
Circle,CIR_26,X,13.524,13.100,0.424,,,,Criterion : Least Square (From 6 Pts On PL_INS_26) 
Circle,CIR_26,Y,-249.982,-250.000,0.018,,,,
Circle,CIR_26,Z,54.886,54.500,0.386,,,,
Circle,CIR_27,X,12.863,13.100,-0.237,,,,Criterion : Least Square (From 6 Pts On PL_INS_27) 
Circle,CIR_27,Y,-49.874,-50.000,0.126,,,,
Circle,CIR_27,Z,54.619,54.500,0.119,,,,
Circle,CIR_28,X,12.956,13.100,-0.144,,,,Criterion : Least Square (From 6 Pts On PL_INS_28) 
Circle,CIR_28,Y,149.787,150.000,-0.213,,,,
Circle,CIR_28,Z,53.995,54.500,-0.505,,,,
Circle,CIR_38,X,-63.205,-62.600,-0.605,,,,Criterion : Least Square (From 6 Pts On PL_INS_38) 
Circle,CIR_38,Z,121.369,120.500,0.869,,,,
Circle,CIR_37,X,7.747,8.200,-0.453,,,,Criterion : Least Square (From 6 Pts On PL_INS_37) 
Circle,CIR_37,Z,106.374,106.000,0.374,,,,
Circle,CIR_39,X,-76.275,-75.800,-0.475,,,,Criterion : Least Square (From 6 Pts On PL_INS_39) 
Circle,CIR_39,Z,46.602,45.400,1.202,,,,
Circle,2D_CIR_38,X,-0.231,0.000,-0.231,,,,
Circle,2D_CIR_38,Z,-0.046,0.000,-0.046,,,,
Circle,2D_CIR_37,X,70.789,70.800,-0.011,,,,
Circle,2D_CIR_37,Z,-14.707,-14.500,-0.207,,,,
Circle,2D_CIR_39,X,-12.958,-13.200,0.242,,,,
Circle,2D_CIR_39,Z,-74.846,-75.100,0.254,,,,
Point,PNT_INJ_13,X,-3.195,-3.300,0.105,,,,Inters. AXIS_INJ_13 - PL_FIXTURE.
Point,PNT_INJ_13,Y,-48.364,-48.400,0.036,,,,
Point,PNT_INJ_14,X,-3.710,-3.300,-0.410,,,,Inters. AXIS_INJ_14 - PL_FIXTURE.
Point,PNT_INJ_14,Y,-148.312,-148.400,0.088,,,,
Point,PNT_INJ_15,X,-3.317,-3.300,-0.017,,,,Inters. AXIS_INJ_15 - PL_FIXTURE.
Point,PNT_INJ_15,Y,-248.416,-248.400,-0.016,,,,
Point,PNT_INJ_16,X,-3.490,-3.300,-0.190,,,,Inters. AXIS_INJ_16 - PL_FIXTURE.
Point,PNT_INJ_16,Y,-347.981,-348.400,0.419,,,,
Point,PNT_INJ_17,X,-3.508,-3.300,-0.208,,,,Inters. AXIS_INJ_17 - PL_FIXTURE.
Point,PNT_INJ_17,Y,-448.463,-448.400,-0.063,,,,
Point,PNT_INJ_18,X,3.566,3.300,0.266,,,,Inters. AXIS_INJ_18 - PL_FIXTURE.
Point,PNT_INJ_18,Y,-449.890,-450.000,0.110,,,,
Point,PNT_INJ_19,X,3.388,3.300,0.088,,,,Inters. AXIS_INJ_19 - PL_FIXTURE.
Point,PNT_INJ_19,Y,-349.896,-350.000,0.104,,,,
Point,PNT_INJ_20,X,3.307,3.300,0.007,,,,Inters. AXIS_INJ_20 - PL_FIXTURE.
Point,PNT_INJ_20,Y,-250.059,-250.000,-0.059,,,,
Point,PNT_INJ_21,X,3.415,3.300,0.115,,,,Inters. AXIS_INJ_21 - PL_FIXTURE.
Point,PNT_INJ_21,Y,-150.139,-150.000,-0.139,,,,
Point,PNT_INJ_22,X,3.463,3.300,0.163,,,,Inters. AXIS_INJ_22 - PL_FIXTURE.
Point,PNT_INJ_22,Y,-49.825,-50.000,0.175,,,,
Distance,H_37,Y,-0.066,0.000,-0.066,,,,CIR_37 - PL_PLAST_37 / CS_37_38_39_ROT_180
Distance,H_38,Y,-0.062,0.000,-0.062,,,,CIR_38 - PL_PLAST_38 / CS_37_38_39_ROT_180
Distance,H_39,Y,-0.003,0.000,-0.003,,,,CIR_39 - PL_PLAST_39 / CS_37_38_39_ROT_180
Distance,H_35,Z,0.105,-0.000,0.105,,,,CIR_35 - PL_PLAST_35 / CS_TEMP_35_SRF
Distance,H_36,Z,0.150,0.000,0.150,,,,CIR_36 - PL_PLAST_36 / CS_TEMP_36_SRF
Distance,PROF_62,Z,153.743,156.000,-2.257,-1.500,1.500,-0.757,CIR_62 - PL_FIXTURE / CS_ABC_BF
Distance,H_62,Z,0.053,0.000,0.053,0.000,0.500,,CIR_62 - PL_PLAST_62 / CS_TEMP_62_SRF
Circle,CIR_29,X,-227.199,-226.340,-0.859,,,,Criterion : Least Square (From 4 Pts On PL_DATUM_D) 
Circle,CIR_29,Y,65.429,65.702,-0.274,,,,
Point,PNT_30,X,-160.441,-159.800,-0.641,,,,Proj. PNT_MID_30 / PL_DATUM_D.
Point,PNT_30,Y,65.725,65.700,0.025,,,,
Circle,CIR_46,X,-193.268,-192.087,-1.180,,,,Criterion : Least Square (From 6 Pts On PL_PLAST_46) 
Circle,CIR_46,Y,94.273,94.090,0.183,,,,
Circle,2D_CIR_34,X,-25.792,-25.800,0.008,,,,
Circle,2D_CIR_34,Y,-3.418,-3.400,-0.018,,,,
Circle,2D_CIR_33,X,-41.535,-41.500,-0.035,,,,
Circle,2D_CIR_33,Y,-76.166,-76.200,0.034,,,,
Circle,2D_CIR_32,X,113.870,113.700,0.170,,,,
Circle,2D_CIR_32,Y,-70.076,-70.200,0.124,,,,
Circle,2D_CIR_31,X,94.353,94.200,0.153,,,,
Circle,2D_CIR_31,Y,-3.197,-3.400,0.203,,,,
Circle,2D_CIR_36,X,-57.160,-57.100,-0.060,,,,
Circle,2D_CIR_36,Y,-172.278,-171.900,-0.378,,,,
Circle,2D_CIR_35,X,119.133,119.400,-0.267,,,,
Circle,2D_CIR_35,Y,-172.462,-172.400,-0.062,,,,
Circle,CIR_42,X,-27.303,-27.063,-0.240,,,,Criterion : Least Square (From 6 Pts On PL_CL_42) 
Circle,CIR_42,Y,-247.205,-247.000,-0.205,,,,
Circle,CIR_44,X,-364.159,-363.275,-0.884,,,,Criterion : Least Square (From 6 Pts On PL_CL_44) 
Circle,CIR_44,Y,-366.374,-365.850,-0.524,,,,
Circle,CIR_62,X,-363.686,-363.275,-0.411,,,,Criterion : Least Square (From 6 Pts On PL_INS_62) 
Circle,CIR_62,Y,-180.376,-180.850,0.474,,,,
Circle,CIR_47,X,-195.013,-195.125,0.112,,,,Criterion : Least Square (From 8 Pts On PL_PLAST_47) 
Circle,CIR_47,Z,75.526,77.179,-1.653,,,,
Circle,CIR_48,X,-220.107,-220.125,0.017,,,,Criterion : Least Square (From 6 Pts On PL_PLAST_48_TOP) 
Circle,CIR_48,Z,75.554,77.179,-1.626,,,,
Circle,CIR_49,X,-169.822,-170.125,0.303,,,,Criterion : Least Square (From 6 Pts On PL_PLAST_49_TOP) 
Circle,CIR_49,Z,75.501,77.179,-1.679,,,,
Circle,2D_CIR_48,X,-25.058,-25.000,-0.058,,,,
Circle,2D_CIR_48,Z,0.055,0.000,0.055,,,,
Circle,2D_CIR_49,X,25.228,25.000,0.228,,,,
Circle,2D_CIR_49,Z,0.055,0.000,0.055,,,,
Circle,CIR_63,X,-364.226,-363.300,-0.926,,,,Criterion : Least Square (From 6 Pts On PL_INS_63) 
Circle,CIR_63,Y,-273.314,-273.600,0.286,,,,
Pos. Tol.,POS_63,PTOL,1.939,0.000,1.939,0.000,5.000,,CIR_63/NOMINAL - CS_ABC_BF - C-Zone - XY - Nominal
Distance,PROF_63,Z,149.461,151.400,-1.939,-1.500,1.500,-0.439,CIR_63 - PL_FIXTURE / CS_ABC_BF
Distance,H_63,Z,0.007,0.000,0.007,0.000,0.500,,CIR_63 - PL_PLAST_63 / CS_SRF_TEMP_BF_63
