Feat. Type,Feat. Name,Value,Actual,Nominal,Dev.,Tol-,Tol+,Out of Tol.,Comment
Text/Value,VAR_PROGRAM,VAL,,,,,,,'N:\Metrolog XG\Programmes\Ford 3,5L GTDI 2017\Ford 3.5L GTDI Complete (Module 44).gm2'
Text/Value,VAR_EVENEMENT,VAL,,,,,,,'PPAP P21'
Text/Value,VAR_COMMENTAIRES,VAL,,,,,,,'355 A'
Text/Value,PROFILE_A,VAL,0.164639,0.000000,0.164639,0.000000,0.500000,,
Circle,CIR_B,DIAM,4.682,4.700,-0.018,-0.100,0.100,,Criterion : Least Square (From 3 Pts On PL_BACK_FIXTURE) 
Circle,CIR_B,X,0.000,0.000,0.000,,,,
Circle,CIR_B,Z,0.000,0.000,0.000,,,,
Circle,CIR_C,DIAM,4.636,4.700,-0.064,-0.100,0.100,,Criterion : Least Square (From 3 Pts On PL_BACK_FIXTURE) 
Circle,CIR_C,X,-0.000,-0.000,0.000,,,,
Circle,CIR_C,Z,-211.896,-212.000,0.104,,,,
Circle,CIR1,X,16.069,15.944,0.125,,,,From 4 Pts On PL_PLAST_1
Circle,CIR1,Z,48.858,48.650,0.208,,,,
Circle,CIR2,X,43.684,43.444,0.240,,,,From 4 Pts On PL_PLAST_2
Circle,CIR2,Z,-52.683,-52.850,0.167,,,,
Circle,CIR3,X,16.183,15.944,0.239,,,,From 4 Pts On PL_PLAST_3
Circle,CIR3,Z,-158.718,-158.849,0.131,,,,
Circle,CIR4,X,43.465,43.444,0.021,,,,From 4 Pts On PL_PLAST_4
Circle,CIR4,Z,-264.780,-264.849,0.069,,,,
Circle,CIR5,X,221.896,221.700,0.196,,,,From 4 Pts On PL_PLAST_5
Circle,CIR5,Z,-297.179,-296.849,-0.330,,,,
Circle,CIR6,X,195.069,195.208,-0.139,,,,From 4 Pts On PL_PLAST_6
Circle,CIR6,Z,-195.598,-195.349,-0.249,,,,
Circle,CIR7,X,222.781,222.700,0.081,,,,From 3 Pts On PL_PLAST_7
Circle,CIR7,Z,-89.543,-89.349,-0.194,,,,
Circle,CIR8,X,195.246,195.208,0.038,,,,From 4 Pts On PL_PLAST_8
Circle,CIR8,Z,16.532,16.651,-0.119,,,,
Pos. Tol.,POS_B,PTOL,0.000,0.000,0.000,0.000,0.500,,CIR_B/NOMINAL - CS_ABC - C-Zone - XZ - Nominal
Pos. Tol.,POS_C,PTOL,0.208,0.000,0.208,0.000,0.500,,CIR_C/NOMINAL - CS_ABC - C-Zone - XZ - Nominal
Pos. Tol.,POS_1,PTOL,0.486,0.000,0.486,0.000,1.500,,CIR1/NOMINAL - CS_ABC - C-Zone - XZ - Nominal
Pos. Tol.,POS_2,PTOL,0.585,0.000,0.585,0.000,1.500,,CIR2/NOMINAL - CS_ABC - C-Zone - XZ - Nominal
Pos. Tol.,POS_3,PTOL,0.544,0.000,0.544,0.000,1.500,,CIR3/NOMINAL - CS_ABC - C-Zone - XZ - Nominal
Pos. Tol.,POS_4,PTOL,0.145,0.000,0.145,0.000,1.500,,CIR4/NOMINAL - CS_ABC - C-Zone - XZ - Nominal
Pos. Tol.,POS_5,PTOL,0.768,0.000,0.768,0.000,1.500,,CIR5/NOMINAL - CS_ABC - C-Zone - XZ - Nominal
Pos. Tol.,POS_6,PTOL,0.571,0.000,0.571,0.000,1.500,,CIR6/NOMINAL - CS_ABC - C-Zone - XZ - Nominal
Pos. Tol.,POS_7,PTOL,0.422,0.000,0.422,0.000,1.500,,CIR7/NOMINAL - CS_ABC - C-Zone - XZ - Nominal
Pos. Tol.,POS_8,PTOL,0.249,0.000,0.249,0.000,1.500,,CIR8/NOMINAL - CS_ABC - C-Zone - XZ - Nominal
Circle,CIR_A,DIAM,74.018,74.000,0.018,-0.300,0.300,,Criterion : Least Square (From 36 Pts On PL_PLAST_PT.A) 
Circle,CIR_A,X,119.464,119.162,0.302,,,,
Circle,CIR_A,Y,1.684,3.289,-1.605,,,,
Circle,CIR_A,Z,188.225,188.276,-0.051,,,,
Circle,CIR_17,X,79.741,79.320,0.421,,,,Criterion : Least Square (From 6 Pts On PL_INS_17) 
Circle,CIR_17,Y,33.911,35.146,-1.235,,,,
Circle,CIR_17,Z,193.939,193.894,0.045,,,,
Circle,CIR_18,X,159.620,159.320,0.300,,,,Criterion : Least Square (From 6 Pts On PL_INS_18) 
Circle,CIR_18,Y,33.247,35.146,-1.899,,,,
Circle,CIR_18,Z,194.167,193.894,0.273,,,,
Circle,CIR_19,X,159.192,159.320,-0.128,,,,Criterion : Least Square (From 6 Pts On PL_INS_19) 
Circle,CIR_19,Y,-30.732,-28.866,-1.866,,,,
Circle,CIR_19,Z,182.621,182.606,0.014,,,,
Circle,CIR_20,X,79.128,79.320,-0.192,,,,Criterion : Least Square (From 6 Pts On PL_INS_20) 
Circle,CIR_20,Y,-30.055,-28.866,-1.189,,,,
Circle,CIR_20,Z,182.648,182.606,0.041,,,,
Circle,2D_CIR_A,X,0.000,0.000,0.000,,,,
Circle,2D_CIR_A,Y,0.000,0.000,0.000,,,,
Circle,2D_CIR_17,X,-39.984,-40.000,0.016,,,,
Circle,2D_CIR_17,Y,32.410,32.500,-0.090,,,,
Circle,2D_CIR_17,F.F.,0.032,,0.032,,,,
Circle,2D_CIR_18,X,39.898,40.000,-0.102,,,,
Circle,2D_CIR_18,Y,32.437,32.500,-0.063,,,,
Circle,2D_CIR_18,F.F.,0.033,,0.033,,,,
Circle,2D_CIR_19,X,39.991,40.000,-0.009,,,,
Circle,2D_CIR_19,Y,-32.576,-32.500,-0.076,,,,
Circle,2D_CIR_19,F.F.,0.048,,0.048,,,,
Circle,2D_CIR_20,X,-40.076,-40.000,-0.076,,,,
Circle,2D_CIR_20,Y,-32.548,-32.500,-0.048,,,,
Circle,2D_CIR_20,F.F.,0.031,,0.031,,,,
Distance,OP1_WIDTH_1,D1,4.063,4.000,0.063,-0.200,0.200,,OP1_PT1_OW_GAGE - OP1_PT1_IW_GAGE / OP1_CS
Distance,OP1_WIDTH_2,D1,3.907,4.000,-0.093,-0.200,0.200,,OP1_PT2_OW_GAGE - OP1_PT2_IW_GAGE / OP1_CS
Distance,OP1_WIDTH_3,D1,3.811,4.000,-0.189,-0.200,0.200,,OP1_PT3_OW_GAGE - OP1_PT3_IW_GAGE / OP1_CS
Distance,OP1_WIDTH_4,D1,3.823,4.000,-0.177,-0.200,0.200,,OP1_PT4_OW_GAGE - OP1_PT4_IW_GAGE / OP1_CS
Distance,OP1_WIDTH_5,D1,4.053,4.000,0.053,-0.200,0.200,,OP1_PT5_OW_GAGE - OP1_PT5_IW_GAGE / OP1_CS
Distance,OP1_WIDTH_6,D1,4.166,4.000,0.166,-0.200,0.200,,OP1_PT6_OW_GAGE - OP1_PT6_IW_GAGE / OP1_CS
Distance,OP1_WIDTH_7,D1,4.024,4.000,0.024,-0.200,0.200,,OP1_PT7_OW_GAGE - OP1_PT7_IW_GAGE / OP1_CS
Distance,OP1_WIDTH_8,D1,3.946,4.000,-0.054,-0.200,0.200,,OP1_PT8_OW_GAGE - OP1_PT8_IW_GAGE / OP1_CS
Distance,OP1_WIDTH_9,D1,4.002,4.000,0.002,-0.200,0.200,,OP1_PT9_OW_GAGE - OP1_PT9_IW_GAGE / OP1_CS
Distance,OP1_WIDTH_10,D1,4.111,4.000,0.111,-0.200,0.200,,OP1_PT10_OW_GAGE - OP1_PT10_IW_GAGE / OP1_CS
Distance,OP1_DEPTH_1,D1,2.791,3.000,-0.209,-0.250,0.250,,OP1_PT1_DEPTH - PL_FIXTURE / OP1_CS
Distance,OP1_DEPTH_2,D1,2.733,3.000,-0.267,-0.250,0.250,-0.017,OP1_PT2_DEPTH - PL_FIXTURE / OP1_CS
Distance,OP1_DEPTH_3,D1,2.815,3.000,-0.185,-0.250,0.250,,OP1_PT3_DEPTH - PL_FIXTURE / OP1_CS
Distance,OP1_DEPTH_4,D1,2.854,3.000,-0.146,-0.250,0.250,,OP1_PT4_DEPTH - PL_FIXTURE / OP1_CS
Distance,OP1_DEPTH_5,D1,2.915,3.000,-0.085,-0.250,0.250,,OP1_PT5_DEPTH - PL_FIXTURE / OP1_CS
Distance,OP1_DEPTH_6,D1,2.824,3.000,-0.176,-0.250,0.250,,OP1_PT6_DEPTH - PL_FIXTURE / OP1_CS
Distance,OP1_DEPTH_7,D1,2.798,3.000,-0.202,-0.250,0.250,,OP1_PT7_DEPTH - PL_FIXTURE / OP1_CS
Distance,OP1_DEPTH_8,D1,2.833,3.000,-0.167,-0.250,0.250,,OP1_PT8_DEPTH - PL_FIXTURE / OP1_CS
Distance,OP1_DEPTH_9,D1,2.880,3.000,-0.120,-0.250,0.250,,OP1_PT9_DEPTH - PL_FIXTURE / OP1_CS
Distance,OP1_DEPTH_10,D1,2.926,3.000,-0.074,-0.250,0.250,,OP1_PT10_DEPTH - PL_FIXTURE / OP1_CS
Distance,OP2_WIDTH_1,D1,4.154,4.000,0.154,-0.200,0.200,,OP2_PT1_OW_GAGE - OP2_PT1_IW_GAGE / OP2_CS
Distance,OP2_WIDTH_2,D1,4.023,4.000,0.023,-0.200,0.200,,OP2_PT2_OW_GAGE - OP2_PT2_IW_GAGE / OP2_CS
Distance,OP2_WIDTH_3,D1,3.789,4.000,-0.211,-0.200,0.200,-0.011,OP2_PT3_OW_GAGE - OP2_PT3_IW_GAGE / OP2_CS
Distance,OP2_WIDTH_4,D1,3.794,4.000,-0.206,-0.200,0.200,-0.006,OP2_PT4_OW_GAGE - OP2_PT4_IW_GAGE / OP2_CS
Distance,OP2_WIDTH_5,D1,4.006,4.000,0.006,-0.200,0.200,,OP2_PT5_OW_GAGE - OP2_PT5_IW_GAGE / OP2_CS
Distance,OP2_WIDTH_6,D1,4.122,4.000,0.122,-0.200,0.200,,OP2_PT6_OW_GAGE - OP2_PT6_IW_GAGE / OP2_CS
Distance,OP2_WIDTH_7,D1,4.102,4.000,0.102,-0.200,0.200,,OP2_PT7_OW_GAGE - OP2_PT7_IW_GAGE / OP2_CS
Distance,OP2_WIDTH_8,D1,4.024,4.000,0.024,-0.200,0.200,,OP2_PT8_OW_GAGE - OP2_PT8_IW_GAGE / OP2_CS
Distance,OP2_WIDTH_9,D1,4.052,4.000,0.052,-0.200,0.200,,OP2_PT9_OW_GAGE - OP2_PT9_IW_GAGE / OP2_CS
Distance,OP2_WIDTH_10,D1,4.146,4.000,0.146,-0.200,0.200,,OP2_PT10_OW_GAGE - OP2_PT10_IW_GAGE / OP2_CS
Distance,OP2_DEPTH_1,D1,2.848,3.000,-0.152,-0.250,0.250,,OP2_PT1_DEPTH - PL_FIXTURE / OP2_CS
Distance,OP2_DEPTH_2,D1,2.947,3.000,-0.053,-0.250,0.250,,OP2_PT2_DEPTH - PL_FIXTURE / OP2_CS
Distance,OP2_DEPTH_3,D1,3.050,3.000,0.050,-0.250,0.250,,OP2_PT3_DEPTH - PL_FIXTURE / OP2_CS
Distance,OP2_DEPTH_4,D1,3.095,3.000,0.095,-0.250,0.250,,OP2_PT4_DEPTH - PL_FIXTURE / OP2_CS
Distance,OP2_DEPTH_5,D1,2.955,3.000,-0.045,-0.250,0.250,,OP2_PT5_DEPTH - PL_FIXTURE / OP2_CS
Distance,OP2_DEPTH_6,D1,2.846,3.000,-0.154,-0.250,0.250,,OP2_PT6_DEPTH - PL_FIXTURE / OP2_CS
Distance,OP2_DEPTH_7,D1,2.857,3.000,-0.143,-0.250,0.250,,OP2_PT7_DEPTH - PL_FIXTURE / OP2_CS
Distance,OP2_DEPTH_8,D1,2.856,3.000,-0.144,-0.250,0.250,,OP2_PT8_DEPTH - PL_FIXTURE / OP2_CS
Distance,OP2_DEPTH_9,D1,2.859,3.000,-0.141,-0.250,0.250,,OP2_PT9_DEPTH - PL_FIXTURE / OP2_CS
Distance,OP2_DEPTH_10,D1,2.870,3.000,-0.130,-0.250,0.250,,OP2_PT10_DEPTH - PL_FIXTURE / OP2_CS
Distance,OP3_WIDTH_1,D1,4.152,4.000,0.152,-0.200,0.200,,OP3_PT1_OW_GAGE - OP3_PT1_IW_GAGE / OP3_CS
Distance,OP3_WIDTH_2,D1,4.022,4.000,0.022,-0.200,0.200,,OP3_PT2_OW_GAGE - OP3_PT2_IW_GAGE / OP3_CS
Distance,OP3_WIDTH_3,D1,3.751,4.000,-0.249,-0.200,0.200,-0.049,OP3_PT3_OW_GAGE - OP3_PT3_IW_GAGE / OP3_CS
Distance,OP3_WIDTH_4,D1,3.763,4.000,-0.237,-0.200,0.200,-0.037,OP3_PT4_OW_GAGE - OP3_PT4_IW_GAGE / OP3_CS
Distance,OP3_WIDTH_5,D1,3.989,4.000,-0.011,-0.200,0.200,,OP3_PT5_OW_GAGE - OP3_PT5_IW_GAGE / OP3_CS
Distance,OP3_WIDTH_6,D1,4.043,4.000,0.043,-0.200,0.200,,OP3_PT6_OW_GAGE - OP3_PT6_IW_GAGE / OP3_CS
Distance,OP3_WIDTH_7,D1,4.025,4.000,0.025,-0.200,0.200,,OP3_PT7_OW_GAGE - OP3_PT7_IW_GAGE / OP3_CS
Distance,OP3_WIDTH_8,D1,4.042,4.000,0.042,-0.200,0.200,,OP3_PT8_OW_GAGE - OP3_PT8_IW_GAGE / OP3_CS
Distance,OP3_WIDTH_9,D1,4.051,4.000,0.051,-0.200,0.200,,OP3_PT9_OW_GAGE - OP3_PT9_IW_GAGE / OP3_CS
Distance,OP3_WIDTH_10,D1,4.174,4.000,0.174,-0.200,0.200,,OP3_PT10_OW_GAGE - OP3_PT10_IW_GAGE / OP3_CS
Distance,OP3_DEPTH_1,D1,3.014,3.000,0.014,-0.250,0.250,,OP3_PT1_DEPTH - PL_FIXTURE / OP3_CS
Distance,OP3_DEPTH_2,D1,3.100,3.000,0.100,-0.250,0.250,,OP3_PT2_DEPTH - PL_FIXTURE / OP3_CS
Distance,OP3_DEPTH_3,D1,3.133,3.000,0.133,-0.250,0.250,,OP3_PT3_DEPTH - PL_FIXTURE / OP3_CS
Distance,OP3_DEPTH_4,D1,3.156,3.000,0.156,-0.250,0.250,,OP3_PT4_DEPTH - PL_FIXTURE / OP3_CS
Distance,OP3_DEPTH_5,D1,3.105,3.000,0.105,-0.250,0.250,,OP3_PT5_DEPTH - PL_FIXTURE / OP3_CS
Distance,OP3_DEPTH_6,D1,3.089,3.000,0.089,-0.250,0.250,,OP3_PT6_DEPTH - PL_FIXTURE / OP3_CS
Distance,OP3_DEPTH_7,D1,3.113,3.000,0.113,-0.250,0.250,,OP3_PT7_DEPTH - PL_FIXTURE / OP3_CS
Distance,OP3_DEPTH_8,D1,3.054,3.000,0.054,-0.250,0.250,,OP3_PT8_DEPTH - PL_FIXTURE / OP3_CS
Distance,OP3_DEPTH_9,D1,3.018,3.000,0.018,-0.250,0.250,,OP3_PT9_DEPTH - PL_FIXTURE / OP3_CS
Distance,OP3_DEPTH_10,D1,2.936,3.000,-0.064,-0.250,0.250,,OP3_PT10_DEPTH - PL_FIXTURE / OP3_CS
Distance,OP4_WIDTH_1,D1,4.190,4.000,0.190,-0.200,0.200,,OP4_PT1_OW_GAGE - OP4_PT1_IW_GAGE / OP4_CS
Distance,OP4_WIDTH_2,D1,4.059,4.000,0.059,-0.200,0.200,,OP4_PT2_OW_GAGE - OP4_PT2_IW_GAGE / OP4_CS
Distance,OP4_WIDTH_3,D1,3.839,4.000,-0.161,-0.200,0.200,,OP4_PT3_OW_GAGE - OP4_PT3_IW_GAGE / OP4_CS
Distance,OP4_WIDTH_4,D1,3.840,4.000,-0.160,-0.200,0.200,,OP4_PT4_OW_GAGE - OP4_PT4_IW_GAGE / OP4_CS
Distance,OP4_WIDTH_5,D1,4.084,4.000,0.084,-0.200,0.200,,OP4_PT5_OW_GAGE - OP4_PT5_IW_GAGE / OP4_CS
Distance,OP4_WIDTH_6,D1,4.169,4.000,0.169,-0.200,0.200,,OP4_PT6_OW_GAGE - OP4_PT6_IW_GAGE / OP4_CS
Distance,OP4_WIDTH_7,D1,4.095,4.000,0.095,-0.200,0.200,,OP4_PT7_OW_GAGE - OP4_PT7_IW_GAGE / OP4_CS
Distance,OP4_WIDTH_8,D1,4.061,4.000,0.061,-0.200,0.200,,OP4_PT8_OW_GAGE - OP4_PT8_IW_GAGE / OP4_CS
Distance,OP4_WIDTH_9,D1,4.097,4.000,0.097,-0.200,0.200,,OP4_PT9_OW_GAGE - OP4_PT9_IW_GAGE / OP4_CS
Distance,OP4_WIDTH_10,D1,4.213,4.000,0.213,-0.200,0.200,0.013,OP4_PT10_OW_GAGE - OP4_PT10_IW_GAGE / OP4_CS
Distance,OP4_DEPTH_1,D1,2.933,3.000,-0.067,-0.250,0.250,,OP4_PT1_DEPTH - PL_FIXTURE / OP4_CS
Distance,OP4_DEPTH_2,D1,2.964,3.000,-0.036,-0.250,0.250,,OP4_PT2_DEPTH - PL_FIXTURE / OP4_CS
Distance,OP4_DEPTH_3,D1,3.005,3.000,0.005,-0.250,0.250,,OP4_PT3_DEPTH - PL_FIXTURE / OP4_CS
Distance,OP4_DEPTH_4,D1,3.020,3.000,0.020,-0.250,0.250,,OP4_PT4_DEPTH - PL_FIXTURE / OP4_CS
Distance,OP4_DEPTH_5,D1,2.988,3.000,-0.012,-0.250,0.250,,OP4_PT5_DEPTH - PL_FIXTURE / OP4_CS
Distance,OP4_DEPTH_6,D1,2.889,3.000,-0.111,-0.250,0.250,,OP4_PT6_DEPTH - PL_FIXTURE / OP4_CS
Distance,OP4_DEPTH_7,D1,2.915,3.000,-0.085,-0.250,0.250,,OP4_PT7_DEPTH - PL_FIXTURE / OP4_CS
Distance,OP4_DEPTH_8,D1,2.926,3.000,-0.074,-0.250,0.250,,OP4_PT8_DEPTH - PL_FIXTURE / OP4_CS
Distance,OP4_DEPTH_9,D1,2.929,3.000,-0.071,-0.250,0.250,,OP4_PT9_DEPTH - PL_FIXTURE / OP4_CS
Distance,OP4_DEPTH_10,D1,2.956,3.000,-0.044,-0.250,0.250,,OP4_PT10_DEPTH - PL_FIXTURE / OP4_CS
Distance,OP5_WIDTH_1,D1,4.137,4.000,0.137,-0.200,0.200,,OP5_PT1_OW_GAGE - OP5_PT1_IW_GAGE / OP5_CS
Distance,OP5_WIDTH_2,D1,4.034,4.000,0.034,-0.200,0.200,,OP5_PT2_OW_GAGE - OP5_PT2_IW_GAGE / OP5_CS
Distance,OP5_WIDTH_3,D1,3.803,4.000,-0.197,-0.200,0.200,,OP5_PT3_OW_GAGE - OP5_PT3_IW_GAGE / OP5_CS
Distance,OP5_WIDTH_4,D1,3.812,4.000,-0.188,-0.200,0.200,,OP5_PT4_OW_GAGE - OP5_PT4_IW_GAGE / OP5_CS
Distance,OP5_WIDTH_5,D1,3.994,4.000,-0.006,-0.200,0.200,,OP5_PT5_OW_GAGE - OP5_PT5_IW_GAGE / OP5_CS
Distance,OP5_WIDTH_6,D1,4.125,4.000,0.125,-0.200,0.200,,OP5_PT6_OW_GAGE - OP5_PT6_IW_GAGE / OP5_CS
Distance,OP5_WIDTH_7,D1,4.163,4.000,0.163,-0.200,0.200,,OP5_PT7_OW_GAGE - OP5_PT7_IW_GAGE / OP5_CS
Distance,OP5_WIDTH_8,D1,4.060,4.000,0.060,-0.200,0.200,,OP5_PT8_OW_GAGE - OP5_PT8_IW_GAGE / OP5_CS
Distance,OP5_WIDTH_9,D1,4.055,4.000,0.055,-0.200,0.200,,OP5_PT9_OW_GAGE - OP5_PT9_IW_GAGE / OP5_CS
Distance,OP5_WIDTH_10,D1,4.093,4.000,0.093,-0.200,0.200,,OP5_PT10_OW_GAGE - OP5_PT10_IW_GAGE / OP5_CS
Distance,OP5_DEPTH_1,D1,3.027,3.000,0.027,-0.250,0.250,,OP5_PT1_DEPTH - PL_FIXTURE / OP5_CS
Distance,OP5_DEPTH_2,D1,3.071,3.000,0.071,-0.250,0.250,,OP5_PT2_DEPTH - PL_FIXTURE / OP5_CS
Distance,OP5_DEPTH_3,D1,3.072,3.000,0.072,-0.250,0.250,,OP5_PT3_DEPTH - PL_FIXTURE / OP5_CS
Distance,OP5_DEPTH_4,D1,3.055,3.000,0.055,-0.250,0.250,,OP5_PT4_DEPTH - PL_FIXTURE / OP5_CS
Distance,OP5_DEPTH_5,D1,3.008,3.000,0.008,-0.250,0.250,,OP5_PT5_DEPTH - PL_FIXTURE / OP5_CS
Distance,OP5_DEPTH_6,D1,3.002,3.000,0.002,-0.250,0.250,,OP5_PT6_DEPTH - PL_FIXTURE / OP5_CS
Distance,OP5_DEPTH_7,D1,3.053,3.000,0.053,-0.250,0.250,,OP5_PT7_DEPTH - PL_FIXTURE / OP5_CS
Distance,OP5_DEPTH_8,D1,3.081,3.000,0.081,-0.250,0.250,,OP5_PT8_DEPTH - PL_FIXTURE / OP5_CS
Distance,OP5_DEPTH_9,D1,3.091,3.000,0.091,-0.250,0.250,,OP5_PT9_DEPTH - PL_FIXTURE / OP5_CS
Distance,OP5_DEPTH_10,D1,3.116,3.000,0.116,-0.250,0.250,,OP5_PT10_DEPTH - PL_FIXTURE / OP5_CS
Distance,OP6_WIDTH_1,D1,4.165,4.000,0.165,-0.200,0.200,,OP6_PT1_OW_GAGE - OP6_PT1_IW_GAGE / OP6_CS
Distance,OP6_WIDTH_2,D1,4.024,4.000,0.024,-0.200,0.200,,OP6_PT2_OW_GAGE - OP6_PT2_IW_GAGE / OP6_CS
Distance,OP6_WIDTH_3,D1,3.848,4.000,-0.152,-0.200,0.200,,OP6_PT3_OW_GAGE - OP6_PT3_IW_GAGE / OP6_CS
Distance,OP6_WIDTH_4,D1,3.852,4.000,-0.148,-0.200,0.200,,OP6_PT4_OW_GAGE - OP6_PT4_IW_GAGE / OP6_CS
Distance,OP6_WIDTH_5,D1,4.054,4.000,0.054,-0.200,0.200,,OP6_PT5_OW_GAGE - OP6_PT5_IW_GAGE / OP6_CS
Distance,OP6_WIDTH_6,D1,4.231,4.000,0.231,-0.200,0.200,0.031,OP6_PT6_OW_GAGE - OP6_PT6_IW_GAGE / OP6_CS
Distance,OP6_WIDTH_7,D1,4.147,4.000,0.147,-0.200,0.200,,OP6_PT7_OW_GAGE - OP6_PT7_IW_GAGE / OP6_CS
Distance,OP6_WIDTH_8,D1,4.043,4.000,0.043,-0.200,0.200,,OP6_PT8_OW_GAGE - OP6_PT8_IW_GAGE / OP6_CS
Distance,OP6_WIDTH_9,D1,4.062,4.000,0.062,-0.200,0.200,,OP6_PT9_OW_GAGE - OP6_PT9_IW_GAGE / OP6_CS
Distance,OP6_WIDTH_10,D1,4.185,4.000,0.185,-0.200,0.200,,OP6_PT10_OW_GAGE - OP6_PT10_IW_GAGE / OP6_CS
Distance,OP6_DEPTH_1,D1,2.851,3.000,-0.149,-0.250,0.250,,OP6_PT1_DEPTH - PL_FIXTURE / OP6_CS
Distance,OP6_DEPTH_2,D1,2.895,3.000,-0.105,-0.250,0.250,,OP6_PT2_DEPTH - PL_FIXTURE / OP6_CS
Distance,OP6_DEPTH_3,D1,2.925,3.000,-0.075,-0.250,0.250,,OP6_PT3_DEPTH - PL_FIXTURE / OP6_CS
Distance,OP6_DEPTH_4,D1,2.909,3.000,-0.091,-0.250,0.250,,OP6_PT4_DEPTH - PL_FIXTURE / OP6_CS
Distance,OP6_DEPTH_5,D1,2.838,3.000,-0.162,-0.250,0.250,,OP6_PT5_DEPTH - PL_FIXTURE / OP6_CS
Distance,OP6_DEPTH_6,D1,2.817,3.000,-0.183,-0.250,0.250,,OP6_PT6_DEPTH - PL_FIXTURE / OP6_CS
Distance,OP6_DEPTH_7,D1,2.914,3.000,-0.086,-0.250,0.250,,OP6_PT7_DEPTH - PL_FIXTURE / OP6_CS
Distance,OP6_DEPTH_8,D1,2.863,3.000,-0.137,-0.250,0.250,,OP6_PT8_DEPTH - PL_FIXTURE / OP6_CS
Distance,OP6_DEPTH_9,D1,2.829,3.000,-0.171,-0.250,0.250,,OP6_PT9_DEPTH - PL_FIXTURE / OP6_CS
Distance,OP6_DEPTH_10,D1,2.835,3.000,-0.165,-0.250,0.250,,OP6_PT10_DEPTH - PL_FIXTURE / OP6_CS
Profile of Line,PROFILE_OP_1,PRFL,0.311,0.000,0.311,0.000,1.750,,SECT_OP1
Profile of Line,PROFILE_OP_2,PRFL,0.503,0.000,0.503,0.000,1.750,,SECT_OP2
Profile of Line,PROFILE_OP_3,PRFL,0.973,0.000,0.973,0.000,1.750,,SECT_OP3
Profile of Line,PROFILE_OP_4,PRFL,0.813,0.000,0.813,0.000,1.750,,SECT_OP4
Profile of Line,PROFILE_OP_5,PRFL,0.617,0.000,0.617,0.000,1.750,,SECT_OP5
Profile of Line,PROFILE_OP_6,PRFL,0.747,0.000,0.747,0.000,1.750,,SECT_OP6
Flatness,FLATNESS_D,FLTN,0.266,0.000,0.266,0.000,0.500,,PL_DATUM_D
Pos. Tol.,POS_2D_17,PTOL,0.184,0.000,0.184,0.000,0.500,,2D_CIR_17/NOMINAL - CS_DE_BF - C-Zone - XY - Nominal
Pos. Tol.,POS_2D_18,PTOL,0.240,0.000,0.240,0.000,0.500,,2D_CIR_18/NOMINAL - CS_DE_BF - C-Zone - XY - Nominal
Pos. Tol.,POS_2D_19,PTOL,0.154,0.000,0.154,0.000,0.500,,2D_CIR_19/NOMINAL - CS_DE_BF - C-Zone - XY - Nominal
Pos. Tol.,POS_2D_20,PTOL,0.179,0.000,0.179,0.000,0.500,,2D_CIR_20/NOMINAL - CS_DE_BF - C-Zone - XY - Nominal
Pos. Tol.,POS_17,PTOL,2.612,0.000,2.612,0.000,5.000,,CIR_17/NOMINAL - CS_ABC - C-Zone - XYZ - Nominal
Pos. Tol.,POS_18,PTOL,3.885,0.000,3.885,0.000,5.000,,CIR_18/NOMINAL - CS_ABC - C-Zone - XYZ - Nominal
Pos. Tol.,POS_19,PTOL,3.740,0.000,3.740,0.000,5.000,,CIR_19/NOMINAL - CS_ABC - C-Zone - XYZ - Nominal
Pos. Tol.,POS_20,PTOL,2.409,0.000,2.409,0.000,5.000,,CIR_20/NOMINAL - CS_ABC - C-Zone - XYZ - Nominal
Distance,H_17,Z,0.259,0.275,-0.016,-0.225,0.225,,CIR_17 - PL_PLAST_17 / CS_DE_BF
Distance,H_18,Z,0.287,0.275,0.012,-0.225,0.225,,CIR_18 - PL_PLAST_18 / CS_DE_BF
Distance,H_19,Z,0.295,0.275,0.020,-0.225,0.225,,CIR_19 - PL_PLAST_19 / CS_DE_BF
Distance,H_20,Z,0.273,0.275,-0.002,-0.225,0.225,,CIR_20 - PL_PLAST_20 / CS_DE_BF
Distance,WIDTH_TB.1,D1,2.949,3.000,-0.051,-0.200,0.200,,0W2.5_1.1 - IW2.5_1.1 / CS_DE_BF
Distance,WIDTH_TB.2,D1,3.001,3.000,0.001,-0.200,0.200,,0W2.5_1.2 - IW2.5_1.2 / CS_DE_BF
Distance,WIDTH_TB.3,D1,3.019,3.000,0.019,-0.200,0.200,,0W2.5_1.3 - IW2.5_1.3 / CS_DE_BF
Distance,WIDTH_TB.4,D1,2.950,3.000,-0.050,-0.200,0.200,,0W2.5_1.4 - IW2.5_1.4 / CS_DE_BF
Distance,WIDTH_TB.5,D1,2.933,3.000,-0.067,-0.200,0.200,,0W2.5_1.5 - IW2.5_1.5 / CS_DE_BF
Distance,WIDTH_TB.6,D1,3.041,3.000,0.041,-0.200,0.200,,0W2.5_1.6 - IW2.5_1.6 / CS_DE_BF
Distance,WIDTH_TB.7,D1,3.025,3.000,0.025,-0.200,0.200,,0W2.5_1.7 - IW2.5_1.7 / CS_DE_BF
Distance,WIDTH_TB.8,D1,2.941,3.000,-0.059,-0.200,0.200,,0W2.5_1.8 - IW2.5_1.8 / CS_DE_BF
Distance,DEPTH_TB.1,D1,4.920,4.750,0.170,-0.250,0.250,,TB_DP.1 - PL_DATUM_D / CS_DE_BF
Distance,DEPTH_TB.2,D1,4.821,4.750,0.071,-0.250,0.250,,TB_DP.2 - PL_DATUM_D / CS_DE_BF
Distance,DEPTH_TB.3,D1,4.859,4.750,0.109,-0.250,0.250,,TB_DP.3 - PL_DATUM_D / CS_DE_BF
Distance,DEPTH_TB.4,D1,4.977,4.750,0.227,-0.250,0.250,,TB_DP.4 - PL_DATUM_D / CS_DE_BF
Distance,DEPTH_TB.5,D1,4.973,4.750,0.223,-0.250,0.250,,TB_DP.5 - PL_DATUM_D / CS_DE_BF
Distance,DEPTH_TB.6,D1,4.718,4.750,-0.032,-0.250,0.250,,TB_DP.6 - PL_DATUM_D / CS_DE_BF
Distance,DEPTH_TB.7,D1,4.830,4.750,0.080,-0.250,0.250,,TB_DP.7 - PL_DATUM_D / CS_DE_BF
Distance,DEPTH_TB.8,D1,4.998,4.750,0.248,-0.250,0.250,,TB_DP.8 - PL_DATUM_D / CS_DE_BF
