Feat. Type,Feat. Name,Value,Actual,Nominal,Dev.,Tol-,Tol+,Out of Tol.,Comment
Text/Value,VAR_PROGRAM,VAL,,,,,,,'N:\Metrolog XG\Programmes\Ford Transmission Pan 10R\Ford Transmission Pan 10R Complete (Module_51).gm2'
Text/Value,VAR_EVENEMENT,VAL,,,,,,,'PPAP'
Text/Value,VAR_COMMENTAIRES,VAL,,,,,,,'C1P7'
Text/Value,PROFILE_A,VAL,0.220346,0.000000,0.220346,0.000000,0.250000,,
Circle,CIR_1,DIAM,7.110,7.100,0.010,-0.050,0.050,,Criterion : Least Square (From 4 Pts On PL_FIXTURE) 
Circle,CIR_1,X,0.000,0.000,0.000,,,,
Circle,CIR_1,Z,0.000,0.000,0.000,,,,
Circle,CIR_2,DIAM,7.116,7.100,0.016,-0.050,0.050,,Criterion : Least Square (From 4 Pts On PL_FIXTURE) 
Circle,CIR_2,X,-80.155,-80.079,-0.076,,,,
Circle,CIR_2,Z,-2.843,-2.811,-0.032,,,,
Circle,CIR_3,DIAM,7.116,7.100,0.016,-0.050,0.050,,Criterion : Least Square (From 4 Pts On PL_FIXTURE) 
Circle,CIR_3,X,-170.097,-170.079,-0.018,,,,
Circle,CIR_3,Z,-2.849,-2.811,-0.038,,,,
Circle,CIR_4,DIAM,7.988,8.300,-0.312,-0.050,0.050,-0.262,Criterion : Least Square (From 4 Pts On PL_FIXTURE) 
Circle,CIR_4,X,-224.622,-224.499,-0.123,,,,
Circle,CIR_4,Z,-4.526,-4.571,0.045,,,,
Circle,CIR_5,DIAM,7.116,7.100,0.016,-0.050,0.050,,Criterion : Least Square (From 4 Pts On PL_FIXTURE) 
Circle,CIR_5,X,-249.649,-249.499,-0.150,,,,
Circle,CIR_5,Z,-1.582,-1.571,-0.011,,,,
Circle,CIR_6,DIAM,7.119,7.100,0.019,-0.050,0.050,,Criterion : Least Square (From 4 Pts On PL_FIXTURE) 
Circle,CIR_6,X,-272.922,-272.679,-0.244,,,,
Circle,CIR_6,Z,78.074,78.140,-0.066,,,,
Circle,CIR_7,DIAM,7.115,7.100,0.015,-0.050,0.050,,Criterion : Least Square (From 4 Pts On PL_FIXTURE) 
Circle,CIR_7,X,-272.940,-272.679,-0.261,,,,
Circle,CIR_7,Z,157.080,157.140,-0.059,,,,
Circle,CIR_8,DIAM,7.116,7.100,0.016,-0.050,0.050,,Criterion : Least Square (From 4 Pts On PL_FIXTURE) 
Circle,CIR_8,X,-272.933,-272.679,-0.254,,,,
Circle,CIR_8,Z,236.004,236.140,-0.136,,,,
Circle,CIR_9,DIAM,7.116,7.100,0.016,-0.050,0.050,,Criterion : Least Square (From 4 Pts On PL_FIXTURE) 
Circle,CIR_9,X,-272.902,-272.679,-0.224,,,,
Circle,CIR_9,Z,315.121,315.140,-0.019,,,,
Circle,CIR_10,DIAM,7.116,7.100,0.016,-0.050,0.050,,Criterion : Least Square (From 4 Pts On PL_FIXTURE) 
Circle,CIR_10,X,-272.682,-272.679,-0.004,,,,
Circle,CIR_10,Z,394.059,394.140,-0.081,,,,
Circle,CIR_11,DIAM,7.116,7.100,0.016,-0.050,0.050,,Criterion : Least Square (From 4 Pts On PL_FIXTURE) 
Circle,CIR_11,X,-254.621,-254.552,-0.069,,,,
Circle,CIR_11,Z,463.638,463.580,0.058,,,,
Circle,CIR_12,DIAM,7.120,7.100,0.020,-0.050,0.050,,Criterion : Least Square (From 4 Pts On PL_FIXTURE) 
Circle,CIR_12,X,-166.945,-166.879,-0.066,,,,
Circle,CIR_12,Z,474.769,474.589,0.179,,,,
Circle,CIR_13,DIAM,7.114,7.100,0.014,-0.050,0.050,,Criterion : Least Square (From 4 Pts On PL_FIXTURE) 
Circle,CIR_13,X,-79.427,-79.279,-0.148,,,,
Circle,CIR_13,Z,474.569,474.589,-0.021,,,,
Circle,CIR_14,DIAM,7.954,8.300,-0.346,-0.050,0.050,-0.296,Criterion : Least Square (From 4 Pts On PL_FIXTURE) 
Circle,CIR_14,X,-19.586,-19.499,-0.087,,,,
Circle,CIR_14,Z,473.311,473.429,-0.118,,,,
Circle,CIR_15,DIAM,7.098,7.100,-0.002,-0.050,0.050,,Criterion : Least Square (From 4 Pts On PL_FIXTURE) 
Circle,CIR_15,X,8.278,8.321,-0.043,,,,
Circle,CIR_15,Z,470.657,470.589,0.068,,,,
Circle,CIR_16,DIAM,7.117,7.100,0.017,-0.050,0.050,,Criterion : Least Square (From 4 Pts On PL_FIXTURE) 
Circle,CIR_16,X,17.430,17.321,0.108,,,,
Circle,CIR_16,Z,387.348,387.439,-0.092,,,,
Circle,CIR_17,DIAM,7.119,7.100,0.019,-0.050,0.050,,Criterion : Least Square (From 4 Pts On PL_FIXTURE) 
Circle,CIR_17,X,17.424,17.321,0.103,,,,
Circle,CIR_17,Z,304.139,304.239,-0.101,,,,
Circle,CIR_18,DIAM,7.120,7.100,0.020,-0.050,0.050,,Criterion : Least Square (From 4 Pts On PL_FIXTURE) 
Circle,CIR_18,X,17.233,17.321,-0.088,,,,
Circle,CIR_18,Z,227.876,228.000,-0.124,,,,
Circle,CIR_19,DIAM,7.116,7.100,0.016,-0.050,0.050,,Criterion : Least Square (From 4 Pts On PL_FIXTURE) 
Circle,CIR_19,X,17.172,17.321,-0.149,,,,
Circle,CIR_19,Z,152.128,152.000,0.128,,,,
Circle,CIR_20,DIAM,7.117,7.100,0.017,-0.050,0.050,,Criterion : Least Square (From 4 Pts On PL_FIXTURE) 
Circle,CIR_20,X,17.398,17.321,0.076,,,,
Circle,CIR_20,Z,76.134,76.000,0.134,,,,
Pos. Tol.,POS_1,PTOL,0.000,0.000,0.000,0.000,0.800,,CIR_1/NOMINAL - CS_ABC - C-Zone - XZ - Nominal
Pos. Tol.,POS_2,PTOL,0.165,0.000,0.165,0.000,0.800,,CIR_2/NOMINAL - CS_ABC - C-Zone - XZ - Nominal
Pos. Tol.,POS_3,PTOL,0.085,0.000,0.085,0.000,0.800,,CIR_3/NOMINAL - CS_ABC - C-Zone - XZ - Nominal
Pos. Tol.,POS_4,PTOL,0.263,0.000,0.263,0.000,0.800,,CIR_4/NOMINAL - CS_ABC - C-Zone - XZ - Nominal
Pos. Tol.,POS_5,PTOL,0.300,0.000,0.300,0.000,0.800,,CIR_5/NOMINAL - CS_ABC - C-Zone - XZ - Nominal
Pos. Tol.,POS_6,PTOL,0.505,0.000,0.505,0.000,0.800,,CIR_6/NOMINAL - CS_ABC - C-Zone - XZ - Nominal
Pos. Tol.,POS_7,PTOL,0.536,0.000,0.536,0.000,0.800,,CIR_7/NOMINAL - CS_ABC - C-Zone - XZ - Nominal
Pos. Tol.,POS_8,PTOL,0.576,0.000,0.576,0.000,0.800,,CIR_8/NOMINAL - CS_ABC - C-Zone - XZ - Nominal
Pos. Tol.,POS_9,PTOL,0.449,0.000,0.449,0.000,0.800,,CIR_9/NOMINAL - CS_ABC - C-Zone - XZ - Nominal
Pos. Tol.,POS_10,PTOL,0.162,0.000,0.162,0.000,0.800,,CIR_10/NOMINAL - CS_ABC - C-Zone - XZ - Nominal
Pos. Tol.,POS_11,PTOL,0.180,0.000,0.180,0.000,0.800,,CIR_11/NOMINAL - CS_ABC - C-Zone - XZ - Nominal
Pos. Tol.,POS_12,PTOL,0.382,0.000,0.382,0.000,0.800,,CIR_12/NOMINAL - CS_ABC - C-Zone - XZ - Nominal
Pos. Tol.,POS_13,PTOL,0.299,0.000,0.299,0.000,0.800,,CIR_13/NOMINAL - CS_ABC - C-Zone - XZ - Nominal
Pos. Tol.,POS_14,PTOL,0.293,0.000,0.293,0.000,0.800,,CIR_14/NOMINAL - CS_ABC - C-Zone - XZ - Nominal
Pos. Tol.,POS_15,PTOL,0.160,0.000,0.160,0.000,0.800,,CIR_15/NOMINAL - CS_ABC - C-Zone - XZ - Nominal
Pos. Tol.,POS_16,PTOL,0.284,0.000,0.284,0.000,0.800,,CIR_16/NOMINAL - CS_ABC - C-Zone - XZ - Nominal
Pos. Tol.,POS_17,PTOL,0.287,0.000,0.287,0.000,0.800,,CIR_17/NOMINAL - CS_ABC - C-Zone - XZ - Nominal
Pos. Tol.,POS_18,PTOL,0.305,0.000,0.305,0.000,0.800,,CIR_18/NOMINAL - CS_ABC - C-Zone - XZ - Nominal
Pos. Tol.,POS_19,PTOL,0.393,0.000,0.393,0.000,0.800,,CIR_19/NOMINAL - CS_ABC - C-Zone - XZ - Nominal
Pos. Tol.,POS_20,PTOL,0.308,0.000,0.308,0.000,0.800,,CIR_20/NOMINAL - CS_ABC - C-Zone - XZ - Nominal
Perpend.,PERP_B,PERP,0.014,0.000,0.014,0.000,0.130,,CYL_B/PL_FIXTURE - C-Zone - Cloud of Points 
Profile of Line,PROFILE_INSIDE_PAN_AT_GAGE,PRFL,2.964,0.000,2.964,0.000,3.000,,SECTION_INSIDE_2.5MM
