Feat. Type,Feat. Name,Value,Actual,Nominal,Dev.,Tol-,Tol+,Out of Tol.,Comment
Text/Value,VAR_PROGRAM,VAL,,,,,,,'N:\Metrolog XG\Programmes\Ford 3,5L GTDI 2017\Ford 3.5L GTDI Complete (Module 44).gm2'
Text/Value,VAR_EVENEMENT,VAL,,,,,,,'DEM'
Text/Value,VAR_COMMENTAIRES,VAL,,,,,,,'286 A'
Text/Value,PROFILE_A,VAL,0.133315,0.000000,0.133315,0.000000,0.500000,,
Circle,CIR_B,DIAM,4.680,4.700,-0.020,-0.100,0.100,,Criterion : Least Square (From 3 Pts On PL_BACK_FIXTURE) 
Circle,CIR_B,X,-0.000,0.000,0.000,,,,
Circle,CIR_B,Z,0.000,0.000,0.000,,,,
Circle,CIR_C,DIAM,4.638,4.700,-0.062,-0.100,0.100,,Criterion : Least Square (From 3 Pts On PL_BACK_FIXTURE) 
Circle,CIR_C,X,-0.000,-0.000,0.000,,,,
Circle,CIR_C,Z,-211.856,-212.000,0.143,,,,
Circle,CIR1,X,16.039,15.900,0.139,,,,From 4 Pts On PL_PLAST_1
Circle,CIR1,Z,48.847,48.700,0.147,,,,
Circle,CIR2,X,43.620,43.400,0.220,,,,From 4 Pts On PL_PLAST_2
Circle,CIR2,Z,-52.700,-52.800,0.100,,,,
Circle,CIR3,X,16.133,15.900,0.233,,,,From 4 Pts On PL_PLAST_3
Circle,CIR3,Z,-158.688,-158.800,0.112,,,,
Circle,CIR4,X,43.461,43.400,0.061,,,,From 4 Pts On PL_PLAST_4
Circle,CIR4,Z,-264.723,-264.800,0.077,,,,
Circle,CIR5,X,221.816,221.700,0.116,,,,From 4 Pts On PL_PLAST_5
Circle,CIR5,Z,-297.061,-296.800,-0.261,,,,
Circle,CIR6,X,194.911,195.200,-0.289,,,,From 4 Pts On PL_PLAST_6
Circle,CIR6,Z,-195.543,-195.300,-0.243,,,,
Circle,CIR7,X,222.653,222.700,-0.047,,,,From 3 Pts On PL_PLAST_7
Circle,CIR7,Z,-89.492,-89.300,-0.192,,,,
Circle,CIR8,X,195.015,195.200,-0.185,,,,From 4 Pts On PL_PLAST_8
Circle,CIR8,Z,16.519,16.700,-0.181,,,,
Pos. Tol.,POS_B,PTOL,0.000,0.000,0.000,0.000,0.500,,CIR_B/NOMINAL - CS_ABC - C-Zone - XZ - Nominal
Pos. Tol.,POS_C,PTOL,0.287,0.000,0.287,0.000,0.500,,CIR_C/NOMINAL - CS_ABC_BF_PORTS - C-Zone - XZ - Nominal
Pos. Tol.,POS_1,PTOL,0.405,0.000,0.405,0.000,1.500,,CIR1/NOMINAL - CS_ABC_BF_PORTS - C-Zone - XZ - Nominal
Pos. Tol.,POS_2,PTOL,0.484,0.000,0.484,0.000,1.500,,CIR2/NOMINAL - CS_ABC_BF_PORTS - C-Zone - XZ - Nominal
Pos. Tol.,POS_3,PTOL,0.517,0.000,0.517,0.000,1.500,,CIR3/NOMINAL - CS_ABC_BF_PORTS - C-Zone - XZ - Nominal
Pos. Tol.,POS_4,PTOL,0.197,0.000,0.197,0.000,1.500,,CIR4/NOMINAL - CS_ABC_BF_PORTS - C-Zone - XZ - Nominal
Pos. Tol.,POS_5,PTOL,0.571,0.000,0.571,0.000,1.500,,CIR5/NOMINAL - CS_ABC_BF_PORTS - C-Zone - XZ - Nominal
Pos. Tol.,POS_6,PTOL,0.756,0.000,0.756,0.000,1.500,,CIR6/NOMINAL - CS_ABC_BF_PORTS - C-Zone - XZ - Nominal
Pos. Tol.,POS_7,PTOL,0.396,0.000,0.396,0.000,1.500,,CIR7/NOMINAL - CS_ABC_BF_PORTS - C-Zone - XZ - Nominal
Pos. Tol.,POS_8,PTOL,0.519,0.000,0.519,0.000,1.500,,CIR8/NOMINAL - CS_ABC_BF_PORTS - C-Zone - XZ - Nominal
Circle,CIR_11,DIAM,6.777,6.800,-0.023,-0.100,0.100,,Criterion : Least Square (From 8 Pts On PL_PLAST_11) 
Circle,CIR_11,X,-14.055,-14.000,-0.055,,,,
Circle,CIR_11,Y,29.759,30.500,-0.741,,,,
Circle,CIR_11,Z,0.094,-0.000,0.094,,,,
Circle,CIR_12,DIAM,6.765,6.800,-0.035,-0.100,0.100,,Criterion : Least Square (From 8 Pts On PL_PLAST_12) 
Circle,CIR_12,X,-14.097,-14.000,-0.097,,,,
Circle,CIR_12,Y,29.753,30.500,-0.747,,,,
Circle,CIR_12,Z,-105.790,-106.000,0.210,,,,
Circle,CIR_13,DIAM,6.774,6.800,-0.026,-0.100,0.100,,Criterion : Least Square (From 8 Pts On PL_PLAST_13) 
Circle,CIR_13,X,-14.064,-14.000,-0.064,,,,
Circle,CIR_13,Y,29.924,30.500,-0.576,,,,
Circle,CIR_13,Z,-211.820,-212.000,0.179,,,,
Circle,CIR_14,DIAM,6.821,6.800,0.021,-0.100,0.100,,Criterion : Least Square (From 6 Pts On PL_PLAST_14) 
Circle,CIR_14,X,119.284,119.320,-0.036,,,,
Circle,CIR_14,Y,30.664,30.500,0.164,,,,
Circle,CIR_14,Z,-281.028,-281.000,-0.028,,,,
Circle,CIR_15,DIAM,6.768,6.800,-0.032,-0.100,0.100,,Criterion : Least Square (From 8 Pts On PL_PLAST_15) 
Circle,CIR_15,X,252.492,252.640,-0.148,,,,
Circle,CIR_15,Y,29.711,30.500,-0.789,,,,
Circle,CIR_15,Z,-142.623,-142.300,-0.323,,,,
Circle,CIR_16,DIAM,6.751,6.800,-0.049,-0.100,0.100,,Criterion : Least Square (From 8 Pts On PL_PLAST_16) 
Circle,CIR_16,X,252.697,252.640,0.057,,,,
Circle,CIR_16,Y,29.621,30.500,-0.879,,,,
Circle,CIR_16,Z,-36.345,-36.300,-0.045,,,,
Circle,CIR_A,DIAM,73.983,74.000,-0.017,-0.300,0.300,,Criterion : Least Square (From 36 Pts On PL_PLAST_PT.A) 
Circle,CIR_A,X,119.769,119.162,0.607,,,,
Circle,CIR_A,Y,1.775,3.289,-1.514,,,,
Circle,CIR_A,Z,188.296,188.276,0.020,,,,
Circle,CIR_17,X,79.983,79.320,0.663,,,,Criterion : Least Square (From 6 Pts On PL_INS_17) 
Circle,CIR_17,Y,33.719,35.146,-1.428,,,,
Circle,CIR_17,Z,194.177,193.894,0.283,,,,
Circle,CIR_18,X,159.828,159.320,0.508,,,,Criterion : Least Square (From 6 Pts On PL_INS_18) 
Circle,CIR_18,Y,33.478,35.146,-1.668,,,,
Circle,CIR_18,Z,194.341,193.894,0.448,,,,
Circle,CIR_19,X,159.697,159.320,0.377,,,,Criterion : Least Square (From 6 Pts On PL_INS_19) 
Circle,CIR_19,Y,-30.385,-28.866,-1.519,,,,
Circle,CIR_19,Z,182.672,182.606,0.065,,,,
Circle,CIR_20,X,79.785,79.320,0.465,,,,Criterion : Least Square (From 6 Pts On PL_INS_20) 
Circle,CIR_20,Y,-30.165,-28.866,-1.299,,,,
Circle,CIR_20,Z,182.725,182.606,0.119,,,,
Circle,2D_CIR_A,X,-0.000,0.000,0.000,,,,
Circle,2D_CIR_A,Y,-0.000,0.000,0.000,,,,
Circle,2D_CIR_17,X,-39.871,-40.000,0.129,,,,
Circle,2D_CIR_17,Y,32.375,32.500,-0.125,,,,
Circle,2D_CIR_17,F.F.,0.058,,0.058,,,,
Circle,2D_CIR_18,X,39.974,40.000,-0.026,,,,
Circle,2D_CIR_18,Y,32.379,32.500,-0.121,,,,
Circle,2D_CIR_18,F.F.,0.026,,0.026,,,,
Circle,2D_CIR_19,X,40.015,40.000,0.015,,,,
Circle,2D_CIR_19,Y,-32.542,-32.500,-0.042,,,,
Circle,2D_CIR_19,F.F.,0.074,,0.074,,,,
Circle,2D_CIR_20,X,-39.898,-40.000,0.102,,,,
Circle,2D_CIR_20,Y,-32.527,-32.500,-0.027,,,,
Circle,2D_CIR_20,F.F.,0.067,,0.067,,,,
Circle,CIR_25,DIAM,12.055,12.000,0.055,-0.080,0.080,,Criterion : Least Square (From 24 Pts On PL_PLAST_25) 
Circle,CIR_25,X,124.878,124.320,0.558,,,,
Circle,CIR_25,Y,73.267,74.140,-0.873,,,,
Circle,CIR_25,Z,-238.868,-238.750,-0.118,,,,
Circle,CIR_PORT_C,DIAM,9.483,9.490,-0.007,-0.060,0.060,,Inters. PL_PORT_C - CYL_PORT_C.
Circle,CIR_PORT_C,X,204.875,202.700,2.175,,,,
Circle,CIR_PORT_C,Y,46.994,47.600,-0.606,,,,
Circle,CIR_PORT_C,Z,141.588,141.400,0.188,,,,
Circle,CIR_PORT_B,DIAM,15.829,15.800,0.029,-0.100,0.150,,Inters. PL_PORT_B - CYL_PORT_B.
Circle,CIR_PORT_B,X,217.426,217.150,0.276,,,,
Circle,CIR_PORT_B,Y,16.033,15.090,0.943,,,,
Circle,CIR_PORT_B,Z,175.819,176.250,-0.431,,,,
Circle,CIR_PORT_D,DIAM,15.820,15.800,0.020,-0.100,0.150,,Inters. PL_PORT_D - CYL_PORT_D.
Circle,CIR_PORT_D,X,20.001,19.400,0.601,,,,
Circle,CIR_PORT_D,Y,53.369,53.550,-0.181,,,,
Circle,CIR_PORT_D,Z,69.710,69.250,0.460,,,,
Circle,2D_CIR_26,DIAM,5.129,5.200,-0.071,-0.100,0.100,,
Circle,2D_CIR_26,X,-20.181,-20.000,-0.181,,,,
Circle,2D_CIR_26,Z,0.000,0.000,0.000,,,,
Circle,2D_CIR_26A,DIAM,5.126,5.200,-0.074,-0.100,0.100,,
Circle,2D_CIR_26A,X,-20.094,-20.000,-0.094,,,,
Circle,2D_CIR_26A,Z,-0.053,0.000,-0.053,,,,
Distance,OP1_WIDTH_1,D1,4.046,4.000,0.046,-0.200,0.200,,OP1_PT1_OW_GAGE - OP1_PT1_IW_GAGE / OP1_CS
Distance,OP1_WIDTH_2,D1,3.854,4.000,-0.146,-0.200,0.200,,OP1_PT2_OW_GAGE - OP1_PT2_IW_GAGE / OP1_CS
Distance,OP1_WIDTH_3,D1,3.716,4.000,-0.284,-0.350,0.200,,OP1_PT3_OW_GAGE - OP1_PT3_IW_GAGE / OP1_CS
Distance,OP1_WIDTH_4,D1,3.732,4.000,-0.268,-0.350,0.200,,OP1_PT4_OW_GAGE - OP1_PT4_IW_GAGE / OP1_CS
Distance,OP1_WIDTH_5,D1,4.009,4.000,0.009,-0.200,0.200,,OP1_PT5_OW_GAGE - OP1_PT5_IW_GAGE / OP1_CS
Distance,OP1_WIDTH_6,D1,4.145,4.000,0.145,-0.200,0.200,,OP1_PT6_OW_GAGE - OP1_PT6_IW_GAGE / OP1_CS
Distance,OP1_WIDTH_7,D1,3.995,4.000,-0.005,-0.200,0.200,,OP1_PT7_OW_GAGE - OP1_PT7_IW_GAGE / OP1_CS
Distance,OP1_WIDTH_8,D1,3.900,4.000,-0.100,-0.200,0.200,,OP1_PT8_OW_GAGE - OP1_PT8_IW_GAGE / OP1_CS
Distance,OP1_WIDTH_9,D1,3.953,4.000,-0.047,-0.200,0.200,,OP1_PT9_OW_GAGE - OP1_PT9_IW_GAGE / OP1_CS
Distance,OP1_WIDTH_10,D1,4.090,4.000,0.090,-0.200,0.200,,OP1_PT10_OW_GAGE - OP1_PT10_IW_GAGE / OP1_CS
Distance,OP1_DEPTH_1,D1,2.769,3.000,-0.231,-0.300,0.250,,OP1_PT1_DEPTH - PL_FIXTURE / OP1_CS
Distance,OP1_DEPTH_2,D1,2.714,3.000,-0.286,-0.350,0.250,,OP1_PT2_DEPTH - PL_FIXTURE / OP1_CS
Distance,OP1_DEPTH_3,D1,2.786,3.000,-0.214,-0.250,0.250,,OP1_PT3_DEPTH - PL_FIXTURE / OP1_CS
Distance,OP1_DEPTH_4,D1,2.833,3.000,-0.167,-0.250,0.250,,OP1_PT4_DEPTH - PL_FIXTURE / OP1_CS
Distance,OP1_DEPTH_5,D1,2.890,3.000,-0.110,-0.250,0.250,,OP1_PT5_DEPTH - PL_FIXTURE / OP1_CS
Distance,OP1_DEPTH_6,D1,2.825,3.000,-0.175,-0.250,0.250,,OP1_PT6_DEPTH - PL_FIXTURE / OP1_CS
Distance,OP1_DEPTH_7,D1,2.814,3.000,-0.186,-0.300,0.250,,OP1_PT7_DEPTH - PL_FIXTURE / OP1_CS
Distance,OP1_DEPTH_8,D1,2.849,3.000,-0.151,-0.300,0.250,,OP1_PT8_DEPTH - PL_FIXTURE / OP1_CS
Distance,OP1_DEPTH_9,D1,2.895,3.000,-0.105,-0.250,0.250,,OP1_PT9_DEPTH - PL_FIXTURE / OP1_CS
Distance,OP1_DEPTH_10,D1,2.913,3.000,-0.087,-0.250,0.250,,OP1_PT10_DEPTH - PL_FIXTURE / OP1_CS
Distance,OP2_WIDTH_1,D1,4.140,4.000,0.140,-0.200,0.200,,OP2_PT1_OW_GAGE - OP2_PT1_IW_GAGE / OP2_CS
Distance,OP2_WIDTH_2,D1,4.013,4.000,0.013,-0.200,0.200,,OP2_PT2_OW_GAGE - OP2_PT2_IW_GAGE / OP2_CS
Distance,OP2_WIDTH_3,D1,3.739,4.000,-0.261,-0.300,0.200,,OP2_PT3_OW_GAGE - OP2_PT3_IW_GAGE / OP2_CS
Distance,OP2_WIDTH_4,D1,3.764,4.000,-0.236,-0.300,0.200,,OP2_PT4_OW_GAGE - OP2_PT4_IW_GAGE / OP2_CS
Distance,OP2_WIDTH_5,D1,3.964,4.000,-0.036,-0.200,0.200,,OP2_PT5_OW_GAGE - OP2_PT5_IW_GAGE / OP2_CS
Distance,OP2_WIDTH_6,D1,4.102,4.000,0.102,-0.200,0.200,,OP2_PT6_OW_GAGE - OP2_PT6_IW_GAGE / OP2_CS
Distance,OP2_WIDTH_7,D1,4.072,4.000,0.072,-0.200,0.200,,OP2_PT7_OW_GAGE - OP2_PT7_IW_GAGE / OP2_CS
Distance,OP2_WIDTH_8,D1,3.998,4.000,-0.002,-0.200,0.200,,OP2_PT8_OW_GAGE - OP2_PT8_IW_GAGE / OP2_CS
Distance,OP2_WIDTH_9,D1,4.027,4.000,0.027,-0.200,0.200,,OP2_PT9_OW_GAGE - OP2_PT9_IW_GAGE / OP2_CS
Distance,OP2_WIDTH_10,D1,4.136,4.000,0.136,-0.200,0.200,,OP2_PT10_OW_GAGE - OP2_PT10_IW_GAGE / OP2_CS
Distance,OP2_DEPTH_1,D1,2.877,3.000,-0.123,-0.250,0.250,,OP2_PT1_DEPTH - PL_FIXTURE / OP2_CS
Distance,OP2_DEPTH_2,D1,2.905,3.000,-0.095,-0.250,0.250,,OP2_PT2_DEPTH - PL_FIXTURE / OP2_CS
Distance,OP2_DEPTH_3,D1,3.024,3.000,0.024,-0.250,0.250,,OP2_PT3_DEPTH - PL_FIXTURE / OP2_CS
Distance,OP2_DEPTH_4,D1,3.062,3.000,0.062,-0.250,0.250,,OP2_PT4_DEPTH - PL_FIXTURE / OP2_CS
Distance,OP2_DEPTH_5,D1,2.926,3.000,-0.074,-0.250,0.250,,OP2_PT5_DEPTH - PL_FIXTURE / OP2_CS
Distance,OP2_DEPTH_6,D1,2.820,3.000,-0.180,-0.250,0.250,,OP2_PT6_DEPTH - PL_FIXTURE / OP2_CS
Distance,OP2_DEPTH_7,D1,2.851,3.000,-0.149,-0.250,0.250,,OP2_PT7_DEPTH - PL_FIXTURE / OP2_CS
Distance,OP2_DEPTH_8,D1,2.879,3.000,-0.121,-0.250,0.250,,OP2_PT8_DEPTH - PL_FIXTURE / OP2_CS
Distance,OP2_DEPTH_9,D1,2.900,3.000,-0.100,-0.250,0.250,,OP2_PT9_DEPTH - PL_FIXTURE / OP2_CS
Distance,OP2_DEPTH_10,D1,2.943,3.000,-0.057,-0.250,0.250,,OP2_PT10_DEPTH - PL_FIXTURE / OP2_CS
Distance,OP3_WIDTH_1,D1,4.136,4.000,0.136,-0.200,0.200,,OP3_PT1_OW_GAGE - OP3_PT1_IW_GAGE / OP3_CS
Distance,OP3_WIDTH_2,D1,3.988,4.000,-0.012,-0.200,0.200,,OP3_PT2_OW_GAGE - OP3_PT2_IW_GAGE / OP3_CS
Distance,OP3_WIDTH_3,D1,3.699,4.000,-0.301,-0.350,0.200,,OP3_PT3_OW_GAGE - OP3_PT3_IW_GAGE / OP3_CS
Distance,OP3_WIDTH_4,D1,3.725,4.000,-0.275,-0.300,0.200,,OP3_PT4_OW_GAGE - OP3_PT4_IW_GAGE / OP3_CS
Distance,OP3_WIDTH_5,D1,3.957,4.000,-0.043,-0.200,0.200,,OP3_PT5_OW_GAGE - OP3_PT5_IW_GAGE / OP3_CS
Distance,OP3_WIDTH_6,D1,4.006,4.000,0.006,-0.200,0.200,,OP3_PT6_OW_GAGE - OP3_PT6_IW_GAGE / OP3_CS
Distance,OP3_WIDTH_7,D1,4.000,4.000,0.000,-0.200,0.200,,OP3_PT7_OW_GAGE - OP3_PT7_IW_GAGE / OP3_CS
Distance,OP3_WIDTH_8,D1,4.001,4.000,0.001,-0.200,0.200,,OP3_PT8_OW_GAGE - OP3_PT8_IW_GAGE / OP3_CS
Distance,OP3_WIDTH_9,D1,3.998,4.000,-0.002,-0.200,0.200,,OP3_PT9_OW_GAGE - OP3_PT9_IW_GAGE / OP3_CS
Distance,OP3_WIDTH_10,D1,4.155,4.000,0.155,-0.200,0.250,,OP3_PT10_OW_GAGE - OP3_PT10_IW_GAGE / OP3_CS
Distance,OP3_DEPTH_1,D1,2.974,3.000,-0.026,-0.250,0.250,,OP3_PT1_DEPTH - PL_FIXTURE / OP3_CS
Distance,OP3_DEPTH_2,D1,3.064,3.000,0.064,-0.250,0.250,,OP3_PT2_DEPTH - PL_FIXTURE / OP3_CS
Distance,OP3_DEPTH_3,D1,3.122,3.000,0.122,-0.250,0.250,,OP3_PT3_DEPTH - PL_FIXTURE / OP3_CS
Distance,OP3_DEPTH_4,D1,3.128,3.000,0.128,-0.250,0.250,,OP3_PT4_DEPTH - PL_FIXTURE / OP3_CS
Distance,OP3_DEPTH_5,D1,3.097,3.000,0.097,-0.250,0.250,,OP3_PT5_DEPTH - PL_FIXTURE / OP3_CS
Distance,OP3_DEPTH_6,D1,3.071,3.000,0.071,-0.250,0.250,,OP3_PT6_DEPTH - PL_FIXTURE / OP3_CS
Distance,OP3_DEPTH_7,D1,3.083,3.000,0.083,-0.250,0.250,,OP3_PT7_DEPTH - PL_FIXTURE / OP3_CS
Distance,OP3_DEPTH_8,D1,3.037,3.000,0.037,-0.250,0.250,,OP3_PT8_DEPTH - PL_FIXTURE / OP3_CS
Distance,OP3_DEPTH_9,D1,2.986,3.000,-0.014,-0.250,0.250,,OP3_PT9_DEPTH - PL_FIXTURE / OP3_CS
Distance,OP3_DEPTH_10,D1,2.903,3.000,-0.097,-0.250,0.250,,OP3_PT10_DEPTH - PL_FIXTURE / OP3_CS
Distance,OP4_WIDTH_1,D1,4.164,4.000,0.164,-0.200,0.250,,OP4_PT1_OW_GAGE - OP4_PT1_IW_GAGE / OP4_CS
Distance,OP4_WIDTH_2,D1,4.012,4.000,0.012,-0.200,0.200,,OP4_PT2_OW_GAGE - OP4_PT2_IW_GAGE / OP4_CS
Distance,OP4_WIDTH_3,D1,3.767,4.000,-0.233,-0.300,0.200,,OP4_PT3_OW_GAGE - OP4_PT3_IW_GAGE / OP4_CS
Distance,OP4_WIDTH_4,D1,3.787,4.000,-0.213,-0.300,0.200,,OP4_PT4_OW_GAGE - OP4_PT4_IW_GAGE / OP4_CS
Distance,OP4_WIDTH_5,D1,4.048,4.000,0.048,-0.200,0.200,,OP4_PT5_OW_GAGE - OP4_PT5_IW_GAGE / OP4_CS
Distance,OP4_WIDTH_6,D1,4.155,4.000,0.155,-0.200,0.200,,OP4_PT6_OW_GAGE - OP4_PT6_IW_GAGE / OP4_CS
Distance,OP4_WIDTH_7,D1,4.079,4.000,0.079,-0.200,0.200,,OP4_PT7_OW_GAGE - OP4_PT7_IW_GAGE / OP4_CS
Distance,OP4_WIDTH_8,D1,4.022,4.000,0.022,-0.200,0.200,,OP4_PT8_OW_GAGE - OP4_PT8_IW_GAGE / OP4_CS
Distance,OP4_WIDTH_9,D1,4.051,4.000,0.051,-0.200,0.200,,OP4_PT9_OW_GAGE - OP4_PT9_IW_GAGE / OP4_CS
Distance,OP4_WIDTH_10,D1,4.207,4.000,0.207,-0.200,0.250,,OP4_PT10_OW_GAGE - OP4_PT10_IW_GAGE / OP4_CS
Distance,OP4_DEPTH_1,D1,2.949,3.000,-0.051,-0.250,0.250,,OP4_PT1_DEPTH - PL_FIXTURE / OP4_CS
Distance,OP4_DEPTH_2,D1,2.975,3.000,-0.025,-0.250,0.250,,OP4_PT2_DEPTH - PL_FIXTURE / OP4_CS
Distance,OP4_DEPTH_3,D1,3.003,3.000,0.003,-0.250,0.250,,OP4_PT3_DEPTH - PL_FIXTURE / OP4_CS
Distance,OP4_DEPTH_4,D1,3.011,3.000,0.011,-0.250,0.250,,OP4_PT4_DEPTH - PL_FIXTURE / OP4_CS
Distance,OP4_DEPTH_5,D1,2.966,3.000,-0.034,-0.250,0.250,,OP4_PT5_DEPTH - PL_FIXTURE / OP4_CS
Distance,OP4_DEPTH_6,D1,2.842,3.000,-0.158,-0.250,0.250,,OP4_PT6_DEPTH - PL_FIXTURE / OP4_CS
Distance,OP4_DEPTH_7,D1,2.844,3.000,-0.156,-0.250,0.250,,OP4_PT7_DEPTH - PL_FIXTURE / OP4_CS
Distance,OP4_DEPTH_8,D1,2.872,3.000,-0.128,-0.250,0.250,,OP4_PT8_DEPTH - PL_FIXTURE / OP4_CS
Distance,OP4_DEPTH_9,D1,2.903,3.000,-0.097,-0.250,0.250,,OP4_PT9_DEPTH - PL_FIXTURE / OP4_CS
Distance,OP4_DEPTH_10,D1,2.940,3.000,-0.060,-0.250,0.250,,OP4_PT10_DEPTH - PL_FIXTURE / OP4_CS
Distance,OP5_WIDTH_1,D1,4.114,4.000,0.114,-0.200,0.200,,OP5_PT1_OW_GAGE - OP5_PT1_IW_GAGE / OP5_CS
Distance,OP5_WIDTH_2,D1,4.003,4.000,0.003,-0.200,0.200,,OP5_PT2_OW_GAGE - OP5_PT2_IW_GAGE / OP5_CS
Distance,OP5_WIDTH_3,D1,3.739,4.000,-0.261,-0.300,0.200,,OP5_PT3_OW_GAGE - OP5_PT3_IW_GAGE / OP5_CS
Distance,OP5_WIDTH_4,D1,3.745,4.000,-0.255,-0.300,0.200,,OP5_PT4_OW_GAGE - OP5_PT4_IW_GAGE / OP5_CS
Distance,OP5_WIDTH_5,D1,3.964,4.000,-0.036,-0.200,0.200,,OP5_PT5_OW_GAGE - OP5_PT5_IW_GAGE / OP5_CS
Distance,OP5_WIDTH_6,D1,4.105,4.000,0.105,-0.200,0.200,,OP5_PT6_OW_GAGE - OP5_PT6_IW_GAGE / OP5_CS
Distance,OP5_WIDTH_7,D1,4.141,4.000,0.141,-0.200,0.200,,OP5_PT7_OW_GAGE - OP5_PT7_IW_GAGE / OP5_CS
Distance,OP5_WIDTH_8,D1,4.009,4.000,0.009,-0.200,0.200,,OP5_PT8_OW_GAGE - OP5_PT8_IW_GAGE / OP5_CS
Distance,OP5_WIDTH_9,D1,4.009,4.000,0.009,-0.200,0.200,,OP5_PT9_OW_GAGE - OP5_PT9_IW_GAGE / OP5_CS
Distance,OP5_WIDTH_10,D1,4.069,4.000,0.069,-0.200,0.200,,OP5_PT10_OW_GAGE - OP5_PT10_IW_GAGE / OP5_CS
Distance,OP5_DEPTH_1,D1,2.984,3.000,-0.016,-0.250,0.250,,OP5_PT1_DEPTH - PL_FIXTURE / OP5_CS
Distance,OP5_DEPTH_2,D1,3.045,3.000,0.045,-0.250,0.250,,OP5_PT2_DEPTH - PL_FIXTURE / OP5_CS
Distance,OP5_DEPTH_3,D1,3.061,3.000,0.061,-0.250,0.250,,OP5_PT3_DEPTH - PL_FIXTURE / OP5_CS
Distance,OP5_DEPTH_4,D1,3.073,3.000,0.073,-0.250,0.250,,OP5_PT4_DEPTH - PL_FIXTURE / OP5_CS
Distance,OP5_DEPTH_5,D1,3.021,3.000,0.021,-0.250,0.250,,OP5_PT5_DEPTH - PL_FIXTURE / OP5_CS
Distance,OP5_DEPTH_6,D1,2.973,3.000,-0.027,-0.250,0.250,,OP5_PT6_DEPTH - PL_FIXTURE / OP5_CS
Distance,OP5_DEPTH_7,D1,2.979,3.000,-0.021,-0.250,0.250,,OP5_PT7_DEPTH - PL_FIXTURE / OP5_CS
Distance,OP5_DEPTH_8,D1,3.017,3.000,0.017,-0.250,0.250,,OP5_PT8_DEPTH - PL_FIXTURE / OP5_CS
Distance,OP5_DEPTH_9,D1,3.035,3.000,0.035,-0.250,0.250,,OP5_PT9_DEPTH - PL_FIXTURE / OP5_CS
Distance,OP5_DEPTH_10,D1,3.059,3.000,0.059,-0.250,0.250,,OP5_PT10_DEPTH - PL_FIXTURE / OP5_CS
Distance,OP6_WIDTH_1,D1,4.156,4.000,0.156,-0.200,0.200,,OP6_PT1_OW_GAGE - OP6_PT1_IW_GAGE / OP6_CS
Distance,OP6_WIDTH_2,D1,3.986,4.000,-0.014,-0.200,0.200,,OP6_PT2_OW_GAGE - OP6_PT2_IW_GAGE / OP6_CS
Distance,OP6_WIDTH_3,D1,3.800,4.000,-0.200,-0.300,0.200,,OP6_PT3_OW_GAGE - OP6_PT3_IW_GAGE / OP6_CS
Distance,OP6_WIDTH_4,D1,3.793,4.000,-0.207,-0.300,0.200,,OP6_PT4_OW_GAGE - OP6_PT4_IW_GAGE / OP6_CS
Distance,OP6_WIDTH_5,D1,4.040,4.000,0.040,-0.200,0.200,,OP6_PT5_OW_GAGE - OP6_PT5_IW_GAGE / OP6_CS
Distance,OP6_WIDTH_6,D1,4.215,4.000,0.215,-0.200,0.300,,OP6_PT6_OW_GAGE - OP6_PT6_IW_GAGE / OP6_CS
Distance,OP6_WIDTH_7,D1,4.109,4.000,0.109,-0.200,0.200,,OP6_PT7_OW_GAGE - OP6_PT7_IW_GAGE / OP6_CS
Distance,OP6_WIDTH_8,D1,4.027,4.000,0.027,-0.200,0.200,,OP6_PT8_OW_GAGE - OP6_PT8_IW_GAGE / OP6_CS
Distance,OP6_WIDTH_9,D1,4.014,4.000,0.014,-0.200,0.200,,OP6_PT9_OW_GAGE - OP6_PT9_IW_GAGE / OP6_CS
Distance,OP6_WIDTH_10,D1,4.157,4.000,0.157,-0.200,0.250,,OP6_PT10_OW_GAGE - OP6_PT10_IW_GAGE / OP6_CS
Distance,OP6_DEPTH_1,D1,2.847,3.000,-0.153,-0.250,0.250,,OP6_PT1_DEPTH - PL_FIXTURE / OP6_CS
Distance,OP6_DEPTH_2,D1,2.900,3.000,-0.100,-0.250,0.250,,OP6_PT2_DEPTH - PL_FIXTURE / OP6_CS
Distance,OP6_DEPTH_3,D1,2.901,3.000,-0.099,-0.250,0.250,,OP6_PT3_DEPTH - PL_FIXTURE / OP6_CS
Distance,OP6_DEPTH_4,D1,2.863,3.000,-0.137,-0.250,0.250,,OP6_PT4_DEPTH - PL_FIXTURE / OP6_CS
Distance,OP6_DEPTH_5,D1,2.787,3.000,-0.213,-0.250,0.250,,OP6_PT5_DEPTH - PL_FIXTURE / OP6_CS
Distance,OP6_DEPTH_6,D1,2.757,3.000,-0.243,-0.350,0.250,,OP6_PT6_DEPTH - PL_FIXTURE / OP6_CS
Distance,OP6_DEPTH_7,D1,2.843,3.000,-0.157,-0.250,0.250,,OP6_PT7_DEPTH - PL_FIXTURE / OP6_CS
Distance,OP6_DEPTH_8,D1,2.828,3.000,-0.172,-0.250,0.250,,OP6_PT8_DEPTH - PL_FIXTURE / OP6_CS
Distance,OP6_DEPTH_9,D1,2.819,3.000,-0.181,-0.250,0.250,,OP6_PT9_DEPTH - PL_FIXTURE / OP6_CS
Distance,OP6_DEPTH_10,D1,2.813,3.000,-0.187,-0.250,0.250,,OP6_PT10_DEPTH - PL_FIXTURE / OP6_CS
Profile of Line,PROFILE_OP_1,PRFL,0.299,0.000,0.299,0.000,1.750,,SECT_OP1
Profile of Line,PROFILE_OP_2,PRFL,0.389,0.000,0.389,0.000,1.750,,SECT_OP2
Profile of Line,PROFILE_OP_3,PRFL,0.955,0.000,0.955,0.000,1.750,,SECT_OP3
Profile of Line,PROFILE_OP_4,PRFL,0.663,0.000,0.663,0.000,1.750,,SECT_OP4
Profile of Line,PROFILE_OP_5,PRFL,0.951,0.000,0.951,0.000,1.750,,SECT_OP5
Profile of Line,PROFILE_OP_6,PRFL,0.932,0.000,0.932,0.000,1.750,,SECT_OP6
Pos. Tol.,POS_11,PTOL,0.219,0.000,0.219,0.000,4.000,,CIR_11/NOMINAL - CS_ABC - C-Zone - XZ - Nominal
Pos. Tol.,POS_12,PTOL,0.462,0.000,0.462,0.000,4.000,,CIR_12/NOMINAL - CS_ABC - C-Zone - XZ - Nominal
Pos. Tol.,POS_13,PTOL,0.380,0.000,0.380,0.000,4.000,,CIR_13/NOMINAL - CS_ABC - C-Zone - XZ - Nominal
Pos. Tol.,POS_14,PTOL,0.091,0.000,0.091,0.000,4.000,,CIR_14/NOMINAL - CS_ABC - C-Zone - XZ - Nominal
Pos. Tol.,POS_15,PTOL,0.710,0.000,0.710,0.000,4.000,,CIR_15/NOMINAL - CS_ABC - C-Zone - XZ - Nominal
Pos. Tol.,POS_16,PTOL,0.145,0.000,0.145,0.000,4.000,,CIR_16/NOMINAL - CS_ABC - C-Zone - XZ - Nominal
Flatness,FLATNESS_D,FLTN,0.199,0.000,0.199,0.000,0.500,,PL_DATUM_D
Pos. Tol.,POS_2D_17,PTOL,0.359,0.000,0.359,0.000,0.500,,2D_CIR_17/NOMINAL - CS_DE_BF - C-Zone - XY - Nominal
Pos. Tol.,POS_2D_18,PTOL,0.248,0.000,0.248,0.000,0.500,,2D_CIR_18/NOMINAL - CS_DE_BF - C-Zone - XY - Nominal
Pos. Tol.,POS_2D_19,PTOL,0.088,0.000,0.088,0.000,0.500,,2D_CIR_19/NOMINAL - CS_DE_BF - C-Zone - XY - Nominal
Pos. Tol.,POS_2D_20,PTOL,0.211,0.000,0.211,0.000,0.500,,2D_CIR_20/NOMINAL - CS_DE_BF - C-Zone - XY - Nominal
Pos. Tol.,POS_PORT_B,PTOL,2.073,0.000,2.073,0.000,4.000,,CIR_PORT_B/NOMINAL - CS_ABC - C-Zone - YZ - Nominal
Pos. Tol.,POS_PORT_C,PTOL,1.268,0.000,1.268,0.000,4.000,,CIR_PORT_C/NOMINAL - CS_ABC - C-Zone - YZ - Nominal
Pos. Tol.,POS_PORT_D,PTOL,0.988,0.000,0.988,0.000,4.000,,CIR_PORT_D/NOMINAL - CS_ABC - C-Zone - YZ - Nominal
Pos. Tol.,POS_25,PTOL,1.140,0.000,1.140,0.000,3.000,,CIR_25/NOMINAL - CS_ABC_BF_PORTS - C-Zone - XZ - Nominal
Pos. Tol.,POS_26,PTOL,0.909,0.000,0.909,0.000,3.000,,CIR_26/NOMINAL - CS_ABC_BF_PORTS - C-Zone - XZ - Nominal
Pos. Tol.,POS_26A,PTOL,0.925,0.000,0.925,0.000,3.000,,CIR_26A/NOMINAL - CS_ABC_BF_PORTS - C-Zone - XZ - Nominal
Perpend.,PERP_25,PERP,0.008,0.000,0.008,0.000,0.250,,CONE_25/PL_PLAST_25 - C-Zone - Cloud of Points 
Pos. Tol.,POS_17,PTOL,3.199,0.000,3.199,0.000,5.000,,CIR_17/NOMINAL - CS_ABC - C-Zone - XYZ - Nominal
Pos. Tol.,POS_18,PTOL,3.601,0.000,3.601,0.000,5.000,,CIR_18/NOMINAL - CS_ABC - C-Zone - XYZ - Nominal
Pos. Tol.,POS_19,PTOL,3.132,0.000,3.132,0.000,5.000,,CIR_19/NOMINAL - CS_ABC - C-Zone - XYZ - Nominal
Pos. Tol.,POS_20,PTOL,2.770,0.000,2.770,0.000,5.000,,CIR_20/NOMINAL - CS_ABC - C-Zone - XYZ - Nominal
Distance,H_17,Z,0.418,0.275,0.143,-0.225,0.225,,CIR_17 - PL_PLAST_17 / CS_DE_BF
Distance,H_18,Z,0.441,0.275,0.166,-0.225,0.225,,CIR_18 - PL_PLAST_18 / CS_DE_BF
Distance,H_19,Z,0.401,0.275,0.126,-0.225,0.225,,CIR_19 - PL_PLAST_19 / CS_DE_BF
Distance,H_20,Z,0.362,0.275,0.087,-0.225,0.225,,CIR_20 - PL_PLAST_20 / CS_DE_BF
Distance,WIDTH_TB.1,D1,2.945,3.000,-0.055,-0.200,0.200,,0W2.5_1.1 - IW2.5_1.1 / CS_DE_BF
Distance,WIDTH_TB.2,D1,2.981,3.000,-0.019,-0.200,0.200,,0W2.5_1.2 - IW2.5_1.2 / CS_DE_BF
Distance,WIDTH_TB.3,D1,3.010,3.000,0.010,-0.200,0.200,,0W2.5_1.3 - IW2.5_1.3 / CS_DE_BF
Distance,WIDTH_TB.4,D1,2.957,3.000,-0.043,-0.200,0.200,,0W2.5_1.4 - IW2.5_1.4 / CS_DE_BF
Distance,WIDTH_TB.5,D1,2.949,3.000,-0.051,-0.200,0.200,,0W2.5_1.5 - IW2.5_1.5 / CS_DE_BF
Distance,WIDTH_TB.6,D1,3.064,3.000,0.064,-0.200,0.200,,0W2.5_1.6 - IW2.5_1.6 / CS_DE_BF
Distance,WIDTH_TB.7,D1,3.024,3.000,0.024,-0.200,0.200,,0W2.5_1.7 - IW2.5_1.7 / CS_DE_BF
Distance,WIDTH_TB.8,D1,2.957,3.000,-0.043,-0.200,0.200,,0W2.5_1.8 - IW2.5_1.8 / CS_DE_BF
Distance,DEPTH_TB.1,D1,5.051,5.000,0.051,-0.250,0.250,,TB_DP.1 - PL_DATUM_D / CS_DE_BF
Distance,DEPTH_TB.2,D1,4.941,5.000,-0.059,-0.300,0.250,,TB_DP.2 - PL_DATUM_D / CS_DE_BF
Distance,DEPTH_TB.3,D1,4.972,5.000,-0.028,-0.250,0.250,,TB_DP.3 - PL_DATUM_D / CS_DE_BF
Distance,DEPTH_TB.4,D1,5.106,5.000,0.106,-0.250,0.250,,TB_DP.4 - PL_DATUM_D / CS_DE_BF
Distance,DEPTH_TB.5,D1,5.083,5.000,0.083,-0.250,0.250,,TB_DP.5 - PL_DATUM_D / CS_DE_BF
Distance,DEPTH_TB.6,D1,4.735,5.000,-0.265,-0.450,0.250,,TB_DP.6 - PL_DATUM_D / CS_DE_BF
Distance,DEPTH_TB.7,D1,4.841,5.000,-0.159,-0.350,0.250,,TB_DP.7 - PL_DATUM_D / CS_DE_BF
Distance,DEPTH_TB.8,D1,5.120,5.000,0.120,-0.250,0.250,,TB_DP.8 - PL_DATUM_D / CS_DE_BF
