Feat. Type,Feat. Name,Value,Actual,Nominal,Dev.,Tol-,Tol+,Out of Tol.,Comment
Text/Value,VAR_PROGRAM,VAL,,,,,,,'N:\Metrolog XG\Programmes\Mercury Marine TigerShark\Mercury Marine TigerShark Complete (Module 51).gm2'
Text/Value,VAR_EVENEMENT,VAL,,,,,,,'Demarrage 285 C'
Text/Value,VAR_COMMENTAIRES,VAL,,,,,,,'Part No.'
Text/Value,PROF_A,VAL,0.211935,,,0.000000,0.500000,,
Circle,CIR_B,DIAM,8.341,8.400,-0.059,-0.100,0.100,,Criterion : Least Square (From 4 Pts On PL_FIXTURE) 
Circle,CIR_B,X,0.000,0.000,0.000,,,,
Circle,CIR_B,Z,0.000,0.000,0.000,,,,
Pos. Tol.,POS_B,PTOL,0.000,0.000,0.000,0.000,0.250,,CIR_B/NOMINAL - CS_ABC - C-Zone - XZ - Nominal
Circle,CIR_C,DIAM,7.820,7.900,-0.080,-0.100,0.100,,Criterion : Least Square (From 4 Pts On PL_FIXTURE) 
Circle,CIR_C,X,0.000,0.000,0.000,,,,
Circle,CIR_C,Z,-362.787,-362.800,0.013,,,,
Pos. Tol.,POS_C,PTOL,0.027,0.000,0.027,0.000,0.500,,CIR_C/NOMINAL - CS_ABC - C-Zone - XZ - Nominal
Circle,CIR1,X,-45.110,-45.500,0.390,,,,From 4 Pts On PL_FIXTURE
Circle,CIR1,Z,4.678,4.600,0.078,,,,
Pos. Tol.,POS_1,PTOL,0.795,0.000,0.795,0.000,1.200,,CIR1/NOMINAL - CS_ABC - C-Zone - XZ - Nominal
Circle,CIR2,X,-44.808,-44.800,-0.008,,,,From 4 Pts On PL_FIXTURE
Circle,CIR2,Z,-89.464,-89.500,0.036,,,,
Pos. Tol.,POS_2,PTOL,0.074,0.000,0.074,0.000,1.200,,CIR2/NOMINAL - CS_ABC - C-Zone - XZ - Nominal
Circle,CIR3,X,-44.830,-44.800,-0.030,,,,From 4 Pts On PL_FIXTURE
Circle,CIR3,Z,-178.851,-179.000,0.149,,,,
Pos. Tol.,POS_3,PTOL,0.304,0.000,0.304,0.000,1.200,,CIR3/NOMINAL - CS_ABC - C-Zone - XZ - Nominal
Circle,CIR4,X,-39.655,-39.550,-0.105,,,,From 4 Pts On PL_FIXTURE
Circle,CIR4,Z,-268.882,-269.100,0.218,,,,
Pos. Tol.,POS_4,PTOL,0.483,0.000,0.483,0.000,1.200,,CIR4/NOMINAL - CS_ABC - C-Zone - XZ - Nominal
Circle,CIR5,X,-31.055,-31.300,0.245,,,,From 4 Pts On PL_FIXTURE
Circle,CIR5,Z,-365.678,-366.000,0.322,,,,
Pos. Tol.,POS_5,PTOL,0.809,0.000,0.809,0.000,1.200,,CIR5/NOMINAL - CS_ABC - C-Zone - XZ - Nominal
Circle,CIR6,X,3.006,3.200,-0.194,,,,From 4 Pts On PL_FIXTURE
Circle,CIR6,Z,-284.300,-284.500,0.200,,,,
Pos. Tol.,POS_6,PTOL,0.557,0.000,0.557,0.000,1.200,,CIR6/NOMINAL - CS_ABC - C-Zone - XZ - Nominal
Circle,CIR7,X,3.116,3.200,-0.084,,,,From 4 Pts On PL_FIXTURE
Circle,CIR7,Z,-187.449,-187.500,0.051,,,,
Pos. Tol.,POS_7,PTOL,0.196,0.000,0.196,0.000,1.200,,CIR7/NOMINAL - CS_ABC - C-Zone - XZ - Nominal
Circle,CIR_8,X,3.007,3.200,-0.193,,,,From 4 Pts On PL_FIXTURE
Circle,CIR_8,Z,-89.597,-89.500,-0.097,,,,
Pos. Tol.,POS_8,PTOL,0.433,0.000,0.433,0.000,1.200,,CIR_8/NOMINAL - CS_ABC - C-Zone - XZ - Nominal
Circle,CIR_9,X,-189.953,-189.800,-0.153,,,,From 4 Pts On PL_PLAST_9
Circle,CIR_9,Z,-67.713,-67.702,-0.011,,,,
Pos. Tol.,POS_9,PTOL,0.307,0.000,0.307,0.000,1.200,,CIR_9/NOMINAL - CS_ABC - C-Zone - XZ - Nominal
Circle,CIR_10,X,-189.966,-189.800,-0.166,,,,From 4 Pts On PL_PLAST_10
Circle,CIR_10,Z,-202.726,-203.002,0.275,,,,
Pos. Tol.,POS_10,PTOL,0.643,0.000,0.643,0.000,1.200,,CIR_10/NOMINAL - CS_ABC - C-Zone - XZ - Nominal
Profile of Line,PROFILE_IN_OP1,PRFL,0.545,0.000,0.545,0.000,1.500,,OP1_SECT_IN
Profile of Line,PROFILE_IN_OP2,PRFL,0.413,0.000,0.413,0.000,1.500,,OP2_SECT_IN
Profile of Line,PROFILE_IN_OP3,PRFL,0.541,0.000,0.541,0.000,1.500,,OP3_SECT_IN
Profile of Line,PROFILE_IN_OP4,PRFL,0.532,0.000,0.532,0.000,1.500,,OP4_SECT_IN
Distance,OP1_WIDTH_1,D1,2.976,3.000,-0.024,-0.150,0.150,,OP1_PT1_OW_GAGE - OP1_PT1_IW_GAGE / OP1_CS
Distance,OP1_WIDTH_2,D1,3.004,3.000,0.004,-0.150,0.150,,OP1_PT2_OW_GAGE - OP1_PT2_IW_GAGE / OP1_CS
Distance,OP1_WIDTH_3,D1,3.005,3.000,0.005,-0.150,0.150,,OP1_PT3_OW_GAGE - OP1_PT3_IW_GAGE / OP1_CS
Distance,OP1_WIDTH_4,D1,3.100,3.000,0.100,-0.150,0.150,,OP1_PT4_OW_GAGE - OP1_PT4_IW_GAGE / OP1_CS
Distance,OP1_WIDTH_5,D1,2.878,3.000,-0.122,-0.150,0.150,,OP1_PT5_OW_GAGE - OP1_PT5_IW_GAGE / OP1_CS
Distance,OP1_WIDTH_6,D1,2.922,3.000,-0.078,-0.150,0.150,,OP1_PT6_OW_GAGE - OP1_PT6_IW_GAGE / OP1_CS
Distance,OP1_WIDTH_7,D1,3.046,3.000,0.046,-0.150,0.150,,OP1_PT7_OW_GAGE - OP1_PT7_IW_GAGE / OP1_CS
Distance,OP1_DEPTH_1,D1,4.924,5.000,-0.076,-0.250,0.250,,OP1_PT1_DEPTH - PL_FIXTURE / OP1_CS
Distance,OP1_DEPTH_2,D1,4.931,5.000,-0.069,-0.250,0.250,,OP1_PT2_DEPTH - PL_FIXTURE / OP1_CS
Distance,OP1_DEPTH_3,D1,5.066,5.000,0.066,-0.250,0.250,,OP1_PT3_DEPTH - PL_FIXTURE / OP1_CS
Distance,OP1_DEPTH_4,D1,5.019,5.000,0.019,-0.250,0.250,,OP1_PT4_DEPTH - PL_FIXTURE / OP1_CS
Distance,OP1_DEPTH_5,D1,5.058,5.000,0.058,-0.250,0.250,,OP1_PT5_DEPTH - PL_FIXTURE / OP1_CS
Distance,OP1_DEPTH_6,D1,4.929,5.000,-0.071,-0.250,0.250,,OP1_PT6_DEPTH - PL_FIXTURE / OP1_CS
Distance,OP1_DEPTH_7,D1,4.931,5.000,-0.069,-0.250,0.250,,OP1_PT7_DEPTH - PL_FIXTURE / OP1_CS
Distance,OP1_DEPTH_8,D1,5.069,5.000,0.069,-0.250,0.250,,OP1_PT8_DEPTH - PL_FIXTURE / OP1_CS
Distance,OP2_WIDTH_1,D1,2.957,3.000,-0.043,-0.150,0.150,,OP2_PT1_OW_GAGE - OP2_PT1_IW_GAGE / OP2_CS
Distance,OP2_WIDTH_2,D1,2.936,3.000,-0.064,-0.150,0.150,,OP2_PT2_OW_GAGE - OP2_PT2_IW_GAGE / OP2_CS
Distance,OP2_WIDTH_3,D1,2.990,3.000,-0.010,-0.150,0.150,,OP2_PT3_OW_GAGE - OP2_PT3_IW_GAGE / OP2_CS
Distance,OP2_WIDTH_4,D1,2.970,3.000,-0.030,-0.150,0.150,,OP2_PT4_OW_GAGE - OP2_PT4_IW_GAGE / OP2_CS
Distance,OP2_WIDTH_5,D1,2.983,3.000,-0.017,-0.150,0.150,,OP2_PT5_OW_GAGE - OP2_PT5_IW_GAGE / OP2_CS
Distance,OP2_WIDTH_6,D1,2.910,3.000,-0.090,-0.150,0.150,,OP2_PT6_OW_GAGE - OP2_PT6_IW_GAGE / OP2_CS
Distance,OP2_WIDTH_7,D1,3.070,3.000,0.070,-0.150,0.150,,OP2_PT7_OW_GAGE - OP2_PT7_IW_GAGE / OP2_CS
Distance,OP2_DEPTH_1,D1,4.951,5.000,-0.049,-0.250,0.250,,OP2_PT1_DEPTH - PL_FIXTURE / OP2_CS
Distance,OP2_DEPTH_2,D1,5.011,5.000,0.011,-0.250,0.250,,OP2_PT2_DEPTH - PL_FIXTURE / OP2_CS
Distance,OP2_DEPTH_3,D1,5.109,5.000,0.109,-0.250,0.250,,OP2_PT3_DEPTH - PL_FIXTURE / OP2_CS
Distance,OP2_DEPTH_4,D1,5.026,5.000,0.026,-0.250,0.250,,OP2_PT4_DEPTH - PL_FIXTURE / OP2_CS
Distance,OP2_DEPTH_5,D1,5.015,5.000,0.015,-0.250,0.250,,OP2_PT5_DEPTH - PL_FIXTURE / OP2_CS
Distance,OP2_DEPTH_6,D1,4.955,5.000,-0.045,-0.250,0.250,,OP2_PT6_DEPTH - PL_FIXTURE / OP2_CS
Distance,OP2_DEPTH_7,D1,4.924,5.000,-0.076,-0.250,0.250,,OP2_PT7_DEPTH - PL_FIXTURE / OP2_CS
Distance,OP2_DEPTH_8,D1,5.087,5.000,0.087,-0.250,0.250,,OP2_PT8_DEPTH - PL_FIXTURE / OP2_CS
Distance,OP3_WIDTH_1,D1,2.962,3.000,-0.038,-0.150,0.150,,OP3_PT1_OW_GAGE - OP3_PT1_IW_GAGE / OP3_CS
Distance,OP3_WIDTH_2,D1,2.910,3.000,-0.090,-0.150,0.150,,OP3_PT2_OW_GAGE - OP3_PT2_IW_GAGE / OP3_CS
Distance,OP3_WIDTH_3,D1,3.043,3.000,0.043,-0.150,0.150,,OP3_PT3_OW_GAGE - OP3_PT3_IW_GAGE / OP3_CS
Distance,OP3_WIDTH_4,D1,3.018,3.000,0.018,-0.150,0.150,,OP3_PT4_OW_GAGE - OP3_PT4_IW_GAGE / OP3_CS
Distance,OP3_WIDTH_5,D1,2.879,3.000,-0.121,-0.150,0.150,,OP3_PT5_OW_GAGE - OP3_PT5_IW_GAGE / OP3_CS
Distance,OP3_WIDTH_6,D1,2.968,3.000,-0.032,-0.150,0.150,,OP3_PT6_OW_GAGE - OP3_PT6_IW_GAGE / OP3_CS
Distance,OP3_WIDTH_7,D1,3.060,3.000,0.060,-0.150,0.150,,OP3_PT7_OW_GAGE - OP3_PT7_IW_GAGE / OP3_CS
Distance,OP3_DEPTH_1,D1,4.926,5.000,-0.074,-0.250,0.250,,OP3_PT1_DEPTH - PL_FIXTURE / OP3_CS
Distance,OP3_DEPTH_2,D1,4.938,5.000,-0.062,-0.250,0.250,,OP3_PT2_DEPTH - PL_FIXTURE / OP3_CS
Distance,OP3_DEPTH_3,D1,4.958,5.000,-0.042,-0.250,0.250,,OP3_PT3_DEPTH - PL_FIXTURE / OP3_CS
Distance,OP3_DEPTH_4,D1,4.941,5.000,-0.059,-0.250,0.250,,OP3_PT4_DEPTH - PL_FIXTURE / OP3_CS
Distance,OP3_DEPTH_5,D1,4.945,5.000,-0.055,-0.250,0.250,,OP3_PT5_DEPTH - PL_FIXTURE / OP3_CS
Distance,OP3_DEPTH_6,D1,4.824,5.000,-0.176,-0.250,0.250,,OP3_PT6_DEPTH - PL_FIXTURE / OP3_CS
Distance,OP3_DEPTH_7,D1,4.937,5.000,-0.063,-0.250,0.250,,OP3_PT7_DEPTH - PL_FIXTURE / OP3_CS
Distance,OP3_DEPTH_8,D1,5.068,5.000,0.068,-0.250,0.250,,OP3_PT8_DEPTH - PL_FIXTURE / OP3_CS
Distance,OP4_WIDTH_1,D1,2.934,3.000,-0.066,-0.150,0.150,,OP4_PT1_OW_GAGE - OP4_PT1_IW_GAGE / OP4_CS
Distance,OP4_WIDTH_2,D1,2.956,3.000,-0.044,-0.150,0.150,,OP4_PT2_OW_GAGE - OP4_PT2_IW_GAGE / OP4_CS
Distance,OP4_WIDTH_3,D1,2.992,3.000,-0.008,-0.150,0.150,,OP4_PT3_OW_GAGE - OP4_PT3_IW_GAGE / OP4_CS
Distance,OP4_WIDTH_4,D1,3.110,3.000,0.110,-0.150,0.150,,OP4_PT4_OW_GAGE - OP4_PT4_IW_GAGE / OP4_CS
Distance,OP4_WIDTH_5,D1,2.892,3.000,-0.108,-0.150,0.150,,OP4_PT5_OW_GAGE - OP4_PT5_IW_GAGE / OP4_CS
Distance,OP4_WIDTH_6,D1,2.912,3.000,-0.088,-0.150,0.150,,OP4_PT6_OW_GAGE - OP4_PT6_IW_GAGE / OP4_CS
Distance,OP4_WIDTH_7,D1,3.040,3.000,0.040,-0.150,0.150,,OP4_PT7_OW_GAGE - OP4_PT7_IW_GAGE / OP4_CS
Distance,OP4_DEPTH_1,D1,4.837,5.000,-0.163,-0.250,0.250,,OP4_PT1_DEPTH - PL_FIXTURE / OP4_CS
Distance,OP4_DEPTH_2,D1,4.935,5.000,-0.065,-0.250,0.250,,OP4_PT2_DEPTH - PL_FIXTURE / OP4_CS
Distance,OP4_DEPTH_3,D1,5.001,5.000,0.001,-0.250,0.250,,OP4_PT3_DEPTH - PL_FIXTURE / OP4_CS
Distance,OP4_DEPTH_4,D1,4.888,5.000,-0.112,-0.250,0.250,,OP4_PT4_DEPTH - PL_FIXTURE / OP4_CS
Distance,OP4_DEPTH_5,D1,4.977,5.000,-0.023,-0.250,0.250,,OP4_PT5_DEPTH - PL_FIXTURE / OP4_CS
Distance,OP4_DEPTH_6,D1,4.945,5.000,-0.055,-0.250,0.250,,OP4_PT6_DEPTH - PL_FIXTURE / OP4_CS
Distance,OP4_DEPTH_7,D1,4.921,5.000,-0.079,-0.250,0.250,,OP4_PT7_DEPTH - PL_FIXTURE / OP4_CS
Distance,OP4_DEPTH_8,D1,4.988,5.000,-0.012,-0.250,0.250,,OP4_PT8_DEPTH - PL_FIXTURE / OP4_CS
Circle,2D_CIR_11,DIAM,51.751,52.000,-0.249,-0.500,0.500,,
Circle,2D_CIR_11,X,-28.042,-28.000,-0.042,,,,
Circle,2D_CIR_11,Y,-37.519,-37.400,-0.119,,,,
Pos. Tol.,POS_11,PTOL,0.252,0.000,0.252,0.000,1.000,,2D_CIR_11/NOMINAL - CS_DEF_BF - C-Zone - XY - Nominal
Circle,2D_CIR_12,DIAM,11.078,11.000,0.078,-0.250,0.250,,
Circle,2D_CIR_12,X,-36.670,-36.600,-0.070,,,,
Circle,2D_CIR_12,Y,-78.816,-78.850,0.034,,,,
Pos. Tol.,POS_12,PTOL,0.155,0.000,0.155,0.000,1.000,,2D_CIR_12/NOMINAL - CS_DEF_BF - C-Zone - XY - Nominal
Circle,CIR_13,DIAM,4.966,4.980,-0.014,-0.200,0.100,,Criterion : Least Square (From 6 Pts On PL_DATUM_D) 
Circle,CIR_13,X,-161.045,-160.800,-0.245,,,,
Circle,CIR_13,Y,4.388,4.500,-0.112,,,,
Pos. Tol.,POS_13,PTOL,0.539,0.000,0.539,0.000,3.000,,CIR_13/NOMINAL - CS_ABC - C-Zone - XY - Nominal
Circle,CIR_14,DIAM,4.935,4.980,-0.045,-0.200,0.100,,Criterion : Least Square (From 6 Pts On PL_DATUM_D) 
Circle,CIR_14,X,-161.108,-160.800,-0.308,,,,
Circle,CIR_14,Y,72.081,72.492,-0.412,,,,
Pos. Tol.,POS_14,PTOL,1.028,0.000,1.028,0.000,3.000,,CIR_14/NOMINAL - CS_ABC - C-Zone - XY - Nominal
Circle,CIR_15,DIAM,4.959,4.980,-0.021,-0.200,0.100,,Criterion : Least Square (From 6 Pts On PL_DATUM_D) 
Circle,CIR_15,X,-104.216,-103.794,-0.422,,,,
Circle,CIR_15,Y,75.663,76.004,-0.341,,,,
Pos. Tol.,POS_15,PTOL,1.085,0.000,1.085,0.000,3.000,,CIR_15/NOMINAL - CS_ABC - C-Zone - XY - Nominal
Circle,CIR_16,DIAM,4.956,4.980,-0.024,-0.200,0.100,,Criterion : Least Square (From 6 Pts On PL_DATUM_D) 
Circle,CIR_16,X,-103.300,-102.794,-0.505,,,,
Circle,CIR_16,Y,4.265,4.504,-0.239,,,,
Pos. Tol.,POS_16,PTOL,1.118,0.000,1.118,0.000,3.000,,CIR_16/NOMINAL - CS_ABC - C-Zone - XY - Nominal
Circle,2D_CIR_13,X,-56.871,-57.000,0.129,,,,
Circle,2D_CIR_13,Y,-71.342,-71.500,0.158,,,,
Pos. Tol.,POS_2D_13,PTOL,0.408,0.000,0.408,0.000,0.500,,2D_CIR_13/NOMINAL - CS_DEF_BF - C-Zone - XY - Nominal
Circle,2D_CIR_14,X,-56.947,-57.000,0.053,,,,
Circle,2D_CIR_14,Y,-3.649,-3.500,-0.149,,,,
Pos. Tol.,POS_2D_14,PTOL,0.316,0.000,0.316,0.000,0.500,,2D_CIR_14/NOMINAL - CS_DEF_BF - C-Zone - XY - Nominal
Circle,2D_CIR_15,X,-0.056,0.000,-0.056,,,,
Circle,2D_CIR_15,Y,-0.055,0.000,-0.055,,,,
Pos. Tol.,POS_2D_15,PTOL,0.158,0.000,0.158,0.000,0.500,,2D_CIR_15/NOMINAL - CS_DEF_BF - C-Zone - XY - Nominal
Circle,2D_CIR_16,X,0.875,1.000,-0.125,,,,
Circle,2D_CIR_16,Y,-71.453,-71.500,0.047,,,,
Pos. Tol.,POS_2D_16,PTOL,0.267,0.000,0.267,0.000,0.500,,2D_CIR_16/NOMINAL - CS_DEF_BF - C-Zone - XY - Nominal
Circle,CIR_17,DIAM,16.166,16.000,0.166,-0.250,0.250,,Inters. PL_PLAST_17 - CYL_17.
Circle,CIR_17,X,-181.215,-180.980,-0.235,,,,
Circle,CIR_17,Z,-162.641,-162.880,0.239,,,,
Pos. Tol.,POS_17,PTOL,0.478,0.000,0.478,0.000,2.000,,CIR_17/NOMINAL - CS_ABC - C-Zone - YZ - Nominal
Circle,CIR_18,DIAM,8.518,8.560,-0.042,-0.100,0.100,,Criterion : Least Square (From 8 Pts On PL_PLAST_18) 
Circle,CIR_18,X,-95.947,-95.800,-0.147,,,,
Circle,CIR_18,Z,-255.954,-256.500,0.546,,,,
Pos. Tol.,POS_18,PTOL,1.130,0.000,1.130,0.000,2.000,,CIR_18/NOMINAL - CS_ABC - C-Zone - XZ - Nominal
Circle,CIR_19,DIAM,8.007,8.000,0.007,-0.100,0.000,0.007,Criterion : Least Square (From 8 Pts On PL_PLAST_19) 
Circle,CIR_19,Y,90.977,91.700,-0.723,,,,
Circle,CIR_19,Z,-95.472,-95.000,-0.472,,,,
Pos. Tol.,POS_19,PTOL,1.727,0.000,1.727,0.000,2.500,,CIR_19/NOMINAL - CS_ABC - C-Zone - YZ - Nominal
Circle,2D_CIR_20,DIAM,3.186,3.200,-0.014,-0.100,0.100,,
Circle,2D_CIR_20,Y,0.056,0.000,0.056,,,,
Circle,2D_CIR_20,Z,13.066,13.000,0.066,,,,
Pos. Tol.,POS_20,PTOL,0.173,0.000,0.173,0.000,0.500,,2D_CIR_20/NOMINAL - CS_KL - C-Zone - YZ - Nominal
Circle,2D_CIR_21,DIAM,3.258,3.200,0.058,-0.100,0.100,,
Circle,2D_CIR_21,Y,0.056,0.000,0.056,,,,
Circle,2D_CIR_21,Z,-12.853,-13.000,0.147,,,,
Pos. Tol.,POS_21,PTOL,0.315,0.000,0.315,0.000,0.500,,2D_CIR_21/NOMINAL - CS_KL - C-Zone - YZ - Nominal
Circle,CIR_22,Y,70.999,71.000,-0.001,,,,Inters. PL_PLAST_22 - CYL_22.
Circle,CIR_22,Z,-149.520,-149.880,0.360,,,,
Pos. Tol.,POS_22,PTOL,0.721,0.000,0.721,0.000,2.000,,CIR_22/NOMINAL - CS_ABC - C-Zone - YZ - Nominal
Circle,CIR_23,Y,70.811,71.000,-0.189,,,,Inters. PL_PLAST_23 - CYL_23.
Circle,CIR_23,Z,-175.759,-175.880,0.121,,,,
Pos. Tol.,POS_23,PTOL,0.448,0.000,0.448,0.000,2.000,,CIR_23/NOMINAL - CS_ABC - C-Zone - YZ - Nominal
Circle,CIR_24,DIAM,5.002,5.000,0.002,-0.100,0.100,,Criterion : Least Square (From 6 Pts On PL_24) 
Circle,CIR_24,X,16.760,17.185,-0.424,,,,
Circle,CIR_24,Y,66.791,66.455,0.336,,,,
Circle,CIR_24,Z,-37.487,-37.771,0.285,,,,
Pos. Tol.,POS_24,PTOL,1.224,0.000,1.224,0.000,2.000,,CIR_24/NOMINAL - CS_ABC - C-Zone - XYZ - Nominal
Circle,CIR_25,DIAM,5.006,5.000,0.006,-0.100,0.100,,Criterion : Least Square (From 6 Pts On PL_25) 
Circle,CIR_25,X,16.620,17.185,-0.565,,,,
Circle,CIR_25,Y,66.638,66.455,0.183,,,,
Circle,CIR_25,Z,-135.517,-135.771,0.254,,,,
Pos. Tol.,POS_25,PTOL,1.292,0.000,1.292,0.000,2.000,,CIR_25/NOMINAL - CS_ABC - C-Zone - XYZ - Nominal
Circle,CIR_26,DIAM,4.961,5.000,-0.039,-0.100,0.100,,Criterion : Least Square (From 6 Pts On PL_26) 
Circle,CIR_26,X,16.748,17.185,-0.437,,,,
Circle,CIR_26,Y,66.645,66.455,0.190,,,,
Circle,CIR_26,Z,-233.549,-233.771,0.222,,,,
Pos. Tol.,POS_26,PTOL,1.051,0.000,1.051,0.000,2.000,,CIR_26/NOMINAL - CS_ABC - C-Zone - XYZ - Nominal
Circle,CIR_27,DIAM,5.012,5.000,0.012,-0.100,0.100,,Criterion : Least Square (From 6 Pts On PL_27) 
Circle,CIR_27,X,16.638,17.185,-0.547,,,,
Circle,CIR_27,Y,66.844,66.455,0.389,,,,
Circle,CIR_27,Z,-331.513,-331.771,0.258,,,,
Pos. Tol.,POS_27,PTOL,1.439,0.000,1.439,0.000,2.000,,CIR_27/NOMINAL - CS_ABC - C-Zone - XYZ - Nominal
Circle,2D_CIR_24,Y,0.079,0.000,0.079,,,,
Circle,2D_CIR_24,Z,0.030,0.000,0.030,,,,
Pos. Tol.,POS_2D_24,PTOL,0.078,0.000,0.078,0.000,1.000,,2D_CIR_24/NOMINAL - CS_GHJ_BF - C-Zone - XZ - Nominal
Circle,2D_CIR_25,Y,-0.125,0.000,-0.125,,,,
Circle,2D_CIR_25,Z,-98.001,-98.000,-0.001,,,,
Pos. Tol.,POS_2D_25,PTOL,0.035,0.000,0.035,0.000,1.000,,2D_CIR_25/NOMINAL - CS_GHJ_BF - C-Zone - XZ - Nominal
Circle,2D_CIR_26,Y,-0.040,0.000,-0.040,,,,
Circle,2D_CIR_26,Z,-196.033,-196.000,-0.033,,,,
Pos. Tol.,POS_2D_26,PTOL,0.231,0.000,0.231,0.000,1.000,,2D_CIR_26/NOMINAL - CS_GHJ_BF - C-Zone - XZ - Nominal
Circle,2D_CIR_27,Y,0.057,0.000,0.057,,,,
Circle,2D_CIR_27,Z,-293.997,-294.000,0.003,,,,
Pos. Tol.,POS_2D_27,PTOL,0.136,0.000,0.136,0.000,1.000,,2D_CIR_27/NOMINAL - CS_GHJ_BF - C-Zone - XZ - Nominal
Circle,2D_CIR_28,DIAM,13.958,14.000,-0.042,-0.100,0.100,,
Circle,2D_CIR_28,Y,-35.293,-35.200,-0.093,,,,
Circle,2D_CIR_28,Z,-0.279,-0.000,-0.279,,,,
Pos. Tol.,POS_2D_28,PTOL,0.787,0.000,0.787,0.000,1.500,,2D_CIR_28/NOMINAL - CS_GHJ_BF - C-Zone - XZ - Nominal
Circle,2D_CIR_29,DIAM,13.962,14.000,-0.038,-0.100,0.100,,
Circle,2D_CIR_29,Y,-34.937,-35.200,0.263,,,,
Circle,2D_CIR_29,Z,-97.999,-98.000,0.001,,,,
Pos. Tol.,POS_2D_29,PTOL,0.761,0.000,0.761,0.000,1.500,,2D_CIR_29/NOMINAL - CS_GHJ_BF - C-Zone - XZ - Nominal
Circle,2D_CIR_30,DIAM,13.949,14.000,-0.051,-0.100,0.100,,
Circle,2D_CIR_30,Y,-35.301,-35.200,-0.101,,,,
Circle,2D_CIR_30,Z,-196.125,-196.000,-0.125,,,,
Pos. Tol.,POS_2D_30,PTOL,1.060,0.000,1.060,0.000,1.500,,2D_CIR_30/NOMINAL - CS_GHJ_BF - C-Zone - XZ - Nominal
Circle,2D_CIR_31,DIAM,13.944,14.000,-0.056,-0.100,0.100,,
Circle,2D_CIR_31,Y,-35.319,-35.200,-0.119,,,,
Circle,2D_CIR_31,Z,-293.597,-294.000,0.403,,,,
Pos. Tol.,POS_2D_31,PTOL,0.825,0.000,0.825,0.000,1.500,,2D_CIR_31/NOMINAL - CS_GHJ_BF - C-Zone - XZ - Nominal
Circle,CIR_32,DIAM,6.822,6.700,0.122,-0.250,0.250,,Criterion : Least Square (From 6 Pts On PL_PLAST_32) 
Circle,CIR_32,Y,8.954,8.968,-0.014,,,,
Circle,CIR_32,Z,-107.963,-107.770,-0.192,,,,
Pos. Tol.,POS_32,PTOL,0.385,0.000,0.385,0.000,2.000,,CIR_32/NOMINAL - CS_ABC - C-Zone - YZ - Nominal
Circle,CIR_33,DIAM,6.803,6.700,0.103,-0.250,0.250,,Criterion : Least Square (From 6 Pts On PL_PLAST_33) 
Circle,CIR_33,Y,8.974,8.968,0.006,,,,
Circle,CIR_33,Z,-205.856,-205.770,-0.085,,,,
Pos. Tol.,POS_33,PTOL,0.171,0.000,0.171,0.000,2.000,,CIR_33/NOMINAL - CS_ABC - C-Zone - YZ - Nominal
Circle,CIR_34,DIAM,6.795,6.700,0.095,-0.250,0.250,,Criterion : Least Square (From 6 Pts On PL_PLAST_34) 
Circle,CIR_34,Y,8.994,8.968,0.026,,,,
Circle,CIR_34,Z,-303.584,-303.770,0.186,,,,
Pos. Tol.,POS_34,PTOL,0.376,0.000,0.376,0.000,2.000,,CIR_34/NOMINAL - CS_ABC - C-Zone - YZ - Nominal
Flatness,FLATNESS_D,FLTN,0.317,0.000,0.317,0.000,0.300,0.017,PL_DATUM_D
Distance,WIDTH_TB1,D1,2.978,3.000,-0.022,-0.150,0.150,,0W2.5_1.1 - IW2.5_1.1 / CS_DEF_BF
Distance,WIDTH_TB2,D1,3.027,3.000,0.027,-0.150,0.150,,0W2.5_1.2 - IW2.5_1.2 / CS_DEF_BF
Distance,WIDTH_TB3,D1,3.031,3.000,0.031,-0.150,0.150,,0W2.5_1.3 - IW2.5_1.3 / CS_DEF_BF
Distance,WIDTH_TB4,D1,2.983,3.000,-0.017,-0.150,0.150,,0W2.5_1.4 - IW2.5_1.4 / CS_DEF_BF
Distance,WIDTH_TB5,D1,2.943,3.000,-0.057,-0.150,0.150,,0W2.5_1.5 - IW2.5_1.5 / CS_DEF_BF
Distance,WIDTH_TB6,D1,2.980,3.000,-0.020,-0.150,0.150,,0W2.5_1.6 - IW2.5_1.6 / CS_DEF_BF
Distance,WIDTH_TB7,D1,3.045,3.000,0.045,-0.150,0.150,,0W2.5_1.7 - IW2.5_1.7 / CS_DEF_BF
Distance,WIDTH_TB8,D1,3.007,3.000,0.007,-0.150,0.150,,0W2.5_1.8 - IW2.5_1.8 / CS_DEF_BF
Distance,WIDTH_TB9,D1,3.101,3.000,0.101,-0.150,0.150,,12_0W2.5_1.1 - 12_IW2.5_1.1 / CS_DEF_BF
Distance,WIDTH_TB10,D1,3.135,3.000,0.135,-0.150,0.150,,12_0W2.5_1.2 - 12_IW2.5_1.2 / CS_DEF_BF
Distance,WIDTH_TB11,D1,3.087,3.000,0.087,-0.150,0.150,,12_0W2.5_1.3 - 12_IW2.5_1.3 / CS_DEF_BF
Distance,WIDTH_TB12,D1,3.001,3.000,0.001,-0.150,0.150,,12_0W2.5_1.4 - 12_IW2.5_1.4 / CS_DEF_BF
Distance,DEPTH_TB1,D1,5.200,5.000,0.200,-0.250,0.250,,TB_BOT_1.1 - PL_DATUM_D / CS_DEF_BF
Distance,DEPTH_TB2,D1,5.068,5.000,0.068,-0.250,0.250,,TB_BOT_1.2 - PL_DATUM_D / CS_DEF_BF
Distance,DEPTH_TB3,D1,5.032,5.000,0.032,-0.250,0.250,,TB_BOT_1.3 - PL_DATUM_D / CS_DEF_BF
Distance,DEPTH_TB4,D1,5.217,5.000,0.217,-0.250,0.250,,TB_BOT_1.4 - PL_DATUM_D / CS_DEF_BF
Distance,DEPTH_TB5,D1,5.246,5.000,0.246,-0.250,0.250,,TB_BOT_1.5 - PL_DATUM_D / CS_DEF_BF
Distance,DEPTH_TB6,D1,5.156,5.000,0.156,-0.250,0.250,,TB_BOT_1.6 - PL_DATUM_D / CS_DEF_BF
Distance,DEPTH_TB7,D1,5.099,5.000,0.099,-0.250,0.250,,TB_BOT_1.7 - PL_DATUM_D / CS_DEF_BF
Distance,DEPTH_TB8,D1,5.173,5.000,0.173,-0.250,0.250,,TB_BOT_1.8 - PL_DATUM_D / CS_DEF_BF
Distance,DEPTH_TB9,D1,5.245,5.000,0.245,-0.250,0.250,,12_BOT_.1 - PL_DATUM_D / CS_DEF_BF
Distance,DEPTH_TB10,D1,5.285,5.000,0.285,-0.250,0.250,0.035,12_BOT_.2 - PL_DATUM_D / CS_DEF_BF
Distance,DEPTH_TB11,D1,5.223,5.000,0.223,-0.250,0.250,,12_BOT_.3 - PL_DATUM_D / CS_DEF_BF
Distance,DEPTH_TB12,D1,5.162,5.000,0.162,-0.250,0.250,,12_BOT_.4 - PL_DATUM_D / CS_DEF_BF
Circle,CIR_35,DIAM,6.733,6.750,-0.017,-0.250,0.250,,Criterion : Least Square (From 6 Pts On PL_PLAST_35) 
Circle,CIR_35,X,19.502,19.200,0.302,,,,
Circle,CIR_35,Z,9.633,10.000,-0.367,,,,
Pos. Tol.,POS_35,PTOL,0.950,0.000,0.950,0.000,2.000,,CIR_35/NOMINAL - CS_ABC - C-Zone - XZ - Nominal
Circle,CIR_36,DIAM,6.783,6.750,0.033,-0.250,0.250,,Criterion : Least Square (From 6 Pts On PL_PLAST_36) 
Circle,CIR_36,X,-207.590,-207.800,0.210,,,,
Circle,CIR_36,Z,-67.499,-67.700,0.201,,,,
Pos. Tol.,POS_36,PTOL,0.580,0.000,0.580,0.000,2.000,,CIR_36/NOMINAL - CS_ABC - C-Zone - XZ - Nominal
