Feat. Type,Feat. Name,Value,Actual,Nominal,Dev.,Tol-,Tol+,Out of Tol.,Comment
Text/Value,VAR_PROGRAM,VAL,,,,,,,'N:\Metrolog XG\Programmes\Ford Transmission Pan 10R\Ford Transmission Pan 10R Complete (Module_51).gm2'
Text/Value,VAR_EVENEMENT,VAL,,,,,,,'PPAP'
Text/Value,VAR_COMMENTAIRES,VAL,,,,,,,'PART NO.C1-16'
Text/Value,PROFILE_A,VAL,0.352460,0.000000,0.352460,0.000000,0.250000,0.102460,
Circle,CIR_1,DIAM,7.106,7.100,0.006,-0.050,0.050,,Criterion : Least Square (From 4 Pts On PL_FIXTURE) 
Circle,CIR_1,X,0.000,0.000,0.000,,,,
Circle,CIR_1,Z,0.000,0.000,0.000,,,,
Circle,CIR_2,DIAM,7.114,7.100,0.014,-0.050,0.050,,Criterion : Least Square (From 4 Pts On PL_FIXTURE) 
Circle,CIR_2,X,-80.113,-80.079,-0.035,,,,
Circle,CIR_2,Z,-2.852,-2.811,-0.041,,,,
Circle,CIR_3,DIAM,7.104,7.100,0.004,-0.050,0.050,,Criterion : Least Square (From 4 Pts On PL_FIXTURE) 
Circle,CIR_3,X,-170.194,-170.079,-0.115,,,,
Circle,CIR_3,Z,-2.960,-2.811,-0.149,,,,
Circle,CIR_4,DIAM,7.995,8.300,-0.305,-0.050,0.050,-0.255,Criterion : Least Square (From 4 Pts On PL_FIXTURE) 
Circle,CIR_4,X,-224.766,-224.499,-0.267,,,,
Circle,CIR_4,Z,-4.542,-4.571,0.029,,,,
Circle,CIR_5,DIAM,7.110,7.100,0.010,-0.050,0.050,,Criterion : Least Square (From 4 Pts On PL_FIXTURE) 
Circle,CIR_5,X,-249.790,-249.499,-0.291,,,,
Circle,CIR_5,Z,-1.549,-1.571,0.022,,,,
Circle,CIR_6,DIAM,7.114,7.100,0.014,-0.050,0.050,,Criterion : Least Square (From 4 Pts On PL_FIXTURE) 
Circle,CIR_6,X,-272.822,-272.679,-0.143,,,,
Circle,CIR_6,Z,78.150,78.140,0.011,,,,
Circle,CIR_7,DIAM,7.110,7.100,0.010,-0.050,0.050,,Criterion : Least Square (From 4 Pts On PL_FIXTURE) 
Circle,CIR_7,X,-272.854,-272.679,-0.175,,,,
Circle,CIR_7,Z,157.173,157.140,0.033,,,,
Circle,CIR_8,DIAM,7.097,7.100,-0.003,-0.050,0.050,,Criterion : Least Square (From 4 Pts On PL_FIXTURE) 
Circle,CIR_8,X,-272.703,-272.679,-0.025,,,,
Circle,CIR_8,Z,236.152,236.140,0.013,,,,
Circle,CIR_9,DIAM,7.113,7.100,0.013,-0.050,0.050,,Criterion : Least Square (From 4 Pts On PL_FIXTURE) 
Circle,CIR_9,X,-272.604,-272.679,0.075,,,,
Circle,CIR_9,Z,315.269,315.140,0.130,,,,
Circle,CIR_10,DIAM,7.114,7.100,0.014,-0.050,0.050,,Criterion : Least Square (From 4 Pts On PL_FIXTURE) 
Circle,CIR_10,X,-272.457,-272.679,0.222,,,,
Circle,CIR_10,Z,394.184,394.140,0.044,,,,
Circle,CIR_11,DIAM,7.114,7.100,0.014,-0.050,0.050,,Criterion : Least Square (From 4 Pts On PL_FIXTURE) 
Circle,CIR_11,X,-254.682,-254.552,-0.131,,,,
Circle,CIR_11,Z,463.750,463.580,0.170,,,,
Circle,CIR_12,DIAM,7.113,7.100,0.013,-0.050,0.050,,Criterion : Least Square (From 4 Pts On PL_FIXTURE) 
Circle,CIR_12,X,-167.006,-166.879,-0.127,,,,
Circle,CIR_12,Z,474.717,474.589,0.128,,,,
Circle,CIR_13,DIAM,7.106,7.100,0.006,-0.050,0.050,,Criterion : Least Square (From 4 Pts On PL_FIXTURE) 
Circle,CIR_13,X,-79.441,-79.279,-0.162,,,,
Circle,CIR_13,Z,474.564,474.589,-0.025,,,,
Circle,CIR_14,DIAM,7.963,8.300,-0.337,-0.050,0.050,-0.287,Criterion : Least Square (From 4 Pts On PL_FIXTURE) 
Circle,CIR_14,X,-19.627,-19.499,-0.128,,,,
Circle,CIR_14,Z,473.339,473.429,-0.090,,,,
Circle,CIR_15,DIAM,7.114,7.100,0.014,-0.050,0.050,,Criterion : Least Square (From 4 Pts On PL_FIXTURE) 
Circle,CIR_15,X,8.250,8.321,-0.071,,,,
Circle,CIR_15,Z,470.711,470.589,0.122,,,,
Circle,CIR_16,DIAM,7.111,7.100,0.011,-0.050,0.050,,Criterion : Least Square (From 4 Pts On PL_FIXTURE) 
Circle,CIR_16,X,17.452,17.321,0.131,,,,
Circle,CIR_16,Z,387.456,387.439,0.017,,,,
Circle,CIR_17,DIAM,7.112,7.100,0.012,-0.050,0.050,,Criterion : Least Square (From 4 Pts On PL_FIXTURE) 
Circle,CIR_17,X,17.623,17.321,0.302,,,,
Circle,CIR_17,Z,304.287,304.239,0.048,,,,
Circle,CIR_18,DIAM,7.114,7.100,0.014,-0.050,0.050,,Criterion : Least Square (From 4 Pts On PL_FIXTURE) 
Circle,CIR_18,X,17.756,17.321,0.435,,,,
Circle,CIR_18,Z,228.077,228.000,0.077,,,,
Circle,CIR_19,DIAM,7.115,7.100,0.015,-0.050,0.050,,Criterion : Least Square (From 4 Pts On PL_FIXTURE) 
Circle,CIR_19,X,17.903,17.321,0.582,,,,
Circle,CIR_19,Z,152.138,152.000,0.138,,,,
Circle,CIR_20,DIAM,7.117,7.100,0.017,-0.050,0.050,,Criterion : Least Square (From 4 Pts On PL_FIXTURE) 
Circle,CIR_20,X,17.981,17.321,0.660,,,,
Circle,CIR_20,Z,76.021,76.000,0.021,,,,
Pos. Tol.,POS_1,PTOL,0.000,0.000,0.000,0.000,0.800,,CIR_1/NOMINAL - CS_ABC - C-Zone - XZ - Nominal
Pos. Tol.,POS_2,PTOL,0.107,0.000,0.107,0.000,0.800,,CIR_2/NOMINAL - CS_ABC - C-Zone - XZ - Nominal
Pos. Tol.,POS_3,PTOL,0.378,0.000,0.378,0.000,0.800,,CIR_3/NOMINAL - CS_ABC - C-Zone - XZ - Nominal
Pos. Tol.,POS_4,PTOL,0.537,0.000,0.537,0.000,0.800,,CIR_4/NOMINAL - CS_ABC - C-Zone - XZ - Nominal
Pos. Tol.,POS_5,PTOL,0.584,0.000,0.584,0.000,0.800,,CIR_5/NOMINAL - CS_ABC - C-Zone - XZ - Nominal
Pos. Tol.,POS_6,PTOL,0.287,0.000,0.287,0.000,0.800,,CIR_6/NOMINAL - CS_ABC - C-Zone - XZ - Nominal
Pos. Tol.,POS_7,PTOL,0.357,0.000,0.357,0.000,0.800,,CIR_7/NOMINAL - CS_ABC - C-Zone - XZ - Nominal
Pos. Tol.,POS_8,PTOL,0.055,0.000,0.055,0.000,0.800,,CIR_8/NOMINAL - CS_ABC - C-Zone - XZ - Nominal
Pos. Tol.,POS_9,PTOL,0.299,0.000,0.299,0.000,0.800,,CIR_9/NOMINAL - CS_ABC - C-Zone - XZ - Nominal
Pos. Tol.,POS_10,PTOL,0.452,0.000,0.452,0.000,0.800,,CIR_10/NOMINAL - CS_ABC - C-Zone - XZ - Nominal
Pos. Tol.,POS_11,PTOL,0.429,0.000,0.429,0.000,0.800,,CIR_11/NOMINAL - CS_ABC - C-Zone - XZ - Nominal
Pos. Tol.,POS_12,PTOL,0.361,0.000,0.361,0.000,0.800,,CIR_12/NOMINAL - CS_ABC - C-Zone - XZ - Nominal
Pos. Tol.,POS_13,PTOL,0.329,0.000,0.329,0.000,0.800,,CIR_13/NOMINAL - CS_ABC - C-Zone - XZ - Nominal
Pos. Tol.,POS_14,PTOL,0.314,0.000,0.314,0.000,0.800,,CIR_14/NOMINAL - CS_ABC - C-Zone - XZ - Nominal
Pos. Tol.,POS_15,PTOL,0.283,0.000,0.283,0.000,0.800,,CIR_15/NOMINAL - CS_ABC - C-Zone - XZ - Nominal
Pos. Tol.,POS_16,PTOL,0.264,0.000,0.264,0.000,0.800,,CIR_16/NOMINAL - CS_ABC - C-Zone - XZ - Nominal
Pos. Tol.,POS_17,PTOL,0.611,0.000,0.611,0.000,0.800,,CIR_17/NOMINAL - CS_ABC - C-Zone - XZ - Nominal
Pos. Tol.,POS_18,PTOL,0.883,0.000,0.883,0.000,0.800,0.083,CIR_18/NOMINAL - CS_ABC - C-Zone - XZ - Nominal
Pos. Tol.,POS_19,PTOL,1.196,0.000,1.196,0.000,0.800,0.396,CIR_19/NOMINAL - CS_ABC - C-Zone - XZ - Nominal
Pos. Tol.,POS_20,PTOL,1.321,0.000,1.321,0.000,0.800,0.521,CIR_20/NOMINAL - CS_ABC - C-Zone - XZ - Nominal
Perpend.,PERP_B,PERP,0.011,0.000,0.011,0.000,0.130,,CYL_B/PL_FIXTURE - C-Zone - Cloud of Points 
Profile of Line,PROFILE_INSIDE_PAN_AT_GAGE,PRFL,2.314,0.000,2.314,0.000,3.000,,SECTION_INSIDE_2.5MM
