Feat. Type,Feat. Name,Value,Actual,Nominal,Dev.,Tol-,Tol+,Out of Tol.,Comment
Text/Value,VAR_PROGRAM,VAL,,,,,,,'N:\Metrolog XG\Programmes\GM Twin Turbo\GM Twin Turbo Free State Retaining Ring Groove (Module 67 & 44).gm2'
Text/Value,VAR_EVENEMENT,VAL,,,,,,,'SMED'
Text/Value,VAR_COMMENTAIRES,VAL,,,,,,,'277 C'
Circle,CIR_4,DIAM,13.544,13.400,0.144,-0.150,0.150,,Criterion : Least Square (From 8 Pts On PL_DATUM_A) 
Circle,CIR_4,X,-79.329,-79.000,-0.329,,,,
Circle,CIR_4,Y,-121.925,-122.000,0.075,,,,
Circle,CIR_5,DIAM,13.541,13.400,0.141,-0.150,0.150,,Criterion : Least Square (From 8 Pts On PL_DATUM_A) 
Circle,CIR_5,X,-79.196,-79.000,-0.196,,,,
Circle,CIR_5,Y,-223.338,-223.500,0.162,,,,
Circle,CIR_10,DIAM,13.369,13.400,-0.031,-0.150,0.150,,Criterion : Least Square (From 8 Pts On PL_DATUM_A) 
Circle,CIR_10,X,78.855,79.000,-0.145,,,,
Circle,CIR_10,Y,-236.088,-236.000,-0.088,,,,
Circle,CIR_11,DIAM,13.550,13.400,0.150,-0.150,0.150,,Criterion : Least Square (From 8 Pts On PL_DATUM_A) 
Circle,CIR_11,X,78.837,79.000,-0.163,,,,
Circle,CIR_11,Y,-136.147,-136.000,-0.147,,,,
Circle,CIR_GROOVE,DIAM,86.834,86.900,-0.066,-0.300,0.300,,From 8 Pts On NOMINAL
Circle,CIR_GROOVE,X,0.064,0.000,0.064,,,,
Circle,CIR_GROOVE,Y,0.007,0.000,0.007,,,,
Circle,CIR_DATUM_X,DIAM,86.834,86.900,-0.066,-0.300,0.300,,Proj. CIR_DATUM_X / PL_TOP_TB.
Circle,CIR_DATUM_X,X,5.457,5.750,-0.293,,,,
Circle,CIR_DATUM_X,Y,-130.256,-130.060,-0.196,,,,
Circle,CIR_WELDED_RING,DIAM,78.447,79.000,-0.553,-0.750,0.750,,From 8 Pts On PL_TOP_TB
Circle,CIR_WELDED_RING,X,5.359,5.626,-0.267,,,,
Circle,CIR_WELDED_RING,Y,-130.196,-130.207,0.011,,,,
Circle,CIR_79MM_MOLDED,DIAM,78.965,79.000,-0.035,-0.300,0.300,,From 8 Pts On PL_TOP_TB
Circle,CIR_79MM_MOLDED,X,5.360,5.741,-0.381,,,,
Circle,CIR_79MM_MOLDED,Y,-130.254,-130.073,-0.182,,,,
Distance,WIDTH_RING_GROOVE_1,D1,7.357,7.300,0.057,-0.500,0.500,,PNT_SRF_BW_TB.1 - PNT_SRF_TW_TB.1 / CS_ABC
Distance,WIDTH_RING_GROOVE_2,D1,7.302,7.300,0.002,-0.500,0.500,,PNT_SRF_BW_TB.2 - PNT_SRF_TW_TB.2 / CS_ABC
Distance,WIDTH_RING_GROOVE_3,D1,7.553,7.300,0.253,-0.500,0.500,,PNT_SRF_BW_TB.3 - PNT_SRF_TW_TB.3 / CS_ABC
Distance,WIDTH_RING_GROOVE_4,D1,7.431,7.300,0.131,-0.500,0.500,,PNT_SRF_BW_TB.4 - PNT_SRF_TW_TB.4 / CS_ABC
Distance,WIDTH_RING_GROOVE_5,D1,7.376,7.300,0.076,-0.500,0.500,,PNT_SRF_BW_TB.5 - PNT_SRF_TW_TB.5 / CS_ABC
Distance,WIDTH_RING_GROOVE_6,D1,7.454,7.300,0.154,-0.500,0.500,,PNT_SRF_BW_TB.6 - PNT_SRF_TW_TB.6 / CS_ABC
Distance,WIDTH_RING_GROOVE_7,D1,7.266,7.300,-0.034,-0.500,0.500,,PNT_SRF_BW_TB.7 - PNT_SRF_TW_TB.7 / CS_ABC
Distance,WIDTH_RING_GROOVE_8,D1,7.214,7.300,-0.086,-0.500,0.500,,PNT_SRF_BW_TB.8 - PNT_SRF_TW_TB.8 / CS_ABC
Distance,DEPTH_ICAC_LH_1,D1,6.234,6.000,0.234,-0.150,0.150,0.084,SRF_DP_LH.1 - PL_TOP_ICAC_LH / CS_ABC
Distance,DEPTH_ICAC_LH_2,D1,6.279,6.000,0.279,-0.150,0.150,0.129,SRF_DP_LH.2 - PL_TOP_ICAC_LH / CS_ABC
Distance,DEPTH_ICAC_LH_3,D1,6.321,6.000,0.321,-0.150,0.150,0.171,SRF_DP_LH.3 - PL_TOP_ICAC_LH / CS_ABC
Distance,DEPTH_ICAC_LH_4,D1,6.213,6.000,0.213,-0.150,0.150,0.063,SRF_DP_LH.4 - PL_TOP_ICAC_LH / CS_ABC
Distance,DEPTH_ICAC_LH_5,D1,6.080,6.000,0.080,-0.150,0.150,,SRF_DP_LH.5 - PL_TOP_ICAC_LH / CS_ABC
Distance,DEPTH_ICAC_LH_6,D1,6.010,6.000,0.010,-0.150,0.150,,SRF_DP_LH.6 - PL_TOP_ICAC_LH / CS_ABC
Distance,DEPTH_ICAC_LH_7,D1,5.999,6.000,-0.001,-0.150,0.150,,SRF_DP_LH.7 - PL_TOP_ICAC_LH / CS_ABC
Distance,DEPTH_ICAC_LH_8,D1,5.969,6.000,-0.031,-0.150,0.150,,SRF_DP_LH.8 - PL_TOP_ICAC_LH / CS_ABC
Distance,DEPTH_ICAC_LH_9,D1,6.018,6.000,0.018,-0.150,0.150,,SRF_DP_LH.9 - PL_TOP_ICAC_LH / CS_ABC
Distance,DEPTH_ICAC_LH_10,D1,5.962,6.000,-0.038,-0.150,0.150,,SRF_DP_LH.10 - PL_TOP_ICAC_LH / CS_ABC
Distance,DEPTH_ICAC_LH_11,D1,6.012,6.000,0.012,-0.150,0.150,,SRF_DP_LH.11 - PL_TOP_ICAC_LH / CS_ABC
Distance,DEPTH_ICAC_LH_12,D1,5.943,6.000,-0.057,-0.150,0.150,,SRF_DP_LH.12 - PL_TOP_ICAC_LH / CS_ABC
Distance,DEPTH_ICAC_LH_13,D1,6.075,6.000,0.075,-0.150,0.150,,SRF_DP_LH.13 - PL_TOP_ICAC_LH / CS_ABC
Distance,DEPTH_ICAC_LH_14,D1,6.091,6.000,0.091,-0.150,0.150,,SRF_DP_LH.14 - PL_TOP_ICAC_LH / CS_ABC
Distance,DEPTH_ICAC_LH_15,D1,5.985,6.000,-0.015,-0.150,0.150,,SRF_DP_LH.15 - PL_TOP_ICAC_LH / CS_ABC
Distance,DEPTH_ICAC_LH_16,D1,6.027,6.000,0.027,-0.150,0.150,,SRF_DP_LH.16 - PL_TOP_ICAC_LH / CS_ABC
Distance,DEPTH_ICAC_LH_17,D1,6.088,6.000,0.088,-0.150,0.150,,SRF_DP_LH.17 - PL_TOP_ICAC_LH / CS_ABC
Distance,DEPTH_ICAC_LH_18,D1,6.018,6.000,0.018,-0.150,0.150,,SRF_DP_LH.18 - PL_TOP_ICAC_LH / CS_ABC
Distance,DEPTH_ICAC_LH_19,D1,6.036,6.000,0.036,-0.150,0.150,,SRF_DP_LH.19 - PL_TOP_ICAC_LH / CS_ABC
Distance,DEPTH_ICAC_LH_20,D1,6.015,6.000,0.015,-0.150,0.150,,SRF_DP_LH.20 - PL_TOP_ICAC_LH / CS_ABC
Distance,DEPTH_ICAC_LH_21,D1,6.047,6.000,0.047,-0.150,0.150,,SRF_DP_LH.21 - PL_TOP_ICAC_LH / CS_ABC
Distance,DEPTH_ICAC_LH_22,D1,6.109,6.000,0.109,-0.150,0.150,,SRF_DP_LH.22 - PL_TOP_ICAC_LH / CS_ABC
Distance,DEPTH_ICAC_LH_23,D1,6.159,6.000,0.159,-0.150,0.150,0.009,SRF_DP_LH.23 - PL_TOP_ICAC_LH / CS_ABC
Distance,DEPTH_ICAC_LH_24,D1,6.101,6.000,0.101,-0.150,0.150,,SRF_DP_LH.24 - PL_TOP_ICAC_LH / CS_ABC
Distance,DEPTH_ICAC_RH_1,D1,5.930,6.000,-0.070,-0.150,0.150,,SRF_DP_RH.1 - PL_TOP_ICAC_RH / CS_ABC
Distance,DEPTH_ICAC_RH_2,D1,6.017,6.000,0.017,-0.150,0.150,,SRF_DP_RH.2 - PL_TOP_ICAC_RH / CS_ABC
Distance,DEPTH_ICAC_RH_3,D1,6.079,6.000,0.079,-0.150,0.150,,SRF_DP_RH.3 - PL_TOP_ICAC_RH / CS_ABC
Distance,DEPTH_ICAC_RH_4,D1,5.910,6.000,-0.090,-0.150,0.150,,SRF_DP_RH.4 - PL_TOP_ICAC_RH / CS_ABC
Distance,DEPTH_ICAC_RH_5,D1,6.172,6.000,0.172,-0.150,0.150,0.022,SRF_DP_RH.5 - PL_TOP_ICAC_RH / CS_ABC
Distance,DEPTH_ICAC_RH_6,D1,6.022,6.000,0.022,-0.150,0.150,,SRF_DP_RH.6 - PL_TOP_ICAC_RH / CS_ABC
Distance,DEPTH_ICAC_RH_7,D1,6.073,6.000,0.073,-0.150,0.150,,SRF_DP_RH.7 - PL_TOP_ICAC_RH / CS_ABC
Distance,DEPTH_ICAC_RH_8,D1,6.024,6.000,0.024,-0.150,0.150,,SRF_DP_RH.8 - PL_TOP_ICAC_RH / CS_ABC
Distance,DEPTH_ICAC_RH_9,D1,6.074,6.000,0.074,-0.150,0.150,,SRF_DP_RH.9 - PL_TOP_ICAC_RH / CS_ABC
Distance,DEPTH_ICAC_RH_10,D1,5.903,6.000,-0.097,-0.150,0.150,,SRF_DP_RH.10 - PL_TOP_ICAC_RH / CS_ABC
Distance,DEPTH_ICAC_RH_11,D1,5.939,6.000,-0.061,-0.150,0.150,,SRF_DP_RH.11 - PL_TOP_ICAC_RH / CS_ABC
Distance,DEPTH_ICAC_RH_12,D1,5.986,6.000,-0.014,-0.150,0.150,,SRF_DP_RH.12 - PL_TOP_ICAC_RH / CS_ABC
Distance,DEPTH_ICAC_RH_13,D1,5.940,6.000,-0.060,-0.150,0.150,,SRF_DP_RH.13 - PL_TOP_ICAC_RH / CS_ABC
Distance,DEPTH_ICAC_RH_14,D1,6.031,6.000,0.031,-0.150,0.150,,SRF_DP_RH.14 - PL_TOP_ICAC_RH / CS_ABC
Distance,DEPTH_ICAC_RH_15,D1,6.010,6.000,0.010,-0.150,0.150,,SRF_DP_RH.15 - PL_TOP_ICAC_RH / CS_ABC
Distance,DEPTH_ICAC_RH_16,D1,6.111,6.000,0.111,-0.150,0.150,,SRF_DP_RH.16 - PL_TOP_ICAC_RH / CS_ABC
Distance,DEPTH_ICAC_RH_17,D1,5.996,6.000,-0.004,-0.150,0.150,,SRF_DP_RH.17 - PL_TOP_ICAC_RH / CS_ABC
Distance,DEPTH_ICAC_RH_18,D1,6.012,6.000,0.012,-0.150,0.150,,SRF_DP_RH.18 - PL_TOP_ICAC_RH / CS_ABC
Distance,DEPTH_ICAC_RH_19,D1,6.098,6.000,0.098,-0.150,0.150,,SRF_DP_RH.19 - PL_TOP_ICAC_RH / CS_ABC
Distance,DEPTH_ICAC_RH_20,D1,5.964,6.000,-0.036,-0.150,0.150,,SRF_DP_RH.20 - PL_TOP_ICAC_RH / CS_ABC
Distance,DEPTH_ICAC_RH_21,D1,5.992,6.000,-0.008,-0.150,0.150,,SRF_DP_RH.21 - PL_TOP_ICAC_RH / CS_ABC
Distance,DEPTH_ICAC_RH_22,D1,6.056,6.000,0.056,-0.150,0.150,,SRF_DP_RH.22 - PL_TOP_ICAC_RH / CS_ABC
Distance,DEPTH_ICAC_RH_23,D1,6.043,6.000,0.043,-0.150,0.150,,SRF_DP_RH.23 - PL_TOP_ICAC_RH / CS_ABC
Distance,DEPTH_ICAC_RH_24,D1,6.089,6.000,0.089,-0.150,0.150,,SRF_DP_RH.24 - PL_TOP_ICAC_RH / CS_ABC
Coaxiality,CONCENTRICITY_WELDED_RING,COAX,0.229,0.000,0.229,0.000,1.000,,CIR_WELDED_RING/CIR_DATUM_X - C-Zone - Nominal
Coaxiality,CONCENTRICITY_MOLDED_RING,COAX,0.194,0.000,0.194,0.000,0.750,,CIR_79MM_MOLDED/CIR_DATUM_X - C-Zone - Nominal
Pos. Tol.,POS_4_FL,PTOL,0.675,0.000,0.675,0.294,1.294,,CIR_4(M)/NOMINAL - CS_ABC - C-Zone - XY - Nominal
Pos. Tol.,POS_5_FL,PTOL,0.509,0.000,0.509,0.291,1.291,,CIR_5(M)/NOMINAL - CS_ABC - C-Zone - XY - Nominal
Pos. Tol.,POS_10_FL,PTOL,0.339,0.000,0.339,0.119,1.119,,CIR_10(M)/NOMINAL - CS_ABC - C-Zone - XY - Nominal
Pos. Tol.,POS_11_FL,PTOL,0.438,0.000,0.438,0.300,1.300,,CIR_11(M)/NOMINAL - CS_ABC - C-Zone - XY - Nominal
