Feat. Type,Feat. Name,Value,Actual,Nominal,Dev.,Tol-,Tol+,Out of Tol.,Comment
Text/Value,VAR_PROGRAM,VAL,,,,,,,'N:\Metrolog XG\Programmes\Ford 3,5L GTDI 2017\Ford 3.5L GTDI Complete (Module 44).gm2'
Text/Value,VAR_EVENEMENT,VAL,,,,,,,'FIP-5435 ajustement soudeuse'
Text/Value,VAR_COMMENTAIRES,VAL,,,,,,,'288 C'
Text/Value,PROFILE_A,VAL,0.119191,0.000000,0.119191,0.000000,0.500000,,
Circle,CIR_B,DIAM,4.678,4.700,-0.022,-0.100,0.100,,Criterion : Least Square (From 3 Pts On PL_BACK_FIXTURE) 
Circle,CIR_B,X,-0.000,0.000,0.000,,,,
Circle,CIR_B,Z,0.000,0.000,0.000,,,,
Circle,CIR_C,DIAM,4.635,4.700,-0.065,-0.100,0.100,,Criterion : Least Square (From 3 Pts On PL_BACK_FIXTURE) 
Circle,CIR_C,X,-0.000,-0.000,0.000,,,,
Circle,CIR_C,Z,-211.861,-212.000,0.138,,,,
Circle,CIR1,X,15.997,15.900,0.097,,,,From 4 Pts On PL_PLAST_1
Circle,CIR1,Z,48.842,48.700,0.142,,,,
Circle,CIR2,X,43.599,43.400,0.199,,,,From 4 Pts On PL_PLAST_2
Circle,CIR2,Z,-52.706,-52.800,0.094,,,,
Circle,CIR3,X,16.092,15.900,0.192,,,,From 4 Pts On PL_PLAST_3
Circle,CIR3,Z,-158.711,-158.800,0.089,,,,
Circle,CIR4,X,43.419,43.400,0.019,,,,From 4 Pts On PL_PLAST_4
Circle,CIR4,Z,-264.763,-264.800,0.037,,,,
Circle,CIR5,X,221.754,221.700,0.053,,,,From 4 Pts On PL_PLAST_5
Circle,CIR5,Z,-297.100,-296.800,-0.300,,,,
Circle,CIR6,X,194.911,195.200,-0.289,,,,From 4 Pts On PL_PLAST_6
Circle,CIR6,Z,-195.554,-195.300,-0.254,,,,
Circle,CIR7,X,222.612,222.700,-0.088,,,,From 3 Pts On PL_PLAST_7
Circle,CIR7,Z,-89.467,-89.300,-0.167,,,,
Circle,CIR8,X,194.968,195.200,-0.232,,,,From 4 Pts On PL_PLAST_8
Circle,CIR8,Z,16.599,16.700,-0.101,,,,
Pos. Tol.,POS_B,PTOL,0.000,0.000,0.000,0.000,0.500,,CIR_B/NOMINAL - CS_ABC - C-Zone - XZ - Nominal
Pos. Tol.,POS_C,PTOL,0.277,0.000,0.277,0.000,0.500,,CIR_C/NOMINAL - CS_ABC_BF_PORTS - C-Zone - XZ - Nominal
Pos. Tol.,POS_1,PTOL,0.344,0.000,0.344,0.000,1.500,,CIR1/NOMINAL - CS_ABC_BF_PORTS - C-Zone - XZ - Nominal
Pos. Tol.,POS_2,PTOL,0.441,0.000,0.441,0.000,1.500,,CIR2/NOMINAL - CS_ABC_BF_PORTS - C-Zone - XZ - Nominal
Pos. Tol.,POS_3,PTOL,0.422,0.000,0.422,0.000,1.500,,CIR3/NOMINAL - CS_ABC_BF_PORTS - C-Zone - XZ - Nominal
Pos. Tol.,POS_4,PTOL,0.083,0.000,0.083,0.000,1.500,,CIR4/NOMINAL - CS_ABC_BF_PORTS - C-Zone - XZ - Nominal
Pos. Tol.,POS_5,PTOL,0.610,0.000,0.610,0.000,1.500,,CIR5/NOMINAL - CS_ABC_BF_PORTS - C-Zone - XZ - Nominal
Pos. Tol.,POS_6,PTOL,0.770,0.000,0.770,0.000,1.500,,CIR6/NOMINAL - CS_ABC_BF_PORTS - C-Zone - XZ - Nominal
Pos. Tol.,POS_7,PTOL,0.378,0.000,0.378,0.000,1.500,,CIR7/NOMINAL - CS_ABC_BF_PORTS - C-Zone - XZ - Nominal
Pos. Tol.,POS_8,PTOL,0.506,0.000,0.506,0.000,1.500,,CIR8/NOMINAL - CS_ABC_BF_PORTS - C-Zone - XZ - Nominal
Circle,CIR_11,DIAM,6.768,6.800,-0.032,-0.100,0.100,,Criterion : Least Square (From 8 Pts On PL_PLAST_11) 
Circle,CIR_11,X,-14.102,-14.000,-0.102,,,,
Circle,CIR_11,Y,29.692,30.500,-0.808,,,,
Circle,CIR_11,Z,0.073,-0.000,0.073,,,,
Circle,CIR_12,DIAM,6.759,6.800,-0.041,-0.100,0.100,,Criterion : Least Square (From 8 Pts On PL_PLAST_12) 
Circle,CIR_12,X,-14.144,-14.000,-0.144,,,,
Circle,CIR_12,Y,29.689,30.500,-0.811,,,,
Circle,CIR_12,Z,-105.797,-106.000,0.203,,,,
Circle,CIR_13,DIAM,6.766,6.800,-0.034,-0.100,0.100,,Criterion : Least Square (From 8 Pts On PL_PLAST_13) 
Circle,CIR_13,X,-14.112,-14.000,-0.112,,,,
Circle,CIR_13,Y,29.831,30.500,-0.669,,,,
Circle,CIR_13,Z,-211.851,-212.000,0.149,,,,
Circle,CIR_14,DIAM,6.812,6.800,0.012,-0.100,0.100,,Criterion : Least Square (From 6 Pts On PL_PLAST_14) 
Circle,CIR_14,X,119.216,119.320,-0.104,,,,
Circle,CIR_14,Y,30.668,30.500,0.168,,,,
Circle,CIR_14,Z,-281.061,-281.000,-0.061,,,,
Circle,CIR_15,DIAM,6.759,6.800,-0.041,-0.100,0.100,,Criterion : Least Square (From 8 Pts On PL_PLAST_15) 
Circle,CIR_15,X,252.496,252.640,-0.144,,,,
Circle,CIR_15,Y,29.679,30.500,-0.821,,,,
Circle,CIR_15,Z,-142.625,-142.300,-0.325,,,,
Circle,CIR_16,DIAM,6.740,6.800,-0.060,-0.100,0.100,,Criterion : Least Square (From 8 Pts On PL_PLAST_16) 
Circle,CIR_16,X,252.685,252.640,0.045,,,,
Circle,CIR_16,Y,29.613,30.500,-0.887,,,,
Circle,CIR_16,Z,-36.340,-36.300,-0.041,,,,
Circle,CIR_A,DIAM,73.985,74.000,-0.015,-0.300,0.300,,Criterion : Least Square (From 36 Pts On PL_PLAST_PT.A) 
Circle,CIR_A,X,119.587,119.162,0.425,,,,
Circle,CIR_A,Y,1.751,3.289,-1.538,,,,
Circle,CIR_A,Z,188.052,188.276,-0.224,,,,
Circle,CIR_17,X,79.771,79.320,0.451,,,,Criterion : Least Square (From 6 Pts On PL_INS_17) 
Circle,CIR_17,Y,33.719,35.146,-1.427,,,,
Circle,CIR_17,Z,193.857,193.894,-0.036,,,,
Circle,CIR_18,X,159.630,159.320,0.310,,,,Criterion : Least Square (From 6 Pts On PL_INS_18) 
Circle,CIR_18,Y,33.451,35.146,-1.695,,,,
Circle,CIR_18,Z,193.988,193.894,0.095,,,,
Circle,CIR_19,X,159.492,159.320,0.172,,,,Criterion : Least Square (From 6 Pts On PL_INS_19) 
Circle,CIR_19,Y,-30.557,-28.866,-1.691,,,,
Circle,CIR_19,Z,182.562,182.606,-0.044,,,,
Circle,CIR_20,X,79.516,79.320,0.196,,,,Criterion : Least Square (From 6 Pts On PL_INS_20) 
Circle,CIR_20,Y,-30.175,-28.866,-1.309,,,,
Circle,CIR_20,Z,182.574,182.606,-0.033,,,,
Circle,2D_CIR_A,X,0.000,0.000,0.000,,,,
Circle,2D_CIR_A,Y,0.000,0.000,0.000,,,,
Circle,2D_CIR_17,X,-39.930,-40.000,0.070,,,,
Circle,2D_CIR_17,Y,32.349,32.500,-0.151,,,,
Circle,2D_CIR_17,F.F.,0.062,,0.062,,,,
Circle,2D_CIR_18,X,39.930,40.000,-0.070,,,,
Circle,2D_CIR_18,Y,32.391,32.500,-0.109,,,,
Circle,2D_CIR_18,F.F.,0.068,,0.068,,,,
Circle,2D_CIR_19,X,40.021,40.000,0.021,,,,
Circle,2D_CIR_19,Y,-32.629,-32.500,-0.129,,,,
Circle,2D_CIR_19,F.F.,0.031,,0.031,,,,
Circle,2D_CIR_20,X,-39.956,-40.000,0.044,,,,
Circle,2D_CIR_20,Y,-32.534,-32.500,-0.034,,,,
Circle,2D_CIR_20,F.F.,0.042,,0.042,,,,
Circle,CIR_25,DIAM,12.045,12.000,0.045,-0.080,0.080,,Criterion : Least Square (From 24 Pts On PL_PLAST_25) 
Circle,CIR_25,X,124.576,124.320,0.256,,,,
Circle,CIR_25,Y,72.927,74.140,-1.213,,,,
Circle,CIR_25,Z,-239.266,-238.750,-0.516,,,,
Circle,CIR_PORT_C,DIAM,9.491,9.490,0.001,-0.060,0.060,,Inters. PL_PORT_C - CYL_PORT_C.
Circle,CIR_PORT_C,X,204.864,202.700,2.164,,,,
Circle,CIR_PORT_C,Y,46.592,47.600,-1.008,,,,
Circle,CIR_PORT_C,Z,141.249,141.400,-0.151,,,,
Circle,CIR_PORT_B,DIAM,15.844,15.800,0.044,-0.100,0.150,,Inters. PL_PORT_B - CYL_PORT_B.
Circle,CIR_PORT_B,X,217.487,217.150,0.337,,,,
Circle,CIR_PORT_B,Y,15.107,15.090,0.017,,,,
Circle,CIR_PORT_B,Z,175.651,176.250,-0.599,,,,
Circle,CIR_PORT_D,DIAM,15.852,15.800,0.052,-0.100,0.150,,Inters. PL_PORT_D - CYL_PORT_D.
Circle,CIR_PORT_D,X,19.873,19.400,0.473,,,,
Circle,CIR_PORT_D,Y,52.704,53.550,-0.846,,,,
Circle,CIR_PORT_D,Z,68.870,69.250,-0.380,,,,
Circle,2D_CIR_26,DIAM,5.123,5.200,-0.077,-0.100,0.100,,
Circle,2D_CIR_26,X,-20.183,-20.000,-0.183,,,,
Circle,2D_CIR_26,Z,0.000,0.000,0.000,,,,
Circle,2D_CIR_26A,DIAM,5.116,5.200,-0.084,-0.100,0.100,,
Circle,2D_CIR_26A,X,-20.088,-20.000,-0.088,,,,
Circle,2D_CIR_26A,Z,-0.055,0.000,-0.055,,,,
Distance,OP1_WIDTH_1,D1,4.050,4.000,0.050,-0.200,0.200,,OP1_PT1_OW_GAGE - OP1_PT1_IW_GAGE / OP1_CS
Distance,OP1_WIDTH_2,D1,3.854,4.000,-0.146,-0.200,0.200,,OP1_PT2_OW_GAGE - OP1_PT2_IW_GAGE / OP1_CS
Distance,OP1_WIDTH_3,D1,3.712,4.000,-0.288,-0.350,0.200,,OP1_PT3_OW_GAGE - OP1_PT3_IW_GAGE / OP1_CS
Distance,OP1_WIDTH_4,D1,3.745,4.000,-0.255,-0.350,0.200,,OP1_PT4_OW_GAGE - OP1_PT4_IW_GAGE / OP1_CS
Distance,OP1_WIDTH_5,D1,4.019,4.000,0.019,-0.200,0.200,,OP1_PT5_OW_GAGE - OP1_PT5_IW_GAGE / OP1_CS
Distance,OP1_WIDTH_6,D1,4.152,4.000,0.152,-0.200,0.200,,OP1_PT6_OW_GAGE - OP1_PT6_IW_GAGE / OP1_CS
Distance,OP1_WIDTH_7,D1,3.987,4.000,-0.013,-0.200,0.200,,OP1_PT7_OW_GAGE - OP1_PT7_IW_GAGE / OP1_CS
Distance,OP1_WIDTH_8,D1,3.897,4.000,-0.103,-0.200,0.200,,OP1_PT8_OW_GAGE - OP1_PT8_IW_GAGE / OP1_CS
Distance,OP1_WIDTH_9,D1,3.948,4.000,-0.052,-0.200,0.200,,OP1_PT9_OW_GAGE - OP1_PT9_IW_GAGE / OP1_CS
Distance,OP1_WIDTH_10,D1,4.101,4.000,0.101,-0.200,0.200,,OP1_PT10_OW_GAGE - OP1_PT10_IW_GAGE / OP1_CS
Distance,OP1_DEPTH_1,D1,2.761,3.000,-0.239,-0.300,0.250,,OP1_PT1_DEPTH - PL_FIXTURE / OP1_CS
Distance,OP1_DEPTH_2,D1,2.712,3.000,-0.288,-0.350,0.250,,OP1_PT2_DEPTH - PL_FIXTURE / OP1_CS
Distance,OP1_DEPTH_3,D1,2.776,3.000,-0.224,-0.250,0.250,,OP1_PT3_DEPTH - PL_FIXTURE / OP1_CS
Distance,OP1_DEPTH_4,D1,2.828,3.000,-0.172,-0.250,0.250,,OP1_PT4_DEPTH - PL_FIXTURE / OP1_CS
Distance,OP1_DEPTH_5,D1,2.873,3.000,-0.127,-0.250,0.250,,OP1_PT5_DEPTH - PL_FIXTURE / OP1_CS
Distance,OP1_DEPTH_6,D1,2.796,3.000,-0.204,-0.250,0.250,,OP1_PT6_DEPTH - PL_FIXTURE / OP1_CS
Distance,OP1_DEPTH_7,D1,2.761,3.000,-0.239,-0.300,0.250,,OP1_PT7_DEPTH - PL_FIXTURE / OP1_CS
Distance,OP1_DEPTH_8,D1,2.795,3.000,-0.205,-0.300,0.250,,OP1_PT8_DEPTH - PL_FIXTURE / OP1_CS
Distance,OP1_DEPTH_9,D1,2.853,3.000,-0.147,-0.250,0.250,,OP1_PT9_DEPTH - PL_FIXTURE / OP1_CS
Distance,OP1_DEPTH_10,D1,2.890,3.000,-0.110,-0.250,0.250,,OP1_PT10_DEPTH - PL_FIXTURE / OP1_CS
Distance,OP2_WIDTH_1,D1,4.141,4.000,0.141,-0.200,0.200,,OP2_PT1_OW_GAGE - OP2_PT1_IW_GAGE / OP2_CS
Distance,OP2_WIDTH_2,D1,4.025,4.000,0.025,-0.200,0.200,,OP2_PT2_OW_GAGE - OP2_PT2_IW_GAGE / OP2_CS
Distance,OP2_WIDTH_3,D1,3.751,4.000,-0.249,-0.300,0.200,,OP2_PT3_OW_GAGE - OP2_PT3_IW_GAGE / OP2_CS
Distance,OP2_WIDTH_4,D1,3.779,4.000,-0.221,-0.300,0.200,,OP2_PT4_OW_GAGE - OP2_PT4_IW_GAGE / OP2_CS
Distance,OP2_WIDTH_5,D1,3.973,4.000,-0.027,-0.200,0.200,,OP2_PT5_OW_GAGE - OP2_PT5_IW_GAGE / OP2_CS
Distance,OP2_WIDTH_6,D1,4.110,4.000,0.110,-0.200,0.200,,OP2_PT6_OW_GAGE - OP2_PT6_IW_GAGE / OP2_CS
Distance,OP2_WIDTH_7,D1,4.079,4.000,0.079,-0.200,0.200,,OP2_PT7_OW_GAGE - OP2_PT7_IW_GAGE / OP2_CS
Distance,OP2_WIDTH_8,D1,4.001,4.000,0.001,-0.200,0.200,,OP2_PT8_OW_GAGE - OP2_PT8_IW_GAGE / OP2_CS
Distance,OP2_WIDTH_9,D1,4.027,4.000,0.027,-0.200,0.200,,OP2_PT9_OW_GAGE - OP2_PT9_IW_GAGE / OP2_CS
Distance,OP2_WIDTH_10,D1,4.135,4.000,0.135,-0.200,0.200,,OP2_PT10_OW_GAGE - OP2_PT10_IW_GAGE / OP2_CS
Distance,OP2_DEPTH_1,D1,2.836,3.000,-0.164,-0.250,0.250,,OP2_PT1_DEPTH - PL_FIXTURE / OP2_CS
Distance,OP2_DEPTH_2,D1,2.884,3.000,-0.116,-0.250,0.250,,OP2_PT2_DEPTH - PL_FIXTURE / OP2_CS
Distance,OP2_DEPTH_3,D1,3.015,3.000,0.015,-0.250,0.250,,OP2_PT3_DEPTH - PL_FIXTURE / OP2_CS
Distance,OP2_DEPTH_4,D1,3.053,3.000,0.053,-0.250,0.250,,OP2_PT4_DEPTH - PL_FIXTURE / OP2_CS
Distance,OP2_DEPTH_5,D1,2.908,3.000,-0.092,-0.250,0.250,,OP2_PT5_DEPTH - PL_FIXTURE / OP2_CS
Distance,OP2_DEPTH_6,D1,2.806,3.000,-0.194,-0.250,0.250,,OP2_PT6_DEPTH - PL_FIXTURE / OP2_CS
Distance,OP2_DEPTH_7,D1,2.821,3.000,-0.179,-0.250,0.250,,OP2_PT7_DEPTH - PL_FIXTURE / OP2_CS
Distance,OP2_DEPTH_8,D1,2.837,3.000,-0.163,-0.250,0.250,,OP2_PT8_DEPTH - PL_FIXTURE / OP2_CS
Distance,OP2_DEPTH_9,D1,2.852,3.000,-0.148,-0.250,0.250,,OP2_PT9_DEPTH - PL_FIXTURE / OP2_CS
Distance,OP2_DEPTH_10,D1,2.882,3.000,-0.118,-0.250,0.250,,OP2_PT10_DEPTH - PL_FIXTURE / OP2_CS
Distance,OP3_WIDTH_1,D1,4.144,4.000,0.144,-0.200,0.200,,OP3_PT1_OW_GAGE - OP3_PT1_IW_GAGE / OP3_CS
Distance,OP3_WIDTH_2,D1,3.996,4.000,-0.004,-0.200,0.200,,OP3_PT2_OW_GAGE - OP3_PT2_IW_GAGE / OP3_CS
Distance,OP3_WIDTH_3,D1,3.715,4.000,-0.285,-0.350,0.200,,OP3_PT3_OW_GAGE - OP3_PT3_IW_GAGE / OP3_CS
Distance,OP3_WIDTH_4,D1,3.728,4.000,-0.272,-0.300,0.200,,OP3_PT4_OW_GAGE - OP3_PT4_IW_GAGE / OP3_CS
Distance,OP3_WIDTH_5,D1,3.965,4.000,-0.035,-0.200,0.200,,OP3_PT5_OW_GAGE - OP3_PT5_IW_GAGE / OP3_CS
Distance,OP3_WIDTH_6,D1,4.021,4.000,0.021,-0.200,0.200,,OP3_PT6_OW_GAGE - OP3_PT6_IW_GAGE / OP3_CS
Distance,OP3_WIDTH_7,D1,4.002,4.000,0.002,-0.200,0.200,,OP3_PT7_OW_GAGE - OP3_PT7_IW_GAGE / OP3_CS
Distance,OP3_WIDTH_8,D1,4.014,4.000,0.014,-0.200,0.200,,OP3_PT8_OW_GAGE - OP3_PT8_IW_GAGE / OP3_CS
Distance,OP3_WIDTH_9,D1,3.997,4.000,-0.003,-0.200,0.200,,OP3_PT9_OW_GAGE - OP3_PT9_IW_GAGE / OP3_CS
Distance,OP3_WIDTH_10,D1,4.156,4.000,0.156,-0.200,0.250,,OP3_PT10_OW_GAGE - OP3_PT10_IW_GAGE / OP3_CS
Distance,OP3_DEPTH_1,D1,2.953,3.000,-0.047,-0.250,0.250,,OP3_PT1_DEPTH - PL_FIXTURE / OP3_CS
Distance,OP3_DEPTH_2,D1,3.048,3.000,0.048,-0.250,0.250,,OP3_PT2_DEPTH - PL_FIXTURE / OP3_CS
Distance,OP3_DEPTH_3,D1,3.103,3.000,0.103,-0.250,0.250,,OP3_PT3_DEPTH - PL_FIXTURE / OP3_CS
Distance,OP3_DEPTH_4,D1,3.109,3.000,0.109,-0.250,0.250,,OP3_PT4_DEPTH - PL_FIXTURE / OP3_CS
Distance,OP3_DEPTH_5,D1,3.058,3.000,0.058,-0.250,0.250,,OP3_PT5_DEPTH - PL_FIXTURE / OP3_CS
Distance,OP3_DEPTH_6,D1,3.021,3.000,0.021,-0.250,0.250,,OP3_PT6_DEPTH - PL_FIXTURE / OP3_CS
Distance,OP3_DEPTH_7,D1,3.005,3.000,0.005,-0.250,0.250,,OP3_PT7_DEPTH - PL_FIXTURE / OP3_CS
Distance,OP3_DEPTH_8,D1,2.962,3.000,-0.038,-0.250,0.250,,OP3_PT8_DEPTH - PL_FIXTURE / OP3_CS
Distance,OP3_DEPTH_9,D1,2.922,3.000,-0.078,-0.250,0.250,,OP3_PT9_DEPTH - PL_FIXTURE / OP3_CS
Distance,OP3_DEPTH_10,D1,2.861,3.000,-0.139,-0.250,0.250,,OP3_PT10_DEPTH - PL_FIXTURE / OP3_CS
Distance,OP4_WIDTH_1,D1,4.173,4.000,0.173,-0.200,0.250,,OP4_PT1_OW_GAGE - OP4_PT1_IW_GAGE / OP4_CS
Distance,OP4_WIDTH_2,D1,4.017,4.000,0.017,-0.200,0.200,,OP4_PT2_OW_GAGE - OP4_PT2_IW_GAGE / OP4_CS
Distance,OP4_WIDTH_3,D1,3.783,4.000,-0.217,-0.300,0.200,,OP4_PT3_OW_GAGE - OP4_PT3_IW_GAGE / OP4_CS
Distance,OP4_WIDTH_4,D1,3.808,4.000,-0.192,-0.300,0.200,,OP4_PT4_OW_GAGE - OP4_PT4_IW_GAGE / OP4_CS
Distance,OP4_WIDTH_5,D1,4.065,4.000,0.065,-0.200,0.200,,OP4_PT5_OW_GAGE - OP4_PT5_IW_GAGE / OP4_CS
Distance,OP4_WIDTH_6,D1,4.163,4.000,0.163,-0.200,0.200,,OP4_PT6_OW_GAGE - OP4_PT6_IW_GAGE / OP4_CS
Distance,OP4_WIDTH_7,D1,4.076,4.000,0.076,-0.200,0.200,,OP4_PT7_OW_GAGE - OP4_PT7_IW_GAGE / OP4_CS
Distance,OP4_WIDTH_8,D1,4.024,4.000,0.024,-0.200,0.200,,OP4_PT8_OW_GAGE - OP4_PT8_IW_GAGE / OP4_CS
Distance,OP4_WIDTH_9,D1,4.058,4.000,0.058,-0.200,0.200,,OP4_PT9_OW_GAGE - OP4_PT9_IW_GAGE / OP4_CS
Distance,OP4_WIDTH_10,D1,4.211,4.000,0.211,-0.200,0.250,,OP4_PT10_OW_GAGE - OP4_PT10_IW_GAGE / OP4_CS
Distance,OP4_DEPTH_1,D1,2.946,3.000,-0.054,-0.250,0.250,,OP4_PT1_DEPTH - PL_FIXTURE / OP4_CS
Distance,OP4_DEPTH_2,D1,2.984,3.000,-0.016,-0.250,0.250,,OP4_PT2_DEPTH - PL_FIXTURE / OP4_CS
Distance,OP4_DEPTH_3,D1,3.007,3.000,0.007,-0.250,0.250,,OP4_PT3_DEPTH - PL_FIXTURE / OP4_CS
Distance,OP4_DEPTH_4,D1,3.008,3.000,0.008,-0.250,0.250,,OP4_PT4_DEPTH - PL_FIXTURE / OP4_CS
Distance,OP4_DEPTH_5,D1,2.945,3.000,-0.055,-0.250,0.250,,OP4_PT5_DEPTH - PL_FIXTURE / OP4_CS
Distance,OP4_DEPTH_6,D1,2.828,3.000,-0.172,-0.250,0.250,,OP4_PT6_DEPTH - PL_FIXTURE / OP4_CS
Distance,OP4_DEPTH_7,D1,2.838,3.000,-0.162,-0.250,0.250,,OP4_PT7_DEPTH - PL_FIXTURE / OP4_CS
Distance,OP4_DEPTH_8,D1,2.872,3.000,-0.128,-0.250,0.250,,OP4_PT8_DEPTH - PL_FIXTURE / OP4_CS
Distance,OP4_DEPTH_9,D1,2.899,3.000,-0.101,-0.250,0.250,,OP4_PT9_DEPTH - PL_FIXTURE / OP4_CS
Distance,OP4_DEPTH_10,D1,2.937,3.000,-0.063,-0.250,0.250,,OP4_PT10_DEPTH - PL_FIXTURE / OP4_CS
Distance,OP5_WIDTH_1,D1,4.116,4.000,0.116,-0.200,0.200,,OP5_PT1_OW_GAGE - OP5_PT1_IW_GAGE / OP5_CS
Distance,OP5_WIDTH_2,D1,4.001,4.000,0.001,-0.200,0.200,,OP5_PT2_OW_GAGE - OP5_PT2_IW_GAGE / OP5_CS
Distance,OP5_WIDTH_3,D1,3.778,4.000,-0.222,-0.300,0.200,,OP5_PT3_OW_GAGE - OP5_PT3_IW_GAGE / OP5_CS
Distance,OP5_WIDTH_4,D1,3.808,4.000,-0.192,-0.300,0.200,,OP5_PT4_OW_GAGE - OP5_PT4_IW_GAGE / OP5_CS
Distance,OP5_WIDTH_5,D1,3.989,4.000,-0.011,-0.200,0.200,,OP5_PT5_OW_GAGE - OP5_PT5_IW_GAGE / OP5_CS
Distance,OP5_WIDTH_6,D1,4.111,4.000,0.111,-0.200,0.200,,OP5_PT6_OW_GAGE - OP5_PT6_IW_GAGE / OP5_CS
Distance,OP5_WIDTH_7,D1,4.138,4.000,0.138,-0.200,0.200,,OP5_PT7_OW_GAGE - OP5_PT7_IW_GAGE / OP5_CS
Distance,OP5_WIDTH_8,D1,4.011,4.000,0.011,-0.200,0.200,,OP5_PT8_OW_GAGE - OP5_PT8_IW_GAGE / OP5_CS
Distance,OP5_WIDTH_9,D1,4.014,4.000,0.014,-0.200,0.200,,OP5_PT9_OW_GAGE - OP5_PT9_IW_GAGE / OP5_CS
Distance,OP5_WIDTH_10,D1,4.082,4.000,0.082,-0.200,0.200,,OP5_PT10_OW_GAGE - OP5_PT10_IW_GAGE / OP5_CS
Distance,OP5_DEPTH_1,D1,2.965,3.000,-0.035,-0.250,0.250,,OP5_PT1_DEPTH - PL_FIXTURE / OP5_CS
Distance,OP5_DEPTH_2,D1,3.022,3.000,0.022,-0.250,0.250,,OP5_PT2_DEPTH - PL_FIXTURE / OP5_CS
Distance,OP5_DEPTH_3,D1,2.996,3.000,-0.004,-0.250,0.250,,OP5_PT3_DEPTH - PL_FIXTURE / OP5_CS
Distance,OP5_DEPTH_4,D1,2.994,3.000,-0.006,-0.250,0.250,,OP5_PT4_DEPTH - PL_FIXTURE / OP5_CS
Distance,OP5_DEPTH_5,D1,2.949,3.000,-0.051,-0.250,0.250,,OP5_PT5_DEPTH - PL_FIXTURE / OP5_CS
Distance,OP5_DEPTH_6,D1,2.934,3.000,-0.066,-0.250,0.250,,OP5_PT6_DEPTH - PL_FIXTURE / OP5_CS
Distance,OP5_DEPTH_7,D1,2.979,3.000,-0.021,-0.250,0.250,,OP5_PT7_DEPTH - PL_FIXTURE / OP5_CS
Distance,OP5_DEPTH_8,D1,3.010,3.000,0.010,-0.250,0.250,,OP5_PT8_DEPTH - PL_FIXTURE / OP5_CS
Distance,OP5_DEPTH_9,D1,3.019,3.000,0.019,-0.250,0.250,,OP5_PT9_DEPTH - PL_FIXTURE / OP5_CS
Distance,OP5_DEPTH_10,D1,3.039,3.000,0.039,-0.250,0.250,,OP5_PT10_DEPTH - PL_FIXTURE / OP5_CS
Distance,OP6_WIDTH_1,D1,4.160,4.000,0.160,-0.200,0.200,,OP6_PT1_OW_GAGE - OP6_PT1_IW_GAGE / OP6_CS
Distance,OP6_WIDTH_2,D1,4.000,4.000,0.000,-0.200,0.200,,OP6_PT2_OW_GAGE - OP6_PT2_IW_GAGE / OP6_CS
Distance,OP6_WIDTH_3,D1,3.826,4.000,-0.174,-0.300,0.200,,OP6_PT3_OW_GAGE - OP6_PT3_IW_GAGE / OP6_CS
Distance,OP6_WIDTH_4,D1,3.809,4.000,-0.191,-0.300,0.200,,OP6_PT4_OW_GAGE - OP6_PT4_IW_GAGE / OP6_CS
Distance,OP6_WIDTH_5,D1,4.037,4.000,0.037,-0.200,0.200,,OP6_PT5_OW_GAGE - OP6_PT5_IW_GAGE / OP6_CS
Distance,OP6_WIDTH_6,D1,4.220,4.000,0.220,-0.200,0.300,,OP6_PT6_OW_GAGE - OP6_PT6_IW_GAGE / OP6_CS
Distance,OP6_WIDTH_7,D1,4.108,4.000,0.108,-0.200,0.200,,OP6_PT7_OW_GAGE - OP6_PT7_IW_GAGE / OP6_CS
Distance,OP6_WIDTH_8,D1,4.043,4.000,0.043,-0.200,0.200,,OP6_PT8_OW_GAGE - OP6_PT8_IW_GAGE / OP6_CS
Distance,OP6_WIDTH_9,D1,4.020,4.000,0.020,-0.200,0.200,,OP6_PT9_OW_GAGE - OP6_PT9_IW_GAGE / OP6_CS
Distance,OP6_WIDTH_10,D1,4.167,4.000,0.167,-0.200,0.250,,OP6_PT10_OW_GAGE - OP6_PT10_IW_GAGE / OP6_CS
Distance,OP6_DEPTH_1,D1,2.834,3.000,-0.166,-0.250,0.250,,OP6_PT1_DEPTH - PL_FIXTURE / OP6_CS
Distance,OP6_DEPTH_2,D1,2.875,3.000,-0.125,-0.250,0.250,,OP6_PT2_DEPTH - PL_FIXTURE / OP6_CS
Distance,OP6_DEPTH_3,D1,2.863,3.000,-0.137,-0.250,0.250,,OP6_PT3_DEPTH - PL_FIXTURE / OP6_CS
Distance,OP6_DEPTH_4,D1,2.826,3.000,-0.174,-0.250,0.250,,OP6_PT4_DEPTH - PL_FIXTURE / OP6_CS
Distance,OP6_DEPTH_5,D1,2.754,3.000,-0.246,-0.250,0.250,,OP6_PT5_DEPTH - PL_FIXTURE / OP6_CS
Distance,OP6_DEPTH_6,D1,2.752,3.000,-0.248,-0.350,0.250,,OP6_PT6_DEPTH - PL_FIXTURE / OP6_CS
Distance,OP6_DEPTH_7,D1,2.847,3.000,-0.153,-0.250,0.250,,OP6_PT7_DEPTH - PL_FIXTURE / OP6_CS
Distance,OP6_DEPTH_8,D1,2.828,3.000,-0.172,-0.250,0.250,,OP6_PT8_DEPTH - PL_FIXTURE / OP6_CS
Distance,OP6_DEPTH_9,D1,2.813,3.000,-0.187,-0.250,0.250,,OP6_PT9_DEPTH - PL_FIXTURE / OP6_CS
Distance,OP6_DEPTH_10,D1,2.816,3.000,-0.184,-0.250,0.250,,OP6_PT10_DEPTH - PL_FIXTURE / OP6_CS
Profile of Line,PROFILE_OP_1,PRFL,0.330,0.000,0.330,0.000,1.750,,SECT_OP1
Profile of Line,PROFILE_OP_2,PRFL,0.326,0.000,0.326,0.000,1.750,,SECT_OP2
Profile of Line,PROFILE_OP_3,PRFL,0.890,0.000,0.890,0.000,1.750,,SECT_OP3
Profile of Line,PROFILE_OP_4,PRFL,0.733,0.000,0.733,0.000,1.750,,SECT_OP4
Profile of Line,PROFILE_OP_5,PRFL,0.858,0.000,0.858,0.000,1.750,,SECT_OP5
Profile of Line,PROFILE_OP_6,PRFL,0.936,0.000,0.936,0.000,1.750,,SECT_OP6
Pos. Tol.,POS_11,PTOL,0.251,0.000,0.251,0.000,4.000,,CIR_11/NOMINAL - CS_ABC - C-Zone - XZ - Nominal
Pos. Tol.,POS_12,PTOL,0.497,0.000,0.497,0.000,4.000,,CIR_12/NOMINAL - CS_ABC - C-Zone - XZ - Nominal
Pos. Tol.,POS_13,PTOL,0.372,0.000,0.372,0.000,4.000,,CIR_13/NOMINAL - CS_ABC - C-Zone - XZ - Nominal
Pos. Tol.,POS_14,PTOL,0.241,0.000,0.241,0.000,4.000,,CIR_14/NOMINAL - CS_ABC - C-Zone - XZ - Nominal
Pos. Tol.,POS_15,PTOL,0.711,0.000,0.711,0.000,4.000,,CIR_15/NOMINAL - CS_ABC - C-Zone - XZ - Nominal
Pos. Tol.,POS_16,PTOL,0.121,0.000,0.121,0.000,4.000,,CIR_16/NOMINAL - CS_ABC - C-Zone - XZ - Nominal
Flatness,FLATNESS_D,FLTN,0.168,0.000,0.168,0.000,0.500,,PL_DATUM_D
Pos. Tol.,POS_2D_17,PTOL,0.333,0.000,0.333,0.000,0.500,,2D_CIR_17/NOMINAL - CS_DE_BF - C-Zone - XY - Nominal
Pos. Tol.,POS_2D_18,PTOL,0.260,0.000,0.260,0.000,0.500,,2D_CIR_18/NOMINAL - CS_DE_BF - C-Zone - XY - Nominal
Pos. Tol.,POS_2D_19,PTOL,0.262,0.000,0.262,0.000,0.500,,2D_CIR_19/NOMINAL - CS_DE_BF - C-Zone - XY - Nominal
Pos. Tol.,POS_2D_20,PTOL,0.111,0.000,0.111,0.000,0.500,,2D_CIR_20/NOMINAL - CS_DE_BF - C-Zone - XY - Nominal
Pos. Tol.,POS_PORT_B,PTOL,1.199,0.000,1.199,0.000,4.000,,CIR_PORT_B/NOMINAL - CS_ABC - C-Zone - YZ - Nominal
Pos. Tol.,POS_PORT_C,PTOL,2.038,0.000,2.038,0.000,4.000,,CIR_PORT_C/NOMINAL - CS_ABC - C-Zone - YZ - Nominal
Pos. Tol.,POS_PORT_D,PTOL,1.854,0.000,1.854,0.000,4.000,,CIR_PORT_D/NOMINAL - CS_ABC - C-Zone - YZ - Nominal
Pos. Tol.,POS_25,PTOL,1.153,0.000,1.153,0.000,3.000,,CIR_25/NOMINAL - CS_ABC_BF_PORTS - C-Zone - XZ - Nominal
Pos. Tol.,POS_26,PTOL,0.789,0.000,0.789,0.000,3.000,,CIR_26/NOMINAL - CS_ABC_BF_PORTS - C-Zone - XZ - Nominal
Pos. Tol.,POS_26A,PTOL,1.044,0.000,1.044,0.000,3.000,,CIR_26A/NOMINAL - CS_ABC_BF_PORTS - C-Zone - XZ - Nominal
Perpend.,PERP_25,PERP,0.006,0.000,0.006,0.000,0.250,,CONE_25/PL_PLAST_25 - C-Zone - Cloud of Points 
Pos. Tol.,POS_17,PTOL,2.995,0.000,2.995,0.000,5.000,,CIR_17/NOMINAL - CS_ABC - C-Zone - XYZ - Nominal
Pos. Tol.,POS_18,PTOL,3.452,0.000,3.452,0.000,5.000,,CIR_18/NOMINAL - CS_ABC - C-Zone - XYZ - Nominal
Pos. Tol.,POS_19,PTOL,3.401,0.000,3.401,0.000,5.000,,CIR_19/NOMINAL - CS_ABC - C-Zone - XYZ - Nominal
Pos. Tol.,POS_20,PTOL,2.647,0.000,2.647,0.000,5.000,,CIR_20/NOMINAL - CS_ABC - C-Zone - XYZ - Nominal
Distance,H_17,Z,0.401,0.275,0.126,-0.225,0.225,,CIR_17 - PL_PLAST_17 / CS_DE_BF
Distance,H_18,Z,0.453,0.275,0.178,-0.225,0.225,,CIR_18 - PL_PLAST_18 / CS_DE_BF
Distance,H_19,Z,0.486,0.275,0.211,-0.225,0.225,,CIR_19 - PL_PLAST_19 / CS_DE_BF
Distance,H_20,Z,0.370,0.275,0.095,-0.225,0.225,,CIR_20 - PL_PLAST_20 / CS_DE_BF
Distance,WIDTH_TB.1,D1,2.941,3.000,-0.059,-0.200,0.200,,0W2.5_1.1 - IW2.5_1.1 / CS_DE_BF
Distance,WIDTH_TB.2,D1,2.970,3.000,-0.030,-0.200,0.200,,0W2.5_1.2 - IW2.5_1.2 / CS_DE_BF
Distance,WIDTH_TB.3,D1,2.978,3.000,-0.022,-0.200,0.200,,0W2.5_1.3 - IW2.5_1.3 / CS_DE_BF
Distance,WIDTH_TB.4,D1,2.950,3.000,-0.050,-0.200,0.200,,0W2.5_1.4 - IW2.5_1.4 / CS_DE_BF
Distance,WIDTH_TB.5,D1,2.945,3.000,-0.055,-0.200,0.200,,0W2.5_1.5 - IW2.5_1.5 / CS_DE_BF
Distance,WIDTH_TB.6,D1,3.065,3.000,0.065,-0.200,0.200,,0W2.5_1.6 - IW2.5_1.6 / CS_DE_BF
Distance,WIDTH_TB.7,D1,3.032,3.000,0.032,-0.200,0.200,,0W2.5_1.7 - IW2.5_1.7 / CS_DE_BF
Distance,WIDTH_TB.8,D1,2.964,3.000,-0.036,-0.200,0.200,,0W2.5_1.8 - IW2.5_1.8 / CS_DE_BF
Distance,DEPTH_TB.1,D1,5.115,5.000,0.115,-0.250,0.250,,TB_DP.1 - PL_DATUM_D / CS_DE_BF
Distance,DEPTH_TB.2,D1,4.941,5.000,-0.059,-0.300,0.250,,TB_DP.2 - PL_DATUM_D / CS_DE_BF
Distance,DEPTH_TB.3,D1,4.939,5.000,-0.061,-0.250,0.250,,TB_DP.3 - PL_DATUM_D / CS_DE_BF
Distance,DEPTH_TB.4,D1,5.093,5.000,0.093,-0.250,0.250,,TB_DP.4 - PL_DATUM_D / CS_DE_BF
Distance,DEPTH_TB.5,D1,5.095,5.000,0.095,-0.250,0.250,,TB_DP.5 - PL_DATUM_D / CS_DE_BF
Distance,DEPTH_TB.6,D1,4.751,5.000,-0.249,-0.450,0.250,,TB_DP.6 - PL_DATUM_D / CS_DE_BF
Distance,DEPTH_TB.7,D1,4.846,5.000,-0.154,-0.350,0.250,,TB_DP.7 - PL_DATUM_D / CS_DE_BF
Distance,DEPTH_TB.8,D1,5.181,5.000,0.181,-0.250,0.250,,TB_DP.8 - PL_DATUM_D / CS_DE_BF
