Feat. Type,Feat. Name,Value,Actual,Nominal,Dev.,Tol-,Tol+,Out of Tol.,Comment
Text/Value,VAR_PROGRAM,VAL,,,,,,,'N:\Metrolog XG\Programmes\Corvette LT1\Corvette LT1 Free State Boss Height (Module 44).gm2'
Text/Value,VAR_EVENEMENT,VAL,,,,,,,'Smed'
Text/Value,VAR_COMMENTAIRES,VAL,,,,,,,'342 A'
Flatness,FLAT_DATUM_A,FLTN,0.401,0.000,0.401,0.000,2.000,,PL_DATUM_A
Flatness,FLAT_DATUM_B,FLTN,0.400,0.000,0.400,0.000,2.000,,PL_DATUM_B
Text/Value,H_PLASTIC_1,VAL,145.534131,145.620000,-0.085869,-0.375000,0.375000,,
Text/Value,H_PLASTIC_2,VAL,145.488827,145.620000,-0.131173,-0.375000,0.375000,,
Text/Value,H_PLASTIC_3,VAL,145.600768,145.620000,-0.019232,-0.375000,0.375000,,
Text/Value,H_PLASTIC_4,VAL,145.509129,145.620000,-0.110871,-0.375000,0.375000,,
Text/Value,H_PLASTIC_5,VAL,145.547623,145.620000,-0.072377,-0.375000,0.375000,,
Text/Value,H_PLASTIC_6,VAL,145.380733,145.620000,-0.239267,-0.375000,0.375000,,
Text/Value,H_PLASTIC_7,VAL,145.382281,145.620000,-0.237719,-0.375000,0.375000,,
Text/Value,H_PLASTIC_8,VAL,145.500095,145.620000,-0.119905,-0.375000,0.375000,,
Text/Value,H_PLASTIC_9,VAL,145.320543,145.620000,-0.299457,-0.375000,0.375000,,
Text/Value,H_PLASTIC_10,VAL,145.565941,145.620000,-0.054059,-0.375000,0.375000,,
