Feat. Type,Feat. Name,Value,Actual,Nominal,Dev.,Tol-,Tol+,Out of Tol.,Comment
Text/Value,VAR_PROGRAM,VAL,,,,,,,'N:\Metrolog XG\Programmes\GMI 700 Moule 3\GMI 700 Moule 3 Complete (Module 51).gm2'
Text/Value,VAR_EVENEMENT,VAL,,,,,,,'FIP  05539'
Text/Value,VAR_COMMENTAIRES,VAL,,,,,,,'294 C'
Text/Value,SRF_A,VAL,0.380977,0.000000,0.380977,0.000000,0.500000,,
Circle,CIR_B,DIAM,9.900,9.850,0.050,-0.100,0.100,,Criterion : Least Square (From 4 Pts On PL_FIXTURE) 
Distance,DIAMETRE_C,D1,9.893,9.900,-0.007,-0.100,0.100,,SRF_C_TOP - SRF_C_DOWN / CS_ABC
Point,PNT_C_PRJ_FIXT,X,-141.355,-142.000,0.645,,,,Proj. PNT_MID_C / PL_FIXTURE.
Point,PNT_C_PRJ_FIXT,Z,-45.792,-46.000,0.209,,,,
Pos. Tol.,POS_C,PTOL,1.356,0.000,1.356,0.000,1.400,,PNT_C_PRJ_FIXT/NOMINAL - CS_ABC - C-Zone - XZ - Nominal
Circle,CIR1,X,-228.549,-228.500,-0.049,,,,From 4 Pts On PL_FIXTURE
Circle,CIR1,Z,-78.131,-78.000,-0.131,,,,
Pos. Tol.,POS_1,PTOL,0.279,0.000,0.279,0.000,1.500,,CIR1/NOMINAL - CS_ABC - C-Zone - XZ - Nominal
Circle,CIR2,X,-125.652,-125.500,-0.152,,,,From 4 Pts On PL_FIXTURE
Circle,CIR2,Z,-78.155,-78.000,-0.155,,,,
Pos. Tol.,POS_2,PTOL,0.434,0.000,0.434,0.000,1.500,,CIR2/NOMINAL - CS_ABC - C-Zone - XZ - Nominal
Circle,CIR3,X,-22.698,-22.500,-0.198,,,,From 4 Pts On PL_FIXTURE
Circle,CIR3,Z,-78.090,-78.000,-0.090,,,,
Pos. Tol.,POS_3,PTOL,0.434,0.000,0.434,0.000,1.500,,CIR3/NOMINAL - CS_ABC - C-Zone - XZ - Nominal
Circle,CIR4,X,86.485,86.500,-0.015,,,,From 4 Pts On PL_FIXTURE
Circle,CIR4,Z,31.906,32.000,-0.094,,,,
Pos. Tol.,POS_4,PTOL,0.190,0.000,0.190,0.000,1.500,,CIR4/NOMINAL - CS_ABC - C-Zone - XZ - Nominal
Circle,CIR5,X,-16.729,-16.500,-0.229,,,,From 4 Pts On PL_FIXTURE
Circle,CIR5,Z,31.564,32.000,-0.436,,,,
Pos. Tol.,POS_5,PTOL,0.985,0.000,0.985,0.000,1.500,,CIR5/NOMINAL - CS_ABC - C-Zone - XZ - Nominal
Circle,CIR6,X,-119.656,-119.500,-0.156,,,,From 4 Pts On PL_FIXTURE
Circle,CIR6,Z,31.975,32.000,-0.025,,,,
Pos. Tol.,POS_6,PTOL,0.316,0.000,0.316,0.000,1.500,,CIR6/NOMINAL - CS_ABC - C-Zone - XZ - Nominal
Profile of Line,PROF_OP1,PRFL,0.909,0.000,0.909,0.000,1.500,,SCT_OP1
Profile of Line,OP1_PROF_INNER_WALL,PRFL,1.157,0.000,1.157,0.000,1.500,,OP1_SRF_INNER_WALL
Profile of Line,OP1_PROF_OUTTER_WALL,PRFL,1.297,0.000,1.297,0.000,1.500,,OP1_SRF_OUTTER_WALL
Profile of Line,PROF_OP2,PRFL,0.629,0.000,0.629,0.000,1.500,,SCT_OP2
Profile of Line,OP2_PROF_INNER_WALL,PRFL,0.924,0.000,0.924,0.000,1.500,,OP2_SRF_INNER_WALL
Profile of Line,OP2_PROF_OUTTER_WALL,PRFL,0.660,0.000,0.660,0.000,1.500,,OP2_SRF_OUTTER_WALL
Profile of Line,PROF_OP3,PRFL,0.342,0.000,0.342,0.000,1.500,,SCT_OP3
Profile of Line,OP3_PROF_INNER_WALL,PRFL,0.484,0.000,0.484,0.000,1.500,,OP3_SRF_INNER_WALL
Profile of Line,OP3_PROF_OUTTER_WALL,PRFL,0.616,0.000,0.616,0.000,1.500,,OP3_SRF_OUTTER_WALL
Profile of Line,PROF_OP4,PRFL,0.678,0.000,0.678,0.000,1.500,,SCT_OP4
Profile of Line,OP4_PROF_INNER_WALL,PRFL,0.649,0.000,0.649,0.000,1.500,,OP4_SRF_INNER_WALL
Profile of Line,OP4_PROF_OUTTER_WALL,PRFL,0.845,0.000,0.845,0.000,1.500,,OP4_SRF_OUTTER_WALL
Profile of Line,PROF_OP5,PRFL,0.535,0.000,0.535,0.000,1.500,,SCT_OP5
Profile of Line,OP5_PROF_INNER_WALL,PRFL,0.716,0.000,0.716,0.000,1.500,,OP5_SRF_INNER_WALL
Profile of Line,OP5_PROF_OUTTER_WALL,PRFL,0.723,0.000,0.723,0.000,1.500,,OP5_SRF_OUTTER_WALL
Profile of Line,PROF_OP6,PRFL,1.207,0.000,1.207,0.000,1.500,,SCT_OP6
Profile of Line,OP6_PROF_INNER_WALL,PRFL,1.174,0.000,1.174,0.000,1.500,,OP6_SRF_INNER_WALL
Profile of Line,OP6_PROF_OUTTER_WALL,PRFL,1.284,0.000,1.284,0.000,1.500,,OP6_SRF_OUTTER_WALL
Distance,OP1_WIDTH_1,D1,3.023,3.000,0.023,-0.150,0.150,,OP1_P2 - OP1_P3 / OP1_CS
Distance,OP1_WIDTH_5,D1,3.047,3.000,0.047,-0.150,0.150,,OP1_P22 - OP1_P23 / OP1_CS
Distance,OP1_WIDTH_9,D1,3.054,3.000,0.054,-0.150,0.150,,OP1_P42 - OP1_P43 / OP1_CS
Distance,OP1_WIDTH_12,D1,3.144,3.000,0.144,-0.150,0.150,,OP1_P57 - OP1_P58 / OP1_CS
Distance,OP1_DEPTH_1,Y,4.875,5.000,-0.125,-0.150,0.150,,OP1_P4 - PL_FIXTURE / OP1_CS
Distance,OP1_DEPTH_5,Y,5.042,5.000,0.042,-0.150,0.150,,OP1_P24 - PL_FIXTURE / OP1_CS
Distance,OP1_DEPTH_9,Y,5.245,5.000,0.245,-0.150,0.150,0.095,OP1_P44 - PL_FIXTURE / OP1_CS
Distance,OP1_DEPTH_12,Y,5.035,5.000,0.035,-0.150,0.150,,OP1_P59 - PL_FIXTURE / OP1_CS
Distance,OP2_WIDTH_1,D1,3.044,3.000,0.044,-0.200,0.200,,OP2_P2 - OP2_P3 / OP2_CS
Distance,OP2_WIDTH_5,D1,3.057,3.000,0.057,-0.200,0.200,,OP2_P22 - OP2_P23 / OP2_CS
Distance,OP2_WIDTH_9,D1,3.024,3.000,0.024,-0.200,0.200,,OP2_P42 - OP2_P43 / OP2_CS
Distance,OP2_WIDTH_12,D1,3.115,3.000,0.115,-0.200,0.200,,OP2_P57 - OP2_P58 / OP2_CS
Distance,OP2_DEPTH_1,Y,5.067,5.000,0.067,-0.150,0.150,,OP2_P4 - PL_FIXTURE / OP2_CS
Distance,OP2_DEPTH_5,Y,4.965,5.000,-0.035,-0.150,0.150,,OP2_P24 - PL_FIXTURE / OP2_CS
Distance,OP2_DEPTH_9,Y,5.090,5.000,0.090,-0.150,0.150,,OP2_P44 - PL_FIXTURE / OP2_CS
Distance,OP2_DEPTH_12,Y,5.049,5.000,0.049,-0.150,0.150,,OP2_P59 - PL_FIXTURE / OP2_CS
Distance,OP3_WIDTH_1,D1,3.044,3.000,0.044,-0.200,0.200,,OP3_P2 - OP3_P3 / OP3_CS
Distance,OP3_WIDTH_5,D1,2.991,3.000,-0.009,-0.200,0.200,,OP3_P22 - OP3_P23 / OP3_CS
Distance,OP3_WIDTH_9,D1,3.053,3.000,0.053,-0.200,0.200,,OP3_P42 - OP3_P43 / OP3_CS
Distance,OP3_WIDTH_12,D1,3.107,3.000,0.107,-0.200,0.200,,OP3_P57 - OP3_P58 / OP3_CS
Distance,OP3_DEPTH_1,Y,5.037,5.000,0.037,-0.150,0.150,,OP3_P4 - PL_FIXTURE / OP3_CS
Distance,OP3_DEPTH_5,Y,5.263,5.000,0.263,-0.150,0.150,0.113,OP3_P24 - PL_FIXTURE / OP3_CS
Distance,OP3_DEPTH_9,Y,5.015,5.000,0.015,-0.150,0.150,,OP3_P44 - PL_FIXTURE / OP3_CS
Distance,OP3_DEPTH_12,Y,5.079,5.000,0.079,-0.150,0.150,,OP3_P59 - PL_FIXTURE / OP3_CS
Distance,OP4_WIDTH_1,D1,3.123,3.000,0.123,-0.200,0.200,,OP4_P2 - OP4_P3 / OP4_CS
Distance,OP4_WIDTH_5,D1,3.049,3.000,0.049,-0.200,0.200,,OP4_P22 - OP4_P23 / OP4_CS
Distance,OP4_WIDTH_9,D1,3.132,3.000,0.132,-0.200,0.200,,OP4_P42 - OP4_P43 / OP4_CS
Distance,OP4_WIDTH_12,D1,3.147,3.000,0.147,-0.150,0.200,,OP4_P57 - OP4_P58 / OP4_CS
Distance,OP4_DEPTH_1,Y,4.908,5.000,-0.092,-0.150,0.150,,OP4_P4 - PL_FIXTURE / OP4_CS
Distance,OP4_DEPTH_5,Y,5.117,5.000,0.117,-0.150,0.150,,OP4_P24 - PL_FIXTURE / OP4_CS
Distance,OP4_DEPTH_9,Y,4.986,5.000,-0.014,-0.150,0.150,,OP4_P44 - PL_FIXTURE / OP4_CS
Distance,OP4_DEPTH_12,Y,4.841,5.000,-0.159,-0.250,0.150,,OP4_P59 - PL_FIXTURE / OP4_CS
Distance,OP5_WIDTH_1,D1,3.080,3.000,0.080,-0.200,0.200,,OP5_P2 - OP5_P3 / OP5_CS
Distance,OP5_WIDTH_5,D1,3.109,3.000,0.109,-0.200,0.200,,OP5_P22 - OP5_P23 / OP5_CS
Distance,OP5_WIDTH_9,D1,3.031,3.000,0.031,-0.200,0.200,,OP5_P42 - OP5_P43 / OP5_CS
Distance,OP5_WIDTH_12,D1,3.092,3.000,0.092,-0.200,0.200,,OP5_P57 - OP5_P58 / OP5_CS
Distance,OP5_DEPTH_1,Y,4.904,5.000,-0.096,-0.150,0.150,,OP5_P4 - PL_FIXTURE / OP5_CS
Distance,OP5_DEPTH_5,Y,4.934,5.000,-0.066,-0.150,0.150,,OP5_P24 - PL_FIXTURE / OP5_CS
Distance,OP5_DEPTH_9,Y,4.933,5.000,-0.067,-0.150,0.150,,OP5_P44 - PL_FIXTURE / OP5_CS
Distance,OP5_DEPTH_12,Y,4.957,5.000,-0.043,-0.150,0.150,,OP5_P59 - PL_FIXTURE / OP5_CS
Distance,OP6_WIDTH_1,D1,3.118,3.000,0.118,-0.200,0.200,,OP6_P2 - OP6_P3 / OP6_CS
Distance,OP6_WIDTH_5,D1,3.101,3.000,0.101,-0.200,0.200,,OP6_P22 - OP6_P23 / OP6_CS
Distance,OP6_WIDTH_9,D1,3.066,3.000,0.066,-0.200,0.200,,OP6_P42 - OP6_P43 / OP6_CS
Distance,OP6_WIDTH_12,D1,3.099,3.000,0.099,-0.200,0.200,,OP6_P57 - OP6_P58 / OP6_CS
Distance,OP6_DEPTH_1,Y,4.979,5.000,-0.021,-0.150,0.150,,OP6_P4 - PL_FIXTURE / OP6_CS
Distance,OP6_DEPTH_5,Y,5.238,5.000,0.238,-0.150,0.150,0.088,OP6_P24 - PL_FIXTURE / OP6_CS
Distance,OP6_DEPTH_9,Y,5.051,5.000,0.051,-0.150,0.150,,OP6_P44 - PL_FIXTURE / OP6_CS
Distance,OP6_DEPTH_12,Y,4.998,5.000,-0.002,-0.150,0.150,,OP6_P59 - PL_FIXTURE / OP6_CS
Circle,CIR_A,DIAM,79.260,79.000,0.260,-0.500,0.500,,Criterion : Least Square (From 12 Pts On PL_D) 
Circle,CIR_A,X,96.204,96.049,0.155,,,,
Circle,CIR_A,Y,71.015,70.746,0.269,,,,
Circle,CIR_A,Z,113.803,114.049,-0.246,,,,
Pos. Tol.,POS_A,PTOL,0.792,0.000,0.792,0.000,4.000,,CIR_A/NOMINAL - CS_ABC - C-Zone - XYZ - Nominal
Circle,CIR_INS_11,X,90.638,90.385,0.254,,,,Criterion : Least Square (From 6 Pts On PL_INS_11) 
Circle,CIR_INS_11,Y,95.501,95.065,0.436,,,,
Circle,CIR_INS_11,Z,160.003,160.233,-0.230,,,,
Pos. Tol.,POS_11,PTOL,1.108,0.000,1.108,0.000,3.000,,CIR_INS_11/NOMINAL - CS_ABC - C-Zone - XYZ - Nominal
Circle,CIR_INS_12,X,115.515,115.649,-0.134,,,,Criterion : Least Square (From 6 Pts On PL_INS_12) 
Circle,CIR_INS_12,Y,38.778,38.214,0.563,,,,
Circle,CIR_INS_12,Z,150.488,150.299,0.189,,,,
Pos. Tol.,POS_12,PTOL,1.218,0.000,1.218,0.000,3.000,,CIR_INS_12/NOMINAL - CS_ABC - C-Zone - XYZ - Nominal
Circle,CIR_INS_13,X,101.793,102.615,-0.822,,,,Criterion : Least Square (From 6 Pts On PL_INS_13) 
Circle,CIR_INS_13,Y,46.692,46.845,-0.153,,,,
Circle,CIR_INS_13,Z,68.068,67.766,0.301,,,,
Pos. Tol.,POS_13,PTOL,1.778,0.000,1.778,0.000,3.000,,CIR_INS_13/NOMINAL - CS_ABC - C-Zone - XYZ - Nominal
Circle,CIR_INS_14,X,76.762,77.351,-0.589,,,,Criterion : Least Square (From 6 Pts On PL_INS_14) 
Circle,CIR_INS_14,Y,103.519,103.696,-0.176,,,,
Circle,CIR_INS_14,Z,77.648,77.701,-0.052,,,,
Pos. Tol.,POS_14,PTOL,1.234,0.000,1.234,0.000,3.000,,CIR_INS_14/NOMINAL - CS_ABC - C-Zone - XYZ - Nominal
Circle,2D_CIR_INS_11,Y,31.333,31.500,-0.167,,,,
Circle,2D_CIR_INS_11,Z,41.958,42.000,-0.042,,,,
Pos. Tol.,POS_2D_11,PTOL,0.344,0.000,0.344,0.000,0.800,,2D_CIR_INS_11/NOMINAL - CS_DE_BF - C-Zone - YZ - Nominal
Circle,2D_CIR_INS_12,Y,-31.332,-31.500,0.168,,,,
Circle,2D_CIR_INS_12,Z,42.048,42.000,0.048,,,,
Pos. Tol.,POS_2D_12,PTOL,0.350,0.000,0.350,0.000,0.800,,2D_CIR_INS_12/NOMINAL - CS_DE_BF - C-Zone - YZ - Nominal
Circle,2D_CIR_INS_13,Y,-31.358,-31.500,0.142,,,,
Circle,2D_CIR_INS_13,Z,-41.880,-42.000,0.120,,,,
Pos. Tol.,POS_2D_13,PTOL,0.372,0.000,0.372,0.000,0.800,,2D_CIR_INS_13/NOMINAL - CS_DE_BF - C-Zone - YZ - Nominal
Circle,2D_CIR_INS_14,Y,31.473,31.500,-0.027,,,,
Circle,2D_CIR_INS_14,Z,-41.942,-42.000,0.058,,,,
Pos. Tol.,POS_2D_14,PTOL,0.128,0.000,0.128,0.000,0.800,,2D_CIR_INS_14/NOMINAL - CS_DE_BF - C-Zone - YZ - Nominal
Distance,H_11,X,0.193,0.000,0.193,0.000,0.500,,CIR_INS_11 - PL_PLAST_INS_11 / CS_DE_BF
Distance,H_12,X,0.151,-0.000,0.151,0.000,0.500,,CIR_INS_12 - PL_PLAST_INS_12 / CS_DE_BF
Distance,H_13,X,0.281,-0.000,0.281,0.000,0.500,,CIR_INS_13 - PL_PLAST_INS_13 / CS_DE_BF
Distance,H_14,X,0.200,-0.000,0.200,0.000,0.500,,CIR_INS_14 - PL_PLAST_INS_14 / CS_DE_BF
Flatness,FLAT_D,FLTN,0.156,0.000,0.156,0.000,0.600,,PL_D
Distance,WIDTH_TB_2,D1,3.088,3.000,0.088,-0.150,0.150,,0W2.5_1.2 - IW2.5_1.2 / CS_DE_BF
Distance,WIDTH_TB_4,D1,3.001,3.000,0.001,-0.150,0.150,,0W2.5_1.4 - IW2.5_1.4 / CS_DE_BF
Distance,WIDTH_TB_6,D1,2.987,3.000,-0.013,-0.150,0.150,,0W2.5_1.6 - IW2.5_1.6 / CS_DE_BF
Distance,WIDTH_TB_7,D1,3.020,3.000,0.020,-0.150,0.150,,0W2.5_1.7 - IW2.5_1.7 / CS_DE_BF
Distance,DEPTH_TB_2,D1,4.857,5.000,-0.143,-0.250,0.250,,TB_BOT_1.2 - PL_D / CS_DE_BF
Distance,DEPTH_TB_4,D1,5.116,5.000,0.116,-0.250,0.250,,TB_BOT_1.4 - PL_D / CS_DE_BF
Distance,DEPTH_TB_6,D1,5.059,5.000,0.059,-0.250,0.250,,TB_BOT_1.6 - PL_D / CS_DE_BF
Distance,DEPTH_TB_7,D1,5.099,5.000,0.099,-0.250,0.250,,TB_BOT_1.7 - PL_D / CS_DE_BF
Profile of Line,PROF_2D_IW_TB,PRFL,0.932,0.000,0.932,0.000,1.500,,SCT_2D_IW_TB
Circle,CIR_INS_15,X,30.487,29.890,0.597,,,,Criterion : Least Square (From 6 Pts On PL_PLAST_INS_15) 
Circle,CIR_INS_15,Y,45.442,44.400,1.042,,,,
Circle,CIR_INS_15,Z,204.988,204.750,0.238,,,,
Pos. Tol.,POS_15,PTOL,2.449,0.000,2.449,0.000,3.500,,CIR_INS_15/NOMINAL - CS_ABC - C-Zone - XYZ - Nominal
Circle,CIR_16_MID_GAGE,DIAM,12.158,12.170,-0.012,-0.100,0.100,,Proj. CIR_16_9MM / PL_PLAST_16.
Circle,CIR_16_MID_GAGE,X,30.509,29.988,0.521,,,,
Circle,CIR_16_MID_GAGE,Y,61.903,61.026,0.876,,,,
Circle,CIR_16_MID_GAGE,Z,221.181,221.344,-0.163,,,,
Pos. Tol.,POS_16,PTOL,2.066,0.000,2.066,0.000,3.500,,CIR_16_MID_GAGE/NOMINAL - CS_ABC - C-Zone - XYZ - Nominal
Distance,H_15,X,0.111,0.000,0.111,0.000,0.400,,CIR_INS_15 - PL_PLAST_16 / CS_15_16
Circle,2D_CIR_15,Y,-23.090,-23.500,0.410,,,,
Circle,2D_CIR_15,Z,0.000,0.000,0.000,,,,
Pos. Tol.,POS_2D_15,PTOL,0.820,0.000,0.820,0.000,0.500,0.320,2D_CIR_15/NOMINAL - CS_15_16 - C-Zone - YZ - Nominal
Circle,CIR_18,DIAM,13.006,13.000,0.006,-0.100,0.100,,Inters. PL_PLAST_18 - CYL_18.
Circle,CIR_18,X,-86.257,-86.500,0.243,,,,
Circle,CIR_18,Y,73.690,74.000,-0.310,,,,
Pos. Tol.,POS_18,PTOL,0.789,0.000,0.789,0.000,2.500,,CIR_18/NOMINAL - CS_ABC - C-Zone - XY - Nominal
Distance,PROF_18,Z,176.398,176.000,0.398,-2.000,2.000,,CIR_18 - ORIGIN / CS_ABC
Circle,CIR_20,X,-274.700,-274.784,0.084,,,,Criterion : Least Square (From 6 Pts On PL_INS_20) 
Circle,CIR_20,Y,114.182,114.438,-0.257,,,,
Circle,CIR_20,Z,-19.398,-19.512,0.114,,,,
Pos. Tol.,POS_20,PTOL,0.586,0.000,0.586,0.000,3.000,,CIR_20/NOMINAL - CS_ABC - C-Zone - XYZ - Nominal
Circle,CIR_22,X,40.013,39.216,0.797,,,,Criterion : Least Square (From 6 Pts On PL_INS_22) 
Circle,CIR_22,Y,112.355,111.457,0.897,,,,
Circle,CIR_22,Z,199.905,200.504,-0.599,,,,
Pos. Tol.,POS_22,PTOL,2.683,0.000,2.683,0.000,3.000,,CIR_22/NOMINAL - CS_ABC - C-Zone - XYZ - Nominal
Circle,CIR_23,X,48.626,48.716,-0.090,,,,Criterion : Least Square (From 6 Pts On PL_INS_23) 
Circle,CIR_23,Y,114.285,114.438,-0.153,,,,
Circle,CIR_23,Z,-19.589,-19.512,-0.077,,,,
Pos. Tol.,POS_23,PTOL,0.387,0.000,0.387,0.000,3.000,,CIR_23/NOMINAL - CS_ABC - C-Zone - XYZ - Nominal
Distance,H_20,Y,0.031,0.000,0.031,0.000,0.500,,CIR_20 - PL_PLAST_20 / CS_20
Distance,H_22,Y,0.171,0.000,0.171,0.000,0.500,,CIR_22 - PL_PLAST_22 / CS_22
Distance,H_23,Y,0.206,0.000,0.206,0.000,0.500,,CIR_23 - PL_PLAST_23 / CS_23
Angle,ANG_20,3D,26.976,28.000,-1.024,-2.000,2.000,,PL_INS_22 - PL_FIXTURE / CS_20
Angle,ANG_22,3D,26.976,28.000,-1.024,-2.000,2.000,,PL_INS_22 - PL_FIXTURE / CS_22
Angle,ANG_23,3D,27.539,28.000,-0.461,-2.000,2.000,,PL_INS_23 - PL_FIXTURE / CS_23
Circle,2D_CIR_20,X,-323.391,-323.500,0.109,,,,
Circle,2D_CIR_20,Z,-0.003,0.000,-0.003,,,,
Pos. Tol.,POS_2D_20,PTOL,0.219,0.000,0.219,0.000,1.250,,2D_CIR_20/NOMINAL - CS_23_BF - C-Zone - XZ - Nominal
Circle,2D_CIR_22,X,-9.479,-9.500,0.021,,,,
Circle,2D_CIR_22,Z,195.642,195.643,-0.001,,,,
Pos. Tol.,POS_2D_22,PTOL,0.043,0.000,0.043,0.000,1.250,,2D_CIR_22/NOMINAL - CS_23_BF - C-Zone - XZ - Nominal
Circle,2D_CIR_23,X,-0.072,0.000,-0.072,,,,
Circle,2D_CIR_23,Z,0.000,0.000,0.000,,,,
Pos. Tol.,POS_2D_23,PTOL,0.144,0.000,0.144,0.000,1.250,,2D_CIR_23/NOMINAL - CS_23_BF - C-Zone - XZ - Nominal
Circle,CIR_INS_21,X,-256.665,-257.000,0.335,,,,Criterion : Least Square (From 6 Pts On PL_INS_21) 
Circle,CIR_INS_21,Z,124.996,125.000,-0.004,,,,
Pos. Tol.,POS_21,PTOL,0.670,0.000,0.670,0.000,3.000,,CIR_INS_21/NOMINAL - CS_ABC - C-Zone - XZ - Nominal
Circle,CIR_29,X,28.666,28.699,-0.034,,,,Criterion : Least Square (From 6 Pts On PL_INS_29) 
Circle,CIR_29,Z,12.489,12.480,0.009,,,,
Pos. Tol.,POS_29,PTOL,0.070,0.000,0.070,0.000,3.000,,CIR_29/NOMINAL - CS_ABC - C-Zone - XZ - Nominal
Circle,CIR_30,X,42.741,42.500,0.241,,,,Criterion : Least Square (From 6 Pts On PL_INS_30) 
Circle,CIR_30,Z,-161.662,-161.750,0.089,,,,
Pos. Tol.,POS_30,PTOL,0.513,0.000,0.513,0.000,3.000,,CIR_30/NOMINAL - CS_ABC - C-Zone - XZ - Nominal
Circle,CIR_32,X,-215.163,-214.979,-0.184,,,,Criterion : Least Square (From 6 Pts On PL_INS_32) 
Circle,CIR_32,Z,-161.995,-161.750,-0.244,,,,
Pos. Tol.,POS_32,PTOL,0.513,0.000,0.513,0.000,3.000,,CIR_30/NOMINAL - CS_ABC - C-Zone - XZ - Nominal
Distance,H_21,D1,0.389,0.000,0.389,,,,CIR_INS_21 - PL_PLAST_INS_21 / CS_TEMP_21
Distance,H_21,D2,,,,,,,
Distance,H_21,X,-0.001,0.000,-0.001,,,,
Distance,H_21,Y,0.389,0.000,0.389,0.000,0.500,,
Distance,H_21,Z,-0.008,0.000,-0.008,,,,
Distance,H_29,D1,0.149,0.000,0.149,,,,CIR_29 - PL_PLAST_29 / CS_TEMP_29
Distance,H_29,D2,,,,,,,
Distance,H_29,X,0.001,0.000,0.001,,,,
Distance,H_29,Y,0.149,0.000,0.149,0.000,0.500,,
Distance,H_29,Z,-0.001,0.000,-0.001,,,,
Distance,H_30,D1,0.385,0.000,0.385,,,,CIR_30 - PL_PLAST_30 / CS_TEMP_30
Distance,H_30,D2,,,,,,,
Distance,H_30,X,0.001,0.000,0.001,,,,
Distance,H_30,Y,0.385,0.000,0.385,0.000,0.500,,
Distance,H_30,Z,-0.000,0.000,-0.000,,,,
Distance,H_32,D1,0.297,0.000,0.297,,,,CIR_32 - PL_PLAST_32 / CS_TEMP_32
Distance,H_32,D2,,,,,,,
Distance,H_32,X,-0.003,0.000,-0.003,,,,
Distance,H_32,Y,0.296,0.000,0.296,0.000,0.500,,
Distance,H_32,Z,-0.000,0.000,-0.000,,,,
Distance,PROF_21,Y,105.836,104.420,1.416,-2.000,2.000,,CIR_INS_21 - ORIGIN / CS_ABC
Distance,PROF_29,Y,124.145,124.420,-0.275,-2.000,2.000,,CIR_29 - ORIGIN / CS_ABC
Distance,PROF_30,Y,83.244,83.300,-0.056,-2.000,2.000,,CIR_30 - ORIGIN / CS_ABC
Distance,PROF_32,Y,82.926,83.300,-0.374,-2.000,2.000,,CIR_32 - ORIGIN / CS_ABC
Circle,2D_CIR_INS_21,X,0.219,0.000,0.219,,,,
Circle,2D_CIR_INS_21,Z,0.018,0.000,0.018,,,,
Pos. Tol.,POS_2D_21,PTOL,0.439,0.000,0.439,0.000,1.250,,2D_CIR_INS_21/NOMINAL - CS_INS_W_BF - C-Zone - XZ - Nominal
Circle,2D_CIR_29,X,285.477,285.599,-0.122,,,,
Circle,2D_CIR_29,Z,-112.758,-112.776,0.018,,,,
Pos. Tol.,POS_2D_29,PTOL,0.247,0.000,0.247,0.000,1.250,,2D_CIR_29/NOMINAL - CS_INS_W_BF - C-Zone - XZ - Nominal
Circle,2D_CIR_30,X,299.389,299.243,0.146,,,,
Circle,2D_CIR_30,Z,-286.803,-287.018,0.215,,,,
Pos. Tol.,POS_2D_30,PTOL,0.520,0.000,0.520,0.000,1.250,,2D_CIR_30/NOMINAL - CS_INS_W_BF - C-Zone - XZ - Nominal
Circle,2D_CIR_32,X,41.485,41.763,-0.278,,,,
Circle,2D_CIR_32,Z,-286.939,-286.788,-0.151,,,,
Pos. Tol.,POS_2D_32,PTOL,0.632,0.000,0.632,0.000,1.250,,2D_CIR_32/NOMINAL - CS_INS_W_BF - C-Zone - XZ - Nominal
Circle,CIR_INS_26,X,-219.277,-219.500,0.223,,,,Criterion : Least Square (From 6 Pts On PL_INS_26) 
Circle,CIR_INS_26,Z,71.586,72.000,-0.414,,,,
Pos. Tol.,POS_26,PTOL,0.940,0.000,0.940,0.000,3.000,,CIR_INS_26/NOMINAL - CS_ABC - C-Zone - XZ - Nominal
Circle,CIR_27,X,-87.566,-87.500,-0.066,,,,Criterion : Least Square (From 6 Pts On PL_INS_27) 
Circle,CIR_27,Z,71.958,72.000,-0.041,,,,
Pos. Tol.,POS_27,PTOL,0.156,0.000,0.156,0.000,3.000,,CIR_27/NOMINAL - CS_ABC - C-Zone - XZ - Nominal
Circle,CIR_28,X,43.437,43.700,-0.263,,,,Criterion : Least Square (From 6 Pts On PL_INS_28) 
Circle,CIR_28,Z,49.635,50.000,-0.365,,,,
Pos. Tol.,POS_28,PTOL,0.899,0.000,0.899,0.000,3.000,,CIR_28/NOMINAL - CS_ABC - C-Zone - XZ - Nominal
Circle,CIR_31,X,-71.498,-71.500,0.002,,,,Criterion : Least Square (From 6 Pts On PL_INS_31) 
Circle,CIR_31,Z,-162.153,-161.750,-0.403,,,,
Pos. Tol.,POS_31,PTOL,0.806,0.000,0.806,0.000,3.000,,CIR_31/NOMINAL - CS_ABC - C-Zone - XZ - Nominal
Distance,PROF_26,Y,130.439,130.420,0.019,-2.000,2.000,,CIR_INS_26 - ORIGIN / CS_ABC
Distance,PROF_27,Y,130.080,130.420,-0.340,-2.000,2.000,,CIR_27 - ORIGIN / CS_ABC
Distance,PROF_28,Y,123.172,123.420,-0.248,-2.000,2.000,,CIR_28 - ORIGIN / CS_ABC
Distance,PROF_31,Y,83.398,83.300,0.098,-2.000,2.000,,CIR_31 - ORIGIN / CS_ABC
Distance,H_26,Y,0.194,0.000,0.194,0.000,0.500,,CIR_INS_26 - PL_PLAST_INS_26 / CS_TEMP_26
Distance,H_27,Y,0.293,0.000,0.293,0.000,0.500,,CIR_27 - PL_PLAST_27 / CS_TEMP_27
Distance,H_28,Y,0.098,0.000,0.098,0.000,0.500,,CIR_28 - PL_PLAST_28 / CS_TEMP_28
Distance,H_31,Y,0.252,0.000,0.252,0.000,0.500,,CIR_31 - PL_PLAST_31 / CS_TEMP_31
Circle,CIR_24,DIAM,12.058,12.050,0.008,-0.080,0.080,,Criterion : Least Square (From 12 Pts On PL_PLAST_24_25) 
Circle,CIR_24,X,-117.394,-117.520,0.126,,,,
Circle,CIR_24,Z,102.072,102.110,-0.038,,,,
Pos. Tol.,POS_24,PTOL,0.264,0.000,0.264,0.000,3.000,,CIR_24/NOMINAL - CS_ABC - C-Zone - XZ - Nominal
Circle,CIR_25,DIAM,4.696,4.700,-0.004,-0.050,0.050,,Criterion : Least Square (From 6 Pts On PL_PLAST_24_25) 
Circle,CIR_25,X,-114.886,-115.078,0.193,,,,
Circle,CIR_25,Z,119.190,119.449,-0.260,,,,
Pos. Tol.,POS_25,PTOL,0.647,0.000,0.647,0.000,1.500,,CIR_25/NOMINAL - CS_ABC - C-Zone - XZ - Nominal
Distance,PROF_24,Y,115.062,115.500,-0.438,-1.500,1.500,,CIR_24 - ORIGIN / CS_ABC
Circle,2D_CIR_25,X,0.000,0.000,0.000,,,,
Circle,2D_CIR_25,Z,17.304,17.500,-0.196,,,,
Pos. Tol.,POS_2D_25,PTOL,0.393,0.000,0.393,0.000,0.500,,2D_CIR_25/NOMINAL - CS_24_25 - C-Zone - XZ - Nominal
Circle,CIR_43,DIAM,,12.500,,-0.100,0.100,,
Circle,CIR_43,X,,-13.500,,,,,
Circle,CIR_43,Z,,122.000,,,,,
Pos. Tol.,POS_43,PTOL,,0.000,,0.000,3.000,,CIR_43/NOMINAL - CS_ABC - C-Zone - XZ - Nominal
Distance,PROF_43,Y,,125.000,,-2.000,2.000,,CIR_43 - ORIGIN / CS_ABC
Circle,CIR_55,X,-296.550,-296.400,-0.150,,,,Criterion : Least Square (From 6 Pts On PL_INS_55) 
Circle,CIR_55,Z,-83.807,-84.000,0.193,,,,
Pos. Tol.,POS_55,PTOL,0.489,0.000,0.489,0.000,3.000,,CIR_55/NOMINAL - CS_ABC - C-Zone - XZ - Nominal
Distance,PROF_55,D1,314.222,,,,,,CIR_55 - ORIGIN / CS_ABC
Distance,PROF_55,Y,61.397,62.000,-0.603,-2.000,2.000,,
Circle,CIR_56,X,-303.806,-304.000,0.194,,,,Criterion : Least Square (From 6 Pts On PL_INS_56) 
Circle,CIR_56,Z,46.425,46.200,0.225,,,,
Pos. Tol.,POS_56,PTOL,0.594,0.000,0.594,0.000,3.000,,CIR_56/NOMINAL - CS_ABC - C-Zone - XZ - Nominal
Distance,PROF_56,D1,313.556,,,,,,CIR_56 - ORIGIN / CS_ABC
Distance,PROF_56,Y,62.160,62.000,0.160,-2.000,2.000,,
