Feat. Type,Feat. Name,Value,Actual,Nominal,Dev.,Tol-,Tol+,Out of Tol.,Comment
Text/Value,VAR_PROGRAM,VAL,,,,,,,'N:\Metrolog XG\Programmes\V10 6.8L Triton\V10 6.8L Triton Stage-1 Module 51.gm2'
Text/Value,VAR_EVENEMENT,VAL,,,,,,,'D�marrage'
Text/Value,VAR_COMMENTAIRES,VAL,,,,,,,'356B'
Flatness,FLAT_N,FLTN,0.911,0.000,0.911,0.000,2.000,,PL_DATUM_N
Circle,CIR_50,X,45.575,45.400,0.175,,,,Criterion : Least Square (From 6 Pts On PL_PLAST_50) 
Circle,CIR_50,Y,-40.737,-40.000,-0.737,,,,
Pos. Tol.,POS_50,PTOL,1.515,0.000,1.515,0.000,5.000,,CIR_50/NOMINAL - CS_MNL_BF - C-Zone - XY - Nominal
Circle,CIR_51,X,45.424,45.400,0.024,,,,Criterion : Least Square (From 6 Pts On PL_PLAST_51) 
Circle,CIR_51,Y,-123.075,-123.000,-0.075,,,,
Pos. Tol.,POS_51,PTOL,0.157,0.000,0.157,0.000,5.000,,CIR_51/NOMINAL - CS_MNL_BF - C-Zone - XY - Nominal
Circle,CIR_52,X,45.481,45.400,0.081,,,,Criterion : Least Square (From 6 Pts On PL_PLAST_52) 
Circle,CIR_52,Y,-205.383,-205.000,-0.383,,,,
Pos. Tol.,POS_52,PTOL,0.783,0.000,0.783,0.000,5.000,,CIR_52/NOMINAL - CS_MNL_BF - C-Zone - XY - Nominal
Circle,CIR_53,X,45.719,45.400,0.319,,,,Criterion : Least Square (From 6 Pts On PL_PLAST_53) 
Circle,CIR_53,Y,-287.700,-287.000,-0.700,,,,
Pos. Tol.,POS_53,PTOL,1.539,0.000,1.539,0.000,5.000,,CIR_53/NOMINAL - CS_MNL_BF - C-Zone - XY - Nominal
Circle,CIR_54,X,45.664,45.400,0.264,,,,Criterion : Least Square (From 6 Pts On PL_PLAST_54) 
Circle,CIR_54,Y,-369.925,-370.000,0.075,,,,
Pos. Tol.,POS_54,PTOL,0.549,0.000,0.549,0.000,5.000,,CIR_54/NOMINAL - CS_MNL_BF - C-Zone - XY - Nominal
Circle,CIR_55,X,23.191,23.200,-0.009,,,,Criterion : Least Square (From 6 Pts On PL_PLAST_55) 
Circle,CIR_55,Y,-419.952,-419.000,-0.952,,,,
Pos. Tol.,POS_55,PTOL,1.903,0.000,1.903,0.000,5.000,,CIR_55/NOMINAL - CS_MNL_BF - C-Zone - XY - Nominal
Circle,CIR_56,X,-22.737,-22.800,0.063,,,,Criterion : Least Square (From 6 Pts On PL_PLAST_56) 
Circle,CIR_56,Y,-420.181,-419.000,-1.181,,,,
Pos. Tol.,POS_56,PTOL,2.365,0.000,2.365,0.000,5.000,,CIR_56/NOMINAL - CS_MNL_BF - C-Zone - XY - Nominal
Circle,CIR_57,X,-44.946,-44.700,-0.246,,,,Criterion : Least Square (From 6 Pts On PL_PLAST_57) 
Circle,CIR_57,Y,-329.395,-329.000,-0.395,,,,
Pos. Tol.,POS_57,PTOL,0.931,0.000,0.931,0.000,5.000,,CIR_57/NOMINAL - CS_MNL_BF - C-Zone - XY - Nominal
Circle,CIR_58,X,-45.146,-44.700,-0.446,,,,Criterion : Least Square (From 6 Pts On PL_PLAST_58) 
Circle,CIR_58,Y,-246.938,-246.000,-0.938,,,,
Pos. Tol.,POS_58,PTOL,2.077,0.000,2.077,0.000,5.000,,CIR_58/NOMINAL - CS_MNL_BF - C-Zone - XY - Nominal
Circle,CIR_59,X,-45.222,-44.700,-0.522,,,,Criterion : Least Square (From 6 Pts On PL_PLAST_59) 
Circle,CIR_59,Y,-164.480,-164.000,-0.480,,,,
Pos. Tol.,POS_59,PTOL,1.417,0.000,1.417,0.000,5.000,,CIR_59/NOMINAL - CS_MNL_BF - C-Zone - XY - Nominal
Circle,CIR_60,X,-45.310,-44.700,-0.610,,,,Criterion : Least Square (From 6 Pts On PL_PLAST_60) 
Circle,CIR_60,Y,-82.229,-81.000,-1.229,,,,
Pos. Tol.,POS_60,PTOL,2.744,0.000,2.744,0.000,5.000,,CIR_60/NOMINAL - CS_MNL_BF - C-Zone - XY - Nominal
Circle,CIR_61,X,-60.029,-59.800,-0.229,,,,Criterion : Least Square (From 6 Pts On PL_PLAST_61) 
Circle,CIR_61,Y,-20.563,-20.000,-0.563,,,,
Pos. Tol.,POS_61,PTOL,1.216,0.000,1.216,0.000,5.000,,CIR_61/NOMINAL - CS_MNL_BF - C-Zone - XY - Nominal
Circle,2D_CIR_50,X,0.457,0.000,0.457,,,,
Circle,2D_CIR_50,Y,164.846,165.000,-0.154,,,,
Pos. Tol.,POS_2D_50,PTOL,0.965,0.000,0.965,0.000,2.000,,2D_CIR_50/NOMINAL - CS_N_52_50_BF_ - C-Zone - XY - Nominal
Circle,2D_CIR_51,X,0.223,0.000,0.223,,,,
Circle,2D_CIR_51,Y,82.508,82.000,0.508,,,,
Pos. Tol.,POS_2D_51,PTOL,1.109,0.000,1.109,0.000,2.000,,2D_CIR_51/NOMINAL - CS_N_52_50_BF_ - C-Zone - XY - Nominal
Circle,2D_CIR_52,X,0.196,0.000,0.196,,,,
Circle,2D_CIR_52,Y,0.200,0.000,0.200,,,,
Pos. Tol.,POS_2D_52,PTOL,0.560,0.000,0.560,0.000,2.000,,2D_CIR_52/NOMINAL - CS_N_52_50_BF_ - C-Zone - XY - Nominal
Circle,2D_CIR_53,X,0.351,0.000,0.351,,,,
Circle,2D_CIR_53,Y,-82.118,-82.000,-0.118,,,,
Pos. Tol.,POS_2D_53,PTOL,0.740,0.000,0.740,0.000,2.000,,2D_CIR_53/NOMINAL - CS_N_52_50_BF_ - C-Zone - XY - Nominal
Circle,2D_CIR_54,X,0.213,0.000,0.213,,,,
Circle,2D_CIR_54,Y,-164.343,-165.000,0.657,,,,
Pos. Tol.,POS_2D_54,PTOL,1.382,0.000,1.382,0.000,2.000,,2D_CIR_54/NOMINAL - CS_N_52_50_BF_ - C-Zone - XY - Nominal
Circle,2D_CIR_55,X,-22.310,-22.200,-0.110,,,,
Circle,2D_CIR_55,Y,-214.346,-214.000,-0.346,,,,
Pos. Tol.,POS_2D_55,PTOL,0.727,0.000,0.727,0.000,2.000,,2D_CIR_55/NOMINAL - CS_N_52_50_BF_ - C-Zone - XY - Nominal
Circle,2D_CIR_56,X,-68.239,-68.200,-0.039,,,,
Circle,2D_CIR_56,Y,-214.529,-214.000,-0.529,,,,
Pos. Tol.,POS_2D_56,PTOL,1.061,0.000,1.061,0.000,2.000,,2D_CIR_56/NOMINAL - CS_N_52_50_BF_ - C-Zone - XY - Nominal
Circle,2D_CIR_57,X,-90.356,-90.100,-0.256,,,,
Circle,2D_CIR_57,Y,-123.721,-124.000,0.279,,,,
Pos. Tol.,POS_2D_57,PTOL,0.758,0.000,0.758,0.000,2.000,,2D_CIR_57/NOMINAL - CS_N_52_50_BF_ - C-Zone - XY - Nominal
Circle,2D_CIR_58,X,-90.473,-90.100,-0.373,,,,
Circle,2D_CIR_58,Y,-41.264,-41.000,-0.264,,,,
Pos. Tol.,POS_2D_58,PTOL,0.913,0.000,0.913,0.000,2.000,,2D_CIR_58/NOMINAL - CS_N_52_50_BF_ - C-Zone - XY - Nominal
Circle,2D_CIR_59,X,-90.465,-90.100,-0.365,,,,
Circle,2D_CIR_59,Y,41.195,41.000,0.195,,,,
Pos. Tol.,POS_2D_59,PTOL,0.828,0.000,0.828,0.000,2.000,,2D_CIR_59/NOMINAL - CS_N_52_50_BF_ - C-Zone - XY - Nominal
Circle,2D_CIR_60,X,-90.470,-90.100,-0.370,,,,
Circle,2D_CIR_60,Y,123.445,124.000,-0.555,,,,
Pos. Tol.,POS_2D_60,PTOL,1.333,0.000,1.333,0.000,2.000,,2D_CIR_60/NOMINAL - CS_N_52_50_BF_ - C-Zone - XY - Nominal
Circle,2D_CIR_61,X,-105.127,-105.200,0.073,,,,
Circle,2D_CIR_61,Y,185.126,185.000,0.126,,,,
Pos. Tol.,POS_2D_61,PTOL,0.292,0.000,0.292,0.000,2.000,,2D_CIR_61/NOMINAL - CS_N_52_50_BF_ - C-Zone - XY - Nominal
Distance,H50,Z,-11.982,-12.000,0.018,-0.500,0.500,,PNT_BOTTOM_50 - PL_PLAST_50 / CS_N_52_50_BF
Distance,H51,Z,-12.197,-12.000,-0.197,-0.500,0.500,,PNT_BOTTOM_51 - PL_PLAST_51 / CS_N_52_50_BF
Distance,H52,Z,-11.926,-12.000,0.074,-0.500,0.500,,PNT_BOTTOM_52 - PL_PLAST_52 / CS_N_52_50_BF
Distance,H53,Z,-12.270,-12.000,-0.270,-0.500,0.500,,PNT_BOTTOM_53 - PL_PLAST_53 / CS_N_52_50_BF
Distance,H54,Z,-12.155,-12.000,-0.155,-0.500,0.500,,PNT_BOTTOM_54 - PL_PLAST_54 / CS_N_52_50_BF
Distance,H55,Z,-12.101,-12.000,-0.101,-0.500,0.500,,PNT_BOTTOM_55 - PL_PLAST_55 / CS_N_52_50_BF
Distance,H56,Z,-12.366,-12.000,-0.366,-0.500,0.500,,PNT_BOTTOM_56 - PL_PLAST_56 / CS_N_52_50_BF
Distance,H57,Z,-12.200,-12.000,-0.200,-0.500,0.500,,PNT_BOTTOM_57 - PL_PLAST_57 / CS_N_52_50_BF
Distance,H58,Z,-12.136,-12.000,-0.136,-0.500,0.500,,PNT_BOTTOM_58 - PL_PLAST_58 / CS_N_52_50_BF
Distance,H59,Z,-12.322,-12.000,-0.322,-0.500,0.500,,PNT_BOTTOM_59 - PL_PLAST_59 / CS_N_52_50_BF
Distance,H60,Z,-12.096,-12.000,-0.096,-0.500,0.500,,PNT_BOTTOM_60 - PL_PLAST_60 / CS_N_52_50_BF
Distance,H61,Z,-12.157,-12.000,-0.157,-0.500,0.500,,PNT_BOTTOM_61 - PL_PLAST_61 / CS_N_52_50_BF
Profile of Line,PROF_LSRC_OP_1,PRFL,1.101,0.000,1.101,0.000,2.000,,SCT_LSRC_OP10
Profile of Line,PROF_LSRC_OP_2,PRFL,1.261,0.000,1.261,0.000,2.000,,SCT_LSRC_OP2
Profile of Line,PROF_LSRC_OP_3,PRFL,1.542,0.000,1.542,0.000,2.000,,SCT_LSRC_OP3
Profile of Line,PROF_LSRC_OP_4,PRFL,1.021,0.000,1.021,0.000,2.000,,SCT_LSRC_OP4
Profile of Line,PROF_LSRC_OP_5,PRFL,1.425,0.000,1.425,0.000,2.000,,SCT_LSRC_OP5
Profile of Line,PROF_LSRC_OP_6,PRFL,0.795,0.000,0.795,0.000,2.000,,SCT_LSRC_OP6
Profile of Line,PROF_LSRC_OP_7,PRFL,1.478,0.000,1.478,0.000,2.000,,SCT_LSRC_OP7
Profile of Line,PROF_LSRC_OP_8,PRFL,0.826,0.000,0.826,0.000,2.000,,SCT_LSRC_OP8
Profile of Line,PROF_LSRC_OP_9,PRFL,1.124,0.000,1.124,0.000,2.000,,SCT_LSRC_OP9
Profile of Line,PROF_LSRC_OP_10,PRFL,1.101,0.000,1.101,0.000,2.000,,SCT_LSRC_OP10
