Feat. Type,Feat. Name,Value,Actual,Nominal,Dev.,Tol-,Tol+,Out of Tol.,Comment
Text/Value,VAR_PROGRAM,VAL,,,,,,,'N:\Metrolog XG\Programmes\Ford Nano 2.7L\Ford Nano 2.7L Free State (Module 51).gm2'
Text/Value,VAR_EVENEMENT,VAL,,,,,,,'Test Hebdo'
Text/Value,VAR_COMMENTAIRES,VAL,,,,,,,'335A'
Circle,CIR_FLANGE_1,X,-86.786,-86.800,0.014,,,,Criterion : Least Square (From 12 Pts On PL_FLANGE_1) 
Circle,CIR_FLANGE_1,Z,44.305,44.500,-0.195,,,,
Circle,CIR_FLANGE_2,X,-102.437,-102.800,0.363,,,,Criterion : Least Square (From 12 Pts On PL_FLANGE_2) 
Circle,CIR_FLANGE_2,Z,-49.486,-49.500,0.014,,,,
Circle,CIR_FLANGE_3,X,-102.517,-102.800,0.283,,,,Criterion : Least Square (From 12 Pts On PL_FLANGE_3) 
Circle,CIR_FLANGE_3,Z,-144.763,-144.500,-0.263,,,,
Circle,CIR_FLANGE_4,X,-102.624,-102.800,0.176,,,,Criterion : Least Square (From 12 Pts On PL_FLANGE_4) 
Circle,CIR_FLANGE_4,Z,-240.885,-240.500,-0.385,,,,
Circle,CIR_FLANGE_5,X,9.206,9.200,0.006,,,,Criterion : Least Square (From 12 Pts On PL_FLANGE_5) 
Circle,CIR_FLANGE_5,Z,6.081,6.000,0.081,,,,
Circle,CIR_FLANGE_6,X,9.102,9.200,-0.098,,,,Criterion : Least Square (From 12 Pts On PL_FLANGE_6) 
Circle,CIR_FLANGE_6,Z,-84.658,-84.500,-0.158,,,,
Circle,CIR_FLANGE_7,X,8.687,9.200,-0.513,,,,Criterion : Least Square (From 12 Pts On PL_FLANGE_7) 
Circle,CIR_FLANGE_7,Z,-179.704,-179.500,-0.204,,,,
Circle,CIR_FLANGE_8,X,9.281,9.200,0.081,,,,Criterion : Least Square (From 12 Pts On PL_FLANGE_8) 
Circle,CIR_FLANGE_8,Z,-274.863,-274.500,-0.363,,,,
Distance,BOSS_HEIGHT_1,D1,25.709,25.900,-0.191,-0.200,0.100,,CIR_TOP_PRJ_1 - CIR_FLANGE_1 / CS_BF_MNTG_POINTS
Distance,BOSS_HEIGHT_2,D1,25.615,25.900,-0.285,-0.200,0.100,-0.085,CIR_TOP_PRJ_2 - CIR_FLANGE_2 / CS_BF_MNTG_POINTS
Distance,BOSS_HEIGHT_3,D1,25.613,25.900,-0.287,-0.200,0.100,-0.087,CIR_TOP_PRJ_3 - CIR_FLANGE_3 / CS_BF_MNTG_POINTS
Distance,BOSS_HEIGHT_4,D1,25.668,25.900,-0.232,-0.200,0.100,-0.032,CIR_TOP_PRJ_4 - CIR_FLANGE_4 / CS_BF_MNTG_POINTS
Distance,BOSS_HEIGHT_5,D1,25.625,25.900,-0.275,-0.200,0.100,-0.075,CIR_TOP_PRJ_5 - CIR_FLANGE_5 / CS_BF_MNTG_POINTS
Distance,BOSS_HEIGHT_6,D1,25.522,25.900,-0.378,-0.200,0.100,-0.178,CIR_TOP_PRJ_6 - CIR_FLANGE_6 / CS_BF_MNTG_POINTS
Distance,BOSS_HEIGHT_7,D1,25.644,25.900,-0.256,-0.200,0.100,-0.056,CIR_TOP_PRJ_7 - CIR_FLANGE_7 / CS_BF_MNTG_POINTS
Distance,BOSS_HEIGHT_8,D1,25.631,25.900,-0.269,-0.200,0.100,-0.069,CIR_TOP_PRJ_8 - CIR_FLANGE_8 / CS_BF_MNTG_POINTS
Pos. Tol.,POS_1,PTOL,0.391,0.000,0.391,0.000,1.500,,CIR_FLANGE_1/NOMINAL - CS_ABC - C-Zone - XZ - Nominal
Pos. Tol.,POS_2,PTOL,0.726,0.000,0.726,0.000,1.500,,CIR_FLANGE_2/NOMINAL - CS_ABC - C-Zone - XZ - Nominal
Pos. Tol.,POS_3,PTOL,0.773,0.000,0.773,0.000,1.500,,CIR_FLANGE_3/NOMINAL - CS_ABC - C-Zone - XZ - Nominal
Pos. Tol.,POS_4,PTOL,0.846,0.000,0.846,0.000,1.500,,CIR_FLANGE_4/NOMINAL - CS_ABC - C-Zone - XZ - Nominal
Pos. Tol.,POS_5,PTOL,0.162,0.000,0.162,0.000,1.500,,CIR_FLANGE_5/NOMINAL - CS_ABC - C-Zone - XZ - Nominal
Pos. Tol.,POS_6,PTOL,0.371,0.000,0.371,0.000,1.500,,CIR_FLANGE_6/NOMINAL - CS_ABC - C-Zone - XZ - Nominal
Pos. Tol.,POS_7,PTOL,1.105,0.000,1.105,0.000,1.500,,CIR_FLANGE_7/NOMINAL - CS_ABC - C-Zone - XZ - Nominal
Pos. Tol.,POS_8,PTOL,0.743,0.000,0.743,0.000,1.500,,CIR_FLANGE_8/NOMINAL - CS_ABC - C-Zone - XZ - Nominal
