Feat. Type,Feat. Name,Value,Actual,Nominal,Dev.,Tol-,Tol+,Out of Tol.,Comment
Text/Value,VAR_PROGRAM,VAL,,,,,,,'N:\Metrolog XG\Programmes\D37 Mustang\D37 Mustang Complete (Module 44).gm2'
Text/Value,VAR_EVENEMENT,VAL,,,,,,,'Smed '
Text/Value,VAR_COMMENTAIRES,VAL,,,,,,,'345 A'
Circle,CIR_DATUM_B,DIAM,7.797,7.750,0.047,-0.050,0.050,,Criterion : Least Square (From 9 Pts On PL_FIXTURE) 
Circle,CIR_DATUM_B,X,0.000,0.000,0.000,-0.050,0.050,,
Circle,CIR_DATUM_B,Z,0.000,0.000,0.000,-0.050,0.050,,
Pos. Tol.,POS_B,PTOL,0.000,0.000,0.000,0.003,0.303,,CIR_DATUM_B(M)/NOMINAL - CS_ABC - C-Zone - XZ - Nominal
Distance,DIST_X_Z_DATUM_C,X,4.487,4.500,-0.013,-0.150,0.150,,PNT_DATUM_C - ORIGIN / CS_ABC
Distance,DIST_X_Z_DATUM_C,Z,-351.414,-351.600,0.186,-0.350,0.350,,
Distance,WIDTH_C,D1,7.445,7.400,0.045,-0.100,0.100,,SRF_C_RH - SRF_C_LH / CS_ABC
Circle,CIR1,DIAM,12.081,12.075,0.006,-0.175,0.175,,From 4 Pts On PL_FIXTURE
Circle,CIR1,X,54.267,54.500,-0.233,,,,
Circle,CIR1,Z,-346.349,-346.600,0.251,,,,
Pos. Tol.,POS_1,PTOL,0.685,0.000,0.685,0.181,1.181,,CIR1(M)/NOMINAL - CS_ABC - C-Zone - XZ - Nominal
Circle,CIR2,DIAM,12.136,12.075,0.061,-0.175,0.175,,From 4 Pts On PL_FIXTURE
Circle,CIR2,X,-16.616,-16.500,-0.116,,,,
Circle,CIR2,Z,-351.453,-351.600,0.147,,,,
Pos. Tol.,POS_2,PTOL,0.375,0.000,0.375,0.236,1.236,,CIR2(M)/NOMINAL - CS_ABC - C-Zone - XZ - Nominal
Circle,CIR4,DIAM,12.097,12.075,0.022,-0.175,0.175,,From 4 Pts On PL_FIXTURE
Circle,CIR4,X,-16.415,-16.500,0.085,,,,
Circle,CIR4,Z,-1.150,-1.100,-0.050,,,,
Pos. Tol.,POS_4,PTOL,0.196,0.000,0.196,0.197,1.197,,CIR4(M)/NOMINAL - CS_ABC - C-Zone - XZ - Nominal
Circle,CIR5,DIAM,12.050,12.075,-0.025,-0.175,0.175,,From 4 Pts On PL_FIXTURE
Circle,CIR5,X,54.138,54.500,-0.362,,,,
Circle,CIR5,Z,-26.949,-27.100,0.151,,,,
Pos. Tol.,POS_5,PTOL,0.784,0.000,0.784,0.150,1.150,,CIR5(M)/NOMINAL - CS_ABC - C-Zone - XZ - Nominal
Circle,CIR6,DIAM,12.102,12.075,0.027,-0.175,0.175,,From 4 Pts On PL_FIXTURE
Circle,CIR6,X,54.296,54.500,-0.204,,,,
Circle,CIR6,Z,-134.474,-134.600,0.126,,,,
Pos. Tol.,POS_6,PTOL,0.479,0.000,0.479,0.202,1.202,,CIR6(M)/NOMINAL - CS_ABC - C-Zone - XZ - Nominal
Circle,CIR7,DIAM,12.082,12.075,0.007,-0.175,0.175,,From 4 Pts On PL_FIXTURE
Circle,CIR7,X,54.202,54.500,-0.298,,,,
Circle,CIR7,Z,-240.462,-240.600,0.138,,,,
Pos. Tol.,POS_7,PTOL,0.657,0.000,0.657,0.182,1.182,,CIR7(M)/NOMINAL - CS_ABC - C-Zone - XZ - Nominal
Profile of Line,PROF_OP1,PRFL,0.552,0.000,0.552,0.000,1.500,,SCT_OP1
Profile of Line,PROF_OP2,PRFL,0.405,0.000,0.405,0.000,1.500,,SCT_OP2
Profile of Line,PROF_OP3,PRFL,0.459,0.000,0.459,0.000,1.500,,SCT_OP3
Profile of Line,PROF_OP4,PRFL,0.626,0.000,0.626,0.000,1.500,,SCT_OP4
Profile of Line,PROF_OP5,PRFL,0.655,0.000,0.655,0.000,1.500,,SCT_OP5
Profile of Line,PROF_OP6,PRFL,0.451,0.000,0.451,0.000,1.500,,SCT_OP6
Distance,WIDTH_OP1.1,D1,4.182,4.000,0.182,-0.200,0.200,,SRF_OP1_IW1 - SRF_OP1_OW1 / CS_ABC
Distance,WIDTH_OP1.2,D1,4.192,4.000,0.192,-0.200,0.200,,SRF_OP1_IW2 - SRF_OP1_OW2 / CS_ABC
Distance,WIDTH_OP1.3,D1,3.996,4.000,-0.004,-0.200,0.200,,SRF_OP1_IW3 - SRF_OP1_OW3 / CS_ABC
Distance,WIDTH_OP1.4,D1,4.014,4.000,0.014,-0.200,0.200,,SRF_OP1_IW4 - SRF_OP1_OW4 / CS_ABC
Distance,WIDTH_OP1.5,D1,4.273,4.000,0.273,-0.200,0.200,0.073,SRF_OP1_IW5 - SRF_OP1_OW5 / CS_ABC
Distance,WIDTH_OP1.6,D1,4.041,4.000,0.041,-0.200,0.200,,SRF_OP1_IW6 - SRF_OP1_OW6 / CS_ABC
Distance,WIDTH_OP1.7,D1,4.029,4.000,0.029,-0.200,0.200,,SRF_OP1_IW7 - SRF_OP1_OW7 / CS_ABC
Distance,WIDTH_OP2.1,D1,4.221,4.000,0.221,-0.200,0.200,0.021,SRF_OP2_IW1 - SRF_OP2_OW1 / CS_ABC
Distance,WIDTH_OP2.2,D1,3.955,4.000,-0.045,-0.200,0.200,,SRF_OP2_IW2 - SRF_OP2_OW2 / CS_ABC
Distance,WIDTH_OP2.3,D1,4.064,4.000,0.064,-0.350,0.350,,SRF_OP2_IW3 - SRF_OP2_OW3 / MCS
Distance,WIDTH_OP2.4,D1,4.181,4.000,0.181,-0.200,0.200,,SRF_OP2_IW4 - SRF_OP2_OW4 / CS_ABC
Distance,WIDTH_OP2.5,D1,4.234,4.000,0.234,-0.200,0.200,0.034,SRF_OP2_IW5 - SRF_OP2_OW5 / CS_ABC
Distance,WIDTH_OP2.6,D1,4.105,4.000,0.105,-0.200,0.200,,SRF_OP2_IW6 - SRF_OP2_OW6 / CS_ABC
Distance,WIDTH_OP2.7,D1,4.066,4.000,0.066,-0.200,0.200,,SRF_OP2_IW7 - SRF_OP2_OW7 / CS_ABC
Distance,WIDTH_OP3.1,D1,3.954,4.000,-0.046,-0.200,0.200,,SRF_OP3_IW1 - SRF_OP3_OW1 / CS_ABC
Distance,WIDTH_OP3.2,D1,4.179,4.000,0.179,-0.200,0.200,,SRF_OP3_IW2 - SRF_OP3_OW2 / CS_ABC
Distance,WIDTH_OP3.3,D1,4.307,4.150,0.157,-0.350,0.350,,SRF_OP3_IW3 - SRF_OP3_OW3 / CS_ABC
Distance,WIDTH_OP3.4,D1,4.075,4.000,0.075,-0.200,0.200,,SRF_OP3_IW4 - SRF_OP3_OW4 / CS_ABC
Distance,WIDTH_OP4.1,D1,4.290,4.000,0.290,-0.200,0.200,0.090,SRF_OP4_IW1 - SRF_OP4_OW1 / CS_ABC
Distance,WIDTH_OP4.2,D1,4.164,4.000,0.164,-0.200,0.200,,SRF_OP4_IW2 - SRF_OP4_OW2 / CS_ABC
Distance,WIDTH_OP4.3,D1,4.073,4.000,0.073,-0.200,0.200,,SRF_OP4_IW3 - SRF_OP4_OW3 / CS_ABC
Distance,WIDTH_OP4.4,D1,4.144,4.000,0.144,-0.200,0.200,,SRF_OP4_IW4 - SRF_OP4_OW4 / CS_ABC
Distance,WIDTH_OP4.5,D1,4.210,4.000,0.210,-0.300,0.300,,SRF_OP4_IW5 - SRF_OP4_OW5 / CS_TEMP_CIR
Distance,WIDTH_OP4.6,D1,4.068,4.000,0.068,-0.200,0.200,,SRF_OP4_IW6 - SRF_OP4_OW6 / CS_ABC
Distance,WIDTH_OP4.7,D1,4.035,4.000,0.035,-0.200,0.200,,SRF_OP4_IW7 - SRF_OP4_OW7 / CS_ABC
Distance,WIDTH_OP5.1,D1,4.128,4.000,0.128,-0.200,0.200,,SRF_OP5_IW1 - SRF_OP5_OW1 / CS_ABC
Distance,WIDTH_OP5.2,D1,4.039,4.000,0.039,-0.200,0.200,,SRF_OP5_IW2 - SRF_OP5_OW2 / CS_ABC
Distance,WIDTH_OP5.3,D1,4.282,4.150,0.132,-0.200,0.200,,SRF_OP5_IW3 - SRF_OP5_OW3 / CS_ABC
Distance,WIDTH_OP5.4,D1,4.099,4.000,0.099,-0.200,0.200,,SRF_OP5_IW4 - SRF_OP5_OW4 / CS_ABC
Distance,WIDTH_OP5.5,D1,4.127,4.000,0.127,-0.200,0.200,,SRF_OP5_IW5 - SRF_OP5_OW5 / CS_ABC
Distance,WIDTH_OP6.1,D1,4.199,4.000,0.199,-0.200,0.200,,SRF_OP6_IW1 - SRF_OP6_OW1 / CS_ABC
Distance,WIDTH_OP6.2,D1,4.069,4.000,0.069,-0.200,0.200,,SRF_OP6_IW2 - SRF_OP6_OW2 / CS_ABC
Distance,WIDTH_OP6.3,D1,4.097,4.000,0.097,-0.200,0.200,,SRF_OP6_IW3 - SRF_OP6_OW3 / CS_ABC
Distance,WIDTH_OP6.4,D1,4.029,4.000,0.029,-0.200,0.200,,SRF_OP6_IW4 - SRF_OP6_OW4 / CS_ABC
Distance,WIDTH_OP6.5,D1,4.010,4.000,0.010,-0.200,0.200,,SRF_OP6_IW5 - SRF_OP6_OW5 / CS_ABC
Distance,WIDTH_OP6.6,D1,4.204,4.000,0.204,-0.200,0.200,0.004,SRF_OP6_IW6 - SRF_OP6_OW6 / CS_ABC
Distance,WIDTH_OP6.7,D1,4.240,4.000,0.240,-0.200,0.200,0.040,SRF_OP6_IW7 - SRF_OP6_OW7 / CS_ABC
Distance,DP_OP1.1,Y,5.971,6.000,-0.029,-0.325,0.325,,SRF_OP1_DP1 - PL_FIXTURE / CS_TEMP_CIR
Distance,DP_OP1.2,Y,5.963,6.000,-0.037,-0.250,0.250,,SRF_OP1_DP2 - PL_FIXTURE / CS_PORTS_BF
Distance,DP_OP1.3,Y,6.012,6.000,0.012,-0.250,0.250,,SRF_OP1_DP3 - PL_FIXTURE / CS_PORTS_BF
Distance,DP_OP1.4,Y,6.041,6.000,0.041,-0.250,0.250,,SRF_OP1_DP4 - PL_FIXTURE / CS_PORTS_BF
Distance,DP_OP1.5,Y,5.870,6.000,-0.130,-0.250,0.250,,SRF_OP1_DP5 - PL_FIXTURE / CS_PORTS_BF
Distance,DP_OP1.6,Y,5.953,6.000,-0.047,-0.325,0.325,,SRF_OP1_DP6 - PL_FIXTURE / CS_TEMP_CIR
Distance,DP_OP1.7,Y,5.933,6.000,-0.067,-0.250,0.250,,SRF_OP1_DP7 - PL_FIXTURE / CS_PORTS_BF
Distance,DP_OP2.1,Y,5.892,6.000,-0.108,-0.325,0.325,,SRF_OP2_DP1 - PL_FIXTURE / CS_TEMP_CIR
Distance,DP_OP2.2,Y,5.960,6.000,-0.040,-0.250,0.250,,SRF_OP2_DP2 - PL_FIXTURE / CS_PORTS_BF
Distance,DP_OP2.3,Y,5.922,6.000,-0.078,-0.250,0.250,,SRF_OP2_DP3 - PL_FIXTURE / CS_PORTS_BF
Distance,DP_OP2.4,Y,5.878,6.000,-0.122,-0.250,0.250,,SRF_OP2_DP4 - PL_FIXTURE / CS_PORTS_BF
Distance,DP_OP2.5,Y,5.851,6.000,-0.149,-0.250,0.250,,SRF_OP2_DP5 - PL_FIXTURE / CS_PORTS_BF
Distance,DP_OP2.6,Y,6.083,6.000,0.083,-0.250,0.250,,SRF_OP2_DP6 - PL_FIXTURE / CS_PORTS_BF
Distance,DP_OP2.7,Y,6.105,6.000,0.105,-0.250,0.250,,SRF_OP2_DP7 - PL_FIXTURE / CS_PORTS_BF
Distance,DP_OP3.1,Y,5.950,6.000,-0.050,-0.250,0.250,,SRF_OP3_DP1 - PL_FIXTURE / CS_PORTS_BF
Distance,DP_OP3.2,Y,5.952,6.000,-0.048,-0.250,0.250,,SRF_OP3_DP2 - PL_FIXTURE / CS_PORTS_BF
Distance,DP_OP3.3,Y,5.820,6.000,-0.180,-0.250,0.250,,SRF_OP3_DP3 - PL_FIXTURE / CS_PORTS_BF
Distance,DP_OP3.4,Y,6.011,6.000,0.011,-0.250,0.250,,SRF_OP3_DP4 - PL_FIXTURE / CS_PORTS_BF
Distance,DP_OP4.1,Y,5.821,6.000,-0.179,-0.250,0.250,,SRF_OP4_DP1 - PL_FIXTURE / CS_PORTS_BF
Distance,DP_OP4.2,Y,5.967,6.000,-0.033,-0.250,0.250,,SRF_OP4_DP2 - PL_FIXTURE / CS_PORTS_BF
Distance,DP_OP4.3,Y,5.932,6.000,-0.068,-0.250,0.250,,SRF_OP4_DP3 - PL_FIXTURE / CS_PORTS_BF
Distance,DP_OP4.4,Y,5.896,6.000,-0.104,-0.250,0.250,,SRF_OP4_DP4 - PL_FIXTURE / CS_PORTS_BF
Distance,DP_OP4.5,Y,5.805,6.000,-0.195,-0.250,0.250,,SRF_OP4_DP5 - PL_FIXTURE / CS_PORTS_BF
Distance,DP_OP4.6,Y,6.037,6.000,0.037,-0.250,0.250,,SRF_OP4_DP6 - PL_FIXTURE / CS_PORTS_BF
Distance,DP_OP4.7,Y,6.094,6.000,0.094,-0.250,0.250,,SRF_OP4_DP7 - PL_FIXTURE / CS_PORTS_BF
Distance,DP_OP5.1,Y,5.933,6.000,-0.067,-0.250,0.250,,SRF_OP5_DP1 - PL_FIXTURE / CS_PORTS_BF
Distance,DP_OP5.2,Y,5.932,6.000,-0.068,-0.250,0.250,,SRF_OP5_DP2 - PL_FIXTURE / CS_PORTS_BF
Distance,DP_OP5.3,Y,5.855,6.000,-0.145,-0.250,0.250,,SRF_OP5_DP3 - PL_FIXTURE / CS_PORTS_BF
Distance,DP_OP5.4,Y,6.058,6.000,0.058,-0.250,0.250,,SRF_OP5_DP4 - PL_FIXTURE / CS_PORTS_BF
Distance,DP_OP5.5,Y,6.032,6.000,0.032,-0.250,0.250,,SRF_OP5_DP5 - PL_FIXTURE / CS_PORTS_BF
Distance,DP_OP6.1,Y,5.845,6.000,-0.155,-0.325,0.325,,SRF_OP6_DP1 - PL_FIXTURE / CS_TEMP_CIR
Distance,DP_OP6.2,Y,5.912,6.000,-0.088,-0.250,0.250,,SRF_OP6_DP2 - PL_FIXTURE / CS_PORTS_BF
Distance,DP_OP6.3,Y,5.910,6.000,-0.090,-0.250,0.250,,SRF_OP6_DP3 - PL_FIXTURE / CS_PORTS_BF
Distance,DP_OP6.4,Y,6.012,6.000,0.012,-0.250,0.250,,SRF_OP6_DP4 - PL_FIXTURE / CS_PORTS_BF
Distance,DP_OP6.5,Y,5.936,6.000,-0.064,-0.250,0.250,,SRF_OP6_DP5 - PL_FIXTURE / CS_PORTS_BF
Distance,DP_OP6.6,Y,6.059,6.000,0.059,-0.250,0.250,,SRF_OP6_DP6 - PL_FIXTURE / CS_PORTS_BF
Distance,DP_OP6.7,Y,6.183,6.000,0.183,-0.250,0.250,,SRF_OP6_DP7 - PL_FIXTURE / CS_PORTS_BF
Circle,CIR_8,DIAM,75.474,75.000,0.474,-0.500,0.500,,Criterion : Least Square (From 11 Pts On PL_D) 
Circle,CIR_8,X,-16.997,-17.600,0.603,,,,
Circle,CIR_8,Y,36.446,36.200,0.246,,,,
Circle,CIR_8,Z,133.313,132.900,0.413,,,,
Pos. Tol.,POS_8,PTOL,1.543,0.000,1.543,0.000,6.000,,CIR_8/NOMINAL - CS_ABC - C-Zone - XYZ - Nominal
Circle,2D_CIR_16,Y,32.543,32.500,0.043,,,,
Circle,2D_CIR_16,Z,39.960,40.000,-0.040,,,,
Circle,2D_CIR_17,Y,32.424,32.500,-0.076,,,,
Circle,2D_CIR_17,Z,-39.994,-40.000,0.006,,,,
Circle,2D_CIR_18,Y,-32.327,-32.500,0.173,,,,
Circle,2D_CIR_18,Z,-40.171,-40.000,-0.171,,,,
Circle,2D_CIR_19,Y,-32.365,-32.500,0.135,,,,
Circle,2D_CIR_19,Z,40.037,40.000,0.037,,,,
Distance,INSERT HEIGHT 16,X,0.175,0.000,0.175,0.000,0.500,,CIR_16 - PL_PLAST_16 / CS_DE_BF
Distance,INSERT HEIGHT 17,X,0.209,0.000,0.209,0.000,0.500,,CIR_17 - PL_PLAST_17 / CS_DE_BF
Distance,INSERT HEIGHT 18,X,0.225,0.000,0.225,0.000,0.500,,CIR_18 - PL_PLAST_18 / CS_DE_BF
Distance,INSERT HEIGHT 19,X,0.152,0.000,0.152,0.000,0.500,,CIR_19 - PL_PLAST_19 / CS_DE_BF
Pos. Tol.,POS_2D_16,PTOL,0.117,0.000,0.117,0.000,0.600,,2D_CIR_16/NOMINAL - CS_DE_BF - C-Zone - YZ - Nominal
Pos. Tol.,POS_2D_17,PTOL,0.152,0.000,0.152,0.000,0.600,,2D_CIR_17/NOMINAL - CS_DE_BF - C-Zone - YZ - Nominal
Pos. Tol.,POS_2D_18,PTOL,0.485,0.000,0.485,0.000,0.600,,2D_CIR_18/NOMINAL - CS_DE_BF - C-Zone - YZ - Nominal
Pos. Tol.,POS_2D_19,PTOL,0.280,0.000,0.280,0.000,0.600,,2D_CIR_19/NOMINAL - CS_DE_BF - C-Zone - YZ - Nominal
Distance,WIDTH_TB1,D1,3.200,3.050,0.150,-0.200,0.200,,P0W2.5_1.1 - PIW2.5_1.1 / CS_DE_BF
Distance,WIDTH_TB2,D1,3.042,3.000,0.042,-0.200,0.200,,P0W2.5_1.2 - PIW2.5_1.2 / CS_DE_BF
Distance,WIDTH_TB3,D1,3.200,3.050,0.150,-0.200,0.200,,P0W2.5_1.3 - PIW2.5_1.3 / CS_DE_BF
Distance,WIDTH_TB4,D1,2.963,3.000,-0.037,-0.200,0.200,,P0W2.5_1.4 - PIW2.5_1.4 / CS_DE_BF
Distance,WIDTH_TB5,D1,2.930,3.000,-0.070,-0.200,0.200,,P0W2.5_1.5 - PIW2.5_1.5 / CS_DE_BF
Distance,WIDTH_TB6,D1,3.097,3.000,0.097,-0.200,0.200,,P0W2.5_1.6 - PIW2.5_1.6 / CS_DE_BF
Distance,WIDTH_TB7,D1,3.190,3.050,0.140,-0.200,0.200,,P0W2.5_1.7 - PIW2.5_1.7 / CS_DE_BF
Distance,WIDTH_TB8,D1,3.198,3.050,0.148,-0.200,0.200,,P0W2.5_1.8 - PIW2.5_1.8 / CS_DE_BF
Distance,DEPTH_TB1,X,-4.830,-4.900,0.070,-0.350,0.300,,TB_BOT_1.1 - PL_D / CS_DE_BF
Distance,DEPTH_TB2,X,-5.024,-5.000,-0.024,-0.300,0.300,,TB_BOT_1.2 - PL_D / CS_DE_BF
Distance,DEPTH_TB3,X,-5.103,-5.000,-0.103,-0.300,0.300,,TB_BOT_1.3 - PL_D / CS_DE_BF
Distance,DEPTH_TB4,X,-4.919,-4.900,-0.019,-0.300,0.300,,TB_BOT_1.4 - PL_D / CS_DE_BF
Distance,DEPTH_TB5,X,-4.967,-4.900,-0.067,-0.300,0.300,,TB_BOT_1.5 - PL_D / CS_DE_BF
Distance,DEPTH_TB6,X,-5.172,-5.000,-0.172,-0.300,0.300,,TB_BOT_1.6 - PL_D / CS_DE_BF
Distance,DEPTH_TB7,X,-5.214,-5.000,-0.214,-0.300,0.300,,TB_BOT_1.7 - PL_D / CS_DE_BF
Distance,DEPTH_TB8,X,-4.961,-4.900,-0.061,-0.350,0.300,,TB_BOT_1.8 - PL_D / CS_DE_BF
Flatness,FLAT_D,FLTN,0.280,0.000,0.280,0.000,1.000,,PL_D
Circle,CIR_9,DIAM,12.533,12.400,0.133,-0.200,0.200,,Inters. PL_PLAST_9 - CYL_9_.
Circle,CIR_9,X,-101.897,-102.600,0.703,,,,
Circle,CIR_9,Y,63.822,64.200,-0.378,,,,
Circle,CIR_9,Z,151.287,151.400,-0.113,,,,
Circle,CIR_10,DIAM,12.096,12.050,0.046,-0.080,0.080,,Criterion : Least Square (From 16 Pts On PL_PLAST_10) 
Circle,CIR_10,X,-219.048,-218.000,-1.048,,,,
Circle,CIR_10,Z,-215.699,-216.000,0.301,,,,
Circle,CIR_20,DIAM,4.064,4.000,0.064,-0.100,0.100,,Criterion : Least Square (From 6 Pts On PL_PLAST_10) 
Circle,CIR_20,X,-228.885,-228.000,-0.885,,,,
Circle,CIR_20,Z,-198.221,-198.679,0.458,,,,
Circle,CIR_21,DIAM,4.008,4.000,0.008,-0.100,0.100,,Criterion : Least Square (From 6 Pts On PL_PLAST_10) 
Circle,CIR_21,X,-219.031,-218.000,-1.031,,,,
Circle,CIR_21,Z,-195.526,-196.000,0.474,,,,
Circle,2D_CIR_20,X,-0.000,0.000,0.000,,,,
Circle,2D_CIR_20,Z,20.056,20.000,0.056,,,,
Circle,2D_CIR_21,X,-0.000,0.000,0.000,,,,
Circle,2D_CIR_21,Z,20.174,20.000,0.174,,,,
Pos. Tol.,POS_9,PTOL,1.612,0.000,1.612,0.000,6.000,,CIR_9/NOMINAL - CS_ABC - C-Zone - XYZ - Nominal
Pos. Tol.,POS_10,PTOL,2.180,0.000,2.180,0.000,6.000,,CIR_10/NOMINAL - CS_ABC - C-Zone - XZ - Nominal
Pos. Tol.,POS_20,PTOL,1.994,0.000,1.994,0.000,6.000,,CIR_20/NOMINAL - CS_ABC - C-Zone - XZ - Nominal
Pos. Tol.,POS_21,PTOL,2.269,0.000,2.269,0.000,6.000,,CIR_21/NOMINAL - CS_ABC - C-Zone - XZ - Nominal
Pos. Tol.,POS_2D_20,PTOL,0.112,0.000,0.112,0.000,0.500,,2D_CIR_20/NOMINAL - CS_HJ_20 - C-Zone - XZ - Nominal
Pos. Tol.,POS_2D_21,PTOL,0.347,0.000,0.347,0.000,0.500,,2D_CIR_21/NOMINAL - CS_HJ_21 - C-Zone - XZ - Nominal
Pos. Tol.,POS_22,PTOL,2.022,0.000,2.022,0.000,4.000,,CIR_22/NOMINAL - CS_ABC - C-Zone - XZ - Nominal
Pos. Tol.,POS_23,PTOL,0.754,0.000,0.754,0.000,4.000,,CIR_23/NOMINAL - CS_ABC - C-Zone - XZ - Nominal
Circle,CIR_22,X,56.163,56.450,-0.287,,,,Criterion : Least Square (From 6 Pts On PL_PLAST_22) 
Circle,CIR_22,Z,-162.795,-161.826,-0.969,,,,
Circle,CIR_23,X,55.317,55.450,-0.133,,,,Criterion : Least Square (From 6 Pts On PL_PLAST_23) 
Circle,CIR_23,Z,-207.179,-206.826,-0.353,,,,
Flatness,FLAT_F,FLTN,0.044,0.000,0.044,0.000,1.000,,PL_DATUM_F
Circle,CIR_13_GAGE_30,DIAM,16.051,16.100,-0.049,-0.100,0.100,,Criterion : Least Square (From 12 Pts On PL_PLAST_13) 
Circle,CIR_13_GAGE_30,X,5.826,5.300,0.526,,,,
Circle,CIR_13_GAGE_30,Z,48.015,47.300,0.715,,,,
Circle,CIR_12,RAD,2.589,2.500,0.089,,,,Criterion : Least Square (From 6 Pts On PL_INS_12) 
Circle,CIR_12,X,9.955,9.500,0.455,,,,
Circle,CIR_12,Z,18.221,19.800,-1.579,,,,
Circle,CIR_11,RAD,2.555,2.500,0.055,,,,Criterion : Least Square (From 6 Pts On PL_INS_11) 
Circle,CIR_11,X,0.948,0.000,0.948,,,,
Circle,CIR_11,Z,77.813,78.900,-1.087,,,,
Circle,2D_CIR_12,RAD,2.589,2.500,0.089,,,,
Circle,2D_CIR_12,X,-0.132,0.000,-0.132,,,,
Circle,2D_CIR_12,Z,-30.085,-30.000,-0.085,,,,
Circle,2D_CIR_11,RAD,2.555,2.500,0.055,,,,
Circle,2D_CIR_11,X,-0.132,0.000,-0.132,,,,
Circle,2D_CIR_11,Z,30.185,30.000,0.185,,,,
Distance,INSERT HEIGHT 11,Y,0.082,-0.000,0.082,0.000,0.500,,CIR_11 - PL_PLAST_11 / CS_FG_BF
Distance,INSERT HEIGHT 12,Y,0.021,-0.000,0.021,0.000,0.500,,CIR_12 - PL_PLAST_12 / CS_FG_BF
Distance,PROF_14,Y,35.663,35.900,-0.237,-0.500,0.500,,CIR_14 - ORIGIN / CS_ABC_BF_SURFACES
Distance,PROF_15,Z,130.990,130.829,0.161,-1.500,1.500,,CIR_15 - ORIGIN / CS_ABC_BF_SURFACES
Distance,PROF_22,Y,56.318,56.200,0.118,-1.500,1.500,,CIR_22 - ORIGIN / CS_ABC_BF_SURFACES
Distance,PROF_23,Y,55.763,56.200,-0.437,-1.500,1.500,,CIR_23 - ORIGIN / CS_ABC_BF_SURFACES
Distance,PROF_24,Y,39.928,39.500,0.428,-1.500,1.500,,CIR_24 - ORIGIN / CS_ABC_BF_SURFACES
Distance,PROF_13,Y,-19.367,-19.650,0.283,-1.500,1.500,,2D_CIR_13_GAGE_30 - PL_DATUM_F / CS_ABC_BF_SURFACES
Distance,PROF_11,Y,62.667,62.450,0.217,-1.500,1.500,,CIR_11 - ORIGIN / CS_ABC_BF_SURFACES
Distance,PROF_12,Y,62.692,62.450,0.242,-1.500,1.500,,CIR_12 - ORIGIN / CS_ABC_BF_SURFACES
Pos. Tol.,POS_11,PTOL,2.884,0.000,2.884,0.000,4.000,,CIR_11/NOMINAL - CS_ABC - C-Zone - XZ - Nominal
Pos. Tol.,POS_12,PTOL,3.287,0.000,3.287,0.000,4.000,,CIR_12/NOMINAL - CS_ABC - C-Zone - XZ - Nominal
Pos. Tol.,POS_13,PTOL,1.775,0.000,1.775,0.000,4.000,,CIR_13_GAGE_30/NOMINAL - CS_ABC - C-Zone - XZ - Nominal
Pos. Tol.,POS_2D_11,PTOL,0.454,0.000,0.454,0.000,0.700,,2D_CIR_11/NOMINAL - CS_FG_BF - C-Zone - XZ - Nominal
Pos. Tol.,POS_2D_12,PTOL,0.313,0.000,0.313,0.000,0.700,,2D_CIR_12/NOMINAL - CS_FG_BF - C-Zone - XZ - Nominal
Pos. Tol.,POS_14,PTOL,1.823,0.000,1.823,0.000,3.000,,CIR_14/NOMINAL - CS_ABC - C-Zone - XZ - Nominal
Pos. Tol.,POS_15,PTOL,2.619,0.000,2.619,0.000,6.000,,CIR_15/NOMINAL - CS_ABC - C-Zone - XY - Nominal
Pos. Tol.,POS_24,PTOL,3.958,0.000,3.958,0.000,4.000,,CIR_24/NOMINAL - CS_ABC - C-Zone - XZ - Nominal
Pos. Tol.,POS_25,PTOL,1.542,0.000,1.542,0.000,4.000,,CIR_25/NOMINAL - CS_ABC - C-Zone - XYZ - Nominal
Pos. Tol.,POS_26,PTOL,1.286,0.000,1.286,0.000,4.000,,CIR_26/NOMINAL - CS_ABC - C-Zone - XZ - Nominal
Circle,CIR_14,DIAM,8.037,8.000,0.037,-0.200,0.200,,Criterion : Least Square (From 6 Pts On PL_PLAST_14) 
Circle,CIR_14,X,13.971,14.500,-0.529,,,,
Circle,CIR_14,Z,-350.858,-351.600,0.742,,,,
Circle,CIR_15,X,-129.513,-130.600,1.087,,,,Criterion : Least Square (From 6 Pts On PL_INS_15) 
Circle,CIR_15,Y,23.930,23.200,0.730,,,,
Circle,CIR_24,DIAM,6.701,6.700,0.001,-0.200,0.200,,Criterion : Least Square (From 6 Pts On PL_PLAST_24) 
Circle,CIR_24,X,48.643,48.000,0.643,,,,
Circle,CIR_24,Z,-1.872,0.000,-1.872,,,,
Circle,CIR_26,DIAM,6.697,6.700,-0.003,-0.200,0.200,,Criterion : Least Square (From 6 Pts On PL_PLAST_26) 
Circle,CIR_26,X,-255.564,-255.000,-0.564,,,,
Circle,CIR_26,Z,-255.691,-256.000,0.309,,,,
Circle,CIR_25,DIAM,15.777,15.800,-0.023,-0.100,0.100,,Inters. PL_PLAST_25 - CYL_25.
Circle,CIR_25,X,-198.528,-199.000,0.472,,,,
Circle,CIR_25,Z,120.409,119.800,0.609,,,,
Distance,INSERT HEIGHT 15,Z,0.110,0.000,0.110,0.000,0.500,,CIR_15 - PL_PLAST_15 / CS_ABC
