Feat. Type,Feat. Name,Value,Actual,Nominal,Dev.,Tol-,Tol+,Out of Tol.,Comment
Text/Value,VAR_PROGRAM,VAL,,,,,,,'N:\Metrolog XG\Programmes\D37 Mustang\D37 Mustang Complete (Module 44).gm2'
Text/Value,VAR_EVENEMENT,VAL,,,,,,,'DEMARRAGE'
Text/Value,VAR_COMMENTAIRES,VAL,,,,,,,'352B'
Circle,CIR_DATUM_B,DIAM,7.765,7.750,0.015,-0.050,0.050,,Criterion : Least Square (From 9 Pts On PL_FIXTURE) 
Circle,CIR_DATUM_B,X,0.000,0.000,0.000,-0.050,0.050,,
Circle,CIR_DATUM_B,Z,0.000,0.000,0.000,-0.050,0.050,,
Pos. Tol.,POS_B,PTOL,0.000,0.000,0.000,0.035,0.335,,CIR_DATUM_B(M)/NOMINAL - CS_ABC - C-Zone - XZ - Nominal
Distance,DIST_X_Z_DATUM_C,X,4.488,4.500,-0.012,-0.150,0.150,,PNT_DATUM_C - ORIGIN / CS_ABC
Distance,DIST_X_Z_DATUM_C,Z,-351.447,-351.600,0.153,-0.350,0.350,,
Distance,WIDTH_C,D1,7.441,7.400,0.041,-0.100,0.100,,SRF_C_RH - SRF_C_LH / CS_ABC
Circle,CIR1,DIAM,12.083,12.075,0.008,-0.175,0.175,,From 4 Pts On PL_FIXTURE
Circle,CIR1,X,54.249,54.500,-0.251,,,,
Circle,CIR1,Z,-346.462,-346.600,0.138,,,,
Pos. Tol.,POS_1,PTOL,0.572,0.000,0.572,0.183,1.183,,CIR1(M)/NOMINAL - CS_ABC - C-Zone - XZ - Nominal
Circle,CIR2,DIAM,12.120,12.075,0.045,-0.175,0.175,,From 4 Pts On PL_FIXTURE
Circle,CIR2,X,-16.614,-16.500,-0.114,,,,
Circle,CIR2,Z,-351.502,-351.600,0.098,,,,
Pos. Tol.,POS_2,PTOL,0.301,0.000,0.301,0.220,1.220,,CIR2(M)/NOMINAL - CS_ABC - C-Zone - XZ - Nominal
Circle,CIR4,DIAM,12.108,12.075,0.033,-0.175,0.175,,From 4 Pts On PL_FIXTURE
Circle,CIR4,X,-16.407,-16.500,0.093,,,,
Circle,CIR4,Z,-1.173,-1.100,-0.073,,,,
Pos. Tol.,POS_4,PTOL,0.235,0.000,0.235,0.208,1.208,,CIR4(M)/NOMINAL - CS_ABC - C-Zone - XZ - Nominal
Circle,CIR5,DIAM,12.053,12.075,-0.022,-0.175,0.175,,From 4 Pts On PL_FIXTURE
Circle,CIR5,X,54.188,54.500,-0.312,,,,
Circle,CIR5,Z,-26.918,-27.100,0.182,,,,
Pos. Tol.,POS_5,PTOL,0.722,0.000,0.722,0.153,1.153,,CIR5(M)/NOMINAL - CS_ABC - C-Zone - XZ - Nominal
Circle,CIR6,DIAM,12.090,12.075,0.015,-0.175,0.175,,From 4 Pts On PL_FIXTURE
Circle,CIR6,X,54.363,54.500,-0.137,,,,
Circle,CIR6,Z,-134.481,-134.600,0.119,,,,
Pos. Tol.,POS_6,PTOL,0.362,0.000,0.362,0.190,1.190,,CIR6(M)/NOMINAL - CS_ABC - C-Zone - XZ - Nominal
Circle,CIR7,DIAM,12.079,12.075,0.004,-0.175,0.175,,From 4 Pts On PL_FIXTURE
Circle,CIR7,X,54.210,54.500,-0.290,,,,
Circle,CIR7,Z,-240.495,-240.600,0.105,,,,
Pos. Tol.,POS_7,PTOL,0.617,0.000,0.617,0.179,1.179,,CIR7(M)/NOMINAL - CS_ABC - C-Zone - XZ - Nominal
Profile of Line,PROF_OP1,PRFL,0.564,0.000,0.564,0.000,1.500,,SCT_OP1
Profile of Line,PROF_OP2,PRFL,0.502,0.000,0.502,0.000,1.500,,SCT_OP2
Profile of Line,PROF_OP3,PRFL,0.530,0.000,0.530,0.000,1.500,,SCT_OP3
Profile of Line,PROF_OP4,PRFL,0.664,0.000,0.664,0.000,1.500,,SCT_OP4
Profile of Line,PROF_OP5,PRFL,0.604,0.000,0.604,0.000,1.500,,SCT_OP5
Profile of Line,PROF_OP6,PRFL,0.360,0.000,0.360,0.000,1.500,,SCT_OP6
Distance,WIDTH_OP1.1,D1,4.186,4.000,0.186,-0.200,0.200,,SRF_OP1_IW1 - SRF_OP1_OW1 / CS_ABC
Distance,WIDTH_OP1.2,D1,4.183,4.000,0.183,-0.200,0.200,,SRF_OP1_IW2 - SRF_OP1_OW2 / CS_ABC
Distance,WIDTH_OP1.3,D1,4.002,4.000,0.002,-0.200,0.200,,SRF_OP1_IW3 - SRF_OP1_OW3 / CS_ABC
Distance,WIDTH_OP1.4,D1,4.000,4.000,0.000,-0.200,0.200,,SRF_OP1_IW4 - SRF_OP1_OW4 / CS_ABC
Distance,WIDTH_OP1.5,D1,4.264,4.000,0.264,-0.200,0.200,0.064,SRF_OP1_IW5 - SRF_OP1_OW5 / CS_ABC
Distance,WIDTH_OP1.6,D1,4.036,4.000,0.036,-0.200,0.200,,SRF_OP1_IW6 - SRF_OP1_OW6 / CS_ABC
Distance,WIDTH_OP1.7,D1,4.027,4.000,0.027,-0.200,0.200,,SRF_OP1_IW7 - SRF_OP1_OW7 / CS_ABC
Distance,WIDTH_OP2.1,D1,4.224,4.000,0.224,-0.200,0.200,0.024,SRF_OP2_IW1 - SRF_OP2_OW1 / CS_ABC
Distance,WIDTH_OP2.2,D1,3.953,4.000,-0.047,-0.200,0.200,,SRF_OP2_IW2 - SRF_OP2_OW2 / CS_ABC
Distance,WIDTH_OP2.3,D1,4.067,4.000,0.067,-0.350,0.350,,SRF_OP2_IW3 - SRF_OP2_OW3 / MCS
Distance,WIDTH_OP2.4,D1,4.184,4.000,0.184,-0.200,0.200,,SRF_OP2_IW4 - SRF_OP2_OW4 / CS_ABC
Distance,WIDTH_OP2.5,D1,4.224,4.000,0.224,-0.200,0.200,0.024,SRF_OP2_IW5 - SRF_OP2_OW5 / CS_ABC
Distance,WIDTH_OP2.6,D1,4.095,4.000,0.095,-0.200,0.200,,SRF_OP2_IW6 - SRF_OP2_OW6 / CS_ABC
Distance,WIDTH_OP2.7,D1,4.027,4.000,0.027,-0.200,0.200,,SRF_OP2_IW7 - SRF_OP2_OW7 / CS_ABC
Distance,WIDTH_OP3.1,D1,3.952,4.000,-0.048,-0.200,0.200,,SRF_OP3_IW1 - SRF_OP3_OW1 / CS_ABC
Distance,WIDTH_OP3.2,D1,4.190,4.000,0.190,-0.200,0.200,,SRF_OP3_IW2 - SRF_OP3_OW2 / CS_ABC
Distance,WIDTH_OP3.3,D1,4.285,4.150,0.135,-0.350,0.350,,SRF_OP3_IW3 - SRF_OP3_OW3 / CS_ABC
Distance,WIDTH_OP3.4,D1,4.056,4.000,0.056,-0.200,0.200,,SRF_OP3_IW4 - SRF_OP3_OW4 / CS_ABC
Distance,WIDTH_OP4.1,D1,4.274,4.000,0.274,-0.200,0.200,0.074,SRF_OP4_IW1 - SRF_OP4_OW1 / CS_ABC
Distance,WIDTH_OP4.2,D1,4.143,4.000,0.143,-0.200,0.200,,SRF_OP4_IW2 - SRF_OP4_OW2 / CS_ABC
Distance,WIDTH_OP4.3,D1,4.077,4.000,0.077,-0.200,0.200,,SRF_OP4_IW3 - SRF_OP4_OW3 / CS_ABC
Distance,WIDTH_OP4.4,D1,4.123,4.000,0.123,-0.200,0.200,,SRF_OP4_IW4 - SRF_OP4_OW4 / CS_ABC
Distance,WIDTH_OP4.5,D1,4.215,4.000,0.215,-0.300,0.300,,SRF_OP4_IW5 - SRF_OP4_OW5 / CS_TEMP_CIR
Distance,WIDTH_OP4.6,D1,4.036,4.000,0.036,-0.200,0.200,,SRF_OP4_IW6 - SRF_OP4_OW6 / CS_ABC
Distance,WIDTH_OP4.7,D1,4.024,4.000,0.024,-0.200,0.200,,SRF_OP4_IW7 - SRF_OP4_OW7 / CS_ABC
Distance,WIDTH_OP5.1,D1,4.098,4.000,0.098,-0.200,0.200,,SRF_OP5_IW1 - SRF_OP5_OW1 / CS_ABC
Distance,WIDTH_OP5.2,D1,4.037,4.000,0.037,-0.200,0.200,,SRF_OP5_IW2 - SRF_OP5_OW2 / CS_ABC
Distance,WIDTH_OP5.3,D1,4.295,4.150,0.145,-0.200,0.200,,SRF_OP5_IW3 - SRF_OP5_OW3 / CS_ABC
Distance,WIDTH_OP5.4,D1,4.079,4.000,0.079,-0.200,0.200,,SRF_OP5_IW4 - SRF_OP5_OW4 / CS_ABC
Distance,WIDTH_OP5.5,D1,4.107,4.000,0.107,-0.200,0.200,,SRF_OP5_IW5 - SRF_OP5_OW5 / CS_ABC
Distance,WIDTH_OP6.1,D1,4.185,4.000,0.185,-0.200,0.200,,SRF_OP6_IW1 - SRF_OP6_OW1 / CS_ABC
Distance,WIDTH_OP6.2,D1,4.089,4.000,0.089,-0.200,0.200,,SRF_OP6_IW2 - SRF_OP6_OW2 / CS_ABC
Distance,WIDTH_OP6.3,D1,4.109,4.000,0.109,-0.200,0.200,,SRF_OP6_IW3 - SRF_OP6_OW3 / CS_ABC
Distance,WIDTH_OP6.4,D1,4.020,4.000,0.020,-0.200,0.200,,SRF_OP6_IW4 - SRF_OP6_OW4 / CS_ABC
Distance,WIDTH_OP6.5,D1,3.990,4.000,-0.010,-0.200,0.200,,SRF_OP6_IW5 - SRF_OP6_OW5 / CS_ABC
Distance,WIDTH_OP6.6,D1,4.191,4.000,0.191,-0.200,0.200,,SRF_OP6_IW6 - SRF_OP6_OW6 / CS_ABC
Distance,WIDTH_OP6.7,D1,4.204,4.000,0.204,-0.200,0.200,0.004,SRF_OP6_IW7 - SRF_OP6_OW7 / CS_ABC
Distance,DP_OP1.1,Y,5.992,6.000,-0.008,-0.325,0.325,,SRF_OP1_DP1 - PL_FIXTURE / CS_TEMP_CIR
Distance,DP_OP1.2,Y,5.963,6.000,-0.037,-0.250,0.250,,SRF_OP1_DP2 - PL_FIXTURE / CS_PORTS_BF
Distance,DP_OP1.3,Y,6.011,6.000,0.011,-0.250,0.250,,SRF_OP1_DP3 - PL_FIXTURE / CS_PORTS_BF
Distance,DP_OP1.4,Y,6.047,6.000,0.047,-0.250,0.250,,SRF_OP1_DP4 - PL_FIXTURE / CS_PORTS_BF
Distance,DP_OP1.5,Y,5.887,6.000,-0.113,-0.250,0.250,,SRF_OP1_DP5 - PL_FIXTURE / CS_PORTS_BF
Distance,DP_OP1.6,Y,6.022,6.000,0.022,-0.325,0.325,,SRF_OP1_DP6 - PL_FIXTURE / CS_TEMP_CIR
Distance,DP_OP1.7,Y,5.993,6.000,-0.007,-0.250,0.250,,SRF_OP1_DP7 - PL_FIXTURE / CS_PORTS_BF
Distance,DP_OP2.1,Y,5.896,6.000,-0.104,-0.325,0.325,,SRF_OP2_DP1 - PL_FIXTURE / CS_TEMP_CIR
Distance,DP_OP2.2,Y,5.975,6.000,-0.025,-0.250,0.250,,SRF_OP2_DP2 - PL_FIXTURE / CS_PORTS_BF
Distance,DP_OP2.3,Y,5.930,6.000,-0.070,-0.250,0.250,,SRF_OP2_DP3 - PL_FIXTURE / CS_PORTS_BF
Distance,DP_OP2.4,Y,5.867,6.000,-0.133,-0.250,0.250,,SRF_OP2_DP4 - PL_FIXTURE / CS_PORTS_BF
Distance,DP_OP2.5,Y,5.865,6.000,-0.135,-0.250,0.250,,SRF_OP2_DP5 - PL_FIXTURE / CS_PORTS_BF
Distance,DP_OP2.6,Y,6.104,6.000,0.104,-0.250,0.250,,SRF_OP2_DP6 - PL_FIXTURE / CS_PORTS_BF
Distance,DP_OP2.7,Y,6.172,6.000,0.172,-0.250,0.250,,SRF_OP2_DP7 - PL_FIXTURE / CS_PORTS_BF
Distance,DP_OP3.1,Y,5.935,6.000,-0.065,-0.250,0.250,,SRF_OP3_DP1 - PL_FIXTURE / CS_PORTS_BF
Distance,DP_OP3.2,Y,5.924,6.000,-0.076,-0.250,0.250,,SRF_OP3_DP2 - PL_FIXTURE / CS_PORTS_BF
Distance,DP_OP3.3,Y,5.857,6.000,-0.143,-0.250,0.250,,SRF_OP3_DP3 - PL_FIXTURE / CS_PORTS_BF
Distance,DP_OP3.4,Y,6.055,6.000,0.055,-0.250,0.250,,SRF_OP3_DP4 - PL_FIXTURE / CS_PORTS_BF
Distance,DP_OP4.1,Y,5.812,6.000,-0.188,-0.250,0.250,,SRF_OP4_DP1 - PL_FIXTURE / CS_PORTS_BF
Distance,DP_OP4.2,Y,5.961,6.000,-0.039,-0.250,0.250,,SRF_OP4_DP2 - PL_FIXTURE / CS_PORTS_BF
Distance,DP_OP4.3,Y,5.928,6.000,-0.072,-0.250,0.250,,SRF_OP4_DP3 - PL_FIXTURE / CS_PORTS_BF
Distance,DP_OP4.4,Y,5.890,6.000,-0.110,-0.250,0.250,,SRF_OP4_DP4 - PL_FIXTURE / CS_PORTS_BF
Distance,DP_OP4.5,Y,5.797,6.000,-0.203,-0.250,0.250,,SRF_OP4_DP5 - PL_FIXTURE / CS_PORTS_BF
Distance,DP_OP4.6,Y,6.078,6.000,0.078,-0.250,0.250,,SRF_OP4_DP6 - PL_FIXTURE / CS_PORTS_BF
Distance,DP_OP4.7,Y,6.131,6.000,0.131,-0.250,0.250,,SRF_OP4_DP7 - PL_FIXTURE / CS_PORTS_BF
Distance,DP_OP5.1,Y,5.928,6.000,-0.072,-0.250,0.250,,SRF_OP5_DP1 - PL_FIXTURE / CS_PORTS_BF
Distance,DP_OP5.2,Y,5.937,6.000,-0.063,-0.250,0.250,,SRF_OP5_DP2 - PL_FIXTURE / CS_PORTS_BF
Distance,DP_OP5.3,Y,5.858,6.000,-0.142,-0.250,0.250,,SRF_OP5_DP3 - PL_FIXTURE / CS_PORTS_BF
Distance,DP_OP5.4,Y,6.117,6.000,0.117,-0.250,0.250,,SRF_OP5_DP4 - PL_FIXTURE / CS_PORTS_BF
Distance,DP_OP5.5,Y,6.079,6.000,0.079,-0.250,0.250,,SRF_OP5_DP5 - PL_FIXTURE / CS_PORTS_BF
Distance,DP_OP6.1,Y,5.825,6.000,-0.175,-0.325,0.325,,SRF_OP6_DP1 - PL_FIXTURE / CS_TEMP_CIR
Distance,DP_OP6.2,Y,5.892,6.000,-0.108,-0.250,0.250,,SRF_OP6_DP2 - PL_FIXTURE / CS_PORTS_BF
Distance,DP_OP6.3,Y,5.914,6.000,-0.086,-0.250,0.250,,SRF_OP6_DP3 - PL_FIXTURE / CS_PORTS_BF
Distance,DP_OP6.4,Y,5.995,6.000,-0.005,-0.250,0.250,,SRF_OP6_DP4 - PL_FIXTURE / CS_PORTS_BF
Distance,DP_OP6.5,Y,5.947,6.000,-0.053,-0.250,0.250,,SRF_OP6_DP5 - PL_FIXTURE / CS_PORTS_BF
Distance,DP_OP6.6,Y,6.165,6.000,0.165,-0.250,0.250,,SRF_OP6_DP6 - PL_FIXTURE / CS_PORTS_BF
Distance,DP_OP6.7,Y,6.265,6.000,0.265,-0.250,0.250,0.015,SRF_OP6_DP7 - PL_FIXTURE / CS_PORTS_BF
Circle,CIR_8,DIAM,75.453,75.000,0.453,-0.500,0.500,,Criterion : Least Square (From 11 Pts On PL_D) 
Circle,CIR_8,X,-17.014,-17.600,0.586,,,,
Circle,CIR_8,Y,36.558,36.200,0.358,,,,
Circle,CIR_8,Z,133.368,132.900,0.468,,,,
Pos. Tol.,POS_8,PTOL,1.663,0.000,1.663,0.000,6.000,,CIR_8/NOMINAL - CS_ABC - C-Zone - XYZ - Nominal
Circle,2D_CIR_16,Y,32.477,32.500,-0.023,,,,
Circle,2D_CIR_16,Z,39.948,40.000,-0.052,,,,
Circle,2D_CIR_17,Y,32.428,32.500,-0.072,,,,
Circle,2D_CIR_17,Z,-40.085,-40.000,-0.085,,,,
Circle,2D_CIR_18,Y,-32.210,-32.500,0.290,,,,
Circle,2D_CIR_18,Z,-40.014,-40.000,-0.014,,,,
Circle,2D_CIR_19,Y,-32.392,-32.500,0.108,,,,
Circle,2D_CIR_19,Z,40.041,40.000,0.041,,,,
Distance,INSERT HEIGHT 16,X,0.179,0.000,0.179,0.000,0.500,,CIR_16 - PL_PLAST_16 / CS_DE_BF
Distance,INSERT HEIGHT 17,X,0.202,0.000,0.202,0.000,0.500,,CIR_17 - PL_PLAST_17 / CS_DE_BF
Distance,INSERT HEIGHT 18,X,0.209,0.000,0.209,0.000,0.500,,CIR_18 - PL_PLAST_18 / CS_DE_BF
Distance,INSERT HEIGHT 19,X,0.160,0.000,0.160,0.000,0.500,,CIR_19 - PL_PLAST_19 / CS_DE_BF
Pos. Tol.,POS_2D_16,PTOL,0.113,0.000,0.113,0.000,0.600,,2D_CIR_16/NOMINAL - CS_DE_BF - C-Zone - YZ - Nominal
Pos. Tol.,POS_2D_17,PTOL,0.223,0.000,0.223,0.000,0.600,,2D_CIR_17/NOMINAL - CS_DE_BF - C-Zone - YZ - Nominal
Pos. Tol.,POS_2D_18,PTOL,0.581,0.000,0.581,0.000,0.600,,2D_CIR_18/NOMINAL - CS_DE_BF - C-Zone - YZ - Nominal
Pos. Tol.,POS_2D_19,PTOL,0.231,0.000,0.231,0.000,0.600,,2D_CIR_19/NOMINAL - CS_DE_BF - C-Zone - YZ - Nominal
Distance,WIDTH_TB1,D1,3.192,3.050,0.142,-0.200,0.200,,P0W2.5_1.1 - PIW2.5_1.1 / CS_DE_BF
Distance,WIDTH_TB2,D1,3.030,3.000,0.030,-0.200,0.200,,P0W2.5_1.2 - PIW2.5_1.2 / CS_DE_BF
Distance,WIDTH_TB3,D1,3.206,3.050,0.156,-0.200,0.200,,P0W2.5_1.3 - PIW2.5_1.3 / CS_DE_BF
Distance,WIDTH_TB4,D1,2.970,3.000,-0.030,-0.200,0.200,,P0W2.5_1.4 - PIW2.5_1.4 / CS_DE_BF
Distance,WIDTH_TB5,D1,2.946,3.000,-0.054,-0.200,0.200,,P0W2.5_1.5 - PIW2.5_1.5 / CS_DE_BF
Distance,WIDTH_TB6,D1,3.075,3.000,0.075,-0.200,0.200,,P0W2.5_1.6 - PIW2.5_1.6 / CS_DE_BF
Distance,WIDTH_TB7,D1,3.181,3.050,0.131,-0.200,0.200,,P0W2.5_1.7 - PIW2.5_1.7 / CS_DE_BF
Distance,WIDTH_TB8,D1,3.194,3.050,0.144,-0.200,0.200,,P0W2.5_1.8 - PIW2.5_1.8 / CS_DE_BF
Distance,DEPTH_TB1,X,-4.808,-4.900,0.092,-0.350,0.300,,TB_BOT_1.1 - PL_D / CS_DE_BF
Distance,DEPTH_TB2,X,-5.035,-5.000,-0.035,-0.300,0.300,,TB_BOT_1.2 - PL_D / CS_DE_BF
Distance,DEPTH_TB3,X,-5.188,-5.000,-0.188,-0.300,0.300,,TB_BOT_1.3 - PL_D / CS_DE_BF
Distance,DEPTH_TB4,X,-5.025,-4.900,-0.125,-0.300,0.300,,TB_BOT_1.4 - PL_D / CS_DE_BF
Distance,DEPTH_TB5,X,-5.028,-4.900,-0.128,-0.300,0.300,,TB_BOT_1.5 - PL_D / CS_DE_BF
Distance,DEPTH_TB6,X,-5.144,-5.000,-0.144,-0.300,0.300,,TB_BOT_1.6 - PL_D / CS_DE_BF
Distance,DEPTH_TB7,X,-5.236,-5.000,-0.236,-0.300,0.300,,TB_BOT_1.7 - PL_D / CS_DE_BF
Distance,DEPTH_TB8,X,-4.944,-4.900,-0.044,-0.350,0.300,,TB_BOT_1.8 - PL_D / CS_DE_BF
Flatness,FLAT_D,FLTN,0.297,0.000,0.297,0.000,1.000,,PL_D
Circle,CIR_9,DIAM,12.547,12.400,0.147,-0.200,0.200,,Inters. PL_PLAST_9 - CYL_9_.
Circle,CIR_9,X,-101.903,-102.600,0.697,,,,
Circle,CIR_9,Y,63.956,64.200,-0.244,,,,
Circle,CIR_9,Z,151.215,151.400,-0.185,,,,
Circle,CIR_10,DIAM,12.092,12.050,0.042,-0.080,0.080,,Criterion : Least Square (From 16 Pts On PL_PLAST_10) 
Circle,CIR_10,X,-219.022,-218.000,-1.022,,,,
Circle,CIR_10,Z,-215.792,-216.000,0.208,,,,
Circle,CIR_20,DIAM,4.058,4.000,0.058,-0.100,0.100,,Criterion : Least Square (From 6 Pts On PL_PLAST_10) 
Circle,CIR_20,X,-228.864,-228.000,-0.864,,,,
Circle,CIR_20,Z,-198.312,-198.679,0.367,,,,
Circle,CIR_21,DIAM,3.999,4.000,-0.001,-0.100,0.100,,Criterion : Least Square (From 6 Pts On PL_PLAST_10) 
Circle,CIR_21,X,-218.999,-218.000,-0.999,,,,
Circle,CIR_21,Z,-195.622,-196.000,0.378,,,,
Circle,2D_CIR_20,X,0.000,0.000,0.000,,,,
Circle,2D_CIR_20,Z,20.060,20.000,0.060,,,,
Circle,2D_CIR_21,X,0.000,0.000,0.000,,,,
Circle,2D_CIR_21,Z,20.170,20.000,0.170,,,,
Pos. Tol.,POS_9,PTOL,1.522,0.000,1.522,0.000,6.000,,CIR_9/NOMINAL - CS_ABC - C-Zone - XYZ - Nominal
Pos. Tol.,POS_10,PTOL,2.086,0.000,2.086,0.000,6.000,,CIR_10/NOMINAL - CS_ABC - C-Zone - XZ - Nominal
Pos. Tol.,POS_20,PTOL,1.877,0.000,1.877,0.000,6.000,,CIR_20/NOMINAL - CS_ABC - C-Zone - XZ - Nominal
Pos. Tol.,POS_21,PTOL,2.137,0.000,2.137,0.000,6.000,,CIR_21/NOMINAL - CS_ABC - C-Zone - XZ - Nominal
Pos. Tol.,POS_2D_20,PTOL,0.119,0.000,0.119,0.000,0.500,,2D_CIR_20/NOMINAL - CS_HJ_20 - C-Zone - XZ - Nominal
Pos. Tol.,POS_2D_21,PTOL,0.340,0.000,0.340,0.000,0.500,,2D_CIR_21/NOMINAL - CS_HJ_21 - C-Zone - XZ - Nominal
Pos. Tol.,POS_22,PTOL,2.249,0.000,2.249,0.000,4.000,,CIR_22/NOMINAL - CS_ABC - C-Zone - XZ - Nominal
Pos. Tol.,POS_23,PTOL,0.852,0.000,0.852,0.000,4.000,,CIR_23/NOMINAL - CS_ABC - C-Zone - XZ - Nominal
Circle,CIR_22,X,56.247,56.450,-0.203,,,,Criterion : Least Square (From 6 Pts On PL_PLAST_22) 
Circle,CIR_22,Z,-162.932,-161.826,-1.106,,,,
Circle,CIR_23,X,55.383,55.450,-0.067,,,,Criterion : Least Square (From 6 Pts On PL_PLAST_23) 
Circle,CIR_23,Z,-207.247,-206.826,-0.421,,,,
Flatness,FLAT_F,FLTN,0.066,0.000,0.066,0.000,1.000,,PL_DATUM_F
Circle,CIR_13_GAGE_30,DIAM,16.030,16.100,-0.070,-0.100,0.100,,Criterion : Least Square (From 12 Pts On PL_PLAST_13) 
Circle,CIR_13_GAGE_30,X,5.866,5.300,0.566,,,,
Circle,CIR_13_GAGE_30,Z,47.966,47.300,0.666,,,,
Circle,CIR_12,RAD,2.573,2.500,0.073,,,,Criterion : Least Square (From 6 Pts On PL_INS_12) 
Circle,CIR_12,X,10.083,9.500,0.583,,,,
Circle,CIR_12,Z,18.208,19.800,-1.592,,,,
Circle,CIR_11,RAD,2.590,2.500,0.090,,,,Criterion : Least Square (From 6 Pts On PL_INS_11) 
Circle,CIR_11,X,1.032,0.000,1.032,,,,
Circle,CIR_11,Z,77.729,78.900,-1.171,,,,
Circle,2D_CIR_12,RAD,2.573,2.500,0.073,,,,
Circle,2D_CIR_12,X,-0.058,0.000,-0.058,,,,
Circle,2D_CIR_12,Z,-30.040,-30.000,-0.040,,,,
Circle,2D_CIR_11,RAD,2.590,2.500,0.090,,,,
Circle,2D_CIR_11,X,-0.058,0.000,-0.058,,,,
Circle,2D_CIR_11,Z,30.166,30.000,0.166,,,,
Distance,INSERT HEIGHT 11,Y,0.076,-0.000,0.076,0.000,0.500,,CIR_11 - PL_PLAST_11 / CS_FG_BF
Distance,INSERT HEIGHT 12,Y,0.035,-0.000,0.035,0.000,0.500,,CIR_12 - PL_PLAST_12 / CS_FG_BF
Distance,PROF_14,Y,35.487,35.900,-0.413,-0.500,0.500,,CIR_14 - ORIGIN / CS_ABC_BF_SURFACES
Distance,PROF_15,Z,131.024,130.829,0.195,-1.500,1.500,,CIR_15 - ORIGIN / CS_ABC_BF_SURFACES
Distance,PROF_22,Y,56.234,56.200,0.034,-1.500,1.500,,CIR_22 - ORIGIN / CS_ABC_BF_SURFACES
Distance,PROF_23,Y,55.587,56.200,-0.613,-1.500,1.500,,CIR_23 - ORIGIN / CS_ABC_BF_SURFACES
Distance,PROF_24,Y,39.838,39.500,0.338,-1.500,1.500,,CIR_24 - ORIGIN / CS_ABC_BF_SURFACES
Distance,PROF_13,Y,-19.374,-19.650,0.276,-1.500,1.500,,2D_CIR_13_GAGE_30 - PL_DATUM_F / CS_ABC_BF_SURFACES
Distance,PROF_11,Y,62.737,62.450,0.287,-1.500,1.500,,CIR_11 - ORIGIN / CS_ABC_BF_SURFACES
Distance,PROF_12,Y,62.699,62.450,0.249,-1.500,1.500,,CIR_12 - ORIGIN / CS_ABC_BF_SURFACES
Pos. Tol.,POS_11,PTOL,3.122,0.000,3.122,0.000,4.000,,CIR_11/NOMINAL - CS_ABC - C-Zone - XZ - Nominal
Pos. Tol.,POS_12,PTOL,3.391,0.000,3.391,0.000,4.000,,CIR_12/NOMINAL - CS_ABC - C-Zone - XZ - Nominal
Pos. Tol.,POS_13,PTOL,1.747,0.000,1.747,0.000,4.000,,CIR_13_GAGE_30/NOMINAL - CS_ABC - C-Zone - XZ - Nominal
Pos. Tol.,POS_2D_11,PTOL,0.351,0.000,0.351,0.000,0.700,,2D_CIR_11/NOMINAL - CS_FG_BF - C-Zone - XZ - Nominal
Pos. Tol.,POS_2D_12,PTOL,0.142,0.000,0.142,0.000,0.700,,2D_CIR_12/NOMINAL - CS_FG_BF - C-Zone - XZ - Nominal
Pos. Tol.,POS_14,PTOL,1.817,0.000,1.817,0.000,3.000,,CIR_14/NOMINAL - CS_ABC - C-Zone - XZ - Nominal
Pos. Tol.,POS_15,PTOL,2.559,0.000,2.559,0.000,6.000,,CIR_15/NOMINAL - CS_ABC - C-Zone - XY - Nominal
Pos. Tol.,POS_24,PTOL,4.180,0.000,4.180,0.000,4.000,0.180,CIR_24/NOMINAL - CS_ABC - C-Zone - XZ - Nominal
Pos. Tol.,POS_25,PTOL,1.445,0.000,1.445,0.000,4.000,,CIR_25/NOMINAL - CS_ABC - C-Zone - XYZ - Nominal
Pos. Tol.,POS_26,PTOL,1.040,0.000,1.040,0.000,4.000,,CIR_26/NOMINAL - CS_ABC - C-Zone - XZ - Nominal
Circle,CIR_14,DIAM,8.038,8.000,0.038,-0.200,0.200,,Criterion : Least Square (From 6 Pts On PL_PLAST_14) 
Circle,CIR_14,X,13.963,14.500,-0.537,,,,
Circle,CIR_14,Z,-350.867,-351.600,0.733,,,,
Circle,CIR_15,X,-129.537,-130.600,1.063,,,,Criterion : Least Square (From 6 Pts On PL_INS_15) 
Circle,CIR_15,Y,23.913,23.200,0.713,,,,
Circle,CIR_24,DIAM,6.693,6.700,-0.007,-0.200,0.200,,Criterion : Least Square (From 6 Pts On PL_PLAST_24) 
Circle,CIR_24,X,48.693,48.000,0.693,,,,
Circle,CIR_24,Z,-1.972,0.000,-1.972,,,,
Circle,CIR_26,DIAM,6.690,6.700,-0.010,-0.200,0.200,,Criterion : Least Square (From 6 Pts On PL_PLAST_26) 
Circle,CIR_26,X,-255.474,-255.000,-0.474,,,,
Circle,CIR_26,Z,-255.786,-256.000,0.214,,,,
Circle,CIR_25,DIAM,15.783,15.800,-0.017,-0.100,0.100,,Inters. PL_PLAST_25 - CYL_25.
Circle,CIR_25,X,-198.556,-199.000,0.444,,,,
Circle,CIR_25,Z,120.358,119.800,0.558,,,,
Distance,INSERT HEIGHT 15,Z,0.119,0.000,0.119,0.000,0.500,,CIR_15 - PL_PLAST_15 / CS_ABC
