Feat. Type,Feat. Name,Value,Actual,Nominal,Dev.,Tol-,Tol+,Out of Tol.,Comment
Text/Value,VAR_PROGRAM,VAL,,,,,,,'N:\Metrolog XG\Programmes\Corvette LT1\Corvette LT1 Free State Boss Height (Module 44).gm2'
Text/Value,VAR_EVENEMENT,VAL,,,,,,,'D�marrage SMED'
Text/Value,VAR_COMMENTAIRES,VAL,,,,,,,'295B'
Flatness,FLAT_DATUM_A,FLTN,0.417,0.000,0.417,0.000,2.000,,PL_DATUM_A
Flatness,FLAT_DATUM_B,FLTN,0.414,0.000,0.414,0.000,2.000,,PL_DATUM_B
Text/Value,H_PLASTIC_1,VAL,145.485574,145.620000,-0.134426,-0.375000,0.375000,,
Text/Value,H_PLASTIC_2,VAL,145.472266,145.620000,-0.147734,-0.375000,0.375000,,
Text/Value,H_PLASTIC_3,VAL,145.557068,145.620000,-0.062932,-0.375000,0.375000,,
Text/Value,H_PLASTIC_4,VAL,145.467539,145.620000,-0.152461,-0.375000,0.375000,,
Text/Value,H_PLASTIC_5,VAL,145.522190,145.620000,-0.097810,-0.375000,0.375000,,
Text/Value,H_PLASTIC_6,VAL,145.345425,145.620000,-0.274575,-0.375000,0.375000,,
Text/Value,H_PLASTIC_7,VAL,145.317999,145.620000,-0.302001,-0.375000,0.375000,,
Text/Value,H_PLASTIC_8,VAL,145.410754,145.620000,-0.209246,-0.375000,0.375000,,
Text/Value,H_PLASTIC_9,VAL,145.298391,145.620000,-0.321609,-0.375000,0.375000,,
Text/Value,H_PLASTIC_10,VAL,145.562723,145.620000,-0.057277,-0.375000,0.375000,,
