Feat. Type,Feat. Name,Value,Actual,Nominal,Dev.,Tol-,Tol+,Out of Tol.,Comment
Text/Value,VAR_PROGRAM,VAL,,,,,,,'N:\Metrolog XG\Programmes\D-35\D-35 Hauteur Plastic Crush Rib Moule 2 (Module 44).gm2'
Text/Value,VAR_EVENEMENT,VAL,,,,,,,'D�marrage SMED'
Text/Value,VAR_COMMENTAIRES,VAL,,,,,,,'334 C'
Circle,CIR_3_FL,X,124.015,124.294,-0.280,,,,Criterion : Least Square (From 6 Pts On PL_PLAST_FL_3) 
Circle,CIR_3_FL,Z,-30.109,-30.147,0.038,,,,
Pos. Tol.,POS_3_FLANGE,PTOL,0.564,0.000,0.564,0.000,1.000,,CIR_3_FL/NOMINAL - CS_ABC - C-Zone - XZ - Nominal
Circle,CIR_3_TOP,X,124.697,124.294,0.403,,,,Criterion : Least Square (From 6 Pts On PL_PLAST_TOP_3) 
Circle,CIR_3_TOP,Z,-29.932,-30.147,0.215,,,,
Pos. Tol.,POS_3_TOP,PTOL,0.913,0.000,0.913,0.000,2.000,,CIR_3_TOP/NOMINAL - CS_ABC - C-Zone - XZ - Nominal
Distance,PLASTIC_HEIGHT,D1,100.179,100.350,-0.171,-0.300,0.300,,CIR_3_FL - CIR_3_TOP / CS_ABC
