Feat. Type,Feat. Name,Value,Actual,Nominal,Dev.,Tol-,Tol+,Out of Tol.,Comment
Text/Value,VAR_PROGRAM,VAL,,,,,,,'N:\Metrolog XG\Programmes\Denso 507F\Denso 507F Complet (Module 51).gm2'
Text/Value,VAR_EVENEMENT,VAL,,,,,,,'Demarrage 300 C'
Text/Value,VAR_COMMENTAIRES,VAL,,,,,,,'Part No.'
Circle,CIR_1,DIAM,9.209,9.000,0.209,-0.450,0.350,,Criterion : Least Square (From 6 Pts On PL_FIXTURE) 
Circle,CIR_1,X,-0.558,0.000,-0.558,,,,
Circle,CIR_1,Y,0.017,0.000,0.017,,,,
Pos. Tol.,POS_1,PTOL,1.117,0.000,1.117,0.000,1.159,,CIR_1/NOMINAL - CS_ABC_BF - C-Zone - XY - Nominal
Circle,CIR_2,DIAM,9.171,9.000,0.171,-0.450,0.350,,Criterion : Least Square (From 6 Pts On PL_FIXTURE) 
Circle,CIR_2,X,11.275,11.500,-0.225,,,,
Circle,CIR_2,Y,-100.027,-100.250,0.223,,,,
Pos. Tol.,POS_2,PTOL,0.635,0.000,0.635,0.000,1.121,,CIR_2/NOMINAL - CS_ABC_BF - C-Zone - XY - Nominal
Circle,CIR_3,DIAM,9.227,9.000,0.227,-0.450,0.350,,Criterion : Least Square (From 6 Pts On PL_FIXTURE) 
Circle,CIR_3,X,-19.203,-19.500,0.297,,,,
Circle,CIR_3,Y,-205.641,-205.750,0.109,,,,
Pos. Tol.,POS_3,PTOL,0.633,0.000,0.633,0.000,1.177,,CIR_3/NOMINAL - CS_ABC_BF - C-Zone - XY - Nominal
Circle,CIR_4,DIAM,9.191,9.000,0.191,-0.450,0.350,,Criterion : Least Square (From 6 Pts On PL_FIXTURE) 
Circle,CIR_4,X,11.374,11.500,-0.126,,,,
Circle,CIR_4,Y,-311.305,-311.250,-0.056,,,,
Pos. Tol.,POS_4,PTOL,0.276,0.000,0.276,0.000,1.141,,CIR_4/NOMINAL - CS_ABC_BF - C-Zone - XY - Nominal
Circle,CIR_5,DIAM,9.174,9.000,0.174,-0.450,0.350,,Criterion : Least Square (From 6 Pts On PL_FIXTURE) 
Circle,CIR_5,X,-16.131,-16.500,0.369,,,,
Circle,CIR_5,Y,-408.150,-408.000,-0.150,,,,
Pos. Tol.,POS_5,PTOL,0.797,0.000,0.797,0.000,1.124,,CIR_5/NOMINAL - CS_ABC_BF - C-Zone - XY - Nominal
Circle,CIR_6,DIAM,9.204,9.000,0.204,-0.450,0.350,,Criterion : Least Square (From 6 Pts On PL_FIXTURE) 
Circle,CIR_6,X,305.374,305.500,-0.126,,,,
Circle,CIR_6,Y,-432.502,-432.500,-0.002,,,,
Pos. Tol.,POS_6,PTOL,0.253,0.000,0.253,0.000,1.154,,CIR_6/NOMINAL - CS_ABC_BF - C-Zone - XY - Nominal
Circle,CIR_7,DIAM,9.189,9.000,0.189,-0.450,0.350,,Criterion : Least Square (From 6 Pts On PL_FIXTURE) 
Circle,CIR_7,X,293.778,294.000,-0.222,,,,
Circle,CIR_7,Y,-332.393,-332.250,-0.143,,,,
Pos. Tol.,POS_7,PTOL,0.528,0.000,0.528,0.000,1.139,,CIR_7/NOMINAL - CS_ABC_BF - C-Zone - XY - Nominal
Circle,CIR_8,DIAM,9.185,9.000,0.185,-0.450,0.350,,Criterion : Least Square (From 6 Pts On PL_FIXTURE) 
Circle,CIR_8,X,324.974,325.000,-0.026,,,,
Circle,CIR_8,Y,-226.785,-226.750,-0.035,,,,
Pos. Tol.,POS_8,PTOL,0.087,0.000,0.087,0.000,1.135,,CIR_8/NOMINAL - CS_ABC_BF - C-Zone - XY - Nominal
Circle,CIR_9,DIAM,9.183,9.000,0.183,-0.450,0.350,,Criterion : Least Square (From 6 Pts On PL_FIXTURE) 
Circle,CIR_9,X,294.104,294.000,0.104,,,,
Circle,CIR_9,Y,-121.210,-121.250,0.040,,,,
Pos. Tol.,POS_9,PTOL,0.222,0.000,0.222,0.000,1.133,,CIR_9/NOMINAL - CS_ABC_BF - C-Zone - XY - Nominal
Circle,CIR_10,DIAM,9.220,9.000,0.220,-0.450,0.350,,Criterion : Least Square (From 6 Pts On PL_FIXTURE) 
Circle,CIR_10,X,322.513,322.000,0.513,,,,
Circle,CIR_10,Y,-24.503,-24.500,-0.003,,,,
Pos. Tol.,POS_10,PTOL,1.027,0.000,1.027,0.000,1.170,,CIR_10/NOMINAL - CS_ABC_BF - C-Zone - XY - Nominal
Distance,PLASTIC_1,Z,20.024,20.000,0.024,-0.050,0.200,,PNT_TOP_1 - PNT_BOTTOM_1 / CS_ABC_BF
Distance,PLASTIC_2,Z,20.098,20.000,0.098,-0.050,0.200,,PNT_TOP_2 - PNT_BOTTOM_2 / CS_ABC_BF
Distance,PLASTIC_3,Z,19.957,20.000,-0.043,-0.050,0.200,,PNT_TOP_3 - PNT_BOTTOM_3 / CS_ABC_BF
Distance,PLASTIC_4,Z,19.868,20.000,-0.132,-0.050,0.200,-0.082,PNT_TOP_4 - PNT_BOTTOM_4 / CS_ABC_BF
Distance,PLASTIC_5,Z,20.057,20.000,0.057,-0.050,0.200,,PNT_TOP_5 - PNT_BOTTOM_5 / CS_ABC_BF
Distance,PLASTIC_6,Z,20.230,20.000,0.230,-0.050,0.200,0.030,PNT_TOP_6 - PNT_BOTTOM_6 / CS_ABC_BF
Distance,PLASTIC_7,Z,20.107,20.000,0.107,-0.050,0.200,,PNT_TOP_7 - PNT_BOTTOM_7 / CS_ABC_BF
Distance,PLASTIC_8,Z,20.016,20.000,0.016,-0.050,0.200,,PNT_TOP_8 - PNT_BOTTOM_8 / CS_ABC_BF
Distance,PLASTIC_9,Z,20.032,20.000,0.032,-0.050,0.250,,PNT_TOP_9 - PNT_BOTTOM_9 / CS_ABC_BF
Distance,PLASTIC_10,Z,19.958,20.000,-0.042,-0.050,0.200,,PNT_TOP_10 - PNT_BOTTOM_10 / CS_ABC_BF
Circle,CIR_11,X,22.379,22.800,-0.421,,,,Criterion : Least Square (From 8 Pts On PL_INS_11) 
Circle,CIR_11,Y,-26.558,-26.200,-0.358,,,,
Pos. Tol.,POS_11,PTOL,1.105,0.000,1.105,0.000,2.659,,CIR_11/NOMINAL - CS_ABC_BF - C-Zone - XY - Nominal
Circle,CIR_12,X,65.010,64.800,0.210,,,,Criterion : Least Square (From 8 Pts On PL_INS_12) 
Circle,CIR_12,Y,-158.662,-158.600,-0.062,,,,
Pos. Tol.,POS_12,PTOL,0.438,0.000,0.438,0.000,2.659,,CIR_12/NOMINAL - CS_ABC_BF - C-Zone - XY - Nominal
Circle,CIR_13,X,82.363,82.800,-0.437,,,,Criterion : Least Square (From 6 Pts On PL_INS_13) 
Circle,CIR_13,Y,-238.859,-238.300,-0.559,,,,
Pos. Tol.,POS_13,PTOL,1.419,0.000,1.419,0.000,2.659,,CIR_13/NOMINAL - CS_ABC_BF - C-Zone - XY - Nominal
Circle,CIR_14,X,57.601,57.800,-0.199,,,,Criterion : Least Square (From 6 Pts On PL_INS_14) 
Circle,CIR_14,Y,-356.870,-356.200,-0.670,,,,
Pos. Tol.,POS_14,PTOL,1.397,0.000,1.397,0.000,2.659,,CIR_14/NOMINAL - CS_ABC_BF - C-Zone - XY - Nominal
Circle,CIR_15,X,-7.390,-7.400,0.010,,,,Criterion : Least Square (From 6 Pts On PL_INS_15) 
Circle,CIR_15,Y,-371.548,-370.800,-0.748,,,,
Pos. Tol.,POS_15,PTOL,1.496,0.000,1.496,0.000,2.659,,CIR_15/NOMINAL - CS_ABC_BF - C-Zone - XY - Nominal
Circle,CIR_17,X,317.679,317.800,-0.121,,,,Criterion : Least Square (From 6 Pts On PL_INS_17) 
Circle,CIR_17,Y,-398.143,-398.400,0.257,,,,
Pos. Tol.,POS_17,PTOL,0.568,0.000,0.568,0.000,2.659,,CIR_17/NOMINAL - CS_ABC_BF - C-Zone - XY - Nominal
Circle,CIR_19,X,237.209,237.800,-0.591,,,,Criterion : Least Square (From 6 Pts On PL_INS_19) 
Circle,CIR_19,Y,-206.647,-206.300,-0.347,,,,
Pos. Tol.,POS_19,PTOL,1.370,0.000,1.370,0.000,2.659,,CIR_19/NOMINAL - CS_ABC_BF - C-Zone - XY - Nominal
Circle,CIR_21,X,126.896,126.800,0.096,,,,Criterion : Least Square (From 6 Pts On PL_INS_21) 
Circle,CIR_21,Y,57.710,58.700,-0.990,,,,
Pos. Tol.,POS_21,PTOL,1.990,0.000,1.990,0.000,2.659,,CIR_21/NOMINAL - CS_ABC_BF - C-Zone - XY - Nominal
Circle,CIR_16,X,146.971,147.000,-0.029,,,,Criterion : Least Square (From 6 Pts On PL_INS_16) 
Circle,CIR_16,Y,-40.592,-40.600,0.008,,,,
Pos. Tol.,POS_16,PTOL,0.060,0.000,0.060,0.000,1.000,,CIR_16/NOMINAL - CS_AF_BF - C-Zone - XY - Nominal
Circle,CIR_18,X,201.643,202.000,-0.357,,,,Criterion : Least Square (From 6 Pts On PL_INS_18) 
Circle,CIR_18,Y,-15.473,-15.500,0.027,,,,
Pos. Tol.,POS_18,PTOL,0.715,0.000,0.715,0.000,1.000,,CIR_18/NOMINAL - CS_AD - C-Zone - XY - Nominal
Circle,CIR_20,X,101.030,101.000,0.030,,,,Criterion : Least Square (From 6 Pts On PL_INS_20) 
Circle,CIR_20,Y,-195.057,-195.000,-0.057,,,,
Pos. Tol.,POS_20,PTOL,0.129,0.000,0.129,0.000,2.000,,CIR_20/NOMINAL - CS_AE - C-Zone - XY - Nominal
Circle,CIR_22,X,177.002,177.200,-0.198,,,,Criterion : Least Square (From 7 Pts On PL_PLAST_22) 
Circle,CIR_22,Y,119.192,119.900,-0.708,,,,
Pos. Tol.,POS_22,PTOL,1.470,0.000,1.470,0.000,2.659,,CIR_22/NOMINAL - CS_ABC_BF - C-Zone - XY - Nominal
Distance,H11,Z,0.234,0.000,0.234,0.000,0.300,,CIR_11 - PL_PLAST_11 / CS_ABC_BF
Distance,H12,Z,0.318,0.000,0.318,0.000,0.300,0.018,CIR_12 - PL_PLAST_12 / CS_ABC_BF
Distance,H13,Z,0.134,0.000,0.134,0.000,0.300,,CIR_13 - PL_PLAST_13 / CS_ABC_BF
Distance,H14,Z,0.240,0.000,0.240,0.000,0.300,,CIR_14 - PL_PLAST_14 / CS_ABC_BF
Distance,H15,Z,0.008,0.000,0.008,0.000,0.300,,CIR_15 - PL_PLAST_15 / CS_ABC_BF
Distance,H16,Z,0.204,0.000,0.204,0.000,0.300,,CIR_16 - PL_PLAST_16 / CS_ABC_BF
Distance,H17,Z,0.169,0.000,0.169,0.000,0.300,,CIR_17 - PL_PLAST_17 / CS_ABC_BF
Distance,H18,Z,0.111,0.000,0.111,0.000,0.300,,CIR_18 - PL_PLAST_18 / CS_ABC_BF
Distance,H19,Z,0.053,0.000,0.053,0.000,0.300,,CIR_19 - PL_PLAST_19 / CS_ABC_BF
Distance,H20,Z,0.078,0.000,0.078,0.000,0.300,,CIR_20 - PL_PLAST_20 / CS_ABC_BF
Distance,H21,Z,0.177,0.000,0.177,0.000,0.300,,CIR_21 - PL_PLAST_21 / CS_ABC_BF
Circle,CIR_34,DIAM,4.905,4.800,0.105,0.000,0.150,,Criterion : Least Square (From 8 Pts On PL_PLAST_34) 
Distance,LONGEUR_34,D1,12.540,11.000,1.540,0.000,5.000,,PNT_BOTTOM_34 - PL_PLAST_34 / CS_34_TOP
Circle,CIR_35,DIAM,4.898,4.800,0.098,0.000,0.150,,Criterion : Least Square (From 8 Pts On PL_PLAST_35) 
Distance,LONGEUR_35,D1,12.594,11.000,1.594,0.000,5.000,,PNT_BOTTOM_35 - PL_PLAST_35 / CS_CIR_35_TOP
Circle,CIR_36,DIAM,4.893,4.800,0.093,0.000,0.150,,Criterion : Least Square (From 6 Pts On PL_PLAST_36) 
Distance,LONGEUR_36,D1,12.434,11.000,1.434,0.000,5.000,,PNT_BOTTOM_36 - PL_PLAST_36 / CS_CIR_36_TOP
Flatness,FLAT_DATUM_R,FLTN,0.308,0.000,0.308,0.000,0.800,,PL_DATUM_R
Circle,CIR_23,DIAM,78.099,78.000,0.099,-0.250,0.250,,Criterion : Least Square (From 12 Pts On PL_DATUM_R) 
Circle,CIR_23,X,229.322,229.000,0.322,,,,
Circle,CIR_23,Y,110.283,111.600,-1.317,,,,
Circle,CIR_23,Z,75.924,75.000,0.924,,,,
Pos. Tol.,POS_23,PTOL,3.281,0.000,3.281,1.008,4.508,,CIR_23(M)/NOMINAL(M) - CS_ABC_BF - C-Zone - XYZ - Nominal
Circle,CIR_24,Y,-41.011,-41.000,-0.011,,,,Criterion : Least Square (From 6 Pts On PL_INS_24) 
Circle,CIR_24,Z,33.524,33.500,0.024,,,,
Pos. Tol.,POS_24,PTOL,0.052,0.000,0.052,0.000,0.500,,CIR_24/NOMINAL - CS_HD_BF - C-Zone - YZ - Nominal
Circle,CIR_25,Y,-41.129,-41.000,-0.129,,,,Criterion : Least Square (From 6 Pts On PL_INS_25) 
Circle,CIR_25,Z,-33.534,-33.500,-0.034,,,,
Pos. Tol.,POS_25,PTOL,0.267,0.000,0.267,0.000,0.500,,CIR_25/NOMINAL - CS_HD_BF - C-Zone - YZ - Nominal
Circle,CIR_26,Y,41.116,41.000,0.116,,,,Criterion : Least Square (From 6 Pts On PL_INS_26) 
Circle,CIR_26,Z,-33.426,-33.500,0.074,,,,
Pos. Tol.,POS_26,PTOL,0.275,0.000,0.275,0.000,0.500,,CIR_26/NOMINAL - CS_HD_BF - C-Zone - YZ - Nominal
Circle,CIR_27,Y,41.024,41.000,0.024,,,,Criterion : Least Square (From 6 Pts On PL_INS_27) 
Circle,CIR_27,Z,33.437,33.500,-0.063,,,,
Pos. Tol.,POS_27,PTOL,0.135,0.000,0.135,0.000,0.500,,CIR_27/NOMINAL - CS_HD_BF - C-Zone - YZ - Nominal
Distance,H24,X,0.186,0.000,0.186,0.000,0.300,,CIR_24 - PL_PLAST_24 / CS_HD_BF
Distance,H25,X,0.174,0.000,0.174,0.000,0.300,,CIR_25 - PL_PLAST_25 / CS_HD_BF
Distance,H26,X,0.011,0.000,0.011,0.000,0.300,,CIR_26 - PL_PLAST_26 / CS_HD_BF
Distance,H27,X,0.134,0.000,0.134,0.000,0.300,,CIR_27 - PL_PLAST_27 / CS_HD_BF
Distance,TB_WIDTH_1,D1,3.398,3.500,-0.102,-0.150,0.150,,P_TB_IW.1 - P_TB_OW.1 / CS_HD_BF
Distance,TB_WIDTH_2,D1,3.480,3.500,-0.020,-0.100,0.100,,P_TB_IW.2 - P_TB_OW.2 / CS_HD_BF
Distance,TB_WIDTH_3,D1,3.400,3.500,-0.100,-0.150,0.150,,P_TB_IW.3 - P_TB_OW.3 / CS_HD_BF
Distance,TB_WIDTH_4,D1,3.381,3.500,-0.119,-0.150,0.150,,P_TB_IW.4 - P_TB_OW.4 / CS_HD_BF
Distance,TB_WIDTH_5,D1,3.333,3.500,-0.167,-0.200,0.150,,P_TB_IW.5 - P_TB_OW.5 / CS_HD_BF
Distance,TB_WIDTH_6,D1,3.426,3.500,-0.074,-0.150,0.150,,P_TB_IW.6 - P_TB_OW.6 / CS_HD_BF
Distance,TB_DEPTH_1,X,5.152,5.000,0.152,-0.250,0.250,,P_TB_TOP.1 - P_TB_BOTTOM.1 / CS_HD_BF
Distance,TB_DEPTH_2,X,4.938,5.000,-0.062,-0.100,0.100,,P_TB_TOP.2 - P_TB_BOTTOM.2 / CS_HD_BF
Distance,TB_DEPTH_3,X,4.986,5.000,-0.014,-0.100,0.100,,P_TB_TOP.3 - P_TB_BOTTOM.3 / CS_HD_BF
Distance,TB_DEPTH_4,X,4.841,5.000,-0.159,-0.250,0.250,,P_TB_TOP.4 - P_TB_BOTTOM.4 / CS_HD_BF
Distance,TB_DEPTH_5,X,5.088,5.000,0.088,-0.100,0.100,,P_TB_TOP.5 - P_TB_BOTTOM.5 / CS_HD_BF
Distance,TB_DEPTH_6,X,5.196,5.000,0.196,-0.250,0.300,,P_TB_TOP.6 - P_TB_BOTTOM.6 / CS_HD_BF
Circle,CIR_28,X,65.186,64.800,0.386,,,,Criterion : Least Square (From 8 Pts On PL_PLAST_28) 
Circle,CIR_28,Z,59.359,59.000,0.359,,,,
Pos. Tol.,POS_28,PTOL,1.054,0.000,1.054,0.000,2.659,,CIR_28/NOMINAL - CS_ABC_BF - C-Zone - XZ - Nominal
Circle,CIR_29,X,51.934,51.800,0.134,,,,Criterion : Least Square (From 6 Pts On PL_INS_29) 
Circle,CIR_29,Z,22.463,23.200,-0.737,,,,
Pos. Tol.,POS_29,PTOL,1.497,0.000,1.497,0.000,2.659,,CIR_29/NOMINAL - CS_ABC_BF - C-Zone - XZ - Nominal
Circle,CIR_30,X,216.876,216.800,0.076,,,,Criterion : Least Square (From 6 Pts On PL_INS_30) 
Circle,CIR_30,Z,22.722,23.200,-0.478,,,,
Pos. Tol.,POS_30,PTOL,0.968,0.000,0.968,0.000,2.659,,CIR_30/NOMINAL - CS_ABC_BF - C-Zone - XZ - Nominal
Distance,H29,Y,-0.045,0.000,-0.045,0.000,0.300,-0.045,CIR_29 - PL_PLAST_29 / CS_ABC_BF_ROT180
Distance,H30,Y,-0.024,0.000,-0.024,0.000,0.300,-0.024,CIR_30 - PL_PLAST_30 / CS_ABC_BF_ROT180
Circle,CIR_31,DIAM,12.085,12.000,0.085,,,,Criterion : Least Square (From 7 Pts On PL_PLAST_31) 
Circle,CIR_31,X,232.937,232.800,0.137,,,,
Circle,CIR_31,Z,74.834,75.000,-0.166,,,,
Pos. Tol.,POS_31,PTOL,0.275,0.000,0.275,0.000,2.659,,CIR_31/NOMINAL - CS_ABC_BF - P-Zone - X - Nominal
Flatness,FLAT_LASER_WELD,FLTN,0.276,0.000,0.276,0.000,0.450,,PL_LASER_WELD
Flatness,FLAT_DATUM_A,FLTN,0.599,0.000,0.599,0.000,0.400,0.199,PL_DATUM_A
Distance,WIDTH_1_OP1,D1,3.422,3.500,-0.078,-0.100,0.100,,PNT_OW_1_OP1 - PNT_IW_1_OP1 / CS_BF_OP1
Distance,WIDTH_2_OP1,D1,3.490,3.500,-0.010,-0.100,0.100,,PNT_OW_2_OP1 - PNT_IW_2_OP1 / CS_BF_OP1
Distance,WIDTH_3_OP1,D1,3.394,3.500,-0.106,-0.150,0.150,,PNT_OW_3_OP1 - PNT_IW_3_OP1 / CS_BF_OP1
Distance,WIDTH_4_OP1,D1,3.426,3.500,-0.074,-0.100,0.100,,PNT_OW_4_OP1 - PNT_IW_4_OP1 / CS_BF_OP1
Distance,DEPTH_1_OP1,Z,5.019,5.000,0.019,-0.100,0.100,,PNT_TOP_1_OP1 - PNT_DP_1_OP1 / CS_BF_OP1
Distance,DEPTH_2_OP1,Z,5.090,5.000,0.090,-0.100,0.100,,PNT_TOP_2_OP1 - PNT_DP_2_OP1 / CS_BF_OP1
Distance,DEPTH_3_OP1,Z,5.173,5.000,0.173,-0.100,0.100,0.073,PNT_TOP_3_OP1 - PNT_DP_3_OP1 / CS_BF_OP1
Distance,DEPTH_4_OP1,Z,5.130,5.000,0.130,-0.100,0.100,0.030,PNT_TOP_4_OP1 - PNT_DP_4_OP1 / CS_BF_OP1
Distance,WIDTH_1_OP2,D1,3.402,3.500,-0.098,-0.150,0.150,,PNT_OW_1_OP2 - PNT_IW_1_OP2 / CS_BF_OP2
Distance,WIDTH_2_OP2,D1,3.463,3.500,-0.037,-0.100,0.100,,PNT_OW_2_OP2 - PNT_IW_2_OP2 / CS_BF_OP2
Distance,WIDTH_3_OP2,D1,3.392,3.500,-0.108,-0.100,0.100,-0.008,PNT_OW_3_OP2 - PNT_IW_3_OP2 / CS_BF_OP2
Distance,WIDTH_4_OP2,D1,3.495,3.500,-0.005,-0.100,0.100,,PNT_OW_4_OP2 - PNT_IW_4_OP2 / CS_BF_OP2
Distance,DEPTH_1_OP2,Z,5.035,5.000,0.035,-0.100,0.100,,PNT_TOP_1_OP2 - PNT_DP_1_OP2 / CS_BF_OP2
Distance,DEPTH_2_OP2,Z,5.081,5.000,0.081,-0.100,0.100,,PNT_TOP_2_OP2 - PNT_DP_2_OP2 / CS_BF_OP2
Distance,DEPTH_3_OP2,Z,5.065,5.000,0.065,-0.250,0.250,,PNT_TOP_3_OP2 - PNT_DP_3_OP2 / CS_BF_OP2
Distance,DEPTH_4_OP2,Z,4.975,5.000,-0.025,-0.100,0.100,,PNT_TOP_4_OP2 - PNT_DP_4_OP2 / CS_BF_OP2
Distance,WIDTH_1_OP3,D1,3.444,3.500,-0.056,-0.100,0.100,,PNT_OW_1_OP3 - PNT_IW_1_OP3 / CS_BF_OP3
Distance,WIDTH_2_OP3,D1,3.444,3.500,-0.056,-0.100,0.100,,PNT_OW_2_OP3 - PNT_IW_2_OP3 / CS_BF_OP3
Distance,WIDTH_3_OP3,D1,3.440,3.500,-0.060,-0.100,0.100,,PNT_OW_3_OP3 - PNT_IW_3_OP3 / CS_BF_OP3
Distance,WIDTH_4_OP3,D1,3.427,3.500,-0.073,-0.100,0.100,,PNT_OW_4_OP3 - PNT_IW_4_OP3 / CS_BF_OP3
Distance,DEPTH_1_OP3,Z,5.013,5.000,0.013,-0.100,0.100,,PNT_TOP_1_OP3 - PNT_DP_1_OP3 / CS_BF_OP3
Distance,DEPTH_2_OP3,Z,5.048,5.000,0.048,-0.250,0.250,,PNT_TOP_2_OP3 - PNT_DP_2_OP3 / CS_BF_OP3
Distance,DEPTH_3_OP3,Z,5.145,5.000,0.145,-0.100,0.100,0.045,PNT_TOP_3_OP3 - PNT_DP_3_OP3 / CS_BF_OP3
Distance,DEPTH_4_OP3,Z,5.234,5.000,0.234,-0.250,0.250,,PNT_TOP_4_OP3 - PNT_DP_4_OP3 / CS_BF_OP3
Distance,WIDTH_1_OP4,D1,3.329,3.500,-0.171,-0.200,0.150,,PNT_OW_1_OP4 - PNT_IW_1_OP4 / CS_BF_OP4
Distance,WIDTH_2_OP4,D1,3.437,3.500,-0.063,-0.100,0.100,,PNT_OW_2_OP4 - PNT_IW_2_OP4 / CS_BF_OP4
Distance,WIDTH_3_OP4,D1,3.324,3.500,-0.176,-0.200,0.150,,PNT_OW_3_OP4 - PNT_IW_3_OP4 / CS_BF_OP4
Distance,WIDTH_4_OP4,D1,3.385,3.500,-0.115,-0.100,0.100,-0.015,PNT_OW_4_OP4 - PNT_IW_4_OP4 / CS_BF_OP4
Distance,DEPTH_1_OP4,Z,4.952,5.000,-0.048,-0.100,0.100,,PNT_TOP_1_OP4 - PNT_DP_1_OP4 / CS_BF_OP4
Distance,DEPTH_2_OP4,Z,4.970,5.000,-0.030,-0.100,0.100,,PNT_TOP_2_OP4 - PNT_DP_2_OP4 / CS_BF_OP4
Distance,DEPTH_3_OP4,Z,5.192,5.000,0.192,-0.250,0.300,,PNT_TOP_3_OP4 - PNT_DP_3_OP4 / CS_BF_OP4
Distance,DEPTH_4_OP4,Z,5.293,5.000,0.293,-0.250,0.300,,PNT_TOP_4_OP4 - PNT_DP_4_OP4 / CS_BF_OP4
Distance,WIDTH_1_OP5,D1,3.450,3.500,-0.050,-0.100,0.100,,PNT_OW_1_OP5 - PNT_IW_1_OP5 / CS_BF_OP5
Distance,WIDTH_2_OP5,D1,3.461,3.500,-0.039,-0.100,0.100,,PNT_OW_2_OP5 - PNT_IW_2_OP5 / CS_BF_OP5
Distance,WIDTH_3_OP5,D1,3.462,3.500,-0.038,-0.100,0.100,,PNT_OW_3_OP5 - PNT_IW_3_OP5 / CS_BF_OP5
Distance,WIDTH_4_OP5,D1,3.397,3.500,-0.103,-0.100,0.100,-0.003,PNT_OW_4_OP5 - PNT_IW_4_OP5 / CS_BF_OP5
Distance,DEPTH_1_OP5,Z,5.064,5.000,0.064,-0.100,0.100,,PNT_TOP_1_OP5 - PNT_DP_1_OP5 / CS_BF_OP5
Distance,DEPTH_2_OP5,Z,5.080,5.000,0.080,-0.100,0.100,,PNT_TOP_2_OP5 - PNT_DP_2_OP5 / CS_BF_OP5
Distance,DEPTH_3_OP5,Z,5.104,5.000,0.104,-0.100,0.100,0.004,PNT_TOP_3_OP5 - PNT_DP_3_OP5 / CS_BF_OP5
Distance,DEPTH_4_OP5,Z,5.009,5.000,0.009,-0.100,0.100,,PNT_TOP_4_OP5 - PNT_DP_4_OP5 / CS_BF_OP5
Distance,WIDTH_1_OP6,D1,3.391,3.500,-0.109,-0.100,0.100,-0.009,PNT_OW_1_OP6 - PNT_IW_1_OP6 / CS_BF_OP6
Distance,WIDTH_2_OP6,D1,3.504,3.500,0.004,-0.100,0.100,,PNT_OW_2_OP6 - PNT_IW_2_OP6 / CS_BF_OP6
Distance,WIDTH_3_OP6,D1,3.400,3.500,-0.100,-0.100,0.100,-0.000,PNT_OW_3_OP6 - PNT_IW_3_OP6 / CS_BF_OP6
Distance,WIDTH_4_OP6,D1,3.475,3.500,-0.025,-0.100,0.100,,PNT_OW_4_OP6 - PNT_IW_4_OP6 / CS_BF_OP6
Distance,DEPTH_1_OP6,Z,4.999,5.000,-0.001,-0.100,0.100,,PNT_TOP_1_OP6 - PNT_DP_1_OP6 / CS_BF_OP6
Distance,DEPTH_2_OP6,Z,4.843,5.000,-0.157,-0.250,0.250,,PNT_TOP_2_OP6 - PNT_DP_2_OP6 / CS_BF_OP6
Distance,DEPTH_3_OP6,Z,5.101,5.000,0.101,-0.100,0.100,0.001,PNT_TOP_3_OP6 - PNT_DP_3_OP6 / CS_BF_OP6
Distance,DEPTH_4_OP6,Z,5.126,5.000,0.126,-0.100,0.100,0.026,PNT_TOP_4_OP6 - PNT_DP_4_OP6 / CS_BF_OP6
Distance,WIDTH_1_OP7,D1,3.498,3.500,-0.002,-0.100,0.100,,PNT_OW_1_OP7 - PNT_IW_1_OP7 / CS_BF_OP7
Distance,WIDTH_2_OP7,D1,3.521,3.500,0.021,-0.100,0.100,,PNT_OW_2_OP7 - PNT_IW_2_OP7 / CS_BF_OP7
Distance,WIDTH_3_OP7,D1,3.493,3.500,-0.007,-0.100,0.100,,PNT_OW_3_OP7 - PNT_IW_3_OP7 / CS_BF_OP7
Distance,WIDTH_4_OP7,D1,3.429,3.500,-0.071,-0.100,0.100,,PNT_OW_4_OP7 - PNT_IW_4_OP7 / CS_BF_OP7
Distance,DEPTH_1_OP7,Z,4.930,5.000,-0.070,-0.100,0.100,,PNT_TOP_1_OP7 - PNT_DP_1_OP7 / CS_BF_OP7
Distance,DEPTH_2_OP7,Z,5.001,5.000,0.001,-0.100,0.100,,PNT_TOP_2_OP7 - PNT_DP_2_OP7 / CS_BF_OP7
Distance,DEPTH_3_OP7,Z,5.083,5.000,0.083,-0.250,0.250,,PNT_TOP_3_OP7 - PNT_DP_3_OP7 / CS_BF_OP7
Distance,DEPTH_4_OP7,Z,4.397,5.000,-0.603,-0.250,0.250,-0.353,PNT_TOP_4_OP7 - PNT_DP_4_OP7 / CS_BF_OP7
Distance,WIDTH_1_OP8,D1,3.431,3.500,-0.069,-0.100,0.100,,PNT_OW_1_OP8 - PNT_IW_1_OP8 / CS_BF_OP8
Distance,WIDTH_2_OP8,D1,3.457,3.500,-0.043,-0.100,0.100,,PNT_OW_2_OP8 - PNT_IW_2_OP8 / CS_BF_OP8
Distance,WIDTH_3_OP8,D1,3.342,3.500,-0.158,-0.150,0.150,-0.008,PNT_OW_3_OP8 - PNT_IW_3_OP8 / CS_BF_OP8
Distance,WIDTH_4_OP8,D1,3.368,3.500,-0.132,-0.150,0.150,,PNT_OW_4_OP8 - PNT_IW_4_OP8 / CS_BF_OP8
Distance,DEPTH_1_OP8,Z,5.017,5.000,0.017,-0.100,0.100,,PNT_TOP_1_OP8 - PNT_DP_1_OP8 / CS_BF_OP8
Distance,DEPTH_2_OP8,Z,5.040,5.000,0.040,-0.100,0.100,,PNT_TOP_2_OP8 - PNT_DP_2_OP8 / CS_BF_OP8
Distance,DEPTH_3_OP8,Z,5.289,5.000,0.289,-0.250,0.250,0.039,PNT_TOP_3_OP8 - PNT_DP_3_OP8 / CS_BF_OP8
Distance,DEPTH_4_OP8,Z,5.258,5.000,0.258,-0.250,0.300,,PNT_TOP_4_OP8 - PNT_DP_4_OP8 / CS_BF_OP8
