Feat. Type,Feat. Name,Value,Actual,Nominal,Dev.,Tol-,Tol+,Out of Tol.,Comment
Text/Value,VAR_PROGRAM,VAL,,,,,,,'N:\Metrolog XG\Programmes\I4 Moule 1\I4 Complete Moule 1 (Module 44).gm2'
Text/Value,VAR_EVENEMENT,VAL,,,,,,,'FIP 05149 '
Text/Value,VAR_COMMENTAIRES,VAL,,,,,,,'251A'
Text/Value,PROFILE_A,VAL,0.244023,0.000000,0.244023,0.000000,0.500000,,
Circle,CIR_B,DIAM,7.098,7.000,0.098,-0.100,0.100,,Criterion : Least Square (From 10 Pts On PL_FIXTURE) 
Circle,CIR_B,X,-0.097,0.000,-0.097,,,,
Circle,CIR_B,Z,-0.135,0.000,-0.135,,,,
Circle,CIR_1,X,-40.067,-40.000,-0.067,,,,From 4 Pts On PL_FIXTURE
Circle,CIR_1,Z,-184.221,-184.000,-0.221,,,,
Circle,CIR_2,X,-33.130,-33.000,-0.130,,,,From 4 Pts On PL_FIXTURE
Circle,CIR_2,Z,-0.113,-0.000,-0.113,,,,
Circle,CIR_3,X,-32.071,-32.000,-0.071,,,,From 4 Pts On PL_FIXTURE
Circle,CIR_3,Z,189.561,189.500,0.061,,,,
Circle,CIR_4,X,-0.187,-0.000,-0.187,,,,From 4 Pts On PL_FIXTURE
Circle,CIR_4,Z,96.034,96.000,0.034,,,,
Circle,CIR_5,X,-0.249,-0.000,-0.249,,,,From 4 Pts On PL_FIXTURE
Circle,CIR_5,Z,-96.161,-96.000,-0.161,,,,
Circle,CIR_6,X,-300.278,-300.100,-0.178,,,,From 4 Pts On PL_FIXTURE_6
Circle,CIR_6,Z,-54.012,-54.000,-0.012,,,,
Distance,OP1_WIDTH_1,D1,2.952,2.930,0.022,-0.150,0.150,,OP1_P2 - OP1_P4 / OP1_CS
Distance,OP1_WIDTH_2,D1,2.906,2.930,-0.024,-0.150,0.150,,OP1_P7 - OP1_P9 / OP1_CS
Distance,OP1_WIDTH_3,D1,3.007,2.930,0.077,-0.150,0.150,,OP1_P11 - OP1_P13 / OP1_CS
Distance,OP1_WIDTH_4,D1,2.964,2.930,0.034,-0.150,0.150,,OP1_P15 - OP1_P17 / OP1_CS
Distance,OP1_WIDTH_5,D1,2.810,2.930,-0.120,-0.180,0.150,,OP1_P19 - OP1_P21 / OP1_CS
Distance,OP1_WIDTH_6,D1,2.996,2.930,0.066,-0.150,0.150,,OP1_P23 - OP1_P25 / OP1_CS
Distance,OP1_WIDTH_7,D1,2.878,2.930,-0.052,-0.150,0.150,,OP1_P28 - OP1_P30 / OP1_CS
Distance,OP1_WIDTH_8,D1,2.825,2.930,-0.105,-0.150,0.150,,OP1_P33 - OP1_P35 / OP1_CS
Distance,OP1_WIDTH_9,D1,2.827,2.930,-0.103,-0.150,0.150,,OP1_P38 - OP1_P40 / OP1_CS
Distance,OP1_WIDTH_10,D1,2.900,2.930,-0.030,-0.150,0.150,,OP1_P43 - OP1_P45 / OP1_CS
Distance,OP1_WIDTH_11,D1,2.756,2.930,-0.174,-0.180,0.150,,OP1_P48 - OP1_P50 / OP1_CS
Distance,OP1_DEPTH_1,Y,4.599,4.500,0.099,-0.250,0.250,,OP1_P3 - PL_FIXTURE / OP1_CS
Distance,OP1_DEPTH_2,Y,4.587,4.500,0.087,-0.250,0.250,,OP1_P8 - PL_FIXTURE / OP1_CS
Distance,OP1_DEPTH_3,Y,4.546,4.500,0.046,-0.250,0.250,,OP1_P12 - PL_FIXTURE / OP1_CS
Distance,OP1_DEPTH_4,Y,4.440,4.500,-0.060,-0.250,0.250,,OP1_P16 - PL_FIXTURE / OP1_CS
Distance,OP1_DEPTH_5,Y,4.458,4.500,-0.042,-0.250,0.250,,OP1_P20 - PL_FIXTURE / OP1_CS
Distance,OP1_DEPTH_6,Y,4.511,4.500,0.011,-0.250,0.250,,OP1_P24 - PL_FIXTURE / OP1_CS
Distance,OP1_DEPTH_7,Y,4.496,4.500,-0.004,-0.250,0.250,,OP1_P29 - PL_FIXTURE / OP1_CS
Distance,OP1_DEPTH_8,Y,4.556,4.500,0.056,-0.250,0.250,,OP1_P34 - PL_FIXTURE / OP1_CS
Distance,OP1_DEPTH_9,Y,4.549,4.500,0.049,-0.250,0.250,,OP1_P39 - PL_FIXTURE / OP1_CS
Distance,OP1_DEPTH_10,Y,4.526,4.500,0.026,-0.250,0.250,,OP1_P44 - PL_FIXTURE / OP1_CS
Distance,OP1_DEPTH_11,Y,4.580,4.500,0.080,-0.250,0.250,,OP1_P49 - PL_FIXTURE / OP1_CS
Distance,OP2_WIDTH_1,D1,2.964,2.930,0.034,-0.150,0.150,,OP2_P2 - OP2_P4 / OP2_CS
Distance,OP2_WIDTH_2,D1,2.993,2.930,0.063,-0.180,0.150,,OP2_P7 - OP2_P9 / OP2_CS
Distance,OP2_WIDTH_3,D1,2.980,2.930,0.050,-0.150,0.150,,OP2_P11 - OP2_P13 / OP2_CS
Distance,OP2_WIDTH_4,D1,2.991,2.930,0.061,-0.150,0.150,,OP2_P15 - OP2_P17 / OP2_CS
Distance,OP2_WIDTH_5,D1,2.930,2.930,0.000,-0.150,0.150,,OP2_P19 - OP2_P21 / OP2_CS
Distance,OP2_WIDTH_6,D1,2.967,2.930,0.037,-0.150,0.150,,OP2_P23 - OP2_P25 / OP2_CS
Distance,OP2_WIDTH_7,D1,2.896,2.930,-0.034,-0.150,0.150,,OP2_P28 - OP2_P30 / OP2_CS
Distance,OP2_WIDTH_8,D1,2.875,2.930,-0.055,-0.150,0.150,,OP2_P33 - OP2_P35 / OP2_CS
Distance,OP2_WIDTH_9,D1,2.897,2.930,-0.033,-0.150,0.150,,OP2_P38 - OP2_P40 / OP2_CS
Distance,OP2_WIDTH_10,D1,2.909,2.930,-0.021,-0.150,0.150,,OP2_P43 - OP2_P45 / OP2_CS
Distance,OP2_WIDTH_11,D1,2.862,2.930,-0.068,-0.150,0.150,,OP2_P48 - OP2_P50 / OP2_CS
Distance,OP2_DEPTH_1,Y,4.711,4.500,0.211,-0.250,0.250,,OP2_P3 - PL_FIXTURE / OP2_CS
Distance,OP2_DEPTH_2,Y,4.659,4.500,0.159,-0.250,0.250,,OP2_P8 - PL_FIXTURE / OP2_CS
Distance,OP2_DEPTH_3,Y,4.698,4.500,0.198,-0.250,0.250,,OP2_P12 - PL_FIXTURE / OP2_CS
Distance,OP2_DEPTH_4,Y,4.564,4.500,0.064,-0.250,0.250,,OP2_P16 - PL_FIXTURE / OP2_CS
Distance,OP2_DEPTH_5,Y,4.562,4.500,0.062,-0.250,0.250,,OP2_P20 - PL_FIXTURE / OP2_CS
Distance,OP2_DEPTH_6,Y,4.529,4.500,0.029,-0.250,0.250,,OP2_P24 - PL_FIXTURE / OP2_CS
Distance,OP2_DEPTH_7,Y,4.548,4.500,0.048,-0.250,0.250,,OP2_P29 - PL_FIXTURE / OP2_CS
Distance,OP2_DEPTH_8,Y,4.589,4.500,0.089,-0.250,0.250,,OP2_P34 - PL_FIXTURE / OP2_CS
Distance,OP2_DEPTH_9,Y,4.558,4.500,0.058,-0.250,0.250,,OP2_P39 - PL_FIXTURE / OP2_CS
Distance,OP2_DEPTH_10,Y,4.624,4.500,0.124,-0.250,0.250,,OP2_P44 - PL_FIXTURE / OP2_CS
Distance,OP2_DEPTH_11,Y,4.619,4.500,0.119,-0.250,0.250,,OP2_P49 - PL_FIXTURE / OP2_CS
Distance,OP3_WIDTH_1,D1,2.959,2.930,0.029,-0.150,0.150,,OP3_P2 - OP3_P4 / OP3_CS
Distance,OP3_WIDTH_2,D1,3.093,2.930,0.163,-0.150,0.150,0.013,OP3_P7 - OP3_P9 / OP3_CS
Distance,OP3_WIDTH_3,D1,2.998,2.930,0.068,-0.150,0.150,,OP3_P11 - OP3_P13 / OP3_CS
Distance,OP3_WIDTH_4,D1,3.010,2.930,0.080,-0.150,0.150,,OP3_P15 - OP3_P17 / OP3_CS
Distance,OP3_WIDTH_5,D1,2.941,2.930,0.011,-0.150,0.150,,OP3_P19 - OP3_P21 / OP3_CS
Distance,OP3_WIDTH_6,D1,2.972,2.930,0.042,-0.150,0.150,,OP3_P23 - OP3_P25 / OP3_CS
Distance,OP3_WIDTH_7,D1,2.864,2.930,-0.066,-0.150,0.150,,OP3_P28 - OP3_P30 / OP3_CS
Distance,OP3_WIDTH_8,D1,2.820,2.930,-0.110,-0.150,0.150,,OP3_P33 - OP3_P35 / OP3_CS
Distance,OP3_WIDTH_9,D1,2.819,2.930,-0.111,-0.150,0.150,,OP3_P38 - OP3_P40 / OP3_CS
Distance,OP3_WIDTH_10,D1,2.810,2.930,-0.120,-0.150,0.150,,OP3_P43 - OP3_P45 / OP3_CS
Distance,OP3_WIDTH_11,D1,2.785,2.930,-0.145,-0.150,0.150,,OP3_P48 - OP3_P50 / OP3_CS
Distance,OP3_DEPTH_1,Y,4.595,4.500,0.095,-0.250,0.250,,OP3_P3 - PL_FIXTURE / OP3_CS
Distance,OP3_DEPTH_2,Y,4.525,4.500,0.025,-0.250,0.250,,OP3_P8 - PL_FIXTURE / OP3_CS
Distance,OP3_DEPTH_3,Y,4.638,4.500,0.138,-0.250,0.250,,OP3_P12 - PL_FIXTURE / OP3_CS
Distance,OP3_DEPTH_4,Y,4.585,4.500,0.085,-0.250,0.250,,OP3_P16 - PL_FIXTURE / OP3_CS
Distance,OP3_DEPTH_5,Y,4.672,4.500,0.172,-0.250,0.250,,OP3_P20 - PL_FIXTURE / OP3_CS
Distance,OP3_DEPTH_6,Y,4.584,4.500,0.084,-0.250,0.250,,OP3_P24 - PL_FIXTURE / OP3_CS
Distance,OP3_DEPTH_7,Y,4.579,4.500,0.079,-0.250,0.250,,OP3_P29 - PL_FIXTURE / OP3_CS
Distance,OP3_DEPTH_8,Y,4.639,4.500,0.139,-0.250,0.250,,OP3_P34 - PL_FIXTURE / OP3_CS
Distance,OP3_DEPTH_9,Y,4.657,4.500,0.157,-0.250,0.250,,OP3_P39 - PL_FIXTURE / OP3_CS
Distance,OP3_DEPTH_10,Y,4.673,4.500,0.173,-0.250,0.250,,OP3_P44 - PL_FIXTURE / OP3_CS
Distance,OP3_DEPTH_11,Y,4.685,4.500,0.185,-0.250,0.250,,OP3_P49 - PL_FIXTURE / OP3_CS
Distance,OP4_WIDTH_1,D1,2.845,2.930,-0.085,-0.150,0.150,,OP4_P2 - OP4_P4 / OP4_CS
Distance,OP4_WIDTH_2,D1,2.875,2.930,-0.055,-0.150,0.150,,OP4_P7 - OP4_P9 / OP4_CS
Distance,OP4_WIDTH_3,D1,3.050,2.930,0.120,-0.150,0.150,,OP4_P11 - OP4_P13 / OP4_CS
Distance,OP4_WIDTH_4,D1,3.050,2.930,0.120,-0.150,0.150,,OP4_P15 - OP4_P17 / OP4_CS
Distance,OP4_WIDTH_5,D1,2.868,2.930,-0.062,-0.150,0.150,,OP4_P19 - OP4_P21 / OP4_CS
Distance,OP4_WIDTH_6,D1,2.897,2.930,-0.033,-0.150,0.150,,OP4_P23 - OP4_P25 / OP4_CS
Distance,OP4_WIDTH_7,D1,2.868,2.930,-0.062,-0.150,0.150,,OP4_P28 - OP4_P30 / OP4_CS
Distance,OP4_WIDTH_8,D1,2.930,2.930,0.000,-0.150,0.150,,OP4_P33 - OP4_P35 / OP4_CS
Distance,OP4_WIDTH_9,D1,2.846,2.930,-0.084,-0.150,0.150,,OP4_P38 - OP4_P40 / OP4_CS
Distance,OP4_WIDTH_10,D1,2.901,2.930,-0.029,-0.150,0.150,,OP4_P43 - OP4_P45 / OP4_CS
Distance,OP4_WIDTH_11,D1,2.784,2.930,-0.146,-0.150,0.150,,OP4_P48 - OP4_P50 / OP4_CS
Distance,OP4_DEPTH_1,Y,4.574,4.500,0.074,-0.250,0.250,,OP4_P3 - PL_FIXTURE / OP4_CS
Distance,OP4_DEPTH_2,Y,4.464,4.500,-0.036,-0.250,0.250,,OP4_P8 - PL_FIXTURE / OP4_CS
Distance,OP4_DEPTH_3,Y,4.500,4.500,-0.000,-0.250,0.250,,OP4_P12 - PL_FIXTURE / OP4_CS
Distance,OP4_DEPTH_4,Y,4.539,4.500,0.039,-0.250,0.250,,OP4_P16 - PL_FIXTURE / OP4_CS
Distance,OP4_DEPTH_5,Y,4.556,4.500,0.056,-0.250,0.250,,OP4_P20 - PL_FIXTURE / OP4_CS
Distance,OP4_DEPTH_6,Y,4.585,4.500,0.085,-0.250,0.250,,OP4_P24 - PL_FIXTURE / OP4_CS
Distance,OP4_DEPTH_7,Y,4.604,4.500,0.104,-0.250,0.250,,OP4_P29 - PL_FIXTURE / OP4_CS
Distance,OP4_DEPTH_8,Y,4.484,4.500,-0.016,-0.250,0.250,,OP4_P34 - PL_FIXTURE / OP4_CS
Distance,OP4_DEPTH_9,Y,4.521,4.500,0.021,-0.250,0.250,,OP4_P39 - PL_FIXTURE / OP4_CS
Distance,OP4_DEPTH_10,Y,4.563,4.500,0.063,-0.250,0.250,,OP4_P44 - PL_FIXTURE / OP4_CS
Distance,OP4_DEPTH_11,Y,4.546,4.500,0.046,-0.250,0.250,,OP4_P49 - PL_FIXTURE / OP4_CS
Circle,CIR_7,X,-101.793,-101.900,0.107,,,,Inters. PL_PLAST_7 - CYL_7.
Circle,CIR_7,Y,12.764,13.400,-0.636,,,,
Circle,CIR_7,Z,233.605,233.000,0.605,,,,
Circle,CIR_8,DIAM,14.668,14.675,-0.007,-0.075,0.075,,Criterion : Least Square (From 10 Pts On PL_PLAST_8) 
Circle,CIR_8,X,-199.082,-199.900,0.818,,,,
Circle,CIR_8,Z,101.592,101.200,0.392,,,,
Circle,CIR_9_5.5MM,DIAM,19.999,20.000,-0.001,-0.050,0.050,,Criterion : Least Square (From 8 Pts On PL_PLAST_9) 
Circle,CIR_9_5.5MM,X,-111.155,-112.100,0.945,,,,
Circle,CIR_9_5.5MM,Y,144.655,144.900,-0.245,,,,
Circle,CIR_9_5.5MM,Z,201.501,201.500,0.001,,,,
Plane,PL_D,F.F.,0.245,,0.245,,,,Criterion : Least Square (From 13 Pts) 
Circle,CIR_10,DIAM,64.912,65.000,-0.088,-0.500,0.500,,Criterion : Least Square (From 12 Pts On PL_D) 
Circle,CIR_10,X,-80.230,-80.500,0.270,,,,
Circle,CIR_10,Y,86.657,87.100,-0.443,,,,
Circle,CIR_10,Z,232.853,232.330,0.523,,,,
Circle,CIR_11,X,-96.262,-96.800,0.538,,,,Criterion : Least Square (From 6 Pts On PL_INS_11) 
Circle,CIR_11,Y,46.570,47.290,-0.720,,,,
Circle,CIR_11,Z,249.203,248.580,0.623,,,,
Circle,CIR_12,X,-108.171,-108.693,0.521,,,,Criterion : Least Square (From 6 Pts On PL_INS_12) 
Circle,CIR_12,Y,109.283,110.079,-0.796,,,,
Circle,CIR_12,Z,261.025,260.479,0.546,,,,
Circle,CIR_13,X,-64.283,-64.297,0.014,,,,Criterion : Least Square (From 6 Pts On PL_INS_13) 
Circle,CIR_13,Y,126.433,126.902,-0.469,,,,
Circle,CIR_13,Z,216.417,216.083,0.334,,,,
Circle,CIR_14,X,-52.100,-52.402,0.301,,,,Criterion : Least Square (From 6 Pts On PL_INS_14) 
Circle,CIR_14,Y,63.685,64.116,-0.431,,,,
Circle,CIR_14,Z,204.639,204.188,0.452,,,,
Circle,2D_CIR_11,Y,-32.644,-32.500,-0.144,,,,
Circle,2D_CIR_11,Z,32.644,32.500,0.144,,,,
Circle,2D_CIR_12,Y,32.274,32.500,-0.226,,,,
Circle,2D_CIR_12,Z,32.322,32.500,-0.178,,,,
Circle,2D_CIR_13,Y,32.345,32.500,-0.155,,,,
Circle,2D_CIR_13,Z,-32.564,-32.500,-0.064,,,,
Circle,2D_CIR_14,Y,-32.650,-32.500,-0.150,,,,
Circle,2D_CIR_14,Z,-32.387,-32.500,0.113,,,,
Distance,H11,X,0.256,0.000,0.256,0.000,0.500,,CIR_11 - PL_PLAST_11 / CS_DE_BF
Distance,H12,X,0.113,-0.000,0.113,0.000,0.500,,CIR_12 - PL_PLAST_12 / CS_DE_BF
Distance,H13,X,0.271,-0.000,0.271,0.000,0.500,,CIR_13 - PL_PLAST_13 / CS_DE_BF
Distance,H14,X,0.228,0.000,0.228,0.000,0.500,,CIR_14 - PL_PLAST_14 / CS_DE_BF
Distance,DP_11,X,-18.497,-17.377,-1.120,,,,PNT_BOTTOM_11 - PL_INS_11 / CS_11
Distance,DP_12,X,-18.362,-17.386,-0.976,,,,PNT_BOTTOM_12 - PL_INS_12 / CS_12
Distance,DP_13,X,-18.625,-17.763,-0.863,,,,PNT_BOTTOM_13 - PL_INS_13 / CS_13
Distance,DP_14,X,-16.202,-17.530,1.328,,,,PNT_BOTTOM_14 - PL_INS_14 / CS_14
Distance,WIDTH_TB.1,D1,2.965,3.000,-0.035,-0.150,0.150,,0W2.25.1 - IW2.25.1 / CS_DE_BF_ROT_TOL
Distance,WIDTH_TB.2,D1,2.890,3.000,-0.110,-0.150,0.150,,0W2.25.2 - IW2.25.2 / CS_DE_BF_ROT_TOL
Distance,WIDTH_TB.3,D1,2.990,3.000,-0.010,-0.150,0.150,,0W2.25.3 - IW2.25.3 / CS_DE_BF_ROT_TOL
Distance,WIDTH_TB.4,D1,2.946,3.000,-0.054,-0.150,0.150,,0W2.25.4 - IW2.25.4 / CS_DE_BF_ROT_TOL
Distance,WIDTH_TB.5,D1,2.989,3.000,-0.011,-0.150,0.150,,0W2.25.5 - IW2.25.5 / CS_DE_BF_ROT_TOL
Distance,WIDTH_TB.6,D1,2.961,3.000,-0.039,-0.150,0.150,,0W2.25.6 - IW2.25.6 / CS_DE_BF_ROT_TOL
Distance,WIDTH_TB.7,D1,2.998,3.000,-0.002,-0.150,0.150,,0W2.25.7 - IW2.25.7 / CS_DE_BF_ROT_TOL
Distance,WIDTH_TB.8,D1,2.923,3.000,-0.077,-0.150,0.150,,0W2.25.8 - IW2.25.8 / CS_DE_BF_ROT_TOL
Distance,DEPTH_TB.1,D1,4.468,4.500,-0.032,-0.250,0.250,,TB_DP.1 - PL_D / CS_DE_BF_ROT_TOL
Distance,DEPTH_TB.2,D1,4.438,4.500,-0.062,-0.250,0.250,,TB_DP.2 - PL_D / CS_DE_BF_ROT_TOL
Distance,DEPTH_TB.3,D1,4.436,4.500,-0.064,-0.250,0.250,,TB_DP.3 - PL_D / CS_DE_BF_ROT_TOL
Distance,DEPTH_TB.4,D1,4.526,4.500,0.026,-0.250,0.250,,TB_DP.4 - PL_D / CS_DE_BF_ROT_TOL
Distance,DEPTH_TB.5,D1,4.503,4.500,0.003,-0.250,0.250,,TB_DP.5 - PL_D / CS_DE_BF_ROT_TOL
Distance,DEPTH_TB.6,D1,4.421,4.500,-0.079,-0.250,0.250,,TB_DP.6 - PL_D / CS_DE_BF_ROT_TOL
Distance,DEPTH_TB.7,D1,4.487,4.500,-0.013,-0.250,0.250,,TB_DP.7 - PL_D / CS_DE_BF_ROT_TOL
Distance,DEPTH_TB.8,D1,4.537,4.500,0.037,-0.250,0.250,,TB_DP.8 - PL_D / CS_DE_BF_ROT_TOL
Circle,CIR_15,DIAM,18.180,18.000,0.180,-0.250,0.250,,Criterion : Least Square (From 8 Pts On PL_PLAST_15) 
Circle,CIR_15,Y,110.326,111.000,-0.674,,,,
Circle,CIR_15,Z,-151.453,-150.500,-0.953,,,,
Circle,CIR_16,DIAM,18.096,18.000,0.096,-0.250,0.250,,Criterion : Least Square (From 8 Pts On PL_PLAST_16) 
Circle,CIR_16,Y,109.719,111.000,-1.281,,,,
Circle,CIR_16,Z,152.005,151.500,0.505,,,,
Circle,CIR_17,DIAM,6.300,6.500,-0.200,-0.200,0.200,,Criterion : Least Square (From 6 Pts On PL_PLAST_17) 
Circle,CIR_17,X,-112.002,-112.600,0.598,,,,
Circle,CIR_17,Z,151.763,151.500,0.263,,,,
Circle,CIR_18,DIAM,5.050,5.000,0.050,-0.200,0.200,,Criterion : Least Square (From 6 Pts On PL_PLAST_18_19) 
Circle,CIR_18,X,-233.840,-234.500,0.660,,,,
Circle,CIR_18,Y,58.279,58.500,-0.221,,,,
Circle,CIR_18,Z,37.988,38.100,-0.112,,,,
Circle,CIR_19,DIAM,6.651,6.500,0.151,-0.200,0.200,,Criterion : Least Square (From 6 Pts On PL_PLAST_18_19) 
Circle,CIR_19,X,-234.091,-234.500,0.409,,,,
Circle,CIR_19,Y,70.872,71.000,-0.128,,,,
Circle,CIR_19,Z,38.299,38.100,0.199,,,,
Circle,CIR_20,DIAM,6.531,6.500,0.031,-0.200,0.200,,Criterion : Least Square (From 6 Pts On PL_PLAST_20) 
Circle,CIR_20,X,-158.140,-158.500,0.360,,,,
Circle,CIR_20,Z,-123.006,-123.900,0.894,,,,
Circle,CIR_21,DIAM,6.724,6.500,0.224,-0.200,0.200,0.024,Criterion : Least Square (From 6 Pts On PL_PLAST_21_22) 
Circle,CIR_21,X,-251.448,-251.700,0.252,,,,
Circle,CIR_21,Z,-38.894,-39.000,0.106,,,,
Circle,CIR_22,DIAM,5.166,5.000,0.166,-0.200,0.200,,Criterion : Least Square (From 6 Pts On PL_PLAST_21_22) 
Circle,CIR_22,X,0.000,0.000,0.000,,,,
Circle,CIR_22,Z,-12.582,-12.500,-0.082,,,,
Circle,CIR_23,DIAM,6.538,6.500,0.038,-0.200,0.200,,Criterion : Least Square (From 6 Pts On PL_PLAST_23_24) 
Circle,CIR_23,X,-30.879,-31.600,0.721,,,,
Circle,CIR_23,Z,-90.808,-91.500,0.692,,,,
Circle,CIR_24,DIAM,5.217,5.000,0.217,-0.200,0.200,0.017,Criterion : Least Square (From 6 Pts On PL_PLAST_23_24) 
Circle,CIR_24,X,12.236,12.500,-0.264,,,,
Circle,CIR_24,Z,0.000,0.000,0.000,,,,
Circle,CIR_25,DIAM,6.592,6.500,0.092,-0.200,0.200,,Criterion : Least Square (From 6 Pts On PL_PLAST_25) 
Circle,CIR_25,Y,110.676,111.000,-0.324,,,,
Circle,CIR_25,Z,-106.231,-105.500,-0.731,,,,
Circle,CIR_26,DIAM,6.445,6.500,-0.055,-0.200,0.200,,Criterion : Least Square (From 6 Pts On PL_PLAST_26) 
Circle,CIR_26,Y,96.997,98.000,-1.003,,,,
Circle,CIR_26,Z,195.022,194.500,0.522,,,,
Pos. Tol.,POS_B,PTOL,0.334,0.000,0.334,0.002,0.302,0.031,CIR_B(M)/NOMINAL - CS_ABC_BF_SURFACE - C-Zone - XZ - Nominal
Distance,DIM_X_C,D1,184.960,184.993,-0.033,,,,PNT_C - ORIGIN / CS_ABC_BF_SURFACE
Distance,DIM_X_C,D2,,,,,,,
Distance,DIM_X_C,X,-0.044,0.000,-0.044,-0.150,0.150,,
Distance,DIM_X_C,Y,-0.000,-0.000,0.000,,,,
Distance,DIM_X_C,Z,184.960,184.993,-0.033,,,,
Distance,DIM_Z_C,D1,184.960,184.993,-0.033,,,,PNT_C - ORIGIN / CS_ABC_BF
Distance,DIM_Z_C,D2,,,,,,,
Distance,DIM_Z_C,X,-0.044,0.000,-0.044,,,,
Distance,DIM_Z_C,Y,-0.000,-0.000,0.000,,,,
Distance,DIM_Z_C,Z,184.960,185.000,-0.040,-0.350,0.350,,
Pos. Tol.,POS_1,PTOL,0.461,0.000,0.461,0.000,1.000,,CIR_1/NOMINAL - CS_ABC_BF_SURFACE - C-Zone - XZ - Nominal
Pos. Tol.,POS_2,PTOL,0.344,0.000,0.344,0.000,1.000,,CIR_2/NOMINAL - CS_ABC_BF_SURFACE - C-Zone - XZ - Nominal
Pos. Tol.,POS_3,PTOL,0.187,0.000,0.187,0.000,1.000,,CIR_3/NOMINAL - CS_ABC_BF_SURFACE - C-Zone - XZ - Nominal
Pos. Tol.,POS_4,PTOL,0.380,0.000,0.380,0.000,1.000,,CIR_4/NOMINAL - CS_ABC_BF_SURFACE - C-Zone - XZ - Nominal
Pos. Tol.,POS_5,PTOL,0.593,0.000,0.593,0.000,1.000,,CIR_5/NOMINAL - CS_ABC_BF_SURFACE - C-Zone - XZ - Nominal
Pos. Tol.,POS_6,PTOL,0.357,0.000,0.357,0.000,1.000,,CIR_6/NOMINAL - CS_ABC_BF_SURFACE - C-Zone - XZ - Nominal
Pos. Tol.,POS_7,PTOL,1.767,0.000,1.767,0.000,3.000,,CIR_7/NOMINAL - CS_ABC_BF_SURFACE - C-Zone - XYZ - Nominal
Pos. Tol.,POS_8,PTOL,1.814,0.000,1.814,0.000,3.000,,CIR_8/NOMINAL - CS_ABC_BF_SURFACE - C-Zone - XZ - Nominal
Pos. Tol.,POS_9,PTOL,1.952,0.000,1.952,0.000,3.000,,CIR_9_5.5MM/NOMINAL - CS_ABC_BF_SURFACE - C-Zone - XYZ - Nominal
Pos. Tol.,POS_10,PTOL,1.474,0.000,1.474,0.000,4.000,,CIR_10/NOMINAL - CS_ABC_BF_SURFACE - C-Zone - XYZ - Nominal
Pos. Tol.,POS_11,PTOL,2.187,0.000,2.187,0.000,4.000,,CIR_11/NOMINAL - CS_ABC_BF_SURFACE - C-Zone - XYZ - Nominal
Pos. Tol.,POS_12,PTOL,2.194,0.000,2.194,0.000,4.000,,CIR_12/NOMINAL - CS_ABC_BF_SURFACE - C-Zone - XYZ - Nominal
Pos. Tol.,POS_13,PTOL,1.152,0.000,1.152,0.000,4.000,,CIR_13/NOMINAL - CS_ABC_BF_SURFACE - C-Zone - XYZ - Nominal
Pos. Tol.,POS_14,PTOL,1.386,0.000,1.386,0.000,4.000,,CIR_14/NOMINAL - CS_ABC_BF_SURFACE - C-Zone - XYZ - Nominal
Pos. Tol.,POS_2D_11,PTOL,0.408,0.000,0.408,0.000,0.650,,2D_CIR_11/NOMINAL - CS_DE_BF - C-Zone - YZ - Nominal
Pos. Tol.,POS_2D_12,PTOL,0.575,0.000,0.575,0.000,0.650,,2D_CIR_12/NOMINAL - CS_DE_BF - C-Zone - YZ - Nominal
Pos. Tol.,POS_2D_13,PTOL,0.335,0.000,0.335,0.000,0.650,,2D_CIR_13/NOMINAL - CS_DE_BF - C-Zone - YZ - Nominal
Pos. Tol.,POS_2D_14,PTOL,0.376,0.000,0.376,0.000,0.650,,2D_CIR_14/NOMINAL - CS_DE_BF - C-Zone - YZ - Nominal
Pos. Tol.,POS_15,PTOL,2.335,0.000,2.335,0.000,4.000,,CIR_15/NOMINAL - CS_ABC_BF_SURFACE - C-Zone - YZ - Nominal
Pos. Tol.,POS_16,PTOL,2.754,0.000,2.754,0.000,4.000,,CIR_16/NOMINAL - CS_ABC_BF_SURFACE - C-Zone - YZ - Nominal
Pos. Tol.,POS_17,PTOL,1.306,0.000,1.306,0.000,3.000,,CIR_17/NOMINAL - CS_ABC_BF_SURFACE - C-Zone - XZ - Nominal
Pos. Tol.,POS_18,PTOL,1.410,0.000,1.410,0.000,3.000,,CIR_18/NOMINAL - CS_ABC_BF_SURFACE - C-Zone - XYZ - Nominal
Pos. Tol.,POS_19,PTOL,0.945,0.000,0.945,0.000,3.000,,CIR_19/NOMINAL - CS_ABC_BF_SURFACE - C-Zone - XYZ - Nominal
Pos. Tol.,POS_20,PTOL,1.928,0.000,1.928,0.000,3.000,,CIR_20/NOMINAL - CS_ABC_BF_SURFACE - C-Zone - XZ - Nominal
Pos. Tol.,POS_21,PTOL,0.547,0.000,0.547,0.000,3.000,,CIR_21/NOMINAL - CS_ABC_BF_SURFACE - C-Zone - XZ - Nominal
Pos. Tol.,POS_22,PTOL,0.164,0.000,0.164,0.000,3.000,,CIR_22/NOMINAL - CS_21_22 - C-Zone - XZ - Nominal
Pos. Tol.,POS_23,PTOL,1.999,0.000,1.999,0.000,3.000,,CIR_23/NOMINAL - CS_ABC_BF_SURFACE - C-Zone - XZ - Nominal
Pos. Tol.,POS_24,PTOL,0.528,0.000,0.528,0.000,3.000,,CIR_24/NOMINAL - CS_23_24 - C-Zone - XZ - Nominal
Pos. Tol.,POS_25,PTOL,1.599,0.000,1.599,0.000,3.000,,CIR_25/NOMINAL - CS_ABC_BF_SURFACE - C-Zone - YZ - Nominal
Pos. Tol.,POS_26,PTOL,1.241,0.000,1.241,0.000,3.000,,CIR_26/NOMINAL - CS_ABC_BF_SURFACE - C-Zone - XZ - Nominal
Distance,PROF_15,X,62.806,62.200,0.606,-2.000,2.000,,CIR_15 - ORIGIN / CS_ABC_BF_SURFACE
Distance,PROF_16,X,62.891,62.190,0.701,-2.000,2.000,,CIR_16 - ORIGIN / CS_ABC_BF_SURFACE
Distance,PROF_17,Y,154.821,156.000,-1.179,-1.500,1.500,,CIR_17 - ORIGIN / CS_ABC_BF_SURFACE
Distance,PROF_20,Y,138.141,139.000,-0.859,-1.500,1.500,,CIR_20 - ORIGIN / CS_ABC_BF_SURFACE
Distance,PROF_21,Y,128.272,129.000,-0.728,-1.500,1.500,,CIR_21 - ORIGIN / CS_ABC_BF_SURFACE
Distance,PROF_22,Y,128.384,128.432,-0.048,-1.500,1.500,,CIR_22 - ORIGIN / CS_ABC_BF_SURFACE
Distance,PROF_23,Y,176.550,177.500,-0.950,-1.500,1.500,,CIR_23 - ORIGIN / CS_ABC_BF_SURFACE
Distance,PROF_24,Y,176.533,177.622,-1.089,-1.500,1.500,,CIR_24 - ORIGIN / CS_ABC_BF_SURFACE
Distance,PROF_25,X,49.931,49.400,0.531,-1.500,1.500,,CIR_25 - ORIGIN / CS_ABC_BF_SURFACE
Distance,PROF_26,Y,96.997,98.000,-1.003,-1.500,1.500,,CIR_26 - ORIGIN / CS_ABC_BF_SURFACE
Angle,ANG_SPIN_WELD,ZoX,-0.525,0.000,-0.525,-1.000,1.000,,CYL_7 - Z-AXIS / CS_ABC_BF_SURFACE
Profile of Line,OP1_PROF_INSIDE_PORT,PRFL,0.680,0.000,0.680,0.000,1.000,,OP1_SRF_IN_PORT
Profile of Line,OP2_PROF_INSIDE_PORT,PRFL,0.312,0.000,0.312,0.000,1.000,,OP2_SRF_IN_PORT
Profile of Line,OP3_PROF_INSIDE_PORT,PRFL,0.627,0.000,0.627,0.000,1.000,,OP3_SRF_IN_PORT
Profile of Line,OP4_PROF_INSIDE_PORT,PRFL,1.078,0.000,1.078,0.000,1.000,0.078,OP4_SRF_IN_PORT
