Feat. Type,Feat. Name,Value,Actual,Nominal,Dev.,Tol-,Tol+,Out of Tol.,Comment
Text/Value,VAR_PROGRAM,VAL,,,,,,,'N:\Metrolog XG\Programmes\Ford 2L GTDI\Ford 2L GTDI Complete (Module 51).gm2'
Text/Value,VAR_EVENEMENT,VAL,,,,,,,'Demarrage'
Text/Value,VAR_COMMENTAIRES,VAL,,,,,,,'277A'
Circle,CIR1,X,-183.890,-184.000,0.110,,,,From 4 Pts On PL_FIXTURE
Circle,CIR1,Z,40.259,40.000,0.260,,,,
Pos. Tol.,POS_1,PTOL,0.564,0.000,0.564,0.000,1.000,,CIR1/NOMINAL - CS_ABC - C-Zone - XZ - Nominal
Circle,CIR2,X,0.221,0.000,0.221,,,,From 4 Pts On PL_FIXTURE
Circle,CIR2,Z,32.831,33.000,-0.168,,,,
Pos. Tol.,POS_2,PTOL,0.555,0.000,0.555,0.000,1.000,,CIR2/NOMINAL - CS_ABC - C-Zone - XZ - Nominal
Circle,CIR3,X,189.635,189.500,0.136,,,,From 4 Pts On PL_FIXTURE
Circle,CIR3,Z,31.855,32.000,-0.145,,,,
Pos. Tol.,POS_3,PTOL,0.396,0.000,0.396,0.000,1.000,,CIR3/NOMINAL - CS_ABC - C-Zone - XZ - Nominal
Circle,CIR4,X,96.191,96.000,0.190,,,,From 4 Pts On PL_FIXTURE
Circle,CIR4,Z,0.134,-0.000,0.134,,,,
Pos. Tol.,POS_4,PTOL,0.466,0.000,0.466,0.000,1.000,,CIR4/NOMINAL - CS_ABC - C-Zone - XZ - Nominal
Circle,CIR5,X,-95.829,-96.000,0.171,,,,From 4 Pts On PL_FIXTURE
Circle,CIR5,Z,0.253,-0.000,0.253,,,,
Pos. Tol.,POS_5,PTOL,0.612,0.000,0.612,0.000,1.000,,CIR5/NOMINAL - CS_ABC - C-Zone - XZ - Nominal
Distance,WIDTH_TB1,D1,3.109,3.000,0.109,-0.150,0.150,,P0W2.5_1.1 - PIW2.5_1.1 / CS_A_18
Distance,WIDTH_TB2,D1,3.006,3.000,0.006,-0.150,0.150,,P0W2.5_1.2 - PIW2.5_1.2 / CS_A_18
Distance,WIDTH_TB3,D1,3.028,3.000,0.028,-0.150,0.150,,P0W2.5_1.3 - PIW2.5_1.3 / CS_A_18
Distance,WIDTH_TB4,D1,3.036,3.000,0.036,-0.150,0.150,,P0W2.5_1.4 - PIW2.5_1.4 / CS_A_18
Distance,WIDTH_TB5,D1,3.039,3.000,0.039,-0.150,0.150,,P0W2.5_1.5 - PIW2.5_1.5 / CS_A_18
Distance,WIDTH_TB6,D1,2.955,3.000,-0.045,-0.150,0.150,,P0W2.5_1.6 - PIW2.5_1.6 / CS_A_18
Distance,WIDTH_TB7,D1,2.967,3.000,-0.033,-0.150,0.150,,P0W2.5_1.7 - PIW2.5_1.7 / CS_A_18
Distance,WIDTH_TB8,D1,3.030,3.000,0.030,-0.150,0.150,,P0W2.5_1.8 - PIW2.5_1.8 / CS_A_18
Distance,WIDTH_TB9,D1,3.007,3.000,0.007,-0.150,0.150,,P0W2.5_1.9 - PIW2.5_1.9 / CS_A_18
Distance,WIDTH_TB10,D1,3.014,3.000,0.014,-0.150,0.150,,P0W2.5_1.10 - PIW2.5_1.10 / CS_A_18
Distance,WIDTH_TB11,D1,3.003,3.000,0.003,-0.150,0.150,,P0W2.5_1.11 - PIW2.5_1.11 / CS_A_18
Distance,WIDTH_TB12,D1,3.058,3.000,0.058,-0.150,0.150,,P0W2.5_1.12 - PIW2.5_1.12 / CS_A_18
Distance,WIDTH_TB13,D1,3.044,3.000,0.044,-0.150,0.150,,P0W2.5_1.13 - PIW2.5_1.13 / CS_A_18
Distance,WIDTH_TB14,D1,3.045,3.000,0.045,-0.150,0.150,,P0W2.5_1.14 - PIW2.5_1.14 / CS_A_18
Distance,WIDTH_TB15,D1,3.040,3.000,0.040,-0.150,0.150,,P0W2.5_1.15 - PIW2.5_1.15 / CS_A_18
Distance,DEPTH_TB1,D1,4.541,4.500,0.041,-0.250,0.250,,PTB_BOT_1.1 - PL_D / CS_A_18
Distance,DEPTH_TB2,D1,4.489,4.500,-0.011,-0.250,0.250,,PTB_BOT_1.2 - PL_D / CS_A_18
Distance,DEPTH_TB3,D1,4.412,4.500,-0.088,-0.250,0.250,,PTB_BOT_1.3 - PL_D / CS_A_18
Distance,DEPTH_TB4,D1,4.436,4.500,-0.064,-0.250,0.250,,PTB_BOT_1.4 - PL_D / CS_A_18
Distance,DEPTH_TB5,D1,4.467,4.500,-0.033,-0.250,0.250,,PTB_BOT_1.5 - PL_D / CS_A_18
Distance,DEPTH_TB6,D1,4.457,4.500,-0.043,-0.250,0.250,,PTB_BOT_1.6 - PL_D / CS_A_18
Distance,DEPTH_TB7,D1,4.389,4.500,-0.111,-0.250,0.250,,PTB_BOT_1.7 - PL_D / CS_A_18
Distance,DEPTH_TB8,D1,4.264,4.500,-0.236,-0.250,0.250,,PTB_BOT_1.8 - PL_D / CS_A_18
Distance,DEPTH_TB9,D1,4.229,4.500,-0.271,-0.250,0.250,-0.021,PTB_BOT_1.9 - PL_D / CS_A_18
Distance,DEPTH_TB10,D1,4.287,4.500,-0.213,-0.250,0.250,,PTB_BOT_1.10 - PL_D / CS_A_18
Distance,DEPTH_TB11,D1,4.346,4.500,-0.154,-0.250,0.250,,PTB_BOT_1.11 - PL_D / CS_A_18
Distance,DEPTH_TB12,D1,4.433,4.500,-0.067,-0.250,0.250,,PTB_BOT_1.12 - PL_D / CS_A_18
Distance,DEPTH_TB13,D1,4.470,4.500,-0.030,-0.250,0.250,,PTB_BOT_1.13 - PL_D / CS_A_18
Distance,DEPTH_TB14,D1,4.487,4.500,-0.013,-0.250,0.250,,PTB_BOT_1.14 - PL_D / CS_A_18
Distance,DEPTH_TB15,D1,4.560,4.500,0.060,-0.250,0.250,,PTB_BOT_1.15 - PL_D / CS_A_18
Circle,CIR_B,DIAM,7.780,7.800,-0.020,-0.100,0.100,,Criterion : Least Square (From 16 Pts On PL_FIXTURE) 
Circle,CIR_B,X,0.000,0.000,0.000,,,,
Circle,CIR_B,Z,0.000,0.000,0.000,,,,
Circle,CIR_A,DIAM,65.196,65.000,0.196,-0.500,0.500,,Criterion : Least Square (From 12 Pts On PL_D) 
Circle,CIR_A,X,0.179,-0.000,0.179,,,,
Circle,CIR_A,Y,133.096,133.293,-0.197,,,,
Circle,CIR_A,Z,195.609,195.188,0.421,,,,
Circle,CIR_18,X,32.547,32.500,0.047,,,,Criterion : Least Square (From 6 Pts On PL_INS_18) 
Circle,CIR_18,Y,165.593,165.616,-0.023,,,,
Circle,CIR_18,Z,199.054,198.583,0.471,,,,
Circle,CIR_19,X,32.426,32.500,-0.073,,,,Criterion : Least Square (From 6 Pts On PL_INS_19) 
Circle,CIR_19,Y,101.024,101.325,-0.301,,,,
Circle,CIR_19,Z,192.390,191.830,0.560,,,,
Circle,CIR_16,X,-32.636,-32.500,-0.136,,,,Criterion : Least Square (From 6 Pts On PL_INS_16) 
Circle,CIR_16,Y,101.212,101.325,-0.113,,,,
Circle,CIR_16,Z,192.331,191.830,0.501,,,,
Circle,CIR_17,X,-32.471,-32.500,0.029,,,,Criterion : Least Square (From 6 Pts On PL_INS_17) 
Circle,CIR_17,Y,165.810,165.615,0.194,,,,
Circle,CIR_17,Z,198.708,198.583,0.125,,,,
Circle,CIR_8,DIAM,9.493,9.500,-0.007,-0.070,0.050,,Inters. PL_PLAST_8 - CYL_8.
Circle,CIR_8,Y,136.665,136.940,-0.275,,,,
Circle,CIR_8,Z,156.077,156.400,-0.323,,,,
Circle,CIR_7,DIAM,14.709,14.700,0.009,-0.050,0.050,,Criterion : Least Square (From 24 Pts On PL_PLAST_7) 
Circle,CIR_7,X,-0.070,-0.000,-0.069,,,,
Circle,CIR_7,Y,75.438,75.110,0.328,,,,
Circle,CIR_7,Z,156.312,155.070,1.242,,,,
Circle,CIR_6,DIAM,24.507,24.500,0.007,-0.100,0.100,,Criterion : Least Square (From 24 Pts On PL_PLAST_6_11_12) 
Circle,CIR_6,X,114.174,113.730,0.444,,,,
Circle,CIR_6,Z,134.785,134.240,0.545,,,,
Circle,CIR_11,DIAM,6.697,6.700,-0.003,-0.100,0.100,,Criterion : Least Square (From 8 Pts On PL_PLAST_6_11_12) 
Circle,CIR_11,X,124.332,124.270,0.062,,,,
Circle,CIR_11,Z,110.979,110.660,0.320,,,,
Circle,CIR_9,DIAM,6.660,6.700,-0.040,-0.100,0.100,,Criterion : Least Square (From 8 Pts On PL_PLAST_9_10) 
Circle,CIR_9,X,-100.533,-99.660,-0.873,,,,
Circle,CIR_9,Z,121.676,120.900,0.776,,,,
Circle,CIR_14,DIAM,12.173,12.050,0.123,-0.080,0.080,0.043,Criterion : Least Square (From 20 Pts On PL_DATUM_J) 
Circle,CIR_14,X,-70.004,-69.900,-0.103,,,,
Circle,CIR_14,Z,87.985,88.150,-0.165,,,,
Circle,CIR_24,DIAM,6.685,6.600,0.085,-0.200,0.400,,Criterion : Least Square (From 10 Pts On PL_PLAST_24) 
Circle,CIR_24,X,44.346,44.500,-0.154,,,,
Circle,CIR_24,Z,127.059,126.700,0.359,,,,
Circle,2D_CIR_15,DIAM,5.036,5.000,0.036,-0.100,0.100,,
Circle,2D_CIR_15,X,3.124,3.040,0.084,,,,
Circle,2D_CIR_15,Z,17.226,17.250,-0.024,,,,
Circle,2D_CIR_22,DIAM,5.028,5.000,0.028,-0.100,0.100,,
Circle,2D_CIR_22,X,-4.876,-4.840,-0.036,,,,
Circle,2D_CIR_22,Z,19.378,19.410,-0.032,,,,
Circle,2D_CIR_18,X,32.457,32.500,-0.043,,,,
Circle,2D_CIR_18,Y,32.509,32.500,0.009,,,,
Circle,2D_CIR_19,X,32.498,32.500,-0.002,,,,
Circle,2D_CIR_19,Y,-32.403,-32.500,0.097,,,,
Circle,2D_CIR_16,X,-32.564,-32.500,-0.064,,,,
Circle,2D_CIR_16,Y,-32.384,-32.500,0.116,,,,
Circle,2D_CIR_17,X,-32.562,-32.500,-0.062,,,,
Circle,2D_CIR_17,Y,32.528,32.500,0.028,,,,
Distance,OP1_WIDTH_1,D1,3.081,2.930,0.151,-0.200,0.200,,OP1_P3 - OP1_P7 / OP1_CS
Distance,OP1_WIDTH_2,D1,2.936,2.930,0.006,-0.200,0.200,,OP1_P11 - OP1_P15 / OP1_CS
Distance,OP1_WIDTH_3,D1,2.925,2.930,-0.005,-0.200,0.200,,OP1_P19 - OP1_P23 / OP1_CS
Distance,OP1_WIDTH_4,D1,2.810,2.930,-0.120,-0.200,0.200,,OP1_P27 - OP1_P31 / OP1_CS
Distance,OP1_WIDTH_5,D1,2.951,2.930,0.021,-0.200,0.200,,OP1_P35 - OP1_P39 / OP1_CS
Distance,OP1_WIDTH_6,D1,2.946,2.930,0.016,-0.200,0.200,,OP1_P42 - OP1_P46 / OP1_CS
Distance,OP1_DEPTH_1,Y,4.584,4.500,0.084,-0.250,0.250,,OP1_P5 - PL_FIXTURE / OP1_CS
Distance,OP1_DEPTH_2,Y,4.552,4.500,0.052,-0.250,0.250,,OP1_P13 - PL_FIXTURE / OP1_CS
Distance,OP1_DEPTH_3,Y,4.479,4.500,-0.021,-0.250,0.250,,OP1_P21 - PL_FIXTURE / OP1_CS
Distance,OP1_DEPTH_4,Y,4.631,4.500,0.131,-0.250,0.250,,OP1_P29 - PL_FIXTURE / OP1_CS
Distance,OP1_DEPTH_5,Y,4.556,4.500,0.056,-0.250,0.250,,OP1_P37 - PL_FIXTURE / OP1_CS
Distance,OP1_DEPTH_6,Y,4.534,4.500,0.034,-0.250,0.250,,OP1_P44 - PL_FIXTURE / OP1_CS
Distance,OP2_WIDTH_1,D1,3.081,2.930,0.151,-0.200,0.200,,OP2_P3 - OP2_P7 / OP2_CS
Distance,OP2_WIDTH_2,D1,2.994,2.930,0.064,-0.200,0.200,,OP2_P11 - OP2_P15 / OP2_CS
Distance,OP2_WIDTH_3,D1,3.007,2.930,0.077,-0.200,0.200,,OP2_P19 - OP2_P23 / OP2_CS
Distance,OP2_WIDTH_4,D1,3.023,2.930,0.093,-0.200,0.200,,OP2_P27 - OP2_P31 / OP2_CS
Distance,OP2_WIDTH_5,D1,2.988,2.930,0.058,-0.200,0.200,,OP2_P35 - OP2_P39 / OP2_CS
Distance,OP2_WIDTH_6,D1,2.929,2.930,-0.001,-0.200,0.200,,OP2_P42 - OP2_P46 / OP2_CS
Distance,OP2_DEPTH_1,Y,4.602,4.500,0.102,-0.250,0.250,,OP2_P5 - PL_FIXTURE / OP2_CS
Distance,OP2_DEPTH_2,Y,4.461,4.500,-0.039,-0.250,0.250,,OP2_P13 - PL_FIXTURE / OP2_CS
Distance,OP2_DEPTH_3,Y,4.470,4.500,-0.030,-0.250,0.250,,OP2_P21 - PL_FIXTURE / OP2_CS
Distance,OP2_DEPTH_4,Y,4.502,4.500,0.002,-0.250,0.250,,OP2_P29 - PL_FIXTURE / OP2_CS
Distance,OP2_DEPTH_5,Y,4.576,4.500,0.076,-0.250,0.250,,OP2_P37 - PL_FIXTURE / OP2_CS
Distance,OP2_DEPTH_6,Y,4.618,4.500,0.118,-0.250,0.250,,OP2_P44 - PL_FIXTURE / OP2_CS
Distance,OP3_WIDTH_1,D1,3.055,2.930,0.125,-0.200,0.200,,OP3_P3 - OP3_P7 / OP3_CS
Distance,OP3_WIDTH_2,D1,2.961,2.930,0.031,-0.200,0.200,,OP3_P11 - OP3_P15 / OP3_CS
Distance,OP3_WIDTH_3,D1,2.950,2.930,0.020,-0.200,0.200,,OP3_P19 - OP3_P23 / OP3_CS
Distance,OP3_WIDTH_4,D1,2.980,2.930,0.050,-0.200,0.200,,OP3_P27 - OP3_P31 / OP3_CS
Distance,OP3_WIDTH_5,D1,2.989,2.930,0.059,-0.200,0.200,,OP3_P35 - OP3_P39 / OP3_CS
Distance,OP3_WIDTH_6,D1,2.962,2.930,0.032,-0.200,0.200,,OP3_P42 - OP3_P46 / OP3_CS
Distance,OP3_DEPTH_1,Y,4.628,4.500,0.128,-0.250,0.250,,OP3_P5 - PL_FIXTURE / OP3_CS
Distance,OP3_DEPTH_2,Y,4.456,4.500,-0.044,-0.250,0.250,,OP3_P13 - PL_FIXTURE / OP3_CS
Distance,OP3_DEPTH_3,Y,4.436,4.500,-0.064,-0.250,0.250,,OP3_P21 - PL_FIXTURE / OP3_CS
Distance,OP3_DEPTH_4,Y,4.601,4.500,0.101,-0.250,0.250,,OP3_P29 - PL_FIXTURE / OP3_CS
Distance,OP3_DEPTH_5,Y,4.623,4.500,0.123,-0.250,0.250,,OP3_P37 - PL_FIXTURE / OP3_CS
Distance,OP3_DEPTH_6,Y,4.648,4.500,0.148,-0.250,0.250,,OP3_P44 - PL_FIXTURE / OP3_CS
Distance,OP4_WIDTH_1,D1,2.948,2.930,0.018,-0.200,0.200,,OP4_P3 - OP4_P7 / OP4_CS
Distance,OP4_WIDTH_2,D1,2.908,2.930,-0.022,-0.200,0.200,,OP4_P11 - OP4_P15 / OP4_CS
Distance,OP4_WIDTH_3,D1,2.905,2.930,-0.025,-0.200,0.200,,OP4_P19 - OP4_P23 / OP4_CS
Distance,OP4_WIDTH_4,D1,3.056,2.930,0.126,-0.200,0.200,,OP4_P27 - OP4_P31 / OP4_CS
Distance,OP4_WIDTH_5,D1,3.012,2.930,0.082,-0.200,0.200,,OP4_P35 - OP4_P39 / OP4_CS
Distance,OP4_WIDTH_6,D1,2.989,2.930,0.059,-0.200,0.200,,OP4_P42 - OP4_P46 / OP4_CS
Distance,OP4_DEPTH_1,Y,4.501,4.500,0.001,-0.250,0.250,,OP4_P5 - PL_FIXTURE / OP4_CS
Distance,OP4_DEPTH_2,Y,4.398,4.500,-0.102,-0.250,0.250,,OP4_P13 - PL_FIXTURE / OP4_CS
Distance,OP4_DEPTH_3,Y,4.484,4.500,-0.016,-0.250,0.250,,OP4_P21 - PL_FIXTURE / OP4_CS
Distance,OP4_DEPTH_4,Y,4.650,4.500,0.150,-0.250,0.250,,OP4_P29 - PL_FIXTURE / OP4_CS
Distance,OP4_DEPTH_5,Y,4.597,4.500,0.097,-0.250,0.250,,OP4_P37 - PL_FIXTURE / OP4_CS
Distance,OP4_DEPTH_6,Y,4.587,4.500,0.087,-0.250,0.250,,OP4_P44 - PL_FIXTURE / OP4_CS
Distance,WIDTH_C,D1,7.390,7.200,0.190,-0.500,0.500,,SRF_C_TOP - SRF_C_DOWN / CS_ABC
Distance,PROF_6,D1,90.697,92.400,-1.703,-2.000,2.000,,CIR_6 - PL_FIXTURE / CS_ABC
Distance,PROF_8,X,-84.251,-84.800,0.549,-2.000,2.000,,CIR_8 - ORIGIN / CS_ABC
Distance,PROF_14,D1,173.120,173.830,-0.710,-1.500,1.500,,CIR_14 - PL_FIXTURE / CS_ABC
Distance,H_18,Z,0.201,0.000,0.201,0.000,0.500,,CIR_18 - PL_PLAST_18 / CS_DE_BF
Distance,H_19,Z,0.169,-0.000,0.169,0.000,0.500,,CIR_19 - PL_PLAST_19 / CS_DE_BF
Distance,H_16,Z,0.140,-0.000,0.140,0.000,0.500,,CIR_16 - PL_PLAST_16 / CS_DE_BF
Distance,H_17,Z,0.183,0.000,0.183,0.000,0.500,,CIR_17 - PL_PLAST_17 / CS_DE_BF
Distance,PROF_24,D1,174.070,174.700,-0.630,-2.000,2.000,,CIR_24 - PL_FIXTURE / CS_ABC
Point,PNT_C_PRJ_FIXT,X,185.066,185.000,0.066,,,,Proj. PNT_MID_C / PL_FIXTURE.
Sphere,SPHERE_27,X,209.254,209.870,-0.616,,,,From 21 Features
Sphere,SPHERE_27,Y,118.041,118.660,-0.619,,,,
Sphere,SPHERE_27,Z,-28.929,-29.080,0.151,,,,
Sphere,SPHERE_28,X,-194.713,-194.800,0.087,,,,From 26 Features
Sphere,SPHERE_28,Y,73.885,74.950,-1.065,,,,
Sphere,SPHERE_28,Z,-45.698,-44.600,-1.098,,,,
Pos. Tol.,POS_B,PTOL,0.000,0.000,0.000,0.000,0.300,,CIR_B/NOMINAL - CS_ABC - C-Zone - XZ - Nominal
Pos. Tol.,POS_C,PTOL,0.131,0.000,0.131,0.000,0.500,,PNT_C_PRJ_FIXT/NOMINAL - CS_ABC - P-Zone - X - Nominal
Pos. Tol.,POS_6,PTOL,1.406,0.000,1.406,0.000,3.000,,CIR_6/NOMINAL - CS_ABC - C-Zone - XZ - Nominal
Pos. Tol.,POS_7,PTOL,2.573,0.000,2.573,0.000,3.000,,CIR_7/NOMINAL - CS_ABC - C-Zone - XYZ - Nominal
Pos. Tol.,POS_8,PTOL,0.847,0.000,0.847,0.000,3.000,,CIR_8/NOMINAL - CS_ABC - C-Zone - YZ - Nominal
Pos. Tol.,POS_9,PTOL,2.336,0.000,2.336,0.000,3.000,,CIR_9/NOMINAL - CS_ABC - C-Zone - XZ - Nominal
Pos. Tol.,POS_2D_10,PTOL,0.026,0.000,0.026,0.000,0.500,,SLOT_10/NOMINAL - CS_G - C-Zone - XZ - Nominal
Pos. Tol.,POS_11,PTOL,0.651,0.000,0.651,0.000,3.000,,CIR_11/NOMINAL - CS_ABC - C-Zone - XZ - Nominal
Pos. Tol.,POS_14,PTOL,0.390,0.000,0.390,0.000,3.000,,CIR_14/NOMINAL - CS_ABC - C-Zone - XZ - Nominal
Pos. Tol.,POS_A,PTOL,0.997,0.000,0.997,0.000,3.000,,CIR_A/NOMINAL - CS_ABC - C-Zone - XYZ - Nominal
Pos. Tol.,POS_16,PTOL,1.063,0.000,1.063,0.000,3.000,,CIR_16/NOMINAL - CS_ABC - C-Zone - XYZ - Nominal
Pos. Tol.,POS_17,PTOL,0.465,0.000,0.465,0.000,3.000,,CIR_17/NOMINAL - CS_ABC - C-Zone - XYZ - Nominal
Pos. Tol.,POS_18,PTOL,0.948,0.000,0.948,0.000,3.000,,CIR_18/NOMINAL - CS_ABC - C-Zone - XYZ - Nominal
Pos. Tol.,POS_19,PTOL,1.280,0.000,1.280,0.000,3.000,,CIR_19/NOMINAL - CS_ABC - C-Zone - XYZ - Nominal
Pos. Tol.,POS_2D_16,PTOL,0.266,0.000,0.266,0.000,0.500,,2D_CIR_16/NOMINAL - CS_DE_BF - C-Zone - XY - Nominal
Pos. Tol.,POS_2D_17,PTOL,0.136,0.000,0.136,0.000,0.500,,2D_CIR_17/NOMINAL - CS_DE_BF - C-Zone - XY - Nominal
Pos. Tol.,POS_2D_18,PTOL,0.087,0.000,0.087,0.000,0.500,,2D_CIR_18/NOMINAL - CS_DE_BF - C-Zone - XY - Nominal
Pos. Tol.,POS_2D_19,PTOL,0.194,0.000,0.194,0.000,0.500,,2D_CIR_19/NOMINAL - CS_DE_BF - C-Zone - XY - Nominal
Flatness,FLATNESS_D,FLTN,0.479,0.000,0.479,0.000,1.000,,PL_D
Pos. Tol.,POS_24,PTOL,0.781,0.000,0.781,0.000,3.000,,CIR_24/NOMINAL - CS_ABC - C-Zone - XZ - Nominal
Pos. Tol.,POS_27,PTOL,1.771,0.000,1.771,0.000,3.000,,SPHERE_27/NOMINAL - CS_ABC - C-Zone - XYZ - Nominal
Pos. Tol.,POS_28,PTOL,3.063,0.000,3.063,0.000,3.500,,SPHERE_28/NOMINAL - CS_ABC - C-Zone - XYZ - Nominal
Pos. Tol.,POS_2D_12,PTOL,0.095,0.000,0.095,0.000,0.500,,2D_SLOT_12/NOMINAL - CS_H - C-Zone - XZ - Nominal
Pos. Tol.,POS_2D_15,PTOL,0.175,0.000,0.175,0.000,0.500,,2D_CIR_15/NOMINAL - CS_JF_BF - C-Zone - XZ - Nominal
Pos. Tol.,POS_2D_22,PTOL,0.096,0.000,0.096,0.000,0.500,,2D_CIR_22/NOMINAL - CS_JF_BF - C-Zone - XZ - Nominal
Slot,SLOT_10,LEN,6.476,6.500,-0.024,-0.100,0.100,,Criterion : Least Square (From 24 Pts On PL_PLAST_9_10) 
Slot,SLOT_10,WID,5.705,5.700,0.005,-0.100,0.100,,
Slot,SLOT_10,X,12.887,12.900,-0.013,,,,
Slot,SLOT_10,Z,0.000,0.000,0.000,,,,
Slot,2D_SLOT_12,LEN,6.419,6.500,-0.081,-0.100,0.100,,
Slot,2D_SLOT_12,WID,5.656,5.700,-0.044,-0.100,0.100,,
Slot,2D_SLOT_12,X,-12.853,-12.900,0.047,,,,
Slot,2D_SLOT_12,Z,-0.000,0.000,-0.000,,,,
