Feat. Type,Feat. Name,Value,Actual,Nominal,Dev.,Tol-,Tol+,Out of Tol.,Comment
Text/Value,VAR_PROGRAM,VAL,,,,,,,'N:\Metrolog XG\Programmes\GMI 700\GMI 700 Moule 1 Complete Module 51.gm2'
Text/Value,VAR_EVENEMENT,VAL,,,,,,,'fip  5442'
Text/Value,VAR_COMMENTAIRES,VAL,,,,,,,'298c'
Text/Value,SRF_A,VAL,0.318143,0.000000,0.318143,0.000000,0.500000,,
Circle,CIR_B,DIAM,9.885,9.850,0.035,-0.100,0.100,,Criterion : Least Square (From 4 Pts On PL_FIXTURE) 
Distance,DIAMETRE_C,D1,9.879,9.900,-0.021,-0.100,0.100,,SRF_C_TOP - SRF_C_DOWN / CS_ABC
Point,PNT_C_PRJ_FIXT,X,-141.646,-142.000,0.354,,,,Proj. PNT_MID_C / PL_FIXTURE.
Point,PNT_C_PRJ_FIXT,Z,-45.886,-46.000,0.114,,,,
Pos. Tol.,POS_C,PTOL,0.743,0.000,0.743,0.000,1.400,,PNT_C_PRJ_FIXT/NOMINAL - CS_ABC - C-Zone - XZ - Nominal
Circle,CIR1,X,-228.426,-228.500,0.074,,,,From 4 Pts On PL_FIXTURE
Circle,CIR1,Z,-78.362,-78.000,-0.361,,,,
Pos. Tol.,POS_1,PTOL,0.738,0.000,0.738,0.000,1.500,,CIR1/NOMINAL - CS_ABC - C-Zone - XZ - Nominal
Circle,CIR2,X,-125.217,-125.500,0.283,,,,From 4 Pts On PL_FIXTURE
Circle,CIR2,Z,-78.508,-78.000,-0.508,,,,
Pos. Tol.,POS_2,PTOL,1.163,0.000,1.163,0.000,1.500,,CIR2/NOMINAL - CS_ABC - C-Zone - XZ - Nominal
Circle,CIR3,X,-22.208,-22.500,0.292,,,,From 4 Pts On PL_FIXTURE
Circle,CIR3,Z,-78.101,-78.000,-0.101,,,,
Pos. Tol.,POS_3,PTOL,0.618,0.000,0.618,0.000,1.500,,CIR3/NOMINAL - CS_ABC - C-Zone - XZ - Nominal
Circle,CIR4,X,86.559,86.500,0.059,,,,From 4 Pts On PL_FIXTURE
Circle,CIR4,Z,31.626,32.000,-0.374,,,,
Pos. Tol.,POS_4,PTOL,0.757,0.000,0.757,0.000,1.500,,CIR4/NOMINAL - CS_ABC - C-Zone - XZ - Nominal
Circle,CIR5,X,-16.447,-16.500,0.053,,,,From 4 Pts On PL_FIXTURE
Circle,CIR5,Z,31.631,32.000,-0.368,,,,
Pos. Tol.,POS_5,PTOL,0.744,0.000,0.744,0.000,1.500,,CIR5/NOMINAL - CS_ABC - C-Zone - XZ - Nominal
Circle,CIR6,X,-119.435,-119.500,0.065,,,,From 4 Pts On PL_FIXTURE
Circle,CIR6,Z,31.946,32.000,-0.053,,,,
Pos. Tol.,POS_6,PTOL,0.168,0.000,0.168,0.000,1.500,,CIR6/NOMINAL - CS_ABC - C-Zone - XZ - Nominal
Profile of Line,PROF_OP1,PRFL,1.116,0.000,1.116,0.000,1.500,,SCT_OP1
Profile of Line,OP1_PROF_INNER_WALL,PRFL,1.528,0.000,1.528,0.000,1.500,0.028,OP1_SRF_INNER_WALL
Profile of Line,OP1_PROF_OUTTER_WALL,PRFL,1.429,0.000,1.429,0.000,1.500,,OP1_SRF_OUTTER_WALL
Profile of Line,PROF_OP2,PRFL,0.700,0.000,0.700,0.000,1.500,,SCT_OP2
Profile of Line,OP2_PROF_INNER_WALL,PRFL,0.932,0.000,0.932,0.000,1.500,,OP2_SRF_INNER_WALL
Profile of Line,OP2_PROF_OUTTER_WALL,PRFL,0.888,0.000,0.888,0.000,1.500,,OP2_SRF_OUTTER_WALL
Profile of Line,PROF_OP3,PRFL,0.516,0.000,0.516,0.000,1.500,,SCT_OP3
Profile of Line,OP3_PROF_INNER_WALL,PRFL,0.514,0.000,0.514,0.000,1.500,,OP3_SRF_INNER_WALL
Profile of Line,OP3_PROF_OUTTER_WALL,PRFL,0.680,0.000,0.680,0.000,1.500,,OP3_SRF_OUTTER_WALL
Profile of Line,PROF_OP4,PRFL,0.776,0.000,0.776,0.000,1.500,,SCT_OP4
Profile of Line,OP4_PROF_INNER_WALL,PRFL,0.944,0.000,0.944,0.000,1.500,,OP4_SRF_INNER_WALL
Profile of Line,OP4_PROF_OUTTER_WALL,PRFL,0.811,0.000,0.811,0.000,1.500,,OP4_SRF_OUTTER_WALL
Profile of Line,PROF_OP5,PRFL,0.584,0.000,0.584,0.000,1.500,,SCT_OP5
Profile of Line,OP5_PROF_INNER_WALL,PRFL,0.647,0.000,0.647,0.000,1.500,,OP5_SRF_INNER_WALL
Profile of Line,OP5_PROF_OUTTER_WALL,PRFL,0.657,0.000,0.657,0.000,1.500,,OP5_SRF_OUTTER_WALL
Profile of Line,PROF_OP6,PRFL,1.253,0.000,1.253,0.000,1.500,,SCT_OP6
Profile of Line,OP6_PROF_INNER_WALL,PRFL,1.519,0.000,1.519,0.000,1.500,0.019,OP6_SRF_INNER_WALL
Profile of Line,OP6_PROF_OUTTER_WALL,PRFL,1.547,0.000,1.547,0.000,1.500,0.047,OP6_SRF_OUTTER_WALL
Distance,OP1_WIDTH_1,D1,2.964,3.000,-0.036,-0.150,0.150,,OP1_P2 - OP1_P3 / OP1_CS
Distance,OP1_WIDTH_5,D1,2.919,3.000,-0.081,-0.150,0.150,,OP1_P22 - OP1_P23 / OP1_CS
Distance,OP1_WIDTH_9,D1,2.984,3.000,-0.016,-0.150,0.150,,OP1_P42 - OP1_P43 / OP1_CS
Distance,OP1_WIDTH_12,D1,3.010,3.000,0.010,-0.150,0.150,,OP1_P57 - OP1_P58 / OP1_CS
Distance,OP1_DEPTH_1,Y,4.990,5.000,-0.010,-0.150,0.150,,OP1_P4 - PL_FIXTURE / OP1_CS
Distance,OP1_DEPTH_5,Y,5.066,5.000,0.066,-0.150,0.150,,OP1_P24 - PL_FIXTURE / OP1_CS
Distance,OP1_DEPTH_9,Y,5.117,5.000,0.117,-0.150,0.150,,OP1_P44 - PL_FIXTURE / OP1_CS
Distance,OP1_DEPTH_12,Y,5.042,5.000,0.042,-0.150,0.150,,OP1_P59 - PL_FIXTURE / OP1_CS
Distance,OP2_WIDTH_1,D1,3.000,3.000,-0.000,-0.200,0.200,,OP2_P2 - OP2_P3 / OP2_CS
Distance,OP2_WIDTH_5,D1,2.999,3.000,-0.001,-0.200,0.200,,OP2_P22 - OP2_P23 / OP2_CS
Distance,OP2_WIDTH_9,D1,3.015,3.000,0.015,-0.200,0.200,,OP2_P42 - OP2_P43 / OP2_CS
Distance,OP2_WIDTH_12,D1,3.024,3.000,0.024,-0.200,0.200,,OP2_P57 - OP2_P58 / OP2_CS
Distance,OP2_DEPTH_1,Y,4.963,5.000,-0.037,-0.150,0.150,,OP2_P4 - PL_FIXTURE / OP2_CS
Distance,OP2_DEPTH_5,Y,4.926,5.000,-0.074,-0.150,0.150,,OP2_P24 - PL_FIXTURE / OP2_CS
Distance,OP2_DEPTH_9,Y,5.076,5.000,0.076,-0.150,0.150,,OP2_P44 - PL_FIXTURE / OP2_CS
Distance,OP2_DEPTH_12,Y,5.024,5.000,0.024,-0.150,0.150,,OP2_P59 - PL_FIXTURE / OP2_CS
Distance,OP3_WIDTH_1,D1,2.989,3.000,-0.011,-0.200,0.200,,OP3_P2 - OP3_P3 / OP3_CS
Distance,OP3_WIDTH_5,D1,2.875,3.000,-0.125,-0.200,0.200,,OP3_P22 - OP3_P23 / OP3_CS
Distance,OP3_WIDTH_9,D1,3.020,3.000,0.020,-0.200,0.200,,OP3_P42 - OP3_P43 / OP3_CS
Distance,OP3_WIDTH_12,D1,2.999,3.000,-0.001,-0.200,0.200,,OP3_P57 - OP3_P58 / OP3_CS
Distance,OP3_DEPTH_1,Y,5.048,5.000,0.048,-0.150,0.150,,OP3_P4 - PL_FIXTURE / OP3_CS
Distance,OP3_DEPTH_5,Y,5.070,5.000,0.070,-0.150,0.150,,OP3_P24 - PL_FIXTURE / OP3_CS
Distance,OP3_DEPTH_9,Y,4.911,5.000,-0.089,-0.150,0.150,,OP3_P44 - PL_FIXTURE / OP3_CS
Distance,OP3_DEPTH_12,Y,5.057,5.000,0.057,-0.150,0.150,,OP3_P59 - PL_FIXTURE / OP3_CS
Distance,OP4_WIDTH_1,D1,2.893,3.000,-0.107,-0.200,0.200,,OP4_P2 - OP4_P3 / OP4_CS
Distance,OP4_WIDTH_5,D1,2.934,3.000,-0.066,-0.200,0.200,,OP4_P22 - OP4_P23 / OP4_CS
Distance,OP4_WIDTH_9,D1,2.908,3.000,-0.092,-0.200,0.200,,OP4_P42 - OP4_P43 / OP4_CS
Distance,OP4_WIDTH_12,D1,2.796,3.000,-0.204,-0.200,0.200,-0.004,OP4_P57 - OP4_P58 / OP4_CS
Distance,OP4_DEPTH_1,Y,5.065,5.000,0.065,-0.150,0.150,,OP4_P4 - PL_FIXTURE / OP4_CS
Distance,OP4_DEPTH_5,Y,4.873,5.000,-0.127,-0.150,0.150,,OP4_P24 - PL_FIXTURE / OP4_CS
Distance,OP4_DEPTH_9,Y,4.982,5.000,-0.018,-0.150,0.150,,OP4_P44 - PL_FIXTURE / OP4_CS
Distance,OP4_DEPTH_12,Y,5.070,5.000,0.070,-0.150,0.150,,OP4_P59 - PL_FIXTURE / OP4_CS
Distance,OP5_WIDTH_1,D1,3.001,3.000,0.001,-0.200,0.200,,OP5_P2 - OP5_P3 / OP5_CS
Distance,OP5_WIDTH_5,D1,2.999,3.000,-0.001,-0.200,0.200,,OP5_P22 - OP5_P23 / OP5_CS
Distance,OP5_WIDTH_9,D1,3.007,3.000,0.007,-0.200,0.200,,OP5_P42 - OP5_P43 / OP5_CS
Distance,OP5_WIDTH_12,D1,3.019,3.000,0.019,-0.200,0.200,,OP5_P57 - OP5_P58 / OP5_CS
Distance,OP5_DEPTH_1,Y,4.802,5.000,-0.198,-0.150,0.150,-0.048,OP5_P4 - PL_FIXTURE / OP5_CS
Distance,OP5_DEPTH_5,Y,5.047,5.000,0.047,-0.150,0.150,,OP5_P24 - PL_FIXTURE / OP5_CS
Distance,OP5_DEPTH_9,Y,4.880,5.000,-0.120,-0.150,0.150,,OP5_P44 - PL_FIXTURE / OP5_CS
Distance,OP5_DEPTH_12,Y,4.976,5.000,-0.024,-0.150,0.150,,OP5_P59 - PL_FIXTURE / OP5_CS
Distance,OP6_WIDTH_1,D1,3.035,3.000,0.035,-0.200,0.200,,OP6_P2 - OP6_P3 / OP6_CS
Distance,OP6_WIDTH_5,D1,2.998,3.000,-0.002,-0.200,0.200,,OP6_P22 - OP6_P23 / OP6_CS
Distance,OP6_WIDTH_9,D1,2.972,3.000,-0.028,-0.200,0.200,,OP6_P42 - OP6_P43 / OP6_CS
Distance,OP6_WIDTH_12,D1,3.029,3.000,0.029,-0.200,0.200,,OP6_P57 - OP6_P58 / OP6_CS
Distance,OP6_DEPTH_1,Y,5.027,5.000,0.027,-0.150,0.150,,OP6_P4 - PL_FIXTURE / OP6_CS
Distance,OP6_DEPTH_5,Y,5.097,5.000,0.097,-0.150,0.150,,OP6_P24 - PL_FIXTURE / OP6_CS
Distance,OP6_DEPTH_9,Y,4.919,5.000,-0.081,-0.150,0.150,,OP6_P44 - PL_FIXTURE / OP6_CS
Distance,OP6_DEPTH_12,Y,5.036,5.000,0.036,-0.150,0.150,,OP6_P59 - PL_FIXTURE / OP6_CS
Circle,CIR_A,DIAM,79.074,79.000,0.074,-0.500,0.500,,Criterion : Least Square (From 12 Pts On PL_D) 
Circle,CIR_A,X,96.498,96.049,0.449,,,,
Circle,CIR_A,Y,70.895,70.746,0.149,,,,
Circle,CIR_A,Z,113.860,114.049,-0.189,,,,
Pos. Tol.,POS_A,PTOL,1.019,0.000,1.019,0.000,4.000,,CIR_A/NOMINAL - CS_ABC - C-Zone - XYZ - Nominal
Circle,CIR_INS_11,X,90.888,90.385,0.503,,,,Criterion : Least Square (From 6 Pts On PL_INS_11) 
Circle,CIR_INS_11,Y,95.090,95.065,0.024,,,,
Circle,CIR_INS_11,Z,159.955,160.233,-0.278,,,,
Pos. Tol.,POS_11,PTOL,1.150,0.000,1.150,0.000,3.000,,CIR_INS_11/NOMINAL - CS_ABC - C-Zone - XYZ - Nominal
Circle,CIR_INS_12,X,116.132,115.649,0.484,,,,Criterion : Least Square (From 6 Pts On PL_INS_12) 
Circle,CIR_INS_12,Y,38.404,38.214,0.190,,,,
Circle,CIR_INS_12,Z,150.129,150.299,-0.170,,,,
Pos. Tol.,POS_12,PTOL,1.094,0.000,1.094,0.000,3.600,,CIR_INS_12/NOMINAL - CS_ABC - C-Zone - XYZ - Nominal
Circle,CIR_INS_13,X,101.919,102.615,-0.696,,,,Criterion : Least Square (From 6 Pts On PL_INS_13) 
Circle,CIR_INS_13,Y,46.789,46.845,-0.055,,,,
Circle,CIR_INS_13,Z,68.043,67.766,0.277,,,,
Pos. Tol.,POS_13,PTOL,1.502,0.000,1.502,0.000,3.000,,CIR_INS_13/NOMINAL - CS_ABC - C-Zone - XYZ - Nominal
Circle,CIR_INS_14,X,77.125,77.351,-0.227,,,,Criterion : Least Square (From 6 Pts On PL_INS_14) 
Circle,CIR_INS_14,Y,103.314,103.696,-0.382,,,,
Circle,CIR_INS_14,Z,77.665,77.701,-0.036,,,,
Pos. Tol.,POS_14,PTOL,0.891,0.000,0.891,0.000,3.000,,CIR_INS_14/NOMINAL - CS_ABC - C-Zone - XYZ - Nominal
Circle,2D_CIR_INS_11,Y,31.355,31.500,-0.145,,,,
Circle,2D_CIR_INS_11,Z,41.857,42.000,-0.143,,,,
Pos. Tol.,POS_2D_11,PTOL,0.407,0.000,0.407,0.000,0.800,,2D_CIR_INS_11/NOMINAL - CS_DE_BF - C-Zone - YZ - Nominal
Circle,2D_CIR_INS_12,Y,-31.470,-31.500,0.030,,,,
Circle,2D_CIR_INS_12,Z,41.962,42.000,-0.038,,,,
Pos. Tol.,POS_2D_12,PTOL,0.097,0.000,0.097,0.000,0.800,,2D_CIR_INS_12/NOMINAL - CS_DE_BF - C-Zone - YZ - Nominal
Circle,2D_CIR_INS_13,Y,-31.172,-31.500,0.328,,,,
Circle,2D_CIR_INS_13,Z,-41.767,-42.000,0.233,,,,
Pos. Tol.,POS_2D_13,PTOL,0.805,0.000,0.805,0.000,0.800,0.005,2D_CIR_INS_13/NOMINAL - CS_DE_BF - C-Zone - YZ - Nominal
Circle,2D_CIR_INS_14,Y,31.296,31.500,-0.204,,,,
Circle,2D_CIR_INS_14,Z,-41.981,-42.000,0.019,,,,
Pos. Tol.,POS_2D_14,PTOL,0.409,0.000,0.409,0.000,0.800,,2D_CIR_INS_14/NOMINAL - CS_DE_BF - C-Zone - YZ - Nominal
Distance,H_11,X,0.047,0.000,0.047,0.000,0.500,,CIR_INS_11 - PL_PLAST_INS_11 / CS_DE_BF
Distance,H_12,X,0.220,-0.000,0.220,0.000,0.500,,CIR_INS_12 - PL_PLAST_INS_12 / CS_DE_BF
Distance,H_13,X,0.064,-0.000,0.064,0.000,0.500,,CIR_INS_13 - PL_PLAST_INS_13 / CS_DE_BF
Distance,H_14,X,0.176,-0.000,0.176,0.000,0.500,,CIR_INS_14 - PL_PLAST_INS_14 / CS_DE_BF
Flatness,FLAT_D,FLTN,0.377,0.000,0.377,0.000,0.500,,PL_D
Distance,WIDTH_TB_2,D1,2.795,3.000,-0.205,-0.150,0.150,-0.055,0W2.5_1.2 - IW2.5_1.2 / CS_DE_BF
Distance,WIDTH_TB_4,D1,2.869,3.000,-0.131,-0.150,0.150,,0W2.5_1.4 - IW2.5_1.4 / CS_DE_BF
Distance,WIDTH_TB_6,D1,2.921,3.000,-0.079,-0.150,0.150,,0W2.5_1.6 - IW2.5_1.6 / CS_DE_BF
Distance,WIDTH_TB_7,D1,3.045,3.000,0.045,-0.150,0.150,,0W2.5_1.7 - IW2.5_1.7 / CS_DE_BF
Distance,DEPTH_TB_2,D1,4.740,5.000,-0.260,-0.250,0.250,-0.010,TB_BOT_1.2 - PL_D / CS_DE_BF
Distance,DEPTH_TB_4,D1,4.934,5.000,-0.066,-0.250,0.250,,TB_BOT_1.4 - PL_D / CS_DE_BF
Distance,DEPTH_TB_6,D1,4.542,5.000,-0.458,-0.250,0.250,-0.208,TB_BOT_1.6 - PL_D / CS_DE_BF
Distance,DEPTH_TB_7,D1,4.902,5.000,-0.098,-0.250,0.250,,TB_BOT_1.7 - PL_D / CS_DE_BF
Profile of Line,PROF_2D_IW_TB,PRFL,0.914,0.000,0.914,0.000,1.500,,SCT_2D_IW_TB
Circle,CIR_INS_15,X,31.007,29.890,1.117,,,,Criterion : Least Square (From 6 Pts On PL_PLAST_INS_15) 
Circle,CIR_INS_15,Y,44.402,44.400,0.002,,,,
Circle,CIR_INS_15,Z,205.141,204.750,0.391,,,,
Pos. Tol.,POS_15,PTOL,2.367,0.000,2.367,0.000,3.500,,CIR_INS_15/NOMINAL - CS_ABC - C-Zone - XYZ - Nominal
Circle,CIR_16_MID_GAGE,DIAM,12.101,12.170,-0.069,-0.100,0.100,,Proj. CIR_16_9MM / PL_PLAST_16.
Circle,CIR_16_MID_GAGE,X,30.996,29.988,1.008,,,,
Circle,CIR_16_MID_GAGE,Y,60.656,61.026,-0.370,,,,
Circle,CIR_16_MID_GAGE,Z,221.794,221.344,0.450,,,,
Pos. Tol.,POS_16,PTOL,2.329,0.000,2.329,0.000,3.500,,CIR_16_MID_GAGE/NOMINAL - CS_ABC - C-Zone - XYZ - Nominal
Distance,H_15,X,0.245,0.000,0.245,0.000,0.400,,CIR_INS_15 - PL_PLAST_16 / CS_15_16
Circle,2D_CIR_15,Y,-23.269,-23.500,0.231,,,,
Circle,2D_CIR_15,Z,-0.000,0.000,0.000,,,,
Pos. Tol.,POS_2D_15,PTOL,0.462,0.000,0.462,0.000,0.500,,2D_CIR_15/NOMINAL - CS_15_16 - C-Zone - YZ - Nominal
Circle,CIR_18,DIAM,12.950,13.000,-0.050,-0.100,0.100,,Inters. PL_PLAST_18 - CYL_18.
Circle,CIR_18,X,-85.704,-86.500,0.796,,,,
Circle,CIR_18,Y,73.098,74.000,-0.902,,,,
Pos. Tol.,POS_18,PTOL,2.406,0.000,2.406,0.000,2.500,,CIR_18/NOMINAL - CS_ABC - C-Zone - XY - Nominal
Distance,PROF_18,Z,176.114,176.000,0.114,-2.000,2.000,,CIR_18 - ORIGIN / CS_ABC
Circle,CIR_20,X,-274.406,-274.784,0.378,,,,Criterion : Least Square (From 6 Pts On PL_INS_20) 
Circle,CIR_20,Y,113.865,114.438,-0.574,,,,
Circle,CIR_20,Z,-19.505,-19.512,0.007,,,,
Pos. Tol.,POS_20,PTOL,1.374,0.000,1.374,0.000,3.000,,CIR_20/NOMINAL - CS_ABC - C-Zone - XYZ - Nominal
Circle,CIR_22,X,40.067,39.216,0.851,,,,Criterion : Least Square (From 6 Pts On PL_INS_22) 
Circle,CIR_22,Y,111.588,111.457,0.130,,,,
Circle,CIR_22,Z,200.337,200.504,-0.167,,,,
Pos. Tol.,POS_22,PTOL,1.753,0.000,1.753,0.000,3.000,,CIR_22/NOMINAL - CS_ABC - C-Zone - XYZ - Nominal
Circle,CIR_23,X,49.155,48.716,0.439,,,,Criterion : Least Square (From 6 Pts On PL_INS_23) 
Circle,CIR_23,Y,114.259,114.438,-0.179,,,,
Circle,CIR_23,Z,-19.290,-19.512,0.222,,,,
Pos. Tol.,POS_23,PTOL,1.047,0.000,1.047,0.000,3.000,,CIR_23/NOMINAL - CS_ABC - C-Zone - XYZ - Nominal
Distance,H_20,Y,-0.003,0.000,-0.003,0.000,0.500,-0.003,CIR_20 - PL_PLAST_20 / CS_20
Distance,H_22,Y,0.163,0.000,0.163,0.000,0.500,,CIR_22 - PL_PLAST_22 / CS_22
Distance,H_23,Y,0.168,-0.000,0.168,0.000,0.500,,CIR_23 - PL_PLAST_23 / CS_23
Angle,ANG_20,3D,28.741,28.000,0.741,-2.000,2.000,,PL_INS_22 - PL_FIXTURE / CS_20
Angle,ANG_22,3D,28.741,28.000,0.741,-2.000,2.000,,PL_INS_22 - PL_FIXTURE / CS_22
Angle,ANG_23,3D,28.657,28.000,0.657,-2.000,2.000,,PL_INS_23 - PL_FIXTURE / CS_23
Circle,2D_CIR_20,X,-323.526,-323.500,-0.026,,,,
Circle,2D_CIR_20,Z,-0.029,0.000,-0.029,,,,
Pos. Tol.,POS_2D_20,PTOL,0.079,0.000,0.079,0.000,1.250,,2D_CIR_20/NOMINAL - CS_23_BF - C-Zone - XZ - Nominal
Circle,2D_CIR_22,X,-9.499,-9.500,0.001,,,,
Circle,2D_CIR_22,Z,195.629,195.643,-0.014,,,,
Pos. Tol.,POS_2D_22,PTOL,0.028,0.000,0.028,0.000,1.250,,2D_CIR_22/NOMINAL - CS_23_BF - C-Zone - XZ - Nominal
Circle,2D_CIR_23,X,0.029,0.000,0.029,,,,
Circle,2D_CIR_23,Z,-0.000,0.000,-0.000,,,,
Pos. Tol.,POS_2D_23,PTOL,0.059,0.000,0.059,0.000,1.250,,2D_CIR_23/NOMINAL - CS_23_BF - C-Zone - XZ - Nominal
Circle,CIR_INS_21,X,-256.741,-257.000,0.259,,,,Criterion : Least Square (From 6 Pts On PL_INS_21) 
Circle,CIR_INS_21,Z,124.292,125.000,-0.708,,,,
Pos. Tol.,POS_21,PTOL,1.508,0.000,1.508,0.000,3.000,,CIR_INS_21/NOMINAL - CS_ABC - C-Zone - XZ - Nominal
Circle,CIR_29,X,29.159,28.699,0.460,,,,Criterion : Least Square (From 6 Pts On PL_INS_29) 
Circle,CIR_29,Z,12.585,12.480,0.105,,,,
Pos. Tol.,POS_29,PTOL,0.943,0.000,0.943,0.000,3.000,,CIR_29/NOMINAL - CS_ABC - C-Zone - XZ - Nominal
Circle,CIR_30,X,42.807,42.500,0.307,,,,Criterion : Least Square (From 6 Pts On PL_INS_30) 
Circle,CIR_30,Z,-161.748,-161.750,0.002,,,,
Pos. Tol.,POS_30,PTOL,0.614,0.000,0.614,0.000,3.000,,CIR_30/NOMINAL - CS_ABC - C-Zone - XZ - Nominal
Circle,CIR_32,X,-214.322,-214.979,0.657,,,,Criterion : Least Square (From 6 Pts On PL_INS_32) 
Circle,CIR_32,Z,-161.965,-161.750,-0.215,,,,
Pos. Tol.,POS_32,PTOL,0.614,0.000,0.614,0.000,3.000,,CIR_30/NOMINAL - CS_ABC - C-Zone - XZ - Nominal
Distance,H_21,D1,0.165,0.000,0.165,,,,CIR_INS_21 - PL_PLAST_INS_21 / CS_TEMP_21
Distance,H_21,D2,,,,,,,
Distance,H_21,X,0.000,0.000,0.000,,,,
Distance,H_21,Y,0.165,0.000,0.165,0.000,0.500,,
Distance,H_21,Z,-0.000,0.000,-0.000,,,,
Distance,H_29,D1,0.012,0.000,0.012,,,,CIR_29 - PL_PLAST_29 / CS_TEMP_29
Distance,H_29,D2,,,,,,,
Distance,H_29,X,0.000,0.000,0.000,,,,
Distance,H_29,Y,-0.012,0.000,-0.012,0.000,0.500,-0.012,
Distance,H_29,Z,0.000,0.000,0.000,,,,
Distance,H_30,D1,0.048,0.000,0.048,,,,CIR_30 - PL_PLAST_30 / CS_TEMP_30
Distance,H_30,D2,,,,,,,
Distance,H_30,X,0.000,0.000,0.000,,,,
Distance,H_30,Y,0.048,0.000,0.048,0.000,0.500,,
Distance,H_30,Z,0.000,0.000,0.000,,,,
Distance,H_32,D1,0.055,0.000,0.055,,,,CIR_32 - PL_PLAST_32 / CS_TEMP_32
Distance,H_32,D2,,,,,,,
Distance,H_32,X,-0.001,0.000,-0.001,,,,
Distance,H_32,Y,0.055,0.000,0.055,0.000,0.500,,
Distance,H_32,Z,0.000,0.000,0.000,,,,
Distance,PROF_21,Y,103.960,104.420,-0.460,-2.000,2.000,,CIR_INS_21 - ORIGIN / CS_ABC
Distance,PROF_29,Y,123.816,124.420,-0.604,-2.000,2.000,,CIR_29 - ORIGIN / CS_ABC
Distance,PROF_30,Y,83.612,83.300,0.312,-2.000,2.000,,CIR_30 - ORIGIN / CS_ABC
Distance,PROF_32,Y,83.054,83.300,-0.246,-2.000,2.000,,CIR_32 - ORIGIN / CS_ABC
Circle,2D_CIR_INS_21,X,0.110,0.000,0.110,,,,
Circle,2D_CIR_INS_21,Z,-0.225,0.000,-0.225,,,,
Pos. Tol.,POS_2D_21,PTOL,0.502,0.000,0.502,0.000,1.250,,2D_CIR_INS_21/NOMINAL - CS_INS_W_BF - C-Zone - XZ - Nominal
Circle,2D_CIR_29,X,285.552,285.599,-0.047,,,,
Circle,2D_CIR_29,Z,-112.666,-112.776,0.110,,,,
Pos. Tol.,POS_2D_29,PTOL,0.239,0.000,0.239,0.000,1.250,,2D_CIR_29/NOMINAL - CS_INS_W_BF - C-Zone - XZ - Nominal
Circle,2D_CIR_30,X,299.043,299.243,-0.200,,,,
Circle,2D_CIR_30,Z,-287.082,-287.018,-0.064,,,,
Pos. Tol.,POS_2D_30,PTOL,0.420,0.000,0.420,0.000,1.250,,2D_CIR_30/NOMINAL - CS_INS_W_BF - C-Zone - XZ - Nominal
Circle,2D_CIR_32,X,41.926,41.763,0.163,,,,
Circle,2D_CIR_32,Z,-286.618,-286.788,0.170,,,,
Pos. Tol.,POS_2D_32,PTOL,0.471,0.000,0.471,0.000,1.250,,2D_CIR_32/NOMINAL - CS_INS_W_BF - C-Zone - XZ - Nominal
Circle,CIR_INS_26,X,-219.264,-219.500,0.236,,,,Criterion : Least Square (From 6 Pts On PL_INS_26) 
Circle,CIR_INS_26,Z,71.923,72.000,-0.076,,,,
Pos. Tol.,POS_26,PTOL,0.497,0.000,0.497,0.000,3.000,,CIR_INS_26/NOMINAL - CS_ABC - C-Zone - XZ - Nominal
Circle,CIR_27,X,-87.405,-87.500,0.095,,,,Criterion : Least Square (From 6 Pts On PL_INS_27) 
Circle,CIR_27,Z,72.104,72.000,0.104,,,,
Pos. Tol.,POS_27,PTOL,0.282,0.000,0.282,0.000,3.000,,CIR_27/NOMINAL - CS_ABC - C-Zone - XZ - Nominal
Circle,CIR_28,X,43.937,43.700,0.237,,,,Criterion : Least Square (From 6 Pts On PL_INS_28) 
Circle,CIR_28,Z,49.809,50.000,-0.191,,,,
Pos. Tol.,POS_28,PTOL,0.610,0.000,0.610,0.000,3.000,,CIR_28/NOMINAL - CS_ABC - C-Zone - XZ - Nominal
Circle,CIR_31,X,-71.058,-71.500,0.442,,,,Criterion : Least Square (From 6 Pts On PL_INS_31) 
Circle,CIR_31,Z,-161.633,-161.750,0.117,,,,
Pos. Tol.,POS_31,PTOL,0.915,0.000,0.915,0.000,3.000,,CIR_31/NOMINAL - CS_ABC - C-Zone - XZ - Nominal
Distance,PROF_26,Y,129.745,130.420,-0.675,-2.000,2.000,,CIR_INS_26 - ORIGIN / CS_ABC
Distance,PROF_27,Y,129.688,130.420,-0.732,-2.000,2.000,,CIR_27 - ORIGIN / CS_ABC
Distance,PROF_28,Y,123.162,123.420,-0.258,-2.000,2.000,,CIR_28 - ORIGIN / CS_ABC
Distance,PROF_31,Y,84.012,83.300,0.712,-2.000,2.000,,CIR_31 - ORIGIN / CS_ABC
Distance,H_26,Y,0.084,0.000,0.084,0.000,0.500,,CIR_INS_26 - PL_PLAST_INS_26 / CS_TEMP_26
Distance,H_27,Y,0.062,0.000,0.062,0.000,0.500,,CIR_27 - PL_PLAST_27 / CS_TEMP_27
Distance,H_28,Y,0.210,0.000,0.210,0.000,0.500,,CIR_28 - PL_PLAST_28 / CS_TEMP_28
Distance,H_31,Y,0.074,0.000,0.074,0.000,0.500,,CIR_31 - PL_PLAST_31 / CS_TEMP_31
Circle,CIR_24,DIAM,11.983,12.050,-0.067,-0.080,0.080,,Criterion : Least Square (From 12 Pts On PL_PLAST_24_25) 
Circle,CIR_24,X,-117.032,-117.520,0.488,,,,
Circle,CIR_24,Z,102.196,102.110,0.086,,,,
Pos. Tol.,POS_24,PTOL,0.990,0.000,0.990,0.000,3.000,,CIR_24/NOMINAL - CS_ABC - C-Zone - XZ - Nominal
Circle,CIR_25,DIAM,4.681,4.650,0.031,-0.050,0.050,,Criterion : Least Square (From 6 Pts On PL_PLAST_24_25) 
Circle,CIR_25,X,-114.526,-115.078,0.553,,,,
Circle,CIR_25,Z,119.432,119.449,-0.018,,,,
Pos. Tol.,POS_25,PTOL,1.106,0.000,1.106,0.000,1.500,,CIR_25/NOMINAL - CS_ABC - C-Zone - XZ - Nominal
Distance,PROF_24,Y,115.109,115.500,-0.391,-1.500,1.500,,CIR_24 - ORIGIN / CS_ABC
Circle,2D_CIR_25,X,0.000,0.000,0.000,,,,
Circle,2D_CIR_25,Z,17.417,17.500,-0.083,,,,
Pos. Tol.,POS_2D_25,PTOL,0.165,0.000,0.165,0.000,0.500,,2D_CIR_25/NOMINAL - CS_24_25 - C-Zone - XZ - Nominal
Circle,CIR_43,DIAM,12.543,12.500,0.043,-0.100,0.100,,Criterion : Least Square (From 12 Pts On PL_PLAST_43) 
Circle,CIR_43,X,-13.020,-13.500,0.480,,,,
Circle,CIR_43,Z,121.976,122.000,-0.024,,,,
Pos. Tol.,POS_43,PTOL,0.961,0.000,0.961,0.000,3.000,,CIR_43/NOMINAL - CS_ABC - C-Zone - XZ - Nominal
Distance,PROF_43,Y,124.905,125.000,-0.095,-2.000,2.000,,CIR_43 - ORIGIN / CS_ABC
Angle,ANG_43,3D,9.631,9.000,0.631,-3.000,3.000,,LINE_43_MIDDLE - Z-AXIS / CS_ABC
Circle,CIR_55,X,-297.041,-296.400,-0.641,,,,Criterion : Least Square (From 6 Pts On PL_INS_55) 
Circle,CIR_55,Z,-83.323,-84.000,0.677,,,,
Pos. Tol.,POS_55,PTOL,1.865,0.000,1.865,0.000,3.000,,CIR_55/NOMINAL - CS_ABC - C-Zone - XZ - Nominal
Distance,PROF_55,D1,314.452,,,,,,CIR_55 - ORIGIN / CS_ABC
Distance,PROF_55,Y,60.857,62.000,-1.143,-2.000,2.000,,
Circle,CIR_56,X,-304.091,-304.000,-0.091,,,,Criterion : Least Square (From 6 Pts On PL_INS_56) 
Circle,CIR_56,Z,47.046,46.200,0.846,,,,
Pos. Tol.,POS_56,PTOL,1.702,0.000,1.702,0.000,3.000,,CIR_56/NOMINAL - CS_ABC - C-Zone - XZ - Nominal
Distance,PROF_56,D1,313.622,,,,,,CIR_56 - ORIGIN / CS_ABC
Distance,PROF_56,Y,60.614,62.000,-1.386,-2.000,2.000,,
