Feat. Type,Feat. Name,Value,Actual,Nominal,Dev.,Tol-,Tol+,Out of Tol.,Comment
Text/Value,VAR_PROGRAM,VAL,,,,,,,'N:\Metrolog XG\Programmes\Denso 507F\Denso 507F Complet (Module 51).gm2'
Text/Value,VAR_EVENEMENT,VAL,,,,,,,'FIP 05445'
Text/Value,VAR_COMMENTAIRES,VAL,,,,,,,'298A'
Distance,PLASTIC_1,Z,19.996,20.000,-0.004,-0.050,0.200,,PNT_TOP_1 - PNT_BOTTOM_1 / CS_ABC_BF
Distance,PLASTIC_2,Z,20.055,20.000,0.055,-0.050,0.200,,PNT_TOP_2 - PNT_BOTTOM_2 / CS_ABC_BF
Distance,PLASTIC_3,Z,19.975,20.000,-0.025,-0.050,0.200,,PNT_TOP_3 - PNT_BOTTOM_3 / CS_ABC_BF
Distance,PLASTIC_4,Z,19.881,20.000,-0.119,-0.050,0.200,-0.069,PNT_TOP_4 - PNT_BOTTOM_4 / CS_ABC_BF
Distance,PLASTIC_5,Z,20.048,20.000,0.048,-0.050,0.200,,PNT_TOP_5 - PNT_BOTTOM_5 / CS_ABC_BF
Distance,PLASTIC_6,Z,20.126,20.000,0.126,-0.050,0.200,,PNT_TOP_6 - PNT_BOTTOM_6 / CS_ABC_BF
Distance,PLASTIC_7,Z,20.099,20.000,0.099,-0.050,0.200,,PNT_TOP_7 - PNT_BOTTOM_7 / CS_ABC_BF
Distance,PLASTIC_8,Z,20.019,20.000,0.019,-0.050,0.200,,PNT_TOP_8 - PNT_BOTTOM_8 / CS_ABC_BF
Distance,PLASTIC_9,Z,20.042,20.000,0.042,-0.050,0.250,,PNT_TOP_9 - PNT_BOTTOM_9 / CS_ABC_BF
Distance,PLASTIC_10,Z,19.901,20.000,-0.099,-0.050,0.200,-0.049,PNT_TOP_10 - PNT_BOTTOM_10 / CS_ABC_BF
Pos. Tol.,POS_1,PTOL,0.991,0.000,0.991,0.000,1.152,,CIR_1/NOMINAL - CS_ABC_BF - C-Zone - XY - Nominal
Pos. Tol.,POS_2,PTOL,0.776,0.000,0.776,0.000,1.106,,CIR_2/NOMINAL - CS_ABC_BF - C-Zone - XY - Nominal
Pos. Tol.,POS_3,PTOL,0.545,0.000,0.545,0.000,1.126,,CIR_3/NOMINAL - CS_ABC_BF - C-Zone - XY - Nominal
Pos. Tol.,POS_4,PTOL,0.189,0.000,0.189,0.000,1.128,,CIR_4/NOMINAL - CS_ABC_BF - C-Zone - XY - Nominal
Pos. Tol.,POS_5,PTOL,0.738,0.000,0.738,0.000,1.174,,CIR_5/NOMINAL - CS_ABC_BF - C-Zone - XY - Nominal
Pos. Tol.,POS_6,PTOL,0.292,0.000,0.292,0.000,1.166,,CIR_6/NOMINAL - CS_ABC_BF - C-Zone - XY - Nominal
Pos. Tol.,POS_7,PTOL,0.513,0.000,0.513,0.000,1.178,,CIR_7/NOMINAL - CS_ABC_BF - C-Zone - XY - Nominal
Pos. Tol.,POS_8,PTOL,0.233,0.000,0.233,0.000,1.154,,CIR_8/NOMINAL - CS_ABC_BF - C-Zone - XY - Nominal
Pos. Tol.,POS_9,PTOL,0.109,0.000,0.109,0.000,1.165,,CIR_9/NOMINAL - CS_ABC_BF - C-Zone - XY - Nominal
Pos. Tol.,POS_10,PTOL,0.928,0.000,0.928,0.000,1.130,,CIR_10/NOMINAL - CS_ABC_BF - C-Zone - XY - Nominal
Circle,CIR_1,DIAM,9.202,9.000,0.202,-0.450,0.350,,Criterion : Least Square (From 6 Pts On PL_FIXTURE) 
Circle,CIR_1,X,-0.495,0.000,-0.495,,,,
Circle,CIR_1,Y,0.011,0.000,0.011,,,,
Circle,CIR_2,DIAM,9.156,9.000,0.156,-0.450,0.350,,Criterion : Least Square (From 6 Pts On PL_FIXTURE) 
Circle,CIR_2,X,11.195,11.500,-0.305,,,,
Circle,CIR_2,Y,-100.010,-100.250,0.240,,,,
Circle,CIR_3,DIAM,9.176,9.000,0.176,-0.450,0.350,,Criterion : Least Square (From 6 Pts On PL_FIXTURE) 
Circle,CIR_3,X,-19.234,-19.500,0.266,,,,
Circle,CIR_3,Y,-205.691,-205.750,0.058,,,,
Circle,CIR_4,DIAM,9.178,9.000,0.178,-0.450,0.350,,Criterion : Least Square (From 6 Pts On PL_FIXTURE) 
Circle,CIR_4,X,11.410,11.500,-0.090,,,,
Circle,CIR_4,Y,-311.220,-311.250,0.030,,,,
Circle,CIR_5,DIAM,9.224,9.000,0.224,-0.450,0.350,,Criterion : Least Square (From 6 Pts On PL_FIXTURE) 
Circle,CIR_5,X,-16.162,-16.500,0.338,,,,
Circle,CIR_5,Y,-408.149,-408.000,-0.149,,,,
Circle,CIR_6,DIAM,9.216,9.000,0.216,-0.450,0.350,,Criterion : Least Square (From 6 Pts On PL_FIXTURE) 
Circle,CIR_6,X,305.354,305.500,-0.146,,,,
Circle,CIR_6,Y,-432.510,-432.500,-0.010,,,,
Circle,CIR_7,DIAM,9.228,9.000,0.228,-0.450,0.350,,Criterion : Least Square (From 6 Pts On PL_FIXTURE) 
Circle,CIR_7,X,293.818,294.000,-0.182,,,,
Circle,CIR_7,Y,-332.431,-332.250,-0.181,,,,
Circle,CIR_8,DIAM,9.204,9.000,0.204,-0.450,0.350,,Criterion : Least Square (From 6 Pts On PL_FIXTURE) 
Circle,CIR_8,X,325.114,325.000,0.114,,,,
Circle,CIR_8,Y,-226.727,-226.750,0.023,,,,
Circle,CIR_9,DIAM,9.215,9.000,0.215,-0.450,0.350,,Criterion : Least Square (From 6 Pts On PL_FIXTURE) 
Circle,CIR_9,X,294.039,294.000,0.039,,,,
Circle,CIR_9,Y,-121.212,-121.250,0.038,,,,
Circle,CIR_10,DIAM,9.180,9.000,0.180,-0.450,0.350,,Criterion : Least Square (From 6 Pts On PL_FIXTURE) 
Circle,CIR_10,X,322.460,322.000,0.460,,,,
Circle,CIR_10,Y,-24.559,-24.500,-0.059,,,,
