Feat. Type,Feat. Name,Value,Actual,Nominal,Dev.,Tol-,Tol+,Out of Tol.,Comment
Text/Value,VAR_PROGRAM,VAL,,,,,,,'N:\Metrolog XG\Programmes\Ford GDTI\GDTI Complete Module_18.gm2'
Text/Value,VAR_EVENEMENT,VAL,,,,,,,'Smed Moule'
Text/Value,VAR_COMMENTAIRES,VAL,,,,,,,'294 C'
Circle,CIR1,X,307.503,307.500,0.003,,,,From 4 Pts On PL_FIXTURE
Circle,CIR1,Z,19.273,19.500,-0.227,,,,
Pos. Tol.,POS_1,PTOL,0.454,0.000,0.454,0.000,1.000,,CIR1/NOMINAL - CS_PORTS_BF - C-Zone - XZ - Nominal
Circle,CIR2,X,201.796,201.500,0.296,,,,From 4 Pts On PL_FIXTURE
Circle,CIR2,Z,19.740,19.500,0.240,,,,
Pos. Tol.,POS_2,PTOL,0.763,0.000,0.763,0.000,1.000,,CIR2/NOMINAL - CS_PORTS_BF - C-Zone - XZ - Nominal
Circle,CIR3,X,95.600,95.500,0.100,,,,From 4 Pts On PL_FIXTURE
Circle,CIR3,Z,19.439,19.500,-0.061,,,,
Pos. Tol.,POS_3,PTOL,0.234,0.000,0.234,0.000,1.000,,CIR3/NOMINAL - CS_PORTS_BF - C-Zone - XZ - Nominal
Circle,CIR4,X,0.117,-0.000,0.117,,,,From 4 Pts On PL_WC
Circle,CIR4,Z,-0.098,-0.000,-0.098,,,,
Pos. Tol.,POS_4,PTOL,0.304,0.000,0.304,0.000,1.000,,CIR4/NOMINAL - CS_PORTS_BF - C-Zone - XZ - Nominal
Circle,CIR5,X,333.375,333.500,-0.125,,,,From 4 Pts On PL_FIXTURE
Circle,CIR5,Z,136.490,136.430,0.060,,,,
Pos. Tol.,POS_5,PTOL,0.277,0.000,0.277,0.000,1.000,,CIR5/NOMINAL - CS_PORTS_BF - C-Zone - XZ - Nominal
Circle,CIR6,X,237.960,237.980,-0.020,,,,From 4 Pts On PL_FIXTURE
Circle,CIR6,Z,136.240,136.430,-0.190,,,,
Pos. Tol.,POS_6,PTOL,0.383,0.000,0.383,0.000,1.000,,CIR6/NOMINAL - CS_PORTS_BF - C-Zone - XZ - Nominal
Circle,CIR7,X,132.008,131.980,0.028,,,,From 4 Pts On PL_FIXTURE
Circle,CIR7,Z,136.449,136.430,0.019,,,,
Pos. Tol.,POS_7,PTOL,0.067,0.000,0.067,0.000,1.000,,CIR7/NOMINAL - CS_PORTS_BF - C-Zone - XZ - Nominal
Circle,CIR8,X,26.025,25.980,0.045,,,,From 4 Pts On PL_FIXTURE
Circle,CIR8,Z,136.417,136.430,-0.013,,,,
Pos. Tol.,POS_8,PTOL,0.093,0.000,0.093,0.000,1.000,,CIR8/NOMINAL - CS_PORTS_BF - C-Zone - XZ - Nominal
Distance,OP1_WIDTH_1,D1,4.074,4.000,0.074,-0.200,0.200,,OP1_P2 - OP1_P6 / OP1_CS
Distance,OP1_WIDTH_2,D1,4.123,4.000,0.123,-0.200,0.200,,OP1_P9 - OP1_P13 / OP1_CS
Distance,OP1_WIDTH_3,D1,4.027,4.000,0.027,-0.200,0.200,,OP1_P16 - OP1_P20 / OP1_CS
Distance,OP1_WIDTH_4,D1,4.135,4.000,0.135,-0.200,0.200,,OP1_P24 - OP1_P28 / OP1_CS
Distance,OP1_WIDTH_5,D1,4.118,4.000,0.118,-0.200,0.200,,OP1_P32 - OP1_P36 / OP1_CS
Distance,OP1_WIDTH_6,D1,4.055,4.000,0.055,-0.200,0.200,,OP1_P40 - OP1_P44 / OP1_CS
Distance,OP1_DEPTH_1,D1,6.105,6.000,0.105,-0.250,0.250,,OP1_P4 - PL_FIXTURE / OP1_CS
Distance,OP1_DEPTH_2,D1,6.093,6.000,0.093,-0.250,0.250,,OP1_P11 - PL_FIXTURE / OP1_CS
Distance,OP1_DEPTH_3,D1,5.947,6.000,-0.053,-0.250,0.250,,OP1_P18 - PL_FIXTURE / OP1_CS
Distance,OP1_DEPTH_4,D1,5.979,6.000,-0.021,-0.250,0.250,,OP1_P26 - PL_FIXTURE / OP1_CS
Distance,OP1_DEPTH_5,D1,5.966,6.000,-0.034,-0.250,0.250,,OP1_P34 - PL_FIXTURE / OP1_CS
Distance,OP1_DEPTH_6,D1,6.054,6.000,0.054,-0.250,0.250,,OP1_P42 - PL_FIXTURE / OP1_CS
Distance,OP2_WIDTH_1,D1,4.074,4.000,0.074,-0.200,0.200,,OP2_P2 - OP2_P6 / OP2_CS
Distance,OP2_WIDTH_2,D1,4.099,4.000,0.099,-0.200,0.200,,OP2_P9 - OP2_P13 / OP2_CS
Distance,OP2_WIDTH_3,D1,4.069,4.000,0.069,-0.200,0.200,,OP2_P16 - OP2_P20 / OP2_CS
Distance,OP2_WIDTH_4,D1,4.110,4.000,0.110,-0.200,0.200,,OP2_P24 - OP2_P28 / OP2_CS
Distance,OP2_WIDTH_5,D1,4.159,4.000,0.159,-0.200,0.200,,OP2_P32 - OP2_P36 / OP2_CS
Distance,OP2_WIDTH_6,D1,4.141,4.000,0.141,-0.200,0.200,,OP2_P40 - OP2_P44 / OP2_CS
Distance,OP2_DEPTH_1,D1,6.141,6.000,0.141,-0.250,0.250,,OP2_P4 - PL_FIXTURE / OP2_CS
Distance,OP2_DEPTH_2,D1,6.122,6.000,0.122,-0.250,0.250,,OP2_P11 - PL_FIXTURE / OP2_CS
Distance,OP2_DEPTH_3,D1,5.963,6.000,-0.037,-0.250,0.250,,OP2_P18 - PL_FIXTURE / OP2_CS
Distance,OP2_DEPTH_4,D1,5.909,6.000,-0.091,-0.250,0.250,,OP2_P26 - PL_FIXTURE / OP2_CS
Distance,OP2_DEPTH_5,D1,5.905,6.000,-0.095,-0.250,0.250,,OP2_P34 - PL_FIXTURE / OP2_CS
Distance,OP2_DEPTH_6,D1,6.067,6.000,0.067,-0.250,0.250,,OP2_P42 - PL_FIXTURE / OP2_CS
Distance,OP3_WIDTH_1,D1,4.088,4.000,0.088,-0.200,0.200,,OP3_P2 - OP3_P6 / OP3_CS
Distance,OP3_WIDTH_2,D1,4.082,4.000,0.082,-0.200,0.200,,OP3_P9 - OP3_P13 / OP3_CS
Distance,OP3_WIDTH_3,D1,3.999,4.000,-0.001,-0.200,0.200,,OP3_P16 - OP3_P20 / OP3_CS
Distance,OP3_WIDTH_4,D1,4.130,4.000,0.130,-0.200,0.200,,OP3_P24 - OP3_P28 / OP3_CS
Distance,OP3_WIDTH_5,D1,4.128,4.000,0.128,-0.200,0.200,,OP3_P32 - OP3_P36 / OP3_CS
Distance,OP3_WIDTH_6,D1,4.143,4.000,0.143,-0.200,0.200,,OP3_P40 - OP3_P44 / OP3_CS
Distance,OP3_DEPTH_1,D1,6.114,6.000,0.114,-0.250,0.250,,OP3_P4 - PL_FIXTURE / OP3_CS
Distance,OP3_DEPTH_2,D1,6.032,6.000,0.032,-0.250,0.250,,OP3_P11 - PL_FIXTURE / OP3_CS
Distance,OP3_DEPTH_3,D1,6.052,6.000,0.052,-0.250,0.250,,OP3_P18 - PL_FIXTURE / OP3_CS
Distance,OP3_DEPTH_4,D1,5.984,6.000,-0.016,-0.250,0.250,,OP3_P26 - PL_FIXTURE / OP3_CS
Distance,OP3_DEPTH_5,D1,5.996,6.000,-0.004,-0.250,0.250,,OP3_P34 - PL_FIXTURE / OP3_CS
Distance,OP3_DEPTH_6,D1,6.125,6.000,0.125,-0.250,0.250,,OP3_P42 - PL_FIXTURE / OP3_CS
Distance,OP4_WIDTH_1,D1,4.080,4.000,0.080,-0.200,0.200,,OP4_P2 - OP4_P6 / OP4_CS
Distance,OP4_WIDTH_2,D1,4.086,4.000,0.086,-0.200,0.200,,OP4_P9 - OP4_P13 / OP4_CS
Distance,OP4_WIDTH_3,D1,4.034,4.000,0.034,-0.200,0.200,,OP4_P16 - OP4_P20 / OP4_CS
Distance,OP4_WIDTH_4,D1,4.162,4.000,0.162,-0.200,0.200,,OP4_P24 - OP4_P28 / OP4_CS
Distance,OP4_WIDTH_5,D1,4.136,4.000,0.136,-0.200,0.200,,OP4_P32 - OP4_P36 / OP4_CS
Distance,OP4_WIDTH_6,D1,4.073,4.000,0.073,-0.200,0.200,,OP4_P40 - OP4_P44 / OP4_CS
Distance,OP4_DEPTH_1,D1,6.101,6.000,0.101,-0.250,0.250,,OP4_P4 - PL_FIXTURE / OP4_CS
Distance,OP4_DEPTH_2,D1,6.082,6.000,0.082,-0.250,0.250,,OP4_P11 - PL_FIXTURE / OP4_CS
Distance,OP4_DEPTH_3,D1,6.044,6.000,0.044,-0.250,0.250,,OP4_P18 - PL_FIXTURE / OP4_CS
Distance,OP4_DEPTH_4,D1,5.882,6.000,-0.118,-0.250,0.250,,OP4_P26 - PL_FIXTURE / OP4_CS
Distance,OP4_DEPTH_5,D1,5.870,6.000,-0.130,-0.250,0.250,,OP4_P34 - PL_FIXTURE / OP4_CS
Distance,OP4_DEPTH_6,D1,5.929,6.000,-0.071,-0.250,0.250,,OP4_P42 - PL_FIXTURE / OP4_CS
Distance,OP5_WIDTH_1,D1,4.085,4.000,0.085,-0.200,0.200,,OP5_P2 - OP5_P6 / OP5_CS
Distance,OP5_WIDTH_2,D1,4.077,4.000,0.077,-0.200,0.200,,OP5_P9 - OP5_P13 / OP5_CS
Distance,OP5_WIDTH_3,D1,4.139,4.000,0.139,-0.200,0.200,,OP5_P16 - OP5_P20 / OP5_CS
Distance,OP5_WIDTH_4,D1,4.143,4.000,0.143,-0.200,0.200,,OP5_P24 - OP5_P28 / OP5_CS
Distance,OP5_WIDTH_5,D1,4.165,4.000,0.165,-0.200,0.200,,OP5_P32 - OP5_P36 / OP5_CS
Distance,OP5_WIDTH_6,D1,4.110,4.000,0.110,-0.200,0.200,,OP5_P40 - OP5_P44 / OP5_CS
Distance,OP5_DEPTH_1,D1,5.944,6.000,-0.056,-0.250,0.250,,OP5_P4 - PL_FIXTURE / OP5_CS
Distance,OP5_DEPTH_2,D1,5.936,6.000,-0.064,-0.250,0.250,,OP5_P11 - PL_FIXTURE / OP5_CS
Distance,OP5_DEPTH_3,D1,5.990,6.000,-0.010,-0.250,0.250,,OP5_P18 - PL_FIXTURE / OP5_CS
Distance,OP5_DEPTH_4,D1,5.907,6.000,-0.093,-0.250,0.250,,OP5_P26 - PL_FIXTURE / OP5_CS
Distance,OP5_DEPTH_5,D1,5.901,6.000,-0.099,-0.250,0.250,,OP5_P34 - PL_FIXTURE / OP5_CS
Distance,OP5_DEPTH_6,D1,5.945,6.000,-0.055,-0.250,0.250,,OP5_P42 - PL_FIXTURE / OP5_CS
Distance,OP6_WIDTH_1,D1,4.084,4.000,0.084,-0.200,0.200,,OP6_P2 - OP6_P6 / OP6_CS
Distance,OP6_WIDTH_2,D1,4.060,4.000,0.060,-0.200,0.200,,OP6_P9 - OP6_P13 / OP6_CS
Distance,OP6_WIDTH_3,D1,4.068,4.000,0.068,-0.200,0.200,,OP6_P16 - OP6_P20 / OP6_CS
Distance,OP6_WIDTH_4,D1,4.096,4.000,0.096,-0.200,0.200,,OP6_P24 - OP6_P28 / OP6_CS
Distance,OP6_WIDTH_5,D1,4.103,4.000,0.103,-0.200,0.200,,OP6_P32 - OP6_P36 / OP6_CS
Distance,OP6_WIDTH_6,D1,3.951,4.000,-0.049,-0.200,0.200,,OP6_P40 - OP6_P44 / OP6_CS
Distance,OP6_DEPTH_1,D1,5.939,6.000,-0.061,-0.250,0.250,,OP6_P4 - PL_FIXTURE / OP6_CS
Distance,OP6_DEPTH_2,D1,5.950,6.000,-0.050,-0.250,0.250,,OP6_P11 - PL_FIXTURE / OP6_CS
Distance,OP6_DEPTH_3,D1,6.059,6.000,0.059,-0.250,0.250,,OP6_P18 - PL_FIXTURE / OP6_CS
Distance,OP6_DEPTH_4,D1,5.998,6.000,-0.002,-0.250,0.250,,OP6_P26 - PL_FIXTURE / OP6_CS
Distance,OP6_DEPTH_5,D1,5.992,6.000,-0.008,-0.250,0.250,,OP6_P34 - PL_FIXTURE / OP6_CS
Distance,OP6_DEPTH_6,D1,6.039,6.000,0.039,-0.250,0.250,,OP6_P42 - PL_FIXTURE / OP6_CS
Circle,CIR_9,X,226.916,227.100,-0.184,,,,Criterion : Least Square (From 5 Pts On PL_INS_9) 
Circle,CIR_9,Z,11.384,11.000,0.384,,,,
Pos. Tol.,POS_3D_9,PTOL,0.852,0.000,0.852,0.000,3.000,,CIR_9/NOMINAL - CS_PORTS_BF - C-Zone - XZ - Nominal
Circle,CIR_10,X,38.413,38.500,-0.087,,,,Criterion : Least Square (From 6 Pts On PL_INS_10) 
Circle,CIR_10,Z,-5.821,-6.500,0.679,,,,
Pos. Tol.,POS_3D_10,PTOL,1.368,0.000,1.368,0.000,3.000,,CIR_10/NOMINAL - CS_PORTS_BF - C-Zone - XZ - Nominal
Circle,CIR_INS_11,X,63.509,63.500,0.009,,,,Criterion : Least Square (From 6 Pts On PL_INS_11) 
Circle,CIR_INS_11,Z,162.650,163.500,-0.850,,,,
Pos. Tol.,POS_3D_11,PTOL,1.700,0.000,1.700,0.000,3.000,,CIR_INS_11/NOMINAL - CS_PORTS_BF - C-Zone - XZ - Nominal
Circle,CIR_INS_12,X,113.422,113.500,-0.078,,,,Criterion : Least Square (From 6 Pts On PL_INS_12) 
Circle,CIR_INS_12,Z,77.812,78.000,-0.188,,,,
Pos. Tol.,POS_3D_12,PTOL,0.408,0.000,0.408,0.000,3.000,,CIR_INS_12/NOMINAL - CS_PORTS_BF - C-Zone - XZ - Nominal
Distance,H_9,Y,0.103,0.000,0.103,0.000,0.500,,CIR_9 - PL_PLAST_9 / CS_PORTS_BF
Distance,H_10,Y,0.162,-0.000,0.162,0.000,0.500,,CIR_10 - PL_PLAST_10 / CS_PORTS_BF
Distance,H_11,Y,0.167,0.000,0.167,0.000,0.500,,CIR_INS_11 - PL_PLAST_11 / CS_PORTS_BF
Distance,H_12,Y,0.191,0.000,0.191,0.000,0.500,,CIR_INS_12 - PL_PLAST_12 / CS_PORTS_BF
Circle,CIR_13,X,113.287,113.500,-0.213,,,,Criterion : Least Square (From 6 Pts On PL_13) 
Circle,CIR_13,Z,49.276,49.000,0.276,,,,
Pos. Tol.,POS_3D_13,PTOL,0.697,0.000,0.697,0.000,3.000,,CIR_13/NOMINAL - CS_PORTS_BF - C-Zone - XZ - Nominal
Circle,CIR_14_10MM,DIAM,13.179,13.200,-0.021,-0.050,0.050,,Criterion : Least Square (From 8 Pts On PL_14) 
Circle,CIR_14_10MM,X,193.234,193.500,-0.266,,,,
Circle,CIR_14_10MM,Z,78.020,78.000,0.020,,,,
Pos. Tol.,POS_3D_14,PTOL,0.468,0.000,0.468,0.000,4.000,,CIR_14_5MM/NOMINAL - CS_PORTS_BF - C-Zone - XZ - Nominal
Circle,CR_15_GF,X,0.000,0.000,0.000,,,,
Circle,CR_15_GF,Z,-21.371,-21.500,0.129,,,,
Pos. Tol.,POS_2D_15,PTOL,0.258,0.000,0.258,0.000,0.500,,CR_15_GF/NOMINAL - CS_GF_15 - C-Zone - XZ - Nominal
Circle,CR_16_GF,X,0.000,0.000,0.000,,,,
Circle,CR_16_GF,Z,-21.424,-21.500,0.076,,,,
Pos. Tol.,POS_2D_16,PTOL,0.153,0.000,0.153,0.000,0.500,,CR_16_GF/NOMINAL - CS_GF_16 - C-Zone - XZ - Nominal
Circle,CIR_17,X,524.586,525.070,-0.484,,,,Criterion : Least Square (From 6 Pts On PL_INS_17) 
Circle,CIR_17,Y,59.640,60.535,-0.895,,,,
Circle,CIR_17,Z,55.520,55.645,-0.124,,,,
Pos. Tol.,POS_3D_17,PTOL,2.050,0.000,2.050,0.000,5.000,,CIR_17/NOMINAL - CS_PORTS_BF - C-Zone - XYZ - Nominal
Circle,CIR_18,X,497.054,497.708,-0.654,,,,Criterion : Least Square (From 6 Pts On PL_INS_18) 
Circle,CIR_18,Y,59.341,60.535,-1.194,,,,
Circle,CIR_18,Z,130.423,130.820,-0.397,,,,
Pos. Tol.,POS_3D_18,PTOL,2.836,0.000,2.836,0.000,5.000,,CIR_18/NOMINAL - CS_PORTS_BF - C-Zone - XYZ - Nominal
Circle,CIR_19,X,512.697,513.002,-0.305,,,,Criterion : Least Square (From 6 Pts On PL_INS_19) 
Circle,CIR_19,Y,121.869,123.465,-1.596,,,,
Circle,CIR_19,Z,136.545,136.386,0.159,,,,
Pos. Tol.,POS_3D_19,PTOL,3.264,0.000,3.264,0.000,5.000,,CIR_19/NOMINAL - CS_PORTS_BF - C-Zone - XYZ - Nominal
Circle,CIR_20,X,540.123,540.363,-0.240,,,,Criterion : Least Square (From 6 Pts On PL_INS_20) 
Circle,CIR_20,Y,122.321,123.465,-1.144,,,,
Circle,CIR_20,Z,61.473,61.211,0.262,,,,
Pos. Tol.,POS_3D_20,PTOL,2.396,0.000,2.396,0.000,5.000,,CIR_20/NOMINAL - CS_PORTS_BF - C-Zone - XYZ - Nominal
Circle,CIR_21,DIAM,74.021,74.000,0.021,,,,Criterion : Least Square (From 12 Pts On PL_D) 
Circle,CIR_21,X,518.600,519.036,-0.435,,,,
Circle,CIR_21,Y,90.677,92.000,-1.323,,,,
Circle,CIR_21,Z,95.948,96.015,-0.068,,,,
Pos. Tol.,POS_3D_21,PTOL,2.789,0.000,2.789,0.000,5.000,,CIR_21/NOMINAL - CS_PORTS_BF - C-Zone - XYZ - Nominal
Circle,CR_17_DE,Y,-32.428,-32.500,0.072,,,,
Circle,CR_17_DE,Z,-39.904,-40.000,0.096,,,,
Pos. Tol.,POS_2D_17,PTOL,0.239,0.000,0.239,0.000,0.500,,CR_17_DE/NOMINAL - CS_DE_BF - C-Zone - YZ - Nominal
Circle,CR_18_DE,Y,-32.370,-32.500,0.130,,,,
Circle,CR_18_DE,Z,39.898,40.000,-0.102,,,,
Pos. Tol.,POS_2D_18,PTOL,0.331,0.000,0.331,0.000,0.500,,CR_18_DE/NOMINAL - CS_DE_BF - C-Zone - YZ - Nominal
Circle,CR_19_DE,Y,32.375,32.500,-0.125,,,,
Circle,CR_19_DE,Z,39.966,40.000,-0.034,,,,
Pos. Tol.,POS_2D_19,PTOL,0.259,0.000,0.259,0.000,0.500,,CR_19_DE/NOMINAL - CS_DE_BF - C-Zone - YZ - Nominal
Circle,CR_20_DE,Y,32.423,32.500,-0.077,,,,
Circle,CR_20_DE,Z,-39.960,-40.000,0.040,,,,
Pos. Tol.,POS_2D_20,PTOL,0.174,0.000,0.174,0.000,0.500,,CR_20_DE/NOMINAL - CS_DE_BF - C-Zone - YZ - Nominal
Distance,H17,X,0.077,0.000,0.077,0.000,0.500,,CIR_17 - PL_PLAST_17 / CS_DE_BF
Distance,H18,X,0.154,0.000,0.154,0.000,0.500,,CIR_18 - PL_PLAST_18 / CS_DE_BF
Distance,H19,X,0.257,0.000,0.257,0.000,0.500,,CIR_19 - PL_PLAST_19 / CS_DE_BF
Distance,H20,X,0.092,0.000,0.092,0.000,0.500,,CIR_20 - PL_PLAST_20 / CS_DE_BF
Flatness,FLAT_D,FLTN,0.205,0.000,0.205,0.000,1.000,,PL_D
Distance,WIDTH_TB1,D1,3.126,3.000,0.126,-0.200,0.200,,P0W2.5_1.1 - PIW2.5_1.1 / CS_DE_BF
Distance,WIDTH_TB2,D1,3.048,3.000,0.048,-0.200,0.200,,P0W2.5_1.2 - PIW2.5_1.2 / CS_DE_BF
Distance,WIDTH_TB3,D1,3.099,3.000,0.099,-0.200,0.200,,P0W2.5_1.3 - PIW2.5_1.3 / CS_DE_BF
Distance,WIDTH_TB4,D1,3.118,3.000,0.118,-0.200,0.200,,P0W2.5_1.4 - PIW2.5_1.4 / CS_DE_BF
Distance,WIDTH_TB5,D1,3.085,3.000,0.085,-0.200,0.200,,P0W2.5_1.5 - PIW2.5_1.5 / CS_DE_BF
Distance,WIDTH_TB6,D1,3.133,3.000,0.133,-0.200,0.200,,P0W2.5_1.6 - PIW2.5_1.6 / CS_DE_BF
Distance,WIDTH_TB7,D1,2.929,3.000,-0.071,-0.200,0.200,,P0W2.5_1.7 - PIW2.5_1.7 / CS_DE_BF
Distance,WIDTH_TB8,D1,2.985,3.000,-0.015,-0.200,0.200,,P0W2.5_1.8 - PIW2.5_1.8 / CS_DE_BF
Distance,WIDTH_TB9,D1,2.936,3.000,-0.064,-0.200,0.200,,P0W2.5_1.9 - PIW2.5_1.9 / CS_DE_BF
Distance,WIDTH_TB10,D1,2.939,3.000,-0.061,-0.200,0.200,,P0W2.5_1.10 - PIW2.5_1.10 / CS_DE_BF
Distance,WIDTH_TB11,D1,2.906,3.000,-0.094,-0.200,0.200,,P0W2.5_1.11 - PIW2.5_1.11 / CS_DE_BF
Distance,WIDTH_TB12,D1,3.022,3.000,0.022,-0.200,0.200,,P0W2.5_1.12 - PIW2.5_1.12 / CS_DE_BF
Distance,WIDTH_TB13,D1,3.125,3.000,0.125,-0.200,0.200,,P0W2.5_1.13 - PIW2.5_1.13 / CS_DE_BF
Distance,WIDTH_TB14,D1,3.044,3.000,0.044,-0.200,0.200,,P0W2.5_1.14 - PIW2.5_1.14 / CS_DE_BF
Distance,WIDTH_TB15,D1,3.082,3.000,0.082,-0.200,0.200,,P0W2.5_1.15 - PIW2.5_1.15 / CS_DE_BF
Distance,DEPTH_TB1,D1,5.087,5.000,0.087,-0.250,0.250,,PTB_BOT_1.1 - PL_D / CS_DE_BF
Distance,DEPTH_TB2,D1,5.000,5.000,0.000,-0.250,0.250,,PTB_BOT_1.2 - PL_D / CS_DE_BF
Distance,DEPTH_TB3,D1,4.896,5.000,-0.104,-0.250,0.250,,PTB_BOT_1.3 - PL_D / CS_DE_BF
Distance,DEPTH_TB4,D1,4.758,5.000,-0.242,-0.250,0.250,,PTB_BOT_1.4 - PL_D / CS_DE_BF
Distance,DEPTH_TB5,D1,4.710,5.000,-0.290,-0.250,0.250,-0.040,PTB_BOT_1.5 - PL_D / CS_DE_BF
Distance,DEPTH_TB6,D1,4.776,5.000,-0.224,-0.250,0.250,,PTB_BOT_1.6 - PL_D / CS_DE_BF
Distance,DEPTH_TB7,D1,4.906,5.000,-0.094,-0.250,0.250,,PTB_BOT_1.7 - PL_D / CS_DE_BF
Distance,DEPTH_TB8,D1,4.864,5.000,-0.136,-0.250,0.250,,PTB_BOT_1.8 - PL_D / CS_DE_BF
Distance,DEPTH_TB9,D1,4.792,5.000,-0.208,-0.250,0.250,,PTB_BOT_1.9 - PL_D / CS_DE_BF
Distance,DEPTH_TB10,D1,4.787,5.000,-0.213,-0.250,0.250,,PTB_BOT_1.10 - PL_D / CS_DE_BF
Distance,DEPTH_TB11,D1,5.109,5.000,0.109,-0.250,0.250,,PTB_BOT_1.11 - PL_D / CS_DE_BF
Distance,DEPTH_TB12,D1,5.056,5.000,0.056,-0.250,0.250,,PTB_BOT_1.12 - PL_D / CS_DE_BF
Distance,DEPTH_TB13,D1,5.052,5.000,0.052,-0.250,0.250,,PTB_BOT_1.13 - PL_D / CS_DE_BF
Distance,DEPTH_TB14,D1,5.043,5.000,0.043,-0.250,0.250,,PTB_BOT_1.14 - PL_D / CS_DE_BF
Distance,DEPTH_TB15,D1,5.063,5.000,0.063,-0.250,0.250,,PTB_BOT_1.15 - PL_D / CS_DE_BF
Circle,CR_22,DIAM,22.143,22.200,-0.057,-0.100,0.100,,Criterion : Least Square (From 12 Pts On PL_22) 
Circle,CR_22,X,417.475,417.800,-0.325,,,,
Circle,CR_22,Y,130.096,130.900,-0.804,,,,
Circle,CR_22,Z,134.081,134.500,-0.419,,,,
Pos. Tol.,POS_PCV,PTOL,1.926,0.000,1.926,0.000,5.000,,CR_22/NOMINAL - CS_PORTS_BF - C-Zone - XYZ - Nominal
Circle,CR_23_HJ,X,14.096,14.310,-0.214,,,,
Circle,CR_23_HJ,Y,17.175,17.360,-0.185,,,,
Pos. Tol.,POS_2D_23,PTOL,0.566,0.000,0.566,0.000,0.500,0.066,CR_23_HJ/NOMINAL - CS_HJ_BF - C-Zone - XY - Nominal
Circle,CR_24_HJ,X,20.882,21.080,-0.198,,,,
Circle,CR_24_HJ,Y,7.755,7.880,-0.125,,,,
Pos. Tol.,POS_2D_24,PTOL,0.469,0.000,0.469,0.000,0.500,,CR_24_HJ/NOMINAL - CS_HJ_BF - C-Zone - XY - Nominal
Circle,CIR_BREAK,DIAM,9.629,9.600,0.029,-0.100,0.100,,Inters. PL_BREAK - CYL_BREAK.
Circle,CIR_BREAK,X,506.451,506.700,-0.249,,,,
Circle,CIR_BREAK,Y,122.729,123.400,-0.671,,,,
Circle,CIR_BREAK,Z,9.429,8.700,0.729,,,,
Pos. Tol.,POS_BRAKE_ASPIRATOR,PTOL,2.043,0.000,2.043,0.000,5.000,,CIR_BREAK/NOMINAL - CS_PORTS_BF - C-Zone - XYZ - Nominal
Circle,CIR_PURGE,X,513.980,513.400,0.580,,,,Inters. PL_PURGE - CYL_PURGE.
Circle,CIR_PURGE,Y,91.230,92.500,-1.270,,,,
Circle,CIR_PURGE,Z,-9.246,-9.000,-0.246,,,,
Pos. Tol.,POS_PURGE,PTOL,2.834,0.000,2.834,0.000,5.000,,CIR_PURGE/NOMINAL - CS_PORTS_BF - C-Zone - XYZ - Nominal
Circle,CIR_25_,X,322.922,323.200,-0.278,,,,
Circle,CIR_25_,Y,137.482,138.672,-1.190,,,,
Circle,CIR_25_,Z,168.352,168.500,-0.148,,,,
Pos. Tol.,POS_25,PTOL,2.462,0.000,2.462,0.000,5.000,,CIR_25_/NOMINAL - CS_PORTS_BF - C-Zone - XYZ - Nominal
Circle,CIR_26_,X,143.059,143.300,-0.241,,,,
Circle,CIR_26_,Y,137.758,138.672,-0.914,,,,
Circle,CIR_26_,Z,167.505,168.500,-0.995,,,,
Pos. Tol.,POS_26,PTOL,2.745,0.000,2.745,0.000,5.000,,CIR_26_/NOMINAL - CS_PORTS_BF - C-Zone - XYZ - Nominal
Circle,CIR_25_2D_,X,24.978,25.000,-0.022,,,,
Circle,CIR_25_2D_,Z,-13.059,-13.000,-0.059,,,,
Pos. Tol.,POS_2D_25,PTOL,0.126,0.000,0.126,0.000,0.500,,CIR_25_2D_/NOMINAL - CS_LOC_1 - C-Zone - XZ - Nominal
