Feat. Type,Feat. Name,Value,Actual,Nominal,Dev.,Tol-,Tol+,Out of Tol.,Comment
Text/Value,VAR_PROGRAM,VAL,,,,,,,'N:\Metrolog XG\Programmes\Ford 3,5L GTDI 2017\Ford 3.5L Free State (Module 44).gm2'
Text/Value,VAR_EVENEMENT,VAL,,,,,,,'Fip 5357'
Text/Value,VAR_COMMENTAIRES,VAL,,,,,,,'288 B'
Circle,CIR_FLANGE_1,X,-16.048,-15.944,-0.104,,,,Criterion : Least Square (From 8 Pts On PL_FLANGE_1) 
Circle,CIR_FLANGE_1,Z,-48.704,-48.650,-0.054,,,,
Circle,CIR_FLANGE_2,X,-43.594,-43.444,-0.150,,,,Criterion : Least Square (From 8 Pts On PL_FLANGE_2) 
Circle,CIR_FLANGE_2,Z,52.807,52.850,-0.043,,,,
Circle,CIR_FLANGE_3,X,-16.209,-15.944,-0.265,,,,Criterion : Least Square (From 8 Pts On PL_FLANGE_3) 
Circle,CIR_FLANGE_3,Z,158.738,158.849,-0.111,,,,
Circle,CIR_FLANGE_4,X,-43.385,-43.444,0.059,,,,Criterion : Least Square (From 8 Pts On PL_FLANGE_4) 
Circle,CIR_FLANGE_4,Z,264.808,264.849,-0.041,,,,
Circle,CIR_FLANGE_5,X,-221.745,-221.700,-0.045,,,,Criterion : Least Square (From 8 Pts On PL_FLANGE_5) 
Circle,CIR_FLANGE_5,Z,296.916,296.849,0.067,,,,
Circle,CIR_FLANGE_6,X,-194.920,-195.208,0.288,,,,Criterion : Least Square (From 8 Pts On PL_FLANGE_6) 
Circle,CIR_FLANGE_6,Z,195.504,195.349,0.155,,,,
Circle,CIR_FLANGE_7,X,-222.521,-222.700,0.179,,,,Criterion : Least Square (From 8 Pts On PL_FLANGE_7) 
Circle,CIR_FLANGE_7,Z,89.523,89.349,0.174,,,,
Circle,CIR_FLANGE_8,X,-195.098,-195.208,0.110,,,,Criterion : Least Square (From 8 Pts On PL_FLANGE_8) 
Circle,CIR_FLANGE_8,Z,-16.516,-16.651,0.135,,,,
Distance,BOSS_HEIGHT_1,D1,26.128,26.100,0.028,-0.150,0.150,,CIR_TOP_1 - CIR_FLANGE_1 / CS_ABC
Distance,BOSS_HEIGHT_2,D1,26.045,26.100,-0.055,-0.150,0.150,,CIR_TOP_2 - CIR_FLANGE_2 / CS_ABC
Distance,BOSS_HEIGHT_3,D1,26.047,26.100,-0.053,-0.150,0.150,,CIR_TOP_3 - CIR_FLANGE_3 / CS_ABC
Distance,BOSS_HEIGHT_4,D1,26.256,26.100,0.156,-0.150,0.150,0.006,CIR_TOP_4 - CIR_FLANGE_4 / CS_ABC
Distance,BOSS_HEIGHT_5,D1,26.082,26.100,-0.018,-0.150,0.150,,CIR_TOP_5 - CIR_FLANGE_5 / CS_ABC
Distance,BOSS_HEIGHT_6,D1,26.046,26.100,-0.054,-0.150,0.150,,CIR_TOP_6 - CIR_FLANGE_6 / CS_ABC
Distance,BOSS_HEIGHT_7,D1,26.083,26.100,-0.017,-0.150,0.150,,CIR_TOP_7 - CIR_FLANGE_7 / CS_ABC
Distance,BOSS_HEIGHT_8,D1,26.121,26.100,0.021,-0.150,0.150,,CIR_TOP_8 - CIR_FLANGE_8 / CS_ABC
Pos. Tol.,POS_1,PTOL,0.235,0.000,0.235,0.000,1.500,,CIR_FLANGE_1/NOMINAL - CS_ABC - C-Zone - XZ - Nominal
Pos. Tol.,POS_2,PTOL,0.313,0.000,0.313,0.000,1.500,,CIR_FLANGE_2/NOMINAL - CS_ABC - C-Zone - XZ - Nominal
Pos. Tol.,POS_3,PTOL,0.575,0.000,0.575,0.000,1.500,,CIR_FLANGE_3/NOMINAL - CS_ABC - C-Zone - XZ - Nominal
Pos. Tol.,POS_4,PTOL,0.143,0.000,0.143,0.000,1.500,,CIR_FLANGE_4/NOMINAL - CS_ABC - C-Zone - XZ - Nominal
Pos. Tol.,POS_5,PTOL,0.162,0.000,0.162,0.000,1.500,,CIR_FLANGE_5/NOMINAL - CS_ABC - C-Zone - XZ - Nominal
Pos. Tol.,POS_6,PTOL,0.655,0.000,0.655,0.000,1.500,,CIR_FLANGE_6/NOMINAL - CS_ABC - C-Zone - XZ - Nominal
Pos. Tol.,POS_7,PTOL,0.499,0.000,0.499,0.000,1.500,,CIR_FLANGE_7/NOMINAL - CS_ABC - C-Zone - XZ - Nominal
Pos. Tol.,POS_8,PTOL,0.349,0.000,0.349,0.000,1.500,,CIR_FLANGE_8/NOMINAL - CS_ABC - C-Zone - XZ - Nominal
Flatness,FLATNESS_A,FLTN,0.503,0.000,0.503,0.000,2.000,,PL_DATUM_A
