Feat. Type,Feat. Name,Value,Actual,Nominal,Dev.,Tol-,Tol+,Out of Tol.,Comment
Text/Value,VAR_PROGRAM,VAL,,,,,,,'N:\Metrolog XG\Programmes\Ford 3,5L GTDI 2017\Ford 3.5L Free State (Module 44).gm2'
Text/Value,VAR_EVENEMENT,VAL,,,,,,,'PPAP'
Text/Value,VAR_COMMENTAIRES,VAL,,,,,,,'PART NO.5'
Circle,CIR_FLANGE_1,X,-16.067,-15.944,-0.123,,,,Criterion : Least Square (From 8 Pts On PL_FLANGE_1) 
Circle,CIR_FLANGE_1,Z,-48.718,-48.650,-0.068,,,,
Circle,CIR_FLANGE_2,X,-43.664,-43.444,-0.220,,,,Criterion : Least Square (From 8 Pts On PL_FLANGE_2) 
Circle,CIR_FLANGE_2,Z,52.824,52.850,-0.026,,,,
Circle,CIR_FLANGE_3,X,-16.254,-15.944,-0.310,,,,Criterion : Least Square (From 8 Pts On PL_FLANGE_3) 
Circle,CIR_FLANGE_3,Z,158.768,158.849,-0.081,,,,
Circle,CIR_FLANGE_4,X,-43.427,-43.444,0.017,,,,Criterion : Least Square (From 8 Pts On PL_FLANGE_4) 
Circle,CIR_FLANGE_4,Z,264.853,264.849,0.004,,,,
Circle,CIR_FLANGE_5,X,-221.837,-221.700,-0.137,,,,Criterion : Least Square (From 8 Pts On PL_FLANGE_5) 
Circle,CIR_FLANGE_5,Z,296.933,296.849,0.084,,,,
Circle,CIR_FLANGE_6,X,-195.085,-195.208,0.123,,,,Criterion : Least Square (From 8 Pts On PL_FLANGE_6) 
Circle,CIR_FLANGE_6,Z,195.482,195.349,0.133,,,,
Circle,CIR_FLANGE_7,X,-222.632,-222.700,0.068,,,,Criterion : Least Square (From 8 Pts On PL_FLANGE_7) 
Circle,CIR_FLANGE_7,Z,89.497,89.349,0.148,,,,
Circle,CIR_FLANGE_8,X,-195.197,-195.208,0.011,,,,Criterion : Least Square (From 8 Pts On PL_FLANGE_8) 
Circle,CIR_FLANGE_8,Z,-16.563,-16.651,0.088,,,,
Distance,BOSS_HEIGHT_1,D1,26.096,25.900,0.196,-0.200,0.100,0.096,CIR_TOP_1 - CIR_FLANGE_1 / CS_BF_MNTG_POINTS
Distance,BOSS_HEIGHT_2,D1,25.979,25.900,0.079,-0.200,0.100,,CIR_TOP_2 - CIR_FLANGE_2 / CS_BF_MNTG_POINTS
Distance,BOSS_HEIGHT_3,D1,26.007,25.900,0.107,-0.200,0.100,0.007,CIR_TOP_3 - CIR_FLANGE_3 / CS_BF_MNTG_POINTS
Distance,BOSS_HEIGHT_4,D1,26.188,25.900,0.288,-0.200,0.100,0.188,CIR_TOP_4 - CIR_FLANGE_4 / CS_BF_MNTG_POINTS
Distance,BOSS_HEIGHT_5,D1,26.027,25.900,0.127,-0.200,0.100,0.027,CIR_TOP_5 - CIR_FLANGE_5 / CS_BF_MNTG_POINTS
Distance,BOSS_HEIGHT_6,D1,25.993,25.900,0.093,-0.200,0.100,,CIR_TOP_6 - CIR_FLANGE_6 / CS_BF_MNTG_POINTS
Distance,BOSS_HEIGHT_7,D1,26.042,25.900,0.142,-0.200,0.100,0.042,CIR_TOP_7 - CIR_FLANGE_7 / CS_BF_MNTG_POINTS
Distance,BOSS_HEIGHT_8,D1,26.078,25.900,0.178,-0.200,0.100,0.078,CIR_TOP_8 - CIR_FLANGE_8 / CS_BF_MNTG_POINTS
Pos. Tol.,POS_1,PTOL,0.282,0.000,0.282,0.000,1.500,,CIR_FLANGE_1/NOMINAL - CS_ABC - C-Zone - XZ - Nominal
Pos. Tol.,POS_2,PTOL,0.444,0.000,0.444,0.000,1.500,,CIR_FLANGE_2/NOMINAL - CS_ABC - C-Zone - XZ - Nominal
Pos. Tol.,POS_3,PTOL,0.640,0.000,0.640,0.000,1.500,,CIR_FLANGE_3/NOMINAL - CS_ABC - C-Zone - XZ - Nominal
Pos. Tol.,POS_4,PTOL,0.035,0.000,0.035,0.000,1.500,,CIR_FLANGE_4/NOMINAL - CS_ABC - C-Zone - XZ - Nominal
Pos. Tol.,POS_5,PTOL,0.322,0.000,0.322,0.000,1.500,,CIR_FLANGE_5/NOMINAL - CS_ABC - C-Zone - XZ - Nominal
Pos. Tol.,POS_6,PTOL,0.362,0.000,0.362,0.000,1.500,,CIR_FLANGE_6/NOMINAL - CS_ABC - C-Zone - XZ - Nominal
Pos. Tol.,POS_7,PTOL,0.325,0.000,0.325,0.000,1.500,,CIR_FLANGE_7/NOMINAL - CS_ABC - C-Zone - XZ - Nominal
Pos. Tol.,POS_8,PTOL,0.177,0.000,0.177,0.000,1.500,,CIR_FLANGE_8/NOMINAL - CS_ABC - C-Zone - XZ - Nominal
