Feat. Type,Feat. Name,Value,Actual,Nominal,Dev.,Tol-,Tol+,Out of Tol.,Comment
Text/Value,VAR_PROGRAM,VAL,,,,,,,'N:\Metrolog XG\Programmes\I4 Moule 1\I4 Complete Moule 1 (Module 44).gm2'
Text/Value,VAR_EVENEMENT,VAL,,,,,,,'Dem'
Text/Value,VAR_COMMENTAIRES,VAL,,,,,,,'237 C'
Text/Value,PROFILE_A,VAL,0.267521,0.000000,0.267521,0.000000,0.500000,,
Circle,CIR_B,DIAM,7.112,7.000,0.112,-0.100,0.100,0.012,Criterion : Least Square (From 10 Pts On PL_FIXTURE) 
Circle,CIR_B,X,-0.100,0.000,-0.100,,,,
Circle,CIR_B,Z,-0.120,0.000,-0.120,,,,
Circle,CIR_1,X,-40.092,-40.000,-0.092,,,,From 4 Pts On PL_FIXTURE
Circle,CIR_1,Z,-184.230,-184.000,-0.230,,,,
Circle,CIR_2,X,-33.157,-33.000,-0.157,,,,From 4 Pts On PL_FIXTURE
Circle,CIR_2,Z,-0.107,-0.000,-0.107,,,,
Circle,CIR_3,X,-32.075,-32.000,-0.075,,,,From 4 Pts On PL_FIXTURE
Circle,CIR_3,Z,189.571,189.500,0.071,,,,
Circle,CIR_4,X,-0.166,-0.000,-0.166,,,,From 4 Pts On PL_FIXTURE
Circle,CIR_4,Z,96.042,96.000,0.042,,,,
Circle,CIR_5,X,-0.234,-0.000,-0.234,,,,From 4 Pts On PL_FIXTURE
Circle,CIR_5,Z,-96.189,-96.000,-0.189,,,,
Circle,CIR_6,X,-300.184,-300.100,-0.084,,,,From 4 Pts On PL_FIXTURE_6
Circle,CIR_6,Z,-53.974,-54.000,0.026,,,,
Distance,OP1_WIDTH_1,D1,2.957,2.930,0.027,-0.150,0.150,,OP1_P2 - OP1_P4 / OP1_CS
Distance,OP1_WIDTH_2,D1,2.905,2.930,-0.025,-0.150,0.150,,OP1_P7 - OP1_P9 / OP1_CS
Distance,OP1_WIDTH_3,D1,2.992,2.930,0.062,-0.150,0.150,,OP1_P11 - OP1_P13 / OP1_CS
Distance,OP1_WIDTH_4,D1,2.927,2.930,-0.003,-0.150,0.150,,OP1_P15 - OP1_P17 / OP1_CS
Distance,OP1_WIDTH_5,D1,2.776,2.930,-0.154,-0.180,0.150,,OP1_P19 - OP1_P21 / OP1_CS
Distance,OP1_WIDTH_6,D1,2.994,2.930,0.064,-0.150,0.150,,OP1_P23 - OP1_P25 / OP1_CS
Distance,OP1_WIDTH_7,D1,2.882,2.930,-0.048,-0.150,0.150,,OP1_P28 - OP1_P30 / OP1_CS
Distance,OP1_WIDTH_8,D1,2.837,2.930,-0.093,-0.150,0.150,,OP1_P33 - OP1_P35 / OP1_CS
Distance,OP1_WIDTH_9,D1,2.824,2.930,-0.106,-0.150,0.150,,OP1_P38 - OP1_P40 / OP1_CS
Distance,OP1_WIDTH_10,D1,2.897,2.930,-0.033,-0.150,0.150,,OP1_P43 - OP1_P45 / OP1_CS
Distance,OP1_WIDTH_11,D1,2.764,2.930,-0.166,-0.180,0.150,,OP1_P48 - OP1_P50 / OP1_CS
Distance,OP1_DEPTH_1,Y,4.576,4.500,0.076,-0.250,0.250,,OP1_P3 - PL_FIXTURE / OP1_CS
Distance,OP1_DEPTH_2,Y,4.563,4.500,0.063,-0.250,0.250,,OP1_P8 - PL_FIXTURE / OP1_CS
Distance,OP1_DEPTH_3,Y,4.533,4.500,0.033,-0.250,0.250,,OP1_P12 - PL_FIXTURE / OP1_CS
Distance,OP1_DEPTH_4,Y,4.436,4.500,-0.064,-0.250,0.250,,OP1_P16 - PL_FIXTURE / OP1_CS
Distance,OP1_DEPTH_5,Y,4.477,4.500,-0.023,-0.250,0.250,,OP1_P20 - PL_FIXTURE / OP1_CS
Distance,OP1_DEPTH_6,Y,4.514,4.500,0.014,-0.250,0.250,,OP1_P24 - PL_FIXTURE / OP1_CS
Distance,OP1_DEPTH_7,Y,4.499,4.500,-0.001,-0.250,0.250,,OP1_P29 - PL_FIXTURE / OP1_CS
Distance,OP1_DEPTH_8,Y,4.553,4.500,0.053,-0.250,0.250,,OP1_P34 - PL_FIXTURE / OP1_CS
Distance,OP1_DEPTH_9,Y,4.553,4.500,0.053,-0.250,0.250,,OP1_P39 - PL_FIXTURE / OP1_CS
Distance,OP1_DEPTH_10,Y,4.541,4.500,0.041,-0.250,0.250,,OP1_P44 - PL_FIXTURE / OP1_CS
Distance,OP1_DEPTH_11,Y,4.575,4.500,0.075,-0.250,0.250,,OP1_P49 - PL_FIXTURE / OP1_CS
Distance,OP2_WIDTH_1,D1,2.984,2.930,0.054,-0.150,0.150,,OP2_P2 - OP2_P4 / OP2_CS
Distance,OP2_WIDTH_2,D1,2.991,2.930,0.061,-0.180,0.150,,OP2_P7 - OP2_P9 / OP2_CS
Distance,OP2_WIDTH_3,D1,2.971,2.930,0.041,-0.150,0.150,,OP2_P11 - OP2_P13 / OP2_CS
Distance,OP2_WIDTH_4,D1,2.976,2.930,0.046,-0.150,0.150,,OP2_P15 - OP2_P17 / OP2_CS
Distance,OP2_WIDTH_5,D1,2.928,2.930,-0.002,-0.150,0.150,,OP2_P19 - OP2_P21 / OP2_CS
Distance,OP2_WIDTH_6,D1,2.968,2.930,0.038,-0.150,0.150,,OP2_P23 - OP2_P25 / OP2_CS
Distance,OP2_WIDTH_7,D1,2.895,2.930,-0.035,-0.150,0.150,,OP2_P28 - OP2_P30 / OP2_CS
Distance,OP2_WIDTH_8,D1,2.884,2.930,-0.046,-0.150,0.150,,OP2_P33 - OP2_P35 / OP2_CS
Distance,OP2_WIDTH_9,D1,2.905,2.930,-0.025,-0.150,0.150,,OP2_P38 - OP2_P40 / OP2_CS
Distance,OP2_WIDTH_10,D1,2.906,2.930,-0.024,-0.150,0.150,,OP2_P43 - OP2_P45 / OP2_CS
Distance,OP2_WIDTH_11,D1,2.860,2.930,-0.070,-0.150,0.150,,OP2_P48 - OP2_P50 / OP2_CS
Distance,OP2_DEPTH_1,Y,4.706,4.500,0.206,-0.250,0.250,,OP2_P3 - PL_FIXTURE / OP2_CS
Distance,OP2_DEPTH_2,Y,4.685,4.500,0.185,-0.250,0.250,,OP2_P8 - PL_FIXTURE / OP2_CS
Distance,OP2_DEPTH_3,Y,4.715,4.500,0.215,-0.250,0.250,,OP2_P12 - PL_FIXTURE / OP2_CS
Distance,OP2_DEPTH_4,Y,4.571,4.500,0.071,-0.250,0.250,,OP2_P16 - PL_FIXTURE / OP2_CS
Distance,OP2_DEPTH_5,Y,4.557,4.500,0.057,-0.250,0.250,,OP2_P20 - PL_FIXTURE / OP2_CS
Distance,OP2_DEPTH_6,Y,4.548,4.500,0.048,-0.250,0.250,,OP2_P24 - PL_FIXTURE / OP2_CS
Distance,OP2_DEPTH_7,Y,4.559,4.500,0.059,-0.250,0.250,,OP2_P29 - PL_FIXTURE / OP2_CS
Distance,OP2_DEPTH_8,Y,4.604,4.500,0.104,-0.250,0.250,,OP2_P34 - PL_FIXTURE / OP2_CS
Distance,OP2_DEPTH_9,Y,4.562,4.500,0.062,-0.250,0.250,,OP2_P39 - PL_FIXTURE / OP2_CS
Distance,OP2_DEPTH_10,Y,4.635,4.500,0.135,-0.250,0.250,,OP2_P44 - PL_FIXTURE / OP2_CS
Distance,OP2_DEPTH_11,Y,4.630,4.500,0.130,-0.250,0.250,,OP2_P49 - PL_FIXTURE / OP2_CS
Distance,OP3_WIDTH_1,D1,2.945,2.930,0.015,-0.150,0.150,,OP3_P2 - OP3_P4 / OP3_CS
Distance,OP3_WIDTH_2,D1,3.075,2.930,0.145,-0.150,0.150,,OP3_P7 - OP3_P9 / OP3_CS
Distance,OP3_WIDTH_3,D1,2.986,2.930,0.056,-0.150,0.150,,OP3_P11 - OP3_P13 / OP3_CS
Distance,OP3_WIDTH_4,D1,3.004,2.930,0.074,-0.150,0.150,,OP3_P15 - OP3_P17 / OP3_CS
Distance,OP3_WIDTH_5,D1,2.943,2.930,0.013,-0.150,0.150,,OP3_P19 - OP3_P21 / OP3_CS
Distance,OP3_WIDTH_6,D1,2.958,2.930,0.028,-0.150,0.150,,OP3_P23 - OP3_P25 / OP3_CS
Distance,OP3_WIDTH_7,D1,2.857,2.930,-0.073,-0.150,0.150,,OP3_P28 - OP3_P30 / OP3_CS
Distance,OP3_WIDTH_8,D1,2.822,2.930,-0.108,-0.150,0.150,,OP3_P33 - OP3_P35 / OP3_CS
Distance,OP3_WIDTH_9,D1,2.835,2.930,-0.095,-0.150,0.150,,OP3_P38 - OP3_P40 / OP3_CS
Distance,OP3_WIDTH_10,D1,2.838,2.930,-0.092,-0.150,0.150,,OP3_P43 - OP3_P45 / OP3_CS
Distance,OP3_WIDTH_11,D1,2.797,2.930,-0.133,-0.150,0.150,,OP3_P48 - OP3_P50 / OP3_CS
Distance,OP3_DEPTH_1,Y,4.588,4.500,0.088,-0.250,0.250,,OP3_P3 - PL_FIXTURE / OP3_CS
Distance,OP3_DEPTH_2,Y,4.538,4.500,0.038,-0.250,0.250,,OP3_P8 - PL_FIXTURE / OP3_CS
Distance,OP3_DEPTH_3,Y,4.651,4.500,0.151,-0.250,0.250,,OP3_P12 - PL_FIXTURE / OP3_CS
Distance,OP3_DEPTH_4,Y,4.616,4.500,0.116,-0.250,0.250,,OP3_P16 - PL_FIXTURE / OP3_CS
Distance,OP3_DEPTH_5,Y,4.695,4.500,0.195,-0.250,0.250,,OP3_P20 - PL_FIXTURE / OP3_CS
Distance,OP3_DEPTH_6,Y,4.585,4.500,0.085,-0.250,0.250,,OP3_P24 - PL_FIXTURE / OP3_CS
Distance,OP3_DEPTH_7,Y,4.571,4.500,0.071,-0.250,0.250,,OP3_P29 - PL_FIXTURE / OP3_CS
Distance,OP3_DEPTH_8,Y,4.636,4.500,0.136,-0.250,0.250,,OP3_P34 - PL_FIXTURE / OP3_CS
Distance,OP3_DEPTH_9,Y,4.651,4.500,0.151,-0.250,0.250,,OP3_P39 - PL_FIXTURE / OP3_CS
Distance,OP3_DEPTH_10,Y,4.669,4.500,0.169,-0.250,0.250,,OP3_P44 - PL_FIXTURE / OP3_CS
Distance,OP3_DEPTH_11,Y,4.672,4.500,0.172,-0.250,0.250,,OP3_P49 - PL_FIXTURE / OP3_CS
Distance,OP4_WIDTH_1,D1,2.843,2.930,-0.087,-0.150,0.150,,OP4_P2 - OP4_P4 / OP4_CS
Distance,OP4_WIDTH_2,D1,2.881,2.930,-0.049,-0.150,0.150,,OP4_P7 - OP4_P9 / OP4_CS
Distance,OP4_WIDTH_3,D1,3.066,2.930,0.136,-0.150,0.150,,OP4_P11 - OP4_P13 / OP4_CS
Distance,OP4_WIDTH_4,D1,3.050,2.930,0.120,-0.150,0.150,,OP4_P15 - OP4_P17 / OP4_CS
Distance,OP4_WIDTH_5,D1,2.873,2.930,-0.057,-0.150,0.150,,OP4_P19 - OP4_P21 / OP4_CS
Distance,OP4_WIDTH_6,D1,2.908,2.930,-0.022,-0.150,0.150,,OP4_P23 - OP4_P25 / OP4_CS
Distance,OP4_WIDTH_7,D1,2.874,2.930,-0.056,-0.150,0.150,,OP4_P28 - OP4_P30 / OP4_CS
Distance,OP4_WIDTH_8,D1,2.935,2.930,0.005,-0.150,0.150,,OP4_P33 - OP4_P35 / OP4_CS
Distance,OP4_WIDTH_9,D1,2.840,2.930,-0.090,-0.150,0.150,,OP4_P38 - OP4_P40 / OP4_CS
Distance,OP4_WIDTH_10,D1,2.908,2.930,-0.022,-0.150,0.150,,OP4_P43 - OP4_P45 / OP4_CS
Distance,OP4_WIDTH_11,D1,2.782,2.930,-0.148,-0.150,0.150,,OP4_P48 - OP4_P50 / OP4_CS
Distance,OP4_DEPTH_1,Y,4.541,4.500,0.041,-0.250,0.250,,OP4_P3 - PL_FIXTURE / OP4_CS
Distance,OP4_DEPTH_2,Y,4.456,4.500,-0.044,-0.250,0.250,,OP4_P8 - PL_FIXTURE / OP4_CS
Distance,OP4_DEPTH_3,Y,4.488,4.500,-0.012,-0.250,0.250,,OP4_P12 - PL_FIXTURE / OP4_CS
Distance,OP4_DEPTH_4,Y,4.545,4.500,0.045,-0.250,0.250,,OP4_P16 - PL_FIXTURE / OP4_CS
Distance,OP4_DEPTH_5,Y,4.558,4.500,0.058,-0.250,0.250,,OP4_P20 - PL_FIXTURE / OP4_CS
Distance,OP4_DEPTH_6,Y,4.574,4.500,0.074,-0.250,0.250,,OP4_P24 - PL_FIXTURE / OP4_CS
Distance,OP4_DEPTH_7,Y,4.584,4.500,0.084,-0.250,0.250,,OP4_P29 - PL_FIXTURE / OP4_CS
Distance,OP4_DEPTH_8,Y,4.491,4.500,-0.009,-0.250,0.250,,OP4_P34 - PL_FIXTURE / OP4_CS
Distance,OP4_DEPTH_9,Y,4.515,4.500,0.015,-0.250,0.250,,OP4_P39 - PL_FIXTURE / OP4_CS
Distance,OP4_DEPTH_10,Y,4.552,4.500,0.052,-0.250,0.250,,OP4_P44 - PL_FIXTURE / OP4_CS
Distance,OP4_DEPTH_11,Y,4.529,4.500,0.029,-0.250,0.250,,OP4_P49 - PL_FIXTURE / OP4_CS
Circle,CIR_7,X,-101.548,-101.900,0.352,,,,Inters. PL_PLAST_7 - CYL_7.
Circle,CIR_7,Y,12.815,13.400,-0.585,,,,
Circle,CIR_7,Z,233.800,233.000,0.800,,,,
Circle,CIR_8,DIAM,14.673,14.675,-0.002,-0.075,0.075,,Criterion : Least Square (From 10 Pts On PL_PLAST_8) 
Circle,CIR_8,X,-199.048,-199.900,0.852,,,,
Circle,CIR_8,Z,101.695,101.200,0.495,,,,
Circle,CIR_9_5.5MM,DIAM,19.981,20.000,-0.019,-0.050,0.050,,Criterion : Least Square (From 8 Pts On PL_PLAST_9) 
Circle,CIR_9_5.5MM,X,-111.052,-112.100,1.048,,,,
Circle,CIR_9_5.5MM,Y,144.931,144.900,0.031,,,,
Circle,CIR_9_5.5MM,Z,201.577,201.500,0.077,,,,
Plane,PL_D,F.F.,0.279,,0.279,,,,Criterion : Least Square (From 13 Pts) 
Circle,CIR_10,DIAM,64.907,65.000,-0.093,-0.500,0.500,,Criterion : Least Square (From 12 Pts On PL_D) 
Circle,CIR_10,X,-80.070,-80.500,0.430,,,,
Circle,CIR_10,Y,86.737,87.100,-0.363,,,,
Circle,CIR_10,Z,232.997,232.330,0.667,,,,
Circle,CIR_11,X,-96.041,-96.800,0.759,,,,Criterion : Least Square (From 6 Pts On PL_INS_11) 
Circle,CIR_11,Y,46.650,47.290,-0.640,,,,
Circle,CIR_11,Z,249.266,248.580,0.686,,,,
Circle,CIR_12,X,-107.972,-108.693,0.721,,,,Criterion : Least Square (From 6 Pts On PL_INS_12) 
Circle,CIR_12,Y,109.412,110.079,-0.667,,,,
Circle,CIR_12,Z,261.282,260.479,0.803,,,,
Circle,CIR_13,X,-64.198,-64.297,0.099,,,,Criterion : Least Square (From 6 Pts On PL_INS_13) 
Circle,CIR_13,Y,126.517,126.902,-0.385,,,,
Circle,CIR_13,Z,216.590,216.083,0.506,,,,
Circle,CIR_14,X,-51.939,-52.402,0.463,,,,Criterion : Least Square (From 6 Pts On PL_INS_14) 
Circle,CIR_14,Y,63.694,64.116,-0.422,,,,
Circle,CIR_14,Z,204.695,204.188,0.507,,,,
Circle,2D_CIR_11,Y,-32.609,-32.500,-0.109,,,,
Circle,2D_CIR_11,Z,32.609,32.500,0.109,,,,
Circle,2D_CIR_12,Y,32.396,32.500,-0.104,,,,
Circle,2D_CIR_12,Z,32.298,32.500,-0.202,,,,
Circle,2D_CIR_13,Y,32.306,32.500,-0.194,,,,
Circle,2D_CIR_13,Z,-32.556,-32.500,-0.056,,,,
Circle,2D_CIR_14,Y,-32.797,-32.500,-0.297,,,,
Circle,2D_CIR_14,Z,-32.368,-32.500,0.132,,,,
Distance,H11,X,0.227,0.000,0.227,0.000,0.500,,CIR_11 - PL_PLAST_11 / CS_DE_BF
Distance,H12,X,0.256,-0.000,0.256,0.000,0.500,,CIR_12 - PL_PLAST_12 / CS_DE_BF
Distance,H13,X,0.318,-0.000,0.318,0.000,0.500,,CIR_13 - PL_PLAST_13 / CS_DE_BF
Distance,H14,X,0.234,0.000,0.234,0.000,0.500,,CIR_14 - PL_PLAST_14 / CS_DE_BF
Distance,DP_11,X,-18.504,-17.377,-1.127,,,,PNT_BOTTOM_11 - PL_INS_11 / CS_11
Distance,DP_12,X,-18.493,-17.386,-1.107,,,,PNT_BOTTOM_12 - PL_INS_12 / CS_12
Distance,DP_13,X,-18.668,-17.763,-0.906,,,,PNT_BOTTOM_13 - PL_INS_13 / CS_13
Distance,DP_14,X,-18.479,-17.530,-0.950,,,,PNT_BOTTOM_14 - PL_INS_14 / CS_14
Distance,WIDTH_TB.1,D1,2.992,3.000,-0.008,-0.150,0.150,,0W2.25.1 - IW2.25.1 / CS_DE_BF_ROT_TOL
Distance,WIDTH_TB.2,D1,2.888,3.000,-0.112,-0.150,0.150,,0W2.25.2 - IW2.25.2 / CS_DE_BF_ROT_TOL
Distance,WIDTH_TB.3,D1,2.989,3.000,-0.011,-0.150,0.150,,0W2.25.3 - IW2.25.3 / CS_DE_BF_ROT_TOL
Distance,WIDTH_TB.4,D1,2.927,3.000,-0.073,-0.150,0.150,,0W2.25.4 - IW2.25.4 / CS_DE_BF_ROT_TOL
Distance,WIDTH_TB.5,D1,2.993,3.000,-0.007,-0.150,0.150,,0W2.25.5 - IW2.25.5 / CS_DE_BF_ROT_TOL
Distance,WIDTH_TB.6,D1,2.966,3.000,-0.034,-0.150,0.150,,0W2.25.6 - IW2.25.6 / CS_DE_BF_ROT_TOL
Distance,WIDTH_TB.7,D1,3.010,3.000,0.010,-0.150,0.150,,0W2.25.7 - IW2.25.7 / CS_DE_BF_ROT_TOL
Distance,WIDTH_TB.8,D1,2.928,3.000,-0.072,-0.150,0.150,,0W2.25.8 - IW2.25.8 / CS_DE_BF_ROT_TOL
Distance,DEPTH_TB.1,D1,4.466,4.500,-0.034,-0.250,0.250,,TB_DP.1 - PL_D / CS_DE_BF_ROT_TOL
Distance,DEPTH_TB.2,D1,4.417,4.500,-0.083,-0.250,0.250,,TB_DP.2 - PL_D / CS_DE_BF_ROT_TOL
Distance,DEPTH_TB.3,D1,4.407,4.500,-0.093,-0.250,0.250,,TB_DP.3 - PL_D / CS_DE_BF_ROT_TOL
Distance,DEPTH_TB.4,D1,4.508,4.500,0.008,-0.250,0.250,,TB_DP.4 - PL_D / CS_DE_BF_ROT_TOL
Distance,DEPTH_TB.5,D1,4.530,4.500,0.030,-0.250,0.250,,TB_DP.5 - PL_D / CS_DE_BF_ROT_TOL
Distance,DEPTH_TB.6,D1,4.519,4.500,0.019,-0.250,0.250,,TB_DP.6 - PL_D / CS_DE_BF_ROT_TOL
Distance,DEPTH_TB.7,D1,4.578,4.500,0.078,-0.250,0.250,,TB_DP.7 - PL_D / CS_DE_BF_ROT_TOL
Distance,DEPTH_TB.8,D1,4.586,4.500,0.086,-0.250,0.250,,TB_DP.8 - PL_D / CS_DE_BF_ROT_TOL
Circle,CIR_15,DIAM,18.180,18.000,0.180,-0.250,0.250,,Criterion : Least Square (From 8 Pts On PL_PLAST_15) 
Circle,CIR_15,Y,110.641,111.000,-0.359,,,,
Circle,CIR_15,Z,-151.406,-150.500,-0.906,,,,
Circle,CIR_16,DIAM,18.100,18.000,0.100,-0.250,0.250,,Criterion : Least Square (From 8 Pts On PL_PLAST_16) 
Circle,CIR_16,Y,109.901,111.000,-1.099,,,,
Circle,CIR_16,Z,151.987,151.500,0.487,,,,
Circle,CIR_17,DIAM,6.386,6.500,-0.114,-0.200,0.200,,Criterion : Least Square (From 6 Pts On PL_PLAST_17) 
Circle,CIR_17,X,-111.839,-112.600,0.761,,,,
Circle,CIR_17,Z,151.932,151.500,0.432,,,,
Circle,CIR_18,DIAM,5.026,5.000,0.026,-0.200,0.200,,Criterion : Least Square (From 6 Pts On PL_PLAST_18_19) 
Circle,CIR_18,X,-233.779,-234.500,0.721,,,,
Circle,CIR_18,Y,58.289,58.500,-0.211,,,,
Circle,CIR_18,Z,38.035,38.100,-0.065,,,,
Circle,CIR_19,DIAM,6.625,6.500,0.125,-0.200,0.200,,Criterion : Least Square (From 6 Pts On PL_PLAST_18_19) 
Circle,CIR_19,X,-234.044,-234.500,0.456,,,,
Circle,CIR_19,Y,70.870,71.000,-0.130,,,,
Circle,CIR_19,Z,38.349,38.100,0.249,,,,
Circle,CIR_20,DIAM,6.537,6.500,0.037,-0.200,0.200,,Criterion : Least Square (From 6 Pts On PL_PLAST_20) 
Circle,CIR_20,X,-158.038,-158.500,0.462,,,,
Circle,CIR_20,Z,-123.049,-123.900,0.851,,,,
Circle,CIR_21,DIAM,6.735,6.500,0.235,-0.200,0.200,0.035,Criterion : Least Square (From 6 Pts On PL_PLAST_21_22) 
Circle,CIR_21,X,-251.399,-251.700,0.301,,,,
Circle,CIR_21,Z,-38.818,-39.000,0.182,,,,
Circle,CIR_22,DIAM,5.153,5.000,0.153,-0.200,0.200,,Criterion : Least Square (From 6 Pts On PL_PLAST_21_22) 
Circle,CIR_22,X,0.000,0.000,0.000,,,,
Circle,CIR_22,Z,-12.611,-12.500,-0.111,,,,
Circle,CIR_23,DIAM,6.544,6.500,0.044,-0.200,0.200,,Criterion : Least Square (From 6 Pts On PL_PLAST_23_24) 
Circle,CIR_23,X,-30.739,-31.600,0.861,,,,
Circle,CIR_23,Z,-90.716,-91.500,0.784,,,,
Circle,CIR_24,DIAM,5.206,5.000,0.206,-0.200,0.200,0.006,Criterion : Least Square (From 6 Pts On PL_PLAST_23_24) 
Circle,CIR_24,X,12.231,12.500,-0.269,,,,
Circle,CIR_24,Z,-0.000,0.000,0.000,,,,
Circle,CIR_25,DIAM,6.589,6.500,0.089,-0.200,0.200,,Criterion : Least Square (From 6 Pts On PL_PLAST_25) 
Circle,CIR_25,Y,111.017,111.000,0.017,,,,
Circle,CIR_25,Z,-106.203,-105.500,-0.703,,,,
Circle,CIR_26,DIAM,6.441,6.500,-0.059,-0.200,0.200,,Criterion : Least Square (From 6 Pts On PL_PLAST_26) 
Circle,CIR_26,Y,97.208,98.000,-0.792,,,,
Circle,CIR_26,Z,195.027,194.500,0.527,,,,
Pos. Tol.,POS_B,PTOL,0.313,0.000,0.313,0.000,0.300,0.013,CIR_B(M)/NOMINAL - CS_ABC_BF_SURFACE - C-Zone - XZ - Nominal
Distance,DIM_X_C,D1,185.016,184.993,0.023,,,,PNT_C - ORIGIN / CS_ABC_BF_SURFACE
Distance,DIM_X_C,D2,,,,,,,
Distance,DIM_X_C,X,0.029,0.000,0.029,-0.150,0.150,,
Distance,DIM_X_C,Y,0.000,-0.000,0.000,,,,
Distance,DIM_X_C,Z,185.016,184.993,0.023,,,,
Distance,DIM_Z_C,D1,185.016,184.993,0.023,,,,PNT_C - ORIGIN / CS_ABC_BF
Distance,DIM_Z_C,D2,,,,,,,
Distance,DIM_Z_C,X,0.029,0.000,0.029,,,,
Distance,DIM_Z_C,Y,0.000,-0.000,0.000,,,,
Distance,DIM_Z_C,Z,185.016,185.000,0.016,-0.350,0.350,,
Pos. Tol.,POS_1,PTOL,0.496,0.000,0.496,0.000,1.000,,CIR_1/NOMINAL - CS_ABC_BF_SURFACE - C-Zone - XZ - Nominal
Pos. Tol.,POS_2,PTOL,0.380,0.000,0.380,0.000,1.000,,CIR_2/NOMINAL - CS_ABC_BF_SURFACE - C-Zone - XZ - Nominal
Pos. Tol.,POS_3,PTOL,0.206,0.000,0.206,0.000,1.000,,CIR_3/NOMINAL - CS_ABC_BF_SURFACE - C-Zone - XZ - Nominal
Pos. Tol.,POS_4,PTOL,0.343,0.000,0.343,0.000,1.000,,CIR_4/NOMINAL - CS_ABC_BF_SURFACE - C-Zone - XZ - Nominal
Pos. Tol.,POS_5,PTOL,0.602,0.000,0.602,0.000,1.000,,CIR_5/NOMINAL - CS_ABC_BF_SURFACE - C-Zone - XZ - Nominal
Pos. Tol.,POS_6,PTOL,0.176,0.000,0.176,0.000,1.000,,CIR_6/NOMINAL - CS_ABC_BF_SURFACE - C-Zone - XZ - Nominal
Pos. Tol.,POS_7,PTOL,2.103,0.000,2.103,0.000,3.000,,CIR_7/NOMINAL - CS_ABC_BF_SURFACE - C-Zone - XYZ - Nominal
Pos. Tol.,POS_8,PTOL,1.971,0.000,1.971,0.000,3.000,,CIR_8/NOMINAL - CS_ABC_BF_SURFACE - C-Zone - XZ - Nominal
Pos. Tol.,POS_9,PTOL,2.102,0.000,2.102,0.000,3.000,,CIR_9_5.5MM/NOMINAL - CS_ABC_BF_SURFACE - C-Zone - XYZ - Nominal
Pos. Tol.,POS_10,PTOL,1.746,0.000,1.746,0.000,4.000,,CIR_10/NOMINAL - CS_ABC_BF_SURFACE - C-Zone - XYZ - Nominal
Pos. Tol.,POS_11,PTOL,2.414,0.000,2.414,0.000,4.000,,CIR_11/NOMINAL - CS_ABC_BF_SURFACE - C-Zone - XYZ - Nominal
Pos. Tol.,POS_12,PTOL,2.538,0.000,2.538,0.000,4.000,,CIR_12/NOMINAL - CS_ABC_BF_SURFACE - C-Zone - XYZ - Nominal
Pos. Tol.,POS_13,PTOL,1.287,0.000,1.287,0.000,4.000,,CIR_13/NOMINAL - CS_ABC_BF_SURFACE - C-Zone - XYZ - Nominal
Pos. Tol.,POS_14,PTOL,1.612,0.000,1.612,0.000,4.000,,CIR_14/NOMINAL - CS_ABC_BF_SURFACE - C-Zone - XYZ - Nominal
Pos. Tol.,POS_2D_11,PTOL,0.308,0.000,0.308,0.000,0.650,,2D_CIR_11/NOMINAL - CS_DE_BF - C-Zone - YZ - Nominal
Pos. Tol.,POS_2D_12,PTOL,0.454,0.000,0.454,0.000,0.650,,2D_CIR_12/NOMINAL - CS_DE_BF - C-Zone - YZ - Nominal
Pos. Tol.,POS_2D_13,PTOL,0.403,0.000,0.403,0.000,0.650,,2D_CIR_13/NOMINAL - CS_DE_BF - C-Zone - YZ - Nominal
Pos. Tol.,POS_2D_14,PTOL,0.650,0.000,0.650,0.000,0.650,0.000,2D_CIR_14/NOMINAL - CS_DE_BF - C-Zone - YZ - Nominal
Pos. Tol.,POS_15,PTOL,1.949,0.000,1.949,0.000,4.000,,CIR_15/NOMINAL - CS_ABC_BF_SURFACE - C-Zone - YZ - Nominal
Pos. Tol.,POS_16,PTOL,2.404,0.000,2.404,0.000,4.000,,CIR_16/NOMINAL - CS_ABC_BF_SURFACE - C-Zone - YZ - Nominal
Pos. Tol.,POS_17,PTOL,1.749,0.000,1.749,0.000,3.000,,CIR_17/NOMINAL - CS_ABC_BF_SURFACE - C-Zone - XZ - Nominal
Pos. Tol.,POS_18,PTOL,1.509,0.000,1.509,0.000,3.000,,CIR_18/NOMINAL - CS_ABC_BF_SURFACE - C-Zone - XYZ - Nominal
Pos. Tol.,POS_19,PTOL,1.071,0.000,1.071,0.000,3.000,,CIR_19/NOMINAL - CS_ABC_BF_SURFACE - C-Zone - XYZ - Nominal
Pos. Tol.,POS_20,PTOL,1.937,0.000,1.937,0.000,3.000,,CIR_20/NOMINAL - CS_ABC_BF_SURFACE - C-Zone - XZ - Nominal
Pos. Tol.,POS_21,PTOL,0.703,0.000,0.703,0.000,3.000,,CIR_21/NOMINAL - CS_ABC_BF_SURFACE - C-Zone - XZ - Nominal
Pos. Tol.,POS_22,PTOL,0.221,0.000,0.221,0.000,3.000,,CIR_22/NOMINAL - CS_21_22 - C-Zone - XZ - Nominal
Pos. Tol.,POS_23,PTOL,2.328,0.000,2.328,0.000,3.000,,CIR_23/NOMINAL - CS_ABC_BF_SURFACE - C-Zone - XZ - Nominal
Pos. Tol.,POS_24,PTOL,0.537,0.000,0.537,0.000,3.000,,CIR_24/NOMINAL - CS_23_24 - C-Zone - XZ - Nominal
Pos. Tol.,POS_25,PTOL,1.406,0.000,1.406,0.000,3.000,,CIR_25/NOMINAL - CS_ABC_BF_SURFACE - C-Zone - YZ - Nominal
Pos. Tol.,POS_26,PTOL,1.455,0.000,1.455,0.000,3.000,,CIR_26/NOMINAL - CS_ABC_BF_SURFACE - C-Zone - XZ - Nominal
Distance,PROF_15,X,62.977,62.200,0.777,-2.000,2.000,,CIR_15 - ORIGIN / CS_ABC_BF_SURFACE
Distance,PROF_16,X,63.043,62.190,0.853,-2.000,2.000,,CIR_16 - ORIGIN / CS_ABC_BF_SURFACE
Distance,PROF_17,Y,155.262,156.000,-0.738,-1.500,1.500,,CIR_17 - ORIGIN / CS_ABC_BF_SURFACE
Distance,PROF_20,Y,138.496,139.000,-0.504,-1.500,1.500,,CIR_20 - ORIGIN / CS_ABC_BF_SURFACE
Distance,PROF_21,Y,128.331,129.000,-0.669,-1.500,1.500,,CIR_21 - ORIGIN / CS_ABC_BF_SURFACE
Distance,PROF_22,Y,128.410,128.432,-0.022,-1.500,1.500,,CIR_22 - ORIGIN / CS_ABC_BF_SURFACE
Distance,PROF_23,Y,176.912,177.500,-0.588,-1.500,1.500,,CIR_23 - ORIGIN / CS_ABC_BF_SURFACE
Distance,PROF_24,Y,176.894,177.622,-0.728,-1.500,1.500,,CIR_24 - ORIGIN / CS_ABC_BF_SURFACE
Distance,PROF_25,X,50.056,49.400,0.656,-1.500,1.500,,CIR_25 - ORIGIN / CS_ABC_BF_SURFACE
Distance,PROF_26,Y,97.208,98.000,-0.792,-1.500,1.500,,CIR_26 - ORIGIN / CS_ABC_BF_SURFACE
Angle,ANG_SPIN_WELD,ZoX,-0.436,0.000,-0.436,-1.000,1.000,,CYL_7 - Z-AXIS / CS_ABC_BF_SURFACE
Profile of Line,OP1_PROF_INSIDE_PORT,PRFL,0.796,0.000,0.796,0.000,1.000,,OP1_SRF_IN_PORT
Profile of Line,OP2_PROF_INSIDE_PORT,PRFL,0.229,0.000,0.229,0.000,1.000,,OP2_SRF_IN_PORT
Profile of Line,OP3_PROF_INSIDE_PORT,PRFL,0.653,0.000,0.653,0.000,1.000,,OP3_SRF_IN_PORT
Profile of Line,OP4_PROF_INSIDE_PORT,PRFL,1.162,0.000,1.162,0.000,1.000,0.162,OP4_SRF_IN_PORT
