Feat. Type,Feat. Name,Value,Actual,Nominal,Dev.,Tol-,Tol+,Out of Tol.,Comment
Text/Value,VAR_PROGRAM,VAL,,,,,,,'N:\Metrolog XG\Programmes\GM HF FWD GEN II E2xx\GM HF FWD Gen II E2xx Complete (Module 64).gm2'
Text/Value,VAR_EVENEMENT,VAL,,,,,,,'SMED '
Text/Value,VAR_COMMENTAIRES,VAL,,,,,,,'295 A '
Text/Value,PROFILE_DATUM_A,VAL,0.377081,0.000000,0.377081,0.000000,1.000000,,
Text/Value,PROFILE_DATUM_B,VAL,0.505796,0.000000,0.505796,0.000000,1.000000,,
Distance,WIDTH_C,D1,8.763,8.860,-0.097,-0.150,0.150,,SRF_C_TOP - SRF_C_DOWN / CS_ABC_BF
Pos. Tol.,POS_1,PTOL,1.280,0.000,1.280,0.000,2.000,,CIR1/NOMINAL - CS_ABC_SURFACES_C - C-Zone - XZ - Nominal
Pos. Tol.,POS_2,PTOL,0.571,0.000,0.571,0.000,2.000,,CIR2/NOMINAL - CS_ABC_SURFACES_C - C-Zone - XZ - Nominal
Pos. Tol.,POS_3,PTOL,1.490,0.000,1.490,0.000,2.000,,CIR3/NOMINAL - CS_ABC_SURFACES_C - C-Zone - XZ - Nominal
Pos. Tol.,POS_4,PTOL,1.157,0.000,1.157,0.000,2.000,,CIR4/NOMINAL - CS_ABC_SURFACES_C - C-Zone - XZ - Nominal
Pos. Tol.,POS_5,PTOL,0.540,0.000,0.540,0.000,2.000,,CIR5/NOMINAL - CS_ABC_SURFACES_C - C-Zone - XZ - Nominal
Pos. Tol.,POS_6,PTOL,0.556,0.000,0.556,0.000,2.000,,CIR6/NOMINAL - CS_ABC_SURFACES_C - C-Zone - XZ - Nominal
Pos. Tol.,POS_7,PTOL,1.797,0.000,1.797,0.000,2.000,,CIR7/NOMINAL - CS_ABC_SURFACES_C - C-Zone - XZ - Nominal
Pos. Tol.,POS_8,PTOL,2.215,0.000,2.215,0.000,2.000,0.215,CIR8/NOMINAL - CS_ABC_SURFACES_C - C-Zone - XZ - Nominal
Pos. Tol.,POS_9,PTOL,0.884,0.000,0.884,0.000,2.000,,CIR9/NOMINAL - CS_ABC_SURFACES_C - C-Zone - XZ - Nominal
Circle,CIR1,DIAM,15.085,15.000,0.085,-0.100,0.150,,From 4 Pts On PL_PLAST_1
Circle,CIR1,X,-51.814,-52.000,0.186,,,,
Circle,CIR1,Y,84.839,85.240,-0.401,,,,
Circle,CIR1,Z,-154.888,-155.500,0.612,,,,
Circle,CIR2,DIAM,15.034,15.000,0.034,-0.100,0.100,,From 4 Pts On PL_PLAST_2
Circle,CIR2,X,-52.227,-52.000,-0.227,,,,
Circle,CIR2,Y,85.219,85.240,-0.021,,,,
Circle,CIR2,Z,-60.827,-61.000,0.173,,,,
Circle,CIR3,DIAM,15.067,15.000,0.067,-0.100,0.150,,From 4 Pts On PL_PLAST_3
Circle,CIR3,X,-51.836,-52.000,0.164,,,,
Circle,CIR3,Y,85.068,85.240,-0.172,,,,
Circle,CIR3,Z,45.727,45.000,0.727,,,,
Circle,CIR4,DIAM,15.037,15.000,0.037,-0.100,0.100,,From 4 Pts On PL_PLAST_4
Circle,CIR4,X,-51.908,-52.000,0.092,,,,
Circle,CIR4,Y,84.778,85.240,-0.462,,,,
Circle,CIR4,Z,151.571,151.000,0.571,,,,
Circle,CIR5,DIAM,14.999,15.000,-0.001,-0.100,0.100,,From 4 Pts On PL_PLAST_5
Circle,CIR5,X,51.732,52.000,-0.268,,,,
Circle,CIR5,Y,85.741,85.240,0.501,,,,
Circle,CIR5,Z,112.470,112.500,-0.030,,,,
Circle,CIR6,DIAM,14.956,15.000,-0.044,-0.100,0.100,,From 4 Pts On PL_PLAST_6
Circle,CIR6,X,52.201,52.000,0.201,,,,
Circle,CIR6,Y,85.387,85.240,0.147,,,,
Circle,CIR6,Z,18.192,18.000,0.192,,,,
Circle,CIR7,DIAM,14.975,15.000,-0.025,-0.100,0.100,,From 4 Pts On PL_PLAST_7
Circle,CIR7,X,52.898,52.000,0.898,,,,
Circle,CIR7,Y,85.029,85.240,-0.211,,,,
Circle,CIR7,Z,-88.003,-88.000,-0.003,,,,
Circle,CIR8,DIAM,15.020,15.000,0.020,-0.100,0.100,,From 4 Pts On PL_PLAST_8
Circle,CIR8,X,53.108,52.000,1.108,,,,
Circle,CIR8,Y,84.862,85.240,-0.378,,,,
Circle,CIR8,Z,-194.010,-194.000,-0.010,,,,
Circle,CIR9,DIAM,12.746,12.860,-0.114,-0.100,0.100,-0.014,From 4 Pts On PL_PLAST_9
Circle,CIR9,X,270.482,270.260,0.222,,,,
Circle,CIR9,Y,44.365,45.720,-1.355,,,,
Circle,CIR9,Z,103.382,103.000,0.382,,,,
Profile of Line,PROFILE_VERTICAL_OP_1,PRFL,0.269,0.000,0.269,0.000,1.500,,SECTION_VERTICAL_OP_1
Profile of Line,PROFILE_VERTICAL_OP_2,PRFL,0.545,0.000,0.545,0.000,1.200,,SECTION_VERTICAL_OP_2
Profile of Line,PROFILE_VERTICAL_OP_3,PRFL,0.867,0.000,0.867,0.000,1.500,,SECTION_VERTICAL_OP_3
Profile of Line,PROFILE_VERTICAL_OP_4,PRFL,0.128,0.000,0.128,0.000,1.200,,SECTION_VERTICAL_OP_4
Profile of Line,PROFILE_VERTICAL_OP_5,PRFL,0.311,0.000,0.311,0.000,1.200,,SECTION_VERTICAL_OP_5
Profile of Line,PROFILE_VERTICAL_OP_6,PRFL,0.402,0.000,0.402,0.000,1.200,,SECTION_VERTICAL_OP_6
Profile of Line,PROFILE_HORIZONTAL_OP_1,PRFL,1.061,0.000,1.061,0.000,2.000,,SECTION_HORIZONTAL_OP_1
Profile of Line,PROFILE_HORIZONTAL_OP_2,PRFL,1.007,0.000,1.007,0.000,2.000,,SECTION_HORIZONTAL_OP_2
Profile of Line,PROFILE_HORIZONTAL_OP_3,PRFL,1.446,0.000,1.446,0.000,2.000,,SECTION_HORIZONTAL_OP_3
Profile of Line,PROFILE_HORIZONTAL_OP_4,PRFL,1.085,0.000,1.085,0.000,2.000,,SECTION_HORIZONTAL_OP_4
Profile of Line,PROFILE_HORIZONTAL_OP_5,PRFL,0.503,0.000,0.503,0.000,2.000,,SECTION_HORIZONTAL_OP_5
Profile of Line,PROFILE_HORIZONTAL_OP_6,PRFL,1.558,0.000,1.558,0.000,2.000,,SECTION_HORIZONTAL_OP_6
Distance,OP1_WIDTH_1,D1,3.817,3.900,-0.083,-0.150,0.150,,OP1_PT1_OW_GAGE - OP1_PT1_IW_GAGE / CS_BF_OP1
Distance,OP1_WIDTH_2,D1,3.835,3.900,-0.065,-0.150,0.150,,OP1_PT2_OW_GAGE - OP1_PT2_IW_GAGE / CS_BF_OP1
Distance,OP1_WIDTH_3,D1,3.778,3.900,-0.122,-0.200,0.150,,OP1_PT3_OW_GAGE - OP1_PT3_IW_GAGE / CS_BF_OP1
Distance,OP1_WIDTH_4,D1,3.789,3.900,-0.111,-0.150,0.150,,OP1_PT4_OW_GAGE - OP1_PT4_IW_GAGE / CS_BF_OP1
Distance,OP1_WIDTH_5,D1,3.908,3.900,0.008,-0.150,0.150,,OP1_PT5_OW_GAGE - OP1_PT5_IW_GAGE / CS_BF_OP1
Distance,OP1_WIDTH_6,D1,3.767,3.900,-0.133,-0.200,0.150,,OP1_PT6_OW_GAGE - OP1_PT6_IW_GAGE / CS_BF_OP1
Distance,OP1_WIDTH_7,D1,3.853,3.900,-0.047,-0.150,0.150,,OP1_PT7_OW_GAGE - OP1_PT7_IW_GAGE / CS_BF_OP1
Distance,OP1_WIDTH_8,D1,3.882,3.900,-0.018,-0.150,0.150,,OP1_PT8_OW_GAGE - OP1_PT8_IW_GAGE / CS_BF_OP1
Distance,OP1_DEPTH_1,D1,5.918,6.000,-0.082,-0.150,0.400,,PL_FIXTURE_A - OP1_PT1_DEPTH / CS_BF_OP1
Distance,OP1_DEPTH_2,D1,5.879,6.000,-0.121,-0.150,0.150,,PL_FIXTURE_A - OP1_PT2_DEPTH / CS_BF_OP1
Distance,OP1_DEPTH_3,D1,5.877,6.000,-0.123,-0.300,0.150,,PL_FIXTURE_A - OP1_PT3_DEPTH / CS_BF_OP1
Distance,OP1_DEPTH_4,D1,5.948,6.000,-0.052,-0.150,0.150,,PL_FIXTURE_A - OP1_PT4_DEPTH / CS_BF_OP1
Distance,OP1_DEPTH_5,D1,6.033,6.000,0.033,-0.150,0.150,,PL_FIXTURE_A - OP1_PT5_DEPTH / CS_BF_OP1
Distance,OP1_DEPTH_6,D1,5.944,6.000,-0.056,-0.300,0.150,,PL_FIXTURE_A - OP1_PT6_DEPTH / CS_BF_OP1
Distance,OP1_DEPTH_7,D1,5.984,6.000,-0.016,-0.150,0.150,,PL_FIXTURE_A - OP1_PT7_DEPTH / CS_BF_OP1
Distance,OP1_DEPTH_8,D1,6.123,6.000,0.123,-0.150,0.400,,PL_FIXTURE_A - OP1_PT8_DEPTH / CS_BF_OP1
Distance,OP2_WIDTH_1,D1,3.727,3.900,-0.173,-0.200,0.150,,OP2_PT1_OW_GAGE - OP2_PT1_IW_GAGE / CS_BF_OP2
Distance,OP2_WIDTH_2,D1,3.753,3.900,-0.147,-0.200,0.150,,OP2_PT2_OW_GAGE - OP2_PT2_IW_GAGE / CS_BF_OP2
Distance,OP2_WIDTH_4,D1,3.768,3.900,-0.132,-0.200,0.150,,OP2_PT4_OW_GAGE - OP2_PT4_IW_GAGE / CS_BF_OP2
Distance,OP2_WIDTH_5,D1,3.831,3.900,-0.069,-0.150,0.150,,OP2_PT5_OW_GAGE - OP2_PT5_IW_GAGE / CS_BF_OP2
Distance,OP2_WIDTH_7,D1,3.889,3.900,-0.011,-0.150,0.150,,OP2_PT7_OW_GAGE - OP2_PT7_IW_GAGE / CS_BF_OP2
Distance,OP2_WIDTH_8,D1,3.818,3.900,-0.082,-0.150,0.150,,OP2_PT8_OW_GAGE - OP2_PT8_IW_GAGE / CS_BF_OP2
Distance,OP2_DEPTH_1,D1,5.907,6.000,-0.093,-0.300,0.150,,PL_FIXTURE_A - OP2_PT1_DEPTH / CS_BF_OP2
Distance,OP2_DEPTH_2,D1,6.055,6.000,0.055,-0.150,0.150,,PL_FIXTURE_A - OP2_PT2_DEPTH / CS_BF_OP2
Distance,OP2_DEPTH_3,D1,5.957,6.000,-0.043,-0.150,0.150,,PL_FIXTURE_A - OP2_PT3_DEPTH / CS_BF_OP2
Distance,OP2_DEPTH_4,D1,5.973,6.000,-0.027,-0.150,0.150,,PL_FIXTURE_A - OP2_PT4_DEPTH / CS_BF_OP2
Distance,OP2_DEPTH_5,D1,6.054,6.000,0.054,-0.150,0.150,,PL_FIXTURE_A - OP2_PT5_DEPTH / CS_BF_OP2
Distance,OP2_DEPTH_6,D1,6.064,6.000,0.064,-0.150,0.150,,PL_FIXTURE_A - OP2_PT6_DEPTH / CS_BF_OP2
Distance,OP2_DEPTH_7,D1,5.887,6.000,-0.113,-0.300,0.150,,PL_FIXTURE_A - OP2_PT7_DEPTH / CS_BF_OP2
Distance,OP2_DEPTH_8,D1,5.938,6.000,-0.062,-0.150,0.150,,PL_FIXTURE_A - OP2_PT8_DEPTH / CS_BF_OP2
Distance,OP3_WIDTH_1,D1,3.819,3.900,-0.081,-0.150,0.150,,OP3_PT1_OW_GAGE - OP3_PT1_IW_GAGE / CS_BF_OP3
Distance,OP3_WIDTH_2,D1,3.845,3.900,-0.055,-0.150,0.150,,OP3_PT2_OW_GAGE - OP3_PT2_IW_GAGE / CS_BF_OP3
Distance,OP3_WIDTH_3,D1,3.842,3.900,-0.058,-0.150,0.150,,OP3_PT3_OW_GAGE - OP3_PT3_IW_GAGE / CS_BF_OP3
Distance,OP3_WIDTH_4,D1,3.753,3.900,-0.147,-0.200,0.150,,OP3_PT4_OW_GAGE - OP3_PT4_IW_GAGE / CS_BF_OP3
Distance,OP3_WIDTH_5,D1,3.870,3.900,-0.030,-0.150,0.150,,OP3_PT5_OW_GAGE - OP3_PT5_IW_GAGE / CS_BF_OP3
Distance,OP3_WIDTH_6,D1,3.762,3.900,-0.138,-0.150,0.150,,OP3_PT6_OW_GAGE - OP3_PT6_IW_GAGE / CS_BF_OP3
Distance,OP3_WIDTH_7,D1,3.896,3.900,-0.004,-0.150,0.150,,OP3_PT7_OW_GAGE - OP3_PT7_IW_GAGE / CS_BF_OP3
Distance,OP3_WIDTH_8,D1,3.868,3.900,-0.032,-0.150,0.150,,OP3_PT8_OW_GAGE - OP3_PT8_IW_GAGE / CS_BF_OP3
Distance,OP3_DEPTH_1,D1,6.031,6.000,0.031,-0.300,0.150,,PL_FIXTURE_A - OP3_PT1_DEPTH / CS_BF_OP3
Distance,OP3_DEPTH_2,D1,6.195,6.000,0.195,-0.150,0.150,0.045,PL_FIXTURE_A - OP3_PT2_DEPTH / CS_BF_OP3
Distance,OP3_DEPTH_3,D1,5.925,6.000,-0.075,-0.300,0.150,,PL_FIXTURE_A - OP3_PT3_DEPTH / CS_BF_OP3
Distance,OP3_DEPTH_4,D1,5.908,6.000,-0.092,-0.300,0.150,,PL_FIXTURE_A - OP3_PT4_DEPTH / CS_BF_OP3
Distance,OP3_DEPTH_5,D1,6.012,6.000,0.012,-0.150,0.150,,PL_FIXTURE_A - OP3_PT5_DEPTH / CS_BF_OP3
Distance,OP3_DEPTH_6,D1,6.009,6.000,0.009,-0.150,0.150,,PL_FIXTURE_A - OP3_PT6_DEPTH / CS_BF_OP3
Distance,OP3_DEPTH_7,D1,5.943,6.000,-0.057,-0.300,0.150,,PL_FIXTURE_A - OP3_PT7_DEPTH / CS_BF_OP3
Distance,OP3_DEPTH_8,D1,6.035,6.000,0.035,-0.300,0.150,,PL_FIXTURE_A - OP3_PT8_DEPTH / CS_BF_OP3
Distance,OP4_WIDTH_2,D1,3.891,3.900,-0.009,-0.150,0.150,,OP4_PT2_OW_GAGE - OP4_PT2_IW_GAGE / CS_BF_OP4
Distance,OP4_WIDTH_3,D1,3.764,3.900,-0.136,-0.200,0.150,,OP4_PT3_OW_GAGE - OP4_PT3_IW_GAGE / CS_BF_OP4
Distance,OP4_WIDTH_4,D1,3.787,3.900,-0.113,-0.150,0.150,,OP4_PT4_OW_GAGE - OP4_PT4_IW_GAGE / CS_BF_OP4
Distance,OP4_WIDTH_5,D1,3.923,3.900,0.023,-0.150,0.150,,OP4_PT5_OW_GAGE - OP4_PT5_IW_GAGE / CS_BF_OP4
Distance,OP4_WIDTH_6,D1,3.914,3.900,0.014,-0.150,0.150,,OP4_PT6_OW_GAGE - OP4_PT6_IW_GAGE / CS_BF_OP4
Distance,OP4_WIDTH_7,D1,3.820,3.900,-0.080,-0.150,0.150,,OP4_PT7_OW_GAGE - OP4_PT7_IW_GAGE / CS_BF_OP4
Distance,OP4_WIDTH_8,D1,3.762,3.900,-0.138,-0.150,0.150,,OP4_PT8_OW_GAGE - OP4_PT8_IW_GAGE / CS_BF_OP4
Distance,OP4_DEPTH_1,D1,6.128,6.000,0.128,-0.150,0.400,,PL_FIXTURE_B - OP4_PT1_DEPTH / CS_BF_OP4
Distance,OP4_DEPTH_2,D1,6.217,6.000,0.217,-0.150,0.400,,PL_FIXTURE_B - OP4_PT2_DEPTH / CS_BF_OP4
Distance,OP4_DEPTH_3,D1,6.242,6.000,0.242,-0.150,0.400,,PL_FIXTURE_B - OP4_PT3_DEPTH / CS_BF_OP4
Distance,OP4_DEPTH_4,D1,6.087,6.000,0.087,-0.150,0.150,,PL_FIXTURE_B - OP4_PT4_DEPTH / CS_BF_OP4
Distance,OP4_DEPTH_5,D1,6.128,6.000,0.128,-0.150,0.150,,PL_FIXTURE_B - OP4_PT5_DEPTH / CS_BF_OP4
Distance,OP4_DEPTH_6,D1,6.152,6.000,0.152,-0.150,0.150,0.002,PL_FIXTURE_B - OP4_PT6_DEPTH / CS_BF_OP4
Distance,OP4_DEPTH_7,D1,6.202,6.000,0.202,-0.150,0.150,0.052,PL_FIXTURE_B - OP4_PT7_DEPTH / CS_BF_OP4
Distance,OP4_DEPTH_8,D1,6.226,6.000,0.226,-0.150,0.400,,PL_FIXTURE_B - OP4_PT8_DEPTH / CS_BF_OP4
Distance,OP5_WIDTH_1,D1,3.747,3.900,-0.153,-0.200,0.150,,OP5_PT1_OW_GAGE - OP5_PT1_IW_GAGE / CS_BF_OP5
Distance,OP5_WIDTH_2,D1,3.915,3.900,0.015,-0.150,0.150,,OP5_PT2_OW_GAGE - OP5_PT2_IW_GAGE / CS_BF_OP5
Distance,OP5_WIDTH_3,D1,3.810,3.900,-0.090,-0.150,0.150,,OP5_PT3_OW_GAGE - OP5_PT3_IW_GAGE / CS_BF_OP5
Distance,OP5_WIDTH_4,D1,3.821,3.900,-0.079,-0.150,0.150,,OP5_PT4_OW_GAGE - OP5_PT4_IW_GAGE / CS_BF_OP5
Distance,OP5_WIDTH_5,D1,4.004,3.900,0.104,-0.150,0.150,,OP5_PT5_OW_GAGE - OP5_PT5_IW_GAGE / CS_BF_OP5
Distance,OP5_WIDTH_6,D1,3.893,3.900,-0.007,-0.150,0.150,,OP5_PT6_OW_GAGE - OP5_PT6_IW_GAGE / CS_BF_OP5
Distance,OP5_WIDTH_7,D1,3.863,3.900,-0.037,-0.150,0.150,,OP5_PT7_OW_GAGE - OP5_PT7_IW_GAGE / CS_BF_OP5
Distance,OP5_WIDTH_8,D1,3.844,3.900,-0.056,-0.150,0.150,,OP5_PT8_OW_GAGE - OP5_PT8_IW_GAGE / CS_BF_OP5
Distance,OP5_DEPTH_3,D1,6.309,6.000,0.309,-0.150,0.400,,PL_FIXTURE_B - OP5_PT3_DEPTH / CS_BF_OP5
Distance,OP5_DEPTH_4,D1,6.107,6.000,0.107,-0.150,0.400,,PL_FIXTURE_B - OP5_PT4_DEPTH / CS_BF_OP5
Distance,OP5_DEPTH_5,D1,6.112,6.000,0.112,-0.150,0.400,,PL_FIXTURE_B - OP5_PT5_DEPTH / CS_BF_OP5
Distance,OP5_DEPTH_6,D1,6.090,6.000,0.090,-0.150,0.400,,PL_FIXTURE_B - OP5_PT6_DEPTH / CS_BF_OP5
Distance,OP5_DEPTH_7,D1,6.264,6.000,0.264,-0.150,0.400,,PL_FIXTURE_B - OP5_PT7_DEPTH / CS_BF_OP5
Distance,OP6_WIDTH_2,D1,3.855,3.900,-0.045,-0.150,0.150,,OP6_PT2_OW_GAGE - OP6_PT2_IW_GAGE / CS_BF_OP6
Distance,OP6_WIDTH_3,D1,3.817,3.900,-0.083,-0.150,0.150,,OP6_PT3_OW_GAGE - OP6_PT3_IW_GAGE / CS_BF_OP6
Distance,OP6_WIDTH_4,D1,3.849,3.900,-0.051,-0.150,0.150,,OP6_PT4_OW_GAGE - OP6_PT4_IW_GAGE / CS_BF_OP6
Distance,OP6_WIDTH_5,D1,3.938,3.900,0.038,-0.150,0.150,,OP6_PT5_OW_GAGE - OP6_PT5_IW_GAGE / CS_BF_OP6
Distance,OP6_WIDTH_6,D1,3.886,3.900,-0.014,-0.150,0.150,,OP6_PT6_OW_GAGE - OP6_PT6_IW_GAGE / CS_BF_OP6
Distance,OP6_WIDTH_7,D1,3.858,3.900,-0.042,-0.150,0.150,,OP6_PT7_OW_GAGE - OP6_PT7_IW_GAGE / CS_BF_OP6
Distance,OP6_WIDTH_8,D1,3.891,3.900,-0.009,-0.150,0.150,,OP6_PT8_OW_GAGE - OP6_PT8_IW_GAGE / CS_BF_OP6
Distance,OP6_DEPTH_1,D1,6.259,6.000,0.259,-0.150,0.400,,PL_FIXTURE_B - OP6_PT1_DEPTH / CS_BF_OP6
Distance,OP6_DEPTH_2,D1,6.247,6.000,0.247,-0.150,0.400,,PL_FIXTURE_B - OP6_PT2_DEPTH / CS_BF_OP6
Distance,OP6_DEPTH_3,D1,6.102,6.000,0.102,-0.150,0.150,,PL_FIXTURE_B - OP6_PT3_DEPTH / CS_BF_OP6
Distance,OP6_DEPTH_4,D1,5.940,6.000,-0.060,-0.150,0.150,,PL_FIXTURE_B - OP6_PT4_DEPTH / CS_BF_OP6
Distance,OP6_DEPTH_5,D1,5.977,6.000,-0.023,-0.150,0.150,,PL_FIXTURE_B - OP6_PT5_DEPTH / CS_BF_OP6
Distance,OP6_DEPTH_6,D1,6.006,6.000,0.006,-0.150,0.150,,PL_FIXTURE_B - OP6_PT6_DEPTH / CS_BF_OP6
Distance,OP6_DEPTH_7,D1,6.209,6.000,0.209,-0.150,0.400,,PL_FIXTURE_B - OP6_PT7_DEPTH / CS_BF_OP6
Circle,CIR_A,DIAM,74.024,73.800,0.224,-0.500,0.500,,Criterion : Least Square (From 36 Pts On PL_PLAST_A) 
Circle,CIR_A,X,99.002,99.063,-0.061,,,,
Circle,CIR_A,Y,177.729,177.324,0.405,,,,
Circle,CIR_A,Z,208.329,208.274,0.056,,,,
Circle,CIR_INS_11,X,115.337,116.161,-0.825,,,,Criterion : Least Square (From 6 Pts On PL_INS_11) 
Circle,CIR_INS_11,Y,210.670,209.942,0.729,,,,
Circle,CIR_INS_11,Z,243.627,243.644,-0.017,,,,
Circle,CIR_INS_12,X,136.149,136.968,-0.820,,,,Criterion : Least Square (From 6 Pts On PL_INS_12) 
Circle,CIR_INS_12,Y,151.529,150.861,0.668,,,,
Circle,CIR_INS_12,Z,237.178,236.898,0.280,,,,
Circle,CIR_INS_13,X,83.322,83.274,0.048,,,,Criterion : Least Square (From 6 Pts On PL_INS_13) 
Circle,CIR_INS_13,Y,139.995,139.206,0.789,,,,
Circle,CIR_INS_13,Z,172.923,173.360,-0.437,,,,
Circle,CIR_INS_14,X,62.518,62.363,0.155,,,,Criterion : Least Square (From 6 Pts On PL_INS_14) 
Circle,CIR_INS_14,Y,198.877,198.239,0.638,,,,
Circle,CIR_INS_14,Z,179.788,180.203,-0.416,,,,
Circle,2D_CIR_INS_11,X,41.905,42.000,-0.095,,,,
Circle,2D_CIR_INS_11,Y,29.058,29.000,0.058,,,,
Circle,2D_CIR_INS_12,X,41.930,42.000,-0.070,,,,
Circle,2D_CIR_INS_12,Y,-33.969,-34.000,0.031,,,,
Circle,2D_CIR_INS_13,X,-42.048,-42.000,-0.048,,,,
Circle,2D_CIR_INS_13,Y,-33.956,-34.000,0.044,,,,
Circle,2D_CIR_INS_14,X,-41.787,-42.000,0.213,,,,
Circle,2D_CIR_INS_14,Y,28.868,29.000,-0.132,,,,
Pos. Tol.,POS_11,PTOL,2.201,0.000,2.201,0.000,3.000,,CIR_INS_11/NOMINAL - CS_ABC_SURFACES_C - C-Zone - XYZ - Nominal
Pos. Tol.,POS_12,PTOL,2.188,0.000,2.188,0.000,3.000,,CIR_INS_12/NOMINAL - CS_ABC_SURFACES_C - C-Zone - XYZ - Nominal
Pos. Tol.,POS_13,PTOL,1.807,0.000,1.807,0.000,3.000,,CIR_INS_13/NOMINAL - CS_ABC_SURFACES_C - C-Zone - XYZ - Nominal
Pos. Tol.,POS_2D_11,PTOL,0.223,0.000,0.223,0.000,1.200,,2D_CIR_INS_11/NOMINAL - CS_D_BF - C-Zone - XY - Nominal
Pos. Tol.,POS_2D_12,PTOL,0.152,0.000,0.152,0.000,1.200,,2D_CIR_INS_12/NOMINAL - CS_D_BF - C-Zone - XY - Nominal
Pos. Tol.,POS_2D_13,PTOL,0.130,0.000,0.130,0.000,1.200,,2D_CIR_INS_13/NOMINAL - CS_D_BF - C-Zone - XY - Nominal
Pos. Tol.,POS_2D_14,PTOL,0.501,0.000,0.501,0.000,1.200,,2D_CIR_INS_14/NOMINAL - CS_D_BF - C-Zone - XY - Nominal
Perpend.,PERP_11,PERP,,0.000,,0.000,0.250,,CYL_11/PL_INS_11 - C-Zone - Nominal
Perpend.,PERP_12,PERP,,0.000,,0.000,0.250,,CYL_12/PL_INS_12 - C-Zone - Nominal
Perpend.,PERP_13,PERP,,0.000,,0.000,0.250,,CYL_13/PL_INS_13 - C-Zone - Nominal
Perpend.,PERP_14,PERP,,0.000,,0.000,0.250,,CYL_14/PL_INS_14 - C-Zone - Nominal
Distance,H_11,Z,0.139,-0.000,0.140,0.000,0.300,,CIR_INS_11 - PL_PLAST_INS_11 / CS_D_BF
Distance,H_12,Z,0.180,-0.000,0.180,0.000,0.300,,CIR_INS_12 - PL_PLAST_INS_12 / CS_D_BF
Distance,H_13,Z,0.135,-0.000,0.135,0.000,0.300,,CIR_INS_13 - PL_PLAST_INS_13 / CS_D_BF
Distance,H_14,Z,0.119,-0.000,0.119,0.000,0.300,,CIR_INS_14 - PL_PLAST_INS_14 / CS_D_BF
Flatness,FLATNESS_D,FLTN,0.525,0.000,0.525,0.000,1.200,,PL_DATUM_D
Profile of Line,PROFILE_SURFACE_D,PRFL,1.288,0.000,1.288,0.000,4.000,,SECTION_D
Paral.,PERP_INS_11,PARA,0.242,0.000,0.242,0.000,0.250,,PL_INS_11/PL_PLAST_INS_11 - P-Zone - Cloud of Points 
Paral.,PERP_INS_12,PARA,0.201,0.000,0.201,0.000,0.250,,PL_INS_12/PL_PLAST_INS_12 - P-Zone - Cloud of Points 
Paral.,PERP_INS_13,PARA,0.202,0.000,0.202,0.000,0.250,,PL_INS_13/PL_PLAST_INS_13 - P-Zone - Cloud of Points 
Paral.,PERP_INS_14,PARA,0.144,0.000,0.144,0.000,0.250,,PL_INS_14/PL_PLAST_INS_14 - P-Zone - Cloud of Points 
Distance,PROF_11_D,Z,0.678,0.650,0.028,-0.500,0.500,,CIR_INS_11 - PL_DATUM_D / CS_D_BF
Distance,PROF_12_D,Z,0.564,0.650,-0.086,-0.500,0.500,,CIR_INS_12 - PL_DATUM_D / CS_D_BF
Distance,PROF_13_D,Z,0.397,0.650,-0.253,-0.500,0.500,,CIR_INS_13 - PL_DATUM_D / CS_D_BF
Distance,PROF_14_D,Z,0.852,0.650,0.202,-0.500,0.500,,CIR_INS_14 - PL_DATUM_D / CS_D_BF
Distance,WIDTH_TBA_1,D1,3.222,3.250,-0.028,-0.150,0.150,,0W2.5_1.1 - IW2.5_1.1 / CS_D_BF
Distance,WIDTH_TBA_2,D1,3.171,3.250,-0.079,-0.150,0.150,,0W2.5_1.2 - IW2.5_1.2 / CS_D_BF
Distance,WIDTH_TBA_3,D1,3.233,3.250,-0.017,-0.150,0.150,,0W2.5_1.3 - IW2.5_1.3 / CS_D_BF
Distance,WIDTH_TBA_4,D1,3.224,3.250,-0.026,-0.150,0.150,,0W2.5_1.4 - IW2.5_1.4 / CS_D_BF
Distance,WIDTH_TBA_5,D1,3.210,3.250,-0.040,-0.150,0.150,,0W2.5_1.5 - IW2.5_1.5 / CS_D_BF
Distance,WIDTH_TBA_6,D1,3.172,3.250,-0.078,-0.150,0.150,,0W2.5_1.6 - IW2.5_1.6 / CS_D_BF
Distance,WIDTH_TBA_7,D1,3.278,3.250,0.028,-0.150,0.150,,0W2.5_1.7 - IW2.5_1.7 / CS_D_BF
Distance,WIDTH_TBA_8,D1,3.308,3.250,0.058,-0.150,0.150,,0W2.5_1.8 - IW2.5_1.8 / CS_D_BF
Distance,DEPTH_TBA_1,D1,5.040,5.150,-0.110,-0.300,0.300,,TB_BOT_1.1 - PL_D / CS_D_BF
Distance,DEPTH_TBA_2,D1,5.169,5.150,0.019,-0.300,0.300,,TB_BOT_1.2 - PL_D / CS_D_BF
Distance,DEPTH_TBA_3,D1,4.973,5.150,-0.177,-0.350,0.300,,TB_BOT_1.3 - PL_D / CS_D_BF
Distance,DEPTH_TBA_4,D1,5.013,5.150,-0.137,-0.300,0.300,,TB_BOT_1.4 - PL_D / CS_D_BF
Distance,DEPTH_TBA_5,D1,5.182,5.150,0.032,-0.300,0.300,,TB_BOT_1.5 - PL_D / CS_D_BF
Distance,DEPTH_TBA_6,D1,5.158,5.150,0.008,-0.300,0.300,,TB_BOT_1.6 - PL_D / CS_D_BF
Distance,DEPTH_TBA_7,D1,5.144,5.150,-0.006,-0.300,0.500,,TB_BOT_1.7 - PL_D / CS_D_BF
Distance,DEPTH_TBA_8,D1,5.239,5.150,0.089,-0.300,0.500,,TB_BOT_1.8 - PL_D / CS_D_BF
Profile of Line,PROFILE_TB_IW,PRFL,0.652,0.000,0.652,0.000,1.400,,SECTION_IW_TB
Profile of Line,PROFILE_TB_OW,PRFL,0.916,0.000,0.916,0.000,1.400,,SECTION_OW_TB
Circle,CIR_15,DIAM,12.210,12.170,0.040,-0.080,0.080,,Criterion : Least Square (From 20 Pts On PL_DATUM_H) 
Circle,CIR_15,X,166.375,167.324,-0.949,,,,
Circle,CIR_15,Y,163.662,162.970,0.692,,,,
Circle,CIR_15,Z,218.996,218.421,0.575,,,,
Pos. Tol.,POS_15,PTOL,2.615,0.000,2.615,0.000,3.600,,CIR_15/NOMINAL - CS_ABC_SURFACES_C - C-Zone - XYZ - Nominal
Circle,2D_CIR_16,X,23.627,23.540,0.087,,,,
Circle,2D_CIR_16,Y,0.000,0.000,0.000,,,,
Pos. Tol.,POS_2D_16,PTOL,0.174,0.000,0.174,0.000,0.500,,2D_CIR_16/NOMINAL - CS_HJ - C-Zone - XY - Nominal
Circle,CIR_17,DIAM,6.060,6.000,0.060,-0.250,0.250,,Criterion : Least Square (From 8 Pts On PL_PLAST_17) 
Circle,CIR_17,X,287.742,287.000,0.742,,,,
Circle,CIR_17,Y,102.538,103.210,-0.672,,,,
Circle,CIR_17,Z,66.637,66.000,0.637,,,,
Pos. Tol.,POS_17,PTOL,1.956,0.000,1.956,0.000,3.000,,CIR_17/NOMINAL - CS_ABC_SURFACES_C - C-Zone - XZ - Nominal
Circle,CIR_18,DIAM,6.080,6.000,0.080,-0.250,0.250,,Criterion : Least Square (From 6 Pts On PL_PLAST_18) 
Circle,CIR_18,X,227.945,226.330,1.615,,,,
Circle,CIR_18,Y,115.164,115.710,-0.546,,,,
Circle,CIR_18,Z,-135.685,-136.000,0.315,,,,
Pos. Tol.,POS_18,PTOL,3.291,0.000,3.291,0.000,3.500,,CIR_18/NOMINAL - CS_ABC_SURFACES_C - C-Zone - XZ - Nominal
Circle,CIR_19,DIAM,12.043,12.050,-0.007,-0.080,0.080,,Criterion : Least Square (From 20 Pts On PL_DATUM_F) 
Circle,CIR_19,X,181.122,179.990,1.132,,,,
Circle,CIR_19,Y,200.286,201.240,-0.954,,,,
Circle,CIR_19,Z,-80.717,-81.262,0.544,,,,
Pos. Tol.,POS_19,PTOL,2.512,0.000,2.512,0.000,4.000,,CIR_19/NOMINAL - CS_ABC_SURFACES_C - C-Zone - XZ - Nominal
Circle,2D_CIR_20,DIAM,4.845,4.900,-0.055,-0.100,0.100,,
Circle,2D_CIR_20,X,-17.392,-17.500,0.108,,,,
Circle,2D_CIR_20,Z,0.000,0.000,0.000,,,,
Pos. Tol.,POS_2D_20,PTOL,0.217,0.000,0.217,0.000,0.500,,2D_CIR_20/NOMINAL - CS_FG - C-Zone - XZ - Nominal
Circle,CIR_21,DIAM,4.886,4.820,0.066,-0.100,0.180,,Criterion : Least Square (From 8 Pts On PL_PLAST_21) 
Circle,CIR_21,X,147.325,146.000,1.325,,,,
Circle,CIR_21,Y,215.375,216.210,-0.835,,,,
Circle,CIR_21,Z,-8.231,-8.500,0.269,,,,
Pos. Tol.,POS_21,PTOL,2.705,0.000,2.705,0.000,4.500,,CIR_21/NOMINAL - CS_ABC_SURFACES_C - C-Zone - XZ - Nominal
Circle,CIR_22,DIAM,4.852,4.820,0.032,-0.100,0.180,,Criterion : Least Square (From 8 Pts On PL_PLAST_22) 
Circle,CIR_22,X,-47.041,-48.500,1.459,,,,
Circle,CIR_22,Y,75.982,76.158,-0.176,,,,
Circle,CIR_22,Z,105.218,105.000,0.218,,,,
Pos. Tol.,POS_22,PTOL,2.951,0.000,2.951,0.000,4.000,,CIR_22/NOMINAL - CS_ABC_SURFACES_C - C-Zone - XZ - Nominal
Circle,CIR_23,DIAM,4.834,4.820,0.014,-0.100,0.180,,Criterion : Least Square (From 8 Pts On PL_PLAST_23) 
Circle,CIR_23,X,-47.906,-48.500,0.594,,,,
Circle,CIR_23,Y,75.960,76.158,-0.198,,,,
Circle,CIR_23,Z,-106.835,-107.000,0.165,,,,
Pos. Tol.,POS_23,PTOL,1.233,0.000,1.233,0.000,3.000,,CIR_23/NOMINAL - CS_ABC_SURFACES_C - C-Zone - XZ - Nominal
Circle,CIR_24,X,7.728,6.900,0.828,,,,Criterion : Least Square (From 6 Pts On PL_INS_24) 
Circle,CIR_24,Y,170.482,170.150,0.332,,,,
Circle,CIR_24,Z,75.157,74.720,0.437,,,,
Pos. Tol.,POS_24,PTOL,1.872,0.000,1.872,0.000,4.000,,CIR_24/NOMINAL - CS_ABC_SURFACES_C - C-Zone - XZ - Nominal
Circle,CIR_25,X,7.470,6.900,0.570,,,,Criterion : Least Square (From 6 Pts On PL_INS_25) 
Circle,CIR_25,Y,170.281,170.150,0.131,,,,
Circle,CIR_25,Z,-140.743,-141.050,0.306,,,,
Pos. Tol.,POS_25,PTOL,1.294,0.000,1.294,0.000,3.000,,CIR_25/NOMINAL - CS_ABC_SURFACES_C - C-Zone - XZ - Nominal
Slot,SLOT_26,LEN,13.132,13.000,0.132,-0.250,0.250,,Criterion : Least Square (From 16 Pts On PL_PLAST_26) 
Slot,SLOT_26,WID,6.544,6.500,0.044,-0.250,0.250,,
Slot,SLOT_26,X,132.277,131.300,0.977,,,,
Slot,SLOT_26,Y,152.802,153.910,-1.108,,,,
Slot,SLOT_26,Z,-210.980,-211.400,0.420,,,,
Pos. Tol.,POS_26,PTOL,2.127,0.000,2.127,0.000,3.000,,SLOT_26/NOMINAL - CS_ABC_SURFACES_C - C-Zone - XZ - Nominal
Distance,H_16,Z,0.160,0.000,0.160,0.000,0.300,,2D_CIR_16 - PL_PLAST_16 / CS_HJ
Distance,PROF_17,Y,102.538,103.210,-0.672,-1.500,1.500,,CIR_17 - ORIGIN / CS_ABC_FIXTURE
Distance,PROF_18,Y,115.164,115.710,-0.546,-1.500,1.500,,CIR_18 - ORIGIN / CS_ABC_FIXTURE
Distance,H_24,Y,0.235,0.150,0.085,-0.150,0.150,,CIR_24 - PL_PLAST_24 / CS_ABC_SURFACES_C
Distance,H_25,Y,0.145,0.150,-0.005,-0.150,0.150,,CIR_25 - PL_PLAST_25 / CS_ABC_SURFACES_C
