Feat. Type,Feat. Name,Value,Actual,Nominal,Dev.,Tol-,Tol+,Out of Tol.,Comment
Text/Value,VAR_PROGRAM,VAL,,,,,,,'N:\Metrolog XG\Programmes\D-37\D-37 with TMAP Complete (Module 44).gm2'
Text/Value,VAR_EVENEMENT,VAL,,,,,,,'DEMARRAGE 335 C'
Text/Value,VAR_COMMENTAIRES,VAL,,,,,,,'Part No.'
Circle,CIR_DATUM_B,DIAM,8.006,8.050,-0.044,-0.100,0.100,,Criterion : Least Square (From 11 Pts On PL_FIXTURE) 
Circle,CIR_DATUM_B,X,0.000,0.000,0.000,,,,
Circle,CIR_DATUM_B,Z,0.000,0.000,0.000,,,,
Pos. Tol.,POS_B,PTOL,0.000,0.000,0.000,0.144,0.444,,CIR_DATUM_B(M)/NOMINAL - CS_ABC - C-Zone - XZ - Nominal
Distance,DIST_X_Z_DATUM_C,X,4.464,4.500,-0.036,-0.150,0.150,,PNT_DATUM_C - ORIGIN / CS_ABC
Distance,DIST_X_Z_DATUM_C,Z,-351.659,-351.600,-0.059,-0.350,0.350,,
Distance,WIDTH_C,D1,7.831,7.850,-0.019,-0.050,0.050,,SRF_C_RH - SRF_C_LH / CS_ABC
Circle,CIR1,DIAM,12.126,12.075,0.051,-0.175,0.175,,From 4 Pts On PL_FIXTURE
Circle,CIR1,X,54.632,54.500,0.132,,,,
Circle,CIR1,Z,-346.723,-346.600,-0.123,,,,
Pos. Tol.,POS_1,PTOL,0.361,0.000,0.361,0.226,1.226,,CIR1(M)/NOMINAL - CS_ABC - C-Zone - XZ - Nominal
Circle,CIR2,DIAM,12.123,12.075,0.048,-0.175,0.175,,From 4 Pts On PL_FIXTURE
Circle,CIR2,X,-16.418,-16.500,0.082,,,,
Circle,CIR2,Z,-351.496,-351.600,0.104,,,,
Pos. Tol.,POS_2,PTOL,0.265,0.000,0.265,0.223,1.223,,CIR2(M)/NOMINAL - CS_ABC - C-Zone - XZ - Nominal
Circle,CIR4,DIAM,12.080,12.075,0.005,-0.175,0.175,,From 4 Pts On PL_FIXTURE
Circle,CIR4,X,-16.525,-16.500,-0.025,,,,
Circle,CIR4,Z,-1.040,-1.100,0.060,,,,
Pos. Tol.,POS_4,PTOL,0.131,0.000,0.131,0.180,1.180,,CIR4(M)/NOMINAL - CS_ABC - C-Zone - XZ - Nominal
Circle,CIR5,DIAM,12.053,12.075,-0.022,-0.175,0.175,,From 4 Pts On PL_FIXTURE
Circle,CIR5,X,54.487,54.500,-0.013,,,,
Circle,CIR5,Z,-26.993,-27.100,0.107,,,,
Pos. Tol.,POS_5,PTOL,0.216,0.000,0.216,0.153,1.153,,CIR5(M)/NOMINAL - CS_ABC - C-Zone - XZ - Nominal
Circle,CIR6,DIAM,12.172,12.075,0.097,-0.175,0.175,,From 4 Pts On PL_FIXTURE
Circle,CIR6,X,54.286,54.500,-0.214,,,,
Circle,CIR6,Z,-134.525,-134.600,0.075,,,,
Pos. Tol.,POS_6,PTOL,0.453,0.000,0.453,0.272,1.272,,CIR6(M)/NOMINAL - CS_ABC - C-Zone - XZ - Nominal
Circle,CIR7,DIAM,12.090,12.075,0.015,-0.175,0.175,,From 4 Pts On PL_FIXTURE
Circle,CIR7,X,54.478,54.500,-0.022,,,,
Circle,CIR7,Z,-240.520,-240.600,0.080,,,,
Pos. Tol.,POS_7,PTOL,0.166,0.000,0.166,0.190,1.190,,CIR7(M)/NOMINAL - CS_ABC - C-Zone - XZ - Nominal
Profile of Line,PROF_OP1,PRFL,0.244,0.000,0.244,0.000,1.500,,SCT_OP1
Profile of Line,PROF_OP2,PRFL,0.770,0.000,0.770,0.000,1.500,,SCT_OP2
Profile of Line,PROF_OP3,PRFL,0.710,0.000,0.710,0.000,1.500,,SCT_OP3
Profile of Line,PROF_OP4,PRFL,0.661,0.000,0.661,0.000,1.500,,SCT_OP4
Profile of Line,PROF_OP5,PRFL,0.376,0.000,0.376,0.000,1.500,,SCT_OP5
Profile of Line,PROF_OP6,PRFL,0.292,0.000,0.292,0.000,1.500,,SCT_OP6
Distance,WIDTH_OP1.1,D1,4.090,4.000,0.090,-0.200,0.200,,SRF_OP1_IW1 - SRF_OP1_OW1 / CS_ABC
Distance,WIDTH_OP1.2,D1,4.057,4.000,0.057,-0.200,0.200,,SRF_OP1_IW2 - SRF_OP1_OW2 / CS_ABC
Distance,WIDTH_OP1.3,D1,4.081,4.000,0.081,-0.200,0.200,,SRF_OP1_IW3 - SRF_OP1_OW3 / CS_ABC
Distance,WIDTH_OP1.4,D1,4.076,4.000,0.076,-0.200,0.200,,SRF_OP1_IW4 - SRF_OP1_OW4 / CS_ABC
Distance,WIDTH_OP1.5,D1,4.018,4.000,0.018,-0.200,0.200,,SRF_OP1_IW5 - SRF_OP1_OW5 / CS_ABC
Distance,WIDTH_OP1.6,D1,4.058,4.000,0.058,-0.200,0.200,,SRF_OP1_IW6 - SRF_OP1_OW6 / CS_ABC
Distance,WIDTH_OP1.7,D1,4.103,4.000,0.103,-0.200,0.200,,SRF_OP1_IW7 - SRF_OP1_OW7 / CS_ABC
Distance,WIDTH_OP2.1,D1,4.139,4.000,0.139,-0.200,0.200,,SRF_OP2_IW1 - SRF_OP2_OW1 / CS_ABC
Distance,WIDTH_OP2.2,D1,3.957,4.000,-0.043,-0.200,0.200,,SRF_OP2_IW2 - SRF_OP2_OW2 / CS_ABC
Distance,WIDTH_OP2.3,D1,3.860,4.000,-0.140,-0.350,0.350,,SRF_OP2_IW3 - SRF_OP2_OW3 / MCS
Distance,WIDTH_OP2.4,D1,4.122,4.000,0.122,-0.200,0.200,,SRF_OP2_IW4 - SRF_OP2_OW4 / CS_ABC
Distance,WIDTH_OP2.5,D1,4.126,4.000,0.126,-0.200,0.200,,SRF_OP2_IW5 - SRF_OP2_OW5 / CS_ABC
Distance,WIDTH_OP2.6,D1,4.020,4.000,0.020,-0.200,0.200,,SRF_OP2_IW6 - SRF_OP2_OW6 / CS_ABC
Distance,WIDTH_OP2.7,D1,3.889,4.000,-0.111,-0.200,0.200,,SRF_OP2_IW7 - SRF_OP2_OW7 / CS_ABC
Distance,WIDTH_OP3.1,D1,4.045,4.000,0.045,-0.200,0.200,,SRF_OP3_IW1 - SRF_OP3_OW1 / CS_ABC
Distance,WIDTH_OP3.2,D1,4.049,4.000,0.049,-0.200,0.200,,SRF_OP3_IW2 - SRF_OP3_OW2 / CS_ABC
Distance,WIDTH_OP3.3,D1,4.101,4.000,0.101,-0.350,0.350,,SRF_OP3_IW3 - SRF_OP3_OW3 / CS_TEMP_CIR
Distance,WIDTH_OP3.4,D1,4.107,4.000,0.107,-0.200,0.200,,SRF_OP3_IW4 - SRF_OP3_OW4 / CS_ABC
Distance,WIDTH_OP4.1,D1,4.128,4.000,0.128,-0.200,0.200,,SRF_OP4_IW1 - SRF_OP4_OW1 / CS_ABC
Distance,WIDTH_OP4.2,D1,4.077,4.000,0.077,-0.200,0.200,,SRF_OP4_IW2 - SRF_OP4_OW2 / CS_ABC
Distance,WIDTH_OP4.3,D1,4.069,4.000,0.069,-0.200,0.200,,SRF_OP4_IW3 - SRF_OP4_OW3 / CS_ABC
Distance,WIDTH_OP4.4,D1,4.108,4.000,0.108,-0.200,0.200,,SRF_OP4_IW4 - SRF_OP4_OW4 / CS_ABC
Distance,WIDTH_OP4.5,D1,4.166,4.000,0.166,-0.300,0.300,,SRF_OP4_IW5 - SRF_OP4_OW5 / CS_TEMP_CIR
Distance,WIDTH_OP4.6,D1,3.988,4.000,-0.012,-0.200,0.200,,SRF_OP4_IW6 - SRF_OP4_OW6 / CS_ABC
Distance,WIDTH_OP4.7,D1,3.961,4.000,-0.039,-0.200,0.200,,SRF_OP4_IW7 - SRF_OP4_OW7 / CS_ABC
Distance,WIDTH_OP5.1,D1,4.139,4.000,0.139,-0.200,0.200,,SRF_OP5_IW1 - SRF_OP5_OW1 / CS_ABC
Distance,WIDTH_OP5.2,D1,4.158,4.000,0.158,-0.200,0.200,,SRF_OP5_IW2 - SRF_OP5_OW2 / CS_ABC
Distance,WIDTH_OP5.3,D1,4.001,4.000,0.001,-0.200,0.200,,SRF_OP5_IW3 - SRF_OP5_OW3 / CS_ABC
Distance,WIDTH_OP5.4,D1,4.146,4.000,0.146,-0.200,0.200,,SRF_OP5_IW4 - SRF_OP5_OW4 / CS_ABC
Distance,WIDTH_OP5.5,D1,4.162,4.000,0.162,-0.200,0.200,,SRF_OP5_IW5 - SRF_OP5_OW5 / CS_ABC
Distance,WIDTH_OP6.1,D1,4.051,4.000,0.051,-0.200,0.200,,SRF_OP6_IW1 - SRF_OP6_OW1 / CS_ABC
Distance,WIDTH_OP6.2,D1,4.093,4.000,0.093,-0.200,0.200,,SRF_OP6_IW2 - SRF_OP6_OW2 / CS_ABC
Distance,WIDTH_OP6.3,D1,3.974,4.000,-0.026,-0.200,0.200,,SRF_OP6_IW3 - SRF_OP6_OW3 / CS_ABC
Distance,WIDTH_OP6.4,D1,4.098,4.000,0.098,-0.200,0.200,,SRF_OP6_IW4 - SRF_OP6_OW4 / CS_ABC
Distance,WIDTH_OP6.5,D1,3.910,4.000,-0.090,-0.200,0.200,,SRF_OP6_IW5 - SRF_OP6_OW5 / CS_ABC
Distance,WIDTH_OP6.6,D1,4.070,4.000,0.070,-0.200,0.200,,SRF_OP6_IW6 - SRF_OP6_OW6 / CS_ABC
Distance,WIDTH_OP6.7,D1,4.160,4.000,0.160,-0.200,0.200,,SRF_OP6_IW7 - SRF_OP6_OW7 / CS_ABC
Distance,DP_OP1.1,Y,6.129,6.000,0.129,-0.325,0.325,,SRF_OP1_DP1 - PL_FIXTURE / CS_TEMP_CIR
Distance,DP_OP1.2,Y,6.125,6.000,0.125,-0.250,0.250,,SRF_OP1_DP2 - PL_FIXTURE / CS_PORTS_BF
Distance,DP_OP1.3,Y,6.104,6.000,0.104,-0.250,0.250,,SRF_OP1_DP3 - PL_FIXTURE / CS_PORTS_BF
Distance,DP_OP1.4,Y,6.108,6.000,0.108,-0.250,0.250,,SRF_OP1_DP4 - PL_FIXTURE / CS_PORTS_BF
Distance,DP_OP1.5,Y,6.169,6.000,0.169,-0.250,0.250,,SRF_OP1_DP5 - PL_FIXTURE / CS_PORTS_BF
Distance,DP_OP1.6,Y,6.306,6.000,0.306,-0.325,0.325,,SRF_OP1_DP6 - PL_FIXTURE / CS_TEMP_CIR
Distance,DP_OP1.7,Y,6.124,6.000,0.124,-0.250,0.250,,SRF_OP1_DP7 - PL_FIXTURE / CS_PORTS_BF
Distance,DP_OP2.1,Y,6.160,6.000,0.160,-0.325,0.325,,SRF_OP2_DP1 - PL_FIXTURE / CS_TEMP_CIR
Distance,DP_OP2.2,Y,5.964,6.000,-0.036,-0.250,0.250,,SRF_OP2_DP2 - PL_FIXTURE / CS_PORTS_BF
Distance,DP_OP2.3,Y,5.968,6.000,-0.032,-0.250,0.250,,SRF_OP2_DP3 - PL_FIXTURE / CS_PORTS_BF
Distance,DP_OP2.4,Y,6.067,6.000,0.067,-0.250,0.250,,SRF_OP2_DP4 - PL_FIXTURE / CS_PORTS_BF
Distance,DP_OP2.5,Y,6.037,6.000,0.037,-0.250,0.250,,SRF_OP2_DP5 - PL_FIXTURE / CS_PORTS_BF
Distance,DP_OP2.6,Y,6.222,6.000,0.222,-0.250,0.250,,SRF_OP2_DP6 - PL_FIXTURE / CS_PORTS_BF
Distance,DP_OP2.7,Y,6.255,6.000,0.255,-0.250,0.250,0.005,SRF_OP2_DP7 - PL_FIXTURE / CS_PORTS_BF
Distance,DP_OP3.1,Y,6.080,6.000,0.080,-0.250,0.250,,SRF_OP3_DP1 - PL_FIXTURE / CS_PORTS_BF
Distance,DP_OP3.2,Y,6.139,6.000,0.139,-0.250,0.250,,SRF_OP3_DP2 - PL_FIXTURE / CS_PORTS_BF
Distance,DP_OP3.3,Y,6.104,6.000,0.104,-0.250,0.250,,SRF_OP3_DP3 - PL_FIXTURE / CS_PORTS_BF
Distance,DP_OP3.4,Y,6.121,6.000,0.121,-0.250,0.250,,SRF_OP3_DP4 - PL_FIXTURE / CS_PORTS_BF
Distance,DP_OP4.1,Y,6.196,6.000,0.196,-0.250,0.250,,SRF_OP4_DP1 - PL_FIXTURE / CS_PORTS_BF
Distance,DP_OP4.2,Y,6.155,6.000,0.155,-0.250,0.250,,SRF_OP4_DP2 - PL_FIXTURE / CS_PORTS_BF
Distance,DP_OP4.3,Y,6.122,6.000,0.122,-0.250,0.250,,SRF_OP4_DP3 - PL_FIXTURE / CS_PORTS_BF
Distance,DP_OP4.4,Y,6.132,6.000,0.132,-0.250,0.250,,SRF_OP4_DP4 - PL_FIXTURE / CS_PORTS_BF
Distance,DP_OP4.5,Y,6.004,6.000,0.004,-0.250,0.250,,SRF_OP4_DP5 - PL_FIXTURE / CS_PORTS_BF
Distance,DP_OP4.6,Y,6.269,6.000,0.269,-0.250,0.250,0.019,SRF_OP4_DP6 - PL_FIXTURE / CS_PORTS_BF
Distance,DP_OP4.7,Y,6.246,6.000,0.246,-0.250,0.250,,SRF_OP4_DP7 - PL_FIXTURE / CS_PORTS_BF
Distance,DP_OP5.1,Y,6.140,6.000,0.140,-0.250,0.250,,SRF_OP5_DP1 - PL_FIXTURE / CS_PORTS_BF
Distance,DP_OP5.2,Y,6.161,6.000,0.161,-0.250,0.250,,SRF_OP5_DP2 - PL_FIXTURE / CS_PORTS_BF
Distance,DP_OP5.3,Y,6.103,6.000,0.103,-0.250,0.250,,SRF_OP5_DP3 - PL_FIXTURE / CS_PORTS_BF
Distance,DP_OP5.4,Y,6.070,6.000,0.070,-0.250,0.250,,SRF_OP5_DP4 - PL_FIXTURE / CS_PORTS_BF
Distance,DP_OP5.5,Y,6.061,6.000,0.061,-0.250,0.250,,SRF_OP5_DP5 - PL_FIXTURE / CS_PORTS_BF
Distance,DP_OP6.1,Y,6.236,6.000,0.236,-0.325,0.325,,SRF_OP6_DP1 - PL_FIXTURE / CS_TEMP_CIR
Distance,DP_OP6.2,Y,6.116,6.000,0.116,-0.250,0.250,,SRF_OP6_DP2 - PL_FIXTURE / CS_PORTS_BF
Distance,DP_OP6.3,Y,6.125,6.000,0.125,-0.250,0.250,,SRF_OP6_DP3 - PL_FIXTURE / CS_PORTS_BF
Distance,DP_OP6.4,Y,6.085,6.000,0.085,-0.250,0.250,,SRF_OP6_DP4 - PL_FIXTURE / CS_PORTS_BF
Distance,DP_OP6.5,Y,6.170,6.000,0.170,-0.250,0.250,,SRF_OP6_DP5 - PL_FIXTURE / CS_PORTS_BF
Distance,DP_OP6.6,Y,6.122,6.000,0.122,-0.250,0.250,,SRF_OP6_DP6 - PL_FIXTURE / CS_PORTS_BF
Distance,DP_OP6.7,Y,6.159,6.000,0.159,-0.250,0.250,,SRF_OP6_DP7 - PL_FIXTURE / CS_PORTS_BF
Circle,CIR_8,DIAM,75.832,75.500,0.332,-0.500,0.500,,Criterion : Least Square (From 6 Pts On PL_D) 
Circle,CIR_8,X,-28.461,-29.500,1.039,,,,
Circle,CIR_8,Y,63.385,62.500,0.885,,,,
Circle,CIR_8,Z,97.107,97.698,-0.592,,,,
Pos. Tol.,POS_8,PTOL,2.975,0.000,2.975,0.000,4.000,,CIR_8/NOMINAL - CS_ABC - C-Zone - XYZ - Nominal
Circle,CIR_18,X,-13.749,-14.333,0.584,,,,Criterion : Least Square (From 6 Pts On PL_INS_18) 
Circle,CIR_18,Y,95.595,95.187,0.409,,,,
Circle,CIR_18,Z,60.027,60.851,-0.824,,,,
Pos. Tol.,POS_18,PTOL,2.179,0.000,2.179,0.000,4.000,,CIR_18/NOMINAL - CS_ABC - C-Zone - XYZ - Nominal
Circle,CIR_19,X,-17.724,-18.623,0.899,,,,Criterion : Least Square (From 6 Pts On PL_INS_19) 
Circle,CIR_19,Y,30.882,30.358,0.525,,,,
Circle,CIR_19,Z,58.491,58.907,-0.415,,,,
Pos. Tol.,POS_19,PTOL,2.242,0.000,2.242,0.000,4.000,,CIR_19/NOMINAL - CS_ABC - C-Zone - XYZ - Nominal
Circle,CIR_20,X,-43.009,-44.668,1.659,,,,Criterion : Least Square (From 6 Pts On PL_INS_20) 
Circle,CIR_20,Y,30.709,29.813,0.896,,,,
Circle,CIR_20,Z,134.379,134.547,-0.168,,,,
Pos. Tol.,POS_20,PTOL,3.785,0.000,3.785,0.000,4.000,,CIR_20/NOMINAL - CS_ABC - C-Zone - XYZ - Nominal
Circle,CIR_21,X,-39.413,-40.378,0.964,,,,Criterion : Least Square (From 6 Pts On PL_INS_21) 
Circle,CIR_21,Y,95.495,94.642,0.852,,,,
Circle,CIR_21,Z,135.554,136.490,-0.936,,,,
Pos. Tol.,POS_21,PTOL,3.183,0.000,3.183,0.000,4.000,,CIR_21/NOMINAL - CS_ABC - C-Zone - XYZ - Nominal
Circle,2D_CIR_18,Y,32.392,32.500,-0.108,,,,
Circle,2D_CIR_18,Z,-39.892,-40.000,0.108,,,,
Pos. Tol.,POS_2D_18,PTOL,0.305,0.000,0.305,0.000,0.600,,2D_CIR_18/NOMINAL - CS_DE_BF - C-Zone - YZ - Nominal
Circle,2D_CIR_19,Y,-32.461,-32.500,0.039,,,,
Circle,2D_CIR_19,Z,-39.982,-40.000,0.018,,,,
Pos. Tol.,POS_2D_19,PTOL,0.086,0.000,0.086,0.000,0.600,,2D_CIR_19/NOMINAL - CS_DE_BF - C-Zone - YZ - Nominal
Circle,2D_CIR_20,Y,-32.499,-32.500,0.001,,,,
Circle,2D_CIR_20,Z,40.007,40.000,0.007,,,,
Pos. Tol.,POS_2D_20,PTOL,0.014,0.000,0.014,0.000,0.700,,2D_CIR_20/NOMINAL - CS_DE_BF - C-Zone - YZ - Nominal
Circle,2D_CIR_21,Y,32.397,32.500,-0.103,,,,
Circle,2D_CIR_21,Z,39.876,40.000,-0.124,,,,
Pos. Tol.,POS_2D_21,PTOL,0.323,0.000,0.323,0.000,0.700,,2D_CIR_21/NOMINAL - CS_DE_BF - C-Zone - YZ - Nominal
Distance,INSERT HEIGHT 18,X,0.239,0.000,0.239,0.000,0.500,,CIR_18 - PL_PLAST_18 / CS_DE_BF
Distance,INSERT HEIGHT 19,X,0.161,-0.000,0.161,0.000,0.500,,CIR_19 - PL_PLAST_19 / CS_DE_BF
Distance,INSERT HEIGHT 20,X,0.332,-0.000,0.332,0.000,0.500,,CIR_20 - PL_PLAST_20 / CS_DE_BF
Distance,INSERT HEIGHT 21,X,0.260,0.000,0.260,0.000,0.500,,CIR_21 - PL_PLAST_21 / CS_DE_BF
Distance,WIDTH_TB1,D1,3.026,3.000,0.026,-0.200,0.200,,P0W2.5_1.1 - PIW2.5_1.1 / CS_DE_BF
Distance,WIDTH_TB2,D1,2.978,3.000,-0.022,-0.200,0.200,,P0W2.5_1.2 - PIW2.5_1.2 / CS_DE_BF
Distance,WIDTH_TB3,D1,3.050,3.000,0.050,-0.200,0.200,,P0W2.5_1.3 - PIW2.5_1.3 / CS_DE_BF
Distance,WIDTH_TB4,D1,2.955,3.000,-0.045,-0.200,0.200,,P0W2.5_1.4 - PIW2.5_1.4 / CS_DE_BF
Distance,WIDTH_TB5,D1,3.050,3.000,0.050,-0.200,0.200,,P0W2.5_1.5 - PIW2.5_1.5 / CS_DE_BF
Distance,WIDTH_TB6,D1,3.029,3.000,0.029,-0.200,0.200,,P0W2.5_1.6 - PIW2.5_1.6 / CS_DE_BF
Distance,WIDTH_TB7,D1,2.996,3.000,-0.004,-0.200,0.200,,P0W2.5_1.7 - PIW2.5_1.7 / CS_DE_BF
Distance,WIDTH_TB8,D1,3.034,3.000,0.034,-0.200,0.200,,P0W2.5_1.8 - PIW2.5_1.8 / CS_DE_BF
Distance,DEPTH_TB1,X,-4.856,-5.000,0.144,-0.350,0.300,,TB_BOT_1.1 - PL_D / CS_DE_BF
Distance,DEPTH_TB2,X,-5.066,-5.000,-0.066,-0.300,0.300,,TB_BOT_1.2 - PL_D / CS_DE_BF
Distance,DEPTH_TB3,X,-5.055,-5.000,-0.055,-0.300,0.300,,TB_BOT_1.3 - PL_D / CS_DE_BF
Distance,DEPTH_TB4,X,-5.079,-5.000,-0.079,-0.300,0.300,,TB_BOT_1.4 - PL_D / CS_DE_BF
Distance,DEPTH_TB5,X,-5.221,-5.000,-0.221,-0.300,0.300,,TB_BOT_1.5 - PL_D / CS_DE_BF
Distance,DEPTH_TB6,X,-5.069,-5.000,-0.069,-0.300,0.300,,TB_BOT_1.6 - PL_D / CS_DE_BF
Distance,DEPTH_TB7,X,-4.910,-5.000,0.090,-0.300,0.300,,TB_BOT_1.7 - PL_D / CS_DE_BF
Distance,DEPTH_TB8,X,-4.785,-5.000,0.215,-0.350,0.300,,TB_BOT_1.8 - PL_D / CS_DE_BF
Flatness,FLAT_D,FLTN,0.323,0.000,0.323,0.000,1.000,,PL_D
Circle,CIR_9,DIAM,12.577,12.600,-0.023,-0.100,0.100,,Inters. PL_PLAST_9 - CYL_9.
Circle,CIR_9,X,-98.132,-98.500,0.368,,,,
Circle,CIR_9,Y,73.554,73.400,0.154,,,,
Circle,CIR_9,Z,147.738,148.323,-0.585,,,,
Pos. Tol.,POS_9,PTOL,1.417,0.000,1.417,0.000,4.000,,CIR_9/NOMINAL - CS_ABC - C-Zone - XYZ - Nominal
Circle,CIR_10_GAGE_12,DIAM,22.209,22.200,0.009,-0.150,0.150,,From 8 Pts On PL_PLAST_10
Circle,CIR_10_GAGE_12,X,-206.810,-207.000,0.190,,,,
Circle,CIR_10_GAGE_12,Y,79.067,79.300,-0.233,,,,
Circle,CIR_10_GAGE_12,Z,61.739,61.870,-0.131,,,,
Pos. Tol.,POS_10,PTOL,0.657,0.000,0.657,0.000,3.000,,CIR_10_GAGE_12/NOMINAL - CS_ABC - C-Zone - XYZ - Nominal
Circle,CIR_22,X,-192.451,-192.954,0.503,,,,Criterion : Least Square (From 6 Pts On PL_PLAST_10) 
Circle,CIR_22,Y,68.909,69.915,-1.006,,,,
Circle,CIR_22,Z,75.862,76.469,-0.607,,,,
Pos. Tol.,POS_22,PTOL,2.557,0.000,2.557,0.000,3.000,,CIR_22/NOMINAL - CS_ABC - C-Zone - XYZ - Nominal
Circle,CIR_23,X,-191.803,-192.345,0.542,,,,Criterion : Least Square (From 6 Pts On PL_PLAST_10) 
Circle,CIR_23,Y,75.656,76.580,-0.924,,,,
Circle,CIR_23,Z,78.202,78.652,-0.450,,,,
Pos. Tol.,POS_23,PTOL,1.409,0.000,1.409,0.000,3.000,,CIR_23/NOMINAL - CS_ABC - C-Zone - XZ - Nominal
Circle,2D_CIR_22,DIAM,4.665,4.600,0.065,-0.150,0.150,,
Circle,2D_CIR_22,X,22.594,22.500,0.094,,,,
Circle,2D_CIR_22,Y,0.000,0.000,0.000,,,,
Pos. Tol.,POS_2D_22,PTOL,0.187,0.000,0.187,0.000,0.500,,2D_CIR_22/NOMINAL - CS_10_22 - C-Zone - XY - Nominal
Circle,2D_CIR_23,DIAM,4.700,4.600,0.100,-0.150,0.150,,
Circle,2D_CIR_23,X,22.544,22.500,0.044,,,,
Circle,2D_CIR_23,Y,0.000,0.000,0.000,,,,
Pos. Tol.,POS_2D_23,PTOL,0.088,0.000,0.088,0.000,0.500,,2D_CIR_23/NOMINAL - CS_10_23 - C-Zone - XY - Nominal
Flatness,FLAT_F,FLTN,0.046,0.000,0.046,0.000,1.000,,PL_11_12
Circle,CIR_13_GAGE,DIAM,16.222,16.100,0.122,-0.200,0.200,,Criterion : Least Square (From 10 Pts On PL_13) 
Circle,CIR_13_GAGE,X,-71.956,-72.550,0.594,,,,
Circle,CIR_13_GAGE,Z,-1.394,-1.077,-0.317,,,,
Pos. Tol.,POS_13,PTOL,1.346,0.000,1.346,0.000,3.000,,CIR_13_GAGE/NOMINAL - CS_ABC - C-Zone - XZ - Nominal
Distance,PROF_13,Y,71.712,71.500,0.212,-1.500,1.500,,2D_CIR_13 - PL_FIXTURE / CS_ABC
Circle,CIR_INSERT_11,X,-84.530,-85.228,0.698,,,,Criterion : Least Square (From 6 Pts On PL_INSERT_11) 
Circle,CIR_INSERT_11,Z,26.011,26.112,-0.101,,,,
Pos. Tol.,POS_11,PTOL,1.411,0.000,1.411,0.000,3.000,,CIR_INSERT_11/NOMINAL - CS_ABC - C-Zone - XZ - Nominal
Distance,PROF_11,Y,91.247,91.250,-0.003,-1.500,1.500,,CIR_INSERT_11 - ORIGIN / CS_ABC
Circle,CIR_INSERT_12,X,-59.783,-59.871,0.088,,,,Criterion : Least Square (From 6 Pts On PL_INSERT_12) 
Circle,CIR_INSERT_12,Z,-28.492,-28.266,-0.225,,,,
Pos. Tol.,POS_12,PTOL,0.484,0.000,0.484,0.000,3.000,,CIR_INSERT_12/NOMINAL - CS_ABC - C-Zone - XZ - Nominal
Distance,PROF_12,Y,91.414,91.250,0.164,-1.500,1.500,,CIR_INSERT_12 - ORIGIN / CS_ABC
Circle,2D_CIR_INSERT_11,X,0.101,0.000,0.101,,,,
Circle,2D_CIR_INSERT_11,Z,30.096,30.000,0.096,,,,
Pos. Tol.,POS_2D_11,PTOL,0.278,0.000,0.278,0.000,0.700,,2D_CIR_INSERT_11/NOMINAL - CS_FG_BF - C-Zone - XZ - Nominal
Distance,INSERT HEIGHT 11,Y,0.101,0.000,0.101,0.000,0.500,,CIR_INSERT_11 - PL_PLAST_11 / CS_FG_BF
Circle,2D_CIR_INSERT_12,X,0.101,0.000,0.101,,,,
Circle,2D_CIR_INSERT_12,Z,-29.762,-30.000,0.238,,,,
Pos. Tol.,POS_2D_12,PTOL,0.517,0.000,0.517,0.000,0.700,,2D_CIR_INSERT_12/NOMINAL - CS_FG_BF - C-Zone - XZ - Nominal
Distance,INSERT HEIGHT 12,Y,0.129,-0.000,0.129,0.000,0.500,,CIR_INSERT_12 - PL_PLAST_12 / CS_FG_BF
Circle,CIR_14,DIAM,8.130,8.000,0.130,-0.200,0.200,,Criterion : Least Square (From 6 Pts On PL_PLAST_14) 
Circle,CIR_14,X,14.023,14.463,-0.440,,,,
Circle,CIR_14,Z,-350.975,-351.600,0.625,,,,
Pos. Tol.,POS_14,PTOL,1.529,0.000,1.529,0.000,3.000,,CIR_14/NOMINAL - CS_ABC - C-Zone - XZ - Nominal
Distance,PROF_14,Y,35.734,35.900,-0.166,-0.500,0.500,,CIR_14 - ORIGIN / CS_ABC
Circle,CIR_15,X,-105.757,-107.500,1.743,,,,Criterion : Least Square (From 6 Pts On PL_INS_15) 
Circle,CIR_15,Y,28.951,29.200,-0.249,,,,
Circle,CIR_15,Z,130.338,130.573,-0.235,,,,
Pos. Tol.,POS_15,PTOL,3.518,0.000,3.518,0.000,4.000,,CIR_15/NOMINAL - CS_ABC - C-Zone - XZ - Nominal
Distance,PROF_15,Y,28.951,29.200,-0.249,,,,CIR_15 - ORIGIN / CS_ABC
Distance,INSERT HEIGHT 15,Z,0.342,0.000,0.342,0.000,0.500,,CIR_15 - PL_PLAST_15 / CS_TEMP_SRF_15
Circle,CIR_16,X,7.914,8.450,-0.536,,,,Criterion : Least Square (From 10 Pts On PL_PLAST_16) 
Circle,CIR_16,Z,-202.526,-202.782,0.256,,,,
Pos. Tol.,POS_16,PTOL,1.189,0.000,1.189,0.000,4.000,,CIR_16/NOMINAL - CS_ABC - C-Zone - XZ - Nominal
Circle,CIR_17,X,8.611,8.450,0.161,,,,Criterion : Least Square (From 8 Pts On PL_PLAST_17) 
Circle,CIR_17,Z,-96.782,-96.778,-0.004,,,,
Pos. Tol.,POS_17,PTOL,0.323,0.000,0.323,0.000,4.000,,CIR_17/NOMINAL - CS_ABC - C-Zone - XZ - Nominal
Distance,PROF_16,Y,72.832,72.800,0.032,-1.500,1.500,,CIR_16 - ORIGIN / CS_ABC
Distance,PROF_17,Y,72.813,72.800,0.013,-1.500,1.500,,CIR_17 - ORIGIN / CS_ABC
Circle,CIR_24,DIAM,7.993,8.000,-0.007,-0.200,0.200,,Criterion : Least Square (From 8 Pts On PL_PLAST_24) 
Circle,CIR_24,X,55.960,56.450,-0.490,,,,
Circle,CIR_24,Z,-161.849,-161.827,-0.022,,,,
Pos. Tol.,POS_24,PTOL,0.982,0.000,0.982,0.000,3.000,,CIR_24/NOMINAL - CS_ABC - C-Zone - XZ - Nominal
Distance,PROF_24,Y,55.681,55.800,-0.119,-1.500,1.500,,CIR_24 - ORIGIN / CS_ABC
Circle,CIR_25,DIAM,6.630,6.500,0.130,-0.200,0.200,,Criterion : Least Square (From 6 Pts On PL_PLAST_25) 
Circle,CIR_25,X,14.824,14.450,0.374,,,,
Circle,CIR_25,Z,-3.888,-3.576,-0.312,,,,
Pos. Tol.,POS_25,PTOL,0.975,0.000,0.975,0.000,3.000,,CIR_25/NOMINAL - CS_ABC - C-Zone - XZ - Nominal
Distance,PROF_25,Y,68.671,68.700,-0.029,-0.500,0.500,,CIR_25 - ORIGIN / CS_ABC_BF_SURFACE
Circle,CIR_26,DIAM,10.364,10.180,0.184,-0.200,0.200,,Criterion : Least Square (From 8 Pts On PL_PLAST_26) 
Circle,CIR_26,X,54.849,55.450,-0.601,,,,
Circle,CIR_26,Z,-206.525,-206.828,0.302,,,,
Pos. Tol.,POS_26,PTOL,1.345,0.000,1.345,0.000,3.000,,CIR_26/NOMINAL - CS_ABC - C-Zone - XZ - Nominal
Distance,PROF_26,Y,56.040,55.800,0.240,-1.500,1.500,,CIR_26 - ORIGIN / CS_ABC
Circle,CIR_30,DIAM,12.201,12.050,0.151,-0.080,0.080,0.071,Criterion : Least Square (From 12 Pts On PL_PLAST_30) 
Circle,CIR_30,X,-212.360,-211.066,-1.294,,,,
Circle,CIR_30,Z,-313.514,-314.163,0.649,,,,
Circle,2D_CIR_31,DIAM,4.033,4.000,0.033,-0.100,0.100,,
Circle,2D_CIR_31,X,-19.842,-21.000,1.158,,,,
Circle,2D_CIR_31,Z,0.000,0.000,0.000,,,,
Circle,2D_CIR_32,DIAM,4.200,4.000,0.200,-0.100,0.100,0.100,
Circle,2D_CIR_32,X,-19.740,-21.000,1.260,,,,
Circle,2D_CIR_32,Z,-0.000,0.000,0.000,,,,
