Feat. Type,Feat. Name,Value,Actual,Nominal,Dev.,Tol-,Tol+,Out of Tol.,Comment
Text/Value,VAR_PROGRAM,VAL,,,,,,,'N:\Metrolog XG\Programmes\GM HF FWD GEN II 31xx\GM HF FWD Gen II High Hood 31xx Complete (Module 64).gm2'
Text/Value,VAR_EVENEMENT,VAL,,,,,,,'Dem.prioritaire'
Text/Value,VAR_COMMENTAIRES,VAL,,,,,,,'298B'
Text/Value,PROFILE_DATUM_A,VAL,0.344651,0.000000,0.344651,0.000000,1.000000,,
Text/Value,PROFILE_DATUM_B,VAL,0.663101,0.000000,0.663101,0.000000,1.000000,,
Distance,WIDTH_C,D1,8.986,9.000,-0.014,-0.150,0.150,,SRF_C_TOP - SRF_C_DOWN / CS_ABC_SURFACES_C
Pos. Tol.,POS_1,PTOL,0.773,0.000,0.773,0.000,2.000,,CIR1/NOMINAL - CS_ABC_SURFACES_C - C-Zone - XZ - Nominal
Pos. Tol.,POS_2,PTOL,0.394,0.000,0.394,0.000,2.000,,CIR2/NOMINAL - CS_ABC_SURFACES_C - C-Zone - XZ - Nominal
Pos. Tol.,POS_3,PTOL,0.796,0.000,0.796,0.000,2.000,,CIR3/NOMINAL - CS_ABC_SURFACES_C - C-Zone - XZ - Nominal
Pos. Tol.,POS_4,PTOL,0.402,0.000,0.402,0.000,2.000,,CIR4/NOMINAL - CS_ABC_SURFACES_C - C-Zone - XZ - Nominal
Pos. Tol.,POS_5,PTOL,1.241,0.000,1.241,0.000,2.000,,CIR5/NOMINAL - CS_ABC_SURFACES_C - C-Zone - XZ - Nominal
Pos. Tol.,POS_6,PTOL,1.864,0.000,1.864,0.000,2.000,,CIR6/NOMINAL - CS_ABC_SURFACES_C - C-Zone - XZ - Nominal
Pos. Tol.,POS_7,PTOL,1.119,0.000,1.119,0.000,2.000,,CIR7/NOMINAL - CS_ABC_SURFACES_C - C-Zone - XZ - Nominal
Pos. Tol.,POS_8,PTOL,0.650,0.000,0.650,0.000,2.000,,CIR8/NOMINAL - CS_ABC_SURFACES_C - C-Zone - XZ - Nominal
Pos. Tol.,POS_9,PTOL,2.488,0.000,2.488,0.000,3.000,,CIR9/NOMINAL - CS_ABC_SURFACES_C - C-Zone - XZ - Nominal
Circle,CIR1,DIAM,14.999,15.000,-0.001,-0.100,0.100,,From 4 Pts On PL_PLAST_1
Circle,CIR1,X,-51.679,-52.000,0.321,,,,
Circle,CIR1,Y,84.858,85.260,-0.402,,,,
Circle,CIR1,Z,-112.284,-112.500,0.216,,,,
Circle,CIR2,DIAM,15.084,15.100,-0.016,-0.100,0.100,,From 4 Pts On PL_PLAST_2
Circle,CIR2,X,-51.809,-52.000,0.191,,,,
Circle,CIR2,Y,85.189,85.260,-0.071,,,,
Circle,CIR2,Z,-18.047,-18.000,-0.047,,,,
Circle,CIR3,DIAM,15.148,15.000,0.148,-0.100,0.100,0.048,From 4 Pts On PL_PLAST_3
Circle,CIR3,X,-51.957,-52.000,0.043,,,,
Circle,CIR3,Y,85.465,85.260,0.205,,,,
Circle,CIR3,Z,87.604,88.000,-0.396,,,,
Circle,CIR4,DIAM,15.015,15.000,0.015,-0.100,0.100,,From 4 Pts On PL_PLAST_4
Circle,CIR4,X,-51.870,-52.000,0.130,,,,
Circle,CIR4,Y,85.196,85.260,-0.064,,,,
Circle,CIR4,Z,193.847,194.000,-0.153,,,,
Circle,CIR5,DIAM,14.998,15.000,-0.002,-0.100,0.100,,From 4 Pts On PL_PLAST_5
Circle,CIR5,X,51.966,52.000,-0.034,,,,
Circle,CIR5,Y,85.706,85.260,0.446,,,,
Circle,CIR5,Z,154.880,155.500,-0.620,,,,
Circle,CIR6,DIAM,14.879,15.000,-0.121,-0.100,0.100,-0.021,From 4 Pts On PL_PLAST_6
Circle,CIR6,X,52.324,52.000,0.324,,,,
Circle,CIR6,Y,85.151,85.260,-0.109,,,,
Circle,CIR6,Z,60.126,61.000,-0.874,,,,
Circle,CIR7,DIAM,14.883,14.900,-0.017,-0.100,0.100,,From 4 Pts On PL_PLAST_7
Circle,CIR7,X,52.539,52.000,0.539,,,,
Circle,CIR7,Y,84.855,85.260,-0.405,,,,
Circle,CIR7,Z,-45.152,-45.000,-0.152,,,,
Circle,CIR8,DIAM,15.066,15.000,0.066,-0.100,0.100,,From 4 Pts On PL_PLAST_8
Circle,CIR8,X,52.316,52.000,0.316,,,,
Circle,CIR8,Y,84.761,85.260,-0.499,,,,
Circle,CIR8,Z,-150.924,-151.000,0.076,,,,
Circle,CIR9,DIAM,12.842,12.860,-0.018,-0.100,0.100,,From 4 Pts On PL_PLAST_9
Circle,CIR9,X,284.044,284.990,-0.946,,,,
Circle,CIR9,Y,25.591,27.530,-1.939,,,,
Circle,CIR9,Z,160.308,159.500,0.808,,,,
Distance,PROFILE_1,Y,84.858,85.250,-0.392,-1.050,1.050,,CIR1 - ORIGIN / CS_ABC_SURFACES_C
Distance,PROFILE_2,Y,85.189,85.250,-0.061,-0.800,0.800,,CIR2 - ORIGIN / CS_ABC_SURFACES_C
Distance,PROFILE_3,Y,85.465,85.250,0.215,-0.350,0.350,,CIR3 - ORIGIN / CS_ABC_SURFACES_C
Distance,PROFILE_4,Y,85.196,85.250,-0.054,-0.550,0.550,,CIR4 - ORIGIN / CS_ABC_SURFACES_C
Distance,PROFILE_5,Y,85.706,85.250,0.456,-0.400,0.400,0.056,CIR5 - ORIGIN / CS_ABC_SURFACES_C
Distance,PROFILE_6,Y,85.151,85.250,-0.099,-0.450,0.450,,CIR6 - ORIGIN / CS_ABC_SURFACES_C
Distance,PROFILE_7,Y,84.855,85.250,-0.395,-0.850,0.850,,CIR7 - ORIGIN / CS_ABC_SURFACES_C
Distance,PROFILE_8,Y,84.761,85.250,-0.489,-0.900,0.900,,CIR8 - ORIGIN / CS_ABC_SURFACES_C
Profile of Line,PROFILE_VERTICAL_OP_1,PRFL,1.543,0.000,1.543,0.000,1.700,,SECTION_VERTICAL_OP_1
Profile of Line,PROFILE_VERTICAL_OP_2,PRFL,0.662,0.000,0.662,0.000,1.200,,SECTION_VERTICAL_OP_2
Profile of Line,PROFILE_VERTICAL_OP_3,PRFL,1.338,0.000,1.338,0.000,1.800,,SECTION_VERTICAL_OP_3
Profile of Line,PROFILE_VERTICAL_OP_4,PRFL,0.319,0.000,0.319,0.000,1.200,,SECTION_VERTICAL_OP_4
Profile of Line,PROFILE_VERTICAL_OP_5,PRFL,0.610,0.000,0.610,0.000,1.200,,SECTION_VERTICAL_OP_5
Profile of Line,PROFILE_VERTICAL_OP_6,PRFL,0.289,0.000,0.289,0.000,1.200,,SECTION_VERTICAL_OP_6
Profile of Line,PROFILE_HORIZONTAL_OP_1,PRFL,1.597,0.000,1.597,0.000,2.000,,SECTION_HORIZONTAL_OP_1
Profile of Line,PROFILE_HORIZONTAL_OP_2,PRFL,1.081,0.000,1.081,0.000,2.000,,SECTION_HORIZONTAL_OP_2
Profile of Line,PROFILE_HORIZONTAL_OP_3,PRFL,1.596,0.000,1.596,0.000,3.200,,SECTION_HORIZONTAL_OP_3
Profile of Line,PROFILE_HORIZONTAL_OP_4,PRFL,2.018,0.000,2.018,0.000,2.000,0.018,SECTION_HORIZONTAL_OP_4
Profile of Line,PROFILE_HORIZONTAL_OP_5,PRFL,1.330,0.000,1.330,0.000,2.000,,SECTION_HORIZONTAL_OP_5
Profile of Line,PROFILE_HORIZONTAL_OP_6,PRFL,0.810,0.000,0.810,0.000,2.000,,SECTION_HORIZONTAL_OP_6
Distance,OP1_WIDTH_1,D1,3.858,3.900,-0.042,-0.150,0.150,,OP1_PT1_OW_GAGE - OP1_PT1_IW_GAGE / CS_BF_OP1
Distance,OP1_WIDTH_2,D1,3.923,3.900,0.023,-0.150,0.150,,OP1_PT2_OW_GAGE - OP1_PT2_IW_GAGE / CS_BF_OP1
Distance,OP1_WIDTH_3,D1,3.854,3.900,-0.046,-0.150,0.150,,OP1_PT3_OW_GAGE - OP1_PT3_IW_GAGE / CS_BF_OP1
Distance,OP1_WIDTH_4,D1,3.881,3.900,-0.019,-0.150,0.150,,OP1_PT4_OW_GAGE - OP1_PT4_IW_GAGE / CS_BF_OP1
Distance,OP1_WIDTH_5,D1,3.977,3.900,0.077,-0.150,0.150,,OP1_PT5_OW_GAGE - OP1_PT5_IW_GAGE / CS_BF_OP1
Distance,OP1_WIDTH_6,D1,3.896,3.900,-0.004,-0.150,0.150,,OP1_PT6_OW_GAGE - OP1_PT6_IW_GAGE / CS_BF_OP1
Distance,OP1_WIDTH_7,D1,3.990,3.900,0.090,-0.150,0.150,,OP1_PT7_OW_GAGE - OP1_PT7_IW_GAGE / CS_BF_OP1
Distance,OP1_WIDTH_8,D1,3.978,4.150,-0.172,-0.150,0.150,-0.022,OP1_PT8_OW_GAGE - OP1_PT8_IW_GAGE / CS_BF_OP1
Distance,OP1_DEPTH_1,D1,5.952,6.000,-0.048,-0.250,0.500,,PL_FIXTURE_A - OP1_PT1_DEPTH / CS_BF_OP1
Distance,OP1_DEPTH_2,D1,5.997,6.000,-0.003,-0.250,0.500,,PL_FIXTURE_A - OP1_PT2_DEPTH / CS_BF_OP1
Distance,OP1_DEPTH_3,D1,5.927,6.000,-0.073,-0.150,0.150,,PL_FIXTURE_A - OP1_PT3_DEPTH / CS_BF_OP1
Distance,OP1_DEPTH_4,D1,5.955,6.000,-0.045,-0.150,0.150,,PL_FIXTURE_A - OP1_PT4_DEPTH / CS_BF_OP1
Distance,OP1_DEPTH_5,D1,5.977,6.000,-0.023,-0.150,0.150,,PL_FIXTURE_A - OP1_PT5_DEPTH / CS_BF_OP1
Distance,OP1_DEPTH_6,D1,5.932,6.000,-0.068,-0.150,0.150,,PL_FIXTURE_A - OP1_PT6_DEPTH / CS_BF_OP1
Distance,OP1_DEPTH_7,D1,6.151,6.000,0.151,-0.150,0.300,,PL_FIXTURE_A - OP1_PT8_DEPTH / CS_BF_OP1
Distance,OP1_DEPTH_8,D1,6.433,6.000,0.433,-0.000,0.670,,PL_FIXTURE_A - OP1_PT8_DEPTH / CS_BF_OP1
Distance,OP2_WIDTH_1,D1,3.868,3.900,-0.032,-0.150,0.150,,OP2_PT1_OW_GAGE - OP2_PT1_IW_GAGE / CS_BF_OP2
Distance,OP2_WIDTH_2,D1,3.897,4.150,-0.253,-0.150,0.150,-0.103,OP2_PT2_OW_GAGE - OP2_PT2_IW_GAGE / CS_BF_OP2
Distance,OP2_WIDTH_3,D1,3.771,3.900,-0.129,-0.150,0.150,,OP2_PT3_OW_GAGE - OP2_PT3_IW_GAGE / CS_BF_OP2
Distance,OP2_WIDTH_4,D1,3.855,3.900,-0.045,-0.150,0.150,,OP2_PT4_OW_GAGE - OP2_PT4_IW_GAGE / CS_BF_OP2
Distance,OP2_WIDTH_5,D1,4.006,3.900,0.106,-0.150,0.150,,OP2_PT5_OW_GAGE - OP2_PT5_IW_GAGE / CS_BF_OP2
Distance,OP2_WIDTH_6,D1,3.932,3.900,0.032,-0.150,0.150,,OP2_PT6_OW_GAGE - OP2_PT6_IW_GAGE / CS_BF_OP2
Distance,OP2_WIDTH_7,D1,4.086,4.150,-0.064,-0.150,0.150,,OP2_PT7_OW_GAGE - OP2_PT7_IW_GAGE / CS_BF_OP2
Distance,OP2_WIDTH_8,D1,3.955,3.900,0.055,-0.150,0.150,,OP2_PT8_OW_GAGE - OP2_PT8_IW_GAGE / CS_BF_OP2
Distance,OP2_DEPTH_1,D1,5.866,6.000,-0.134,-0.150,0.150,,PL_FIXTURE_A - OP2_PT1_DEPTH / CS_BF_OP2
Distance,OP2_DEPTH_2,D1,6.015,6.000,0.015,-0.150,0.300,,PL_FIXTURE_A - OP2_PT2_DEPTH / CS_BF_OP2
Distance,OP2_DEPTH_3,D1,5.908,6.000,-0.092,-0.150,0.150,,PL_FIXTURE_A - OP2_PT3_DEPTH / CS_BF_OP2
Distance,OP2_DEPTH_4,D1,5.895,6.000,-0.105,-0.150,0.150,,PL_FIXTURE_A - OP2_PT4_DEPTH / CS_BF_OP2
Distance,OP2_DEPTH_5,D1,6.015,6.000,0.015,-0.150,0.200,,PL_FIXTURE_A - OP2_PT2_DEPTH / CS_BF_OP2
Distance,OP2_DEPTH_6,D1,5.953,6.000,-0.047,-0.150,0.150,,PL_FIXTURE_A - OP2_PT6_DEPTH / CS_BF_OP2
Distance,OP2_DEPTH_7,D1,5.811,6.000,-0.189,-0.150,0.150,-0.039,PL_FIXTURE_A - OP2_PT7_DEPTH / CS_BF_OP2
Distance,OP2_DEPTH_8,D1,5.871,6.000,-0.129,-0.150,0.150,,PL_FIXTURE_A - OP2_PT8_DEPTH / CS_BF_OP2
Distance,OP3_WIDTH_1,D1,3.847,3.900,-0.053,-0.150,0.150,,OP3_PT1_OW_GAGE - OP3_PT1_IW_GAGE / CS_BF_OP3
Distance,OP3_WIDTH_2,D1,3.901,3.900,0.001,-0.150,0.150,,OP3_PT2_OW_GAGE - OP3_PT2_IW_GAGE / CS_BF_OP3
Distance,OP3_WIDTH_3,D1,3.942,3.900,0.042,-0.150,0.150,,OP3_PT3_OW_GAGE - OP3_PT3_IW_GAGE / CS_BF_OP3
Distance,OP3_WIDTH_4,D1,3.946,3.900,0.046,-0.150,0.150,,OP3_PT4_OW_GAGE - OP3_PT4_IW_GAGE / CS_BF_OP3
Distance,OP3_WIDTH_5,D1,4.069,3.900,0.169,-0.150,0.150,0.019,OP3_PT5_OW_GAGE - OP3_PT5_IW_GAGE / CS_BF_OP3
Distance,OP3_WIDTH_6,D1,3.965,3.900,0.065,-0.150,0.150,,OP3_PT6_OW_GAGE - OP3_PT6_IW_GAGE / CS_BF_OP3
Distance,OP3_WIDTH_7,D1,4.098,4.150,-0.052,-0.150,0.150,,OP3_PT7_OW_GAGE - OP3_PT7_IW_GAGE / CS_BF_OP3
Distance,OP3_WIDTH_8,D1,3.980,3.900,0.080,-0.150,0.150,,OP3_PT8_OW_GAGE - OP3_PT8_IW_GAGE / CS_BF_OP3
Distance,OP3_DEPTH_1,D1,6.172,6.000,0.172,-0.200,0.300,,PL_FIXTURE_A - OP3_PT2_DEPTH / CS_BF_OP3
Distance,OP3_DEPTH_2,D1,6.172,6.000,0.172,-0.000,0.500,,PL_FIXTURE_A - OP3_PT2_DEPTH / CS_BF_OP3
Distance,OP3_DEPTH_3,D1,5.952,6.000,-0.048,-0.200,0.150,,PL_FIXTURE_A - OP3_PT8_DEPTH / CS_BF_OP3
Distance,OP3_DEPTH_4,D1,6.012,6.000,0.012,-0.150,0.150,,PL_FIXTURE_A - OP3_PT4_DEPTH / CS_BF_OP3
Distance,OP3_DEPTH_5,D1,6.049,6.000,0.049,-0.150,0.150,,PL_FIXTURE_A - OP3_PT5_DEPTH / CS_BF_OP3
Distance,OP3_DEPTH_6,D1,5.952,6.000,-0.048,-0.150,0.150,,PL_FIXTURE_A - OP3_PT6_DEPTH / CS_BF_OP3
Distance,OP3_DEPTH_7,D1,5.952,6.000,-0.048,-0.500,0.150,,PL_FIXTURE_A - OP3_PT8_DEPTH / CS_BF_OP3
Distance,OP3_DEPTH_8,D1,5.952,6.000,-0.048,-0.150,0.300,,PL_FIXTURE_A - OP3_PT8_DEPTH / CS_BF_OP3
Distance,OP4_WIDTH_1,D1,3.795,3.900,-0.105,-0.150,0.150,,OP4_PT1_OW_GAGE - OP4_PT1_IW_GAGE / CS_BF_OP4
Distance,OP4_WIDTH_2,D1,3.981,3.900,0.081,-0.150,0.150,,OP4_PT2_OW_GAGE - OP4_PT2_IW_GAGE / CS_BF_OP4
Distance,OP4_WIDTH_3,D1,3.859,3.900,-0.041,-0.150,0.150,,OP4_PT3_OW_GAGE - OP4_PT3_IW_GAGE / CS_BF_OP4
Distance,OP4_WIDTH_4,D1,3.893,3.900,-0.007,-0.150,0.150,,OP4_PT4_OW_GAGE - OP4_PT4_IW_GAGE / CS_BF_OP4
Distance,OP4_WIDTH_5,D1,4.055,4.150,-0.095,-0.150,0.150,,OP4_PT5_OW_GAGE - OP4_PT5_IW_GAGE / CS_BF_OP4
Distance,OP4_WIDTH_6,D1,3.814,3.900,-0.086,-0.150,0.150,,OP4_PT6_OW_GAGE - OP4_PT6_IW_GAGE / CS_BF_OP4
Distance,OP4_WIDTH_7,D1,3.912,3.900,0.012,-0.150,0.150,,OP4_PT7_OW_GAGE - OP4_PT7_IW_GAGE / CS_BF_OP4
Distance,OP4_WIDTH_8,D1,3.928,3.900,0.028,-0.150,0.150,,OP4_PT8_OW_GAGE - OP4_PT8_IW_GAGE / CS_BF_OP4
Distance,OP4_DEPTH_1,D1,6.167,6.000,0.167,-0.300,0.150,0.017,PL_FIXTURE_B - OP4_PT1_DEPTH / CS_BF_OP4
Distance,OP4_DEPTH_2,D1,6.387,6.000,0.387,-0.150,0.150,0.237,PL_FIXTURE_B - OP4_PT2_DEPTH / CS_BF_OP4
Distance,OP4_DEPTH_3,D1,6.272,6.000,0.272,-0.150,0.150,0.122,PL_FIXTURE_B - OP4_PT3_DEPTH / CS_BF_OP4
Distance,OP4_DEPTH_4,D1,6.037,6.000,0.037,-0.150,0.150,,PL_FIXTURE_B - OP4_PT4_DEPTH / CS_BF_OP4
Distance,OP4_DEPTH_5,D1,6.067,6.000,0.067,-0.150,0.150,,PL_FIXTURE_B - OP4_PT5_DEPTH / CS_BF_OP4
Distance,OP4_DEPTH_6,D1,6.071,6.000,0.071,-0.150,0.150,,PL_FIXTURE_B - OP4_PT6_DEPTH / CS_BF_OP4
Distance,OP4_DEPTH_7,D1,6.098,6.000,0.098,-0.150,0.150,,PL_FIXTURE_B - OP4_PT7_DEPTH / CS_BF_OP4
Distance,OP4_DEPTH_8,D1,6.126,6.000,0.126,-0.250,0.150,,PL_FIXTURE_B - OP4_PT8_DEPTH / CS_BF_OP4
Distance,OP5_WIDTH_1,D1,3.739,3.900,-0.161,-0.150,0.150,-0.011,OP5_PT1_OW_GAGE - OP5_PT1_IW_GAGE / CS_BF_OP5
Distance,OP5_WIDTH_2,D1,3.898,4.150,-0.252,-0.400,0.500,,OP5_PT3_OW_GAGE - OP5_PT3_IW_GAGE / CS_BF_OP5
Distance,OP5_WIDTH_3,D1,3.898,4.150,-0.252,-0.400,0.400,,OP5_PT3_OW_GAGE - OP5_PT3_IW_GAGE / CS_BF_OP5
Distance,OP5_WIDTH_4,D1,3.921,3.900,0.021,-0.150,0.150,,OP5_PT4_OW_GAGE - OP5_PT4_IW_GAGE / CS_BF_OP5
Distance,OP5_WIDTH_5,D1,4.143,4.150,-0.007,-0.150,0.150,,OP5_PT5_OW_GAGE - OP5_PT5_IW_GAGE / CS_BF_OP5
Distance,OP5_WIDTH_6,D1,3.998,3.900,0.098,-0.150,0.150,,OP5_PT6_OW_GAGE - OP5_PT6_IW_GAGE / CS_BF_OP5
Distance,OP5_WIDTH_7,D1,3.949,4.150,-0.201,-0.150,0.150,-0.051,OP5_PT7_OW_GAGE - OP5_PT7_IW_GAGE / CS_BF_OP5
Distance,OP5_WIDTH_8,D1,3.949,4.150,-0.201,-0.400,0.400,,OP5_PT7_OW_GAGE - OP5_PT7_IW_GAGE / CS_BF_OP5
Distance,OP5_DEPTH_1,D1,6.275,6.000,0.275,-0.400,0.400,,PL_FIXTURE_B - OP5_PT1_DEPTH / CS_BF_OP5
Distance,OP5_DEPTH_2,D1,6.275,6.000,0.275,-0.400,0.500,,PL_FIXTURE_B - OP5_PT1_DEPTH / CS_BF_OP5
Distance,OP5_DEPTH_3,D1,6.275,6.000,0.275,-0.400,0.400,,PL_FIXTURE_B - OP5_PT1_DEPTH / CS_BF_OP5
Distance,OP5_DEPTH_4,D1,6.041,6.000,0.041,-0.150,0.150,,PL_FIXTURE_B - OP5_PT4_DEPTH / CS_BF_OP5
Distance,OP5_DEPTH_5,D1,6.033,6.000,0.033,-0.150,0.150,,PL_FIXTURE_B - OP5_PT5_DEPTH / CS_BF_OP5
Distance,OP5_DEPTH_6,D1,6.097,6.000,0.097,-0.150,0.150,,PL_FIXTURE_B - OP5_PT6_DEPTH / CS_BF_OP5
Distance,OP5_DEPTH_7,D1,6.201,6.000,0.201,-0.150,0.150,0.051,PL_FIXTURE_B - OP5_PT7_DEPTH / CS_BF_OP5
Distance,OP5_DEPTH_8,D1,6.275,6.000,0.275,-0.400,0.400,,PL_FIXTURE_B - OP5_PT1_DEPTH / CS_BF_OP5
Distance,OP6_WIDTH_1,D1,3.759,3.900,-0.141,-0.150,0.150,,OP6_PT1_OW_GAGE - OP6_PT1_IW_GAGE / CS_BF_OP6
Distance,OP6_WIDTH_2,D1,3.898,3.900,-0.002,-0.150,0.150,,OP6_PT2_OW_GAGE - OP6_PT2_IW_GAGE / CS_BF_OP6
Distance,OP6_WIDTH_3,D1,3.924,4.150,-0.226,-0.150,0.150,-0.076,OP6_PT7_OW_GAGE - OP6_PT7_IW_GAGE / CS_BF_OP6
Distance,OP6_WIDTH_4,D1,3.889,3.900,-0.011,-0.150,0.150,,OP6_PT4_OW_GAGE - OP6_PT4_IW_GAGE / CS_BF_OP6
Distance,OP6_WIDTH_5,D1,3.924,4.150,-0.226,-0.150,0.150,-0.076,OP6_PT7_OW_GAGE - OP6_PT7_IW_GAGE / CS_BF_OP6
Distance,OP6_WIDTH_6,D1,3.964,3.900,0.064,-0.150,0.150,,OP6_PT6_OW_GAGE - OP6_PT6_IW_GAGE / CS_BF_OP6
Distance,OP6_WIDTH_7,D1,3.924,4.100,-0.176,-0.150,0.150,-0.026,OP6_PT7_OW_GAGE - OP6_PT7_IW_GAGE / CS_BF_OP6
Distance,OP6_WIDTH_8,D1,3.892,3.900,-0.008,-0.150,0.150,,OP6_PT8_OW_GAGE - OP6_PT8_IW_GAGE / CS_BF_OP6
Distance,OP6_DEPTH_1,D1,6.297,6.000,0.297,-0.400,0.400,,PL_FIXTURE_B - OP6_PT1_DEPTH / CS_BF_OP6
Distance,OP6_DEPTH_2,D1,6.278,6.000,0.278,-0.400,0.400,,PL_FIXTURE_B - OP6_PT2_DEPTH / CS_BF_OP6
Distance,OP6_DEPTH_3,D1,6.278,6.000,0.278,-0.400,0.400,,PL_FIXTURE_B - OP6_PT2_DEPTH / CS_BF_OP6
Distance,OP6_DEPTH_4,D1,5.971,6.000,-0.029,-0.150,0.150,,PL_FIXTURE_B - OP6_PT4_DEPTH / CS_BF_OP6
Distance,OP6_DEPTH_5,D1,6.015,6.000,0.015,-0.150,0.150,,PL_FIXTURE_B - OP6_PT5_DEPTH / CS_BF_OP6
Distance,OP6_DEPTH_6,D1,6.122,6.000,0.122,-0.150,0.150,,PL_FIXTURE_B - OP6_PT6_DEPTH / CS_BF_OP6
Distance,OP6_DEPTH_7,D1,6.278,6.000,0.278,-0.400,0.400,,PL_FIXTURE_B - OP6_PT2_DEPTH / CS_BF_OP6
Distance,OP6_DEPTH_8,D1,6.278,6.000,0.278,-0.400,0.400,,PL_FIXTURE_B - OP6_PT2_DEPTH / CS_BF_OP6
Circle,CIR_A,DIAM,73.855,73.500,0.355,-0.500,0.500,,Criterion : Least Square (From 16 Pts On PL_PLAST_A) 
Circle,CIR_A,X,242.898,242.799,0.099,,,,
Circle,CIR_A,Y,135.518,136.926,-1.408,,,,
Circle,CIR_A,Z,155.110,155.357,-0.247,,,,
Circle,CIR_INS_11,X,290.363,290.064,0.298,,,,Criterion : Least Square (From 8 Pts On PL_INS_11) 
Circle,CIR_INS_11,Y,160.978,162.379,-1.402,,,,
Circle,CIR_INS_11,Z,150.063,149.158,0.905,,,,
Circle,CIR_INS_12,X,278.770,279.125,-0.354,,,,Criterion : Least Square (From 8 Pts On PL_INS_12) 
Circle,CIR_INS_12,Y,101.258,102.451,-1.193,,,,
Circle,CIR_INS_12,Z,165.444,165.216,0.228,,,,
Circle,CIR_INS_13,X,196.622,196.401,0.221,,,,Criterion : Least Square (From 8 Pts On PL_INS_13) 
Circle,CIR_INS_13,Y,115.466,116.540,-1.075,,,,
Circle,CIR_INS_13,Z,160.258,161.441,-1.183,,,,
Circle,CIR_INS_14,X,207.904,207.341,0.563,,,,Criterion : Least Square (From 8 Pts On PL_INS_14) 
Circle,CIR_INS_14,Y,175.379,176.469,-1.090,,,,
Circle,CIR_INS_14,Z,145.222,145.383,-0.161,,,,
Circle,2D_CIR_INS_11,X,41.959,42.000,-0.041,,,,
Circle,2D_CIR_INS_11,Y,33.901,34.000,-0.099,,,,
Circle,2D_CIR_INS_12,X,41.728,42.000,-0.272,,,,
Circle,2D_CIR_INS_12,Y,-28.847,-29.000,0.153,,,,
Circle,2D_CIR_INS_13,X,-41.801,-42.000,0.199,,,,
Circle,2D_CIR_INS_13,Y,-28.923,-29.000,0.077,,,,
Circle,2D_CIR_INS_14,X,-41.887,-42.000,0.113,,,,
Circle,2D_CIR_INS_14,Y,33.869,34.000,-0.131,,,,
Pos. Tol.,POS_11,PTOL,3.390,0.000,3.390,0.000,4.500,,CIR_INS_11/NOMINAL - CS_ABC_SURFACES_C - C-Zone - XYZ - Nominal
Pos. Tol.,POS_12,PTOL,2.531,0.000,2.531,0.000,4.500,,CIR_INS_12/NOMINAL - CS_ABC_SURFACES_C - C-Zone - XYZ - Nominal
Pos. Tol.,POS_13,PTOL,3.226,0.000,3.226,0.000,3.000,0.226,CIR_INS_13/NOMINAL - CS_ABC_SURFACES_C - C-Zone - XYZ - Nominal
Pos. Tol.,POS_2D_11,PTOL,0.213,0.000,0.213,0.000,1.000,,2D_CIR_INS_11/NOMINAL - CS_D_BF - C-Zone - XY - Nominal
Pos. Tol.,POS_2D_12,PTOL,0.623,0.000,0.623,0.000,1.000,,2D_CIR_INS_12/NOMINAL - CS_D_BF - C-Zone - XY - Nominal
Pos. Tol.,POS_2D_13,PTOL,0.427,0.000,0.427,0.000,1.000,,2D_CIR_INS_13/NOMINAL - CS_D_BF - C-Zone - XY - Nominal
Pos. Tol.,POS_2D_14,PTOL,0.346,0.000,0.346,0.000,0.500,,2D_CIR_INS_14/NOMINAL - CS_D_BF - C-Zone - XY - Nominal
Paral.,PERP_11,PARA,0.246,0.000,0.246,0.000,0.400,,PL_INS_11/PL_PLAST_INS_11 - P-Zone - Cloud of Points 
Paral.,PERP_12,PARA,0.149,0.000,0.149,0.000,0.400,,PL_INS_12/PL_PLAST_INS_12 - P-Zone - Cloud of Points 
Paral.,PERP_13,PARA,0.335,0.000,0.335,0.000,0.400,,PL_INS_13/PL_PLAST_INS_13 - P-Zone - Cloud of Points 
Paral.,PERP_14,PARA,0.089,0.000,0.089,0.000,0.400,,PL_INS_14/PL_PLAST_INS_14 - P-Zone - Cloud of Points 
Flatness,FLATNESS_DATUM_D,FLTN,0.374,0.000,0.374,0.000,0.300,0.074,PL_PLAST_D_TB
Distance,H_11,Z,0.151,-0.000,0.152,0.000,0.400,,CIR_INS_11 - PL_PLAST_INS_11 / CS_D_BF
Distance,H_12,Z,0.244,-0.000,0.244,0.000,0.400,,CIR_INS_12 - PL_PLAST_INS_12 / CS_D_BF
Distance,H_13,Z,0.293,-0.000,0.293,0.000,0.400,,CIR_INS_13 - PL_PLAST_INS_13 / CS_D_BF
Distance,H_14,Z,0.112,-0.000,0.112,0.000,0.400,,CIR_INS_14 - PL_PLAST_INS_14 / CS_D_BF
Profile of Line,PROFILE_SURFACE_D,PRFL,2.913,0.000,2.913,0.000,3.000,,SECTION_D
Distance,PROF_INS_11_D,D1,0.723,0.650,0.073,-0.150,0.150,,CIR_INS_11 - PL_PLAST_D_TB / CS_D_BF
Distance,PROF_INS_12_D,D1,0.907,1.000,-0.093,-0.150,0.150,,CIR_INS_12 - PL_PLAST_D_TB / CS_D_BF
Distance,PROF_INS_13_D,D1,0.760,0.650,0.110,-0.150,0.150,,CIR_INS_13 - PL_PLAST_D_TB / CS_D_BF
Distance,PROF_INS_14_D,D1,0.963,1.000,-0.037,-0.150,0.150,,CIR_INS_14 - PL_PLAST_D_TB / CS_D_BF
Distance,WIDTH_TBA_1,D1,3.194,3.250,-0.056,-0.150,0.150,,0W2.5_1.1 - IW2.5_1.1 / CS_D_BF
Distance,WIDTH_TBA_2,D1,3.201,3.250,-0.049,-0.150,0.150,,0W2.5_1.2 - IW2.5_1.2 / CS_D_BF
Distance,WIDTH_TBA_3,D1,3.298,3.250,0.048,-0.150,0.150,,0W2.5_1.3 - IW2.5_1.3 / CS_D_BF
Distance,WIDTH_TBA_4,D1,3.251,3.250,0.001,-0.150,0.150,,0W2.5_1.4 - IW2.5_1.4 / CS_D_BF
Distance,WIDTH_TBA_5,D1,3.112,3.250,-0.138,-0.150,0.150,,0W2.5_1.5 - IW2.5_1.5 / CS_D_BF
Distance,WIDTH_TBA_6,D1,3.248,3.250,-0.002,-0.150,0.150,,0W2.5_1.6 - IW2.5_1.6 / CS_D_BF
Distance,WIDTH_TBA_7,D1,3.254,3.250,0.004,-0.150,0.150,,0W2.5_1.7 - IW2.5_1.7 / CS_D_BF
Distance,WIDTH_TBA_8,D1,3.273,3.250,0.023,-0.150,0.150,,0W2.5_1.8 - IW2.5_1.8 / CS_D_BF
Distance,DEPTH_TBA_1,D1,5.315,5.150,0.165,-0.300,0.300,,TB_BOT_1.1 - PL_D / CS_D_BF
Distance,DEPTH_TBA_2,D1,5.296,5.150,0.146,-0.300,0.300,,TB_BOT_1.2 - PL_D / CS_D_BF
Distance,DEPTH_TBA_3,D1,5.311,5.150,0.161,-0.300,0.300,,TB_BOT_1.3 - PL_D / CS_D_BF
Distance,DEPTH_TBA_4,D1,5.547,5.150,0.397,-0.300,0.300,0.097,TB_BOT_1.4 - PL_D / CS_D_BF
Distance,DEPTH_TBA_5,D1,5.436,5.550,-0.114,-0.300,0.300,,TB_BOT_1.5 - PL_D / CS_D_BF
Distance,DEPTH_TBA_6,D1,5.202,5.150,0.052,-0.300,0.300,,TB_BOT_1.6 - PL_D / CS_D_BF
Distance,DEPTH_TBA_7,D1,5.384,5.150,0.234,-0.300,0.300,,TB_BOT_1.7 - PL_D / CS_D_BF
Distance,DEPTH_TBA_8,D1,5.444,5.550,-0.106,-0.300,0.300,,TB_BOT_1.8 - PL_D / CS_D_BF
Circle,CIR_10,DIAM,4.939,4.950,-0.011,-0.100,0.100,,Criterion : Least Square (From 6 Pts On PL_PLAST_10) 
Circle,CIR_10,X,12.396,12.000,0.396,,,,
Circle,CIR_10,Y,178.713,178.230,0.483,,,,
Circle,CIR_10,Z,118.349,119.500,-1.151,,,,
Circle,CIR_21,DIAM,4.755,4.820,-0.065,-0.100,0.100,,Criterion : Least Square (From 6 Pts On PL_PLAST_21) 
Circle,CIR_21,X,12.969,11.854,1.114,,,,
Circle,CIR_21,Y,178.158,178.230,-0.072,,,,
Circle,CIR_21,Z,-93.354,-92.440,-0.914,,,,
Circle,CIR_24,DIAM,4.822,4.820,0.002,-0.100,0.100,,Criterion : Least Square (From 6 Pts On PL_PLAST_24) 
Circle,CIR_24,X,221.876,220.847,1.029,,,,
Circle,CIR_24,Y,201.992,203.230,-1.238,,,,
Circle,CIR_24,Z,-8.197,-7.568,-0.629,,,,
Pos. Tol.,POS_10,PTOL,2.435,0.000,2.435,0.000,3.000,,CIR_10/NOMINAL - CS_ABC_SURFACES_C - C-Zone - XZ - Nominal
Pos. Tol.,POS_21,PTOL,2.883,0.000,2.883,0.000,3.000,,CIR_21/NOMINAL - CS_ABC_SURFACES_C - C-Zone - XZ - Nominal
Pos. Tol.,POS_24,PTOL,2.413,0.000,2.413,0.000,3.000,,CIR_24/NOMINAL - CS_ABC_SURFACES_C - C-Zone - XZ - Nominal
Distance,PROF_10,Y,178.713,178.230,0.483,-1.500,1.500,,CIR_10 - ORIGIN / CS_ABC_SURFACES_C
Distance,PROF_21,Y,178.158,178.230,-0.072,-1.500,1.500,,CIR_21 - ORIGIN / CS_ABC_SURFACES_C
Distance,PROF_24,Y,201.992,203.230,-1.238,-1.500,1.500,,CIR_24 - ORIGIN / CS_ABC_SURFACES_C
Circle,CIR_17,X,-50.901,-52.000,1.099,,,,Proj. CIR_17 / PL_PLAST_17.
Circle,CIR_17,Y,75.851,75.580,0.271,,,,
Circle,CIR_17,Z,148.589,149.000,-0.410,,,,
Circle,CIR_18,X,-50.794,-52.000,1.206,,,,Criterion : Least Square (From 6 Pts On PL_INS_18) 
Circle,CIR_18,Y,75.484,75.580,-0.096,,,,
Circle,CIR_18,Z,-68.444,-68.000,-0.444,,,,
Circle,CIR_20,X,-26.068,-27.000,0.932,,,,Criterion : Least Square (From 6 Pts On PL_INS_20) 
Circle,CIR_20,Y,181.109,180.580,0.529,,,,
Circle,CIR_20,Z,-92.776,-93.000,0.224,,,,
Circle,CIR_22,X,209.644,207.607,2.037,,,,Criterion : Least Square (From 6 Pts On PL_INS_22) 
Circle,CIR_22,Y,188.720,190.580,-1.860,,,,
Circle,CIR_22,Z,-103.615,-103.394,-0.221,,,,
Circle,CIR_23,X,233.563,231.607,1.957,,,,Criterion : Least Square (From 6 Pts On PL_INS_23) 
Circle,CIR_23,Y,188.863,190.580,-1.717,,,,
Circle,CIR_23,Z,-71.464,-71.394,-0.070,,,,
Pos. Tol.,POS_17,PTOL,2.347,0.000,2.347,0.000,3.000,,CIR_17/NOMINAL - CS_ABC_SURFACES_C - C-Zone - XZ - Nominal
Pos. Tol.,POS_18,PTOL,2.570,0.000,2.570,0.000,3.000,,CIR_18/NOMINAL - CS_ABC_SURFACES_C - C-Zone - XZ - Nominal
Pos. Tol.,POS_20,PTOL,1.917,0.000,1.917,0.000,3.000,,CIR_20/NOMINAL - CS_ABC_SURFACES_C - C-Zone - XZ - Nominal
Pos. Tol.,POS_22,PTOL,4.098,0.000,4.098,0.000,4.000,0.098,CIR_22/NOMINAL - CS_ABC_SURFACES_C - C-Zone - XZ - Nominal
Pos. Tol.,POS_23,PTOL,3.916,0.000,3.916,0.000,3.000,0.916,CIR_23/NOMINAL - CS_ABC_SURFACES_C - C-Zone - XZ - Nominal
Distance,H_17,Y,-0.000,-0.000,0.000,0.000,0.400,,CIR_17 - PL_PLAST_17 / CS_ABC_BF_SURFACES
Distance,H_18,Y,0.001,-0.000,0.001,0.000,0.400,,CIR_18 - PL_PLAST_18 / CS_ABC_BF_SURFACES
Distance,H_20,Y,0.225,0.000,0.225,0.000,0.400,,CIR_20 - PL_PLAST_20 / CS_ABC_BF_SURFACES
Distance,H_23,Y,-0.006,-0.000,-0.006,0.000,0.400,-0.006,CIR_23 - PL_PLAST_23 / CS_ABC_BF_SURFACES
Circle,CIR_25,DIAM,12.079,12.050,0.029,-0.080,0.080,,Criterion : Least Square (From 12 Pts On PL_PLAST_25) 
Circle,CIR_25,X,262.700,261.590,1.110,,,,
Circle,CIR_25,Y,194.916,196.720,-1.804,,,,
Circle,CIR_25,Z,49.945,49.700,0.245,,,,
Circle,2D_CIR_26,DIAM,4.770,4.700,0.070,-0.100,0.100,,
Circle,2D_CIR_26,X,-17.445,-17.500,0.055,,,,
Circle,2D_CIR_26,Z,0.000,0.000,0.000,,,,
Pos. Tol.,POS_25,PTOL,2.273,0.000,2.273,0.000,3.000,,CIR_25/NOMINAL - CS_ABC_SURFACES_C - C-Zone - XZ - Nominal
Pos. Tol.,POS_2D_26,PTOL,0.110,0.000,0.110,0.000,0.500,,2D_CIR_26/NOMINAL - CS_FG - C-Zone - XZ - Nominal
Distance,PROF_25,Y,194.916,196.720,-1.804,-1.500,1.500,-0.304,CIR_25 - ORIGIN / CS_ABC_SURFACES_C
Distance,PROF_27,Y,145.842,147.730,-1.888,-1.500,1.500,-0.388,CIR_27 - ORIGIN / CS_ABC_SURFACES_C
Distance,PROF_28,Y,154.735,153.930,0.805,-1.500,1.500,,CIR_28 - ORIGIN / CS_ABC_SURFACES_C
Pos. Tol.,POS_27,PTOL,5.357,0.000,5.357,0.000,3.000,2.357,CIR_27/NOMINAL - CS_ABC_SURFACES_C - C-Zone - XZ - Nominal
Pos. Tol.,POS_28,PTOL,1.282,0.000,1.282,0.000,4.250,,CIR_28/NOMINAL - CS_ABC_SURFACES_C - C-Zone - XZ - Nominal
Circle,CIR_27,DIAM,6.378,6.350,0.028,-0.250,0.250,,Criterion : Least Square (From 6 Pts On PL_PLAST_27) 
Circle,CIR_27,X,272.613,270.100,2.513,,,,
Circle,CIR_27,Y,145.842,147.700,-1.858,,,,
Circle,CIR_27,Z,-51.912,-52.840,0.928,,,,
Circle,CIR_28,DIAM,6.390,6.350,0.040,-0.250,0.250,,Criterion : Least Square (From 6 Pts On PL_PLAST_28) 
Circle,CIR_28,X,100.124,100.090,0.034,,,,
Circle,CIR_28,Y,154.735,153.930,0.805,,,,
Circle,CIR_28,Z,175.360,176.000,-0.640,,,,
Circle,CIR_29,DIAM,12.181,12.170,0.011,-0.080,0.080,,Criterion : Least Square (From 16 Pts On PL_DATUM_H) 
Circle,CIR_29,X,307.908,306.650,1.258,,,,
Circle,CIR_29,Y,-10.270,-10.310,0.040,,,,
Circle,CIR_29,Z,171.258,173.470,-2.212,,,,
Pos. Tol.,POS_29,PTOL,5.089,0.000,5.089,0.000,3.600,1.489,CIR_29/NOMINAL - CS_ABC_BF_SURFACES_ROTATED - C-Zone - XZ - Nominal
Circle,2D_CIR_30,X,-23.438,-23.500,0.062,,,,
Circle,2D_CIR_30,Z,0.000,0.000,0.000,,,,
Pos. Tol.,POS_2D_30,PTOL,0.125,0.000,0.125,0.000,0.500,,2D_CIR_30/NOMINAL - CS_HJ - C-Zone - XZ - Nominal
Distance,H_30,Y,0.217,0.000,0.217,0.000,0.400,,2D_CIR_30 - PL_PLAST_30 / CS_HJ
Distance,PROF_31,Z,-201.844,-201.782,-0.062,-1.500,1.500,,CIR_31 - ORIGIN / CS_ABC_SURFACES_C
Distance,PROF_32,Y,173.683,173.000,0.683,-1.500,1.500,,CIR_32 - ORIGIN / CS_ABC_BF_SURFACES_ROTATED
Distance,PROF_33,Y,148.215,148.000,0.215,-1.500,1.500,,CIR_33 - ORIGIN / CS_ABC_BF_SURFACES_ROTATED
Circle,CIR_31,DIAM,11.728,11.800,-0.072,-0.100,0.100,,Inters. PL_PLAST_31 - CYL_31.
Circle,CIR_31,X,158.266,157.240,1.026,,,,
Circle,CIR_31,Y,132.792,135.320,-2.528,,,,
Circle,CIR_32,X,11.619,11.000,0.619,,,,Criterion : Least Square (From 8 Pts On PL_INS_32) 
Circle,CIR_32,Z,124.810,124.730,0.080,,,,
Circle,CIR_33,X,-59.129,-60.000,0.871,,,,Criterion : Least Square (From 8 Pts On PL_INS_33) 
Circle,CIR_33,Z,125.460,124.730,0.730,,,,
Circle,2D_CIR_33,X,-70.918,-71.000,0.082,,,,
Circle,2D_CIR_33,Z,0.000,0.000,0.000,,,,
Circle,2D_CIR_32,X,-0.000,0.000,0.000,,,,
Circle,2D_CIR_32,Z,0.000,0.000,0.000,,,,
Pos. Tol.,POS_31,PTOL,5.457,0.000,5.457,0.000,6.350,,CIR_31/NOMINAL - CS_ABC_SURFACES_C - C-Zone - XY - Nominal
Pos. Tol.,POS_32,PTOL,1.844,0.000,1.844,0.000,3.000,,CIR_32/NOMINAL - CS_ABC_BF_SURFACES_ROTATED - C-Zone - XY - Nominal
Pos. Tol.,POS_33,PTOL,1.793,0.000,1.793,0.000,3.000,,CIR_33/NOMINAL - CS_ABC_BF_SURFACES_ROTATED - C-Zone - XY - Nominal
Pos. Tol.,POS_2D_33,PTOL,0.163,0.000,0.163,0.000,0.500,,2D_CIR_33/NOMINAL - CS_K_BF - C-Zone - XZ - Nominal
Distance,H_32,Y,0.194,0.150,0.044,-0.150,0.150,,CIR_32 - PL_PLAST_32 / CS_K
Distance,H_33,Y,0.085,0.150,-0.065,-0.150,0.150,,CIR_33 - PL_PLAST_33 / CS_K
Distance,H_19,Y,0.124,0.000,0.124,0.000,0.400,,CIR_19 - PL_PLAST_19 / CS_ABC_BF_SURFACES
