Feat. Type,Feat. Name,Value,Actual,Nominal,Dev.,Tol-,Tol+,Out of Tol.,Comment
Text/Value,VAR_PROGRAM,VAL,,,,,,,'N:\Metrolog XG\Programmes\Ford 3,5L GTDI 2017\Ford 3.5L GTDI Complete (Module 44).gm2'
Text/Value,VAR_EVENEMENT,VAL,,,,,,,'ppap p18'
Text/Value,VAR_COMMENTAIRES,VAL,,,,,,,'354 A'
Text/Value,PROFILE_A,VAL,0.133055,0.000000,0.133055,0.000000,0.500000,,
Circle,CIR_B,DIAM,4.682,4.700,-0.018,-0.100,0.100,,Criterion : Least Square (From 3 Pts On PL_BACK_FIXTURE) 
Circle,CIR_B,X,0.000,0.000,0.000,,,,
Circle,CIR_B,Z,0.000,0.000,0.000,,,,
Circle,CIR_C,DIAM,4.635,4.700,-0.065,-0.100,0.100,,Criterion : Least Square (From 3 Pts On PL_BACK_FIXTURE) 
Circle,CIR_C,X,-0.000,-0.000,0.000,,,,
Circle,CIR_C,Z,-211.872,-212.000,0.128,,,,
Circle,CIR1,X,16.054,15.944,0.110,,,,From 4 Pts On PL_PLAST_1
Circle,CIR1,Z,48.870,48.650,0.220,,,,
Circle,CIR2,X,43.715,43.444,0.271,,,,From 4 Pts On PL_PLAST_2
Circle,CIR2,Z,-52.677,-52.850,0.173,,,,
Circle,CIR3,X,16.223,15.944,0.279,,,,From 4 Pts On PL_PLAST_3
Circle,CIR3,Z,-158.693,-158.849,0.156,,,,
Circle,CIR4,X,43.465,43.444,0.021,,,,From 4 Pts On PL_PLAST_4
Circle,CIR4,Z,-264.765,-264.849,0.084,,,,
Circle,CIR5,X,221.947,221.700,0.247,,,,From 4 Pts On PL_PLAST_5
Circle,CIR5,Z,-297.123,-296.849,-0.274,,,,
Circle,CIR6,X,195.061,195.208,-0.147,,,,From 4 Pts On PL_PLAST_6
Circle,CIR6,Z,-195.555,-195.349,-0.206,,,,
Circle,CIR7,X,222.788,222.700,0.088,,,,From 3 Pts On PL_PLAST_7
Circle,CIR7,Z,-89.502,-89.349,-0.153,,,,
Circle,CIR8,X,195.222,195.208,0.014,,,,From 4 Pts On PL_PLAST_8
Circle,CIR8,Z,16.592,16.651,-0.059,,,,
Pos. Tol.,POS_B,PTOL,0.000,0.000,0.000,0.000,0.500,,CIR_B/NOMINAL - CS_ABC - C-Zone - XZ - Nominal
Pos. Tol.,POS_C,PTOL,0.255,0.000,0.255,0.000,0.500,,CIR_C/NOMINAL - CS_ABC - C-Zone - XZ - Nominal
Pos. Tol.,POS_1,PTOL,0.491,0.000,0.491,0.000,1.500,,CIR1/NOMINAL - CS_ABC - C-Zone - XZ - Nominal
Pos. Tol.,POS_2,PTOL,0.644,0.000,0.644,0.000,1.500,,CIR2/NOMINAL - CS_ABC - C-Zone - XZ - Nominal
Pos. Tol.,POS_3,PTOL,0.640,0.000,0.640,0.000,1.500,,CIR3/NOMINAL - CS_ABC - C-Zone - XZ - Nominal
Pos. Tol.,POS_4,PTOL,0.173,0.000,0.173,0.000,1.500,,CIR4/NOMINAL - CS_ABC - C-Zone - XZ - Nominal
Pos. Tol.,POS_5,PTOL,0.738,0.000,0.738,0.000,1.500,,CIR5/NOMINAL - CS_ABC - C-Zone - XZ - Nominal
Pos. Tol.,POS_6,PTOL,0.506,0.000,0.506,0.000,1.500,,CIR6/NOMINAL - CS_ABC - C-Zone - XZ - Nominal
Pos. Tol.,POS_7,PTOL,0.353,0.000,0.353,0.000,1.500,,CIR7/NOMINAL - CS_ABC - C-Zone - XZ - Nominal
Pos. Tol.,POS_8,PTOL,0.120,0.000,0.120,0.000,1.500,,CIR8/NOMINAL - CS_ABC - C-Zone - XZ - Nominal
Circle,CIR_A,DIAM,73.993,74.000,-0.007,-0.300,0.300,,Criterion : Least Square (From 36 Pts On PL_PLAST_PT.A) 
Circle,CIR_A,X,119.414,119.162,0.252,,,,
Circle,CIR_A,Y,1.651,3.289,-1.638,,,,
Circle,CIR_A,Z,188.262,188.276,-0.014,,,,
Circle,CIR_17,X,79.704,79.320,0.384,,,,Criterion : Least Square (From 6 Pts On PL_INS_17) 
Circle,CIR_17,Y,33.885,35.146,-1.262,,,,
Circle,CIR_17,Z,193.973,193.894,0.079,,,,
Circle,CIR_18,X,159.552,159.320,0.232,,,,Criterion : Least Square (From 6 Pts On PL_INS_18) 
Circle,CIR_18,Y,33.101,35.146,-2.045,,,,
Circle,CIR_18,Z,194.193,193.894,0.300,,,,
Circle,CIR_19,X,159.107,159.320,-0.213,,,,Criterion : Least Square (From 6 Pts On PL_INS_19) 
Circle,CIR_19,Y,-30.690,-28.866,-1.823,,,,
Circle,CIR_19,Z,182.675,182.606,0.068,,,,
Circle,CIR_20,X,79.156,79.320,-0.164,,,,Criterion : Least Square (From 6 Pts On PL_INS_20) 
Circle,CIR_20,Y,-30.088,-28.866,-1.222,,,,
Circle,CIR_20,Z,182.652,182.606,0.046,,,,
Circle,2D_CIR_A,X,-0.000,0.000,0.000,,,,
Circle,2D_CIR_A,Y,0.000,0.000,0.000,,,,
Circle,2D_CIR_17,X,-39.971,-40.000,0.029,,,,
Circle,2D_CIR_17,Y,32.416,32.500,-0.084,,,,
Circle,2D_CIR_17,F.F.,0.027,,0.027,,,,
Circle,2D_CIR_18,X,39.880,40.000,-0.120,,,,
Circle,2D_CIR_18,Y,32.324,32.500,-0.176,,,,
Circle,2D_CIR_18,F.F.,0.037,,0.037,,,,
Circle,2D_CIR_19,X,39.955,40.000,-0.045,,,,
Circle,2D_CIR_19,Y,-32.500,-32.500,0.000,,,,
Circle,2D_CIR_19,F.F.,0.068,,0.068,,,,
Circle,2D_CIR_20,X,-39.998,-40.000,0.002,,,,
Circle,2D_CIR_20,Y,-32.553,-32.500,-0.053,,,,
Circle,2D_CIR_20,F.F.,0.049,,0.049,,,,
Distance,OP1_WIDTH_1,D1,4.065,4.000,0.065,-0.200,0.200,,OP1_PT1_OW_GAGE - OP1_PT1_IW_GAGE / OP1_CS
Distance,OP1_WIDTH_2,D1,3.871,4.000,-0.129,-0.200,0.200,,OP1_PT2_OW_GAGE - OP1_PT2_IW_GAGE / OP1_CS
Distance,OP1_WIDTH_3,D1,3.787,4.000,-0.213,-0.200,0.200,-0.013,OP1_PT3_OW_GAGE - OP1_PT3_IW_GAGE / OP1_CS
Distance,OP1_WIDTH_4,D1,3.823,4.000,-0.177,-0.200,0.200,,OP1_PT4_OW_GAGE - OP1_PT4_IW_GAGE / OP1_CS
Distance,OP1_WIDTH_5,D1,4.053,4.000,0.053,-0.200,0.200,,OP1_PT5_OW_GAGE - OP1_PT5_IW_GAGE / OP1_CS
Distance,OP1_WIDTH_6,D1,4.164,4.000,0.164,-0.200,0.200,,OP1_PT6_OW_GAGE - OP1_PT6_IW_GAGE / OP1_CS
Distance,OP1_WIDTH_7,D1,4.012,4.000,0.012,-0.200,0.200,,OP1_PT7_OW_GAGE - OP1_PT7_IW_GAGE / OP1_CS
Distance,OP1_WIDTH_8,D1,3.946,4.000,-0.054,-0.200,0.200,,OP1_PT8_OW_GAGE - OP1_PT8_IW_GAGE / OP1_CS
Distance,OP1_WIDTH_9,D1,4.005,4.000,0.005,-0.200,0.200,,OP1_PT9_OW_GAGE - OP1_PT9_IW_GAGE / OP1_CS
Distance,OP1_WIDTH_10,D1,4.115,4.000,0.115,-0.200,0.200,,OP1_PT10_OW_GAGE - OP1_PT10_IW_GAGE / OP1_CS
Distance,OP1_DEPTH_1,D1,2.788,3.000,-0.212,-0.250,0.250,,OP1_PT1_DEPTH - PL_FIXTURE / OP1_CS
Distance,OP1_DEPTH_2,D1,2.752,3.000,-0.248,-0.250,0.250,,OP1_PT2_DEPTH - PL_FIXTURE / OP1_CS
Distance,OP1_DEPTH_3,D1,2.828,3.000,-0.172,-0.250,0.250,,OP1_PT3_DEPTH - PL_FIXTURE / OP1_CS
Distance,OP1_DEPTH_4,D1,2.852,3.000,-0.148,-0.250,0.250,,OP1_PT4_DEPTH - PL_FIXTURE / OP1_CS
Distance,OP1_DEPTH_5,D1,2.908,3.000,-0.092,-0.250,0.250,,OP1_PT5_DEPTH - PL_FIXTURE / OP1_CS
Distance,OP1_DEPTH_6,D1,2.825,3.000,-0.175,-0.250,0.250,,OP1_PT6_DEPTH - PL_FIXTURE / OP1_CS
Distance,OP1_DEPTH_7,D1,2.795,3.000,-0.205,-0.250,0.250,,OP1_PT7_DEPTH - PL_FIXTURE / OP1_CS
Distance,OP1_DEPTH_8,D1,2.828,3.000,-0.172,-0.250,0.250,,OP1_PT8_DEPTH - PL_FIXTURE / OP1_CS
Distance,OP1_DEPTH_9,D1,2.878,3.000,-0.122,-0.250,0.250,,OP1_PT9_DEPTH - PL_FIXTURE / OP1_CS
Distance,OP1_DEPTH_10,D1,2.925,3.000,-0.075,-0.250,0.250,,OP1_PT10_DEPTH - PL_FIXTURE / OP1_CS
Distance,OP2_WIDTH_1,D1,4.154,4.000,0.154,-0.200,0.200,,OP2_PT1_OW_GAGE - OP2_PT1_IW_GAGE / OP2_CS
Distance,OP2_WIDTH_2,D1,4.022,4.000,0.022,-0.200,0.200,,OP2_PT2_OW_GAGE - OP2_PT2_IW_GAGE / OP2_CS
Distance,OP2_WIDTH_3,D1,3.791,4.000,-0.209,-0.200,0.200,-0.009,OP2_PT3_OW_GAGE - OP2_PT3_IW_GAGE / OP2_CS
Distance,OP2_WIDTH_4,D1,3.790,4.000,-0.210,-0.200,0.200,-0.010,OP2_PT4_OW_GAGE - OP2_PT4_IW_GAGE / OP2_CS
Distance,OP2_WIDTH_5,D1,4.005,4.000,0.005,-0.200,0.200,,OP2_PT5_OW_GAGE - OP2_PT5_IW_GAGE / OP2_CS
Distance,OP2_WIDTH_6,D1,4.118,4.000,0.118,-0.200,0.200,,OP2_PT6_OW_GAGE - OP2_PT6_IW_GAGE / OP2_CS
Distance,OP2_WIDTH_7,D1,4.105,4.000,0.105,-0.200,0.200,,OP2_PT7_OW_GAGE - OP2_PT7_IW_GAGE / OP2_CS
Distance,OP2_WIDTH_8,D1,4.029,4.000,0.029,-0.200,0.200,,OP2_PT8_OW_GAGE - OP2_PT8_IW_GAGE / OP2_CS
Distance,OP2_WIDTH_9,D1,4.057,4.000,0.057,-0.200,0.200,,OP2_PT9_OW_GAGE - OP2_PT9_IW_GAGE / OP2_CS
Distance,OP2_WIDTH_10,D1,4.144,4.000,0.144,-0.200,0.200,,OP2_PT10_OW_GAGE - OP2_PT10_IW_GAGE / OP2_CS
Distance,OP2_DEPTH_1,D1,2.852,3.000,-0.148,-0.250,0.250,,OP2_PT1_DEPTH - PL_FIXTURE / OP2_CS
Distance,OP2_DEPTH_2,D1,2.955,3.000,-0.045,-0.250,0.250,,OP2_PT2_DEPTH - PL_FIXTURE / OP2_CS
Distance,OP2_DEPTH_3,D1,3.061,3.000,0.061,-0.250,0.250,,OP2_PT3_DEPTH - PL_FIXTURE / OP2_CS
Distance,OP2_DEPTH_4,D1,3.110,3.000,0.110,-0.250,0.250,,OP2_PT4_DEPTH - PL_FIXTURE / OP2_CS
Distance,OP2_DEPTH_5,D1,2.967,3.000,-0.033,-0.250,0.250,,OP2_PT5_DEPTH - PL_FIXTURE / OP2_CS
Distance,OP2_DEPTH_6,D1,2.849,3.000,-0.151,-0.250,0.250,,OP2_PT6_DEPTH - PL_FIXTURE / OP2_CS
Distance,OP2_DEPTH_7,D1,2.852,3.000,-0.148,-0.250,0.250,,OP2_PT7_DEPTH - PL_FIXTURE / OP2_CS
Distance,OP2_DEPTH_8,D1,2.856,3.000,-0.144,-0.250,0.250,,OP2_PT8_DEPTH - PL_FIXTURE / OP2_CS
Distance,OP2_DEPTH_9,D1,2.858,3.000,-0.142,-0.250,0.250,,OP2_PT9_DEPTH - PL_FIXTURE / OP2_CS
Distance,OP2_DEPTH_10,D1,2.875,3.000,-0.125,-0.250,0.250,,OP2_PT10_DEPTH - PL_FIXTURE / OP2_CS
Distance,OP3_WIDTH_1,D1,4.154,4.000,0.154,-0.200,0.200,,OP3_PT1_OW_GAGE - OP3_PT1_IW_GAGE / OP3_CS
Distance,OP3_WIDTH_2,D1,4.018,4.000,0.018,-0.200,0.200,,OP3_PT2_OW_GAGE - OP3_PT2_IW_GAGE / OP3_CS
Distance,OP3_WIDTH_3,D1,3.752,4.000,-0.248,-0.200,0.200,-0.048,OP3_PT3_OW_GAGE - OP3_PT3_IW_GAGE / OP3_CS
Distance,OP3_WIDTH_4,D1,3.774,4.000,-0.226,-0.200,0.200,-0.026,OP3_PT4_OW_GAGE - OP3_PT4_IW_GAGE / OP3_CS
Distance,OP3_WIDTH_5,D1,3.989,4.000,-0.011,-0.200,0.200,,OP3_PT5_OW_GAGE - OP3_PT5_IW_GAGE / OP3_CS
Distance,OP3_WIDTH_6,D1,4.041,4.000,0.041,-0.200,0.200,,OP3_PT6_OW_GAGE - OP3_PT6_IW_GAGE / OP3_CS
Distance,OP3_WIDTH_7,D1,4.028,4.000,0.028,-0.200,0.200,,OP3_PT7_OW_GAGE - OP3_PT7_IW_GAGE / OP3_CS
Distance,OP3_WIDTH_8,D1,4.044,4.000,0.044,-0.200,0.200,,OP3_PT8_OW_GAGE - OP3_PT8_IW_GAGE / OP3_CS
Distance,OP3_WIDTH_9,D1,4.054,4.000,0.054,-0.200,0.200,,OP3_PT9_OW_GAGE - OP3_PT9_IW_GAGE / OP3_CS
Distance,OP3_WIDTH_10,D1,4.176,4.000,0.176,-0.200,0.200,,OP3_PT10_OW_GAGE - OP3_PT10_IW_GAGE / OP3_CS
Distance,OP3_DEPTH_1,D1,3.027,3.000,0.027,-0.250,0.250,,OP3_PT1_DEPTH - PL_FIXTURE / OP3_CS
Distance,OP3_DEPTH_2,D1,3.125,3.000,0.125,-0.250,0.250,,OP3_PT2_DEPTH - PL_FIXTURE / OP3_CS
Distance,OP3_DEPTH_3,D1,3.167,3.000,0.167,-0.250,0.250,,OP3_PT3_DEPTH - PL_FIXTURE / OP3_CS
Distance,OP3_DEPTH_4,D1,3.184,3.000,0.184,-0.250,0.250,,OP3_PT4_DEPTH - PL_FIXTURE / OP3_CS
Distance,OP3_DEPTH_5,D1,3.126,3.000,0.126,-0.250,0.250,,OP3_PT5_DEPTH - PL_FIXTURE / OP3_CS
Distance,OP3_DEPTH_6,D1,3.117,3.000,0.117,-0.250,0.250,,OP3_PT6_DEPTH - PL_FIXTURE / OP3_CS
Distance,OP3_DEPTH_7,D1,3.159,3.000,0.159,-0.250,0.250,,OP3_PT7_DEPTH - PL_FIXTURE / OP3_CS
Distance,OP3_DEPTH_8,D1,3.108,3.000,0.108,-0.250,0.250,,OP3_PT8_DEPTH - PL_FIXTURE / OP3_CS
Distance,OP3_DEPTH_9,D1,3.067,3.000,0.067,-0.250,0.250,,OP3_PT9_DEPTH - PL_FIXTURE / OP3_CS
Distance,OP3_DEPTH_10,D1,2.967,3.000,-0.033,-0.250,0.250,,OP3_PT10_DEPTH - PL_FIXTURE / OP3_CS
Distance,OP4_WIDTH_1,D1,4.190,4.000,0.190,-0.200,0.200,,OP4_PT1_OW_GAGE - OP4_PT1_IW_GAGE / OP4_CS
Distance,OP4_WIDTH_2,D1,4.045,4.000,0.045,-0.200,0.200,,OP4_PT2_OW_GAGE - OP4_PT2_IW_GAGE / OP4_CS
Distance,OP4_WIDTH_3,D1,3.830,4.000,-0.170,-0.200,0.200,,OP4_PT3_OW_GAGE - OP4_PT3_IW_GAGE / OP4_CS
Distance,OP4_WIDTH_4,D1,3.828,4.000,-0.172,-0.200,0.200,,OP4_PT4_OW_GAGE - OP4_PT4_IW_GAGE / OP4_CS
Distance,OP4_WIDTH_5,D1,4.077,4.000,0.077,-0.200,0.200,,OP4_PT5_OW_GAGE - OP4_PT5_IW_GAGE / OP4_CS
Distance,OP4_WIDTH_6,D1,4.171,4.000,0.171,-0.200,0.200,,OP4_PT6_OW_GAGE - OP4_PT6_IW_GAGE / OP4_CS
Distance,OP4_WIDTH_7,D1,4.101,4.000,0.101,-0.200,0.200,,OP4_PT7_OW_GAGE - OP4_PT7_IW_GAGE / OP4_CS
Distance,OP4_WIDTH_8,D1,4.061,4.000,0.061,-0.200,0.200,,OP4_PT8_OW_GAGE - OP4_PT8_IW_GAGE / OP4_CS
Distance,OP4_WIDTH_9,D1,4.098,4.000,0.098,-0.200,0.200,,OP4_PT9_OW_GAGE - OP4_PT9_IW_GAGE / OP4_CS
Distance,OP4_WIDTH_10,D1,4.215,4.000,0.215,-0.200,0.200,0.015,OP4_PT10_OW_GAGE - OP4_PT10_IW_GAGE / OP4_CS
Distance,OP4_DEPTH_1,D1,2.935,3.000,-0.065,-0.250,0.250,,OP4_PT1_DEPTH - PL_FIXTURE / OP4_CS
Distance,OP4_DEPTH_2,D1,2.963,3.000,-0.037,-0.250,0.250,,OP4_PT2_DEPTH - PL_FIXTURE / OP4_CS
Distance,OP4_DEPTH_3,D1,3.016,3.000,0.016,-0.250,0.250,,OP4_PT3_DEPTH - PL_FIXTURE / OP4_CS
Distance,OP4_DEPTH_4,D1,3.030,3.000,0.030,-0.250,0.250,,OP4_PT4_DEPTH - PL_FIXTURE / OP4_CS
Distance,OP4_DEPTH_5,D1,3.003,3.000,0.003,-0.250,0.250,,OP4_PT5_DEPTH - PL_FIXTURE / OP4_CS
Distance,OP4_DEPTH_6,D1,2.892,3.000,-0.108,-0.250,0.250,,OP4_PT6_DEPTH - PL_FIXTURE / OP4_CS
Distance,OP4_DEPTH_7,D1,2.912,3.000,-0.088,-0.250,0.250,,OP4_PT7_DEPTH - PL_FIXTURE / OP4_CS
Distance,OP4_DEPTH_8,D1,2.926,3.000,-0.074,-0.250,0.250,,OP4_PT8_DEPTH - PL_FIXTURE / OP4_CS
Distance,OP4_DEPTH_9,D1,2.929,3.000,-0.071,-0.250,0.250,,OP4_PT9_DEPTH - PL_FIXTURE / OP4_CS
Distance,OP4_DEPTH_10,D1,2.954,3.000,-0.046,-0.250,0.250,,OP4_PT10_DEPTH - PL_FIXTURE / OP4_CS
Distance,OP5_WIDTH_1,D1,4.137,4.000,0.137,-0.200,0.200,,OP5_PT1_OW_GAGE - OP5_PT1_IW_GAGE / OP5_CS
Distance,OP5_WIDTH_2,D1,4.029,4.000,0.029,-0.200,0.200,,OP5_PT2_OW_GAGE - OP5_PT2_IW_GAGE / OP5_CS
Distance,OP5_WIDTH_3,D1,3.786,4.000,-0.214,-0.200,0.200,-0.014,OP5_PT3_OW_GAGE - OP5_PT3_IW_GAGE / OP5_CS
Distance,OP5_WIDTH_4,D1,3.800,4.000,-0.200,-0.200,0.200,,OP5_PT4_OW_GAGE - OP5_PT4_IW_GAGE / OP5_CS
Distance,OP5_WIDTH_5,D1,3.978,4.000,-0.022,-0.200,0.200,,OP5_PT5_OW_GAGE - OP5_PT5_IW_GAGE / OP5_CS
Distance,OP5_WIDTH_6,D1,4.131,4.000,0.131,-0.200,0.200,,OP5_PT6_OW_GAGE - OP5_PT6_IW_GAGE / OP5_CS
Distance,OP5_WIDTH_7,D1,4.164,4.000,0.164,-0.200,0.200,,OP5_PT7_OW_GAGE - OP5_PT7_IW_GAGE / OP5_CS
Distance,OP5_WIDTH_8,D1,4.060,4.000,0.060,-0.200,0.200,,OP5_PT8_OW_GAGE - OP5_PT8_IW_GAGE / OP5_CS
Distance,OP5_WIDTH_9,D1,4.060,4.000,0.060,-0.200,0.200,,OP5_PT9_OW_GAGE - OP5_PT9_IW_GAGE / OP5_CS
Distance,OP5_WIDTH_10,D1,4.087,4.000,0.087,-0.200,0.200,,OP5_PT10_OW_GAGE - OP5_PT10_IW_GAGE / OP5_CS
Distance,OP5_DEPTH_1,D1,3.006,3.000,0.006,-0.250,0.250,,OP5_PT1_DEPTH - PL_FIXTURE / OP5_CS
Distance,OP5_DEPTH_2,D1,3.073,3.000,0.073,-0.250,0.250,,OP5_PT2_DEPTH - PL_FIXTURE / OP5_CS
Distance,OP5_DEPTH_3,D1,3.076,3.000,0.076,-0.250,0.250,,OP5_PT3_DEPTH - PL_FIXTURE / OP5_CS
Distance,OP5_DEPTH_4,D1,3.054,3.000,0.054,-0.250,0.250,,OP5_PT4_DEPTH - PL_FIXTURE / OP5_CS
Distance,OP5_DEPTH_5,D1,3.017,3.000,0.017,-0.250,0.250,,OP5_PT5_DEPTH - PL_FIXTURE / OP5_CS
Distance,OP5_DEPTH_6,D1,2.999,3.000,-0.001,-0.250,0.250,,OP5_PT6_DEPTH - PL_FIXTURE / OP5_CS
Distance,OP5_DEPTH_7,D1,3.040,3.000,0.040,-0.250,0.250,,OP5_PT7_DEPTH - PL_FIXTURE / OP5_CS
Distance,OP5_DEPTH_8,D1,3.064,3.000,0.064,-0.250,0.250,,OP5_PT8_DEPTH - PL_FIXTURE / OP5_CS
Distance,OP5_DEPTH_9,D1,3.070,3.000,0.070,-0.250,0.250,,OP5_PT9_DEPTH - PL_FIXTURE / OP5_CS
Distance,OP5_DEPTH_10,D1,3.089,3.000,0.089,-0.250,0.250,,OP5_PT10_DEPTH - PL_FIXTURE / OP5_CS
Distance,OP6_WIDTH_1,D1,4.171,4.000,0.171,-0.200,0.200,,OP6_PT1_OW_GAGE - OP6_PT1_IW_GAGE / OP6_CS
Distance,OP6_WIDTH_2,D1,4.014,4.000,0.014,-0.200,0.200,,OP6_PT2_OW_GAGE - OP6_PT2_IW_GAGE / OP6_CS
Distance,OP6_WIDTH_3,D1,3.852,4.000,-0.148,-0.200,0.200,,OP6_PT3_OW_GAGE - OP6_PT3_IW_GAGE / OP6_CS
Distance,OP6_WIDTH_4,D1,3.841,4.000,-0.159,-0.200,0.200,,OP6_PT4_OW_GAGE - OP6_PT4_IW_GAGE / OP6_CS
Distance,OP6_WIDTH_5,D1,4.053,4.000,0.053,-0.200,0.200,,OP6_PT5_OW_GAGE - OP6_PT5_IW_GAGE / OP6_CS
Distance,OP6_WIDTH_6,D1,4.235,4.000,0.235,-0.200,0.200,0.035,OP6_PT6_OW_GAGE - OP6_PT6_IW_GAGE / OP6_CS
Distance,OP6_WIDTH_7,D1,4.145,4.000,0.145,-0.200,0.200,,OP6_PT7_OW_GAGE - OP6_PT7_IW_GAGE / OP6_CS
Distance,OP6_WIDTH_8,D1,4.038,4.000,0.038,-0.200,0.200,,OP6_PT8_OW_GAGE - OP6_PT8_IW_GAGE / OP6_CS
Distance,OP6_WIDTH_9,D1,4.064,4.000,0.064,-0.200,0.200,,OP6_PT9_OW_GAGE - OP6_PT9_IW_GAGE / OP6_CS
Distance,OP6_WIDTH_10,D1,4.186,4.000,0.186,-0.200,0.200,,OP6_PT10_OW_GAGE - OP6_PT10_IW_GAGE / OP6_CS
Distance,OP6_DEPTH_1,D1,2.851,3.000,-0.149,-0.250,0.250,,OP6_PT1_DEPTH - PL_FIXTURE / OP6_CS
Distance,OP6_DEPTH_2,D1,2.911,3.000,-0.089,-0.250,0.250,,OP6_PT2_DEPTH - PL_FIXTURE / OP6_CS
Distance,OP6_DEPTH_3,D1,2.914,3.000,-0.086,-0.250,0.250,,OP6_PT3_DEPTH - PL_FIXTURE / OP6_CS
Distance,OP6_DEPTH_4,D1,2.917,3.000,-0.083,-0.250,0.250,,OP6_PT4_DEPTH - PL_FIXTURE / OP6_CS
Distance,OP6_DEPTH_5,D1,2.845,3.000,-0.155,-0.250,0.250,,OP6_PT5_DEPTH - PL_FIXTURE / OP6_CS
Distance,OP6_DEPTH_6,D1,2.807,3.000,-0.193,-0.250,0.250,,OP6_PT6_DEPTH - PL_FIXTURE / OP6_CS
Distance,OP6_DEPTH_7,D1,2.906,3.000,-0.094,-0.250,0.250,,OP6_PT7_DEPTH - PL_FIXTURE / OP6_CS
Distance,OP6_DEPTH_8,D1,2.855,3.000,-0.145,-0.250,0.250,,OP6_PT8_DEPTH - PL_FIXTURE / OP6_CS
Distance,OP6_DEPTH_9,D1,2.821,3.000,-0.179,-0.250,0.250,,OP6_PT9_DEPTH - PL_FIXTURE / OP6_CS
Distance,OP6_DEPTH_10,D1,2.831,3.000,-0.169,-0.250,0.250,,OP6_PT10_DEPTH - PL_FIXTURE / OP6_CS
Profile of Line,PROFILE_OP_1,PRFL,0.343,0.000,0.343,0.000,1.750,,SECT_OP1
Profile of Line,PROFILE_OP_2,PRFL,0.579,0.000,0.579,0.000,1.750,,SECT_OP2
Profile of Line,PROFILE_OP_3,PRFL,1.061,0.000,1.061,0.000,1.750,,SECT_OP3
Profile of Line,PROFILE_OP_4,PRFL,0.687,0.000,0.687,0.000,1.750,,SECT_OP4
Profile of Line,PROFILE_OP_5,PRFL,0.697,0.000,0.697,0.000,1.750,,SECT_OP5
Profile of Line,PROFILE_OP_6,PRFL,0.690,0.000,0.690,0.000,1.750,,SECT_OP6
Flatness,FLATNESS_D,FLTN,0.251,0.000,0.251,0.000,0.500,,PL_DATUM_D
Pos. Tol.,POS_2D_17,PTOL,0.178,0.000,0.178,0.000,0.500,,2D_CIR_17/NOMINAL - CS_DE_BF - C-Zone - XY - Nominal
Pos. Tol.,POS_2D_18,PTOL,0.426,0.000,0.426,0.000,0.500,,2D_CIR_18/NOMINAL - CS_DE_BF - C-Zone - XY - Nominal
Pos. Tol.,POS_2D_19,PTOL,0.090,0.000,0.090,0.000,0.500,,2D_CIR_19/NOMINAL - CS_DE_BF - C-Zone - XY - Nominal
Pos. Tol.,POS_2D_20,PTOL,0.106,0.000,0.106,0.000,0.500,,2D_CIR_20/NOMINAL - CS_DE_BF - C-Zone - XY - Nominal
Pos. Tol.,POS_17,PTOL,2.642,0.000,2.642,0.000,5.000,,CIR_17/NOMINAL - CS_ABC - C-Zone - XYZ - Nominal
Pos. Tol.,POS_18,PTOL,4.159,0.000,4.159,0.000,5.000,,CIR_18/NOMINAL - CS_ABC - C-Zone - XYZ - Nominal
Pos. Tol.,POS_19,PTOL,3.674,0.000,3.674,0.000,5.000,,CIR_19/NOMINAL - CS_ABC - C-Zone - XYZ - Nominal
Pos. Tol.,POS_20,PTOL,2.467,0.000,2.467,0.000,5.000,,CIR_20/NOMINAL - CS_ABC - C-Zone - XYZ - Nominal
Distance,H_17,Z,0.254,0.275,-0.021,-0.225,0.225,,CIR_17 - PL_PLAST_17 / CS_DE_BF
Distance,H_18,Z,0.283,0.275,0.008,-0.225,0.225,,CIR_18 - PL_PLAST_18 / CS_DE_BF
Distance,H_19,Z,0.300,0.275,0.025,-0.225,0.225,,CIR_19 - PL_PLAST_19 / CS_DE_BF
Distance,H_20,Z,0.261,0.275,-0.014,-0.225,0.225,,CIR_20 - PL_PLAST_20 / CS_DE_BF
Distance,WIDTH_TB.1,D1,2.944,3.000,-0.056,-0.200,0.200,,0W2.5_1.1 - IW2.5_1.1 / CS_DE_BF
Distance,WIDTH_TB.2,D1,2.981,3.000,-0.019,-0.200,0.200,,0W2.5_1.2 - IW2.5_1.2 / CS_DE_BF
Distance,WIDTH_TB.3,D1,3.006,3.000,0.006,-0.200,0.200,,0W2.5_1.3 - IW2.5_1.3 / CS_DE_BF
Distance,WIDTH_TB.4,D1,2.949,3.000,-0.051,-0.200,0.200,,0W2.5_1.4 - IW2.5_1.4 / CS_DE_BF
Distance,WIDTH_TB.5,D1,2.932,3.000,-0.068,-0.200,0.200,,0W2.5_1.5 - IW2.5_1.5 / CS_DE_BF
Distance,WIDTH_TB.6,D1,3.041,3.000,0.041,-0.200,0.200,,0W2.5_1.6 - IW2.5_1.6 / CS_DE_BF
Distance,WIDTH_TB.7,D1,3.000,3.000,0.000,-0.200,0.200,,0W2.5_1.7 - IW2.5_1.7 / CS_DE_BF
Distance,WIDTH_TB.8,D1,2.943,3.000,-0.057,-0.200,0.200,,0W2.5_1.8 - IW2.5_1.8 / CS_DE_BF
Distance,DEPTH_TB.1,D1,4.920,4.750,0.170,-0.250,0.250,,TB_DP.1 - PL_DATUM_D / CS_DE_BF
Distance,DEPTH_TB.2,D1,4.821,4.750,0.071,-0.250,0.250,,TB_DP.2 - PL_DATUM_D / CS_DE_BF
Distance,DEPTH_TB.3,D1,4.834,4.750,0.084,-0.250,0.250,,TB_DP.3 - PL_DATUM_D / CS_DE_BF
Distance,DEPTH_TB.4,D1,4.965,4.750,0.215,-0.250,0.250,,TB_DP.4 - PL_DATUM_D / CS_DE_BF
Distance,DEPTH_TB.5,D1,4.972,4.750,0.222,-0.250,0.250,,TB_DP.5 - PL_DATUM_D / CS_DE_BF
Distance,DEPTH_TB.6,D1,4.714,4.750,-0.036,-0.250,0.250,,TB_DP.6 - PL_DATUM_D / CS_DE_BF
Distance,DEPTH_TB.7,D1,4.848,4.750,0.098,-0.250,0.250,,TB_DP.7 - PL_DATUM_D / CS_DE_BF
Distance,DEPTH_TB.8,D1,5.016,4.750,0.266,-0.250,0.250,0.016,TB_DP.8 - PL_DATUM_D / CS_DE_BF
