Feat. Type,Feat. Name,Value,Actual,Nominal,Dev.,Tol-,Tol+,Out of Tol.,Comment
Text/Value,VAR_PROGRAM,VAL,,,,,,,'N:\Metrolog XG\Programmes\GM HF RWD Gen II\GM HF RWD Gen II Complete (Module 64).gm2'
Text/Value,VAR_EVENEMENT,VAL,,,,,,,'Demarrage 285 C NID 1'
Text/Value,VAR_COMMENTAIRES,VAL,,,,,,,'NID 1'
Point,PNT_MID_C,Z,-0.125,0.000,-0.125,,,,Med. SRF_C_TOP - SRF_C_DOWN.
Distance,WIDTH_C,D1,8.809,8.860,-0.051,-0.150,0.150,,SRF_C_TOP - SRF_C_DOWN / CS_ABC_BF_SURFACES
Circle,CIR1,X,-51.447,-52.000,0.553,,,,From 4 Pts On PL_PLAST_1
Circle,CIR1,Z,-112.540,-112.500,-0.040,,,,
Pos. Tol.,PTOL_CIR_1,PTOL,1.109,0.000,1.109,0.000,1.901,,CIR1/NOMINAL - CS_AB_PORTS - C-Zone - XZ - Nominal
Circle,CIR2,X,-51.642,-52.000,0.358,,,,From 4 Pts On PL_PLAST_2
Circle,CIR2,Z,-18.155,-18.000,-0.155,,,,
Pos. Tol.,PTOL_CIR_2,PTOL,0.781,0.000,0.781,0.000,1.901,,CIR2/NOMINAL - CS_AB_PORTS - C-Zone - XZ - Nominal
Circle,CIR3,X,-51.310,-52.000,0.690,,,,From 4 Pts On PL_PLAST_3
Circle,CIR3,Z,87.463,88.000,-0.537,,,,
Pos. Tol.,PTOL_CIR_3,PTOL,1.748,0.000,1.748,0.000,1.901,,CIR3/NOMINAL - CS_AB_PORTS - C-Zone - XZ - Nominal
Circle,CIR4,X,-51.126,-52.000,0.874,,,,From 4 Pts On PL_PLAST_4
Circle,CIR4,Z,193.451,194.000,-0.549,,,,
Pos. Tol.,PTOL_CIR_4,PTOL,2.065,0.000,2.065,0.000,1.901,0.164,CIR4/NOMINAL - CS_AB_PORTS - C-Zone - XZ - Nominal
Circle,CIR5,X,51.890,52.000,-0.110,,,,From 3 Pts On PL_PLAST_5
Circle,CIR5,Z,154.908,155.500,-0.592,,,,
Pos. Tol.,PTOL_CIR_5,PTOL,1.204,0.000,1.204,0.000,1.901,,CIR5/NOMINAL - CS_AB_PORTS - C-Zone - XZ - Nominal
Circle,CIR6,X,51.796,52.000,-0.204,,,,From 4 Pts On PL_PLAST_6
Circle,CIR6,Z,60.783,61.000,-0.217,,,,
Pos. Tol.,PTOL_CIR_6,PTOL,0.596,0.000,0.596,0.000,1.901,,CIR6/NOMINAL - CS_AB_PORTS - C-Zone - XZ - Nominal
Circle,CIR7,X,51.971,52.000,-0.029,,,,From 4 Pts On PL_PLAST_7
Circle,CIR7,Z,-44.953,-45.000,0.047,,,,
Pos. Tol.,PTOL_CIR_7,PTOL,0.110,0.000,0.110,0.000,1.901,,CIR7/NOMINAL - CS_AB_PORTS - C-Zone - XZ - Nominal
Circle,CIR8,X,51.684,52.000,-0.316,,,,From 4 Pts On PL_PLAST_8
Circle,CIR8,Z,-150.825,-151.000,0.175,,,,
Pos. Tol.,PTOL_CIR_8,PTOL,0.722,0.000,0.722,0.000,1.901,,CIR8/NOMINAL - CS_AB_PORTS - C-Zone - XZ - Nominal
Circle,CIR_9_GAGE_6,DIAM,12.242,12.200,0.042,-0.080,0.120,,Criterion : Least Square (From 12 Pts On PL_PLAST_9) 
Circle,2D_CIR_10,X,-0.385,0.000,-0.385,,,,
Circle,2D_CIR_10,Z,0.000,0.000,0.000,,,,
Pos. Tol.,PTOL_2D_CIR_10,PTOL,0.324,0.000,0.324,0.000,0.500,,2D_CIR_10/NOMINAL - CS_HJ - C-Zone - YZ - Nominal
Distance,H_10,X,0.211,-0.000,0.211,0.000,0.400,,CIR_10 - PL_PLAST_10 / CS_HJ_ROT_180
Circle,2D_CIR_INS_11,X,41.695,42.000,-0.305,,,,
Circle,2D_CIR_INS_11,Y,28.852,29.000,-0.148,,,,
Pos. Tol.,PTOL_2D_CIR_11,PTOL,0.678,0.000,0.678,0.000,0.650,0.028,2D_CIR_INS_11/NOMINAL - CS_D_BF - C-Zone - XY - Nominal
Distance,H_11,Z,0.158,-0.000,0.158,0.000,0.400,,CIR_INS_11 - PL_PLAST_INS_11 / CS_D_BF
Circle,2D_CIR_INS_12,X,42.069,42.000,0.069,,,,
Circle,2D_CIR_INS_12,Y,-33.970,-34.000,0.030,,,,
Pos. Tol.,PTOL_2D_CIR_12,PTOL,0.151,0.000,0.151,0.000,0.650,,2D_CIR_INS_12/NOMINAL - CS_D_BF - C-Zone - XY - Nominal
Distance,H_12,Z,0.224,-0.000,0.224,0.000,0.400,,CIR_INS_12 - PL_PLAST_INS_12 / CS_D_BF
Circle,2D_CIR_INS_13,X,-41.911,-42.000,0.089,,,,
Circle,2D_CIR_INS_13,Y,-33.844,-34.000,0.156,,,,
Pos. Tol.,PTOL_2D_CIR_13,PTOL,0.359,0.000,0.359,0.000,0.650,,2D_CIR_INS_13/NOMINAL - CS_D_BF - C-Zone - XY - Nominal
Distance,H_13,Z,0.214,-0.000,0.214,0.000,0.400,,CIR_INS_13 - PL_PLAST_INS_13 / CS_D_BF
Circle,2D_CIR_INS_14,X,-41.853,-42.000,0.147,,,,
Circle,2D_CIR_INS_14,Y,28.962,29.000,-0.038,,,,
Pos. Tol.,PTOL_2D_CIR_14,PTOL,0.303,0.000,0.303,0.000,0.650,,2D_CIR_INS_14/NOMINAL - CS_D_BF - C-Zone - XY - Nominal
Distance,H_14,Z,0.148,-0.000,0.148,0.000,0.400,,CIR_INS_14 - PL_PLAST_INS_14 / CS_D_BF
Paral.,PERP_11_,PARA,0.083,0.000,0.083,0.000,0.250,,PL_INS_11/PL_PLAST_A - P-Zone - Cloud of Points 
Paral.,PERP_12_,PARA,0.219,0.000,0.219,0.000,0.250,,PL_INS_12/PL_PLAST_A - P-Zone - Cloud of Points 
Paral.,PERP_13_,PARA,0.165,0.000,0.165,0.000,0.250,,PL_INS_13/PL_PLAST_A - P-Zone - Cloud of Points 
Paral.,PERP_14_,PARA,0.256,0.000,0.256,0.000,0.250,0.006,PL_INS_14/PL_PLAST_A - P-Zone - Cloud of Points 
Distance,OP1_WIDTH_1,D1,3.970,4.000,-0.030,-0.250,0.100,,OP1_PT1_OW_GAGE - OP1_PT1_IW_GAGE / CS_BF_OP1
Distance,OP1_WIDTH_2,D1,3.975,4.000,-0.025,-0.250,0.050,,OP1_PT2_OW_GAGE - OP1_PT2_IW_GAGE / CS_BF_OP1
Distance,OP1_WIDTH_3,D1,3.885,4.000,-0.115,-0.250,0.050,,OP1_PT3_OW_GAGE - OP1_PT3_IW_GAGE / CS_BF_OP1
Distance,OP1_WIDTH_4,D1,3.858,4.000,-0.142,-0.250,0.050,,OP1_PT4_OW_GAGE - OP1_PT4_IW_GAGE / CS_BF_OP1
Distance,OP1_WIDTH_5,D1,3.951,4.000,-0.049,-0.250,0.100,,OP1_PT5_OW_GAGE - OP1_PT5_IW_GAGE / CS_BF_OP1
Distance,OP1_WIDTH_6,D1,3.944,4.000,-0.056,-0.250,0.050,,OP1_PT6_OW_GAGE - OP1_PT6_IW_GAGE / CS_BF_OP1
Distance,OP1_WIDTH_7,D1,3.858,4.000,-0.142,-0.250,0.050,,OP1_PT7_OW_GAGE - OP1_PT7_IW_GAGE / CS_BF_OP1
Distance,OP1_WIDTH_8,D1,3.892,4.000,-0.108,-0.250,0.050,,OP1_PT8_OW_GAGE - OP1_PT8_IW_GAGE / CS_BF_OP1
Distance,OP_1_DEPTH_1,D1,5.988,6.000,-0.012,-0.150,0.250,,OP1_PT1_DEPTH - PL_FIXTURE_A / CS_BF_OP1
Distance,OP_1_DEPTH_2,D1,6.027,6.000,0.027,-0.150,0.250,,OP1_PT2_DEPTH - PL_FIXTURE_A / CS_BF_OP1
Distance,OP_1_DEPTH_3,D1,6.033,6.000,0.033,-0.150,0.250,,OP1_PT3_DEPTH - PL_FIXTURE_A / CS_BF_OP1
Distance,OP_1_DEPTH_4,D1,6.153,6.000,0.153,-0.150,0.300,,OP1_PT4_DEPTH - PL_FIXTURE_A / CS_BF_OP1
Distance,OP_1_DEPTH_5,D1,6.207,6.000,0.207,-0.150,0.300,,OP1_PT5_DEPTH - PL_FIXTURE_A / CS_BF_OP1
Distance,OP_1_DEPTH_6,D1,6.193,6.000,0.193,-0.150,0.300,,OP1_PT6_DEPTH - PL_FIXTURE_A / CS_BF_OP1
Distance,OP_1_DEPTH_7,D1,6.111,6.000,0.111,-0.150,0.250,,OP1_PT7_DEPTH - PL_FIXTURE_A / CS_BF_OP1
Distance,OP_1_DEPTH_8,D1,6.080,6.000,0.080,-0.150,0.250,,OP1_PT8_DEPTH - PL_FIXTURE_A / CS_BF_OP1
Profile of Line,OP1TOL_PRF_IN,PRFL,1.045,0.000,1.045,0.000,1.401,,OP1_SECT_IN
Distance,OP2_WIDTH_1,D1,3.948,4.000,-0.052,-0.250,0.050,,OP2_PT1_OW_GAGE - OP2_PT1_IW_GAGE / CS_BF_OP2
Distance,OP2_WIDTH_2,D1,3.936,4.000,-0.064,-0.250,0.050,,OP2_PT2_OW_GAGE - OP2_PT2_IW_GAGE / CS_BF_OP2
Distance,OP2_WIDTH_3,D1,3.865,4.000,-0.135,-0.250,0.050,,OP2_PT3_OW_GAGE - OP2_PT3_IW_GAGE / CS_BF_OP2
Distance,OP2_WIDTH_4,D1,3.901,4.000,-0.099,-0.250,0.050,,OP2_PT4_OW_GAGE - OP2_PT4_IW_GAGE / CS_BF_OP2
Distance,OP2_WIDTH_5,D1,3.874,4.000,-0.126,-0.250,0.050,,OP2_PT5_OW_GAGE - OP2_PT5_IW_GAGE / CS_BF_OP2
Distance,OP2_WIDTH_6,D1,3.951,4.000,-0.049,-0.250,0.050,,OP2_PT6_OW_GAGE - OP2_PT6_IW_GAGE / CS_BF_OP2
Distance,OP2_WIDTH_7,D1,3.985,4.000,-0.015,-0.250,0.050,,OP2_PT7_OW_GAGE - OP2_PT7_IW_GAGE / CS_BF_OP2
Distance,OP2_WIDTH_8,D1,3.911,4.000,-0.089,-0.250,0.050,,OP2_PT8_OW_GAGE - OP2_PT8_IW_GAGE / CS_BF_OP2
Distance,OP_2_DEPTH_1,D1,5.996,6.000,-0.004,-0.150,0.250,,OP2_PT1_DEPTH - PL_FIXTURE_A / CS_BF_OP2
Distance,OP_2_DEPTH_2,D1,6.048,6.000,0.048,-0.150,0.250,,OP2_PT2_DEPTH - PL_FIXTURE_A / CS_BF_OP2
Distance,OP_2_DEPTH_3,D1,6.064,6.000,0.064,-0.150,0.250,,OP2_PT3_DEPTH - PL_FIXTURE_A / CS_BF_OP2
Distance,OP_2_DEPTH_4,D1,6.175,6.000,0.175,-0.150,0.250,,OP2_PT4_DEPTH - PL_FIXTURE_A / CS_BF_OP2
Distance,OP_2_DEPTH_5,D1,6.180,6.000,0.179,-0.150,0.250,,OP2_PT5_DEPTH - PL_FIXTURE_A / CS_BF_OP2
Distance,OP_2_DEPTH_6,D1,6.122,6.000,0.122,-0.150,0.250,,OP2_PT6_DEPTH - PL_FIXTURE_A / CS_BF_OP2
Distance,OP_2_DEPTH_7,D1,6.064,6.000,0.064,-0.150,0.250,,OP2_PT7_DEPTH - PL_FIXTURE_A / CS_BF_OP2
Distance,OP_2_DEPTH_8,D1,6.037,6.000,0.037,-0.150,0.250,,OP2_PT8_DEPTH - PL_FIXTURE_A / CS_BF_OP2
Profile of Line,OP2TOL_PRF_IN,PRFL,1.307,0.000,1.307,0.000,1.600,,OP2_SECT_IN
Distance,OP3_WIDTH_1,D1,3.951,4.000,-0.049,-0.250,0.050,,OP3_PT1_OW_GAGE - OP3_PT1_IW_GAGE / CS_BF_OP3
Distance,OP3_WIDTH_2,D1,3.963,4.000,-0.037,-0.250,0.050,,OP3_PT2_OW_GAGE - OP3_PT2_IW_GAGE / CS_BF_OP3
Distance,OP3_WIDTH_3,D1,3.881,4.000,-0.119,-0.250,0.050,,OP3_PT3_OW_GAGE - OP3_PT3_IW_GAGE / CS_BF_OP3
Distance,OP3_WIDTH_4,D1,3.941,4.000,-0.059,-0.250,0.050,,OP3_PT4_OW_GAGE - OP3_PT4_IW_GAGE / CS_BF_OP3
Distance,OP3_WIDTH_5,D1,3.894,4.000,-0.106,-0.250,0.050,,OP3_PT5_OW_GAGE - OP3_PT5_IW_GAGE / CS_BF_OP3
Distance,OP3_WIDTH_6,D1,3.950,4.000,-0.050,-0.250,0.050,,OP3_PT6_OW_GAGE - OP3_PT6_IW_GAGE / CS_BF_OP3
Distance,OP3_WIDTH_7,D1,3.889,4.000,-0.111,-0.250,0.050,,OP3_PT7_OW_GAGE - OP3_PT7_IW_GAGE / CS_BF_OP3
Distance,OP3_WIDTH_8,D1,3.895,4.000,-0.105,-0.250,0.050,,OP3_PT8_OW_GAGE - OP3_PT8_IW_GAGE / CS_BF_OP3
Distance,OP_3_DEPTH_1,D1,5.945,6.000,-0.055,-0.150,0.250,,OP3_PT1_DEPTH - PL_FIXTURE_A / CS_BF_OP3
Distance,OP_3_DEPTH_2,D1,5.996,6.000,-0.005,-0.150,0.250,,OP3_PT2_DEPTH - PL_FIXTURE_A / CS_BF_OP3
Distance,OP_3_DEPTH_3,D1,6.019,6.000,0.019,-0.150,0.250,,OP3_PT3_DEPTH - PL_FIXTURE_A / CS_BF_OP3
Distance,OP_3_DEPTH_4,D1,6.196,6.000,0.196,-0.150,0.250,,OP3_PT4_DEPTH - PL_FIXTURE_A / CS_BF_OP3
Distance,OP_3_DEPTH_5,D1,6.241,6.000,0.241,-0.150,0.250,,OP3_PT5_DEPTH - PL_FIXTURE_A / CS_BF_OP3
Distance,OP_3_DEPTH_6,D1,6.132,6.000,0.131,-0.150,0.250,,OP3_PT6_DEPTH - PL_FIXTURE_A / CS_BF_OP3
Distance,OP_3_DEPTH_7,D1,6.014,6.000,0.014,-0.150,0.250,,OP3_PT7_DEPTH - PL_FIXTURE_A / CS_BF_OP3
Distance,OP_3_DEPTH_8,D1,5.990,6.000,-0.010,-0.150,0.250,,OP3_PT8_DEPTH - PL_FIXTURE_A / CS_BF_OP3
Profile of Line,OP3TOL_PRF_IN,PRFL,1.066,0.000,1.066,0.000,1.401,,OP3_SECT_IN
Distance,OP4_WIDTH_1,D1,3.948,4.000,-0.052,-0.250,0.050,,OP4_PT1_OW_GAGE - OP4_PT1_IW_GAGE / CS_BF_OP4
Distance,OP4_WIDTH_2,D1,3.971,4.000,-0.029,-0.250,0.050,,OP4_PT2_OW_GAGE - OP4_PT2_IW_GAGE / CS_BF_OP4
Distance,OP4_WIDTH_3,D1,3.933,4.000,-0.067,-0.250,0.050,,OP4_PT3_OW_GAGE - OP4_PT3_IW_GAGE / CS_BF_OP4
Distance,OP4_WIDTH_4,D1,3.854,4.000,-0.146,-0.250,0.050,,OP4_PT4_OW_GAGE - OP4_PT4_IW_GAGE / CS_BF_OP4
Distance,OP4_WIDTH_5,D1,3.911,4.000,-0.089,-0.250,0.050,,OP4_PT5_OW_GAGE - OP4_PT5_IW_GAGE / CS_BF_OP4
Distance,OP4_WIDTH_6,D1,3.852,4.000,-0.148,-0.250,0.050,,OP4_PT6_OW_GAGE - OP4_PT6_IW_GAGE / CS_BF_OP4
Distance,OP4_WIDTH_7,D1,3.864,4.000,-0.136,-0.250,0.050,,OP4_PT7_OW_GAGE - OP4_PT7_IW_GAGE / CS_BF_OP4
Distance,OP4_WIDTH_8,D1,3.904,4.000,-0.096,-0.250,0.050,,OP4_PT8_OW_GAGE - OP4_PT8_IW_GAGE / CS_BF_OP4
Distance,OP4_DEPTH_1,D1,6.027,6.000,0.027,-0.150,0.250,,PL_FIXTURE_B - OP4_PT1_DEPTH / CS_BF_OP4
Distance,OP4_DEPTH_2,D1,6.074,6.000,0.074,-0.150,0.250,,PL_FIXTURE_B - OP4_PT2_DEPTH / CS_BF_OP4
Distance,OP4_DEPTH_3,D1,6.029,6.000,0.029,-0.150,0.250,,PL_FIXTURE_B - OP4_PT3_DEPTH / CS_BF_OP4
Distance,OP4_DEPTH_4,D1,6.050,6.000,0.050,-0.150,0.250,,PL_FIXTURE_B - OP4_PT4_DEPTH / CS_BF_OP4
Distance,OP4_DEPTH_5,D1,6.155,6.000,0.155,-0.150,0.250,,PL_FIXTURE_B - OP4_PT5_DEPTH / CS_BF_OP4
Distance,OP4_DEPTH_6,D1,6.138,6.000,0.138,-0.150,0.250,,PL_FIXTURE_B - OP4_PT6_DEPTH / CS_BF_OP4
Distance,OP4_DEPTH_7,D1,6.017,6.000,0.017,-0.150,0.250,,PL_FIXTURE_B - OP4_PT7_DEPTH / CS_BF_OP4
Distance,OP4_DEPTH_8,D1,6.044,6.000,0.044,-0.150,0.250,,PL_FIXTURE_B - OP4_PT8_DEPTH / CS_BF_OP4
Profile of Line,OP4TOL_PRF_IN,PRFL,0.806,0.000,0.806,0.000,1.401,,OP4_SECT_IN
Distance,OP5_WIDTH_1,D1,3.945,4.000,-0.055,-0.250,0.050,,OP5_PT1_OW_GAGE - OP5_PT1_IW_GAGE / CS_BF_OP5
Distance,OP5_WIDTH_2,D1,3.982,4.000,-0.018,-0.250,0.050,,OP5_PT2_OW_GAGE - OP5_PT2_IW_GAGE / CS_BF_OP5
Distance,OP5_WIDTH_3,D1,3.868,4.000,-0.132,-0.250,0.050,,OP5_PT3_OW_GAGE - OP5_PT3_IW_GAGE / CS_BF_OP5
Distance,OP5_WIDTH_4,D1,3.923,4.000,-0.077,-0.250,0.050,,OP5_PT4_OW_GAGE - OP5_PT4_IW_GAGE / CS_BF_OP5
Distance,OP5_WIDTH_5,D1,3.871,4.000,-0.129,-0.250,0.050,,OP5_PT5_OW_GAGE - OP5_PT5_IW_GAGE / CS_BF_OP5
Distance,OP5_WIDTH_6,D1,3.868,4.000,-0.132,-0.250,0.050,,OP5_PT6_OW_GAGE - OP5_PT6_IW_GAGE / CS_BF_OP5
Distance,OP5_WIDTH_7,D1,3.903,4.000,-0.097,-0.250,0.050,,OP5_PT7_OW_GAGE - OP5_PT7_IW_GAGE / CS_BF_OP5
Distance,OP5_WIDTH_8,D1,3.879,4.000,-0.121,-0.250,0.050,,OP5_PT8_OW_GAGE - OP5_PT8_IW_GAGE / CS_BF_OP5
Distance,OP5_DEPTH_1,D1,6.000,6.000,0.000,-0.150,0.250,,PL_FIXTURE_B - OP5_PT1_DEPTH / CS_BF_OP5
Distance,OP5_DEPTH_2,D1,6.009,6.000,0.009,-0.150,0.250,,PL_FIXTURE_B - OP5_PT2_DEPTH / CS_BF_OP5
Distance,OP5_DEPTH_3,D1,5.969,6.000,-0.031,-0.200,0.250,,PL_FIXTURE_B - OP5_PT3_DEPTH / CS_BF_OP5
Distance,OP5_DEPTH_4,D1,5.957,6.000,-0.043,-0.200,0.250,,PL_FIXTURE_B - OP5_PT4_DEPTH / CS_BF_OP5
Distance,OP5_DEPTH_5,D1,6.012,6.000,0.012,-0.150,0.250,,PL_FIXTURE_B - OP5_PT5_DEPTH / CS_BF_OP5
Distance,OP5_DEPTH_6,D1,6.026,6.000,0.026,-0.150,0.250,,PL_FIXTURE_B - OP5_PT6_DEPTH / CS_BF_OP5
Distance,OP5_DEPTH_7,D1,5.991,6.000,-0.009,-0.150,0.250,,PL_FIXTURE_B - OP5_PT7_DEPTH / CS_BF_OP5
Distance,OP5_DEPTH_8,D1,5.976,6.000,-0.024,-0.150,0.250,,PL_FIXTURE_B - OP5_PT8_DEPTH / CS_BF_OP5
Profile of Line,OP5TOL_PRF_IN,PRFL,0.951,0.000,0.951,0.000,1.401,,OP5_SECT_IN
Distance,OP6_WIDTH_1,D1,3.939,4.000,-0.061,-0.250,0.050,,OP6_PT1_OW_GAGE - OP6_PT1_IW_GAGE / CS_BF_OP6
Distance,OP6_WIDTH_2,D1,3.987,4.000,-0.013,-0.250,0.050,,OP6_PT2_OW_GAGE - OP6_PT2_IW_GAGE / CS_BF_OP6
Distance,OP6_WIDTH_3,D1,3.899,4.000,-0.101,-0.250,0.050,,OP6_PT3_OW_GAGE - OP6_PT3_IW_GAGE / CS_BF_OP6
Distance,OP6_WIDTH_4,D1,3.903,4.000,-0.097,-0.250,0.050,,OP6_PT4_OW_GAGE - OP6_PT4_IW_GAGE / CS_BF_OP6
Distance,OP6_WIDTH_5,D1,3.922,4.000,-0.078,-0.250,0.050,,OP6_PT5_OW_GAGE - OP6_PT5_IW_GAGE / CS_BF_OP6
Distance,OP6_WIDTH_6,D1,3.913,4.000,-0.087,-0.250,0.050,,OP6_PT6_OW_GAGE - OP6_PT6_IW_GAGE / CS_BF_OP6
Distance,OP6_WIDTH_7,D1,3.923,4.000,-0.077,-0.250,0.050,,OP6_PT7_OW_GAGE - OP6_PT7_IW_GAGE / CS_BF_OP6
Distance,OP6_WIDTH_8,D1,3.903,4.000,-0.097,-0.250,0.050,,OP6_PT8_OW_GAGE - OP6_PT8_IW_GAGE / CS_BF_OP6
Distance,OP6_DEPTH_1,D1,5.966,6.000,-0.034,-0.150,0.250,,PL_FIXTURE_B - OP6_PT1_DEPTH / CS_BF_OP6
Distance,OP6_DEPTH_2,D1,6.206,6.000,0.206,-0.150,0.250,,PL_FIXTURE_B - OP6_PT2_DEPTH / CS_BF_OP6
Distance,OP6_DEPTH_3,D1,6.159,6.000,0.159,-0.150,0.250,,PL_FIXTURE_B - OP6_PT3_DEPTH / CS_BF_OP6
Distance,OP6_DEPTH_4,D1,6.164,6.000,0.164,-0.150,0.250,,PL_FIXTURE_B - OP6_PT4_DEPTH / CS_BF_OP6
Distance,OP6_DEPTH_5,D1,6.171,6.000,0.171,-0.150,0.250,,PL_FIXTURE_B - OP6_PT5_DEPTH / CS_BF_OP6
Distance,OP6_DEPTH_6,D1,6.087,6.000,0.087,-0.150,0.250,,PL_FIXTURE_B - OP6_PT6_DEPTH / CS_BF_OP6
Distance,OP6_DEPTH_7,D1,6.035,6.000,0.035,-0.150,0.250,,PL_FIXTURE_B - OP6_PT7_DEPTH / CS_BF_OP6
Distance,OP6_DEPTH_8,D1,6.032,6.000,0.032,-0.150,0.250,,PL_FIXTURE_B - OP6_PT8_DEPTH / CS_BF_OP6
Profile of Line,OP6TOL_PRF_IN,PRFL,1.153,0.000,1.153,0.000,1.600,,OP6_SECT_IN
Distance,WIDTH_TBA_1,D1,3.139,3.250,-0.111,-0.300,0.150,,0W2.5_1.1 - IW2.5_1.1 / CS_D_BF
Distance,WIDTH_TBA_2,D1,3.118,3.250,-0.132,-0.300,0.150,,0W2.5_1.2 - IW2.5_1.2 / CS_D_BF
Distance,WIDTH_TBA_3,D1,3.246,3.250,-0.004,-0.150,0.150,,0W2.5_1.3 - IW2.5_1.3 / CS_D_BF
Distance,WIDTH_TBA_4,D1,3.325,3.250,0.075,-0.150,0.250,,0W2.5_1.4 - IW2.5_1.4 / CS_D_BF
Distance,WIDTH_TBA_5,D1,3.279,3.250,0.029,-0.300,0.150,,0W2.5_1.5 - IW2.5_1.5 / CS_D_BF
Distance,WIDTH_TBA_6,D1,3.216,3.250,-0.034,-0.150,0.150,,0W2.5_1.6 - IW2.5_1.6 / CS_D_BF
Distance,WIDTH_TBA_7,D1,3.318,3.250,0.068,-0.150,0.150,,0W2.5_1.7 - IW2.5_1.7 / CS_D_BF
Distance,WIDTH_TBA_8,D1,3.293,3.250,0.043,-0.250,0.150,,0W2.5_1.8 - IW2.5_1.8 / CS_D_BF
Distance,DEPTH_TBA_1,D1,5.113,5.150,-0.037,-0.300,0.300,,TB_BOT_1.1 - PL_D / CS_D_BF
Distance,DEPTH_TBA_2,D1,5.058,5.150,-0.092,-0.300,0.300,,TB_BOT_1.2 - PL_D / CS_D_BF
Distance,DEPTH_TBA_3,D1,4.960,5.150,-0.190,-0.400,0.300,,TB_BOT_1.3 - PL_D / CS_D_BF
Distance,DEPTH_TBA_4,D1,4.893,5.150,-0.257,-0.400,0.300,,TB_BOT_1.4 - PL_D / CS_D_BF
Distance,DEPTH_TBA_5,D1,5.073,5.150,-0.077,-0.300,0.300,,TB_BOT_1.5 - PL_D / CS_D_BF
Distance,DEPTH_TBA_6,D1,5.079,5.150,-0.071,-0.300,0.300,,TB_BOT_1.6 - PL_D / CS_D_BF
Distance,DEPTH_TBA_7,D1,5.340,5.150,0.190,-0.300,0.300,,TB_BOT_1.7 - PL_D / CS_D_BF
Distance,DEPTH_TBA_8,D1,5.312,5.150,0.162,-0.300,0.300,,TB_BOT_1.8 - PL_D / CS_D_BF
Profile of Line,PRFL_DATUM_D,PRFL,1.311,0.000,1.311,0.000,3.201,,SCT_DATUM_D
Profile of Line,PRFL_LOCAL_OW_TB,PRFL,0.813,0.000,0.813,0.000,1.100,,SCT_LOCAL_OW_TB
Circle,CIR_24,DIAM,12.049,12.080,-0.031,-0.080,0.080,,Criterion : Least Square (From 12 Pts On PL_PLAST_24) 
Circle,CIR_27,X,-59.420,-60.000,0.580,,,,Criterion : Least Square (From 8 Pts On PL_INS_27) 
Circle,CIR_27,Z,123.954,124.700,-0.746,,,,
Pos. Tol.,PTOL_CIR_27,PTOL,1.891,0.000,1.891,0.000,1.701,0.190,CIR_27/NOMINAL - CS_ABC_BF_SURFACES_ROTATED - C-Zone - XZ - Nominal
Distance,H_27,Y,0.282,0.000,0.282,0.000,0.400,,2D_CIR_27 - PL_PLAST_27 / CS_K
Circle,CIR_28,X,11.234,11.000,0.234,,,,Criterion : Least Square (From 8 Pts On PL_INS_28) 
Circle,CIR_28,Z,124.398,124.700,-0.302,,,,
Pos. Tol.,PTOL_CIR_28,PTOL,0.764,0.000,0.764,0.000,1.701,,CIR_28/NOMINAL - CS_ABC_BF_SURFACES_ROTATED - C-Zone - XZ - Nominal
Distance,H_28,Y,0.168,0.000,0.168,0.000,0.400,,2D_CIR_28 - PL_PLAST_28 / CS_K
Pos. Tol.,PTOL_2D_CIR_28,PTOL,1.288,0.000,1.288,0.000,0.500,0.788,2D_CIR_28/NOMINAL - CS_K - C-Zone - XZ - Nominal
Circle,2D_CIR_28,X,70.356,71.000,-0.644,,,,
Circle,2D_CIR_28,Z,-0.000,0.000,0.000,,,,
