Feat. Type,Feat. Name,Value,Actual,Nominal,Dev.,Tol-,Tol+,Out of Tol.,Comment
Text/Value,VAR_PROGRAM,VAL,,,,,,,'N:\Metrolog XG\Programmes\Denso 507F\Denso 507F Complet (Module 51).gm2'
Text/Value,VAR_EVENEMENT,VAL,,,,,,,'DEMARRAGE'
Text/Value,VAR_COMMENTAIRES,VAL,,,,,,,'356C'
Circle,CIR_1,DIAM,9.241,9.000,0.241,-0.450,0.350,,Criterion : Least Square (From 6 Pts On PL_FIXTURE) 
Circle,CIR_1,X,-0.401,0.000,-0.401,,,,
Circle,CIR_1,Y,0.018,0.000,0.018,,,,
Pos. Tol.,POS_1,PTOL,0.803,0.000,0.803,0.000,1.191,,CIR_1/NOMINAL - CS_ABC_BF - C-Zone - XY - Nominal
Circle,CIR_2,DIAM,9.210,9.000,0.210,-0.450,0.350,,Criterion : Least Square (From 6 Pts On PL_FIXTURE) 
Circle,CIR_2,X,11.272,11.500,-0.228,,,,
Circle,CIR_2,Y,-100.057,-100.250,0.193,,,,
Pos. Tol.,POS_2,PTOL,0.598,0.000,0.598,0.000,1.160,,CIR_2/NOMINAL - CS_ABC_BF - C-Zone - XY - Nominal
Circle,CIR_3,DIAM,9.213,9.000,0.213,-0.450,0.350,,Criterion : Least Square (From 6 Pts On PL_FIXTURE) 
Circle,CIR_3,X,-19.369,-19.500,0.131,,,,
Circle,CIR_3,Y,-205.681,-205.750,0.068,,,,
Pos. Tol.,POS_3,PTOL,0.296,0.000,0.296,0.000,1.163,,CIR_3/NOMINAL - CS_ABC_BF - C-Zone - XY - Nominal
Circle,CIR_4,DIAM,9.208,9.000,0.208,-0.450,0.350,,Criterion : Least Square (From 6 Pts On PL_FIXTURE) 
Circle,CIR_4,X,11.384,11.500,-0.116,,,,
Circle,CIR_4,Y,-311.223,-311.250,0.026,,,,
Pos. Tol.,POS_4,PTOL,0.238,0.000,0.238,0.000,1.158,,CIR_4/NOMINAL - CS_ABC_BF - C-Zone - XY - Nominal
Circle,CIR_5,DIAM,9.238,9.000,0.238,-0.450,0.350,,Criterion : Least Square (From 6 Pts On PL_FIXTURE) 
Circle,CIR_5,X,-16.190,-16.500,0.310,,,,
Circle,CIR_5,Y,-408.156,-408.000,-0.156,,,,
Pos. Tol.,POS_5,PTOL,0.694,0.000,0.694,0.000,1.188,,CIR_5/NOMINAL - CS_ABC_BF - C-Zone - XY - Nominal
Circle,CIR_6,DIAM,9.227,9.000,0.227,-0.450,0.350,,Criterion : Least Square (From 6 Pts On PL_FIXTURE) 
Circle,CIR_6,X,305.485,305.500,-0.015,,,,
Circle,CIR_6,Y,-432.513,-432.500,-0.013,,,,
Pos. Tol.,POS_6,PTOL,0.040,0.000,0.040,0.000,1.177,,CIR_6/NOMINAL - CS_ABC_BF - C-Zone - XY - Nominal
Circle,CIR_7,DIAM,9.264,9.000,0.264,-0.450,0.350,,Criterion : Least Square (From 6 Pts On PL_FIXTURE) 
Circle,CIR_7,X,293.788,294.000,-0.212,,,,
Circle,CIR_7,Y,-332.394,-332.250,-0.144,,,,
Pos. Tol.,POS_7,PTOL,0.514,0.000,0.514,0.000,1.214,,CIR_7/NOMINAL - CS_ABC_BF - C-Zone - XY - Nominal
Circle,CIR_8,DIAM,9.244,9.000,0.244,-0.450,0.350,,Criterion : Least Square (From 6 Pts On PL_FIXTURE) 
Circle,CIR_8,X,325.064,325.000,0.064,,,,
Circle,CIR_8,Y,-226.699,-226.750,0.051,,,,
Pos. Tol.,POS_8,PTOL,0.164,0.000,0.164,0.000,1.194,,CIR_8/NOMINAL - CS_ABC_BF - C-Zone - XY - Nominal
Circle,CIR_9,DIAM,9.234,9.000,0.234,-0.450,0.350,,Criterion : Least Square (From 6 Pts On PL_FIXTURE) 
Circle,CIR_9,X,293.968,294.000,-0.032,,,,
Circle,CIR_9,Y,-121.229,-121.250,0.021,,,,
Pos. Tol.,POS_9,PTOL,0.076,0.000,0.076,0.000,1.184,,CIR_9/NOMINAL - CS_ABC_BF - C-Zone - XY - Nominal
Circle,CIR_10,DIAM,9.236,9.000,0.236,-0.450,0.350,,Criterion : Least Square (From 6 Pts On PL_FIXTURE) 
Circle,CIR_10,X,322.499,322.000,0.499,,,,
Circle,CIR_10,Y,-24.563,-24.500,-0.063,,,,
Pos. Tol.,POS_10,PTOL,1.006,0.000,1.006,0.000,1.186,,CIR_10/NOMINAL - CS_ABC_BF - C-Zone - XY - Nominal
Distance,PLASTIC_1,Z,19.976,20.000,-0.024,-0.050,0.200,,PNT_TOP_1 - PNT_BOTTOM_1 / CS_ABC_BF
Distance,PLASTIC_2,Z,20.081,20.000,0.081,-0.050,0.200,,PNT_TOP_2 - PNT_BOTTOM_2 / CS_ABC_BF
Distance,PLASTIC_3,Z,19.959,20.000,-0.041,-0.050,0.200,,PNT_TOP_3 - PNT_BOTTOM_3 / CS_ABC_BF
Distance,PLASTIC_4,Z,19.898,20.000,-0.102,-0.050,0.200,-0.052,PNT_TOP_4 - PNT_BOTTOM_4 / CS_ABC_BF
Distance,PLASTIC_5,Z,20.118,20.000,0.118,-0.050,0.200,,PNT_TOP_5 - PNT_BOTTOM_5 / CS_ABC_BF
Distance,PLASTIC_6,Z,20.160,20.000,0.160,-0.050,0.200,,PNT_TOP_6 - PNT_BOTTOM_6 / CS_ABC_BF
Distance,PLASTIC_7,Z,20.115,20.000,0.115,-0.050,0.200,,PNT_TOP_7 - PNT_BOTTOM_7 / CS_ABC_BF
Distance,PLASTIC_8,Z,20.008,20.000,0.008,-0.050,0.200,,PNT_TOP_8 - PNT_BOTTOM_8 / CS_ABC_BF
Distance,PLASTIC_9,Z,19.998,20.000,-0.002,-0.050,0.250,,PNT_TOP_9 - PNT_BOTTOM_9 / CS_ABC_BF
Distance,PLASTIC_10,Z,19.934,20.000,-0.066,-0.050,0.200,-0.016,PNT_TOP_10 - PNT_BOTTOM_10 / CS_ABC_BF
Circle,CIR_11,X,22.538,22.800,-0.262,,,,Criterion : Least Square (From 8 Pts On PL_INS_11) 
Circle,CIR_11,Y,-26.671,-26.200,-0.471,,,,
Pos. Tol.,POS_11,PTOL,1.078,0.000,1.078,0.000,2.691,,CIR_11/NOMINAL - CS_ABC_BF - C-Zone - XY - Nominal
Circle,CIR_12,X,65.061,64.800,0.261,,,,Criterion : Least Square (From 8 Pts On PL_INS_12) 
Circle,CIR_12,Y,-158.797,-158.600,-0.197,,,,
Pos. Tol.,POS_12,PTOL,0.654,0.000,0.654,0.000,2.691,,CIR_12/NOMINAL - CS_ABC_BF - C-Zone - XY - Nominal
Circle,CIR_13,X,82.510,82.800,-0.290,,,,Criterion : Least Square (From 6 Pts On PL_INS_13) 
Circle,CIR_13,Y,-239.007,-238.300,-0.707,,,,
Pos. Tol.,POS_13,PTOL,1.528,0.000,1.528,0.000,2.691,,CIR_13/NOMINAL - CS_ABC_BF - C-Zone - XY - Nominal
Circle,CIR_14,X,57.772,57.800,-0.028,,,,Criterion : Least Square (From 6 Pts On PL_INS_14) 
Circle,CIR_14,Y,-357.114,-356.200,-0.914,,,,
Pos. Tol.,POS_14,PTOL,1.829,0.000,1.829,0.000,2.691,,CIR_14/NOMINAL - CS_ABC_BF - C-Zone - XY - Nominal
Circle,CIR_15,X,-7.180,-7.400,0.220,,,,Criterion : Least Square (From 6 Pts On PL_INS_15) 
Circle,CIR_15,Y,-371.818,-370.800,-1.018,,,,
Pos. Tol.,POS_15,PTOL,2.083,0.000,2.083,0.000,2.691,,CIR_15/NOMINAL - CS_ABC_BF - C-Zone - XY - Nominal
Circle,CIR_17,X,317.865,317.800,0.065,,,,Criterion : Least Square (From 6 Pts On PL_INS_17) 
Circle,CIR_17,Y,-398.238,-398.400,0.162,,,,
Pos. Tol.,POS_17,PTOL,0.349,0.000,0.349,0.000,2.691,,CIR_17/NOMINAL - CS_ABC_BF - C-Zone - XY - Nominal
Circle,CIR_19,X,237.262,237.800,-0.538,,,,Criterion : Least Square (From 6 Pts On PL_INS_19) 
Circle,CIR_19,Y,-206.854,-206.300,-0.554,,,,
Pos. Tol.,POS_19,PTOL,1.545,0.000,1.545,0.000,2.691,,CIR_19/NOMINAL - CS_ABC_BF - C-Zone - XY - Nominal
Circle,CIR_21,X,126.890,126.800,0.090,,,,Criterion : Least Square (From 6 Pts On PL_INS_21) 
Circle,CIR_21,Y,57.410,58.700,-1.290,,,,
Pos. Tol.,POS_21,PTOL,2.587,0.000,2.587,0.000,2.691,,CIR_21/NOMINAL - CS_ABC_BF - C-Zone - XY - Nominal
Circle,CIR_16,X,146.834,147.000,-0.166,,,,Criterion : Least Square (From 6 Pts On PL_INS_16) 
Circle,CIR_16,Y,-40.554,-40.600,0.046,,,,
Pos. Tol.,POS_16,PTOL,0.344,0.000,0.344,0.000,1.000,,CIR_16/NOMINAL - CS_AF_BF - C-Zone - XY - Nominal
Circle,CIR_18,X,201.602,202.000,-0.398,,,,Criterion : Least Square (From 6 Pts On PL_INS_18) 
Circle,CIR_18,Y,-15.469,-15.500,0.031,,,,
Pos. Tol.,POS_18,PTOL,0.799,0.000,0.799,0.000,1.000,,CIR_18/NOMINAL - CS_AD - C-Zone - XY - Nominal
Circle,CIR_20,X,101.048,101.000,0.048,,,,Criterion : Least Square (From 6 Pts On PL_INS_20) 
Circle,CIR_20,Y,-195.093,-195.000,-0.093,,,,
Pos. Tol.,POS_20,PTOL,0.210,0.000,0.210,0.000,2.000,,CIR_20/NOMINAL - CS_AE - C-Zone - XY - Nominal
Circle,CIR_22,X,176.836,177.200,-0.364,,,,Criterion : Least Square (From 7 Pts On PL_PLAST_22) 
Circle,CIR_22,Y,119.046,119.900,-0.854,,,,
Pos. Tol.,POS_22,PTOL,1.856,0.000,1.856,0.000,2.691,,CIR_22/NOMINAL - CS_ABC_BF - C-Zone - XY - Nominal
Distance,H11,Z,0.200,0.000,0.200,0.000,0.300,,CIR_11 - PL_PLAST_11 / CS_ABC_BF
Distance,H12,Z,0.313,0.000,0.313,0.000,0.300,0.013,CIR_12 - PL_PLAST_12 / CS_ABC_BF
Distance,H13,Z,0.121,0.000,0.121,0.000,0.300,,CIR_13 - PL_PLAST_13 / CS_ABC_BF
Distance,H14,Z,0.227,0.000,0.227,0.000,0.300,,CIR_14 - PL_PLAST_14 / CS_ABC_BF
Distance,H15,Z,0.005,0.000,0.005,0.000,0.300,,CIR_15 - PL_PLAST_15 / CS_ABC_BF
Distance,H16,Z,0.201,0.000,0.201,0.000,0.300,,CIR_16 - PL_PLAST_16 / CS_ABC_BF
Distance,H17,Z,0.114,0.000,0.114,0.000,0.300,,CIR_17 - PL_PLAST_17 / CS_ABC_BF
Distance,H18,Z,0.101,0.000,0.101,0.000,0.300,,CIR_18 - PL_PLAST_18 / CS_ABC_BF
Distance,H19,Z,0.056,0.000,0.056,0.000,0.300,,CIR_19 - PL_PLAST_19 / CS_ABC_BF
Distance,H20,Z,0.064,0.000,0.064,0.000,0.300,,CIR_20 - PL_PLAST_20 / CS_ABC_BF
Distance,H21,Z,0.188,0.000,0.188,0.000,0.300,,CIR_21 - PL_PLAST_21 / CS_ABC_BF
Circle,CIR_34,DIAM,4.893,4.800,0.093,0.000,0.150,,Criterion : Least Square (From 8 Pts On PL_PLAST_34) 
Distance,LONGEUR_34,D1,12.534,11.000,1.534,0.000,5.000,,PNT_BOTTOM_34 - PL_PLAST_34 / CS_34_TOP
Circle,CIR_35,DIAM,4.889,4.800,0.089,0.000,0.150,,Criterion : Least Square (From 8 Pts On PL_PLAST_35) 
Distance,LONGEUR_35,D1,12.451,11.000,1.451,0.000,5.000,,PNT_BOTTOM_35 - PL_PLAST_35 / CS_CIR_35_TOP
Circle,CIR_36,DIAM,4.893,4.800,0.093,0.000,0.150,,Criterion : Least Square (From 6 Pts On PL_PLAST_36) 
Distance,LONGEUR_36,D1,12.441,11.000,1.441,0.000,5.000,,PNT_BOTTOM_36 - PL_PLAST_36 / CS_CIR_36_TOP
Flatness,FLAT_DATUM_R,FLTN,0.364,0.000,0.364,0.000,0.800,,PL_DATUM_R
Circle,CIR_23,DIAM,78.094,78.000,0.094,-0.250,0.250,,Criterion : Least Square (From 12 Pts On PL_DATUM_R) 
Circle,CIR_23,X,229.161,229.000,0.161,,,,
Circle,CIR_23,Y,110.264,111.600,-1.336,,,,
Circle,CIR_23,Z,75.853,75.000,0.853,,,,
Pos. Tol.,POS_23,PTOL,3.186,0.000,3.186,1.035,4.535,,CIR_23(M)/NOMINAL(M) - CS_ABC_BF - C-Zone - XYZ - Nominal
Circle,CIR_24,Y,-41.044,-41.000,-0.044,,,,Criterion : Least Square (From 6 Pts On PL_INS_24) 
Circle,CIR_24,Z,33.555,33.500,0.055,,,,
Pos. Tol.,POS_24,PTOL,0.141,0.000,0.141,0.000,0.500,,CIR_24/NOMINAL - CS_HD_BF - C-Zone - YZ - Nominal
Circle,CIR_25,Y,-41.034,-41.000,-0.034,,,,Criterion : Least Square (From 6 Pts On PL_INS_25) 
Circle,CIR_25,Z,-33.519,-33.500,-0.019,,,,
Pos. Tol.,POS_25,PTOL,0.078,0.000,0.078,0.000,0.500,,CIR_25/NOMINAL - CS_HD_BF - C-Zone - YZ - Nominal
Circle,CIR_26,Y,41.078,41.000,0.078,,,,Criterion : Least Square (From 6 Pts On PL_INS_26) 
Circle,CIR_26,Z,-33.513,-33.500,-0.013,,,,
Pos. Tol.,POS_26,PTOL,0.157,0.000,0.157,0.000,0.500,,CIR_26/NOMINAL - CS_HD_BF - C-Zone - YZ - Nominal
Circle,CIR_27,Y,41.001,41.000,0.001,,,,Criterion : Least Square (From 6 Pts On PL_INS_27) 
Circle,CIR_27,Z,33.477,33.500,-0.023,,,,
Pos. Tol.,POS_27,PTOL,0.046,0.000,0.046,0.000,0.500,,CIR_27/NOMINAL - CS_HD_BF - C-Zone - YZ - Nominal
Distance,H24,X,0.233,0.000,0.233,0.000,0.300,,CIR_24 - PL_PLAST_24 / CS_HD_BF
Distance,H25,X,0.203,0.000,0.203,0.000,0.300,,CIR_25 - PL_PLAST_25 / CS_HD_BF
Distance,H26,X,0.025,0.000,0.025,0.000,0.300,,CIR_26 - PL_PLAST_26 / CS_HD_BF
Distance,H27,X,0.128,0.000,0.128,0.000,0.300,,CIR_27 - PL_PLAST_27 / CS_HD_BF
Distance,TB_WIDTH_1,D1,3.386,3.500,-0.114,-0.150,0.150,,P_TB_IW.1 - P_TB_OW.1 / CS_HD_BF
Distance,TB_WIDTH_2,D1,3.453,3.500,-0.047,-0.100,0.100,,P_TB_IW.2 - P_TB_OW.2 / CS_HD_BF
Distance,TB_WIDTH_3,D1,3.378,3.500,-0.122,-0.150,0.150,,P_TB_IW.3 - P_TB_OW.3 / CS_HD_BF
Distance,TB_WIDTH_4,D1,3.358,3.500,-0.142,-0.150,0.150,,P_TB_IW.4 - P_TB_OW.4 / CS_HD_BF
Distance,TB_WIDTH_5,D1,3.314,3.500,-0.186,-0.200,0.150,,P_TB_IW.5 - P_TB_OW.5 / CS_HD_BF
Distance,TB_WIDTH_6,D1,3.401,3.500,-0.099,-0.150,0.150,,P_TB_IW.6 - P_TB_OW.6 / CS_HD_BF
Distance,TB_DEPTH_1,X,5.146,5.000,0.146,-0.250,0.250,,P_TB_TOP.1 - P_TB_BOTTOM.1 / CS_HD_BF
Distance,TB_DEPTH_2,X,4.934,5.000,-0.066,-0.100,0.100,,P_TB_TOP.2 - P_TB_BOTTOM.2 / CS_HD_BF
Distance,TB_DEPTH_3,X,4.990,5.000,-0.010,-0.100,0.100,,P_TB_TOP.3 - P_TB_BOTTOM.3 / CS_HD_BF
Distance,TB_DEPTH_4,X,4.838,5.000,-0.162,-0.250,0.250,,P_TB_TOP.4 - P_TB_BOTTOM.4 / CS_HD_BF
Distance,TB_DEPTH_5,X,5.081,5.000,0.081,-0.100,0.100,,P_TB_TOP.5 - P_TB_BOTTOM.5 / CS_HD_BF
Distance,TB_DEPTH_6,X,5.191,5.000,0.191,-0.250,0.300,,P_TB_TOP.6 - P_TB_BOTTOM.6 / CS_HD_BF
Circle,CIR_28,X,65.140,64.800,0.340,,,,Criterion : Least Square (From 8 Pts On PL_PLAST_28) 
Circle,CIR_28,Z,59.321,59.000,0.321,,,,
Pos. Tol.,POS_28,PTOL,0.936,0.000,0.936,0.000,2.691,,CIR_28/NOMINAL - CS_ABC_BF - C-Zone - XZ - Nominal
Circle,CIR_29,X,51.837,51.800,0.037,,,,Criterion : Least Square (From 6 Pts On PL_INS_29) 
Circle,CIR_29,Z,22.659,23.200,-0.541,,,,
Pos. Tol.,POS_29,PTOL,1.084,0.000,1.084,0.000,2.691,,CIR_29/NOMINAL - CS_ABC_BF - C-Zone - XZ - Nominal
Circle,CIR_30,X,216.780,216.800,-0.020,,,,Criterion : Least Square (From 6 Pts On PL_INS_30) 
Circle,CIR_30,Z,22.949,23.200,-0.251,,,,
Pos. Tol.,POS_30,PTOL,0.503,0.000,0.503,0.000,2.691,,CIR_30/NOMINAL - CS_ABC_BF - C-Zone - XZ - Nominal
Distance,H29,Y,-0.033,0.000,-0.033,0.000,0.300,-0.033,CIR_29 - PL_PLAST_29 / CS_ABC_BF_ROT180
Distance,H30,Y,-0.002,0.000,-0.002,0.000,0.300,-0.002,CIR_30 - PL_PLAST_30 / CS_ABC_BF_ROT180
Circle,CIR_31,DIAM,12.067,12.000,0.067,,,,Criterion : Least Square (From 7 Pts On PL_PLAST_31) 
Circle,CIR_31,X,233.215,232.800,0.415,,,,
Circle,CIR_31,Z,74.985,75.000,-0.015,,,,
Pos. Tol.,POS_31,PTOL,0.831,0.000,0.831,0.000,2.691,,CIR_31/NOMINAL - CS_ABC_BF - P-Zone - X - Nominal
Flatness,FLAT_LASER_WELD,FLTN,0.252,0.000,0.252,0.000,0.450,,PL_LASER_WELD
Flatness,FLAT_DATUM_A,FLTN,0.587,0.000,0.587,0.000,0.400,0.187,PL_DATUM_A
Distance,WIDTH_1_OP1,D1,3.423,3.500,-0.077,-0.100,0.100,,PNT_OW_1_OP1 - PNT_IW_1_OP1 / CS_BF_OP1
Distance,WIDTH_2_OP1,D1,3.491,3.500,-0.009,-0.100,0.100,,PNT_OW_2_OP1 - PNT_IW_2_OP1 / CS_BF_OP1
Distance,WIDTH_3_OP1,D1,3.390,3.500,-0.110,-0.150,0.150,,PNT_OW_3_OP1 - PNT_IW_3_OP1 / CS_BF_OP1
Distance,WIDTH_4_OP1,D1,3.427,3.500,-0.073,-0.100,0.100,,PNT_OW_4_OP1 - PNT_IW_4_OP1 / CS_BF_OP1
Distance,DEPTH_1_OP1,Z,5.041,5.000,0.041,-0.100,0.100,,PNT_TOP_1_OP1 - PNT_DP_1_OP1 / CS_BF_OP1
Distance,DEPTH_2_OP1,Z,5.080,5.000,0.080,-0.100,0.100,,PNT_TOP_2_OP1 - PNT_DP_2_OP1 / CS_BF_OP1
Distance,DEPTH_3_OP1,Z,5.085,5.000,0.085,-0.100,0.100,,PNT_TOP_3_OP1 - PNT_DP_3_OP1 / CS_BF_OP1
Distance,DEPTH_4_OP1,Z,5.026,5.000,0.026,-0.100,0.100,,PNT_TOP_4_OP1 - PNT_DP_4_OP1 / CS_BF_OP1
Distance,WIDTH_1_OP2,D1,3.422,3.500,-0.078,-0.150,0.150,,PNT_OW_1_OP2 - PNT_IW_1_OP2 / CS_BF_OP2
Distance,WIDTH_2_OP2,D1,3.474,3.500,-0.026,-0.100,0.100,,PNT_OW_2_OP2 - PNT_IW_2_OP2 / CS_BF_OP2
Distance,WIDTH_3_OP2,D1,3.405,3.500,-0.095,-0.100,0.100,,PNT_OW_3_OP2 - PNT_IW_3_OP2 / CS_BF_OP2
Distance,WIDTH_4_OP2,D1,3.492,3.500,-0.008,-0.100,0.100,,PNT_OW_4_OP2 - PNT_IW_4_OP2 / CS_BF_OP2
Distance,DEPTH_1_OP2,Z,5.035,5.000,0.035,-0.100,0.100,,PNT_TOP_1_OP2 - PNT_DP_1_OP2 / CS_BF_OP2
Distance,DEPTH_2_OP2,Z,5.092,5.000,0.092,-0.100,0.100,,PNT_TOP_2_OP2 - PNT_DP_2_OP2 / CS_BF_OP2
Distance,DEPTH_3_OP2,Z,5.052,5.000,0.052,-0.250,0.250,,PNT_TOP_3_OP2 - PNT_DP_3_OP2 / CS_BF_OP2
Distance,DEPTH_4_OP2,Z,4.971,5.000,-0.029,-0.100,0.100,,PNT_TOP_4_OP2 - PNT_DP_4_OP2 / CS_BF_OP2
Distance,WIDTH_1_OP3,D1,3.452,3.500,-0.048,-0.100,0.100,,PNT_OW_1_OP3 - PNT_IW_1_OP3 / CS_BF_OP3
Distance,WIDTH_2_OP3,D1,3.462,3.500,-0.038,-0.100,0.100,,PNT_OW_2_OP3 - PNT_IW_2_OP3 / CS_BF_OP3
Distance,WIDTH_3_OP3,D1,3.469,3.500,-0.031,-0.100,0.100,,PNT_OW_3_OP3 - PNT_IW_3_OP3 / CS_BF_OP3
Distance,WIDTH_4_OP3,D1,3.440,3.500,-0.060,-0.100,0.100,,PNT_OW_4_OP3 - PNT_IW_4_OP3 / CS_BF_OP3
Distance,DEPTH_1_OP3,Z,5.011,5.000,0.011,-0.100,0.100,,PNT_TOP_1_OP3 - PNT_DP_1_OP3 / CS_BF_OP3
Distance,DEPTH_2_OP3,Z,5.049,5.000,0.049,-0.250,0.250,,PNT_TOP_2_OP3 - PNT_DP_2_OP3 / CS_BF_OP3
Distance,DEPTH_3_OP3,Z,5.134,5.000,0.134,-0.100,0.100,0.034,PNT_TOP_3_OP3 - PNT_DP_3_OP3 / CS_BF_OP3
Distance,DEPTH_4_OP3,Z,5.228,5.000,0.228,-0.250,0.250,,PNT_TOP_4_OP3 - PNT_DP_4_OP3 / CS_BF_OP3
Distance,WIDTH_1_OP4,D1,3.335,3.500,-0.165,-0.200,0.150,,PNT_OW_1_OP4 - PNT_IW_1_OP4 / CS_BF_OP4
Distance,WIDTH_2_OP4,D1,3.451,3.500,-0.049,-0.100,0.100,,PNT_OW_2_OP4 - PNT_IW_2_OP4 / CS_BF_OP4
Distance,WIDTH_3_OP4,D1,3.340,3.500,-0.160,-0.200,0.150,,PNT_OW_3_OP4 - PNT_IW_3_OP4 / CS_BF_OP4
Distance,WIDTH_4_OP4,D1,3.394,3.500,-0.106,-0.100,0.100,-0.006,PNT_OW_4_OP4 - PNT_IW_4_OP4 / CS_BF_OP4
Distance,DEPTH_1_OP4,Z,4.960,5.000,-0.040,-0.100,0.100,,PNT_TOP_1_OP4 - PNT_DP_1_OP4 / CS_BF_OP4
Distance,DEPTH_2_OP4,Z,4.967,5.000,-0.033,-0.100,0.100,,PNT_TOP_2_OP4 - PNT_DP_2_OP4 / CS_BF_OP4
Distance,DEPTH_3_OP4,Z,5.179,5.000,0.179,-0.250,0.300,,PNT_TOP_3_OP4 - PNT_DP_3_OP4 / CS_BF_OP4
Distance,DEPTH_4_OP4,Z,5.297,5.000,0.297,-0.250,0.300,,PNT_TOP_4_OP4 - PNT_DP_4_OP4 / CS_BF_OP4
Distance,WIDTH_1_OP5,D1,3.473,3.500,-0.027,-0.100,0.100,,PNT_OW_1_OP5 - PNT_IW_1_OP5 / CS_BF_OP5
Distance,WIDTH_2_OP5,D1,3.465,3.500,-0.035,-0.100,0.100,,PNT_OW_2_OP5 - PNT_IW_2_OP5 / CS_BF_OP5
Distance,WIDTH_3_OP5,D1,3.480,3.500,-0.020,-0.100,0.100,,PNT_OW_3_OP5 - PNT_IW_3_OP5 / CS_BF_OP5
Distance,WIDTH_4_OP5,D1,3.424,3.500,-0.076,-0.100,0.100,,PNT_OW_4_OP5 - PNT_IW_4_OP5 / CS_BF_OP5
Distance,DEPTH_1_OP5,Z,5.060,5.000,0.060,-0.100,0.100,,PNT_TOP_1_OP5 - PNT_DP_1_OP5 / CS_BF_OP5
Distance,DEPTH_2_OP5,Z,5.103,5.000,0.103,-0.100,0.100,0.003,PNT_TOP_2_OP5 - PNT_DP_2_OP5 / CS_BF_OP5
Distance,DEPTH_3_OP5,Z,5.088,5.000,0.088,-0.100,0.100,,PNT_TOP_3_OP5 - PNT_DP_3_OP5 / CS_BF_OP5
Distance,DEPTH_4_OP5,Z,5.003,5.000,0.003,-0.100,0.100,,PNT_TOP_4_OP5 - PNT_DP_4_OP5 / CS_BF_OP5
Distance,WIDTH_1_OP6,D1,3.395,3.500,-0.105,-0.100,0.100,-0.005,PNT_OW_1_OP6 - PNT_IW_1_OP6 / CS_BF_OP6
Distance,WIDTH_2_OP6,D1,3.511,3.500,0.011,-0.100,0.100,,PNT_OW_2_OP6 - PNT_IW_2_OP6 / CS_BF_OP6
Distance,WIDTH_3_OP6,D1,3.409,3.500,-0.091,-0.100,0.100,,PNT_OW_3_OP6 - PNT_IW_3_OP6 / CS_BF_OP6
Distance,WIDTH_4_OP6,D1,3.487,3.500,-0.013,-0.100,0.100,,PNT_OW_4_OP6 - PNT_IW_4_OP6 / CS_BF_OP6
Distance,DEPTH_1_OP6,Z,5.008,5.000,0.008,-0.100,0.100,,PNT_TOP_1_OP6 - PNT_DP_1_OP6 / CS_BF_OP6
Distance,DEPTH_2_OP6,Z,4.856,5.000,-0.144,-0.250,0.250,,PNT_TOP_2_OP6 - PNT_DP_2_OP6 / CS_BF_OP6
Distance,DEPTH_3_OP6,Z,5.095,5.000,0.095,-0.100,0.100,,PNT_TOP_3_OP6 - PNT_DP_3_OP6 / CS_BF_OP6
Distance,DEPTH_4_OP6,Z,5.119,5.000,0.119,-0.100,0.100,0.019,PNT_TOP_4_OP6 - PNT_DP_4_OP6 / CS_BF_OP6
Distance,WIDTH_1_OP7,D1,3.508,3.500,0.008,-0.100,0.100,,PNT_OW_1_OP7 - PNT_IW_1_OP7 / CS_BF_OP7
Distance,WIDTH_2_OP7,D1,3.533,3.500,0.033,-0.100,0.100,,PNT_OW_2_OP7 - PNT_IW_2_OP7 / CS_BF_OP7
Distance,WIDTH_3_OP7,D1,3.501,3.500,0.001,-0.100,0.100,,PNT_OW_3_OP7 - PNT_IW_3_OP7 / CS_BF_OP7
Distance,WIDTH_4_OP7,D1,3.426,3.500,-0.074,-0.100,0.100,,PNT_OW_4_OP7 - PNT_IW_4_OP7 / CS_BF_OP7
Distance,DEPTH_1_OP7,Z,4.949,5.000,-0.051,-0.100,0.100,,PNT_TOP_1_OP7 - PNT_DP_1_OP7 / CS_BF_OP7
Distance,DEPTH_2_OP7,Z,5.023,5.000,0.023,-0.100,0.100,,PNT_TOP_2_OP7 - PNT_DP_2_OP7 / CS_BF_OP7
Distance,DEPTH_3_OP7,Z,5.078,5.000,0.078,-0.250,0.250,,PNT_TOP_3_OP7 - PNT_DP_3_OP7 / CS_BF_OP7
Distance,DEPTH_4_OP7,Z,5.094,5.000,0.094,-0.250,0.250,,PNT_TOP_4_OP7 - PNT_DP_4_OP7 / CS_BF_OP7
Distance,WIDTH_1_OP8,D1,3.445,3.500,-0.055,-0.100,0.100,,PNT_OW_1_OP8 - PNT_IW_1_OP8 / CS_BF_OP8
Distance,WIDTH_2_OP8,D1,3.457,3.500,-0.043,-0.100,0.100,,PNT_OW_2_OP8 - PNT_IW_2_OP8 / CS_BF_OP8
Distance,WIDTH_3_OP8,D1,3.350,3.500,-0.150,-0.150,0.150,,PNT_OW_3_OP8 - PNT_IW_3_OP8 / CS_BF_OP8
Distance,WIDTH_4_OP8,D1,3.380,3.500,-0.120,-0.150,0.150,,PNT_OW_4_OP8 - PNT_IW_4_OP8 / CS_BF_OP8
Distance,DEPTH_1_OP8,Z,5.023,5.000,0.023,-0.100,0.100,,PNT_TOP_1_OP8 - PNT_DP_1_OP8 / CS_BF_OP8
Distance,DEPTH_2_OP8,Z,5.050,5.000,0.050,-0.100,0.100,,PNT_TOP_2_OP8 - PNT_DP_2_OP8 / CS_BF_OP8
Distance,DEPTH_3_OP8,Z,5.284,5.000,0.284,-0.250,0.250,0.034,PNT_TOP_3_OP8 - PNT_DP_3_OP8 / CS_BF_OP8
Distance,DEPTH_4_OP8,Z,5.254,5.000,0.254,-0.250,0.300,,PNT_TOP_4_OP8 - PNT_DP_4_OP8 / CS_BF_OP8
