Feat. Type,Feat. Name,Value,Actual,Nominal,Dev.,Tol-,Tol+,Out of Tol.,Comment
Text/Value,VAR_PROGRAM,VAL,,,,,,,'N:\Metrolog XG\Programmes\Ford 3,5L GTDI 2017\Ford 3.5L GTDI Complete (Module 44).gm2'
Text/Value,VAR_EVENEMENT,VAL,,,,,,,'PPAP'
Text/Value,VAR_COMMENTAIRES,VAL,,,,,,,'Part No.14'
Text/Value,PROFILE_A,VAL,0.148765,0.000000,0.148765,0.000000,0.500000,,
Circle,CIR_B,DIAM,4.696,4.700,-0.004,-0.100,0.100,,Criterion : Least Square (From 3 Pts On PL_BACK_FIXTURE) 
Circle,CIR_B,X,-0.000,0.000,0.000,,,,
Circle,CIR_B,Z,0.000,0.000,0.000,,,,
Circle,CIR_C,DIAM,4.652,4.700,-0.048,-0.100,0.100,,Criterion : Least Square (From 3 Pts On PL_BACK_FIXTURE) 
Circle,CIR_C,X,-0.000,-0.000,0.000,,,,
Circle,CIR_C,Z,-211.889,-212.000,0.110,,,,
Circle,CIR1,X,16.048,15.944,0.104,,,,From 4 Pts On PL_PLAST_1
Circle,CIR1,Z,48.871,48.650,0.221,,,,
Circle,CIR2,X,43.698,43.444,0.254,,,,From 4 Pts On PL_PLAST_2
Circle,CIR2,Z,-52.727,-52.850,0.123,,,,
Circle,CIR3,X,16.191,15.944,0.247,,,,From 4 Pts On PL_PLAST_3
Circle,CIR3,Z,-158.708,-158.849,0.141,,,,
Circle,CIR4,X,43.437,43.444,-0.007,,,,From 4 Pts On PL_PLAST_4
Circle,CIR4,Z,-264.796,-264.849,0.053,,,,
Circle,CIR5,X,221.894,221.700,0.194,,,,From 4 Pts On PL_PLAST_5
Circle,CIR5,Z,-297.129,-296.849,-0.280,,,,
Circle,CIR6,X,195.072,195.208,-0.136,,,,From 4 Pts On PL_PLAST_6
Circle,CIR6,Z,-195.560,-195.349,-0.211,,,,
Circle,CIR7,X,222.773,222.700,0.073,,,,From 3 Pts On PL_PLAST_7
Circle,CIR7,Z,-89.495,-89.349,-0.146,,,,
Circle,CIR8,X,195.232,195.208,0.024,,,,From 4 Pts On PL_PLAST_8
Circle,CIR8,Z,16.557,16.651,-0.094,,,,
Pos. Tol.,POS_B,PTOL,0.000,0.000,0.000,0.000,0.500,,CIR_B/NOMINAL - CS_ABC - C-Zone - XZ - Nominal
Pos. Tol.,POS_C,PTOL,0.221,0.000,0.221,0.000,0.500,,CIR_C/NOMINAL - CS_ABC - C-Zone - XZ - Nominal
Pos. Tol.,POS_1,PTOL,0.489,0.000,0.489,0.000,1.500,,CIR1/NOMINAL - CS_ABC - C-Zone - XZ - Nominal
Pos. Tol.,POS_2,PTOL,0.565,0.000,0.565,0.000,1.500,,CIR2/NOMINAL - CS_ABC - C-Zone - XZ - Nominal
Pos. Tol.,POS_3,PTOL,0.569,0.000,0.569,0.000,1.500,,CIR3/NOMINAL - CS_ABC - C-Zone - XZ - Nominal
Pos. Tol.,POS_4,PTOL,0.106,0.000,0.106,0.000,1.500,,CIR4/NOMINAL - CS_ABC - C-Zone - XZ - Nominal
Pos. Tol.,POS_5,PTOL,0.681,0.000,0.681,0.000,1.500,,CIR5/NOMINAL - CS_ABC - C-Zone - XZ - Nominal
Pos. Tol.,POS_6,PTOL,0.501,0.000,0.501,0.000,1.500,,CIR6/NOMINAL - CS_ABC - C-Zone - XZ - Nominal
Pos. Tol.,POS_7,PTOL,0.326,0.000,0.326,0.000,1.500,,CIR7/NOMINAL - CS_ABC - C-Zone - XZ - Nominal
Pos. Tol.,POS_8,PTOL,0.195,0.000,0.195,0.000,1.500,,CIR8/NOMINAL - CS_ABC - C-Zone - XZ - Nominal
Circle,CIR_A,DIAM,74.040,74.000,0.040,-0.300,0.300,,Criterion : Least Square (From 36 Pts On PL_PLAST_PT.A) 
Circle,CIR_A,X,119.331,119.162,0.170,,,,
Circle,CIR_A,Y,1.793,3.289,-1.496,,,,
Circle,CIR_A,Z,188.257,188.276,-0.019,,,,
Circle,CIR_17,X,79.583,79.320,0.263,,,,Criterion : Least Square (From 6 Pts On PL_INS_17) 
Circle,CIR_17,Y,34.026,35.146,-1.120,,,,
Circle,CIR_17,Z,193.961,193.894,0.068,,,,
Circle,CIR_18,X,159.530,159.320,0.210,,,,Criterion : Least Square (From 6 Pts On PL_INS_18) 
Circle,CIR_18,Y,33.318,35.146,-1.828,,,,
Circle,CIR_18,Z,194.204,193.894,0.311,,,,
Circle,CIR_19,X,159.061,159.320,-0.259,,,,Criterion : Least Square (From 6 Pts On PL_INS_19) 
Circle,CIR_19,Y,-30.611,-28.866,-1.745,,,,
Circle,CIR_19,Z,182.636,182.606,0.030,,,,
Circle,CIR_20,X,79.056,79.320,-0.264,,,,Criterion : Least Square (From 6 Pts On PL_INS_20) 
Circle,CIR_20,Y,-29.933,-28.866,-1.067,,,,
Circle,CIR_20,Z,182.699,182.606,0.092,,,,
Circle,2D_CIR_A,X,0.000,0.000,0.000,,,,
Circle,2D_CIR_A,Y,-0.000,0.000,0.000,,,,
Circle,2D_CIR_17,X,-40.012,-40.000,-0.012,,,,
Circle,2D_CIR_17,Y,32.412,32.500,-0.088,,,,
Circle,2D_CIR_17,F.F.,0.041,,0.041,,,,
Circle,2D_CIR_18,X,39.939,40.000,-0.061,,,,
Circle,2D_CIR_18,Y,32.403,32.500,-0.097,,,,
Circle,2D_CIR_18,F.F.,0.041,,0.041,,,,
Circle,2D_CIR_19,X,39.994,40.000,-0.006,,,,
Circle,2D_CIR_19,Y,-32.566,-32.500,-0.066,,,,
Circle,2D_CIR_19,F.F.,0.038,,0.038,,,,
Circle,2D_CIR_20,X,-40.014,-40.000,-0.014,,,,
Circle,2D_CIR_20,Y,-32.533,-32.500,-0.033,,,,
Circle,2D_CIR_20,F.F.,0.041,,0.041,,,,
Distance,OP1_WIDTH_1,D1,4.051,4.000,0.051,-0.200,0.200,,OP1_PT1_OW_GAGE - OP1_PT1_IW_GAGE / OP1_CS
Distance,OP1_WIDTH_2,D1,3.869,4.000,-0.131,-0.200,0.200,,OP1_PT2_OW_GAGE - OP1_PT2_IW_GAGE / OP1_CS
Distance,OP1_WIDTH_3,D1,3.781,4.000,-0.219,-0.200,0.200,-0.019,OP1_PT3_OW_GAGE - OP1_PT3_IW_GAGE / OP1_CS
Distance,OP1_WIDTH_4,D1,3.801,4.000,-0.199,-0.200,0.200,,OP1_PT4_OW_GAGE - OP1_PT4_IW_GAGE / OP1_CS
Distance,OP1_WIDTH_5,D1,4.033,4.000,0.033,-0.200,0.200,,OP1_PT5_OW_GAGE - OP1_PT5_IW_GAGE / OP1_CS
Distance,OP1_WIDTH_6,D1,4.148,4.000,0.148,-0.200,0.200,,OP1_PT6_OW_GAGE - OP1_PT6_IW_GAGE / OP1_CS
Distance,OP1_WIDTH_7,D1,4.010,4.000,0.010,-0.200,0.200,,OP1_PT7_OW_GAGE - OP1_PT7_IW_GAGE / OP1_CS
Distance,OP1_WIDTH_8,D1,3.929,4.000,-0.071,-0.200,0.200,,OP1_PT8_OW_GAGE - OP1_PT8_IW_GAGE / OP1_CS
Distance,OP1_WIDTH_9,D1,3.984,4.000,-0.016,-0.200,0.200,,OP1_PT9_OW_GAGE - OP1_PT9_IW_GAGE / OP1_CS
Distance,OP1_WIDTH_10,D1,4.099,4.000,0.099,-0.200,0.200,,OP1_PT10_OW_GAGE - OP1_PT10_IW_GAGE / OP1_CS
Distance,OP1_DEPTH_1,D1,2.785,3.000,-0.215,-0.250,0.250,,OP1_PT1_DEPTH - PL_FIXTURE / OP1_CS
Distance,OP1_DEPTH_2,D1,2.744,3.000,-0.256,-0.250,0.250,-0.006,OP1_PT2_DEPTH - PL_FIXTURE / OP1_CS
Distance,OP1_DEPTH_3,D1,2.817,3.000,-0.183,-0.250,0.250,,OP1_PT3_DEPTH - PL_FIXTURE / OP1_CS
Distance,OP1_DEPTH_4,D1,2.853,3.000,-0.147,-0.250,0.250,,OP1_PT4_DEPTH - PL_FIXTURE / OP1_CS
Distance,OP1_DEPTH_5,D1,2.921,3.000,-0.079,-0.250,0.250,,OP1_PT5_DEPTH - PL_FIXTURE / OP1_CS
Distance,OP1_DEPTH_6,D1,2.817,3.000,-0.183,-0.250,0.250,,OP1_PT6_DEPTH - PL_FIXTURE / OP1_CS
Distance,OP1_DEPTH_7,D1,2.796,3.000,-0.204,-0.250,0.250,,OP1_PT7_DEPTH - PL_FIXTURE / OP1_CS
Distance,OP1_DEPTH_8,D1,2.826,3.000,-0.174,-0.250,0.250,,OP1_PT8_DEPTH - PL_FIXTURE / OP1_CS
Distance,OP1_DEPTH_9,D1,2.878,3.000,-0.122,-0.250,0.250,,OP1_PT9_DEPTH - PL_FIXTURE / OP1_CS
Distance,OP1_DEPTH_10,D1,2.920,3.000,-0.080,-0.250,0.250,,OP1_PT10_DEPTH - PL_FIXTURE / OP1_CS
Distance,OP2_WIDTH_1,D1,4.138,4.000,0.138,-0.200,0.200,,OP2_PT1_OW_GAGE - OP2_PT1_IW_GAGE / OP2_CS
Distance,OP2_WIDTH_2,D1,4.012,4.000,0.012,-0.200,0.200,,OP2_PT2_OW_GAGE - OP2_PT2_IW_GAGE / OP2_CS
Distance,OP2_WIDTH_3,D1,3.775,4.000,-0.225,-0.200,0.200,-0.025,OP2_PT3_OW_GAGE - OP2_PT3_IW_GAGE / OP2_CS
Distance,OP2_WIDTH_4,D1,3.780,4.000,-0.220,-0.200,0.200,-0.020,OP2_PT4_OW_GAGE - OP2_PT4_IW_GAGE / OP2_CS
Distance,OP2_WIDTH_5,D1,3.987,4.000,-0.013,-0.200,0.200,,OP2_PT5_OW_GAGE - OP2_PT5_IW_GAGE / OP2_CS
Distance,OP2_WIDTH_6,D1,4.105,4.000,0.105,-0.200,0.200,,OP2_PT6_OW_GAGE - OP2_PT6_IW_GAGE / OP2_CS
Distance,OP2_WIDTH_7,D1,4.090,4.000,0.090,-0.200,0.200,,OP2_PT7_OW_GAGE - OP2_PT7_IW_GAGE / OP2_CS
Distance,OP2_WIDTH_8,D1,4.012,4.000,0.012,-0.200,0.200,,OP2_PT8_OW_GAGE - OP2_PT8_IW_GAGE / OP2_CS
Distance,OP2_WIDTH_9,D1,4.038,4.000,0.038,-0.200,0.200,,OP2_PT9_OW_GAGE - OP2_PT9_IW_GAGE / OP2_CS
Distance,OP2_WIDTH_10,D1,4.129,4.000,0.129,-0.200,0.200,,OP2_PT10_OW_GAGE - OP2_PT10_IW_GAGE / OP2_CS
Distance,OP2_DEPTH_1,D1,2.835,3.000,-0.165,-0.250,0.250,,OP2_PT1_DEPTH - PL_FIXTURE / OP2_CS
Distance,OP2_DEPTH_2,D1,2.935,3.000,-0.065,-0.250,0.250,,OP2_PT2_DEPTH - PL_FIXTURE / OP2_CS
Distance,OP2_DEPTH_3,D1,3.037,3.000,0.037,-0.250,0.250,,OP2_PT3_DEPTH - PL_FIXTURE / OP2_CS
Distance,OP2_DEPTH_4,D1,3.090,3.000,0.090,-0.250,0.250,,OP2_PT4_DEPTH - PL_FIXTURE / OP2_CS
Distance,OP2_DEPTH_5,D1,2.951,3.000,-0.049,-0.250,0.250,,OP2_PT5_DEPTH - PL_FIXTURE / OP2_CS
Distance,OP2_DEPTH_6,D1,2.833,3.000,-0.167,-0.250,0.250,,OP2_PT6_DEPTH - PL_FIXTURE / OP2_CS
Distance,OP2_DEPTH_7,D1,2.837,3.000,-0.163,-0.250,0.250,,OP2_PT7_DEPTH - PL_FIXTURE / OP2_CS
Distance,OP2_DEPTH_8,D1,2.833,3.000,-0.167,-0.250,0.250,,OP2_PT8_DEPTH - PL_FIXTURE / OP2_CS
Distance,OP2_DEPTH_9,D1,2.837,3.000,-0.163,-0.250,0.250,,OP2_PT9_DEPTH - PL_FIXTURE / OP2_CS
Distance,OP2_DEPTH_10,D1,2.853,3.000,-0.147,-0.250,0.250,,OP2_PT10_DEPTH - PL_FIXTURE / OP2_CS
Distance,OP3_WIDTH_1,D1,4.140,4.000,0.140,-0.200,0.200,,OP3_PT1_OW_GAGE - OP3_PT1_IW_GAGE / OP3_CS
Distance,OP3_WIDTH_2,D1,4.008,4.000,0.008,-0.200,0.200,,OP3_PT2_OW_GAGE - OP3_PT2_IW_GAGE / OP3_CS
Distance,OP3_WIDTH_3,D1,3.736,4.000,-0.264,-0.200,0.200,-0.064,OP3_PT3_OW_GAGE - OP3_PT3_IW_GAGE / OP3_CS
Distance,OP3_WIDTH_4,D1,3.747,4.000,-0.253,-0.200,0.200,-0.053,OP3_PT4_OW_GAGE - OP3_PT4_IW_GAGE / OP3_CS
Distance,OP3_WIDTH_5,D1,3.968,4.000,-0.032,-0.200,0.200,,OP3_PT5_OW_GAGE - OP3_PT5_IW_GAGE / OP3_CS
Distance,OP3_WIDTH_6,D1,4.028,4.000,0.028,-0.200,0.200,,OP3_PT6_OW_GAGE - OP3_PT6_IW_GAGE / OP3_CS
Distance,OP3_WIDTH_7,D1,4.016,4.000,0.016,-0.200,0.200,,OP3_PT7_OW_GAGE - OP3_PT7_IW_GAGE / OP3_CS
Distance,OP3_WIDTH_8,D1,4.029,4.000,0.029,-0.200,0.200,,OP3_PT8_OW_GAGE - OP3_PT8_IW_GAGE / OP3_CS
Distance,OP3_WIDTH_9,D1,4.039,4.000,0.039,-0.200,0.200,,OP3_PT9_OW_GAGE - OP3_PT9_IW_GAGE / OP3_CS
Distance,OP3_WIDTH_10,D1,4.161,4.000,0.161,-0.200,0.200,,OP3_PT10_OW_GAGE - OP3_PT10_IW_GAGE / OP3_CS
Distance,OP3_DEPTH_1,D1,3.003,3.000,0.003,-0.250,0.250,,OP3_PT1_DEPTH - PL_FIXTURE / OP3_CS
Distance,OP3_DEPTH_2,D1,3.099,3.000,0.099,-0.250,0.250,,OP3_PT2_DEPTH - PL_FIXTURE / OP3_CS
Distance,OP3_DEPTH_3,D1,3.137,3.000,0.137,-0.250,0.250,,OP3_PT3_DEPTH - PL_FIXTURE / OP3_CS
Distance,OP3_DEPTH_4,D1,3.162,3.000,0.162,-0.250,0.250,,OP3_PT4_DEPTH - PL_FIXTURE / OP3_CS
Distance,OP3_DEPTH_5,D1,3.100,3.000,0.100,-0.250,0.250,,OP3_PT5_DEPTH - PL_FIXTURE / OP3_CS
Distance,OP3_DEPTH_6,D1,3.093,3.000,0.093,-0.250,0.250,,OP3_PT6_DEPTH - PL_FIXTURE / OP3_CS
Distance,OP3_DEPTH_7,D1,3.126,3.000,0.126,-0.250,0.250,,OP3_PT7_DEPTH - PL_FIXTURE / OP3_CS
Distance,OP3_DEPTH_8,D1,3.068,3.000,0.068,-0.250,0.250,,OP3_PT8_DEPTH - PL_FIXTURE / OP3_CS
Distance,OP3_DEPTH_9,D1,3.028,3.000,0.028,-0.250,0.250,,OP3_PT9_DEPTH - PL_FIXTURE / OP3_CS
Distance,OP3_DEPTH_10,D1,2.935,3.000,-0.065,-0.250,0.250,,OP3_PT10_DEPTH - PL_FIXTURE / OP3_CS
Distance,OP4_WIDTH_1,D1,4.175,4.000,0.175,-0.200,0.200,,OP4_PT1_OW_GAGE - OP4_PT1_IW_GAGE / OP4_CS
Distance,OP4_WIDTH_2,D1,4.036,4.000,0.036,-0.200,0.200,,OP4_PT2_OW_GAGE - OP4_PT2_IW_GAGE / OP4_CS
Distance,OP4_WIDTH_3,D1,3.817,4.000,-0.183,-0.200,0.200,,OP4_PT3_OW_GAGE - OP4_PT3_IW_GAGE / OP4_CS
Distance,OP4_WIDTH_4,D1,3.817,4.000,-0.183,-0.200,0.200,,OP4_PT4_OW_GAGE - OP4_PT4_IW_GAGE / OP4_CS
Distance,OP4_WIDTH_5,D1,4.061,4.000,0.061,-0.200,0.200,,OP4_PT5_OW_GAGE - OP4_PT5_IW_GAGE / OP4_CS
Distance,OP4_WIDTH_6,D1,4.151,4.000,0.151,-0.200,0.200,,OP4_PT6_OW_GAGE - OP4_PT6_IW_GAGE / OP4_CS
Distance,OP4_WIDTH_7,D1,4.087,4.000,0.087,-0.200,0.200,,OP4_PT7_OW_GAGE - OP4_PT7_IW_GAGE / OP4_CS
Distance,OP4_WIDTH_8,D1,4.046,4.000,0.046,-0.200,0.200,,OP4_PT8_OW_GAGE - OP4_PT8_IW_GAGE / OP4_CS
Distance,OP4_WIDTH_9,D1,4.083,4.000,0.083,-0.200,0.200,,OP4_PT9_OW_GAGE - OP4_PT9_IW_GAGE / OP4_CS
Distance,OP4_WIDTH_10,D1,4.206,4.000,0.206,-0.200,0.200,0.006,OP4_PT10_OW_GAGE - OP4_PT10_IW_GAGE / OP4_CS
Distance,OP4_DEPTH_1,D1,2.925,3.000,-0.075,-0.250,0.250,,OP4_PT1_DEPTH - PL_FIXTURE / OP4_CS
Distance,OP4_DEPTH_2,D1,2.960,3.000,-0.040,-0.250,0.250,,OP4_PT2_DEPTH - PL_FIXTURE / OP4_CS
Distance,OP4_DEPTH_3,D1,3.012,3.000,0.012,-0.250,0.250,,OP4_PT3_DEPTH - PL_FIXTURE / OP4_CS
Distance,OP4_DEPTH_4,D1,3.026,3.000,0.026,-0.250,0.250,,OP4_PT4_DEPTH - PL_FIXTURE / OP4_CS
Distance,OP4_DEPTH_5,D1,2.994,3.000,-0.006,-0.250,0.250,,OP4_PT5_DEPTH - PL_FIXTURE / OP4_CS
Distance,OP4_DEPTH_6,D1,2.884,3.000,-0.116,-0.250,0.250,,OP4_PT6_DEPTH - PL_FIXTURE / OP4_CS
Distance,OP4_DEPTH_7,D1,2.903,3.000,-0.097,-0.250,0.250,,OP4_PT7_DEPTH - PL_FIXTURE / OP4_CS
Distance,OP4_DEPTH_8,D1,2.916,3.000,-0.084,-0.250,0.250,,OP4_PT8_DEPTH - PL_FIXTURE / OP4_CS
Distance,OP4_DEPTH_9,D1,2.921,3.000,-0.079,-0.250,0.250,,OP4_PT9_DEPTH - PL_FIXTURE / OP4_CS
Distance,OP4_DEPTH_10,D1,2.941,3.000,-0.059,-0.250,0.250,,OP4_PT10_DEPTH - PL_FIXTURE / OP4_CS
Distance,OP5_WIDTH_1,D1,4.122,4.000,0.122,-0.200,0.200,,OP5_PT1_OW_GAGE - OP5_PT1_IW_GAGE / OP5_CS
Distance,OP5_WIDTH_2,D1,4.019,4.000,0.019,-0.200,0.200,,OP5_PT2_OW_GAGE - OP5_PT2_IW_GAGE / OP5_CS
Distance,OP5_WIDTH_3,D1,3.773,4.000,-0.227,-0.200,0.200,-0.027,OP5_PT3_OW_GAGE - OP5_PT3_IW_GAGE / OP5_CS
Distance,OP5_WIDTH_4,D1,3.786,4.000,-0.214,-0.200,0.200,-0.014,OP5_PT4_OW_GAGE - OP5_PT4_IW_GAGE / OP5_CS
Distance,OP5_WIDTH_5,D1,4.080,4.000,0.080,-0.200,0.200,,OP5_PT5_OW_GAGE - OP5_PT5_IW_GAGE / OP5_CS
Distance,OP5_WIDTH_6,D1,4.115,4.000,0.115,-0.200,0.200,,OP5_PT6_OW_GAGE - OP5_PT6_IW_GAGE / OP5_CS
Distance,OP5_WIDTH_7,D1,4.148,4.000,0.148,-0.200,0.200,,OP5_PT7_OW_GAGE - OP5_PT7_IW_GAGE / OP5_CS
Distance,OP5_WIDTH_8,D1,4.054,4.000,0.054,-0.200,0.200,,OP5_PT8_OW_GAGE - OP5_PT8_IW_GAGE / OP5_CS
Distance,OP5_WIDTH_9,D1,4.046,4.000,0.046,-0.200,0.200,,OP5_PT9_OW_GAGE - OP5_PT9_IW_GAGE / OP5_CS
Distance,OP5_WIDTH_10,D1,4.078,4.000,0.078,-0.200,0.200,,OP5_PT10_OW_GAGE - OP5_PT10_IW_GAGE / OP5_CS
Distance,OP5_DEPTH_1,D1,3.012,3.000,0.012,-0.250,0.250,,OP5_PT1_DEPTH - PL_FIXTURE / OP5_CS
Distance,OP5_DEPTH_2,D1,3.065,3.000,0.065,-0.250,0.250,,OP5_PT2_DEPTH - PL_FIXTURE / OP5_CS
Distance,OP5_DEPTH_3,D1,3.064,3.000,0.064,-0.250,0.250,,OP5_PT3_DEPTH - PL_FIXTURE / OP5_CS
Distance,OP5_DEPTH_4,D1,3.051,3.000,0.051,-0.250,0.250,,OP5_PT4_DEPTH - PL_FIXTURE / OP5_CS
Distance,OP5_DEPTH_5,D1,3.008,3.000,0.008,-0.250,0.250,,OP5_PT5_DEPTH - PL_FIXTURE / OP5_CS
Distance,OP5_DEPTH_6,D1,2.996,3.000,-0.004,-0.250,0.250,,OP5_PT6_DEPTH - PL_FIXTURE / OP5_CS
Distance,OP5_DEPTH_7,D1,3.042,3.000,0.042,-0.250,0.250,,OP5_PT7_DEPTH - PL_FIXTURE / OP5_CS
Distance,OP5_DEPTH_8,D1,3.072,3.000,0.072,-0.250,0.250,,OP5_PT8_DEPTH - PL_FIXTURE / OP5_CS
Distance,OP5_DEPTH_9,D1,3.078,3.000,0.078,-0.250,0.250,,OP5_PT9_DEPTH - PL_FIXTURE / OP5_CS
Distance,OP5_DEPTH_10,D1,3.104,3.000,0.104,-0.250,0.250,,OP5_PT10_DEPTH - PL_FIXTURE / OP5_CS
Distance,OP6_WIDTH_1,D1,4.156,4.000,0.156,-0.200,0.200,,OP6_PT1_OW_GAGE - OP6_PT1_IW_GAGE / OP6_CS
Distance,OP6_WIDTH_2,D1,4.014,4.000,0.014,-0.200,0.200,,OP6_PT2_OW_GAGE - OP6_PT2_IW_GAGE / OP6_CS
Distance,OP6_WIDTH_3,D1,3.829,4.000,-0.171,-0.200,0.200,,OP6_PT3_OW_GAGE - OP6_PT3_IW_GAGE / OP6_CS
Distance,OP6_WIDTH_4,D1,3.845,4.000,-0.155,-0.200,0.200,,OP6_PT4_OW_GAGE - OP6_PT4_IW_GAGE / OP6_CS
Distance,OP6_WIDTH_5,D1,4.038,4.000,0.038,-0.200,0.200,,OP6_PT5_OW_GAGE - OP6_PT5_IW_GAGE / OP6_CS
Distance,OP6_WIDTH_6,D1,4.216,4.000,0.216,-0.200,0.200,0.016,OP6_PT6_OW_GAGE - OP6_PT6_IW_GAGE / OP6_CS
Distance,OP6_WIDTH_7,D1,4.131,4.000,0.131,-0.200,0.200,,OP6_PT7_OW_GAGE - OP6_PT7_IW_GAGE / OP6_CS
Distance,OP6_WIDTH_8,D1,4.028,4.000,0.028,-0.200,0.200,,OP6_PT8_OW_GAGE - OP6_PT8_IW_GAGE / OP6_CS
Distance,OP6_WIDTH_9,D1,4.050,4.000,0.050,-0.200,0.200,,OP6_PT9_OW_GAGE - OP6_PT9_IW_GAGE / OP6_CS
Distance,OP6_WIDTH_10,D1,4.173,4.000,0.173,-0.200,0.200,,OP6_PT10_OW_GAGE - OP6_PT10_IW_GAGE / OP6_CS
Distance,OP6_DEPTH_1,D1,2.840,3.000,-0.160,-0.250,0.250,,OP6_PT1_DEPTH - PL_FIXTURE / OP6_CS
Distance,OP6_DEPTH_2,D1,2.888,3.000,-0.112,-0.250,0.250,,OP6_PT2_DEPTH - PL_FIXTURE / OP6_CS
Distance,OP6_DEPTH_3,D1,2.918,3.000,-0.082,-0.250,0.250,,OP6_PT3_DEPTH - PL_FIXTURE / OP6_CS
Distance,OP6_DEPTH_4,D1,2.888,3.000,-0.112,-0.250,0.250,,OP6_PT4_DEPTH - PL_FIXTURE / OP6_CS
Distance,OP6_DEPTH_5,D1,2.841,3.000,-0.159,-0.250,0.250,,OP6_PT5_DEPTH - PL_FIXTURE / OP6_CS
Distance,OP6_DEPTH_6,D1,2.805,3.000,-0.195,-0.250,0.250,,OP6_PT6_DEPTH - PL_FIXTURE / OP6_CS
Distance,OP6_DEPTH_7,D1,2.905,3.000,-0.095,-0.250,0.250,,OP6_PT7_DEPTH - PL_FIXTURE / OP6_CS
Distance,OP6_DEPTH_8,D1,2.851,3.000,-0.149,-0.250,0.250,,OP6_PT8_DEPTH - PL_FIXTURE / OP6_CS
Distance,OP6_DEPTH_9,D1,2.813,3.000,-0.187,-0.250,0.250,,OP6_PT9_DEPTH - PL_FIXTURE / OP6_CS
Distance,OP6_DEPTH_10,D1,2.817,3.000,-0.183,-0.250,0.250,,OP6_PT10_DEPTH - PL_FIXTURE / OP6_CS
Profile of Line,PROFILE_OP_1,PRFL,0.272,0.000,0.272,0.000,1.750,,SECT_OP1
Profile of Line,PROFILE_OP_2,PRFL,0.518,0.000,0.518,0.000,1.750,,SECT_OP2
Profile of Line,PROFILE_OP_3,PRFL,0.997,0.000,0.997,0.000,1.750,,SECT_OP3
Profile of Line,PROFILE_OP_4,PRFL,0.730,0.000,0.730,0.000,1.750,,SECT_OP4
Profile of Line,PROFILE_OP_5,PRFL,0.652,0.000,0.652,0.000,1.750,,SECT_OP5
Profile of Line,PROFILE_OP_6,PRFL,0.700,0.000,0.700,0.000,1.750,,SECT_OP6
Flatness,FLATNESS_D,FLTN,0.285,0.000,0.285,0.000,0.500,,PL_DATUM_D
Pos. Tol.,POS_2D_17,PTOL,0.177,0.000,0.177,0.000,0.500,,2D_CIR_17/NOMINAL - CS_DE_BF - C-Zone - XY - Nominal
Pos. Tol.,POS_2D_18,PTOL,0.229,0.000,0.229,0.000,0.500,,2D_CIR_18/NOMINAL - CS_DE_BF - C-Zone - XY - Nominal
Pos. Tol.,POS_2D_19,PTOL,0.133,0.000,0.133,0.000,0.500,,2D_CIR_19/NOMINAL - CS_DE_BF - C-Zone - XY - Nominal
Pos. Tol.,POS_2D_20,PTOL,0.072,0.000,0.072,0.000,0.500,,2D_CIR_20/NOMINAL - CS_DE_BF - C-Zone - XY - Nominal
Pos. Tol.,POS_17,PTOL,2.305,0.000,2.305,0.000,5.000,,CIR_17/NOMINAL - CS_ABC - C-Zone - XYZ - Nominal
Pos. Tol.,POS_18,PTOL,3.732,0.000,3.732,0.000,5.000,,CIR_18/NOMINAL - CS_ABC - C-Zone - XYZ - Nominal
Pos. Tol.,POS_19,PTOL,3.529,0.000,3.529,0.000,5.000,,CIR_19/NOMINAL - CS_ABC - C-Zone - XYZ - Nominal
Pos. Tol.,POS_20,PTOL,2.206,0.000,2.206,0.000,5.000,,CIR_20/NOMINAL - CS_ABC - C-Zone - XYZ - Nominal
Distance,H_17,Z,0.248,0.275,-0.027,-0.225,0.225,,CIR_17 - PL_PLAST_17 / CS_DE_BF
Distance,H_18,Z,0.287,0.275,0.012,-0.225,0.225,,CIR_18 - PL_PLAST_18 / CS_DE_BF
Distance,H_19,Z,0.289,0.275,0.014,-0.225,0.225,,CIR_19 - PL_PLAST_19 / CS_DE_BF
Distance,H_20,Z,0.274,0.275,-0.001,-0.225,0.225,,CIR_20 - PL_PLAST_20 / CS_DE_BF
Distance,WIDTH_TB.1,D1,2.970,3.000,-0.030,-0.200,0.200,,0W2.5_1.1 - IW2.5_1.1 / CS_DE_BF
Distance,WIDTH_TB.2,D1,3.014,3.000,0.014,-0.200,0.200,,0W2.5_1.2 - IW2.5_1.2 / CS_DE_BF
Distance,WIDTH_TB.3,D1,3.049,3.000,0.049,-0.200,0.200,,0W2.5_1.3 - IW2.5_1.3 / CS_DE_BF
Distance,WIDTH_TB.4,D1,2.970,3.000,-0.030,-0.200,0.200,,0W2.5_1.4 - IW2.5_1.4 / CS_DE_BF
Distance,WIDTH_TB.5,D1,2.954,3.000,-0.046,-0.200,0.200,,0W2.5_1.5 - IW2.5_1.5 / CS_DE_BF
Distance,WIDTH_TB.6,D1,3.068,3.000,0.068,-0.200,0.200,,0W2.5_1.6 - IW2.5_1.6 / CS_DE_BF
Distance,WIDTH_TB.7,D1,3.051,3.000,0.051,-0.200,0.200,,0W2.5_1.7 - IW2.5_1.7 / CS_DE_BF
Distance,WIDTH_TB.8,D1,2.934,3.000,-0.066,-0.200,0.200,,0W2.5_1.8 - IW2.5_1.8 / CS_DE_BF
Distance,DEPTH_TB.1,D1,4.905,4.750,0.155,-0.250,0.250,,TB_DP.1 - PL_DATUM_D / CS_DE_BF
Distance,DEPTH_TB.2,D1,4.820,4.750,0.070,-0.250,0.250,,TB_DP.2 - PL_DATUM_D / CS_DE_BF
Distance,DEPTH_TB.3,D1,4.854,4.750,0.104,-0.250,0.250,,TB_DP.3 - PL_DATUM_D / CS_DE_BF
Distance,DEPTH_TB.4,D1,4.981,4.750,0.231,-0.250,0.250,,TB_DP.4 - PL_DATUM_D / CS_DE_BF
Distance,DEPTH_TB.5,D1,4.964,4.750,0.214,-0.250,0.250,,TB_DP.5 - PL_DATUM_D / CS_DE_BF
Distance,DEPTH_TB.6,D1,4.712,4.750,-0.038,-0.250,0.250,,TB_DP.6 - PL_DATUM_D / CS_DE_BF
Distance,DEPTH_TB.7,D1,4.834,4.750,0.084,-0.250,0.250,,TB_DP.7 - PL_DATUM_D / CS_DE_BF
Distance,DEPTH_TB.8,D1,4.995,4.750,0.245,-0.250,0.250,,TB_DP.8 - PL_DATUM_D / CS_DE_BF
