Feat. Type,Feat. Name,Value,Actual,Nominal,Dev.,Tol-,Tol+,Out of Tol.,Comment
Text/Value,VAR_PROGRAM,VAL,,,,,,,'N:\Metrolog XG\Programmes\D-35\D-35 Moule 2 Complete with TMAP (Module 44).gm2'
Text/Value,VAR_EVENEMENT,VAL,,,,,,,'FIP 06754    1 HEURE'
Text/Value,VAR_COMMENTAIRES,VAL,,,,,,,'356 C'
Circle,CIR_DATUM_B,DIAM,7.990,8.000,-0.010,-0.100,0.100,,Criterion : Least Square (From 10 Pts On PL_FIXTURE) 
Circle,CIR_DATUM_B,X,0.000,0.000,0.000,,,,
Circle,CIR_DATUM_B,Z,0.000,0.000,0.000,,,,
Pos. Tol.,POS_B,PTOL,0.000,0.000,0.000,0.110,0.410,,CIR_DATUM_B(M)/NOMINAL - CS_ABC - C-Zone - XZ - Nominal
Distance,DIST_X_Z_DATUM_C,X,-4.465,-4.500,0.035,-0.150,0.150,,PNT_DATUM_C - ORIGIN / CS_ABC
Distance,DIST_X_Z_DATUM_C,Z,351.774,351.600,0.174,-0.400,0.400,,
Distance,WIDTH_C,D1,7.828,7.850,-0.022,-0.050,0.050,,SRF_C_RH - SRF_C_LH / CS_ABC
Circle,CIR1,DIAM,12.170,12.075,0.095,-0.175,0.175,,From 4 Pts On PL_FIXTURE
Circle,CIR1,X,-54.578,-54.500,-0.078,,,,
Circle,CIR1,Z,346.853,346.600,0.253,,,,
Pos. Tol.,POS_1,PTOL,0.530,0.000,0.530,0.270,1.270,,CIR1(M)/NOMINAL - CS_ABC - C-Zone - XZ - Nominal
Circle,CIR2,DIAM,12.100,12.075,0.025,-0.175,0.175,,From 4 Pts On PL_FIXTURE
Circle,CIR2,X,16.277,16.500,-0.223,,,,
Circle,CIR2,Z,351.759,351.600,0.159,,,,
Pos. Tol.,POS_2,PTOL,0.547,0.000,0.547,0.200,1.200,,CIR2(M)/NOMINAL - CS_ABC - C-Zone - XZ - Nominal
Circle,CIR4,DIAM,12.104,12.075,0.029,-0.175,0.175,,From 4 Pts On PL_FIXTURE
Circle,CIR4,X,16.217,16.500,-0.283,,,,
Circle,CIR4,Z,0.832,1.100,-0.268,,,,
Pos. Tol.,POS_4,PTOL,0.779,0.000,0.779,0.204,1.204,,CIR4(M)/NOMINAL - CS_ABC - C-Zone - XZ - Nominal
Circle,CIR5,DIAM,11.990,12.075,-0.085,-0.175,0.175,,From 4 Pts On PL_FIXTURE
Circle,CIR5,X,-54.144,-54.500,0.356,,,,
Circle,CIR5,Z,27.214,27.100,0.114,,,,
Pos. Tol.,POS_5,PTOL,0.748,0.000,0.748,0.090,1.090,,CIR5(M)/NOMINAL - CS_ABC - C-Zone - XZ - Nominal
Circle,CIR6,DIAM,12.191,12.075,0.116,-0.175,0.175,,From 4 Pts On PL_FIXTURE
Circle,CIR6,X,-54.219,-54.500,0.281,,,,
Circle,CIR6,Z,134.683,134.600,0.083,,,,
Pos. Tol.,POS_6,PTOL,0.586,0.000,0.586,0.291,1.291,,CIR6(M)/NOMINAL - CS_ABC - C-Zone - XZ - Nominal
Circle,CIR7,DIAM,12.140,12.075,0.065,-0.175,0.175,,From 4 Pts On PL_FIXTURE
Circle,CIR7,X,-54.146,-54.500,0.354,,,,
Circle,CIR7,Z,240.750,240.600,0.150,,,,
Pos. Tol.,POS_7,PTOL,0.769,0.000,0.769,0.240,1.240,,CIR7(M)/NOMINAL - CS_ABC - C-Zone - XZ - Nominal
Profile of Line,PROF_OP1,PRFL,0.725,0.000,0.725,0.000,1.500,,SCT_OP1
Profile of Line,PROF_OP2,PRFL,0.464,0.000,0.464,0.000,1.500,,SCT_OP2
Profile of Line,PROF_OP3,PRFL,0.723,0.000,0.723,0.000,1.500,,SCT_OP3
Profile of Line,PROF_OP4,PRFL,0.296,0.000,0.296,0.000,1.500,,SCT_OP4
Profile of Line,PROF_OP5,PRFL,0.347,0.000,0.347,0.000,1.500,,SCT_OP5
Profile of Line,PROF_OP6,PRFL,0.617,0.000,0.617,0.000,1.500,,SCT_OP6
Distance,WIDTH_OP1.1,D1,4.045,4.000,0.045,-0.200,0.200,,SRF_OP1_IW1 - SRF_OP1_OW1 / CS_ABC
Distance,WIDTH_OP1.2,D1,3.941,4.000,-0.059,-0.200,0.200,,SRF_OP1_IW2 - SRF_OP1_OW2 / CS_ABC
Distance,WIDTH_OP1.3,D1,4.048,4.000,0.048,-0.200,0.200,,SRF_OP1_IW3 - SRF_OP1_OW3 / CS_ABC
Distance,WIDTH_OP1.4,D1,4.117,4.000,0.117,-0.200,0.200,,SRF_OP1_IW4 - SRF_OP1_OW4 / CS_ABC
Distance,WIDTH_OP1.5,D1,3.991,4.000,-0.009,-0.200,0.200,,SRF_OP1_IW5 - SRF_OP1_OW5 / CS_ABC
Distance,WIDTH_OP1.6,D1,4.062,4.000,0.062,-0.200,0.200,,SRF_OP1_IW6 - SRF_OP1_OW6 / CS_ABC
Distance,WIDTH_OP1.7,D1,3.914,4.000,-0.086,-0.200,0.200,,SRF_OP1_IW7 - SRF_OP1_OW7 / CS_ABC
Distance,WIDTH_OP2.1,D1,3.981,4.000,-0.019,-0.200,0.200,,SRF_OP2_IW1 - SRF_OP2_OW1 / CS_ABC
Distance,WIDTH_OP2.2,D1,4.148,4.000,0.148,-0.200,0.200,,SRF_OP2_IW2 - SRF_OP2_OW2 / CS_ABC
Distance,WIDTH_OP2.3,D1,4.075,4.000,0.075,-0.200,0.200,,SRF_OP2_IW3 - SRF_OP2_OW3 / CS_ABC
Distance,WIDTH_OP2.4,D1,4.041,4.000,0.041,-0.200,0.200,,SRF_OP2_IW4 - SRF_OP2_OW4 / CS_ABC
Distance,WIDTH_OP2.5,D1,4.120,4.000,0.120,-0.200,0.200,,SRF_OP2_IW5 - SRF_OP2_OW5 / CS_ABC
Distance,WIDTH_OP2.6,D1,3.951,4.000,-0.049,-0.200,0.200,,SRF_OP2_IW6 - SRF_OP2_OW6 / CS_ABC
Distance,WIDTH_OP2.7,D1,4.048,4.000,0.048,-0.200,0.200,,SRF_OP2_IW7 - SRF_OP2_OW7 / CS_ABC
Distance,WIDTH_OP3.1,D1,3.972,4.000,-0.028,-0.200,0.200,,SRF_OP3_IW1 - SRF_OP3_OW1 / CS_ABC
Distance,WIDTH_OP3.2,D1,4.047,4.000,0.047,-0.200,0.200,,SRF_OP3_IW2 - SRF_OP3_OW2 / CS_ABC
Distance,WIDTH_OP3.3,D1,4.018,4.000,0.018,-0.200,0.200,,SRF_OP3_IW3 - SRF_OP3_OW3 / CS_ABC
Distance,WIDTH_OP3.4,D1,4.097,4.000,0.097,-0.200,0.200,,SRF_OP3_IW4 - SRF_OP3_OW4 / CS_ABC
Distance,WIDTH_OP4.1,D1,4.050,4.000,0.050,-0.200,0.200,,SRF_OP4_IW1 - SRF_OP4_OW1 / CS_ABC
Distance,WIDTH_OP4.2,D1,4.175,4.000,0.175,-0.200,0.200,,SRF_OP4_IW2 - SRF_OP4_OW2 / CS_ABC
Distance,WIDTH_OP4.3,D1,4.157,4.000,0.157,-0.200,0.200,,SRF_OP4_IW3 - SRF_OP4_OW3 / CS_ABC
Distance,WIDTH_OP4.4,D1,4.088,4.000,0.088,-0.200,0.200,,SRF_OP4_IW4 - SRF_OP4_OW4 / CS_ABC
Distance,WIDTH_OP4.5,D1,3.952,4.000,-0.048,-0.200,0.200,,SRF_OP4_IW5 - SRF_OP4_OW5 / CS_ABC
Distance,WIDTH_OP4.6,D1,4.060,4.000,0.060,-0.200,0.200,,SRF_OP4_IW6 - SRF_OP4_OW6 / CS_ABC
Distance,WIDTH_OP4.7,D1,3.976,4.000,-0.024,-0.200,0.200,,SRF_OP4_IW7 - SRF_OP4_OW7 / CS_ABC
Distance,WIDTH_OP5.1,D1,3.966,4.000,-0.034,-0.200,0.200,,SRF_OP5_IW1 - SRF_OP5_OW1 / CS_ABC
Distance,WIDTH_OP5.2,D1,3.945,4.000,-0.055,-0.200,0.200,,SRF_OP5_IW2 - SRF_OP5_OW2 / CS_ABC
Distance,WIDTH_OP5.3,D1,3.925,4.000,-0.075,-0.200,0.200,,SRF_OP5_IW3 - SRF_OP5_OW3 / CS_ABC
Distance,WIDTH_OP5.4,D1,4.107,4.000,0.107,-0.200,0.200,,SRF_OP5_IW4 - SRF_OP5_OW4 / CS_ABC
Distance,WIDTH_OP5.5,D1,4.071,4.000,0.071,-0.200,0.200,,SRF_OP5_IW5 - SRF_OP5_OW5 / CS_ABC
Distance,WIDTH_OP6.1,D1,3.968,4.000,-0.032,-0.200,0.200,,SRF_OP6_IW1 - SRF_OP6_OW1 / CS_ABC
Distance,WIDTH_OP6.2,D1,4.065,4.000,0.065,-0.200,0.200,,SRF_OP6_IW2 - SRF_OP6_OW2 / CS_ABC
Distance,WIDTH_OP6.3,D1,4.081,4.000,0.081,-0.200,0.200,,SRF_OP6_IW3 - SRF_OP6_OW3 / CS_ABC
Distance,WIDTH_OP6.4,D1,4.078,4.000,0.078,-0.200,0.200,,SRF_OP6_IW4 - SRF_OP6_OW4 / CS_ABC
Distance,WIDTH_OP6.5,D1,4.059,4.000,0.059,-0.200,0.200,,SRF_OP6_IW5 - SRF_OP6_OW5 / CS_ABC
Distance,WIDTH_OP6.6,D1,4.218,4.000,0.218,-0.200,0.200,0.018,SRF_OP6_IW6 - SRF_OP6_OW6 / CS_ABC
Distance,WIDTH_OP6.7,D1,4.160,4.000,0.160,-0.300,0.300,,SRF_OP6_IW7 - SRF_OP6_OW7 / CS_TEMP_CIR
Distance,DP_OP1.1,Y,6.057,6.000,0.057,-0.350,0.350,,SRF_OP1_DP1 - PL_FIXTURE / CS_PORTS_BF
Distance,DP_OP1.2,Y,6.023,6.000,0.023,-0.350,0.350,,SRF_OP1_DP2 - PL_FIXTURE / CS_PORTS_BF
Distance,DP_OP1.3,Y,6.060,6.000,0.060,-0.350,0.350,,SRF_OP1_DP3 - PL_FIXTURE / CS_PORTS_BF
Distance,DP_OP1.4,Y,6.062,6.000,0.062,-0.350,0.350,,SRF_OP1_DP4 - PL_FIXTURE / CS_PORTS_BF
Distance,DP_OP1.5,Y,6.167,6.000,0.167,-0.350,0.350,,SRF_OP1_DP5 - PL_FIXTURE / CS_PORTS_BF
Distance,DP_OP1.6,Y,6.128,6.000,0.128,-0.350,0.350,,SRF_OP1_DP6 - PL_FIXTURE / CS_PORTS_BF
Distance,DP_OP1.7,Y,6.103,6.000,0.103,-0.350,0.350,,SRF_OP1_DP7 - PL_FIXTURE / CS_PORTS_BF
Distance,DP_OP2.1,Y,6.185,6.000,0.185,-0.350,0.350,,SRF_OP2_DP1 - PL_FIXTURE / CS_PORTS_BF
Distance,DP_OP2.2,Y,6.047,6.000,0.047,-0.350,0.350,,SRF_OP2_DP2 - PL_FIXTURE / CS_PORTS_BF
Distance,DP_OP2.3,Y,6.013,6.000,0.013,-0.350,0.350,,SRF_OP2_DP3 - PL_FIXTURE / CS_PORTS_BF
Distance,DP_OP2.4,Y,6.067,6.000,0.067,-0.350,0.350,,SRF_OP2_DP4 - PL_FIXTURE / CS_PORTS_BF
Distance,DP_OP2.5,Y,6.008,6.000,0.008,-0.350,0.350,,SRF_OP2_DP5 - PL_FIXTURE / CS_PORTS_BF
Distance,DP_OP2.6,Y,6.043,6.000,0.043,-0.350,0.350,,SRF_OP2_DP6 - PL_FIXTURE / CS_PORTS_BF
Distance,DP_OP2.7,Y,6.311,6.000,0.311,-0.350,0.350,,SRF_OP2_DP7 - PL_FIXTURE / CS_PORTS_BF
Distance,DP_OP3.1,Y,6.072,6.000,0.072,-0.350,0.350,,SRF_OP3_DP1 - PL_FIXTURE / CS_PORTS_BF
Distance,DP_OP3.2,Y,6.095,6.000,0.095,-0.350,0.350,,SRF_OP3_DP2 - PL_FIXTURE / CS_PORTS_BF
Distance,DP_OP3.3,Y,6.078,6.000,0.078,-0.350,0.350,,SRF_OP3_DP3 - PL_FIXTURE / CS_PORTS_BF
Distance,DP_OP3.4,Y,6.060,6.000,0.060,-0.350,0.350,,SRF_OP3_DP4 - PL_FIXTURE / CS_PORTS_BF
Distance,DP_OP4.1,Y,6.172,6.000,0.172,-0.350,0.350,,SRF_OP4_DP1 - PL_FIXTURE / CS_PORTS_BF
Distance,DP_OP4.2,Y,6.152,6.000,0.152,-0.350,0.350,,SRF_OP4_DP2 - PL_FIXTURE / CS_PORTS_BF
Distance,DP_OP4.3,Y,6.137,6.000,0.137,-0.350,0.350,,SRF_OP4_DP3 - PL_FIXTURE / CS_PORTS_BF
Distance,DP_OP4.4,Y,6.097,6.000,0.097,-0.350,0.350,,SRF_OP4_DP4 - PL_FIXTURE / CS_PORTS_BF
Distance,DP_OP4.5,Y,5.949,6.000,-0.051,-0.350,0.350,,SRF_OP4_DP5 - PL_FIXTURE / CS_PORTS_BF
Distance,DP_OP4.6,Y,5.942,6.000,-0.058,-0.350,0.350,,SRF_OP4_DP6 - PL_FIXTURE / CS_PORTS_BF
Distance,DP_OP4.7,Y,6.068,6.000,0.068,-0.350,0.350,,SRF_OP4_DP7 - PL_FIXTURE / CS_PORTS_BF
Distance,DP_OP5.1,Y,6.042,6.000,0.042,-0.350,0.350,,SRF_OP5_DP1 - PL_FIXTURE / CS_PORTS_BF
Distance,DP_OP5.2,Y,6.107,6.000,0.107,-0.350,0.350,,SRF_OP5_DP2 - PL_FIXTURE / CS_PORTS_BF
Distance,DP_OP5.3,Y,5.986,6.000,-0.014,-0.350,0.350,,SRF_OP5_DP3 - PL_FIXTURE / CS_PORTS_BF
Distance,DP_OP5.4,Y,6.012,6.000,0.012,-0.350,0.350,,SRF_OP5_DP4 - PL_FIXTURE / CS_PORTS_BF
Distance,DP_OP5.5,Y,5.980,6.000,-0.020,-0.350,0.350,,SRF_OP5_DP5 - PL_FIXTURE / CS_PORTS_BF
Distance,DP_OP6.1,Y,6.063,6.000,0.063,-0.350,0.350,,SRF_OP6_DP1 - PL_FIXTURE / CS_PORTS_BF
Distance,DP_OP6.2,Y,6.066,6.000,0.066,-0.350,0.350,,SRF_OP6_DP2 - PL_FIXTURE / CS_PORTS_BF
Distance,DP_OP6.3,Y,6.079,6.000,0.079,-0.350,0.350,,SRF_OP6_DP3 - PL_FIXTURE / CS_PORTS_BF
Distance,DP_OP6.4,Y,6.042,6.000,0.042,-0.350,0.350,,SRF_OP6_DP4 - PL_FIXTURE / CS_PORTS_BF
Distance,DP_OP6.5,Y,6.060,6.000,0.060,-0.350,0.350,,SRF_OP6_DP5 - PL_FIXTURE / CS_PORTS_BF
Distance,DP_OP6.6,Y,6.014,6.000,0.014,-0.350,0.350,,SRF_OP6_DP6 - PL_FIXTURE / CS_PORTS_BF
Distance,DP_OP6.7,Y,6.004,6.000,0.004,-0.350,0.350,,SRF_OP6_DP7 - PL_FIXTURE / CS_PORTS_BF
Circle,CIR_8,DIAM,75.862,75.600,0.262,-0.500,0.500,,Criterion : Least Square (From 8 Pts On PL_D) 
Circle,CIR_8,X,123.123,122.900,0.223,,,,
Circle,CIR_8,Y,56.531,58.000,-1.469,,,,
Circle,CIR_8,Z,462.399,463.400,-1.001,,,,
Pos. Tol.,POS_8,PTOL,3.584,0.000,3.584,0.000,6.000,,CIR_8/NOMINAL - CS_ABC - C-Zone - XYZ - Nominal
Circle,CIR_18,X,125.314,125.206,0.108,,,,Criterion : Least Square (From 6 Pts On PL_INS_18) 
Circle,CIR_18,Y,88.724,90.408,-1.684,,,,
Circle,CIR_18,Z,502.490,503.440,-0.950,,,,
Pos. Tol.,POS_18,PTOL,3.873,0.000,3.873,0.000,6.000,,CIR_18/NOMINAL - CS_ABC - C-Zone - XYZ - Nominal
Circle,CIR_19,X,119.608,120.671,-1.064,,,,Criterion : Least Square (From 6 Pts On PL_INS_19) 
Circle,CIR_19,Y,23.738,25.567,-1.828,,,,
Circle,CIR_19,Z,502.024,503.440,-1.416,,,,
Pos. Tol.,POS_19,PTOL,5.090,0.000,5.090,0.000,6.000,,CIR_19/NOMINAL - CS_ABC - C-Zone - XYZ - Nominal
Circle,CIR_20,X,121.095,120.671,0.424,,,,Criterion : Least Square (From 6 Pts On PL_INS_20) 
Circle,CIR_20,Y,24.404,25.564,-1.160,,,,
Circle,CIR_20,Z,422.263,423.439,-1.176,,,,
Pos. Tol.,POS_20,PTOL,3.411,0.000,3.411,0.000,6.000,,CIR_20/NOMINAL - CS_ABC - C-Zone - XYZ - Nominal
Circle,CIR_21,X,126.546,125.206,1.340,,,,Criterion : Least Square (From 6 Pts On PL_INS_21) 
Circle,CIR_21,Y,89.322,90.408,-1.086,,,,
Circle,CIR_21,Z,422.685,423.440,-0.755,,,,
Pos. Tol.,POS_21,PTOL,3.766,0.000,3.766,0.000,6.000,,CIR_21/NOMINAL - CS_ABC - C-Zone - XYZ - Nominal
Circle,2D_CIR_18,Y,32.582,32.500,0.082,,,,
Circle,2D_CIR_18,Z,39.852,40.000,-0.148,,,,
Pos. Tol.,POS_2D_18,PTOL,0.338,0.000,0.338,0.000,0.600,,2D_CIR_18/NOMINAL - CS_DE_BF - C-Zone - YZ - Nominal
Circle,2D_CIR_19,Y,-32.655,-32.500,-0.155,,,,
Circle,2D_CIR_19,Z,39.932,40.000,-0.068,,,,
Pos. Tol.,POS_2D_19,PTOL,0.340,0.000,0.340,0.000,0.600,,2D_CIR_19/NOMINAL - CS_DE_BF - C-Zone - YZ - Nominal
Circle,2D_CIR_20,Y,-32.530,-32.500,-0.030,,,,
Circle,2D_CIR_20,Z,-39.846,-40.000,0.154,,,,
Pos. Tol.,POS_2D_20,PTOL,0.314,0.000,0.314,0.000,0.600,,2D_CIR_20/NOMINAL - CS_DE_BF - C-Zone - YZ - Nominal
Circle,2D_CIR_21,Y,32.618,32.500,0.118,,,,
Circle,2D_CIR_21,Z,-39.964,-40.000,0.036,,,,
Pos. Tol.,POS_2D_21,PTOL,0.246,0.000,0.246,0.000,0.600,,2D_CIR_21/NOMINAL - CS_DE_BF - C-Zone - YZ - Nominal
Distance,INSERT HEIGHT 18,X,0.106,0.000,0.106,0.000,0.500,,CIR_18 - PL_PLAST_18 / CS_DE_BF_RZ180
Distance,INSERT HEIGHT 19,X,0.206,-0.000,0.206,0.000,0.500,,CIR_19 - PL_PLAST_19 / CS_DE_BF_RZ180
Distance,INSERT HEIGHT 20,X,0.092,-0.000,0.092,0.000,0.500,,CIR_20 - PL_PLAST_20 / CS_DE_BF_RZ180
Distance,INSERT HEIGHT 21,X,0.216,0.000,0.216,0.000,0.500,,CIR_21 - PL_PLAST_21 / CS_DE_BF_RZ180
Distance,WIDTH_TB1,D1,3.042,3.000,0.042,-0.200,0.200,,P0W2.5_1.1 - PIW2.5_1.1 / CS_DE_BF
Distance,WIDTH_TB2,D1,2.917,3.000,-0.083,-0.200,0.200,,P0W2.5_1.2 - PIW2.5_1.2 / CS_DE_BF
Distance,WIDTH_TB3,D1,2.984,3.000,-0.016,-0.200,0.200,,P0W2.5_1.3 - PIW2.5_1.3 / CS_DE_BF
Distance,WIDTH_TB4,D1,3.062,3.000,0.062,-0.200,0.200,,P0W2.5_1.4 - PIW2.5_1.4 / CS_DE_BF
Distance,WIDTH_TB5,D1,3.143,3.000,0.143,-0.200,0.200,,P0W2.5_1.5 - PIW2.5_1.5 / CS_DE_BF
Distance,WIDTH_TB6,D1,3.054,3.000,0.054,-0.200,0.200,,P0W2.5_1.6 - PIW2.5_1.6 / CS_DE_BF
Distance,WIDTH_TB7,D1,3.216,3.000,0.216,-0.200,0.200,0.016,P0W2.5_1.7 - PIW2.5_1.7 / CS_DE_BF
Distance,WIDTH_TB8,D1,3.075,3.000,0.075,-0.200,0.200,,P0W2.5_1.8 - PIW2.5_1.8 / CS_DE_BF
Distance,DEPTH_TB1,X,5.078,5.000,0.078,-0.350,0.350,,TB_BOT_1.1 - PL_D / CS_DE_BF
Distance,DEPTH_TB2,X,5.131,5.000,0.131,-0.350,0.350,,TB_BOT_1.2 - PL_D / CS_DE_BF
Distance,DEPTH_TB3,X,5.096,5.000,0.096,-0.350,0.350,,TB_BOT_1.3 - PL_D / CS_DE_BF
Distance,DEPTH_TB4,X,4.958,5.000,-0.042,-0.350,0.350,,TB_BOT_1.4 - PL_D / CS_DE_BF
Distance,DEPTH_TB5,X,4.872,5.000,-0.128,-0.350,0.350,,TB_BOT_1.5 - PL_D / CS_DE_BF
Distance,DEPTH_TB6,X,4.986,5.000,-0.014,-0.350,0.350,,TB_BOT_1.6 - PL_D / CS_DE_BF
Distance,DEPTH_TB7,X,4.970,5.000,-0.030,-0.350,0.350,,TB_BOT_1.7 - PL_D / CS_DE_BF
Distance,DEPTH_TB8,X,4.991,5.000,-0.009,-0.350,0.350,,TB_BOT_1.8 - PL_D / CS_DE_BF
Flatness,FLAT_D,FLTN,0.146,0.000,0.146,0.000,1.000,,PL_D
Circle,CIR_9,DIAM,12.731,12.600,0.131,-0.100,0.100,0.031,Inters. PL_PLAST_9 - CYL_9.
Circle,CIR_9,X,179.609,178.800,0.809,,,,
Circle,CIR_9,Y,113.200,115.400,-2.200,,,,
Circle,CIR_9,Z,477.849,477.100,0.749,,,,
Pos. Tol.,POS_9,PTOL,4.922,0.000,4.922,0.000,6.000,,CIR_9/NOMINAL - CS_ABC - C-Zone - XYZ - Nominal
Circle,CIR_10,DIAM,16.453,16.325,0.128,-0.125,0.125,0.003,Inters. PL_PLAST_10 - CYL_10.
Circle,CIR_10,X,286.042,284.900,1.142,,,,
Circle,CIR_10,Y,69.751,71.100,-1.349,,,,
Circle,CIR_10,Z,296.513,296.200,0.313,,,,
Pos. Tol.,POS_10,PTOL,3.590,0.000,3.590,0.000,4.000,,CIR_10/NOMINAL - CS_ABC - C-Zone - XYZ - Nominal
Flatness,FLAT_F,FLTN,0.041,0.000,0.041,0.000,1.000,,PL_11_12
Circle,CIR_13_GAGE,DIAM,16.124,16.100,0.024,-0.100,0.100,,Criterion : Least Square (From 10 Pts On PL_13) 
Circle,CIR_13_GAGE,X,163.883,162.100,1.783,,,,
Circle,CIR_13_GAGE,Z,350.186,350.300,-0.114,,,,
Pos. Tol.,POS_13,PTOL,3.574,0.000,3.574,0.000,4.000,,CIR_13_GAGE/NOMINAL - CS_ABC - C-Zone - XZ - Nominal
Distance,PROF_13,Y,-19.721,-19.600,-0.122,-0.500,0.500,,2D_CIR_13 - PL_11_12 / CS_FG_BF
Circle,CIR_INSERT_11,X,164.322,162.100,2.222,,,,Criterion : Least Square (From 6 Pts On PL_INSERT_11) 
Circle,CIR_INSERT_11,Z,380.124,380.300,-0.176,,,,
Pos. Tol.,POS_11,PTOL,4.457,0.000,4.457,0.000,4.000,0.457,CIR_INSERT_11/NOMINAL - CS_ABC - C-Zone - XZ - Nominal
Distance,PROF_11,Y,88.662,89.100,-0.438,-1.500,1.500,,CIR_INSERT_11 - ORIGIN / CS_ABC
Circle,CIR_INSERT_12,X,164.118,162.100,2.018,,,,Criterion : Least Square (From 8 Pts On PL_INSERT_12) 
Circle,CIR_INSERT_12,Z,320.382,320.300,0.082,,,,
Pos. Tol.,POS_12,PTOL,4.039,0.000,4.039,0.000,4.000,0.039,CIR_INSERT_12/NOMINAL - CS_ABC - C-Zone - XZ - Nominal
Distance,PROF_12,Y,88.826,89.100,-0.274,-1.500,1.500,,CIR_INSERT_12 - ORIGIN / CS_ABC
Circle,2D_CIR_INSERT_11,X,0.195,0.000,0.195,,,,
Circle,2D_CIR_INSERT_11,Z,29.882,30.000,-0.118,,,,
Pos. Tol.,POS_2D_11,PTOL,0.456,0.000,0.456,0.000,0.700,,2D_CIR_INSERT_11/NOMINAL - CS_FG_BF - C-Zone - XZ - Nominal
Distance,INSERT HEIGHT 11,Y,0.237,0.000,0.237,0.000,0.500,,CIR_INSERT_11 - PL_PLAST_11 / CS_FG_BF
Circle,2D_CIR_INSERT_12,X,0.195,0.000,0.195,,,,
Circle,2D_CIR_INSERT_12,Z,-29.861,-30.000,0.139,,,,
Pos. Tol.,POS_2D_12,PTOL,0.479,0.000,0.479,0.000,0.700,,2D_CIR_INSERT_12/NOMINAL - CS_FG_BF - C-Zone - XZ - Nominal
Distance,INSERT HEIGHT 12,Y,0.116,-0.000,0.116,0.000,0.500,,CIR_INSERT_12 - PL_PLAST_12 / CS_FG_BF
Circle,CIR_14,DIAM,6.611,6.500,0.111,-0.100,0.100,0.011,Criterion : Least Square (From 6 Pts On PL_PLAST_14) 
Circle,CIR_14,X,82.178,80.500,1.678,,,,
Circle,CIR_14,Z,317.537,317.600,-0.063,,,,
Pos. Tol.,POS_14,PTOL,3.358,0.000,3.358,0.000,4.000,,CIR_14/NOMINAL - CS_ABC - C-Zone - XZ - Nominal
Distance,PROF_14,Y,98.390,99.800,-1.410,-2.000,2.000,,CIR_14 - ORIGIN / CS_ABC
Circle,CIR_15,DIAM,7.016,6.975,0.041,-0.225,0.225,,Criterion : Least Square (From 6 Pts On PL_PLAST_15) 
Circle,CIR_15,X,-57.077,-57.500,0.423,,,,
Circle,CIR_15,Z,52.259,51.600,0.659,,,,
Pos. Tol.,POS_15,PTOL,1.565,0.000,1.565,0.000,4.000,,CIR_15/NOMINAL - CS_ABC - C-Zone - XZ - Nominal
Distance,PROF_15,Y,38.982,40.200,-1.218,-2.000,2.000,,CIR_15 - ORIGIN / CS_ABC
Circle,CIR_16,DIAM,7.024,6.975,0.049,-0.225,0.225,,Criterion : Least Square (From 6 Pts On PL_PLAST_16) 
Circle,CIR_16,X,-56.062,-57.500,1.438,,,,
Circle,CIR_16,Z,263.980,263.600,0.380,,,,
Pos. Tol.,POS_16,PTOL,2.974,0.000,2.974,0.000,4.000,,CIR_16/NOMINAL - CS_ABC - C-Zone - XZ - Nominal
Distance,PROF_16,Y,40.035,40.200,-0.165,-2.000,2.000,,CIR_16 - ORIGIN / CS_ABC
Circle,CIR_17,DIAM,8.159,8.000,0.159,-0.200,0.200,,Criterion : Least Square (From 6 Pts On PL_PLAST_17) 
Circle,CIR_17,X,-14.424,-14.500,0.076,,,,
Circle,CIR_17,Z,351.839,351.600,0.239,,,,
Pos. Tol.,POS_17,PTOL,0.501,0.000,0.501,0.000,3.000,,CIR_17/NOMINAL - CS_ABC - C-Zone - XZ - Nominal
Distance,PROF_17,Y,35.880,35.900,-0.020,-0.500,0.500,,CIR_17 - ORIGIN / CS_ABC
Circle,CIR_23,X,-7.726,-8.500,0.774,,,,Criterion : Least Square (From 10 Pts On PL_PLAST_23) 
Circle,CIR_23,Z,96.990,96.800,0.190,,,,
Pos. Tol.,POS_23,PTOL,1.593,0.000,1.593,0.000,4.000,,CIR_23/NOMINAL - CS_ABC - C-Zone - XZ - Nominal
Distance,PROF_23,Y,72.334,73.200,-0.866,-2.000,2.000,,CIR_23 - ORIGIN / CS_ABC
Circle,CIR_24,X,-7.362,-8.500,1.138,,,,Criterion : Least Square (From 10 Pts On PL_PLAST_24) 
Circle,CIR_24,Z,202.977,202.800,0.177,,,,
Pos. Tol.,POS_24,PTOL,2.304,0.000,2.304,0.000,4.000,,CIR_24/NOMINAL - CS_ABC - C-Zone - XZ - Nominal
Distance,PROF_24,Y,73.078,73.200,-0.122,-2.000,2.000,,CIR_24 - ORIGIN / CS_ABC
Circle,CIR_25,DIAM,4.747,4.700,0.047,-0.100,0.100,,Criterion : Least Square (From 6 Pts On PL_PLAST_25) 
Circle,CIR_25,X,0.462,0.000,0.462,,,,
Circle,CIR_25,Z,1.119,0.000,1.119,,,,
Pos. Tol.,POS_25,PTOL,2.420,0.000,2.420,0.000,2.000,0.420,CIR_25/NOMINAL - CS_ABC - C-Zone - XZ - Nominal
Distance,PROF_25,Y,30.686,30.900,-0.214,-0.500,0.500,,CIR_25 - ORIGIN / CS_ABC
Circle,CIR_26,DIAM,6.643,6.500,0.143,-0.200,0.200,,Criterion : Least Square (From 8 Pts On PL_PLAST_26) 
Circle,CIR_26,X,82.331,80.500,1.831,,,,
Circle,CIR_26,Z,305.088,304.800,0.288,,,,
Pos. Tol.,POS_26,PTOL,3.707,0.000,3.707,0.000,4.000,,CIR_26/NOMINAL - CS_ABC - C-Zone - XZ - Nominal
Distance,PROF_26,Y,113.695,113.700,-0.005,-0.500,0.500,,CIR_26 - ORIGIN / CS_ABC
Circle,CIR_22,X,224.880,225.500,-0.620,,,,Criterion : Least Square (From 6 Pts On PL_INS_22) 
Circle,CIR_22,Y,-38.364,-35.900,-2.464,,,,
Circle,CIR_22,Z,387.753,388.000,-0.247,,,,
Pos. Tol.,POS_22,PTOL,5.105,0.000,5.105,0.000,6.000,,CIR_22/NOMINAL - CS_ABC - C-Zone - XYZ - Nominal
Distance,INSERT HEIGHT 22,X,0.430,0.000,0.430,0.000,0.500,,CIR_22 - PL_PLAST_22 / CS_22
Circle,CIR_29,DIAM,9.364,9.250,0.114,-0.100,0.100,0.014,Criterion : Least Square (From 8 Pts On PL_PLAST_29) 
Circle,CIR_29,X,134.737,134.100,0.637,,,,
Circle,CIR_29,Z,-10.546,-10.700,0.154,,,,
Pos. Tol.,POS_29,PTOL,1.310,0.000,1.310,0.000,4.000,,CIR_29/NOMINAL - CS_ABC - C-Zone - XZ - Nominal
Circle,CIR_30,DIAM,9.308,9.250,0.058,-0.100,0.100,,Criterion : Least Square (From 6 Pts On PL_PLAST_30) 
Circle,CIR_30,X,111.273,110.000,1.273,,,,
Circle,CIR_30,Z,312.996,313.200,-0.204,,,,
Pos. Tol.,POS_30,PTOL,2.579,0.000,2.579,0.000,4.000,,CIR_30/NOMINAL - CS_ABC - C-Zone - XZ - Nominal
Circle,CIR_31,DIAM,12.157,12.050,0.107,-0.100,0.100,0.007,Criterion : Least Square (From 12 Pts On PL_PLAST_31) 
Circle,CIR_31,X,241.017,240.842,0.174,,,,
Circle,CIR_31,Z,29.025,29.405,-0.380,,,,
Circle,CIR_34,DIAM,6.789,6.850,-0.061,-0.100,0.100,,Criterion : Least Square (From 6 Pts On PL_PLAST_34) 
Circle,CIR_34,X,235.951,235.961,-0.010,,,,
Circle,CIR_34,Y,61.063,61.702,-0.639,,,,
Circle,CIR_34,Z,-11.418,-11.244,-0.173,,,,
Circle,2D_CIR_32,DIAM,4.014,4.131,-0.116,-0.100,0.100,-0.016,
Circle,2D_CIR_32,X,-19.928,-20.000,0.072,,,,
Circle,2D_CIR_32,Z,0.000,0.000,0.000,,,,
Circle,2D_CIR_33,DIAM,4.014,4.131,-0.116,-0.100,0.100,-0.016,
Circle,2D_CIR_33,X,-19.888,-20.000,0.112,,,,
Circle,2D_CIR_33,Z,-0.000,0.000,0.000,,,,
Perpend.,PERP_TMAP,PERP,0.057,0.000,0.057,0.000,0.100,,CYL_31/PL_PLAST_31 - C-Zone - Cloud of Points 
