Feat. Type,Feat. Name,Value,Actual,Nominal,Dev.,Tol-,Tol+,Out of Tol.,Comment
Text/Value,VAR_PROGRAM,VAL,,,,,,,'N:\Metrolog XG\Programmes\Ford Transmission Pan 10R80\Ford Transmission Pan 10R80 Complete Cavit� 1 (Module_51).gm2'
Text/Value,VAR_EVENEMENT,VAL,,,,,,,'Dem Cav1'
Text/Value,VAR_COMMENTAIRES,VAL,,,,,,,'295 C'
Text/Value,PROFILE_A,VAL,0.152496,0.000000,0.152496,0.000000,0.250000,,
Circle,CIR_1,DIAM,7.105,7.100,0.005,-0.100,0.100,,Criterion : Least Square (From 4 Pts On PL_FIXTURE) 
Circle,CIR_1,X,0.000,0.000,0.000,,,,
Circle,CIR_1,Z,0.000,0.000,0.000,,,,
Circle,CIR_2,DIAM,7.110,7.100,0.010,-0.100,0.100,,Criterion : Least Square (From 4 Pts On PL_FIXTURE) 
Circle,CIR_2,X,-80.098,-80.100,0.002,,,,
Circle,CIR_2,Z,-2.878,-2.800,-0.078,,,,
Circle,CIR_3,DIAM,7.117,7.100,0.017,-0.100,0.100,,Criterion : Least Square (From 4 Pts On PL_FIXTURE) 
Circle,CIR_3,X,-170.073,-170.100,0.027,,,,
Circle,CIR_3,Z,-2.885,-2.800,-0.085,,,,
Circle,CIR_4,DIAM,8.041,8.000,0.041,-0.100,0.100,,Criterion : Least Square (From 4 Pts On PL_FIXTURE) 
Circle,CIR_4,X,-224.535,-224.500,-0.035,,,,
Circle,CIR_4,Z,-4.536,-4.600,0.064,,,,
Circle,CIR_5,DIAM,7.112,7.100,0.012,-0.100,0.100,,Criterion : Least Square (From 4 Pts On PL_FIXTURE) 
Circle,CIR_5,X,-249.491,-249.500,0.009,,,,
Circle,CIR_5,Z,-1.637,-1.600,-0.037,,,,
Circle,CIR_6,DIAM,7.107,7.100,0.007,-0.100,0.100,,Criterion : Least Square (From 4 Pts On PL_FIXTURE) 
Circle,CIR_6,X,-272.772,-272.700,-0.072,,,,
Circle,CIR_6,Z,78.037,78.100,-0.063,,,,
Circle,CIR_7,DIAM,7.106,7.100,0.006,-0.100,0.100,,Criterion : Least Square (From 4 Pts On PL_FIXTURE) 
Circle,CIR_7,X,-272.727,-272.700,-0.027,,,,
Circle,CIR_7,Z,157.024,157.100,-0.076,,,,
Circle,CIR_8,DIAM,7.109,7.100,0.009,-0.100,0.100,,Criterion : Least Square (From 4 Pts On PL_FIXTURE) 
Circle,CIR_8,X,-272.826,-272.700,-0.126,,,,
Circle,CIR_8,Z,236.003,236.100,-0.097,,,,
Circle,CIR_9,DIAM,7.109,7.100,0.009,-0.100,0.100,,Criterion : Least Square (From 4 Pts On PL_FIXTURE) 
Circle,CIR_9,X,-272.863,-272.679,-0.184,,,,
Circle,CIR_9,Z,314.984,315.140,-0.156,,,,
Circle,CIR_10,DIAM,7.098,7.100,-0.002,-0.100,0.100,,Criterion : Least Square (From 4 Pts On PL_FIXTURE) 
Circle,CIR_10,X,-272.786,-272.700,-0.086,,,,
Circle,CIR_10,Z,393.974,394.100,-0.126,,,,
Circle,CIR_11,DIAM,7.108,7.100,0.008,-0.100,0.100,,Criterion : Least Square (From 4 Pts On PL_FIXTURE) 
Circle,CIR_11,X,-254.503,-254.600,0.097,,,,
Circle,CIR_11,Z,463.423,463.600,-0.177,,,,
Circle,CIR_12,DIAM,7.108,7.100,0.008,-0.100,0.100,,Criterion : Least Square (From 4 Pts On PL_FIXTURE) 
Circle,CIR_12,X,-166.912,-166.900,-0.012,,,,
Circle,CIR_12,Z,474.564,474.600,-0.036,,,,
Circle,CIR_13,DIAM,7.109,7.100,0.009,-0.100,0.100,,Criterion : Least Square (From 4 Pts On PL_FIXTURE) 
Circle,CIR_13,X,-79.301,-79.300,-0.001,,,,
Circle,CIR_13,Z,474.585,474.600,-0.015,,,,
Circle,CIR_14,DIAM,8.037,8.000,0.037,-0.100,0.100,,Criterion : Least Square (From 4 Pts On PL_FIXTURE) 
Circle,CIR_14,X,-19.410,-19.500,0.090,,,,
Circle,CIR_14,Z,473.313,473.400,-0.087,,,,
Circle,CIR_15,DIAM,7.117,7.100,0.017,-0.100,0.100,,Criterion : Least Square (From 4 Pts On PL_FIXTURE) 
Circle,CIR_15,X,8.452,8.300,0.152,,,,
Circle,CIR_15,Z,470.452,470.600,-0.148,,,,
Circle,CIR_16,DIAM,7.103,7.100,0.003,-0.100,0.100,,Criterion : Least Square (From 4 Pts On PL_FIXTURE) 
Circle,CIR_16,X,17.552,17.300,0.252,,,,
Circle,CIR_16,Z,387.299,387.400,-0.101,,,,
Circle,CIR_17,DIAM,7.111,7.100,0.011,-0.100,0.100,,Criterion : Least Square (From 4 Pts On PL_FIXTURE) 
Circle,CIR_17,X,17.480,17.300,0.180,,,,
Circle,CIR_17,Z,304.109,304.200,-0.091,,,,
Circle,CIR_18,DIAM,7.105,7.100,0.005,-0.100,0.100,,Criterion : Least Square (From 4 Pts On PL_FIXTURE) 
Circle,CIR_18,X,17.569,17.300,0.269,,,,
Circle,CIR_18,Z,227.845,228.000,-0.155,,,,
Circle,CIR_19,DIAM,7.110,7.100,0.010,-0.100,0.100,,Criterion : Least Square (From 4 Pts On PL_FIXTURE) 
Circle,CIR_19,X,17.252,17.300,-0.048,,,,
Circle,CIR_19,Z,151.856,152.000,-0.144,,,,
Circle,CIR_20,DIAM,7.112,7.100,0.012,-0.100,0.100,,Criterion : Least Square (From 4 Pts On PL_FIXTURE) 
Circle,CIR_20,X,17.231,17.300,-0.069,,,,
Circle,CIR_20,Z,75.979,76.000,-0.021,,,,
Pos. Tol.,POS_1,PTOL,0.000,0.000,0.000,0.105,0.905,,CIR_1(M)/NOMINAL - CS_ABC - C-Zone - XZ - Nominal
Pos. Tol.,POS_2,PTOL,0.157,0.000,0.157,0.214,1.014,,CIR_2(M)/NOMINAL(M) - CS_ABC - C-Zone - XZ - Nominal
Pos. Tol.,POS_3,PTOL,0.179,0.000,0.179,0.221,1.021,,CIR_3(M)/NOMINAL(M) - CS_ABC - C-Zone - XZ - Nominal
Pos. Tol.,POS_4,PTOL,0.146,0.000,0.146,0.246,1.046,,CIR_4(M)/NOMINAL(M) - CS_ABC - C-Zone - XZ - Nominal
Pos. Tol.,POS_5,PTOL,0.076,0.000,0.076,0.217,1.017,,CIR_5(M)/NOMINAL(M) - CS_ABC - C-Zone - XZ - Nominal
Pos. Tol.,POS_6,PTOL,0.192,0.000,0.192,0.212,1.012,,CIR_6(M)/NOMINAL(M) - CS_ABC - C-Zone - XZ - Nominal
Pos. Tol.,POS_7,PTOL,0.161,0.000,0.161,0.210,1.010,,CIR_7(M)/NOMINAL(M) - CS_ABC - C-Zone - XZ - Nominal
Pos. Tol.,POS_8,PTOL,0.317,0.000,0.317,0.213,1.013,,CIR_8(M)/NOMINAL(M) - CS_ABC - C-Zone - XZ - Nominal
Pos. Tol.,POS_9,PTOL,0.483,0.000,0.483,0.213,1.013,,CIR_9(M)/NOMINAL(M) - CS_ABC - C-Zone - XZ - Nominal
Pos. Tol.,POS_10,PTOL,0.305,0.000,0.305,0.203,1.003,,CIR_10(M)/NOMINAL(M) - CS_ABC - C-Zone - XZ - Nominal
Pos. Tol.,POS_11,PTOL,0.403,0.000,0.403,0.213,1.013,,CIR_11(M)/NOMINAL(M) - CS_ABC - C-Zone - XZ - Nominal
Pos. Tol.,POS_12,PTOL,0.075,0.000,0.075,0.213,1.013,,CIR_12(M)/NOMINAL(M) - CS_ABC - C-Zone - XZ - Nominal
Pos. Tol.,POS_13,PTOL,0.029,0.000,0.029,0.214,1.014,,CIR_13(M)/NOMINAL(M) - CS_ABC - C-Zone - XZ - Nominal
Pos. Tol.,POS_14,PTOL,0.250,0.000,0.250,0.242,1.042,,CIR_14(M)/NOMINAL(M) - CS_ABC - C-Zone - XZ - Nominal
Pos. Tol.,POS_15,PTOL,0.425,0.000,0.425,0.221,1.021,,CIR_15(M)/NOMINAL(M) - CS_ABC - C-Zone - XZ - Nominal
Pos. Tol.,POS_16,PTOL,0.543,0.000,0.543,0.208,1.008,,CIR_16(M)/NOMINAL(M) - CS_ABC - C-Zone - XZ - Nominal
Pos. Tol.,POS_17,PTOL,0.403,0.000,0.403,0.216,1.016,,CIR_17(M)/NOMINAL(M) - CS_ABC - C-Zone - XZ - Nominal
Pos. Tol.,POS_18,PTOL,0.622,0.000,0.622,0.210,1.010,,CIR_18(M)/NOMINAL(M) - CS_ABC - C-Zone - XZ - Nominal
Pos. Tol.,POS_19,PTOL,0.303,0.000,0.303,0.214,1.014,,CIR_19(M)/NOMINAL(M) - CS_ABC - C-Zone - XZ - Nominal
Pos. Tol.,POS_20,PTOL,0.144,0.000,0.144,0.217,1.017,,CIR_20(M)/NOMINAL(M) - CS_ABC - C-Zone - XZ - Nominal
Perpend.,PERP_B,PERP,0.023,0.000,0.023,0.108,0.238,,CYL_B(M)/PL_FIXTURE - C-Zone - Cloud of Points 
Profile of Line,PROFILE_INSIDE_PAN_AT_GAGE,PRFL,2.549,0.000,2.549,0.000,3.000,,SECTION_INSIDE_2.5MM
Circle,CIR_21,DIAM,18.860,18.950,-0.090,-0.130,0.100,,Criterion : Least Square (From 20 Pts On PL_PLAST_TOP_21) 
Circle,CIR_21,X,-94.525,-94.500,-0.025,,,,
Circle,CIR_21,Z,123.339,123.400,-0.061,,,,
Circle,CIR_21_OD,DIAM,21.379,21.400,-0.021,-0.100,0.100,,Proj. CIR_21_OD / PL_DATUM_E.
Pos. Tol.,POS_21,PTOL,0.132,0.000,0.132,0.000,1.000,,CIR_21/NOMINAL - CS_ABC - C-Zone - XZ - Nominal
Coaxiality,CONCENTRICITY_21,COAX,0.066,0.000,0.066,0.000,0.300,,CIR_21_OD/CYL_D - C-Zone - Nominal
Distance,PROF_22.1,D1,10.521,10.300,0.221,-0.250,0.250,,SRF_21.1 - PL_DATUM_E / CS_SRF_BF
Distance,PROF_22.2,D1,10.347,10.300,0.047,-0.250,0.250,,SRF_21.2 - PL_DATUM_E / CS_SRF_BF
Distance,PROF_22.3,D1,10.349,10.300,0.049,-0.250,0.250,,SRF_21.3 - PL_DATUM_E / CS_SRF_BF
Distance,PROF_22.4,D1,10.443,10.300,0.143,-0.250,0.250,,SRF_21.4 - PL_DATUM_E / CS_SRF_BF
Distance,PROF_22.5,D1,10.305,10.300,0.005,-0.250,0.250,,SRF_21.5 - PL_DATUM_E / CS_SRF_BF
Distance,PROF_22.6,D1,10.280,10.300,-0.020,-0.250,0.250,,SRF_21.6 - PL_DATUM_E / CS_SRF_BF
Distance,PROF_22.7,D1,10.338,10.300,0.038,-0.250,0.250,,SRF_21.7 - PL_DATUM_E / CS_SRF_BF
Distance,PROF_22.8,D1,10.270,10.300,-0.030,-0.250,0.250,,SRF_21.8 - PL_DATUM_E / CS_SRF_BF
Distance,PROF_E.1,D1,177.533,178.558,-1.025,,,,SRF_E.1 - ORIGIN / CS_SRF_BF
Distance,PROF_E.1,Y,60.958,61.400,-0.442,-2.000,1.000,,
Distance,PROF_E.2,D1,179.413,180.424,-1.011,,,,SRF_E.2 - ORIGIN / CS_SRF_BF
Distance,PROF_E.2,Y,61.008,61.400,-0.392,-2.000,1.000,,
Distance,PROF_E.3,D1,181.133,182.116,-0.983,,,,SRF_E.3 - ORIGIN / CS_SRF_BF
Distance,PROF_E.3,Y,61.090,61.400,-0.310,-2.000,1.000,,
Distance,PROF_E.4,D1,155.008,156.154,-1.145,,,,SRF_E.4 - ORIGIN / CS_SRF_BF
Distance,PROF_E.4,Y,60.683,61.400,-0.717,-2.000,1.000,,
Distance,PROF_E.5,D1,153.112,154.303,-1.191,,,,SRF_E.5 - ORIGIN / CS_SRF_BF
Distance,PROF_E.5,Y,60.706,61.400,-0.694,-2.000,1.000,,
Distance,PROF_E.6,D1,151.465,152.659,-1.195,,,,SRF_E.6 - ORIGIN / CS_SRF_BF
Distance,PROF_E.6,Y,60.719,61.400,-0.681,-2.000,1.000,,
Distance,PROF_E.7,D1,168.942,170.175,-1.234,,,,SRF_E.7 - ORIGIN / CS_SRF_BF
Distance,PROF_E.7,Y,60.069,61.400,-1.331,-2.000,1.000,,
Distance,PROF_E.8,D1,169.304,170.585,-1.280,,,,SRF_E.8 - ORIGIN / CS_SRF_BF
Distance,PROF_E.8,Y,60.014,61.400,-1.386,-2.000,1.000,,
Distance,PROF_E.9,D1,169.698,170.474,-0.776,,,,SRF_E.9 - ORIGIN / CS_SRF_BF
Distance,PROF_E.9,Y,59.956,61.400,-1.444,-2.000,1.000,,
Section,SECTION_ZONE_1,MAX,1.306,0.000,1.306,-2.500,1.500,,15 Pts [0 < LT ; LT < 15 < UT ;  0 > UL]
Section,SECTION_ZONE_1,MIN,-0.406,0.000,-0.406,-2.500,1.500,,
Section,SECTION_ZONE_2,MAX,-0.920,0.000,-0.920,-3.000,1.000,,8 Pts [0 < LT ; LT < 8 < UT ;  0 > UL]
Section,SECTION_ZONE_2,MIN,-2.631,0.000,-2.631,-3.000,1.000,,
Section,SECTION_ZONE_3,MAX,-3.728,0.000,-3.728,-5.000,1.000,,1 Pts [0 < LT ; LT < 1 < UT ;  0 > UL]
Section,SECTION_ZONE_3,MIN,-3.728,0.000,-3.728,-5.000,1.000,,
Circle,CIR_22,DIAM,6.466,6.350,0.116,-0.100,0.100,0.016,Criterion : Least Square (From 6 Pts On PL_PLAST_22) 
Circle,CIR_22,Y,7.062,7.000,0.062,,,,
Circle,CIR_22,Z,429.529,429.300,0.229,,,,
Circle,CIR_23,DIAM,6.329,6.350,-0.021,-0.100,0.100,,Criterion : Least Square (From 6 Pts On PL_PLAST_23) 
Circle,CIR_23,Y,7.040,7.000,0.040,,,,
Circle,CIR_23,Z,354.726,354.400,0.326,,,,
Circle,CIR_24,DIAM,6.414,6.350,0.064,-0.100,0.100,,Criterion : Least Square (From 6 Pts On PL_PLAST_24) 
Circle,CIR_24,Y,6.869,7.000,-0.131,,,,
Circle,CIR_24,Z,196.824,196.600,0.224,,,,
Circle,CIR_25,DIAM,6.474,6.350,0.124,-0.100,0.100,0.024,Criterion : Least Square (From 6 Pts On PL_PLAST_25) 
Circle,CIR_25,Y,6.985,7.000,-0.015,,,,
Circle,CIR_25,Z,28.516,28.600,-0.084,,,,
Circle,CIR_26,DIAM,6.412,6.350,0.062,-0.100,0.100,,Criterion : Least Square (From 6 Pts On PL_PLAST_26) 
Circle,CIR_26,Y,7.026,7.000,0.026,,,,
Circle,CIR_26,Z,265.910,266.100,-0.190,,,,
Circle,CIR_27,DIAM,6.295,6.350,-0.055,-0.100,0.100,,Criterion : Least Square (From 6 Pts On PL_PLAST_27) 
Circle,CIR_27,Y,6.990,7.000,-0.010,,,,
Circle,CIR_27,Z,345.603,345.800,-0.197,,,,
Circle,CIR_28,DIAM,6.428,6.350,0.078,-0.100,0.100,,Criterion : Least Square (From 6 Pts On PL_PLAST_28) 
Circle,CIR_28,Y,6.992,7.000,-0.008,,,,
Circle,CIR_28,Z,428.998,429.000,-0.002,,,,
Pos. Tol.,POS_22,PTOL,0.474,0.000,0.474,0.000,1.000,,CIR_22/NOMINAL - CS_ABC - C-Zone - YZ - Nominal
Pos. Tol.,POS_23,PTOL,0.658,0.000,0.658,0.000,1.000,,CIR_23/NOMINAL - CS_ABC - C-Zone - YZ - Nominal
Pos. Tol.,POS_24,PTOL,0.519,0.000,0.519,0.000,1.000,,CIR_24/NOMINAL - CS_ABC - C-Zone - YZ - Nominal
Pos. Tol.,POS_25,PTOL,0.170,0.000,0.170,0.000,1.000,,CIR_25/NOMINAL - CS_ABC - C-Zone - YZ - Nominal
Pos. Tol.,POS_26,PTOL,0.384,0.000,0.384,0.000,1.000,,CIR_26/NOMINAL - CS_ABC - C-Zone - YZ - Nominal
Pos. Tol.,POS_27,PTOL,0.394,0.000,0.394,0.000,1.000,,CIR_27/NOMINAL - CS_ABC - C-Zone - YZ - Nominal
Pos. Tol.,POS_28,PTOL,0.016,0.000,0.016,0.000,1.000,,CIR_28/NOMINAL - CS_ABC - C-Zone - YZ - Nominal
