Feat. Type,Feat. Name,Value,Actual,Nominal,Dev.,Tol-,Tol+,Out of Tol.,Comment
Text/Value,VAR_PROGRAM,VAL,,,,,,,'N:\Metrolog XG\Programmes\GM HF FWD GEN II C1xx\GM HF FWD Gen II C1xx Complete (Module 64).gm2'
Text/Value,VAR_EVENEMENT,VAL,,,,,,,'D�marrage SMED nid 1'
Text/Value,VAR_COMMENTAIRES,VAL,,,,,,,'302B'
Text/Value,PROFILE_DATUM_A,VAL,0.547353,0.000000,0.547353,0.000000,1.000000,,
Text/Value,PROFILE_DATUM_B,VAL,0.407248,0.000000,0.407248,0.000000,1.000000,,
Distance,WIDTH_C,D1,8.879,9.000,-0.121,-0.150,0.150,,SRF_C_TOP - SRF_C_DOWN / CS_ABC_SURFACES_C
Pos. Tol.,POS_1,PTOL,0.201,0.000,0.201,0.000,2.000,,CIR1/NOMINAL - CS_ABC_SURFACES_C - C-Zone - XZ - Nominal
Pos. Tol.,POS_2,PTOL,0.241,0.000,0.241,0.000,2.000,,CIR2/NOMINAL - CS_ABC_SURFACES_C - C-Zone - XZ - Nominal
Pos. Tol.,POS_3,PTOL,0.476,0.000,0.476,0.000,2.000,,CIR3/NOMINAL - CS_ABC_SURFACES_C - C-Zone - XZ - Nominal
Pos. Tol.,POS_4,PTOL,0.072,0.000,0.072,0.000,2.000,,CIR4/NOMINAL - CS_ABC_SURFACES_C - C-Zone - XZ - Nominal
Pos. Tol.,POS_5,PTOL,0.260,0.000,0.260,0.000,2.000,,CIR5/NOMINAL - CS_ABC_SURFACES_C - C-Zone - XZ - Nominal
Pos. Tol.,POS_6,PTOL,1.175,0.000,1.175,0.000,2.000,,CIR6/NOMINAL - CS_ABC_SURFACES_C - C-Zone - XZ - Nominal
Pos. Tol.,POS_7,PTOL,2.199,0.000,2.199,0.000,2.000,0.199,CIR7/NOMINAL - CS_ABC_SURFACES_C - C-Zone - XZ - Nominal
Pos. Tol.,POS_8,PTOL,0.518,0.000,0.518,0.000,2.000,,CIR8/NOMINAL - CS_ABC_SURFACES_C - C-Zone - XZ - Nominal
Pos. Tol.,POS_9,PTOL,1.272,0.000,1.272,0.000,3.000,,CIR9/NOMINAL - CS_ABC_SURFACES_C - C-Zone - XZ - Nominal
Circle,CIR1,DIAM,14.987,15.000,-0.013,-0.100,0.100,,From 4 Pts On PL_PLAST_1
Circle,CIR1,X,-51.906,-52.000,0.094,,,,
Circle,CIR1,Y,84.367,85.260,-0.893,,,,
Circle,CIR1,Z,-112.536,-112.500,-0.036,,,,
Circle,CIR2,DIAM,15.103,15.100,0.003,-0.100,0.100,,From 4 Pts On PL_PLAST_2
Circle,CIR2,X,-51.905,-52.000,0.095,,,,
Circle,CIR2,Y,84.950,85.260,-0.310,,,,
Circle,CIR2,Z,-18.074,-18.000,-0.074,,,,
Circle,CIR3,DIAM,15.036,15.000,0.036,-0.100,0.100,,From 4 Pts On PL_PLAST_3
Circle,CIR3,X,-52.164,-52.000,-0.164,,,,
Circle,CIR3,Y,85.292,85.260,0.032,,,,
Circle,CIR3,Z,87.827,88.000,-0.173,,,,
Circle,CIR4,DIAM,15.057,15.000,0.057,-0.100,0.100,,From 4 Pts On PL_PLAST_4
Circle,CIR4,X,-52.022,-52.000,-0.022,,,,
Circle,CIR4,Y,85.485,85.260,0.225,,,,
Circle,CIR4,Z,193.971,194.000,-0.029,,,,
Circle,CIR5,DIAM,15.026,15.000,0.026,-0.100,0.100,,From 4 Pts On PL_PLAST_5
Circle,CIR5,X,51.917,52.000,-0.083,,,,
Circle,CIR5,Y,85.491,85.260,0.231,,,,
Circle,CIR5,Z,155.400,155.500,-0.100,,,,
Circle,CIR6,DIAM,14.856,15.000,-0.144,-0.100,0.100,-0.044,From 4 Pts On PL_PLAST_6
Circle,CIR6,X,51.944,52.000,-0.056,,,,
Circle,CIR6,Y,85.054,85.260,-0.206,,,,
Circle,CIR6,Z,61.585,61.000,0.585,,,,
Circle,CIR7,DIAM,15.018,14.900,0.118,-0.100,0.100,0.018,From 4 Pts On PL_PLAST_7
Circle,CIR7,X,52.190,52.000,0.190,,,,
Circle,CIR7,Y,84.791,85.260,-0.469,,,,
Circle,CIR7,Z,-43.917,-45.000,1.083,,,,
Circle,CIR8,DIAM,15.103,15.000,0.103,-0.100,0.100,0.003,From 4 Pts On PL_PLAST_8
Circle,CIR8,X,52.083,52.000,0.083,,,,
Circle,CIR8,Y,84.582,85.260,-0.678,,,,
Circle,CIR8,Z,-150.755,-151.000,0.245,,,,
Circle,CIR9,DIAM,13.117,12.860,0.257,-0.100,0.100,0.157,From 4 Pts On PL_PLAST_9
Circle,CIR9,X,284.359,284.990,-0.631,,,,
Circle,CIR9,Y,25.873,27.530,-1.657,,,,
Circle,CIR9,Z,159.581,159.500,0.081,,,,
Distance,PROFILE_1,Y,84.367,85.250,-0.883,-1.050,1.050,,CIR1 - ORIGIN / CS_ABC_SURFACES_C
Distance,PROFILE_2,Y,84.950,85.250,-0.300,-0.800,0.800,,CIR2 - ORIGIN / CS_ABC_SURFACES_C
Distance,PROFILE_3,Y,85.292,85.250,0.042,-0.350,0.350,,CIR3 - ORIGIN / CS_ABC_SURFACES_C
Distance,PROFILE_4,Y,85.485,85.250,0.235,-0.550,0.550,,CIR4 - ORIGIN / CS_ABC_SURFACES_C
Distance,PROFILE_5,Y,85.491,85.250,0.241,-0.400,0.400,,CIR5 - ORIGIN / CS_ABC_SURFACES_C
Distance,PROFILE_6,Y,85.054,85.250,-0.196,-0.450,0.450,,CIR6 - ORIGIN / CS_ABC_SURFACES_C
Distance,PROFILE_7,Y,84.791,85.250,-0.459,-0.850,0.850,,CIR7 - ORIGIN / CS_ABC_SURFACES_C
Distance,PROFILE_8,Y,84.582,85.250,-0.668,-0.900,0.900,,CIR8 - ORIGIN / CS_ABC_SURFACES_C
Profile of Line,PROFILE_VERTICAL_OP_1,PRFL,1.163,0.000,1.163,0.000,1.700,,SECTION_VERTICAL_OP_1
Profile of Line,PROFILE_VERTICAL_OP_2,PRFL,0.050,0.000,0.050,0.000,1.200,,SECTION_VERTICAL_OP_2
Profile of Line,PROFILE_VERTICAL_OP_3,PRFL,1.021,0.000,1.021,0.000,1.800,,SECTION_VERTICAL_OP_3
Profile of Line,PROFILE_VERTICAL_OP_4,PRFL,0.173,0.000,0.173,0.000,1.200,,SECTION_VERTICAL_OP_4
Profile of Line,PROFILE_VERTICAL_OP_5,PRFL,0.141,0.000,0.141,0.000,1.200,,SECTION_VERTICAL_OP_5
Profile of Line,PROFILE_VERTICAL_OP_6,PRFL,0.132,0.000,0.132,0.000,1.200,,SECTION_VERTICAL_OP_6
Profile of Line,PROFILE_HORIZONTAL_OP_1,PRFL,1.570,0.000,1.570,0.000,2.000,,SECTION_HORIZONTAL_OP_1
Profile of Line,PROFILE_HORIZONTAL_OP_2,PRFL,0.671,0.000,0.671,0.000,2.000,,SECTION_HORIZONTAL_OP_2
Profile of Line,PROFILE_HORIZONTAL_OP_3,PRFL,1.714,0.000,1.714,0.000,3.200,,SECTION_HORIZONTAL_OP_3
Profile of Line,PROFILE_HORIZONTAL_OP_4,PRFL,1.493,0.000,1.493,0.000,2.000,,SECTION_HORIZONTAL_OP_4
Profile of Line,PROFILE_HORIZONTAL_OP_5,PRFL,0.535,0.000,0.535,0.000,2.000,,SECTION_HORIZONTAL_OP_5
Profile of Line,PROFILE_HORIZONTAL_OP_6,PRFL,1.476,0.000,1.476,0.000,2.000,,SECTION_HORIZONTAL_OP_6
Distance,OP1_WIDTH_1,D1,3.873,3.900,-0.027,-0.150,0.150,,OP1_PT1_OW_GAGE - OP1_PT1_IW_GAGE / CS_BF_OP1
Distance,OP1_WIDTH_2,D1,3.989,3.900,0.089,-0.150,0.150,,OP1_PT2_OW_GAGE - OP1_PT2_IW_GAGE / CS_BF_OP1
Distance,OP1_WIDTH_3,D1,4.104,3.900,0.204,-0.150,0.150,0.054,OP1_PT3_OW_GAGE - OP1_PT3_IW_GAGE / CS_BF_OP1
Distance,OP1_WIDTH_4,D1,3.934,3.900,0.034,-0.150,0.150,,OP1_PT4_OW_GAGE - OP1_PT4_IW_GAGE / CS_BF_OP1
Distance,OP1_WIDTH_5,D1,3.935,3.900,0.035,-0.150,0.150,,OP1_PT5_OW_GAGE - OP1_PT5_IW_GAGE / CS_BF_OP1
Distance,OP1_WIDTH_6,D1,3.861,3.900,-0.039,-0.150,0.150,,OP1_PT6_OW_GAGE - OP1_PT6_IW_GAGE / CS_BF_OP1
Distance,OP1_WIDTH_7,D1,4.132,3.900,0.232,-0.150,0.150,0.082,OP1_PT7_OW_GAGE - OP1_PT7_IW_GAGE / CS_BF_OP1
Distance,OP1_WIDTH_8,D1,4.044,4.150,-0.106,-0.150,0.150,,OP1_PT8_OW_GAGE - OP1_PT8_IW_GAGE / CS_BF_OP1
Distance,OP1_DEPTH_1,D1,6.130,6.000,0.130,-0.250,0.500,,PL_FIXTURE_A - OP1_PT1_DEPTH / CS_BF_OP1
Distance,OP1_DEPTH_2,D1,6.126,6.000,0.126,-0.250,0.500,,PL_FIXTURE_A - OP1_PT2_DEPTH / CS_BF_OP1
Distance,OP1_DEPTH_3,D1,5.994,6.000,-0.006,-0.150,0.150,,PL_FIXTURE_A - OP1_PT3_DEPTH / CS_BF_OP1
Distance,OP1_DEPTH_4,D1,6.024,6.000,0.024,-0.150,0.150,,PL_FIXTURE_A - OP1_PT4_DEPTH / CS_BF_OP1
Distance,OP1_DEPTH_5,D1,6.096,6.000,0.096,-0.150,0.150,,PL_FIXTURE_A - OP1_PT5_DEPTH / CS_BF_OP1
Distance,OP1_DEPTH_6,D1,5.994,6.000,-0.006,-0.150,0.150,,PL_FIXTURE_A - OP1_PT6_DEPTH / CS_BF_OP1
Distance,OP1_DEPTH_7,D1,6.370,6.000,0.370,-0.150,0.300,0.070,PL_FIXTURE_A - OP1_PT8_DEPTH / CS_BF_OP1
Distance,OP1_DEPTH_8,D1,6.560,6.000,0.560,-0.000,0.670,,PL_FIXTURE_A - OP1_PT8_DEPTH / CS_BF_OP1
Distance,OP2_WIDTH_1,D1,3.890,3.900,-0.010,-0.150,0.150,,OP2_PT1_OW_GAGE - OP2_PT1_IW_GAGE / CS_BF_OP2
Distance,OP2_WIDTH_2,D1,4.049,4.150,-0.101,-0.150,0.150,,OP2_PT2_OW_GAGE - OP2_PT2_IW_GAGE / CS_BF_OP2
Distance,OP2_WIDTH_3,D1,4.065,3.900,0.165,-0.150,0.150,0.015,OP2_PT3_OW_GAGE - OP2_PT3_IW_GAGE / CS_BF_OP2
Distance,OP2_WIDTH_4,D1,3.927,3.900,0.027,-0.150,0.150,,OP2_PT4_OW_GAGE - OP2_PT4_IW_GAGE / CS_BF_OP2
Distance,OP2_WIDTH_5,D1,3.940,3.900,0.040,-0.150,0.150,,OP2_PT5_OW_GAGE - OP2_PT5_IW_GAGE / CS_BF_OP2
Distance,OP2_WIDTH_6,D1,3.937,3.900,0.037,-0.150,0.150,,OP2_PT6_OW_GAGE - OP2_PT6_IW_GAGE / CS_BF_OP2
Distance,OP2_WIDTH_7,D1,4.224,4.150,0.074,-0.150,0.150,,OP2_PT7_OW_GAGE - OP2_PT7_IW_GAGE / CS_BF_OP2
Distance,OP2_WIDTH_8,D1,3.968,3.900,0.068,-0.150,0.150,,OP2_PT8_OW_GAGE - OP2_PT8_IW_GAGE / CS_BF_OP2
Distance,OP2_DEPTH_1,D1,6.031,6.000,0.031,-0.150,0.150,,PL_FIXTURE_A - OP2_PT1_DEPTH / CS_BF_OP2
Distance,OP2_DEPTH_2,D1,6.159,6.000,0.159,-0.150,0.300,,PL_FIXTURE_A - OP2_PT2_DEPTH / CS_BF_OP2
Distance,OP2_DEPTH_3,D1,6.009,6.000,0.009,-0.150,0.150,,PL_FIXTURE_A - OP2_PT3_DEPTH / CS_BF_OP2
Distance,OP2_DEPTH_4,D1,5.997,6.000,-0.003,-0.150,0.150,,PL_FIXTURE_A - OP2_PT4_DEPTH / CS_BF_OP2
Distance,OP2_DEPTH_5,D1,6.159,6.000,0.159,-0.150,0.200,,PL_FIXTURE_A - OP2_PT2_DEPTH / CS_BF_OP2
Distance,OP2_DEPTH_6,D1,6.026,6.000,0.026,-0.150,0.150,,PL_FIXTURE_A - OP2_PT6_DEPTH / CS_BF_OP2
Distance,OP2_DEPTH_7,D1,5.942,6.000,-0.058,-0.150,0.150,,PL_FIXTURE_A - OP2_PT7_DEPTH / CS_BF_OP2
Distance,OP2_DEPTH_8,D1,6.046,6.000,0.046,-0.150,0.150,,PL_FIXTURE_A - OP2_PT8_DEPTH / CS_BF_OP2
Distance,OP3_WIDTH_1,D1,3.842,3.900,-0.058,-0.150,0.150,,OP3_PT1_OW_GAGE - OP3_PT1_IW_GAGE / CS_BF_OP3
Distance,OP3_WIDTH_2,D1,4.021,3.900,0.121,-0.150,0.150,,OP3_PT2_OW_GAGE - OP3_PT2_IW_GAGE / CS_BF_OP3
Distance,OP3_WIDTH_3,D1,4.123,3.900,0.223,-0.150,0.150,0.073,OP3_PT3_OW_GAGE - OP3_PT3_IW_GAGE / CS_BF_OP3
Distance,OP3_WIDTH_4,D1,3.829,3.900,-0.071,-0.150,0.150,,OP3_PT4_OW_GAGE - OP3_PT4_IW_GAGE / CS_BF_OP3
Distance,OP3_WIDTH_5,D1,3.788,3.900,-0.112,-0.150,0.150,,OP3_PT5_OW_GAGE - OP3_PT5_IW_GAGE / CS_BF_OP3
Distance,OP3_WIDTH_6,D1,3.830,3.900,-0.070,-0.150,0.150,,OP3_PT6_OW_GAGE - OP3_PT6_IW_GAGE / CS_BF_OP3
Distance,OP3_WIDTH_7,D1,4.173,4.150,0.023,-0.150,0.150,,OP3_PT7_OW_GAGE - OP3_PT7_IW_GAGE / CS_BF_OP3
Distance,OP3_WIDTH_8,D1,3.888,3.900,-0.012,-0.150,0.150,,OP3_PT8_OW_GAGE - OP3_PT8_IW_GAGE / CS_BF_OP3
Distance,OP3_DEPTH_1,D1,6.360,6.000,0.360,-0.200,0.300,0.060,PL_FIXTURE_A - OP3_PT2_DEPTH / CS_BF_OP3
Distance,OP3_DEPTH_2,D1,6.360,6.000,0.360,-0.000,0.500,,PL_FIXTURE_A - OP3_PT2_DEPTH / CS_BF_OP3
Distance,OP3_DEPTH_3,D1,6.102,6.000,0.102,-0.200,0.150,,PL_FIXTURE_A - OP3_PT8_DEPTH / CS_BF_OP3
Distance,OP3_DEPTH_4,D1,6.023,6.000,0.023,-0.150,0.150,,PL_FIXTURE_A - OP3_PT4_DEPTH / CS_BF_OP3
Distance,OP3_DEPTH_5,D1,6.100,6.000,0.100,-0.150,0.150,,PL_FIXTURE_A - OP3_PT5_DEPTH / CS_BF_OP3
Distance,OP3_DEPTH_6,D1,6.009,6.000,0.009,-0.150,0.150,,PL_FIXTURE_A - OP3_PT6_DEPTH / CS_BF_OP3
Distance,OP3_DEPTH_7,D1,6.102,6.000,0.102,-0.500,0.150,,PL_FIXTURE_A - OP3_PT8_DEPTH / CS_BF_OP3
Distance,OP3_DEPTH_8,D1,6.102,6.000,0.102,-0.150,0.300,,PL_FIXTURE_A - OP3_PT8_DEPTH / CS_BF_OP3
Distance,OP4_WIDTH_1,D1,3.738,3.900,-0.162,-0.150,0.150,-0.012,OP4_PT1_OW_GAGE - OP4_PT1_IW_GAGE / CS_BF_OP4
Distance,OP4_WIDTH_2,D1,3.963,3.900,0.063,-0.150,0.150,,OP4_PT2_OW_GAGE - OP4_PT2_IW_GAGE / CS_BF_OP4
Distance,OP4_WIDTH_3,D1,4.114,3.900,0.214,-0.150,0.150,0.064,OP4_PT3_OW_GAGE - OP4_PT3_IW_GAGE / CS_BF_OP4
Distance,OP4_WIDTH_4,D1,3.898,3.900,-0.002,-0.150,0.150,,OP4_PT4_OW_GAGE - OP4_PT4_IW_GAGE / CS_BF_OP4
Distance,OP4_WIDTH_5,D1,4.013,4.150,-0.137,-0.150,0.150,,OP4_PT5_OW_GAGE - OP4_PT5_IW_GAGE / CS_BF_OP4
Distance,OP4_WIDTH_6,D1,3.801,3.900,-0.099,-0.150,0.150,,OP4_PT6_OW_GAGE - OP4_PT6_IW_GAGE / CS_BF_OP4
Distance,OP4_WIDTH_7,D1,4.176,3.900,0.276,-0.150,0.150,0.126,OP4_PT7_OW_GAGE - OP4_PT7_IW_GAGE / CS_BF_OP4
Distance,OP4_WIDTH_8,D1,3.927,3.900,0.027,-0.150,0.150,,OP4_PT8_OW_GAGE - OP4_PT8_IW_GAGE / CS_BF_OP4
Distance,OP4_DEPTH_1,D1,5.846,6.000,-0.154,-0.300,0.150,,PL_FIXTURE_B - OP4_PT1_DEPTH / CS_BF_OP4
Distance,OP4_DEPTH_2,D1,5.981,6.000,-0.019,-0.150,0.150,,PL_FIXTURE_B - OP4_PT2_DEPTH / CS_BF_OP4
Distance,OP4_DEPTH_3,D1,6.048,6.000,0.048,-0.150,0.150,,PL_FIXTURE_B - OP4_PT3_DEPTH / CS_BF_OP4
Distance,OP4_DEPTH_4,D1,5.986,6.000,-0.014,-0.150,0.150,,PL_FIXTURE_B - OP4_PT4_DEPTH / CS_BF_OP4
Distance,OP4_DEPTH_5,D1,6.053,6.000,0.053,-0.150,0.150,,PL_FIXTURE_B - OP4_PT5_DEPTH / CS_BF_OP4
Distance,OP4_DEPTH_6,D1,6.029,6.000,0.029,-0.150,0.150,,PL_FIXTURE_B - OP4_PT6_DEPTH / CS_BF_OP4
Distance,OP4_DEPTH_7,D1,5.976,6.000,-0.024,-0.150,0.150,,PL_FIXTURE_B - OP4_PT7_DEPTH / CS_BF_OP4
Distance,OP4_DEPTH_8,D1,5.897,6.000,-0.103,-0.250,0.150,,PL_FIXTURE_B - OP4_PT8_DEPTH / CS_BF_OP4
Distance,OP5_WIDTH_1,D1,3.798,3.900,-0.102,-0.150,0.150,,OP5_PT1_OW_GAGE - OP5_PT1_IW_GAGE / CS_BF_OP5
Distance,OP5_WIDTH_2,D1,4.122,4.150,-0.028,-0.400,0.500,,OP5_PT3_OW_GAGE - OP5_PT3_IW_GAGE / CS_BF_OP5
Distance,OP5_WIDTH_3,D1,4.122,4.150,-0.028,-0.400,0.400,,OP5_PT3_OW_GAGE - OP5_PT3_IW_GAGE / CS_BF_OP5
Distance,OP5_WIDTH_4,D1,3.857,3.900,-0.043,-0.150,0.150,,OP5_PT4_OW_GAGE - OP5_PT4_IW_GAGE / CS_BF_OP5
Distance,OP5_WIDTH_5,D1,3.982,4.150,-0.168,-0.150,0.150,-0.018,OP5_PT5_OW_GAGE - OP5_PT5_IW_GAGE / CS_BF_OP5
Distance,OP5_WIDTH_6,D1,3.951,3.900,0.051,-0.150,0.150,,OP5_PT6_OW_GAGE - OP5_PT6_IW_GAGE / CS_BF_OP5
Distance,OP5_WIDTH_7,D1,4.200,4.150,0.050,-0.150,0.150,,OP5_PT7_OW_GAGE - OP5_PT7_IW_GAGE / CS_BF_OP5
Distance,OP5_WIDTH_8,D1,4.200,4.150,0.050,-0.400,0.400,,OP5_PT7_OW_GAGE - OP5_PT7_IW_GAGE / CS_BF_OP5
Distance,OP5_DEPTH_1,D1,5.886,6.000,-0.114,-0.400,0.400,,PL_FIXTURE_B - OP5_PT1_DEPTH / CS_BF_OP5
Distance,OP5_DEPTH_2,D1,5.886,6.000,-0.114,-0.400,0.500,,PL_FIXTURE_B - OP5_PT1_DEPTH / CS_BF_OP5
Distance,OP5_DEPTH_3,D1,5.886,6.000,-0.114,-0.400,0.400,,PL_FIXTURE_B - OP5_PT1_DEPTH / CS_BF_OP5
Distance,OP5_DEPTH_4,D1,5.975,6.000,-0.025,-0.150,0.150,,PL_FIXTURE_B - OP5_PT4_DEPTH / CS_BF_OP5
Distance,OP5_DEPTH_5,D1,6.040,6.000,0.040,-0.150,0.150,,PL_FIXTURE_B - OP5_PT5_DEPTH / CS_BF_OP5
Distance,OP5_DEPTH_6,D1,6.045,6.000,0.045,-0.150,0.150,,PL_FIXTURE_B - OP5_PT6_DEPTH / CS_BF_OP5
Distance,OP5_DEPTH_7,D1,5.939,6.000,-0.061,-0.150,0.150,,PL_FIXTURE_B - OP5_PT7_DEPTH / CS_BF_OP5
Distance,OP5_DEPTH_8,D1,5.886,6.000,-0.114,-0.400,0.400,,PL_FIXTURE_B - OP5_PT1_DEPTH / CS_BF_OP5
Distance,OP6_WIDTH_1,D1,3.701,3.900,-0.199,-0.150,0.150,-0.049,OP6_PT1_OW_GAGE - OP6_PT1_IW_GAGE / CS_BF_OP6
Distance,OP6_WIDTH_2,D1,3.898,3.900,-0.002,-0.150,0.150,,OP6_PT2_OW_GAGE - OP6_PT2_IW_GAGE / CS_BF_OP6
Distance,OP6_WIDTH_3,D1,4.190,4.150,0.040,-0.150,0.150,,OP6_PT7_OW_GAGE - OP6_PT7_IW_GAGE / CS_BF_OP6
Distance,OP6_WIDTH_4,D1,3.854,3.900,-0.046,-0.150,0.150,,OP6_PT4_OW_GAGE - OP6_PT4_IW_GAGE / CS_BF_OP6
Distance,OP6_WIDTH_5,D1,4.190,4.150,0.040,-0.150,0.150,,OP6_PT7_OW_GAGE - OP6_PT7_IW_GAGE / CS_BF_OP6
Distance,OP6_WIDTH_6,D1,3.969,3.900,0.069,-0.150,0.150,,OP6_PT6_OW_GAGE - OP6_PT6_IW_GAGE / CS_BF_OP6
Distance,OP6_WIDTH_7,D1,4.190,4.100,0.090,-0.150,0.150,,OP6_PT7_OW_GAGE - OP6_PT7_IW_GAGE / CS_BF_OP6
Distance,OP6_WIDTH_8,D1,3.897,3.900,-0.003,-0.150,0.150,,OP6_PT8_OW_GAGE - OP6_PT8_IW_GAGE / CS_BF_OP6
Distance,OP6_DEPTH_1,D1,5.930,6.000,-0.070,-0.400,0.400,,PL_FIXTURE_B - OP6_PT1_DEPTH / CS_BF_OP6
Distance,OP6_DEPTH_2,D1,5.923,6.000,-0.077,-0.400,0.400,,PL_FIXTURE_B - OP6_PT2_DEPTH / CS_BF_OP6
Distance,OP6_DEPTH_3,D1,5.923,6.000,-0.077,-0.400,0.400,,PL_FIXTURE_B - OP6_PT2_DEPTH / CS_BF_OP6
Distance,OP6_DEPTH_4,D1,6.003,6.000,0.003,-0.150,0.150,,PL_FIXTURE_B - OP6_PT4_DEPTH / CS_BF_OP6
Distance,OP6_DEPTH_5,D1,6.038,6.000,0.038,-0.150,0.150,,PL_FIXTURE_B - OP6_PT5_DEPTH / CS_BF_OP6
Distance,OP6_DEPTH_6,D1,6.079,6.000,0.079,-0.150,0.150,,PL_FIXTURE_B - OP6_PT6_DEPTH / CS_BF_OP6
Distance,OP6_DEPTH_7,D1,5.923,6.000,-0.077,-0.400,0.400,,PL_FIXTURE_B - OP6_PT2_DEPTH / CS_BF_OP6
Distance,OP6_DEPTH_8,D1,5.923,6.000,-0.077,-0.400,0.400,,PL_FIXTURE_B - OP6_PT2_DEPTH / CS_BF_OP6
Circle,CIR_A,DIAM,73.810,73.500,0.310,-0.500,0.500,,Criterion : Least Square (From 16 Pts On PL_PLAST_A) 
Circle,CIR_A,X,242.584,242.799,-0.215,,,,
Circle,CIR_A,Y,136.834,136.926,-0.093,,,,
Circle,CIR_A,Z,156.521,155.357,1.164,,,,
Circle,CIR_INS_11,X,289.682,290.064,-0.383,,,,Criterion : Least Square (From 8 Pts On PL_INS_11) 
Circle,CIR_INS_11,Y,161.845,162.379,-0.535,,,,
Circle,CIR_INS_11,Z,150.880,149.158,1.721,,,,
Circle,CIR_INS_12,X,278.421,279.125,-0.704,,,,Criterion : Least Square (From 8 Pts On PL_INS_12) 
Circle,CIR_INS_12,Y,102.419,102.451,-0.032,,,,
Circle,CIR_INS_12,Z,167.074,165.216,1.858,,,,
Circle,CIR_INS_13,X,196.348,196.401,-0.053,,,,Criterion : Least Square (From 8 Pts On PL_INS_13) 
Circle,CIR_INS_13,Y,116.629,116.540,0.089,,,,
Circle,CIR_INS_13,Z,162.238,161.441,0.797,,,,
Circle,CIR_INS_14,X,207.383,207.341,0.042,,,,Criterion : Least Square (From 8 Pts On PL_INS_14) 
Circle,CIR_INS_14,Y,176.527,176.469,0.058,,,,
Circle,CIR_INS_14,Z,146.420,145.383,1.037,,,,
Circle,2D_CIR_INS_11,X,41.782,42.000,-0.218,,,,
Circle,2D_CIR_INS_11,Y,33.749,34.000,-0.251,,,,
Circle,2D_CIR_INS_12,X,41.794,42.000,-0.206,,,,
Circle,2D_CIR_INS_12,Y,-28.864,-29.000,0.136,,,,
Circle,2D_CIR_INS_13,X,-41.640,-42.000,0.360,,,,
Circle,2D_CIR_INS_13,Y,-28.905,-29.000,0.095,,,,
Circle,2D_CIR_INS_14,X,-41.935,-42.000,0.065,,,,
Circle,2D_CIR_INS_14,Y,34.021,34.000,0.021,,,,
Pos. Tol.,POS_11,PTOL,3.685,0.000,3.685,0.000,4.500,,CIR_INS_11/NOMINAL - CS_ABC_SURFACES_C - C-Zone - XYZ - Nominal
Pos. Tol.,POS_12,PTOL,3.975,0.000,3.975,0.000,4.500,,CIR_INS_12/NOMINAL - CS_ABC_SURFACES_C - C-Zone - XYZ - Nominal
Pos. Tol.,POS_13,PTOL,1.607,0.000,1.607,0.000,3.000,,CIR_INS_13/NOMINAL - CS_ABC_SURFACES_C - C-Zone - XYZ - Nominal
Pos. Tol.,POS_2D_11,PTOL,0.665,0.000,0.665,0.000,1.000,,2D_CIR_INS_11/NOMINAL - CS_D_BF - C-Zone - XY - Nominal
Pos. Tol.,POS_2D_12,PTOL,0.494,0.000,0.494,0.000,1.000,,2D_CIR_INS_12/NOMINAL - CS_D_BF - C-Zone - XY - Nominal
Pos. Tol.,POS_2D_13,PTOL,0.744,0.000,0.744,0.000,1.000,,2D_CIR_INS_13/NOMINAL - CS_D_BF - C-Zone - XY - Nominal
Pos. Tol.,POS_2D_14,PTOL,0.136,0.000,0.136,0.000,0.500,,2D_CIR_INS_14/NOMINAL - CS_D_BF - C-Zone - XY - Nominal
Perpend.,PERP_11,PERP,0.284,0.000,0.284,0.000,0.400,,CYL_11/PL_INS_11 - C-Zone - Nominal
Perpend.,PERP_12,PERP,0.359,0.000,0.359,0.000,0.400,,CYL_12/PL_INS_12 - C-Zone - Nominal
Perpend.,PERP_13,PERP,0.989,0.000,0.989,0.000,0.400,0.589,CYL_13/PL_INS_13 - C-Zone - Nominal
Perpend.,PERP_14,PERP,0.064,0.000,0.064,0.000,0.400,,CYL_14/PL_INS_14 - C-Zone - Nominal
Flatness,FLATNESS_DATUM_D,FLTN,0.255,0.000,0.255,0.000,0.300,,PL_PLAST_D_TB
Distance,H_11,Z,0.240,-0.000,0.240,0.000,0.400,,CIR_INS_11 - PL_PLAST_INS_11 / CS_D_BF
Distance,H_12,Z,0.150,-0.000,0.150,0.000,0.400,,CIR_INS_12 - PL_PLAST_INS_12 / CS_D_BF
Distance,H_13,Z,0.190,-0.000,0.191,0.000,0.400,,CIR_INS_13 - PL_PLAST_INS_13 / CS_D_BF
Distance,H_14,Z,0.324,-0.000,0.324,0.000,0.400,,CIR_INS_14 - PL_PLAST_INS_14 / CS_D_BF
Profile of Line,PROFILE_SURFACE_D,PRFL,3.214,0.000,3.214,0.000,3.000,0.214,SECTION_D
Distance,PROF_INS_11_D,D1,0.776,0.650,0.126,-0.150,0.150,,CIR_INS_11 - PL_PLAST_D_TB / CS_D_BF
Distance,PROF_INS_12_D,D1,0.777,1.000,-0.223,-0.150,0.150,-0.073,CIR_INS_12 - PL_PLAST_D_TB / CS_D_BF
Distance,PROF_INS_13_D,D1,0.626,0.650,-0.024,-0.150,0.150,,CIR_INS_13 - PL_PLAST_D_TB / CS_D_BF
Distance,PROF_INS_14_D,D1,1.115,1.000,0.115,-0.150,0.150,,CIR_INS_14 - PL_PLAST_D_TB / CS_D_BF
Distance,WIDTH_TBA_1,D1,3.030,3.250,-0.220,-0.150,0.150,-0.070,0W2.5_1.1 - IW2.5_1.1 / CS_D_BF
Distance,WIDTH_TBA_2,D1,3.132,3.250,-0.118,-0.150,0.150,,0W2.5_1.2 - IW2.5_1.2 / CS_D_BF
Distance,WIDTH_TBA_3,D1,3.504,3.250,0.254,-0.150,0.150,0.104,0W2.5_1.3 - IW2.5_1.3 / CS_D_BF
Distance,WIDTH_TBA_4,D1,3.108,3.250,-0.142,-0.150,0.150,,0W2.5_1.4 - IW2.5_1.4 / CS_D_BF
Distance,WIDTH_TBA_5,D1,2.974,3.250,-0.276,-0.150,0.150,-0.126,0W2.5_1.5 - IW2.5_1.5 / CS_D_BF
Distance,WIDTH_TBA_6,D1,3.200,3.250,-0.050,-0.150,0.150,,0W2.5_1.6 - IW2.5_1.6 / CS_D_BF
Distance,WIDTH_TBA_7,D1,3.475,3.250,0.225,-0.150,0.150,0.075,0W2.5_1.7 - IW2.5_1.7 / CS_D_BF
Distance,WIDTH_TBA_8,D1,3.142,3.250,-0.108,-0.150,0.150,,0W2.5_1.8 - IW2.5_1.8 / CS_D_BF
Distance,DEPTH_TBA_1,D1,5.388,5.150,0.238,-0.300,0.300,,TB_BOT_1.1 - PL_D / CS_D_BF
Distance,DEPTH_TBA_2,D1,5.250,5.150,0.100,-0.300,0.300,,TB_BOT_1.2 - PL_D / CS_D_BF
Distance,DEPTH_TBA_3,D1,5.075,5.150,-0.075,-0.300,0.300,,TB_BOT_1.3 - PL_D / CS_D_BF
Distance,DEPTH_TBA_4,D1,5.273,5.150,0.123,-0.300,0.300,,TB_BOT_1.4 - PL_D / CS_D_BF
Distance,DEPTH_TBA_5,D1,5.426,5.550,-0.124,-0.300,0.300,,TB_BOT_1.5 - PL_D / CS_D_BF
Distance,DEPTH_TBA_6,D1,5.343,5.150,0.193,-0.300,0.300,,TB_BOT_1.6 - PL_D / CS_D_BF
Distance,DEPTH_TBA_7,D1,5.502,5.150,0.352,-0.300,0.300,0.052,TB_BOT_1.7 - PL_D / CS_D_BF
Distance,DEPTH_TBA_8,D1,5.523,5.550,-0.027,-0.300,0.300,,TB_BOT_1.8 - PL_D / CS_D_BF
Circle,CIR_10,DIAM,4.901,4.950,-0.049,-0.100,0.100,,Criterion : Least Square (From 6 Pts On PL_PLAST_10) 
Circle,CIR_10,X,11.875,12.000,-0.125,,,,
Circle,CIR_10,Y,179.352,178.230,1.122,,,,
Circle,CIR_10,Z,119.016,119.500,-0.484,,,,
Circle,CIR_21,DIAM,4.720,4.820,-0.100,-0.100,0.100,-0.000,Criterion : Least Square (From 6 Pts On PL_PLAST_21) 
Circle,CIR_21,X,12.357,11.854,0.503,,,,
Circle,CIR_21,Y,178.572,178.230,0.342,,,,
Circle,CIR_21,Z,-93.216,-92.440,-0.776,,,,
Circle,CIR_24,DIAM,4.777,4.820,-0.043,-0.100,0.100,,Criterion : Least Square (From 6 Pts On PL_PLAST_24) 
Circle,CIR_24,X,221.260,220.847,0.413,,,,
Circle,CIR_24,Y,202.611,203.230,-0.619,,,,
Circle,CIR_24,Z,-7.509,-7.568,0.059,,,,
Pos. Tol.,POS_10,PTOL,0.999,0.000,0.999,0.000,3.000,,CIR_10/NOMINAL - CS_ABC_SURFACES_C - C-Zone - XZ - Nominal
Pos. Tol.,POS_21,PTOL,1.849,0.000,1.849,0.000,3.000,,CIR_21/NOMINAL - CS_ABC_SURFACES_C - C-Zone - XZ - Nominal
Pos. Tol.,POS_24,PTOL,0.834,0.000,0.834,0.000,3.000,,CIR_24/NOMINAL - CS_ABC_SURFACES_C - C-Zone - XZ - Nominal
Distance,PROF_10,Y,179.352,178.230,1.122,-1.500,1.500,,CIR_10 - ORIGIN / CS_ABC_SURFACES_C
Distance,PROF_21,Y,178.572,178.230,0.342,-1.500,1.500,,CIR_21 - ORIGIN / CS_ABC_SURFACES_C
Distance,PROF_24,Y,202.611,203.230,-0.619,-1.500,1.500,,CIR_24 - ORIGIN / CS_ABC_SURFACES_C
Circle,CIR_15,X,-27.639,-27.000,-0.639,,,,Criterion : Least Square (From 6 Pts On PL_INS_15) 
Circle,CIR_15,Y,181.401,180.580,0.821,,,,
Circle,CIR_15,Z,163.104,164.000,-0.896,,,,
Circle,CIR_17,X,-51.362,-52.000,0.638,,,,Criterion : Least Square (From 6 Pts On PL_INS_17) 
Circle,CIR_17,Y,76.237,75.580,0.657,,,,
Circle,CIR_17,Z,148.590,149.000,-0.410,,,,
Circle,CIR_18,X,-50.686,-52.000,1.314,,,,Criterion : Least Square (From 6 Pts On PL_INS_18) 
Circle,CIR_18,Y,75.627,75.580,0.047,,,,
Circle,CIR_18,Z,-67.669,-68.000,0.331,,,,
Circle,CIR_20,X,-26.436,-27.000,0.564,,,,Criterion : Least Square (From 6 Pts On PL_INS_20) 
Circle,CIR_20,Y,181.196,180.580,0.616,,,,
Circle,CIR_20,Z,-92.648,-93.000,0.352,,,,
Circle,CIR_22,X,209.281,207.607,1.674,,,,Criterion : Least Square (From 6 Pts On PL_INS_22) 
Circle,CIR_22,Y,189.525,190.580,-1.055,,,,
Circle,CIR_22,Z,-103.130,-103.394,0.264,,,,
Circle,CIR_23,X,233.086,231.607,1.480,,,,Criterion : Least Square (From 6 Pts On PL_INS_23) 
Circle,CIR_23,Y,189.772,190.580,-0.808,,,,
Circle,CIR_23,Z,-70.888,-71.394,0.505,,,,
Pos. Tol.,POS_15,PTOL,2.200,0.000,2.200,0.000,3.000,,CIR_15/NOMINAL - CS_ABC_SURFACES_C - C-Zone - XZ - Nominal
Pos. Tol.,POS_17,PTOL,1.518,0.000,1.518,0.000,3.000,,CIR_17/NOMINAL - CS_ABC_SURFACES_C - C-Zone - XZ - Nominal
Pos. Tol.,POS_18,PTOL,2.711,0.000,2.711,0.000,3.000,,CIR_18/NOMINAL - CS_ABC_SURFACES_C - C-Zone - XZ - Nominal
Pos. Tol.,POS_20,PTOL,1.329,0.000,1.329,0.000,3.000,,CIR_20/NOMINAL - CS_ABC_SURFACES_C - C-Zone - XZ - Nominal
Pos. Tol.,POS_22,PTOL,3.390,0.000,3.390,0.000,4.000,,CIR_22/NOMINAL - CS_ABC_SURFACES_C - C-Zone - XZ - Nominal
Pos. Tol.,POS_23,PTOL,3.127,0.000,3.127,0.000,3.000,0.127,CIR_23/NOMINAL - CS_ABC_SURFACES_C - C-Zone - XZ - Nominal
Distance,H_15,Y,0.124,0.000,0.124,0.000,0.400,,CIR_15 - PL_PLAST_15 / CS_ABC_BF_SURFACES
Distance,H_17,Y,0.136,-0.000,0.136,0.000,0.400,,CIR_17 - PL_PLAST_17 / CS_ABC_BF_SURFACES
Distance,H_18,Y,0.225,-0.000,0.225,0.000,0.400,,CIR_18 - PL_PLAST_18 / CS_ABC_BF_SURFACES
Distance,H_20,Y,0.215,0.000,0.215,0.000,0.400,,CIR_20 - PL_PLAST_20 / CS_ABC_BF_SURFACES
Distance,H_23,Y,0.070,-0.000,0.070,0.000,0.400,,CIR_23 - PL_PLAST_23 / CS_ABC_BF_SURFACES
Circle,CIR_25,DIAM,12.053,12.050,0.003,-0.080,0.080,,Criterion : Least Square (From 12 Pts On PL_PLAST_25) 
Circle,CIR_25,X,262.163,261.590,0.573,,,,
Circle,CIR_25,Y,195.580,196.720,-1.140,,,,
Circle,CIR_25,Z,50.577,49.700,0.877,,,,
Circle,2D_CIR_26,DIAM,4.772,4.700,0.072,-0.100,0.100,,
Circle,2D_CIR_26,X,-17.447,-17.500,0.053,,,,
Circle,2D_CIR_26,Z,0.000,0.000,0.000,,,,
Pos. Tol.,POS_25,PTOL,2.095,0.000,2.095,0.000,3.000,,CIR_25/NOMINAL - CS_ABC_SURFACES_C - C-Zone - XZ - Nominal
Pos. Tol.,POS_2D_26,PTOL,0.106,0.000,0.106,0.000,0.500,,2D_CIR_26/NOMINAL - CS_FG - C-Zone - XZ - Nominal
Distance,PROF_25,Y,195.580,196.720,-1.140,-1.500,1.500,,CIR_25 - ORIGIN / CS_ABC_SURFACES_C
Distance,PROF_27,Y,147.081,147.730,-0.649,-1.500,1.500,,CIR_27 - ORIGIN / CS_ABC_SURFACES_C
Distance,PROF_28,Y,155.530,153.930,1.600,-1.500,1.500,0.100,CIR_28 - ORIGIN / CS_ABC_SURFACES_C
Pos. Tol.,POS_27,PTOL,1.818,0.000,1.818,0.000,3.000,,CIR_27/NOMINAL - CS_ABC_SURFACES_C - C-Zone - XZ - Nominal
Pos. Tol.,POS_28,PTOL,0.981,0.000,0.981,0.000,4.250,,CIR_28/NOMINAL - CS_ABC_SURFACES_C - C-Zone - XZ - Nominal
Circle,CIR_27,DIAM,6.431,6.350,0.081,-0.250,0.250,,Criterion : Least Square (From 6 Pts On PL_PLAST_27) 
Circle,CIR_27,X,270.541,270.100,0.441,,,,
Circle,CIR_27,Y,147.081,147.700,-0.619,,,,
Circle,CIR_27,Z,-52.045,-52.840,0.795,,,,
Circle,CIR_28,DIAM,6.363,6.350,0.013,-0.250,0.250,,Criterion : Least Square (From 6 Pts On PL_PLAST_28) 
Circle,CIR_28,X,99.616,100.090,-0.474,,,,
Circle,CIR_28,Y,155.530,153.930,1.600,,,,
Circle,CIR_28,Z,175.873,176.000,-0.127,,,,
Circle,CIR_29,DIAM,12.172,12.170,0.002,-0.080,0.080,,Criterion : Least Square (From 16 Pts On PL_DATUM_H) 
Circle,CIR_29,X,307.459,306.650,0.809,,,,
Circle,CIR_29,Y,-11.188,-10.310,-0.878,,,,
Circle,CIR_29,Z,171.581,173.470,-1.889,,,,
Pos. Tol.,POS_29,PTOL,4.110,0.000,4.110,0.000,3.600,0.510,CIR_29/NOMINAL - CS_ABC_BF_SURFACES_ROTATED - C-Zone - XZ - Nominal
Circle,2D_CIR_30,X,-23.486,-23.500,0.014,,,,
Circle,2D_CIR_30,Z,-0.000,0.000,0.000,,,,
Pos. Tol.,POS_2D_30,PTOL,0.029,0.000,0.029,0.000,0.500,,2D_CIR_30/NOMINAL - CS_HJ - C-Zone - XZ - Nominal
Distance,H_30,Y,0.155,0.000,0.155,0.000,0.400,,2D_CIR_30 - PL_PLAST_30 / CS_HJ
