Feat. Type,Feat. Name,Value,Actual,Nominal,Dev.,Tol-,Tol+,Out of Tol.,Comment
Text/Value,VAR_PROGRAM,VAL,,,,,,,'N:\Metrolog XG\Programmes\GM HF FWD GEN II C1xx\GM HF FWD Gen II C1xx Complete (Module 64).gm2'
Text/Value,VAR_EVENEMENT,VAL,,,,,,,'smed nid 2'
Text/Value,VAR_COMMENTAIRES,VAL,,,,,,,'334 B'
Text/Value,PROFILE_DATUM_A,VAL,0.401955,0.000000,0.401955,0.000000,1.000000,,
Text/Value,PROFILE_DATUM_B,VAL,0.947664,0.000000,0.947664,0.000000,1.000000,,
Distance,WIDTH_C,D1,9.031,9.000,0.031,-0.150,0.150,,SRF_C_TOP - SRF_C_DOWN / CS_ABC_SURFACES_C
Pos. Tol.,POS_1,PTOL,0.167,0.000,0.167,0.000,2.000,,CIR1/NOMINAL - CS_ABC_SURFACES_C - C-Zone - XZ - Nominal
Pos. Tol.,POS_2,PTOL,0.303,0.000,0.303,0.000,2.000,,CIR2/NOMINAL - CS_ABC_SURFACES_C - C-Zone - XZ - Nominal
Pos. Tol.,POS_3,PTOL,0.458,0.000,0.458,0.000,2.000,,CIR3/NOMINAL - CS_ABC_SURFACES_C - C-Zone - XZ - Nominal
Pos. Tol.,POS_4,PTOL,0.114,0.000,0.114,0.000,2.000,,CIR4/NOMINAL - CS_ABC_SURFACES_C - C-Zone - XZ - Nominal
Pos. Tol.,POS_5,PTOL,0.088,0.000,0.088,0.000,2.000,,CIR5/NOMINAL - CS_ABC_SURFACES_C - C-Zone - XZ - Nominal
Pos. Tol.,POS_6,PTOL,0.371,0.000,0.371,0.000,2.000,,CIR6/NOMINAL - CS_ABC_SURFACES_C - C-Zone - XZ - Nominal
Pos. Tol.,POS_7,PTOL,0.676,0.000,0.676,0.000,2.000,,CIR7/NOMINAL - CS_ABC_SURFACES_C - C-Zone - XZ - Nominal
Pos. Tol.,POS_8,PTOL,0.866,0.000,0.866,0.000,2.000,,CIR8/NOMINAL - CS_ABC_SURFACES_C - C-Zone - XZ - Nominal
Pos. Tol.,POS_9,PTOL,0.638,0.000,0.638,0.000,2.000,,CIR9/NOMINAL - CS_ABC_SURFACES_C - C-Zone - XZ - Nominal
Circle,CIR1,DIAM,14.967,15.000,-0.033,-0.100,0.100,,From 4 Pts On PL_PLAST_1
Circle,CIR1,X,-52.041,-52.000,-0.041,,,,
Circle,CIR1,Y,84.674,85.260,-0.586,,,,
Circle,CIR1,Z,-112.573,-112.500,-0.073,,,,
Circle,CIR2,DIAM,15.113,15.100,0.013,-0.100,0.100,,From 4 Pts On PL_PLAST_2
Circle,CIR2,X,-52.057,-52.000,-0.057,,,,
Circle,CIR2,Y,84.935,85.260,-0.325,,,,
Circle,CIR2,Z,-18.140,-18.000,-0.140,,,,
Circle,CIR3,DIAM,15.014,15.000,0.014,-0.100,0.100,,From 4 Pts On PL_PLAST_3
Circle,CIR3,X,-52.147,-52.000,-0.147,,,,
Circle,CIR3,Y,85.312,85.260,0.052,,,,
Circle,CIR3,Z,87.825,88.000,-0.175,,,,
Circle,CIR4,DIAM,15.025,15.000,0.025,-0.100,0.100,,From 4 Pts On PL_PLAST_4
Circle,CIR4,X,-51.976,-52.000,0.024,,,,
Circle,CIR4,Y,85.605,85.260,0.345,,,,
Circle,CIR4,Z,193.948,194.000,-0.052,,,,
Circle,CIR5,DIAM,15.035,15.000,0.035,-0.100,0.100,,From 4 Pts On PL_PLAST_5
Circle,CIR5,X,51.989,52.000,-0.011,,,,
Circle,CIR5,Y,85.306,85.260,0.046,,,,
Circle,CIR5,Z,155.543,155.500,0.043,,,,
Circle,CIR6,DIAM,14.938,15.000,-0.062,-0.100,0.100,,From 4 Pts On PL_PLAST_6
Circle,CIR6,X,51.975,52.000,-0.025,,,,
Circle,CIR6,Y,84.931,85.260,-0.329,,,,
Circle,CIR6,Z,61.184,61.000,0.184,,,,
Circle,CIR7,DIAM,14.910,14.900,0.010,-0.100,0.100,,From 4 Pts On PL_PLAST_7
Circle,CIR7,X,52.210,52.000,0.210,,,,
Circle,CIR7,Y,84.592,85.260,-0.668,,,,
Circle,CIR7,Z,-44.735,-45.000,0.265,,,,
Circle,CIR8,DIAM,14.940,15.000,-0.060,-0.100,0.100,,From 4 Pts On PL_PLAST_8
Circle,CIR8,X,52.127,52.000,0.127,,,,
Circle,CIR8,Y,84.591,85.260,-0.669,,,,
Circle,CIR8,Z,-150.586,-151.000,0.414,,,,
Circle,CIR9,DIAM,12.875,12.860,0.015,-0.100,0.100,,From 4 Pts On PL_PLAST_9
Circle,CIR9,X,284.743,284.990,-0.247,,,,
Circle,CIR9,Y,26.267,27.530,-1.263,,,,
Circle,CIR9,Z,159.702,159.500,0.202,,,,
Distance,PROFILE_1,Y,84.674,85.250,-0.576,-0.250,0.250,-0.326,CIR1 - ORIGIN / CS_ABC_SURFACES_C
Distance,PROFILE_2,Y,84.935,85.250,-0.315,-0.250,0.250,-0.065,CIR2 - ORIGIN / CS_ABC_SURFACES_C
Distance,PROFILE_3,Y,85.312,85.250,0.062,-0.250,0.250,,CIR3 - ORIGIN / CS_ABC_SURFACES_C
Distance,PROFILE_4,Y,85.605,85.250,0.355,-0.250,0.250,0.105,CIR4 - ORIGIN / CS_ABC_SURFACES_C
Distance,PROFILE_5,Y,85.306,85.250,0.056,-0.250,0.250,,CIR5 - ORIGIN / CS_ABC_SURFACES_C
Distance,PROFILE_6,Y,84.931,85.250,-0.319,-0.250,0.250,-0.069,CIR6 - ORIGIN / CS_ABC_SURFACES_C
Distance,PROFILE_7,Y,84.592,85.250,-0.658,-0.250,0.250,-0.408,CIR7 - ORIGIN / CS_ABC_SURFACES_C
Distance,PROFILE_8,Y,84.591,85.250,-0.659,-0.250,0.250,-0.409,CIR8 - ORIGIN / CS_ABC_SURFACES_C
Profile of Line,PROFILE_VERTICAL_OP_1,PRFL,0.855,0.000,0.855,0.000,1.200,,SECTION_VERTICAL_OP_1
Profile of Line,PROFILE_VERTICAL_OP_2,PRFL,0.261,0.000,0.261,0.000,1.200,,SECTION_VERTICAL_OP_2
Profile of Line,PROFILE_VERTICAL_OP_3,PRFL,0.872,0.000,0.872,0.000,1.200,,SECTION_VERTICAL_OP_3
Profile of Line,PROFILE_VERTICAL_OP_4,PRFL,0.523,0.000,0.523,0.000,1.200,,SECTION_VERTICAL_OP_4
Profile of Line,PROFILE_VERTICAL_OP_5,PRFL,0.289,0.000,0.289,0.000,1.200,,SECTION_VERTICAL_OP_5
Profile of Line,PROFILE_VERTICAL_OP_6,PRFL,0.174,0.000,0.174,0.000,1.200,,SECTION_VERTICAL_OP_6
Profile of Line,PROFILE_HORIZONTAL_OP_1,PRFL,1.511,0.000,1.511,0.000,2.000,,SECTION_HORIZONTAL_OP_1
Profile of Line,PROFILE_HORIZONTAL_OP_2,PRFL,0.764,0.000,0.764,0.000,2.000,,SECTION_HORIZONTAL_OP_2
Profile of Line,PROFILE_HORIZONTAL_OP_3,PRFL,1.458,0.000,1.458,0.000,2.000,,SECTION_HORIZONTAL_OP_3
Profile of Line,PROFILE_HORIZONTAL_OP_4,PRFL,1.163,0.000,1.163,0.000,2.000,,SECTION_HORIZONTAL_OP_4
Profile of Line,PROFILE_HORIZONTAL_OP_5,PRFL,0.669,0.000,0.669,0.000,2.000,,SECTION_HORIZONTAL_OP_5
Profile of Line,PROFILE_HORIZONTAL_OP_6,PRFL,1.188,0.000,1.188,0.000,2.000,,SECTION_HORIZONTAL_OP_6
Distance,OP1_WIDTH_1,D1,3.966,3.900,0.066,-0.150,0.150,,OP1_PT1_OW_GAGE - OP1_PT1_IW_GAGE / CS_BF_OP1
Distance,OP1_WIDTH_2,D1,4.043,3.900,0.143,-0.150,0.150,,OP1_PT2_OW_GAGE - OP1_PT2_IW_GAGE / CS_BF_OP1
Distance,OP1_WIDTH_3,D1,3.969,3.900,0.069,-0.150,0.150,,OP1_PT3_OW_GAGE - OP1_PT3_IW_GAGE / CS_BF_OP1
Distance,OP1_WIDTH_4,D1,3.949,3.900,0.049,-0.150,0.150,,OP1_PT4_OW_GAGE - OP1_PT4_IW_GAGE / CS_BF_OP1
Distance,OP1_WIDTH_5,D1,4.020,3.900,0.120,-0.150,0.150,,OP1_PT5_OW_GAGE - OP1_PT5_IW_GAGE / CS_BF_OP1
Distance,OP1_WIDTH_6,D1,3.912,3.900,0.012,-0.150,0.150,,OP1_PT6_OW_GAGE - OP1_PT6_IW_GAGE / CS_BF_OP1
Distance,OP1_WIDTH_7,D1,4.005,3.900,0.105,-0.150,0.150,,OP1_PT7_OW_GAGE - OP1_PT7_IW_GAGE / CS_BF_OP1
Distance,OP1_WIDTH_8,D1,4.068,4.150,-0.082,-0.150,0.150,,OP1_PT8_OW_GAGE - OP1_PT8_IW_GAGE / CS_BF_OP1
Distance,OP1_DEPTH_1,D1,6.073,6.000,0.073,-0.150,0.150,,PL_FIXTURE_A - OP1_PT1_DEPTH / CS_BF_OP1
Distance,OP1_DEPTH_2,D1,6.100,6.000,0.100,-0.150,0.150,,PL_FIXTURE_A - OP1_PT2_DEPTH / CS_BF_OP1
Distance,OP1_DEPTH_3,D1,5.960,6.000,-0.040,-0.150,0.150,,PL_FIXTURE_A - OP1_PT3_DEPTH / CS_BF_OP1
Distance,OP1_DEPTH_4,D1,5.994,6.000,-0.006,-0.150,0.150,,PL_FIXTURE_A - OP1_PT4_DEPTH / CS_BF_OP1
Distance,OP1_DEPTH_5,D1,6.074,6.000,0.074,-0.150,0.150,,PL_FIXTURE_A - OP1_PT5_DEPTH / CS_BF_OP1
Distance,OP1_DEPTH_6,D1,5.992,6.000,-0.008,-0.150,0.150,,PL_FIXTURE_A - OP1_PT6_DEPTH / CS_BF_OP1
Distance,OP1_DEPTH_7,D1,6.047,6.000,0.047,-0.150,0.150,,PL_FIXTURE_A - OP1_PT7_DEPTH / CS_BF_OP1
Distance,OP1_DEPTH_8,D1,6.256,6.000,0.256,-0.150,0.150,0.106,PL_FIXTURE_A - OP1_PT8_DEPTH / CS_BF_OP1
Distance,OP2_WIDTH_1,D1,3.971,3.900,0.071,-0.150,0.150,,OP2_PT1_OW_GAGE - OP2_PT1_IW_GAGE / CS_BF_OP2
Distance,OP2_WIDTH_2,D1,4.121,4.150,-0.029,-0.150,0.150,,OP2_PT2_OW_GAGE - OP2_PT2_IW_GAGE / CS_BF_OP2
Distance,OP2_WIDTH_3,D1,3.937,3.900,0.037,-0.150,0.150,,OP2_PT3_OW_GAGE - OP2_PT3_IW_GAGE / CS_BF_OP2
Distance,OP2_WIDTH_4,D1,3.950,3.900,0.050,-0.150,0.150,,OP2_PT4_OW_GAGE - OP2_PT4_IW_GAGE / CS_BF_OP2
Distance,OP2_WIDTH_5,D1,4.021,3.900,0.121,-0.150,0.150,,OP2_PT5_OW_GAGE - OP2_PT5_IW_GAGE / CS_BF_OP2
Distance,OP2_WIDTH_6,D1,3.981,3.900,0.081,-0.150,0.150,,OP2_PT6_OW_GAGE - OP2_PT6_IW_GAGE / CS_BF_OP2
Distance,OP2_WIDTH_7,D1,4.105,4.150,-0.045,-0.150,0.150,,OP2_PT7_OW_GAGE - OP2_PT7_IW_GAGE / CS_BF_OP2
Distance,OP2_WIDTH_8,D1,3.998,3.900,0.098,-0.150,0.150,,OP2_PT8_OW_GAGE - OP2_PT8_IW_GAGE / CS_BF_OP2
Distance,OP2_DEPTH_1,D1,6.044,6.000,0.044,-0.150,0.150,,PL_FIXTURE_A - OP2_PT1_DEPTH / CS_BF_OP2
Distance,OP2_DEPTH_2,D1,6.145,6.000,0.145,-0.150,0.150,,PL_FIXTURE_A - OP2_PT2_DEPTH / CS_BF_OP2
Distance,OP2_DEPTH_3,D1,6.000,6.000,-0.000,-0.150,0.150,,PL_FIXTURE_A - OP2_PT3_DEPTH / CS_BF_OP2
Distance,OP2_DEPTH_4,D1,5.991,6.000,-0.009,-0.150,0.150,,PL_FIXTURE_A - OP2_PT4_DEPTH / CS_BF_OP2
Distance,OP2_DEPTH_5,D1,6.061,6.000,0.061,-0.150,0.150,,PL_FIXTURE_A - OP2_PT5_DEPTH / CS_BF_OP2
Distance,OP2_DEPTH_6,D1,5.983,6.000,-0.017,-0.150,0.150,,PL_FIXTURE_A - OP2_PT6_DEPTH / CS_BF_OP2
Distance,OP2_DEPTH_7,D1,5.942,6.000,-0.058,-0.150,0.150,,PL_FIXTURE_A - OP2_PT7_DEPTH / CS_BF_OP2
Distance,OP2_DEPTH_8,D1,6.063,6.000,0.063,-0.150,0.150,,PL_FIXTURE_A - OP2_PT8_DEPTH / CS_BF_OP2
Distance,OP3_WIDTH_1,D1,3.914,3.900,0.014,-0.150,0.150,,OP3_PT1_OW_GAGE - OP3_PT1_IW_GAGE / CS_BF_OP3
Distance,OP3_WIDTH_2,D1,4.092,3.900,0.192,-0.150,0.150,0.042,OP3_PT2_OW_GAGE - OP3_PT2_IW_GAGE / CS_BF_OP3
Distance,OP3_WIDTH_3,D1,3.979,3.900,0.079,-0.150,0.150,,OP3_PT3_OW_GAGE - OP3_PT3_IW_GAGE / CS_BF_OP3
Distance,OP3_WIDTH_4,D1,3.861,3.900,-0.039,-0.150,0.150,,OP3_PT4_OW_GAGE - OP3_PT4_IW_GAGE / CS_BF_OP3
Distance,OP3_WIDTH_5,D1,3.874,3.900,-0.026,-0.150,0.150,,OP3_PT5_OW_GAGE - OP3_PT5_IW_GAGE / CS_BF_OP3
Distance,OP3_WIDTH_6,D1,3.867,3.900,-0.033,-0.150,0.150,,OP3_PT6_OW_GAGE - OP3_PT6_IW_GAGE / CS_BF_OP3
Distance,OP3_WIDTH_7,D1,4.014,4.150,-0.136,-0.150,0.150,,OP3_PT7_OW_GAGE - OP3_PT7_IW_GAGE / CS_BF_OP3
Distance,OP3_WIDTH_8,D1,3.912,3.900,0.012,-0.150,0.150,,OP3_PT8_OW_GAGE - OP3_PT8_IW_GAGE / CS_BF_OP3
Distance,OP3_DEPTH_1,D1,6.014,6.000,0.014,-0.150,0.150,,PL_FIXTURE_A - OP3_PT1_DEPTH / CS_BF_OP3
Distance,OP3_DEPTH_2,D1,6.210,6.000,0.210,-0.150,0.150,0.060,PL_FIXTURE_A - OP3_PT2_DEPTH / CS_BF_OP3
Distance,OP3_DEPTH_3,D1,5.968,6.000,-0.032,-0.150,0.150,,PL_FIXTURE_A - OP3_PT3_DEPTH / CS_BF_OP3
Distance,OP3_DEPTH_4,D1,5.987,6.000,-0.013,-0.150,0.150,,PL_FIXTURE_A - OP3_PT4_DEPTH / CS_BF_OP3
Distance,OP3_DEPTH_5,D1,6.027,6.000,0.027,-0.150,0.150,,PL_FIXTURE_A - OP3_PT5_DEPTH / CS_BF_OP3
Distance,OP3_DEPTH_6,D1,5.948,6.000,-0.052,-0.150,0.150,,PL_FIXTURE_A - OP3_PT6_DEPTH / CS_BF_OP3
Distance,OP3_DEPTH_7,D1,5.921,6.000,-0.079,-0.150,0.150,,PL_FIXTURE_A - OP3_PT7_DEPTH / CS_BF_OP3
Distance,OP3_DEPTH_8,D1,6.048,6.000,0.048,-0.150,0.150,,PL_FIXTURE_A - OP3_PT8_DEPTH / CS_BF_OP3
Distance,OP4_WIDTH_1,D1,3.813,3.900,-0.087,-0.150,0.150,,OP4_PT1_OW_GAGE - OP4_PT1_IW_GAGE / CS_BF_OP4
Distance,OP4_WIDTH_2,D1,4.015,3.900,0.115,-0.150,0.150,,OP4_PT2_OW_GAGE - OP4_PT2_IW_GAGE / CS_BF_OP4
Distance,OP4_WIDTH_3,D1,3.994,3.900,0.094,-0.150,0.150,,OP4_PT3_OW_GAGE - OP4_PT3_IW_GAGE / CS_BF_OP4
Distance,OP4_WIDTH_4,D1,3.941,3.900,0.041,-0.150,0.150,,OP4_PT4_OW_GAGE - OP4_PT4_IW_GAGE / CS_BF_OP4
Distance,OP4_WIDTH_5,D1,4.099,4.150,-0.051,-0.150,0.150,,OP4_PT5_OW_GAGE - OP4_PT5_IW_GAGE / CS_BF_OP4
Distance,OP4_WIDTH_6,D1,3.868,3.900,-0.032,-0.150,0.150,,OP4_PT6_OW_GAGE - OP4_PT6_IW_GAGE / CS_BF_OP4
Distance,OP4_WIDTH_7,D1,4.083,3.900,0.183,-0.150,0.150,0.033,OP4_PT7_OW_GAGE - OP4_PT7_IW_GAGE / CS_BF_OP4
Distance,OP4_WIDTH_8,D1,3.965,3.900,0.065,-0.150,0.150,,OP4_PT8_OW_GAGE - OP4_PT8_IW_GAGE / CS_BF_OP4
Distance,OP4_DEPTH_1,D1,5.877,6.000,-0.123,-0.150,0.150,,PL_FIXTURE_B - OP4_PT1_DEPTH / CS_BF_OP4
Distance,OP4_DEPTH_2,D1,6.037,6.000,0.037,-0.150,0.150,,PL_FIXTURE_B - OP4_PT2_DEPTH / CS_BF_OP4
Distance,OP4_DEPTH_3,D1,6.076,6.000,0.076,-0.150,0.150,,PL_FIXTURE_B - OP4_PT3_DEPTH / CS_BF_OP4
Distance,OP4_DEPTH_4,D1,5.993,6.000,-0.007,-0.150,0.150,,PL_FIXTURE_B - OP4_PT4_DEPTH / CS_BF_OP4
Distance,OP4_DEPTH_5,D1,6.039,6.000,0.039,-0.150,0.150,,PL_FIXTURE_B - OP4_PT5_DEPTH / CS_BF_OP4
Distance,OP4_DEPTH_6,D1,6.015,6.000,0.015,-0.150,0.150,,PL_FIXTURE_B - OP4_PT6_DEPTH / CS_BF_OP4
Distance,OP4_DEPTH_7,D1,5.979,6.000,-0.021,-0.150,0.150,,PL_FIXTURE_B - OP4_PT7_DEPTH / CS_BF_OP4
Distance,OP4_DEPTH_8,D1,5.913,6.000,-0.087,-0.150,0.150,,PL_FIXTURE_B - OP4_PT8_DEPTH / CS_BF_OP4
Distance,OP5_WIDTH_1,D1,3.896,3.900,-0.004,-0.150,0.150,,OP5_PT1_OW_GAGE - OP5_PT1_IW_GAGE / CS_BF_OP5
Distance,OP5_WIDTH_2,D1,3.986,3.900,0.086,-0.150,0.150,,OP5_PT2_OW_GAGE - OP5_PT2_IW_GAGE / CS_BF_OP5
Distance,OP5_WIDTH_3,D1,3.996,4.150,-0.154,-0.150,0.150,-0.004,OP5_PT3_OW_GAGE - OP5_PT3_IW_GAGE / CS_BF_OP5
Distance,OP5_WIDTH_4,D1,3.897,3.900,-0.003,-0.150,0.150,,OP5_PT4_OW_GAGE - OP5_PT4_IW_GAGE / CS_BF_OP5
Distance,OP5_WIDTH_5,D1,4.070,4.150,-0.080,-0.150,0.150,,OP5_PT5_OW_GAGE - OP5_PT5_IW_GAGE / CS_BF_OP5
Distance,OP5_WIDTH_6,D1,4.006,3.900,0.106,-0.150,0.150,,OP5_PT6_OW_GAGE - OP5_PT6_IW_GAGE / CS_BF_OP5
Distance,OP5_WIDTH_7,D1,4.062,4.150,-0.088,-0.150,0.150,,OP5_PT7_OW_GAGE - OP5_PT7_IW_GAGE / CS_BF_OP5
Distance,OP5_WIDTH_8,D1,3.923,3.900,0.023,-0.150,0.150,,OP5_PT8_OW_GAGE - OP5_PT8_IW_GAGE / CS_BF_OP5
Distance,OP5_DEPTH_1,D1,5.984,6.000,-0.016,-0.150,0.150,,PL_FIXTURE_B - OP5_PT1_DEPTH / CS_BF_OP5
Distance,OP5_DEPTH_2,D1,6.084,6.000,0.084,-0.150,0.150,,PL_FIXTURE_B - OP5_PT2_DEPTH / CS_BF_OP5
Distance,OP5_DEPTH_3,D1,5.977,6.000,-0.023,-0.150,0.150,,PL_FIXTURE_B - OP5_PT3_DEPTH / CS_BF_OP5
Distance,OP5_DEPTH_4,D1,5.977,6.000,-0.023,-0.150,0.150,,PL_FIXTURE_B - OP5_PT4_DEPTH / CS_BF_OP5
Distance,OP5_DEPTH_5,D1,6.042,6.000,0.042,-0.150,0.150,,PL_FIXTURE_B - OP5_PT5_DEPTH / CS_BF_OP5
Distance,OP5_DEPTH_6,D1,6.048,6.000,0.048,-0.150,0.150,,PL_FIXTURE_B - OP5_PT6_DEPTH / CS_BF_OP5
Distance,OP5_DEPTH_7,D1,5.993,6.000,-0.007,-0.150,0.150,,PL_FIXTURE_B - OP5_PT7_DEPTH / CS_BF_OP5
Distance,OP5_DEPTH_8,D1,6.005,6.000,0.005,-0.150,0.150,,PL_FIXTURE_B - OP5_PT8_DEPTH / CS_BF_OP5
Distance,OP6_WIDTH_1,D1,3.784,3.900,-0.116,-0.150,0.150,,OP6_PT1_OW_GAGE - OP6_PT1_IW_GAGE / CS_BF_OP6
Distance,OP6_WIDTH_2,D1,3.961,3.900,0.061,-0.150,0.150,,OP6_PT2_OW_GAGE - OP6_PT2_IW_GAGE / CS_BF_OP6
Distance,OP6_WIDTH_3,D1,4.037,3.900,0.137,-0.150,0.150,,OP6_PT3_OW_GAGE - OP6_PT3_IW_GAGE / CS_BF_OP6
Distance,OP6_WIDTH_4,D1,3.882,3.900,-0.018,-0.150,0.150,,OP6_PT4_OW_GAGE - OP6_PT4_IW_GAGE / CS_BF_OP6
Distance,OP6_WIDTH_5,D1,4.035,3.900,0.135,-0.150,0.150,,OP6_PT5_OW_GAGE - OP6_PT5_IW_GAGE / CS_BF_OP6
Distance,OP6_WIDTH_6,D1,3.991,3.900,0.091,-0.150,0.150,,OP6_PT6_OW_GAGE - OP6_PT6_IW_GAGE / CS_BF_OP6
Distance,OP6_WIDTH_7,D1,4.047,4.150,-0.103,-0.150,0.150,,OP6_PT7_OW_GAGE - OP6_PT7_IW_GAGE / CS_BF_OP6
Distance,OP6_WIDTH_8,D1,3.919,3.900,0.019,-0.150,0.150,,OP6_PT8_OW_GAGE - OP6_PT8_IW_GAGE / CS_BF_OP6
Distance,OP6_DEPTH_1,D1,5.963,6.000,-0.037,-0.150,0.150,,PL_FIXTURE_B - OP6_PT1_DEPTH / CS_BF_OP6
Distance,OP6_DEPTH_2,D1,5.941,6.000,-0.059,-0.150,0.150,,PL_FIXTURE_B - OP6_PT2_DEPTH / CS_BF_OP6
Distance,OP6_DEPTH_3,D1,5.938,6.000,-0.062,-0.150,0.150,,PL_FIXTURE_B - OP6_PT3_DEPTH / CS_BF_OP6
Distance,OP6_DEPTH_4,D1,6.007,6.000,0.007,-0.150,0.150,,PL_FIXTURE_B - OP6_PT4_DEPTH / CS_BF_OP6
Distance,OP6_DEPTH_5,D1,6.039,6.000,0.039,-0.150,0.150,,PL_FIXTURE_B - OP6_PT5_DEPTH / CS_BF_OP6
Distance,OP6_DEPTH_6,D1,6.076,6.000,0.076,-0.150,0.150,,PL_FIXTURE_B - OP6_PT6_DEPTH / CS_BF_OP6
Distance,OP6_DEPTH_7,D1,6.132,6.000,0.132,-0.150,0.150,,PL_FIXTURE_B - OP6_PT7_DEPTH / CS_BF_OP6
Distance,OP6_DEPTH_8,D1,6.139,6.000,0.139,-0.150,0.150,,PL_FIXTURE_B - OP6_PT8_DEPTH / CS_BF_OP6
Circle,CIR_A,DIAM,73.851,73.500,0.351,-0.500,0.500,,Criterion : Least Square (From 16 Pts On PL_PLAST_A) 
Circle,CIR_A,X,242.731,242.799,-0.068,,,,
Circle,CIR_A,Y,136.084,136.926,-0.843,,,,
Circle,CIR_A,Z,156.013,155.357,0.656,,,,
Circle,CIR_INS_11,X,289.821,290.064,-0.244,,,,Criterion : Least Square (From 8 Pts On PL_INS_11) 
Circle,CIR_INS_11,Y,161.428,162.379,-0.951,,,,
Circle,CIR_INS_11,Z,150.549,149.158,1.390,,,,
Circle,CIR_INS_12,X,278.585,279.125,-0.540,,,,Criterion : Least Square (From 8 Pts On PL_INS_12) 
Circle,CIR_INS_12,Y,101.788,102.451,-0.662,,,,
Circle,CIR_INS_12,Z,166.304,165.216,1.088,,,,
Circle,CIR_INS_13,X,196.456,196.401,0.055,,,,Criterion : Least Square (From 8 Pts On PL_INS_13) 
Circle,CIR_INS_13,Y,115.808,116.540,-0.732,,,,
Circle,CIR_INS_13,Z,161.515,161.441,0.074,,,,
Circle,CIR_INS_14,X,207.388,207.341,0.047,,,,Criterion : Least Square (From 8 Pts On PL_INS_14) 
Circle,CIR_INS_14,Y,175.850,176.469,-0.619,,,,
Circle,CIR_INS_14,Z,146.175,145.383,0.792,,,,
Circle,2D_CIR_INS_11,X,41.860,42.000,-0.140,,,,
Circle,2D_CIR_INS_11,Y,33.821,34.000,-0.179,,,,
Circle,2D_CIR_INS_12,X,41.766,42.000,-0.234,,,,
Circle,2D_CIR_INS_12,Y,-28.880,-29.000,0.120,,,,
Circle,2D_CIR_INS_13,X,-41.688,-42.000,0.312,,,,
Circle,2D_CIR_INS_13,Y,-28.934,-29.000,0.066,,,,
Circle,2D_CIR_INS_14,X,-41.938,-42.000,0.062,,,,
Circle,2D_CIR_INS_14,Y,33.993,34.000,-0.007,,,,
Pos. Tol.,POS_11,PTOL,3.405,0.000,3.405,0.000,3.000,0.405,CIR_INS_11/NOMINAL - CS_ABC_SURFACES_C - C-Zone - XYZ - Nominal
Pos. Tol.,POS_12,PTOL,2.767,0.000,2.767,0.000,3.000,,CIR_INS_12/NOMINAL - CS_ABC_SURFACES_C - C-Zone - XYZ - Nominal
Pos. Tol.,POS_13,PTOL,1.476,0.000,1.476,0.000,3.000,,CIR_INS_13/NOMINAL - CS_ABC_SURFACES_C - C-Zone - XYZ - Nominal
Pos. Tol.,POS_2D_11,PTOL,0.455,0.000,0.455,0.000,1.000,,2D_CIR_INS_11/NOMINAL - CS_D_BF - C-Zone - XY - Nominal
Pos. Tol.,POS_2D_12,PTOL,0.526,0.000,0.526,0.000,1.000,,2D_CIR_INS_12/NOMINAL - CS_D_BF - C-Zone - XY - Nominal
Pos. Tol.,POS_2D_13,PTOL,0.638,0.000,0.638,0.000,1.000,,2D_CIR_INS_13/NOMINAL - CS_D_BF - C-Zone - XY - Nominal
Pos. Tol.,POS_2D_14,PTOL,0.124,0.000,0.124,0.000,0.500,,2D_CIR_INS_14/NOMINAL - CS_D_BF - C-Zone - XY - Nominal
Perpend.,PERP_11,PERP,0.151,0.000,0.151,0.000,0.400,,CYL_11/PL_INS_11 - C-Zone - Nominal
Perpend.,PERP_12,PERP,0.121,0.000,0.121,0.000,0.400,,CYL_12/PL_INS_12 - C-Zone - Nominal
Perpend.,PERP_13,PERP,0.332,0.000,0.332,0.000,0.400,,CYL_13/PL_INS_13 - C-Zone - Nominal
Perpend.,PERP_14,PERP,0.125,0.000,0.125,0.000,0.400,,CYL_14/PL_INS_14 - C-Zone - Nominal
Flatness,FLATNESS_DATUM_D,FLTN,0.234,0.000,0.234,0.000,0.300,,PL_PLAST_D_TB
Distance,H_11,Z,0.147,-0.000,0.147,0.000,0.400,,CIR_INS_11 - PL_PLAST_INS_11 / CS_D_BF
Distance,H_12,Z,0.308,-0.000,0.308,0.000,0.400,,CIR_INS_12 - PL_PLAST_INS_12 / CS_D_BF
Distance,H_13,Z,0.109,-0.000,0.109,0.000,0.400,,CIR_INS_13 - PL_PLAST_INS_13 / CS_D_BF
Distance,H_14,Z,0.234,-0.000,0.234,0.000,0.400,,CIR_INS_14 - PL_PLAST_INS_14 / CS_D_BF
Profile of Line,PROFILE_SURFACE_D,PRFL,1.752,0.000,1.752,0.000,3.000,,SECTION_D
Distance,PROF_INS_11_D,D1,0.750,0.650,0.100,-0.150,0.150,,CIR_INS_11 - PL_PLAST_D_TB / CS_D_BF
Distance,PROF_INS_12_D,D1,0.867,1.000,-0.133,-0.150,0.150,,CIR_INS_12 - PL_PLAST_D_TB / CS_D_BF
Distance,PROF_INS_13_D,D1,0.622,0.650,-0.028,-0.150,0.150,,CIR_INS_13 - PL_PLAST_D_TB / CS_D_BF
Distance,PROF_INS_14_D,D1,1.013,1.000,0.013,-0.150,0.150,,CIR_INS_14 - PL_PLAST_D_TB / CS_D_BF
Distance,WIDTH_TBA_1,D1,3.220,3.250,-0.030,-0.150,0.150,,0W2.5_1.1 - IW2.5_1.1 / CS_D_BF
Distance,WIDTH_TBA_2,D1,3.193,3.250,-0.057,-0.150,0.150,,0W2.5_1.2 - IW2.5_1.2 / CS_D_BF
Distance,WIDTH_TBA_3,D1,3.297,3.250,0.047,-0.150,0.150,,0W2.5_1.3 - IW2.5_1.3 / CS_D_BF
Distance,WIDTH_TBA_4,D1,3.272,3.250,0.022,-0.150,0.150,,0W2.5_1.4 - IW2.5_1.4 / CS_D_BF
Distance,WIDTH_TBA_5,D1,3.151,3.250,-0.099,-0.150,0.150,,0W2.5_1.5 - IW2.5_1.5 / CS_D_BF
Distance,WIDTH_TBA_6,D1,3.248,3.250,-0.002,-0.150,0.150,,0W2.5_1.6 - IW2.5_1.6 / CS_D_BF
Distance,WIDTH_TBA_7,D1,3.250,3.250,-0.000,-0.150,0.150,,0W2.5_1.7 - IW2.5_1.7 / CS_D_BF
Distance,WIDTH_TBA_8,D1,3.301,3.250,0.051,-0.150,0.150,,0W2.5_1.8 - IW2.5_1.8 / CS_D_BF
Distance,DEPTH_TBA_1,D1,5.347,5.150,0.197,-0.300,0.300,,TB_BOT_1.1 - PL_D / CS_D_BF
Distance,DEPTH_TBA_2,D1,5.310,5.150,0.160,-0.300,0.300,,TB_BOT_1.2 - PL_D / CS_D_BF
Distance,DEPTH_TBA_3,D1,5.166,5.150,0.016,-0.300,0.300,,TB_BOT_1.3 - PL_D / CS_D_BF
Distance,DEPTH_TBA_4,D1,5.359,5.150,0.209,-0.300,0.300,,TB_BOT_1.4 - PL_D / CS_D_BF
Distance,DEPTH_TBA_5,D1,5.359,5.550,-0.191,-0.300,0.300,,TB_BOT_1.5 - PL_D / CS_D_BF
Distance,DEPTH_TBA_6,D1,5.250,5.150,0.100,-0.300,0.300,,TB_BOT_1.6 - PL_D / CS_D_BF
Distance,DEPTH_TBA_7,D1,5.417,5.150,0.267,-0.300,0.300,,TB_BOT_1.7 - PL_D / CS_D_BF
Distance,DEPTH_TBA_8,D1,5.450,5.550,-0.100,-0.300,0.300,,TB_BOT_1.8 - PL_D / CS_D_BF
Circle,CIR_24,DIAM,,4.820,,-0.050,0.050,,
Circle,CIR_24,X,,220.847,,-0.050,0.050,,
Circle,CIR_24,Y,,203.230,,-0.050,0.050,,
Circle,CIR_24,Z,,-7.568,,-0.050,0.050,,
Circle,CIR_15,X,-27.637,-27.000,-0.637,,,,Criterion : Least Square (From 6 Pts On PL_INS_15) 
Circle,CIR_15,Y,181.253,180.580,0.673,,,,
Circle,CIR_15,Z,163.270,164.000,-0.730,,,,
Circle,CIR_17,X,-51.259,-52.000,0.741,,,,Criterion : Least Square (From 6 Pts On PL_INS_17) 
Circle,CIR_17,Y,76.222,75.580,0.642,,,,
Circle,CIR_17,Z,148.953,149.000,-0.047,,,,
Circle,CIR_18,X,-50.925,-52.000,1.075,,,,Criterion : Least Square (From 6 Pts On PL_INS_18) 
Circle,CIR_18,Y,75.832,75.580,0.252,,,,
Circle,CIR_18,Z,-67.347,-68.000,0.653,,,,
Circle,CIR_20,X,-26.642,-27.000,0.358,,,,Criterion : Least Square (From 6 Pts On PL_INS_20) 
Circle,CIR_20,Y,181.403,180.580,0.822,,,,
Circle,CIR_20,Z,-91.944,-93.000,1.056,,,,
Circle,CIR_22,X,208.879,207.607,1.273,,,,Criterion : Least Square (From 6 Pts On PL_INS_22) 
Circle,CIR_22,Y,189.799,190.580,-0.781,,,,
Circle,CIR_22,Z,-102.787,-103.394,0.607,,,,
Circle,CIR_23,X,232.742,231.607,1.136,,,,Criterion : Least Square (From 6 Pts On PL_INS_23) 
Circle,CIR_23,Y,190.055,190.580,-0.525,,,,
Circle,CIR_23,Z,-70.706,-71.394,0.687,,,,
Pos. Tol.,POS_15,PTOL,1.938,0.000,1.938,0.000,3.000,,CIR_15/NOMINAL - CS_ABC_SURFACES_C - C-Zone - XZ - Nominal
Pos. Tol.,POS_17,PTOL,1.484,0.000,1.484,0.000,3.000,,CIR_17/NOMINAL - CS_ABC_SURFACES_C - C-Zone - XZ - Nominal
Pos. Tol.,POS_18,PTOL,2.516,0.000,2.516,0.000,3.000,,CIR_18/NOMINAL - CS_ABC_SURFACES_C - C-Zone - XZ - Nominal
Pos. Tol.,POS_20,PTOL,2.230,0.000,2.230,0.000,3.000,,CIR_20/NOMINAL - CS_ABC_SURFACES_C - C-Zone - XZ - Nominal
Pos. Tol.,POS_22,PTOL,2.820,0.000,2.820,0.000,3.000,,CIR_22/NOMINAL - CS_ABC_SURFACES_C - C-Zone - XZ - Nominal
Pos. Tol.,POS_23,PTOL,2.655,0.000,2.655,0.000,3.000,,CIR_23/NOMINAL - CS_ABC_SURFACES_C - C-Zone - XZ - Nominal
Distance,H_15,Y,0.024,0.000,0.024,0.000,0.400,,CIR_15 - PL_PLAST_15 / CS_ABC_BF_SURFACES
Distance,H_17,Y,0.201,-0.000,0.201,0.000,0.400,,CIR_17 - PL_PLAST_17 / CS_ABC_BF_SURFACES
Distance,H_18,Y,0.192,-0.000,0.192,0.000,0.400,,CIR_18 - PL_PLAST_18 / CS_ABC_BF_SURFACES
Distance,H_20,Y,0.188,0.000,0.188,0.000,0.400,,CIR_20 - PL_PLAST_20 / CS_ABC_BF_SURFACES
Distance,H_22,Y,0.000,-0.000,0.000,0.000,0.400,,CIR_22 - PL_PLAST_22 / CS_ABC_BF_SURFACES
Distance,H_23,Y,0.132,-0.000,0.132,0.000,0.400,,CIR_23 - PL_PLAST_23 / CS_ABC_BF_SURFACES
Circle,CIR_29,DIAM,12.200,12.170,0.030,-0.080,0.080,,Criterion : Least Square (From 16 Pts On PL_DATUM_H) 
Circle,CIR_29,X,307.331,306.650,0.681,,,,
Circle,CIR_29,Y,-10.958,-10.310,-0.648,,,,
Circle,CIR_29,Z,172.448,173.470,-1.022,,,,
Pos. Tol.,POS_29,PTOL,2.457,0.000,2.457,0.000,3.000,,CIR_29/NOMINAL - CS_ABC_BF_SURFACES_ROTATED - C-Zone - XZ - Nominal
Circle,2D_CIR_30,X,-23.490,-23.500,0.010,,,,
Circle,2D_CIR_30,Z,0.000,0.000,0.000,,,,
Pos. Tol.,POS_2D_30,PTOL,0.019,0.000,0.019,0.000,0.500,,2D_CIR_30/NOMINAL - CS_HJ - C-Zone - XZ - Nominal
Distance,H_30,Y,0.142,0.000,0.142,0.000,0.400,,2D_CIR_30 - PL_PLAST_30 / CS_HJ
