Feat. Type,Feat. Name,Value,Actual,Nominal,Dev.,Tol-,Tol+,Out of Tol.,Comment
Text/Value,VAR_PROGRAM,VAL,,,,,,,'N:\Metrolog XG\Programmes\D-35\D-35 Hauteur Plastic Crush Rib Moule 1 (Module 44).gm2'
Text/Value,VAR_EVENEMENT,VAL,,,,,,,'FIP 05437'
Text/Value,VAR_COMMENTAIRES,VAL,,,,,,,'292 A '
Circle,CIR_3_FL,X,124.251,124.294,-0.043,,,,Criterion : Least Square (From 6 Pts On PL_PLAST_FL_3) 
Circle,CIR_3_FL,Z,-30.256,-30.147,-0.109,,,,
Pos. Tol.,POS_3_FLANGE,PTOL,0.235,0.000,0.235,0.000,1.000,,CIR_3_FL/NOMINAL - CS_ABC - C-Zone - XZ - Nominal
Circle,CIR_3_TOP,X,124.817,124.294,0.523,,,,Criterion : Least Square (From 6 Pts On PL_PLAST_TOP_3) 
Circle,CIR_3_TOP,Z,-30.081,-30.147,0.066,,,,
Pos. Tol.,POS_3_TOP,PTOL,1.054,0.000,1.054,0.000,2.000,,CIR_3_TOP/NOMINAL - CS_ABC - C-Zone - XZ - Nominal
Distance,PLASTIC_HEIGHT,D1,100.167,100.350,-0.183,-0.200,0.200,,CIR_3_FL - CIR_3_TOP / CS_ABC
