Feat. Type,Feat. Name,Value,Actual,Nominal,Dev.,Tol-,Tol+,Out of Tol.,Comment
Text/Value,VAR_PROGRAM,VAL,,,,,,,'N:\Metrolog XG\Programmes\GM HF RWD Continental\GM HF RWD Continental Complete Module 51.gm2'
Text/Value,VAR_EVENEMENT,VAL,,,,,,,'FIP 5515 changement parametre presse'
Text/Value,VAR_COMMENTAIRES,VAL,,,,,,,'287 C'
Text/Value,SRF_A,VAL,0.244216,0.000000,0.244216,0.000000,0.500000,,
Circle,CIR_B,DIAM,9.788,9.850,-0.062,-0.100,0.100,,Criterion : Least Square (From 4 Pts On PL_FIXTURE) 
Distance,DIAMETRE_C,D1,9.980,9.900,0.080,-0.100,0.100,,SRF_C_TOP - SRF_C_DOWN / CS_ABC
Point,PNT_C_PRJ_FIXT,X,-141.997,-142.000,0.003,,,,Proj. PNT_MID_C / PL_FIXTURE.
Point,PNT_C_PRJ_FIXT,Z,-46.000,-46.000,0.001,,,,
Pos. Tol.,POS_C,PTOL,0.006,0.000,0.006,0.000,1.400,,PNT_C_PRJ_FIXT/NOMINAL - CS_ABC - C-Zone - XZ - Nominal
Circle,CIR1,X,-227.957,-228.500,0.543,,,,From 4 Pts On PL_FIXTURE
Circle,CIR1,Z,-77.684,-78.000,0.316,,,,
Pos. Tol.,POS_1,PTOL,1.257,0.000,1.257,0.000,1.500,,CIR1/NOMINAL - CS_ABC - C-Zone - XZ - Nominal
Circle,CIR2,X,-125.010,-125.500,0.490,,,,From 4 Pts On PL_FIXTURE
Circle,CIR2,Z,-77.998,-78.000,0.003,,,,
Pos. Tol.,POS_2,PTOL,0.981,0.000,0.981,0.000,1.500,,CIR2/NOMINAL - CS_ABC - C-Zone - XZ - Nominal
Circle,CIR3,X,-21.934,-22.500,0.566,,,,From 4 Pts On PL_FIXTURE
Circle,CIR3,Z,-77.967,-78.000,0.034,,,,
Pos. Tol.,POS_3,PTOL,1.134,0.000,1.134,0.000,1.500,,CIR3/NOMINAL - CS_ABC - C-Zone - XZ - Nominal
Circle,CIR4,X,86.962,86.500,0.462,,,,From 4 Pts On PL_FIXTURE
Circle,CIR4,Z,31.782,32.000,-0.218,,,,
Pos. Tol.,POS_4,PTOL,1.022,0.000,1.022,0.000,1.500,,CIR4/NOMINAL - CS_ABC - C-Zone - XZ - Nominal
Circle,CIR5,X,-15.853,-16.500,0.647,,,,From 4 Pts On PL_FIXTURE
Circle,CIR5,Z,31.850,32.000,-0.150,,,,
Pos. Tol.,POS_5,PTOL,1.328,0.000,1.328,0.000,1.500,,CIR5/NOMINAL - CS_ABC - C-Zone - XZ - Nominal
Circle,CIR6,X,-119.003,-119.500,0.497,,,,From 4 Pts On PL_FIXTURE
Circle,CIR6,Z,32.208,32.000,0.208,,,,
Pos. Tol.,POS_6,PTOL,1.078,0.000,1.078,0.000,1.500,,CIR6/NOMINAL - CS_ABC - C-Zone - XZ - Nominal
Profile of Line,PROF_OP1,PRFL,0.476,0.000,0.476,0.000,1.500,,SCT_OP1
Profile of Line,PROF_OP2,PRFL,0.501,0.000,0.501,0.000,1.500,,SCT_OP2
Profile of Line,PROF_OP3,PRFL,0.424,0.000,0.424,0.000,1.500,,SCT_OP3
Profile of Line,PROF_OP4,PRFL,1.052,0.000,1.052,0.000,1.500,,SCT_OP4
Profile of Line,PROF_OP5,PRFL,0.723,0.000,0.723,0.000,1.500,,SCT_OP5
Profile of Line,PROF_OP6,PRFL,0.555,0.000,0.555,0.000,1.500,,SCT_OP6
Distance,OP1_WIDTH_1,D1,3.049,3.000,0.049,-0.150,0.150,,OP1_P2 - OP1_P3 / OP1_CS
Distance,OP1_WIDTH_5,D1,3.052,3.000,0.052,-0.150,0.150,,OP1_P22 - OP1_P23 / OP1_CS
Distance,OP1_WIDTH_9,D1,3.049,3.000,0.049,-0.150,0.150,,OP1_P42 - OP1_P43 / OP1_CS
Distance,OP1_WIDTH_12,D1,3.006,3.000,0.006,-0.150,0.150,,OP1_P57 - OP1_P58 / OP1_CS
Distance,OP1_DEPTH_1,Y,5.101,5.000,0.101,-0.100,0.250,,OP1_P4 - PL_FIXTURE / OP1_CS
Distance,OP1_DEPTH_5,Y,5.076,5.000,0.076,-0.100,0.200,,OP1_P24 - PL_FIXTURE / OP1_CS
Distance,OP1_DEPTH_9,Y,5.091,5.000,0.091,-0.100,0.200,,OP1_P44 - PL_FIXTURE / OP1_CS
Distance,OP1_DEPTH_12,Y,5.053,5.000,0.053,-0.100,0.200,,OP1_P59 - PL_FIXTURE / OP1_CS
Distance,OP2_WIDTH_1,D1,3.043,3.000,0.043,-0.150,0.150,,OP2_P2 - OP2_P3 / OP2_CS
Distance,OP2_WIDTH_5,D1,3.094,3.000,0.094,-0.150,0.150,,OP2_P22 - OP2_P23 / OP2_CS
Distance,OP2_WIDTH_9,D1,3.112,3.000,0.112,-0.150,0.150,,OP2_P42 - OP2_P43 / OP2_CS
Distance,OP2_WIDTH_12,D1,3.070,3.000,0.070,-0.150,0.150,,OP2_P57 - OP2_P58 / OP2_CS
Distance,OP2_DEPTH_1,Y,5.063,5.000,0.063,-0.100,0.200,,OP2_P4 - PL_FIXTURE / OP2_CS
Distance,OP2_DEPTH_5,Y,5.045,5.000,0.045,-0.100,0.200,,OP2_P24 - PL_FIXTURE / OP2_CS
Distance,OP2_DEPTH_9,Y,5.060,5.000,0.060,-0.100,0.200,,OP2_P44 - PL_FIXTURE / OP2_CS
Distance,OP2_DEPTH_12,Y,5.026,5.000,0.026,-0.100,0.200,,OP2_P59 - PL_FIXTURE / OP2_CS
Distance,OP3_WIDTH_1,D1,3.065,3.000,0.065,-0.150,0.150,,OP3_P2 - OP3_P3 / OP3_CS
Distance,OP3_WIDTH_5,D1,3.047,3.000,0.047,-0.150,0.150,,OP3_P22 - OP3_P23 / OP3_CS
Distance,OP3_WIDTH_9,D1,3.074,3.000,0.074,-0.150,0.150,,OP3_P42 - OP3_P43 / OP3_CS
Distance,OP3_WIDTH_12,D1,3.102,3.000,0.102,-0.150,0.150,,OP3_P57 - OP3_P58 / OP3_CS
Distance,OP3_DEPTH_1,Y,4.978,5.000,-0.022,-0.100,0.200,,OP3_P4 - PL_FIXTURE / OP3_CS
Distance,OP3_DEPTH_5,Y,4.920,5.000,-0.080,-0.100,0.200,,OP3_P24 - PL_FIXTURE / OP3_CS
Distance,OP3_DEPTH_9,Y,4.989,5.000,-0.011,-0.100,0.200,,OP3_P44 - PL_FIXTURE / OP3_CS
Distance,OP3_DEPTH_12,Y,4.978,5.000,-0.022,-0.100,0.200,,OP3_P59 - PL_FIXTURE / OP3_CS
Distance,OP4_WIDTH_1,D1,3.024,3.000,0.024,-0.150,0.150,,OP4_P2 - OP4_P3 / OP4_CS
Distance,OP4_WIDTH_5,D1,2.990,3.000,-0.010,-0.150,0.150,,OP4_P22 - OP4_P23 / OP4_CS
Distance,OP4_WIDTH_9,D1,3.032,3.000,0.032,-0.150,0.150,,OP4_P42 - OP4_P43 / OP4_CS
Distance,OP4_WIDTH_12,D1,3.072,3.000,0.072,-0.150,0.150,,OP4_P57 - OP4_P58 / OP4_CS
Distance,OP4_DEPTH_1,Y,4.947,5.000,-0.053,-0.100,0.200,,OP4_P4 - PL_FIXTURE / OP4_CS
Distance,OP4_DEPTH_5,Y,5.038,5.000,0.038,-0.100,0.200,,OP4_P24 - PL_FIXTURE / OP4_CS
Distance,OP4_DEPTH_9,Y,5.041,5.000,0.041,-0.100,0.200,,OP4_P44 - PL_FIXTURE / OP4_CS
Distance,OP4_DEPTH_12,Y,4.942,5.000,-0.058,-0.100,0.200,,OP4_P59 - PL_FIXTURE / OP4_CS
Distance,OP5_WIDTH_1,D1,3.021,3.000,0.021,-0.150,0.150,,OP5_P2 - OP5_P3 / OP5_CS
Distance,OP5_WIDTH_5,D1,3.005,3.000,0.005,-0.150,0.150,,OP5_P22 - OP5_P23 / OP5_CS
Distance,OP5_WIDTH_9,D1,3.076,3.000,0.076,-0.150,0.150,,OP5_P42 - OP5_P43 / OP5_CS
Distance,OP5_WIDTH_12,D1,3.058,3.000,0.058,-0.150,0.150,,OP5_P57 - OP5_P58 / OP5_CS
Distance,OP5_DEPTH_1,Y,4.993,5.000,-0.007,-0.100,0.200,,OP5_P4 - PL_FIXTURE / OP5_CS
Distance,OP5_DEPTH_5,Y,5.063,5.000,0.063,-0.100,0.200,,OP5_P24 - PL_FIXTURE / OP5_CS
Distance,OP5_DEPTH_9,Y,4.985,5.000,-0.015,-0.100,0.200,,OP5_P44 - PL_FIXTURE / OP5_CS
Distance,OP5_DEPTH_12,Y,4.943,5.000,-0.057,-0.100,0.200,,OP5_P59 - PL_FIXTURE / OP5_CS
Distance,OP6_WIDTH_1,D1,3.074,3.000,0.074,-0.150,0.150,,OP6_P2 - OP6_P3 / OP6_CS
Distance,OP6_WIDTH_5,D1,3.036,3.000,0.036,-0.150,0.150,,OP6_P22 - OP6_P23 / OP6_CS
Distance,OP6_WIDTH_9,D1,3.094,3.000,0.094,-0.150,0.150,,OP6_P42 - OP6_P43 / OP6_CS
Distance,OP6_WIDTH_12,D1,3.100,3.000,0.100,-0.150,0.150,,OP6_P57 - OP6_P58 / OP6_CS
Distance,OP6_DEPTH_1,Y,5.073,5.000,0.073,-0.100,0.200,,OP6_P4 - PL_FIXTURE / OP6_CS
Distance,OP6_DEPTH_5,Y,5.145,5.000,0.145,-0.100,0.200,,OP6_P24 - PL_FIXTURE / OP6_CS
Distance,OP6_DEPTH_9,Y,5.110,5.000,0.110,-0.100,0.200,,OP6_P44 - PL_FIXTURE / OP6_CS
Distance,OP6_DEPTH_12,Y,5.008,5.000,0.008,-0.100,0.200,,OP6_P59 - PL_FIXTURE / OP6_CS
Circle,CIR_A,X,274.583,274.167,0.417,,,,Criterion : Least Square (From 8 Pts On PL_D) 
Circle,CIR_A,Y,-3.401,-2.040,-1.360,,,,
Circle,CIR_A,Z,-22.857,-22.952,0.096,,,,
Circle,CIR_INS_11,X,285.396,285.410,-0.014,,,,Criterion : Least Square (From 6 Pts On PL_INS_11) 
Circle,CIR_INS_11,Y,26.769,27.389,-0.620,,,,
Circle,CIR_INS_11,Z,18.972,19.110,-0.138,,,,
Pos. Tol.,POS_11,PTOL,1.270,0.000,1.270,0.000,3.000,,CIR_INS_11/NOMINAL - CS_ABC - C-Zone - XYZ - Nominal
Circle,CIR_INS_12,X,285.282,285.410,-0.128,,,,Criterion : Least Square (From 6 Pts On PL_INS_12) 
Circle,CIR_INS_12,Y,27.495,27.389,0.106,,,,
Circle,CIR_INS_12,Z,-64.193,-64.890,0.697,,,,
Pos. Tol.,POS_12,PTOL,1.433,0.000,1.433,0.000,3.000,,CIR_INS_12/NOMINAL - CS_ABC - C-Zone - XYZ - Nominal
Circle,CIR_INS_13,X,264.742,263.863,0.879,,,,Criterion : Least Square (From 6 Pts On PL_INS_13) 
Circle,CIR_INS_13,Y,-31.815,-31.812,-0.004,,,,
Circle,CIR_INS_13,Z,-64.701,-64.900,0.199,,,,
Pos. Tol.,POS_13,PTOL,1.802,0.000,1.802,0.000,3.000,,CIR_INS_13/NOMINAL - CS_ABC - C-Zone - XYZ - Nominal
Circle,CIR_INS_14,X,264.306,263.863,0.443,,,,Criterion : Least Square (From 6 Pts On PL_INS_14) 
Circle,CIR_INS_14,Y,-32.037,-31.812,-0.226,,,,
Circle,CIR_INS_14,Z,19.244,19.100,0.144,,,,
Pos. Tol.,POS_14,PTOL,1.036,0.000,1.036,0.000,3.000,,CIR_INS_14/NOMINAL - CS_ABC - C-Zone - XYZ - Nominal
Circle,2D_CIR_INS_11,Y,31.174,31.500,-0.326,,,,
Circle,2D_CIR_INS_11,Z,41.501,42.000,-0.499,,,,
Pos. Tol.,POS_2D_11,PTOL,1.192,0.000,1.192,0.000,0.800,0.392,2D_CIR_INS_11/NOMINAL - CS_D_BF - C-Zone - YZ - Nominal
Circle,2D_CIR_INS_12,Y,31.445,31.500,-0.055,,,,
Circle,2D_CIR_INS_12,Z,-41.666,-42.000,0.334,,,,
Pos. Tol.,POS_2D_12,PTOL,0.677,0.000,0.677,0.000,0.800,,2D_CIR_INS_12/NOMINAL - CS_D_BF - C-Zone - YZ - Nominal
Circle,2D_CIR_INS_13,Y,-31.322,-31.500,0.178,,,,
Circle,2D_CIR_INS_13,Z,-41.891,-42.000,0.109,,,,
Pos. Tol.,POS_2D_13,PTOL,0.418,0.000,0.418,0.000,0.800,,2D_CIR_INS_13/NOMINAL - CS_D_BF - C-Zone - YZ - Nominal
Circle,2D_CIR_INS_14,Y,-31.297,-31.500,0.203,,,,
Circle,2D_CIR_INS_14,Z,42.055,42.000,0.055,,,,
Pos. Tol.,POS_2D_14,PTOL,0.421,0.000,0.421,0.000,0.800,,2D_CIR_INS_14/NOMINAL - CS_D_BF - C-Zone - YZ - Nominal
Distance,H_11,X,0.349,0.000,0.349,0.000,0.500,,CIR_INS_11 - PL_PLAST_INS_11 / CS_D_BF
Distance,H_12,X,0.095,-0.000,0.095,0.000,0.500,,CIR_INS_12 - PL_PLAST_INS_12 / CS_D_BF
Distance,H_13,X,0.397,-0.000,0.397,0.000,0.500,,CIR_INS_13 - PL_PLAST_INS_13 / CS_D_BF
Distance,H_14,X,0.254,-0.000,0.254,0.000,0.500,,CIR_INS_14 - PL_PLAST_INS_14 / CS_D_BF
Flatness,FLAT_D,FLTN,0.559,0.000,0.559,0.000,0.500,0.059,PL_D
Distance,WIDTH_TB_2,D1,2.858,3.000,-0.142,-0.150,0.150,,0W2.5_1.2 - IW2.5_1.2 / CS_D_BF
Distance,WIDTH_TB_3,D1,2.975,3.000,-0.025,-0.150,0.150,,0W2.5_1.3 - IW2.5_1.3 / CS_D_BF
Distance,WIDTH_TB_4,D1,3.109,3.000,0.109,-0.150,0.150,,0W2.5_1.4 - IW2.5_1.4 / CS_D_BF
Distance,WIDTH_TB_7,D1,2.854,3.000,-0.146,-0.150,0.150,,0W2.5_1.7 - IW2.5_1.7 / CS_D_BF
Distance,DEPTH_TB_1,D1,5.198,5.000,0.198,-0.200,0.300,,TB_BOT_1.1 - PL_D / CS_D_BF
Distance,DEPTH_TB_2,D1,4.983,5.000,-0.017,-0.300,0.200,,TB_BOT_1.2 - PL_D / CS_D_BF
Distance,DEPTH_TB_5,D1,4.910,5.000,-0.090,-0.350,0.150,,TB_BOT_1.5 - PL_D / CS_D_BF
Distance,DEPTH_TB_6,D1,5.115,5.000,0.115,-0.150,0.350,,TB_BOT_1.6 - PL_D / CS_D_BF
Distance,DEPTH_TB_7,D1,5.398,5.200,0.198,-0.250,0.250,,TB_BOT_1.7 - PL_D / CS_D_BF
Distance,DEPTH_TB_8,D1,5.410,5.200,0.210,-0.250,0.250,,TB_BOT_1.8 - PL_D / CS_D_BF
Profile of Line,PROF_2D_IW_TB,PRFL,0.684,0.000,0.684,0.000,1.500,,SCT_2D_IW_TB
Circle,CIR_15_GAGE_9,DIAM,12.159,12.170,-0.011,-0.050,0.050,,Criterion : Least Square (From 12 Pts On PL_PLAST_15) 
Circle,CIR_15_GAGE_9,X,-35.067,-34.610,-0.457,,,,
Circle,CIR_15_GAGE_9,Y,53.672,54.210,-0.538,,,,
Circle,CIR_15_GAGE_9,Z,133.668,133.280,0.388,,,,
Pos. Tol.,POS_15,PTOL,1.612,0.000,1.612,0.000,3.500,,CIR_15_GAGE_9/NOMINAL - CS_ABC - C-Zone - XYZ - Nominal
Circle,CIR_16,X,-32.061,-31.440,-0.621,,,,Criterion : Least Square (From 6 Pts On PL_INS_16) 
Circle,CIR_16,Y,45.700,46.200,-0.500,,,,
Circle,CIR_16,Z,155.573,155.150,0.423,,,,
Pos. Tol.,POS_16,PTOL,1.804,0.000,1.804,0.000,3.000,,CIR_16/NOMINAL - CS_ABC - C-Zone - XYZ - Nominal
Distance,H_16,X,0.089,0.000,0.089,0.000,0.400,,CIR_16 - PL_PLAST_16 / CS_15_16_ROT_180
Circle,CIR_17,DIAM,6.869,6.900,-0.031,-0.250,0.250,,Criterion : Least Square (From 6 Pts On PL_PLAST_17) 
Circle,CIR_17,X,-57.947,-58.500,0.553,,,,
Circle,CIR_17,Z,114.328,114.000,0.328,,,,
Pos. Tol.,POS_17,PTOL,1.286,0.000,1.286,0.000,3.000,,CIR_17/NOMINAL - CS_ABC - C-Zone - XZ - Nominal
Circle,CIR_22,DIAM,6.835,6.900,-0.065,-0.250,0.250,,Criterion : Least Square (From 6 Pts On PL_PLAST_22) 
Circle,CIR_22,X,-58.286,-58.500,0.214,,,,
Circle,CIR_22,Z,-160.093,-160.000,-0.093,,,,
Pos. Tol.,POS_22,PTOL,0.467,0.000,0.467,0.000,3.000,,CIR_22/NOMINAL - CS_ABC - C-Zone - XZ - Nominal
Distance,PROF_17,Y,107.937,108.300,-0.363,,,,CIR_17 - ORIGIN / CS_ABC
Distance,PROF_22,Y,107.539,108.300,-0.761,,,,CIR_22 - ORIGIN / CS_ABC
Circle,CIR_18,DIAM,6.375,6.350,0.025,-0.250,0.250,,Criterion : Least Square (From 6 Pts On PL_PLAST_18) 
Circle,CIR_18,X,-122.912,-124.000,1.088,,,,
Circle,CIR_18,Y,73.277,73.500,-0.223,,,,
Pos. Tol.,POS_18,PTOL,2.311,0.000,2.311,0.000,3.000,,CIR_18/NOMINAL - CS_ABC - C-Zone - XZ - Nominal
Distance,PROF_18,Y,73.277,73.500,-0.223,-2.000,2.000,,CIR_18 - ORIGIN / CS_ABC
Circle,CIR_19,X,-260.766,-260.500,-0.266,,,,Criterion : Least Square (From 6 Pts On PL_INS_19) 
Circle,CIR_19,Z,31.785,32.000,-0.215,,,,
Pos. Tol.,POS_19,PTOL,0.685,0.000,0.685,0.000,2.000,,CIR_19/NOMINAL - CS_ABC - C-Zone - XZ - Nominal
Circle,CIR_20,X,-260.891,-260.500,-0.391,,,,Criterion : Least Square (From 6 Pts On PL_INS_20) 
Circle,CIR_20,Z,-77.383,-78.000,0.617,,,,
Pos. Tol.,POS_20,PTOL,1.461,0.000,1.461,0.000,2.000,,CIR_20/NOMINAL - CS_ABC - C-Zone - XZ - Nominal
Distance,PROF_19,Y,53.853,54.100,-0.247,-1.500,1.500,,CIR_19 - ORIGIN / CS_ABC
Distance,PROF_20,Y,53.998,54.100,-0.102,-1.500,1.500,,CIR_20 - ORIGIN / CS_ABC
Distance,H_19,Y,0.529,0.000,0.529,0.000,0.400,0.129,CIR_19 - PL_PLAST_19 / CS_TEMP_19
Distance,H_20,Y,0.270,-0.000,0.270,0.000,0.400,,CIR_20 - PL_PLAST_20 / CS_TEMP_20
Circle,CIR_21,DIAM,13.071,13.000,0.071,-0.200,0.000,0.071,Inters. PL_PLAST_21 - CYL_21.
Circle,CIR_21,X,-142.836,-143.500,0.664,,,,
Circle,CIR_21,Y,77.863,78.500,-0.637,,,,
Pos. Tol.,POS_21,PTOL,1.840,0.000,1.840,0.000,3.000,,CIR_21/NOMINAL - CS_ABC - C-Zone - XY - Nominal
Distance,PROF_21,Z,-183.131,-183.000,-0.131,-2.000,2.000,,CIR_21 - ORIGIN / CS_ABC
Circle,CIR_24_GAGE_6.25,DIAM,12.107,12.050,0.057,-0.080,0.080,,Criterion : Least Square (From 8 Pts On PL_PLAST_24_25) 
Circle,CIR_24_GAGE_6.25,X,-119.135,-119.500,0.365,,,,
Circle,CIR_24_GAGE_6.25,Z,-48.825,-49.000,0.175,,,,
Pos. Tol.,POS_24,PTOL,0.809,0.000,0.809,0.000,3.000,,CIR_24_GAGE_6.25/NOMINAL - CS_ABC - C-Zone - XZ - Nominal
Distance,PROF_24,Y,98.765,99.500,-0.735,-1.500,1.500,,CIR_24_GAGE_6.25 - ORIGIN / CS_ABC
Circle,2D_CIR_25,DIAM,4.737,4.800,-0.063,-0.100,0.100,,
Circle,2D_CIR_25,X,17.525,17.520,0.005,,,,
Circle,2D_CIR_25,Z,0.000,0.000,0.000,,,,
Pos. Tol.,POS_2D_25,PTOL,0.010,0.000,0.010,0.000,0.500,,2D_CIR_25/NOMINAL - CS_24_25 - C-Zone - XZ - Nominal
Circle,CIR_26_GAGE_6.7,DIAM,12.513,12.500,0.013,-0.100,0.100,,Criterion : Least Square (From 8 Pts On PL_26) 
Circle,CIR_26_GAGE_6.7,X,111.974,111.500,0.474,,,,
Circle,CIR_26_GAGE_6.7,Z,-22.938,-23.000,0.062,,,,
Pos. Tol.,POS_26,PTOL,0.957,0.000,0.957,0.000,3.000,,CIR_26_GAGE_6.7/NOMINAL - CS_ABC - C-Zone - XZ - Nominal
Angle,ANG_26,3D,0.930,0.000,0.930,-3.000,3.000,,LINE_MIDDLE_26 - X-AXIS / CS_ABC
