Feat. Type,Feat. Name,Value,Actual,Nominal,Dev.,Tol-,Tol+,Out of Tol.,Comment
Text/Value,VAR_PROGRAM,VAL,,,,,,,'N:\Metrolog XG\Programmes\Denso 507F\Denso 507F Stage-1 Module 51.gm2'
Text/Value,VAR_EVENEMENT,VAL,,,,,,,'Smed Stage 1'
Text/Value,VAR_COMMENTAIRES,VAL,,,,,,,'351 A'
Flatness,FLAT_ACIS,FLTN,0.677,0.000,0.677,0.000,0.600,0.077,PL_ACIS
Distance,H41,Z,0.139,-0.000,0.139,0.000,0.300,,CIR_41 - PL_PLAST_41 / CS_ZMN_BF
Distance,H42,Z,0.027,-0.000,0.027,0.000,0.300,,CIR_42 - PL_PLAST_42 / CS_ZMN_BF
Distance,H43,Z,0.181,0.000,0.181,0.000,0.300,,CIR_43 - PL_PLAST_43 / CS_ZMN_BF
Distance,H44,Z,0.121,0.000,0.121,0.000,0.300,,CIR_44 - PL_PLAST_44 / CS_ZMN_BF
Distance,H45,Z,0.086,-0.000,0.086,0.000,0.300,,CIR_45 - PL_PLAST_45 / CS_ZMN_BF
Distance,H46,Z,0.143,0.000,0.143,0.000,0.300,,CIR_46 - PL_PLAST_46 / CS_ZMN_BF
Distance,WIDTH_1_OP47,D1,3.445,3.500,-0.055,-0.500,0.500,,SRF_OW_1_OP47 - SRF_IW_1_OP47 / CS_BF_OP47
Distance,WIDTH_2_OP47,D1,3.197,3.500,-0.303,-0.500,0.500,,SRF_OW_2_OP47 - SRF_IW_2_OP47 / CS_BF_OP47
Distance,WIDTH_3_OP47,D1,3.448,3.500,-0.052,-0.500,0.500,,SRF_OW_3_OP47 - SRF_IW_3_OP47 / CS_BF_OP47
Distance,WIDTH_4_OP47,D1,3.407,3.500,-0.093,-0.500,0.500,,SRF_OW_4_OP47 - SRF_IW_4_OP47 / CS_BF_OP47
Distance,WIDTH_5_OP47,D1,3.426,3.500,-0.074,-0.500,0.500,,SRF_OW_5_OP47 - SRF_IW_5_OP47 / CS_BF_OP47
Distance,WIDTH_6_OP47,D1,3.395,3.500,-0.105,-0.500,0.500,,SRF_OW_6_OP47 - SRF_IW_6_OP47 / CS_BF_OP47
Distance,DEPTH_1_OP47,Z,-4.959,-5.000,0.041,-0.500,0.500,,SRF_DP_1_OP47 - SRF_Z_1_OP47 / CS_BF_OP47
Distance,DEPTH_2_OP47,Z,-4.917,-5.000,0.083,-0.500,0.500,,SRF_DP_2_OP47 - SRF_Z_2_OP47 / CS_BF_OP47
Distance,DEPTH_3_OP47,Z,-5.020,-5.000,-0.020,-0.500,0.500,,SRF_DP_3_OP47 - SRF_Z_3_OP47 / CS_BF_OP47
Distance,DEPTH_4_OP47,Z,-4.977,-5.000,0.023,-0.500,0.500,,SRF_DP_4_OP47 - SRF_Z_4_OP47 / CS_BF_OP47
Distance,DEPTH_5_OP47,Z,-5.035,-5.000,-0.035,-0.500,0.500,,SRF_DP_5_OP47 - SRF_Z_5_OP47 / CS_BF_OP47
Distance,DEPTH_6_OP47,Z,-5.010,-5.000,-0.010,-0.500,0.500,,SRF_DP_6_OP47 - SRF_Z_6_OP47 / CS_BF_OP47
Distance,WIDTH_1_OP48,D1,3.394,3.500,-0.106,-0.500,0.500,,SRF_OW_1_OP48 - SRF_IW_1_OP48 / CS_BF_OP48
Distance,WIDTH_2_OP48,D1,3.404,3.500,-0.096,-0.500,0.500,,SRF_OW_2_OP48 - SRF_IW_2_OP48 / CS_BF_OP48
Distance,WIDTH_3_OP48,D1,3.421,3.500,-0.079,-0.500,0.500,,SRF_OW_3_OP48 - SRF_IW_3_OP48 / CS_BF_OP48
Distance,WIDTH_4_OP48,D1,3.502,3.500,0.002,-0.500,0.500,,SRF_OW_4_OP48 - SRF_IW_4_OP48 / CS_BF_OP48
Distance,WIDTH_5_OP48,D1,3.430,3.500,-0.070,-0.500,0.500,,SRF_OW_5_OP48 - SRF_IW_5_OP48 / CS_BF_OP48
Distance,WIDTH_6_OP48,D1,3.352,3.500,-0.148,-0.500,0.500,,SRF_OW_6_OP48 - SRF_IW_6_OP48 / CS_BF_OP48
Distance,DEPTH_1_OP48,Z,-4.921,-5.000,0.079,-0.500,0.500,,SRF_DP_1_OP48 - SRF_Z_1_OP48 / CS_BF_OP48
Distance,DEPTH_2_OP48,Z,-5.055,-5.000,-0.055,-0.500,0.500,,SRF_DP_2_OP48 - SRF_Z_2_OP48 / CS_BF_OP48
Distance,DEPTH_3_OP48,Z,-5.025,-5.000,-0.025,-0.500,0.500,,SRF_DP_3_OP48 - SRF_Z_3_OP48 / CS_BF_OP48
Distance,DEPTH_4_OP48,Z,-5.009,-5.000,-0.009,-0.500,0.500,,SRF_DP_4_OP48 - SRF_Z_4_OP48 / CS_BF_OP48
Distance,DEPTH_5_OP48,Z,-5.014,-5.000,-0.014,-0.500,0.500,,SRF_DP_5_OP48 - SRF_Z_5_OP48 / CS_BF_OP48
Distance,DEPTH_6_OP48,Z,-4.972,-5.000,0.028,-0.500,0.500,,SRF_DP_6_OP48 - SRF_Z_6_OP48 / CS_BF_OP48
Distance,WIDTH_1_OP49,D1,3.459,3.500,-0.041,-0.500,0.500,,SRF_OW_1_OP49 - SRF_IW_1_OP49 / CS_BF_OP49
Distance,WIDTH_2_OP49,D1,3.178,3.500,-0.322,-0.500,0.500,,SRF_OW_2_OP49 - SRF_IW_2_OP49 / CS_BF_OP49
Distance,WIDTH_3_OP49,D1,3.480,3.500,-0.020,-0.500,0.500,,SRF_OW_3_OP49 - SRF_IW_3_OP49 / CS_BF_OP49
Distance,WIDTH_4_OP49,D1,3.521,3.500,0.021,-0.500,0.500,,SRF_OW_4_OP49 - SRF_IW_4_OP49 / CS_BF_OP49
Distance,WIDTH_5_OP49,D1,3.444,3.500,-0.056,-0.500,0.500,,SRF_OW_5_OP49 - SRF_IW_5_OP49 / CS_BF_OP49
Distance,WIDTH_6_OP49,D1,3.374,3.500,-0.126,-0.500,0.500,,SRF_OW_6_OP49 - SRF_IW_6_OP49 / CS_BF_OP49
Distance,DEPTH_1_OP49,Z,-4.867,-5.000,0.133,-0.500,0.500,,SRF_DP_1_OP49 - SRF_Z_1_OP49 / CS_BF_OP49
Distance,DEPTH_2_OP49,Z,-5.097,-5.000,-0.097,-0.500,0.500,,SRF_DP_2_OP49 - SRF_Z_2_OP49 / CS_BF_OP49
Distance,DEPTH_3_OP49,Z,-5.011,-5.000,-0.011,-0.500,0.500,,SRF_DP_3_OP49 - SRF_Z_3_OP49 / CS_BF_OP49
Distance,DEPTH_4_OP49,Z,-5.042,-5.000,-0.042,-0.500,0.500,,SRF_DP_4_OP49 - SRF_Z_4_OP49 / CS_BF_OP49
Distance,DEPTH_5_OP49,Z,-5.068,-5.000,-0.068,-0.500,0.500,,SRF_DP_5_OP49 - SRF_Z_5_OP49 / CS_BF_OP49
Distance,DEPTH_6_OP49,Z,-4.941,-5.000,0.059,-0.500,0.500,,SRF_DP_6_OP49 - SRF_Z_6_OP49 / CS_BF_OP49
Distance,WIDTH_1_OP50,D1,3.494,3.500,-0.006,-0.500,0.500,,SRF_OW_1_OP50 - SRF_IW_1_OP50 / CS_BF_OP50
Distance,WIDTH_2_OP50,D1,3.375,3.500,-0.125,-0.500,0.500,,SRF_OW_2_OP50 - SRF_IW_2_OP50 / CS_BF_OP50
Distance,WIDTH_3_OP50,D1,3.388,3.500,-0.112,-0.500,0.500,,SRF_OW_3_OP50 - SRF_IW_3_OP50 / CS_BF_OP50
Distance,WIDTH_4_OP50,D1,3.500,3.500,-0.000,-0.500,0.500,,SRF_OW_4_OP50 - SRF_IW_4_OP50 / CS_BF_OP50
Distance,WIDTH_5_OP50,D1,3.492,3.500,-0.008,-0.500,0.500,,SRF_OW_5_OP50 - SRF_IW_5_OP50 / CS_BF_OP50
Distance,WIDTH_6_OP50,D1,3.377,3.500,-0.123,-0.500,0.500,,SRF_OW_6_OP50 - SRF_IW_6_OP50 / CS_BF_OP50
Distance,DEPTH_1_OP50,Z,-4.907,-5.000,0.093,-0.500,0.500,,SRF_DP_1_OP50 - SRF_Z_1_OP50 / CS_BF_OP50
Distance,DEPTH_2_OP50,Z,-5.075,-5.000,-0.075,-0.500,0.500,,SRF_DP_2_OP50 - SRF_Z_2_OP50 / CS_BF_OP50
Distance,DEPTH_3_OP50,Z,-4.975,-5.000,0.025,-0.500,0.500,,SRF_DP_3_OP50 - SRF_Z_3_OP50 / CS_BF_OP50
Distance,DEPTH_4_OP50,Z,-4.958,-5.000,0.042,-0.500,0.500,,SRF_DP_4_OP50 - SRF_Z_4_OP50 / CS_BF_OP50
Distance,DEPTH_5_OP50,Z,-5.086,-5.000,-0.086,-0.500,0.500,,SRF_DP_5_OP50 - SRF_Z_5_OP50 / CS_BF_OP50
Distance,DEPTH_6_OP50,Z,-5.013,-5.000,-0.013,-0.500,0.500,,SRF_DP_6_OP50 - SRF_Z_6_OP50 / CS_BF_OP50
Distance,WIDTH_1_OP51,D1,3.334,3.500,-0.166,-0.500,0.500,,SRF_OW_1_OP51 - SRF_IW_1_OP51 / CS_BF_OP51
Distance,WIDTH_2_OP51,D1,3.393,3.500,-0.107,-0.500,0.500,,SRF_OW_2_OP51 - SRF_IW_2_OP51 / CS_BF_OP51
Distance,WIDTH_3_OP51,D1,3.409,3.500,-0.091,-0.500,0.500,,SRF_OW_3_OP51 - SRF_IW_3_OP51 / CS_BF_OP51
Distance,WIDTH_4_OP51,D1,3.505,3.500,0.005,-0.500,0.500,,SRF_OW_4_OP51 - SRF_IW_4_OP51 / CS_BF_OP51
Distance,WIDTH_5_OP51,D1,3.477,3.500,-0.023,-0.500,0.500,,SRF_OW_5_OP51 - SRF_IW_5_OP51 / CS_BF_OP51
Distance,WIDTH_6_OP51,D1,3.362,3.500,-0.138,-0.500,0.500,,SRF_OW_6_OP51 - SRF_IW_6_OP51 / CS_BF_OP51
Distance,DEPTH_1_OP51,Z,-5.013,-5.000,-0.013,-0.500,0.500,,SRF_DP_1_OP51 - SRF_Z_1_OP51 / CS_BF_OP51
Distance,DEPTH_2_OP51,Z,-4.961,-5.000,0.039,-0.500,0.500,,SRF_DP_2_OP51 - SRF_Z_2_OP51 / CS_BF_OP51
Distance,DEPTH_3_OP51,Z,-4.964,-5.000,0.036,-0.500,0.500,,SRF_DP_3_OP51 - SRF_Z_3_OP51 / CS_BF_OP51
Distance,DEPTH_4_OP51,Z,-4.818,-5.000,0.182,-0.500,0.500,,SRF_DP_4_OP51 - SRF_Z_4_OP51 / CS_BF_OP51
Distance,DEPTH_5_OP51,Z,-5.000,-5.000,-0.000,-0.500,0.500,,SRF_DP_5_OP51 - SRF_Z_5_OP51 / CS_BF_OP51
Distance,DEPTH_6_OP51,Z,-5.041,-5.000,-0.041,-0.500,0.500,,SRF_DP_6_OP51 - SRF_Z_6_OP51 / CS_BF_OP51
Distance,WIDTH_1_OP52,D1,3.515,3.500,0.015,-0.500,0.500,,SRF_OW_1_OP52 - SRF_IW_1_OP52 / CS_BF_OP52
Distance,WIDTH_2_OP52,D1,3.409,3.500,-0.091,-0.500,0.500,,SRF_OW_2_OP52 - SRF_IW_2_OP52 / CS_BF_OP52
Distance,WIDTH_3_OP52,D1,3.381,3.500,-0.119,-0.500,0.500,,SRF_OW_3_OP52 - SRF_IW_3_OP52 / CS_BF_OP52
Distance,WIDTH_4_OP52,D1,3.557,3.500,0.057,-0.500,0.500,,SRF_OW_4_OP52 - SRF_IW_4_OP52 / CS_BF_OP52
Distance,WIDTH_5_OP52,D1,3.404,3.500,-0.096,-0.500,0.500,,SRF_OW_5_OP52 - SRF_IW_5_OP52 / CS_BF_OP52
Distance,WIDTH_6_OP52,D1,3.416,3.500,-0.084,-0.500,0.500,,SRF_OW_6_OP52 - SRF_IW_6_OP52 / CS_BF_OP52
Distance,DEPTH_1_OP52,Z,-4.958,-5.000,0.042,-0.500,0.500,,SRF_DP_1_OP52 - SRF_Z_1_OP52 / CS_BF_OP52
Distance,DEPTH_2_OP52,Z,-5.039,-5.000,-0.039,-0.500,0.500,,SRF_DP_2_OP52 - SRF_Z_2_OP52 / CS_BF_OP52
Distance,DEPTH_3_OP52,Z,-4.945,-5.000,0.055,-0.500,0.500,,SRF_DP_3_OP52 - SRF_Z_3_OP52 / CS_BF_OP52
Distance,DEPTH_4_OP52,Z,-5.062,-5.000,-0.062,-0.500,0.500,,SRF_DP_4_OP52 - SRF_Z_4_OP52 / CS_BF_OP52
Distance,DEPTH_5_OP52,Z,-5.014,-5.000,-0.014,-0.500,0.500,,SRF_DP_5_OP52 - SRF_Z_5_OP52 / CS_BF_OP52
Distance,DEPTH_6_OP52,Z,-5.026,-5.000,-0.026,-0.500,0.500,,SRF_DP_6_OP52 - SRF_Z_6_OP52 / CS_BF_OP52
Distance,WIDTH_1_OP53,D1,3.468,3.500,-0.032,-0.500,0.500,,SRF_OW_1_OP53 - SRF_IW_1_OP53 / CS_BF_OP53
Distance,WIDTH_2_OP53,D1,3.517,3.500,0.017,-0.500,0.500,,SRF_OW_2_OP53 - SRF_IW_2_OP53 / CS_BF_OP53
Distance,WIDTH_3_OP53,D1,3.433,3.500,-0.067,-0.500,0.500,,SRF_OW_3_OP53 - SRF_IW_3_OP53 / CS_BF_OP53
Distance,WIDTH_4_OP53,D1,3.537,3.500,0.037,-0.500,0.500,,SRF_OW_4_OP53 - SRF_IW_4_OP53 / CS_BF_OP53
Distance,WIDTH_5_OP53,D1,3.434,3.500,-0.066,-0.500,0.500,,SRF_OW_5_OP53 - SRF_IW_5_OP53 / CS_BF_OP53
Distance,WIDTH_6_OP53,D1,3.391,3.500,-0.109,-0.500,0.500,,SRF_OW_6_OP53 - SRF_IW_6_OP53 / CS_BF_OP53
Distance,DEPTH_1_OP53,Z,-5.089,-5.000,-0.089,-0.500,0.500,,SRF_DP_1_OP53 - SRF_Z_1_OP53 / CS_BF_OP53
Distance,DEPTH_2_OP53,Z,-5.045,-5.000,-0.045,-0.500,0.500,,SRF_DP_2_OP53 - SRF_Z_2_OP53 / CS_BF_OP53
Distance,DEPTH_3_OP53,Z,-4.919,-5.000,0.081,-0.500,0.500,,SRF_DP_3_OP53 - SRF_Z_3_OP53 / CS_BF_OP53
Distance,DEPTH_4_OP53,Z,-5.062,-5.000,-0.062,-0.500,0.500,,SRF_DP_4_OP53 - SRF_Z_4_OP53 / CS_BF_OP53
Distance,DEPTH_5_OP53,Z,-5.028,-5.000,-0.028,-0.500,0.500,,SRF_DP_5_OP53 - SRF_Z_5_OP53 / CS_BF_OP53
Distance,DEPTH_6_OP53,Z,-5.027,-5.000,-0.027,-0.500,0.500,,SRF_DP_6_OP53 - SRF_Z_6_OP53 / CS_BF_OP53
Distance,WIDTH_1_OP54,D1,3.536,3.500,0.036,-0.500,0.500,,SRF_OW_1_OP54 - SRF_IW_1_OP54 / CS_BF_OP54
Distance,WIDTH_2_OP54,D1,3.266,3.500,-0.234,-0.500,0.500,,SRF_OW_2_OP54 - SRF_IW_2_OP54 / CS_BF_OP54
Distance,WIDTH_3_OP54,D1,3.419,3.500,-0.081,-0.500,0.500,,SRF_OW_3_OP54 - SRF_IW_3_OP54 / CS_BF_OP54
Distance,WIDTH_4_OP54,D1,3.449,3.500,-0.051,-0.500,0.500,,SRF_OW_4_OP54 - SRF_IW_4_OP54 / CS_BF_OP54
Distance,WIDTH_5_OP54,D1,3.404,3.500,-0.096,-0.500,0.500,,SRF_OW_5_OP54 - SRF_IW_5_OP54 / CS_BF_OP54
Distance,WIDTH_6_OP54,D1,3.352,3.500,-0.148,-0.500,0.500,,SRF_OW_6_OP54 - SRF_IW_6_OP54 / CS_BF_OP54
Distance,DEPTH_1_OP54,Z,-5.120,-5.000,-0.120,-0.500,0.500,,SRF_DP_1_OP54 - SRF_Z_1_OP54 / CS_BF_OP54
Distance,DEPTH_2_OP54,Z,-5.121,-5.000,-0.121,-0.500,0.500,,SRF_DP_2_OP54 - SRF_Z_2_OP54 / CS_BF_OP54
Distance,DEPTH_3_OP54,Z,-4.974,-5.000,0.026,-0.500,0.500,,SRF_DP_3_OP54 - SRF_Z_3_OP54 / CS_BF_OP54
Distance,DEPTH_4_OP54,Z,-5.057,-5.000,-0.057,-0.500,0.500,,SRF_DP_4_OP54 - SRF_Z_4_OP54 / CS_BF_OP54
Distance,DEPTH_5_OP54,Z,-4.848,-5.000,0.152,-0.500,0.500,,SRF_DP_5_OP54 - SRF_Z_5_OP54 / CS_BF_OP54
Distance,DEPTH_6_OP54,Z,-4.987,-5.000,0.013,-0.500,0.500,,SRF_DP_6_OP54 - SRF_Z_6_OP54 / CS_BF_OP54
Circle,CIR_43,X,-330.311,-330.500,0.189,,,,Criterion : Least Square (From 6 Pts On PL_INS_43) 
Circle,CIR_43,Y,-17.531,-17.500,-0.031,,,,
Circle,CIR_44,X,-382.922,-383.200,0.278,,,,Criterion : Least Square (From 6 Pts On PL_INS_44) 
Circle,CIR_44,Y,169.279,169.500,-0.221,,,,
Circle,CIR_45,X,-194.228,-194.300,0.072,,,,Criterion : Least Square (From 6 Pts On PL_INS_45) 
Circle,CIR_45,Y,169.594,169.500,0.094,,,,
Circle,CIR_46,X,-67.099,-66.800,-0.299,,,,Criterion : Least Square (From 6 Pts On PL_INS_46) 
Circle,CIR_46,Y,169.296,169.500,-0.204,,,,
Circle,CIR_42,X,-141.620,-141.500,-0.120,,,,Criterion : Least Square (From 6 Pts On PL_INS_42) 
Circle,CIR_42,Y,-17.248,-17.500,0.252,,,,
Circle,CIR_41,X,-14.360,-14.000,-0.360,,,,Criterion : Least Square (From 6 Pts On PL_INS_41) 
Circle,CIR_41,Y,-17.376,-17.500,0.124,,,,
