Feat. Type,Feat. Name,Value,Actual,Nominal,Dev.,Tol-,Tol+,Out of Tol.,Comment
Text/Value,VAR_PROGRAM,VAL,,,,,,,'N:\Metrolog XG\Programmes\Ford Transmission Pan 10R\Ford Transmission Pan 10R Complete (Module_51).gm2'
Text/Value,VAR_EVENEMENT,VAL,,,,,,,'PPAP'
Text/Value,VAR_COMMENTAIRES,VAL,,,,,,,'C2P21'
Text/Value,PROFILE_A,VAL,0.228100,0.000000,0.228100,0.000000,0.250000,,
Circle,CIR_1,DIAM,7.103,7.100,0.003,-0.050,0.050,,Criterion : Least Square (From 4 Pts On PL_FIXTURE) 
Circle,CIR_1,X,0.000,0.000,0.000,,,,
Circle,CIR_1,Z,0.000,0.000,0.000,,,,
Circle,CIR_2,DIAM,7.119,7.100,0.019,-0.050,0.050,,Criterion : Least Square (From 4 Pts On PL_FIXTURE) 
Circle,CIR_2,X,-80.163,-80.079,-0.085,,,,
Circle,CIR_2,Z,-2.839,-2.811,-0.028,,,,
Circle,CIR_3,DIAM,7.120,7.100,0.020,-0.050,0.050,,Criterion : Least Square (From 4 Pts On PL_FIXTURE) 
Circle,CIR_3,X,-170.124,-170.079,-0.045,,,,
Circle,CIR_3,Z,-2.821,-2.811,-0.010,,,,
Circle,CIR_4,DIAM,7.993,8.300,-0.307,-0.050,0.050,-0.257,Criterion : Least Square (From 4 Pts On PL_FIXTURE) 
Circle,CIR_4,X,-224.649,-224.499,-0.150,,,,
Circle,CIR_4,Z,-4.424,-4.571,0.147,,,,
Circle,CIR_5,DIAM,7.112,7.100,0.012,-0.050,0.050,,Criterion : Least Square (From 4 Pts On PL_FIXTURE) 
Circle,CIR_5,X,-249.673,-249.499,-0.174,,,,
Circle,CIR_5,Z,-1.542,-1.571,0.029,,,,
Circle,CIR_6,DIAM,7.114,7.100,0.014,-0.050,0.050,,Criterion : Least Square (From 4 Pts On PL_FIXTURE) 
Circle,CIR_6,X,-272.880,-272.679,-0.202,,,,
Circle,CIR_6,Z,78.315,78.140,0.175,,,,
Circle,CIR_7,DIAM,7.114,7.100,0.014,-0.050,0.050,,Criterion : Least Square (From 4 Pts On PL_FIXTURE) 
Circle,CIR_7,X,-272.777,-272.679,-0.098,,,,
Circle,CIR_7,Z,157.197,157.140,0.057,,,,
Circle,CIR_8,DIAM,7.114,7.100,0.014,-0.050,0.050,,Criterion : Least Square (From 4 Pts On PL_FIXTURE) 
Circle,CIR_8,X,-272.638,-272.679,0.040,,,,
Circle,CIR_8,Z,236.201,236.140,0.061,,,,
Circle,CIR_9,DIAM,7.112,7.100,0.012,-0.050,0.050,,Criterion : Least Square (From 4 Pts On PL_FIXTURE) 
Circle,CIR_9,X,-272.681,-272.679,-0.002,,,,
Circle,CIR_9,Z,315.195,315.140,0.055,,,,
Circle,CIR_10,DIAM,7.116,7.100,0.016,-0.050,0.050,,Criterion : Least Square (From 4 Pts On PL_FIXTURE) 
Circle,CIR_10,X,-272.698,-272.679,-0.020,,,,
Circle,CIR_10,Z,394.145,394.140,0.005,,,,
Circle,CIR_11,DIAM,7.115,7.100,0.015,-0.050,0.050,,Criterion : Least Square (From 4 Pts On PL_FIXTURE) 
Circle,CIR_11,X,-254.644,-254.552,-0.092,,,,
Circle,CIR_11,Z,463.679,463.580,0.099,,,,
Circle,CIR_12,DIAM,7.118,7.100,0.018,-0.050,0.050,,Criterion : Least Square (From 4 Pts On PL_FIXTURE) 
Circle,CIR_12,X,-166.952,-166.879,-0.073,,,,
Circle,CIR_12,Z,474.564,474.589,-0.025,,,,
Circle,CIR_13,DIAM,7.117,7.100,0.017,-0.050,0.050,,Criterion : Least Square (From 4 Pts On PL_FIXTURE) 
Circle,CIR_13,X,-79.211,-79.279,0.068,,,,
Circle,CIR_13,Z,474.533,474.589,-0.056,,,,
Circle,CIR_14,DIAM,8.099,8.300,-0.201,-0.050,0.050,-0.151,Criterion : Least Square (From 4 Pts On PL_FIXTURE) 
Circle,CIR_14,X,-19.555,-19.499,-0.056,,,,
Circle,CIR_14,Z,473.139,473.429,-0.290,,,,
Circle,CIR_15,DIAM,7.113,7.100,0.013,-0.050,0.050,,Criterion : Least Square (From 4 Pts On PL_FIXTURE) 
Circle,CIR_15,X,8.284,8.321,-0.037,,,,
Circle,CIR_15,Z,470.608,470.589,0.018,,,,
Circle,CIR_16,DIAM,7.117,7.100,0.017,-0.050,0.050,,Criterion : Least Square (From 4 Pts On PL_FIXTURE) 
Circle,CIR_16,X,17.374,17.321,0.053,,,,
Circle,CIR_16,Z,387.452,387.439,0.013,,,,
Circle,CIR_17,DIAM,7.116,7.100,0.016,-0.050,0.050,,Criterion : Least Square (From 4 Pts On PL_FIXTURE) 
Circle,CIR_17,X,17.685,17.321,0.363,,,,
Circle,CIR_17,Z,304.185,304.239,-0.054,,,,
Circle,CIR_18,DIAM,7.118,7.100,0.018,-0.050,0.050,,Criterion : Least Square (From 4 Pts On PL_FIXTURE) 
Circle,CIR_18,X,17.590,17.321,0.268,,,,
Circle,CIR_18,Z,227.937,228.000,-0.063,,,,
Circle,CIR_19,DIAM,7.116,7.100,0.016,-0.050,0.050,,Criterion : Least Square (From 4 Pts On PL_FIXTURE) 
Circle,CIR_19,X,17.700,17.321,0.378,,,,
Circle,CIR_19,Z,152.015,152.000,0.015,,,,
Circle,CIR_20,DIAM,7.118,7.100,0.018,-0.050,0.050,,Criterion : Least Square (From 4 Pts On PL_FIXTURE) 
Circle,CIR_20,X,17.717,17.321,0.396,,,,
Circle,CIR_20,Z,76.149,76.000,0.149,,,,
Pos. Tol.,POS_1,PTOL,0.000,0.000,0.000,0.000,0.800,,CIR_1/NOMINAL - CS_ABC - C-Zone - XZ - Nominal
Pos. Tol.,POS_2,PTOL,0.179,0.000,0.179,0.000,0.800,,CIR_2/NOMINAL - CS_ABC - C-Zone - XZ - Nominal
Pos. Tol.,POS_3,PTOL,0.092,0.000,0.092,0.000,0.800,,CIR_3/NOMINAL - CS_ABC - C-Zone - XZ - Nominal
Pos. Tol.,POS_4,PTOL,0.419,0.000,0.419,0.000,0.800,,CIR_4/NOMINAL - CS_ABC - C-Zone - XZ - Nominal
Pos. Tol.,POS_5,PTOL,0.354,0.000,0.354,0.000,0.800,,CIR_5/NOMINAL - CS_ABC - C-Zone - XZ - Nominal
Pos. Tol.,POS_6,PTOL,0.535,0.000,0.535,0.000,0.800,,CIR_6/NOMINAL - CS_ABC - C-Zone - XZ - Nominal
Pos. Tol.,POS_7,PTOL,0.227,0.000,0.227,0.000,0.800,,CIR_7/NOMINAL - CS_ABC - C-Zone - XZ - Nominal
Pos. Tol.,POS_8,PTOL,0.147,0.000,0.147,0.000,0.800,,CIR_8/NOMINAL - CS_ABC - C-Zone - XZ - Nominal
Pos. Tol.,POS_9,PTOL,0.110,0.000,0.110,0.000,0.800,,CIR_9/NOMINAL - CS_ABC - C-Zone - XZ - Nominal
Pos. Tol.,POS_10,PTOL,0.041,0.000,0.041,0.000,0.800,,CIR_10/NOMINAL - CS_ABC - C-Zone - XZ - Nominal
Pos. Tol.,POS_11,PTOL,0.271,0.000,0.271,0.000,0.800,,CIR_11/NOMINAL - CS_ABC - C-Zone - XZ - Nominal
Pos. Tol.,POS_12,PTOL,0.154,0.000,0.154,0.000,0.800,,CIR_12/NOMINAL - CS_ABC - C-Zone - XZ - Nominal
Pos. Tol.,POS_13,PTOL,0.176,0.000,0.176,0.000,0.800,,CIR_13/NOMINAL - CS_ABC - C-Zone - XZ - Nominal
Pos. Tol.,POS_14,PTOL,0.590,0.000,0.590,0.000,0.800,,CIR_14/NOMINAL - CS_ABC - C-Zone - XZ - Nominal
Pos. Tol.,POS_15,PTOL,0.083,0.000,0.083,0.000,0.800,,CIR_15/NOMINAL - CS_ABC - C-Zone - XZ - Nominal
Pos. Tol.,POS_16,PTOL,0.108,0.000,0.108,0.000,0.800,,CIR_16/NOMINAL - CS_ABC - C-Zone - XZ - Nominal
Pos. Tol.,POS_17,PTOL,0.734,0.000,0.734,0.000,0.800,,CIR_17/NOMINAL - CS_ABC - C-Zone - XZ - Nominal
Pos. Tol.,POS_18,PTOL,0.552,0.000,0.552,0.000,0.800,,CIR_18/NOMINAL - CS_ABC - C-Zone - XZ - Nominal
Pos. Tol.,POS_19,PTOL,0.758,0.000,0.758,0.000,0.800,,CIR_19/NOMINAL - CS_ABC - C-Zone - XZ - Nominal
Pos. Tol.,POS_20,PTOL,0.846,0.000,0.846,0.000,0.800,0.046,CIR_20/NOMINAL - CS_ABC - C-Zone - XZ - Nominal
Perpend.,PERP_B,PERP,0.003,0.000,0.003,0.000,0.130,,CYL_B/PL_FIXTURE - C-Zone - Cloud of Points 
Profile of Line,PROFILE_INSIDE_PAN_AT_GAGE,PRFL,2.353,0.000,2.353,0.000,3.000,,SECTION_INSIDE_2.5MM
