Feat. Type,Feat. Name,Value,Actual,Nominal,Dev.,Tol-,Tol+,Out of Tol.,Comment
Text/Value,VAR_PROGRAM,VAL,,,,,,,'N:\Metrolog XG\Programmes\Corvette LT1\Corvette LT1 Free State Boss Height (Module 44).gm2'
Text/Value,VAR_EVENEMENT,VAL,,,,,,,'D�marrage SMED '
Text/Value,VAR_COMMENTAIRES,VAL,,,,,,,'293B'
Flatness,FLAT_DATUM_A,FLTN,0.361,0.000,0.361,0.000,2.000,,PL_DATUM_A
Flatness,FLAT_DATUM_B,FLTN,0.406,0.000,0.406,0.000,2.000,,PL_DATUM_B
Text/Value,H_PLASTIC_1,VAL,145.478411,145.620000,-0.141589,-0.375000,0.375000,,
Text/Value,H_PLASTIC_2,VAL,145.491252,145.620000,-0.128748,-0.375000,0.375000,,
Text/Value,H_PLASTIC_3,VAL,145.569840,145.620000,-0.050160,-0.375000,0.375000,,
Text/Value,H_PLASTIC_4,VAL,145.497725,145.620000,-0.122275,-0.375000,0.375000,,
Text/Value,H_PLASTIC_5,VAL,145.562770,145.620000,-0.057230,-0.375000,0.375000,,
Text/Value,H_PLASTIC_6,VAL,145.375129,145.620000,-0.244871,-0.375000,0.375000,,
Text/Value,H_PLASTIC_7,VAL,145.335164,145.620000,-0.284836,-0.375000,0.375000,,
Text/Value,H_PLASTIC_8,VAL,145.487264,145.620000,-0.132736,-0.375000,0.375000,,
Text/Value,H_PLASTIC_9,VAL,145.309364,145.620000,-0.310636,-0.375000,0.375000,,
Text/Value,H_PLASTIC_10,VAL,145.559963,145.620000,-0.060037,-0.375000,0.375000,,
