Feat. Type,Feat. Name,Value,Actual,Nominal,Dev.,Tol-,Tol+,Out of Tol.,Comment
Text/Value,VAR_PROGRAM,VAL,,,,,,,'N:\Metrolog XG\Programmes\Ford Nano 2.7L\Ford Nano 2.7L Complete (Module_51 ).gm2'
Text/Value,VAR_EVENEMENT,VAL,,,,,,,'Test Hebdo Nid 1'
Text/Value,VAR_COMMENTAIRES,VAL,,,,,,,'337A'
Text/Value,FLATNESS_DATUM_A,VAL,-0.004459,0.000000,-0.004459,0.000000,0.500000,-0.004459,
Circle,CIR_B,DIAM,4.947,4.950,-0.003,-0.050,0.050,,Criterion : Least Square (From 8 Pts On PL_FIXTURE) 
Circle,CIR_B,X,0.000,0.000,0.000,,,,
Circle,CIR_B,Z,-0.000,-0.000,0.000,,,,
Circle,CIR_C,DIAM,4.436,4.450,-0.014,-0.050,0.050,,Criterion : Least Square (From 8 Pts On PL_FIXTURE) 
Circle,CIR_C,X,268.403,268.500,-0.097,,,,
Circle,CIR_C,Z,-0.000,-0.000,0.000,,,,
Circle,CIR_9,X,14.003,14.300,-0.297,,,,Criterion : Least Square (From 6 Pts On PL_INS_9) 
Circle,CIR_9,Z,-95.753,-96.800,1.047,,,,
Circle,CIR_10,X,177.686,177.800,-0.114,,,,Criterion : Least Square (From 6 Pts On PL_INS_10) 
Circle,CIR_10,Z,-95.756,-96.800,1.044,,,,
Circle,CIR_11,X,211.117,211.100,0.017,,,,Criterion : Least Square (From 6 Pts On PL_INS_11) 
Circle,CIR_11,Z,-88.126,-88.800,0.674,,,,
Circle,CIR_12,X,161.823,162.100,-0.277,,,,Criterion : Least Square (From 6 Pts On PL_INS_12) 
Circle,CIR_12,Z,-15.803,-16.800,0.997,,,,
Circle,2D_CIR_9,X,-0.092,0.000,-0.092,,,,
Circle,2D_CIR_9,Z,-0.000,0.000,0.000,,,,
Circle,2D_CIR_10,X,163.592,163.500,0.092,,,,
Circle,2D_CIR_10,Z,-0.000,0.000,0.000,,,,
Circle,2D_CIR_12,X,-49.122,-49.000,-0.122,,,,
Circle,2D_CIR_12,Z,72.179,72.000,0.179,,,,
Circle,2D_CIR_11,X,0.122,0.000,0.122,,,,
Circle,2D_CIR_11,Z,-0.179,0.000,-0.179,,,,
Circle,CIR_13,DIAM,4.832,4.800,0.032,-0.100,0.100,,Criterion : Least Square (From 6 Pts On PL_PLAST_13_14) 
Circle,CIR_13,X,84.395,84.700,-0.305,,,,
Circle,CIR_13,Z,-37.184,-37.900,0.716,,,,
Circle,CIR_14,DIAM,12.097,12.050,0.047,-0.080,0.080,,Criterion : Least Square (From 12 Pts On PL_PLAST_13_14) 
Circle,CIR_14,X,98.157,98.500,-0.343,,,,
Circle,CIR_14,Z,-51.716,-52.300,0.584,,,,
Circle,CIR_15,DIAM,6.925,6.800,0.125,-0.200,0.200,,Criterion : Least Square (From 6 Pts On PL_PLAST_15) 
Circle,CIR_15,X,125.746,126.000,-0.254,,,,
Circle,CIR_15,Z,-35.982,-36.800,0.818,,,,
Circle,CIR_16,DIAM,8.069,8.000,0.069,-0.200,0.200,,Criterion : Least Square (From 6 Pts On PL_PLAST_16) 
Circle,CIR_16,X,141.387,141.500,-0.113,,,,
Circle,CIR_16,Z,-55.844,-56.800,0.956,,,,
Circle,CIR_17,DIAM,6.834,6.800,0.035,-0.200,0.200,,Criterion : Least Square (From 6 Pts On PL_PLAST_17) 
Circle,CIR_17,X,5.481,4.900,0.581,,,,
Circle,CIR_17,Z,-130.156,-130.800,0.644,,,,
Circle,CIR_18,DIAM,6.844,6.800,0.044,-0.200,0.200,,Criterion : Least Square (From 6 Pts On PL_PLAST_18) 
Circle,CIR_18,X,179.870,179.300,0.570,,,,
Circle,CIR_18,Z,-129.911,-130.800,0.889,,,,
Circle,CIR_19,X,204.421,204.500,-0.079,,,,Criterion : Least Square (From 6 Pts On PL_PLAST_19) 
Circle,CIR_19,Z,-59.806,-60.700,0.894,,,,
Circle,CIR_20,X,187.061,187.200,-0.139,,,,Criterion : Least Square (From 6 Pts On PL_PLAST_20) 
Circle,CIR_20,Z,-33.952,-34.700,0.748,,,,
Circle,CIR_21,DIAM,4.945,5.000,-0.055,-0.200,0.200,,Criterion : Least Square (From 6 Pts On PL_PLAST_21) 
Circle,CIR_21,X,193.024,193.000,0.024,,,,
Circle,CIR_21,Z,-65.090,-65.900,0.810,,,,
Circle,CIR_22,DIAM,4.930,5.000,-0.070,-0.200,0.200,,Criterion : Least Square (From 6 Pts On PL_PLAST_22) 
Circle,CIR_22,X,175.550,175.700,-0.150,,,,
Circle,CIR_22,Z,-37.606,-38.400,0.794,,,,
Circle,CIR_23,X,295.710,295.500,0.210,,,,Criterion : Least Square (From 6 Pts On PL_INS_23) 
Circle,CIR_23,Z,-81.850,-82.200,0.350,,,,
Circle,CIR_24,DIAM,9.499,9.490,0.009,-0.060,0.060,,Inters. PL_PLAST_24 - CYL_24.
Circle,CIR_24,X,-21.867,-22.000,0.133,,,,
Circle,CIR_24,Y,129.678,130.900,-1.222,,,,
Circle,CIR_24,Z,62.595,61.900,0.695,,,,
Circle,CIR_25,DIAM,15.894,15.800,0.094,-0.100,0.100,,Inters. PL_PLAST_25 - CYL_25.
Circle,CIR_25,X,-15.777,-15.500,-0.277,,,,
Circle,CIR_25,Y,167.076,166.900,0.176,,,,
Circle,CIR_25,Z,-110.796,-111.700,0.904,,,,
Circle,CIR_26,DIAM,12.594,12.610,-0.016,-0.100,0.100,,Inters. PL_PLAST_26 - CYL_26.
Circle,CIR_26,X,252.181,252.500,-0.319,,,,
Circle,CIR_26,Y,158.969,159.400,-0.431,,,,
Circle,CIR_26,Z,-66.893,-67.800,0.907,,,,
Circle,CIR_27,DIAM,6.778,6.800,-0.022,-0.200,0.200,,Criterion : Least Square (From 6 Pts On PL_PLAST_27_28) 
Circle,CIR_27,X,270.149,270.400,-0.251,,,,
Circle,CIR_27,Y,106.276,106.500,-0.224,,,,
Circle,CIR_27,Z,-19.871,-20.600,0.729,,,,
Circle,CIR_28,DIAM,6.756,6.800,-0.044,-0.200,0.200,,Criterion : Least Square (From 6 Pts On PL_PLAST_27_28) 
Circle,CIR_28,X,277.456,277.500,-0.044,,,,
Circle,CIR_28,Y,106.189,106.500,-0.311,,,,
Circle,CIR_28,Z,-36.384,-37.100,0.716,,,,
Circle,CIR_29,DIAM,64.808,65.000,-0.192,-0.200,0.200,,Criterion : Least Square (From 20 Pts On PL_D) 
Circle,CIR_29,X,-58.829,-58.800,-0.029,,,,
Circle,CIR_29,Y,126.820,127.600,-0.780,,,,
Circle,CIR_29,Z,-15.147,-15.700,0.553,,,,
Circle,CIR_30,X,-46.045,-45.603,-0.442,,,,Criterion : Least Square (From 6 Pts On PL_INS_30) 
Circle,CIR_30,Y,89.653,90.474,-0.821,,,,
Circle,CIR_30,Z,8.391,7.963,0.428,,,,
Circle,CIR_31,X,-66.924,-66.492,-0.432,,,,Criterion : Least Square (From 6 Pts On PL_INS_31) 
Circle,CIR_31,Y,100.742,101.390,-0.647,,,,
Circle,CIR_31,Z,-52.053,-52.614,0.560,,,,
Circle,CIR_32,X,-71.684,-70.653,-1.031,,,,Criterion : Least Square (From 6 Pts On PL_INS_32) 
Circle,CIR_32,Y,163.976,164.963,-0.987,,,,
Circle,CIR_32,Z,-38.924,-39.723,0.799,,,,
Circle,CIR_33,X,-50.804,-49.764,-1.040,,,,Criterion : Least Square (From 6 Pts On PL_INS_33) 
Circle,CIR_33,Y,152.931,154.047,-1.116,,,,
Circle,CIR_33,Z,21.556,20.853,0.703,,,,
Circle,2D_CIR_30,Y,32.422,32.500,-0.078,,,,
Circle,2D_CIR_30,Z,32.469,32.500,-0.031,,,,
Circle,2D_CIR_31,Y,32.361,32.500,-0.139,,,,
Circle,2D_CIR_31,Z,-32.434,-32.500,0.066,,,,
Circle,2D_CIR_32,Y,-32.396,-32.500,0.104,,,,
Circle,2D_CIR_32,Z,-32.482,-32.500,0.018,,,,
Circle,2D_CIR_33,Y,-32.386,-32.500,0.114,,,,
Circle,2D_CIR_33,Z,32.447,32.500,-0.053,,,,
Circle,CIR_34,DIAM,4.728,4.800,-0.072,-0.100,0.100,,Criterion : Least Square (From 6 Pts On PL_PLAST_34) 
Circle,CIR_34,X,14.140,14.700,-0.560,,,,
Circle,CIR_34,Z,14.653,14.100,0.553,,,,
Circle,2D_CIR_13,X,-20.014,-20.000,-0.014,,,,
Circle,2D_CIR_13,Z,0.000,0.000,0.000,,,,
Circle,2D_CIR_20,X,-0.088,0.000,-0.088,,,,
Circle,2D_CIR_20,Z,0.000,0.000,0.000,,,,
Circle,2D_CIR_22,X,-12.162,-12.250,0.088,,,,
Circle,2D_CIR_22,Z,0.000,0.000,0.000,,,,
Circle,2D_CIR_19,X,0.157,0.000,0.157,,,,
Circle,2D_CIR_19,Z,0.000,0.000,0.000,,,,
Circle,2D_CIR_21,X,-12.407,-12.250,-0.157,,,,
Circle,2D_CIR_21,Z,0.000,0.000,0.000,,,,
Circle,2D_CIR_27,Y,-0.000,0.000,0.000,,,,
Circle,2D_CIR_27,Z,0.029,0.000,0.029,,,,
Circle,2D_CIR_28,Y,-0.000,0.000,0.000,,,,
Circle,2D_CIR_28,Z,-18.029,-18.000,-0.029,,,,
Circle,2D_CIR_35,X,0.000,0.000,0.000,,,,
Circle,2D_CIR_35,Z,12.313,12.200,0.113,,,,
Circle,2D_CIR_17,X,0.006,0.000,0.006,,,,
Circle,2D_CIR_17,Z,-0.000,0.000,0.000,,,,
Circle,2D_CIR_18,X,174.394,174.400,-0.006,,,,
Circle,2D_CIR_18,Z,-0.000,0.000,0.000,,,,
Distance,OP1_WIDTH_1,D1,2.799,2.960,-0.161,-0.180,0.120,,OP1_P4 - OP1_P6 / OP1_CS
Distance,OP1_WIDTH_2,D1,2.824,2.960,-0.136,-0.180,0.120,,OP1_P12 - OP1_P14 / OP1_CS
Distance,OP1_WIDTH_3,D1,2.897,2.960,-0.063,-0.180,0.120,,OP1_P20 - OP1_P22 / OP1_CS
Distance,OP1_WIDTH_4,D1,2.897,2.960,-0.063,-0.180,0.120,,OP1_P28 - OP1_P30 / OP1_CS
Distance,OP1_WIDTH_5,D1,3.006,2.960,0.046,-0.180,0.120,,OP1_P36 - OP1_P38 / OP1_CS
Distance,OP1_WIDTH_6,D1,3.015,2.960,0.055,-0.180,0.120,,OP1_P43 - OP1_P45 / OP1_CS
Distance,OP1_WIDTH_7,D1,3.114,2.960,0.154,-0.180,0.120,0.034,OP1_P50 - OP1_P52 / OP1_CS
Distance,OP1_WIDTH_8,D1,2.940,2.960,-0.020,-0.180,0.120,,OP1_P58 - OP1_P60 / OP1_CS
Distance,OP2_WIDTH_1,D1,2.873,2.960,-0.087,-0.180,0.120,,OP2_P4 - OP2_P6 / OP2_CS
Distance,OP2_WIDTH_2,D1,2.908,2.960,-0.052,-0.180,0.120,,OP2_P12 - OP2_P14 / OP2_CS
Distance,OP2_WIDTH_3,D1,2.900,2.960,-0.060,-0.180,0.120,,OP2_P20 - OP2_P22 / OP2_CS
Distance,OP2_WIDTH_4,D1,2.794,2.960,-0.166,-0.180,0.120,,OP2_P28 - OP2_P30 / OP2_CS
Distance,OP2_WIDTH_5,D1,2.820,2.960,-0.140,-0.180,0.120,,OP2_P36 - OP2_P38 / OP2_CS
Distance,OP2_WIDTH_6,D1,2.815,2.960,-0.145,-0.180,0.120,,OP2_P43 - OP2_P45 / OP2_CS
Distance,OP2_WIDTH_7,D1,2.932,2.960,-0.028,-0.180,0.120,,OP2_P50 - OP2_P52 / OP2_CS
Distance,OP2_WIDTH_8,D1,2.918,2.960,-0.042,-0.180,0.120,,OP2_P58 - OP2_P60 / OP2_CS
Distance,OP3_WIDTH_1,D1,2.967,2.960,0.007,-0.180,0.120,,OP3_P4 - OP3_P6 / OP3_CS
Distance,OP3_WIDTH_2,D1,2.956,2.960,-0.004,-0.180,0.120,,OP3_P12 - OP3_P14 / OP3_CS
Distance,OP3_WIDTH_3,D1,3.035,2.960,0.075,-0.180,0.120,,OP3_P20 - OP3_P22 / OP3_CS
Distance,OP3_WIDTH_4,D1,2.973,2.960,0.013,-0.180,0.120,,OP3_P28 - OP3_P30 / OP3_CS
Distance,OP3_WIDTH_5,D1,2.805,2.960,-0.155,-0.180,0.120,,OP3_P36 - OP3_P38 / OP3_CS
Distance,OP3_WIDTH_6,D1,2.843,2.960,-0.117,-0.180,0.120,,OP3_P43 - OP3_P45 / OP3_CS
Distance,OP3_WIDTH_7,D1,2.956,2.960,-0.004,-0.180,0.120,,OP3_P50 - OP3_P52 / OP3_CS
Distance,OP3_WIDTH_8,D1,3.019,2.960,0.059,-0.180,0.120,,OP3_P58 - OP3_P60 / OP3_CS
Distance,OP4_WIDTH_1,D1,2.976,2.960,0.016,-0.180,0.120,,OP4_P4 - OP4_P6 / OP4_CS
Distance,OP4_WIDTH_2,D1,2.975,2.960,0.015,-0.180,0.120,,OP4_P12 - OP4_P14 / OP4_CS
Distance,OP4_WIDTH_3,D1,3.072,2.960,0.112,-0.180,0.120,,OP4_P20 - OP4_P22 / OP4_CS
Distance,OP4_WIDTH_4,D1,2.925,2.960,-0.035,-0.180,0.120,,OP4_P28 - OP4_P30 / OP4_CS
Distance,OP4_WIDTH_5,D1,2.891,2.960,-0.069,-0.180,0.120,,OP4_P36 - OP4_P38 / OP4_CS
Distance,OP4_WIDTH_6,D1,2.885,2.960,-0.075,-0.180,0.120,,OP4_P43 - OP4_P45 / OP4_CS
Distance,OP4_WIDTH_7,D1,2.887,2.960,-0.073,-0.180,0.120,,OP4_P50 - OP4_P52 / OP4_CS
Distance,OP4_WIDTH_8,D1,2.908,2.960,-0.052,-0.180,0.120,,OP4_P58 - OP4_P60 / OP4_CS
Distance,OP5_WIDTH_1,D1,2.977,2.960,0.017,-0.180,0.120,,OP5_P4 - OP5_P6 / OP5_CS
Distance,OP5_WIDTH_2,D1,2.978,2.960,0.018,-0.180,0.120,,OP5_P12 - OP5_P14 / OP5_CS
Distance,OP5_WIDTH_3,D1,3.018,2.960,0.058,-0.180,0.120,,OP5_P20 - OP5_P22 / OP5_CS
Distance,OP5_WIDTH_4,D1,2.861,2.960,-0.099,-0.180,0.120,,OP5_P28 - OP5_P30 / OP5_CS
Distance,OP5_WIDTH_5,D1,2.869,2.960,-0.091,-0.180,0.120,,OP5_P36 - OP5_P38 / OP5_CS
Distance,OP5_WIDTH_6,D1,2.880,2.960,-0.080,-0.180,0.120,,OP5_P43 - OP5_P45 / OP5_CS
Distance,OP5_WIDTH_7,D1,2.937,2.960,-0.023,-0.180,0.120,,OP5_P50 - OP5_P52 / OP5_CS
Distance,OP5_WIDTH_8,D1,2.913,2.960,-0.047,-0.180,0.120,,OP5_P58 - OP5_P60 / OP5_CS
Distance,OP6_WIDTH_1,D1,2.971,2.960,0.011,-0.180,0.120,,OP6_P4 - OP6_P6 / OP6_CS
Distance,OP6_WIDTH_2,D1,2.976,2.960,0.016,-0.180,0.120,,OP6_P12 - OP6_P14 / OP6_CS
Distance,OP6_WIDTH_3,D1,3.072,2.960,0.112,-0.180,0.120,,OP6_P20 - OP6_P22 / OP6_CS
Distance,OP6_WIDTH_4,D1,2.908,2.960,-0.052,-0.180,0.120,,OP6_P28 - OP6_P30 / OP6_CS
Distance,OP6_WIDTH_5,D1,2.877,2.960,-0.083,-0.180,0.120,,OP6_P36 - OP6_P38 / OP6_CS
Distance,OP6_WIDTH_6,D1,2.895,2.960,-0.065,-0.180,0.120,,OP6_P43 - OP6_P45 / OP6_CS
Distance,OP6_WIDTH_7,D1,2.873,2.960,-0.087,-0.180,0.120,,OP6_P50 - OP6_P52 / OP6_CS
Distance,OP6_WIDTH_8,D1,2.895,2.960,-0.065,-0.180,0.120,,OP6_P58 - OP6_P60 / OP6_CS
Distance,OP1_DEPTH_1,Y,4.395,4.500,-0.105,-0.250,0.250,,OP1_P5 - PL_FIXTURE / OP1_CS
Distance,OP1_DEPTH_2,Y,4.380,4.500,-0.120,-0.250,0.250,,OP1_P13 - PL_FIXTURE / OP1_CS
Distance,OP1_DEPTH_3,Y,4.332,4.500,-0.168,-0.250,0.250,,OP1_P21 - PL_FIXTURE / OP1_CS
Distance,OP1_DEPTH_4,Y,4.314,4.500,-0.186,-0.250,0.250,,OP1_P29 - PL_FIXTURE / OP1_CS
Distance,OP1_DEPTH_5,Y,4.367,4.500,-0.133,-0.250,0.250,,OP1_P37 - PL_FIXTURE / OP1_CS
Distance,OP1_DEPTH_6,Y,4.370,4.500,-0.130,-0.250,0.250,,OP1_P44 - PL_FIXTURE / OP1_CS
Distance,OP1_DEPTH_7,Y,4.296,4.500,-0.204,-0.250,0.250,,OP1_P51 - PL_FIXTURE / OP1_CS
Distance,OP1_DEPTH_8,Y,4.444,4.500,-0.056,-0.250,0.250,,OP1_P59 - PL_FIXTURE / OP1_CS
Distance,OP2_DEPTH_1,Y,4.413,4.500,-0.087,-0.250,0.250,,OP2_P5 - PL_FIXTURE / OP2_CS
Distance,OP2_DEPTH_2,Y,4.418,4.500,-0.082,-0.250,0.250,,OP2_P13 - PL_FIXTURE / OP2_CS
Distance,OP2_DEPTH_3,Y,4.399,4.500,-0.101,-0.250,0.250,,OP2_P21 - PL_FIXTURE / OP2_CS
Distance,OP2_DEPTH_4,Y,4.443,4.500,-0.057,-0.250,0.250,,OP2_P29 - PL_FIXTURE / OP2_CS
Distance,OP2_DEPTH_5,Y,4.445,4.500,-0.055,-0.250,0.250,,OP2_P37 - PL_FIXTURE / OP2_CS
Distance,OP2_DEPTH_6,Y,4.410,4.500,-0.090,-0.250,0.250,,OP2_P44 - PL_FIXTURE / OP2_CS
Distance,OP2_DEPTH_7,Y,4.402,4.500,-0.098,-0.250,0.250,,OP2_P51 - PL_FIXTURE / OP2_CS
Distance,OP2_DEPTH_8,Y,4.376,4.500,-0.124,-0.250,0.250,,OP2_P59 - PL_FIXTURE / OP2_CS
Distance,OP3_DEPTH_1,Y,4.416,4.500,-0.084,-0.250,0.250,,OP3_P5 - PL_FIXTURE / OP3_CS
Distance,OP3_DEPTH_2,Y,4.405,4.500,-0.095,-0.250,0.250,,OP3_P13 - PL_FIXTURE / OP3_CS
Distance,OP3_DEPTH_3,Y,4.390,4.500,-0.110,-0.250,0.250,,OP3_P21 - PL_FIXTURE / OP3_CS
Distance,OP3_DEPTH_4,Y,4.448,4.500,-0.052,-0.250,0.250,,OP3_P29 - PL_FIXTURE / OP3_CS
Distance,OP3_DEPTH_5,Y,4.424,4.500,-0.076,-0.250,0.250,,OP3_P37 - PL_FIXTURE / OP3_CS
Distance,OP3_DEPTH_6,Y,4.400,4.500,-0.100,-0.250,0.250,,OP3_P44 - PL_FIXTURE / OP3_CS
Distance,OP3_DEPTH_7,Y,4.359,4.500,-0.141,-0.250,0.250,,OP3_P51 - PL_FIXTURE / OP3_CS
Distance,OP3_DEPTH_8,Y,4.356,4.500,-0.144,-0.250,0.250,,OP3_P59 - PL_FIXTURE / OP3_CS
Distance,OP4_DEPTH_1,Y,4.496,4.500,-0.004,-0.250,0.250,,OP4_P5 - PL_FIXTURE / OP4_CS
Distance,OP4_DEPTH_2,Y,4.480,4.500,-0.020,-0.250,0.250,,OP4_P13 - PL_FIXTURE / OP4_CS
Distance,OP4_DEPTH_3,Y,4.444,4.500,-0.056,-0.250,0.250,,OP4_P21 - PL_FIXTURE / OP4_CS
Distance,OP4_DEPTH_4,Y,4.457,4.500,-0.043,-0.250,0.250,,OP4_P29 - PL_FIXTURE / OP4_CS
Distance,OP4_DEPTH_5,Y,4.521,4.500,0.021,-0.250,0.250,,OP4_P37 - PL_FIXTURE / OP4_CS
Distance,OP4_DEPTH_6,Y,4.544,4.500,0.044,-0.250,0.250,,OP4_P44 - PL_FIXTURE / OP4_CS
Distance,OP4_DEPTH_7,Y,4.563,4.500,0.063,-0.250,0.250,,OP4_P51 - PL_FIXTURE / OP4_CS
Distance,OP4_DEPTH_8,Y,4.513,4.500,0.013,-0.250,0.250,,OP4_P59 - PL_FIXTURE / OP4_CS
Distance,OP5_DEPTH_1,Y,4.471,4.500,-0.029,-0.250,0.250,,OP5_P5 - PL_FIXTURE / OP5_CS
Distance,OP5_DEPTH_2,Y,4.456,4.500,-0.044,-0.250,0.250,,OP5_P13 - PL_FIXTURE / OP5_CS
Distance,OP5_DEPTH_3,Y,4.450,4.500,-0.050,-0.250,0.250,,OP5_P21 - PL_FIXTURE / OP5_CS
Distance,OP5_DEPTH_4,Y,4.510,4.500,0.010,-0.250,0.250,,OP5_P29 - PL_FIXTURE / OP5_CS
Distance,OP5_DEPTH_5,Y,4.484,4.500,-0.016,-0.250,0.250,,OP5_P37 - PL_FIXTURE / OP5_CS
Distance,OP5_DEPTH_6,Y,4.489,4.500,-0.011,-0.250,0.250,,OP5_P44 - PL_FIXTURE / OP5_CS
Distance,OP5_DEPTH_7,Y,4.516,4.500,0.016,-0.250,0.250,,OP5_P51 - PL_FIXTURE / OP5_CS
Distance,OP5_DEPTH_8,Y,4.477,4.500,-0.023,-0.250,0.250,,OP5_P59 - PL_FIXTURE / OP5_CS
Distance,OP6_DEPTH_1,Y,4.452,4.500,-0.048,-0.250,0.250,,OP6_P5 - PL_FIXTURE / OP6_CS
Distance,OP6_DEPTH_2,Y,4.443,4.500,-0.057,-0.250,0.250,,OP6_P13 - PL_FIXTURE / OP6_CS
Distance,OP6_DEPTH_3,Y,4.437,4.500,-0.063,-0.250,0.250,,OP6_P21 - PL_FIXTURE / OP6_CS
Distance,OP6_DEPTH_4,Y,4.470,4.500,-0.030,-0.250,0.250,,OP6_P29 - PL_FIXTURE / OP6_CS
Distance,OP6_DEPTH_5,Y,4.474,4.500,-0.026,-0.250,0.250,,OP6_P37 - PL_FIXTURE / OP6_CS
Distance,OP6_DEPTH_6,Y,4.466,4.500,-0.034,-0.250,0.250,,OP6_P44 - PL_FIXTURE / OP6_CS
Distance,OP6_DEPTH_7,Y,4.457,4.500,-0.043,-0.250,0.250,,OP6_P51 - PL_FIXTURE / OP6_CS
Distance,OP6_DEPTH_8,Y,4.419,4.500,-0.081,-0.250,0.250,,OP6_P59 - PL_FIXTURE / OP6_CS
Distance,WIDTH_CLIP_GAGE_10,D1,16.332,16.500,-0.168,-0.250,0.250,,SECT_CLIP.RH_10 - SECT_CLIP.LH_10 / CS_ABC_BF_SURF
Distance,WIDTH_CLIP_GAGE_2.5,D1,4.807,4.700,0.107,-0.250,0.250,,SECT_CLIP.RH_2.5 - SECT_CLIP.LH_2.5 / CS_ABC_BF_SURF
Distance,THICKNESS_CLIP_GAGE_2.5,D1,2.671,2.700,-0.029,-0.200,0.200,,SECT_CLIP.UNDER_10 - SECT_CLIP.TOP_10 / CS_ABC_BF_SURF
Distance,PROF_9,Y,123.590,124.400,-0.810,-1.000,1.000,,CIR_9 - PL_FIXTURE / CS_ABC
Distance,H_9,Y,0.103,0.275,-0.172,-0.225,0.225,,CIR_9 - PL_PLAST_9 / CS_ABC
Distance,PROF_10,Y,123.841,124.400,-0.559,-1.000,1.000,,CIR_10 - PL_FIXTURE / CS_ABC
Distance,H_10,Y,0.236,0.275,-0.039,-0.225,0.225,,CIR_10 - PL_PLAST_10 / CS_ABC
Distance,PROF_11,Y,173.417,173.800,-0.383,-1.500,1.500,,CIR_11 - PL_FIXTURE / CS_ABC
Distance,H_11,Y,0.251,0.275,-0.024,-0.225,0.225,,CIR_11 - PL_PLAST_11 / CS_ABC
Distance,PROF_12,Y,173.610,173.800,-0.190,-1.500,1.500,,CIR_12 - PL_FIXTURE / CS_ABC
Distance,H_12,Y,0.095,0.275,-0.180,-0.225,0.225,,CIR_12 - PL_PLAST_12 / CS_ABC
Distance,PROF_13,Y,137.037,137.100,-0.063,-1.500,1.500,,CIR_13 - PL_FIXTURE / CS_ABC
Distance,PROF_14,Y,137.193,137.100,0.093,-1.500,1.500,,CIR_14 - PL_FIXTURE / CS_ABC
Distance,H_23,Y,0.267,0.275,-0.008,-0.225,0.225,,CIR_23 - PL_PLAST_23 / CS_ABC
Distance,H_30,X,0.136,0.275,-0.139,-0.225,0.225,,CIR_30 - PL_PLAST_30 / CS_DE_BF
Distance,H_31,X,0.201,0.275,-0.074,-0.225,0.225,,CIR_31 - PL_PLAST_31 / CS_DE_BF
Distance,H_32,X,0.259,0.275,-0.016,-0.225,0.225,,CIR_32 - PL_PLAST_32 / CS_DE_BF
Distance,H_33,X,0.268,0.275,-0.007,-0.225,0.225,,CIR_33 - PL_PLAST_33 / CS_DE_BF
Distance,PROF_23,Y,78.013,78.000,0.013,-1.000,1.000,,CIR_23 - PL_FIXTURE / CS_ABC
Distance,DEPTH_TB.1,X,-4.502,-4.500,-0.002,-0.250,0.250,,TB_BOT_1.1 - PL_D / CS_DE_BF
Distance,DEPTH_TB.2,X,-4.534,-4.500,-0.034,-0.250,0.250,,TB_BOT_1.2 - PL_D / CS_DE_BF
Distance,DEPTH_TB.3,X,-4.576,-4.500,-0.076,-0.250,0.250,,TB_BOT_1.3 - PL_D / CS_DE_BF
Distance,DEPTH_TB.4,X,-4.386,-4.500,0.114,-0.250,0.250,,TB_BOT_1.4 - PL_D / CS_DE_BF
Distance,DEPTH_TB.5,X,-4.361,-4.500,0.139,-0.250,0.250,,TB_BOT_1.5 - PL_D / CS_DE_BF
Distance,DEPTH_TB.6,X,-4.594,-4.500,-0.094,-0.250,0.250,,TB_BOT_1.6 - PL_D / CS_DE_BF
Distance,DEPTH_TB.7,X,-4.671,-4.500,-0.171,-0.250,0.250,,TB_BOT_1.7 - PL_D / CS_DE_BF
Distance,DEPTH_TB.8,X,-4.498,-4.500,0.002,-0.250,0.250,,TB_BOT_1.8 - PL_D / CS_DE_BF
Distance,WIDTH_TB.1,D1,2.885,2.970,-0.085,-0.120,0.180,,IW2.5_1.1 - 0W2.5_1.1 / CS_DE_BF
Distance,WIDTH_TB.2,D1,3.008,2.970,0.038,-0.120,0.180,,IW2.5_1.2 - 0W2.5_1.2 / CS_DE_BF
Distance,WIDTH_TB.3,D1,2.956,2.970,-0.014,-0.120,0.180,,IW2.5_1.3 - 0W2.5_1.3 / CS_DE_BF
Distance,WIDTH_TB.4,D1,2.990,2.970,0.020,-0.120,0.180,,IW2.5_1.4 - 0W2.5_1.4 / CS_DE_BF
Distance,WIDTH_TB.5,D1,2.991,2.970,0.021,-0.120,0.180,,IW2.5_1.5 - 0W2.5_1.5 / CS_DE_BF
Distance,WIDTH_TB.6,D1,3.136,2.970,0.166,-0.120,0.180,,IW2.5_1.6 - 0W2.5_1.6 / CS_DE_BF
Distance,WIDTH_TB.7,D1,3.136,2.970,0.166,-0.120,0.180,,IW2.5_1.7 - 0W2.5_1.7 / CS_DE_BF
Distance,WIDTH_TB.8,D1,3.094,2.970,0.124,-0.120,0.180,,IW2.5_1.8 - 0W2.5_1.8 / CS_DE_BF
Flatness,FLATNESS_11_12,FLTN,0.064,0.000,0.064,0.000,1.000,,PL_11_12
Flatness,FLATNESS_9_10,FLTN,0.210,0.000,0.210,0.000,1.000,,PL_9_10
Flatness,FLATNESS_D,FLTN,0.131,0.000,0.131,0.000,0.500,,PL_D
Flatness,FLATNESS_MAP,FLTN,0.056,0.000,0.056,0.000,0.500,,PL_PLAST_13_14
Pos. Tol.,POS_34,PTOL,1.574,0.000,1.574,0.000,4.000,,CIR_34/NOMINAL - CS_ABC - C-Zone - XZ - Nominal
Pos. Tol.,POS_2D_9,PTOL,0.183,0.000,0.183,0.000,1.000,,2D_CIR_9/NOMINAL - CS_9_10_BF - C-Zone - XZ - Nominal
Pos. Tol.,POS_2D_10,PTOL,0.183,0.000,0.183,0.000,1.000,,2D_CIR_10/NOMINAL - CS_9_10_BF - C-Zone - XZ - Nominal
Pos. Tol.,POS_2D_11,PTOL,0.433,0.000,0.433,0.000,1.000,,2D_CIR_11/NOMINAL - CS_11_12_BF - C-Zone - XZ - Nominal
Pos. Tol.,POS_2D_12,PTOL,0.433,0.000,0.433,0.000,1.000,,2D_CIR_12/NOMINAL - CS_11_12_BF - C-Zone - XZ - Nominal
Pos. Tol.,POS_2D_13,PTOL,0.029,0.000,0.029,0.000,0.500,,2D_CIR_13/NOMINAL - CS_FG - C-Zone - XZ - Nominal
Pos. Tol.,POS_2D_17,PTOL,0.011,0.000,0.011,0.000,1.000,,2D_CIR_17/NOMINAL - CS_17_18_BF - C-Zone - XZ - Nominal
Pos. Tol.,POS_2D_18,PTOL,0.011,0.000,0.011,0.000,1.000,,2D_CIR_18/NOMINAL - CS_17_18_BF - C-Zone - XZ - Nominal
Pos. Tol.,POS_2D_19,PTOL,0.313,0.000,0.313,0.000,1.000,,2D_CIR_19/NOMINAL - CS_19_21_BF - C-Zone - XZ - Nominal
Pos. Tol.,POS_2D_20,PTOL,0.176,0.000,0.176,0.000,1.000,,2D_CIR_20/NOMINAL - CS_20_22_BF - C-Zone - XZ - Nominal
Pos. Tol.,POS_2D_21,PTOL,0.313,0.000,0.313,0.000,1.000,,2D_CIR_21/NOMINAL - CS_19_21_BF - C-Zone - XZ - Nominal
Pos. Tol.,POS_2D_22,PTOL,0.176,0.000,0.176,0.000,1.000,,2D_CIR_22/NOMINAL - CS_20_22_BF - C-Zone - XZ - Nominal
Pos. Tol.,POS_2D_27,PTOL,0.058,0.000,0.058,0.000,0.500,,2D_CIR_27/NOMINAL - CS_27_28_BF - C-Zone - YZ - Nominal
Pos. Tol.,POS_2D_28,PTOL,0.058,0.000,0.058,0.000,0.500,,2D_CIR_28/NOMINAL - CS_27_28_BF - C-Zone - YZ - Nominal
Pos. Tol.,POS_2D_30,PTOL,0.168,0.000,0.168,0.000,0.500,,2D_CIR_30/NOMINAL - CS_DE_BF - C-Zone - YZ - Nominal
Pos. Tol.,POS_2D_31,PTOL,0.308,0.000,0.308,0.000,0.500,,2D_CIR_31/NOMINAL - CS_DE_BF - C-Zone - YZ - Nominal
Pos. Tol.,POS_2D_32,PTOL,0.210,0.000,0.210,0.000,0.500,,2D_CIR_32/NOMINAL - CS_DE_BF - C-Zone - YZ - Nominal
Pos. Tol.,POS_2D_33,PTOL,0.250,0.000,0.250,0.000,0.500,,2D_CIR_33/NOMINAL - CS_DE_BF - C-Zone - YZ - Nominal
Pos. Tol.,POS_2D_35,PTOL,0.225,0.000,0.225,0.000,1.000,,2D_CIR_35/NOMINAL - CS_34_35 - C-Zone - XZ - Nominal
Pos. Tol.,POS_3D_9,PTOL,2.177,0.000,2.177,0.000,3.000,,CIR_9/NOMINAL - CS_ABC - C-Zone - XZ - Nominal
Pos. Tol.,POS_3D_10,PTOL,2.101,0.000,2.101,0.000,3.000,,CIR_10/NOMINAL - CS_ABC - C-Zone - XZ - Nominal
Pos. Tol.,POS_3D_11,PTOL,1.348,0.000,1.348,0.000,3.000,,CIR_11/NOMINAL - CS_ABC - C-Zone - XZ - Nominal
Pos. Tol.,POS_3D_12,PTOL,2.070,0.000,2.070,0.000,3.000,,CIR_12/NOMINAL - CS_ABC - C-Zone - XZ - Nominal
Pos. Tol.,POS_3D_13,PTOL,1.556,0.000,1.556,0.000,3.000,,CIR_13/NOMINAL - CS_ABC - C-Zone - XZ - Nominal
Pos. Tol.,POS_3D_14,PTOL,1.355,0.000,1.355,0.000,3.000,,CIR_14/NOMINAL - CS_ABC - C-Zone - XZ - Nominal
Pos. Tol.,POS_3D_15,PTOL,1.713,0.000,1.713,0.000,3.000,,CIR_15/NOMINAL - CS_ABC - C-Zone - XZ - Nominal
Pos. Tol.,POS_3D_16,PTOL,1.925,0.000,1.925,0.000,3.000,,CIR_16/NOMINAL - CS_ABC - C-Zone - XZ - Nominal
Pos. Tol.,POS_3D_17,PTOL,1.734,0.000,1.734,0.000,4.000,,CIR_17/NOMINAL - CS_ABC - C-Zone - XZ - Nominal
Pos. Tol.,POS_3D_18,PTOL,2.111,0.000,2.111,0.000,4.000,,CIR_18/NOMINAL - CS_ABC - C-Zone - XZ - Nominal
Pos. Tol.,POS_3D_19,PTOL,1.794,0.000,1.794,0.000,4.000,,CIR_19/NOMINAL - CS_ABC - C-Zone - XZ - Nominal
Pos. Tol.,POS_3D_20,PTOL,1.521,0.000,1.521,0.000,4.000,,CIR_20/NOMINAL - CS_ABC - C-Zone - XZ - Nominal
Pos. Tol.,POS_3D_21,PTOL,1.620,0.000,1.620,0.000,4.000,,CIR_21/NOMINAL - CS_ABC - C-Zone - XZ - Nominal
Pos. Tol.,POS_3D_22,PTOL,1.616,0.000,1.616,0.000,4.000,,CIR_22/NOMINAL - CS_ABC - C-Zone - XZ - Nominal
Pos. Tol.,POS_3D_23,PTOL,0.816,0.000,0.816,0.000,4.000,,CIR_23/NOMINAL - CS_ABC - C-Zone - XZ - Nominal
Pos. Tol.,POS_3D_24,PTOL,2.824,0.000,2.824,0.000,4.000,,CIR_24/NOMINAL - CS_ABC - C-Zone - XYZ - Nominal
Pos. Tol.,POS_3D_25,PTOL,1.923,0.000,1.923,0.000,4.000,,CIR_25/NOMINAL - CS_ABC - C-Zone - XYZ - Nominal
Pos. Tol.,POS_3D_26,PTOL,1.923,0.000,1.923,0.000,4.000,,CIR_26/NOMINAL - CS_ABC - C-Zone - XZ - Nominal
Pos. Tol.,POS_3D_27,PTOL,1.606,0.000,1.606,0.000,3.000,,CIR_27/NOMINAL - CS_ABC - C-Zone - XYZ - Nominal
Pos. Tol.,POS_3D_28,PTOL,1.564,0.000,1.564,0.000,3.000,,CIR_28/NOMINAL - CS_ABC - C-Zone - XYZ - Nominal
Pos. Tol.,POS_3D_29,PTOL,1.913,0.000,1.913,0.000,3.000,,CIR_29/NOMINAL - CS_ABC - C-Zone - XYZ - Nominal
Pos. Tol.,POS_3D_30,PTOL,2.053,0.000,2.053,0.000,3.000,,CIR_30/NOMINAL - CS_ABC - C-Zone - XYZ - Nominal
Pos. Tol.,POS_3D_31,PTOL,1.918,0.000,1.918,0.000,3.000,,CIR_31/NOMINAL - CS_ABC - C-Zone - XYZ - Nominal
Pos. Tol.,POS_3D_32,PTOL,3.270,0.000,3.270,0.000,4.000,,CIR_32/NOMINAL - CS_ABC - C-Zone - XYZ - Nominal
Pos. Tol.,POS_3D_33,PTOL,3.360,0.000,3.360,0.000,4.000,,CIR_33/NOMINAL - CS_ABC - C-Zone - XYZ - Nominal
Pos. Tol.,POS_B,PTOL,0.000,0.000,0.000,0.000,0.500,,CIR_B/NOMINAL - CS_ABC - C-Zone - XZ - Nominal
Pos. Tol.,POS_C,PTOL,0.194,0.000,0.194,0.000,0.500,,CIR_C/NOMINAL - CS_ABC - C-Zone - XZ - Nominal
Profile of Line,PROFILE_CLIP_36,PRFL,2.264,0.000,2.264,0.000,2.500,,SECT_CLIP
Profile of Line,PROFILE_OP_1,PRFL,1.013,0.000,1.013,0.000,1.500,,SECT_OP_1
Profile of Line,PROFILE_OP_2,PRFL,1.404,0.000,1.404,0.000,2.000,,SECT_OP_2
Profile of Line,PROFILE_OP_3,PRFL,1.679,0.000,1.679,0.000,2.000,,SECT_OP_3
Profile of Line,PROFILE_OP_4,PRFL,0.751,0.000,0.751,0.000,1.500,,SECT_OP_4
Profile of Line,PROFILE_OP_5,PRFL,0.527,0.000,0.527,0.000,1.500,,SECT_OP_5
Profile of Line,PROFILE_OP_6,PRFL,0.569,0.000,0.569,0.000,1.500,,SECT_OP_6
