Feat. Type,Feat. Name,Value,Actual,Nominal,Dev.,Tol-,Tol+,Out of Tol.,Comment
Text/Value,VAR_PROGRAM,VAL,,,,,,,'N:\Metrolog XG\Programmes\D-35\D-35 Hauteur Plastic Crush Rib Moule 1 (Module 44).gm2'
Text/Value,VAR_EVENEMENT,VAL,,,,,,,'Demarrage hebdo'
Text/Value,VAR_COMMENTAIRES,VAL,,,,,,,'349 B'
Circle,CIR_3_FL,X,124.107,124.294,-0.187,,,,Criterion : Least Square (From 6 Pts On PL_PLAST_FL_3) 
Circle,CIR_3_FL,Z,-30.233,-30.147,-0.086,,,,
Pos. Tol.,POS_3_FLANGE,PTOL,0.412,0.000,0.412,0.000,1.000,,CIR_3_FL/NOMINAL - CS_ABC - C-Zone - XZ - Nominal
Circle,CIR_3_TOP,X,124.780,124.294,0.486,,,,Criterion : Least Square (From 6 Pts On PL_PLAST_TOP_3) 
Circle,CIR_3_TOP,Z,-29.613,-30.147,0.534,,,,
Pos. Tol.,POS_3_TOP,PTOL,1.443,0.000,1.443,0.000,2.000,,CIR_3_TOP/NOMINAL - CS_ABC - C-Zone - XZ - Nominal
Distance,PLASTIC_HEIGHT,D1,99.957,100.350,-0.393,-0.200,0.200,-0.193,CIR_3_FL - CIR_3_TOP / CS_ABC
