Feat. Type,Feat. Name,Value,Actual,Nominal,Dev.,Tol-,Tol+,Out of Tol.,Comment
Text/Value,VAR_PROGRAM,VAL,,,,,,,'N:\Metrolog XG\Programmes\Ford Transmission Pan 10R\Ford Transmission Pan 10R Complete (Module_51).gm2'
Text/Value,VAR_EVENEMENT,VAL,,,,,,,'PPAP'
Text/Value,VAR_COMMENTAIRES,VAL,,,,,,,'PART NO. C1-24'
Text/Value,PROFILE_A,VAL,0.306893,0.000000,0.306893,0.000000,0.250000,0.056893,
Circle,CIR_1,DIAM,7.110,7.100,0.010,-0.050,0.050,,Criterion : Least Square (From 4 Pts On PL_FIXTURE) 
Circle,CIR_1,X,0.000,0.000,0.000,,,,
Circle,CIR_1,Z,0.000,0.000,0.000,,,,
Circle,CIR_2,DIAM,7.112,7.100,0.012,-0.050,0.050,,Criterion : Least Square (From 4 Pts On PL_FIXTURE) 
Circle,CIR_2,X,-80.162,-80.079,-0.083,,,,
Circle,CIR_2,Z,-3.157,-2.811,-0.346,,,,
Circle,CIR_3,DIAM,7.107,7.100,0.007,-0.050,0.050,,Criterion : Least Square (From 4 Pts On PL_FIXTURE) 
Circle,CIR_3,X,-170.285,-170.079,-0.206,,,,
Circle,CIR_3,Z,-3.087,-2.811,-0.276,,,,
Circle,CIR_4,DIAM,7.981,8.300,-0.319,-0.050,0.050,-0.269,Criterion : Least Square (From 4 Pts On PL_FIXTURE) 
Circle,CIR_4,X,-224.790,-224.499,-0.291,,,,
Circle,CIR_4,Z,-4.582,-4.571,-0.011,,,,
Circle,CIR_5,DIAM,7.109,7.100,0.009,-0.050,0.050,,Criterion : Least Square (From 4 Pts On PL_FIXTURE) 
Circle,CIR_5,X,-249.795,-249.499,-0.296,,,,
Circle,CIR_5,Z,-1.483,-1.571,0.088,,,,
Circle,CIR_6,DIAM,7.114,7.100,0.014,-0.050,0.050,,Criterion : Least Square (From 4 Pts On PL_FIXTURE) 
Circle,CIR_6,X,-272.785,-272.679,-0.106,,,,
Circle,CIR_6,Z,78.277,78.140,0.138,,,,
Circle,CIR_7,DIAM,7.113,7.100,0.013,-0.050,0.050,,Criterion : Least Square (From 4 Pts On PL_FIXTURE) 
Circle,CIR_7,X,-272.801,-272.679,-0.122,,,,
Circle,CIR_7,Z,157.246,157.140,0.106,,,,
Circle,CIR_8,DIAM,7.109,7.100,0.009,-0.050,0.050,,Criterion : Least Square (From 4 Pts On PL_FIXTURE) 
Circle,CIR_8,X,-272.682,-272.679,-0.004,,,,
Circle,CIR_8,Z,236.226,236.140,0.086,,,,
Circle,CIR_9,DIAM,7.108,7.100,0.008,-0.050,0.050,,Criterion : Least Square (From 4 Pts On PL_FIXTURE) 
Circle,CIR_9,X,-272.662,-272.679,0.017,,,,
Circle,CIR_9,Z,315.319,315.140,0.179,,,,
Circle,CIR_10,DIAM,7.113,7.100,0.013,-0.050,0.050,,Criterion : Least Square (From 4 Pts On PL_FIXTURE) 
Circle,CIR_10,X,-272.630,-272.679,0.049,,,,
Circle,CIR_10,Z,394.233,394.140,0.093,,,,
Circle,CIR_11,DIAM,7.117,7.100,0.017,-0.050,0.050,,Criterion : Least Square (From 4 Pts On PL_FIXTURE) 
Circle,CIR_11,X,-254.720,-254.552,-0.168,,,,
Circle,CIR_11,Z,463.818,463.580,0.238,,,,
Circle,CIR_12,DIAM,7.110,7.100,0.010,-0.050,0.050,,Criterion : Least Square (From 4 Pts On PL_FIXTURE) 
Circle,CIR_12,X,-167.038,-166.879,-0.160,,,,
Circle,CIR_12,Z,474.742,474.589,0.153,,,,
Circle,CIR_13,DIAM,7.110,7.100,0.010,-0.050,0.050,,Criterion : Least Square (From 4 Pts On PL_FIXTURE) 
Circle,CIR_13,X,-79.439,-79.279,-0.160,,,,
Circle,CIR_13,Z,474.569,474.589,-0.020,,,,
Circle,CIR_14,DIAM,7.955,8.300,-0.345,-0.050,0.050,-0.295,Criterion : Least Square (From 4 Pts On PL_FIXTURE) 
Circle,CIR_14,X,-19.618,-19.499,-0.119,,,,
Circle,CIR_14,Z,473.351,473.429,-0.078,,,,
Circle,CIR_15,DIAM,7.105,7.100,0.005,-0.050,0.050,,Criterion : Least Square (From 4 Pts On PL_FIXTURE) 
Circle,CIR_15,X,8.265,8.321,-0.057,,,,
Circle,CIR_15,Z,470.742,470.589,0.153,,,,
Circle,CIR_16,DIAM,7.111,7.100,0.011,-0.050,0.050,,Criterion : Least Square (From 4 Pts On PL_FIXTURE) 
Circle,CIR_16,X,17.494,17.321,0.173,,,,
Circle,CIR_16,Z,387.430,387.439,-0.009,,,,
Circle,CIR_17,DIAM,7.115,7.100,0.015,-0.050,0.050,,Criterion : Least Square (From 4 Pts On PL_FIXTURE) 
Circle,CIR_17,X,17.760,17.321,0.438,,,,
Circle,CIR_17,Z,304.239,304.239,-0.000,,,,
Circle,CIR_18,DIAM,7.115,7.100,0.015,-0.050,0.050,,Criterion : Least Square (From 4 Pts On PL_FIXTURE) 
Circle,CIR_18,X,17.668,17.321,0.347,,,,
Circle,CIR_18,Z,228.034,228.000,0.034,,,,
Circle,CIR_19,DIAM,7.110,7.100,0.010,-0.050,0.050,,Criterion : Least Square (From 4 Pts On PL_FIXTURE) 
Circle,CIR_19,X,17.750,17.321,0.428,,,,
Circle,CIR_19,Z,152.185,152.000,0.185,,,,
Circle,CIR_20,DIAM,7.116,7.100,0.016,-0.050,0.050,,Criterion : Least Square (From 4 Pts On PL_FIXTURE) 
Circle,CIR_20,X,17.669,17.321,0.348,,,,
Circle,CIR_20,Z,76.147,76.000,0.147,,,,
Pos. Tol.,POS_1,PTOL,0.000,0.000,0.000,0.000,0.800,,CIR_1/NOMINAL - CS_ABC - C-Zone - XZ - Nominal
Pos. Tol.,POS_2,PTOL,0.711,0.000,0.711,0.000,0.800,,CIR_2/NOMINAL - CS_ABC - C-Zone - XZ - Nominal
Pos. Tol.,POS_3,PTOL,0.689,0.000,0.689,0.000,0.800,,CIR_3/NOMINAL - CS_ABC - C-Zone - XZ - Nominal
Pos. Tol.,POS_4,PTOL,0.583,0.000,0.583,0.000,0.800,,CIR_4/NOMINAL - CS_ABC - C-Zone - XZ - Nominal
Pos. Tol.,POS_5,PTOL,0.617,0.000,0.617,0.000,0.800,,CIR_5/NOMINAL - CS_ABC - C-Zone - XZ - Nominal
Pos. Tol.,POS_6,PTOL,0.348,0.000,0.348,0.000,0.800,,CIR_6/NOMINAL - CS_ABC - C-Zone - XZ - Nominal
Pos. Tol.,POS_7,PTOL,0.324,0.000,0.324,0.000,0.800,,CIR_7/NOMINAL - CS_ABC - C-Zone - XZ - Nominal
Pos. Tol.,POS_8,PTOL,0.173,0.000,0.173,0.000,0.800,,CIR_8/NOMINAL - CS_ABC - C-Zone - XZ - Nominal
Pos. Tol.,POS_9,PTOL,0.360,0.000,0.360,0.000,0.800,,CIR_9/NOMINAL - CS_ABC - C-Zone - XZ - Nominal
Pos. Tol.,POS_10,PTOL,0.210,0.000,0.210,0.000,0.800,,CIR_10/NOMINAL - CS_ABC - C-Zone - XZ - Nominal
Pos. Tol.,POS_11,PTOL,0.584,0.000,0.584,0.000,0.800,,CIR_11/NOMINAL - CS_ABC - C-Zone - XZ - Nominal
Pos. Tol.,POS_12,PTOL,0.443,0.000,0.443,0.000,0.800,,CIR_12/NOMINAL - CS_ABC - C-Zone - XZ - Nominal
Pos. Tol.,POS_13,PTOL,0.323,0.000,0.323,0.000,0.800,,CIR_13/NOMINAL - CS_ABC - C-Zone - XZ - Nominal
Pos. Tol.,POS_14,PTOL,0.285,0.000,0.285,0.000,0.800,,CIR_14/NOMINAL - CS_ABC - C-Zone - XZ - Nominal
Pos. Tol.,POS_15,PTOL,0.327,0.000,0.327,0.000,0.800,,CIR_15/NOMINAL - CS_ABC - C-Zone - XZ - Nominal
Pos. Tol.,POS_16,PTOL,0.346,0.000,0.346,0.000,0.800,,CIR_16/NOMINAL - CS_ABC - C-Zone - XZ - Nominal
Pos. Tol.,POS_17,PTOL,0.877,0.000,0.877,0.000,0.800,0.077,CIR_17/NOMINAL - CS_ABC - C-Zone - XZ - Nominal
Pos. Tol.,POS_18,PTOL,0.697,0.000,0.697,0.000,0.800,,CIR_18/NOMINAL - CS_ABC - C-Zone - XZ - Nominal
Pos. Tol.,POS_19,PTOL,0.933,0.000,0.933,0.000,0.800,0.133,CIR_19/NOMINAL - CS_ABC - C-Zone - XZ - Nominal
Pos. Tol.,POS_20,PTOL,0.756,0.000,0.756,0.000,0.800,,CIR_20/NOMINAL - CS_ABC - C-Zone - XZ - Nominal
Perpend.,PERP_B,PERP,0.021,0.000,0.021,0.000,0.130,,CYL_B/PL_FIXTURE - C-Zone - Cloud of Points 
Profile of Line,PROFILE_INSIDE_PAN_AT_GAGE,PRFL,2.529,0.000,2.529,0.000,3.000,,SECTION_INSIDE_2.5MM
