Feat. Type,Feat. Name,Value,Actual,Nominal,Dev.,Tol-,Tol+,Out of Tol.,Comment
Text/Value,VAR_PROGRAM,VAL,,,,,,,'N:\Metrolog XG\Programmes\D-35\D-35 Moule 2 Complete with TMAP (Module 44).gm2'
Text/Value,VAR_EVENEMENT,VAL,,,,,,,'D�marrage SMED'
Text/Value,VAR_COMMENTAIRES,VAL,,,,,,,'334 C'
Circle,CIR_DATUM_B,DIAM,7.987,8.000,-0.013,-0.100,0.100,,Criterion : Least Square (From 10 Pts On PL_FIXTURE) 
Circle,CIR_DATUM_B,X,0.000,0.000,0.000,,,,
Circle,CIR_DATUM_B,Z,0.000,0.000,0.000,,,,
Pos. Tol.,POS_B,PTOL,0.000,0.000,0.000,0.113,0.413,,CIR_DATUM_B(M)/NOMINAL - CS_ABC - C-Zone - XZ - Nominal
Distance,DIST_X_Z_DATUM_C,X,-4.464,-4.500,0.036,-0.150,0.150,,PNT_DATUM_C - ORIGIN / CS_ABC
Distance,DIST_X_Z_DATUM_C,Z,351.702,351.600,0.102,-0.400,0.400,,
Distance,WIDTH_C,D1,7.856,7.850,0.006,-0.050,0.050,,SRF_C_RH - SRF_C_LH / CS_ABC
Circle,CIR1,DIAM,12.169,12.075,0.094,-0.175,0.175,,From 4 Pts On PL_FIXTURE
Circle,CIR1,X,-54.565,-54.500,-0.065,,,,
Circle,CIR1,Z,346.786,346.600,0.186,,,,
Pos. Tol.,POS_1,PTOL,0.395,0.000,0.395,0.269,1.269,,CIR1(M)/NOMINAL - CS_ABC - C-Zone - XZ - Nominal
Circle,CIR2,DIAM,12.100,12.075,0.025,-0.175,0.175,,From 4 Pts On PL_FIXTURE
Circle,CIR2,X,16.277,16.500,-0.223,,,,
Circle,CIR2,Z,351.687,351.600,0.087,,,,
Pos. Tol.,POS_2,PTOL,0.479,0.000,0.479,0.200,1.200,,CIR2(M)/NOMINAL - CS_ABC - C-Zone - XZ - Nominal
Circle,CIR4,DIAM,12.099,12.075,0.024,-0.175,0.175,,From 4 Pts On PL_FIXTURE
Circle,CIR4,X,16.184,16.500,-0.316,,,,
Circle,CIR4,Z,0.838,1.100,-0.262,,,,
Pos. Tol.,POS_4,PTOL,0.822,0.000,0.822,0.199,1.199,,CIR4(M)/NOMINAL - CS_ABC - C-Zone - XZ - Nominal
Circle,CIR5,DIAM,12.158,12.075,0.083,-0.175,0.175,,From 4 Pts On PL_FIXTURE
Circle,CIR5,X,-54.303,-54.500,0.197,,,,
Circle,CIR5,Z,27.098,27.100,-0.002,,,,
Pos. Tol.,POS_5,PTOL,0.393,0.000,0.393,0.258,1.258,,CIR5(M)/NOMINAL - CS_ABC - C-Zone - XZ - Nominal
Circle,CIR6,DIAM,12.187,12.075,0.112,-0.175,0.175,,From 4 Pts On PL_FIXTURE
Circle,CIR6,X,-54.248,-54.500,0.252,,,,
Circle,CIR6,Z,134.660,134.600,0.060,,,,
Pos. Tol.,POS_6,PTOL,0.519,0.000,0.519,0.287,1.287,,CIR6(M)/NOMINAL - CS_ABC - C-Zone - XZ - Nominal
Circle,CIR7,DIAM,12.150,12.075,0.075,-0.175,0.175,,From 4 Pts On PL_FIXTURE
Circle,CIR7,X,-54.127,-54.500,0.373,,,,
Circle,CIR7,Z,240.693,240.600,0.093,,,,
Pos. Tol.,POS_7,PTOL,0.768,0.000,0.768,0.250,1.250,,CIR7(M)/NOMINAL - CS_ABC - C-Zone - XZ - Nominal
Profile of Line,PROF_OP1,PRFL,0.675,0.000,0.675,0.000,1.500,,SCT_OP1
Profile of Line,PROF_OP2,PRFL,0.535,0.000,0.535,0.000,1.500,,SCT_OP2
Profile of Line,PROF_OP3,PRFL,0.640,0.000,0.640,0.000,1.500,,SCT_OP3
Profile of Line,PROF_OP4,PRFL,0.218,0.000,0.218,0.000,1.500,,SCT_OP4
Profile of Line,PROF_OP5,PRFL,0.261,0.000,0.261,0.000,1.500,,SCT_OP5
Profile of Line,PROF_OP6,PRFL,0.621,0.000,0.621,0.000,1.500,,SCT_OP6
Distance,WIDTH_OP1.1,D1,4.038,4.000,0.038,-0.200,0.200,,SRF_OP1_IW1 - SRF_OP1_OW1 / CS_ABC
Distance,WIDTH_OP1.2,D1,3.948,4.000,-0.052,-0.200,0.200,,SRF_OP1_IW2 - SRF_OP1_OW2 / CS_ABC
Distance,WIDTH_OP1.3,D1,4.067,4.000,0.067,-0.200,0.200,,SRF_OP1_IW3 - SRF_OP1_OW3 / CS_ABC
Distance,WIDTH_OP1.4,D1,4.118,4.000,0.118,-0.200,0.200,,SRF_OP1_IW4 - SRF_OP1_OW4 / CS_ABC
Distance,WIDTH_OP1.5,D1,4.001,4.000,0.001,-0.200,0.200,,SRF_OP1_IW5 - SRF_OP1_OW5 / CS_ABC
Distance,WIDTH_OP1.6,D1,4.061,4.000,0.061,-0.200,0.200,,SRF_OP1_IW6 - SRF_OP1_OW6 / CS_ABC
Distance,WIDTH_OP1.7,D1,3.931,4.000,-0.069,-0.200,0.200,,SRF_OP1_IW7 - SRF_OP1_OW7 / CS_ABC
Distance,WIDTH_OP2.1,D1,3.982,4.000,-0.018,-0.200,0.200,,SRF_OP2_IW1 - SRF_OP2_OW1 / CS_ABC
Distance,WIDTH_OP2.2,D1,4.150,4.000,0.150,-0.200,0.200,,SRF_OP2_IW2 - SRF_OP2_OW2 / CS_ABC
Distance,WIDTH_OP2.3,D1,4.082,4.000,0.082,-0.200,0.200,,SRF_OP2_IW3 - SRF_OP2_OW3 / CS_ABC
Distance,WIDTH_OP2.4,D1,4.044,4.000,0.044,-0.200,0.200,,SRF_OP2_IW4 - SRF_OP2_OW4 / CS_ABC
Distance,WIDTH_OP2.5,D1,4.131,4.000,0.131,-0.200,0.200,,SRF_OP2_IW5 - SRF_OP2_OW5 / CS_ABC
Distance,WIDTH_OP2.6,D1,3.926,4.000,-0.074,-0.200,0.200,,SRF_OP2_IW6 - SRF_OP2_OW6 / CS_ABC
Distance,WIDTH_OP2.7,D1,3.981,4.000,-0.019,-0.200,0.200,,SRF_OP2_IW7 - SRF_OP2_OW7 / CS_ABC
Distance,WIDTH_OP3.1,D1,3.968,4.000,-0.032,-0.200,0.200,,SRF_OP3_IW1 - SRF_OP3_OW1 / CS_ABC
Distance,WIDTH_OP3.2,D1,4.047,4.000,0.047,-0.200,0.200,,SRF_OP3_IW2 - SRF_OP3_OW2 / CS_ABC
Distance,WIDTH_OP3.3,D1,4.009,4.000,0.009,-0.200,0.200,,SRF_OP3_IW3 - SRF_OP3_OW3 / CS_ABC
Distance,WIDTH_OP3.4,D1,4.101,4.000,0.101,-0.200,0.200,,SRF_OP3_IW4 - SRF_OP3_OW4 / CS_ABC
Distance,WIDTH_OP4.1,D1,4.023,4.000,0.023,-0.200,0.200,,SRF_OP4_IW1 - SRF_OP4_OW1 / CS_ABC
Distance,WIDTH_OP4.2,D1,4.186,4.000,0.186,-0.200,0.200,,SRF_OP4_IW2 - SRF_OP4_OW2 / CS_ABC
Distance,WIDTH_OP4.3,D1,4.161,4.000,0.161,-0.200,0.200,,SRF_OP4_IW3 - SRF_OP4_OW3 / CS_ABC
Distance,WIDTH_OP4.4,D1,4.075,4.000,0.075,-0.200,0.200,,SRF_OP4_IW4 - SRF_OP4_OW4 / CS_ABC
Distance,WIDTH_OP4.5,D1,3.940,4.000,-0.060,-0.200,0.200,,SRF_OP4_IW5 - SRF_OP4_OW5 / CS_ABC
Distance,WIDTH_OP4.6,D1,4.068,4.000,0.068,-0.200,0.200,,SRF_OP4_IW6 - SRF_OP4_OW6 / CS_ABC
Distance,WIDTH_OP4.7,D1,3.954,4.000,-0.046,-0.200,0.200,,SRF_OP4_IW7 - SRF_OP4_OW7 / CS_ABC
Distance,WIDTH_OP5.1,D1,3.955,4.000,-0.045,-0.200,0.200,,SRF_OP5_IW1 - SRF_OP5_OW1 / CS_ABC
Distance,WIDTH_OP5.2,D1,3.942,4.000,-0.058,-0.200,0.200,,SRF_OP5_IW2 - SRF_OP5_OW2 / CS_ABC
Distance,WIDTH_OP5.3,D1,3.930,4.000,-0.070,-0.200,0.200,,SRF_OP5_IW3 - SRF_OP5_OW3 / CS_ABC
Distance,WIDTH_OP5.4,D1,4.116,4.000,0.116,-0.200,0.200,,SRF_OP5_IW4 - SRF_OP5_OW4 / CS_ABC
Distance,WIDTH_OP5.5,D1,4.086,4.000,0.086,-0.200,0.200,,SRF_OP5_IW5 - SRF_OP5_OW5 / CS_ABC
Distance,WIDTH_OP6.1,D1,3.979,4.000,-0.021,-0.200,0.200,,SRF_OP6_IW1 - SRF_OP6_OW1 / CS_ABC
Distance,WIDTH_OP6.2,D1,4.057,4.000,0.057,-0.200,0.200,,SRF_OP6_IW2 - SRF_OP6_OW2 / CS_ABC
Distance,WIDTH_OP6.3,D1,4.075,4.000,0.075,-0.200,0.200,,SRF_OP6_IW3 - SRF_OP6_OW3 / CS_ABC
Distance,WIDTH_OP6.4,D1,4.071,4.000,0.071,-0.200,0.200,,SRF_OP6_IW4 - SRF_OP6_OW4 / CS_ABC
Distance,WIDTH_OP6.5,D1,4.061,4.000,0.061,-0.200,0.200,,SRF_OP6_IW5 - SRF_OP6_OW5 / CS_ABC
Distance,WIDTH_OP6.6,D1,4.211,4.000,0.211,-0.200,0.200,0.011,SRF_OP6_IW6 - SRF_OP6_OW6 / CS_ABC
Distance,WIDTH_OP6.7,D1,4.149,4.000,0.149,-0.300,0.300,,SRF_OP6_IW7 - SRF_OP6_OW7 / CS_TEMP_CIR
Distance,DP_OP1.1,Y,6.090,6.000,0.090,-0.350,0.350,,SRF_OP1_DP1 - PL_FIXTURE / CS_PORTS_BF
Distance,DP_OP1.2,Y,6.036,6.000,0.036,-0.350,0.350,,SRF_OP1_DP2 - PL_FIXTURE / CS_PORTS_BF
Distance,DP_OP1.3,Y,6.078,6.000,0.078,-0.350,0.350,,SRF_OP1_DP3 - PL_FIXTURE / CS_PORTS_BF
Distance,DP_OP1.4,Y,6.091,6.000,0.091,-0.350,0.350,,SRF_OP1_DP4 - PL_FIXTURE / CS_PORTS_BF
Distance,DP_OP1.5,Y,6.183,6.000,0.183,-0.350,0.350,,SRF_OP1_DP5 - PL_FIXTURE / CS_PORTS_BF
Distance,DP_OP1.6,Y,6.158,6.000,0.158,-0.350,0.350,,SRF_OP1_DP6 - PL_FIXTURE / CS_PORTS_BF
Distance,DP_OP1.7,Y,6.124,6.000,0.124,-0.350,0.350,,SRF_OP1_DP7 - PL_FIXTURE / CS_PORTS_BF
Distance,DP_OP2.1,Y,6.215,6.000,0.215,-0.350,0.350,,SRF_OP2_DP1 - PL_FIXTURE / CS_PORTS_BF
Distance,DP_OP2.2,Y,6.080,6.000,0.080,-0.350,0.350,,SRF_OP2_DP2 - PL_FIXTURE / CS_PORTS_BF
Distance,DP_OP2.3,Y,6.035,6.000,0.035,-0.350,0.350,,SRF_OP2_DP3 - PL_FIXTURE / CS_PORTS_BF
Distance,DP_OP2.4,Y,6.095,6.000,0.095,-0.350,0.350,,SRF_OP2_DP4 - PL_FIXTURE / CS_PORTS_BF
Distance,DP_OP2.5,Y,6.014,6.000,0.014,-0.350,0.350,,SRF_OP2_DP5 - PL_FIXTURE / CS_PORTS_BF
Distance,DP_OP2.6,Y,6.084,6.000,0.084,-0.350,0.350,,SRF_OP2_DP6 - PL_FIXTURE / CS_PORTS_BF
Distance,DP_OP2.7,Y,6.396,6.000,0.396,-0.350,0.350,0.046,SRF_OP2_DP7 - PL_FIXTURE / CS_PORTS_BF
Distance,DP_OP3.1,Y,6.089,6.000,0.089,-0.350,0.350,,SRF_OP3_DP1 - PL_FIXTURE / CS_PORTS_BF
Distance,DP_OP3.2,Y,6.111,6.000,0.111,-0.350,0.350,,SRF_OP3_DP2 - PL_FIXTURE / CS_PORTS_BF
Distance,DP_OP3.3,Y,6.122,6.000,0.122,-0.350,0.350,,SRF_OP3_DP3 - PL_FIXTURE / CS_PORTS_BF
Distance,DP_OP3.4,Y,6.080,6.000,0.080,-0.350,0.350,,SRF_OP3_DP4 - PL_FIXTURE / CS_PORTS_BF
Distance,DP_OP4.1,Y,6.195,6.000,0.195,-0.350,0.350,,SRF_OP4_DP1 - PL_FIXTURE / CS_PORTS_BF
Distance,DP_OP4.2,Y,6.160,6.000,0.160,-0.350,0.350,,SRF_OP4_DP2 - PL_FIXTURE / CS_PORTS_BF
Distance,DP_OP4.3,Y,6.142,6.000,0.142,-0.350,0.350,,SRF_OP4_DP3 - PL_FIXTURE / CS_PORTS_BF
Distance,DP_OP4.4,Y,6.130,6.000,0.130,-0.350,0.350,,SRF_OP4_DP4 - PL_FIXTURE / CS_PORTS_BF
Distance,DP_OP4.5,Y,5.963,6.000,-0.037,-0.350,0.350,,SRF_OP4_DP5 - PL_FIXTURE / CS_PORTS_BF
Distance,DP_OP4.6,Y,5.943,6.000,-0.057,-0.350,0.350,,SRF_OP4_DP6 - PL_FIXTURE / CS_PORTS_BF
Distance,DP_OP4.7,Y,6.109,6.000,0.109,-0.350,0.350,,SRF_OP4_DP7 - PL_FIXTURE / CS_PORTS_BF
Distance,DP_OP5.1,Y,6.064,6.000,0.064,-0.350,0.350,,SRF_OP5_DP1 - PL_FIXTURE / CS_PORTS_BF
Distance,DP_OP5.2,Y,6.110,6.000,0.110,-0.350,0.350,,SRF_OP5_DP2 - PL_FIXTURE / CS_PORTS_BF
Distance,DP_OP5.3,Y,6.009,6.000,0.009,-0.350,0.350,,SRF_OP5_DP3 - PL_FIXTURE / CS_PORTS_BF
Distance,DP_OP5.4,Y,6.015,6.000,0.015,-0.350,0.350,,SRF_OP5_DP4 - PL_FIXTURE / CS_PORTS_BF
Distance,DP_OP5.5,Y,5.989,6.000,-0.011,-0.350,0.350,,SRF_OP5_DP5 - PL_FIXTURE / CS_PORTS_BF
Distance,DP_OP6.1,Y,6.062,6.000,0.062,-0.350,0.350,,SRF_OP6_DP1 - PL_FIXTURE / CS_PORTS_BF
Distance,DP_OP6.2,Y,6.071,6.000,0.071,-0.350,0.350,,SRF_OP6_DP2 - PL_FIXTURE / CS_PORTS_BF
Distance,DP_OP6.3,Y,6.081,6.000,0.081,-0.350,0.350,,SRF_OP6_DP3 - PL_FIXTURE / CS_PORTS_BF
Distance,DP_OP6.4,Y,6.042,6.000,0.042,-0.350,0.350,,SRF_OP6_DP4 - PL_FIXTURE / CS_PORTS_BF
Distance,DP_OP6.5,Y,6.058,6.000,0.058,-0.350,0.350,,SRF_OP6_DP5 - PL_FIXTURE / CS_PORTS_BF
Distance,DP_OP6.6,Y,5.970,6.000,-0.030,-0.350,0.350,,SRF_OP6_DP6 - PL_FIXTURE / CS_PORTS_BF
Distance,DP_OP6.7,Y,5.978,6.000,-0.022,-0.350,0.350,,SRF_OP6_DP7 - PL_FIXTURE / CS_PORTS_BF
Circle,CIR_8,DIAM,75.841,75.600,0.241,-0.500,0.500,,Criterion : Least Square (From 8 Pts On PL_D) 
Circle,CIR_8,X,122.967,122.900,0.067,,,,
Circle,CIR_8,Y,56.340,58.000,-1.660,,,,
Circle,CIR_8,Z,462.254,463.400,-1.146,,,,
Pos. Tol.,POS_8,PTOL,4.038,0.000,4.038,0.000,6.000,,CIR_8/NOMINAL - CS_ABC - C-Zone - XYZ - Nominal
Circle,CIR_18,X,125.140,125.206,-0.066,,,,Criterion : Least Square (From 6 Pts On PL_INS_18) 
Circle,CIR_18,Y,88.501,90.408,-1.908,,,,
Circle,CIR_18,Z,502.322,503.440,-1.118,,,,
Pos. Tol.,POS_18,PTOL,4.424,0.000,4.424,0.000,6.000,,CIR_18/NOMINAL - CS_ABC - C-Zone - XYZ - Nominal
Circle,CIR_19,X,119.446,120.671,-1.226,,,,Criterion : Least Square (From 6 Pts On PL_INS_19) 
Circle,CIR_19,Y,23.691,25.567,-1.875,,,,
Circle,CIR_19,Z,501.889,503.440,-1.552,,,,
Pos. Tol.,POS_19,PTOL,5.450,0.000,5.450,0.000,6.000,,CIR_19/NOMINAL - CS_ABC - C-Zone - XYZ - Nominal
Circle,CIR_20,X,120.989,120.671,0.318,,,,Criterion : Least Square (From 6 Pts On PL_INS_20) 
Circle,CIR_20,Y,24.321,25.564,-1.243,,,,
Circle,CIR_20,Z,422.103,423.439,-1.335,,,,
Pos. Tol.,POS_20,PTOL,3.704,0.000,3.704,0.000,6.000,,CIR_20/NOMINAL - CS_ABC - C-Zone - XYZ - Nominal
Circle,CIR_21,X,126.380,125.206,1.175,,,,Criterion : Least Square (From 6 Pts On PL_INS_21) 
Circle,CIR_21,Y,89.099,90.408,-1.309,,,,
Circle,CIR_21,Z,422.558,423.440,-0.883,,,,
Pos. Tol.,POS_21,PTOL,3.936,0.000,3.936,0.000,6.000,,CIR_21/NOMINAL - CS_ABC - C-Zone - XYZ - Nominal
Circle,2D_CIR_18,Y,32.506,32.500,0.006,,,,
Circle,2D_CIR_18,Z,39.835,40.000,-0.165,,,,
Pos. Tol.,POS_2D_18,PTOL,0.330,0.000,0.330,0.000,0.600,,2D_CIR_18/NOMINAL - CS_DE_BF - C-Zone - YZ - Nominal
Circle,2D_CIR_19,Y,-32.554,-32.500,-0.054,,,,
Circle,2D_CIR_19,Z,39.940,40.000,-0.060,,,,
Pos. Tol.,POS_2D_19,PTOL,0.162,0.000,0.162,0.000,0.600,,2D_CIR_19/NOMINAL - CS_DE_BF - C-Zone - YZ - Nominal
Circle,2D_CIR_20,Y,-32.452,-32.500,0.048,,,,
Circle,2D_CIR_20,Z,-39.863,-40.000,0.137,,,,
Pos. Tol.,POS_2D_20,PTOL,0.290,0.000,0.290,0.000,0.600,,2D_CIR_20/NOMINAL - CS_DE_BF - C-Zone - YZ - Nominal
Circle,2D_CIR_21,Y,32.551,32.500,0.051,,,,
Circle,2D_CIR_21,Z,-39.941,-40.000,0.059,,,,
Pos. Tol.,POS_2D_21,PTOL,0.157,0.000,0.157,0.000,0.600,,2D_CIR_21/NOMINAL - CS_DE_BF - C-Zone - YZ - Nominal
Distance,INSERT HEIGHT 18,X,0.060,0.000,0.060,0.000,0.500,,CIR_18 - PL_PLAST_18 / CS_DE_BF_RZ180
Distance,INSERT HEIGHT 19,X,0.233,-0.000,0.233,0.000,0.500,,CIR_19 - PL_PLAST_19 / CS_DE_BF_RZ180
Distance,INSERT HEIGHT 20,X,0.104,-0.000,0.104,0.000,0.500,,CIR_20 - PL_PLAST_20 / CS_DE_BF_RZ180
Distance,INSERT HEIGHT 21,X,0.218,0.000,0.218,0.000,0.500,,CIR_21 - PL_PLAST_21 / CS_DE_BF_RZ180
Distance,WIDTH_TB1,D1,3.052,3.000,0.052,-0.200,0.200,,P0W2.5_1.1 - PIW2.5_1.1 / CS_DE_BF
Distance,WIDTH_TB2,D1,2.923,3.000,-0.077,-0.200,0.200,,P0W2.5_1.2 - PIW2.5_1.2 / CS_DE_BF
Distance,WIDTH_TB3,D1,2.984,3.000,-0.016,-0.200,0.200,,P0W2.5_1.3 - PIW2.5_1.3 / CS_DE_BF
Distance,WIDTH_TB4,D1,3.050,3.000,0.050,-0.200,0.200,,P0W2.5_1.4 - PIW2.5_1.4 / CS_DE_BF
Distance,WIDTH_TB5,D1,3.144,3.000,0.144,-0.200,0.200,,P0W2.5_1.5 - PIW2.5_1.5 / CS_DE_BF
Distance,WIDTH_TB6,D1,3.054,3.000,0.054,-0.200,0.200,,P0W2.5_1.6 - PIW2.5_1.6 / CS_DE_BF
Distance,WIDTH_TB7,D1,3.220,3.000,0.220,-0.200,0.200,0.020,P0W2.5_1.7 - PIW2.5_1.7 / CS_DE_BF
Distance,WIDTH_TB8,D1,3.073,3.000,0.073,-0.200,0.200,,P0W2.5_1.8 - PIW2.5_1.8 / CS_DE_BF
Distance,DEPTH_TB1,X,5.107,5.000,0.107,-0.350,0.350,,TB_BOT_1.1 - PL_D / CS_DE_BF
Distance,DEPTH_TB2,X,5.142,5.000,0.142,-0.350,0.350,,TB_BOT_1.2 - PL_D / CS_DE_BF
Distance,DEPTH_TB3,X,5.094,5.000,0.094,-0.350,0.350,,TB_BOT_1.3 - PL_D / CS_DE_BF
Distance,DEPTH_TB4,X,4.941,5.000,-0.059,-0.350,0.350,,TB_BOT_1.4 - PL_D / CS_DE_BF
Distance,DEPTH_TB5,X,4.857,5.000,-0.143,-0.350,0.350,,TB_BOT_1.5 - PL_D / CS_DE_BF
Distance,DEPTH_TB6,X,4.980,5.000,-0.020,-0.350,0.350,,TB_BOT_1.6 - PL_D / CS_DE_BF
Distance,DEPTH_TB7,X,4.994,5.000,-0.006,-0.350,0.350,,TB_BOT_1.7 - PL_D / CS_DE_BF
Distance,DEPTH_TB8,X,5.006,5.000,0.006,-0.350,0.350,,TB_BOT_1.8 - PL_D / CS_DE_BF
Flatness,FLAT_D,FLTN,0.188,0.000,0.188,0.000,1.000,,PL_D
Circle,CIR_9,DIAM,12.717,12.600,0.117,-0.100,0.100,0.017,Inters. PL_PLAST_9 - CYL_9.
Circle,CIR_9,X,179.402,178.800,0.602,,,,
Circle,CIR_9,Y,112.986,115.400,-2.414,,,,
Circle,CIR_9,Z,477.783,477.100,0.683,,,,
Pos. Tol.,POS_9,PTOL,5.161,0.000,5.161,0.000,6.000,,CIR_9/NOMINAL - CS_ABC - C-Zone - XYZ - Nominal
Circle,CIR_10,DIAM,16.450,16.325,0.125,-0.125,0.125,0.000,Inters. PL_PLAST_10 - CYL_10.
Circle,CIR_10,X,285.775,284.900,0.875,,,,
Circle,CIR_10,Y,69.453,71.100,-1.647,,,,
Circle,CIR_10,Z,296.398,296.200,0.198,,,,
Pos. Tol.,POS_10,PTOL,3.751,0.000,3.751,0.000,4.000,,CIR_10/NOMINAL - CS_ABC - C-Zone - XYZ - Nominal
Flatness,FLAT_F,FLTN,0.054,0.000,0.054,0.000,1.000,,PL_11_12
Circle,CIR_13_GAGE,DIAM,16.127,16.100,0.027,-0.100,0.100,,Criterion : Least Square (From 10 Pts On PL_13) 
Circle,CIR_13_GAGE,X,163.764,162.100,1.664,,,,
Circle,CIR_13_GAGE,Z,350.078,350.300,-0.222,,,,
Pos. Tol.,POS_13,PTOL,3.358,0.000,3.358,0.000,4.000,,CIR_13_GAGE/NOMINAL - CS_ABC - C-Zone - XZ - Nominal
Distance,PROF_13,Y,-19.801,-19.600,-0.201,-0.500,0.500,,2D_CIR_13 - PL_11_12 / CS_FG_BF
Circle,CIR_INSERT_11,X,164.238,162.100,2.138,,,,Criterion : Least Square (From 6 Pts On PL_INSERT_11) 
Circle,CIR_INSERT_11,Z,379.985,380.300,-0.315,,,,
Pos. Tol.,POS_11,PTOL,4.322,0.000,4.322,0.000,4.000,0.322,CIR_INSERT_11/NOMINAL - CS_ABC - C-Zone - XZ - Nominal
Distance,PROF_11,Y,88.512,89.100,-0.588,-1.500,1.500,,CIR_INSERT_11 - ORIGIN / CS_ABC
Circle,CIR_INSERT_12,X,164.019,162.100,1.919,,,,Criterion : Least Square (From 8 Pts On PL_INSERT_12) 
Circle,CIR_INSERT_12,Z,320.215,320.300,-0.085,,,,
Pos. Tol.,POS_12,PTOL,3.841,0.000,3.841,0.000,4.000,,CIR_INSERT_12/NOMINAL - CS_ABC - C-Zone - XZ - Nominal
Distance,PROF_12,Y,88.769,89.100,-0.331,-1.500,1.500,,CIR_INSERT_12 - ORIGIN / CS_ABC
Circle,2D_CIR_INSERT_11,X,0.156,0.000,0.156,,,,
Circle,2D_CIR_INSERT_11,Z,29.822,30.000,-0.178,,,,
Pos. Tol.,POS_2D_11,PTOL,0.473,0.000,0.473,0.000,0.700,,2D_CIR_INSERT_11/NOMINAL - CS_FG_BF - C-Zone - XZ - Nominal
Distance,INSERT HEIGHT 11,Y,0.231,0.000,0.231,0.000,0.500,,CIR_INSERT_11 - PL_PLAST_11 / CS_FG_BF
Circle,2D_CIR_INSERT_12,X,0.156,0.000,0.156,,,,
Circle,2D_CIR_INSERT_12,Z,-29.949,-30.000,0.051,,,,
Pos. Tol.,POS_2D_12,PTOL,0.328,0.000,0.328,0.000,0.700,,2D_CIR_INSERT_12/NOMINAL - CS_FG_BF - C-Zone - XZ - Nominal
Distance,INSERT HEIGHT 12,Y,0.182,-0.000,0.182,0.000,0.500,,CIR_INSERT_12 - PL_PLAST_12 / CS_FG_BF
Circle,CIR_14,DIAM,6.608,6.500,0.108,-0.100,0.100,0.008,Criterion : Least Square (From 6 Pts On PL_PLAST_14) 
Circle,CIR_14,X,82.119,80.500,1.619,,,,
Circle,CIR_14,Z,317.401,317.600,-0.199,,,,
Pos. Tol.,POS_14,PTOL,3.262,0.000,3.262,0.000,4.000,,CIR_14/NOMINAL - CS_ABC - C-Zone - XZ - Nominal
Distance,PROF_14,Y,98.266,99.800,-1.534,-2.000,2.000,,CIR_14 - ORIGIN / CS_ABC
Circle,CIR_15,DIAM,7.015,6.975,0.040,-0.225,0.225,,Criterion : Least Square (From 6 Pts On PL_PLAST_15) 
Circle,CIR_15,X,-57.150,-57.500,0.350,,,,
Circle,CIR_15,Z,52.189,51.600,0.589,,,,
Pos. Tol.,POS_15,PTOL,1.370,0.000,1.370,0.000,4.000,,CIR_15/NOMINAL - CS_ABC - C-Zone - XZ - Nominal
Distance,PROF_15,Y,38.965,40.200,-1.235,-2.000,2.000,,CIR_15 - ORIGIN / CS_ABC
Circle,CIR_16,DIAM,7.030,6.975,0.055,-0.225,0.225,,Criterion : Least Square (From 6 Pts On PL_PLAST_16) 
Circle,CIR_16,X,-56.127,-57.500,1.373,,,,
Circle,CIR_16,Z,263.869,263.600,0.269,,,,
Pos. Tol.,POS_16,PTOL,2.797,0.000,2.797,0.000,4.000,,CIR_16/NOMINAL - CS_ABC - C-Zone - XZ - Nominal
Distance,PROF_16,Y,40.005,40.200,-0.195,-2.000,2.000,,CIR_16 - ORIGIN / CS_ABC
Circle,CIR_17,DIAM,8.162,8.000,0.162,-0.200,0.200,,Criterion : Least Square (From 6 Pts On PL_PLAST_17) 
Circle,CIR_17,X,-14.395,-14.500,0.105,,,,
Circle,CIR_17,Z,351.760,351.600,0.160,,,,
Pos. Tol.,POS_17,PTOL,0.382,0.000,0.382,0.000,3.000,,CIR_17/NOMINAL - CS_ABC - C-Zone - XZ - Nominal
Distance,PROF_17,Y,35.856,35.900,-0.044,-0.500,0.500,,CIR_17 - ORIGIN / CS_ABC
Circle,CIR_23,X,-7.786,-8.500,0.714,,,,Criterion : Least Square (From 10 Pts On PL_PLAST_23) 
Circle,CIR_23,Z,96.914,96.800,0.114,,,,
Pos. Tol.,POS_23,PTOL,1.446,0.000,1.446,0.000,4.000,,CIR_23/NOMINAL - CS_ABC - C-Zone - XZ - Nominal
Distance,PROF_23,Y,72.295,73.200,-0.905,-2.000,2.000,,CIR_23 - ORIGIN / CS_ABC
Circle,CIR_24,X,-7.421,-8.500,1.079,,,,Criterion : Least Square (From 10 Pts On PL_PLAST_24) 
Circle,CIR_24,Z,202.871,202.800,0.071,,,,
Pos. Tol.,POS_24,PTOL,2.162,0.000,2.162,0.000,4.000,,CIR_24/NOMINAL - CS_ABC - C-Zone - XZ - Nominal
Distance,PROF_24,Y,72.990,73.200,-0.210,-2.000,2.000,,CIR_24 - ORIGIN / CS_ABC
Circle,CIR_25,DIAM,4.754,4.700,0.054,-0.100,0.100,,Criterion : Least Square (From 6 Pts On PL_PLAST_25) 
Circle,CIR_25,X,0.509,0.000,0.509,,,,
Circle,CIR_25,Z,0.946,0.000,0.946,,,,
Pos. Tol.,POS_25,PTOL,2.149,0.000,2.149,0.000,2.000,0.149,CIR_25/NOMINAL - CS_ABC - C-Zone - XZ - Nominal
Distance,PROF_25,Y,30.621,30.900,-0.279,-0.500,0.500,,CIR_25 - ORIGIN / CS_ABC
Circle,CIR_26,DIAM,6.641,6.500,0.141,-0.200,0.200,,Criterion : Least Square (From 8 Pts On PL_PLAST_26) 
Circle,CIR_26,X,82.285,80.500,1.785,,,,
Circle,CIR_26,Z,304.965,304.800,0.165,,,,
Pos. Tol.,POS_26,PTOL,3.584,0.000,3.584,0.000,4.000,,CIR_26/NOMINAL - CS_ABC - C-Zone - XZ - Nominal
Distance,PROF_26,Y,113.568,113.700,-0.132,-0.500,0.500,,CIR_26 - ORIGIN / CS_ABC
Circle,CIR_22,X,224.987,225.500,-0.513,,,,Criterion : Least Square (From 6 Pts On PL_INS_22) 
Circle,CIR_22,Y,-38.361,-35.900,-2.461,,,,
Circle,CIR_22,Z,387.834,388.000,-0.166,,,,
Pos. Tol.,POS_22,PTOL,5.039,0.000,5.039,0.000,6.000,,CIR_22/NOMINAL - CS_ABC - C-Zone - XYZ - Nominal
Distance,INSERT HEIGHT 22,X,0.427,0.000,0.427,0.000,0.500,,CIR_22 - PL_PLAST_22 / CS_22
Circle,CIR_29,DIAM,9.387,9.250,0.137,-0.100,0.100,0.037,Criterion : Least Square (From 8 Pts On PL_PLAST_29) 
Circle,CIR_29,X,134.735,134.100,0.635,,,,
Circle,CIR_29,Z,-10.598,-10.700,0.102,,,,
Pos. Tol.,POS_29,PTOL,1.286,0.000,1.286,0.000,4.000,,CIR_29/NOMINAL - CS_ABC - C-Zone - XZ - Nominal
Circle,CIR_30,DIAM,9.314,9.250,0.064,-0.100,0.100,,Criterion : Least Square (From 6 Pts On PL_PLAST_30) 
Circle,CIR_30,X,111.202,110.000,1.202,,,,
Circle,CIR_30,Z,312.862,313.200,-0.338,,,,
Pos. Tol.,POS_30,PTOL,2.498,0.000,2.498,0.000,4.000,,CIR_30/NOMINAL - CS_ABC - C-Zone - XZ - Nominal
Circle,CIR_31,DIAM,12.167,12.050,0.117,-0.100,0.100,0.017,Criterion : Least Square (From 12 Pts On PL_PLAST_31) 
Circle,CIR_31,X,241.117,240.842,0.275,,,,
Circle,CIR_31,Z,28.924,29.405,-0.481,,,,
Circle,CIR_34,DIAM,6.795,6.850,-0.055,-0.100,0.100,,Criterion : Least Square (From 6 Pts On PL_PLAST_34) 
Circle,CIR_34,X,236.147,235.961,0.186,,,,
Circle,CIR_34,Y,61.359,61.702,-0.343,,,,
Circle,CIR_34,Z,-11.592,-11.244,-0.348,,,,
Circle,2D_CIR_32,DIAM,4.012,4.131,-0.119,-0.100,0.100,-0.019,
Circle,2D_CIR_32,X,-19.929,-20.000,0.071,,,,
Circle,2D_CIR_32,Z,0.000,0.000,0.000,,,,
Circle,2D_CIR_33,DIAM,4.017,4.131,-0.113,-0.100,0.100,-0.013,
Circle,2D_CIR_33,X,-19.881,-20.000,0.119,,,,
Circle,2D_CIR_33,Z,-0.000,0.000,0.000,,,,
Perpend.,PERP_TMAP,PERP,0.065,0.000,0.065,0.000,0.100,,CYL_31/PL_PLAST_31 - C-Zone - Cloud of Points 
