Feat. Type,Feat. Name,Value,Actual,Nominal,Dev.,Tol-,Tol+,Out of Tol.,Comment
Text/Value,VAR_PROGRAM,VAL,,,,,,,'N:\Metrolog XG\Programmes\Ford Transmission Pan 10R\Ford Transmission Pan 10R Complete (Module_51).gm2'
Text/Value,VAR_EVENEMENT,VAL,,,,,,,'PPAP'
Text/Value,VAR_COMMENTAIRES,VAL,,,,,,,'C2P31'
Text/Value,PROFILE_A,VAL,0.172665,0.000000,0.172665,0.000000,0.250000,,
Circle,CIR_1,DIAM,7.112,7.100,0.012,-0.050,0.050,,Criterion : Least Square (From 4 Pts On PL_FIXTURE) 
Circle,CIR_1,X,0.000,0.000,0.000,,,,
Circle,CIR_1,Z,0.000,0.000,0.000,,,,
Circle,CIR_2,DIAM,7.118,7.100,0.018,-0.050,0.050,,Criterion : Least Square (From 4 Pts On PL_FIXTURE) 
Circle,CIR_2,X,-80.164,-80.079,-0.085,,,,
Circle,CIR_2,Z,-3.019,-2.811,-0.208,,,,
Circle,CIR_3,DIAM,7.117,7.100,0.017,-0.050,0.050,,Criterion : Least Square (From 4 Pts On PL_FIXTURE) 
Circle,CIR_3,X,-170.155,-170.079,-0.076,,,,
Circle,CIR_3,Z,-2.892,-2.811,-0.082,,,,
Circle,CIR_4,DIAM,7.980,8.300,-0.320,-0.050,0.050,-0.270,Criterion : Least Square (From 4 Pts On PL_FIXTURE) 
Circle,CIR_4,X,-224.632,-224.499,-0.133,,,,
Circle,CIR_4,Z,-4.549,-4.571,0.022,,,,
Circle,CIR_5,DIAM,7.116,7.100,0.016,-0.050,0.050,,Criterion : Least Square (From 4 Pts On PL_FIXTURE) 
Circle,CIR_5,X,-249.622,-249.499,-0.123,,,,
Circle,CIR_5,Z,-1.647,-1.571,-0.076,,,,
Circle,CIR_6,DIAM,7.114,7.100,0.014,-0.050,0.050,,Criterion : Least Square (From 4 Pts On PL_FIXTURE) 
Circle,CIR_6,X,-273.007,-272.679,-0.328,,,,
Circle,CIR_6,Z,78.164,78.140,0.024,,,,
Circle,CIR_7,DIAM,7.113,7.100,0.013,-0.050,0.050,,Criterion : Least Square (From 4 Pts On PL_FIXTURE) 
Circle,CIR_7,X,-272.983,-272.679,-0.305,,,,
Circle,CIR_7,Z,157.074,157.140,-0.066,,,,
Circle,CIR_8,DIAM,7.111,7.100,0.011,-0.050,0.050,,Criterion : Least Square (From 4 Pts On PL_FIXTURE) 
Circle,CIR_8,X,-272.903,-272.679,-0.225,,,,
Circle,CIR_8,Z,236.093,236.140,-0.047,,,,
Circle,CIR_9,DIAM,7.110,7.100,0.010,-0.050,0.050,,Criterion : Least Square (From 4 Pts On PL_FIXTURE) 
Circle,CIR_9,X,-272.877,-272.679,-0.199,,,,
Circle,CIR_9,Z,315.146,315.140,0.006,,,,
Circle,CIR_10,DIAM,7.112,7.100,0.012,-0.050,0.050,,Criterion : Least Square (From 4 Pts On PL_FIXTURE) 
Circle,CIR_10,X,-272.696,-272.679,-0.017,,,,
Circle,CIR_10,Z,394.085,394.140,-0.055,,,,
Circle,CIR_11,DIAM,7.111,7.100,0.011,-0.050,0.050,,Criterion : Least Square (From 4 Pts On PL_FIXTURE) 
Circle,CIR_11,X,-254.609,-254.552,-0.057,,,,
Circle,CIR_11,Z,463.616,463.580,0.036,,,,
Circle,CIR_12,DIAM,7.114,7.100,0.014,-0.050,0.050,,Criterion : Least Square (From 4 Pts On PL_FIXTURE) 
Circle,CIR_12,X,-167.008,-166.879,-0.129,,,,
Circle,CIR_12,Z,474.636,474.589,0.046,,,,
Circle,CIR_13,DIAM,7.112,7.100,0.012,-0.050,0.050,,Criterion : Least Square (From 4 Pts On PL_FIXTURE) 
Circle,CIR_13,X,-79.185,-79.279,0.094,,,,
Circle,CIR_13,Z,474.680,474.589,0.091,,,,
Circle,CIR_14,DIAM,8.109,8.300,-0.191,-0.050,0.050,-0.141,Criterion : Least Square (From 4 Pts On PL_FIXTURE) 
Circle,CIR_14,X,-19.525,-19.499,-0.026,,,,
Circle,CIR_14,Z,473.118,473.429,-0.311,,,,
Circle,CIR_15,DIAM,7.115,7.100,0.015,-0.050,0.050,,Criterion : Least Square (From 4 Pts On PL_FIXTURE) 
Circle,CIR_15,X,8.314,8.321,-0.007,,,,
Circle,CIR_15,Z,470.478,470.589,-0.112,,,,
Circle,CIR_16,DIAM,7.115,7.100,0.015,-0.050,0.050,,Criterion : Least Square (From 4 Pts On PL_FIXTURE) 
Circle,CIR_16,X,17.249,17.321,-0.072,,,,
Circle,CIR_16,Z,387.296,387.439,-0.143,,,,
Circle,CIR_17,DIAM,7.114,7.100,0.014,-0.050,0.050,,Criterion : Least Square (From 4 Pts On PL_FIXTURE) 
Circle,CIR_17,X,17.125,17.321,-0.197,,,,
Circle,CIR_17,Z,304.057,304.239,-0.182,,,,
Circle,CIR_18,DIAM,7.117,7.100,0.017,-0.050,0.050,,Criterion : Least Square (From 4 Pts On PL_FIXTURE) 
Circle,CIR_18,X,17.416,17.321,0.095,,,,
Circle,CIR_18,Z,227.987,228.000,-0.013,,,,
Circle,CIR_19,DIAM,7.115,7.100,0.015,-0.050,0.050,,Criterion : Least Square (From 4 Pts On PL_FIXTURE) 
Circle,CIR_19,X,17.606,17.321,0.284,,,,
Circle,CIR_19,Z,151.978,152.000,-0.022,,,,
Circle,CIR_20,DIAM,7.115,7.100,0.015,-0.050,0.050,,Criterion : Least Square (From 4 Pts On PL_FIXTURE) 
Circle,CIR_20,X,17.530,17.321,0.209,,,,
Circle,CIR_20,Z,76.104,76.000,0.104,,,,
Pos. Tol.,POS_1,PTOL,0.000,0.000,0.000,0.000,0.800,,CIR_1/NOMINAL - CS_ABC - C-Zone - XZ - Nominal
Pos. Tol.,POS_2,PTOL,0.449,0.000,0.449,0.000,0.800,,CIR_2/NOMINAL - CS_ABC - C-Zone - XZ - Nominal
Pos. Tol.,POS_3,PTOL,0.223,0.000,0.223,0.000,0.800,,CIR_3/NOMINAL - CS_ABC - C-Zone - XZ - Nominal
Pos. Tol.,POS_4,PTOL,0.271,0.000,0.271,0.000,0.800,,CIR_4/NOMINAL - CS_ABC - C-Zone - XZ - Nominal
Pos. Tol.,POS_5,PTOL,0.289,0.000,0.289,0.000,0.800,,CIR_5/NOMINAL - CS_ABC - C-Zone - XZ - Nominal
Pos. Tol.,POS_6,PTOL,0.658,0.000,0.658,0.000,0.800,,CIR_6/NOMINAL - CS_ABC - C-Zone - XZ - Nominal
Pos. Tol.,POS_7,PTOL,0.623,0.000,0.623,0.000,0.800,,CIR_7/NOMINAL - CS_ABC - C-Zone - XZ - Nominal
Pos. Tol.,POS_8,PTOL,0.459,0.000,0.459,0.000,0.800,,CIR_8/NOMINAL - CS_ABC - C-Zone - XZ - Nominal
Pos. Tol.,POS_9,PTOL,0.397,0.000,0.397,0.000,0.800,,CIR_9/NOMINAL - CS_ABC - C-Zone - XZ - Nominal
Pos. Tol.,POS_10,PTOL,0.115,0.000,0.115,0.000,0.800,,CIR_10/NOMINAL - CS_ABC - C-Zone - XZ - Nominal
Pos. Tol.,POS_11,PTOL,0.136,0.000,0.136,0.000,0.800,,CIR_11/NOMINAL - CS_ABC - C-Zone - XZ - Nominal
Pos. Tol.,POS_12,PTOL,0.274,0.000,0.274,0.000,0.800,,CIR_12/NOMINAL - CS_ABC - C-Zone - XZ - Nominal
Pos. Tol.,POS_13,PTOL,0.262,0.000,0.262,0.000,0.800,,CIR_13/NOMINAL - CS_ABC - C-Zone - XZ - Nominal
Pos. Tol.,POS_14,PTOL,0.625,0.000,0.625,0.000,0.800,,CIR_14/NOMINAL - CS_ABC - C-Zone - XZ - Nominal
Pos. Tol.,POS_15,PTOL,0.224,0.000,0.224,0.000,0.800,,CIR_15/NOMINAL - CS_ABC - C-Zone - XZ - Nominal
Pos. Tol.,POS_16,PTOL,0.320,0.000,0.320,0.000,0.800,,CIR_16/NOMINAL - CS_ABC - C-Zone - XZ - Nominal
Pos. Tol.,POS_17,PTOL,0.537,0.000,0.537,0.000,0.800,,CIR_17/NOMINAL - CS_ABC - C-Zone - XZ - Nominal
Pos. Tol.,POS_18,PTOL,0.191,0.000,0.191,0.000,0.800,,CIR_18/NOMINAL - CS_ABC - C-Zone - XZ - Nominal
Pos. Tol.,POS_19,PTOL,0.570,0.000,0.570,0.000,0.800,,CIR_19/NOMINAL - CS_ABC - C-Zone - XZ - Nominal
Pos. Tol.,POS_20,PTOL,0.467,0.000,0.467,0.000,0.800,,CIR_20/NOMINAL - CS_ABC - C-Zone - XZ - Nominal
Perpend.,PERP_B,PERP,0.020,0.000,0.020,0.000,0.130,,CYL_B/PL_FIXTURE - C-Zone - Cloud of Points 
Profile of Line,PROFILE_INSIDE_PAN_AT_GAGE,PRFL,2.426,0.000,2.426,0.000,3.000,,SECTION_INSIDE_2.5MM
