Feat. Type,Feat. Name,Value,Actual,Nominal,Dev.,Tol-,Tol+,Out of Tol.,Comment
Text/Value,VAR_PROGRAM,VAL,,,,,,,'N:\Metrolog XG\Programmes\Ford 3,5L GTDI 2017\Ford 3.5L GTDI Complete (Module 44).gm2'
Text/Value,VAR_EVENEMENT,VAL,,,,,,,'PPAP'
Text/Value,VAR_COMMENTAIRES,VAL,,,,,,,'Part No.3'
Text/Value,PROFILE_A,VAL,0.157275,0.000000,0.157275,0.000000,0.500000,,
Circle,CIR_B,DIAM,4.682,4.700,-0.018,-0.100,0.100,,Criterion : Least Square (From 3 Pts On PL_BACK_FIXTURE) 
Circle,CIR_B,X,0.000,0.000,0.000,,,,
Circle,CIR_B,Z,0.000,0.000,0.000,,,,
Circle,CIR_C,DIAM,4.644,4.700,-0.056,-0.100,0.100,,Criterion : Least Square (From 3 Pts On PL_BACK_FIXTURE) 
Circle,CIR_C,X,-0.000,-0.000,0.000,,,,
Circle,CIR_C,Z,-211.876,-212.000,0.124,,,,
Circle,CIR1,X,16.039,15.900,0.139,,,,From 4 Pts On PL_PLAST_1
Circle,CIR1,Z,48.862,48.700,0.162,,,,
Circle,CIR2,X,43.703,43.400,0.303,,,,From 4 Pts On PL_PLAST_2
Circle,CIR2,Z,-52.702,-52.800,0.098,,,,
Circle,CIR3,X,16.186,15.900,0.286,,,,From 4 Pts On PL_PLAST_3
Circle,CIR3,Z,-158.702,-158.800,0.098,,,,
Circle,CIR4,X,43.421,43.400,0.021,,,,From 4 Pts On PL_PLAST_4
Circle,CIR4,Z,-264.780,-264.800,0.020,,,,
Circle,CIR5,X,221.880,221.700,0.180,,,,From 4 Pts On PL_PLAST_5
Circle,CIR5,Z,-297.152,-296.800,-0.352,,,,
Circle,CIR6,X,195.039,195.200,-0.161,,,,From 4 Pts On PL_PLAST_6
Circle,CIR6,Z,-195.562,-195.300,-0.262,,,,
Circle,CIR7,X,222.766,222.700,0.066,,,,From 3 Pts On PL_PLAST_7
Circle,CIR7,Z,-89.513,-89.300,-0.213,,,,
Circle,CIR8,X,195.209,195.200,0.009,,,,From 4 Pts On PL_PLAST_8
Circle,CIR8,Z,16.564,16.700,-0.136,,,,
Pos. Tol.,POS_B,PTOL,0.000,0.000,0.000,0.000,0.500,,CIR_B/NOMINAL - CS_ABC - C-Zone - XZ - Nominal
Pos. Tol.,POS_C,PTOL,0.248,0.000,0.248,0.000,0.500,,CIR_C/NOMINAL - CS_ABC_BF_PORTS - C-Zone - XZ - Nominal
Pos. Tol.,POS_1,PTOL,0.427,0.000,0.427,0.000,1.500,,CIR1/NOMINAL - CS_ABC_BF_PORTS - C-Zone - XZ - Nominal
Pos. Tol.,POS_2,PTOL,0.638,0.000,0.638,0.000,1.500,,CIR2/NOMINAL - CS_ABC_BF_PORTS - C-Zone - XZ - Nominal
Pos. Tol.,POS_3,PTOL,0.604,0.000,0.604,0.000,1.500,,CIR3/NOMINAL - CS_ABC_BF_PORTS - C-Zone - XZ - Nominal
Pos. Tol.,POS_4,PTOL,0.058,0.000,0.058,0.000,1.500,,CIR4/NOMINAL - CS_ABC_BF_PORTS - C-Zone - XZ - Nominal
Pos. Tol.,POS_5,PTOL,0.791,0.000,0.791,0.000,1.500,,CIR5/NOMINAL - CS_ABC_BF_PORTS - C-Zone - XZ - Nominal
Pos. Tol.,POS_6,PTOL,0.615,0.000,0.615,0.000,1.500,,CIR6/NOMINAL - CS_ABC_BF_PORTS - C-Zone - XZ - Nominal
Pos. Tol.,POS_7,PTOL,0.446,0.000,0.446,0.000,1.500,,CIR7/NOMINAL - CS_ABC_BF_PORTS - C-Zone - XZ - Nominal
Pos. Tol.,POS_8,PTOL,0.272,0.000,0.272,0.000,1.500,,CIR8/NOMINAL - CS_ABC_BF_PORTS - C-Zone - XZ - Nominal
Circle,CIR_11,DIAM,6.779,6.800,-0.021,-0.100,0.100,,Criterion : Least Square (From 8 Pts On PL_PLAST_11) 
Circle,CIR_11,X,-14.038,-14.000,-0.038,,,,
Circle,CIR_11,Y,29.762,30.500,-0.738,,,,
Circle,CIR_11,Z,0.106,-0.000,0.106,,,,
Circle,CIR_12,DIAM,6.764,6.800,-0.036,-0.100,0.100,,Criterion : Least Square (From 8 Pts On PL_PLAST_12) 
Circle,CIR_12,X,-14.088,-14.000,-0.088,,,,
Circle,CIR_12,Y,29.645,30.500,-0.855,,,,
Circle,CIR_12,Z,-105.770,-106.000,0.229,,,,
Circle,CIR_13,DIAM,6.777,6.800,-0.023,-0.100,0.100,,Criterion : Least Square (From 8 Pts On PL_PLAST_13) 
Circle,CIR_13,X,-14.058,-14.000,-0.058,,,,
Circle,CIR_13,Y,29.935,30.500,-0.565,,,,
Circle,CIR_13,Z,-211.836,-212.000,0.164,,,,
Circle,CIR_14,DIAM,6.825,6.800,0.025,-0.100,0.100,,Criterion : Least Square (From 6 Pts On PL_PLAST_14) 
Circle,CIR_14,X,119.326,119.320,0.006,,,,
Circle,CIR_14,Y,30.766,30.500,0.266,,,,
Circle,CIR_14,Z,-281.068,-281.000,-0.068,,,,
Circle,CIR_15,DIAM,6.774,6.800,-0.026,-0.100,0.100,,Criterion : Least Square (From 8 Pts On PL_PLAST_15) 
Circle,CIR_15,X,252.667,252.640,0.027,,,,
Circle,CIR_15,Y,29.729,30.500,-0.771,,,,
Circle,CIR_15,Z,-142.607,-142.300,-0.308,,,,
Circle,CIR_16,DIAM,6.755,6.800,-0.045,-0.100,0.100,,Criterion : Least Square (From 8 Pts On PL_PLAST_16) 
Circle,CIR_16,X,252.887,252.640,0.247,,,,
Circle,CIR_16,Y,29.648,30.500,-0.852,,,,
Circle,CIR_16,Z,-36.376,-36.300,-0.077,,,,
Circle,CIR_A,DIAM,74.028,73.400,0.628,-0.300,0.300,0.328,Criterion : Least Square (From 36 Pts On PL_PLAST_PT.A) 
Circle,CIR_A,X,119.336,119.162,0.174,,,,
Circle,CIR_A,Y,1.815,3.289,-1.474,,,,
Circle,CIR_A,Z,188.281,188.276,0.004,,,,
Circle,CIR_17,X,79.631,79.320,0.311,,,,Criterion : Least Square (From 6 Pts On PL_INS_17) 
Circle,CIR_17,Y,33.983,35.146,-1.163,,,,
Circle,CIR_17,Z,193.957,193.894,0.064,,,,
Circle,CIR_18,X,159.500,159.320,0.180,,,,Criterion : Least Square (From 6 Pts On PL_INS_18) 
Circle,CIR_18,Y,33.266,35.146,-1.880,,,,
Circle,CIR_18,Z,194.208,193.894,0.315,,,,
Circle,CIR_19,X,159.030,159.320,-0.290,,,,Criterion : Least Square (From 6 Pts On PL_INS_19) 
Circle,CIR_19,Y,-30.598,-28.866,-1.732,,,,
Circle,CIR_19,Z,182.711,182.606,0.104,,,,
Circle,CIR_20,X,79.104,79.320,-0.216,,,,Criterion : Least Square (From 6 Pts On PL_INS_20) 
Circle,CIR_20,Y,-29.911,-28.866,-1.045,,,,
Circle,CIR_20,Z,182.723,182.606,0.117,,,,
Circle,2D_CIR_A,X,0.000,0.000,0.000,,,,
Circle,2D_CIR_A,Y,0.000,0.000,0.000,,,,
Circle,2D_CIR_17,X,-39.969,-40.000,0.031,,,,
Circle,2D_CIR_17,Y,32.342,32.500,-0.158,,,,
Circle,2D_CIR_17,F.F.,0.019,,0.019,,,,
Circle,2D_CIR_18,X,39.904,40.000,-0.096,,,,
Circle,2D_CIR_18,Y,32.328,32.500,-0.172,,,,
Circle,2D_CIR_18,F.F.,0.010,,0.010,,,,
Circle,2D_CIR_19,X,39.959,40.000,-0.041,,,,
Circle,2D_CIR_19,Y,-32.564,-32.500,-0.064,,,,
Circle,2D_CIR_19,F.F.,0.047,,0.047,,,,
Circle,2D_CIR_20,X,-39.969,-40.000,0.031,,,,
Circle,2D_CIR_20,Y,-32.534,-32.500,-0.034,,,,
Circle,2D_CIR_20,F.F.,0.040,,0.040,,,,
Circle,CIR_25,DIAM,12.046,12.000,0.046,-0.080,0.080,,Criterion : Least Square (From 24 Pts On PL_PLAST_25) 
Circle,CIR_25,X,124.557,124.320,0.237,,,,
Circle,CIR_25,Y,73.325,74.140,-0.815,,,,
Circle,CIR_25,Z,-238.763,-238.750,-0.013,,,,
Circle,CIR_PORT_C,DIAM,9.512,9.490,0.022,-0.060,0.060,,Inters. PL_PORT_C - CYL_PORT_C.
Circle,CIR_PORT_C,X,204.591,202.700,1.891,,,,
Circle,CIR_PORT_C,Y,46.514,47.600,-1.086,,,,
Circle,CIR_PORT_C,Z,141.502,141.400,0.102,,,,
Circle,CIR_PORT_B,DIAM,15.878,15.800,0.078,-0.100,0.100,,Inters. PL_PORT_B - CYL_PORT_B.
Circle,CIR_PORT_B,X,217.339,217.150,0.189,,,,
Circle,CIR_PORT_B,Y,14.892,16.960,-2.068,,,,
Circle,CIR_PORT_B,Z,175.533,176.250,-0.717,,,,
Circle,CIR_PORT_D,DIAM,15.918,15.800,0.118,-0.100,0.100,0.018,Inters. PL_PORT_D - CYL_PORT_D.
Circle,CIR_PORT_D,X,19.945,19.400,0.545,,,,
Circle,CIR_PORT_D,Y,52.856,55.500,-2.644,,,,
Circle,CIR_PORT_D,Z,69.214,69.250,-0.036,,,,
Circle,2D_CIR_26,DIAM,5.130,5.200,-0.070,-0.100,0.100,,
Circle,2D_CIR_26,X,-20.152,-20.000,-0.152,,,,
Circle,2D_CIR_26,Z,0.000,0.000,0.000,,,,
Circle,2D_CIR_26A,DIAM,5.114,5.200,-0.086,-0.100,0.100,,
Circle,2D_CIR_26A,X,-20.096,-20.000,-0.096,,,,
Circle,2D_CIR_26A,Z,-0.021,0.000,-0.021,,,,
Distance,OP1_WIDTH_1,D1,4.061,4.000,0.061,-0.200,0.200,,OP1_PT1_OW_GAGE - OP1_PT1_IW_GAGE / OP1_CS
Distance,OP1_WIDTH_2,D1,3.879,4.000,-0.121,-0.200,0.200,,OP1_PT2_OW_GAGE - OP1_PT2_IW_GAGE / OP1_CS
Distance,OP1_WIDTH_3,D1,3.767,4.000,-0.233,-0.200,0.200,-0.033,OP1_PT3_OW_GAGE - OP1_PT3_IW_GAGE / OP1_CS
Distance,OP1_WIDTH_4,D1,3.794,4.000,-0.206,-0.200,0.200,-0.006,OP1_PT4_OW_GAGE - OP1_PT4_IW_GAGE / OP1_CS
Distance,OP1_WIDTH_5,D1,4.040,4.000,0.040,-0.200,0.200,,OP1_PT5_OW_GAGE - OP1_PT5_IW_GAGE / OP1_CS
Distance,OP1_WIDTH_6,D1,4.158,2.950,1.208,-0.200,0.200,1.008,OP1_PT6_OW_GAGE - OP1_PT6_IW_GAGE / OP1_CS
Distance,OP1_WIDTH_7,D1,4.017,4.000,0.017,-0.200,0.200,,OP1_PT7_OW_GAGE - OP1_PT7_IW_GAGE / OP1_CS
Distance,OP1_WIDTH_8,D1,3.928,4.000,-0.072,-0.200,0.200,,OP1_PT8_OW_GAGE - OP1_PT8_IW_GAGE / OP1_CS
Distance,OP1_WIDTH_9,D1,3.979,4.000,-0.021,-0.200,0.200,,OP1_PT9_OW_GAGE - OP1_PT9_IW_GAGE / OP1_CS
Distance,OP1_WIDTH_10,D1,4.109,4.000,0.109,-0.200,0.200,,OP1_PT10_OW_GAGE - OP1_PT10_IW_GAGE / OP1_CS
Distance,OP1_DEPTH_1,D1,2.804,3.000,-0.196,-0.250,0.250,,OP1_PT1_DEPTH - PL_FIXTURE / OP1_CS
Distance,OP1_DEPTH_2,D1,2.761,3.000,-0.239,-0.250,0.250,,OP1_PT2_DEPTH - PL_FIXTURE / OP1_CS
Distance,OP1_DEPTH_3,D1,2.840,3.000,-0.160,-0.250,0.250,,OP1_PT3_DEPTH - PL_FIXTURE / OP1_CS
Distance,OP1_DEPTH_4,D1,2.880,3.000,-0.120,-0.250,0.250,,OP1_PT4_DEPTH - PL_FIXTURE / OP1_CS
Distance,OP1_DEPTH_5,D1,2.940,3.000,-0.060,-0.250,0.250,,OP1_PT5_DEPTH - PL_FIXTURE / OP1_CS
Distance,OP1_DEPTH_6,D1,2.839,3.000,-0.161,-0.250,0.250,,OP1_PT6_DEPTH - PL_FIXTURE / OP1_CS
Distance,OP1_DEPTH_7,D1,2.810,3.000,-0.190,-0.250,0.250,,OP1_PT7_DEPTH - PL_FIXTURE / OP1_CS
Distance,OP1_DEPTH_8,D1,2.844,3.000,-0.156,-0.250,0.250,,OP1_PT8_DEPTH - PL_FIXTURE / OP1_CS
Distance,OP1_DEPTH_9,D1,2.894,3.000,-0.106,-0.250,0.250,,OP1_PT9_DEPTH - PL_FIXTURE / OP1_CS
Distance,OP1_DEPTH_10,D1,2.940,3.000,-0.060,-0.250,0.250,,OP1_PT10_DEPTH - PL_FIXTURE / OP1_CS
Distance,OP2_WIDTH_1,D1,4.151,4.000,0.151,-0.200,0.200,,OP2_PT1_OW_GAGE - OP2_PT1_IW_GAGE / OP2_CS
Distance,OP2_WIDTH_2,D1,4.020,4.000,0.020,-0.200,0.200,,OP2_PT2_OW_GAGE - OP2_PT2_IW_GAGE / OP2_CS
Distance,OP2_WIDTH_3,D1,3.764,4.000,-0.236,-0.200,0.200,-0.036,OP2_PT3_OW_GAGE - OP2_PT3_IW_GAGE / OP2_CS
Distance,OP2_WIDTH_4,D1,3.765,4.000,-0.235,-0.200,0.200,-0.035,OP2_PT4_OW_GAGE - OP2_PT4_IW_GAGE / OP2_CS
Distance,OP2_WIDTH_5,D1,3.992,4.000,-0.008,-0.200,0.200,,OP2_PT5_OW_GAGE - OP2_PT5_IW_GAGE / OP2_CS
Distance,OP2_WIDTH_6,D1,4.110,2.950,1.160,-0.200,0.200,0.960,OP2_PT6_OW_GAGE - OP2_PT6_IW_GAGE / OP2_CS
Distance,OP2_WIDTH_7,D1,4.096,4.000,0.096,-0.200,0.200,,OP2_PT7_OW_GAGE - OP2_PT7_IW_GAGE / OP2_CS
Distance,OP2_WIDTH_8,D1,4.002,4.000,0.002,-0.200,0.200,,OP2_PT8_OW_GAGE - OP2_PT8_IW_GAGE / OP2_CS
Distance,OP2_WIDTH_9,D1,4.033,4.000,0.033,-0.200,0.200,,OP2_PT9_OW_GAGE - OP2_PT9_IW_GAGE / OP2_CS
Distance,OP2_WIDTH_10,D1,4.133,4.000,0.133,-0.200,0.200,,OP2_PT10_OW_GAGE - OP2_PT10_IW_GAGE / OP2_CS
Distance,OP2_DEPTH_1,D1,2.864,3.000,-0.136,-0.250,0.250,,OP2_PT1_DEPTH - PL_FIXTURE / OP2_CS
Distance,OP2_DEPTH_2,D1,2.961,3.000,-0.039,-0.250,0.250,,OP2_PT2_DEPTH - PL_FIXTURE / OP2_CS
Distance,OP2_DEPTH_3,D1,3.047,3.000,0.047,-0.250,0.250,,OP2_PT3_DEPTH - PL_FIXTURE / OP2_CS
Distance,OP2_DEPTH_4,D1,3.103,3.000,0.103,-0.250,0.250,,OP2_PT4_DEPTH - PL_FIXTURE / OP2_CS
Distance,OP2_DEPTH_5,D1,2.968,3.000,-0.032,-0.250,0.250,,OP2_PT5_DEPTH - PL_FIXTURE / OP2_CS
Distance,OP2_DEPTH_6,D1,2.856,3.000,-0.144,-0.250,0.250,,OP2_PT6_DEPTH - PL_FIXTURE / OP2_CS
Distance,OP2_DEPTH_7,D1,2.859,3.000,-0.141,-0.250,0.250,,OP2_PT7_DEPTH - PL_FIXTURE / OP2_CS
Distance,OP2_DEPTH_8,D1,2.857,3.000,-0.143,-0.250,0.250,,OP2_PT8_DEPTH - PL_FIXTURE / OP2_CS
Distance,OP2_DEPTH_9,D1,2.858,3.000,-0.142,-0.250,0.250,,OP2_PT9_DEPTH - PL_FIXTURE / OP2_CS
Distance,OP2_DEPTH_10,D1,2.884,3.000,-0.116,-0.250,0.250,,OP2_PT10_DEPTH - PL_FIXTURE / OP2_CS
Distance,OP3_WIDTH_1,D1,4.146,4.000,0.146,-0.200,0.200,,OP3_PT1_OW_GAGE - OP3_PT1_IW_GAGE / OP3_CS
Distance,OP3_WIDTH_2,D1,4.010,4.000,0.010,-0.200,0.200,,OP3_PT2_OW_GAGE - OP3_PT2_IW_GAGE / OP3_CS
Distance,OP3_WIDTH_3,D1,3.725,4.000,-0.275,-0.200,0.200,-0.075,OP3_PT3_OW_GAGE - OP3_PT3_IW_GAGE / OP3_CS
Distance,OP3_WIDTH_4,D1,3.760,4.000,-0.240,-0.200,0.200,-0.040,OP3_PT4_OW_GAGE - OP3_PT4_IW_GAGE / OP3_CS
Distance,OP3_WIDTH_5,D1,3.975,4.000,-0.025,-0.200,0.200,,OP3_PT5_OW_GAGE - OP3_PT5_IW_GAGE / OP3_CS
Distance,OP3_WIDTH_6,D1,4.036,2.950,1.086,-0.200,0.200,0.886,OP3_PT6_OW_GAGE - OP3_PT6_IW_GAGE / OP3_CS
Distance,OP3_WIDTH_7,D1,4.018,4.000,0.018,-0.200,0.200,,OP3_PT7_OW_GAGE - OP3_PT7_IW_GAGE / OP3_CS
Distance,OP3_WIDTH_8,D1,4.022,4.000,0.022,-0.200,0.200,,OP3_PT8_OW_GAGE - OP3_PT8_IW_GAGE / OP3_CS
Distance,OP3_WIDTH_9,D1,4.029,4.000,0.029,-0.200,0.200,,OP3_PT9_OW_GAGE - OP3_PT9_IW_GAGE / OP3_CS
Distance,OP3_WIDTH_10,D1,4.162,4.000,0.162,-0.200,0.200,,OP3_PT10_OW_GAGE - OP3_PT10_IW_GAGE / OP3_CS
Distance,OP3_DEPTH_1,D1,3.014,3.000,0.014,-0.250,0.250,,OP3_PT1_DEPTH - PL_FIXTURE / OP3_CS
Distance,OP3_DEPTH_2,D1,3.108,3.000,0.108,-0.250,0.250,,OP3_PT2_DEPTH - PL_FIXTURE / OP3_CS
Distance,OP3_DEPTH_3,D1,3.151,3.000,0.151,-0.250,0.250,,OP3_PT3_DEPTH - PL_FIXTURE / OP3_CS
Distance,OP3_DEPTH_4,D1,3.189,3.000,0.189,-0.250,0.250,,OP3_PT4_DEPTH - PL_FIXTURE / OP3_CS
Distance,OP3_DEPTH_5,D1,3.124,3.000,0.124,-0.250,0.250,,OP3_PT5_DEPTH - PL_FIXTURE / OP3_CS
Distance,OP3_DEPTH_6,D1,3.102,3.000,0.102,-0.250,0.250,,OP3_PT6_DEPTH - PL_FIXTURE / OP3_CS
Distance,OP3_DEPTH_7,D1,3.127,3.000,0.127,-0.250,0.250,,OP3_PT7_DEPTH - PL_FIXTURE / OP3_CS
Distance,OP3_DEPTH_8,D1,3.073,3.000,0.073,-0.250,0.250,,OP3_PT8_DEPTH - PL_FIXTURE / OP3_CS
Distance,OP3_DEPTH_9,D1,3.036,3.000,0.036,-0.250,0.250,,OP3_PT9_DEPTH - PL_FIXTURE / OP3_CS
Distance,OP3_DEPTH_10,D1,2.956,3.000,-0.044,-0.250,0.250,,OP3_PT10_DEPTH - PL_FIXTURE / OP3_CS
Distance,OP4_WIDTH_1,D1,4.176,4.000,0.176,-0.200,0.200,,OP4_PT1_OW_GAGE - OP4_PT1_IW_GAGE / OP4_CS
Distance,OP4_WIDTH_2,D1,4.039,4.000,0.039,-0.200,0.200,,OP4_PT2_OW_GAGE - OP4_PT2_IW_GAGE / OP4_CS
Distance,OP4_WIDTH_3,D1,3.821,4.000,-0.179,-0.200,0.200,,OP4_PT3_OW_GAGE - OP4_PT3_IW_GAGE / OP4_CS
Distance,OP4_WIDTH_4,D1,3.794,4.000,-0.206,-0.200,0.200,-0.006,OP4_PT4_OW_GAGE - OP4_PT4_IW_GAGE / OP4_CS
Distance,OP4_WIDTH_5,D1,4.060,4.000,0.060,-0.200,0.200,,OP4_PT5_OW_GAGE - OP4_PT5_IW_GAGE / OP4_CS
Distance,OP4_WIDTH_6,D1,4.164,2.950,1.214,-0.200,0.200,1.014,OP4_PT6_OW_GAGE - OP4_PT6_IW_GAGE / OP4_CS
Distance,OP4_WIDTH_7,D1,4.101,4.000,0.101,-0.200,0.200,,OP4_PT7_OW_GAGE - OP4_PT7_IW_GAGE / OP4_CS
Distance,OP4_WIDTH_8,D1,4.040,4.000,0.040,-0.200,0.200,,OP4_PT8_OW_GAGE - OP4_PT8_IW_GAGE / OP4_CS
Distance,OP4_WIDTH_9,D1,4.080,4.000,0.080,-0.200,0.200,,OP4_PT9_OW_GAGE - OP4_PT9_IW_GAGE / OP4_CS
Distance,OP4_WIDTH_10,D1,4.207,4.000,0.207,-0.200,0.200,0.007,OP4_PT10_OW_GAGE - OP4_PT10_IW_GAGE / OP4_CS
Distance,OP4_DEPTH_1,D1,2.964,3.000,-0.036,-0.250,0.250,,OP4_PT1_DEPTH - PL_FIXTURE / OP4_CS
Distance,OP4_DEPTH_2,D1,3.000,3.000,-0.000,-0.250,0.250,,OP4_PT2_DEPTH - PL_FIXTURE / OP4_CS
Distance,OP4_DEPTH_3,D1,3.039,3.000,0.039,-0.250,0.250,,OP4_PT3_DEPTH - PL_FIXTURE / OP4_CS
Distance,OP4_DEPTH_4,D1,3.061,3.000,0.061,-0.250,0.250,,OP4_PT4_DEPTH - PL_FIXTURE / OP4_CS
Distance,OP4_DEPTH_5,D1,3.021,3.000,0.021,-0.250,0.250,,OP4_PT5_DEPTH - PL_FIXTURE / OP4_CS
Distance,OP4_DEPTH_6,D1,2.907,3.000,-0.093,-0.250,0.250,,OP4_PT6_DEPTH - PL_FIXTURE / OP4_CS
Distance,OP4_DEPTH_7,D1,2.924,3.000,-0.076,-0.250,0.250,,OP4_PT7_DEPTH - PL_FIXTURE / OP4_CS
Distance,OP4_DEPTH_8,D1,2.940,3.000,-0.060,-0.250,0.250,,OP4_PT8_DEPTH - PL_FIXTURE / OP4_CS
Distance,OP4_DEPTH_9,D1,2.947,3.000,-0.053,-0.250,0.250,,OP4_PT9_DEPTH - PL_FIXTURE / OP4_CS
Distance,OP4_DEPTH_10,D1,2.975,3.000,-0.025,-0.250,0.250,,OP4_PT10_DEPTH - PL_FIXTURE / OP4_CS
Distance,OP5_WIDTH_1,D1,4.132,4.000,0.132,-0.200,0.200,,OP5_PT1_OW_GAGE - OP5_PT1_IW_GAGE / OP5_CS
Distance,OP5_WIDTH_2,D1,4.021,4.000,0.021,-0.200,0.200,,OP5_PT2_OW_GAGE - OP5_PT2_IW_GAGE / OP5_CS
Distance,OP5_WIDTH_3,D1,3.769,4.000,-0.231,-0.200,0.200,-0.031,OP5_PT3_OW_GAGE - OP5_PT3_IW_GAGE / OP5_CS
Distance,OP5_WIDTH_4,D1,3.773,4.000,-0.227,-0.200,0.200,-0.027,OP5_PT4_OW_GAGE - OP5_PT4_IW_GAGE / OP5_CS
Distance,OP5_WIDTH_5,D1,3.970,4.000,-0.030,-0.200,0.200,,OP5_PT5_OW_GAGE - OP5_PT5_IW_GAGE / OP5_CS
Distance,OP5_WIDTH_6,D1,4.121,2.950,1.171,-0.200,0.200,0.971,OP5_PT6_OW_GAGE - OP5_PT6_IW_GAGE / OP5_CS
Distance,OP5_WIDTH_7,D1,4.156,4.000,0.156,-0.200,0.200,,OP5_PT7_OW_GAGE - OP5_PT7_IW_GAGE / OP5_CS
Distance,OP5_WIDTH_8,D1,4.041,4.000,0.041,-0.200,0.200,,OP5_PT8_OW_GAGE - OP5_PT8_IW_GAGE / OP5_CS
Distance,OP5_WIDTH_9,D1,4.042,4.000,0.042,-0.200,0.200,,OP5_PT9_OW_GAGE - OP5_PT9_IW_GAGE / OP5_CS
Distance,OP5_WIDTH_10,D1,4.081,4.000,0.081,-0.200,0.200,,OP5_PT10_OW_GAGE - OP5_PT10_IW_GAGE / OP5_CS
Distance,OP5_DEPTH_1,D1,3.016,3.000,0.016,-0.250,0.250,,OP5_PT1_DEPTH - PL_FIXTURE / OP5_CS
Distance,OP5_DEPTH_2,D1,3.078,3.000,0.078,-0.250,0.250,,OP5_PT2_DEPTH - PL_FIXTURE / OP5_CS
Distance,OP5_DEPTH_3,D1,3.068,3.000,0.068,-0.250,0.250,,OP5_PT3_DEPTH - PL_FIXTURE / OP5_CS
Distance,OP5_DEPTH_4,D1,3.058,3.000,0.058,-0.250,0.250,,OP5_PT4_DEPTH - PL_FIXTURE / OP5_CS
Distance,OP5_DEPTH_5,D1,3.023,3.000,0.023,-0.250,0.250,,OP5_PT5_DEPTH - PL_FIXTURE / OP5_CS
Distance,OP5_DEPTH_6,D1,3.005,3.000,0.005,-0.250,0.250,,OP5_PT6_DEPTH - PL_FIXTURE / OP5_CS
Distance,OP5_DEPTH_7,D1,3.046,3.000,0.046,-0.250,0.250,,OP5_PT7_DEPTH - PL_FIXTURE / OP5_CS
Distance,OP5_DEPTH_8,D1,3.066,3.000,0.066,-0.250,0.250,,OP5_PT8_DEPTH - PL_FIXTURE / OP5_CS
Distance,OP5_DEPTH_9,D1,3.074,3.000,0.074,-0.250,0.250,,OP5_PT9_DEPTH - PL_FIXTURE / OP5_CS
Distance,OP5_DEPTH_10,D1,3.098,3.000,0.098,-0.250,0.250,,OP5_PT10_DEPTH - PL_FIXTURE / OP5_CS
Distance,OP6_WIDTH_1,D1,4.162,4.000,0.162,-0.200,0.200,,OP6_PT1_OW_GAGE - OP6_PT1_IW_GAGE / OP6_CS
Distance,OP6_WIDTH_2,D1,3.999,4.000,-0.001,-0.200,0.200,,OP6_PT2_OW_GAGE - OP6_PT2_IW_GAGE / OP6_CS
Distance,OP6_WIDTH_3,D1,3.817,4.000,-0.183,-0.200,0.200,,OP6_PT3_OW_GAGE - OP6_PT3_IW_GAGE / OP6_CS
Distance,OP6_WIDTH_4,D1,3.826,4.000,-0.174,-0.200,0.200,,OP6_PT4_OW_GAGE - OP6_PT4_IW_GAGE / OP6_CS
Distance,OP6_WIDTH_5,D1,4.046,4.000,0.046,-0.200,0.200,,OP6_PT5_OW_GAGE - OP6_PT5_IW_GAGE / OP6_CS
Distance,OP6_WIDTH_6,D1,4.222,2.950,1.272,-0.200,0.200,1.072,OP6_PT6_OW_GAGE - OP6_PT6_IW_GAGE / OP6_CS
Distance,OP6_WIDTH_7,D1,4.133,4.000,0.133,-0.200,0.200,,OP6_PT7_OW_GAGE - OP6_PT7_IW_GAGE / OP6_CS
Distance,OP6_WIDTH_8,D1,4.025,4.000,0.025,-0.200,0.200,,OP6_PT8_OW_GAGE - OP6_PT8_IW_GAGE / OP6_CS
Distance,OP6_WIDTH_9,D1,4.045,4.000,0.045,-0.200,0.200,,OP6_PT9_OW_GAGE - OP6_PT9_IW_GAGE / OP6_CS
Distance,OP6_WIDTH_10,D1,4.182,4.000,0.182,-0.200,0.200,,OP6_PT10_OW_GAGE - OP6_PT10_IW_GAGE / OP6_CS
Distance,OP6_DEPTH_1,D1,2.863,3.000,-0.137,-0.250,0.250,,OP6_PT1_DEPTH - PL_FIXTURE / OP6_CS
Distance,OP6_DEPTH_2,D1,2.928,3.000,-0.072,-0.250,0.250,,OP6_PT2_DEPTH - PL_FIXTURE / OP6_CS
Distance,OP6_DEPTH_3,D1,2.937,3.000,-0.063,-0.250,0.250,,OP6_PT3_DEPTH - PL_FIXTURE / OP6_CS
Distance,OP6_DEPTH_4,D1,2.925,3.000,-0.075,-0.250,0.250,,OP6_PT4_DEPTH - PL_FIXTURE / OP6_CS
Distance,OP6_DEPTH_5,D1,2.859,3.000,-0.141,-0.250,0.250,,OP6_PT5_DEPTH - PL_FIXTURE / OP6_CS
Distance,OP6_DEPTH_6,D1,2.827,3.000,-0.173,-0.250,0.250,,OP6_PT6_DEPTH - PL_FIXTURE / OP6_CS
Distance,OP6_DEPTH_7,D1,2.924,3.000,-0.076,-0.250,0.250,,OP6_PT7_DEPTH - PL_FIXTURE / OP6_CS
Distance,OP6_DEPTH_8,D1,2.874,3.000,-0.126,-0.250,0.250,,OP6_PT8_DEPTH - PL_FIXTURE / OP6_CS
Distance,OP6_DEPTH_9,D1,2.835,3.000,-0.165,-0.250,0.250,,OP6_PT9_DEPTH - PL_FIXTURE / OP6_CS
Distance,OP6_DEPTH_10,D1,2.841,3.000,-0.159,-0.250,0.250,,OP6_PT10_DEPTH - PL_FIXTURE / OP6_CS
Profile of Line,PROFILE_OP_1,PRFL,0.323,0.000,0.323,0.000,1.750,,SECT_OP1
Profile of Line,PROFILE_OP_2,PRFL,0.557,0.000,0.557,0.000,1.750,,SECT_OP2
Profile of Line,PROFILE_OP_3,PRFL,1.012,0.000,1.012,0.000,1.750,,SECT_OP3
Profile of Line,PROFILE_OP_4,PRFL,0.756,0.000,0.756,0.000,1.750,,SECT_OP4
Profile of Line,PROFILE_OP_5,PRFL,0.690,0.000,0.690,0.000,1.750,,SECT_OP5
Profile of Line,PROFILE_OP_6,PRFL,0.754,0.000,0.754,0.000,1.750,,SECT_OP6
Pos. Tol.,POS_11,PTOL,0.225,0.000,0.225,0.000,4.000,,CIR_11/NOMINAL - CS_ABC - C-Zone - XZ - Nominal
Pos. Tol.,POS_12,PTOL,0.491,0.000,0.491,0.000,4.000,,CIR_12/NOMINAL - CS_ABC - C-Zone - XZ - Nominal
Pos. Tol.,POS_13,PTOL,0.347,0.000,0.347,0.000,4.000,,CIR_13/NOMINAL - CS_ABC - C-Zone - XZ - Nominal
Pos. Tol.,POS_14,PTOL,0.137,0.000,0.137,0.000,4.000,,CIR_14/NOMINAL - CS_ABC - C-Zone - XZ - Nominal
Pos. Tol.,POS_15,PTOL,0.618,0.000,0.618,0.000,4.000,,CIR_15/NOMINAL - CS_ABC - C-Zone - XZ - Nominal
Pos. Tol.,POS_16,PTOL,0.518,0.000,0.518,0.000,4.000,,CIR_16/NOMINAL - CS_ABC - C-Zone - XZ - Nominal
Flatness,FLATNESS_D,FLTN,0.266,0.000,0.266,0.000,0.500,,PL_DATUM_D
Pos. Tol.,POS_2D_17,PTOL,0.322,0.000,0.322,0.000,0.500,,2D_CIR_17/NOMINAL - CS_DE_BF - C-Zone - XY - Nominal
Pos. Tol.,POS_2D_18,PTOL,0.394,0.000,0.394,0.000,0.500,,2D_CIR_18/NOMINAL - CS_DE_BF - C-Zone - XY - Nominal
Pos. Tol.,POS_2D_19,PTOL,0.152,0.000,0.152,0.000,0.500,,2D_CIR_19/NOMINAL - CS_DE_BF - C-Zone - XY - Nominal
Pos. Tol.,POS_2D_20,PTOL,0.092,0.000,0.092,0.000,0.500,,2D_CIR_20/NOMINAL - CS_DE_BF - C-Zone - XY - Nominal
Pos. Tol.,POS_PORT_B,PTOL,4.377,0.000,4.377,0.000,4.000,0.377,CIR_PORT_B/NOMINAL - CS_ABC - C-Zone - YZ - Nominal
Pos. Tol.,POS_PORT_C,PTOL,2.181,0.000,2.181,0.000,4.000,,CIR_PORT_C/NOMINAL - CS_ABC - C-Zone - YZ - Nominal
Pos. Tol.,POS_PORT_D,PTOL,5.287,0.000,5.287,0.000,4.000,1.287,CIR_PORT_D/NOMINAL - CS_ABC - C-Zone - YZ - Nominal
Pos. Tol.,POS_25,PTOL,0.475,0.000,0.475,0.000,3.000,,CIR_25/NOMINAL - CS_ABC_BF_PORTS - C-Zone - XZ - Nominal
Pos. Tol.,POS_26,PTOL,0.415,0.000,0.415,0.000,3.000,,CIR_26/NOMINAL - CS_ABC_BF_PORTS - C-Zone - XZ - Nominal
Pos. Tol.,POS_26A,PTOL,0.349,0.000,0.349,0.000,3.000,,CIR_26A/NOMINAL - CS_ABC_BF_PORTS - C-Zone - XZ - Nominal
Perpend.,PERP_25,PERP,0.014,0.000,0.014,0.000,0.250,,CONE_25/PL_PLAST_25 - C-Zone - Cloud of Points 
Pos. Tol.,POS_17,PTOL,2.411,0.000,2.411,0.000,3.000,,CIR_17/NOMINAL - CS_ABC - C-Zone - XYZ - Nominal
Pos. Tol.,POS_18,PTOL,3.830,0.000,3.830,0.000,3.000,0.830,CIR_18/NOMINAL - CS_ABC - C-Zone - XYZ - Nominal
Pos. Tol.,POS_19,PTOL,3.518,0.000,3.518,0.000,3.000,0.518,CIR_19/NOMINAL - CS_ABC - C-Zone - XYZ - Nominal
Pos. Tol.,POS_20,PTOL,2.146,0.000,2.146,0.000,3.000,,CIR_20/NOMINAL - CS_ABC - C-Zone - XYZ - Nominal
Distance,H_17,Z,0.248,0.275,-0.027,-0.225,0.225,,CIR_17 - PL_PLAST_17 / CS_DE_BF
Distance,H_18,Z,0.286,0.275,0.011,-0.225,0.225,,CIR_18 - PL_PLAST_18 / CS_DE_BF
Distance,H_19,Z,0.306,0.275,0.031,-0.225,0.225,,CIR_19 - PL_PLAST_19 / CS_DE_BF
Distance,H_20,Z,0.274,0.275,-0.001,-0.225,0.225,,CIR_20 - PL_PLAST_20 / CS_DE_BF
Distance,WIDTH_TB.1,D1,2.971,3.000,-0.029,-0.200,0.200,,0W2.5_1.1 - IW2.5_1.1 / CS_DE_BF
Distance,WIDTH_TB.2,D1,3.018,3.000,0.018,-0.200,0.200,,0W2.5_1.2 - IW2.5_1.2 / CS_DE_BF
Distance,WIDTH_TB.3,D1,3.047,3.000,0.047,-0.200,0.200,,0W2.5_1.3 - IW2.5_1.3 / CS_DE_BF
Distance,WIDTH_TB.4,D1,2.969,3.000,-0.031,-0.200,0.200,,0W2.5_1.4 - IW2.5_1.4 / CS_DE_BF
Distance,WIDTH_TB.5,D1,2.957,3.000,-0.043,-0.200,0.200,,0W2.5_1.5 - IW2.5_1.5 / CS_DE_BF
Distance,WIDTH_TB.6,D1,3.063,3.000,0.063,-0.200,0.200,,0W2.5_1.6 - IW2.5_1.6 / CS_DE_BF
Distance,WIDTH_TB.7,D1,3.025,3.000,0.025,-0.200,0.200,,0W2.5_1.7 - IW2.5_1.7 / CS_DE_BF
Distance,WIDTH_TB.8,D1,2.945,3.000,-0.055,-0.200,0.200,,0W2.5_1.8 - IW2.5_1.8 / CS_DE_BF
Distance,DEPTH_TB.1,D1,4.919,4.750,0.169,-0.250,0.250,,TB_DP.1 - PL_DATUM_D / CS_DE_BF
Distance,DEPTH_TB.2,D1,4.808,4.750,0.058,-0.250,0.250,,TB_DP.2 - PL_DATUM_D / CS_DE_BF
Distance,DEPTH_TB.3,D1,4.853,4.750,0.103,-0.250,0.250,,TB_DP.3 - PL_DATUM_D / CS_DE_BF
Distance,DEPTH_TB.4,D1,4.969,4.750,0.219,-0.250,0.250,,TB_DP.4 - PL_DATUM_D / CS_DE_BF
Distance,DEPTH_TB.5,D1,4.971,4.750,0.221,-0.250,0.250,,TB_DP.5 - PL_DATUM_D / CS_DE_BF
Distance,DEPTH_TB.6,D1,4.727,4.750,-0.023,-0.250,0.250,,TB_DP.6 - PL_DATUM_D / CS_DE_BF
Distance,DEPTH_TB.7,D1,4.860,4.750,0.110,-0.250,0.250,,TB_DP.7 - PL_DATUM_D / CS_DE_BF
Distance,DEPTH_TB.8,D1,5.009,4.750,0.259,-0.250,0.250,0.009,TB_DP.8 - PL_DATUM_D / CS_DE_BF
