Feat. Type,Feat. Name,Value,Actual,Nominal,Dev.,Tol-,Tol+,Out of Tol.,Comment
Text/Value,VAR_PROGRAM,VAL,,,,,,,'N:\Metrolog XG\Programmes\D-35\D-35 Moule 2 Complete with TMAP (Module 44).gm2'
Text/Value,VAR_EVENEMENT,VAL,,,,,,,'Demarrage SMED'
Text/Value,VAR_COMMENTAIRES,VAL,,,,,,,'351 B'
Circle,CIR_DATUM_B,DIAM,7.990,8.000,-0.010,-0.100,0.100,,Criterion : Least Square (From 10 Pts On PL_FIXTURE) 
Circle,CIR_DATUM_B,X,0.000,0.000,0.000,,,,
Circle,CIR_DATUM_B,Z,0.000,0.000,0.000,,,,
Pos. Tol.,POS_B,PTOL,0.000,0.000,0.000,0.110,0.410,,CIR_DATUM_B(M)/NOMINAL - CS_ABC - C-Zone - XZ - Nominal
Distance,DIST_X_Z_DATUM_C,X,-4.464,-4.500,0.036,-0.150,0.150,,PNT_DATUM_C - ORIGIN / CS_ABC
Distance,DIST_X_Z_DATUM_C,Z,351.681,351.600,0.081,-0.400,0.400,,
Distance,WIDTH_C,D1,7.865,7.850,0.015,-0.050,0.050,,SRF_C_RH - SRF_C_LH / CS_ABC
Circle,CIR1,DIAM,12.165,12.075,0.090,-0.175,0.175,,From 4 Pts On PL_FIXTURE
Circle,CIR1,X,-54.576,-54.500,-0.076,,,,
Circle,CIR1,Z,346.751,346.600,0.151,,,,
Pos. Tol.,POS_1,PTOL,0.337,0.000,0.337,0.265,1.265,,CIR1(M)/NOMINAL - CS_ABC - C-Zone - XZ - Nominal
Circle,CIR2,DIAM,12.097,12.075,0.022,-0.175,0.175,,From 4 Pts On PL_FIXTURE
Circle,CIR2,X,16.272,16.500,-0.228,,,,
Circle,CIR2,Z,351.653,351.600,0.053,,,,
Pos. Tol.,POS_2,PTOL,0.468,0.000,0.468,0.197,1.197,,CIR2(M)/NOMINAL - CS_ABC - C-Zone - XZ - Nominal
Circle,CIR4,DIAM,12.101,12.075,0.026,-0.175,0.175,,From 4 Pts On PL_FIXTURE
Circle,CIR4,X,16.207,16.500,-0.293,,,,
Circle,CIR4,Z,0.830,1.100,-0.270,,,,
Pos. Tol.,POS_4,PTOL,0.797,0.000,0.797,0.201,1.201,,CIR4(M)/NOMINAL - CS_ABC - C-Zone - XZ - Nominal
Circle,CIR5,DIAM,12.116,12.075,0.041,-0.175,0.175,,From 4 Pts On PL_FIXTURE
Circle,CIR5,X,-54.284,-54.500,0.216,,,,
Circle,CIR5,Z,27.009,27.100,-0.091,,,,
Pos. Tol.,POS_5,PTOL,0.468,0.000,0.468,0.216,1.216,,CIR5(M)/NOMINAL - CS_ABC - C-Zone - XZ - Nominal
Circle,CIR6,DIAM,12.186,12.075,0.111,-0.175,0.175,,From 4 Pts On PL_FIXTURE
Circle,CIR6,X,-54.216,-54.500,0.284,,,,
Circle,CIR6,Z,134.612,134.600,0.012,,,,
Pos. Tol.,POS_6,PTOL,0.568,0.000,0.568,0.286,1.286,,CIR6(M)/NOMINAL - CS_ABC - C-Zone - XZ - Nominal
Circle,CIR7,DIAM,12.158,12.075,0.083,-0.175,0.175,,From 4 Pts On PL_FIXTURE
Circle,CIR7,X,-54.152,-54.500,0.348,,,,
Circle,CIR7,Z,240.644,240.600,0.044,,,,
Pos. Tol.,POS_7,PTOL,0.702,0.000,0.702,0.258,1.258,,CIR7(M)/NOMINAL - CS_ABC - C-Zone - XZ - Nominal
Profile of Line,PROF_OP1,PRFL,0.644,0.000,0.644,0.000,1.500,,SCT_OP1
Profile of Line,PROF_OP2,PRFL,0.577,0.000,0.577,0.000,1.500,,SCT_OP2
Profile of Line,PROF_OP3,PRFL,0.576,0.000,0.576,0.000,1.500,,SCT_OP3
Profile of Line,PROF_OP4,PRFL,0.252,0.000,0.252,0.000,1.500,,SCT_OP4
Profile of Line,PROF_OP5,PRFL,0.180,0.000,0.180,0.000,1.500,,SCT_OP5
Profile of Line,PROF_OP6,PRFL,0.698,0.000,0.698,0.000,1.500,,SCT_OP6
Distance,WIDTH_OP1.1,D1,4.032,4.000,0.032,-0.200,0.200,,SRF_OP1_IW1 - SRF_OP1_OW1 / CS_ABC
Distance,WIDTH_OP1.2,D1,3.945,4.000,-0.055,-0.200,0.200,,SRF_OP1_IW2 - SRF_OP1_OW2 / CS_ABC
Distance,WIDTH_OP1.3,D1,4.064,4.000,0.064,-0.200,0.200,,SRF_OP1_IW3 - SRF_OP1_OW3 / CS_ABC
Distance,WIDTH_OP1.4,D1,4.114,4.000,0.114,-0.200,0.200,,SRF_OP1_IW4 - SRF_OP1_OW4 / CS_ABC
Distance,WIDTH_OP1.5,D1,4.007,4.000,0.007,-0.200,0.200,,SRF_OP1_IW5 - SRF_OP1_OW5 / CS_ABC
Distance,WIDTH_OP1.6,D1,4.068,4.000,0.068,-0.200,0.200,,SRF_OP1_IW6 - SRF_OP1_OW6 / CS_ABC
Distance,WIDTH_OP1.7,D1,3.947,4.000,-0.053,-0.200,0.200,,SRF_OP1_IW7 - SRF_OP1_OW7 / CS_ABC
Distance,WIDTH_OP2.1,D1,3.972,4.000,-0.028,-0.200,0.200,,SRF_OP2_IW1 - SRF_OP2_OW1 / CS_ABC
Distance,WIDTH_OP2.2,D1,4.153,4.000,0.153,-0.200,0.200,,SRF_OP2_IW2 - SRF_OP2_OW2 / CS_ABC
Distance,WIDTH_OP2.3,D1,4.076,4.000,0.076,-0.200,0.200,,SRF_OP2_IW3 - SRF_OP2_OW3 / CS_ABC
Distance,WIDTH_OP2.4,D1,4.034,4.000,0.034,-0.200,0.200,,SRF_OP2_IW4 - SRF_OP2_OW4 / CS_ABC
Distance,WIDTH_OP2.5,D1,4.108,4.000,0.108,-0.200,0.200,,SRF_OP2_IW5 - SRF_OP2_OW5 / CS_ABC
Distance,WIDTH_OP2.6,D1,3.932,4.000,-0.068,-0.200,0.200,,SRF_OP2_IW6 - SRF_OP2_OW6 / CS_ABC
Distance,WIDTH_OP2.7,D1,4.002,4.000,0.002,-0.200,0.200,,SRF_OP2_IW7 - SRF_OP2_OW7 / CS_ABC
Distance,WIDTH_OP3.1,D1,3.964,4.000,-0.036,-0.200,0.200,,SRF_OP3_IW1 - SRF_OP3_OW1 / CS_ABC
Distance,WIDTH_OP3.2,D1,4.044,4.000,0.044,-0.200,0.200,,SRF_OP3_IW2 - SRF_OP3_OW2 / CS_ABC
Distance,WIDTH_OP3.3,D1,4.030,4.000,0.030,-0.200,0.200,,SRF_OP3_IW3 - SRF_OP3_OW3 / CS_ABC
Distance,WIDTH_OP3.4,D1,4.093,4.000,0.093,-0.200,0.200,,SRF_OP3_IW4 - SRF_OP3_OW4 / CS_ABC
Distance,WIDTH_OP4.1,D1,4.016,4.000,0.016,-0.200,0.200,,SRF_OP4_IW1 - SRF_OP4_OW1 / CS_ABC
Distance,WIDTH_OP4.2,D1,4.182,4.000,0.182,-0.200,0.200,,SRF_OP4_IW2 - SRF_OP4_OW2 / CS_ABC
Distance,WIDTH_OP4.3,D1,4.159,4.000,0.159,-0.200,0.200,,SRF_OP4_IW3 - SRF_OP4_OW3 / CS_ABC
Distance,WIDTH_OP4.4,D1,4.066,4.000,0.066,-0.200,0.200,,SRF_OP4_IW4 - SRF_OP4_OW4 / CS_ABC
Distance,WIDTH_OP4.5,D1,3.939,4.000,-0.061,-0.200,0.200,,SRF_OP4_IW5 - SRF_OP4_OW5 / CS_ABC
Distance,WIDTH_OP4.6,D1,4.044,4.000,0.044,-0.200,0.200,,SRF_OP4_IW6 - SRF_OP4_OW6 / CS_ABC
Distance,WIDTH_OP4.7,D1,3.973,4.000,-0.027,-0.200,0.200,,SRF_OP4_IW7 - SRF_OP4_OW7 / CS_ABC
Distance,WIDTH_OP5.1,D1,3.949,4.000,-0.051,-0.200,0.200,,SRF_OP5_IW1 - SRF_OP5_OW1 / CS_ABC
Distance,WIDTH_OP5.2,D1,3.958,4.000,-0.042,-0.200,0.200,,SRF_OP5_IW2 - SRF_OP5_OW2 / CS_ABC
Distance,WIDTH_OP5.3,D1,3.923,4.000,-0.077,-0.200,0.200,,SRF_OP5_IW3 - SRF_OP5_OW3 / CS_ABC
Distance,WIDTH_OP5.4,D1,4.110,4.000,0.110,-0.200,0.200,,SRF_OP5_IW4 - SRF_OP5_OW4 / CS_ABC
Distance,WIDTH_OP5.5,D1,4.076,4.000,0.076,-0.200,0.200,,SRF_OP5_IW5 - SRF_OP5_OW5 / CS_ABC
Distance,WIDTH_OP6.1,D1,3.980,4.000,-0.020,-0.200,0.200,,SRF_OP6_IW1 - SRF_OP6_OW1 / CS_ABC
Distance,WIDTH_OP6.2,D1,4.063,4.000,0.063,-0.200,0.200,,SRF_OP6_IW2 - SRF_OP6_OW2 / CS_ABC
Distance,WIDTH_OP6.3,D1,4.095,4.000,0.095,-0.200,0.200,,SRF_OP6_IW3 - SRF_OP6_OW3 / CS_ABC
Distance,WIDTH_OP6.4,D1,4.071,4.000,0.071,-0.200,0.200,,SRF_OP6_IW4 - SRF_OP6_OW4 / CS_ABC
Distance,WIDTH_OP6.5,D1,4.049,4.000,0.049,-0.200,0.200,,SRF_OP6_IW5 - SRF_OP6_OW5 / CS_ABC
Distance,WIDTH_OP6.6,D1,4.223,4.000,0.223,-0.200,0.200,0.023,SRF_OP6_IW6 - SRF_OP6_OW6 / CS_ABC
Distance,WIDTH_OP6.7,D1,4.152,4.000,0.152,-0.300,0.300,,SRF_OP6_IW7 - SRF_OP6_OW7 / CS_TEMP_CIR
Distance,DP_OP1.1,Y,6.065,6.000,0.065,-0.350,0.350,,SRF_OP1_DP1 - PL_FIXTURE / CS_PORTS_BF
Distance,DP_OP1.2,Y,6.017,6.000,0.017,-0.350,0.350,,SRF_OP1_DP2 - PL_FIXTURE / CS_PORTS_BF
Distance,DP_OP1.3,Y,6.052,6.000,0.052,-0.350,0.350,,SRF_OP1_DP3 - PL_FIXTURE / CS_PORTS_BF
Distance,DP_OP1.4,Y,6.067,6.000,0.067,-0.350,0.350,,SRF_OP1_DP4 - PL_FIXTURE / CS_PORTS_BF
Distance,DP_OP1.5,Y,6.169,6.000,0.169,-0.350,0.350,,SRF_OP1_DP5 - PL_FIXTURE / CS_PORTS_BF
Distance,DP_OP1.6,Y,6.139,6.000,0.139,-0.350,0.350,,SRF_OP1_DP6 - PL_FIXTURE / CS_PORTS_BF
Distance,DP_OP1.7,Y,6.099,6.000,0.099,-0.350,0.350,,SRF_OP1_DP7 - PL_FIXTURE / CS_PORTS_BF
Distance,DP_OP2.1,Y,6.205,6.000,0.205,-0.350,0.350,,SRF_OP2_DP1 - PL_FIXTURE / CS_PORTS_BF
Distance,DP_OP2.2,Y,6.060,6.000,0.060,-0.350,0.350,,SRF_OP2_DP2 - PL_FIXTURE / CS_PORTS_BF
Distance,DP_OP2.3,Y,6.019,6.000,0.019,-0.350,0.350,,SRF_OP2_DP3 - PL_FIXTURE / CS_PORTS_BF
Distance,DP_OP2.4,Y,6.093,6.000,0.093,-0.350,0.350,,SRF_OP2_DP4 - PL_FIXTURE / CS_PORTS_BF
Distance,DP_OP2.5,Y,6.021,6.000,0.021,-0.350,0.350,,SRF_OP2_DP5 - PL_FIXTURE / CS_PORTS_BF
Distance,DP_OP2.6,Y,6.070,6.000,0.070,-0.350,0.350,,SRF_OP2_DP6 - PL_FIXTURE / CS_PORTS_BF
Distance,DP_OP2.7,Y,6.363,6.000,0.363,-0.350,0.350,0.013,SRF_OP2_DP7 - PL_FIXTURE / CS_PORTS_BF
Distance,DP_OP3.1,Y,6.086,6.000,0.086,-0.350,0.350,,SRF_OP3_DP1 - PL_FIXTURE / CS_PORTS_BF
Distance,DP_OP3.2,Y,6.107,6.000,0.107,-0.350,0.350,,SRF_OP3_DP2 - PL_FIXTURE / CS_PORTS_BF
Distance,DP_OP3.3,Y,6.071,6.000,0.071,-0.350,0.350,,SRF_OP3_DP3 - PL_FIXTURE / CS_PORTS_BF
Distance,DP_OP3.4,Y,6.063,6.000,0.063,-0.350,0.350,,SRF_OP3_DP4 - PL_FIXTURE / CS_PORTS_BF
Distance,DP_OP4.1,Y,6.222,6.000,0.222,-0.350,0.350,,SRF_OP4_DP1 - PL_FIXTURE / CS_PORTS_BF
Distance,DP_OP4.2,Y,6.174,6.000,0.174,-0.350,0.350,,SRF_OP4_DP2 - PL_FIXTURE / CS_PORTS_BF
Distance,DP_OP4.3,Y,6.148,6.000,0.148,-0.350,0.350,,SRF_OP4_DP3 - PL_FIXTURE / CS_PORTS_BF
Distance,DP_OP4.4,Y,6.119,6.000,0.119,-0.350,0.350,,SRF_OP4_DP4 - PL_FIXTURE / CS_PORTS_BF
Distance,DP_OP4.5,Y,5.956,6.000,-0.044,-0.350,0.350,,SRF_OP4_DP5 - PL_FIXTURE / CS_PORTS_BF
Distance,DP_OP4.6,Y,5.963,6.000,-0.037,-0.350,0.350,,SRF_OP4_DP6 - PL_FIXTURE / CS_PORTS_BF
Distance,DP_OP4.7,Y,6.101,6.000,0.101,-0.350,0.350,,SRF_OP4_DP7 - PL_FIXTURE / CS_PORTS_BF
Distance,DP_OP5.1,Y,6.061,6.000,0.061,-0.350,0.350,,SRF_OP5_DP1 - PL_FIXTURE / CS_PORTS_BF
Distance,DP_OP5.2,Y,6.095,6.000,0.095,-0.350,0.350,,SRF_OP5_DP2 - PL_FIXTURE / CS_PORTS_BF
Distance,DP_OP5.3,Y,5.978,6.000,-0.022,-0.350,0.350,,SRF_OP5_DP3 - PL_FIXTURE / CS_PORTS_BF
Distance,DP_OP5.4,Y,5.993,6.000,-0.007,-0.350,0.350,,SRF_OP5_DP4 - PL_FIXTURE / CS_PORTS_BF
Distance,DP_OP5.5,Y,5.969,6.000,-0.031,-0.350,0.350,,SRF_OP5_DP5 - PL_FIXTURE / CS_PORTS_BF
Distance,DP_OP6.1,Y,6.065,6.000,0.065,-0.350,0.350,,SRF_OP6_DP1 - PL_FIXTURE / CS_PORTS_BF
Distance,DP_OP6.2,Y,6.074,6.000,0.074,-0.350,0.350,,SRF_OP6_DP2 - PL_FIXTURE / CS_PORTS_BF
Distance,DP_OP6.3,Y,6.057,6.000,0.057,-0.350,0.350,,SRF_OP6_DP3 - PL_FIXTURE / CS_PORTS_BF
Distance,DP_OP6.4,Y,6.048,6.000,0.048,-0.350,0.350,,SRF_OP6_DP4 - PL_FIXTURE / CS_PORTS_BF
Distance,DP_OP6.5,Y,6.055,6.000,0.055,-0.350,0.350,,SRF_OP6_DP5 - PL_FIXTURE / CS_PORTS_BF
Distance,DP_OP6.6,Y,5.996,6.000,-0.004,-0.350,0.350,,SRF_OP6_DP6 - PL_FIXTURE / CS_PORTS_BF
Distance,DP_OP6.7,Y,5.988,6.000,-0.012,-0.350,0.350,,SRF_OP6_DP7 - PL_FIXTURE / CS_PORTS_BF
Circle,CIR_8,DIAM,75.842,75.600,0.242,-0.500,0.500,,Criterion : Least Square (From 8 Pts On PL_D) 
Circle,CIR_8,X,122.959,122.900,0.059,,,,
Circle,CIR_8,Y,56.668,58.000,-1.332,,,,
Circle,CIR_8,Z,462.369,463.400,-1.031,,,,
Pos. Tol.,POS_8,PTOL,3.370,0.000,3.370,0.000,6.000,,CIR_8/NOMINAL - CS_ABC - C-Zone - XYZ - Nominal
Circle,CIR_18,X,125.102,125.206,-0.104,,,,Criterion : Least Square (From 6 Pts On PL_INS_18) 
Circle,CIR_18,Y,88.913,90.408,-1.495,,,,
Circle,CIR_18,Z,502.430,503.440,-1.010,,,,
Pos. Tol.,POS_18,PTOL,3.615,0.000,3.615,0.000,6.000,,CIR_18/NOMINAL - CS_ABC - C-Zone - XYZ - Nominal
Circle,CIR_19,X,119.462,120.671,-1.209,,,,Criterion : Least Square (From 6 Pts On PL_INS_19) 
Circle,CIR_19,Y,23.923,25.567,-1.643,,,,
Circle,CIR_19,Z,502.007,503.440,-1.433,,,,
Pos. Tol.,POS_19,PTOL,4.986,0.000,4.986,0.000,6.000,,CIR_19/NOMINAL - CS_ABC - C-Zone - XYZ - Nominal
Circle,CIR_20,X,120.983,120.671,0.312,,,,Criterion : Least Square (From 6 Pts On PL_INS_20) 
Circle,CIR_20,Y,24.590,25.564,-0.974,,,,
Circle,CIR_20,Z,422.167,423.439,-1.271,,,,
Pos. Tol.,POS_20,PTOL,3.263,0.000,3.263,0.000,6.000,,CIR_20/NOMINAL - CS_ABC - C-Zone - XYZ - Nominal
Circle,CIR_21,X,126.369,125.206,1.164,,,,Criterion : Least Square (From 6 Pts On PL_INS_21) 
Circle,CIR_21,Y,89.313,90.408,-1.095,,,,
Circle,CIR_21,Z,422.681,423.440,-0.759,,,,
Pos. Tol.,POS_21,PTOL,3.538,0.000,3.538,0.000,6.000,,CIR_21/NOMINAL - CS_ABC - C-Zone - XYZ - Nominal
Circle,2D_CIR_18,Y,32.606,32.500,0.106,,,,
Circle,2D_CIR_18,Z,39.852,40.000,-0.148,,,,
Pos. Tol.,POS_2D_18,PTOL,0.364,0.000,0.364,0.000,0.600,,2D_CIR_18/NOMINAL - CS_DE_BF - C-Zone - YZ - Nominal
Circle,2D_CIR_19,Y,-32.629,-32.500,-0.129,,,,
Circle,2D_CIR_19,Z,39.937,40.000,-0.063,,,,
Pos. Tol.,POS_2D_19,PTOL,0.287,0.000,0.287,0.000,0.600,,2D_CIR_19/NOMINAL - CS_DE_BF - C-Zone - YZ - Nominal
Circle,2D_CIR_20,Y,-32.456,-32.500,0.044,,,,
Circle,2D_CIR_20,Z,-39.920,-40.000,0.080,,,,
Pos. Tol.,POS_2D_20,PTOL,0.183,0.000,0.183,0.000,0.600,,2D_CIR_20/NOMINAL - CS_DE_BF - C-Zone - YZ - Nominal
Circle,2D_CIR_21,Y,32.493,32.500,-0.007,,,,
Circle,2D_CIR_21,Z,-39.908,-40.000,0.092,,,,
Pos. Tol.,POS_2D_21,PTOL,0.184,0.000,0.184,0.000,0.600,,2D_CIR_21/NOMINAL - CS_DE_BF - C-Zone - YZ - Nominal
Distance,INSERT HEIGHT 18,X,0.109,0.000,0.109,0.000,0.500,,CIR_18 - PL_PLAST_18 / CS_DE_BF_RZ180
Distance,INSERT HEIGHT 19,X,0.195,-0.000,0.195,0.000,0.500,,CIR_19 - PL_PLAST_19 / CS_DE_BF_RZ180
Distance,INSERT HEIGHT 20,X,0.101,-0.000,0.101,0.000,0.500,,CIR_20 - PL_PLAST_20 / CS_DE_BF_RZ180
Distance,INSERT HEIGHT 21,X,0.205,0.000,0.205,0.000,0.500,,CIR_21 - PL_PLAST_21 / CS_DE_BF_RZ180
Distance,WIDTH_TB1,D1,3.057,3.000,0.057,-0.200,0.200,,P0W2.5_1.1 - PIW2.5_1.1 / CS_DE_BF
Distance,WIDTH_TB2,D1,2.918,3.000,-0.082,-0.200,0.200,,P0W2.5_1.2 - PIW2.5_1.2 / CS_DE_BF
Distance,WIDTH_TB3,D1,2.994,3.000,-0.006,-0.200,0.200,,P0W2.5_1.3 - PIW2.5_1.3 / CS_DE_BF
Distance,WIDTH_TB4,D1,3.065,3.000,0.065,-0.200,0.200,,P0W2.5_1.4 - PIW2.5_1.4 / CS_DE_BF
Distance,WIDTH_TB5,D1,3.150,3.000,0.150,-0.200,0.200,,P0W2.5_1.5 - PIW2.5_1.5 / CS_DE_BF
Distance,WIDTH_TB6,D1,3.058,3.000,0.058,-0.200,0.200,,P0W2.5_1.6 - PIW2.5_1.6 / CS_DE_BF
Distance,WIDTH_TB7,D1,3.224,3.000,0.224,-0.200,0.200,0.024,P0W2.5_1.7 - PIW2.5_1.7 / CS_DE_BF
Distance,WIDTH_TB8,D1,3.076,3.000,0.076,-0.200,0.200,,P0W2.5_1.8 - PIW2.5_1.8 / CS_DE_BF
Distance,DEPTH_TB1,X,5.071,5.000,0.071,-0.350,0.350,,TB_BOT_1.1 - PL_D / CS_DE_BF
Distance,DEPTH_TB2,X,5.127,5.000,0.127,-0.350,0.350,,TB_BOT_1.2 - PL_D / CS_DE_BF
Distance,DEPTH_TB3,X,5.094,5.000,0.094,-0.350,0.350,,TB_BOT_1.3 - PL_D / CS_DE_BF
Distance,DEPTH_TB4,X,4.957,5.000,-0.043,-0.350,0.350,,TB_BOT_1.4 - PL_D / CS_DE_BF
Distance,DEPTH_TB5,X,4.872,5.000,-0.128,-0.350,0.350,,TB_BOT_1.5 - PL_D / CS_DE_BF
Distance,DEPTH_TB6,X,4.983,5.000,-0.017,-0.350,0.350,,TB_BOT_1.6 - PL_D / CS_DE_BF
Distance,DEPTH_TB7,X,4.970,5.000,-0.030,-0.350,0.350,,TB_BOT_1.7 - PL_D / CS_DE_BF
Distance,DEPTH_TB8,X,4.985,5.000,-0.015,-0.350,0.350,,TB_BOT_1.8 - PL_D / CS_DE_BF
Flatness,FLAT_D,FLTN,0.125,0.000,0.125,0.000,1.000,,PL_D
Circle,CIR_9,DIAM,12.717,12.600,0.117,-0.100,0.100,0.017,Inters. PL_PLAST_9 - CYL_9.
Circle,CIR_9,X,179.351,178.800,0.551,,,,
Circle,CIR_9,Y,113.375,115.400,-2.025,,,,
Circle,CIR_9,Z,477.776,477.100,0.676,,,,
Pos. Tol.,POS_9,PTOL,4.410,0.000,4.410,0.000,6.000,,CIR_9/NOMINAL - CS_ABC - C-Zone - XYZ - Nominal
Circle,CIR_10,DIAM,16.457,16.325,0.132,-0.125,0.125,0.007,Inters. PL_PLAST_10 - CYL_10.
Circle,CIR_10,X,285.841,284.900,0.941,,,,
Circle,CIR_10,Y,69.707,71.100,-1.393,,,,
Circle,CIR_10,Z,296.519,296.200,0.319,,,,
Pos. Tol.,POS_10,PTOL,3.422,0.000,3.422,0.000,4.000,,CIR_10/NOMINAL - CS_ABC - C-Zone - XYZ - Nominal
Flatness,FLAT_F,FLTN,0.033,0.000,0.033,0.000,1.000,,PL_11_12
Circle,CIR_13_GAGE,DIAM,16.126,16.100,0.026,-0.100,0.100,,Criterion : Least Square (From 10 Pts On PL_13) 
Circle,CIR_13_GAGE,X,163.760,162.100,1.660,,,,
Circle,CIR_13_GAGE,Z,350.188,350.300,-0.112,,,,
Pos. Tol.,POS_13,PTOL,3.328,0.000,3.328,0.000,4.000,,CIR_13_GAGE/NOMINAL - CS_ABC - C-Zone - XZ - Nominal
Distance,PROF_13,Y,-19.740,-19.600,-0.140,-0.500,0.500,,2D_CIR_13 - PL_11_12 / CS_FG_BF
Circle,CIR_INSERT_11,X,164.137,162.100,2.037,,,,Criterion : Least Square (From 6 Pts On PL_INSERT_11) 
Circle,CIR_INSERT_11,Z,380.133,380.300,-0.167,,,,
Pos. Tol.,POS_11,PTOL,4.087,0.000,4.087,0.000,4.000,0.087,CIR_INSERT_11/NOMINAL - CS_ABC - C-Zone - XZ - Nominal
Distance,PROF_11,Y,88.722,89.100,-0.378,-1.500,1.500,,CIR_INSERT_11 - ORIGIN / CS_ABC
Circle,CIR_INSERT_12,X,164.027,162.100,1.927,,,,Criterion : Least Square (From 8 Pts On PL_INSERT_12) 
Circle,CIR_INSERT_12,Z,320.334,320.300,0.034,,,,
Pos. Tol.,POS_12,PTOL,3.854,0.000,3.854,0.000,4.000,,CIR_INSERT_12/NOMINAL - CS_ABC - C-Zone - XZ - Nominal
Distance,PROF_12,Y,88.883,89.100,-0.217,-1.500,1.500,,CIR_INSERT_12 - ORIGIN / CS_ABC
Circle,2D_CIR_INSERT_11,X,0.139,0.000,0.139,,,,
Circle,2D_CIR_INSERT_11,Z,29.894,30.000,-0.106,,,,
Pos. Tol.,POS_2D_11,PTOL,0.350,0.000,0.350,0.000,0.700,,2D_CIR_INSERT_11/NOMINAL - CS_FG_BF - C-Zone - XZ - Nominal
Distance,INSERT HEIGHT 11,Y,0.211,0.000,0.211,0.000,0.500,,CIR_INSERT_11 - PL_PLAST_11 / CS_FG_BF
Circle,2D_CIR_INSERT_12,X,0.139,0.000,0.139,,,,
Circle,2D_CIR_INSERT_12,Z,-29.906,-30.000,0.094,,,,
Pos. Tol.,POS_2D_12,PTOL,0.337,0.000,0.337,0.000,0.700,,2D_CIR_INSERT_12/NOMINAL - CS_FG_BF - C-Zone - XZ - Nominal
Distance,INSERT HEIGHT 12,Y,0.186,-0.000,0.186,0.000,0.500,,CIR_INSERT_12 - PL_PLAST_12 / CS_FG_BF
Circle,CIR_14,DIAM,6.584,6.500,0.084,-0.100,0.100,,Criterion : Least Square (From 6 Pts On PL_PLAST_14) 
Circle,CIR_14,X,82.035,80.500,1.535,,,,
Circle,CIR_14,Z,317.478,317.600,-0.122,,,,
Pos. Tol.,POS_14,PTOL,3.079,0.000,3.079,0.000,4.000,,CIR_14/NOMINAL - CS_ABC - C-Zone - XZ - Nominal
Distance,PROF_14,Y,98.369,99.800,-1.431,-2.000,2.000,,CIR_14 - ORIGIN / CS_ABC
Circle,CIR_15,DIAM,7.011,6.975,0.036,-0.225,0.225,,Criterion : Least Square (From 6 Pts On PL_PLAST_15) 
Circle,CIR_15,X,-57.105,-57.500,0.395,,,,
Circle,CIR_15,Z,52.151,51.600,0.551,,,,
Pos. Tol.,POS_15,PTOL,1.356,0.000,1.356,0.000,4.000,,CIR_15/NOMINAL - CS_ABC - C-Zone - XZ - Nominal
Distance,PROF_15,Y,38.998,40.200,-1.202,-2.000,2.000,,CIR_15 - ORIGIN / CS_ABC
Circle,CIR_16,DIAM,7.025,6.975,0.050,-0.225,0.225,,Criterion : Least Square (From 6 Pts On PL_PLAST_16) 
Circle,CIR_16,X,-56.124,-57.500,1.376,,,,
Circle,CIR_16,Z,263.823,263.600,0.223,,,,
Pos. Tol.,POS_16,PTOL,2.789,0.000,2.789,0.000,4.000,,CIR_16/NOMINAL - CS_ABC - C-Zone - XZ - Nominal
Distance,PROF_16,Y,39.875,40.200,-0.325,-2.000,2.000,,CIR_16 - ORIGIN / CS_ABC
Circle,CIR_17,DIAM,8.157,8.000,0.157,-0.200,0.200,,Criterion : Least Square (From 6 Pts On PL_PLAST_17) 
Circle,CIR_17,X,-14.415,-14.500,0.085,,,,
Circle,CIR_17,Z,351.792,351.600,0.192,,,,
Pos. Tol.,POS_17,PTOL,0.419,0.000,0.419,0.000,3.000,,CIR_17/NOMINAL - CS_ABC - C-Zone - XZ - Nominal
Distance,PROF_17,Y,35.867,35.900,-0.033,-0.500,0.500,,CIR_17 - ORIGIN / CS_ABC
Circle,CIR_23,X,-7.743,-8.500,0.757,,,,Criterion : Least Square (From 10 Pts On PL_PLAST_23) 
Circle,CIR_23,Z,96.908,96.800,0.108,,,,
Pos. Tol.,POS_23,PTOL,1.529,0.000,1.529,0.000,4.000,,CIR_23/NOMINAL - CS_ABC - C-Zone - XZ - Nominal
Distance,PROF_23,Y,72.291,73.200,-0.909,-2.000,2.000,,CIR_23 - ORIGIN / CS_ABC
Circle,CIR_24,X,-7.394,-8.500,1.106,,,,Criterion : Least Square (From 10 Pts On PL_PLAST_24) 
Circle,CIR_24,Z,202.917,202.800,0.117,,,,
Pos. Tol.,POS_24,PTOL,2.224,0.000,2.224,0.000,4.000,,CIR_24/NOMINAL - CS_ABC - C-Zone - XZ - Nominal
Distance,PROF_24,Y,72.928,73.200,-0.272,-2.000,2.000,,CIR_24 - ORIGIN / CS_ABC
Circle,CIR_25,DIAM,4.750,4.700,0.050,-0.100,0.100,,Criterion : Least Square (From 6 Pts On PL_PLAST_25) 
Circle,CIR_25,X,0.487,0.000,0.487,,,,
Circle,CIR_25,Z,1.136,0.000,1.136,,,,
Pos. Tol.,POS_25,PTOL,2.471,0.000,2.471,0.000,2.000,0.471,CIR_25/NOMINAL - CS_ABC - C-Zone - XZ - Nominal
Distance,PROF_25,Y,30.669,30.900,-0.231,-0.500,0.500,,CIR_25 - ORIGIN / CS_ABC
Circle,CIR_26,DIAM,6.635,6.500,0.135,-0.200,0.200,,Criterion : Least Square (From 8 Pts On PL_PLAST_26) 
Circle,CIR_26,X,82.202,80.500,1.702,,,,
Circle,CIR_26,Z,305.007,304.800,0.207,,,,
Pos. Tol.,POS_26,PTOL,3.428,0.000,3.428,0.000,4.000,,CIR_26/NOMINAL - CS_ABC - C-Zone - XZ - Nominal
Distance,PROF_26,Y,113.651,113.700,-0.049,-0.500,0.500,,CIR_26 - ORIGIN / CS_ABC
Circle,CIR_22,X,225.090,225.500,-0.410,,,,Criterion : Least Square (From 6 Pts On PL_INS_22) 
Circle,CIR_22,Y,-38.020,-35.900,-2.120,,,,
Circle,CIR_22,Z,388.017,388.000,0.017,,,,
Pos. Tol.,POS_22,PTOL,4.319,0.000,4.319,0.000,6.000,,CIR_22/NOMINAL - CS_ABC - C-Zone - XYZ - Nominal
Distance,INSERT HEIGHT 22,X,0.386,0.000,0.386,0.000,0.500,,CIR_22 - PL_PLAST_22 / CS_22
Circle,CIR_29,DIAM,9.381,9.250,0.131,-0.100,0.100,0.031,Criterion : Least Square (From 8 Pts On PL_PLAST_29) 
Circle,CIR_29,X,134.859,134.100,0.759,,,,
Circle,CIR_29,Z,-10.575,-10.700,0.125,,,,
Pos. Tol.,POS_29,PTOL,1.538,0.000,1.538,0.000,4.000,,CIR_29/NOMINAL - CS_ABC - C-Zone - XZ - Nominal
Circle,CIR_30,DIAM,9.309,9.250,0.059,-0.100,0.100,,Criterion : Least Square (From 6 Pts On PL_PLAST_30) 
Circle,CIR_30,X,111.142,110.000,1.142,,,,
Circle,CIR_30,Z,312.961,313.200,-0.239,,,,
Pos. Tol.,POS_30,PTOL,2.334,0.000,2.334,0.000,4.000,,CIR_30/NOMINAL - CS_ABC - C-Zone - XZ - Nominal
Circle,CIR_31,DIAM,12.160,12.050,0.110,-0.100,0.100,0.010,Criterion : Least Square (From 12 Pts On PL_PLAST_31) 
Circle,CIR_31,X,241.237,240.842,0.394,,,,
Circle,CIR_31,Z,29.023,29.405,-0.381,,,,
Circle,CIR_34,DIAM,6.793,6.850,-0.057,-0.100,0.100,,Criterion : Least Square (From 6 Pts On PL_PLAST_34) 
Circle,CIR_34,X,236.283,235.961,0.322,,,,
Circle,CIR_34,Y,61.454,61.702,-0.247,,,,
Circle,CIR_34,Z,-11.481,-11.244,-0.237,,,,
Circle,2D_CIR_32,DIAM,4.007,4.131,-0.123,-0.100,0.100,-0.023,
Circle,2D_CIR_32,X,-19.914,-20.000,0.086,,,,
Circle,2D_CIR_32,Z,0.000,0.000,0.000,,,,
Circle,2D_CIR_33,DIAM,4.012,4.131,-0.118,-0.100,0.100,-0.018,
Circle,2D_CIR_33,X,-19.872,-20.000,0.128,,,,
Circle,2D_CIR_33,Z,0.000,0.000,0.000,,,,
Perpend.,PERP_TMAP,PERP,0.053,0.000,0.053,0.000,0.100,,CYL_31/PL_PLAST_31 - C-Zone - Cloud of Points 
