Feat. Type,Feat. Name,Value,Actual,Nominal,Dev.,Tol-,Tol+,Out of Tol.,Comment
Text/Value,VAR_PROGRAM,VAL,,,,,,,'N:\Metrolog XG\Programmes\D-35\D-35 Moule 1 Complete with TMAP (Module 44).gm2'
Text/Value,VAR_EVENEMENT,VAL,,,,,,,'FIP 05437'
Text/Value,VAR_COMMENTAIRES,VAL,,,,,,,'298A'
Circle,CIR_DATUM_B,DIAM,8.125,8.000,0.125,-0.100,0.100,0.025,Criterion : Least Square (From 10 Pts On PL_FIXTURE) 
Circle,CIR_DATUM_B,X,0.000,0.000,0.000,,,,
Circle,CIR_DATUM_B,Z,0.000,0.000,0.000,,,,
Pos. Tol.,POS_B,PTOL,0.000,0.000,0.000,0.000,0.300,,CIR_DATUM_B(M)/NOMINAL - CS_ABC - C-Zone - XZ - Nominal
Distance,DIST_X_Z_DATUM_C,X,-4.467,-4.500,0.033,-0.150,0.150,,PNT_DATUM_C - ORIGIN / CS_ABC
Distance,DIST_X_Z_DATUM_C,Z,351.950,351.600,0.350,-0.400,0.400,,
Distance,WIDTH_C,D1,7.830,7.850,-0.020,-0.050,0.050,,SRF_C_RH - SRF_C_LH / CS_ABC
Circle,CIR1,DIAM,12.003,12.075,-0.072,-0.175,0.175,,From 4 Pts On PL_FIXTURE
Circle,CIR1,X,-54.326,-54.500,0.174,,,,
Circle,CIR1,Z,346.945,346.600,0.345,,,,
Pos. Tol.,POS_1,PTOL,0.772,0.000,0.772,0.103,1.103,,CIR1(M)/NOMINAL - CS_ABC - C-Zone - XZ - Nominal
Circle,CIR2,DIAM,12.141,12.075,0.066,-0.175,0.175,,From 4 Pts On PL_FIXTURE
Circle,CIR2,X,16.462,16.500,-0.038,,,,
Circle,CIR2,Z,351.779,351.600,0.179,,,,
Pos. Tol.,POS_2,PTOL,0.365,0.000,0.365,0.241,1.241,,CIR2(M)/NOMINAL - CS_ABC - C-Zone - XZ - Nominal
Circle,CIR4,DIAM,11.998,12.075,-0.077,-0.175,0.175,,From 4 Pts On PL_FIXTURE
Circle,CIR4,X,16.443,16.500,-0.057,,,,
Circle,CIR4,Z,1.345,1.100,0.245,,,,
Pos. Tol.,POS_4,PTOL,0.503,0.000,0.503,0.098,1.098,,CIR4(M)/NOMINAL - CS_ABC - C-Zone - XZ - Nominal
Circle,CIR5,DIAM,11.988,12.075,-0.087,-0.175,0.175,,From 4 Pts On PL_FIXTURE
Circle,CIR5,X,-54.836,-54.500,-0.336,,,,
Circle,CIR5,Z,27.090,27.100,-0.010,,,,
Pos. Tol.,POS_5,PTOL,0.672,0.000,0.672,0.088,1.088,,CIR5(M)/NOMINAL - CS_ABC - C-Zone - XZ - Nominal
Circle,CIR6,DIAM,12.117,12.075,0.042,-0.175,0.175,,From 4 Pts On PL_FIXTURE
Circle,CIR6,X,-54.680,-54.500,-0.180,,,,
Circle,CIR6,Z,134.742,134.600,0.143,,,,
Pos. Tol.,POS_6,PTOL,0.459,0.000,0.459,0.217,1.217,,CIR6(M)/NOMINAL - CS_ABC - C-Zone - XZ - Nominal
Circle,CIR7,DIAM,11.995,12.075,-0.080,-0.175,0.175,,From 4 Pts On PL_FIXTURE
Circle,CIR7,X,-54.345,-54.500,0.155,,,,
Circle,CIR7,Z,240.851,240.600,0.251,,,,
Pos. Tol.,POS_7,PTOL,0.590,0.000,0.590,0.095,1.095,,CIR7(M)/NOMINAL - CS_ABC - C-Zone - XZ - Nominal
Profile of Line,PROF_OP1,PRFL,1.216,0.000,1.216,0.000,1.500,,SCT_OP1
Profile of Line,PROF_OP2,PRFL,0.906,0.000,0.906,0.000,1.500,,SCT_OP2
Profile of Line,PROF_OP3,PRFL,0.988,0.000,0.988,0.000,1.500,,SCT_OP3
Profile of Line,PROF_OP4,PRFL,0.910,0.000,0.910,0.000,1.500,,SCT_OP4
Profile of Line,PROF_OP5,PRFL,0.601,0.000,0.601,0.000,1.500,,SCT_OP5
Profile of Line,PROF_OP6,PRFL,0.740,0.000,0.740,0.000,1.500,,SCT_OP6
Distance,WIDTH_OP1.1,D1,4.009,4.000,0.009,-0.200,0.200,,SRF_OP1_IW1 - SRF_OP1_OW1 / CS_ABC
Distance,WIDTH_OP1.2,D1,4.018,4.000,0.018,-0.200,0.200,,SRF_OP1_IW2 - SRF_OP1_OW2 / CS_ABC
Distance,WIDTH_OP1.3,D1,4.043,4.000,0.043,-0.200,0.200,,SRF_OP1_IW3 - SRF_OP1_OW3 / CS_ABC
Distance,WIDTH_OP1.4,D1,4.012,4.000,0.012,-0.200,0.200,,SRF_OP1_IW4 - SRF_OP1_OW4 / CS_ABC
Distance,WIDTH_OP1.5,D1,3.888,4.000,-0.112,-0.200,0.200,,SRF_OP1_IW5 - SRF_OP1_OW5 / CS_ABC
Distance,WIDTH_OP1.6,D1,3.944,4.000,-0.056,-0.200,0.200,,SRF_OP1_IW6 - SRF_OP1_OW6 / CS_ABC
Distance,WIDTH_OP1.7,D1,3.987,4.000,-0.013,-0.200,0.200,,SRF_OP1_IW7 - SRF_OP1_OW7 / CS_ABC
Distance,WIDTH_OP2.1,D1,4.005,4.000,0.005,-0.200,0.200,,SRF_OP2_IW1 - SRF_OP2_OW1 / CS_ABC
Distance,WIDTH_OP2.2,D1,4.053,4.000,0.053,-0.200,0.200,,SRF_OP2_IW2 - SRF_OP2_OW2 / CS_ABC
Distance,WIDTH_OP2.3,D1,4.043,4.000,0.043,-0.200,0.200,,SRF_OP2_IW3 - SRF_OP2_OW3 / CS_ABC
Distance,WIDTH_OP2.4,D1,4.028,4.000,0.028,-0.200,0.200,,SRF_OP2_IW4 - SRF_OP2_OW4 / CS_ABC
Distance,WIDTH_OP2.5,D1,3.923,4.000,-0.077,-0.200,0.200,,SRF_OP2_IW5 - SRF_OP2_OW5 / CS_ABC
Distance,WIDTH_OP2.6,D1,4.029,4.000,0.029,-0.200,0.200,,SRF_OP2_IW6 - SRF_OP2_OW6 / CS_ABC
Distance,WIDTH_OP2.7,D1,3.944,4.000,-0.056,-0.200,0.200,,SRF_OP2_IW7 - SRF_OP2_OW7 / CS_ABC
Distance,WIDTH_OP3.1,D1,4.041,4.000,0.041,-0.200,0.200,,SRF_OP3_IW1 - SRF_OP3_OW1 / CS_ABC
Distance,WIDTH_OP3.2,D1,4.097,4.000,0.097,-0.200,0.200,,SRF_OP3_IW2 - SRF_OP3_OW2 / CS_ABC
Distance,WIDTH_OP3.3,D1,3.937,4.000,-0.063,-0.200,0.200,,SRF_OP3_IW3 - SRF_OP3_OW3 / CS_ABC
Distance,WIDTH_OP3.4,D1,3.956,4.000,-0.044,-0.200,0.200,,SRF_OP3_IW4 - SRF_OP3_OW4 / CS_ABC
Distance,WIDTH_OP4.1,D1,4.024,4.000,0.024,-0.200,0.200,,SRF_OP4_IW1 - SRF_OP4_OW1 / CS_ABC
Distance,WIDTH_OP4.2,D1,4.084,4.000,0.084,-0.200,0.200,,SRF_OP4_IW2 - SRF_OP4_OW2 / CS_ABC
Distance,WIDTH_OP4.3,D1,4.041,4.000,0.041,-0.200,0.200,,SRF_OP4_IW3 - SRF_OP4_OW3 / CS_ABC
Distance,WIDTH_OP4.4,D1,4.060,4.000,0.060,-0.200,0.200,,SRF_OP4_IW4 - SRF_OP4_OW4 / CS_ABC
Distance,WIDTH_OP4.5,D1,4.006,4.000,0.006,-0.200,0.200,,SRF_OP4_IW5 - SRF_OP4_OW5 / CS_ABC
Distance,WIDTH_OP4.6,D1,3.906,4.000,-0.094,-0.200,0.200,,SRF_OP4_IW6 - SRF_OP4_OW6 / CS_ABC
Distance,WIDTH_OP4.7,D1,3.839,4.000,-0.161,-0.200,0.200,,SRF_OP4_IW7 - SRF_OP4_OW7 / CS_ABC
Distance,WIDTH_OP5.1,D1,4.036,4.000,0.036,-0.200,0.200,,SRF_OP5_IW1 - SRF_OP5_OW1 / CS_ABC
Distance,WIDTH_OP5.2,D1,4.052,4.000,0.052,-0.200,0.200,,SRF_OP5_IW2 - SRF_OP5_OW2 / CS_ABC
Distance,WIDTH_OP5.3,D1,3.938,4.000,-0.062,-0.200,0.200,,SRF_OP5_IW3 - SRF_OP5_OW3 / CS_ABC
Distance,WIDTH_OP5.4,D1,3.999,4.000,-0.001,-0.200,0.200,,SRF_OP5_IW4 - SRF_OP5_OW4 / CS_ABC
Distance,WIDTH_OP5.5,D1,3.990,4.000,-0.010,-0.200,0.200,,SRF_OP5_IW5 - SRF_OP5_OW5 / CS_ABC
Distance,WIDTH_OP6.1,D1,4.056,4.000,0.056,-0.200,0.200,,SRF_OP6_IW1 - SRF_OP6_OW1 / CS_ABC
Distance,WIDTH_OP6.2,D1,4.014,4.000,0.014,-0.200,0.200,,SRF_OP6_IW2 - SRF_OP6_OW2 / CS_ABC
Distance,WIDTH_OP6.3,D1,4.025,4.000,0.025,-0.200,0.200,,SRF_OP6_IW3 - SRF_OP6_OW3 / CS_ABC
Distance,WIDTH_OP6.4,D1,4.049,4.000,0.049,-0.200,0.200,,SRF_OP6_IW4 - SRF_OP6_OW4 / CS_ABC
Distance,WIDTH_OP6.5,D1,3.990,4.000,-0.010,-0.200,0.200,,SRF_OP6_IW5 - SRF_OP6_OW5 / CS_ABC
Distance,WIDTH_OP6.6,D1,4.107,4.000,0.107,-0.200,0.200,,SRF_OP6_IW6 - SRF_OP6_OW6 / CS_ABC
Distance,WIDTH_OP6.7,D1,4.213,4.000,0.213,-0.300,0.300,,SRF_OP6_IW7 - SRF_OP6_OW7 / CS_TEMP_CIR
Distance,DP_OP1.1,Y,6.019,6.000,0.019,-0.350,0.350,,SRF_OP1_DP1 - PL_FIXTURE / CS_PORTS_BF
Distance,DP_OP1.2,Y,6.071,6.000,0.071,-0.350,0.350,,SRF_OP1_DP2 - PL_FIXTURE / CS_PORTS_BF
Distance,DP_OP1.3,Y,6.049,6.000,0.049,-0.350,0.350,,SRF_OP1_DP3 - PL_FIXTURE / CS_PORTS_BF
Distance,DP_OP1.4,Y,6.053,6.000,0.053,-0.350,0.350,,SRF_OP1_DP4 - PL_FIXTURE / CS_PORTS_BF
Distance,DP_OP1.5,Y,5.995,6.000,-0.005,-0.350,0.350,,SRF_OP1_DP5 - PL_FIXTURE / CS_PORTS_BF
Distance,DP_OP1.6,Y,6.068,6.000,0.068,-0.350,0.350,,SRF_OP1_DP6 - PL_FIXTURE / CS_PORTS_BF
Distance,DP_OP1.7,Y,5.988,6.000,-0.012,-0.350,0.350,,SRF_OP1_DP7 - PL_FIXTURE / CS_PORTS_BF
Distance,DP_OP2.1,Y,6.208,6.000,0.208,-0.350,0.350,,SRF_OP2_DP1 - PL_FIXTURE / CS_PORTS_BF
Distance,DP_OP2.2,Y,6.206,6.000,0.206,-0.350,0.350,,SRF_OP2_DP2 - PL_FIXTURE / CS_PORTS_BF
Distance,DP_OP2.3,Y,6.151,6.000,0.151,-0.350,0.350,,SRF_OP2_DP3 - PL_FIXTURE / CS_PORTS_BF
Distance,DP_OP2.4,Y,6.129,6.000,0.129,-0.350,0.350,,SRF_OP2_DP4 - PL_FIXTURE / CS_PORTS_BF
Distance,DP_OP2.5,Y,5.986,6.000,-0.014,-0.350,0.350,,SRF_OP2_DP5 - PL_FIXTURE / CS_PORTS_BF
Distance,DP_OP2.6,Y,6.106,6.000,0.106,-0.350,0.350,,SRF_OP2_DP6 - PL_FIXTURE / CS_PORTS_BF
Distance,DP_OP2.7,Y,6.188,6.000,0.188,-0.350,0.350,,SRF_OP2_DP7 - PL_FIXTURE / CS_PORTS_BF
Distance,DP_OP3.1,Y,6.047,6.000,0.047,-0.350,0.350,,SRF_OP3_DP1 - PL_FIXTURE / CS_PORTS_BF
Distance,DP_OP3.2,Y,6.048,6.000,0.048,-0.350,0.350,,SRF_OP3_DP2 - PL_FIXTURE / CS_PORTS_BF
Distance,DP_OP3.3,Y,6.000,6.000,-0.000,-0.350,0.350,,SRF_OP3_DP3 - PL_FIXTURE / CS_PORTS_BF
Distance,DP_OP3.4,Y,6.038,6.000,0.038,-0.350,0.350,,SRF_OP3_DP4 - PL_FIXTURE / CS_PORTS_BF
Distance,DP_OP4.1,Y,6.155,6.000,0.155,-0.350,0.350,,SRF_OP4_DP1 - PL_FIXTURE / CS_PORTS_BF
Distance,DP_OP4.2,Y,6.098,6.000,0.098,-0.350,0.350,,SRF_OP4_DP2 - PL_FIXTURE / CS_PORTS_BF
Distance,DP_OP4.3,Y,6.111,6.000,0.111,-0.350,0.350,,SRF_OP4_DP3 - PL_FIXTURE / CS_PORTS_BF
Distance,DP_OP4.4,Y,6.142,6.000,0.142,-0.350,0.350,,SRF_OP4_DP4 - PL_FIXTURE / CS_PORTS_BF
Distance,DP_OP4.5,Y,5.897,6.000,-0.103,-0.350,0.350,,SRF_OP4_DP5 - PL_FIXTURE / CS_PORTS_BF
Distance,DP_OP4.6,Y,6.140,6.000,0.140,-0.350,0.350,,SRF_OP4_DP6 - PL_FIXTURE / CS_PORTS_BF
Distance,DP_OP4.7,Y,6.138,6.000,0.138,-0.350,0.350,,SRF_OP4_DP7 - PL_FIXTURE / CS_PORTS_BF
Distance,DP_OP5.1,Y,6.024,6.000,0.024,-0.350,0.350,,SRF_OP5_DP1 - PL_FIXTURE / CS_PORTS_BF
Distance,DP_OP5.2,Y,6.076,6.000,0.076,-0.350,0.350,,SRF_OP5_DP2 - PL_FIXTURE / CS_PORTS_BF
Distance,DP_OP5.3,Y,6.017,6.000,0.017,-0.350,0.350,,SRF_OP5_DP3 - PL_FIXTURE / CS_PORTS_BF
Distance,DP_OP5.4,Y,6.023,6.000,0.023,-0.350,0.350,,SRF_OP5_DP4 - PL_FIXTURE / CS_PORTS_BF
Distance,DP_OP5.5,Y,6.006,6.000,0.006,-0.350,0.350,,SRF_OP5_DP5 - PL_FIXTURE / CS_PORTS_BF
Distance,DP_OP6.1,Y,6.086,6.000,0.086,-0.350,0.350,,SRF_OP6_DP1 - PL_FIXTURE / CS_PORTS_BF
Distance,DP_OP6.2,Y,6.114,6.000,0.114,-0.350,0.350,,SRF_OP6_DP2 - PL_FIXTURE / CS_PORTS_BF
Distance,DP_OP6.3,Y,6.150,6.000,0.150,-0.350,0.350,,SRF_OP6_DP3 - PL_FIXTURE / CS_PORTS_BF
Distance,DP_OP6.4,Y,6.096,6.000,0.096,-0.350,0.350,,SRF_OP6_DP4 - PL_FIXTURE / CS_PORTS_BF
Distance,DP_OP6.5,Y,6.085,6.000,0.085,-0.350,0.350,,SRF_OP6_DP5 - PL_FIXTURE / CS_PORTS_BF
Distance,DP_OP6.6,Y,6.034,6.000,0.034,-0.350,0.350,,SRF_OP6_DP6 - PL_FIXTURE / CS_PORTS_BF
Distance,DP_OP6.7,Y,6.065,6.000,0.065,-0.350,0.350,,SRF_OP6_DP7 - PL_FIXTURE / CS_PORTS_BF
Circle,CIR_8,DIAM,75.785,75.600,0.185,-0.500,0.500,,Criterion : Least Square (From 8 Pts On PL_D) 
Circle,CIR_8,X,122.720,122.900,-0.180,,,,
Circle,CIR_8,Y,56.103,58.000,-1.897,,,,
Circle,CIR_8,Z,462.982,463.400,-0.418,,,,
Pos. Tol.,POS_8,PTOL,3.902,0.000,3.902,0.000,6.000,,CIR_8/NOMINAL - CS_ABC - C-Zone - XYZ - Nominal
Circle,CIR_18,X,125.216,125.206,0.011,,,,Criterion : Least Square (From 6 Pts On PL_INS_18) 
Circle,CIR_18,Y,88.346,90.408,-2.062,,,,
Circle,CIR_18,Z,502.836,503.440,-0.604,,,,
Pos. Tol.,POS_18,PTOL,4.298,0.000,4.298,0.000,6.000,,CIR_18/NOMINAL - CS_ABC - C-Zone - XYZ - Nominal
Circle,CIR_19,X,119.256,120.671,-1.415,,,,Criterion : Least Square (From 6 Pts On PL_INS_19) 
Circle,CIR_19,Y,23.709,25.567,-1.857,,,,
Circle,CIR_19,Z,502.824,503.440,-0.616,,,,
Pos. Tol.,POS_19,PTOL,4.830,0.000,4.830,0.000,6.000,,CIR_19/NOMINAL - CS_ABC - C-Zone - XYZ - Nominal
Circle,CIR_20,X,120.438,120.671,-0.233,,,,Criterion : Least Square (From 6 Pts On PL_INS_20) 
Circle,CIR_20,Y,24.031,25.564,-1.533,,,,
Circle,CIR_20,Z,422.885,423.439,-0.554,,,,
Pos. Tol.,POS_20,PTOL,3.293,0.000,3.293,0.000,6.000,,CIR_20/NOMINAL - CS_ABC - C-Zone - XYZ - Nominal
Circle,CIR_21,X,126.032,125.206,0.826,,,,Criterion : Least Square (From 6 Pts On PL_INS_21) 
Circle,CIR_21,Y,88.587,90.408,-1.821,,,,
Circle,CIR_21,Z,423.019,423.440,-0.422,,,,
Pos. Tol.,POS_21,PTOL,4.087,0.000,4.087,0.000,6.000,,CIR_21/NOMINAL - CS_ABC - C-Zone - XYZ - Nominal
Circle,2D_CIR_18,Y,32.413,32.500,-0.087,,,,
Circle,2D_CIR_18,Z,39.824,40.000,-0.176,,,,
Pos. Tol.,POS_2D_18,PTOL,0.393,0.000,0.393,0.000,0.600,,2D_CIR_18/NOMINAL - CS_DE_BF - C-Zone - YZ - Nominal
Circle,2D_CIR_19,Y,-32.498,-32.500,0.002,,,,
Circle,2D_CIR_19,Z,40.024,40.000,0.024,,,,
Pos. Tol.,POS_2D_19,PTOL,0.049,0.000,0.049,0.000,0.600,,2D_CIR_19/NOMINAL - CS_DE_BF - C-Zone - YZ - Nominal
Circle,2D_CIR_20,Y,-32.330,-32.500,0.170,,,,
Circle,2D_CIR_20,Z,-39.924,-40.000,0.076,,,,
Pos. Tol.,POS_2D_20,PTOL,0.372,0.000,0.372,0.000,0.600,,2D_CIR_20/NOMINAL - CS_DE_BF - C-Zone - YZ - Nominal
Circle,2D_CIR_21,Y,32.468,32.500,-0.032,,,,
Circle,2D_CIR_21,Z,-39.998,-40.000,0.002,,,,
Pos. Tol.,POS_2D_21,PTOL,0.065,0.000,0.065,0.000,0.600,,2D_CIR_21/NOMINAL - CS_DE_BF - C-Zone - YZ - Nominal
Distance,INSERT HEIGHT 18,X,0.143,0.000,0.143,0.000,0.500,,CIR_18 - PL_PLAST_18 / CS_DE_BF_RZ180
Distance,INSERT HEIGHT 19,X,0.201,-0.000,0.201,0.000,0.500,,CIR_19 - PL_PLAST_19 / CS_DE_BF_RZ180
Distance,INSERT HEIGHT 20,X,0.121,-0.000,0.121,0.000,0.500,,CIR_20 - PL_PLAST_20 / CS_DE_BF_RZ180
Distance,INSERT HEIGHT 21,X,0.359,0.000,0.359,0.000,0.500,,CIR_21 - PL_PLAST_21 / CS_DE_BF_RZ180
Distance,WIDTH_TB1,D1,3.025,3.000,0.025,-0.200,0.200,,P0W2.5_1.1 - PIW2.5_1.1 / CS_DE_BF
Distance,WIDTH_TB2,D1,2.948,3.000,-0.052,-0.200,0.200,,P0W2.5_1.2 - PIW2.5_1.2 / CS_DE_BF
Distance,WIDTH_TB3,D1,3.046,3.000,0.046,-0.200,0.200,,P0W2.5_1.3 - PIW2.5_1.3 / CS_DE_BF
Distance,WIDTH_TB4,D1,3.020,3.000,0.020,-0.200,0.200,,P0W2.5_1.4 - PIW2.5_1.4 / CS_DE_BF
Distance,WIDTH_TB5,D1,2.989,3.000,-0.011,-0.200,0.200,,P0W2.5_1.5 - PIW2.5_1.5 / CS_DE_BF
Distance,WIDTH_TB6,D1,2.968,3.000,-0.032,-0.200,0.200,,P0W2.5_1.6 - PIW2.5_1.6 / CS_DE_BF
Distance,WIDTH_TB7,D1,3.203,3.000,0.203,-0.200,0.200,0.003,P0W2.5_1.7 - PIW2.5_1.7 / CS_DE_BF
Distance,WIDTH_TB8,D1,3.133,3.000,0.133,-0.200,0.200,,P0W2.5_1.8 - PIW2.5_1.8 / CS_DE_BF
Distance,DEPTH_TB1,X,5.236,5.000,0.236,-0.350,0.350,,TB_BOT_1.1 - PL_D / CS_DE_BF
Distance,DEPTH_TB2,X,5.192,5.000,0.192,-0.350,0.350,,TB_BOT_1.2 - PL_D / CS_DE_BF
Distance,DEPTH_TB3,X,5.187,5.000,0.187,-0.350,0.350,,TB_BOT_1.3 - PL_D / CS_DE_BF
Distance,DEPTH_TB4,X,5.099,5.000,0.099,-0.350,0.350,,TB_BOT_1.4 - PL_D / CS_DE_BF
Distance,DEPTH_TB5,X,5.054,5.000,0.054,-0.350,0.350,,TB_BOT_1.5 - PL_D / CS_DE_BF
Distance,DEPTH_TB6,X,5.119,5.000,0.119,-0.350,0.350,,TB_BOT_1.6 - PL_D / CS_DE_BF
Distance,DEPTH_TB7,X,5.063,5.000,0.063,-0.350,0.350,,TB_BOT_1.7 - PL_D / CS_DE_BF
Distance,DEPTH_TB8,X,5.137,5.000,0.137,-0.350,0.350,,TB_BOT_1.8 - PL_D / CS_DE_BF
Flatness,FLAT_D,FLTN,0.212,0.000,0.212,0.000,1.000,,PL_D
Circle,CIR_9,DIAM,12.726,12.600,0.126,-0.100,0.100,0.026,Inters. PL_PLAST_9 - CYL_9.
Circle,CIR_9,X,180.009,178.800,1.209,,,,
Circle,CIR_9,Y,112.213,115.400,-3.187,,,,
Circle,CIR_9,Z,477.950,477.100,0.850,,,,
Pos. Tol.,POS_9,PTOL,7.026,0.000,7.026,0.000,6.000,1.026,CIR_9/NOMINAL - CS_ABC - C-Zone - XYZ - Nominal
Circle,CIR_10,DIAM,16.195,16.325,-0.130,-0.125,0.125,-0.005,Inters. PL_PLAST_10 - CYL_10.
Circle,CIR_10,X,286.252,284.900,1.352,,,,
Circle,CIR_10,Y,68.490,71.100,-2.610,,,,
Circle,CIR_10,Z,296.789,296.200,0.589,,,,
Pos. Tol.,POS_10,PTOL,5.996,0.000,5.996,0.000,4.000,1.996,CIR_10/NOMINAL - CS_ABC - C-Zone - XYZ - Nominal
Flatness,FLAT_F,FLTN,0.050,0.000,0.050,0.000,1.000,,PL_11_12
Circle,CIR_13_GAGE,DIAM,16.100,16.100,-0.000,-0.100,0.100,,Criterion : Least Square (From 10 Pts On PL_13) 
Circle,CIR_13_GAGE,X,163.782,162.100,1.682,,,,
Circle,CIR_13_GAGE,Z,350.489,350.300,0.189,,,,
Pos. Tol.,POS_13,PTOL,3.386,0.000,3.386,0.000,4.000,,CIR_13_GAGE/NOMINAL - CS_ABC - C-Zone - XZ - Nominal
Distance,PROF_13,Y,-19.546,-19.600,0.054,-0.500,0.500,,2D_CIR_13 - PL_11_12 / CS_FG_BF
Circle,CIR_INSERT_11,X,164.365,162.100,2.265,,,,Criterion : Least Square (From 6 Pts On PL_INSERT_11) 
Circle,CIR_INSERT_11,Z,380.427,380.300,0.127,,,,
Pos. Tol.,POS_11,PTOL,4.538,0.000,4.538,0.000,4.000,0.538,CIR_INSERT_11/NOMINAL - CS_ABC - C-Zone - XZ - Nominal
Distance,PROF_11,Y,87.625,89.100,-1.475,-1.500,1.500,,CIR_INSERT_11 - ORIGIN / CS_ABC
Circle,CIR_INSERT_12,X,164.084,162.100,1.984,,,,Criterion : Least Square (From 8 Pts On PL_INSERT_12) 
Circle,CIR_INSERT_12,Z,320.589,320.300,0.289,,,,
Pos. Tol.,POS_12,PTOL,4.009,0.000,4.009,0.000,4.000,0.009,CIR_INSERT_12/NOMINAL - CS_ABC - C-Zone - XZ - Nominal
Distance,PROF_12,Y,87.345,89.100,-1.755,-1.500,1.500,-0.255,CIR_INSERT_12 - ORIGIN / CS_ABC
Circle,2D_CIR_INSERT_11,X,0.119,0.000,0.119,,,,
Circle,2D_CIR_INSERT_11,Z,30.030,30.000,0.030,,,,
Pos. Tol.,POS_2D_11,PTOL,0.246,0.000,0.246,0.000,0.700,,2D_CIR_INSERT_11/NOMINAL - CS_FG_BF - C-Zone - XZ - Nominal
Distance,INSERT HEIGHT 11,Y,0.213,0.000,0.213,0.000,0.500,,CIR_INSERT_11 - PL_PLAST_11 / CS_FG_BF
Circle,2D_CIR_INSERT_12,X,0.119,0.000,0.119,,,,
Circle,2D_CIR_INSERT_12,Z,-29.809,-30.000,0.191,,,,
Pos. Tol.,POS_2D_12,PTOL,0.450,0.000,0.450,0.000,0.700,,2D_CIR_INSERT_12/NOMINAL - CS_FG_BF - C-Zone - XZ - Nominal
Distance,INSERT HEIGHT 12,Y,0.155,-0.000,0.155,0.000,0.500,,CIR_INSERT_12 - PL_PLAST_12 / CS_FG_BF
Circle,CIR_14,DIAM,6.583,6.500,0.083,-0.100,0.100,,Criterion : Least Square (From 6 Pts On PL_PLAST_14) 
Circle,CIR_14,X,82.038,80.500,1.538,,,,
Circle,CIR_14,Z,317.750,317.600,0.150,,,,
Pos. Tol.,POS_14,PTOL,3.091,0.000,3.091,0.000,4.000,,CIR_14/NOMINAL - CS_ABC - C-Zone - XZ - Nominal
Distance,PROF_14,Y,97.871,99.800,-1.929,-2.000,2.000,,CIR_14 - ORIGIN / CS_ABC
Circle,CIR_15,DIAM,6.987,6.975,0.012,-0.225,0.225,,Criterion : Least Square (From 6 Pts On PL_PLAST_15) 
Circle,CIR_15,X,-57.488,-57.500,0.012,,,,
Circle,CIR_15,Z,52.238,51.600,0.638,,,,
Pos. Tol.,POS_15,PTOL,1.276,0.000,1.276,0.000,4.000,,CIR_15/NOMINAL - CS_ABC - C-Zone - XZ - Nominal
Distance,PROF_15,Y,40.041,40.200,-0.159,-2.000,2.000,,CIR_15 - ORIGIN / CS_ABC
Circle,CIR_16,DIAM,6.987,6.975,0.012,-0.225,0.225,,Criterion : Least Square (From 6 Pts On PL_PLAST_16) 
Circle,CIR_16,X,-56.554,-57.500,0.946,,,,
Circle,CIR_16,Z,264.078,263.600,0.478,,,,
Pos. Tol.,POS_16,PTOL,2.120,0.000,2.120,0.000,4.000,,CIR_16/NOMINAL - CS_ABC - C-Zone - XZ - Nominal
Distance,PROF_16,Y,40.384,40.200,0.184,-2.000,2.000,,CIR_16 - ORIGIN / CS_ABC
Circle,CIR_17,DIAM,7.989,8.000,-0.011,-0.200,0.200,,Criterion : Least Square (From 6 Pts On PL_PLAST_17) 
Circle,CIR_17,X,-14.015,-14.500,0.485,,,,
Circle,CIR_17,Z,351.090,351.600,-0.511,,,,
Pos. Tol.,POS_17,PTOL,1.408,0.000,1.408,0.000,3.000,,CIR_17/NOMINAL - CS_ABC - C-Zone - XZ - Nominal
Distance,PROF_17,Y,35.839,35.900,-0.061,-0.500,0.500,,CIR_17 - ORIGIN / CS_ABC
Circle,CIR_23,X,-7.775,-8.500,0.725,,,,Criterion : Least Square (From 10 Pts On PL_PLAST_23) 
Circle,CIR_23,Z,97.139,96.800,0.339,,,,
Pos. Tol.,POS_23,PTOL,1.600,0.000,1.600,0.000,4.000,,CIR_23/NOMINAL - CS_ABC - C-Zone - XZ - Nominal
Distance,PROF_23,Y,72.554,73.200,-0.646,-2.000,2.000,,CIR_23 - ORIGIN / CS_ABC
Circle,CIR_24,X,-7.704,-8.500,0.796,,,,Criterion : Least Square (From 10 Pts On PL_PLAST_24) 
Circle,CIR_24,Z,203.078,202.800,0.278,,,,
Pos. Tol.,POS_24,PTOL,1.685,0.000,1.685,0.000,4.000,,CIR_24/NOMINAL - CS_ABC - C-Zone - XZ - Nominal
Distance,PROF_24,Y,73.164,73.200,-0.036,-2.000,2.000,,CIR_24 - ORIGIN / CS_ABC
Circle,CIR_25,DIAM,4.761,4.700,0.061,-0.100,0.100,,Criterion : Least Square (From 6 Pts On PL_PLAST_25) 
Circle,CIR_25,X,0.033,0.000,0.033,,,,
Circle,CIR_25,Z,0.394,0.000,0.393,,,,
Pos. Tol.,POS_25,PTOL,0.789,0.000,0.789,0.000,2.000,,CIR_25/NOMINAL - CS_ABC - C-Zone - XZ - Nominal
Distance,PROF_25,Y,30.880,30.900,-0.020,-0.500,0.500,,CIR_25 - ORIGIN / CS_ABC
Circle,CIR_26,DIAM,6.638,6.500,0.138,-0.200,0.200,,Criterion : Least Square (From 8 Pts On PL_PLAST_26) 
Circle,CIR_26,X,82.250,80.500,1.750,,,,
Circle,CIR_26,Z,305.108,304.800,0.308,,,,
Pos. Tol.,POS_26,PTOL,3.554,0.000,3.554,0.000,4.000,,CIR_26/NOMINAL - CS_ABC - C-Zone - XZ - Nominal
Distance,PROF_26,Y,112.911,113.700,-0.789,-0.500,0.500,-0.289,CIR_26 - ORIGIN / CS_ABC
Circle,CIR_22,X,224.479,225.500,-1.021,,,,Criterion : Least Square (From 6 Pts On PL_INS_22) 
Circle,CIR_22,Y,-39.036,-35.900,-3.136,,,,
Circle,CIR_22,Z,388.556,388.000,0.556,,,,
Pos. Tol.,POS_22,PTOL,6.690,0.000,6.690,0.000,6.000,0.690,CIR_22/NOMINAL - CS_ABC - C-Zone - XYZ - Nominal
Distance,INSERT HEIGHT 22,X,0.135,0.000,0.135,0.000,0.500,,CIR_22 - PL_PLAST_22 / CS_22
Circle,CIR_29,DIAM,9.317,9.250,0.067,-0.100,0.100,,Criterion : Least Square (From 8 Pts On PL_PLAST_29) 
Circle,CIR_29,X,134.531,134.100,0.431,,,,
Circle,CIR_29,Z,-10.139,-10.700,0.561,,,,
Pos. Tol.,POS_29,PTOL,1.415,0.000,1.415,0.000,4.000,,CIR_29/NOMINAL - CS_ABC - C-Zone - XZ - Nominal
Circle,CIR_30,DIAM,9.278,9.250,0.028,-0.100,0.100,,Criterion : Least Square (From 6 Pts On PL_PLAST_30) 
Circle,CIR_30,X,111.386,110.000,1.386,,,,
Circle,CIR_30,Z,313.313,313.200,0.113,,,,
Pos. Tol.,POS_30,PTOL,2.781,0.000,2.781,0.000,4.000,,CIR_30/NOMINAL - CS_ABC - C-Zone - XZ - Nominal
Circle,CIR_31,DIAM,12.163,12.050,0.113,-0.100,0.100,0.013,Criterion : Least Square (From 12 Pts On PL_PLAST_31) 
Circle,CIR_31,X,241.106,240.842,0.263,,,,
Circle,CIR_31,Z,29.347,29.405,-0.057,,,,
Circle,CIR_34,DIAM,6.881,6.850,0.031,-0.100,0.100,,Criterion : Least Square (From 6 Pts On PL_PLAST_34) 
Circle,CIR_34,X,236.123,235.961,0.162,,,,
Circle,CIR_34,Y,59.800,61.702,-1.902,,,,
Circle,CIR_34,Z,-11.237,-11.244,0.007,,,,
Circle,2D_CIR_32,DIAM,4.030,4.131,-0.100,-0.100,0.100,-0.000,
Circle,2D_CIR_32,X,-19.852,-20.000,0.148,,,,
Circle,2D_CIR_32,Z,0.000,0.000,0.000,,,,
Circle,2D_CIR_33,DIAM,4.047,4.131,-0.084,-0.100,0.100,,
Circle,2D_CIR_33,X,-19.842,-20.000,0.158,,,,
Circle,2D_CIR_33,Z,-0.000,0.000,0.000,,,,
Perpend.,PERP_TMAP,PERP,0.037,0.000,0.037,0.000,0.100,,CYL_31/PL_PLAST_31 - C-Zone - Cloud of Points 
Perpend.,PERP_32,PERP,0.096,0.000,0.096,0.000,0.250,,CYL_32/PL_PLAST_31 - C-Zone - Cloud of Points 
Perpend.,PERP_33,PERP,0.076,0.000,0.076,0.000,0.250,,CYL_33/PL_PLAST_31 - C-Zone - Cloud of Points 
