Feat. Type,Feat. Name,Value,Actual,Nominal,Dev.,Tol-,Tol+,Out of Tol.,Comment
Text/Value,VAR_PROGRAM,VAL,,,,,,,'N:\Metrolog XG\Programmes\Denso 640F\Denso 640F Complet (Module 51).gm2'
Text/Value,VAR_EVENEMENT,VAL,,,,,,,'FIP 08589 immediate'
Text/Value,VAR_COMMENTAIRES,VAL,,,,,,,'338A'
Circle,CIR_1,DIAM,9.224,9.000,0.224,-0.450,0.350,,Criterion : Least Square (From 6 Pts On PL_FIXTURE) 
Circle,CIR_1,X,0.000,0.000,0.000,,,,
Circle,CIR_1,Y,0.000,0.000,0.000,,,,
Pos. Tol.,POS_1,PTOL,0.000,0.000,0.000,0.674,1.174,,CIR_1(M)/NOMINAL - CS_ABC_BF - C-Zone - XY - Nominal
Circle,CIR_2,DIAM,9.247,9.000,0.247,-0.450,0.350,,Criterion : Least Square (From 6 Pts On PL_FIXTURE) 
Circle,CIR_2,X,11.949,11.500,0.449,,,,
Circle,CIR_2,Y,-100.386,-100.250,-0.136,,,,
Pos. Tol.,POS_2,PTOL,0.938,0.000,0.938,0.697,1.197,,CIR_2(M)/NOMINAL - CS_ABC_BF - C-Zone - XY - Nominal
Circle,CIR_3,DIAM,9.222,9.000,0.222,-0.450,0.350,,Criterion : Least Square (From 6 Pts On PL_FIXTURE) 
Circle,CIR_3,X,-19.160,-19.500,0.340,,,,
Circle,CIR_3,Y,-205.689,-205.750,0.060,,,,
Pos. Tol.,POS_3,PTOL,0.691,0.000,0.691,0.672,1.172,,CIR_3(M)/NOMINAL - CS_ABC_BF - C-Zone - XY - Nominal
Circle,CIR_4,DIAM,9.201,9.000,0.201,-0.450,0.350,,Criterion : Least Square (From 6 Pts On PL_FIXTURE) 
Circle,CIR_4,X,11.737,11.500,0.237,,,,
Circle,CIR_4,Y,-311.304,-311.250,-0.055,,,,
Pos. Tol.,POS_4,PTOL,0.487,0.000,0.487,0.651,1.151,,CIR_4(M)/NOMINAL - CS_ABC_BF - C-Zone - XY - Nominal
Circle,CIR_5,DIAM,9.220,9.000,0.220,-0.450,0.350,,Criterion : Least Square (From 6 Pts On PL_FIXTURE) 
Circle,CIR_5,X,-16.694,-16.500,-0.194,,,,
Circle,CIR_5,Y,-408.037,-408.000,-0.037,,,,
Pos. Tol.,POS_5,PTOL,0.396,0.000,0.396,0.670,1.170,,CIR_5(M)/NOMINAL - CS_ABC_BF - C-Zone - XY - Nominal
Circle,CIR_6,DIAM,9.198,9.000,0.198,-0.450,0.350,,Criterion : Least Square (From 6 Pts On PL_FIXTURE) 
Circle,CIR_6,X,264.594,264.700,-0.106,,,,
Circle,CIR_6,Y,-432.355,-432.500,0.145,,,,
Pos. Tol.,POS_6,PTOL,0.359,0.000,0.359,0.648,1.148,,CIR_6(M)/NOMINAL - CS_ABC_BF - C-Zone - XY - Nominal
Circle,CIR_7,DIAM,9.219,9.000,0.219,-0.450,0.350,,Criterion : Least Square (From 6 Pts On PL_FIXTURE) 
Circle,CIR_7,X,252.675,253.200,-0.525,,,,
Circle,CIR_7,Y,-332.216,-332.250,0.034,,,,
Pos. Tol.,POS_7,PTOL,1.051,0.000,1.051,0.669,1.169,,CIR_7(M)/NOMINAL - CS_ABC_BF - C-Zone - XY - Nominal
Circle,CIR_8,DIAM,9.216,9.000,0.216,-0.450,0.350,,Criterion : Least Square (From 6 Pts On PL_FIXTURE) 
Circle,CIR_8,X,284.015,284.200,-0.185,,,,
Circle,CIR_8,Y,-226.807,-226.750,-0.057,,,,
Pos. Tol.,POS_8,PTOL,0.387,0.000,0.387,0.666,1.166,,CIR_8(M)/NOMINAL - CS_ABC_BF - C-Zone - XY - Nominal
Circle,CIR_9,DIAM,9.212,9.000,0.212,-0.450,0.350,,Criterion : Least Square (From 6 Pts On PL_FIXTURE) 
Circle,CIR_9,X,253.218,253.200,0.018,,,,
Circle,CIR_9,Y,-121.229,-121.250,0.021,,,,
Pos. Tol.,POS_9,PTOL,0.055,0.000,0.055,0.662,1.162,,CIR_9(M)/NOMINAL - CS_ABC_BF - C-Zone - XY - Nominal
Circle,CIR_10,DIAM,9.201,9.000,0.201,-0.450,0.350,,Criterion : Least Square (From 6 Pts On PL_FIXTURE) 
Circle,CIR_10,X,281.371,281.200,0.171,,,,
Circle,CIR_10,Y,-24.515,-24.500,-0.015,,,,
Pos. Tol.,POS_10,PTOL,0.344,0.000,0.344,0.651,1.151,,CIR_10(M)/NOMINAL - CS_ABC_BF - C-Zone - XY - Nominal
Distance,PLASTIC_1,Z,20.005,20.000,0.005,-0.150,0.100,,PNT_TOP_1 - PNT_BOTTOM_1 / CS_ABC_BF
Distance,PLASTIC_2,Z,20.038,20.000,0.038,-0.100,0.100,,PNT_TOP_2 - PNT_BOTTOM_2 / CS_ABC_BF
Distance,PLASTIC_3,Z,20.043,20.000,0.043,-0.100,0.100,,PNT_TOP_3 - PNT_BOTTOM_3 / CS_ABC_BF
Distance,PLASTIC_4,Z,20.092,20.000,0.092,-0.100,0.100,,PNT_TOP_4 - PNT_BOTTOM_4 / CS_ABC_BF
Distance,PLASTIC_5,Z,20.090,20.000,0.090,-0.100,0.100,,PNT_TOP_5 - PNT_BOTTOM_5 / CS_ABC_BF
Distance,PLASTIC_6,Z,19.999,20.000,-0.001,-0.100,0.100,,PNT_TOP_6 - PNT_BOTTOM_6 / CS_ABC_BF
Distance,PLASTIC_7,Z,19.998,20.000,-0.002,-0.100,0.100,,PNT_TOP_7 - PNT_BOTTOM_7 / CS_ABC_BF
Distance,PLASTIC_8,Z,19.970,20.000,-0.030,-0.100,0.100,,PNT_TOP_8 - PNT_BOTTOM_8 / CS_ABC_BF
Distance,PLASTIC_9,Z,20.019,20.000,0.019,-0.100,0.100,,PNT_TOP_9 - PNT_BOTTOM_9 / CS_ABC_BF
Distance,PLASTIC_10,Z,19.981,20.000,-0.019,-0.100,0.100,,PNT_TOP_10 - PNT_BOTTOM_10 / CS_ABC_BF
Circle,CIR_11,X,87.709,87.400,0.309,,,,Criterion : Least Square (From 6 Pts On PL_INS_11) 
Circle,CIR_11,Y,-163.927,-163.800,-0.127,,,,
Pos. Tol.,POS_11,PTOL,0.667,0.000,0.667,0.000,2.674,,CIR_11/NOMINAL - CS_ABC_BF - C-Zone - XY - Nominal
Circle,CIR_12,X,92.331,92.400,-0.069,,,,Criterion : Least Square (From 6 Pts On PL_INS_12) 
Circle,CIR_12,Y,-237.808,-238.250,0.442,,,,
Pos. Tol.,POS_12,PTOL,0.895,0.000,0.895,0.000,2.674,,CIR_12/NOMINAL - CS_ABC_BF - C-Zone - XY - Nominal
Circle,CIR_13,X,37.152,37.400,-0.248,,,,Criterion : Least Square (From 6 Pts On PL_INS_13) 
Circle,CIR_13,Y,-352.422,-352.300,-0.122,,,,
Pos. Tol.,POS_13,PTOL,0.553,0.000,0.553,0.000,2.674,,CIR_13/NOMINAL - CS_ABC_BF - C-Zone - XY - Nominal
Circle,CIR_14,X,-28.083,-27.800,-0.283,,,,Criterion : Least Square (From 6 Pts On PL_INS_14) 
Circle,CIR_14,Y,-370.398,-370.900,0.502,,,,
Pos. Tol.,POS_14,PTOL,1.153,0.000,1.153,0.000,2.674,,CIR_14/NOMINAL - CS_ABC_BF - C-Zone - XY - Nominal
Circle,CIR_17,X,153.362,153.400,-0.038,,,,Criterion : Least Square (From 6 Pts On PL_INS_17) 
Circle,CIR_17,Y,-260.956,-261.300,0.344,,,,
Pos. Tol.,POS_17,PTOL,0.692,0.000,0.692,0.000,2.674,,CIR_17/NOMINAL - CS_ABC_BF - C-Zone - XY - Nominal
Circle,CIR_20,X,303.319,303.400,-0.081,,,,Criterion : Least Square (From 6 Pts On PL_INS_20) 
Circle,CIR_20,Y,-154.777,-154.300,-0.477,,,,
Pos. Tol.,POS_20,PTOL,0.968,0.000,0.968,0.000,2.674,,CIR_20/NOMINAL - CS_ABC_BF - C-Zone - XY - Nominal
Circle,CIR_21,X,214.454,214.400,0.054,,,,Criterion : Least Square (From 6 Pts On PL_INS_21) 
Circle,CIR_21,Y,-60.776,-61.300,0.524,,,,
Pos. Tol.,POS_21,PTOL,1.053,0.000,1.053,0.000,2.674,,CIR_21/NOMINAL - CS_ABC_BF - C-Zone - XY - Nominal
Circle,CIR_15,X,147.389,147.200,0.189,,,,Criterion : Least Square (From 6 Pts On PL_INS_15) 
Circle,CIR_15,Y,-40.652,-40.600,-0.052,,,,
Pos. Tol.,POS_15,PTOL,0.393,0.000,0.393,0.000,1.000,,CIR_15/NOMINAL - CS_AF_BF - C-Zone - XY - Nominal
Circle,CIR_16,X,169.960,170.000,-0.040,,,,Criterion : Least Square (From 6 Pts On PL_INS_16) 
Circle,CIR_16,Y,-53.987,-54.000,0.013,,,,
Pos. Tol.,POS_16,PTOL,0.084,0.000,0.084,0.000,1.000,,CIR_16/NOMINAL - CS_AD - C-Zone - XY - Nominal
Circle,2D_CIR_18,X,-0.999,-1.000,0.001,,,,
Circle,2D_CIR_18,Y,-104.984,-105.000,0.016,,,,
Pos. Tol.,POS_18,PTOL,0.031,0.000,0.031,0.000,1.000,,2D_CIR_18/NOMINAL - CS_AGH_BF - C-Zone - XY - Nominal
Circle,2D_CIR_19,X,-106.999,-107.000,0.001,,,,
Circle,2D_CIR_19,Y,-31.995,-32.000,0.005,,,,
Pos. Tol.,POS_19,PTOL,0.010,0.000,0.010,0.000,1.000,,2D_CIR_19/NOMINAL - CS_AGH_BF - C-Zone - XY - Nominal
Distance,H11,Z,0.002,0.000,0.002,0.000,0.300,,CIR_11 - PL_PLAST_11 / CS_ABC_BF
Distance,H12,Z,-0.053,0.000,-0.053,0.000,0.300,-0.053,CIR_12 - PL_PLAST_12 / CS_ABC_BF
Distance,H13,Z,0.103,0.000,0.103,0.000,0.300,,CIR_13 - PL_PLAST_13 / CS_ABC_BF
Distance,H14,Z,0.087,0.000,0.087,0.000,0.300,,CIR_14 - PL_PLAST_14 / CS_ABC_BF
Distance,H15,Z,0.032,0.000,0.032,0.000,0.300,,CIR_15 - PL_PLAST_15 / CS_ABC_BF
Distance,H16,Z,0.000,0.000,0.000,0.000,0.300,,CIR_16 - PL_PLAST_16 / CS_ABC_BF
Distance,H17,Z,0.004,0.000,0.004,0.000,0.300,,CIR_17 - PL_PLAST_17 / CS_ABC_BF
Distance,H18,Z,0.211,0.000,0.211,0.000,0.300,,CIR_18 - PL_PLAST_18 / CS_ABC_BF
Distance,H19,Z,0.163,0.000,0.163,0.000,0.300,,CIR_19 - PL_PLAST_19 / CS_ABC_BF
Distance,H20,Z,0.285,0.000,0.285,0.000,0.300,,CIR_20 - PL_PLAST_20 / CS_ABC_BF
Distance,H21,Z,-0.009,0.000,-0.009,0.000,0.300,-0.009,CIR_21 - PL_PLAST_21 / CS_ABC_BF
Circle,CIR_22,DIAM,14.075,13.900,0.175,-0.100,0.200,,Criterion : Least Square (From 10 Pts On PL_DATUM_V) 
Circle,CIR_22,X,41.558,41.400,0.158,,,,
Circle,CIR_22,Y,9.294,8.750,0.544,,,,
Pos. Tol.,POS_22,PTOL,1.133,0.000,1.133,0.000,2.674,,CIR_22/NOMINAL - CS_ABC_BF - C-Zone - XY - Nominal
Flatness,FLAT_EGR,FLTN,0.128,0.000,0.128,0.000,0.800,,PL_PLAST_26
Circle,CIR_26,DIAM,35.277,35.000,0.277,-0.300,0.300,,Criterion : Least Square (From 10 Pts On PL_PLAST_26) 
Circle,CIR_26,X,127.901,127.400,0.501,,,,
Circle,CIR_26,Y,50.389,50.800,-0.411,,,,
Pos. Tol.,POS_26,PTOL,1.296,0.000,1.296,0.000,3.300,,CIR_26/NOMINAL - CS_ABC_BF - C-Zone - XY - Nominal
Circle,CIR_27,X,31.152,31.000,0.152,,,,Criterion : Least Square (From 6 Pts On PL_INS_27) 
Circle,CIR_27,Y,-0.037,0.000,-0.037,,,,
Pos. Tol.,POS_27,PTOL,0.313,0.000,0.313,0.000,1.000,,CIR_27/NOMINAL - CS_AEI - C-Zone - XY - Nominal
Circle,CIR_28,X,-31.054,-31.000,-0.054,,,,Criterion : Least Square (From 6 Pts On PL_INS_28) 
Circle,CIR_28,Y,-0.037,0.000,-0.037,,,,
Pos. Tol.,POS_28,PTOL,0.131,0.000,0.131,0.000,1.000,,CIR_28/NOMINAL - CS_AEI - C-Zone - XY - Nominal
Distance,H27,Z,0.166,0.000,0.166,0.000,0.300,,CIR_27 - PL_PLAST_27 / CS_AEI
Distance,H28,Z,-0.121,0.000,-0.121,0.000,0.300,-0.121,CIR_28 - PL_PLAST_28 / CS_AEI
Distance,EGR_WIDTH_1,D1,3.657,3.500,0.157,-0.150,0.200,,P_EGR_IW.1 - P_EGR_OW.1 / CS_26_27_28
Distance,EGR_WIDTH_2,D1,3.610,3.500,0.110,-0.150,0.200,,P_EGR_IW.2 - P_EGR_OW.2 / CS_26_27_28
Distance,EGR_WIDTH_3,D1,3.581,3.500,0.081,-0.150,0.200,,P_EGR_IW.3 - P_EGR_OW.3 / CS_26_27_28
Distance,EGR_WIDTH_4,D1,3.651,3.500,0.151,-0.150,0.200,,P_EGR_IW.4 - P_EGR_OW.4 / CS_26_27_28
Distance,EGR_DEPTH_1,Z,5.049,5.000,0.049,-0.100,0.100,,P_EGR_TOP.1 - P_EGR_BOTTOM.1 / CS_26_27_28
Distance,EGR_DEPTH_2,Z,5.012,5.000,0.012,-0.100,0.100,,P_EGR_TOP.2 - P_EGR_BOTTOM.2 / CS_26_27_28
Distance,EGR_DEPTH_3,Z,5.023,5.000,0.023,-0.100,0.100,,P_EGR_TOP.3 - P_EGR_BOTTOM.3 / CS_26_27_28
Distance,EGR_DEPTH_4,Z,5.051,5.000,0.051,-0.100,0.100,,P_EGR_TOP.4 - P_EGR_BOTTOM.4 / CS_26_27_28
Circle,CIR_29,X,116.139,115.400,0.739,,,,Criterion : Least Square (From 6 Pts On PL_INS_29) 
Circle,CIR_29,Y,97.406,97.800,-0.394,,,,
Pos. Tol.,POS_29,PTOL,1.676,0.000,1.676,0.000,3.300,,CIR_29/NOMINAL - CS_ABC_BF - C-Zone - XY - Nominal
Distance,H29,Z,0.236,0.000,0.236,0.000,0.300,,CIR_29 - PL_PLAST_29 / CS_ABC_BF
Circle,CIR_30,DIAM,12.128,12.100,0.028,-0.100,0.100,,Criterion : Least Square (From 6 Pts On PL_PLAST_30) 
Circle,CIR_30,X,157.397,156.800,0.597,,,,
Circle,CIR_30,Y,119.475,119.800,-0.325,,,,
Pos. Tol.,POS_30,PTOL,1.359,0.000,1.359,0.000,3.300,,CIR_30/NOMINAL - CS_ABC_BF - C-Zone - XY - Nominal
Circle,CIR_31,X,37.039,37.000,0.039,,,,Criterion : Least Square (From 6 Pts On PL_INS_31) 
Circle,CIR_31,Y,47.050,47.000,0.050,,,,
Pos. Tol.,POS_31,PTOL,0.127,0.000,0.127,0.000,1.000,,CIR_31/NOMINAL - CS_AT - C-Zone - XY - Nominal
Distance,H31,Z,0.187,0.000,0.187,0.000,0.300,,CIR_31 - PL_PLAST_31 / CS_AT
Circle,CIR_32,DIAM,15.065,15.100,-0.035,-0.100,0.100,,Criterion : Least Square (From 10 Pts On PL_PLAST_32) 
Circle,CIR_32,X,52.013,51.400,0.613,,,,
Circle,CIR_32,Y,18.009,17.720,0.289,,,,
Pos. Tol.,POS_32,PTOL,1.650,0.000,1.650,0.000,2.674,,CIR_32/NOMINAL - CS_ABC_BF - C-Zone - XZ - Nominal
Circle,CIR_35,DIAM,12.082,12.100,-0.018,-0.100,0.100,,Criterion : Least Square (From 8 Pts On PL_PLAST_35) 
Circle,CIR_35,X,212.246,212.400,-0.154,,,,
Circle,CIR_35,Z,102.522,103.000,-0.478,,,,
Pos. Tol.,POS_35,PTOL,1.005,0.000,1.005,0.000,2.674,,CIR_35/NOMINAL - CS_ABC_BF - C-Zone - XZ - Nominal
Circle,CIR_36,X,196.311,196.400,-0.089,,,,Criterion : Least Square (From 6 Pts On PL_INS_36) 
Circle,CIR_36,Z,58.267,58.600,-0.333,,,,
Pos. Tol.,POS_36,PTOL,0.690,0.000,0.690,0.000,2.674,,CIR_36/NOMINAL - CS_ABC_BF - C-Zone - XZ - Nominal
Circle,CIR_37,X,162.281,162.400,-0.119,,,,Criterion : Least Square (From 6 Pts On PL_INS_37) 
Circle,CIR_37,Z,46.589,47.000,-0.411,,,,
Pos. Tol.,POS_37,PTOL,0.856,0.000,0.856,0.000,2.674,,CIR_37/NOMINAL - CS_ABC_BF - C-Zone - XZ - Nominal
Circle,CIR_38,X,31.331,31.400,-0.069,,,,Criterion : Least Square (From 6 Pts On PL_INS_38) 
Circle,CIR_38,Z,43.448,43.600,-0.152,,,,
Pos. Tol.,POS_38,PTOL,0.333,0.000,0.333,0.000,2.674,,CIR_38/NOMINAL - CS_ABC_BF - C-Zone - XZ - Nominal
Distance,H36,Y,0.109,0.000,0.109,0.000,0.300,,CIR_36 - PL_PLAST_36 / CS_ABC_BF_ROT180
Distance,H37,Y,0.154,0.000,0.154,0.000,0.300,,CIR_37 - PL_PLAST_37 / CS_ABC_BF_ROT180
Distance,H38,Y,0.166,0.000,0.166,0.000,0.300,,CIR_38 - PL_PLAST_38 / CS_ABC_BF_ROT180
Flatness,FLAT_LASER_WELD,FLTN,0.397,0.000,0.397,0.000,0.400,,PL_LASER_WELD
Text/Value,PERPENDICULARITY_LASER_WELD,VAL,0.182376,0.210000,-0.027624,-0.050000,0.050000,,
Distance,DISTANCE_LASER_WELD_TBDN_1,Y,-18.413,-17.824,-0.589,,,,PL_LASER_WELD_PNT42 - CIR_6 / CS_CIR_6_TBDN
Distance,DISTANCE_LASER_WELD_TBDN_2,Y,-18.476,-17.824,-0.652,,,,PL_LASER_WELD_PNT3 - CIR_6 / CS_CIR_6_TBDN
Distance,DISTANCE_LASER_WELD_TBDN_3,Y,-18.579,-17.824,-0.755,,,,PL_LASER_WELD_PNT9 - CIR_6 / CS_CIR_6_TBDN
Distance,DISTANCE_LASER_WELD_TBDN_4,Y,-18.549,-17.824,-0.725,,,,PL_LASER_WELD_PNT15 - CIR_6 / CS_CIR_6_TBDN
Distance,DISTANCE_LASER_WELD_TBDN_5,Y,-18.503,-17.824,-0.679,,,,PL_LASER_WELD_PNT22 - CIR_6 / CS_CIR_6_TBDN
Distance,DISTANCE_LASER_WELD_TBDN_6,Y,-18.397,-17.824,-0.573,,,,PL_LASER_WELD_PNT25 - CIR_6 / CS_CIR_6_TBDN
Distance,DISTANCE_LASER_WELD_TBDN_7,Y,-18.463,-17.824,-0.639,,,,PL_LASER_WELD_PNT31 - CIR_6 / CS_CIR_6_TBDN
Distance,DISTANCE_LASER_WELD_TBDN_8,Y,-18.516,-17.824,-0.692,,,,PL_LASER_WELD_PNT36 - CIR_6 / CS_CIR_6_TBDN
Flatness,FLAT_DATUM_R,FLTN,0.374,0.000,0.374,0.000,0.800,,PL_DATUM_R
Circle,CIR_39,DIAM,78.207,78.000,0.207,-0.250,0.250,,Criterion : Least Square (From 12 Pts On PL_DATUM_R) 
Circle,CIR_39,X,209.143,208.627,0.516,,,,
Circle,CIR_39,Y,111.141,111.446,-0.305,,,,
Circle,CIR_39,Z,94.583,95.355,-0.772,,,,
Pos. Tol.,POS_39,PTOL,1.955,0.000,1.955,1.131,4.631,,CIR_39(M)/NOMINAL(M) - CS_ABC_BF - C-Zone - XYZ - Nominal
Circle,CIR_40,Y,-40.982,-41.000,0.018,,,,Criterion : Least Square (From 6 Pts On PL_INS_40) 
Circle,CIR_40,Z,33.567,33.500,0.067,,,,
Pos. Tol.,POS_40,PTOL,0.138,0.000,0.138,0.000,0.500,,CIR_40/NOMINAL - CS_RPQ_BF - C-Zone - YZ - Nominal
Circle,CIR_41,Y,-41.015,-41.000,-0.015,,,,Criterion : Least Square (From 6 Pts On PL_INS_41) 
Circle,CIR_41,Z,-33.549,-33.500,-0.049,,,,
Pos. Tol.,POS_41,PTOL,0.103,0.000,0.103,0.000,0.500,,CIR_41/NOMINAL - CS_RPQ_BF - C-Zone - YZ - Nominal
Circle,CIR_42,Y,41.036,41.000,0.036,,,,Criterion : Least Square (From 6 Pts On PL_INS_42) 
Circle,CIR_42,Z,-33.468,-33.500,0.032,,,,
Pos. Tol.,POS_42,PTOL,0.097,0.000,0.097,0.000,0.500,,CIR_42/NOMINAL - CS_RPQ_BF - C-Zone - YZ - Nominal
Circle,CIR_43,Y,40.961,41.000,-0.039,,,,Criterion : Least Square (From 6 Pts On PL_INS_43) 
Circle,CIR_43,Z,33.451,33.500,-0.049,,,,
Pos. Tol.,POS_43,PTOL,0.126,0.000,0.126,0.000,0.500,,CIR_43/NOMINAL - CS_RPQ_BF - C-Zone - YZ - Nominal
Distance,H40,X,0.169,0.000,0.169,0.000,0.300,,CIR_40 - PL_PLAST_40 / CS_RPQ_BF
Distance,H41,X,0.120,0.000,0.120,0.000,0.300,,CIR_41 - PL_PLAST_41 / CS_RPQ_BF
Distance,H42,X,0.011,0.000,0.011,0.000,0.300,,CIR_42 - PL_PLAST_42 / CS_RPQ_BF
Distance,H43,X,0.003,0.000,0.003,0.000,0.300,,CIR_43 - PL_PLAST_43 / CS_RPQ_BF
Distance,DEPTH_40,X,-14.239,-14.000,-0.239,-0.500,0.200,,PT_BOTTOM_40 - PL_INS_40 / CS_RPQ_BF
Distance,DEPTH_41,X,-14.228,-14.000,-0.228,-0.500,0.200,,PT_BOTTOM_41 - PL_INS_41 / CS_RPQ_BF
Distance,DEPTH_42,X,-14.324,-14.000,-0.324,-0.500,0.200,,PT_BOTTOM_42 - PL_INS_42 / CS_RPQ_BF
Distance,DEPTH_43,X,-13.844,-14.000,0.156,-0.200,0.200,,PT_BOTTOM_43 - PL_INS_43 / CS_RPQ_BF
Distance,TB_WIDTH_1,D1,3.523,3.500,0.023,-0.100,0.100,,P_TB_IW.1 - P_TB_OW.1 / CS_RPQ_BF
Distance,TB_WIDTH_2,D1,3.585,3.500,0.085,-0.100,0.100,,P_TB_IW.2 - P_TB_OW.2 / CS_RPQ_BF
Distance,TB_WIDTH_3,D1,3.554,3.500,0.054,-0.100,0.100,,P_TB_IW.3 - P_TB_OW.3 / CS_RPQ_BF
Distance,TB_WIDTH_4,D1,3.524,3.500,0.024,-0.100,0.100,,P_TB_IW.4 - P_TB_OW.4 / CS_RPQ_BF
Distance,TB_WIDTH_5,D1,3.515,3.500,0.015,-0.100,0.100,,P_TB_IW.5 - P_TB_OW.5 / CS_RPQ_BF
Distance,TB_WIDTH_6,D1,3.581,3.500,0.081,-0.100,0.100,,P_TB_IW.6 - P_TB_OW.6 / CS_RPQ_BF
Distance,TB_DEPTH_1,X,5.107,5.000,0.107,-0.250,0.250,,P_TB_TOP.1 - P_TB_BOTTOM.1 / CS_RPQ_BF
Distance,TB_DEPTH_2,X,5.085,5.000,0.085,-0.250,0.250,,P_TB_TOP.2 - P_TB_BOTTOM.2 / CS_RPQ_BF
Distance,TB_DEPTH_3,X,5.126,5.000,0.126,-0.250,0.250,,P_TB_TOP.3 - P_TB_BOTTOM.3 / CS_RPQ_BF
Distance,TB_DEPTH_4,X,5.083,5.000,0.083,-0.250,0.250,,P_TB_TOP.4 - P_TB_BOTTOM.4 / CS_RPQ_BF
Distance,TB_DEPTH_5,X,5.007,5.000,0.007,-0.250,0.250,,P_TB_TOP.5 - P_TB_BOTTOM.5 / CS_RPQ_BF
Distance,TB_DEPTH_6,X,5.070,5.000,0.070,-0.250,0.250,,P_TB_TOP.6 - P_TB_BOTTOM.6 / CS_RPQ_BF
Distance,WIDTH_1_OP1,D1,3.458,3.500,-0.042,-0.150,0.150,,PNT_OW_1_OP1 - PNT_IW_1_OP1 / CS_BF_OP1
Distance,WIDTH_2_OP1,D1,3.570,3.500,0.070,-0.150,0.150,,PNT_OW_2_OP1 - PNT_IW_2_OP1 / CS_BF_OP1
Distance,WIDTH_3_OP1,D1,3.482,3.500,-0.018,-0.150,0.150,,PNT_OW_3_OP1 - PNT_IW_3_OP1 / CS_BF_OP1
Distance,WIDTH_4_OP1,D1,3.400,3.500,-0.100,-0.150,0.150,,PNT_OW_4_OP1 - PNT_IW_4_OP1 / CS_BF_OP1
Distance,DEPTH_1_OP1,Z,4.908,5.000,-0.092,-0.250,0.250,,PNT_TOP_1_OP1 - PNT_DP_1_OP1 / CS_BF_OP1
Distance,DEPTH_2_OP1,Z,4.968,5.000,-0.032,-0.250,0.250,,PNT_TOP_2_OP1 - PNT_DP_2_OP1 / CS_BF_OP1
Distance,DEPTH_3_OP1,Z,5.028,5.000,0.028,-0.250,0.250,,PNT_TOP_3_OP1 - PNT_DP_3_OP1 / CS_BF_OP1
Distance,DEPTH_4_OP1,Z,5.059,5.000,0.059,-0.250,0.250,,PNT_TOP_4_OP1 - PNT_DP_4_OP1 / CS_BF_OP1
Distance,WIDTH_1_OP2,D1,3.520,3.500,0.020,-0.150,0.150,,PNT_OW_1_OP2 - PNT_IW_1_OP2 / CS_BF_OP2
Distance,WIDTH_2_OP2,D1,3.480,3.500,-0.020,-0.150,0.150,,PNT_OW_2_OP2 - PNT_IW_2_OP2 / CS_BF_OP2
Distance,WIDTH_3_OP2,D1,3.424,3.500,-0.076,-0.150,0.150,,PNT_OW_3_OP2 - PNT_IW_3_OP2 / CS_BF_OP2
Distance,WIDTH_4_OP2,D1,3.446,3.500,-0.054,-0.150,0.150,,PNT_OW_4_OP2 - PNT_IW_4_OP2 / CS_BF_OP2
Distance,DEPTH_1_OP2,Z,4.948,5.000,-0.052,-0.250,0.250,,PNT_TOP_1_OP2 - PNT_DP_1_OP2 / CS_BF_OP2
Distance,DEPTH_2_OP2,Z,5.041,5.000,0.041,-0.250,0.250,,PNT_TOP_2_OP2 - PNT_DP_2_OP2 / CS_BF_OP2
Distance,DEPTH_3_OP2,Z,5.117,5.000,0.117,-0.250,0.250,,PNT_TOP_3_OP2 - PNT_DP_3_OP2 / CS_BF_OP2
Distance,DEPTH_4_OP2,Z,5.098,5.000,0.098,-0.250,0.250,,PNT_TOP_4_OP2 - PNT_DP_4_OP2 / CS_BF_OP2
Distance,WIDTH_1_OP3,D1,3.612,3.500,0.112,-0.150,0.150,,PNT_OW_1_OP3 - PNT_IW_1_OP3 / CS_BF_OP3
Distance,WIDTH_2_OP3,D1,3.597,3.500,0.097,-0.150,0.150,,PNT_OW_2_OP3 - PNT_IW_2_OP3 / CS_BF_OP3
Distance,WIDTH_3_OP3,D1,3.452,3.500,-0.048,-0.150,0.150,,PNT_OW_3_OP3 - PNT_IW_3_OP3 / CS_BF_OP3
Distance,WIDTH_4_OP3,D1,3.397,3.500,-0.103,-0.150,0.150,,PNT_OW_4_OP3 - PNT_IW_4_OP3 / CS_BF_OP3
Distance,DEPTH_1_OP3,Z,4.980,5.000,-0.020,-0.250,0.250,,PNT_TOP_1_OP3 - PNT_DP_1_OP3 / CS_BF_OP3
Distance,DEPTH_2_OP3,Z,5.095,5.000,0.095,-0.250,0.250,,PNT_TOP_2_OP3 - PNT_DP_2_OP3 / CS_BF_OP3
Distance,DEPTH_3_OP3,Z,5.072,5.000,0.072,-0.250,0.250,,PNT_TOP_3_OP3 - PNT_DP_3_OP3 / CS_BF_OP3
Distance,DEPTH_4_OP3,Z,5.105,5.000,0.105,-0.250,0.250,,PNT_TOP_4_OP3 - PNT_DP_4_OP3 / CS_BF_OP3
Distance,WIDTH_1_OP4,D1,3.567,3.500,0.067,-0.150,0.150,,PNT_OW_1_OP4 - PNT_IW_1_OP4 / CS_BF_OP4
Distance,WIDTH_2_OP4,D1,3.562,3.500,0.062,-0.150,0.150,,PNT_OW_2_OP4 - PNT_IW_2_OP4 / CS_BF_OP4
Distance,WIDTH_3_OP4,D1,3.468,3.500,-0.032,-0.150,0.150,,PNT_OW_3_OP4 - PNT_IW_3_OP4 / CS_BF_OP4
Distance,WIDTH_4_OP4,D1,3.522,3.500,0.022,-0.150,0.150,,PNT_OW_4_OP4 - PNT_IW_4_OP4 / CS_BF_OP4
Distance,DEPTH_1_OP4,Z,5.013,5.000,0.013,-0.250,0.250,,PNT_TOP_1_OP4 - PNT_DP_1_OP4 / CS_BF_OP4
Distance,DEPTH_2_OP4,Z,5.059,5.000,0.059,-0.250,0.250,,PNT_TOP_2_OP4 - PNT_DP_2_OP4 / CS_BF_OP4
Distance,DEPTH_3_OP4,Z,5.047,5.000,0.047,-0.250,0.250,,PNT_TOP_3_OP4 - PNT_DP_3_OP4 / CS_BF_OP4
Distance,DEPTH_4_OP4,Z,5.129,5.000,0.129,-0.250,0.250,,PNT_TOP_4_OP4 - PNT_DP_4_OP4 / CS_BF_OP4
Distance,WIDTH_1_OP5,D1,3.518,3.500,0.018,-0.150,0.150,,PNT_OW_1_OP5 - PNT_IW_1_OP5 / CS_BF_OP5
Distance,WIDTH_2_OP5,D1,3.417,3.500,-0.083,-0.150,0.150,,PNT_OW_2_OP5 - PNT_IW_2_OP5 / CS_BF_OP5
Distance,WIDTH_3_OP5,D1,3.509,3.500,0.009,-0.150,0.150,,PNT_OW_3_OP5 - PNT_IW_3_OP5 / CS_BF_OP5
Distance,WIDTH_4_OP5,D1,3.544,3.500,0.044,-0.150,0.150,,PNT_OW_4_OP5 - PNT_IW_4_OP5 / CS_BF_OP5
Distance,DEPTH_1_OP5,Z,4.901,5.000,-0.099,-0.250,0.250,,PNT_TOP_1_OP5 - PNT_DP_1_OP5 / CS_BF_OP5
Distance,DEPTH_2_OP5,Z,4.993,5.000,-0.007,-0.250,0.250,,PNT_TOP_2_OP5 - PNT_DP_2_OP5 / CS_BF_OP5
Distance,DEPTH_3_OP5,Z,5.088,5.000,0.088,-0.250,0.250,,PNT_TOP_3_OP5 - PNT_DP_3_OP5 / CS_BF_OP5
Distance,DEPTH_4_OP5,Z,5.064,5.000,0.064,-0.250,0.250,,PNT_TOP_4_OP5 - PNT_DP_4_OP5 / CS_BF_OP5
Distance,WIDTH_1_OP6,D1,3.634,3.500,0.134,-0.150,0.150,,PNT_OW_1_OP6 - PNT_IW_1_OP6 / CS_BF_OP6
Distance,WIDTH_2_OP6,D1,3.584,3.500,0.084,-0.150,0.150,,PNT_OW_2_OP6 - PNT_IW_2_OP6 / CS_BF_OP6
Distance,WIDTH_3_OP6,D1,3.444,3.500,-0.056,-0.150,0.150,,PNT_OW_3_OP6 - PNT_IW_3_OP6 / CS_BF_OP6
Distance,WIDTH_4_OP6,D1,3.437,3.500,-0.063,-0.150,0.150,,PNT_OW_4_OP6 - PNT_IW_4_OP6 / CS_BF_OP6
Distance,DEPTH_1_OP6,Z,4.997,5.000,-0.003,-0.250,0.250,,PNT_TOP_1_OP6 - PNT_DP_1_OP6 / CS_BF_OP6
Distance,DEPTH_2_OP6,Z,4.962,5.000,-0.038,-0.250,0.250,,PNT_TOP_2_OP6 - PNT_DP_2_OP6 / CS_BF_OP6
Distance,DEPTH_3_OP6,Z,5.141,5.000,0.141,-0.250,0.250,,PNT_TOP_3_OP6 - PNT_DP_3_OP6 / CS_BF_OP6
Distance,DEPTH_4_OP6,Z,5.136,5.000,0.136,-0.250,0.250,,PNT_TOP_4_OP6 - PNT_DP_4_OP6 / CS_BF_OP6
Distance,WIDTH_1_OP7,D1,3.437,3.500,-0.063,-0.150,0.150,,PNT_OW_1_OP7 - PNT_IW_1_OP7 / CS_BF_OP7
Distance,WIDTH_2_OP7,D1,3.391,3.500,-0.109,-0.150,0.150,,PNT_OW_2_OP7 - PNT_IW_2_OP7 / CS_BF_OP7
Distance,WIDTH_3_OP7,D1,3.489,3.500,-0.011,-0.150,0.150,,PNT_OW_3_OP7 - PNT_IW_3_OP7 / CS_BF_OP7
Distance,WIDTH_4_OP7,D1,3.519,3.500,0.019,-0.150,0.150,,PNT_OW_4_OP7 - PNT_IW_4_OP7 / CS_BF_OP7
Distance,DEPTH_1_OP7,Z,4.905,5.000,-0.095,-0.250,0.250,,PNT_TOP_1_OP7 - PNT_DP_1_OP7 / CS_BF_OP7
Distance,DEPTH_2_OP7,Z,5.073,5.000,0.073,-0.250,0.250,,PNT_TOP_2_OP7 - PNT_DP_2_OP7 / CS_BF_OP7
Distance,DEPTH_3_OP7,Z,5.126,5.000,0.126,-0.250,0.250,,PNT_TOP_3_OP7 - PNT_DP_3_OP7 / CS_BF_OP7
Distance,DEPTH_4_OP7,Z,5.141,5.000,0.141,-0.250,0.250,,PNT_TOP_4_OP7 - PNT_DP_4_OP7 / CS_BF_OP7
Distance,WIDTH_1_OP8,D1,3.464,3.500,-0.036,-0.150,0.150,,PNT_OW_1_OP8 - PNT_IW_1_OP8 / CS_BF_OP8
Distance,WIDTH_2_OP8,D1,3.490,3.500,-0.010,-0.150,0.150,,PNT_OW_2_OP8 - PNT_IW_2_OP8 / CS_BF_OP8
Distance,WIDTH_3_OP8,D1,3.453,3.500,-0.047,-0.150,0.150,,PNT_OW_3_OP8 - PNT_IW_3_OP8 / CS_BF_OP8
Distance,WIDTH_4_OP8,D1,3.481,3.500,-0.019,-0.150,0.150,,PNT_OW_4_OP8 - PNT_IW_4_OP8 / CS_BF_OP8
Distance,DEPTH_1_OP8,Z,4.996,5.000,-0.004,-0.250,0.250,,PNT_TOP_1_OP8 - PNT_DP_1_OP8 / CS_BF_OP8
Distance,DEPTH_2_OP8,Z,5.063,5.000,0.063,-0.250,0.250,,PNT_TOP_2_OP8 - PNT_DP_2_OP8 / CS_BF_OP8
Distance,DEPTH_3_OP8,Z,5.152,5.000,0.152,-0.250,0.250,,PNT_TOP_3_OP8 - PNT_DP_3_OP8 / CS_BF_OP8
Distance,DEPTH_4_OP8,Z,5.186,5.000,0.186,-0.250,0.250,,PNT_TOP_4_OP8 - PNT_DP_4_OP8 / CS_BF_OP8
Flatness,FLAT_DATUM_A,FLTN,0.645,0.000,0.645,0.000,0.700,,PL_DATUM_A
Circle,CIR_VACCUM_PIPETTE,DIAM,4.731,4.700,0.031,0.000,0.150,,
Distance,LONG_VACCUM_PIPETTE,D1,12.648,11.000,1.648,0.000,2.000,,PNT_BOTTOM_II - PL_PLAST_II / CS_TEMP_II1
