Feat. Type,Feat. Name,Value,Actual,Nominal,Dev.,Tol-,Tol+,Out of Tol.,Comment
Text/Value,VAR_PROGRAM,VAL,,,,,,,'N:\Metrolog XG\Programmes\Ford Transmission Pan 10R\Ford Transmission Pan 10R Complete (Module_51).gm2'
Text/Value,VAR_EVENEMENT,VAL,,,,,,,'PPAP'
Text/Value,VAR_COMMENTAIRES,VAL,,,,,,,'C2-13'
Text/Value,PROFILE_A,VAL,0.192504,0.000000,0.192504,0.000000,0.250000,,
Circle,CIR_1,DIAM,7.101,7.100,0.001,-0.050,0.050,,Criterion : Least Square (From 4 Pts On PL_FIXTURE) 
Circle,CIR_1,X,0.000,0.000,0.000,,,,
Circle,CIR_1,Z,0.000,0.000,0.000,,,,
Circle,CIR_2,DIAM,7.114,7.100,0.014,-0.050,0.050,,Criterion : Least Square (From 4 Pts On PL_FIXTURE) 
Circle,CIR_2,X,-80.149,-80.079,-0.071,,,,
Circle,CIR_2,Z,-2.761,-2.811,0.050,,,,
Circle,CIR_3,DIAM,7.113,7.100,0.013,-0.050,0.050,,Criterion : Least Square (From 4 Pts On PL_FIXTURE) 
Circle,CIR_3,X,-170.173,-170.079,-0.094,,,,
Circle,CIR_3,Z,-2.705,-2.811,0.106,,,,
Circle,CIR_4,DIAM,8.002,8.300,-0.298,-0.050,0.050,-0.248,Criterion : Least Square (From 4 Pts On PL_FIXTURE) 
Circle,CIR_4,X,-224.678,-224.499,-0.179,,,,
Circle,CIR_4,Z,-4.393,-4.571,0.178,,,,
Circle,CIR_5,DIAM,7.115,7.100,0.015,-0.050,0.050,,Criterion : Least Square (From 4 Pts On PL_FIXTURE) 
Circle,CIR_5,X,-249.704,-249.499,-0.205,,,,
Circle,CIR_5,Z,-1.523,-1.571,0.048,,,,
Circle,CIR_6,DIAM,7.113,7.100,0.013,-0.050,0.050,,Criterion : Least Square (From 4 Pts On PL_FIXTURE) 
Circle,CIR_6,X,-273.094,-272.679,-0.415,,,,
Circle,CIR_6,Z,78.235,78.140,0.096,,,,
Circle,CIR_7,DIAM,7.108,7.100,0.008,-0.050,0.050,,Criterion : Least Square (From 4 Pts On PL_FIXTURE) 
Circle,CIR_7,X,-273.031,-272.679,-0.353,,,,
Circle,CIR_7,Z,157.154,157.140,0.015,,,,
Circle,CIR_8,DIAM,7.112,7.100,0.012,-0.050,0.050,,Criterion : Least Square (From 4 Pts On PL_FIXTURE) 
Circle,CIR_8,X,-272.920,-272.679,-0.242,,,,
Circle,CIR_8,Z,236.122,236.140,-0.018,,,,
Circle,CIR_9,DIAM,7.113,7.100,0.013,-0.050,0.050,,Criterion : Least Square (From 4 Pts On PL_FIXTURE) 
Circle,CIR_9,X,-272.776,-272.679,-0.097,,,,
Circle,CIR_9,Z,315.144,315.140,0.004,,,,
Circle,CIR_10,DIAM,7.112,7.100,0.012,-0.050,0.050,,Criterion : Least Square (From 4 Pts On PL_FIXTURE) 
Circle,CIR_10,X,-272.583,-272.679,0.096,,,,
Circle,CIR_10,Z,394.089,394.140,-0.051,,,,
Circle,CIR_11,DIAM,7.113,7.100,0.013,-0.050,0.050,,Criterion : Least Square (From 4 Pts On PL_FIXTURE) 
Circle,CIR_11,X,-254.613,-254.552,-0.061,,,,
Circle,CIR_11,Z,463.623,463.580,0.043,,,,
Circle,CIR_12,DIAM,7.117,7.100,0.017,-0.050,0.050,,Criterion : Least Square (From 4 Pts On PL_FIXTURE) 
Circle,CIR_12,X,-166.995,-166.879,-0.117,,,,
Circle,CIR_12,Z,474.607,474.589,0.018,,,,
Circle,CIR_13,DIAM,7.111,7.100,0.011,-0.050,0.050,,Criterion : Least Square (From 4 Pts On PL_FIXTURE) 
Circle,CIR_13,X,-79.310,-79.279,-0.031,,,,
Circle,CIR_13,Z,474.730,474.589,0.140,,,,
Circle,CIR_14,DIAM,8.092,8.300,-0.208,-0.050,0.050,-0.158,Criterion : Least Square (From 4 Pts On PL_FIXTURE) 
Circle,CIR_14,X,-19.654,-19.499,-0.155,,,,
Circle,CIR_14,Z,473.284,473.429,-0.145,,,,
Circle,CIR_15,DIAM,7.111,7.100,0.011,-0.050,0.050,,Criterion : Least Square (From 4 Pts On PL_FIXTURE) 
Circle,CIR_15,X,8.192,8.321,-0.129,,,,
Circle,CIR_15,Z,470.629,470.589,0.040,,,,
Circle,CIR_16,DIAM,7.114,7.100,0.014,-0.050,0.050,,Criterion : Least Square (From 4 Pts On PL_FIXTURE) 
Circle,CIR_16,X,17.264,17.321,-0.057,,,,
Circle,CIR_16,Z,387.439,387.439,-0.000,,,,
Circle,CIR_17,DIAM,7.116,7.100,0.016,-0.050,0.050,,Criterion : Least Square (From 4 Pts On PL_FIXTURE) 
Circle,CIR_17,X,17.586,17.321,0.264,,,,
Circle,CIR_17,Z,304.248,304.239,0.008,,,,
Circle,CIR_18,DIAM,7.112,7.100,0.012,-0.050,0.050,,Criterion : Least Square (From 4 Pts On PL_FIXTURE) 
Circle,CIR_18,X,17.535,17.321,0.214,,,,
Circle,CIR_18,Z,227.977,228.000,-0.023,,,,
Circle,CIR_19,DIAM,7.116,7.100,0.016,-0.050,0.050,,Criterion : Least Square (From 4 Pts On PL_FIXTURE) 
Circle,CIR_19,X,17.821,17.321,0.499,,,,
Circle,CIR_19,Z,151.951,152.000,-0.049,,,,
Circle,CIR_20,DIAM,7.116,7.100,0.016,-0.050,0.050,,Criterion : Least Square (From 4 Pts On PL_FIXTURE) 
Circle,CIR_20,X,17.675,17.321,0.353,,,,
Circle,CIR_20,Z,76.063,76.000,0.063,,,,
Pos. Tol.,POS_1,PTOL,0.000,0.000,0.000,0.000,0.800,,CIR_1/NOMINAL - CS_ABC - C-Zone - XZ - Nominal
Pos. Tol.,POS_2,PTOL,0.173,0.000,0.173,0.000,0.800,,CIR_2/NOMINAL - CS_ABC - C-Zone - XZ - Nominal
Pos. Tol.,POS_3,PTOL,0.283,0.000,0.283,0.000,0.800,,CIR_3/NOMINAL - CS_ABC - C-Zone - XZ - Nominal
Pos. Tol.,POS_4,PTOL,0.505,0.000,0.505,0.000,0.800,,CIR_4/NOMINAL - CS_ABC - C-Zone - XZ - Nominal
Pos. Tol.,POS_5,PTOL,0.421,0.000,0.421,0.000,0.800,,CIR_5/NOMINAL - CS_ABC - C-Zone - XZ - Nominal
Pos. Tol.,POS_6,PTOL,0.852,0.000,0.852,0.000,0.800,0.052,CIR_6/NOMINAL - CS_ABC - C-Zone - XZ - Nominal
Pos. Tol.,POS_7,PTOL,0.706,0.000,0.706,0.000,0.800,,CIR_7/NOMINAL - CS_ABC - C-Zone - XZ - Nominal
Pos. Tol.,POS_8,PTOL,0.485,0.000,0.485,0.000,0.800,,CIR_8/NOMINAL - CS_ABC - C-Zone - XZ - Nominal
Pos. Tol.,POS_9,PTOL,0.194,0.000,0.194,0.000,0.800,,CIR_9/NOMINAL - CS_ABC - C-Zone - XZ - Nominal
Pos. Tol.,POS_10,PTOL,0.217,0.000,0.217,0.000,0.800,,CIR_10/NOMINAL - CS_ABC - C-Zone - XZ - Nominal
Pos. Tol.,POS_11,PTOL,0.149,0.000,0.149,0.000,0.800,,CIR_11/NOMINAL - CS_ABC - C-Zone - XZ - Nominal
Pos. Tol.,POS_12,PTOL,0.236,0.000,0.236,0.000,0.800,,CIR_12/NOMINAL - CS_ABC - C-Zone - XZ - Nominal
Pos. Tol.,POS_13,PTOL,0.288,0.000,0.288,0.000,0.800,,CIR_13/NOMINAL - CS_ABC - C-Zone - XZ - Nominal
Pos. Tol.,POS_14,PTOL,0.424,0.000,0.424,0.000,0.800,,CIR_14/NOMINAL - CS_ABC - C-Zone - XZ - Nominal
Pos. Tol.,POS_15,PTOL,0.270,0.000,0.270,0.000,0.800,,CIR_15/NOMINAL - CS_ABC - C-Zone - XZ - Nominal
Pos. Tol.,POS_16,PTOL,0.114,0.000,0.114,0.000,0.800,,CIR_16/NOMINAL - CS_ABC - C-Zone - XZ - Nominal
Pos. Tol.,POS_17,PTOL,0.529,0.000,0.529,0.000,0.800,,CIR_17/NOMINAL - CS_ABC - C-Zone - XZ - Nominal
Pos. Tol.,POS_18,PTOL,0.430,0.000,0.430,0.000,0.800,,CIR_18/NOMINAL - CS_ABC - C-Zone - XZ - Nominal
Pos. Tol.,POS_19,PTOL,1.003,0.000,1.003,0.000,0.800,0.203,CIR_19/NOMINAL - CS_ABC - C-Zone - XZ - Nominal
Pos. Tol.,POS_20,PTOL,0.718,0.000,0.718,0.000,0.800,,CIR_20/NOMINAL - CS_ABC - C-Zone - XZ - Nominal
Perpend.,PERP_B,PERP,0.009,0.000,0.009,0.000,0.130,,CYL_B/PL_FIXTURE - C-Zone - Cloud of Points 
Profile of Line,PROFILE_INSIDE_PAN_AT_GAGE,PRFL,1.998,0.000,1.998,0.000,3.000,,SECTION_INSIDE_2.5MM
