Feat. Type,Feat. Name,Value,Actual,Nominal,Dev.,Tol-,Tol+,Out of Tol.,Comment
Text/Value,VAR_PROGRAM,VAL,,,,,,,'N:\Metrolog XG\Programmes\Corvette LT1\Corvette LT1 Complete (Module 51).gm2'
Text/Value,VAR_EVENEMENT,VAL,,,,,,,'Smed upper 2e essaie'
Text/Value,VAR_COMMENTAIRES,VAL,,,,,,,'336A'
Angle,ANGLE_DATUM_A,3D,32.048,32.000,0.048,,,,PL_TOP_OP1_OP2_OP3_OP4 - ZX-PLANE / CS_A-BC_BF_SURFACE
Angle,ANGLE_DATUM_B,3D,31.875,32.000,-0.125,,,,PL_TOP_OP5_OP6_OP7_OP8 - ZX-PLANE / CS_A-BC_BF_SURFACE
Angle,ANGLE_25,3D,7.574,,,,,,LINE_25 - X-AXIS / CS_A-BC_BF_SURFACE_ROT
Angle,ANGLE_TBA,3D,18.318,18.000,0.318,,,,PL_DATUM_D - ZX-PLANE / CS_A-BC_BF_SURFACE_ROT
Circle,CIR1,DIAM,12.936,12.912,0.024,-0.150,0.400,,From 4 Pts On PL_CIR_1
Circle,CIR1,X,-151.680,-151.990,0.310,,,,
Circle,CIR1,Y,-157.520,-158.070,0.550,,,,
Circle,CIR2,DIAM,12.911,12.912,-0.001,-0.150,0.400,,From 4 Pts On PL_CIR_2
Circle,CIR2,X,-151.532,-151.990,0.458,,,,
Circle,CIR2,Y,-46.265,-46.310,0.045,,,,
Circle,CIR3,DIAM,12.923,12.912,0.011,-0.150,0.400,,From 4 Pts On PL_CIR_3
Circle,CIR3,X,-151.095,-151.990,0.895,,,,
Circle,CIR3,Y,65.547,65.450,0.097,,,,
Circle,CIR4,DIAM,12.934,12.912,0.022,-0.150,0.400,,From 4 Pts On PL_CIR_4
Circle,CIR4,X,-151.131,-151.990,0.859,,,,
Circle,CIR4,Y,177.219,177.210,0.009,,,,
Circle,CIR5,DIAM,12.871,12.912,-0.040,-0.150,0.400,,From 4 Pts On PL_CIR_5
Circle,CIR5,X,-151.497,-151.990,0.493,,,,
Circle,CIR5,Y,248.545,248.730,-0.185,,,,
Circle,CIR6,DIAM,12.901,12.912,-0.011,-0.150,0.400,,From 4 Pts On PL_CIR_6
Circle,CIR6,X,151.936,151.990,-0.054,,,,
Circle,CIR6,Y,222.966,223.520,-0.554,,,,
Circle,CIR7,DIAM,12.920,12.912,0.008,-0.150,0.400,,From 4 Pts On PL_CIR_7
Circle,CIR7,X,151.623,151.990,-0.367,,,,
Circle,CIR7,Y,111.673,111.760,-0.087,,,,
Circle,CIR8,DIAM,12.888,12.912,-0.023,-0.150,0.400,,From 4 Pts On PL_CIR_8
Circle,CIR8,X,152.116,151.990,0.126,,,,
Circle,CIR8,Y,0.229,-0.000,0.229,,,,
Circle,CIR9,DIAM,12.924,12.912,0.012,-0.150,0.400,,From 4 Pts On PL_CIR_9
Circle,CIR9,X,151.938,151.990,-0.052,,,,
Circle,CIR9,Y,-111.408,-111.760,0.352,,,,
Circle,CIR10,DIAM,12.911,12.912,-0.001,-0.150,0.400,,From 4 Pts On PL_CIR_10
Circle,CIR10,X,152.196,151.990,0.206,,,,
Circle,CIR10,Y,-182.794,-183.280,0.486,,,,
Circle,CIR_11,X,161.224,161.000,0.224,,,,Criterion : Least Square (From 6 Pts On PL_INS_11) 
Circle,CIR_11,Y,-147.303,-147.520,0.217,,,,
Circle,CIR_12,X,161.343,161.000,0.343,,,,Criterion : Least Square (From 6 Pts On PL_INS_12) 
Circle,CIR_12,Y,88.120,88.000,0.120,,,,
Circle,CIR_13,X,-160.739,-161.000,0.261,,,,Criterion : Least Square (From 6 Pts On PL_INS_13) 
Circle,CIR_13,Y,101.292,101.210,0.082,,,,
Circle,CIR_14,X,-161.145,-161.000,-0.145,,,,Criterion : Least Square (From 6 Pts On PL_INS_14) 
Circle,CIR_14,Y,-122.137,-122.310,0.173,,,,
Circle,CIR_15,DIAM,12.133,12.050,0.083,-0.080,0.130,,Criterion : Least Square (From 12 Pts On PL_PLAST_15) 
Circle,CIR_15,X,137.720,137.000,0.720,,,,
Circle,CIR_15,Y,43.766,43.620,0.146,,,,
Circle,CIR_15,Z,175.470,175.490,-0.020,,,,
Circle,CIR_16,DIAM,4.863,4.800,0.063,-0.250,0.250,,Criterion : Least Square (From 6 Pts On PL_PLAST_15) 
Circle,CIR_16,X,-0.000,0.000,0.000,,,,
Circle,CIR_16,Y,-17.463,-17.530,0.067,,,,
Circle,CIR_16,Z,-0.028,0.000,-0.028,,,,
Circle,CIR_17_2,DIAM,17.027,17.000,0.027,-0.050,0.050,,Criterion : Least Square (From 12 Pts On PL_17) 
Circle,CIR_19,DIAM,88.053,87.989,0.065,,,,Criterion : Least Square (From 12 Pts On PL_DATUM_D) 
Circle,CIR_19,X,0.826,-0.000,0.826,,,,
Circle,CIR_19,Y,-225.173,-225.090,-0.083,,,,
Circle,CIR_19,Z,215.458,215.810,-0.352,,,,
Circle,CIR_20,X,52.990,52.000,0.990,,,,Criterion : Least Square (From 6 Pts On PL_INS_20) 
Circle,CIR_20,Y,-225.305,-225.790,0.485,,,,
Circle,CIR_20,Z,249.991,250.810,-0.819,,,,
Circle,CIR_21,X,52.740,52.000,0.740,,,,Criterion : Least Square (From 6 Pts On PL_INS_21) 
Circle,CIR_21,Y,-224.934,-225.340,0.405,,,,
Circle,CIR_21,Z,180.306,180.810,-0.504,,,,
Circle,CIR_22,X,-51.401,-52.000,0.599,,,,Criterion : Least Square (From 6 Pts On PL_INS_22) 
Circle,CIR_22,Y,-225.019,-225.790,0.771,,,,
Circle,CIR_22,Z,180.997,180.810,0.187,,,,
Circle,CIR_23,X,-50.903,-52.000,1.097,,,,Criterion : Least Square (From 6 Pts On PL_INS_23) 
Circle,CIR_23,Y,-225.438,-225.577,0.139,,,,
Circle,CIR_23,Z,250.525,250.810,-0.285,,,,
Circle,2D_CIR_19,X,0.000,0.000,0.000,-0.050,0.050,,
Circle,2D_CIR_19,Z,0.000,0.000,0.000,-0.050,0.050,,
Circle,2D_CIR_20,X,51.935,52.000,-0.065,,,,
Circle,2D_CIR_20,Z,34.835,35.000,-0.165,,,,
Circle,2D_CIR_21,X,52.084,52.000,0.084,,,,
Circle,2D_CIR_21,Z,-34.851,-35.000,0.149,,,,
Circle,2D_CIR_22,X,-52.059,-52.000,-0.059,,,,
Circle,2D_CIR_22,Z,-34.757,-35.000,0.243,,,,
Circle,2D_CIR_23,X,-51.960,-52.000,0.040,,,,
Circle,2D_CIR_23,Z,34.774,35.000,-0.226,,,,
Circle,CIR_25_GAGE_6,DIAM,12.130,12.170,-0.040,-0.120,0.080,,Criterion : Least Square (From 12 Pts On PL_PLAST_25_26) 
Circle,CIR_25_GAGE_6,X,-61.878,-63.396,1.517,,,,
Circle,CIR_25_GAGE_6,Y,-214.223,-214.658,0.435,,,,
Circle,CIR_25_GAGE_6,Z,155.505,155.214,0.292,,,,
Circle,CIR_26,X,0.390,0.000,0.390,,,,Criterion : Least Square (From 6 Pts On PL_INS_26) 
Circle,CIR_26,Y,0.000,0.000,0.000,,,,
Circle,CIR_26,Z,-23.295,-23.500,0.205,,,,
Circle,CIR_18,DIAM,9.880,9.890,-0.010,-0.085,0.085,,Inters. PL_18 - CYL_18.
Circle,CIR_18,X,113.159,112.500,0.659,,,,
Circle,CIR_18,Y,-258.642,-258.800,0.158,,,,
Circle,CIR_18,Z,160.568,160.500,0.068,,,,
Distance,DIAM_C,D1,8.824,8.860,-0.036,-0.150,0.150,,SRF_C_TOP - SRF_C_LOW / CS_A-BC_BF_SURFACE
Distance,H_11,Z,0.240,0.000,0.240,0.000,0.500,,CIR_11 - PL_PLAST_11 / CS_CIR_11
Distance,H_12,Z,0.161,0.000,0.161,0.000,0.500,,CIR_12 - PL_PLAST_12 / CS_CIR_12
Distance,H_13,Z,0.328,0.000,0.328,0.000,0.500,,CIR_13 - PL_PLAST_13 / CS_CIR_13
Distance,H_14,Z,0.190,0.000,0.190,0.000,0.500,,CIR_14 - PL_PLAST_14 / CS_CIR_14
Distance,H_20,Y,0.140,0.000,0.140,0.000,0.500,,CIR_20 - PL_PLAST_20 / CS_DE_BF_ROT
Distance,H_21,Y,0.192,0.000,0.192,0.000,0.500,,CIR_21 - PL_PLAST_21 / CS_DE_BF_ROT
Distance,H_22,Y,0.270,0.000,0.270,0.000,0.500,,CIR_22 - PL_PLAST_22 / CS_DE_BF_ROT
Distance,H_23,Y,0.194,0.000,0.194,0.000,0.500,,CIR_23 - PL_PLAST_23 / CS_DE_BF_ROT
Distance,H_26,X,0.388,0.000,0.388,0.000,0.500,,CIR_26 - PL_PLAST_25_26 / CS_H_ROT_180
Distance,OP1_DEPTH_1,D1,4.978,5.000,-0.022,-0.300,0.300,,PL_DATUM_K - OP1_PT1_DEPTH / CS_BF_OP1
Distance,OP1_DEPTH_2,D1,4.948,5.000,-0.052,-0.300,0.300,,PL_DATUM_K - OP1_PT2_DEPTH / CS_BF_OP1
Distance,OP1_DEPTH_3,D1,4.939,5.000,-0.061,-0.300,0.300,,PL_DATUM_K - OP1_PT3_DEPTH / CS_BF_OP1
Distance,OP1_DEPTH_4,D1,5.010,5.000,0.010,-0.300,0.300,,PL_DATUM_K - OP1_PT4_DEPTH / CS_BF_OP1
Distance,OP1_DEPTH_5,D1,5.183,5.000,0.183,-0.300,0.300,,PL_DATUM_K - OP1_PT5_DEPTH / CS_BF_OP1
Distance,OP1_DEPTH_6,D1,5.196,5.000,0.196,-0.300,0.300,,PL_DATUM_K - OP1_PT6_DEPTH / CS_BF_OP1
Distance,OP1_DEPTH_7,D1,5.125,5.000,0.125,-0.300,0.300,,PL_DATUM_K - OP1_PT7_DEPTH / CS_BF_OP1
Distance,OP1_DEPTH_8,D1,5.007,5.000,0.007,-0.300,0.300,,PL_DATUM_K - OP1_PT8_DEPTH / CS_BF_OP1
Distance,OP1_WIDTH_1,D1,2.948,2.900,0.048,-0.150,0.150,,OP1_PT1_OW_GAGE - OP1_PT1_IW_GAGE / CS_BF_OP1
Distance,OP1_WIDTH_2,D1,2.843,2.900,-0.057,-0.150,0.150,,OP1_PT2_OW_GAGE - OP1_PT2_IW_GAGE / CS_BF_OP1
Distance,OP1_WIDTH_3,D1,2.939,2.900,0.039,-0.150,0.150,,OP1_PT3_OW_GAGE - OP1_PT3_IW_GAGE / CS_BF_OP1
Distance,OP1_WIDTH_4,D1,2.828,2.900,-0.072,-0.150,0.150,,OP1_PT4_OW_GAGE - OP1_PT4_IW_GAGE / CS_BF_OP1
Distance,OP1_WIDTH_5,D1,2.949,2.900,0.049,-0.150,0.150,,OP1_PT5_OW_GAGE - OP1_PT5_IW_GAGE / CS_BF_OP1
Distance,OP1_WIDTH_6,D1,2.967,2.900,0.067,-0.150,0.150,,OP1_PT6_OW_GAGE - OP1_PT6_IW_GAGE / CS_BF_OP1
Distance,OP1_WIDTH_7,D1,2.742,2.900,-0.158,-0.200,0.150,,OP1_PT7_OW_GAGE - OP1_PT7_IW_GAGE / CS_BF_OP1
Distance,OP1_WIDTH_8,D1,2.991,2.900,0.091,-0.150,0.150,,OP1_PT8_OW_GAGE - OP1_PT8_IW_GAGE / CS_BF_OP1
Distance,OP2_DEPTH_1,D1,4.962,5.000,-0.038,-0.300,0.300,,PL_DATUM_K - OP2_PT1_DEPTH / CS_BF_OP2
Distance,OP2_DEPTH_2,D1,4.950,5.000,-0.050,-0.300,0.300,,PL_DATUM_K - OP2_PT2_DEPTH / CS_BF_OP2
Distance,OP2_DEPTH_3,D1,4.860,5.000,-0.140,-0.300,0.300,,PL_DATUM_K - OP2_PT3_DEPTH / CS_BF_OP2
Distance,OP2_DEPTH_4,D1,4.939,5.000,-0.061,-0.300,0.300,,PL_DATUM_K - OP2_PT4_DEPTH / CS_BF_OP2
Distance,OP2_DEPTH_5,D1,5.160,5.000,0.160,-0.300,0.300,,PL_DATUM_K - OP2_PT5_DEPTH / CS_BF_OP2
Distance,OP2_DEPTH_6,D1,5.127,5.000,0.127,-0.300,0.300,,PL_DATUM_K - OP2_PT6_DEPTH / CS_BF_OP2
Distance,OP2_DEPTH_7,D1,5.098,5.000,0.098,-0.300,0.300,,PL_DATUM_K - OP2_PT7_DEPTH / CS_BF_OP2
Distance,OP2_DEPTH_8,D1,5.120,5.000,0.120,-0.300,0.300,,PL_DATUM_K - OP2_PT8_DEPTH / CS_BF_OP2
Distance,OP2_WIDTH_1,D1,3.013,2.900,0.113,-0.150,0.150,,OP2_PT1_OW_GAGE - OP2_PT1_IW_GAGE / CS_BF_OP2
Distance,OP2_WIDTH_2,D1,2.969,2.900,0.069,-0.150,0.150,,OP2_PT2_OW_GAGE - OP2_PT2_IW_GAGE / CS_BF_OP2
Distance,OP2_WIDTH_3,D1,3.000,2.900,0.100,-0.150,0.150,,OP2_PT3_OW_GAGE - OP2_PT3_IW_GAGE_OFFSET / CS_BF_OP2
Distance,OP2_WIDTH_4,D1,2.997,2.900,0.097,-0.150,0.150,,OP2_PT4_OW_GAGE - OP2_PT4_IW_GAGE / CS_BF_OP2
Distance,OP2_WIDTH_5,D1,2.991,2.900,0.091,-0.150,0.150,,OP2_PT5_OW_GAGE - OP2_PT5_IW_GAGE / CS_BF_OP2
Distance,OP2_WIDTH_6,D1,2.923,2.900,0.023,-0.150,0.150,,OP2_PT6_OW_GAGE - OP2_PT6_IW_GAGE / CS_BF_OP2
Distance,OP2_WIDTH_7,D1,2.956,2.900,0.056,-0.150,0.150,,OP2_PT7_OW_GAGE - OP2_PT7_IW_GAGE / CS_BF_OP2
Distance,OP2_WIDTH_8,D1,2.979,2.900,0.079,-0.150,0.150,,OP2_PT8_OW_GAGE - OP2_PT8_IW_GAGE / CS_BF_OP2
Distance,OP3_DEPTH_1,D1,4.968,5.000,-0.032,-0.300,0.300,,PL_DATUM_K - OP3_PT1_DEPTH / CS_BF_OP3
Distance,OP3_DEPTH_2,D1,4.941,5.000,-0.059,-0.300,0.300,,PL_DATUM_K - OP3_PT2_DEPTH / CS_BF_OP3
Distance,OP3_DEPTH_3,D1,4.868,5.000,-0.132,-0.300,0.300,,PL_DATUM_K - OP3_PT3_DEPTH / CS_BF_OP3
Distance,OP3_DEPTH_4,D1,4.964,5.000,-0.036,-0.300,0.300,,PL_DATUM_K - OP3_PT4_DEPTH / CS_BF_OP3
Distance,OP3_DEPTH_5,D1,5.038,5.000,0.038,-0.300,0.300,,PL_DATUM_K - OP3_PT5_DEPTH / CS_BF_OP3
Distance,OP3_DEPTH_6,D1,5.052,5.000,0.052,-0.300,0.300,,PL_DATUM_K - OP3_PT6_DEPTH / CS_BF_OP3
Distance,OP3_DEPTH_7,D1,5.063,5.000,0.063,-0.300,0.300,,PL_DATUM_K - OP3_PT7_DEPTH / CS_BF_OP3
Distance,OP3_DEPTH_8,D1,5.080,5.000,0.080,-0.300,0.300,,PL_DATUM_K - OP3_PT8_DEPTH / CS_BF_OP3
Distance,OP3_WIDTH_1,D1,2.941,2.900,0.041,-0.150,0.150,,OP3_PT1_OW_GAGE - OP3_PT1_IW_GAGE / CS_BF_OP3
Distance,OP3_WIDTH_2,D1,2.940,2.900,0.040,-0.150,0.150,,OP3_PT2_OW_GAGE - OP3_PT2_IW_GAGE / CS_BF_OP3
Distance,OP3_WIDTH_3,D1,2.892,2.900,-0.008,-0.150,0.150,,OP3_PT3_OW_GAGE - OP3_PT3_IW_GAGE / CS_BF_OP3
Distance,OP3_WIDTH_4,D1,2.988,2.900,0.088,-0.150,0.150,,OP3_PT4_OW_GAGE - OP3_PT4_IW_GAGE / CS_BF_OP3
Distance,OP3_WIDTH_5,D1,2.893,2.900,-0.007,-0.150,0.150,,OP3_PT5_OW_GAGE - OP3_PT5_IW_GAGE / CS_BF_OP3
Distance,OP3_WIDTH_6,D1,2.975,2.900,0.075,-0.150,0.150,,OP3_PT6_OW_GAGE - OP3_PT6_IW_GAGE / CS_BF_OP3
Distance,OP3_WIDTH_7,D1,2.932,2.900,0.032,-0.150,0.150,,OP3_PT7_OW_GAGE - OP3_PT7_IW_GAGE / CS_BF_OP3
Distance,OP3_WIDTH_8,D1,2.904,2.900,0.004,-0.150,0.150,,OP3_PT8_OW_GAGE - OP3_PT8_IW_GAGE / CS_BF_OP3
Distance,OP4_DEPTH_1,D1,4.999,5.000,-0.001,-0.300,0.300,,PL_DATUM_K - OP4_PT1_DEPTH / CS_BF_OP4
Distance,OP4_DEPTH_2,D1,5.025,5.000,0.025,-0.300,0.300,,PL_DATUM_K - OP4_PT2_DEPTH / CS_BF_OP4
Distance,OP4_DEPTH_3,D1,5.041,5.000,0.041,-0.300,0.300,,PL_DATUM_K - OP4_PT3_DEPTH / CS_BF_OP4
Distance,OP4_DEPTH_5,D1,5.083,5.000,0.083,-0.300,0.300,,PL_DATUM_K - OP4_PT5_DEPTH / CS_BF_OP4
Distance,OP4_DEPTH_6,D1,5.028,5.000,0.028,-0.300,0.300,,PL_DATUM_K - OP4_PT6_DEPTH / CS_BF_OP4
Distance,OP4_DEPTH_7,D1,5.016,5.000,0.016,-0.300,0.300,,PL_DATUM_K - OP4_PT7_DEPTH / CS_BF_OP4
Distance,OP4_DEPTH_8,D1,5.059,5.000,0.059,-0.300,0.300,,PL_DATUM_K - OP4_PT8_DEPTH / CS_BF_OP4
Distance,OP4_WIDTH_1,D1,2.937,2.900,0.037,-0.150,0.150,,OP4_PT1_OW_GAGE - OP4_PT1_IW_GAGE / CS_BF_OP4
Distance,OP4_WIDTH_2,D1,2.894,2.900,-0.006,-0.150,0.150,,OP4_PT2_OW_GAGE - OP4_PT2_IW_GAGE / CS_BF_OP4
Distance,OP4_WIDTH_3,D1,3.032,2.900,0.132,-0.150,0.150,,OP4_PT3_OW_GAGE - OP4_PT3_IW_GAGE / CS_BF_OP4
Distance,OP4_WIDTH_5,D1,2.895,2.900,-0.005,-0.150,0.150,,OP4_PT5_OW_GAGE - OP4_PT5_IW_GAGE / CS_BF_OP4
Distance,OP4_WIDTH_6,D1,2.884,2.900,-0.016,-0.150,0.150,,OP4_PT6_OW_GAGE - OP4_PT6_IW_GAGE / CS_BF_OP4
Distance,OP4_WIDTH_7,D1,2.916,2.900,0.016,-0.150,0.150,,OP4_PT7_OW_GAGE - OP4_PT7_IW_GAGE / CS_BF_OP4
Distance,OP4_WIDTH_8,D1,2.955,2.900,0.055,-0.150,0.150,,OP4_PT8_OW_GAGE - OP4_PT8_IW_GAGE / CS_BF_OP4
Distance,OP5_DEPTH_1,D1,5.024,5.000,0.024,-0.300,0.300,,PL_DATUM_J - OP5_PT1_DEPTH / CS_BF_OP5
Distance,OP5_DEPTH_2,D1,4.993,5.000,-0.007,-0.300,0.300,,PL_DATUM_J - OP5_PT2_DEPTH / CS_BF_OP5
Distance,OP5_DEPTH_3,D1,4.967,5.000,-0.033,-0.300,0.300,,PL_DATUM_J - OP5_PT3_DEPTH / CS_BF_OP5
Distance,OP5_DEPTH_4,D1,5.022,5.000,0.022,-0.300,0.300,,PL_DATUM_J - OP5_PT4_DEPTH / CS_BF_OP5
Distance,OP5_DEPTH_5,D1,5.133,5.000,0.133,-0.300,0.300,,PL_DATUM_J - OP5_PT5_DEPTH / CS_BF_OP5
Distance,OP5_DEPTH_6,D1,5.075,5.000,0.075,-0.300,0.300,,PL_DATUM_J - OP5_PT6_DEPTH / CS_BF_OP5
Distance,OP5_DEPTH_7,D1,5.006,5.000,0.006,-0.300,0.300,,PL_DATUM_J - OP5_PT7_DEPTH / CS_BF_OP5
Distance,OP5_DEPTH_8,D1,4.963,5.000,-0.037,-0.300,0.300,,PL_DATUM_J - OP5_PT8_DEPTH / CS_BF_OP5
Distance,OP5_WIDTH_1,D1,3.068,2.900,0.168,-0.150,0.200,,OP5_PT1_OW_GAGE - OP5_PT1_IW_GAGE / CS_BF_OP5
Distance,OP5_WIDTH_2,D1,2.863,2.900,-0.037,-0.150,0.150,,OP5_PT2_OW_GAGE - OP5_PT2_IW_GAGE / CS_BF_OP5
Distance,OP5_WIDTH_3,D1,2.904,2.900,0.004,-0.150,0.150,,OP5_PT3_OW_GAGE - OP5_PT3_IW_GAGE / CS_BF_OP5
Distance,OP5_WIDTH_4,D1,2.873,2.900,-0.027,-0.150,0.150,,OP5_PT4_OW_GAGE - OP5_PT4_IW_GAGE / CS_BF_OP5
Distance,OP5_WIDTH_5,D1,2.923,2.900,0.023,-0.150,0.150,,OP5_PT5_OW_GAGE - OP5_PT5_IW_GAGE / CS_BF_OP5
Distance,OP5_WIDTH_6,D1,2.966,2.900,0.066,-0.150,0.150,,OP5_PT6_OW_GAGE - OP5_PT6_IW_GAGE / CS_BF_OP5
Distance,OP5_WIDTH_7,D1,2.934,2.900,0.034,-0.150,0.150,,OP5_PT7_OW_GAGE - OP5_PT7_IW_GAGE / CS_BF_OP5
Distance,OP5_WIDTH_8,D1,2.998,2.900,0.098,-0.150,0.150,,OP5_PT8_OW_GAGE - OP5_PT8_IW_GAGE / CS_BF_OP5
Distance,OP6_DEPTH_1,D1,5.088,5.000,0.088,-0.300,0.300,,PL_DATUM_J - OP6_PT1_DEPTH / CS_BF_OP6
Distance,OP6_DEPTH_2,D1,5.069,5.000,0.069,-0.300,0.300,,PL_DATUM_J - OP6_PT2_DEPTH / CS_BF_OP6
Distance,OP6_DEPTH_3,D1,5.013,5.000,0.013,-0.300,0.300,,PL_DATUM_J - OP6_PT3_DEPTH / CS_BF_OP6
Distance,OP6_DEPTH_4,D1,4.942,5.000,-0.058,-0.300,0.300,,PL_DATUM_J - OP6_PT4_DEPTH / CS_BF_OP6
Distance,OP6_DEPTH_5,D1,4.964,5.000,-0.036,-0.300,0.300,,PL_DATUM_J - OP6_PT5_DEPTH / CS_BF_OP6
Distance,OP6_DEPTH_6,D1,4.956,5.000,-0.044,-0.300,0.300,,PL_DATUM_J - OP6_PT6_DEPTH / CS_BF_OP6
Distance,OP6_DEPTH_7,D1,4.982,5.000,-0.018,-0.300,0.300,,PL_DATUM_J - OP6_PT7_DEPTH / CS_BF_OP6
Distance,OP6_DEPTH_8,D1,4.965,5.000,-0.035,-0.300,0.300,,PL_DATUM_J - OP6_PT8_DEPTH / CS_BF_OP6
Distance,OP6_WIDTH_1,D1,2.986,2.900,0.086,-0.150,0.150,,OP6_PT1_OW_GAGE - OP6_PT1_IW_GAGE / CS_BF_OP6
Distance,OP6_WIDTH_2,D1,2.904,2.900,0.004,-0.150,0.150,,OP6_PT2_OW_GAGE - OP6_PT2_IW_GAGE / CS_BF_OP6
Distance,OP6_WIDTH_3,D1,3.051,2.900,0.151,-0.150,0.200,,OP6_PT3_OW_GAGE - OP6_PT3_IW_GAGE / CS_BF_OP6
Distance,OP6_WIDTH_4,D1,2.967,2.900,0.067,-0.150,0.150,,OP6_PT4_OW_GAGE - OP6_PT4_IW_GAGE / CS_BF_OP6
Distance,OP6_WIDTH_5,D1,3.037,2.900,0.137,-0.150,0.200,,OP6_PT5_OW_GAGE - OP6_PT5_IW_GAGE / CS_BF_OP6
Distance,OP6_WIDTH_6,D1,2.964,2.900,0.064,-0.150,0.150,,OP6_PT6_OW_GAGE - OP6_PT6_IW_GAGE / CS_BF_OP6
Distance,OP6_WIDTH_7,D1,3.015,2.900,0.115,-0.150,0.150,,OP6_PT7_OW_GAGE - OP6_PT7_IW_GAGE / CS_BF_OP6
Distance,OP6_WIDTH_8,D1,3.030,2.900,0.130,-0.150,0.150,,OP6_PT8_OW_GAGE - OP6_PT8_IW_GAGE / CS_BF_OP6
Distance,OP7_DEPTH_1,D1,4.964,5.000,-0.036,-0.300,0.300,,PL_DATUM_J - OP7_PT1_DEPTH / CS_BF_OP7
Distance,OP7_DEPTH_2,D1,5.004,5.000,0.004,-0.300,0.300,,PL_DATUM_J - OP7_PT2_DEPTH / CS_BF_OP7
Distance,OP7_DEPTH_3,D1,4.941,5.000,-0.059,-0.300,0.300,,PL_DATUM_J - OP7_PT3_DEPTH / CS_BF_OP7
Distance,OP7_DEPTH_4,D1,4.926,5.000,-0.074,-0.300,0.300,,PL_DATUM_J - OP7_PT4_DEPTH / CS_BF_OP7
Distance,OP7_DEPTH_5,D1,4.951,5.000,-0.049,-0.300,0.300,,PL_DATUM_J - OP7_PT5_DEPTH / CS_BF_OP7
Distance,OP7_DEPTH_6,D1,4.974,5.000,-0.026,-0.300,0.300,,PL_DATUM_J - OP7_PT6_DEPTH / CS_BF_OP7
Distance,OP7_DEPTH_7,D1,4.969,5.000,-0.031,-0.300,0.300,,PL_DATUM_J - OP7_PT7_DEPTH / CS_BF_OP7
Distance,OP7_DEPTH_8,D1,5.030,5.000,0.030,-0.300,0.300,,PL_DATUM_J - OP7_PT8_DEPTH / CS_BF_OP7
Distance,OP7_WIDTH_1,D1,3.003,2.900,0.103,-0.150,0.150,,OP7_PT1_OW_GAGE - OP7_PT1_IW_GAGE / CS_BF_OP7
Distance,OP7_WIDTH_2,D1,2.877,2.900,-0.023,-0.150,0.150,,OP7_PT2_OW_GAGE - OP7_PT2_IW_GAGE / CS_BF_OP7
Distance,OP7_WIDTH_3,D1,3.001,2.900,0.101,-0.150,0.150,,OP7_PT3_OW_GAGE - OP7_PT3_IW_GAGE / CS_BF_OP7
Distance,OP7_WIDTH_4,D1,2.905,2.900,0.005,-0.150,0.150,,OP7_PT4_OW_GAGE - OP7_PT4_IW_GAGE / CS_BF_OP7
Distance,OP7_WIDTH_5,D1,2.970,2.900,0.070,-0.150,0.150,,OP7_PT5_OW_GAGE - OP7_PT5_IW_GAGE / CS_BF_OP7
Distance,OP7_WIDTH_6,D1,2.958,2.900,0.058,-0.150,0.150,,OP7_PT6_OW_GAGE - OP7_PT6_IW_GAGE / CS_BF_OP7
Distance,OP7_WIDTH_7,D1,2.948,2.900,0.048,-0.150,0.150,,OP7_PT7_OW_GAGE - OP7_PT7_IW_GAGE / CS_BF_OP7
Distance,OP7_WIDTH_8,D1,2.934,2.900,0.034,-0.150,0.150,,OP7_PT8_OW_GAGE - OP7_PT8_IW_GAGE / CS_BF_OP7
Distance,OP8_DEPTH_1,D1,5.190,5.000,0.190,-0.300,0.300,,PL_DATUM_J - OP8_PT1_DEPTH / CS_BF_OP8
Distance,OP8_DEPTH_2,D1,5.224,5.000,0.224,-0.300,0.300,,PL_DATUM_J - OP8_PT2_DEPTH / CS_BF_OP8
Distance,OP8_DEPTH_3,D1,5.244,5.000,0.244,-0.300,0.300,,PL_DATUM_J - OP8_PT3_DEPTH / CS_BF_OP8
Distance,OP8_DEPTH_5,D1,5.040,5.000,0.040,-0.300,0.300,,PL_DATUM_J - OP8_PT5_DEPTH / CS_BF_OP8
Distance,OP8_DEPTH_6,D1,4.982,5.000,-0.018,-0.300,0.300,,PL_DATUM_J - OP8_PT6_DEPTH / CS_BF_OP8
Distance,OP8_DEPTH_7,D1,4.988,5.000,-0.012,-0.300,0.300,,PL_DATUM_J - OP8_PT7_DEPTH / CS_BF_OP8
Distance,OP8_DEPTH_8,D1,5.046,5.000,0.046,-0.300,0.300,,PL_DATUM_J - OP8_PT8_DEPTH / CS_BF_OP8
Distance,OP8_WIDTH_1,D1,2.936,2.900,0.036,-0.150,0.150,,OP8_PT1_OW_GAGE - OP8_PT1_IW_GAGE / CS_BF_OP8
Distance,OP8_WIDTH_2,D1,2.830,2.900,-0.070,-0.150,0.150,,OP8_PT2_OW_GAGE - OP8_PT2_IW_GAGE / CS_BF_OP8
Distance,OP8_WIDTH_3,D1,2.991,2.900,0.091,-0.150,0.150,,OP8_PT3_OW_GAGE - OP8_PT3_IW_GAGE / CS_BF_OP8
Distance,OP8_WIDTH_5,D1,3.005,2.900,0.105,-0.150,0.150,,OP8_PT5_OW_GAGE - OP8_PT5_IW_GAGE / CS_BF_OP8
Distance,OP8_WIDTH_6,D1,2.943,2.900,0.043,-0.150,0.150,,OP8_PT6_OW_GAGE - OP8_PT6_IW_GAGE / CS_BF_OP8
Distance,OP8_WIDTH_7,D1,2.979,2.900,0.079,-0.150,0.150,,OP8_PT7_OW_GAGE - OP8_PT7_IW_GAGE / CS_BF_OP8
Distance,OP8_WIDTH_8,D1,2.986,2.900,0.086,-0.150,0.150,,OP8_PT8_OW_GAGE - OP8_PT8_IW_GAGE / CS_BF_OP8
Distance,WIDTH_TB.1,D1,2.913,2.900,0.013,-0.150,0.150,,P0W2.5_1.1 - PIW2.5_1.1 / CS_DE_BF
Distance,WIDTH_TB.10,D1,2.948,2.900,0.048,-0.150,0.150,,P0W2.5_1.10 - PIW2.5_1.10 / CS_DE_BF
Distance,WIDTH_TB.11,D1,2.922,2.900,0.022,-0.150,0.150,,P0W2.5_1.11 - PIW2.5_1.11 / CS_DE_BF
Distance,WIDTH_TB.12,D1,3.004,2.900,0.104,-0.150,0.150,,P0W2.5_1.12 - PIW2.5_1.12 / CS_DE_BF
Distance,WIDTH_TB.13,D1,2.863,2.900,-0.037,-0.150,0.150,,P0W2.5_1.13 - PIW2.5_1.13 / CS_DE_BF
Distance,WIDTH_TB.14,D1,2.869,2.900,-0.031,-0.150,0.150,,P0W2.5_1.14 - PIW2.5_1.14 / CS_DE_BF
Distance,WIDTH_TB.15,D1,2.975,2.900,0.075,-0.150,0.150,,P0W2.5_1.15 - PIW2.5_1.15 / CS_DE_BF
Distance,WIDTH_TB.2,D1,2.899,2.900,-0.001,-0.150,0.150,,P0W2.5_1.2 - PIW2.5_1.2 / CS_DE_BF
Distance,WIDTH_TB.3,D1,2.822,2.900,-0.078,-0.150,0.150,,P0W2.5_1.3 - PIW2.5_1.3 / CS_DE_BF
Distance,WIDTH_TB.4,D1,2.903,2.900,0.003,-0.150,0.150,,P0W2.5_1.4 - PIW2.5_1.4 / CS_DE_BF
Distance,WIDTH_TB.5,D1,2.887,2.900,-0.013,-0.150,0.150,,P0W2.5_1.5 - PIW2.5_1.5 / CS_DE_BF
Distance,WIDTH_TB.6,D1,2.877,2.900,-0.023,-0.150,0.150,,P0W2.5_1.6 - PIW2.5_1.6 / CS_DE_BF
Distance,WIDTH_TB.7,D1,2.998,2.900,0.098,-0.150,0.150,,P0W2.5_1.7 - PIW2.5_1.7 / CS_DE_BF
Distance,WIDTH_TB.8,D1,3.006,2.900,0.106,-0.150,0.150,,P0W2.5_1.8 - PIW2.5_1.8 / CS_DE_BF
Distance,WIDTH_TB.9,D1,2.994,2.900,0.094,-0.150,0.150,,P0W2.5_1.9 - PIW2.5_1.9 / CS_DE_BF
Flatness,FLAT_D,FLTN,0.118,0.000,0.118,0.000,0.300,,PL_DATUM_D
Flatness,FLAT_F,FLTN,0.039,0.000,0.039,0.000,0.200,,PL_DATUM_F
Flatness,FLAT_H,FLTN,0.262,0.000,0.262,0.000,0.500,,PL_DATUM_H
Profile of Line,OP1TOLPRFOW,PRFL,1.282,0.000,1.282,0.000,1.250,0.032,OP1_SECT_OW
Profile of Line,OP1TOL_PRF_IN,PRFL,1.138,0.000,1.138,0.000,1.250,,OP1_SECT_IN
Profile of Line,OP2TOLPRFOW,PRFL,0.681,0.000,0.681,0.000,1.250,,OP2_SECT_OW
Profile of Line,OP2TOL_PRF_IN,PRFL,0.406,0.000,0.406,0.000,1.250,,OP2_SECT_IN
Profile of Line,OP3TOLPRFOW,PRFL,0.495,0.000,0.495,0.000,1.250,,OP3_SECT_OW
Profile of Line,OP3TOL_PRF_IN,PRFL,0.591,0.000,0.591,0.000,1.250,,OP3_SECT_IN
Profile of Line,OP4TOLPRFOW,PRFL,0.804,0.000,0.804,0.000,1.250,,OP4_SECT_OW
Profile of Line,OP4TOL_PRF_IN,PRFL,0.590,0.000,0.590,0.000,1.250,,OP4_SECT_IN
Profile of Line,OP5TOLPRFOW,PRFL,1.292,0.000,1.292,0.000,1.250,0.042,OP5_SECT_OW
Profile of Line,OP5TOL_PRF_IN,PRFL,1.335,0.000,1.335,0.000,1.250,0.085,OP5_SECT_IN
Profile of Line,OP6TOLPRFOW,PRFL,0.783,0.000,0.783,0.000,1.250,,OP6_SECT_OW
Profile of Line,OP6TOL_PRF_IN,PRFL,0.482,0.000,0.482,0.000,1.250,,OP6_SECT_IN
Profile of Line,OP7TOLPRFOW,PRFL,0.911,0.000,0.911,0.000,1.250,,OP7_SECT_OW
Profile of Line,OP7TOL_PRF_IN,PRFL,0.736,0.000,0.736,0.000,1.250,,OP7_SECT_IN
Profile of Line,OP8TOLPRFOW,PRFL,1.176,0.000,1.176,0.000,1.250,,OP8_SECT_OW
Profile of Line,OP8TOL_PRF_IN,PRFL,0.981,0.000,0.981,0.000,1.250,,OP8_SECT_IN
Perpend.,PERP_G,PERP,0.023,0.000,0.023,0.000,0.250,,CYL_15/PL_DATUM_F - C-Zone - Cloud of Points 
Perpend.,PERP_J,PERP,0.051,0.000,0.051,0.000,0.250,,CYL_25/PL_DATUM_H - C-Zone - Cloud of Points 
Pos. Tol.,POS_1,PTOL,1.262,0.000,1.262,0.000,1.586,,CIR1/NOMINAL - CS_A-BC_BF_SURFACE_ROT - C-Zone - XY - Nominal
Pos. Tol.,POS_10,PTOL,1.056,0.000,1.056,0.000,1.586,,CIR10/NOMINAL - CS_A-BC_BF_SURFACE_ROT - C-Zone - XY - Nominal
Pos. Tol.,POS_11,PTOL,0.624,0.000,0.624,0.000,2.186,,CIR_11/NOMINAL - CS_A-BC_BF_SURFACE_ROT - C-Zone - XY - Nominal
Pos. Tol.,POS_12,PTOL,0.726,0.000,0.726,0.000,2.186,,CIR_12/NOMINAL - CS_A-BC_BF_SURFACE_ROT - C-Zone - XY - Nominal
Pos. Tol.,POS_13,PTOL,0.547,0.000,0.547,0.000,2.186,,CIR_13/NOMINAL - CS_A-BC_BF_SURFACE_ROT - C-Zone - XY - Nominal
Pos. Tol.,POS_14,PTOL,0.452,0.000,0.452,0.000,2.186,,CIR_14/NOMINAL - CS_A-BC_BF_SURFACE_ROT - C-Zone - XY - Nominal
Pos. Tol.,POS_15,PTOL,1.470,0.000,1.470,0.000,3.349,,CIR_15/NOMINAL - CS_A-BC_BF_SURFACE_ROT - C-Zone - XY - Nominal
Pos. Tol.,POS_16,PTOL,0.134,0.000,0.134,0.000,0.975,,CIR_16/NOMINAL - CS_FG - C-Zone - XY - Nominal
Pos. Tol.,POS_17,PTOL,0.845,0.000,0.845,0.000,3.186,,CIR_17_1/NOMINAL - CS_A-BC_BF_SURFACE_ROT - C-Zone - XYZ - Nominal
Pos. Tol.,POS_18,PTOL,1.362,0.000,1.362,0.000,3.256,,CIR_18/NOMINAL - CS_A-BC_BF_SURFACE_ROT - C-Zone - XYZ - Nominal
Pos. Tol.,POS_2,PTOL,0.921,0.000,0.921,0.000,1.586,,CIR2/NOMINAL - CS_A-BC_BF_SURFACE_ROT - C-Zone - XY - Nominal
Pos. Tol.,POS_20,PTOL,2.569,0.000,2.569,0.000,3.186,,CIR_20/NOMINAL - CS_A-BC_ROT_18_TBA - C-Zone - XZ - Nominal
Pos. Tol.,POS_21,PTOL,1.791,0.000,1.791,0.000,3.186,,CIR_21/NOMINAL - CS_A-BC_ROT_18_TBA - C-Zone - XZ - Nominal
Pos. Tol.,POS_22,PTOL,1.256,0.000,1.256,0.000,3.186,,CIR_22/NOMINAL - CS_A-BC_ROT_18_TBA - C-Zone - XZ - Nominal
Pos. Tol.,POS_23,PTOL,2.268,0.000,2.268,0.000,3.186,,CIR_23/NOMINAL - CS_A-BC_ROT_18_TBA - C-Zone - XZ - Nominal
Pos. Tol.,POS_25,PTOL,3.210,0.000,3.210,0.000,3.227,,CIR_25_GAGE_6/NOMINAL - CS_A-BC_BF_SURFACE_ROT - C-Zone - XYZ - Nominal
Pos. Tol.,POS_26,PTOL,0.410,0.000,0.410,0.000,0.540,,CIR_26/NOMINAL - CS_H - C-Zone - YZ - Nominal
Pos. Tol.,POS_2D_20,PTOL,0.355,0.000,0.355,0.000,0.800,,2D_CIR_20/NOMINAL - CS_DE_BF - C-Zone - XZ - Nominal
Pos. Tol.,POS_2D_21,PTOL,0.341,0.000,0.341,0.000,0.800,,2D_CIR_21/NOMINAL - CS_DE_BF - C-Zone - XZ - Nominal
Pos. Tol.,POS_2D_22,PTOL,0.500,0.000,0.500,0.000,0.800,,2D_CIR_22/NOMINAL - CS_DE_BF - C-Zone - XZ - Nominal
Pos. Tol.,POS_2D_23,PTOL,0.459,0.000,0.459,0.000,0.800,,2D_CIR_23/NOMINAL - CS_DE_BF - C-Zone - XZ - Nominal
Pos. Tol.,POS_3,PTOL,1.801,0.000,1.801,0.000,1.586,0.215,CIR3/NOMINAL - CS_A-BC_BF_SURFACE_ROT - C-Zone - XY - Nominal
Pos. Tol.,POS_4,PTOL,1.718,0.000,1.718,0.000,1.586,0.132,CIR4/NOMINAL - CS_A-BC_BF_SURFACE_ROT - C-Zone - XY - Nominal
Pos. Tol.,POS_5,PTOL,1.053,0.000,1.053,0.000,1.586,,CIR5/NOMINAL - CS_A-BC_BF_SURFACE_ROT - C-Zone - XY - Nominal
Pos. Tol.,POS_6,PTOL,1.113,0.000,1.113,0.000,1.586,,CIR6/NOMINAL - CS_A-BC_BF_SURFACE_ROT - C-Zone - XY - Nominal
Pos. Tol.,POS_7,PTOL,0.755,0.000,0.755,0.000,1.586,,CIR7/NOMINAL - CS_A-BC_BF_SURFACE_ROT - C-Zone - XY - Nominal
Pos. Tol.,POS_8,PTOL,0.522,0.000,0.522,0.000,1.586,,CIR8/NOMINAL - CS_A-BC_BF_SURFACE_ROT - C-Zone - XY - Nominal
Pos. Tol.,POS_9,PTOL,0.711,0.000,0.711,0.000,1.586,,CIR9/NOMINAL - CS_A-BC_BF_SURFACE_ROT - C-Zone - XY - Nominal
Pos. Tol.,POS_C,PTOL,0.042,0.000,0.042,0.000,0.336,,PT_DATUM_C/NOMINAL - CS_A-BC_BF_SURFACE - P-Zone - Z - Nominal
Circle,LOCAL_2D_CIR_11,X,-0.000,0.000,0.000,,,,
Circle,LOCAL_2D_CIR_11,Y,0.049,0.000,0.049,,,,
Circle,LOCAL_2D_CIR_12,X,-0.000,0.000,0.000,,,,
Circle,LOCAL_2D_CIR_12,Y,235.471,235.520,-0.049,,,,
Circle,LOCAL_2D_CIR_13,X,-0.000,0.000,0.000,,,,
Circle,LOCAL_2D_CIR_13,Y,223.475,223.520,-0.045,,,,
Circle,LOCAL_2D_CIR_14,X,-0.000,0.000,0.000,,,,
Circle,LOCAL_2D_CIR_14,Y,0.045,0.000,0.045,,,,
Pos. Tol.,POS_2D_LOCAL_11,PTOL,0.097,0.000,0.097,0.000,0.250,,LOCAL_2D_CIR_11/NOMINAL - CS_CIR_11_12_BF - C-Zone - XY - Nominal
Pos. Tol.,POS_2D_LOCAL_12,PTOL,0.097,0.000,0.097,0.000,0.250,,LOCAL_2D_CIR_12/NOMINAL - CS_CIR_11_12_BF - C-Zone - XY - Nominal
Pos. Tol.,POS_2D_LOCAL_13,PTOL,0.091,0.000,0.091,0.000,0.250,,LOCAL_2D_CIR_13/NOMINAL - CS_CIR_13_14_BF - C-Zone - XY - Nominal
Pos. Tol.,POS_2D_LOCAL_14,PTOL,0.091,0.000,0.091,0.000,0.250,,LOCAL_2D_CIR_14/NOMINAL - CS_CIR_13_14_BF - C-Zone - XY - Nominal
