Feat. Type,Feat. Name,Value,Actual,Nominal,Dev.,Tol-,Tol+,Out of Tol.,Comment
Text/Value,VAR_PROGRAM,VAL,,,,,,,'N:\Metrolog XG\Programmes\GM HF FWD GEN II E2xx\GM HF FWD Gen II E2xx Complete (Module 64).gm2'
Text/Value,VAR_EVENEMENT,VAL,,,,,,,'Smed '
Text/Value,VAR_COMMENTAIRES,VAL,,,,,,,'300A'
Text/Value,PROFILE_DATUM_A,VAL,0.326736,0.000000,0.326736,0.000000,1.000000,,
Text/Value,PROFILE_DATUM_B,VAL,0.556200,0.000000,0.556200,0.000000,1.000000,,
Distance,WIDTH_C,D1,8.759,8.860,-0.101,-0.150,0.150,,SRF_C_TOP - SRF_C_DOWN / CS_ABC_BF
Pos. Tol.,POS_1,PTOL,1.246,0.000,1.246,0.000,2.000,,CIR1/NOMINAL - CS_ABC_SURFACES_C - C-Zone - XZ - Nominal
Pos. Tol.,POS_2,PTOL,0.535,0.000,0.535,0.000,2.000,,CIR2/NOMINAL - CS_ABC_SURFACES_C - C-Zone - XZ - Nominal
Pos. Tol.,POS_3,PTOL,1.648,0.000,1.648,0.000,2.000,,CIR3/NOMINAL - CS_ABC_SURFACES_C - C-Zone - XZ - Nominal
Pos. Tol.,POS_4,PTOL,1.358,0.000,1.358,0.000,2.000,,CIR4/NOMINAL - CS_ABC_SURFACES_C - C-Zone - XZ - Nominal
Pos. Tol.,POS_5,PTOL,0.233,0.000,0.233,0.000,2.000,,CIR5/NOMINAL - CS_ABC_SURFACES_C - C-Zone - XZ - Nominal
Pos. Tol.,POS_6,PTOL,0.693,0.000,0.693,0.000,2.000,,CIR6/NOMINAL - CS_ABC_SURFACES_C - C-Zone - XZ - Nominal
Pos. Tol.,POS_7,PTOL,1.816,0.000,1.816,0.000,2.000,,CIR7/NOMINAL - CS_ABC_SURFACES_C - C-Zone - XZ - Nominal
Pos. Tol.,POS_8,PTOL,2.229,0.000,2.229,0.000,2.000,0.229,CIR8/NOMINAL - CS_ABC_SURFACES_C - C-Zone - XZ - Nominal
Pos. Tol.,POS_9,PTOL,0.838,0.000,0.838,0.000,2.000,,CIR9/NOMINAL - CS_ABC_SURFACES_C - C-Zone - XZ - Nominal
Circle,CIR1,DIAM,15.085,15.000,0.085,-0.100,0.150,,From 4 Pts On PL_PLAST_1
Circle,CIR1,X,-51.819,-52.000,0.181,,,,
Circle,CIR1,Y,84.790,85.240,-0.450,,,,
Circle,CIR1,Z,-154.904,-155.500,0.596,,,,
Circle,CIR2,DIAM,15.041,15.000,0.041,-0.100,0.100,,From 4 Pts On PL_PLAST_2
Circle,CIR2,X,-52.210,-52.000,-0.210,,,,
Circle,CIR2,Y,85.190,85.240,-0.050,,,,
Circle,CIR2,Z,-60.834,-61.000,0.166,,,,
Circle,CIR3,DIAM,15.072,15.000,0.072,-0.100,0.150,,From 4 Pts On PL_PLAST_3
Circle,CIR3,X,-51.747,-52.000,0.253,,,,
Circle,CIR3,Y,85.099,85.240,-0.141,,,,
Circle,CIR3,Z,45.785,45.000,0.785,,,,
Circle,CIR4,DIAM,15.040,15.000,0.040,-0.100,0.100,,From 4 Pts On PL_PLAST_4
Circle,CIR4,X,-51.806,-52.000,0.194,,,,
Circle,CIR4,Y,84.842,85.240,-0.398,,,,
Circle,CIR4,Z,151.651,151.000,0.651,,,,
Circle,CIR5,DIAM,15.002,15.000,0.002,-0.100,0.100,,From 4 Pts On PL_PLAST_5
Circle,CIR5,X,51.896,52.000,-0.104,,,,
Circle,CIR5,Y,85.604,85.240,0.364,,,,
Circle,CIR5,Z,112.553,112.500,0.053,,,,
Circle,CIR6,DIAM,14.967,15.000,-0.033,-0.100,0.100,,From 4 Pts On PL_PLAST_6
Circle,CIR6,X,52.247,52.000,0.247,,,,
Circle,CIR6,Y,85.324,85.240,0.084,,,,
Circle,CIR6,Z,18.243,18.000,0.243,,,,
Circle,CIR7,DIAM,14.979,15.000,-0.021,-0.100,0.100,,From 4 Pts On PL_PLAST_7
Circle,CIR7,X,52.906,52.000,0.906,,,,
Circle,CIR7,Y,85.053,85.240,-0.187,,,,
Circle,CIR7,Z,-87.939,-88.000,0.061,,,,
Circle,CIR8,DIAM,15.022,15.000,0.022,-0.100,0.100,,From 4 Pts On PL_PLAST_8
Circle,CIR8,X,53.113,52.000,1.113,,,,
Circle,CIR8,Y,84.831,85.240,-0.409,,,,
Circle,CIR8,Z,-193.948,-194.000,0.052,,,,
Circle,CIR9,DIAM,12.759,12.860,-0.101,-0.100,0.100,-0.001,From 4 Pts On PL_PLAST_9
Circle,CIR9,X,270.596,270.260,0.336,,,,
Circle,CIR9,Y,44.481,45.720,-1.239,,,,
Circle,CIR9,Z,103.250,103.000,0.250,,,,
Profile of Line,PROFILE_VERTICAL_OP_1,PRFL,0.283,0.000,0.283,0.000,1.500,,SECTION_VERTICAL_OP_1
Profile of Line,PROFILE_VERTICAL_OP_2,PRFL,0.446,0.000,0.446,0.000,1.200,,SECTION_VERTICAL_OP_2
Profile of Line,PROFILE_VERTICAL_OP_3,PRFL,0.783,0.000,0.783,0.000,1.500,,SECTION_VERTICAL_OP_3
Profile of Line,PROFILE_VERTICAL_OP_4,PRFL,0.278,0.000,0.278,0.000,1.200,,SECTION_VERTICAL_OP_4
Profile of Line,PROFILE_VERTICAL_OP_5,PRFL,0.159,0.000,0.159,0.000,1.200,,SECTION_VERTICAL_OP_5
Profile of Line,PROFILE_VERTICAL_OP_6,PRFL,0.399,0.000,0.399,0.000,1.200,,SECTION_VERTICAL_OP_6
Profile of Line,PROFILE_HORIZONTAL_OP_1,PRFL,1.213,0.000,1.213,0.000,2.000,,SECTION_HORIZONTAL_OP_1
Profile of Line,PROFILE_HORIZONTAL_OP_2,PRFL,0.914,0.000,0.914,0.000,2.000,,SECTION_HORIZONTAL_OP_2
Profile of Line,PROFILE_HORIZONTAL_OP_3,PRFL,1.356,0.000,1.356,0.000,2.000,,SECTION_HORIZONTAL_OP_3
Profile of Line,PROFILE_HORIZONTAL_OP_4,PRFL,1.007,0.000,1.007,0.000,2.000,,SECTION_HORIZONTAL_OP_4
Profile of Line,PROFILE_HORIZONTAL_OP_5,PRFL,0.553,0.000,0.553,0.000,2.000,,SECTION_HORIZONTAL_OP_5
Profile of Line,PROFILE_HORIZONTAL_OP_6,PRFL,1.622,0.000,1.622,0.000,2.000,,SECTION_HORIZONTAL_OP_6
Distance,OP1_WIDTH_1,D1,3.813,3.900,-0.087,-0.150,0.150,,OP1_PT1_OW_GAGE - OP1_PT1_IW_GAGE / CS_BF_OP1
Distance,OP1_WIDTH_2,D1,3.845,3.900,-0.055,-0.150,0.150,,OP1_PT2_OW_GAGE - OP1_PT2_IW_GAGE / CS_BF_OP1
Distance,OP1_WIDTH_3,D1,3.783,3.900,-0.117,-0.200,0.150,,OP1_PT3_OW_GAGE - OP1_PT3_IW_GAGE / CS_BF_OP1
Distance,OP1_WIDTH_4,D1,3.804,3.900,-0.096,-0.150,0.150,,OP1_PT4_OW_GAGE - OP1_PT4_IW_GAGE / CS_BF_OP1
Distance,OP1_WIDTH_5,D1,3.914,3.900,0.014,-0.150,0.150,,OP1_PT5_OW_GAGE - OP1_PT5_IW_GAGE / CS_BF_OP1
Distance,OP1_WIDTH_6,D1,3.780,3.900,-0.120,-0.200,0.150,,OP1_PT6_OW_GAGE - OP1_PT6_IW_GAGE / CS_BF_OP1
Distance,OP1_WIDTH_7,D1,3.859,3.900,-0.041,-0.150,0.150,,OP1_PT7_OW_GAGE - OP1_PT7_IW_GAGE / CS_BF_OP1
Distance,OP1_WIDTH_8,D1,3.891,3.900,-0.009,-0.150,0.150,,OP1_PT8_OW_GAGE - OP1_PT8_IW_GAGE / CS_BF_OP1
Distance,OP1_DEPTH_1,D1,5.900,6.000,-0.100,-0.150,0.400,,PL_FIXTURE_A - OP1_PT1_DEPTH / CS_BF_OP1
Distance,OP1_DEPTH_2,D1,5.879,6.000,-0.121,-0.150,0.150,,PL_FIXTURE_A - OP1_PT2_DEPTH / CS_BF_OP1
Distance,OP1_DEPTH_3,D1,5.870,6.000,-0.130,-0.300,0.150,,PL_FIXTURE_A - OP1_PT3_DEPTH / CS_BF_OP1
Distance,OP1_DEPTH_4,D1,5.936,6.000,-0.064,-0.150,0.150,,PL_FIXTURE_A - OP1_PT4_DEPTH / CS_BF_OP1
Distance,OP1_DEPTH_5,D1,6.027,6.000,0.027,-0.150,0.150,,PL_FIXTURE_A - OP1_PT5_DEPTH / CS_BF_OP1
Distance,OP1_DEPTH_6,D1,5.936,6.000,-0.064,-0.300,0.150,,PL_FIXTURE_A - OP1_PT6_DEPTH / CS_BF_OP1
Distance,OP1_DEPTH_7,D1,5.954,6.000,-0.046,-0.150,0.150,,PL_FIXTURE_A - OP1_PT7_DEPTH / CS_BF_OP1
Distance,OP1_DEPTH_8,D1,6.080,6.000,0.080,-0.150,0.400,,PL_FIXTURE_A - OP1_PT8_DEPTH / CS_BF_OP1
Distance,OP2_WIDTH_1,D1,3.727,3.900,-0.173,-0.200,0.150,,OP2_PT1_OW_GAGE - OP2_PT1_IW_GAGE / CS_BF_OP2
Distance,OP2_WIDTH_2,D1,3.766,3.900,-0.134,-0.200,0.150,,OP2_PT2_OW_GAGE - OP2_PT2_IW_GAGE / CS_BF_OP2
Distance,OP2_WIDTH_4,D1,3.783,3.900,-0.117,-0.200,0.150,,OP2_PT4_OW_GAGE - OP2_PT4_IW_GAGE / CS_BF_OP2
Distance,OP2_WIDTH_5,D1,3.829,3.900,-0.071,-0.150,0.150,,OP2_PT5_OW_GAGE - OP2_PT5_IW_GAGE / CS_BF_OP2
Distance,OP2_WIDTH_7,D1,3.894,3.900,-0.006,-0.150,0.150,,OP2_PT7_OW_GAGE - OP2_PT7_IW_GAGE / CS_BF_OP2
Distance,OP2_WIDTH_8,D1,3.800,3.900,-0.100,-0.150,0.150,,OP2_PT8_OW_GAGE - OP2_PT8_IW_GAGE / CS_BF_OP2
Distance,OP2_DEPTH_1,D1,5.895,6.000,-0.105,-0.300,0.150,,PL_FIXTURE_A - OP2_PT1_DEPTH / CS_BF_OP2
Distance,OP2_DEPTH_2,D1,6.011,6.000,0.011,-0.150,0.150,,PL_FIXTURE_A - OP2_PT2_DEPTH / CS_BF_OP2
Distance,OP2_DEPTH_3,D1,5.927,6.000,-0.073,-0.150,0.150,,PL_FIXTURE_A - OP2_PT3_DEPTH / CS_BF_OP2
Distance,OP2_DEPTH_4,D1,5.963,6.000,-0.037,-0.150,0.150,,PL_FIXTURE_A - OP2_PT4_DEPTH / CS_BF_OP2
Distance,OP2_DEPTH_5,D1,6.067,6.000,0.067,-0.150,0.150,,PL_FIXTURE_A - OP2_PT5_DEPTH / CS_BF_OP2
Distance,OP2_DEPTH_6,D1,6.061,6.000,0.061,-0.150,0.150,,PL_FIXTURE_A - OP2_PT6_DEPTH / CS_BF_OP2
Distance,OP2_DEPTH_7,D1,5.879,6.000,-0.121,-0.300,0.150,,PL_FIXTURE_A - OP2_PT7_DEPTH / CS_BF_OP2
Distance,OP2_DEPTH_8,D1,5.932,6.000,-0.068,-0.150,0.150,,PL_FIXTURE_A - OP2_PT8_DEPTH / CS_BF_OP2
Distance,OP3_WIDTH_1,D1,3.823,3.900,-0.077,-0.150,0.150,,OP3_PT1_OW_GAGE - OP3_PT1_IW_GAGE / CS_BF_OP3
Distance,OP3_WIDTH_2,D1,3.850,3.900,-0.050,-0.150,0.150,,OP3_PT2_OW_GAGE - OP3_PT2_IW_GAGE / CS_BF_OP3
Distance,OP3_WIDTH_3,D1,3.837,3.900,-0.063,-0.150,0.150,,OP3_PT3_OW_GAGE - OP3_PT3_IW_GAGE / CS_BF_OP3
Distance,OP3_WIDTH_4,D1,3.765,3.900,-0.135,-0.200,0.150,,OP3_PT4_OW_GAGE - OP3_PT4_IW_GAGE / CS_BF_OP3
Distance,OP3_WIDTH_5,D1,3.867,3.900,-0.033,-0.150,0.150,,OP3_PT5_OW_GAGE - OP3_PT5_IW_GAGE / CS_BF_OP3
Distance,OP3_WIDTH_6,D1,3.775,3.900,-0.125,-0.150,0.150,,OP3_PT6_OW_GAGE - OP3_PT6_IW_GAGE / CS_BF_OP3
Distance,OP3_WIDTH_7,D1,3.911,3.900,0.011,-0.150,0.150,,OP3_PT7_OW_GAGE - OP3_PT7_IW_GAGE / CS_BF_OP3
Distance,OP3_WIDTH_8,D1,3.873,3.900,-0.027,-0.150,0.150,,OP3_PT8_OW_GAGE - OP3_PT8_IW_GAGE / CS_BF_OP3
Distance,OP3_DEPTH_1,D1,5.911,6.000,-0.089,-0.300,0.150,,PL_FIXTURE_A - OP3_PT1_DEPTH / CS_BF_OP3
Distance,OP3_DEPTH_2,D1,6.060,6.000,0.060,-0.150,0.150,,PL_FIXTURE_A - OP3_PT2_DEPTH / CS_BF_OP3
Distance,OP3_DEPTH_3,D1,5.847,6.000,-0.153,-0.300,0.150,,PL_FIXTURE_A - OP3_PT3_DEPTH / CS_BF_OP3
Distance,OP3_DEPTH_4,D1,5.871,6.000,-0.129,-0.300,0.150,,PL_FIXTURE_A - OP3_PT4_DEPTH / CS_BF_OP3
Distance,OP3_DEPTH_5,D1,5.964,6.000,-0.036,-0.150,0.150,,PL_FIXTURE_A - OP3_PT5_DEPTH / CS_BF_OP3
Distance,OP3_DEPTH_6,D1,5.959,6.000,-0.041,-0.150,0.150,,PL_FIXTURE_A - OP3_PT6_DEPTH / CS_BF_OP3
Distance,OP3_DEPTH_7,D1,5.869,6.000,-0.131,-0.300,0.150,,PL_FIXTURE_A - OP3_PT7_DEPTH / CS_BF_OP3
Distance,OP3_DEPTH_8,D1,5.940,6.000,-0.060,-0.300,0.150,,PL_FIXTURE_A - OP3_PT8_DEPTH / CS_BF_OP3
Distance,OP4_WIDTH_2,D1,3.908,3.900,0.008,-0.150,0.150,,OP4_PT2_OW_GAGE - OP4_PT2_IW_GAGE / CS_BF_OP4
Distance,OP4_WIDTH_3,D1,3.796,3.900,-0.104,-0.200,0.150,,OP4_PT3_OW_GAGE - OP4_PT3_IW_GAGE / CS_BF_OP4
Distance,OP4_WIDTH_4,D1,3.807,3.900,-0.093,-0.150,0.150,,OP4_PT4_OW_GAGE - OP4_PT4_IW_GAGE / CS_BF_OP4
Distance,OP4_WIDTH_5,D1,3.896,3.900,-0.004,-0.150,0.150,,OP4_PT5_OW_GAGE - OP4_PT5_IW_GAGE / CS_BF_OP4
Distance,OP4_WIDTH_6,D1,3.941,3.900,0.041,-0.150,0.150,,OP4_PT6_OW_GAGE - OP4_PT6_IW_GAGE / CS_BF_OP4
Distance,OP4_WIDTH_7,D1,3.864,3.900,-0.036,-0.150,0.150,,OP4_PT7_OW_GAGE - OP4_PT7_IW_GAGE / CS_BF_OP4
Distance,OP4_WIDTH_8,D1,3.758,3.900,-0.142,-0.150,0.150,,OP4_PT8_OW_GAGE - OP4_PT8_IW_GAGE / CS_BF_OP4
Distance,OP4_DEPTH_1,D1,6.090,6.000,0.090,-0.150,0.400,,PL_FIXTURE_B - OP4_PT1_DEPTH / CS_BF_OP4
Distance,OP4_DEPTH_2,D1,6.202,6.000,0.202,-0.150,0.400,,PL_FIXTURE_B - OP4_PT2_DEPTH / CS_BF_OP4
Distance,OP4_DEPTH_3,D1,6.186,6.000,0.186,-0.150,0.400,,PL_FIXTURE_B - OP4_PT3_DEPTH / CS_BF_OP4
Distance,OP4_DEPTH_4,D1,5.987,6.000,-0.013,-0.150,0.150,,PL_FIXTURE_B - OP4_PT4_DEPTH / CS_BF_OP4
Distance,OP4_DEPTH_5,D1,5.993,6.000,-0.007,-0.150,0.150,,PL_FIXTURE_B - OP4_PT5_DEPTH / CS_BF_OP4
Distance,OP4_DEPTH_6,D1,5.962,6.000,-0.038,-0.150,0.150,,PL_FIXTURE_B - OP4_PT6_DEPTH / CS_BF_OP4
Distance,OP4_DEPTH_7,D1,6.059,6.000,0.059,-0.150,0.150,,PL_FIXTURE_B - OP4_PT7_DEPTH / CS_BF_OP4
Distance,OP4_DEPTH_8,D1,6.126,6.000,0.126,-0.150,0.400,,PL_FIXTURE_B - OP4_PT8_DEPTH / CS_BF_OP4
Distance,OP5_WIDTH_1,D1,3.763,3.900,-0.137,-0.200,0.150,,OP5_PT1_OW_GAGE - OP5_PT1_IW_GAGE / CS_BF_OP5
Distance,OP5_WIDTH_2,D1,3.927,3.900,0.027,-0.150,0.150,,OP5_PT2_OW_GAGE - OP5_PT2_IW_GAGE / CS_BF_OP5
Distance,OP5_WIDTH_3,D1,3.849,3.900,-0.051,-0.150,0.150,,OP5_PT3_OW_GAGE - OP5_PT3_IW_GAGE / CS_BF_OP5
Distance,OP5_WIDTH_4,D1,3.829,3.900,-0.071,-0.150,0.150,,OP5_PT4_OW_GAGE - OP5_PT4_IW_GAGE / CS_BF_OP5
Distance,OP5_WIDTH_5,D1,3.981,3.900,0.081,-0.150,0.150,,OP5_PT5_OW_GAGE - OP5_PT5_IW_GAGE / CS_BF_OP5
Distance,OP5_WIDTH_6,D1,3.883,3.900,-0.017,-0.150,0.150,,OP5_PT6_OW_GAGE - OP5_PT6_IW_GAGE / CS_BF_OP5
Distance,OP5_WIDTH_7,D1,3.884,3.900,-0.016,-0.150,0.150,,OP5_PT7_OW_GAGE - OP5_PT7_IW_GAGE / CS_BF_OP5
Distance,OP5_WIDTH_8,D1,3.853,3.900,-0.047,-0.150,0.150,,OP5_PT8_OW_GAGE - OP5_PT8_IW_GAGE / CS_BF_OP5
Distance,OP5_DEPTH_3,D1,6.336,6.000,0.336,-0.150,0.400,,PL_FIXTURE_B - OP5_PT3_DEPTH / CS_BF_OP5
Distance,OP5_DEPTH_4,D1,6.128,6.000,0.128,-0.150,0.400,,PL_FIXTURE_B - OP5_PT4_DEPTH / CS_BF_OP5
Distance,OP5_DEPTH_5,D1,6.095,6.000,0.095,-0.150,0.400,,PL_FIXTURE_B - OP5_PT5_DEPTH / CS_BF_OP5
Distance,OP5_DEPTH_6,D1,6.073,6.000,0.073,-0.150,0.400,,PL_FIXTURE_B - OP5_PT6_DEPTH / CS_BF_OP5
Distance,OP5_DEPTH_7,D1,6.257,6.000,0.257,-0.150,0.400,,PL_FIXTURE_B - OP5_PT7_DEPTH / CS_BF_OP5
Distance,OP6_WIDTH_2,D1,3.879,3.900,-0.021,-0.150,0.150,,OP6_PT2_OW_GAGE - OP6_PT2_IW_GAGE / CS_BF_OP6
Distance,OP6_WIDTH_3,D1,3.831,3.900,-0.069,-0.150,0.150,,OP6_PT3_OW_GAGE - OP6_PT3_IW_GAGE / CS_BF_OP6
Distance,OP6_WIDTH_4,D1,3.855,3.900,-0.045,-0.150,0.150,,OP6_PT4_OW_GAGE - OP6_PT4_IW_GAGE / CS_BF_OP6
Distance,OP6_WIDTH_5,D1,3.986,3.900,0.086,-0.150,0.150,,OP6_PT5_OW_GAGE - OP6_PT5_IW_GAGE / CS_BF_OP6
Distance,OP6_WIDTH_6,D1,3.893,3.900,-0.007,-0.150,0.150,,OP6_PT6_OW_GAGE - OP6_PT6_IW_GAGE / CS_BF_OP6
Distance,OP6_WIDTH_7,D1,3.875,3.900,-0.025,-0.150,0.150,,OP6_PT7_OW_GAGE - OP6_PT7_IW_GAGE / CS_BF_OP6
Distance,OP6_WIDTH_8,D1,3.901,3.900,0.001,-0.150,0.150,,OP6_PT8_OW_GAGE - OP6_PT8_IW_GAGE / CS_BF_OP6
Distance,OP6_DEPTH_1,D1,6.275,6.000,0.275,-0.150,0.400,,PL_FIXTURE_B - OP6_PT1_DEPTH / CS_BF_OP6
Distance,OP6_DEPTH_2,D1,6.249,6.000,0.249,-0.150,0.400,,PL_FIXTURE_B - OP6_PT2_DEPTH / CS_BF_OP6
Distance,OP6_DEPTH_3,D1,6.106,6.000,0.106,-0.150,0.150,,PL_FIXTURE_B - OP6_PT3_DEPTH / CS_BF_OP6
Distance,OP6_DEPTH_4,D1,5.945,6.000,-0.055,-0.150,0.150,,PL_FIXTURE_B - OP6_PT4_DEPTH / CS_BF_OP6
Distance,OP6_DEPTH_5,D1,5.952,6.000,-0.048,-0.150,0.150,,PL_FIXTURE_B - OP6_PT5_DEPTH / CS_BF_OP6
Distance,OP6_DEPTH_6,D1,6.008,6.000,0.008,-0.150,0.150,,PL_FIXTURE_B - OP6_PT6_DEPTH / CS_BF_OP6
Distance,OP6_DEPTH_7,D1,6.234,6.000,0.234,-0.150,0.400,,PL_FIXTURE_B - OP6_PT7_DEPTH / CS_BF_OP6
Circle,CIR_A,DIAM,74.012,73.800,0.212,-0.500,0.500,,Criterion : Least Square (From 36 Pts On PL_PLAST_A) 
Circle,CIR_A,X,99.245,99.063,0.182,,,,
Circle,CIR_A,Y,177.710,177.324,0.386,,,,
Circle,CIR_A,Z,208.285,208.274,0.012,,,,
Circle,CIR_INS_11,X,115.759,116.161,-0.402,,,,Criterion : Least Square (From 6 Pts On PL_INS_11) 
Circle,CIR_INS_11,Y,210.520,209.942,0.578,,,,
Circle,CIR_INS_11,Z,243.628,243.644,-0.017,,,,
Circle,CIR_INS_12,X,136.443,136.968,-0.525,,,,Criterion : Least Square (From 6 Pts On PL_INS_12) 
Circle,CIR_INS_12,Y,151.483,150.861,0.622,,,,
Circle,CIR_INS_12,Z,237.122,236.898,0.224,,,,
Circle,CIR_INS_13,X,83.663,83.274,0.389,,,,Criterion : Least Square (From 6 Pts On PL_INS_13) 
Circle,CIR_INS_13,Y,139.835,139.206,0.629,,,,
Circle,CIR_INS_13,Z,172.890,173.360,-0.470,,,,
Circle,CIR_INS_14,X,62.770,62.363,0.407,,,,Criterion : Least Square (From 6 Pts On PL_INS_14) 
Circle,CIR_INS_14,Y,198.730,198.239,0.491,,,,
Circle,CIR_INS_14,Z,179.717,180.203,-0.487,,,,
Circle,2D_CIR_INS_11,X,41.998,42.000,-0.002,,,,
Circle,2D_CIR_INS_11,Y,29.000,29.000,-0.000,,,,
Circle,2D_CIR_INS_12,X,41.902,42.000,-0.098,,,,
Circle,2D_CIR_INS_12,Y,-33.893,-34.000,0.107,,,,
Circle,2D_CIR_INS_13,X,-42.045,-42.000,-0.045,,,,
Circle,2D_CIR_INS_13,Y,-33.985,-34.000,0.015,,,,
Circle,2D_CIR_INS_14,X,-41.855,-42.000,0.145,,,,
Circle,2D_CIR_INS_14,Y,28.877,29.000,-0.123,,,,
Pos. Tol.,POS_11,PTOL,1.409,0.000,1.409,0.000,3.000,,CIR_INS_11/NOMINAL - CS_ABC_SURFACES_C - C-Zone - XYZ - Nominal
Pos. Tol.,POS_12,PTOL,1.689,0.000,1.689,0.000,3.000,,CIR_INS_12/NOMINAL - CS_ABC_SURFACES_C - C-Zone - XYZ - Nominal
Pos. Tol.,POS_13,PTOL,1.752,0.000,1.752,0.000,3.000,,CIR_INS_13/NOMINAL - CS_ABC_SURFACES_C - C-Zone - XYZ - Nominal
Pos. Tol.,POS_2D_11,PTOL,0.003,0.000,0.003,0.000,1.200,,2D_CIR_INS_11/NOMINAL - CS_D_BF - C-Zone - XY - Nominal
Pos. Tol.,POS_2D_12,PTOL,0.291,0.000,0.291,0.000,1.200,,2D_CIR_INS_12/NOMINAL - CS_D_BF - C-Zone - XY - Nominal
Pos. Tol.,POS_2D_13,PTOL,0.095,0.000,0.095,0.000,1.200,,2D_CIR_INS_13/NOMINAL - CS_D_BF - C-Zone - XY - Nominal
Pos. Tol.,POS_2D_14,PTOL,0.379,0.000,0.379,0.000,1.200,,2D_CIR_INS_14/NOMINAL - CS_D_BF - C-Zone - XY - Nominal
Perpend.,PERP_11,PERP,,0.000,,0.000,0.250,,CYL_11/PL_INS_11 - C-Zone - Nominal
Perpend.,PERP_12,PERP,,0.000,,0.000,0.250,,CYL_12/PL_INS_12 - C-Zone - Nominal
Perpend.,PERP_13,PERP,,0.000,,0.000,0.250,,CYL_13/PL_INS_13 - C-Zone - Nominal
Perpend.,PERP_14,PERP,,0.000,,0.000,0.250,,CYL_14/PL_INS_14 - C-Zone - Nominal
Distance,H_11,Z,0.175,-0.000,0.175,0.000,0.300,,CIR_INS_11 - PL_PLAST_INS_11 / CS_D_BF
Distance,H_12,Z,0.162,-0.000,0.162,0.000,0.300,,CIR_INS_12 - PL_PLAST_INS_12 / CS_D_BF
Distance,H_13,Z,0.045,-0.000,0.045,0.000,0.300,,CIR_INS_13 - PL_PLAST_INS_13 / CS_D_BF
Distance,H_14,Z,0.117,-0.000,0.117,0.000,0.300,,CIR_INS_14 - PL_PLAST_INS_14 / CS_D_BF
Flatness,FLATNESS_D,FLTN,0.360,0.000,0.360,0.000,1.200,,PL_DATUM_D
Profile of Line,PROFILE_SURFACE_D,PRFL,1.680,0.000,1.680,0.000,4.000,,SECTION_D
Paral.,PERP_INS_11,PARA,0.180,0.000,0.180,0.000,0.250,,PL_INS_11/PL_PLAST_INS_11 - P-Zone - Cloud of Points 
Paral.,PERP_INS_12,PARA,0.155,0.000,0.155,0.000,0.250,,PL_INS_12/PL_PLAST_INS_12 - P-Zone - Cloud of Points 
Paral.,PERP_INS_13,PARA,0.051,0.000,0.051,0.000,0.250,,PL_INS_13/PL_PLAST_INS_13 - P-Zone - Cloud of Points 
Paral.,PERP_INS_14,PARA,0.154,0.000,0.154,0.000,0.250,,PL_INS_14/PL_PLAST_INS_14 - P-Zone - Cloud of Points 
Distance,PROF_11_D,Z,0.731,0.650,0.081,-0.500,0.500,,CIR_INS_11 - PL_DATUM_D / CS_D_BF
Distance,PROF_12_D,Z,0.585,0.650,-0.065,-0.500,0.500,,CIR_INS_12 - PL_DATUM_D / CS_D_BF
Distance,PROF_13_D,Z,0.285,0.650,-0.365,-0.500,0.500,,CIR_INS_13 - PL_DATUM_D / CS_D_BF
Distance,PROF_14_D,Z,0.827,0.650,0.177,-0.500,0.500,,CIR_INS_14 - PL_DATUM_D / CS_D_BF
Distance,WIDTH_TBA_1,D1,3.226,3.250,-0.024,-0.150,0.150,,0W2.5_1.1 - IW2.5_1.1 / CS_D_BF
Distance,WIDTH_TBA_2,D1,3.159,3.250,-0.091,-0.150,0.150,,0W2.5_1.2 - IW2.5_1.2 / CS_D_BF
Distance,WIDTH_TBA_3,D1,3.229,3.250,-0.021,-0.150,0.150,,0W2.5_1.3 - IW2.5_1.3 / CS_D_BF
Distance,WIDTH_TBA_4,D1,3.226,3.250,-0.024,-0.150,0.150,,0W2.5_1.4 - IW2.5_1.4 / CS_D_BF
Distance,WIDTH_TBA_5,D1,3.203,3.250,-0.047,-0.150,0.150,,0W2.5_1.5 - IW2.5_1.5 / CS_D_BF
Distance,WIDTH_TBA_6,D1,3.172,3.250,-0.078,-0.150,0.150,,0W2.5_1.6 - IW2.5_1.6 / CS_D_BF
Distance,WIDTH_TBA_7,D1,3.270,3.250,0.020,-0.150,0.150,,0W2.5_1.7 - IW2.5_1.7 / CS_D_BF
Distance,WIDTH_TBA_8,D1,3.310,3.250,0.060,-0.150,0.150,,0W2.5_1.8 - IW2.5_1.8 / CS_D_BF
Distance,DEPTH_TBA_1,D1,5.048,5.150,-0.102,-0.300,0.300,,TB_BOT_1.1 - PL_D / CS_D_BF
Distance,DEPTH_TBA_2,D1,5.167,5.150,0.017,-0.300,0.300,,TB_BOT_1.2 - PL_D / CS_D_BF
Distance,DEPTH_TBA_3,D1,4.922,5.150,-0.228,-0.350,0.300,,TB_BOT_1.3 - PL_D / CS_D_BF
Distance,DEPTH_TBA_4,D1,4.937,5.150,-0.213,-0.300,0.300,,TB_BOT_1.4 - PL_D / CS_D_BF
Distance,DEPTH_TBA_5,D1,5.122,5.150,-0.028,-0.300,0.300,,TB_BOT_1.5 - PL_D / CS_D_BF
Distance,DEPTH_TBA_6,D1,5.133,5.150,-0.017,-0.300,0.300,,TB_BOT_1.6 - PL_D / CS_D_BF
Distance,DEPTH_TBA_7,D1,5.146,5.150,-0.004,-0.300,0.500,,TB_BOT_1.7 - PL_D / CS_D_BF
Distance,DEPTH_TBA_8,D1,5.245,5.150,0.095,-0.300,0.500,,TB_BOT_1.8 - PL_D / CS_D_BF
Profile of Line,PROFILE_TB_IW,PRFL,0.763,0.000,0.763,0.000,1.400,,SECTION_IW_TB
Profile of Line,PROFILE_TB_OW,PRFL,0.771,0.000,0.771,0.000,1.400,,SECTION_OW_TB
Circle,CIR_15,DIAM,12.216,12.170,0.046,-0.080,0.080,,Criterion : Least Square (From 20 Pts On PL_DATUM_H) 
Circle,CIR_15,X,166.597,167.324,-0.726,,,,
Circle,CIR_15,Y,163.693,162.970,0.723,,,,
Circle,CIR_15,Z,218.882,218.421,0.462,,,,
Pos. Tol.,POS_15,PTOL,2.248,0.000,2.248,0.000,3.600,,CIR_15/NOMINAL - CS_ABC_SURFACES_C - C-Zone - XYZ - Nominal
Circle,2D_CIR_16,X,23.656,23.540,0.116,,,,
Circle,2D_CIR_16,Y,-0.000,0.000,0.000,,,,
Pos. Tol.,POS_2D_16,PTOL,0.232,0.000,0.232,0.000,0.500,,2D_CIR_16/NOMINAL - CS_HJ - C-Zone - XY - Nominal
Circle,CIR_17,DIAM,6.067,6.000,0.067,-0.250,0.250,,Criterion : Least Square (From 8 Pts On PL_PLAST_17) 
Circle,CIR_17,X,287.872,287.000,0.872,,,,
Circle,CIR_17,Y,102.646,103.210,-0.564,,,,
Circle,CIR_17,Z,66.572,66.000,0.572,,,,
Pos. Tol.,POS_17,PTOL,2.086,0.000,2.086,0.000,3.000,,CIR_17/NOMINAL - CS_ABC_SURFACES_C - C-Zone - XZ - Nominal
Circle,CIR_18,DIAM,6.088,6.000,0.088,-0.250,0.250,,Criterion : Least Square (From 6 Pts On PL_PLAST_18) 
Circle,CIR_18,X,227.931,226.330,1.601,,,,
Circle,CIR_18,Y,115.202,115.710,-0.508,,,,
Circle,CIR_18,Z,-135.692,-136.000,0.308,,,,
Pos. Tol.,POS_18,PTOL,3.260,0.000,3.260,0.000,3.500,,CIR_18/NOMINAL - CS_ABC_SURFACES_C - C-Zone - XZ - Nominal
Circle,CIR_19,DIAM,12.048,12.050,-0.002,-0.080,0.080,,Criterion : Least Square (From 20 Pts On PL_DATUM_F) 
Circle,CIR_19,X,181.399,179.990,1.409,,,,
Circle,CIR_19,Y,200.323,201.240,-0.917,,,,
Circle,CIR_19,Z,-80.684,-81.262,0.577,,,,
Pos. Tol.,POS_19,PTOL,3.045,0.000,3.045,0.000,4.000,,CIR_19/NOMINAL - CS_ABC_SURFACES_C - C-Zone - XZ - Nominal
Circle,2D_CIR_20,DIAM,4.850,4.900,-0.050,-0.100,0.100,,
Circle,2D_CIR_20,X,-17.388,-17.500,0.112,,,,
Circle,2D_CIR_20,Z,0.000,0.000,0.000,,,,
Pos. Tol.,POS_2D_20,PTOL,0.224,0.000,0.224,0.000,0.500,,2D_CIR_20/NOMINAL - CS_FG - C-Zone - XZ - Nominal
Circle,CIR_21,DIAM,4.894,4.820,0.074,-0.100,0.180,,Criterion : Least Square (From 8 Pts On PL_PLAST_21) 
Circle,CIR_21,X,147.549,146.000,1.549,,,,
Circle,CIR_21,Y,215.462,216.210,-0.748,,,,
Circle,CIR_21,Z,-8.142,-8.500,0.358,,,,
Pos. Tol.,POS_21,PTOL,3.180,0.000,3.180,0.000,4.500,,CIR_21/NOMINAL - CS_ABC_SURFACES_C - C-Zone - XZ - Nominal
Circle,CIR_22,DIAM,4.862,4.820,0.042,-0.100,0.180,,Criterion : Least Square (From 8 Pts On PL_PLAST_22) 
Circle,CIR_22,X,-46.951,-48.500,1.549,,,,
Circle,CIR_22,Y,76.120,76.158,-0.038,,,,
Circle,CIR_22,Z,105.254,105.000,0.254,,,,
Pos. Tol.,POS_22,PTOL,3.140,0.000,3.140,0.000,4.000,,CIR_22/NOMINAL - CS_ABC_SURFACES_C - C-Zone - XZ - Nominal
Circle,CIR_23,DIAM,4.837,4.820,0.017,-0.100,0.180,,Criterion : Least Square (From 8 Pts On PL_PLAST_23) 
Circle,CIR_23,X,-47.822,-48.500,0.678,,,,
Circle,CIR_23,Y,76.045,76.158,-0.113,,,,
Circle,CIR_23,Z,-106.715,-107.000,0.285,,,,
Pos. Tol.,POS_23,PTOL,1.471,0.000,1.471,0.000,3.000,,CIR_23/NOMINAL - CS_ABC_SURFACES_C - C-Zone - XZ - Nominal
Circle,CIR_24,X,7.867,6.900,0.967,,,,Criterion : Least Square (From 6 Pts On PL_INS_24) 
Circle,CIR_24,Y,170.486,170.150,0.336,,,,
Circle,CIR_24,Z,75.101,74.720,0.381,,,,
Pos. Tol.,POS_24,PTOL,2.078,0.000,2.078,0.000,4.000,,CIR_24/NOMINAL - CS_ABC_SURFACES_C - C-Zone - XZ - Nominal
Circle,CIR_25,X,7.697,6.900,0.797,,,,Criterion : Least Square (From 6 Pts On PL_INS_25) 
Circle,CIR_25,Y,170.268,170.150,0.118,,,,
Circle,CIR_25,Z,-140.667,-141.050,0.383,,,,
Pos. Tol.,POS_25,PTOL,1.768,0.000,1.768,0.000,3.000,,CIR_25/NOMINAL - CS_ABC_SURFACES_C - C-Zone - XZ - Nominal
Slot,SLOT_26,LEN,13.137,13.000,0.137,-0.250,0.250,,Criterion : Least Square (From 16 Pts On PL_PLAST_26) 
Slot,SLOT_26,WID,6.545,6.500,0.045,-0.250,0.250,,
Slot,SLOT_26,X,132.536,131.300,1.236,,,,
Slot,SLOT_26,Y,152.703,153.910,-1.207,,,,
Slot,SLOT_26,Z,-210.903,-211.400,0.497,,,,
Pos. Tol.,POS_26,PTOL,2.663,0.000,2.663,0.000,3.000,,SLOT_26/NOMINAL - CS_ABC_SURFACES_C - C-Zone - XZ - Nominal
Distance,H_16,Z,0.183,0.000,0.183,0.000,0.300,,2D_CIR_16 - PL_PLAST_16 / CS_HJ
Distance,PROF_17,Y,102.646,103.210,-0.564,-1.500,1.500,,CIR_17 - ORIGIN / CS_ABC_FIXTURE
Distance,PROF_18,Y,115.202,115.710,-0.508,-1.500,1.500,,CIR_18 - ORIGIN / CS_ABC_FIXTURE
Distance,H_24,Y,0.175,0.150,0.025,-0.150,0.150,,CIR_24 - PL_PLAST_24 / CS_ABC_SURFACES_C
Distance,H_25,Y,0.122,0.150,-0.028,-0.150,0.150,,CIR_25 - PL_PLAST_25 / CS_ABC_SURFACES_C
