Feat. Type,Feat. Name,Value,Actual,Nominal,Dev.,Tol-,Tol+,Out of Tol.,Comment
Text/Value,VAR_PROGRAM,VAL,,,,,,,'N:\Metrolog XG\Programmes\Corvette LT1\Corvette LT1 Free State Boss Height (Module 44).gm2'
Text/Value,VAR_EVENEMENT,VAL,,,,,,,'Dem SMED Upper'
Text/Value,VAR_COMMENTAIRES,VAL,,,,,,,'345 B'
Flatness,FLAT_DATUM_A,FLTN,0.378,0.000,0.378,0.000,2.000,,PL_DATUM_A
Flatness,FLAT_DATUM_B,FLTN,0.406,0.000,0.406,0.000,2.000,,PL_DATUM_B
Text/Value,H_PLASTIC_1,VAL,145.537951,145.620000,-0.082049,-0.375000,0.375000,,
Text/Value,H_PLASTIC_2,VAL,145.479105,145.620000,-0.140895,-0.375000,0.375000,,
Text/Value,H_PLASTIC_3,VAL,145.595932,145.620000,-0.024068,-0.375000,0.375000,,
Text/Value,H_PLASTIC_4,VAL,145.483374,145.620000,-0.136626,-0.375000,0.375000,,
Text/Value,H_PLASTIC_5,VAL,145.514161,145.620000,-0.105839,-0.375000,0.375000,,
Text/Value,H_PLASTIC_6,VAL,145.361588,145.620000,-0.258412,-0.375000,0.375000,,
Text/Value,H_PLASTIC_7,VAL,145.367172,145.620000,-0.252828,-0.375000,0.375000,,
Text/Value,H_PLASTIC_8,VAL,145.478546,145.620000,-0.141454,-0.375000,0.375000,,
Text/Value,H_PLASTIC_9,VAL,145.346708,145.620000,-0.273292,-0.375000,0.375000,,
Text/Value,H_PLASTIC_10,VAL,145.557692,145.620000,-0.062308,-0.375000,0.375000,,
