Feat. Type,Feat. Name,Value,Actual,Nominal,Dev.,Tol-,Tol+,Out of Tol.,Comment
Text/Value,VAR_PROGRAM,VAL,,,,,,,'N:\Metrolog XG\Programmes\D-37\D-37 with TMAP Complete (Module 44).gm2'
Text/Value,VAR_EVENEMENT,VAL,,,,,,,'Controle 341 C'
Text/Value,VAR_COMMENTAIRES,VAL,,,,,,,'Part No.'
Circle,CIR_DATUM_B,DIAM,8.010,8.050,-0.040,-0.100,0.100,,Criterion : Least Square (From 11 Pts On PL_FIXTURE) 
Circle,CIR_DATUM_B,X,0.000,0.000,0.000,,,,
Circle,CIR_DATUM_B,Z,0.000,0.000,0.000,,,,
Pos. Tol.,POS_B,PTOL,0.000,0.000,0.000,0.140,0.440,,CIR_DATUM_B(M)/NOMINAL - CS_ABC - C-Zone - XZ - Nominal
Distance,DIST_X_Z_DATUM_C,X,4.466,4.500,-0.034,-0.150,0.150,,PNT_DATUM_C - ORIGIN / CS_ABC
Distance,DIST_X_Z_DATUM_C,Z,-351.844,-351.600,-0.244,-0.350,0.350,,
Distance,WIDTH_C,D1,7.831,7.850,-0.019,-0.050,0.050,,SRF_C_RH - SRF_C_LH / CS_ABC
Circle,CIR1,DIAM,12.143,12.075,0.068,-0.175,0.175,,From 4 Pts On PL_FIXTURE
Circle,CIR1,X,54.617,54.500,0.117,,,,
Circle,CIR1,Z,-346.890,-346.600,-0.290,,,,
Pos. Tol.,POS_1,PTOL,0.626,0.000,0.626,0.243,1.243,,CIR1(M)/NOMINAL - CS_ABC - C-Zone - XZ - Nominal
Circle,CIR2,DIAM,12.123,12.075,0.048,-0.175,0.175,,From 4 Pts On PL_FIXTURE
Circle,CIR2,X,-16.447,-16.500,0.053,,,,
Circle,CIR2,Z,-351.673,-351.600,-0.073,,,,
Pos. Tol.,POS_2,PTOL,0.180,0.000,0.180,0.223,1.223,,CIR2(M)/NOMINAL - CS_ABC - C-Zone - XZ - Nominal
Circle,CIR4,DIAM,12.083,12.075,0.008,-0.175,0.175,,From 4 Pts On PL_FIXTURE
Circle,CIR4,X,-16.540,-16.500,-0.040,,,,
Circle,CIR4,Z,-1.033,-1.100,0.067,,,,
Pos. Tol.,POS_4,PTOL,0.156,0.000,0.156,0.183,1.183,,CIR4(M)/NOMINAL - CS_ABC - C-Zone - XZ - Nominal
Circle,CIR5,DIAM,12.096,12.075,0.021,-0.175,0.175,,From 4 Pts On PL_FIXTURE
Circle,CIR5,X,54.501,54.500,0.001,,,,
Circle,CIR5,Z,-27.043,-27.100,0.057,,,,
Pos. Tol.,POS_5,PTOL,0.113,0.000,0.113,0.196,1.196,,CIR5(M)/NOMINAL - CS_ABC - C-Zone - XZ - Nominal
Circle,CIR6,DIAM,12.116,12.075,0.041,-0.175,0.175,,From 4 Pts On PL_FIXTURE
Circle,CIR6,X,54.325,54.500,-0.175,,,,
Circle,CIR6,Z,-134.612,-134.600,-0.012,,,,
Pos. Tol.,POS_6,PTOL,0.351,0.000,0.351,0.216,1.216,,CIR6(M)/NOMINAL - CS_ABC - C-Zone - XZ - Nominal
Circle,CIR7,DIAM,12.088,12.075,0.013,-0.175,0.175,,From 4 Pts On PL_FIXTURE
Circle,CIR7,X,54.462,54.500,-0.038,,,,
Circle,CIR7,Z,-240.614,-240.600,-0.014,,,,
Pos. Tol.,POS_7,PTOL,0.081,0.000,0.081,0.188,1.188,,CIR7(M)/NOMINAL - CS_ABC - C-Zone - XZ - Nominal
Profile of Line,PROF_OP1,PRFL,0.281,0.000,0.281,0.000,1.500,,SCT_OP1
Profile of Line,PROF_OP2,PRFL,0.769,0.000,0.769,0.000,1.500,,SCT_OP2
Profile of Line,PROF_OP3,PRFL,0.669,0.000,0.669,0.000,1.500,,SCT_OP3
Profile of Line,PROF_OP4,PRFL,0.694,0.000,0.694,0.000,1.500,,SCT_OP4
Profile of Line,PROF_OP5,PRFL,0.371,0.000,0.371,0.000,1.500,,SCT_OP5
Profile of Line,PROF_OP6,PRFL,0.245,0.000,0.245,0.000,1.500,,SCT_OP6
Distance,WIDTH_OP1.1,D1,4.090,4.000,0.090,-0.200,0.200,,SRF_OP1_IW1 - SRF_OP1_OW1 / CS_ABC
Distance,WIDTH_OP1.2,D1,4.044,4.000,0.044,-0.200,0.200,,SRF_OP1_IW2 - SRF_OP1_OW2 / CS_ABC
Distance,WIDTH_OP1.3,D1,4.085,4.000,0.085,-0.200,0.200,,SRF_OP1_IW3 - SRF_OP1_OW3 / CS_ABC
Distance,WIDTH_OP1.4,D1,4.071,4.000,0.071,-0.200,0.200,,SRF_OP1_IW4 - SRF_OP1_OW4 / CS_ABC
Distance,WIDTH_OP1.5,D1,4.054,4.000,0.054,-0.200,0.200,,SRF_OP1_IW5 - SRF_OP1_OW5 / CS_ABC
Distance,WIDTH_OP1.6,D1,4.070,4.000,0.070,-0.200,0.200,,SRF_OP1_IW6 - SRF_OP1_OW6 / CS_ABC
Distance,WIDTH_OP1.7,D1,4.108,4.000,0.108,-0.200,0.200,,SRF_OP1_IW7 - SRF_OP1_OW7 / CS_ABC
Distance,WIDTH_OP2.1,D1,4.143,4.000,0.143,-0.200,0.200,,SRF_OP2_IW1 - SRF_OP2_OW1 / CS_ABC
Distance,WIDTH_OP2.2,D1,3.964,4.000,-0.036,-0.200,0.200,,SRF_OP2_IW2 - SRF_OP2_OW2 / CS_ABC
Distance,WIDTH_OP2.3,D1,3.864,4.000,-0.136,-0.350,0.350,,SRF_OP2_IW3 - SRF_OP2_OW3 / MCS
Distance,WIDTH_OP2.4,D1,4.135,4.000,0.135,-0.200,0.200,,SRF_OP2_IW4 - SRF_OP2_OW4 / CS_ABC
Distance,WIDTH_OP2.5,D1,4.116,4.000,0.116,-0.200,0.200,,SRF_OP2_IW5 - SRF_OP2_OW5 / CS_ABC
Distance,WIDTH_OP2.6,D1,4.032,4.000,0.032,-0.200,0.200,,SRF_OP2_IW6 - SRF_OP2_OW6 / CS_ABC
Distance,WIDTH_OP2.7,D1,3.897,4.000,-0.103,-0.200,0.200,,SRF_OP2_IW7 - SRF_OP2_OW7 / CS_ABC
Distance,WIDTH_OP3.1,D1,4.061,4.000,0.061,-0.200,0.200,,SRF_OP3_IW1 - SRF_OP3_OW1 / CS_ABC
Distance,WIDTH_OP3.2,D1,4.064,4.000,0.064,-0.200,0.200,,SRF_OP3_IW2 - SRF_OP3_OW2 / CS_ABC
Distance,WIDTH_OP3.3,D1,4.104,4.000,0.104,-0.350,0.350,,SRF_OP3_IW3 - SRF_OP3_OW3 / CS_TEMP_CIR
Distance,WIDTH_OP3.4,D1,4.112,4.000,0.112,-0.200,0.200,,SRF_OP3_IW4 - SRF_OP3_OW4 / CS_ABC
Distance,WIDTH_OP4.1,D1,4.150,4.000,0.150,-0.200,0.200,,SRF_OP4_IW1 - SRF_OP4_OW1 / CS_ABC
Distance,WIDTH_OP4.2,D1,4.079,4.000,0.079,-0.200,0.200,,SRF_OP4_IW2 - SRF_OP4_OW2 / CS_ABC
Distance,WIDTH_OP4.3,D1,4.071,4.000,0.071,-0.200,0.200,,SRF_OP4_IW3 - SRF_OP4_OW3 / CS_ABC
Distance,WIDTH_OP4.4,D1,4.133,4.000,0.133,-0.200,0.200,,SRF_OP4_IW4 - SRF_OP4_OW4 / CS_ABC
Distance,WIDTH_OP4.5,D1,4.170,4.000,0.170,-0.300,0.300,,SRF_OP4_IW5 - SRF_OP4_OW5 / CS_TEMP_CIR
Distance,WIDTH_OP4.6,D1,4.014,4.000,0.014,-0.200,0.200,,SRF_OP4_IW6 - SRF_OP4_OW6 / CS_ABC
Distance,WIDTH_OP4.7,D1,3.943,4.000,-0.057,-0.200,0.200,,SRF_OP4_IW7 - SRF_OP4_OW7 / CS_ABC
Distance,WIDTH_OP5.1,D1,4.132,4.000,0.132,-0.200,0.200,,SRF_OP5_IW1 - SRF_OP5_OW1 / CS_ABC
Distance,WIDTH_OP5.2,D1,4.165,4.000,0.165,-0.200,0.200,,SRF_OP5_IW2 - SRF_OP5_OW2 / CS_ABC
Distance,WIDTH_OP5.3,D1,4.004,4.000,0.004,-0.200,0.200,,SRF_OP5_IW3 - SRF_OP5_OW3 / CS_ABC
Distance,WIDTH_OP5.4,D1,4.158,4.000,0.158,-0.200,0.200,,SRF_OP5_IW4 - SRF_OP5_OW4 / CS_ABC
Distance,WIDTH_OP5.5,D1,4.160,4.000,0.160,-0.200,0.200,,SRF_OP5_IW5 - SRF_OP5_OW5 / CS_ABC
Distance,WIDTH_OP6.1,D1,4.070,4.000,0.070,-0.200,0.200,,SRF_OP6_IW1 - SRF_OP6_OW1 / CS_ABC
Distance,WIDTH_OP6.2,D1,4.094,4.000,0.094,-0.200,0.200,,SRF_OP6_IW2 - SRF_OP6_OW2 / CS_ABC
Distance,WIDTH_OP6.3,D1,3.955,4.000,-0.045,-0.200,0.200,,SRF_OP6_IW3 - SRF_OP6_OW3 / CS_ABC
Distance,WIDTH_OP6.4,D1,4.119,4.000,0.119,-0.200,0.200,,SRF_OP6_IW4 - SRF_OP6_OW4 / CS_ABC
Distance,WIDTH_OP6.5,D1,3.915,4.000,-0.085,-0.200,0.200,,SRF_OP6_IW5 - SRF_OP6_OW5 / CS_ABC
Distance,WIDTH_OP6.6,D1,4.072,4.000,0.072,-0.200,0.200,,SRF_OP6_IW6 - SRF_OP6_OW6 / CS_ABC
Distance,WIDTH_OP6.7,D1,4.160,4.000,0.160,-0.200,0.200,,SRF_OP6_IW7 - SRF_OP6_OW7 / CS_ABC
Distance,DP_OP1.1,Y,6.138,6.000,0.138,-0.325,0.325,,SRF_OP1_DP1 - PL_FIXTURE / CS_TEMP_CIR
Distance,DP_OP1.2,Y,6.126,6.000,0.126,-0.250,0.250,,SRF_OP1_DP2 - PL_FIXTURE / CS_PORTS_BF
Distance,DP_OP1.3,Y,6.104,6.000,0.104,-0.250,0.250,,SRF_OP1_DP3 - PL_FIXTURE / CS_PORTS_BF
Distance,DP_OP1.4,Y,6.113,6.000,0.113,-0.250,0.250,,SRF_OP1_DP4 - PL_FIXTURE / CS_PORTS_BF
Distance,DP_OP1.5,Y,6.143,6.000,0.143,-0.250,0.250,,SRF_OP1_DP5 - PL_FIXTURE / CS_PORTS_BF
Distance,DP_OP1.6,Y,6.253,6.000,0.253,-0.325,0.325,,SRF_OP1_DP6 - PL_FIXTURE / CS_TEMP_CIR
Distance,DP_OP1.7,Y,6.098,6.000,0.098,-0.250,0.250,,SRF_OP1_DP7 - PL_FIXTURE / CS_PORTS_BF
Distance,DP_OP2.1,Y,6.147,6.000,0.147,-0.325,0.325,,SRF_OP2_DP1 - PL_FIXTURE / CS_TEMP_CIR
Distance,DP_OP2.2,Y,5.941,6.000,-0.059,-0.250,0.250,,SRF_OP2_DP2 - PL_FIXTURE / CS_PORTS_BF
Distance,DP_OP2.3,Y,5.962,6.000,-0.038,-0.250,0.250,,SRF_OP2_DP3 - PL_FIXTURE / CS_PORTS_BF
Distance,DP_OP2.4,Y,6.058,6.000,0.058,-0.250,0.250,,SRF_OP2_DP4 - PL_FIXTURE / CS_PORTS_BF
Distance,DP_OP2.5,Y,6.035,6.000,0.035,-0.250,0.250,,SRF_OP2_DP5 - PL_FIXTURE / CS_PORTS_BF
Distance,DP_OP2.6,Y,6.173,6.000,0.173,-0.250,0.250,,SRF_OP2_DP6 - PL_FIXTURE / CS_PORTS_BF
Distance,DP_OP2.7,Y,6.212,6.000,0.212,-0.250,0.250,,SRF_OP2_DP7 - PL_FIXTURE / CS_PORTS_BF
Distance,DP_OP3.1,Y,6.071,6.000,0.071,-0.250,0.250,,SRF_OP3_DP1 - PL_FIXTURE / CS_PORTS_BF
Distance,DP_OP3.2,Y,6.121,6.000,0.121,-0.250,0.250,,SRF_OP3_DP2 - PL_FIXTURE / CS_PORTS_BF
Distance,DP_OP3.3,Y,6.089,6.000,0.089,-0.250,0.250,,SRF_OP3_DP3 - PL_FIXTURE / CS_PORTS_BF
Distance,DP_OP3.4,Y,6.100,6.000,0.100,-0.250,0.250,,SRF_OP3_DP4 - PL_FIXTURE / CS_PORTS_BF
Distance,DP_OP4.1,Y,6.182,6.000,0.182,-0.250,0.250,,SRF_OP4_DP1 - PL_FIXTURE / CS_PORTS_BF
Distance,DP_OP4.2,Y,6.174,6.000,0.174,-0.250,0.250,,SRF_OP4_DP2 - PL_FIXTURE / CS_PORTS_BF
Distance,DP_OP4.3,Y,6.113,6.000,0.113,-0.250,0.250,,SRF_OP4_DP3 - PL_FIXTURE / CS_PORTS_BF
Distance,DP_OP4.4,Y,6.107,6.000,0.107,-0.250,0.250,,SRF_OP4_DP4 - PL_FIXTURE / CS_PORTS_BF
Distance,DP_OP4.5,Y,6.010,6.000,0.010,-0.250,0.250,,SRF_OP4_DP5 - PL_FIXTURE / CS_PORTS_BF
Distance,DP_OP4.6,Y,6.248,6.000,0.248,-0.250,0.250,,SRF_OP4_DP6 - PL_FIXTURE / CS_PORTS_BF
Distance,DP_OP4.7,Y,6.266,6.000,0.266,-0.250,0.250,0.016,SRF_OP4_DP7 - PL_FIXTURE / CS_PORTS_BF
Distance,DP_OP5.1,Y,6.150,6.000,0.150,-0.250,0.250,,SRF_OP5_DP1 - PL_FIXTURE / CS_PORTS_BF
Distance,DP_OP5.2,Y,6.158,6.000,0.158,-0.250,0.250,,SRF_OP5_DP2 - PL_FIXTURE / CS_PORTS_BF
Distance,DP_OP5.3,Y,6.092,6.000,0.092,-0.250,0.250,,SRF_OP5_DP3 - PL_FIXTURE / CS_PORTS_BF
Distance,DP_OP5.4,Y,6.081,6.000,0.081,-0.250,0.250,,SRF_OP5_DP4 - PL_FIXTURE / CS_PORTS_BF
Distance,DP_OP5.5,Y,6.073,6.000,0.073,-0.250,0.250,,SRF_OP5_DP5 - PL_FIXTURE / CS_PORTS_BF
Distance,DP_OP6.1,Y,6.211,6.000,0.211,-0.325,0.325,,SRF_OP6_DP1 - PL_FIXTURE / CS_TEMP_CIR
Distance,DP_OP6.2,Y,6.118,6.000,0.118,-0.250,0.250,,SRF_OP6_DP2 - PL_FIXTURE / CS_PORTS_BF
Distance,DP_OP6.3,Y,6.126,6.000,0.126,-0.250,0.250,,SRF_OP6_DP3 - PL_FIXTURE / CS_PORTS_BF
Distance,DP_OP6.4,Y,6.073,6.000,0.073,-0.250,0.250,,SRF_OP6_DP4 - PL_FIXTURE / CS_PORTS_BF
Distance,DP_OP6.5,Y,6.155,6.000,0.155,-0.250,0.250,,SRF_OP6_DP5 - PL_FIXTURE / CS_PORTS_BF
Distance,DP_OP6.6,Y,6.087,6.000,0.087,-0.250,0.250,,SRF_OP6_DP6 - PL_FIXTURE / CS_PORTS_BF
Distance,DP_OP6.7,Y,6.156,6.000,0.156,-0.250,0.250,,SRF_OP6_DP7 - PL_FIXTURE / CS_PORTS_BF
Circle,CIR_8,DIAM,75.800,75.500,0.300,-0.500,0.500,,Criterion : Least Square (From 6 Pts On PL_D) 
Circle,CIR_8,X,-28.657,-29.500,0.843,,,,
Circle,CIR_8,Y,63.140,62.500,0.640,,,,
Circle,CIR_8,Z,97.100,97.698,-0.598,,,,
Pos. Tol.,POS_8,PTOL,2.432,0.000,2.432,0.000,4.000,,CIR_8/NOMINAL - CS_ABC - C-Zone - XYZ - Nominal
Circle,CIR_18,X,-13.893,-14.333,0.440,,,,Criterion : Least Square (From 6 Pts On PL_INS_18) 
Circle,CIR_18,Y,95.403,95.187,0.216,,,,
Circle,CIR_18,Z,60.035,60.851,-0.815,,,,
Pos. Tol.,POS_18,PTOL,1.903,0.000,1.903,0.000,4.000,,CIR_18/NOMINAL - CS_ABC - C-Zone - XYZ - Nominal
Circle,CIR_19,X,-17.915,-18.623,0.708,,,,Criterion : Least Square (From 6 Pts On PL_INS_19) 
Circle,CIR_19,Y,30.700,30.358,0.342,,,,
Circle,CIR_19,Z,58.545,58.907,-0.362,,,,
Pos. Tol.,POS_19,PTOL,1.732,0.000,1.732,0.000,4.000,,CIR_19/NOMINAL - CS_ABC - C-Zone - XYZ - Nominal
Circle,CIR_20,X,-43.247,-44.668,1.421,,,,Criterion : Least Square (From 6 Pts On PL_INS_20) 
Circle,CIR_20,Y,30.389,29.813,0.575,,,,
Circle,CIR_20,Z,134.375,134.547,-0.172,,,,
Pos. Tol.,POS_20,PTOL,3.085,0.000,3.085,0.000,4.000,,CIR_20/NOMINAL - CS_ABC - C-Zone - XYZ - Nominal
Circle,CIR_21,X,-39.581,-40.378,0.797,,,,Criterion : Least Square (From 6 Pts On PL_INS_21) 
Circle,CIR_21,Y,95.249,94.642,0.606,,,,
Circle,CIR_21,Z,135.620,136.490,-0.870,,,,
Pos. Tol.,POS_21,PTOL,2.653,0.000,2.653,0.000,4.000,,CIR_21/NOMINAL - CS_ABC - C-Zone - XYZ - Nominal
Circle,2D_CIR_18,Y,32.411,32.500,-0.089,,,,
Circle,2D_CIR_18,Z,-39.943,-40.000,0.057,,,,
Pos. Tol.,POS_2D_18,PTOL,0.211,0.000,0.211,0.000,0.600,,2D_CIR_18/NOMINAL - CS_DE_BF - C-Zone - YZ - Nominal
Circle,2D_CIR_19,Y,-32.434,-32.500,0.066,,,,
Circle,2D_CIR_19,Z,-39.930,-40.000,0.070,,,,
Pos. Tol.,POS_2D_19,PTOL,0.193,0.000,0.193,0.000,0.600,,2D_CIR_19/NOMINAL - CS_DE_BF - C-Zone - YZ - Nominal
Circle,2D_CIR_20,Y,-32.558,-32.500,-0.058,,,,
Circle,2D_CIR_20,Z,40.019,40.000,0.019,,,,
Pos. Tol.,POS_2D_20,PTOL,0.122,0.000,0.122,0.000,0.700,,2D_CIR_20/NOMINAL - CS_DE_BF - C-Zone - YZ - Nominal
Circle,2D_CIR_21,Y,32.417,32.500,-0.083,,,,
Circle,2D_CIR_21,Z,39.888,40.000,-0.112,,,,
Pos. Tol.,POS_2D_21,PTOL,0.279,0.000,0.279,0.000,0.700,,2D_CIR_21/NOMINAL - CS_DE_BF - C-Zone - YZ - Nominal
Distance,INSERT HEIGHT 18,X,0.224,0.000,0.224,0.000,0.500,,CIR_18 - PL_PLAST_18 / CS_DE_BF
Distance,INSERT HEIGHT 19,X,0.147,-0.000,0.147,0.000,0.500,,CIR_19 - PL_PLAST_19 / CS_DE_BF
Distance,INSERT HEIGHT 20,X,0.310,-0.000,0.310,0.000,0.500,,CIR_20 - PL_PLAST_20 / CS_DE_BF
Distance,INSERT HEIGHT 21,X,0.237,0.000,0.237,0.000,0.500,,CIR_21 - PL_PLAST_21 / CS_DE_BF
Distance,WIDTH_TB1,D1,3.029,3.000,0.029,-0.200,0.200,,P0W2.5_1.1 - PIW2.5_1.1 / CS_DE_BF
Distance,WIDTH_TB2,D1,2.966,3.000,-0.034,-0.200,0.200,,P0W2.5_1.2 - PIW2.5_1.2 / CS_DE_BF
Distance,WIDTH_TB3,D1,3.051,3.000,0.051,-0.200,0.200,,P0W2.5_1.3 - PIW2.5_1.3 / CS_DE_BF
Distance,WIDTH_TB4,D1,2.934,3.000,-0.066,-0.200,0.200,,P0W2.5_1.4 - PIW2.5_1.4 / CS_DE_BF
Distance,WIDTH_TB5,D1,3.038,3.000,0.038,-0.200,0.200,,P0W2.5_1.5 - PIW2.5_1.5 / CS_DE_BF
Distance,WIDTH_TB6,D1,3.046,3.000,0.046,-0.200,0.200,,P0W2.5_1.6 - PIW2.5_1.6 / CS_DE_BF
Distance,WIDTH_TB7,D1,2.993,3.000,-0.007,-0.200,0.200,,P0W2.5_1.7 - PIW2.5_1.7 / CS_DE_BF
Distance,WIDTH_TB8,D1,3.023,3.000,0.023,-0.200,0.200,,P0W2.5_1.8 - PIW2.5_1.8 / CS_DE_BF
Distance,DEPTH_TB1,X,-4.797,-5.000,0.203,-0.350,0.300,,TB_BOT_1.1 - PL_D / CS_DE_BF
Distance,DEPTH_TB2,X,-5.015,-5.000,-0.015,-0.300,0.300,,TB_BOT_1.2 - PL_D / CS_DE_BF
Distance,DEPTH_TB3,X,-5.028,-5.000,-0.028,-0.300,0.300,,TB_BOT_1.3 - PL_D / CS_DE_BF
Distance,DEPTH_TB4,X,-5.090,-5.000,-0.090,-0.300,0.300,,TB_BOT_1.4 - PL_D / CS_DE_BF
Distance,DEPTH_TB5,X,-5.223,-5.000,-0.223,-0.300,0.300,,TB_BOT_1.5 - PL_D / CS_DE_BF
Distance,DEPTH_TB6,X,-5.022,-5.000,-0.022,-0.300,0.300,,TB_BOT_1.6 - PL_D / CS_DE_BF
Distance,DEPTH_TB7,X,-4.857,-5.000,0.143,-0.300,0.300,,TB_BOT_1.7 - PL_D / CS_DE_BF
Distance,DEPTH_TB8,X,-4.741,-5.000,0.259,-0.350,0.300,,TB_BOT_1.8 - PL_D / CS_DE_BF
Flatness,FLAT_D,FLTN,0.274,0.000,0.274,0.000,1.000,,PL_D
Circle,CIR_9,DIAM,12.579,12.600,-0.021,-0.100,0.100,,Inters. PL_PLAST_9 - CYL_9.
Circle,CIR_9,X,-98.307,-98.500,0.193,,,,
Circle,CIR_9,Y,73.326,73.400,-0.074,,,,
Circle,CIR_9,Z,147.766,148.323,-0.557,,,,
Pos. Tol.,POS_9,PTOL,1.188,0.000,1.188,0.000,4.000,,CIR_9/NOMINAL - CS_ABC - C-Zone - XYZ - Nominal
Circle,CIR_10_GAGE_12,DIAM,22.223,22.200,0.023,-0.150,0.150,,From 8 Pts On PL_PLAST_10
Circle,CIR_10_GAGE_12,X,-206.971,-207.000,0.029,,,,
Circle,CIR_10_GAGE_12,Y,78.928,79.300,-0.372,,,,
Circle,CIR_10_GAGE_12,Z,61.719,61.870,-0.151,,,,
Pos. Tol.,POS_10,PTOL,0.804,0.000,0.804,0.000,3.000,,CIR_10_GAGE_12/NOMINAL - CS_ABC - C-Zone - XYZ - Nominal
Circle,CIR_22,X,-192.605,-192.954,0.349,,,,Criterion : Least Square (From 6 Pts On PL_PLAST_10) 
Circle,CIR_22,Y,68.760,69.915,-1.155,,,,
Circle,CIR_22,Z,75.838,76.469,-0.631,,,,
Pos. Tol.,POS_22,PTOL,2.724,0.000,2.724,0.000,3.000,,CIR_22/NOMINAL - CS_ABC - C-Zone - XYZ - Nominal
Circle,CIR_23,X,-191.958,-192.345,0.387,,,,Criterion : Least Square (From 6 Pts On PL_PLAST_10) 
Circle,CIR_23,Y,75.502,76.580,-1.078,,,,
Circle,CIR_23,Z,78.181,78.652,-0.471,,,,
Pos. Tol.,POS_23,PTOL,1.219,0.000,1.219,0.000,3.000,,CIR_23/NOMINAL - CS_ABC - C-Zone - XZ - Nominal
Circle,2D_CIR_22,DIAM,4.654,4.600,0.054,-0.150,0.150,,
Circle,2D_CIR_22,X,22.601,22.500,0.101,,,,
Circle,2D_CIR_22,Y,0.000,0.000,0.000,,,,
Pos. Tol.,POS_2D_22,PTOL,0.201,0.000,0.201,0.000,0.500,,2D_CIR_22/NOMINAL - CS_10_22 - C-Zone - XY - Nominal
Circle,2D_CIR_23,DIAM,4.694,4.600,0.094,-0.150,0.150,,
Circle,2D_CIR_23,X,22.549,22.500,0.049,,,,
Circle,2D_CIR_23,Y,0.000,0.000,0.000,,,,
Pos. Tol.,POS_2D_23,PTOL,0.098,0.000,0.098,0.000,0.500,,2D_CIR_23/NOMINAL - CS_10_23 - C-Zone - XY - Nominal
Flatness,FLAT_F,FLTN,0.039,0.000,0.039,0.000,1.000,,PL_11_12
Circle,CIR_13_GAGE,DIAM,16.225,16.100,0.125,-0.200,0.200,,Criterion : Least Square (From 10 Pts On PL_13) 
Circle,CIR_13_GAGE,X,-72.118,-72.550,0.432,,,,
Circle,CIR_13_GAGE,Z,-1.365,-1.077,-0.288,,,,
Pos. Tol.,POS_13,PTOL,1.038,0.000,1.038,0.000,3.000,,CIR_13_GAGE/NOMINAL - CS_ABC - C-Zone - XZ - Nominal
Distance,PROF_13,Y,71.572,71.500,0.072,-1.500,1.500,,2D_CIR_13 - PL_FIXTURE / CS_ABC
Circle,CIR_INSERT_11,X,-84.757,-85.228,0.471,,,,Criterion : Least Square (From 6 Pts On PL_INSERT_11) 
Circle,CIR_INSERT_11,Z,25.924,26.112,-0.187,,,,
Pos. Tol.,POS_11,PTOL,1.014,0.000,1.014,0.000,3.000,,CIR_INSERT_11/NOMINAL - CS_ABC - C-Zone - XZ - Nominal
Distance,PROF_11,Y,91.029,91.250,-0.221,-1.500,1.500,,CIR_INSERT_11 - ORIGIN / CS_ABC
Circle,CIR_INSERT_12,X,-59.911,-59.871,-0.039,,,,Criterion : Least Square (From 6 Pts On PL_INSERT_12) 
Circle,CIR_INSERT_12,Z,-28.404,-28.266,-0.137,,,,
Pos. Tol.,POS_12,PTOL,0.286,0.000,0.286,0.000,3.000,,CIR_INSERT_12/NOMINAL - CS_ABC - C-Zone - XZ - Nominal
Distance,PROF_12,Y,91.313,91.250,0.063,-1.500,1.500,,CIR_INSERT_12 - ORIGIN / CS_ABC
Circle,2D_CIR_INSERT_11,X,0.012,0.000,0.012,,,,
Circle,2D_CIR_INSERT_11,Z,29.979,30.000,-0.021,,,,
Pos. Tol.,POS_2D_11,PTOL,0.048,0.000,0.048,0.000,0.700,,2D_CIR_INSERT_11/NOMINAL - CS_FG_BF - C-Zone - XZ - Nominal
Distance,INSERT HEIGHT 11,Y,0.094,0.000,0.094,0.000,0.500,,CIR_INSERT_11 - PL_PLAST_11 / CS_FG_BF
Circle,2D_CIR_INSERT_12,X,0.012,0.000,0.012,,,,
Circle,2D_CIR_INSERT_12,Z,-29.761,-30.000,0.239,,,,
Pos. Tol.,POS_2D_12,PTOL,0.478,0.000,0.478,0.000,0.700,,2D_CIR_INSERT_12/NOMINAL - CS_FG_BF - C-Zone - XZ - Nominal
Distance,INSERT HEIGHT 12,Y,0.127,-0.000,0.127,0.000,0.500,,CIR_INSERT_12 - PL_PLAST_12 / CS_FG_BF
Circle,CIR_14,DIAM,8.137,8.000,0.137,-0.200,0.200,,Criterion : Least Square (From 6 Pts On PL_PLAST_14) 
Circle,CIR_14,X,13.994,14.463,-0.469,,,,
Circle,CIR_14,Z,-351.120,-351.600,0.480,,,,
Pos. Tol.,POS_14,PTOL,1.342,0.000,1.342,0.000,3.000,,CIR_14/NOMINAL - CS_ABC - C-Zone - XZ - Nominal
Distance,PROF_14,Y,35.736,35.900,-0.164,-0.500,0.500,,CIR_14 - ORIGIN / CS_ABC
Circle,CIR_15,X,-106.099,-107.500,1.401,,,,Criterion : Least Square (From 6 Pts On PL_INS_15) 
Circle,CIR_15,Y,28.742,29.200,-0.458,,,,
Circle,CIR_15,Z,130.149,130.573,-0.424,,,,
Pos. Tol.,POS_15,PTOL,2.927,0.000,2.927,0.000,4.000,,CIR_15/NOMINAL - CS_ABC - C-Zone - XZ - Nominal
Distance,PROF_15,Y,28.742,29.200,-0.458,,,,CIR_15 - ORIGIN / CS_ABC
Distance,INSERT HEIGHT 15,Z,0.337,0.000,0.337,0.000,0.500,,CIR_15 - PL_PLAST_15 / CS_TEMP_SRF_15
Circle,CIR_16,X,7.882,8.450,-0.568,,,,Criterion : Least Square (From 10 Pts On PL_PLAST_16) 
Circle,CIR_16,Z,-202.570,-202.782,0.211,,,,
Pos. Tol.,POS_16,PTOL,1.212,0.000,1.212,0.000,4.000,,CIR_16/NOMINAL - CS_ABC - C-Zone - XZ - Nominal
Circle,CIR_17,X,8.537,8.450,0.087,,,,Criterion : Least Square (From 8 Pts On PL_PLAST_17) 
Circle,CIR_17,Z,-96.743,-96.778,0.035,,,,
Pos. Tol.,POS_17,PTOL,0.188,0.000,0.188,0.000,4.000,,CIR_17/NOMINAL - CS_ABC - C-Zone - XZ - Nominal
Distance,PROF_16,Y,72.785,72.800,-0.015,-1.500,1.500,,CIR_16 - ORIGIN / CS_ABC
Distance,PROF_17,Y,72.776,72.800,-0.024,-1.500,1.500,,CIR_17 - ORIGIN / CS_ABC
Circle,CIR_24,DIAM,7.990,8.000,-0.010,-0.200,0.200,,Criterion : Least Square (From 8 Pts On PL_PLAST_24) 
Circle,CIR_24,X,55.924,56.450,-0.526,,,,
Circle,CIR_24,Z,-161.842,-161.827,-0.015,,,,
Pos. Tol.,POS_24,PTOL,1.052,0.000,1.052,0.000,3.000,,CIR_24/NOMINAL - CS_ABC - C-Zone - XZ - Nominal
Distance,PROF_24,Y,55.640,55.800,-0.160,-1.500,1.500,,CIR_24 - ORIGIN / CS_ABC
Circle,CIR_25,DIAM,6.631,6.500,0.131,-0.200,0.200,,Criterion : Least Square (From 6 Pts On PL_PLAST_25) 
Circle,CIR_25,X,14.748,14.450,0.298,,,,
Circle,CIR_25,Z,-3.853,-3.576,-0.277,,,,
Pos. Tol.,POS_25,PTOL,0.814,0.000,0.814,0.000,3.000,,CIR_25/NOMINAL - CS_ABC - C-Zone - XZ - Nominal
Distance,PROF_25,Y,68.627,68.700,-0.073,-0.500,0.500,,CIR_25 - ORIGIN / CS_ABC_BF_SURFACE
Circle,CIR_26,DIAM,10.366,10.180,0.186,-0.200,0.200,,Criterion : Least Square (From 8 Pts On PL_PLAST_26) 
Circle,CIR_26,X,54.827,55.450,-0.623,,,,
Circle,CIR_26,Z,-206.584,-206.828,0.243,,,,
Pos. Tol.,POS_26,PTOL,1.337,0.000,1.337,0.000,3.000,,CIR_26/NOMINAL - CS_ABC - C-Zone - XZ - Nominal
Distance,PROF_26,Y,55.969,55.800,0.169,-1.500,1.500,,CIR_26 - ORIGIN / CS_ABC
Circle,CIR_30,DIAM,12.206,12.050,0.156,-0.080,0.080,0.076,Criterion : Least Square (From 12 Pts On PL_PLAST_30) 
Circle,CIR_30,X,-212.402,-211.066,-1.336,,,,
Circle,CIR_30,Z,-313.597,-314.163,0.566,,,,
Circle,2D_CIR_31,DIAM,4.033,4.000,0.033,-0.100,0.100,,
Circle,2D_CIR_31,X,-19.854,-21.000,1.146,,,,
Circle,2D_CIR_31,Z,-0.000,0.000,0.000,,,,
Circle,2D_CIR_32,DIAM,4.177,4.000,0.177,-0.100,0.100,0.077,
Circle,2D_CIR_32,X,-19.736,-21.000,1.264,,,,
Circle,2D_CIR_32,Z,0.000,0.000,0.000,,,,
