Feat. Type,Feat. Name,Value,Actual,Nominal,Dev.,Tol-,Tol+,Out of Tol.,Comment
Text/Value,VAR_PROGRAM,VAL,,,,,,,'N:\Metrolog XG\Programmes\GMI 700\GMI 700 Moule 2 Complete Module 51.gm2'
Text/Value,VAR_EVENEMENT,VAL,,,,,,,'Demarrage '
Text/Value,VAR_COMMENTAIRES,VAL,,,,,,,'335A'
Text/Value,SRF_A,VAL,0.234618,0.000000,0.234618,0.000000,0.500000,,
Circle,CIR_B,DIAM,9.906,9.850,0.056,-0.100,0.100,,Criterion : Least Square (From 4 Pts On PL_FIXTURE) 
Distance,DIAMETRE_C,D1,9.869,9.900,-0.031,-0.100,0.100,,SRF_C_TOP - SRF_C_DOWN / CS_ABC
Point,PNT_C_PRJ_FIXT,X,-141.774,-142.000,0.226,,,,Proj. PNT_MID_C / PL_FIXTURE.
Point,PNT_C_PRJ_FIXT,Z,-45.927,-46.000,0.073,,,,
Pos. Tol.,POS_C,PTOL,0.474,0.000,0.474,0.000,1.400,,PNT_C_PRJ_FIXT/NOMINAL - CS_ABC - C-Zone - XZ - Nominal
Circle,CIR1,X,-229.113,-228.500,-0.613,,,,From 4 Pts On PL_FIXTURE
Circle,CIR1,Z,-77.525,-78.000,0.476,,,,
Pos. Tol.,POS_1,PTOL,1.552,0.000,1.552,0.000,1.500,0.052,CIR1/NOMINAL - CS_ABC - C-Zone - XZ - Nominal
Circle,CIR2,X,-125.848,-125.500,-0.348,,,,From 4 Pts On PL_FIXTURE
Circle,CIR2,Z,-77.743,-78.000,0.258,,,,
Pos. Tol.,POS_2,PTOL,0.866,0.000,0.866,0.000,1.500,,CIR2/NOMINAL - CS_ABC - C-Zone - XZ - Nominal
Circle,CIR3,X,-22.913,-22.500,-0.413,,,,From 4 Pts On PL_FIXTURE
Circle,CIR3,Z,-78.270,-78.000,-0.270,,,,
Pos. Tol.,POS_3,PTOL,0.987,0.000,0.987,0.000,1.500,,CIR3/NOMINAL - CS_ABC - C-Zone - XZ - Nominal
Circle,CIR4,X,86.342,86.500,-0.158,,,,From 4 Pts On PL_FIXTURE
Circle,CIR4,Z,31.859,32.000,-0.141,,,,
Pos. Tol.,POS_4,PTOL,0.424,0.000,0.424,0.000,1.500,,CIR4/NOMINAL - CS_ABC - C-Zone - XZ - Nominal
Circle,CIR5,X,-16.655,-16.500,-0.155,,,,From 4 Pts On PL_FIXTURE
Circle,CIR5,Z,31.502,32.000,-0.498,,,,
Pos. Tol.,POS_5,PTOL,1.043,0.000,1.043,0.000,1.500,,CIR5/NOMINAL - CS_ABC - C-Zone - XZ - Nominal
Circle,CIR6,X,-119.495,-119.500,0.005,,,,From 4 Pts On PL_FIXTURE
Circle,CIR6,Z,32.204,32.000,0.205,,,,
Pos. Tol.,POS_6,PTOL,0.409,0.000,0.409,0.000,1.500,,CIR6/NOMINAL - CS_ABC - C-Zone - XZ - Nominal
Profile of Line,PROF_OP1,PRFL,0.719,0.000,0.719,0.000,1.500,,SCT_OP1
Profile of Line,OP1_PROF_INNER_WALL,PRFL,0.894,0.000,0.894,0.000,1.500,,OP1_SRF_INNER_WALL
Profile of Line,OP1_PROF_OUTTER_WALL,PRFL,0.969,0.000,0.969,0.000,1.500,,OP1_SRF_OUTTER_WALL
Profile of Line,PROF_OP2,PRFL,0.687,0.000,0.687,0.000,1.500,,SCT_OP2
Profile of Line,OP2_PROF_INNER_WALL,PRFL,0.573,0.000,0.573,0.000,1.500,,OP2_SRF_INNER_WALL
Profile of Line,OP2_PROF_OUTTER_WALL,PRFL,0.612,0.000,0.612,0.000,1.500,,OP2_SRF_OUTTER_WALL
Profile of Line,PROF_OP3,PRFL,0.986,0.000,0.986,0.000,1.500,,SCT_OP3
Profile of Line,OP3_PROF_INNER_WALL,PRFL,0.800,0.000,0.800,0.000,1.500,,OP3_SRF_INNER_WALL
Profile of Line,OP3_PROF_OUTTER_WALL,PRFL,1.037,0.000,1.037,0.000,1.500,,OP3_SRF_OUTTER_WALL
Profile of Line,PROF_OP4,PRFL,0.378,0.000,0.378,0.000,1.500,,SCT_OP4
Profile of Line,OP4_PROF_INNER_WALL,PRFL,0.309,0.000,0.309,0.000,1.500,,OP4_SRF_INNER_WALL
Profile of Line,OP4_PROF_OUTTER_WALL,PRFL,0.285,0.000,0.285,0.000,1.500,,OP4_SRF_OUTTER_WALL
Profile of Line,PROF_OP5,PRFL,0.459,0.000,0.459,0.000,1.500,,SCT_OP5
Profile of Line,OP5_PROF_INNER_WALL,PRFL,0.792,0.000,0.792,0.000,1.500,,OP5_SRF_INNER_WALL
Profile of Line,OP5_PROF_OUTTER_WALL,PRFL,0.605,0.000,0.605,0.000,1.500,,OP5_SRF_OUTTER_WALL
Profile of Line,PROF_OP6,PRFL,1.044,0.000,1.044,0.000,1.500,,SCT_OP6
Profile of Line,OP6_PROF_INNER_WALL,PRFL,1.058,0.000,1.058,0.000,1.500,,OP6_SRF_INNER_WALL
Profile of Line,OP6_PROF_OUTTER_WALL,PRFL,1.266,0.000,1.266,0.000,1.500,,OP6_SRF_OUTTER_WALL
Distance,OP1_WIDTH_1,D1,2.867,3.000,-0.133,-0.150,0.150,,OP1_P2 - OP1_P3 / OP1_CS
Distance,OP1_WIDTH_5,D1,2.722,3.000,-0.278,-0.150,0.150,-0.128,OP1_P22 - OP1_P23 / OP1_CS
Distance,OP1_WIDTH_9,D1,2.924,3.000,-0.076,-0.150,0.150,,OP1_P42 - OP1_P43 / OP1_CS
Distance,OP1_WIDTH_12,D1,2.919,3.000,-0.081,-0.150,0.150,,OP1_P57 - OP1_P58 / OP1_CS
Distance,OP1_DEPTH_1,Y,5.087,5.000,0.087,-0.150,0.150,,OP1_P4 - PL_FIXTURE / OP1_CS
Distance,OP1_DEPTH_5,Y,5.156,5.000,0.156,-0.150,0.150,0.006,OP1_P24 - PL_FIXTURE / OP1_CS
Distance,OP1_DEPTH_9,Y,5.082,5.000,0.082,-0.150,0.150,,OP1_P44 - PL_FIXTURE / OP1_CS
Distance,OP1_DEPTH_12,Y,5.002,5.000,0.002,-0.150,0.150,,OP1_P59 - PL_FIXTURE / OP1_CS
Distance,OP2_WIDTH_1,D1,2.980,3.000,-0.020,-0.200,0.200,,OP2_P2 - OP2_P3 / OP2_CS
Distance,OP2_WIDTH_5,D1,2.956,3.000,-0.044,-0.200,0.200,,OP2_P22 - OP2_P23 / OP2_CS
Distance,OP2_WIDTH_9,D1,2.957,3.000,-0.043,-0.200,0.200,,OP2_P42 - OP2_P43 / OP2_CS
Distance,OP2_WIDTH_12,D1,2.864,3.000,-0.136,-0.200,0.200,,OP2_P57 - OP2_P58 / OP2_CS
Distance,OP2_DEPTH_1,Y,5.079,5.000,0.079,-0.150,0.150,,OP2_P4 - PL_FIXTURE / OP2_CS
Distance,OP2_DEPTH_5,Y,5.118,5.000,0.118,-0.150,0.150,,OP2_P24 - PL_FIXTURE / OP2_CS
Distance,OP2_DEPTH_9,Y,5.053,5.000,0.053,-0.150,0.150,,OP2_P44 - PL_FIXTURE / OP2_CS
Distance,OP2_DEPTH_12,Y,5.029,5.000,0.029,-0.150,0.150,,OP2_P59 - PL_FIXTURE / OP2_CS
Distance,OP3_WIDTH_1,D1,2.899,3.000,-0.101,-0.200,0.200,,OP3_P2 - OP3_P3 / OP3_CS
Distance,OP3_WIDTH_5,D1,2.731,3.000,-0.269,-0.200,0.200,-0.069,OP3_P22 - OP3_P23 / OP3_CS
Distance,OP3_WIDTH_9,D1,2.932,3.000,-0.068,-0.200,0.200,,OP3_P42 - OP3_P43 / OP3_CS
Distance,OP3_WIDTH_12,D1,2.918,3.000,-0.082,-0.200,0.200,,OP3_P57 - OP3_P58 / OP3_CS
Distance,OP3_DEPTH_1,Y,4.543,5.000,-0.457,-0.150,0.150,-0.307,OP3_P4 - PL_FIXTURE / OP3_CS
Distance,OP3_DEPTH_5,Y,5.086,5.000,0.086,-0.150,0.150,,OP3_P24 - PL_FIXTURE / OP3_CS
Distance,OP3_DEPTH_9,Y,5.055,5.000,0.055,-0.150,0.150,,OP3_P44 - PL_FIXTURE / OP3_CS
Distance,OP3_DEPTH_12,Y,5.079,5.000,0.079,-0.150,0.150,,OP3_P59 - PL_FIXTURE / OP3_CS
Distance,OP4_WIDTH_1,D1,2.936,3.000,-0.064,-0.200,0.200,,OP4_P2 - OP4_P3 / OP4_CS
Distance,OP4_WIDTH_5,D1,2.927,3.000,-0.073,-0.200,0.200,,OP4_P22 - OP4_P23 / OP4_CS
Distance,OP4_WIDTH_9,D1,3.032,3.000,0.032,-0.200,0.200,,OP4_P42 - OP4_P43 / OP4_CS
Distance,OP4_WIDTH_12,D1,3.029,3.000,0.029,-0.200,0.200,,OP4_P57 - OP4_P58 / OP4_CS
Distance,OP4_DEPTH_1,Y,4.363,5.000,-0.637,-0.150,0.150,-0.487,OP4_P4 - PL_FIXTURE / OP4_CS
Distance,OP4_DEPTH_5,Y,5.061,5.000,0.061,-0.150,0.150,,OP4_P24 - PL_FIXTURE / OP4_CS
Distance,OP4_DEPTH_9,Y,5.086,5.000,0.086,-0.150,0.150,,OP4_P44 - PL_FIXTURE / OP4_CS
Distance,OP4_DEPTH_12,Y,5.015,5.000,0.015,-0.150,0.150,,OP4_P59 - PL_FIXTURE / OP4_CS
Distance,OP5_WIDTH_1,D1,3.143,3.000,0.143,-0.200,0.200,,OP5_P2 - OP5_P3 / OP5_CS
Distance,OP5_WIDTH_5,D1,3.066,3.000,0.066,-0.200,0.200,,OP5_P22 - OP5_P23 / OP5_CS
Distance,OP5_WIDTH_9,D1,2.959,3.000,-0.041,-0.200,0.200,,OP5_P42 - OP5_P43 / OP5_CS
Distance,OP5_WIDTH_12,D1,3.084,3.000,0.084,-0.200,0.200,,OP5_P57 - OP5_P58 / OP5_CS
Distance,OP5_DEPTH_1,Y,5.085,5.000,0.085,-0.150,0.150,,OP5_P4 - PL_FIXTURE / OP5_CS
Distance,OP5_DEPTH_5,Y,5.116,5.000,0.116,-0.150,0.150,,OP5_P24 - PL_FIXTURE / OP5_CS
Distance,OP5_DEPTH_9,Y,5.092,5.000,0.092,-0.150,0.150,,OP5_P44 - PL_FIXTURE / OP5_CS
Distance,OP5_DEPTH_12,Y,5.084,5.000,0.084,-0.150,0.150,,OP5_P59 - PL_FIXTURE / OP5_CS
Distance,OP6_WIDTH_1,D1,2.897,3.000,-0.103,-0.200,0.200,,OP6_P2 - OP6_P3 / OP6_CS
Distance,OP6_WIDTH_5,D1,2.925,3.000,-0.075,-0.200,0.200,,OP6_P22 - OP6_P23 / OP6_CS
Distance,OP6_WIDTH_9,D1,3.090,3.000,0.090,-0.200,0.200,,OP6_P42 - OP6_P43 / OP6_CS
Distance,OP6_WIDTH_12,D1,3.104,3.000,0.104,-0.200,0.200,,OP6_P57 - OP6_P58 / OP6_CS
Distance,OP6_DEPTH_1,Y,5.092,5.000,0.092,-0.150,0.150,,OP6_P4 - PL_FIXTURE / OP6_CS
Distance,OP6_DEPTH_5,Y,5.114,5.000,0.114,-0.150,0.150,,OP6_P24 - PL_FIXTURE / OP6_CS
Distance,OP6_DEPTH_9,Y,5.115,5.000,0.115,-0.150,0.150,,OP6_P44 - PL_FIXTURE / OP6_CS
Distance,OP6_DEPTH_12,Y,5.032,5.000,0.032,-0.150,0.150,,OP6_P59 - PL_FIXTURE / OP6_CS
Circle,CIR_A,DIAM,79.281,79.000,0.281,-0.500,0.500,,Criterion : Least Square (From 12 Pts On PL_D) 
Circle,CIR_A,X,96.623,96.049,0.575,,,,
Circle,CIR_A,Y,71.839,70.746,1.093,,,,
Circle,CIR_A,Z,113.344,114.049,-0.705,,,,
Pos. Tol.,POS_A,PTOL,2.844,0.000,2.844,0.000,4.000,,CIR_A/NOMINAL - CS_ABC - C-Zone - XYZ - Nominal
Circle,CIR_INS_11,X,91.044,90.385,0.660,,,,Criterion : Least Square (From 6 Pts On PL_INS_11) 
Circle,CIR_INS_11,Y,96.343,95.065,1.277,,,,
Circle,CIR_INS_11,Z,159.565,160.233,-0.669,,,,
Pos. Tol.,POS_11,PTOL,3.171,0.000,3.171,0.000,3.000,0.171,CIR_INS_11/NOMINAL - CS_ABC - C-Zone - XYZ - Nominal
Circle,CIR_INS_12,X,116.149,115.649,0.500,,,,Criterion : Least Square (From 6 Pts On PL_INS_12) 
Circle,CIR_INS_12,Y,39.578,38.214,1.364,,,,
Circle,CIR_INS_12,Z,149.965,150.299,-0.333,,,,
Pos. Tol.,POS_12,PTOL,2.981,0.000,2.981,0.000,3.600,,CIR_INS_12/NOMINAL - CS_ABC - C-Zone - XYZ - Nominal
Circle,CIR_INS_13,X,102.132,102.615,-0.483,,,,Criterion : Least Square (From 6 Pts On PL_INS_13) 
Circle,CIR_INS_13,Y,47.552,46.845,0.708,,,,
Circle,CIR_INS_13,Z,67.688,67.766,-0.079,,,,
Pos. Tol.,POS_13,PTOL,1.721,0.000,1.721,0.000,3.000,,CIR_INS_13/NOMINAL - CS_ABC - C-Zone - XYZ - Nominal
Circle,CIR_INS_14,X,76.992,77.351,-0.360,,,,Criterion : Least Square (From 6 Pts On PL_INS_14) 
Circle,CIR_INS_14,Y,104.305,103.696,0.609,,,,
Circle,CIR_INS_14,Z,77.029,77.701,-0.672,,,,
Pos. Tol.,POS_14,PTOL,1.952,0.000,1.952,0.000,3.000,,CIR_INS_14/NOMINAL - CS_ABC - C-Zone - XYZ - Nominal
Circle,2D_CIR_INS_11,Y,31.362,31.500,-0.138,,,,
Circle,2D_CIR_INS_11,Z,41.997,42.000,-0.003,,,,
Pos. Tol.,POS_2D_11,PTOL,0.276,0.000,0.276,0.000,0.800,,2D_CIR_INS_11/NOMINAL - CS_DE_BF - C-Zone - YZ - Nominal
Circle,2D_CIR_INS_12,Y,-31.444,-31.500,0.056,,,,
Circle,2D_CIR_INS_12,Z,42.054,42.000,0.054,,,,
Pos. Tol.,POS_2D_12,PTOL,0.156,0.000,0.156,0.000,0.800,,2D_CIR_INS_12/NOMINAL - CS_DE_BF - C-Zone - YZ - Nominal
Circle,2D_CIR_INS_13,Y,-31.286,-31.500,0.214,,,,
Circle,2D_CIR_INS_13,Z,-41.789,-42.000,0.211,,,,
Pos. Tol.,POS_2D_13,PTOL,0.601,0.000,0.601,0.000,0.800,,2D_CIR_INS_13/NOMINAL - CS_DE_BF - C-Zone - YZ - Nominal
Circle,2D_CIR_INS_14,Y,31.484,31.500,-0.016,,,,
Circle,2D_CIR_INS_14,Z,-42.105,-42.000,-0.105,,,,
Pos. Tol.,POS_2D_14,PTOL,0.212,0.000,0.212,0.000,0.800,,2D_CIR_INS_14/NOMINAL - CS_DE_BF - C-Zone - YZ - Nominal
Distance,H_11,X,0.091,0.000,0.091,0.000,0.500,,CIR_INS_11 - PL_PLAST_INS_11 / CS_DE_BF
Distance,H_12,X,0.074,-0.000,0.074,0.000,0.500,,CIR_INS_12 - PL_PLAST_INS_12 / CS_DE_BF
Distance,H_13,X,0.184,-0.000,0.184,0.000,0.500,,CIR_INS_13 - PL_PLAST_INS_13 / CS_DE_BF
Distance,H_14,X,0.117,-0.000,0.117,0.000,0.500,,CIR_INS_14 - PL_PLAST_INS_14 / CS_DE_BF
Flatness,FLAT_D,FLTN,0.203,0.000,0.203,0.000,0.500,,PL_D
Distance,WIDTH_TB_2,D1,3.096,3.000,0.096,-0.150,0.150,,0W2.5_1.2 - IW2.5_1.2 / CS_DE_BF
Distance,WIDTH_TB_4,D1,3.137,3.000,0.137,-0.150,0.150,,0W2.5_1.4 - IW2.5_1.4 / CS_DE_BF
Distance,WIDTH_TB_6,D1,3.065,3.000,0.065,-0.150,0.150,,0W2.5_1.6 - IW2.5_1.6 / CS_DE_BF
Distance,WIDTH_TB_7,D1,3.127,3.000,0.127,-0.150,0.150,,0W2.5_1.7 - IW2.5_1.7 / CS_DE_BF
Distance,DEPTH_TB_2,D1,5.024,5.000,0.024,-0.250,0.250,,TB_BOT_1.2 - PL_D / CS_DE_BF
Distance,DEPTH_TB_4,D1,5.159,5.000,0.159,-0.250,0.250,,TB_BOT_1.4 - PL_D / CS_DE_BF
Distance,DEPTH_TB_6,D1,5.096,5.000,0.096,-0.250,0.250,,TB_BOT_1.6 - PL_D / CS_DE_BF
Distance,DEPTH_TB_7,D1,5.123,5.000,0.123,-0.250,0.250,,TB_BOT_1.7 - PL_D / CS_DE_BF
Profile of Line,PROF_2D_IW_TB,PRFL,0.738,0.000,0.738,0.000,1.500,,SCT_2D_IW_TB
Circle,CIR_INS_15,X,30.956,29.890,1.066,,,,Criterion : Least Square (From 6 Pts On PL_PLAST_INS_15) 
Circle,CIR_INS_15,Y,45.996,44.400,1.596,,,,
Circle,CIR_INS_15,Z,204.884,204.750,0.134,,,,
Pos. Tol.,POS_15,PTOL,3.849,0.000,3.849,0.000,3.500,0.349,CIR_INS_15/NOMINAL - CS_ABC - C-Zone - XYZ - Nominal
Circle,CIR_16_MID_GAGE,DIAM,12.224,12.170,0.054,-0.100,0.100,,Proj. CIR_16_9MM / PL_PLAST_16.
Circle,CIR_16_MID_GAGE,X,30.759,29.988,0.771,,,,
Circle,CIR_16_MID_GAGE,Y,62.248,61.026,1.221,,,,
Circle,CIR_16_MID_GAGE,Z,221.472,221.344,0.128,,,,
Pos. Tol.,POS_16,PTOL,2.900,0.000,2.900,0.000,3.500,,CIR_16_MID_GAGE/NOMINAL - CS_ABC - C-Zone - XYZ - Nominal
Distance,H_15,X,0.142,0.000,0.142,0.000,0.400,,CIR_INS_15 - PL_PLAST_16 / CS_15_16
Circle,2D_CIR_15,Y,-23.223,-23.500,0.277,,,,
Circle,2D_CIR_15,Z,0.000,0.000,0.000,,,,
Pos. Tol.,POS_2D_15,PTOL,0.555,0.000,0.555,0.000,0.500,0.055,2D_CIR_15/NOMINAL - CS_15_16 - C-Zone - YZ - Nominal
Circle,CIR_18,DIAM,12.937,13.000,-0.063,-0.100,0.100,,Inters. PL_PLAST_18 - CYL_18.
Circle,CIR_18,X,-85.778,-86.500,0.722,,,,
Circle,CIR_18,Y,73.868,74.000,-0.132,,,,
Pos. Tol.,POS_18,PTOL,1.468,0.000,1.468,0.000,2.500,,CIR_18/NOMINAL - CS_ABC - C-Zone - XY - Nominal
Distance,PROF_18,Z,176.192,176.000,0.192,-2.000,2.000,,CIR_18 - ORIGIN / CS_ABC
Circle,CIR_20,X,-274.961,-274.784,-0.178,,,,Criterion : Least Square (From 6 Pts On PL_INS_20) 
Circle,CIR_20,Y,114.394,114.438,-0.044,,,,
Circle,CIR_20,Z,-19.089,-19.512,0.423,,,,
Pos. Tol.,POS_20,PTOL,0.922,0.000,0.922,0.000,3.000,,CIR_20/NOMINAL - CS_ABC - C-Zone - XYZ - Nominal
Circle,CIR_22,X,40.247,39.216,1.031,,,,Criterion : Least Square (From 6 Pts On PL_INS_22) 
Circle,CIR_22,Y,112.240,111.457,0.782,,,,
Circle,CIR_22,Z,199.767,200.504,-0.737,,,,
Pos. Tol.,POS_22,PTOL,2.978,0.000,2.978,0.000,3.000,,CIR_22/NOMINAL - CS_ABC - C-Zone - XYZ - Nominal
Circle,CIR_23,X,48.380,48.716,-0.336,,,,Criterion : Least Square (From 6 Pts On PL_INS_23) 
Circle,CIR_23,Y,114.581,114.438,0.142,,,,
Circle,CIR_23,Z,-20.041,-19.512,-0.529,,,,
Pos. Tol.,POS_23,PTOL,1.285,0.000,1.285,0.000,3.000,,CIR_23/NOMINAL - CS_ABC - C-Zone - XYZ - Nominal
Distance,H_20,Y,0.003,0.000,0.003,0.000,0.500,,CIR_20 - PL_PLAST_20 / CS_20
Distance,H_22,Y,0.215,0.000,0.215,0.000,0.500,,CIR_22 - PL_PLAST_22 / CS_22
Distance,H_23,Y,0.092,-0.000,0.092,0.000,0.500,,CIR_23 - PL_PLAST_23 / CS_23
Angle,ANG_20,3D,26.883,28.000,-1.117,-2.000,2.000,,PL_INS_22 - PL_FIXTURE / CS_20
Angle,ANG_22,3D,26.883,28.000,-1.117,-2.000,2.000,,PL_INS_22 - PL_FIXTURE / CS_22
Angle,ANG_23,3D,27.421,28.000,-0.579,-2.000,2.000,,PL_INS_23 - PL_FIXTURE / CS_23
Circle,2D_CIR_20,X,-323.404,-323.500,0.096,,,,
Circle,2D_CIR_20,Z,0.011,0.000,0.011,,,,
Pos. Tol.,POS_2D_20,PTOL,0.194,0.000,0.194,0.000,1.250,,2D_CIR_20/NOMINAL - CS_23_BF - C-Zone - XZ - Nominal
Circle,2D_CIR_22,X,-9.492,-9.500,0.008,,,,
Circle,2D_CIR_22,Z,195.646,195.643,0.003,,,,
Pos. Tol.,POS_2D_22,PTOL,0.017,0.000,0.017,0.000,1.250,,2D_CIR_22/NOMINAL - CS_23_BF - C-Zone - XZ - Nominal
Circle,2D_CIR_23,X,-0.067,0.000,-0.067,,,,
Circle,2D_CIR_23,Z,-0.000,0.000,-0.000,,,,
Pos. Tol.,POS_2D_23,PTOL,0.135,0.000,0.135,0.000,1.250,,2D_CIR_23/NOMINAL - CS_23_BF - C-Zone - XZ - Nominal
Circle,CIR_INS_21,X,-256.003,-257.000,0.997,,,,Criterion : Least Square (From 6 Pts On PL_INS_21) 
Circle,CIR_INS_21,Z,125.920,125.000,0.920,,,,
Pos. Tol.,POS_21,PTOL,2.714,0.000,2.714,0.000,3.000,,CIR_INS_21/NOMINAL - CS_ABC - C-Zone - XZ - Nominal
Circle,CIR_29,X,28.838,28.699,0.138,,,,Criterion : Least Square (From 6 Pts On PL_INS_29) 
Circle,CIR_29,Z,12.213,12.480,-0.267,,,,
Pos. Tol.,POS_29,PTOL,0.602,0.000,0.602,0.000,3.000,,CIR_29/NOMINAL - CS_ABC - C-Zone - XZ - Nominal
Circle,CIR_30,X,42.090,42.500,-0.410,,,,Criterion : Least Square (From 6 Pts On PL_INS_30) 
Circle,CIR_30,Z,-162.175,-161.750,-0.425,,,,
Pos. Tol.,POS_30,PTOL,1.181,0.000,1.181,0.000,3.000,,CIR_30/NOMINAL - CS_ABC - C-Zone - XZ - Nominal
Circle,CIR_32,X,-215.576,-214.979,-0.597,,,,Criterion : Least Square (From 6 Pts On PL_INS_32) 
Circle,CIR_32,Z,-161.507,-161.750,0.243,,,,
Pos. Tol.,POS_32,PTOL,1.181,0.000,1.181,0.000,3.000,,CIR_30/NOMINAL - CS_ABC - C-Zone - XZ - Nominal
Distance,H_21,D1,0.261,0.000,0.261,,,,CIR_INS_21 - PL_PLAST_INS_21 / CS_TEMP_21
Distance,H_21,D2,,,,,,,
Distance,H_21,X,-0.003,0.000,-0.003,,,,
Distance,H_21,Y,0.260,0.000,0.260,0.000,0.500,,
Distance,H_21,Z,-0.003,0.000,-0.003,,,,
Distance,H_29,D1,0.123,0.000,0.123,,,,CIR_29 - PL_PLAST_29 / CS_TEMP_29
Distance,H_29,D2,,,,,,,
Distance,H_29,X,0.000,0.000,0.000,,,,
Distance,H_29,Y,0.123,0.000,0.123,0.000,0.500,,
Distance,H_29,Z,-0.000,0.000,-0.000,,,,
Distance,H_30,D1,0.171,0.000,0.171,,,,CIR_30 - PL_PLAST_30 / CS_TEMP_30
Distance,H_30,D2,,,,,,,
Distance,H_30,X,0.000,0.000,0.000,,,,
Distance,H_30,Y,0.171,0.000,0.171,0.000,0.500,,
Distance,H_30,Z,-0.000,0.000,-0.000,,,,
Distance,H_32,D1,0.183,0.000,0.183,,,,CIR_32 - PL_PLAST_32 / CS_TEMP_32
Distance,H_32,D2,,,,,,,
Distance,H_32,X,-0.001,0.000,-0.001,,,,
Distance,H_32,Y,0.183,0.000,0.183,0.000,0.500,,
Distance,H_32,Z,-0.001,0.000,-0.001,,,,
Distance,PROF_21,Y,104.831,104.420,0.411,-2.000,2.000,,CIR_INS_21 - ORIGIN / CS_ABC
Distance,PROF_29,Y,124.642,124.420,0.222,-2.000,2.000,,CIR_29 - ORIGIN / CS_ABC
Distance,PROF_30,Y,83.319,83.300,0.019,-2.000,2.000,,CIR_30 - ORIGIN / CS_ABC
Distance,PROF_32,Y,83.026,83.300,-0.274,-2.000,2.000,,CIR_32 - ORIGIN / CS_ABC
Circle,2D_CIR_INS_21,X,0.211,0.000,0.211,,,,
Circle,2D_CIR_INS_21,Z,0.065,0.000,0.065,,,,
Pos. Tol.,POS_2D_21,PTOL,0.442,0.000,0.442,0.000,1.250,,2D_CIR_INS_21/NOMINAL - CS_INS_W_BF - C-Zone - XZ - Nominal
Circle,2D_CIR_29,X,285.470,285.599,-0.129,,,,
Circle,2D_CIR_29,Z,-112.823,-112.776,-0.047,,,,
Pos. Tol.,POS_2D_29,PTOL,0.274,0.000,0.274,0.000,1.250,,2D_CIR_29/NOMINAL - CS_INS_W_BF - C-Zone - XZ - Nominal
Circle,2D_CIR_30,X,299.243,299.243,0.000,,,,
Circle,2D_CIR_30,Z,-286.835,-287.018,0.183,,,,
Pos. Tol.,POS_2D_30,PTOL,0.367,0.000,0.367,0.000,1.250,,2D_CIR_30/NOMINAL - CS_INS_W_BF - C-Zone - XZ - Nominal
Circle,2D_CIR_32,X,41.576,41.763,-0.187,,,,
Circle,2D_CIR_32,Z,-287.043,-286.788,-0.255,,,,
Pos. Tol.,POS_2D_32,PTOL,0.632,0.000,0.632,0.000,1.250,,2D_CIR_32/NOMINAL - CS_INS_W_BF - C-Zone - XZ - Nominal
Circle,CIR_INS_26,X,-219.415,-219.500,0.085,,,,Criterion : Least Square (From 6 Pts On PL_INS_26) 
Circle,CIR_INS_26,Z,72.113,72.000,0.113,,,,
Pos. Tol.,POS_26,PTOL,0.284,0.000,0.284,0.000,3.000,,CIR_INS_26/NOMINAL - CS_ABC - C-Zone - XZ - Nominal
Circle,CIR_27,X,-87.537,-87.500,-0.037,,,,Criterion : Least Square (From 6 Pts On PL_INS_27) 
Circle,CIR_27,Z,72.105,72.000,0.105,,,,
Pos. Tol.,POS_27,PTOL,0.223,0.000,0.223,0.000,3.000,,CIR_27/NOMINAL - CS_ABC - C-Zone - XZ - Nominal
Circle,CIR_28,X,43.559,43.700,-0.141,,,,Criterion : Least Square (From 6 Pts On PL_INS_28) 
Circle,CIR_28,Z,49.161,50.000,-0.839,,,,
Pos. Tol.,POS_28,PTOL,1.702,0.000,1.702,0.000,3.000,,CIR_28/NOMINAL - CS_ABC - C-Zone - XZ - Nominal
Circle,CIR_31,X,-71.743,-71.500,-0.243,,,,Criterion : Least Square (From 6 Pts On PL_INS_31) 
Circle,CIR_31,Z,-161.985,-161.750,-0.235,,,,
Pos. Tol.,POS_31,PTOL,0.676,0.000,0.676,0.000,3.000,,CIR_31/NOMINAL - CS_ABC - C-Zone - XZ - Nominal
Distance,PROF_26,Y,130.554,130.420,0.134,-2.000,2.000,,CIR_INS_26 - ORIGIN / CS_ABC
Distance,PROF_27,Y,130.489,130.420,0.069,-2.000,2.000,,CIR_27 - ORIGIN / CS_ABC
Distance,PROF_28,Y,123.683,123.420,0.263,-2.000,2.000,,CIR_28 - ORIGIN / CS_ABC
Distance,PROF_31,Y,83.236,83.300,-0.064,-2.000,2.000,,CIR_31 - ORIGIN / CS_ABC
Distance,H_26,Y,0.173,0.000,0.173,0.000,0.500,,CIR_INS_26 - PL_PLAST_INS_26 / CS_TEMP_26
Distance,H_27,Y,-0.042,0.000,-0.042,0.000,0.500,-0.042,CIR_27 - PL_PLAST_27 / CS_TEMP_27
Distance,H_28,Y,0.090,0.000,0.090,0.000,0.500,,CIR_28 - PL_PLAST_28 / CS_TEMP_28
Distance,H_31,Y,0.184,0.000,0.184,0.000,0.500,,CIR_31 - PL_PLAST_31 / CS_TEMP_31
Circle,CIR_24,DIAM,12.066,12.050,0.016,-0.080,0.080,,Criterion : Least Square (From 12 Pts On PL_PLAST_24_25) 
Circle,CIR_24,X,-117.146,-117.520,0.374,,,,
Circle,CIR_24,Z,102.265,102.110,0.155,,,,
Pos. Tol.,POS_24,PTOL,0.810,0.000,0.810,0.000,3.000,,CIR_24/NOMINAL - CS_ABC - C-Zone - XZ - Nominal
Circle,CIR_25,DIAM,4.616,4.650,-0.034,-0.050,0.050,,Criterion : Least Square (From 6 Pts On PL_PLAST_24_25) 
Circle,CIR_25,X,-114.627,-115.078,0.452,,,,
Circle,CIR_25,Z,119.475,119.449,0.026,,,,
Pos. Tol.,POS_25,PTOL,0.905,0.000,0.905,0.000,1.500,,CIR_25/NOMINAL - CS_ABC - C-Zone - XZ - Nominal
Distance,PROF_24,Y,116.001,115.500,0.501,-1.500,1.500,,CIR_24 - ORIGIN / CS_ABC
Circle,2D_CIR_25,X,0.000,0.000,0.000,,,,
Circle,2D_CIR_25,Z,17.394,17.500,-0.106,,,,
Pos. Tol.,POS_2D_25,PTOL,0.213,0.000,0.213,0.000,0.500,,2D_CIR_25/NOMINAL - CS_24_25 - C-Zone - XZ - Nominal
Circle,CIR_43,DIAM,12.540,12.500,0.040,-0.100,0.100,,Criterion : Least Square (From 12 Pts On PL_PLAST_43) 
Circle,CIR_43,X,-12.972,-13.500,0.528,,,,
Circle,CIR_43,Z,121.615,122.000,-0.385,,,,
Pos. Tol.,POS_43,PTOL,1.306,0.000,1.306,0.000,3.000,,CIR_43/NOMINAL - CS_ABC - C-Zone - XZ - Nominal
Distance,PROF_43,Y,125.983,125.000,0.983,-2.000,2.000,,CIR_43 - ORIGIN / CS_ABC
Angle,ANG_43,3D,10.473,9.000,1.473,-3.000,3.000,,LINE_43_MIDDLE - Z-AXIS / CS_ABC
Circle,CIR_55,X,-296.783,-296.400,-0.383,,,,Criterion : Least Square (From 6 Pts On PL_INS_55) 
Circle,CIR_55,Z,-83.799,-84.000,0.201,,,,
Pos. Tol.,POS_55,PTOL,0.865,0.000,0.865,0.000,3.000,,CIR_55/NOMINAL - CS_ABC - C-Zone - XZ - Nominal
Distance,PROF_55,D1,314.383,,,,,,CIR_55 - ORIGIN / CS_ABC
Distance,PROF_55,Y,61.109,62.000,-0.891,-2.000,2.000,,
Circle,CIR_56,X,-304.040,-304.000,-0.040,,,,Criterion : Least Square (From 6 Pts On PL_INS_56) 
Circle,CIR_56,Z,46.546,46.200,0.346,,,,
Pos. Tol.,POS_56,PTOL,0.697,0.000,0.697,0.000,3.000,,CIR_56/NOMINAL - CS_ABC - C-Zone - XZ - Nominal
Distance,PROF_56,D1,313.640,,,,,,CIR_56 - ORIGIN / CS_ABC
Distance,PROF_56,Y,61.347,62.000,-0.653,-2.000,2.000,,
