Feat. Type,Feat. Name,Value,Actual,Nominal,Dev.,Tol-,Tol+,Out of Tol.,Comment
Text/Value,VAR_PROGRAM,VAL,,,,,,,'N:\Metrolog XG\Programmes\Denso 507F\Denso 507F Stage-1 Module 51.gm2'
Text/Value,VAR_EVENEMENT,VAL,,,,,,,'Fip 08591 '
Text/Value,VAR_COMMENTAIRES,VAL,,,,,,,'341 A'
Flatness,FLAT_ACIS,FLTN,0.607,0.000,0.607,0.000,0.600,0.007,PL_ACIS
Distance,H41,Z,0.123,-0.000,0.123,0.000,0.300,,CIR_41 - PL_PLAST_41 / CS_ZMN_BF
Distance,H42,Z,0.040,-0.000,0.040,0.000,0.300,,CIR_42 - PL_PLAST_42 / CS_ZMN_BF
Distance,H43,Z,0.185,0.000,0.185,0.000,0.300,,CIR_43 - PL_PLAST_43 / CS_ZMN_BF
Distance,H44,Z,0.120,0.000,0.120,0.000,0.300,,CIR_44 - PL_PLAST_44 / CS_ZMN_BF
Distance,H45,Z,0.069,-0.000,0.069,0.000,0.300,,CIR_45 - PL_PLAST_45 / CS_ZMN_BF
Distance,H46,Z,0.133,0.000,0.133,0.000,0.300,,CIR_46 - PL_PLAST_46 / CS_ZMN_BF
Distance,WIDTH_1_OP47,D1,3.446,3.500,-0.054,-0.500,0.500,,SRF_OW_1_OP47 - SRF_IW_1_OP47 / CS_BF_OP47
Distance,WIDTH_2_OP47,D1,3.206,3.500,-0.294,-0.500,0.500,,SRF_OW_2_OP47 - SRF_IW_2_OP47 / CS_BF_OP47
Distance,WIDTH_3_OP47,D1,3.462,3.500,-0.038,-0.500,0.500,,SRF_OW_3_OP47 - SRF_IW_3_OP47 / CS_BF_OP47
Distance,WIDTH_4_OP47,D1,3.419,3.500,-0.081,-0.500,0.500,,SRF_OW_4_OP47 - SRF_IW_4_OP47 / CS_BF_OP47
Distance,WIDTH_5_OP47,D1,3.426,3.500,-0.074,-0.500,0.500,,SRF_OW_5_OP47 - SRF_IW_5_OP47 / CS_BF_OP47
Distance,WIDTH_6_OP47,D1,3.398,3.500,-0.102,-0.500,0.500,,SRF_OW_6_OP47 - SRF_IW_6_OP47 / CS_BF_OP47
Distance,DEPTH_1_OP47,Z,-4.965,-5.000,0.035,-0.500,0.500,,SRF_DP_1_OP47 - SRF_Z_1_OP47 / CS_BF_OP47
Distance,DEPTH_2_OP47,Z,-4.920,-5.000,0.080,-0.500,0.500,,SRF_DP_2_OP47 - SRF_Z_2_OP47 / CS_BF_OP47
Distance,DEPTH_3_OP47,Z,-5.026,-5.000,-0.026,-0.500,0.500,,SRF_DP_3_OP47 - SRF_Z_3_OP47 / CS_BF_OP47
Distance,DEPTH_4_OP47,Z,-4.978,-5.000,0.022,-0.500,0.500,,SRF_DP_4_OP47 - SRF_Z_4_OP47 / CS_BF_OP47
Distance,DEPTH_5_OP47,Z,-5.033,-5.000,-0.033,-0.500,0.500,,SRF_DP_5_OP47 - SRF_Z_5_OP47 / CS_BF_OP47
Distance,DEPTH_6_OP47,Z,-5.007,-5.000,-0.007,-0.500,0.500,,SRF_DP_6_OP47 - SRF_Z_6_OP47 / CS_BF_OP47
Distance,WIDTH_1_OP48,D1,3.396,3.500,-0.104,-0.500,0.500,,SRF_OW_1_OP48 - SRF_IW_1_OP48 / CS_BF_OP48
Distance,WIDTH_2_OP48,D1,3.410,3.500,-0.090,-0.500,0.500,,SRF_OW_2_OP48 - SRF_IW_2_OP48 / CS_BF_OP48
Distance,WIDTH_3_OP48,D1,3.419,3.500,-0.081,-0.500,0.500,,SRF_OW_3_OP48 - SRF_IW_3_OP48 / CS_BF_OP48
Distance,WIDTH_4_OP48,D1,3.509,3.500,0.009,-0.500,0.500,,SRF_OW_4_OP48 - SRF_IW_4_OP48 / CS_BF_OP48
Distance,WIDTH_5_OP48,D1,3.448,3.500,-0.052,-0.500,0.500,,SRF_OW_5_OP48 - SRF_IW_5_OP48 / CS_BF_OP48
Distance,WIDTH_6_OP48,D1,3.361,3.500,-0.139,-0.500,0.500,,SRF_OW_6_OP48 - SRF_IW_6_OP48 / CS_BF_OP48
Distance,DEPTH_1_OP48,Z,-4.923,-5.000,0.077,-0.500,0.500,,SRF_DP_1_OP48 - SRF_Z_1_OP48 / CS_BF_OP48
Distance,DEPTH_2_OP48,Z,-5.058,-5.000,-0.058,-0.500,0.500,,SRF_DP_2_OP48 - SRF_Z_2_OP48 / CS_BF_OP48
Distance,DEPTH_3_OP48,Z,-5.033,-5.000,-0.033,-0.500,0.500,,SRF_DP_3_OP48 - SRF_Z_3_OP48 / CS_BF_OP48
Distance,DEPTH_4_OP48,Z,-5.010,-5.000,-0.010,-0.500,0.500,,SRF_DP_4_OP48 - SRF_Z_4_OP48 / CS_BF_OP48
Distance,DEPTH_5_OP48,Z,-5.002,-5.000,-0.002,-0.500,0.500,,SRF_DP_5_OP48 - SRF_Z_5_OP48 / CS_BF_OP48
Distance,DEPTH_6_OP48,Z,-4.967,-5.000,0.033,-0.500,0.500,,SRF_DP_6_OP48 - SRF_Z_6_OP48 / CS_BF_OP48
Distance,WIDTH_1_OP49,D1,3.462,3.500,-0.038,-0.500,0.500,,SRF_OW_1_OP49 - SRF_IW_1_OP49 / CS_BF_OP49
Distance,WIDTH_2_OP49,D1,3.187,3.500,-0.313,-0.500,0.500,,SRF_OW_2_OP49 - SRF_IW_2_OP49 / CS_BF_OP49
Distance,WIDTH_3_OP49,D1,3.485,3.500,-0.015,-0.500,0.500,,SRF_OW_3_OP49 - SRF_IW_3_OP49 / CS_BF_OP49
Distance,WIDTH_4_OP49,D1,3.522,3.500,0.022,-0.500,0.500,,SRF_OW_4_OP49 - SRF_IW_4_OP49 / CS_BF_OP49
Distance,WIDTH_5_OP49,D1,3.456,3.500,-0.044,-0.500,0.500,,SRF_OW_5_OP49 - SRF_IW_5_OP49 / CS_BF_OP49
Distance,WIDTH_6_OP49,D1,3.384,3.500,-0.116,-0.500,0.500,,SRF_OW_6_OP49 - SRF_IW_6_OP49 / CS_BF_OP49
Distance,DEPTH_1_OP49,Z,-4.868,-5.000,0.132,-0.500,0.500,,SRF_DP_1_OP49 - SRF_Z_1_OP49 / CS_BF_OP49
Distance,DEPTH_2_OP49,Z,-5.092,-5.000,-0.092,-0.500,0.500,,SRF_DP_2_OP49 - SRF_Z_2_OP49 / CS_BF_OP49
Distance,DEPTH_3_OP49,Z,-5.010,-5.000,-0.010,-0.500,0.500,,SRF_DP_3_OP49 - SRF_Z_3_OP49 / CS_BF_OP49
Distance,DEPTH_4_OP49,Z,-5.048,-5.000,-0.048,-0.500,0.500,,SRF_DP_4_OP49 - SRF_Z_4_OP49 / CS_BF_OP49
Distance,DEPTH_5_OP49,Z,-5.072,-5.000,-0.072,-0.500,0.500,,SRF_DP_5_OP49 - SRF_Z_5_OP49 / CS_BF_OP49
Distance,DEPTH_6_OP49,Z,-4.947,-5.000,0.053,-0.500,0.500,,SRF_DP_6_OP49 - SRF_Z_6_OP49 / CS_BF_OP49
Distance,WIDTH_1_OP50,D1,3.501,3.500,0.001,-0.500,0.500,,SRF_OW_1_OP50 - SRF_IW_1_OP50 / CS_BF_OP50
Distance,WIDTH_2_OP50,D1,3.369,3.500,-0.131,-0.500,0.500,,SRF_OW_2_OP50 - SRF_IW_2_OP50 / CS_BF_OP50
Distance,WIDTH_3_OP50,D1,3.387,3.500,-0.113,-0.500,0.500,,SRF_OW_3_OP50 - SRF_IW_3_OP50 / CS_BF_OP50
Distance,WIDTH_4_OP50,D1,3.508,3.500,0.008,-0.500,0.500,,SRF_OW_4_OP50 - SRF_IW_4_OP50 / CS_BF_OP50
Distance,WIDTH_5_OP50,D1,3.496,3.500,-0.004,-0.500,0.500,,SRF_OW_5_OP50 - SRF_IW_5_OP50 / CS_BF_OP50
Distance,WIDTH_6_OP50,D1,3.387,3.500,-0.113,-0.500,0.500,,SRF_OW_6_OP50 - SRF_IW_6_OP50 / CS_BF_OP50
Distance,DEPTH_1_OP50,Z,-4.911,-5.000,0.089,-0.500,0.500,,SRF_DP_1_OP50 - SRF_Z_1_OP50 / CS_BF_OP50
Distance,DEPTH_2_OP50,Z,-5.085,-5.000,-0.085,-0.500,0.500,,SRF_DP_2_OP50 - SRF_Z_2_OP50 / CS_BF_OP50
Distance,DEPTH_3_OP50,Z,-4.983,-5.000,0.017,-0.500,0.500,,SRF_DP_3_OP50 - SRF_Z_3_OP50 / CS_BF_OP50
Distance,DEPTH_4_OP50,Z,-4.963,-5.000,0.037,-0.500,0.500,,SRF_DP_4_OP50 - SRF_Z_4_OP50 / CS_BF_OP50
Distance,DEPTH_5_OP50,Z,-5.090,-5.000,-0.090,-0.500,0.500,,SRF_DP_5_OP50 - SRF_Z_5_OP50 / CS_BF_OP50
Distance,DEPTH_6_OP50,Z,-5.017,-5.000,-0.017,-0.500,0.500,,SRF_DP_6_OP50 - SRF_Z_6_OP50 / CS_BF_OP50
Distance,WIDTH_1_OP51,D1,3.337,3.500,-0.163,-0.500,0.500,,SRF_OW_1_OP51 - SRF_IW_1_OP51 / CS_BF_OP51
Distance,WIDTH_2_OP51,D1,3.386,3.500,-0.114,-0.500,0.500,,SRF_OW_2_OP51 - SRF_IW_2_OP51 / CS_BF_OP51
Distance,WIDTH_3_OP51,D1,3.412,3.500,-0.088,-0.500,0.500,,SRF_OW_3_OP51 - SRF_IW_3_OP51 / CS_BF_OP51
Distance,WIDTH_4_OP51,D1,3.521,3.500,0.021,-0.500,0.500,,SRF_OW_4_OP51 - SRF_IW_4_OP51 / CS_BF_OP51
Distance,WIDTH_5_OP51,D1,3.478,3.500,-0.022,-0.500,0.500,,SRF_OW_5_OP51 - SRF_IW_5_OP51 / CS_BF_OP51
Distance,WIDTH_6_OP51,D1,3.363,3.500,-0.137,-0.500,0.500,,SRF_OW_6_OP51 - SRF_IW_6_OP51 / CS_BF_OP51
Distance,DEPTH_1_OP51,Z,-5.009,-5.000,-0.009,-0.500,0.500,,SRF_DP_1_OP51 - SRF_Z_1_OP51 / CS_BF_OP51
Distance,DEPTH_2_OP51,Z,-4.954,-5.000,0.046,-0.500,0.500,,SRF_DP_2_OP51 - SRF_Z_2_OP51 / CS_BF_OP51
Distance,DEPTH_3_OP51,Z,-4.960,-5.000,0.040,-0.500,0.500,,SRF_DP_3_OP51 - SRF_Z_3_OP51 / CS_BF_OP51
Distance,DEPTH_4_OP51,Z,-4.823,-5.000,0.177,-0.500,0.500,,SRF_DP_4_OP51 - SRF_Z_4_OP51 / CS_BF_OP51
Distance,DEPTH_5_OP51,Z,-4.998,-5.000,0.002,-0.500,0.500,,SRF_DP_5_OP51 - SRF_Z_5_OP51 / CS_BF_OP51
Distance,DEPTH_6_OP51,Z,-5.034,-5.000,-0.034,-0.500,0.500,,SRF_DP_6_OP51 - SRF_Z_6_OP51 / CS_BF_OP51
Distance,WIDTH_1_OP52,D1,3.523,3.500,0.023,-0.500,0.500,,SRF_OW_1_OP52 - SRF_IW_1_OP52 / CS_BF_OP52
Distance,WIDTH_2_OP52,D1,3.421,3.500,-0.079,-0.500,0.500,,SRF_OW_2_OP52 - SRF_IW_2_OP52 / CS_BF_OP52
Distance,WIDTH_3_OP52,D1,3.383,3.500,-0.117,-0.500,0.500,,SRF_OW_3_OP52 - SRF_IW_3_OP52 / CS_BF_OP52
Distance,WIDTH_4_OP52,D1,3.562,3.500,0.062,-0.500,0.500,,SRF_OW_4_OP52 - SRF_IW_4_OP52 / CS_BF_OP52
Distance,WIDTH_5_OP52,D1,3.401,3.500,-0.099,-0.500,0.500,,SRF_OW_5_OP52 - SRF_IW_5_OP52 / CS_BF_OP52
Distance,WIDTH_6_OP52,D1,3.422,3.500,-0.078,-0.500,0.500,,SRF_OW_6_OP52 - SRF_IW_6_OP52 / CS_BF_OP52
Distance,DEPTH_1_OP52,Z,-4.968,-5.000,0.032,-0.500,0.500,,SRF_DP_1_OP52 - SRF_Z_1_OP52 / CS_BF_OP52
Distance,DEPTH_2_OP52,Z,-5.035,-5.000,-0.035,-0.500,0.500,,SRF_DP_2_OP52 - SRF_Z_2_OP52 / CS_BF_OP52
Distance,DEPTH_3_OP52,Z,-4.950,-5.000,0.050,-0.500,0.500,,SRF_DP_3_OP52 - SRF_Z_3_OP52 / CS_BF_OP52
Distance,DEPTH_4_OP52,Z,-5.057,-5.000,-0.057,-0.500,0.500,,SRF_DP_4_OP52 - SRF_Z_4_OP52 / CS_BF_OP52
Distance,DEPTH_5_OP52,Z,-5.013,-5.000,-0.013,-0.500,0.500,,SRF_DP_5_OP52 - SRF_Z_5_OP52 / CS_BF_OP52
Distance,DEPTH_6_OP52,Z,-5.018,-5.000,-0.018,-0.500,0.500,,SRF_DP_6_OP52 - SRF_Z_6_OP52 / CS_BF_OP52
Distance,WIDTH_1_OP53,D1,3.481,3.500,-0.019,-0.500,0.500,,SRF_OW_1_OP53 - SRF_IW_1_OP53 / CS_BF_OP53
Distance,WIDTH_2_OP53,D1,3.520,3.500,0.020,-0.500,0.500,,SRF_OW_2_OP53 - SRF_IW_2_OP53 / CS_BF_OP53
Distance,WIDTH_3_OP53,D1,3.423,3.500,-0.077,-0.500,0.500,,SRF_OW_3_OP53 - SRF_IW_3_OP53 / CS_BF_OP53
Distance,WIDTH_4_OP53,D1,3.540,3.500,0.040,-0.500,0.500,,SRF_OW_4_OP53 - SRF_IW_4_OP53 / CS_BF_OP53
Distance,WIDTH_5_OP53,D1,3.437,3.500,-0.063,-0.500,0.500,,SRF_OW_5_OP53 - SRF_IW_5_OP53 / CS_BF_OP53
Distance,WIDTH_6_OP53,D1,3.390,3.500,-0.110,-0.500,0.500,,SRF_OW_6_OP53 - SRF_IW_6_OP53 / CS_BF_OP53
Distance,DEPTH_1_OP53,Z,-5.076,-5.000,-0.076,-0.500,0.500,,SRF_DP_1_OP53 - SRF_Z_1_OP53 / CS_BF_OP53
Distance,DEPTH_2_OP53,Z,-5.047,-5.000,-0.047,-0.500,0.500,,SRF_DP_2_OP53 - SRF_Z_2_OP53 / CS_BF_OP53
Distance,DEPTH_3_OP53,Z,-4.929,-5.000,0.071,-0.500,0.500,,SRF_DP_3_OP53 - SRF_Z_3_OP53 / CS_BF_OP53
Distance,DEPTH_4_OP53,Z,-5.068,-5.000,-0.068,-0.500,0.500,,SRF_DP_4_OP53 - SRF_Z_4_OP53 / CS_BF_OP53
Distance,DEPTH_5_OP53,Z,-5.032,-5.000,-0.032,-0.500,0.500,,SRF_DP_5_OP53 - SRF_Z_5_OP53 / CS_BF_OP53
Distance,DEPTH_6_OP53,Z,-5.033,-5.000,-0.033,-0.500,0.500,,SRF_DP_6_OP53 - SRF_Z_6_OP53 / CS_BF_OP53
Distance,WIDTH_1_OP54,D1,3.538,3.500,0.038,-0.500,0.500,,SRF_OW_1_OP54 - SRF_IW_1_OP54 / CS_BF_OP54
Distance,WIDTH_2_OP54,D1,3.281,3.500,-0.219,-0.500,0.500,,SRF_OW_2_OP54 - SRF_IW_2_OP54 / CS_BF_OP54
Distance,WIDTH_3_OP54,D1,3.425,3.500,-0.075,-0.500,0.500,,SRF_OW_3_OP54 - SRF_IW_3_OP54 / CS_BF_OP54
Distance,WIDTH_4_OP54,D1,3.451,3.500,-0.049,-0.500,0.500,,SRF_OW_4_OP54 - SRF_IW_4_OP54 / CS_BF_OP54
Distance,WIDTH_5_OP54,D1,3.410,3.500,-0.090,-0.500,0.500,,SRF_OW_5_OP54 - SRF_IW_5_OP54 / CS_BF_OP54
Distance,WIDTH_6_OP54,D1,3.348,3.500,-0.152,-0.500,0.500,,SRF_OW_6_OP54 - SRF_IW_6_OP54 / CS_BF_OP54
Distance,DEPTH_1_OP54,Z,-5.112,-5.000,-0.112,-0.500,0.500,,SRF_DP_1_OP54 - SRF_Z_1_OP54 / CS_BF_OP54
Distance,DEPTH_2_OP54,Z,-5.134,-5.000,-0.134,-0.500,0.500,,SRF_DP_2_OP54 - SRF_Z_2_OP54 / CS_BF_OP54
Distance,DEPTH_3_OP54,Z,-4.983,-5.000,0.017,-0.500,0.500,,SRF_DP_3_OP54 - SRF_Z_3_OP54 / CS_BF_OP54
Distance,DEPTH_4_OP54,Z,-5.038,-5.000,-0.038,-0.500,0.500,,SRF_DP_4_OP54 - SRF_Z_4_OP54 / CS_BF_OP54
Distance,DEPTH_5_OP54,Z,-4.853,-5.000,0.147,-0.500,0.500,,SRF_DP_5_OP54 - SRF_Z_5_OP54 / CS_BF_OP54
Distance,DEPTH_6_OP54,Z,-4.995,-5.000,0.005,-0.500,0.500,,SRF_DP_6_OP54 - SRF_Z_6_OP54 / CS_BF_OP54
Circle,CIR_43,X,-330.373,-330.500,0.127,,,,Criterion : Least Square (From 6 Pts On PL_INS_43) 
Circle,CIR_43,Y,-17.582,-17.500,-0.082,,,,
Circle,CIR_44,X,-382.996,-383.200,0.204,,,,Criterion : Least Square (From 6 Pts On PL_INS_44) 
Circle,CIR_44,Y,169.329,169.500,-0.171,,,,
Circle,CIR_45,X,-194.193,-194.300,0.107,,,,Criterion : Least Square (From 6 Pts On PL_INS_45) 
Circle,CIR_45,Y,169.583,169.500,0.083,,,,
Circle,CIR_46,X,-67.052,-66.800,-0.252,,,,Criterion : Least Square (From 6 Pts On PL_INS_46) 
Circle,CIR_46,Y,169.296,169.500,-0.204,,,,
Circle,CIR_42,X,-141.578,-141.500,-0.078,,,,Criterion : Least Square (From 6 Pts On PL_INS_42) 
Circle,CIR_42,Y,-17.254,-17.500,0.246,,,,
Circle,CIR_41,X,-14.326,-14.000,-0.326,,,,Criterion : Least Square (From 6 Pts On PL_INS_41) 
Circle,CIR_41,Y,-17.393,-17.500,0.107,,,,
