Feat. Type,Feat. Name,Value,Actual,Nominal,Dev.,Tol-,Tol+,Out of Tol.,Comment
Text/Value,VAR_PROGRAM,VAL,,,,,,,'N:\Metrolog XG\Programmes\Ford Nano 2.7L\Ford Nano 2.7L Free State (Module 51).gm2'
Text/Value,VAR_EVENEMENT,VAL,,,,,,,'Validation changement de cycle piece 4'
Text/Value,VAR_COMMENTAIRES,VAL,,,,,,,'344 C'
Circle,CIR_FLANGE_1,X,-86.702,-86.800,0.098,,,,Criterion : Least Square (From 12 Pts On PL_FLANGE_1) 
Circle,CIR_FLANGE_1,Z,44.301,44.500,-0.199,,,,
Circle,CIR_FLANGE_2,X,-102.393,-102.800,0.407,,,,Criterion : Least Square (From 12 Pts On PL_FLANGE_2) 
Circle,CIR_FLANGE_2,Z,-49.454,-49.500,0.046,,,,
Circle,CIR_FLANGE_3,X,-102.490,-102.800,0.310,,,,Criterion : Least Square (From 12 Pts On PL_FLANGE_3) 
Circle,CIR_FLANGE_3,Z,-144.719,-144.500,-0.219,,,,
Circle,CIR_FLANGE_4,X,-102.627,-102.800,0.173,,,,Criterion : Least Square (From 12 Pts On PL_FLANGE_4) 
Circle,CIR_FLANGE_4,Z,-240.846,-240.500,-0.346,,,,
Circle,CIR_FLANGE_5,X,9.214,9.200,0.014,,,,Criterion : Least Square (From 12 Pts On PL_FLANGE_5) 
Circle,CIR_FLANGE_5,Z,6.070,6.000,0.070,,,,
Circle,CIR_FLANGE_6,X,9.074,9.200,-0.126,,,,Criterion : Least Square (From 12 Pts On PL_FLANGE_6) 
Circle,CIR_FLANGE_6,Z,-84.643,-84.500,-0.143,,,,
Circle,CIR_FLANGE_7,X,8.657,9.200,-0.543,,,,Criterion : Least Square (From 12 Pts On PL_FLANGE_7) 
Circle,CIR_FLANGE_7,Z,-179.696,-179.500,-0.196,,,,
Circle,CIR_FLANGE_8,X,9.272,9.200,0.072,,,,Criterion : Least Square (From 12 Pts On PL_FLANGE_8) 
Circle,CIR_FLANGE_8,Z,-274.839,-274.500,-0.339,,,,
Distance,BOSS_HEIGHT_1,D1,25.863,25.900,-0.037,-0.200,0.100,,CIR_TOP_PRJ_1 - CIR_FLANGE_1 / CS_BF_MNTG_POINTS
Distance,BOSS_HEIGHT_2,D1,25.765,25.900,-0.135,-0.200,0.100,,CIR_TOP_PRJ_2 - CIR_FLANGE_2 / CS_BF_MNTG_POINTS
Distance,BOSS_HEIGHT_3,D1,25.755,25.900,-0.145,-0.200,0.100,,CIR_TOP_PRJ_3 - CIR_FLANGE_3 / CS_BF_MNTG_POINTS
Distance,BOSS_HEIGHT_4,D1,25.825,25.900,-0.075,-0.200,0.100,,CIR_TOP_PRJ_4 - CIR_FLANGE_4 / CS_BF_MNTG_POINTS
Distance,BOSS_HEIGHT_5,D1,25.709,25.900,-0.191,-0.200,0.100,,CIR_TOP_PRJ_5 - CIR_FLANGE_5 / CS_BF_MNTG_POINTS
Distance,BOSS_HEIGHT_6,D1,25.614,25.900,-0.286,-0.200,0.100,-0.086,CIR_TOP_PRJ_6 - CIR_FLANGE_6 / CS_BF_MNTG_POINTS
Distance,BOSS_HEIGHT_7,D1,25.731,25.900,-0.169,-0.200,0.100,,CIR_TOP_PRJ_7 - CIR_FLANGE_7 / CS_BF_MNTG_POINTS
Distance,BOSS_HEIGHT_8,D1,25.738,25.900,-0.162,-0.200,0.100,,CIR_TOP_PRJ_8 - CIR_FLANGE_8 / CS_BF_MNTG_POINTS
Pos. Tol.,POS_1,PTOL,0.445,0.000,0.445,0.000,1.500,,CIR_FLANGE_1/NOMINAL - CS_ABC - C-Zone - XZ - Nominal
Pos. Tol.,POS_2,PTOL,0.820,0.000,0.820,0.000,1.500,,CIR_FLANGE_2/NOMINAL - CS_ABC - C-Zone - XZ - Nominal
Pos. Tol.,POS_3,PTOL,0.759,0.000,0.759,0.000,1.500,,CIR_FLANGE_3/NOMINAL - CS_ABC - C-Zone - XZ - Nominal
Pos. Tol.,POS_4,PTOL,0.773,0.000,0.773,0.000,1.500,,CIR_FLANGE_4/NOMINAL - CS_ABC - C-Zone - XZ - Nominal
Pos. Tol.,POS_5,PTOL,0.143,0.000,0.143,0.000,1.500,,CIR_FLANGE_5/NOMINAL - CS_ABC - C-Zone - XZ - Nominal
Pos. Tol.,POS_6,PTOL,0.381,0.000,0.381,0.000,1.500,,CIR_FLANGE_6/NOMINAL - CS_ABC - C-Zone - XZ - Nominal
Pos. Tol.,POS_7,PTOL,1.154,0.000,1.154,0.000,1.500,,CIR_FLANGE_7/NOMINAL - CS_ABC - C-Zone - XZ - Nominal
Pos. Tol.,POS_8,PTOL,0.693,0.000,0.693,0.000,1.500,,CIR_FLANGE_8/NOMINAL - CS_ABC - C-Zone - XZ - Nominal
