Feat. Type,Feat. Name,Value,Actual,Nominal,Dev.,Tol-,Tol+,Out of Tol.,Comment
Text/Value,VAR_PROGRAM,VAL,,,,,,,'N:\Metrolog XG\Programmes\GM HF FWD GEN II C1xx\GM HF FWD Gen II C1xx Complete (Module 64).gm2'
Text/Value,VAR_EVENEMENT,VAL,,,,,,,'Smed nid 1'
Text/Value,VAR_COMMENTAIRES,VAL,,,,,,,'334 B'
Text/Value,PROFILE_DATUM_A,VAL,0.276577,0.000000,0.276577,0.000000,1.000000,,
Text/Value,PROFILE_DATUM_B,VAL,1.745207,0.000000,1.745207,0.000000,1.000000,0.745207,
Distance,WIDTH_C,D1,9.008,9.000,0.008,-0.150,0.150,,SRF_C_TOP - SRF_C_DOWN / CS_ABC_SURFACES_C
Pos. Tol.,POS_1,PTOL,0.395,0.000,0.395,0.000,2.000,,CIR1/NOMINAL - CS_ABC_SURFACES_C - C-Zone - XZ - Nominal
Pos. Tol.,POS_2,PTOL,0.257,0.000,0.257,0.000,2.000,,CIR2/NOMINAL - CS_ABC_SURFACES_C - C-Zone - XZ - Nominal
Pos. Tol.,POS_3,PTOL,0.488,0.000,0.488,0.000,2.000,,CIR3/NOMINAL - CS_ABC_SURFACES_C - C-Zone - XZ - Nominal
Pos. Tol.,POS_4,PTOL,0.235,0.000,0.235,0.000,2.000,,CIR4/NOMINAL - CS_ABC_SURFACES_C - C-Zone - XZ - Nominal
Pos. Tol.,POS_5,PTOL,0.221,0.000,0.221,0.000,2.000,,CIR5/NOMINAL - CS_ABC_SURFACES_C - C-Zone - XZ - Nominal
Pos. Tol.,POS_6,PTOL,0.409,0.000,0.409,0.000,2.000,,CIR6/NOMINAL - CS_ABC_SURFACES_C - C-Zone - XZ - Nominal
Pos. Tol.,POS_7,PTOL,0.852,0.000,0.852,0.000,2.000,,CIR7/NOMINAL - CS_ABC_SURFACES_C - C-Zone - XZ - Nominal
Pos. Tol.,POS_8,PTOL,1.063,0.000,1.063,0.000,2.000,,CIR8/NOMINAL - CS_ABC_SURFACES_C - C-Zone - XZ - Nominal
Pos. Tol.,POS_9,PTOL,2.017,0.000,2.017,0.000,2.000,0.017,CIR9/NOMINAL - CS_ABC_SURFACES_C - C-Zone - XZ - Nominal
Circle,CIR1,DIAM,14.962,15.000,-0.038,-0.100,0.100,,From 4 Pts On PL_PLAST_1
Circle,CIR1,X,-51.820,-52.000,0.180,,,,
Circle,CIR1,Y,85.020,85.260,-0.240,,,,
Circle,CIR1,Z,-112.419,-112.500,0.081,,,,
Circle,CIR2,DIAM,15.110,15.100,0.010,-0.100,0.100,,From 4 Pts On PL_PLAST_2
Circle,CIR2,X,-52.095,-52.000,-0.095,,,,
Circle,CIR2,Y,85.174,85.260,-0.086,,,,
Circle,CIR2,Z,-18.087,-18.000,-0.087,,,,
Circle,CIR3,DIAM,15.013,15.000,0.013,-0.100,0.100,,From 4 Pts On PL_PLAST_3
Circle,CIR3,X,-52.207,-52.000,-0.207,,,,
Circle,CIR3,Y,85.317,85.260,0.057,,,,
Circle,CIR3,Z,87.871,88.000,-0.129,,,,
Circle,CIR4,DIAM,15.031,15.000,0.031,-0.100,0.100,,From 4 Pts On PL_PLAST_4
Circle,CIR4,X,-52.115,-52.000,-0.115,,,,
Circle,CIR4,Y,85.264,85.260,0.004,,,,
Circle,CIR4,Z,193.975,194.000,-0.025,,,,
Circle,CIR5,DIAM,15.024,15.000,0.024,-0.100,0.100,,From 4 Pts On PL_PLAST_5
Circle,CIR5,X,51.896,52.000,-0.104,,,,
Circle,CIR5,Y,85.526,85.260,0.266,,,,
Circle,CIR5,Z,155.538,155.500,0.038,,,,
Circle,CIR6,DIAM,14.939,15.000,-0.061,-0.100,0.100,,From 4 Pts On PL_PLAST_6
Circle,CIR6,X,51.971,52.000,-0.029,,,,
Circle,CIR6,Y,84.972,85.260,-0.288,,,,
Circle,CIR6,Z,61.202,61.000,0.202,,,,
Circle,CIR7,DIAM,14.901,14.900,0.001,-0.100,0.100,,From 4 Pts On PL_PLAST_7
Circle,CIR7,X,52.294,52.000,0.294,,,,
Circle,CIR7,Y,84.614,85.260,-0.646,,,,
Circle,CIR7,Z,-44.692,-45.000,0.308,,,,
Circle,CIR8,DIAM,14.946,15.000,-0.054,-0.100,0.100,,From 4 Pts On PL_PLAST_8
Circle,CIR8,X,52.266,52.000,0.266,,,,
Circle,CIR8,Y,84.372,85.260,-0.888,,,,
Circle,CIR8,Z,-150.540,-151.000,0.460,,,,
Circle,CIR9,DIAM,12.871,12.860,0.011,-0.100,0.100,,From 4 Pts On PL_PLAST_9
Circle,CIR9,X,284.496,284.990,-0.494,,,,
Circle,CIR9,Y,26.561,27.530,-0.969,,,,
Circle,CIR9,Z,160.379,159.500,0.879,,,,
Distance,PROFILE_1,Y,85.020,85.250,-0.230,-0.250,0.250,,CIR1 - ORIGIN / CS_ABC_SURFACES_C
Distance,PROFILE_2,Y,85.174,85.250,-0.076,-0.250,0.250,,CIR2 - ORIGIN / CS_ABC_SURFACES_C
Distance,PROFILE_3,Y,85.317,85.250,0.067,-0.250,0.250,,CIR3 - ORIGIN / CS_ABC_SURFACES_C
Distance,PROFILE_4,Y,85.264,85.250,0.014,-0.250,0.250,,CIR4 - ORIGIN / CS_ABC_SURFACES_C
Distance,PROFILE_5,Y,85.526,85.250,0.276,-0.250,0.250,0.026,CIR5 - ORIGIN / CS_ABC_SURFACES_C
Distance,PROFILE_6,Y,84.972,85.250,-0.278,-0.250,0.250,-0.028,CIR6 - ORIGIN / CS_ABC_SURFACES_C
Distance,PROFILE_7,Y,84.614,85.250,-0.636,-0.250,0.250,-0.386,CIR7 - ORIGIN / CS_ABC_SURFACES_C
Distance,PROFILE_8,Y,84.372,85.250,-0.878,-0.250,0.250,-0.628,CIR8 - ORIGIN / CS_ABC_SURFACES_C
Profile of Line,PROFILE_VERTICAL_OP_1,PRFL,0.135,0.000,0.135,0.000,1.200,,SECTION_VERTICAL_OP_1
Profile of Line,PROFILE_VERTICAL_OP_2,PRFL,0.349,0.000,0.349,0.000,1.200,,SECTION_VERTICAL_OP_2
Profile of Line,PROFILE_VERTICAL_OP_3,PRFL,1.217,0.000,1.217,0.000,1.200,0.017,SECTION_VERTICAL_OP_3
Profile of Line,PROFILE_VERTICAL_OP_4,PRFL,0.288,0.000,0.288,0.000,1.200,,SECTION_VERTICAL_OP_4
Profile of Line,PROFILE_VERTICAL_OP_5,PRFL,0.135,0.000,0.135,0.000,1.200,,SECTION_VERTICAL_OP_5
Profile of Line,PROFILE_VERTICAL_OP_6,PRFL,0.183,0.000,0.183,0.000,1.200,,SECTION_VERTICAL_OP_6
Profile of Line,PROFILE_HORIZONTAL_OP_1,PRFL,0.904,0.000,0.904,0.000,2.000,,SECTION_HORIZONTAL_OP_1
Profile of Line,PROFILE_HORIZONTAL_OP_2,PRFL,0.620,0.000,0.620,0.000,2.000,,SECTION_HORIZONTAL_OP_2
Profile of Line,PROFILE_HORIZONTAL_OP_3,PRFL,2.010,0.000,2.010,0.000,2.000,0.010,SECTION_HORIZONTAL_OP_3
Profile of Line,PROFILE_HORIZONTAL_OP_4,PRFL,1.038,0.000,1.038,0.000,2.000,,SECTION_HORIZONTAL_OP_4
Profile of Line,PROFILE_HORIZONTAL_OP_5,PRFL,0.559,0.000,0.559,0.000,2.000,,SECTION_HORIZONTAL_OP_5
Profile of Line,PROFILE_HORIZONTAL_OP_6,PRFL,1.510,0.000,1.510,0.000,2.000,,SECTION_HORIZONTAL_OP_6
Distance,OP1_WIDTH_1,D1,3.972,3.900,0.072,-0.150,0.150,,OP1_PT1_OW_GAGE - OP1_PT1_IW_GAGE / CS_BF_OP1
Distance,OP1_WIDTH_2,D1,4.037,3.900,0.137,-0.150,0.150,,OP1_PT2_OW_GAGE - OP1_PT2_IW_GAGE / CS_BF_OP1
Distance,OP1_WIDTH_3,D1,3.962,3.900,0.062,-0.150,0.150,,OP1_PT3_OW_GAGE - OP1_PT3_IW_GAGE / CS_BF_OP1
Distance,OP1_WIDTH_4,D1,3.959,3.900,0.059,-0.150,0.150,,OP1_PT4_OW_GAGE - OP1_PT4_IW_GAGE / CS_BF_OP1
Distance,OP1_WIDTH_5,D1,4.020,3.900,0.120,-0.150,0.150,,OP1_PT5_OW_GAGE - OP1_PT5_IW_GAGE / CS_BF_OP1
Distance,OP1_WIDTH_6,D1,3.916,3.900,0.016,-0.150,0.150,,OP1_PT6_OW_GAGE - OP1_PT6_IW_GAGE / CS_BF_OP1
Distance,OP1_WIDTH_7,D1,4.016,3.900,0.116,-0.150,0.150,,OP1_PT7_OW_GAGE - OP1_PT7_IW_GAGE / CS_BF_OP1
Distance,OP1_WIDTH_8,D1,4.068,4.150,-0.082,-0.150,0.150,,OP1_PT8_OW_GAGE - OP1_PT8_IW_GAGE / CS_BF_OP1
Distance,OP1_DEPTH_1,D1,5.908,6.000,-0.092,-0.150,0.150,,PL_FIXTURE_A - OP1_PT1_DEPTH / CS_BF_OP1
Distance,OP1_DEPTH_2,D1,5.970,6.000,-0.030,-0.150,0.150,,PL_FIXTURE_A - OP1_PT2_DEPTH / CS_BF_OP1
Distance,OP1_DEPTH_3,D1,5.924,6.000,-0.076,-0.150,0.150,,PL_FIXTURE_A - OP1_PT3_DEPTH / CS_BF_OP1
Distance,OP1_DEPTH_4,D1,6.002,6.000,0.002,-0.150,0.150,,PL_FIXTURE_A - OP1_PT4_DEPTH / CS_BF_OP1
Distance,OP1_DEPTH_5,D1,6.083,6.000,0.083,-0.150,0.150,,PL_FIXTURE_A - OP1_PT5_DEPTH / CS_BF_OP1
Distance,OP1_DEPTH_6,D1,5.967,6.000,-0.033,-0.150,0.150,,PL_FIXTURE_A - OP1_PT6_DEPTH / CS_BF_OP1
Distance,OP1_DEPTH_7,D1,5.921,6.000,-0.079,-0.150,0.150,,PL_FIXTURE_A - OP1_PT7_DEPTH / CS_BF_OP1
Distance,OP1_DEPTH_8,D1,6.031,6.000,0.031,-0.150,0.150,,PL_FIXTURE_A - OP1_PT8_DEPTH / CS_BF_OP1
Distance,OP2_WIDTH_1,D1,3.998,3.900,0.098,-0.150,0.150,,OP2_PT1_OW_GAGE - OP2_PT1_IW_GAGE / CS_BF_OP2
Distance,OP2_WIDTH_2,D1,4.116,4.150,-0.034,-0.150,0.150,,OP2_PT2_OW_GAGE - OP2_PT2_IW_GAGE / CS_BF_OP2
Distance,OP2_WIDTH_3,D1,3.944,3.900,0.044,-0.150,0.150,,OP2_PT3_OW_GAGE - OP2_PT3_IW_GAGE / CS_BF_OP2
Distance,OP2_WIDTH_4,D1,3.952,3.900,0.052,-0.150,0.150,,OP2_PT4_OW_GAGE - OP2_PT4_IW_GAGE / CS_BF_OP2
Distance,OP2_WIDTH_5,D1,4.019,3.900,0.119,-0.150,0.150,,OP2_PT5_OW_GAGE - OP2_PT5_IW_GAGE / CS_BF_OP2
Distance,OP2_WIDTH_6,D1,3.980,3.900,0.080,-0.150,0.150,,OP2_PT6_OW_GAGE - OP2_PT6_IW_GAGE / CS_BF_OP2
Distance,OP2_WIDTH_7,D1,4.098,4.150,-0.052,-0.150,0.150,,OP2_PT7_OW_GAGE - OP2_PT7_IW_GAGE / CS_BF_OP2
Distance,OP2_WIDTH_8,D1,4.010,3.900,0.110,-0.150,0.150,,OP2_PT8_OW_GAGE - OP2_PT8_IW_GAGE / CS_BF_OP2
Distance,OP2_DEPTH_1,D1,6.035,6.000,0.035,-0.150,0.150,,PL_FIXTURE_A - OP2_PT1_DEPTH / CS_BF_OP2
Distance,OP2_DEPTH_2,D1,6.149,6.000,0.149,-0.150,0.150,,PL_FIXTURE_A - OP2_PT2_DEPTH / CS_BF_OP2
Distance,OP2_DEPTH_3,D1,6.013,6.000,0.013,-0.150,0.150,,PL_FIXTURE_A - OP2_PT3_DEPTH / CS_BF_OP2
Distance,OP2_DEPTH_4,D1,6.018,6.000,0.018,-0.150,0.150,,PL_FIXTURE_A - OP2_PT4_DEPTH / CS_BF_OP2
Distance,OP2_DEPTH_5,D1,6.124,6.000,0.124,-0.150,0.150,,PL_FIXTURE_A - OP2_PT5_DEPTH / CS_BF_OP2
Distance,OP2_DEPTH_6,D1,6.043,6.000,0.043,-0.150,0.150,,PL_FIXTURE_A - OP2_PT6_DEPTH / CS_BF_OP2
Distance,OP2_DEPTH_7,D1,5.944,6.000,-0.056,-0.150,0.150,,PL_FIXTURE_A - OP2_PT7_DEPTH / CS_BF_OP2
Distance,OP2_DEPTH_8,D1,6.036,6.000,0.036,-0.150,0.150,,PL_FIXTURE_A - OP2_PT8_DEPTH / CS_BF_OP2
Distance,OP3_WIDTH_1,D1,3.918,3.900,0.018,-0.150,0.150,,OP3_PT1_OW_GAGE - OP3_PT1_IW_GAGE / CS_BF_OP3
Distance,OP3_WIDTH_2,D1,4.077,3.900,0.177,-0.150,0.150,0.027,OP3_PT2_OW_GAGE - OP3_PT2_IW_GAGE / CS_BF_OP3
Distance,OP3_WIDTH_3,D1,3.972,3.900,0.072,-0.150,0.150,,OP3_PT3_OW_GAGE - OP3_PT3_IW_GAGE / CS_BF_OP3
Distance,OP3_WIDTH_4,D1,3.854,3.900,-0.046,-0.150,0.150,,OP3_PT4_OW_GAGE - OP3_PT4_IW_GAGE / CS_BF_OP3
Distance,OP3_WIDTH_5,D1,3.883,3.900,-0.017,-0.150,0.150,,OP3_PT5_OW_GAGE - OP3_PT5_IW_GAGE / CS_BF_OP3
Distance,OP3_WIDTH_6,D1,3.850,3.900,-0.050,-0.150,0.150,,OP3_PT6_OW_GAGE - OP3_PT6_IW_GAGE / CS_BF_OP3
Distance,OP3_WIDTH_7,D1,4.018,4.150,-0.132,-0.150,0.150,,OP3_PT7_OW_GAGE - OP3_PT7_IW_GAGE / CS_BF_OP3
Distance,OP3_WIDTH_8,D1,3.926,3.900,0.026,-0.150,0.150,,OP3_PT8_OW_GAGE - OP3_PT8_IW_GAGE / CS_BF_OP3
Distance,OP3_DEPTH_1,D1,6.151,6.000,0.151,-0.150,0.150,0.001,PL_FIXTURE_A - OP3_PT1_DEPTH / CS_BF_OP3
Distance,OP3_DEPTH_2,D1,6.386,6.000,0.386,-0.150,0.150,0.236,PL_FIXTURE_A - OP3_PT2_DEPTH / CS_BF_OP3
Distance,OP3_DEPTH_3,D1,6.075,6.000,0.075,-0.150,0.150,,PL_FIXTURE_A - OP3_PT3_DEPTH / CS_BF_OP3
Distance,OP3_DEPTH_4,D1,6.039,6.000,0.039,-0.150,0.150,,PL_FIXTURE_A - OP3_PT4_DEPTH / CS_BF_OP3
Distance,OP3_DEPTH_5,D1,6.097,6.000,0.097,-0.150,0.150,,PL_FIXTURE_A - OP3_PT5_DEPTH / CS_BF_OP3
Distance,OP3_DEPTH_6,D1,6.016,6.000,0.016,-0.150,0.150,,PL_FIXTURE_A - OP3_PT6_DEPTH / CS_BF_OP3
Distance,OP3_DEPTH_7,D1,5.999,6.000,-0.001,-0.150,0.150,,PL_FIXTURE_A - OP3_PT7_DEPTH / CS_BF_OP3
Distance,OP3_DEPTH_8,D1,6.144,6.000,0.144,-0.150,0.150,,PL_FIXTURE_A - OP3_PT8_DEPTH / CS_BF_OP3
Distance,OP4_WIDTH_1,D1,3.820,3.900,-0.080,-0.150,0.150,,OP4_PT1_OW_GAGE - OP4_PT1_IW_GAGE / CS_BF_OP4
Distance,OP4_WIDTH_2,D1,3.999,3.900,0.099,-0.150,0.150,,OP4_PT2_OW_GAGE - OP4_PT2_IW_GAGE / CS_BF_OP4
Distance,OP4_WIDTH_3,D1,3.990,3.900,0.090,-0.150,0.150,,OP4_PT3_OW_GAGE - OP4_PT3_IW_GAGE / CS_BF_OP4
Distance,OP4_WIDTH_4,D1,3.946,3.900,0.046,-0.150,0.150,,OP4_PT4_OW_GAGE - OP4_PT4_IW_GAGE / CS_BF_OP4
Distance,OP4_WIDTH_5,D1,4.103,4.150,-0.047,-0.150,0.150,,OP4_PT5_OW_GAGE - OP4_PT5_IW_GAGE / CS_BF_OP4
Distance,OP4_WIDTH_6,D1,3.872,3.900,-0.028,-0.150,0.150,,OP4_PT6_OW_GAGE - OP4_PT6_IW_GAGE / CS_BF_OP4
Distance,OP4_WIDTH_7,D1,4.078,3.900,0.178,-0.150,0.150,0.028,OP4_PT7_OW_GAGE - OP4_PT7_IW_GAGE / CS_BF_OP4
Distance,OP4_WIDTH_8,D1,3.976,3.900,0.076,-0.150,0.150,,OP4_PT8_OW_GAGE - OP4_PT8_IW_GAGE / CS_BF_OP4
Distance,OP4_DEPTH_1,D1,5.867,6.000,-0.133,-0.150,0.150,,PL_FIXTURE_B - OP4_PT1_DEPTH / CS_BF_OP4
Distance,OP4_DEPTH_2,D1,6.028,6.000,0.028,-0.150,0.150,,PL_FIXTURE_B - OP4_PT2_DEPTH / CS_BF_OP4
Distance,OP4_DEPTH_3,D1,6.072,6.000,0.072,-0.150,0.150,,PL_FIXTURE_B - OP4_PT3_DEPTH / CS_BF_OP4
Distance,OP4_DEPTH_4,D1,5.989,6.000,-0.011,-0.150,0.150,,PL_FIXTURE_B - OP4_PT4_DEPTH / CS_BF_OP4
Distance,OP4_DEPTH_5,D1,6.045,6.000,0.045,-0.150,0.150,,PL_FIXTURE_B - OP4_PT5_DEPTH / CS_BF_OP4
Distance,OP4_DEPTH_6,D1,6.026,6.000,0.026,-0.150,0.150,,PL_FIXTURE_B - OP4_PT6_DEPTH / CS_BF_OP4
Distance,OP4_DEPTH_7,D1,5.978,6.000,-0.022,-0.150,0.150,,PL_FIXTURE_B - OP4_PT7_DEPTH / CS_BF_OP4
Distance,OP4_DEPTH_8,D1,5.897,6.000,-0.103,-0.150,0.150,,PL_FIXTURE_B - OP4_PT8_DEPTH / CS_BF_OP4
Distance,OP5_WIDTH_1,D1,3.892,3.900,-0.008,-0.150,0.150,,OP5_PT1_OW_GAGE - OP5_PT1_IW_GAGE / CS_BF_OP5
Distance,OP5_WIDTH_2,D1,3.999,3.900,0.099,-0.150,0.150,,OP5_PT2_OW_GAGE - OP5_PT2_IW_GAGE / CS_BF_OP5
Distance,OP5_WIDTH_3,D1,4.010,4.150,-0.140,-0.150,0.150,,OP5_PT3_OW_GAGE - OP5_PT3_IW_GAGE / CS_BF_OP5
Distance,OP5_WIDTH_4,D1,3.902,3.900,0.002,-0.150,0.150,,OP5_PT4_OW_GAGE - OP5_PT4_IW_GAGE / CS_BF_OP5
Distance,OP5_WIDTH_5,D1,4.077,4.150,-0.073,-0.150,0.150,,OP5_PT5_OW_GAGE - OP5_PT5_IW_GAGE / CS_BF_OP5
Distance,OP5_WIDTH_6,D1,4.015,3.900,0.115,-0.150,0.150,,OP5_PT6_OW_GAGE - OP5_PT6_IW_GAGE / CS_BF_OP5
Distance,OP5_WIDTH_7,D1,4.060,4.150,-0.090,-0.150,0.150,,OP5_PT7_OW_GAGE - OP5_PT7_IW_GAGE / CS_BF_OP5
Distance,OP5_WIDTH_8,D1,3.918,3.900,0.018,-0.150,0.150,,OP5_PT8_OW_GAGE - OP5_PT8_IW_GAGE / CS_BF_OP5
Distance,OP5_DEPTH_1,D1,6.030,6.000,0.030,-0.150,0.150,,PL_FIXTURE_B - OP5_PT1_DEPTH / CS_BF_OP5
Distance,OP5_DEPTH_2,D1,6.134,6.000,0.134,-0.150,0.150,,PL_FIXTURE_B - OP5_PT2_DEPTH / CS_BF_OP5
Distance,OP5_DEPTH_3,D1,6.022,6.000,0.022,-0.150,0.150,,PL_FIXTURE_B - OP5_PT3_DEPTH / CS_BF_OP5
Distance,OP5_DEPTH_4,D1,6.020,6.000,0.020,-0.150,0.150,,PL_FIXTURE_B - OP5_PT4_DEPTH / CS_BF_OP5
Distance,OP5_DEPTH_5,D1,6.074,6.000,0.074,-0.150,0.150,,PL_FIXTURE_B - OP5_PT5_DEPTH / CS_BF_OP5
Distance,OP5_DEPTH_6,D1,6.068,6.000,0.068,-0.150,0.150,,PL_FIXTURE_B - OP5_PT6_DEPTH / CS_BF_OP5
Distance,OP5_DEPTH_7,D1,6.024,6.000,0.024,-0.150,0.150,,PL_FIXTURE_B - OP5_PT7_DEPTH / CS_BF_OP5
Distance,OP5_DEPTH_8,D1,6.046,6.000,0.046,-0.150,0.150,,PL_FIXTURE_B - OP5_PT8_DEPTH / CS_BF_OP5
Distance,OP6_WIDTH_1,D1,3.788,3.900,-0.112,-0.150,0.150,,OP6_PT1_OW_GAGE - OP6_PT1_IW_GAGE / CS_BF_OP6
Distance,OP6_WIDTH_2,D1,3.963,3.900,0.063,-0.150,0.150,,OP6_PT2_OW_GAGE - OP6_PT2_IW_GAGE / CS_BF_OP6
Distance,OP6_WIDTH_3,D1,4.037,3.900,0.137,-0.150,0.150,,OP6_PT3_OW_GAGE - OP6_PT3_IW_GAGE / CS_BF_OP6
Distance,OP6_WIDTH_4,D1,3.891,3.900,-0.009,-0.150,0.150,,OP6_PT4_OW_GAGE - OP6_PT4_IW_GAGE / CS_BF_OP6
Distance,OP6_WIDTH_5,D1,4.036,3.900,0.136,-0.150,0.150,,OP6_PT5_OW_GAGE - OP6_PT5_IW_GAGE / CS_BF_OP6
Distance,OP6_WIDTH_6,D1,3.991,3.900,0.091,-0.150,0.150,,OP6_PT6_OW_GAGE - OP6_PT6_IW_GAGE / CS_BF_OP6
Distance,OP6_WIDTH_7,D1,4.052,4.150,-0.098,-0.150,0.150,,OP6_PT7_OW_GAGE - OP6_PT7_IW_GAGE / CS_BF_OP6
Distance,OP6_WIDTH_8,D1,3.924,3.900,0.024,-0.150,0.150,,OP6_PT8_OW_GAGE - OP6_PT8_IW_GAGE / CS_BF_OP6
Distance,OP6_DEPTH_1,D1,6.046,6.000,0.046,-0.150,0.150,,PL_FIXTURE_B - OP6_PT1_DEPTH / CS_BF_OP6
Distance,OP6_DEPTH_2,D1,6.032,6.000,0.032,-0.150,0.150,,PL_FIXTURE_B - OP6_PT2_DEPTH / CS_BF_OP6
Distance,OP6_DEPTH_3,D1,5.983,6.000,-0.017,-0.150,0.150,,PL_FIXTURE_B - OP6_PT3_DEPTH / CS_BF_OP6
Distance,OP6_DEPTH_4,D1,6.013,6.000,0.013,-0.150,0.150,,PL_FIXTURE_B - OP6_PT4_DEPTH / CS_BF_OP6
Distance,OP6_DEPTH_5,D1,6.045,6.000,0.045,-0.150,0.150,,PL_FIXTURE_B - OP6_PT5_DEPTH / CS_BF_OP6
Distance,OP6_DEPTH_6,D1,6.102,6.000,0.102,-0.150,0.150,,PL_FIXTURE_B - OP6_PT6_DEPTH / CS_BF_OP6
Distance,OP6_DEPTH_7,D1,6.185,6.000,0.185,-0.150,0.150,0.035,PL_FIXTURE_B - OP6_PT7_DEPTH / CS_BF_OP6
Distance,OP6_DEPTH_8,D1,6.212,6.000,0.212,-0.150,0.150,0.062,PL_FIXTURE_B - OP6_PT8_DEPTH / CS_BF_OP6
Circle,CIR_A,DIAM,73.850,73.500,0.350,-0.500,0.500,,Criterion : Least Square (From 16 Pts On PL_PLAST_A) 
Circle,CIR_A,X,242.550,242.799,-0.249,,,,
Circle,CIR_A,Y,136.309,136.926,-0.618,,,,
Circle,CIR_A,Z,156.243,155.357,0.886,,,,
Circle,CIR_INS_11,X,289.653,290.064,-0.412,,,,Criterion : Least Square (From 8 Pts On PL_INS_11) 
Circle,CIR_INS_11,Y,161.625,162.379,-0.754,,,,
Circle,CIR_INS_11,Z,150.796,149.158,1.638,,,,
Circle,CIR_INS_12,X,278.374,279.125,-0.750,,,,Criterion : Least Square (From 8 Pts On PL_INS_12) 
Circle,CIR_INS_12,Y,102.014,102.451,-0.436,,,,
Circle,CIR_INS_12,Z,166.633,165.216,1.416,,,,
Circle,CIR_INS_13,X,196.263,196.401,-0.138,,,,Criterion : Least Square (From 8 Pts On PL_INS_13) 
Circle,CIR_INS_13,Y,116.058,116.540,-0.482,,,,
Circle,CIR_INS_13,Z,161.697,161.441,0.257,,,,
Circle,CIR_INS_14,X,207.237,207.341,-0.103,,,,Criterion : Least Square (From 8 Pts On PL_INS_14) 
Circle,CIR_INS_14,Y,176.086,176.469,-0.383,,,,
Circle,CIR_INS_14,Z,146.323,145.383,0.940,,,,
Circle,2D_CIR_INS_11,X,41.856,42.000,-0.144,,,,
Circle,2D_CIR_INS_11,Y,33.820,34.000,-0.180,,,,
Circle,2D_CIR_INS_12,X,41.766,42.000,-0.234,,,,
Circle,2D_CIR_INS_12,Y,-28.881,-29.000,0.119,,,,
Circle,2D_CIR_INS_13,X,-41.684,-42.000,0.316,,,,
Circle,2D_CIR_INS_13,Y,-28.934,-29.000,0.066,,,,
Circle,2D_CIR_INS_14,X,-41.937,-42.000,0.063,,,,
Circle,2D_CIR_INS_14,Y,33.995,34.000,-0.005,,,,
Pos. Tol.,POS_11,PTOL,3.699,0.000,3.699,0.000,3.000,0.699,CIR_INS_11/NOMINAL - CS_ABC_SURFACES_C - C-Zone - XYZ - Nominal
Pos. Tol.,POS_12,PTOL,3.322,0.000,3.322,0.000,3.000,0.322,CIR_INS_12/NOMINAL - CS_ABC_SURFACES_C - C-Zone - XYZ - Nominal
Pos. Tol.,POS_13,PTOL,1.126,0.000,1.126,0.000,3.000,,CIR_INS_13/NOMINAL - CS_ABC_SURFACES_C - C-Zone - XYZ - Nominal
Pos. Tol.,POS_2D_11,PTOL,0.462,0.000,0.462,0.000,1.000,,2D_CIR_INS_11/NOMINAL - CS_D_BF - C-Zone - XY - Nominal
Pos. Tol.,POS_2D_12,PTOL,0.526,0.000,0.526,0.000,1.000,,2D_CIR_INS_12/NOMINAL - CS_D_BF - C-Zone - XY - Nominal
Pos. Tol.,POS_2D_13,PTOL,0.646,0.000,0.646,0.000,1.000,,2D_CIR_INS_13/NOMINAL - CS_D_BF - C-Zone - XY - Nominal
Pos. Tol.,POS_2D_14,PTOL,0.125,0.000,0.125,0.000,0.500,,2D_CIR_INS_14/NOMINAL - CS_D_BF - C-Zone - XY - Nominal
Perpend.,PERP_11,PERP,0.130,0.000,0.130,0.000,0.400,,CYL_11/PL_INS_11 - C-Zone - Nominal
Perpend.,PERP_12,PERP,0.122,0.000,0.122,0.000,0.400,,CYL_12/PL_INS_12 - C-Zone - Nominal
Perpend.,PERP_13,PERP,0.325,0.000,0.325,0.000,0.400,,CYL_13/PL_INS_13 - C-Zone - Nominal
Perpend.,PERP_14,PERP,0.120,0.000,0.120,0.000,0.400,,CYL_14/PL_INS_14 - C-Zone - Nominal
Flatness,FLATNESS_DATUM_D,FLTN,0.246,0.000,0.246,0.000,0.300,,PL_PLAST_D_TB
Distance,H_11,Z,0.147,-0.000,0.147,0.000,0.400,,CIR_INS_11 - PL_PLAST_INS_11 / CS_D_BF
Distance,H_12,Z,0.308,-0.000,0.308,0.000,0.400,,CIR_INS_12 - PL_PLAST_INS_12 / CS_D_BF
Distance,H_13,Z,0.105,-0.000,0.105,0.000,0.400,,CIR_INS_13 - PL_PLAST_INS_13 / CS_D_BF
Distance,H_14,Z,0.234,-0.000,0.234,0.000,0.400,,CIR_INS_14 - PL_PLAST_INS_14 / CS_D_BF
Profile of Line,PROFILE_SURFACE_D,PRFL,2.371,0.000,2.371,0.000,3.000,,SECTION_D
Distance,PROF_INS_11_D,D1,0.740,0.650,0.090,-0.150,0.150,,CIR_INS_11 - PL_PLAST_D_TB / CS_D_BF
Distance,PROF_INS_12_D,D1,0.876,1.000,-0.124,-0.150,0.150,,CIR_INS_12 - PL_PLAST_D_TB / CS_D_BF
Distance,PROF_INS_13_D,D1,0.606,0.650,-0.044,-0.150,0.150,,CIR_INS_13 - PL_PLAST_D_TB / CS_D_BF
Distance,PROF_INS_14_D,D1,1.027,1.000,0.027,-0.150,0.150,,CIR_INS_14 - PL_PLAST_D_TB / CS_D_BF
Distance,WIDTH_TBA_1,D1,3.222,3.250,-0.028,-0.150,0.150,,0W2.5_1.1 - IW2.5_1.1 / CS_D_BF
Distance,WIDTH_TBA_2,D1,3.191,3.250,-0.059,-0.150,0.150,,0W2.5_1.2 - IW2.5_1.2 / CS_D_BF
Distance,WIDTH_TBA_3,D1,3.293,3.250,0.043,-0.150,0.150,,0W2.5_1.3 - IW2.5_1.3 / CS_D_BF
Distance,WIDTH_TBA_4,D1,3.271,3.250,0.021,-0.150,0.150,,0W2.5_1.4 - IW2.5_1.4 / CS_D_BF
Distance,WIDTH_TBA_5,D1,3.150,3.250,-0.100,-0.150,0.150,,0W2.5_1.5 - IW2.5_1.5 / CS_D_BF
Distance,WIDTH_TBA_6,D1,3.244,3.250,-0.006,-0.150,0.150,,0W2.5_1.6 - IW2.5_1.6 / CS_D_BF
Distance,WIDTH_TBA_7,D1,3.250,3.250,0.000,-0.150,0.150,,0W2.5_1.7 - IW2.5_1.7 / CS_D_BF
Distance,WIDTH_TBA_8,D1,3.297,3.250,0.047,-0.150,0.150,,0W2.5_1.8 - IW2.5_1.8 / CS_D_BF
Distance,DEPTH_TBA_1,D1,5.352,5.150,0.202,-0.300,0.300,,TB_BOT_1.1 - PL_D / CS_D_BF
Distance,DEPTH_TBA_2,D1,5.304,5.150,0.154,-0.300,0.300,,TB_BOT_1.2 - PL_D / CS_D_BF
Distance,DEPTH_TBA_3,D1,5.156,5.150,0.006,-0.300,0.300,,TB_BOT_1.3 - PL_D / CS_D_BF
Distance,DEPTH_TBA_4,D1,5.362,5.150,0.212,-0.300,0.300,,TB_BOT_1.4 - PL_D / CS_D_BF
Distance,DEPTH_TBA_5,D1,5.366,5.550,-0.184,-0.300,0.300,,TB_BOT_1.5 - PL_D / CS_D_BF
Distance,DEPTH_TBA_6,D1,5.245,5.150,0.095,-0.300,0.300,,TB_BOT_1.6 - PL_D / CS_D_BF
Distance,DEPTH_TBA_7,D1,5.413,5.150,0.263,-0.300,0.300,,TB_BOT_1.7 - PL_D / CS_D_BF
Distance,DEPTH_TBA_8,D1,5.459,5.550,-0.091,-0.300,0.300,,TB_BOT_1.8 - PL_D / CS_D_BF
Circle,CIR_10,DIAM,4.962,4.950,0.012,-0.100,0.100,,Criterion : Least Square (From 6 Pts On PL_PLAST_10) 
Circle,CIR_10,X,11.733,12.000,-0.267,,,,
Circle,CIR_10,Y,179.205,178.230,0.975,,,,
Circle,CIR_10,Z,119.298,119.500,-0.202,,,,
Circle,CIR_21,DIAM,4.819,4.820,-0.001,-0.100,0.100,,Criterion : Least Square (From 6 Pts On PL_PLAST_21) 
Circle,CIR_21,X,12.262,11.854,0.407,,,,
Circle,CIR_21,Y,178.791,178.230,0.561,,,,
Circle,CIR_21,Z,-92.587,-92.440,-0.147,,,,
Circle,CIR_24,DIAM,4.829,4.820,0.009,-0.100,0.100,,Criterion : Least Square (From 6 Pts On PL_PLAST_24) 
Circle,CIR_24,X,221.015,220.847,0.168,,,,
Circle,CIR_24,Y,202.712,203.230,-0.519,,,,
Circle,CIR_24,Z,-7.151,-7.568,0.417,,,,
Pos. Tol.,POS_10,PTOL,0.669,0.000,0.669,0.000,3.000,,CIR_10/NOMINAL - CS_ABC_SURFACES_C - C-Zone - XZ - Nominal
Pos. Tol.,POS_21,PTOL,0.866,0.000,0.866,0.000,3.000,,CIR_21/NOMINAL - CS_ABC_SURFACES_C - C-Zone - XZ - Nominal
Pos. Tol.,POS_24,PTOL,0.899,0.000,0.899,0.000,3.000,,CIR_24/NOMINAL - CS_ABC_SURFACES_C - C-Zone - XZ - Nominal
Distance,PROF_10,Y,179.205,178.230,0.975,-1.500,1.500,,CIR_10 - ORIGIN / CS_ABC_SURFACES_C
Distance,PROF_21,Y,178.791,178.230,0.561,-1.500,1.500,,CIR_21 - ORIGIN / CS_ABC_SURFACES_C
Distance,PROF_24,Y,202.712,203.230,-0.519,-1.500,1.500,,CIR_24 - ORIGIN / CS_ABC_SURFACES_C
Circle,CIR_15,X,-27.877,-27.000,-0.877,,,,Criterion : Least Square (From 6 Pts On PL_INS_15) 
Circle,CIR_15,Y,181.148,180.580,0.568,,,,
Circle,CIR_15,Z,163.340,164.000,-0.660,,,,
Circle,CIR_17,X,-51.264,-52.000,0.736,,,,Criterion : Least Square (From 6 Pts On PL_INS_17) 
Circle,CIR_17,Y,76.071,75.580,0.491,,,,
Circle,CIR_17,Z,149.026,149.000,0.027,,,,
Circle,CIR_18,X,-51.010,-52.000,0.990,,,,Criterion : Least Square (From 6 Pts On PL_INS_18) 
Circle,CIR_18,Y,76.033,75.580,0.453,,,,
Circle,CIR_18,Z,-67.352,-68.000,0.648,,,,
Circle,CIR_20,X,-26.320,-27.000,0.680,,,,Criterion : Least Square (From 6 Pts On PL_INS_20) 
Circle,CIR_20,Y,181.459,180.580,0.878,,,,
Circle,CIR_20,Z,-92.158,-93.000,0.842,,,,
Circle,CIR_22,X,208.994,207.607,1.388,,,,Criterion : Least Square (From 6 Pts On PL_INS_22) 
Circle,CIR_22,Y,189.606,190.580,-0.974,,,,
Circle,CIR_22,Z,-102.650,-103.394,0.744,,,,
Circle,CIR_23,X,232.815,231.607,1.209,,,,Criterion : Least Square (From 6 Pts On PL_INS_23) 
Circle,CIR_23,Y,189.907,190.580,-0.673,,,,
Circle,CIR_23,Z,-70.547,-71.394,0.847,,,,
Pos. Tol.,POS_15,PTOL,2.195,0.000,2.195,0.000,3.000,,CIR_15/NOMINAL - CS_ABC_SURFACES_C - C-Zone - XZ - Nominal
Pos. Tol.,POS_17,PTOL,1.472,0.000,1.472,0.000,3.000,,CIR_17/NOMINAL - CS_ABC_SURFACES_C - C-Zone - XZ - Nominal
Pos. Tol.,POS_18,PTOL,2.367,0.000,2.367,0.000,3.000,,CIR_18/NOMINAL - CS_ABC_SURFACES_C - C-Zone - XZ - Nominal
Pos. Tol.,POS_20,PTOL,2.165,0.000,2.165,0.000,3.000,,CIR_20/NOMINAL - CS_ABC_SURFACES_C - C-Zone - XZ - Nominal
Pos. Tol.,POS_22,PTOL,3.149,0.000,3.149,0.000,3.000,0.149,CIR_22/NOMINAL - CS_ABC_SURFACES_C - C-Zone - XZ - Nominal
Pos. Tol.,POS_23,PTOL,2.951,0.000,2.951,0.000,3.000,,CIR_23/NOMINAL - CS_ABC_SURFACES_C - C-Zone - XZ - Nominal
Distance,H_15,Y,0.022,0.000,0.022,0.000,0.400,,CIR_15 - PL_PLAST_15 / CS_ABC_BF_SURFACES
Distance,H_17,Y,0.198,-0.000,0.198,0.000,0.400,,CIR_17 - PL_PLAST_17 / CS_ABC_BF_SURFACES
Distance,H_18,Y,0.180,-0.000,0.180,0.000,0.400,,CIR_18 - PL_PLAST_18 / CS_ABC_BF_SURFACES
Distance,H_20,Y,0.185,0.000,0.185,0.000,0.400,,CIR_20 - PL_PLAST_20 / CS_ABC_BF_SURFACES
Distance,H_22,Y,-0.003,-0.000,-0.003,0.000,0.400,-0.003,CIR_22 - PL_PLAST_22 / CS_ABC_BF_SURFACES
Distance,H_23,Y,0.129,-0.000,0.129,0.000,0.400,,CIR_23 - PL_PLAST_23 / CS_ABC_BF_SURFACES
Circle,CIR_25,DIAM,12.093,12.050,0.043,-0.080,0.080,,Criterion : Least Square (From 12 Pts On PL_PLAST_25) 
Circle,CIR_25,X,262.099,261.590,0.509,,,,
Circle,CIR_25,Y,195.903,196.720,-0.817,,,,
Circle,CIR_25,Z,50.924,49.700,1.224,,,,
Circle,2D_CIR_26,DIAM,4.777,4.700,0.077,-0.100,0.100,,
Circle,2D_CIR_26,X,-17.431,-17.500,0.069,,,,
Circle,2D_CIR_26,Z,0.000,0.000,0.000,,,,
Pos. Tol.,POS_25,PTOL,2.651,0.000,2.651,0.000,3.000,,CIR_25/NOMINAL - CS_ABC_SURFACES_C - C-Zone - XZ - Nominal
Pos. Tol.,POS_2D_26,PTOL,0.138,0.000,0.138,0.000,0.500,,2D_CIR_26/NOMINAL - CS_FG - C-Zone - XZ - Nominal
Distance,PROF_25,Y,195.903,196.720,-0.817,-1.500,1.500,,CIR_25 - ORIGIN / CS_ABC_SURFACES_C
Distance,PROF_27,Y,147.351,147.730,-0.379,-1.500,1.500,,CIR_27 - ORIGIN / CS_ABC_SURFACES_C
Distance,PROF_28,Y,155.483,153.930,1.553,-1.500,1.500,0.053,CIR_28 - ORIGIN / CS_ABC_SURFACES_C
Pos. Tol.,POS_27,PTOL,2.494,0.000,2.494,0.000,3.000,,CIR_27/NOMINAL - CS_ABC_SURFACES_C - C-Zone - XZ - Nominal
Pos. Tol.,POS_28,PTOL,1.193,0.000,1.193,0.000,3.000,,CIR_28/NOMINAL - CS_ABC_SURFACES_C - C-Zone - XZ - Nominal
Circle,CIR_27,DIAM,6.491,6.350,0.141,-0.250,0.250,,Criterion : Least Square (From 6 Pts On PL_PLAST_27) 
Circle,CIR_27,X,270.490,270.100,0.390,,,,
Circle,CIR_27,Y,147.351,147.700,-0.349,,,,
Circle,CIR_27,Z,-51.655,-52.840,1.185,,,,
Circle,CIR_28,DIAM,6.419,6.350,0.069,-0.250,0.250,,Criterion : Least Square (From 6 Pts On PL_PLAST_28) 
Circle,CIR_28,X,99.525,100.090,-0.565,,,,
Circle,CIR_28,Y,155.483,153.930,1.553,,,,
Circle,CIR_28,Z,176.191,176.000,0.191,,,,
Circle,CIR_29,DIAM,12.198,12.170,0.028,-0.080,0.080,,Criterion : Least Square (From 16 Pts On PL_DATUM_H) 
Circle,CIR_29,X,307.313,306.650,0.663,,,,
Circle,CIR_29,Y,-11.207,-10.310,-0.897,,,,
Circle,CIR_29,Z,172.415,173.470,-1.055,,,,
Pos. Tol.,POS_29,PTOL,2.492,0.000,2.492,0.000,3.000,,CIR_29/NOMINAL - CS_ABC_BF_SURFACES_ROTATED - C-Zone - XZ - Nominal
Circle,2D_CIR_30,X,-23.486,-23.500,0.014,,,,
Circle,2D_CIR_30,Z,0.000,0.000,0.000,,,,
Pos. Tol.,POS_2D_30,PTOL,0.028,0.000,0.028,0.000,0.500,,2D_CIR_30/NOMINAL - CS_HJ - C-Zone - XZ - Nominal
Distance,H_30,Y,0.139,0.000,0.139,0.000,0.400,,2D_CIR_30 - PL_PLAST_30 / CS_HJ
