Feat. Type,Feat. Name,Value,Actual,Nominal,Dev.,Tol-,Tol+,Out of Tol.,Comment
Text/Value,VAR_PROGRAM,VAL,,,,,,,'N:\Metrolog XG\Programmes\D-37\D-37 with TMAP Complete (Module 44).gm2'
Text/Value,VAR_EVENEMENT,VAL,,,,,,,'Demarrage 341 C'
Text/Value,VAR_COMMENTAIRES,VAL,,,,,,,'Part No.'
Circle,CIR_DATUM_B,DIAM,8.004,8.050,-0.046,-0.100,0.100,,Criterion : Least Square (From 11 Pts On PL_FIXTURE) 
Circle,CIR_DATUM_B,X,0.000,0.000,0.000,,,,
Circle,CIR_DATUM_B,Z,0.000,0.000,0.000,,,,
Pos. Tol.,POS_B,PTOL,0.000,0.000,0.000,0.146,0.446,,CIR_DATUM_B(M)/NOMINAL - CS_ABC - C-Zone - XZ - Nominal
Distance,DIST_X_Z_DATUM_C,X,4.461,4.500,-0.039,-0.150,0.150,,PNT_DATUM_C - ORIGIN / CS_ABC
Distance,DIST_X_Z_DATUM_C,Z,-351.459,-351.600,0.141,-0.350,0.350,,
Distance,WIDTH_C,D1,7.824,7.850,-0.026,-0.050,0.050,,SRF_C_RH - SRF_C_LH / CS_ABC
Circle,CIR1,DIAM,12.138,12.075,0.063,-0.175,0.175,,From 4 Pts On PL_FIXTURE
Circle,CIR1,X,54.604,54.500,0.104,,,,
Circle,CIR1,Z,-346.480,-346.600,0.120,,,,
Pos. Tol.,POS_1,PTOL,0.317,0.000,0.317,0.238,1.238,,CIR1(M)/NOMINAL - CS_ABC - C-Zone - XZ - Nominal
Circle,CIR2,DIAM,12.118,12.075,0.043,-0.175,0.175,,From 4 Pts On PL_FIXTURE
Circle,CIR2,X,-16.425,-16.500,0.075,,,,
Circle,CIR2,Z,-351.349,-351.600,0.251,,,,
Pos. Tol.,POS_2,PTOL,0.524,0.000,0.524,0.218,1.218,,CIR2(M)/NOMINAL - CS_ABC - C-Zone - XZ - Nominal
Circle,CIR4,DIAM,12.124,12.075,0.049,-0.175,0.175,,From 4 Pts On PL_FIXTURE
Circle,CIR4,X,-16.488,-16.500,0.012,,,,
Circle,CIR4,Z,-0.927,-1.100,0.173,,,,
Pos. Tol.,POS_4,PTOL,0.348,0.000,0.348,0.224,1.224,,CIR4(M)/NOMINAL - CS_ABC - C-Zone - XZ - Nominal
Circle,CIR5,DIAM,12.086,12.075,0.011,-0.175,0.175,,From 4 Pts On PL_FIXTURE
Circle,CIR5,X,54.450,54.500,-0.050,,,,
Circle,CIR5,Z,-26.867,-27.100,0.233,,,,
Pos. Tol.,POS_5,PTOL,0.476,0.000,0.476,0.186,1.186,,CIR5(M)/NOMINAL - CS_ABC - C-Zone - XZ - Nominal
Circle,CIR6,DIAM,12.114,12.075,0.039,-0.175,0.175,,From 4 Pts On PL_FIXTURE
Circle,CIR6,X,54.332,54.500,-0.168,,,,
Circle,CIR6,Z,-134.390,-134.600,0.210,,,,
Pos. Tol.,POS_6,PTOL,0.539,0.000,0.539,0.214,1.214,,CIR6(M)/NOMINAL - CS_ABC - C-Zone - XZ - Nominal
Circle,CIR7,DIAM,12.085,12.075,0.010,-0.175,0.175,,From 4 Pts On PL_FIXTURE
Circle,CIR7,X,54.489,54.500,-0.011,,,,
Circle,CIR7,Z,-240.313,-240.600,0.287,,,,
Pos. Tol.,POS_7,PTOL,0.575,0.000,0.575,0.185,1.185,,CIR7(M)/NOMINAL - CS_ABC - C-Zone - XZ - Nominal
Profile of Line,PROF_OP1,PRFL,0.363,0.000,0.363,0.000,1.500,,SCT_OP1
Profile of Line,PROF_OP2,PRFL,0.814,0.000,0.814,0.000,1.500,,SCT_OP2
Profile of Line,PROF_OP3,PRFL,0.746,0.000,0.746,0.000,1.500,,SCT_OP3
Profile of Line,PROF_OP4,PRFL,0.750,0.000,0.750,0.000,1.500,,SCT_OP4
Profile of Line,PROF_OP5,PRFL,0.484,0.000,0.484,0.000,1.500,,SCT_OP5
Profile of Line,PROF_OP6,PRFL,0.716,0.000,0.716,0.000,1.500,,SCT_OP6
Distance,WIDTH_OP1.1,D1,4.110,4.000,0.110,-0.200,0.200,,SRF_OP1_IW1 - SRF_OP1_OW1 / CS_ABC
Distance,WIDTH_OP1.2,D1,4.050,4.000,0.050,-0.200,0.200,,SRF_OP1_IW2 - SRF_OP1_OW2 / CS_ABC
Distance,WIDTH_OP1.3,D1,4.081,4.000,0.081,-0.200,0.200,,SRF_OP1_IW3 - SRF_OP1_OW3 / CS_ABC
Distance,WIDTH_OP1.4,D1,4.065,4.000,0.065,-0.200,0.200,,SRF_OP1_IW4 - SRF_OP1_OW4 / CS_ABC
Distance,WIDTH_OP1.5,D1,4.041,4.000,0.041,-0.200,0.200,,SRF_OP1_IW5 - SRF_OP1_OW5 / CS_ABC
Distance,WIDTH_OP1.6,D1,4.057,4.000,0.057,-0.200,0.200,,SRF_OP1_IW6 - SRF_OP1_OW6 / CS_ABC
Distance,WIDTH_OP1.7,D1,4.122,4.000,0.122,-0.200,0.200,,SRF_OP1_IW7 - SRF_OP1_OW7 / CS_ABC
Distance,WIDTH_OP2.1,D1,4.139,4.000,0.139,-0.200,0.200,,SRF_OP2_IW1 - SRF_OP2_OW1 / CS_ABC
Distance,WIDTH_OP2.2,D1,3.956,4.000,-0.044,-0.200,0.200,,SRF_OP2_IW2 - SRF_OP2_OW2 / CS_ABC
Distance,WIDTH_OP2.3,D1,3.852,4.000,-0.148,-0.350,0.350,,SRF_OP2_IW3 - SRF_OP2_OW3 / MCS
Distance,WIDTH_OP2.4,D1,4.126,4.000,0.126,-0.200,0.200,,SRF_OP2_IW4 - SRF_OP2_OW4 / CS_ABC
Distance,WIDTH_OP2.5,D1,4.132,4.000,0.132,-0.200,0.200,,SRF_OP2_IW5 - SRF_OP2_OW5 / CS_ABC
Distance,WIDTH_OP2.6,D1,4.018,4.000,0.018,-0.200,0.200,,SRF_OP2_IW6 - SRF_OP2_OW6 / CS_ABC
Distance,WIDTH_OP2.7,D1,3.862,4.000,-0.138,-0.200,0.200,,SRF_OP2_IW7 - SRF_OP2_OW7 / CS_ABC
Distance,WIDTH_OP3.1,D1,4.045,4.000,0.045,-0.200,0.200,,SRF_OP3_IW1 - SRF_OP3_OW1 / CS_ABC
Distance,WIDTH_OP3.2,D1,4.062,4.000,0.062,-0.200,0.200,,SRF_OP3_IW2 - SRF_OP3_OW2 / CS_ABC
Distance,WIDTH_OP3.3,D1,4.100,4.000,0.100,-0.350,0.350,,SRF_OP3_IW3 - SRF_OP3_OW3 / CS_TEMP_CIR
Distance,WIDTH_OP3.4,D1,4.099,4.000,0.099,-0.200,0.200,,SRF_OP3_IW4 - SRF_OP3_OW4 / CS_ABC
Distance,WIDTH_OP4.1,D1,4.148,4.000,0.148,-0.200,0.200,,SRF_OP4_IW1 - SRF_OP4_OW1 / CS_ABC
Distance,WIDTH_OP4.2,D1,4.070,4.000,0.070,-0.200,0.200,,SRF_OP4_IW2 - SRF_OP4_OW2 / CS_ABC
Distance,WIDTH_OP4.3,D1,4.066,4.000,0.066,-0.200,0.200,,SRF_OP4_IW3 - SRF_OP4_OW3 / CS_ABC
Distance,WIDTH_OP4.4,D1,4.130,4.000,0.130,-0.200,0.200,,SRF_OP4_IW4 - SRF_OP4_OW4 / CS_ABC
Distance,WIDTH_OP4.5,D1,4.171,4.000,0.171,-0.300,0.300,,SRF_OP4_IW5 - SRF_OP4_OW5 / CS_TEMP_CIR
Distance,WIDTH_OP4.6,D1,4.013,4.000,0.013,-0.200,0.200,,SRF_OP4_IW6 - SRF_OP4_OW6 / CS_ABC
Distance,WIDTH_OP4.7,D1,3.940,4.000,-0.060,-0.200,0.200,,SRF_OP4_IW7 - SRF_OP4_OW7 / CS_ABC
Distance,WIDTH_OP5.1,D1,4.137,4.000,0.137,-0.200,0.200,,SRF_OP5_IW1 - SRF_OP5_OW1 / CS_ABC
Distance,WIDTH_OP5.2,D1,4.158,4.000,0.158,-0.200,0.200,,SRF_OP5_IW2 - SRF_OP5_OW2 / CS_ABC
Distance,WIDTH_OP5.3,D1,4.006,4.000,0.006,-0.200,0.200,,SRF_OP5_IW3 - SRF_OP5_OW3 / CS_ABC
Distance,WIDTH_OP5.4,D1,4.151,4.000,0.151,-0.200,0.200,,SRF_OP5_IW4 - SRF_OP5_OW4 / CS_ABC
Distance,WIDTH_OP5.5,D1,4.157,4.000,0.157,-0.200,0.200,,SRF_OP5_IW5 - SRF_OP5_OW5 / CS_ABC
Distance,WIDTH_OP6.1,D1,4.069,4.000,0.069,-0.200,0.200,,SRF_OP6_IW1 - SRF_OP6_OW1 / CS_ABC
Distance,WIDTH_OP6.2,D1,4.093,4.000,0.093,-0.200,0.200,,SRF_OP6_IW2 - SRF_OP6_OW2 / CS_ABC
Distance,WIDTH_OP6.3,D1,3.928,4.000,-0.072,-0.200,0.200,,SRF_OP6_IW3 - SRF_OP6_OW3 / CS_ABC
Distance,WIDTH_OP6.4,D1,4.066,4.000,0.066,-0.200,0.200,,SRF_OP6_IW4 - SRF_OP6_OW4 / CS_ABC
Distance,WIDTH_OP6.5,D1,3.883,4.000,-0.117,-0.200,0.200,,SRF_OP6_IW5 - SRF_OP6_OW5 / CS_ABC
Distance,WIDTH_OP6.6,D1,4.031,4.000,0.031,-0.200,0.200,,SRF_OP6_IW6 - SRF_OP6_OW6 / CS_ABC
Distance,WIDTH_OP6.7,D1,4.142,4.000,0.142,-0.200,0.200,,SRF_OP6_IW7 - SRF_OP6_OW7 / CS_ABC
Distance,DP_OP1.1,Y,6.308,6.000,0.308,-0.325,0.325,,SRF_OP1_DP1 - PL_FIXTURE / CS_TEMP_CIR
Distance,DP_OP1.2,Y,6.204,6.000,0.204,-0.250,0.250,,SRF_OP1_DP2 - PL_FIXTURE / CS_PORTS_BF
Distance,DP_OP1.3,Y,6.086,6.000,0.086,-0.250,0.250,,SRF_OP1_DP3 - PL_FIXTURE / CS_PORTS_BF
Distance,DP_OP1.4,Y,6.085,6.000,0.085,-0.250,0.250,,SRF_OP1_DP4 - PL_FIXTURE / CS_PORTS_BF
Distance,DP_OP1.5,Y,6.093,6.000,0.093,-0.250,0.250,,SRF_OP1_DP5 - PL_FIXTURE / CS_PORTS_BF
Distance,DP_OP1.6,Y,6.258,6.000,0.258,-0.325,0.325,,SRF_OP1_DP6 - PL_FIXTURE / CS_TEMP_CIR
Distance,DP_OP1.7,Y,6.206,6.000,0.206,-0.250,0.250,,SRF_OP1_DP7 - PL_FIXTURE / CS_PORTS_BF
Distance,DP_OP2.1,Y,6.130,6.000,0.130,-0.325,0.325,,SRF_OP2_DP1 - PL_FIXTURE / CS_TEMP_CIR
Distance,DP_OP2.2,Y,5.924,6.000,-0.076,-0.250,0.250,,SRF_OP2_DP2 - PL_FIXTURE / CS_PORTS_BF
Distance,DP_OP2.3,Y,5.952,6.000,-0.048,-0.250,0.250,,SRF_OP2_DP3 - PL_FIXTURE / CS_PORTS_BF
Distance,DP_OP2.4,Y,6.030,6.000,0.030,-0.250,0.250,,SRF_OP2_DP4 - PL_FIXTURE / CS_PORTS_BF
Distance,DP_OP2.5,Y,5.984,6.000,-0.016,-0.250,0.250,,SRF_OP2_DP5 - PL_FIXTURE / CS_PORTS_BF
Distance,DP_OP2.6,Y,6.113,6.000,0.113,-0.250,0.250,,SRF_OP2_DP6 - PL_FIXTURE / CS_PORTS_BF
Distance,DP_OP2.7,Y,6.154,6.000,0.154,-0.250,0.250,,SRF_OP2_DP7 - PL_FIXTURE / CS_PORTS_BF
Distance,DP_OP3.1,Y,6.038,6.000,0.038,-0.250,0.250,,SRF_OP3_DP1 - PL_FIXTURE / CS_PORTS_BF
Distance,DP_OP3.2,Y,6.093,6.000,0.093,-0.250,0.250,,SRF_OP3_DP2 - PL_FIXTURE / CS_PORTS_BF
Distance,DP_OP3.3,Y,6.075,6.000,0.075,-0.250,0.250,,SRF_OP3_DP3 - PL_FIXTURE / CS_PORTS_BF
Distance,DP_OP3.4,Y,6.044,6.000,0.044,-0.250,0.250,,SRF_OP3_DP4 - PL_FIXTURE / CS_PORTS_BF
Distance,DP_OP4.1,Y,6.171,6.000,0.171,-0.250,0.250,,SRF_OP4_DP1 - PL_FIXTURE / CS_PORTS_BF
Distance,DP_OP4.2,Y,6.166,6.000,0.166,-0.250,0.250,,SRF_OP4_DP2 - PL_FIXTURE / CS_PORTS_BF
Distance,DP_OP4.3,Y,6.121,6.000,0.121,-0.250,0.250,,SRF_OP4_DP3 - PL_FIXTURE / CS_PORTS_BF
Distance,DP_OP4.4,Y,6.095,6.000,0.095,-0.250,0.250,,SRF_OP4_DP4 - PL_FIXTURE / CS_PORTS_BF
Distance,DP_OP4.5,Y,5.980,6.000,-0.020,-0.250,0.250,,SRF_OP4_DP5 - PL_FIXTURE / CS_PORTS_BF
Distance,DP_OP4.6,Y,6.245,6.000,0.245,-0.250,0.250,,SRF_OP4_DP6 - PL_FIXTURE / CS_PORTS_BF
Distance,DP_OP4.7,Y,6.237,6.000,0.237,-0.250,0.250,,SRF_OP4_DP7 - PL_FIXTURE / CS_PORTS_BF
Distance,DP_OP5.1,Y,6.131,6.000,0.131,-0.250,0.250,,SRF_OP5_DP1 - PL_FIXTURE / CS_PORTS_BF
Distance,DP_OP5.2,Y,6.161,6.000,0.161,-0.250,0.250,,SRF_OP5_DP2 - PL_FIXTURE / CS_PORTS_BF
Distance,DP_OP5.3,Y,6.098,6.000,0.098,-0.250,0.250,,SRF_OP5_DP3 - PL_FIXTURE / CS_PORTS_BF
Distance,DP_OP5.4,Y,6.090,6.000,0.090,-0.250,0.250,,SRF_OP5_DP4 - PL_FIXTURE / CS_PORTS_BF
Distance,DP_OP5.5,Y,6.075,6.000,0.075,-0.250,0.250,,SRF_OP5_DP5 - PL_FIXTURE / CS_PORTS_BF
Distance,DP_OP6.1,Y,6.233,6.000,0.233,-0.325,0.325,,SRF_OP6_DP1 - PL_FIXTURE / CS_TEMP_CIR
Distance,DP_OP6.2,Y,6.165,6.000,0.165,-0.250,0.250,,SRF_OP6_DP2 - PL_FIXTURE / CS_PORTS_BF
Distance,DP_OP6.3,Y,6.183,6.000,0.183,-0.250,0.250,,SRF_OP6_DP3 - PL_FIXTURE / CS_PORTS_BF
Distance,DP_OP6.4,Y,6.105,6.000,0.105,-0.250,0.250,,SRF_OP6_DP4 - PL_FIXTURE / CS_PORTS_BF
Distance,DP_OP6.5,Y,6.182,6.000,0.182,-0.250,0.250,,SRF_OP6_DP5 - PL_FIXTURE / CS_PORTS_BF
Distance,DP_OP6.6,Y,6.157,6.000,0.157,-0.250,0.250,,SRF_OP6_DP6 - PL_FIXTURE / CS_PORTS_BF
Distance,DP_OP6.7,Y,6.156,6.000,0.156,-0.250,0.250,,SRF_OP6_DP7 - PL_FIXTURE / CS_PORTS_BF
Circle,CIR_8,DIAM,75.861,75.500,0.361,-0.500,0.500,,Criterion : Least Square (From 6 Pts On PL_D) 
Circle,CIR_8,X,-28.862,-29.500,0.638,,,,
Circle,CIR_8,Y,63.055,62.500,0.555,,,,
Circle,CIR_8,Z,97.487,97.698,-0.212,,,,
Pos. Tol.,POS_8,PTOL,1.744,0.000,1.744,0.000,4.000,,CIR_8/NOMINAL - CS_ABC - C-Zone - XYZ - Nominal
Circle,CIR_18,X,-14.059,-14.333,0.274,,,,Criterion : Least Square (From 6 Pts On PL_INS_18) 
Circle,CIR_18,Y,95.237,95.187,0.050,,,,
Circle,CIR_18,Z,60.456,60.851,-0.395,,,,
Pos. Tol.,POS_18,PTOL,0.966,0.000,0.966,0.000,4.000,,CIR_18/NOMINAL - CS_ABC - C-Zone - XYZ - Nominal
Circle,CIR_19,X,-18.051,-18.623,0.572,,,,Criterion : Least Square (From 6 Pts On PL_INS_19) 
Circle,CIR_19,Y,30.531,30.358,0.173,,,,
Circle,CIR_19,Z,58.895,58.907,-0.012,,,,
Pos. Tol.,POS_19,PTOL,1.196,0.000,1.196,0.000,4.000,,CIR_19/NOMINAL - CS_ABC - C-Zone - XYZ - Nominal
Circle,CIR_20,X,-43.512,-44.668,1.155,,,,Criterion : Least Square (From 6 Pts On PL_INS_20) 
Circle,CIR_20,Y,30.289,29.813,0.476,,,,
Circle,CIR_20,Z,134.721,134.547,0.174,,,,
Pos. Tol.,POS_20,PTOL,2.523,0.000,2.523,0.000,4.000,,CIR_20/NOMINAL - CS_ABC - C-Zone - XYZ - Nominal
Circle,CIR_21,X,-39.859,-40.378,0.518,,,,Criterion : Least Square (From 6 Pts On PL_INS_21) 
Circle,CIR_21,Y,95.141,94.642,0.498,,,,
Circle,CIR_21,Z,136.019,136.490,-0.472,,,,
Pos. Tol.,POS_21,PTOL,1.720,0.000,1.720,0.000,4.000,,CIR_21/NOMINAL - CS_ABC - C-Zone - XYZ - Nominal
Circle,2D_CIR_18,Y,32.375,32.500,-0.125,,,,
Circle,2D_CIR_18,Z,-39.918,-40.000,0.082,,,,
Pos. Tol.,POS_2D_18,PTOL,0.299,0.000,0.299,0.000,0.600,,2D_CIR_18/NOMINAL - CS_DE_BF - C-Zone - YZ - Nominal
Circle,2D_CIR_19,Y,-32.473,-32.500,0.027,,,,
Circle,2D_CIR_19,Z,-39.983,-40.000,0.017,,,,
Pos. Tol.,POS_2D_19,PTOL,0.065,0.000,0.065,0.000,0.600,,2D_CIR_19/NOMINAL - CS_DE_BF - C-Zone - YZ - Nominal
Circle,2D_CIR_20,Y,-32.537,-32.500,-0.037,,,,
Circle,2D_CIR_20,Z,40.003,40.000,0.003,,,,
Pos. Tol.,POS_2D_20,PTOL,0.074,0.000,0.074,0.000,0.700,,2D_CIR_20/NOMINAL - CS_DE_BF - C-Zone - YZ - Nominal
Circle,2D_CIR_21,Y,32.430,32.500,-0.070,,,,
Circle,2D_CIR_21,Z,39.928,40.000,-0.072,,,,
Pos. Tol.,POS_2D_21,PTOL,0.201,0.000,0.201,0.000,0.700,,2D_CIR_21/NOMINAL - CS_DE_BF - C-Zone - YZ - Nominal
Distance,INSERT HEIGHT 18,X,0.224,0.000,0.224,0.000,0.500,,CIR_18 - PL_PLAST_18 / CS_DE_BF
Distance,INSERT HEIGHT 19,X,0.147,-0.000,0.147,0.000,0.500,,CIR_19 - PL_PLAST_19 / CS_DE_BF
Distance,INSERT HEIGHT 20,X,0.315,-0.000,0.315,0.000,0.500,,CIR_20 - PL_PLAST_20 / CS_DE_BF
Distance,INSERT HEIGHT 21,X,0.236,0.000,0.236,0.000,0.500,,CIR_21 - PL_PLAST_21 / CS_DE_BF
Distance,WIDTH_TB1,D1,3.024,3.000,0.024,-0.200,0.200,,P0W2.5_1.1 - PIW2.5_1.1 / CS_DE_BF
Distance,WIDTH_TB2,D1,2.962,3.000,-0.038,-0.200,0.200,,P0W2.5_1.2 - PIW2.5_1.2 / CS_DE_BF
Distance,WIDTH_TB3,D1,3.059,3.000,0.059,-0.200,0.200,,P0W2.5_1.3 - PIW2.5_1.3 / CS_DE_BF
Distance,WIDTH_TB4,D1,2.931,3.000,-0.069,-0.200,0.200,,P0W2.5_1.4 - PIW2.5_1.4 / CS_DE_BF
Distance,WIDTH_TB5,D1,3.071,3.000,0.071,-0.200,0.200,,P0W2.5_1.5 - PIW2.5_1.5 / CS_DE_BF
Distance,WIDTH_TB6,D1,3.012,3.000,0.012,-0.200,0.200,,P0W2.5_1.6 - PIW2.5_1.6 / CS_DE_BF
Distance,WIDTH_TB7,D1,2.993,3.000,-0.007,-0.200,0.200,,P0W2.5_1.7 - PIW2.5_1.7 / CS_DE_BF
Distance,WIDTH_TB8,D1,3.027,3.000,0.027,-0.200,0.200,,P0W2.5_1.8 - PIW2.5_1.8 / CS_DE_BF
Distance,DEPTH_TB1,X,-4.798,-5.000,0.202,-0.350,0.300,,TB_BOT_1.1 - PL_D / CS_DE_BF
Distance,DEPTH_TB2,X,-5.022,-5.000,-0.022,-0.300,0.300,,TB_BOT_1.2 - PL_D / CS_DE_BF
Distance,DEPTH_TB3,X,-5.041,-5.000,-0.041,-0.300,0.300,,TB_BOT_1.3 - PL_D / CS_DE_BF
Distance,DEPTH_TB4,X,-5.089,-5.000,-0.089,-0.300,0.300,,TB_BOT_1.4 - PL_D / CS_DE_BF
Distance,DEPTH_TB5,X,-5.189,-5.000,-0.189,-0.300,0.300,,TB_BOT_1.5 - PL_D / CS_DE_BF
Distance,DEPTH_TB6,X,-5.040,-5.000,-0.040,-0.300,0.300,,TB_BOT_1.6 - PL_D / CS_DE_BF
Distance,DEPTH_TB7,X,-4.870,-5.000,0.130,-0.300,0.300,,TB_BOT_1.7 - PL_D / CS_DE_BF
Distance,DEPTH_TB8,X,-4.753,-5.000,0.247,-0.350,0.300,,TB_BOT_1.8 - PL_D / CS_DE_BF
Flatness,FLAT_D,FLTN,0.291,0.000,0.291,0.000,1.000,,PL_D
Circle,CIR_9,DIAM,12.580,12.600,-0.020,-0.100,0.100,,Inters. PL_PLAST_9 - CYL_9.
Circle,CIR_9,X,-98.494,-98.500,0.006,,,,
Circle,CIR_9,Y,73.316,73.400,-0.084,,,,
Circle,CIR_9,Z,148.114,148.323,-0.209,,,,
Pos. Tol.,POS_9,PTOL,0.451,0.000,0.451,0.000,4.000,,CIR_9/NOMINAL - CS_ABC - C-Zone - XYZ - Nominal
Circle,CIR_10_GAGE_12,DIAM,22.236,22.200,0.036,-0.150,0.150,,From 8 Pts On PL_PLAST_10
Circle,CIR_10_GAGE_12,X,-207.155,-207.000,-0.155,,,,
Circle,CIR_10_GAGE_12,Y,78.948,79.300,-0.352,,,,
Circle,CIR_10_GAGE_12,Z,61.884,61.870,0.014,,,,
Pos. Tol.,POS_10,PTOL,0.770,0.000,0.770,0.000,3.000,,CIR_10_GAGE_12/NOMINAL - CS_ABC - C-Zone - XYZ - Nominal
Circle,CIR_22,X,-192.847,-192.954,0.107,,,,Criterion : Least Square (From 6 Pts On PL_PLAST_10) 
Circle,CIR_22,Y,68.812,69.915,-1.103,,,,
Circle,CIR_22,Z,76.039,76.469,-0.430,,,,
Pos. Tol.,POS_22,PTOL,2.377,0.000,2.377,0.000,3.000,,CIR_22/NOMINAL - CS_ABC - C-Zone - XYZ - Nominal
Circle,CIR_23,X,-192.195,-192.345,0.150,,,,Criterion : Least Square (From 6 Pts On PL_PLAST_10) 
Circle,CIR_23,Y,75.563,76.580,-1.017,,,,
Circle,CIR_23,Z,78.386,78.652,-0.266,,,,
Pos. Tol.,POS_23,PTOL,0.610,0.000,0.610,0.000,3.000,,CIR_23/NOMINAL - CS_ABC - C-Zone - XZ - Nominal
Circle,2D_CIR_22,DIAM,4.657,4.600,0.057,-0.150,0.150,,
Circle,2D_CIR_22,X,22.576,22.500,0.076,,,,
Circle,2D_CIR_22,Y,0.000,0.000,0.000,,,,
Pos. Tol.,POS_2D_22,PTOL,0.152,0.000,0.152,0.000,0.500,,2D_CIR_22/NOMINAL - CS_10_22 - C-Zone - XY - Nominal
Circle,2D_CIR_23,DIAM,4.697,4.600,0.097,-0.150,0.150,,
Circle,2D_CIR_23,X,22.539,22.500,0.039,,,,
Circle,2D_CIR_23,Y,0.000,0.000,0.000,,,,
Pos. Tol.,POS_2D_23,PTOL,0.077,0.000,0.077,0.000,0.500,,2D_CIR_23/NOMINAL - CS_10_23 - C-Zone - XY - Nominal
Flatness,FLAT_F,FLTN,0.023,0.000,0.023,0.000,1.000,,PL_11_12
Circle,CIR_13_GAGE,DIAM,16.230,16.100,0.130,-0.200,0.200,,Criterion : Least Square (From 10 Pts On PL_13) 
Circle,CIR_13_GAGE,X,-72.198,-72.550,0.352,,,,
Circle,CIR_13_GAGE,Z,-1.031,-1.077,0.046,,,,
Pos. Tol.,POS_13,PTOL,0.710,0.000,0.710,0.000,3.000,,CIR_13_GAGE/NOMINAL - CS_ABC - C-Zone - XZ - Nominal
Distance,PROF_13,Y,71.403,71.500,-0.097,-1.500,1.500,,2D_CIR_13 - PL_FIXTURE / CS_ABC
Circle,CIR_INSERT_11,X,-84.846,-85.228,0.382,,,,Criterion : Least Square (From 6 Pts On PL_INSERT_11) 
Circle,CIR_INSERT_11,Z,26.307,26.112,0.195,,,,
Pos. Tol.,POS_11,PTOL,0.858,0.000,0.858,0.000,3.000,,CIR_INSERT_11/NOMINAL - CS_ABC - C-Zone - XZ - Nominal
Distance,PROF_11,Y,90.885,91.250,-0.365,-1.500,1.500,,CIR_INSERT_11 - ORIGIN / CS_ABC
Circle,CIR_INSERT_12,X,-59.914,-59.871,-0.042,,,,Criterion : Least Square (From 6 Pts On PL_INSERT_12) 
Circle,CIR_INSERT_12,Z,-28.084,-28.266,0.183,,,,
Pos. Tol.,POS_12,PTOL,0.375,0.000,0.375,0.000,3.000,,CIR_INSERT_12/NOMINAL - CS_ABC - C-Zone - XZ - Nominal
Distance,PROF_12,Y,91.141,91.250,-0.109,-1.500,1.500,,CIR_INSERT_12 - ORIGIN / CS_ABC
Circle,2D_CIR_INSERT_11,X,0.013,0.000,0.013,,,,
Circle,2D_CIR_INSERT_11,Z,30.038,30.000,0.038,,,,
Pos. Tol.,POS_2D_11,PTOL,0.081,0.000,0.081,0.000,0.700,,2D_CIR_INSERT_11/NOMINAL - CS_FG_BF - C-Zone - XZ - Nominal
Distance,INSERT HEIGHT 11,Y,0.088,0.000,0.088,0.000,0.500,,CIR_INSERT_11 - PL_PLAST_11 / CS_FG_BF
Circle,2D_CIR_INSERT_12,X,0.013,0.000,0.013,,,,
Circle,2D_CIR_INSERT_12,Z,-29.795,-30.000,0.205,,,,
Pos. Tol.,POS_2D_12,PTOL,0.411,0.000,0.411,0.000,0.700,,2D_CIR_INSERT_12/NOMINAL - CS_FG_BF - C-Zone - XZ - Nominal
Distance,INSERT HEIGHT 12,Y,0.158,-0.000,0.158,0.000,0.500,,CIR_INSERT_12 - PL_PLAST_12 / CS_FG_BF
Circle,CIR_14,DIAM,8.137,8.000,0.137,-0.200,0.200,,Criterion : Least Square (From 6 Pts On PL_PLAST_14) 
Circle,CIR_14,X,13.990,14.463,-0.473,,,,
Circle,CIR_14,Z,-350.773,-351.600,0.827,,,,
Pos. Tol.,POS_14,PTOL,1.905,0.000,1.905,0.000,3.000,,CIR_14/NOMINAL - CS_ABC - C-Zone - XZ - Nominal
Distance,PROF_14,Y,35.723,35.900,-0.177,-0.500,0.500,,CIR_14 - ORIGIN / CS_ABC
Circle,CIR_15,X,-106.551,-107.500,0.949,,,,Criterion : Least Square (From 6 Pts On PL_INS_15) 
Circle,CIR_15,Y,28.677,29.200,-0.523,,,,
Circle,CIR_15,Z,130.515,130.573,-0.058,,,,
Pos. Tol.,POS_15,PTOL,1.902,0.000,1.902,0.000,4.000,,CIR_15/NOMINAL - CS_ABC - C-Zone - XZ - Nominal
Distance,PROF_15,Y,28.677,29.200,-0.523,,,,CIR_15 - ORIGIN / CS_ABC
Distance,INSERT HEIGHT 15,Z,0.402,0.000,0.402,0.000,0.500,,CIR_15 - PL_PLAST_15 / CS_TEMP_SRF_15
Circle,CIR_16,X,8.036,8.450,-0.414,,,,Criterion : Least Square (From 10 Pts On PL_PLAST_16) 
Circle,CIR_16,Z,-202.460,-202.782,0.322,,,,
Pos. Tol.,POS_16,PTOL,1.049,0.000,1.049,0.000,4.000,,CIR_16/NOMINAL - CS_ABC - C-Zone - XZ - Nominal
Circle,CIR_17,X,8.639,8.450,0.189,,,,Criterion : Least Square (From 8 Pts On PL_PLAST_17) 
Circle,CIR_17,Z,-96.480,-96.778,0.298,,,,
Pos. Tol.,POS_17,PTOL,0.706,0.000,0.706,0.000,4.000,,CIR_17/NOMINAL - CS_ABC - C-Zone - XZ - Nominal
Distance,PROF_16,Y,72.659,72.800,-0.141,-1.500,1.500,,CIR_16 - ORIGIN / CS_ABC
Distance,PROF_17,Y,72.646,72.800,-0.154,-1.500,1.500,,CIR_17 - ORIGIN / CS_ABC
Circle,CIR_24,DIAM,7.991,8.000,-0.009,-0.200,0.200,,Criterion : Least Square (From 8 Pts On PL_PLAST_24) 
Circle,CIR_24,X,56.040,56.450,-0.410,,,,
Circle,CIR_24,Z,-161.572,-161.827,0.255,,,,
Pos. Tol.,POS_24,PTOL,0.966,0.000,0.966,0.000,3.000,,CIR_24/NOMINAL - CS_ABC - C-Zone - XZ - Nominal
Distance,PROF_24,Y,55.577,55.800,-0.223,-1.500,1.500,,CIR_24 - ORIGIN / CS_ABC
Circle,CIR_25,DIAM,6.643,6.500,0.143,-0.200,0.200,,Criterion : Least Square (From 6 Pts On PL_PLAST_25) 
Circle,CIR_25,X,14.729,14.450,0.279,,,,
Circle,CIR_25,Z,-3.508,-3.576,0.068,,,,
Pos. Tol.,POS_25,PTOL,0.574,0.000,0.574,0.000,3.000,,CIR_25/NOMINAL - CS_ABC - C-Zone - XZ - Nominal
Distance,PROF_25,Y,68.247,68.700,-0.453,-0.500,0.500,,CIR_25 - ORIGIN / CS_ABC_BF_SURFACE
Circle,CIR_26,DIAM,10.366,10.180,0.186,-0.200,0.200,,Criterion : Least Square (From 8 Pts On PL_PLAST_26) 
Circle,CIR_26,X,54.954,55.450,-0.496,,,,
Circle,CIR_26,Z,-206.472,-206.828,0.355,,,,
Pos. Tol.,POS_26,PTOL,1.220,0.000,1.220,0.000,3.000,,CIR_26/NOMINAL - CS_ABC - C-Zone - XZ - Nominal
Distance,PROF_26,Y,55.835,55.800,0.035,-1.500,1.500,,CIR_26 - ORIGIN / CS_ABC
Circle,CIR_30,DIAM,12.199,12.050,0.149,-0.080,0.080,0.069,Criterion : Least Square (From 12 Pts On PL_PLAST_30) 
Circle,CIR_30,X,-212.293,-211.066,-1.227,,,,
Circle,CIR_30,Z,-313.435,-314.163,0.728,,,,
Circle,2D_CIR_31,DIAM,4.033,4.000,0.033,-0.100,0.100,,
Circle,2D_CIR_31,X,-19.847,-21.000,1.153,,,,
Circle,2D_CIR_31,Z,-0.000,0.000,0.000,,,,
Circle,2D_CIR_32,DIAM,4.086,4.000,0.086,-0.100,0.100,,
Circle,2D_CIR_32,X,-19.772,-21.000,1.228,,,,
Circle,2D_CIR_32,Z,0.000,0.000,0.000,,,,
