Feat. Type,Feat. Name,Value,Actual,Nominal,Dev.,Tol-,Tol+,Out of Tol.,Comment
Text/Value,VAR_PROGRAM,VAL,,,,,,,'N:\Metrolog XG\Programmes\Ford Nano 2.7L\Ford Nano 2.7L Complete (Module_51 ).gm2'
Text/Value,VAR_EVENEMENT,VAL,,,,,,,'Test Hebdo Nid 2'
Text/Value,VAR_COMMENTAIRES,VAL,,,,,,,'337A'
Text/Value,FLATNESS_DATUM_A,VAL,-0.000136,0.000000,-0.000136,0.000000,0.500000,-0.000136,
Circle,CIR_B,DIAM,4.942,4.950,-0.008,-0.050,0.050,,Criterion : Least Square (From 8 Pts On PL_FIXTURE) 
Circle,CIR_B,X,0.000,0.000,0.000,,,,
Circle,CIR_B,Z,-0.000,-0.000,0.000,,,,
Circle,CIR_C,DIAM,4.436,4.450,-0.014,-0.050,0.050,,Criterion : Least Square (From 8 Pts On PL_FIXTURE) 
Circle,CIR_C,X,268.397,268.500,-0.103,,,,
Circle,CIR_C,Z,-0.000,-0.000,0.000,,,,
Circle,CIR_9,X,13.965,14.300,-0.335,,,,Criterion : Least Square (From 6 Pts On PL_INS_9) 
Circle,CIR_9,Z,-95.769,-96.800,1.031,,,,
Circle,CIR_10,X,177.759,177.800,-0.041,,,,Criterion : Least Square (From 6 Pts On PL_INS_10) 
Circle,CIR_10,Z,-95.789,-96.800,1.011,,,,
Circle,CIR_11,X,211.196,211.100,0.096,,,,Criterion : Least Square (From 6 Pts On PL_INS_11) 
Circle,CIR_11,Z,-88.223,-88.800,0.577,,,,
Circle,CIR_12,X,161.917,162.100,-0.183,,,,Criterion : Least Square (From 6 Pts On PL_INS_12) 
Circle,CIR_12,Z,-15.875,-16.800,0.925,,,,
Circle,2D_CIR_9,X,-0.147,0.000,-0.147,,,,
Circle,2D_CIR_9,Z,0.000,0.000,0.000,,,,
Circle,2D_CIR_10,X,163.647,163.500,0.147,,,,
Circle,2D_CIR_10,Z,0.000,0.000,0.000,,,,
Circle,2D_CIR_12,X,-49.125,-49.000,-0.125,,,,
Circle,2D_CIR_12,Z,72.184,72.000,0.184,,,,
Circle,2D_CIR_11,X,0.125,0.000,0.125,,,,
Circle,2D_CIR_11,Z,-0.184,0.000,-0.184,,,,
Circle,CIR_13,DIAM,4.829,4.800,0.029,-0.100,0.100,,Criterion : Least Square (From 6 Pts On PL_PLAST_13_14) 
Circle,CIR_13,X,84.398,84.700,-0.302,,,,
Circle,CIR_13,Z,-37.195,-37.900,0.705,,,,
Circle,CIR_14,DIAM,12.098,12.050,0.048,-0.080,0.080,,Criterion : Least Square (From 12 Pts On PL_PLAST_13_14) 
Circle,CIR_14,X,98.159,98.500,-0.341,,,,
Circle,CIR_14,Z,-51.727,-52.300,0.573,,,,
Circle,CIR_15,DIAM,6.923,6.800,0.123,-0.200,0.200,,Criterion : Least Square (From 6 Pts On PL_PLAST_15) 
Circle,CIR_15,X,125.757,126.000,-0.243,,,,
Circle,CIR_15,Z,-35.993,-36.800,0.807,,,,
Circle,CIR_16,DIAM,8.068,8.000,0.068,-0.200,0.200,,Criterion : Least Square (From 6 Pts On PL_PLAST_16) 
Circle,CIR_16,X,141.398,141.500,-0.102,,,,
Circle,CIR_16,Z,-55.858,-56.800,0.942,,,,
Circle,CIR_17,DIAM,6.834,6.800,0.034,-0.200,0.200,,Criterion : Least Square (From 6 Pts On PL_PLAST_17) 
Circle,CIR_17,X,5.493,4.900,0.593,,,,
Circle,CIR_17,Z,-130.173,-130.800,0.627,,,,
Circle,CIR_18,DIAM,6.845,6.800,0.045,-0.200,0.200,,Criterion : Least Square (From 6 Pts On PL_PLAST_18) 
Circle,CIR_18,X,179.871,179.300,0.571,,,,
Circle,CIR_18,Z,-129.934,-130.800,0.866,,,,
Circle,CIR_19,X,204.451,204.500,-0.049,,,,Criterion : Least Square (From 6 Pts On PL_PLAST_19) 
Circle,CIR_19,Z,-59.847,-60.700,0.853,,,,
Circle,CIR_20,X,187.063,187.200,-0.137,,,,Criterion : Least Square (From 6 Pts On PL_PLAST_20) 
Circle,CIR_20,Z,-33.976,-34.700,0.724,,,,
Circle,CIR_21,DIAM,4.947,5.000,-0.053,-0.200,0.200,,Criterion : Least Square (From 6 Pts On PL_PLAST_21) 
Circle,CIR_21,X,193.035,193.000,0.035,,,,
Circle,CIR_21,Z,-65.109,-65.900,0.791,,,,
Circle,CIR_22,DIAM,4.930,5.000,-0.070,-0.200,0.200,,Criterion : Least Square (From 6 Pts On PL_PLAST_22) 
Circle,CIR_22,X,175.560,175.700,-0.140,,,,
Circle,CIR_22,Z,-37.626,-38.400,0.774,,,,
Circle,CIR_23,X,295.791,295.500,0.291,,,,Criterion : Least Square (From 6 Pts On PL_INS_23) 
Circle,CIR_23,Z,-81.938,-82.200,0.262,,,,
Circle,CIR_24,DIAM,9.460,9.490,-0.030,-0.060,0.060,,Inters. PL_PLAST_24 - CYL_24.
Circle,CIR_24,X,-22.136,-22.000,-0.136,,,,
Circle,CIR_24,Y,129.926,130.900,-0.974,,,,
Circle,CIR_24,Z,62.460,61.900,0.560,,,,
Circle,CIR_25,DIAM,15.914,15.800,0.114,-0.100,0.100,0.014,Inters. PL_PLAST_25 - CYL_25.
Circle,CIR_25,X,-15.785,-15.500,-0.285,,,,
Circle,CIR_25,Y,167.036,166.900,0.136,,,,
Circle,CIR_25,Z,-110.722,-111.700,0.978,,,,
Circle,CIR_26,DIAM,12.633,12.610,0.023,-0.100,0.100,,Inters. PL_PLAST_26 - CYL_26.
Circle,CIR_26,X,252.069,252.500,-0.431,,,,
Circle,CIR_26,Y,159.009,159.400,-0.391,,,,
Circle,CIR_26,Z,-66.534,-67.800,1.266,,,,
Circle,CIR_27,DIAM,6.778,6.800,-0.022,-0.200,0.200,,Criterion : Least Square (From 6 Pts On PL_PLAST_27_28) 
Circle,CIR_27,X,270.158,270.400,-0.242,,,,
Circle,CIR_27,Y,106.277,106.500,-0.223,,,,
Circle,CIR_27,Z,-19.893,-20.600,0.707,,,,
Circle,CIR_28,DIAM,6.752,6.800,-0.048,-0.200,0.200,,Criterion : Least Square (From 6 Pts On PL_PLAST_27_28) 
Circle,CIR_28,X,277.465,277.500,-0.035,,,,
Circle,CIR_28,Y,106.191,106.500,-0.309,,,,
Circle,CIR_28,Z,-36.406,-37.100,0.694,,,,
Circle,CIR_29,DIAM,64.808,65.000,-0.192,-0.200,0.200,,Criterion : Least Square (From 20 Pts On PL_D) 
Circle,CIR_29,X,-58.774,-58.800,0.026,,,,
Circle,CIR_29,Y,126.780,127.600,-0.820,,,,
Circle,CIR_29,Z,-15.161,-15.700,0.539,,,,
Circle,CIR_30,X,-46.008,-45.603,-0.405,,,,Criterion : Least Square (From 6 Pts On PL_INS_30) 
Circle,CIR_30,Y,89.591,90.474,-0.883,,,,
Circle,CIR_30,Z,8.409,7.963,0.446,,,,
Circle,CIR_31,X,-66.874,-66.492,-0.382,,,,Criterion : Least Square (From 6 Pts On PL_INS_31) 
Circle,CIR_31,Y,100.667,101.390,-0.722,,,,
Circle,CIR_31,Z,-52.082,-52.614,0.531,,,,
Circle,CIR_32,X,-71.682,-70.653,-1.029,,,,Criterion : Least Square (From 6 Pts On PL_INS_32) 
Circle,CIR_32,Y,163.958,164.963,-1.005,,,,
Circle,CIR_32,Z,-38.992,-39.723,0.731,,,,
Circle,CIR_33,X,-50.686,-49.764,-0.922,,,,Criterion : Least Square (From 6 Pts On PL_INS_33) 
Circle,CIR_33,Y,153.038,154.047,-1.010,,,,
Circle,CIR_33,Z,21.587,20.853,0.734,,,,
Circle,2D_CIR_30,Y,32.489,32.500,-0.011,,,,
Circle,2D_CIR_30,Z,32.475,32.500,-0.025,,,,
Circle,2D_CIR_31,Y,32.400,32.500,-0.100,,,,
Circle,2D_CIR_31,Z,-32.466,-32.500,0.034,,,,
Circle,2D_CIR_32,Y,-32.409,-32.500,0.091,,,,
Circle,2D_CIR_32,Z,-32.523,-32.500,-0.023,,,,
Circle,2D_CIR_33,Y,-32.480,-32.500,0.020,,,,
Circle,2D_CIR_33,Z,32.515,32.500,0.015,,,,
Circle,CIR_34,DIAM,4.725,4.800,-0.075,-0.100,0.100,,Criterion : Least Square (From 6 Pts On PL_PLAST_34) 
Circle,CIR_34,X,14.142,14.700,-0.558,,,,
Circle,CIR_34,Z,14.649,14.100,0.549,,,,
Circle,2D_CIR_13,X,-20.015,-20.000,-0.015,,,,
Circle,2D_CIR_13,Z,0.000,0.000,0.000,,,,
Circle,2D_CIR_20,X,-0.092,0.000,-0.092,,,,
Circle,2D_CIR_20,Z,0.000,0.000,0.000,,,,
Circle,2D_CIR_22,X,-12.158,-12.250,0.092,,,,
Circle,2D_CIR_22,Z,0.000,0.000,0.000,,,,
Circle,2D_CIR_19,X,0.160,0.000,0.160,,,,
Circle,2D_CIR_19,Z,0.000,0.000,0.000,,,,
Circle,2D_CIR_21,X,-12.410,-12.250,-0.160,,,,
Circle,2D_CIR_21,Z,0.000,0.000,0.000,,,,
Circle,2D_CIR_27,Y,0.000,0.000,0.000,,,,
Circle,2D_CIR_27,Z,0.029,0.000,0.029,,,,
Circle,2D_CIR_28,Y,0.000,0.000,0.000,,,,
Circle,2D_CIR_28,Z,-18.029,-18.000,-0.029,,,,
Circle,2D_CIR_35,X,0.000,0.000,0.000,,,,
Circle,2D_CIR_35,Z,12.315,12.200,0.115,,,,
Circle,2D_CIR_17,X,0.011,0.000,0.011,,,,
Circle,2D_CIR_17,Z,0.000,0.000,0.000,,,,
Circle,2D_CIR_18,X,174.389,174.400,-0.011,,,,
Circle,2D_CIR_18,Z,0.000,0.000,0.000,,,,
Distance,OP1_WIDTH_1,D1,2.793,2.960,-0.167,-0.180,0.120,,OP1_P4 - OP1_P6 / OP1_CS
Distance,OP1_WIDTH_2,D1,2.825,2.960,-0.135,-0.180,0.120,,OP1_P12 - OP1_P14 / OP1_CS
Distance,OP1_WIDTH_3,D1,2.898,2.960,-0.062,-0.180,0.120,,OP1_P20 - OP1_P22 / OP1_CS
Distance,OP1_WIDTH_4,D1,2.901,2.960,-0.059,-0.180,0.120,,OP1_P28 - OP1_P30 / OP1_CS
Distance,OP1_WIDTH_5,D1,3.005,2.960,0.045,-0.180,0.120,,OP1_P36 - OP1_P38 / OP1_CS
Distance,OP1_WIDTH_6,D1,3.015,2.960,0.055,-0.180,0.120,,OP1_P43 - OP1_P45 / OP1_CS
Distance,OP1_WIDTH_7,D1,3.104,2.960,0.144,-0.180,0.120,0.024,OP1_P50 - OP1_P52 / OP1_CS
Distance,OP1_WIDTH_8,D1,2.938,2.960,-0.022,-0.180,0.120,,OP1_P58 - OP1_P60 / OP1_CS
Distance,OP2_WIDTH_1,D1,2.879,2.960,-0.081,-0.180,0.120,,OP2_P4 - OP2_P6 / OP2_CS
Distance,OP2_WIDTH_2,D1,2.907,2.960,-0.053,-0.180,0.120,,OP2_P12 - OP2_P14 / OP2_CS
Distance,OP2_WIDTH_3,D1,2.899,2.960,-0.061,-0.180,0.120,,OP2_P20 - OP2_P22 / OP2_CS
Distance,OP2_WIDTH_4,D1,2.792,2.960,-0.168,-0.180,0.120,,OP2_P28 - OP2_P30 / OP2_CS
Distance,OP2_WIDTH_5,D1,2.823,2.960,-0.137,-0.180,0.120,,OP2_P36 - OP2_P38 / OP2_CS
Distance,OP2_WIDTH_6,D1,2.816,2.960,-0.144,-0.180,0.120,,OP2_P43 - OP2_P45 / OP2_CS
Distance,OP2_WIDTH_7,D1,2.937,2.960,-0.023,-0.180,0.120,,OP2_P50 - OP2_P52 / OP2_CS
Distance,OP2_WIDTH_8,D1,2.917,2.960,-0.043,-0.180,0.120,,OP2_P58 - OP2_P60 / OP2_CS
Distance,OP3_WIDTH_1,D1,2.968,2.960,0.008,-0.180,0.120,,OP3_P4 - OP3_P6 / OP3_CS
Distance,OP3_WIDTH_2,D1,2.956,2.960,-0.004,-0.180,0.120,,OP3_P12 - OP3_P14 / OP3_CS
Distance,OP3_WIDTH_3,D1,3.037,2.960,0.077,-0.180,0.120,,OP3_P20 - OP3_P22 / OP3_CS
Distance,OP3_WIDTH_4,D1,2.970,2.960,0.010,-0.180,0.120,,OP3_P28 - OP3_P30 / OP3_CS
Distance,OP3_WIDTH_5,D1,2.800,2.960,-0.160,-0.180,0.120,,OP3_P36 - OP3_P38 / OP3_CS
Distance,OP3_WIDTH_6,D1,2.845,2.960,-0.115,-0.180,0.120,,OP3_P43 - OP3_P45 / OP3_CS
Distance,OP3_WIDTH_7,D1,2.959,2.960,-0.001,-0.180,0.120,,OP3_P50 - OP3_P52 / OP3_CS
Distance,OP3_WIDTH_8,D1,3.018,2.960,0.058,-0.180,0.120,,OP3_P58 - OP3_P60 / OP3_CS
Distance,OP4_WIDTH_1,D1,2.973,2.960,0.013,-0.180,0.120,,OP4_P4 - OP4_P6 / OP4_CS
Distance,OP4_WIDTH_2,D1,2.977,2.960,0.017,-0.180,0.120,,OP4_P12 - OP4_P14 / OP4_CS
Distance,OP4_WIDTH_3,D1,3.066,2.960,0.106,-0.180,0.120,,OP4_P20 - OP4_P22 / OP4_CS
Distance,OP4_WIDTH_4,D1,2.925,2.960,-0.035,-0.180,0.120,,OP4_P28 - OP4_P30 / OP4_CS
Distance,OP4_WIDTH_5,D1,2.886,2.960,-0.074,-0.180,0.120,,OP4_P36 - OP4_P38 / OP4_CS
Distance,OP4_WIDTH_6,D1,2.879,2.960,-0.081,-0.180,0.120,,OP4_P43 - OP4_P45 / OP4_CS
Distance,OP4_WIDTH_7,D1,2.894,2.960,-0.066,-0.180,0.120,,OP4_P50 - OP4_P52 / OP4_CS
Distance,OP4_WIDTH_8,D1,2.915,2.960,-0.045,-0.180,0.120,,OP4_P58 - OP4_P60 / OP4_CS
Distance,OP5_WIDTH_1,D1,2.971,2.960,0.011,-0.180,0.120,,OP5_P4 - OP5_P6 / OP5_CS
Distance,OP5_WIDTH_2,D1,2.974,2.960,0.014,-0.180,0.120,,OP5_P12 - OP5_P14 / OP5_CS
Distance,OP5_WIDTH_3,D1,3.020,2.960,0.060,-0.180,0.120,,OP5_P20 - OP5_P22 / OP5_CS
Distance,OP5_WIDTH_4,D1,2.853,2.960,-0.107,-0.180,0.120,,OP5_P28 - OP5_P30 / OP5_CS
Distance,OP5_WIDTH_5,D1,2.863,2.960,-0.097,-0.180,0.120,,OP5_P36 - OP5_P38 / OP5_CS
Distance,OP5_WIDTH_6,D1,2.876,2.960,-0.084,-0.180,0.120,,OP5_P43 - OP5_P45 / OP5_CS
Distance,OP5_WIDTH_7,D1,2.938,2.960,-0.022,-0.180,0.120,,OP5_P50 - OP5_P52 / OP5_CS
Distance,OP5_WIDTH_8,D1,2.910,2.960,-0.050,-0.180,0.120,,OP5_P58 - OP5_P60 / OP5_CS
Distance,OP6_WIDTH_1,D1,2.973,2.960,0.013,-0.180,0.120,,OP6_P4 - OP6_P6 / OP6_CS
Distance,OP6_WIDTH_2,D1,2.970,2.960,0.010,-0.180,0.120,,OP6_P12 - OP6_P14 / OP6_CS
Distance,OP6_WIDTH_3,D1,3.069,2.960,0.109,-0.180,0.120,,OP6_P20 - OP6_P22 / OP6_CS
Distance,OP6_WIDTH_4,D1,2.905,2.960,-0.055,-0.180,0.120,,OP6_P28 - OP6_P30 / OP6_CS
Distance,OP6_WIDTH_5,D1,2.873,2.960,-0.087,-0.180,0.120,,OP6_P36 - OP6_P38 / OP6_CS
Distance,OP6_WIDTH_6,D1,2.891,2.960,-0.069,-0.180,0.120,,OP6_P43 - OP6_P45 / OP6_CS
Distance,OP6_WIDTH_7,D1,2.873,2.960,-0.087,-0.180,0.120,,OP6_P50 - OP6_P52 / OP6_CS
Distance,OP6_WIDTH_8,D1,2.898,2.960,-0.062,-0.180,0.120,,OP6_P58 - OP6_P60 / OP6_CS
Distance,OP1_DEPTH_1,Y,4.398,4.500,-0.102,-0.250,0.250,,OP1_P5 - PL_FIXTURE / OP1_CS
Distance,OP1_DEPTH_2,Y,4.382,4.500,-0.118,-0.250,0.250,,OP1_P13 - PL_FIXTURE / OP1_CS
Distance,OP1_DEPTH_3,Y,4.336,4.500,-0.164,-0.250,0.250,,OP1_P21 - PL_FIXTURE / OP1_CS
Distance,OP1_DEPTH_4,Y,4.312,4.500,-0.188,-0.250,0.250,,OP1_P29 - PL_FIXTURE / OP1_CS
Distance,OP1_DEPTH_5,Y,4.372,4.500,-0.128,-0.250,0.250,,OP1_P37 - PL_FIXTURE / OP1_CS
Distance,OP1_DEPTH_6,Y,4.376,4.500,-0.124,-0.250,0.250,,OP1_P44 - PL_FIXTURE / OP1_CS
Distance,OP1_DEPTH_7,Y,4.293,4.500,-0.207,-0.250,0.250,,OP1_P51 - PL_FIXTURE / OP1_CS
Distance,OP1_DEPTH_8,Y,4.458,4.500,-0.042,-0.250,0.250,,OP1_P59 - PL_FIXTURE / OP1_CS
Distance,OP2_DEPTH_1,Y,4.409,4.500,-0.091,-0.250,0.250,,OP2_P5 - PL_FIXTURE / OP2_CS
Distance,OP2_DEPTH_2,Y,4.411,4.500,-0.089,-0.250,0.250,,OP2_P13 - PL_FIXTURE / OP2_CS
Distance,OP2_DEPTH_3,Y,4.397,4.500,-0.103,-0.250,0.250,,OP2_P21 - PL_FIXTURE / OP2_CS
Distance,OP2_DEPTH_4,Y,4.446,4.500,-0.054,-0.250,0.250,,OP2_P29 - PL_FIXTURE / OP2_CS
Distance,OP2_DEPTH_5,Y,4.441,4.500,-0.059,-0.250,0.250,,OP2_P37 - PL_FIXTURE / OP2_CS
Distance,OP2_DEPTH_6,Y,4.406,4.500,-0.094,-0.250,0.250,,OP2_P44 - PL_FIXTURE / OP2_CS
Distance,OP2_DEPTH_7,Y,4.405,4.500,-0.095,-0.250,0.250,,OP2_P51 - PL_FIXTURE / OP2_CS
Distance,OP2_DEPTH_8,Y,4.374,4.500,-0.126,-0.250,0.250,,OP2_P59 - PL_FIXTURE / OP2_CS
Distance,OP3_DEPTH_1,Y,4.412,4.500,-0.088,-0.250,0.250,,OP3_P5 - PL_FIXTURE / OP3_CS
Distance,OP3_DEPTH_2,Y,4.400,4.500,-0.100,-0.250,0.250,,OP3_P13 - PL_FIXTURE / OP3_CS
Distance,OP3_DEPTH_3,Y,4.389,4.500,-0.111,-0.250,0.250,,OP3_P21 - PL_FIXTURE / OP3_CS
Distance,OP3_DEPTH_4,Y,4.448,4.500,-0.052,-0.250,0.250,,OP3_P29 - PL_FIXTURE / OP3_CS
Distance,OP3_DEPTH_5,Y,4.424,4.500,-0.076,-0.250,0.250,,OP3_P37 - PL_FIXTURE / OP3_CS
Distance,OP3_DEPTH_6,Y,4.402,4.500,-0.098,-0.250,0.250,,OP3_P44 - PL_FIXTURE / OP3_CS
Distance,OP3_DEPTH_7,Y,4.358,4.500,-0.142,-0.250,0.250,,OP3_P51 - PL_FIXTURE / OP3_CS
Distance,OP3_DEPTH_8,Y,4.355,4.500,-0.145,-0.250,0.250,,OP3_P59 - PL_FIXTURE / OP3_CS
Distance,OP4_DEPTH_1,Y,4.498,4.500,-0.002,-0.250,0.250,,OP4_P5 - PL_FIXTURE / OP4_CS
Distance,OP4_DEPTH_2,Y,4.483,4.500,-0.017,-0.250,0.250,,OP4_P13 - PL_FIXTURE / OP4_CS
Distance,OP4_DEPTH_3,Y,4.445,4.500,-0.055,-0.250,0.250,,OP4_P21 - PL_FIXTURE / OP4_CS
Distance,OP4_DEPTH_4,Y,4.459,4.500,-0.041,-0.250,0.250,,OP4_P29 - PL_FIXTURE / OP4_CS
Distance,OP4_DEPTH_5,Y,4.519,4.500,0.019,-0.250,0.250,,OP4_P37 - PL_FIXTURE / OP4_CS
Distance,OP4_DEPTH_6,Y,4.542,4.500,0.042,-0.250,0.250,,OP4_P44 - PL_FIXTURE / OP4_CS
Distance,OP4_DEPTH_7,Y,4.549,4.500,0.049,-0.250,0.250,,OP4_P51 - PL_FIXTURE / OP4_CS
Distance,OP4_DEPTH_8,Y,4.513,4.500,0.013,-0.250,0.250,,OP4_P59 - PL_FIXTURE / OP4_CS
Distance,OP5_DEPTH_1,Y,4.474,4.500,-0.026,-0.250,0.250,,OP5_P5 - PL_FIXTURE / OP5_CS
Distance,OP5_DEPTH_2,Y,4.459,4.500,-0.041,-0.250,0.250,,OP5_P13 - PL_FIXTURE / OP5_CS
Distance,OP5_DEPTH_3,Y,4.448,4.500,-0.052,-0.250,0.250,,OP5_P21 - PL_FIXTURE / OP5_CS
Distance,OP5_DEPTH_4,Y,4.512,4.500,0.012,-0.250,0.250,,OP5_P29 - PL_FIXTURE / OP5_CS
Distance,OP5_DEPTH_5,Y,4.486,4.500,-0.014,-0.250,0.250,,OP5_P37 - PL_FIXTURE / OP5_CS
Distance,OP5_DEPTH_6,Y,4.489,4.500,-0.011,-0.250,0.250,,OP5_P44 - PL_FIXTURE / OP5_CS
Distance,OP5_DEPTH_7,Y,4.516,4.500,0.016,-0.250,0.250,,OP5_P51 - PL_FIXTURE / OP5_CS
Distance,OP5_DEPTH_8,Y,4.482,4.500,-0.018,-0.250,0.250,,OP5_P59 - PL_FIXTURE / OP5_CS
Distance,OP6_DEPTH_1,Y,4.455,4.500,-0.045,-0.250,0.250,,OP6_P5 - PL_FIXTURE / OP6_CS
Distance,OP6_DEPTH_2,Y,4.444,4.500,-0.056,-0.250,0.250,,OP6_P13 - PL_FIXTURE / OP6_CS
Distance,OP6_DEPTH_3,Y,4.442,4.500,-0.058,-0.250,0.250,,OP6_P21 - PL_FIXTURE / OP6_CS
Distance,OP6_DEPTH_4,Y,4.470,4.500,-0.030,-0.250,0.250,,OP6_P29 - PL_FIXTURE / OP6_CS
Distance,OP6_DEPTH_5,Y,4.477,4.500,-0.023,-0.250,0.250,,OP6_P37 - PL_FIXTURE / OP6_CS
Distance,OP6_DEPTH_6,Y,4.469,4.500,-0.031,-0.250,0.250,,OP6_P44 - PL_FIXTURE / OP6_CS
Distance,OP6_DEPTH_7,Y,4.459,4.500,-0.041,-0.250,0.250,,OP6_P51 - PL_FIXTURE / OP6_CS
Distance,OP6_DEPTH_8,Y,4.420,4.500,-0.080,-0.250,0.250,,OP6_P59 - PL_FIXTURE / OP6_CS
Distance,WIDTH_CLIP_GAGE_10,D1,16.495,16.500,-0.005,-0.250,0.250,,SECT_CLIP.RH_10 - SECT_CLIP.LH_10 / CS_ABC_BF_SURF
Distance,WIDTH_CLIP_GAGE_2.5,D1,4.825,4.700,0.125,-0.250,0.250,,SECT_CLIP.RH_2.5 - SECT_CLIP.LH_2.5 / CS_ABC_BF_SURF
Distance,THICKNESS_CLIP_GAGE_2.5,D1,2.674,2.700,-0.026,-0.200,0.200,,SECT_CLIP.UNDER_10 - SECT_CLIP.TOP_10 / CS_ABC_BF_SURF
Distance,PROF_9,Y,123.591,124.400,-0.809,-1.000,1.000,,CIR_9 - PL_FIXTURE / CS_ABC
Distance,H_9,Y,0.100,0.275,-0.175,-0.225,0.225,,CIR_9 - PL_PLAST_9 / CS_ABC
Distance,PROF_10,Y,123.824,124.400,-0.576,-1.000,1.000,,CIR_10 - PL_FIXTURE / CS_ABC
Distance,H_10,Y,0.218,0.275,-0.057,-0.225,0.225,,CIR_10 - PL_PLAST_10 / CS_ABC
Distance,PROF_11,Y,173.278,173.800,-0.522,-1.500,1.500,,CIR_11 - PL_FIXTURE / CS_ABC
Distance,H_11,Y,0.092,0.275,-0.183,-0.225,0.225,,CIR_11 - PL_PLAST_11 / CS_ABC
Distance,PROF_12,Y,173.594,173.800,-0.206,-1.500,1.500,,CIR_12 - PL_FIXTURE / CS_ABC
Distance,H_12,Y,0.053,0.275,-0.222,-0.225,0.225,,CIR_12 - PL_PLAST_12 / CS_ABC
Distance,PROF_13,Y,137.033,137.100,-0.067,-1.500,1.500,,CIR_13 - PL_FIXTURE / CS_ABC
Distance,PROF_14,Y,137.196,137.100,0.096,-1.500,1.500,,CIR_14 - PL_FIXTURE / CS_ABC
Distance,H_23,Y,0.233,0.275,-0.042,-0.225,0.225,,CIR_23 - PL_PLAST_23 / CS_ABC
Distance,H_30,X,0.158,0.275,-0.117,-0.225,0.225,,CIR_30 - PL_PLAST_30 / CS_DE_BF
Distance,H_31,X,0.159,0.275,-0.116,-0.225,0.225,,CIR_31 - PL_PLAST_31 / CS_DE_BF
Distance,H_32,X,0.239,0.275,-0.036,-0.225,0.225,,CIR_32 - PL_PLAST_32 / CS_DE_BF
Distance,H_33,X,0.156,0.275,-0.119,-0.225,0.225,,CIR_33 - PL_PLAST_33 / CS_DE_BF
Distance,PROF_23,Y,77.981,78.000,-0.019,-1.000,1.000,,CIR_23 - PL_FIXTURE / CS_ABC
Distance,DEPTH_TB.1,X,-4.417,-4.500,0.083,-0.250,0.250,,TB_BOT_1.1 - PL_D / CS_DE_BF
Distance,DEPTH_TB.2,X,-4.462,-4.500,0.038,-0.250,0.250,,TB_BOT_1.2 - PL_D / CS_DE_BF
Distance,DEPTH_TB.3,X,-4.535,-4.500,-0.035,-0.250,0.250,,TB_BOT_1.3 - PL_D / CS_DE_BF
Distance,DEPTH_TB.4,X,-4.381,-4.500,0.119,-0.250,0.250,,TB_BOT_1.4 - PL_D / CS_DE_BF
Distance,DEPTH_TB.5,X,-4.361,-4.500,0.139,-0.250,0.250,,TB_BOT_1.5 - PL_D / CS_DE_BF
Distance,DEPTH_TB.6,X,-4.587,-4.500,-0.087,-0.250,0.250,,TB_BOT_1.6 - PL_D / CS_DE_BF
Distance,DEPTH_TB.7,X,-4.633,-4.500,-0.133,-0.250,0.250,,TB_BOT_1.7 - PL_D / CS_DE_BF
Distance,DEPTH_TB.8,X,-4.430,-4.500,0.070,-0.250,0.250,,TB_BOT_1.8 - PL_D / CS_DE_BF
Distance,WIDTH_TB.1,D1,2.885,2.970,-0.085,-0.120,0.180,,IW2.5_1.1 - 0W2.5_1.1 / CS_DE_BF
Distance,WIDTH_TB.2,D1,3.013,2.970,0.043,-0.120,0.180,,IW2.5_1.2 - 0W2.5_1.2 / CS_DE_BF
Distance,WIDTH_TB.3,D1,2.957,2.970,-0.013,-0.120,0.180,,IW2.5_1.3 - 0W2.5_1.3 / CS_DE_BF
Distance,WIDTH_TB.4,D1,2.992,2.970,0.022,-0.120,0.180,,IW2.5_1.4 - 0W2.5_1.4 / CS_DE_BF
Distance,WIDTH_TB.5,D1,2.994,2.970,0.024,-0.120,0.180,,IW2.5_1.5 - 0W2.5_1.5 / CS_DE_BF
Distance,WIDTH_TB.6,D1,3.135,2.970,0.165,-0.120,0.180,,IW2.5_1.6 - 0W2.5_1.6 / CS_DE_BF
Distance,WIDTH_TB.7,D1,3.139,2.970,0.169,-0.120,0.180,,IW2.5_1.7 - 0W2.5_1.7 / CS_DE_BF
Distance,WIDTH_TB.8,D1,3.071,2.970,0.101,-0.120,0.180,,IW2.5_1.8 - 0W2.5_1.8 / CS_DE_BF
Flatness,FLATNESS_11_12,FLTN,0.077,0.000,0.077,0.000,1.000,,PL_11_12
Flatness,FLATNESS_9_10,FLTN,0.214,0.000,0.214,0.000,1.000,,PL_9_10
Flatness,FLATNESS_D,FLTN,0.141,0.000,0.141,0.000,0.500,,PL_D
Flatness,FLATNESS_MAP,FLTN,0.077,0.000,0.077,0.000,0.500,,PL_PLAST_13_14
Pos. Tol.,POS_34,PTOL,1.566,0.000,1.566,0.000,4.000,,CIR_34/NOMINAL - CS_ABC - C-Zone - XZ - Nominal
Pos. Tol.,POS_2D_9,PTOL,0.294,0.000,0.294,0.000,1.000,,2D_CIR_9/NOMINAL - CS_9_10_BF - C-Zone - XZ - Nominal
Pos. Tol.,POS_2D_10,PTOL,0.294,0.000,0.294,0.000,1.000,,2D_CIR_10/NOMINAL - CS_9_10_BF - C-Zone - XZ - Nominal
Pos. Tol.,POS_2D_11,PTOL,0.445,0.000,0.445,0.000,1.000,,2D_CIR_11/NOMINAL - CS_11_12_BF - C-Zone - XZ - Nominal
Pos. Tol.,POS_2D_12,PTOL,0.445,0.000,0.445,0.000,1.000,,2D_CIR_12/NOMINAL - CS_11_12_BF - C-Zone - XZ - Nominal
Pos. Tol.,POS_2D_13,PTOL,0.029,0.000,0.029,0.000,0.500,,2D_CIR_13/NOMINAL - CS_FG - C-Zone - XZ - Nominal
Pos. Tol.,POS_2D_17,PTOL,0.023,0.000,0.023,0.000,1.000,,2D_CIR_17/NOMINAL - CS_17_18_BF - C-Zone - XZ - Nominal
Pos. Tol.,POS_2D_18,PTOL,0.023,0.000,0.023,0.000,1.000,,2D_CIR_18/NOMINAL - CS_17_18_BF - C-Zone - XZ - Nominal
Pos. Tol.,POS_2D_19,PTOL,0.321,0.000,0.321,0.000,1.000,,2D_CIR_19/NOMINAL - CS_19_21_BF - C-Zone - XZ - Nominal
Pos. Tol.,POS_2D_20,PTOL,0.184,0.000,0.184,0.000,1.000,,2D_CIR_20/NOMINAL - CS_20_22_BF - C-Zone - XZ - Nominal
Pos. Tol.,POS_2D_21,PTOL,0.321,0.000,0.321,0.000,1.000,,2D_CIR_21/NOMINAL - CS_19_21_BF - C-Zone - XZ - Nominal
Pos. Tol.,POS_2D_22,PTOL,0.184,0.000,0.184,0.000,1.000,,2D_CIR_22/NOMINAL - CS_20_22_BF - C-Zone - XZ - Nominal
Pos. Tol.,POS_2D_27,PTOL,0.057,0.000,0.057,0.000,0.500,,2D_CIR_27/NOMINAL - CS_27_28_BF - C-Zone - YZ - Nominal
Pos. Tol.,POS_2D_28,PTOL,0.057,0.000,0.057,0.000,0.500,,2D_CIR_28/NOMINAL - CS_27_28_BF - C-Zone - YZ - Nominal
Pos. Tol.,POS_2D_30,PTOL,0.055,0.000,0.055,0.000,0.500,,2D_CIR_30/NOMINAL - CS_DE_BF - C-Zone - YZ - Nominal
Pos. Tol.,POS_2D_31,PTOL,0.211,0.000,0.211,0.000,0.500,,2D_CIR_31/NOMINAL - CS_DE_BF - C-Zone - YZ - Nominal
Pos. Tol.,POS_2D_32,PTOL,0.188,0.000,0.188,0.000,0.500,,2D_CIR_32/NOMINAL - CS_DE_BF - C-Zone - YZ - Nominal
Pos. Tol.,POS_2D_33,PTOL,0.049,0.000,0.049,0.000,0.500,,2D_CIR_33/NOMINAL - CS_DE_BF - C-Zone - YZ - Nominal
Pos. Tol.,POS_2D_35,PTOL,0.229,0.000,0.229,0.000,1.000,,2D_CIR_35/NOMINAL - CS_34_35 - C-Zone - XZ - Nominal
Pos. Tol.,POS_3D_9,PTOL,2.169,0.000,2.169,0.000,3.000,,CIR_9/NOMINAL - CS_ABC - C-Zone - XZ - Nominal
Pos. Tol.,POS_3D_10,PTOL,2.023,0.000,2.023,0.000,3.000,,CIR_10/NOMINAL - CS_ABC - C-Zone - XZ - Nominal
Pos. Tol.,POS_3D_11,PTOL,1.170,0.000,1.170,0.000,3.000,,CIR_11/NOMINAL - CS_ABC - C-Zone - XZ - Nominal
Pos. Tol.,POS_3D_12,PTOL,1.887,0.000,1.887,0.000,3.000,,CIR_12/NOMINAL - CS_ABC - C-Zone - XZ - Nominal
Pos. Tol.,POS_3D_13,PTOL,1.535,0.000,1.535,0.000,3.000,,CIR_13/NOMINAL - CS_ABC - C-Zone - XZ - Nominal
Pos. Tol.,POS_3D_14,PTOL,1.334,0.000,1.334,0.000,3.000,,CIR_14/NOMINAL - CS_ABC - C-Zone - XZ - Nominal
Pos. Tol.,POS_3D_15,PTOL,1.687,0.000,1.687,0.000,3.000,,CIR_15/NOMINAL - CS_ABC - C-Zone - XZ - Nominal
Pos. Tol.,POS_3D_16,PTOL,1.896,0.000,1.896,0.000,3.000,,CIR_16/NOMINAL - CS_ABC - C-Zone - XZ - Nominal
Pos. Tol.,POS_3D_17,PTOL,1.727,0.000,1.727,0.000,4.000,,CIR_17/NOMINAL - CS_ABC - C-Zone - XZ - Nominal
Pos. Tol.,POS_3D_18,PTOL,2.074,0.000,2.074,0.000,4.000,,CIR_18/NOMINAL - CS_ABC - C-Zone - XZ - Nominal
Pos. Tol.,POS_3D_19,PTOL,1.708,0.000,1.708,0.000,4.000,,CIR_19/NOMINAL - CS_ABC - C-Zone - XZ - Nominal
Pos. Tol.,POS_3D_20,PTOL,1.473,0.000,1.473,0.000,4.000,,CIR_20/NOMINAL - CS_ABC - C-Zone - XZ - Nominal
Pos. Tol.,POS_3D_21,PTOL,1.584,0.000,1.584,0.000,4.000,,CIR_21/NOMINAL - CS_ABC - C-Zone - XZ - Nominal
Pos. Tol.,POS_3D_22,PTOL,1.573,0.000,1.573,0.000,4.000,,CIR_22/NOMINAL - CS_ABC - C-Zone - XZ - Nominal
Pos. Tol.,POS_3D_23,PTOL,0.784,0.000,0.784,0.000,4.000,,CIR_23/NOMINAL - CS_ABC - C-Zone - XZ - Nominal
Pos. Tol.,POS_3D_24,PTOL,2.263,0.000,2.263,0.000,4.000,,CIR_24/NOMINAL - CS_ABC - C-Zone - XYZ - Nominal
Pos. Tol.,POS_3D_25,PTOL,2.056,0.000,2.056,0.000,4.000,,CIR_25/NOMINAL - CS_ABC - C-Zone - XYZ - Nominal
Pos. Tol.,POS_3D_26,PTOL,2.675,0.000,2.675,0.000,4.000,,CIR_26/NOMINAL - CS_ABC - C-Zone - XZ - Nominal
Pos. Tol.,POS_3D_27,PTOL,1.559,0.000,1.559,0.000,3.000,,CIR_27/NOMINAL - CS_ABC - C-Zone - XYZ - Nominal
Pos. Tol.,POS_3D_28,PTOL,1.521,0.000,1.521,0.000,3.000,,CIR_28/NOMINAL - CS_ABC - C-Zone - XYZ - Nominal
Pos. Tol.,POS_3D_29,PTOL,1.963,0.000,1.963,0.000,3.000,,CIR_29/NOMINAL - CS_ABC - C-Zone - XYZ - Nominal
Pos. Tol.,POS_3D_30,PTOL,2.138,0.000,2.138,0.000,3.000,,CIR_30/NOMINAL - CS_ABC - C-Zone - XYZ - Nominal
Pos. Tol.,POS_3D_31,PTOL,1.950,0.000,1.950,0.000,3.000,,CIR_31/NOMINAL - CS_ABC - C-Zone - XYZ - Nominal
Pos. Tol.,POS_3D_32,PTOL,3.226,0.000,3.226,0.000,4.000,,CIR_32/NOMINAL - CS_ABC - C-Zone - XYZ - Nominal
Pos. Tol.,POS_3D_33,PTOL,3.104,0.000,3.104,0.000,4.000,,CIR_33/NOMINAL - CS_ABC - C-Zone - XYZ - Nominal
Pos. Tol.,POS_B,PTOL,0.000,0.000,0.000,0.000,0.500,,CIR_B/NOMINAL - CS_ABC - C-Zone - XZ - Nominal
Pos. Tol.,POS_C,PTOL,0.207,0.000,0.207,0.000,0.500,,CIR_C/NOMINAL - CS_ABC - C-Zone - XZ - Nominal
Profile of Line,PROFILE_CLIP_36,PRFL,2.213,0.000,2.213,0.000,2.500,,SECT_CLIP
Profile of Line,PROFILE_OP_1,PRFL,1.006,0.000,1.006,0.000,1.500,,SECT_OP_1
Profile of Line,PROFILE_OP_2,PRFL,1.394,0.000,1.394,0.000,2.000,,SECT_OP_2
Profile of Line,PROFILE_OP_3,PRFL,1.669,0.000,1.669,0.000,2.000,,SECT_OP_3
Profile of Line,PROFILE_OP_4,PRFL,0.751,0.000,0.751,0.000,1.500,,SECT_OP_4
Profile of Line,PROFILE_OP_5,PRFL,0.551,0.000,0.551,0.000,1.500,,SECT_OP_5
Profile of Line,PROFILE_OP_6,PRFL,0.579,0.000,0.579,0.000,1.500,,SECT_OP_6
