Feat. Type,Feat. Name,Value,Actual,Nominal,Dev.,Tol-,Tol+,Out of Tol.,Comment
Text/Value,VAR_PROGRAM,VAL,,,,,,,'N:\Metrolog XG\Programmes\Ford Transmission Pan 10R\Ford Transmission Pan 10R Complete (Module_51).gm2'
Text/Value,VAR_EVENEMENT,VAL,,,,,,,'PPAP'
Text/Value,VAR_COMMENTAIRES,VAL,,,,,,,'C1P12'
Text/Value,PROFILE_A,VAL,0.237000,0.000000,0.237000,0.000000,0.250000,,
Circle,CIR_1,DIAM,7.111,7.100,0.011,-0.050,0.050,,Criterion : Least Square (From 4 Pts On PL_FIXTURE) 
Circle,CIR_1,X,0.079,-0.000,0.079,,,,
Circle,CIR_1,Z,-0.162,-0.000,-0.162,,,,
Circle,CIR_2,DIAM,7.113,7.100,0.013,-0.050,0.050,,Criterion : Least Square (From 4 Pts On PL_FIXTURE) 
Circle,CIR_2,X,-3.035,-2.811,-0.225,,,,
Circle,CIR_2,Z,79.997,80.079,-0.081,,,,
Circle,CIR_3,DIAM,7.116,7.100,0.016,-0.050,0.050,,Criterion : Least Square (From 4 Pts On PL_FIXTURE) 
Circle,CIR_3,X,-3.118,-2.811,-0.308,,,,
Circle,CIR_3,Z,169.971,170.079,-0.107,,,,
Circle,CIR_4,DIAM,7.974,8.300,-0.326,-0.050,0.050,-0.276,Criterion : Least Square (From 4 Pts On PL_FIXTURE) 
Circle,CIR_4,X,-4.655,-4.571,-0.084,,,,
Circle,CIR_4,Z,224.491,224.499,-0.007,,,,
Circle,CIR_5,DIAM,7.116,7.100,0.016,-0.050,0.050,,Criterion : Least Square (From 4 Pts On PL_FIXTURE) 
Circle,CIR_5,X,-1.591,-1.571,-0.020,,,,
Circle,CIR_5,Z,249.500,249.499,0.001,,,,
Circle,CIR_6,DIAM,7.117,7.100,0.017,-0.050,0.050,,Criterion : Least Square (From 4 Pts On PL_FIXTURE) 
Circle,CIR_6,X,78.044,78.140,-0.095,,,,
Circle,CIR_6,Z,272.966,272.679,0.287,,,,
Circle,CIR_7,DIAM,7.113,7.100,0.013,-0.050,0.050,,Criterion : Least Square (From 4 Pts On PL_FIXTURE) 
Circle,CIR_7,X,157.102,157.140,-0.037,,,,
Circle,CIR_7,Z,273.089,272.679,0.410,,,,
Circle,CIR_8,DIAM,7.105,7.100,0.005,-0.050,0.050,,Criterion : Least Square (From 4 Pts On PL_FIXTURE) 
Circle,CIR_8,X,236.131,236.140,-0.009,,,,
Circle,CIR_8,Z,272.941,272.679,0.263,,,,
Circle,CIR_9,DIAM,7.112,7.100,0.012,-0.050,0.050,,Criterion : Least Square (From 4 Pts On PL_FIXTURE) 
Circle,CIR_9,X,315.258,315.140,0.118,,,,
Circle,CIR_9,Z,272.895,272.679,0.217,,,,
Circle,CIR_10,DIAM,7.114,7.100,0.014,-0.050,0.050,,Criterion : Least Square (From 4 Pts On PL_FIXTURE) 
Circle,CIR_10,X,394.198,394.140,0.059,,,,
Circle,CIR_10,Z,272.635,272.679,-0.043,,,,
Circle,CIR_11,DIAM,7.111,7.100,0.011,-0.050,0.050,,Criterion : Least Square (From 4 Pts On PL_FIXTURE) 
Circle,CIR_11,X,463.747,463.580,0.167,,,,
Circle,CIR_11,Z,254.553,254.552,0.002,,,,
Circle,CIR_12,DIAM,7.116,7.100,0.016,-0.050,0.050,,Criterion : Least Square (From 4 Pts On PL_FIXTURE) 
Circle,CIR_12,X,474.785,474.589,0.196,,,,
Circle,CIR_12,Z,166.898,166.879,0.019,,,,
Circle,CIR_13,DIAM,7.116,7.100,0.016,-0.050,0.050,,Criterion : Least Square (From 4 Pts On PL_FIXTURE) 
Circle,CIR_13,X,474.762,474.589,0.173,,,,
Circle,CIR_13,Z,79.340,79.279,0.061,,,,
Circle,CIR_14,DIAM,7.961,8.300,-0.339,-0.050,0.050,-0.289,Criterion : Least Square (From 4 Pts On PL_FIXTURE) 
Circle,CIR_14,X,473.502,473.429,0.073,,,,
Circle,CIR_14,Z,19.468,19.499,-0.031,,,,
Circle,CIR_15,DIAM,7.109,7.100,0.009,-0.050,0.050,,Criterion : Least Square (From 4 Pts On PL_FIXTURE) 
Circle,CIR_15,X,470.814,470.589,0.224,,,,
Circle,CIR_15,Z,-8.374,-8.321,-0.053,,,,
Circle,CIR_16,DIAM,7.118,7.100,0.018,-0.050,0.050,,Criterion : Least Square (From 4 Pts On PL_FIXTURE) 
Circle,CIR_16,X,387.546,387.439,0.107,,,,
Circle,CIR_16,Z,-17.423,-17.321,-0.102,,,,
Circle,CIR_17,DIAM,7.117,7.100,0.017,-0.050,0.050,,Criterion : Least Square (From 4 Pts On PL_FIXTURE) 
Circle,CIR_17,X,304.343,304.239,0.104,,,,
Circle,CIR_17,Z,-17.571,-17.321,-0.250,,,,
Circle,CIR_18,DIAM,7.119,7.100,0.019,-0.050,0.050,,Criterion : Least Square (From 4 Pts On PL_FIXTURE) 
Circle,CIR_18,X,228.108,228.000,0.108,,,,
Circle,CIR_18,Z,-17.406,-17.321,-0.084,,,,
Circle,CIR_19,DIAM,7.116,7.100,0.016,-0.050,0.050,,Criterion : Least Square (From 4 Pts On PL_FIXTURE) 
Circle,CIR_19,X,152.285,152.000,0.285,,,,
Circle,CIR_19,Z,-17.442,-17.321,-0.121,,,,
Circle,CIR_20,DIAM,7.117,7.100,0.017,-0.050,0.050,,Criterion : Least Square (From 4 Pts On PL_FIXTURE) 
Circle,CIR_20,X,76.183,76.000,0.183,,,,
Circle,CIR_20,Z,-17.653,-17.321,-0.332,,,,
Pos. Tol.,POS_1,PTOL,0.361,0.000,0.361,0.000,0.800,,CIR_1/NOMINAL - CS_SRF_BF_OLD_ORIENTATION - C-Zone - XZ - Nominal
Pos. Tol.,POS_2,PTOL,0.478,0.000,0.478,0.000,0.800,,CIR_2/NOMINAL - CS_SRF_BF_OLD_ORIENTATION - C-Zone - XZ - Nominal
Pos. Tol.,POS_3,PTOL,0.651,0.000,0.651,0.000,0.800,,CIR_3/NOMINAL - CS_SRF_BF_OLD_ORIENTATION - C-Zone - XZ - Nominal
Pos. Tol.,POS_4,PTOL,0.168,0.000,0.168,0.000,0.800,,CIR_4/NOMINAL - CS_SRF_BF_OLD_ORIENTATION - C-Zone - XZ - Nominal
Pos. Tol.,POS_5,PTOL,0.040,0.000,0.040,0.000,0.800,,CIR_5/NOMINAL - CS_SRF_BF_OLD_ORIENTATION - C-Zone - XZ - Nominal
Pos. Tol.,POS_6,PTOL,0.605,0.000,0.605,0.000,0.800,,CIR_6/NOMINAL - CS_SRF_BF_OLD_ORIENTATION - C-Zone - XZ - Nominal
Pos. Tol.,POS_7,PTOL,0.824,0.000,0.824,0.000,0.800,0.024,CIR_7/NOMINAL - CS_SRF_BF_OLD_ORIENTATION - C-Zone - XZ - Nominal
Pos. Tol.,POS_8,PTOL,0.526,0.000,0.526,0.000,0.800,,CIR_8/NOMINAL - CS_SRF_BF_OLD_ORIENTATION - C-Zone - XZ - Nominal
Pos. Tol.,POS_9,PTOL,0.494,0.000,0.494,0.000,0.800,,CIR_9/NOMINAL - CS_SRF_BF_OLD_ORIENTATION - C-Zone - XZ - Nominal
Pos. Tol.,POS_10,PTOL,0.146,0.000,0.146,0.000,0.800,,CIR_10/NOMINAL - CS_SRF_BF_OLD_ORIENTATION - C-Zone - XZ - Nominal
Pos. Tol.,POS_11,PTOL,0.334,0.000,0.334,0.000,0.800,,CIR_11/NOMINAL - CS_SRF_BF_OLD_ORIENTATION - C-Zone - XZ - Nominal
Pos. Tol.,POS_12,PTOL,0.394,0.000,0.394,0.000,0.800,,CIR_12/NOMINAL - CS_SRF_BF_OLD_ORIENTATION - C-Zone - XZ - Nominal
Pos. Tol.,POS_13,PTOL,0.367,0.000,0.367,0.000,0.800,,CIR_13/NOMINAL - CS_SRF_BF_OLD_ORIENTATION - C-Zone - XZ - Nominal
Pos. Tol.,POS_14,PTOL,0.159,0.000,0.159,0.000,0.800,,CIR_14/NOMINAL - CS_SRF_BF_OLD_ORIENTATION - C-Zone - XZ - Nominal
Pos. Tol.,POS_15,PTOL,0.461,0.000,0.461,0.000,0.800,,CIR_15/NOMINAL - CS_SRF_BF_OLD_ORIENTATION - C-Zone - XZ - Nominal
Pos. Tol.,POS_16,PTOL,0.295,0.000,0.295,0.000,0.800,,CIR_16/NOMINAL - CS_SRF_BF_OLD_ORIENTATION - C-Zone - XZ - Nominal
Pos. Tol.,POS_17,PTOL,0.541,0.000,0.541,0.000,0.800,,CIR_17/NOMINAL - CS_SRF_BF_OLD_ORIENTATION - C-Zone - XZ - Nominal
Pos. Tol.,POS_18,PTOL,0.274,0.000,0.274,0.000,0.800,,CIR_18/NOMINAL - CS_SRF_BF_OLD_ORIENTATION - C-Zone - XZ - Nominal
Pos. Tol.,POS_19,PTOL,0.618,0.000,0.618,0.000,0.800,,CIR_19/NOMINAL - CS_SRF_BF_OLD_ORIENTATION - C-Zone - XZ - Nominal
Pos. Tol.,POS_20,PTOL,0.759,0.000,0.759,0.000,0.800,,CIR_20/NOMINAL - CS_SRF_BF_OLD_ORIENTATION - C-Zone - XZ - Nominal
Perpend.,PERP_B,PERP,0.013,0.000,0.013,0.000,0.130,,CYL_B/PL_FIXTURE - C-Zone - Cloud of Points 
Profile of Line,PROFILE_INSIDE_PAN_AT_GAGE,PRFL,2.792,0.000,2.792,0.000,3.000,,SECTION_INSIDE_2.5MM
