Feat. Type,Feat. Name,Value,Actual,Nominal,Dev.,Tol-,Tol+,Out of Tol.,Comment
Text/Value,VAR_PROGRAM,VAL,,,,,,,'N:\Metrolog XG\Programmes\GMI 700\GMI 700 Moule 1 Complete Module 51.gm2'
Text/Value,VAR_EVENEMENT,VAL,,,,,,,'fip-05442 validation 1hr apr�s'
Text/Value,VAR_COMMENTAIRES,VAL,,,,,,,'299B'
Text/Value,SRF_A,VAL,0.315962,0.000000,0.315962,0.000000,0.500000,,
Circle,CIR_B,DIAM,9.884,9.850,0.034,-0.100,0.100,,Criterion : Least Square (From 4 Pts On PL_FIXTURE) 
Distance,DIAMETRE_C,D1,9.884,9.900,-0.016,-0.100,0.100,,SRF_C_TOP - SRF_C_DOWN / CS_ABC
Point,PNT_C_PRJ_FIXT,X,-141.653,-142.000,0.347,,,,Proj. PNT_MID_C / PL_FIXTURE.
Point,PNT_C_PRJ_FIXT,Z,-45.888,-46.000,0.112,,,,
Pos. Tol.,POS_C,PTOL,0.730,0.000,0.730,0.000,1.400,,PNT_C_PRJ_FIXT/NOMINAL - CS_ABC - C-Zone - XZ - Nominal
Circle,CIR1,X,-228.461,-228.500,0.039,,,,From 4 Pts On PL_FIXTURE
Circle,CIR1,Z,-78.319,-78.000,-0.319,,,,
Pos. Tol.,POS_1,PTOL,0.643,0.000,0.643,0.000,1.500,,CIR1/NOMINAL - CS_ABC - C-Zone - XZ - Nominal
Circle,CIR2,X,-125.245,-125.500,0.255,,,,From 4 Pts On PL_FIXTURE
Circle,CIR2,Z,-78.493,-78.000,-0.492,,,,
Pos. Tol.,POS_2,PTOL,1.109,0.000,1.109,0.000,1.500,,CIR2/NOMINAL - CS_ABC - C-Zone - XZ - Nominal
Circle,CIR3,X,-22.240,-22.500,0.260,,,,From 4 Pts On PL_FIXTURE
Circle,CIR3,Z,-78.117,-78.000,-0.117,,,,
Pos. Tol.,POS_3,PTOL,0.571,0.000,0.571,0.000,1.500,,CIR3/NOMINAL - CS_ABC - C-Zone - XZ - Nominal
Circle,CIR4,X,86.567,86.500,0.067,,,,From 4 Pts On PL_FIXTURE
Circle,CIR4,Z,31.608,32.000,-0.392,,,,
Pos. Tol.,POS_4,PTOL,0.795,0.000,0.795,0.000,1.500,,CIR4/NOMINAL - CS_ABC - C-Zone - XZ - Nominal
Circle,CIR5,X,-16.464,-16.500,0.036,,,,From 4 Pts On PL_FIXTURE
Circle,CIR5,Z,31.632,32.000,-0.368,,,,
Pos. Tol.,POS_5,PTOL,0.739,0.000,0.739,0.000,1.500,,CIR5/NOMINAL - CS_ABC - C-Zone - XZ - Nominal
Circle,CIR6,X,-119.440,-119.500,0.060,,,,From 4 Pts On PL_FIXTURE
Circle,CIR6,Z,31.998,32.000,-0.001,,,,
Pos. Tol.,POS_6,PTOL,0.120,0.000,0.120,0.000,1.500,,CIR6/NOMINAL - CS_ABC - C-Zone - XZ - Nominal
Profile of Line,PROF_OP1,PRFL,1.030,0.000,1.030,0.000,1.500,,SCT_OP1
Profile of Line,OP1_PROF_INNER_WALL,PRFL,1.480,0.000,1.480,0.000,1.500,,OP1_SRF_INNER_WALL
Profile of Line,OP1_PROF_OUTTER_WALL,PRFL,1.365,0.000,1.365,0.000,1.500,,OP1_SRF_OUTTER_WALL
Profile of Line,PROF_OP2,PRFL,0.662,0.000,0.662,0.000,1.500,,SCT_OP2
Profile of Line,OP2_PROF_INNER_WALL,PRFL,0.949,0.000,0.949,0.000,1.500,,OP2_SRF_INNER_WALL
Profile of Line,OP2_PROF_OUTTER_WALL,PRFL,0.938,0.000,0.938,0.000,1.500,,OP2_SRF_OUTTER_WALL
Profile of Line,PROF_OP3,PRFL,0.546,0.000,0.546,0.000,1.500,,SCT_OP3
Profile of Line,OP3_PROF_INNER_WALL,PRFL,0.501,0.000,0.501,0.000,1.500,,OP3_SRF_INNER_WALL
Profile of Line,OP3_PROF_OUTTER_WALL,PRFL,0.673,0.000,0.673,0.000,1.500,,OP3_SRF_OUTTER_WALL
Profile of Line,PROF_OP4,PRFL,0.760,0.000,0.760,0.000,1.500,,SCT_OP4
Profile of Line,OP4_PROF_INNER_WALL,PRFL,0.933,0.000,0.933,0.000,1.500,,OP4_SRF_INNER_WALL
Profile of Line,OP4_PROF_OUTTER_WALL,PRFL,0.794,0.000,0.794,0.000,1.500,,OP4_SRF_OUTTER_WALL
Profile of Line,PROF_OP5,PRFL,0.633,0.000,0.633,0.000,1.500,,SCT_OP5
Profile of Line,OP5_PROF_INNER_WALL,PRFL,0.632,0.000,0.632,0.000,1.500,,OP5_SRF_INNER_WALL
Profile of Line,OP5_PROF_OUTTER_WALL,PRFL,0.668,0.000,0.668,0.000,1.500,,OP5_SRF_OUTTER_WALL
Profile of Line,PROF_OP6,PRFL,1.228,0.000,1.228,0.000,1.500,,SCT_OP6
Profile of Line,OP6_PROF_INNER_WALL,PRFL,1.505,0.000,1.505,0.000,1.500,0.005,OP6_SRF_INNER_WALL
Profile of Line,OP6_PROF_OUTTER_WALL,PRFL,1.522,0.000,1.522,0.000,1.500,0.022,OP6_SRF_OUTTER_WALL
Distance,OP1_WIDTH_1,D1,2.965,3.000,-0.035,-0.150,0.150,,OP1_P2 - OP1_P3 / OP1_CS
Distance,OP1_WIDTH_5,D1,2.930,3.000,-0.070,-0.150,0.150,,OP1_P22 - OP1_P23 / OP1_CS
Distance,OP1_WIDTH_9,D1,2.977,3.000,-0.023,-0.150,0.150,,OP1_P42 - OP1_P43 / OP1_CS
Distance,OP1_WIDTH_12,D1,3.018,3.000,0.018,-0.150,0.150,,OP1_P57 - OP1_P58 / OP1_CS
Distance,OP1_DEPTH_1,Y,5.008,5.000,0.008,-0.150,0.150,,OP1_P4 - PL_FIXTURE / OP1_CS
Distance,OP1_DEPTH_5,Y,5.051,5.000,0.051,-0.150,0.150,,OP1_P24 - PL_FIXTURE / OP1_CS
Distance,OP1_DEPTH_9,Y,5.099,5.000,0.099,-0.150,0.150,,OP1_P44 - PL_FIXTURE / OP1_CS
Distance,OP1_DEPTH_12,Y,5.043,5.000,0.043,-0.150,0.150,,OP1_P59 - PL_FIXTURE / OP1_CS
Distance,OP2_WIDTH_1,D1,3.006,3.000,0.006,-0.200,0.200,,OP2_P2 - OP2_P3 / OP2_CS
Distance,OP2_WIDTH_5,D1,2.998,3.000,-0.002,-0.200,0.200,,OP2_P22 - OP2_P23 / OP2_CS
Distance,OP2_WIDTH_9,D1,3.024,3.000,0.024,-0.200,0.200,,OP2_P42 - OP2_P43 / OP2_CS
Distance,OP2_WIDTH_12,D1,3.032,3.000,0.032,-0.200,0.200,,OP2_P57 - OP2_P58 / OP2_CS
Distance,OP2_DEPTH_1,Y,4.975,5.000,-0.025,-0.150,0.150,,OP2_P4 - PL_FIXTURE / OP2_CS
Distance,OP2_DEPTH_5,Y,4.920,5.000,-0.080,-0.150,0.150,,OP2_P24 - PL_FIXTURE / OP2_CS
Distance,OP2_DEPTH_9,Y,5.027,5.000,0.027,-0.150,0.150,,OP2_P44 - PL_FIXTURE / OP2_CS
Distance,OP2_DEPTH_12,Y,5.003,5.000,0.003,-0.150,0.150,,OP2_P59 - PL_FIXTURE / OP2_CS
Distance,OP3_WIDTH_1,D1,3.002,3.000,0.002,-0.200,0.200,,OP3_P2 - OP3_P3 / OP3_CS
Distance,OP3_WIDTH_5,D1,2.887,3.000,-0.113,-0.200,0.200,,OP3_P22 - OP3_P23 / OP3_CS
Distance,OP3_WIDTH_9,D1,3.015,3.000,0.015,-0.200,0.200,,OP3_P42 - OP3_P43 / OP3_CS
Distance,OP3_WIDTH_12,D1,3.002,3.000,0.002,-0.200,0.200,,OP3_P57 - OP3_P58 / OP3_CS
Distance,OP3_DEPTH_1,Y,5.042,5.000,0.042,-0.150,0.150,,OP3_P4 - PL_FIXTURE / OP3_CS
Distance,OP3_DEPTH_5,Y,5.048,5.000,0.048,-0.150,0.150,,OP3_P24 - PL_FIXTURE / OP3_CS
Distance,OP3_DEPTH_9,Y,4.903,5.000,-0.097,-0.150,0.150,,OP3_P44 - PL_FIXTURE / OP3_CS
Distance,OP3_DEPTH_12,Y,5.059,5.000,0.059,-0.150,0.150,,OP3_P59 - PL_FIXTURE / OP3_CS
Distance,OP4_WIDTH_1,D1,2.890,3.000,-0.110,-0.200,0.200,,OP4_P2 - OP4_P3 / OP4_CS
Distance,OP4_WIDTH_5,D1,2.927,3.000,-0.073,-0.200,0.200,,OP4_P22 - OP4_P23 / OP4_CS
Distance,OP4_WIDTH_9,D1,2.904,3.000,-0.096,-0.200,0.200,,OP4_P42 - OP4_P43 / OP4_CS
Distance,OP4_WIDTH_12,D1,2.797,3.000,-0.203,-0.200,0.200,-0.003,OP4_P57 - OP4_P58 / OP4_CS
Distance,OP4_DEPTH_1,Y,5.060,5.000,0.060,-0.150,0.150,,OP4_P4 - PL_FIXTURE / OP4_CS
Distance,OP4_DEPTH_5,Y,4.877,5.000,-0.123,-0.150,0.150,,OP4_P24 - PL_FIXTURE / OP4_CS
Distance,OP4_DEPTH_9,Y,4.975,5.000,-0.025,-0.150,0.150,,OP4_P44 - PL_FIXTURE / OP4_CS
Distance,OP4_DEPTH_12,Y,5.062,5.000,0.062,-0.150,0.150,,OP4_P59 - PL_FIXTURE / OP4_CS
Distance,OP5_WIDTH_1,D1,2.999,3.000,-0.001,-0.200,0.200,,OP5_P2 - OP5_P3 / OP5_CS
Distance,OP5_WIDTH_5,D1,2.993,3.000,-0.007,-0.200,0.200,,OP5_P22 - OP5_P23 / OP5_CS
Distance,OP5_WIDTH_9,D1,3.004,3.000,0.004,-0.200,0.200,,OP5_P42 - OP5_P43 / OP5_CS
Distance,OP5_WIDTH_12,D1,3.020,3.000,0.020,-0.200,0.200,,OP5_P57 - OP5_P58 / OP5_CS
Distance,OP5_DEPTH_1,Y,4.803,5.000,-0.197,-0.150,0.150,-0.047,OP5_P4 - PL_FIXTURE / OP5_CS
Distance,OP5_DEPTH_5,Y,5.040,5.000,0.040,-0.150,0.150,,OP5_P24 - PL_FIXTURE / OP5_CS
Distance,OP5_DEPTH_9,Y,4.864,5.000,-0.136,-0.150,0.150,,OP5_P44 - PL_FIXTURE / OP5_CS
Distance,OP5_DEPTH_12,Y,4.968,5.000,-0.032,-0.150,0.150,,OP5_P59 - PL_FIXTURE / OP5_CS
Distance,OP6_WIDTH_1,D1,3.040,3.000,0.040,-0.200,0.200,,OP6_P2 - OP6_P3 / OP6_CS
Distance,OP6_WIDTH_5,D1,3.003,3.000,0.003,-0.200,0.200,,OP6_P22 - OP6_P23 / OP6_CS
Distance,OP6_WIDTH_9,D1,2.981,3.000,-0.019,-0.200,0.200,,OP6_P42 - OP6_P43 / OP6_CS
Distance,OP6_WIDTH_12,D1,3.023,3.000,0.023,-0.200,0.200,,OP6_P57 - OP6_P58 / OP6_CS
Distance,OP6_DEPTH_1,Y,5.024,5.000,0.024,-0.150,0.150,,OP6_P4 - PL_FIXTURE / OP6_CS
Distance,OP6_DEPTH_5,Y,5.085,5.000,0.085,-0.150,0.150,,OP6_P24 - PL_FIXTURE / OP6_CS
Distance,OP6_DEPTH_9,Y,4.839,5.000,-0.161,-0.150,0.150,-0.011,OP6_P44 - PL_FIXTURE / OP6_CS
Distance,OP6_DEPTH_12,Y,4.999,5.000,-0.001,-0.150,0.150,,OP6_P59 - PL_FIXTURE / OP6_CS
Circle,CIR_A,DIAM,79.075,79.000,0.075,-0.500,0.500,,Criterion : Least Square (From 12 Pts On PL_D) 
Circle,CIR_A,X,96.558,96.049,0.509,,,,
Circle,CIR_A,Y,70.963,70.746,0.218,,,,
Circle,CIR_A,Z,113.867,114.049,-0.182,,,,
Pos. Tol.,POS_A,PTOL,1.166,0.000,1.166,0.000,4.000,,CIR_A/NOMINAL - CS_ABC - C-Zone - XYZ - Nominal
Circle,CIR_INS_11,X,90.930,90.385,0.545,,,,Criterion : Least Square (From 6 Pts On PL_INS_11) 
Circle,CIR_INS_11,Y,95.277,95.065,0.212,,,,
Circle,CIR_INS_11,Z,159.940,160.233,-0.294,,,,
Pos. Tol.,POS_11,PTOL,1.309,0.000,1.309,0.000,3.000,,CIR_INS_11/NOMINAL - CS_ABC - C-Zone - XYZ - Nominal
Circle,CIR_INS_12,X,116.137,115.649,0.488,,,,Criterion : Least Square (From 6 Pts On PL_INS_12) 
Circle,CIR_INS_12,Y,38.414,38.214,0.199,,,,
Circle,CIR_INS_12,Z,150.107,150.299,-0.192,,,,
Pos. Tol.,POS_12,PTOL,1.123,0.000,1.123,0.000,3.600,,CIR_INS_12/NOMINAL - CS_ABC - C-Zone - XYZ - Nominal
Circle,CIR_INS_13,X,102.010,102.615,-0.605,,,,Criterion : Least Square (From 6 Pts On PL_INS_13) 
Circle,CIR_INS_13,Y,46.875,46.845,0.031,,,,
Circle,CIR_INS_13,Z,67.977,67.766,0.211,,,,
Pos. Tol.,POS_13,PTOL,1.283,0.000,1.283,0.000,3.000,,CIR_INS_13/NOMINAL - CS_ABC - C-Zone - XYZ - Nominal
Circle,CIR_INS_14,X,77.189,77.351,-0.163,,,,Criterion : Least Square (From 6 Pts On PL_INS_14) 
Circle,CIR_INS_14,Y,103.351,103.696,-0.345,,,,
Circle,CIR_INS_14,Z,77.650,77.701,-0.050,,,,
Pos. Tol.,POS_14,PTOL,0.769,0.000,0.769,0.000,3.000,,CIR_INS_14/NOMINAL - CS_ABC - C-Zone - XYZ - Nominal
Circle,2D_CIR_INS_11,Y,31.446,31.500,-0.054,,,,
Circle,2D_CIR_INS_11,Z,41.861,42.000,-0.139,,,,
Pos. Tol.,POS_2D_11,PTOL,0.298,0.000,0.298,0.000,0.800,,2D_CIR_INS_11/NOMINAL - CS_DE_BF - C-Zone - YZ - Nominal
Circle,2D_CIR_INS_12,Y,-31.526,-31.500,-0.026,,,,
Circle,2D_CIR_INS_12,Z,41.950,42.000,-0.050,,,,
Pos. Tol.,POS_2D_12,PTOL,0.113,0.000,0.113,0.000,0.800,,2D_CIR_INS_12/NOMINAL - CS_DE_BF - C-Zone - YZ - Nominal
Circle,2D_CIR_INS_13,Y,-31.174,-31.500,0.326,,,,
Circle,2D_CIR_INS_13,Z,-41.813,-42.000,0.187,,,,
Pos. Tol.,POS_2D_13,PTOL,0.752,0.000,0.752,0.000,0.800,,2D_CIR_INS_13/NOMINAL - CS_DE_BF - C-Zone - YZ - Nominal
Circle,2D_CIR_INS_14,Y,31.269,31.500,-0.231,,,,
Circle,2D_CIR_INS_14,Z,-41.957,-42.000,0.043,,,,
Pos. Tol.,POS_2D_14,PTOL,0.469,0.000,0.469,0.000,0.800,,2D_CIR_INS_14/NOMINAL - CS_DE_BF - C-Zone - YZ - Nominal
Distance,H_11,X,0.136,0.000,0.136,0.000,0.500,,CIR_INS_11 - PL_PLAST_INS_11 / CS_DE_BF
Distance,H_12,X,0.199,-0.000,0.199,0.000,0.500,,CIR_INS_12 - PL_PLAST_INS_12 / CS_DE_BF
Distance,H_13,X,0.126,-0.000,0.126,0.000,0.500,,CIR_INS_13 - PL_PLAST_INS_13 / CS_DE_BF
Distance,H_14,X,0.238,-0.000,0.238,0.000,0.500,,CIR_INS_14 - PL_PLAST_INS_14 / CS_DE_BF
Flatness,FLAT_D,FLTN,0.288,0.000,0.288,0.000,0.500,,PL_D
Distance,WIDTH_TB_2,D1,2.803,3.000,-0.197,-0.150,0.150,-0.047,0W2.5_1.2 - IW2.5_1.2 / CS_DE_BF
Distance,WIDTH_TB_4,D1,2.880,3.000,-0.120,-0.150,0.150,,0W2.5_1.4 - IW2.5_1.4 / CS_DE_BF
Distance,WIDTH_TB_6,D1,2.933,3.000,-0.067,-0.150,0.150,,0W2.5_1.6 - IW2.5_1.6 / CS_DE_BF
Distance,WIDTH_TB_7,D1,3.050,3.000,0.050,-0.150,0.150,,0W2.5_1.7 - IW2.5_1.7 / CS_DE_BF
Distance,DEPTH_TB_2,D1,4.784,5.000,-0.216,-0.250,0.250,,TB_BOT_1.2 - PL_D / CS_DE_BF
Distance,DEPTH_TB_4,D1,5.032,5.000,0.032,-0.250,0.250,,TB_BOT_1.4 - PL_D / CS_DE_BF
Distance,DEPTH_TB_6,D1,4.614,5.000,-0.386,-0.250,0.250,-0.136,TB_BOT_1.6 - PL_D / CS_DE_BF
Distance,DEPTH_TB_7,D1,4.907,5.000,-0.093,-0.250,0.250,,TB_BOT_1.7 - PL_D / CS_DE_BF
Profile of Line,PROF_2D_IW_TB,PRFL,0.871,0.000,0.871,0.000,1.500,,SCT_2D_IW_TB
Circle,CIR_INS_15,X,31.018,29.890,1.128,,,,Criterion : Least Square (From 6 Pts On PL_PLAST_INS_15) 
Circle,CIR_INS_15,Y,44.344,44.400,-0.056,,,,
Circle,CIR_INS_15,Z,205.134,204.750,0.384,,,,
Pos. Tol.,POS_15,PTOL,2.387,0.000,2.387,0.000,3.500,,CIR_INS_15/NOMINAL - CS_ABC - C-Zone - XYZ - Nominal
Circle,CIR_16_MID_GAGE,DIAM,12.111,12.170,-0.059,-0.100,0.100,,Proj. CIR_16_9MM / PL_PLAST_16.
Circle,CIR_16_MID_GAGE,X,31.037,29.988,1.049,,,,
Circle,CIR_16_MID_GAGE,Y,60.646,61.026,-0.380,,,,
Circle,CIR_16_MID_GAGE,Z,221.800,221.344,0.456,,,,
Pos. Tol.,POS_16,PTOL,2.411,0.000,2.411,0.000,3.500,,CIR_16_MID_GAGE/NOMINAL - CS_ABC - C-Zone - XYZ - Nominal
Distance,H_15,X,0.237,0.000,0.237,0.000,0.400,,CIR_INS_15 - PL_PLAST_16 / CS_15_16
Circle,2D_CIR_15,Y,-23.312,-23.500,0.188,,,,
Circle,2D_CIR_15,Z,0.000,0.000,0.000,,,,
Pos. Tol.,POS_2D_15,PTOL,0.375,0.000,0.375,0.000,0.500,,2D_CIR_15/NOMINAL - CS_15_16 - C-Zone - YZ - Nominal
Circle,CIR_18,DIAM,12.951,13.000,-0.049,-0.100,0.100,,Inters. PL_PLAST_18 - CYL_18.
Circle,CIR_18,X,-85.679,-86.500,0.821,,,,
Circle,CIR_18,Y,73.173,74.000,-0.827,,,,
Pos. Tol.,POS_18,PTOL,2.331,0.000,2.331,0.000,2.500,,CIR_18/NOMINAL - CS_ABC - C-Zone - XY - Nominal
Distance,PROF_18,Z,176.154,176.000,0.155,-2.000,2.000,,CIR_18 - ORIGIN / CS_ABC
Circle,CIR_20,X,-274.452,-274.784,0.332,,,,Criterion : Least Square (From 6 Pts On PL_INS_20) 
Circle,CIR_20,Y,114.043,114.438,-0.395,,,,
Circle,CIR_20,Z,-19.523,-19.512,-0.011,,,,
Pos. Tol.,POS_20,PTOL,1.032,0.000,1.032,0.000,3.000,,CIR_20/NOMINAL - CS_ABC - C-Zone - XYZ - Nominal
Circle,CIR_22,X,40.019,39.216,0.802,,,,Criterion : Least Square (From 6 Pts On PL_INS_22) 
Circle,CIR_22,Y,111.690,111.457,0.233,,,,
Circle,CIR_22,Z,200.466,200.504,-0.037,,,,
Pos. Tol.,POS_22,PTOL,1.673,0.000,1.673,0.000,3.000,,CIR_22/NOMINAL - CS_ABC - C-Zone - XYZ - Nominal
Circle,CIR_23,X,49.123,48.716,0.407,,,,Criterion : Least Square (From 6 Pts On PL_INS_23) 
Circle,CIR_23,Y,114.364,114.438,-0.075,,,,
Circle,CIR_23,Z,-19.401,-19.512,0.112,,,,
Pos. Tol.,POS_23,PTOL,0.858,0.000,0.858,0.000,3.000,,CIR_23/NOMINAL - CS_ABC - C-Zone - XYZ - Nominal
Distance,H_20,Y,0.096,0.000,0.096,0.000,0.500,,CIR_20 - PL_PLAST_20 / CS_20
Distance,H_22,Y,0.272,0.000,0.272,0.000,0.500,,CIR_22 - PL_PLAST_22 / CS_22
Distance,H_23,Y,0.173,-0.000,0.173,0.000,0.500,,CIR_23 - PL_PLAST_23 / CS_23
Angle,ANG_20,3D,28.794,28.000,0.794,-2.000,2.000,,PL_INS_22 - PL_FIXTURE / CS_20
Angle,ANG_22,3D,28.794,28.000,0.794,-2.000,2.000,,PL_INS_22 - PL_FIXTURE / CS_22
Angle,ANG_23,3D,28.753,28.000,0.753,-2.000,2.000,,PL_INS_23 - PL_FIXTURE / CS_23
Circle,2D_CIR_20,X,-323.535,-323.500,-0.035,,,,
Circle,2D_CIR_20,Z,-0.025,0.000,-0.025,,,,
Pos. Tol.,POS_2D_20,PTOL,0.085,0.000,0.085,0.000,1.250,,2D_CIR_20/NOMINAL - CS_23_BF - C-Zone - XZ - Nominal
Circle,2D_CIR_22,X,-9.499,-9.500,0.001,,,,
Circle,2D_CIR_22,Z,195.637,195.643,-0.006,,,,
Pos. Tol.,POS_2D_22,PTOL,0.011,0.000,0.011,0.000,1.250,,2D_CIR_22/NOMINAL - CS_23_BF - C-Zone - XZ - Nominal
Circle,2D_CIR_23,X,0.037,0.000,0.037,,,,
Circle,2D_CIR_23,Z,-0.000,0.000,-0.000,,,,
Pos. Tol.,POS_2D_23,PTOL,0.074,0.000,0.074,0.000,1.250,,2D_CIR_23/NOMINAL - CS_23_BF - C-Zone - XZ - Nominal
Circle,CIR_INS_21,X,-256.810,-257.000,0.190,,,,Criterion : Least Square (From 6 Pts On PL_INS_21) 
Circle,CIR_INS_21,Z,124.338,125.000,-0.662,,,,
Pos. Tol.,POS_21,PTOL,1.378,0.000,1.378,0.000,3.000,,CIR_INS_21/NOMINAL - CS_ABC - C-Zone - XZ - Nominal
Circle,CIR_29,X,29.109,28.699,0.409,,,,Criterion : Least Square (From 6 Pts On PL_INS_29) 
Circle,CIR_29,Z,12.611,12.480,0.132,,,,
Pos. Tol.,POS_29,PTOL,0.860,0.000,0.860,0.000,3.000,,CIR_29/NOMINAL - CS_ABC - C-Zone - XZ - Nominal
Circle,CIR_30,X,42.684,42.500,0.184,,,,Criterion : Least Square (From 6 Pts On PL_INS_30) 
Circle,CIR_30,Z,-161.873,-161.750,-0.123,,,,
Pos. Tol.,POS_30,PTOL,0.442,0.000,0.442,0.000,3.000,,CIR_30/NOMINAL - CS_ABC - C-Zone - XZ - Nominal
Circle,CIR_32,X,-214.451,-214.979,0.529,,,,Criterion : Least Square (From 6 Pts On PL_INS_32) 
Circle,CIR_32,Z,-161.876,-161.750,-0.126,,,,
Pos. Tol.,POS_32,PTOL,0.442,0.000,0.442,0.000,3.000,,CIR_30/NOMINAL - CS_ABC - C-Zone - XZ - Nominal
Distance,H_21,D1,0.236,0.000,0.236,,,,CIR_INS_21 - PL_PLAST_INS_21 / CS_TEMP_21
Distance,H_21,D2,,,,,,,
Distance,H_21,X,0.000,0.000,0.000,,,,
Distance,H_21,Y,0.236,0.000,0.236,0.000,0.500,,
Distance,H_21,Z,-0.001,0.000,-0.001,,,,
Distance,H_29,D1,0.051,0.000,0.051,,,,CIR_29 - PL_PLAST_29 / CS_TEMP_29
Distance,H_29,D2,,,,,,,
Distance,H_29,X,-0.000,0.000,-0.000,,,,
Distance,H_29,Y,0.051,0.000,0.051,0.000,0.500,,
Distance,H_29,Z,-0.000,0.000,-0.000,,,,
Distance,H_30,D1,0.151,0.000,0.151,,,,CIR_30 - PL_PLAST_30 / CS_TEMP_30
Distance,H_30,D2,,,,,,,
Distance,H_30,X,0.000,0.000,0.000,,,,
Distance,H_30,Y,0.151,0.000,0.151,0.000,0.500,,
Distance,H_30,Z,0.001,0.000,0.001,,,,
Distance,H_32,D1,0.139,0.000,0.139,,,,CIR_32 - PL_PLAST_32 / CS_TEMP_32
Distance,H_32,D2,,,,,,,
Distance,H_32,X,-0.001,0.000,-0.001,,,,
Distance,H_32,Y,0.139,0.000,0.139,0.000,0.500,,
Distance,H_32,Z,0.001,0.000,0.001,,,,
Distance,PROF_21,Y,104.079,104.420,-0.341,-2.000,2.000,,CIR_INS_21 - ORIGIN / CS_ABC
Distance,PROF_29,Y,123.908,124.420,-0.512,-2.000,2.000,,CIR_29 - ORIGIN / CS_ABC
Distance,PROF_30,Y,83.783,83.300,0.483,-2.000,2.000,,CIR_30 - ORIGIN / CS_ABC
Distance,PROF_32,Y,83.180,83.300,-0.120,-2.000,2.000,,CIR_32 - ORIGIN / CS_ABC
Circle,2D_CIR_INS_21,X,0.071,0.000,0.071,,,,
Circle,2D_CIR_INS_21,Z,-0.257,0.000,-0.257,,,,
Pos. Tol.,POS_2D_21,PTOL,0.533,0.000,0.533,0.000,1.250,,2D_CIR_INS_21/NOMINAL - CS_INS_W_BF - C-Zone - XZ - Nominal
Circle,2D_CIR_29,X,285.571,285.599,-0.028,,,,
Circle,2D_CIR_29,Z,-112.657,-112.776,0.119,,,,
Pos. Tol.,POS_2D_29,PTOL,0.245,0.000,0.245,0.000,1.250,,2D_CIR_29/NOMINAL - CS_INS_W_BF - C-Zone - XZ - Nominal
Circle,2D_CIR_30,X,299.053,299.243,-0.190,,,,
Circle,2D_CIR_30,Z,-287.143,-287.018,-0.125,,,,
Pos. Tol.,POS_2D_30,PTOL,0.455,0.000,0.455,0.000,1.250,,2D_CIR_30/NOMINAL - CS_INS_W_BF - C-Zone - XZ - Nominal
Circle,2D_CIR_32,X,41.931,41.763,0.168,,,,
Circle,2D_CIR_32,Z,-286.553,-286.788,0.235,,,,
Pos. Tol.,POS_2D_32,PTOL,0.579,0.000,0.579,0.000,1.250,,2D_CIR_32/NOMINAL - CS_INS_W_BF - C-Zone - XZ - Nominal
Circle,CIR_INS_26,X,-219.302,-219.500,0.198,,,,Criterion : Least Square (From 6 Pts On PL_INS_26) 
Circle,CIR_INS_26,Z,71.924,72.000,-0.076,,,,
Pos. Tol.,POS_26,PTOL,0.424,0.000,0.424,0.000,3.000,,CIR_INS_26/NOMINAL - CS_ABC - C-Zone - XZ - Nominal
Circle,CIR_27,X,-87.450,-87.500,0.050,,,,Criterion : Least Square (From 6 Pts On PL_INS_27) 
Circle,CIR_27,Z,72.258,72.000,0.259,,,,
Pos. Tol.,POS_27,PTOL,0.527,0.000,0.527,0.000,3.000,,CIR_27/NOMINAL - CS_ABC - C-Zone - XZ - Nominal
Circle,CIR_28,X,44.016,43.700,0.316,,,,Criterion : Least Square (From 6 Pts On PL_INS_28) 
Circle,CIR_28,Z,49.843,50.000,-0.157,,,,
Pos. Tol.,POS_28,PTOL,0.706,0.000,0.706,0.000,3.000,,CIR_28/NOMINAL - CS_ABC - C-Zone - XZ - Nominal
Circle,CIR_31,X,-71.101,-71.500,0.399,,,,Criterion : Least Square (From 6 Pts On PL_INS_31) 
Circle,CIR_31,Z,-161.572,-161.750,0.179,,,,
Pos. Tol.,POS_31,PTOL,0.874,0.000,0.874,0.000,3.000,,CIR_31/NOMINAL - CS_ABC - C-Zone - XZ - Nominal
Distance,PROF_26,Y,129.815,130.420,-0.605,-2.000,2.000,,CIR_INS_26 - ORIGIN / CS_ABC
Distance,PROF_27,Y,129.679,130.420,-0.741,-2.000,2.000,,CIR_27 - ORIGIN / CS_ABC
Distance,PROF_28,Y,123.200,123.420,-0.220,-2.000,2.000,,CIR_28 - ORIGIN / CS_ABC
Distance,PROF_31,Y,84.176,83.300,0.876,-2.000,2.000,,CIR_31 - ORIGIN / CS_ABC
Distance,H_26,Y,0.121,0.000,0.121,0.000,0.500,,CIR_INS_26 - PL_PLAST_INS_26 / CS_TEMP_26
Distance,H_27,Y,0.028,0.000,0.028,0.000,0.500,,CIR_27 - PL_PLAST_27 / CS_TEMP_27
Distance,H_28,Y,0.241,0.000,0.241,0.000,0.500,,CIR_28 - PL_PLAST_28 / CS_TEMP_28
Distance,H_31,Y,0.154,0.000,0.154,0.000,0.500,,CIR_31 - PL_PLAST_31 / CS_TEMP_31
Circle,CIR_24,DIAM,11.977,12.050,-0.073,-0.080,0.080,,Criterion : Least Square (From 12 Pts On PL_PLAST_24_25) 
Circle,CIR_24,X,-117.037,-117.520,0.483,,,,
Circle,CIR_24,Z,102.216,102.110,0.106,,,,
Pos. Tol.,POS_24,PTOL,0.990,0.000,0.990,0.000,3.000,,CIR_24/NOMINAL - CS_ABC - C-Zone - XZ - Nominal
Circle,CIR_25,DIAM,4.679,4.650,0.029,-0.050,0.050,,Criterion : Least Square (From 6 Pts On PL_PLAST_24_25) 
Circle,CIR_25,X,-114.518,-115.078,0.561,,,,
Circle,CIR_25,Z,119.458,119.449,0.009,,,,
Pos. Tol.,POS_25,PTOL,1.121,0.000,1.121,0.000,1.500,,CIR_25/NOMINAL - CS_ABC - C-Zone - XZ - Nominal
Distance,PROF_24,Y,115.135,115.500,-0.365,-1.500,1.500,,CIR_24 - ORIGIN / CS_ABC
Circle,2D_CIR_25,X,0.000,0.000,0.000,,,,
Circle,2D_CIR_25,Z,17.425,17.500,-0.075,,,,
Pos. Tol.,POS_2D_25,PTOL,0.151,0.000,0.151,0.000,0.500,,2D_CIR_25/NOMINAL - CS_24_25 - C-Zone - XZ - Nominal
Circle,CIR_43,DIAM,12.516,12.500,0.016,-0.100,0.100,,Criterion : Least Square (From 12 Pts On PL_PLAST_43) 
Circle,CIR_43,X,-12.902,-13.500,0.598,,,,
Circle,CIR_43,Z,121.906,122.000,-0.094,,,,
Pos. Tol.,POS_43,PTOL,1.211,0.000,1.211,0.000,3.000,,CIR_43/NOMINAL - CS_ABC - C-Zone - XZ - Nominal
Distance,PROF_43,Y,124.901,125.000,-0.099,-2.000,2.000,,CIR_43 - ORIGIN / CS_ABC
Angle,ANG_43,3D,9.709,9.000,0.709,-3.000,3.000,,LINE_43_MIDDLE - Z-AXIS / CS_ABC
Circle,CIR_55,X,-297.097,-296.400,-0.697,,,,Criterion : Least Square (From 6 Pts On PL_INS_55) 
Circle,CIR_55,Z,-83.255,-84.000,0.745,,,,
Pos. Tol.,POS_55,PTOL,2.041,0.000,2.041,0.000,3.000,,CIR_55/NOMINAL - CS_ABC - C-Zone - XZ - Nominal
Distance,PROF_55,D1,314.482,,,,,,CIR_55 - ORIGIN / CS_ABC
Distance,PROF_55,Y,60.835,62.000,-1.165,-2.000,2.000,,
Circle,CIR_56,X,-304.113,-304.000,-0.113,,,,Criterion : Least Square (From 6 Pts On PL_INS_56) 
Circle,CIR_56,Z,47.135,46.200,0.935,,,,
Pos. Tol.,POS_56,PTOL,1.883,0.000,1.883,0.000,3.000,,CIR_56/NOMINAL - CS_ABC - C-Zone - XZ - Nominal
Distance,PROF_56,D1,313.654,,,,,,CIR_56 - ORIGIN / CS_ABC
Distance,PROF_56,Y,60.603,62.000,-1.397,-2.000,2.000,,
