Feat. Type,Feat. Name,Value,Actual,Nominal,Dev.,Tol-,Tol+,Out of Tol.,Comment
Text/Value,VAR_PROGRAM,VAL,,,,,,,'N:\Metrolog XG\Programmes\Corvette LT1\Corvette LT1 Free State Boss Height (Module 44).gm2'
Text/Value,VAR_EVENEMENT,VAL,,,,,,,'Demarrage 286 C'
Text/Value,VAR_COMMENTAIRES,VAL,,,,,,,'Part No.'
Flatness,FLAT_DATUM_A,FLTN,0.388,0.000,0.388,0.000,2.000,,PL_DATUM_A
Flatness,FLAT_DATUM_B,FLTN,0.406,0.000,0.406,0.000,2.000,,PL_DATUM_B
Text/Value,H_PLASTIC_1,VAL,145.489140,145.620000,-0.130860,-0.375000,0.375000,,
Text/Value,H_PLASTIC_2,VAL,145.509681,145.620000,-0.110319,-0.375000,0.375000,,
Text/Value,H_PLASTIC_3,VAL,145.573666,145.620000,-0.046334,-0.375000,0.375000,,
Text/Value,H_PLASTIC_4,VAL,145.488403,145.620000,-0.131597,-0.375000,0.375000,,
Text/Value,H_PLASTIC_5,VAL,145.534373,145.620000,-0.085627,-0.375000,0.375000,,
Text/Value,H_PLASTIC_6,VAL,145.356947,145.620000,-0.263053,-0.375000,0.375000,,
Text/Value,H_PLASTIC_7,VAL,145.346645,145.620000,-0.273355,-0.375000,0.375000,,
Text/Value,H_PLASTIC_8,VAL,145.414109,145.620000,-0.205891,-0.375000,0.375000,,
Text/Value,H_PLASTIC_9,VAL,145.303175,145.620000,-0.316825,-0.375000,0.375000,,
Text/Value,H_PLASTIC_10,VAL,145.563719,145.620000,-0.056281,-0.375000,0.375000,,
