Feat. Type,Feat. Name,Value,Actual,Nominal,Dev.,Tol-,Tol+,Out of Tol.,Comment
Text/Value,VAR_PROGRAM,VAL,,,,,,,'N:\Metrolog XG\Programmes\Ford Transmission Pan 10R\Ford Transmission Pan 10R Complete (Module_51).gm2'
Text/Value,VAR_EVENEMENT,VAL,,,,,,,'PPAP'
Text/Value,VAR_COMMENTAIRES,VAL,,,,,,,'C1P15'
Text/Value,PROFILE_A,VAL,0.237561,0.000000,0.237561,0.000000,0.250000,,
Circle,CIR_1,DIAM,7.109,7.100,0.009,-0.050,0.050,,Criterion : Least Square (From 4 Pts On PL_FIXTURE) 
Circle,CIR_1,X,0.000,0.000,0.000,,,,
Circle,CIR_1,Z,0.000,0.000,0.000,,,,
Circle,CIR_2,DIAM,7.116,7.100,0.016,-0.050,0.050,,Criterion : Least Square (From 4 Pts On PL_FIXTURE) 
Circle,CIR_2,X,-80.171,-80.079,-0.093,,,,
Circle,CIR_2,Z,-3.025,-2.811,-0.214,,,,
Circle,CIR_3,DIAM,7.116,7.100,0.016,-0.050,0.050,,Criterion : Least Square (From 4 Pts On PL_FIXTURE) 
Circle,CIR_3,X,-170.257,-170.079,-0.178,,,,
Circle,CIR_3,Z,-3.032,-2.811,-0.222,,,,
Circle,CIR_4,DIAM,8.004,8.300,-0.296,-0.050,0.050,-0.246,Criterion : Least Square (From 4 Pts On PL_FIXTURE) 
Circle,CIR_4,X,-224.763,-224.499,-0.264,,,,
Circle,CIR_4,Z,-4.559,-4.571,0.012,,,,
Circle,CIR_5,DIAM,7.110,7.100,0.010,-0.050,0.050,,Criterion : Least Square (From 4 Pts On PL_FIXTURE) 
Circle,CIR_5,X,-249.785,-249.499,-0.287,,,,
Circle,CIR_5,Z,-1.604,-1.571,-0.033,,,,
Circle,CIR_6,DIAM,7.112,7.100,0.012,-0.050,0.050,,Criterion : Least Square (From 4 Pts On PL_FIXTURE) 
Circle,CIR_6,X,-272.899,-272.679,-0.221,,,,
Circle,CIR_6,Z,78.108,78.140,-0.031,,,,
Circle,CIR_7,DIAM,7.111,7.100,0.011,-0.050,0.050,,Criterion : Least Square (From 4 Pts On PL_FIXTURE) 
Circle,CIR_7,X,-272.962,-272.679,-0.283,,,,
Circle,CIR_7,Z,157.137,157.140,-0.003,,,,
Circle,CIR_8,DIAM,7.111,7.100,0.011,-0.050,0.050,,Criterion : Least Square (From 4 Pts On PL_FIXTURE) 
Circle,CIR_8,X,-272.893,-272.679,-0.215,,,,
Circle,CIR_8,Z,236.106,236.140,-0.033,,,,
Circle,CIR_9,DIAM,7.110,7.100,0.010,-0.050,0.050,,Criterion : Least Square (From 4 Pts On PL_FIXTURE) 
Circle,CIR_9,X,-272.891,-272.679,-0.212,,,,
Circle,CIR_9,Z,315.201,315.140,0.061,,,,
Circle,CIR_10,DIAM,7.116,7.100,0.016,-0.050,0.050,,Criterion : Least Square (From 4 Pts On PL_FIXTURE) 
Circle,CIR_10,X,-272.686,-272.679,-0.007,,,,
Circle,CIR_10,Z,394.143,394.140,0.004,,,,
Circle,CIR_11,DIAM,7.106,7.100,0.006,-0.050,0.050,,Criterion : Least Square (From 4 Pts On PL_FIXTURE) 
Circle,CIR_11,X,-254.642,-254.552,-0.090,,,,
Circle,CIR_11,Z,463.676,463.580,0.096,,,,
Circle,CIR_12,DIAM,7.117,7.100,0.017,-0.050,0.050,,Criterion : Least Square (From 4 Pts On PL_FIXTURE) 
Circle,CIR_12,X,-166.925,-166.879,-0.046,,,,
Circle,CIR_12,Z,474.664,474.589,0.074,,,,
Circle,CIR_13,DIAM,7.115,7.100,0.015,-0.050,0.050,,Criterion : Least Square (From 4 Pts On PL_FIXTURE) 
Circle,CIR_13,X,-79.453,-79.279,-0.175,,,,
Circle,CIR_13,Z,474.597,474.589,0.008,,,,
Circle,CIR_14,DIAM,7.975,8.300,-0.325,-0.050,0.050,-0.275,Criterion : Least Square (From 4 Pts On PL_FIXTURE) 
Circle,CIR_14,X,-19.589,-19.499,-0.090,,,,
Circle,CIR_14,Z,473.321,473.429,-0.108,,,,
Circle,CIR_15,DIAM,7.110,7.100,0.010,-0.050,0.050,,Criterion : Least Square (From 4 Pts On PL_FIXTURE) 
Circle,CIR_15,X,8.305,8.321,-0.016,,,,
Circle,CIR_15,Z,470.649,470.589,0.060,,,,
Circle,CIR_16,DIAM,7.117,7.100,0.017,-0.050,0.050,,Criterion : Least Square (From 4 Pts On PL_FIXTURE) 
Circle,CIR_16,X,17.460,17.321,0.138,,,,
Circle,CIR_16,Z,387.385,387.439,-0.054,,,,
Circle,CIR_17,DIAM,7.112,7.100,0.012,-0.050,0.050,,Criterion : Least Square (From 4 Pts On PL_FIXTURE) 
Circle,CIR_17,X,17.500,17.321,0.179,,,,
Circle,CIR_17,Z,304.245,304.239,0.006,,,,
Circle,CIR_18,DIAM,7.115,7.100,0.015,-0.050,0.050,,Criterion : Least Square (From 4 Pts On PL_FIXTURE) 
Circle,CIR_18,X,17.400,17.321,0.079,,,,
Circle,CIR_18,Z,228.071,228.000,0.071,,,,
Circle,CIR_19,DIAM,7.116,7.100,0.016,-0.050,0.050,,Criterion : Least Square (From 4 Pts On PL_FIXTURE) 
Circle,CIR_19,X,17.445,17.321,0.123,,,,
Circle,CIR_19,Z,152.220,152.000,0.220,,,,
Circle,CIR_20,DIAM,7.114,7.100,0.014,-0.050,0.050,,Criterion : Least Square (From 4 Pts On PL_FIXTURE) 
Circle,CIR_20,X,17.671,17.321,0.350,,,,
Circle,CIR_20,Z,76.107,76.000,0.107,,,,
Pos. Tol.,POS_1,PTOL,0.000,0.000,0.000,0.000,0.800,,CIR_1/NOMINAL - CS_ABC - C-Zone - XZ - Nominal
Pos. Tol.,POS_2,PTOL,0.466,0.000,0.466,0.000,0.800,,CIR_2/NOMINAL - CS_ABC - C-Zone - XZ - Nominal
Pos. Tol.,POS_3,PTOL,0.568,0.000,0.568,0.000,0.800,,CIR_3/NOMINAL - CS_ABC - C-Zone - XZ - Nominal
Pos. Tol.,POS_4,PTOL,0.529,0.000,0.529,0.000,0.800,,CIR_4/NOMINAL - CS_ABC - C-Zone - XZ - Nominal
Pos. Tol.,POS_5,PTOL,0.577,0.000,0.577,0.000,0.800,,CIR_5/NOMINAL - CS_ABC - C-Zone - XZ - Nominal
Pos. Tol.,POS_6,PTOL,0.446,0.000,0.446,0.000,0.800,,CIR_6/NOMINAL - CS_ABC - C-Zone - XZ - Nominal
Pos. Tol.,POS_7,PTOL,0.567,0.000,0.567,0.000,0.800,,CIR_7/NOMINAL - CS_ABC - C-Zone - XZ - Nominal
Pos. Tol.,POS_8,PTOL,0.435,0.000,0.435,0.000,0.800,,CIR_8/NOMINAL - CS_ABC - C-Zone - XZ - Nominal
Pos. Tol.,POS_9,PTOL,0.441,0.000,0.441,0.000,0.800,,CIR_9/NOMINAL - CS_ABC - C-Zone - XZ - Nominal
Pos. Tol.,POS_10,PTOL,0.016,0.000,0.016,0.000,0.800,,CIR_10/NOMINAL - CS_ABC - C-Zone - XZ - Nominal
Pos. Tol.,POS_11,PTOL,0.263,0.000,0.263,0.000,0.800,,CIR_11/NOMINAL - CS_ABC - C-Zone - XZ - Nominal
Pos. Tol.,POS_12,PTOL,0.175,0.000,0.175,0.000,0.800,,CIR_12/NOMINAL - CS_ABC - C-Zone - XZ - Nominal
Pos. Tol.,POS_13,PTOL,0.350,0.000,0.350,0.000,0.800,,CIR_13/NOMINAL - CS_ABC - C-Zone - XZ - Nominal
Pos. Tol.,POS_14,PTOL,0.282,0.000,0.282,0.000,0.800,,CIR_14/NOMINAL - CS_ABC - C-Zone - XZ - Nominal
Pos. Tol.,POS_15,PTOL,0.124,0.000,0.124,0.000,0.800,,CIR_15/NOMINAL - CS_ABC - C-Zone - XZ - Nominal
Pos. Tol.,POS_16,PTOL,0.297,0.000,0.297,0.000,0.800,,CIR_16/NOMINAL - CS_ABC - C-Zone - XZ - Nominal
Pos. Tol.,POS_17,PTOL,0.358,0.000,0.358,0.000,0.800,,CIR_17/NOMINAL - CS_ABC - C-Zone - XZ - Nominal
Pos. Tol.,POS_18,PTOL,0.213,0.000,0.213,0.000,0.800,,CIR_18/NOMINAL - CS_ABC - C-Zone - XZ - Nominal
Pos. Tol.,POS_19,PTOL,0.504,0.000,0.504,0.000,0.800,,CIR_19/NOMINAL - CS_ABC - C-Zone - XZ - Nominal
Pos. Tol.,POS_20,PTOL,0.731,0.000,0.731,0.000,0.800,,CIR_20/NOMINAL - CS_ABC - C-Zone - XZ - Nominal
Perpend.,PERP_B,PERP,0.021,0.000,0.021,0.000,0.130,,CYL_B/PL_FIXTURE - C-Zone - Cloud of Points 
Profile of Line,PROFILE_INSIDE_PAN_AT_GAGE,PRFL,2.382,0.000,2.382,0.000,3.000,,SECTION_INSIDE_2.5MM
Circle,CIR_21,DIAM,18.864,18.950,-0.086,-0.100,0.100,,Criterion : Least Square (From 20 Pts On PL_PLAST_TOP_21) 
Circle,CIR_21,X,-94.697,-94.500,-0.197,,,,
Circle,CIR_21,Z,123.485,123.400,0.085,,,,
Circle,CIR_21_OD,DIAM,21.379,21.400,-0.021,-0.100,0.100,,Proj. CIR_21_OD / PL_DATUM_E.
Pos. Tol.,POS_21,PTOL,0.430,0.000,0.430,0.000,1.000,,CIR_21/NOMINAL - CS_ABC - C-Zone - XZ - Nominal
Coaxiality,CONCENTRICITY_21,COAX,0.096,0.000,0.096,0.000,0.300,,CIR_21_OD/CYL_D - C-Zone - Nominal
Distance,PROF_22.1,D1,10.317,10.300,0.017,-0.250,0.250,,SRF_21.1 - PL_DATUM_E / CS_SRF_BF
Distance,PROF_22.2,D1,10.265,10.300,-0.035,-0.250,0.250,,SRF_21.2 - PL_DATUM_E / CS_SRF_BF
Distance,PROF_22.3,D1,10.326,10.300,0.026,-0.250,0.250,,SRF_21.3 - PL_DATUM_E / CS_SRF_BF
Distance,PROF_22.4,D1,10.348,10.300,0.048,-0.250,0.250,,SRF_21.4 - PL_DATUM_E / CS_SRF_BF
Distance,PROF_22.5,D1,10.303,10.300,0.003,-0.250,0.250,,SRF_21.5 - PL_DATUM_E / CS_SRF_BF
Distance,PROF_22.6,D1,10.209,10.300,-0.091,-0.250,0.250,,SRF_21.6 - PL_DATUM_E / CS_SRF_BF
Distance,PROF_22.7,D1,10.395,10.300,0.095,-0.250,0.250,,SRF_21.7 - PL_DATUM_E / CS_SRF_BF
Distance,PROF_22.8,D1,10.307,10.300,0.007,-0.250,0.250,,SRF_21.8 - PL_DATUM_E / CS_SRF_BF
Distance,PROF_E.1,D1,177.686,178.558,-0.872,,,,SRF_E.1 - ORIGIN / CS_SRF_BF
Distance,PROF_E.1,Y,61.155,61.400,-0.245,-2.000,1.000,,
Distance,PROF_E.2,D1,179.578,180.424,-0.846,,,,SRF_E.2 - ORIGIN / CS_SRF_BF
Distance,PROF_E.2,Y,61.246,61.400,-0.154,-2.000,1.000,,
Distance,PROF_E.3,D1,181.290,182.116,-0.826,,,,SRF_E.3 - ORIGIN / CS_SRF_BF
Distance,PROF_E.3,Y,61.321,61.400,-0.079,-2.000,1.000,,
Distance,PROF_E.4,D1,155.078,156.154,-1.075,,,,SRF_E.4 - ORIGIN / CS_SRF_BF
Distance,PROF_E.4,Y,60.668,61.400,-0.732,-2.000,1.000,,
Distance,PROF_E.5,D1,153.227,154.303,-1.076,,,,SRF_E.5 - ORIGIN / CS_SRF_BF
Distance,PROF_E.5,Y,60.690,61.400,-0.710,-2.000,1.000,,
Distance,PROF_E.6,D1,151.579,152.659,-1.080,,,,SRF_E.6 - ORIGIN / CS_SRF_BF
Distance,PROF_E.6,Y,60.697,61.400,-0.703,-2.000,1.000,,
Distance,PROF_E.7,D1,169.042,170.175,-1.133,,,,SRF_E.7 - ORIGIN / CS_SRF_BF
Distance,PROF_E.7,Y,60.204,61.400,-1.196,-2.000,1.000,,
Distance,PROF_E.8,D1,169.435,170.585,-1.150,,,,SRF_E.8 - ORIGIN / CS_SRF_BF
Distance,PROF_E.8,Y,60.140,61.400,-1.260,-2.000,1.000,,
Distance,PROF_E.9,D1,169.820,170.474,-0.654,,,,SRF_E.9 - ORIGIN / CS_SRF_BF
Distance,PROF_E.9,Y,60.068,61.400,-1.332,-2.000,1.000,,
Section,SECTION_ZONE_1,MAX,1.061,0.000,1.061,-2.000,2.000,,15 Pts [0 < LT ; LT < 15 < UT ;  0 > UL]
Section,SECTION_ZONE_1,MIN,-0.366,0.000,-0.366,-2.000,2.000,,
Section,SECTION_ZONE_2,MAX,-1.083,0.000,-1.083,-2.500,1.500,,8 Pts [1 < LT ; LT < 7 < UT ;  0 > UL]
Section,SECTION_ZONE_2,MIN,-2.920,0.000,-2.920,-2.500,1.500,-0.420,
Section,SECTION_ZONE_3,MAX,-4.004,0.000,-4.004,-5.000,1.000,,1 Pts [0 < LT ; LT < 1 < UT ;  0 > UL]
Section,SECTION_ZONE_3,MIN,-4.004,0.000,-4.004,-5.000,1.000,,
Circle,CIR_22,DIAM,6.330,6.350,-0.020,-0.100,0.100,,Criterion : Least Square (From 6 Pts On PL_PLAST_22) 
Circle,CIR_22,Y,7.046,7.000,0.046,,,,
Circle,CIR_22,Z,429.560,429.300,0.260,,,,
Circle,CIR_23,DIAM,6.309,6.350,-0.041,-0.100,0.100,,Criterion : Least Square (From 6 Pts On PL_PLAST_23) 
Circle,CIR_23,Y,7.055,7.000,0.055,,,,
Circle,CIR_23,Z,354.787,354.400,0.387,,,,
Circle,CIR_24,DIAM,6.208,6.350,-0.142,-0.100,0.100,-0.042,Criterion : Least Square (From 6 Pts On PL_PLAST_24) 
Circle,CIR_24,Y,6.988,7.000,-0.012,,,,
Circle,CIR_24,Z,196.934,196.600,0.334,,,,
Circle,CIR_25,DIAM,6.354,4.800,1.554,-0.100,0.100,1.454,Criterion : Least Square (From 6 Pts On PL_PLAST_25) 
Circle,CIR_25,Y,6.998,7.000,-0.002,,,,
Circle,CIR_25,Z,28.581,28.600,-0.019,,,,
Circle,CIR_26,DIAM,6.392,6.350,0.042,-0.100,0.100,,Criterion : Least Square (From 6 Pts On PL_PLAST_26) 
Circle,CIR_26,Y,7.038,7.000,0.038,,,,
Circle,CIR_26,Z,266.023,266.100,-0.077,,,,
Circle,CIR_27,DIAM,6.364,6.350,0.014,-0.100,0.100,,Criterion : Least Square (From 6 Pts On PL_PLAST_27) 
Circle,CIR_27,Y,7.040,7.000,0.040,,,,
Circle,CIR_27,Z,345.660,345.800,-0.140,,,,
Circle,CIR_28,DIAM,6.441,6.350,0.091,-0.100,0.100,,Criterion : Least Square (From 6 Pts On PL_PLAST_28) 
Circle,CIR_28,Y,6.996,7.000,-0.004,,,,
Circle,CIR_28,Z,429.007,429.000,0.007,,,,
Pos. Tol.,POS_22,PTOL,0.527,0.000,0.527,0.000,2.000,,CIR_22/NOMINAL - CS_ABC - C-Zone - YZ - Nominal
Pos. Tol.,POS_23,PTOL,0.782,0.000,0.782,0.000,2.000,,CIR_23/NOMINAL - CS_ABC - C-Zone - YZ - Nominal
Pos. Tol.,POS_24,PTOL,0.669,0.000,0.669,0.000,0.250,0.419,CIR_24/NOMINAL - CS_ABC - C-Zone - YZ - Nominal
Pos. Tol.,POS_25,PTOL,0.038,0.000,0.038,0.000,0.250,,CIR_25/NOMINAL - CS_ABC - C-Zone - YZ - Nominal
Pos. Tol.,POS_26,PTOL,0.171,0.000,0.171,0.000,0.250,,CIR_26/NOMINAL - CS_ABC - C-Zone - YZ - Nominal
Pos. Tol.,POS_27,PTOL,0.291,0.000,0.291,0.000,2.000,,CIR_27/NOMINAL - CS_ABC - C-Zone - YZ - Nominal
Pos. Tol.,POS_28,PTOL,0.017,0.000,0.017,0.000,0.250,,CIR_28/NOMINAL - CS_ABC - C-Zone - YZ - Nominal
