Feat. Type,Feat. Name,Value,Actual,Nominal,Dev.,Tol-,Tol+,Out of Tol.,Comment
Text/Value,VAR_PROGRAM,VAL,,,,,,,'N:\Metrolog XG\Programmes\Ford Transmission Pan 10R\Ford Transmission Pan 10R Complete (Module_51).gm2'
Text/Value,VAR_EVENEMENT,VAL,,,,,,,'PPAP'
Text/Value,VAR_COMMENTAIRES,VAL,,,,,,,'C2P18'
Text/Value,PROFILE_A,VAL,0.178136,0.000000,0.178136,0.000000,0.250000,,
Circle,CIR_1,DIAM,7.112,7.100,0.012,-0.050,0.050,,Criterion : Least Square (From 4 Pts On PL_FIXTURE) 
Circle,CIR_1,X,0.000,0.000,0.000,,,,
Circle,CIR_1,Z,0.000,0.000,0.000,,,,
Circle,CIR_2,DIAM,7.118,7.100,0.018,-0.050,0.050,,Criterion : Least Square (From 4 Pts On PL_FIXTURE) 
Circle,CIR_2,X,-80.164,-80.079,-0.086,,,,
Circle,CIR_2,Z,-2.832,-2.811,-0.021,,,,
Circle,CIR_3,DIAM,7.120,7.100,0.020,-0.050,0.050,,Criterion : Least Square (From 4 Pts On PL_FIXTURE) 
Circle,CIR_3,X,-170.146,-170.079,-0.068,,,,
Circle,CIR_3,Z,-2.637,-2.811,0.173,,,,
Circle,CIR_4,DIAM,7.998,8.300,-0.302,-0.050,0.050,-0.252,Criterion : Least Square (From 4 Pts On PL_FIXTURE) 
Circle,CIR_4,X,-224.611,-224.499,-0.112,,,,
Circle,CIR_4,Z,-4.447,-4.571,0.124,,,,
Circle,CIR_5,DIAM,7.114,7.100,0.014,-0.050,0.050,,Criterion : Least Square (From 4 Pts On PL_FIXTURE) 
Circle,CIR_5,X,-249.590,-249.499,-0.091,,,,
Circle,CIR_5,Z,-1.583,-1.571,-0.012,,,,
Circle,CIR_6,DIAM,7.106,7.100,0.006,-0.050,0.050,,Criterion : Least Square (From 4 Pts On PL_FIXTURE) 
Circle,CIR_6,X,-272.987,-272.679,-0.309,,,,
Circle,CIR_6,Z,78.194,78.140,0.055,,,,
Circle,CIR_7,DIAM,7.111,7.100,0.011,-0.050,0.050,,Criterion : Least Square (From 4 Pts On PL_FIXTURE) 
Circle,CIR_7,X,-272.996,-272.679,-0.318,,,,
Circle,CIR_7,Z,157.101,157.140,-0.039,,,,
Circle,CIR_8,DIAM,7.109,7.100,0.009,-0.050,0.050,,Criterion : Least Square (From 4 Pts On PL_FIXTURE) 
Circle,CIR_8,X,-272.898,-272.679,-0.220,,,,
Circle,CIR_8,Z,236.110,236.140,-0.030,,,,
Circle,CIR_9,DIAM,7.106,7.100,0.006,-0.050,0.050,,Criterion : Least Square (From 4 Pts On PL_FIXTURE) 
Circle,CIR_9,X,-272.952,-272.679,-0.274,,,,
Circle,CIR_9,Z,315.193,315.140,0.053,,,,
Circle,CIR_10,DIAM,7.110,7.100,0.010,-0.050,0.050,,Criterion : Least Square (From 4 Pts On PL_FIXTURE) 
Circle,CIR_10,X,-272.756,-272.679,-0.077,,,,
Circle,CIR_10,Z,394.183,394.140,0.044,,,,
Circle,CIR_11,DIAM,7.105,7.100,0.005,-0.050,0.050,,Criterion : Least Square (From 4 Pts On PL_FIXTURE) 
Circle,CIR_11,X,-254.623,-254.552,-0.072,,,,
Circle,CIR_11,Z,463.643,463.580,0.063,,,,
Circle,CIR_12,DIAM,7.110,7.100,0.010,-0.050,0.050,,Criterion : Least Square (From 4 Pts On PL_FIXTURE) 
Circle,CIR_12,X,-166.965,-166.879,-0.086,,,,
Circle,CIR_12,Z,474.877,474.589,0.287,,,,
Circle,CIR_13,DIAM,7.112,7.100,0.012,-0.050,0.050,,Criterion : Least Square (From 4 Pts On PL_FIXTURE) 
Circle,CIR_13,X,-79.166,-79.279,0.113,,,,
Circle,CIR_13,Z,474.682,474.589,0.092,,,,
Circle,CIR_14,DIAM,8.100,8.300,-0.200,-0.050,0.050,-0.150,Criterion : Least Square (From 4 Pts On PL_FIXTURE) 
Circle,CIR_14,X,-19.498,-19.499,0.001,,,,
Circle,CIR_14,Z,473.198,473.429,-0.230,,,,
Circle,CIR_15,DIAM,7.113,7.100,0.013,-0.050,0.050,,Criterion : Least Square (From 4 Pts On PL_FIXTURE) 
Circle,CIR_15,X,8.335,8.321,0.014,,,,
Circle,CIR_15,Z,470.586,470.589,-0.003,,,,
Circle,CIR_16,DIAM,7.116,7.100,0.016,-0.050,0.050,,Criterion : Least Square (From 4 Pts On PL_FIXTURE) 
Circle,CIR_16,X,17.424,17.321,0.102,,,,
Circle,CIR_16,Z,387.435,387.439,-0.004,,,,
Circle,CIR_17,DIAM,7.117,7.100,0.017,-0.050,0.050,,Criterion : Least Square (From 4 Pts On PL_FIXTURE) 
Circle,CIR_17,X,17.590,17.321,0.269,,,,
Circle,CIR_17,Z,304.204,304.239,-0.035,,,,
Circle,CIR_18,DIAM,7.113,7.100,0.013,-0.050,0.050,,Criterion : Least Square (From 4 Pts On PL_FIXTURE) 
Circle,CIR_18,X,17.512,17.321,0.190,,,,
Circle,CIR_18,Z,227.942,228.000,-0.058,,,,
Circle,CIR_19,DIAM,7.114,7.100,0.014,-0.050,0.050,,Criterion : Least Square (From 4 Pts On PL_FIXTURE) 
Circle,CIR_19,X,17.697,17.321,0.376,,,,
Circle,CIR_19,Z,151.986,152.000,-0.014,,,,
Circle,CIR_20,DIAM,7.115,7.100,0.015,-0.050,0.050,,Criterion : Least Square (From 4 Pts On PL_FIXTURE) 
Circle,CIR_20,X,17.622,17.321,0.300,,,,
Circle,CIR_20,Z,76.102,76.000,0.102,,,,
Pos. Tol.,POS_1,PTOL,0.000,0.000,0.000,0.000,0.800,,CIR_1/NOMINAL - CS_ABC - C-Zone - XZ - Nominal
Pos. Tol.,POS_2,PTOL,0.176,0.000,0.176,0.000,0.800,,CIR_2/NOMINAL - CS_ABC - C-Zone - XZ - Nominal
Pos. Tol.,POS_3,PTOL,0.372,0.000,0.372,0.000,0.800,,CIR_3/NOMINAL - CS_ABC - C-Zone - XZ - Nominal
Pos. Tol.,POS_4,PTOL,0.334,0.000,0.334,0.000,0.800,,CIR_4/NOMINAL - CS_ABC - C-Zone - XZ - Nominal
Pos. Tol.,POS_5,PTOL,0.184,0.000,0.184,0.000,0.800,,CIR_5/NOMINAL - CS_ABC - C-Zone - XZ - Nominal
Pos. Tol.,POS_6,PTOL,0.627,0.000,0.627,0.000,0.800,,CIR_6/NOMINAL - CS_ABC - C-Zone - XZ - Nominal
Pos. Tol.,POS_7,PTOL,0.640,0.000,0.640,0.000,0.800,,CIR_7/NOMINAL - CS_ABC - C-Zone - XZ - Nominal
Pos. Tol.,POS_8,PTOL,0.443,0.000,0.443,0.000,0.800,,CIR_8/NOMINAL - CS_ABC - C-Zone - XZ - Nominal
Pos. Tol.,POS_9,PTOL,0.557,0.000,0.557,0.000,0.800,,CIR_9/NOMINAL - CS_ABC - C-Zone - XZ - Nominal
Pos. Tol.,POS_10,PTOL,0.178,0.000,0.178,0.000,0.800,,CIR_10/NOMINAL - CS_ABC - C-Zone - XZ - Nominal
Pos. Tol.,POS_11,PTOL,0.191,0.000,0.191,0.000,0.800,,CIR_11/NOMINAL - CS_ABC - C-Zone - XZ - Nominal
Pos. Tol.,POS_12,PTOL,0.600,0.000,0.600,0.000,0.800,,CIR_12/NOMINAL - CS_ABC - C-Zone - XZ - Nominal
Pos. Tol.,POS_13,PTOL,0.292,0.000,0.292,0.000,0.800,,CIR_13/NOMINAL - CS_ABC - C-Zone - XZ - Nominal
Pos. Tol.,POS_14,PTOL,0.461,0.000,0.461,0.000,0.800,,CIR_14/NOMINAL - CS_ABC - C-Zone - XZ - Nominal
Pos. Tol.,POS_15,PTOL,0.029,0.000,0.029,0.000,0.800,,CIR_15/NOMINAL - CS_ABC - C-Zone - XZ - Nominal
Pos. Tol.,POS_16,PTOL,0.204,0.000,0.204,0.000,0.800,,CIR_16/NOMINAL - CS_ABC - C-Zone - XZ - Nominal
Pos. Tol.,POS_17,PTOL,0.542,0.000,0.542,0.000,0.800,,CIR_17/NOMINAL - CS_ABC - C-Zone - XZ - Nominal
Pos. Tol.,POS_18,PTOL,0.398,0.000,0.398,0.000,0.800,,CIR_18/NOMINAL - CS_ABC - C-Zone - XZ - Nominal
Pos. Tol.,POS_19,PTOL,0.752,0.000,0.752,0.000,0.800,,CIR_19/NOMINAL - CS_ABC - C-Zone - XZ - Nominal
Pos. Tol.,POS_20,PTOL,0.634,0.000,0.634,0.000,0.800,,CIR_20/NOMINAL - CS_ABC - C-Zone - XZ - Nominal
Perpend.,PERP_B,PERP,0.010,0.000,0.010,0.000,0.130,,CYL_B/PL_FIXTURE - C-Zone - Cloud of Points 
Profile of Line,PROFILE_INSIDE_PAN_AT_GAGE,PRFL,2.100,0.000,2.100,0.000,3.000,,SECTION_INSIDE_2.5MM
