Feat. Type,Feat. Name,Value,Actual,Nominal,Dev.,Tol-,Tol+,Out of Tol.,Comment
Text/Value,VAR_PROGRAM,VAL,,,,,,,'N:\Metrolog XG\Programmes\Denso 507F\Denso 507F Complet (Module 51).gm2'
Text/Value,VAR_EVENEMENT,VAL,,,,,,,'Demarrage 286 C'
Text/Value,VAR_COMMENTAIRES,VAL,,,,,,,'Part No.'
Circle,CIR_1,DIAM,9.223,9.000,0.223,-0.450,0.350,,Criterion : Least Square (From 6 Pts On PL_FIXTURE) 
Circle,CIR_1,X,-0.405,0.000,-0.405,,,,
Circle,CIR_1,Y,0.128,0.000,0.128,,,,
Pos. Tol.,POS_1,PTOL,0.849,0.000,0.849,0.000,1.173,,CIR_1/NOMINAL - CS_ABC_BF - C-Zone - XY - Nominal
Circle,CIR_2,DIAM,9.170,9.000,0.170,-0.450,0.350,,Criterion : Least Square (From 6 Pts On PL_FIXTURE) 
Circle,CIR_2,X,11.175,11.500,-0.325,,,,
Circle,CIR_2,Y,-100.029,-100.250,0.221,,,,
Pos. Tol.,POS_2,PTOL,0.785,0.000,0.785,0.000,1.120,,CIR_2/NOMINAL - CS_ABC_BF - C-Zone - XY - Nominal
Circle,CIR_3,DIAM,9.175,9.000,0.175,-0.450,0.350,,Criterion : Least Square (From 6 Pts On PL_FIXTURE) 
Circle,CIR_3,X,-19.321,-19.500,0.179,,,,
Circle,CIR_3,Y,-205.745,-205.750,0.004,,,,
Pos. Tol.,POS_3,PTOL,0.358,0.000,0.358,0.000,1.125,,CIR_3/NOMINAL - CS_ABC_BF - C-Zone - XY - Nominal
Circle,CIR_4,DIAM,9.210,9.000,0.210,-0.450,0.350,,Criterion : Least Square (From 6 Pts On PL_FIXTURE) 
Circle,CIR_4,X,11.418,11.500,-0.081,,,,
Circle,CIR_4,Y,-311.265,-311.250,-0.015,,,,
Pos. Tol.,POS_4,PTOL,0.166,0.000,0.166,0.000,1.160,,CIR_4/NOMINAL - CS_ABC_BF - C-Zone - XY - Nominal
Circle,CIR_5,DIAM,9.234,9.000,0.234,-0.450,0.350,,Criterion : Least Square (From 6 Pts On PL_FIXTURE) 
Circle,CIR_5,X,-16.229,-16.500,0.271,,,,
Circle,CIR_5,Y,-408.150,-408.000,-0.150,,,,
Pos. Tol.,POS_5,PTOL,0.619,0.000,0.619,0.000,1.184,,CIR_5/NOMINAL - CS_ABC_BF - C-Zone - XY - Nominal
Circle,CIR_6,DIAM,9.164,9.000,0.164,-0.450,0.350,,Criterion : Least Square (From 6 Pts On PL_FIXTURE) 
Circle,CIR_6,X,305.513,305.500,0.013,,,,
Circle,CIR_6,Y,-432.488,-432.500,0.012,,,,
Pos. Tol.,POS_6,PTOL,0.035,0.000,0.035,0.000,1.114,,CIR_6/NOMINAL - CS_ABC_BF - C-Zone - XY - Nominal
Circle,CIR_7,DIAM,9.250,9.000,0.250,-0.450,0.350,,Criterion : Least Square (From 6 Pts On PL_FIXTURE) 
Circle,CIR_7,X,293.797,294.000,-0.203,,,,
Circle,CIR_7,Y,-332.325,-332.250,-0.075,,,,
Pos. Tol.,POS_7,PTOL,0.433,0.000,0.433,0.000,1.200,,CIR_7/NOMINAL - CS_ABC_BF - C-Zone - XY - Nominal
Circle,CIR_8,DIAM,9.163,9.000,0.163,-0.450,0.350,,Criterion : Least Square (From 6 Pts On PL_FIXTURE) 
Circle,CIR_8,X,325.028,325.000,0.028,,,,
Circle,CIR_8,Y,-226.724,-226.750,0.026,,,,
Pos. Tol.,POS_8,PTOL,0.076,0.000,0.076,0.000,1.113,,CIR_8/NOMINAL - CS_ABC_BF - C-Zone - XY - Nominal
Circle,CIR_9,DIAM,9.185,9.000,0.185,-0.450,0.350,,Criterion : Least Square (From 6 Pts On PL_FIXTURE) 
Circle,CIR_9,X,294.069,294.000,0.069,,,,
Circle,CIR_9,Y,-121.253,-121.250,-0.003,,,,
Pos. Tol.,POS_9,PTOL,0.139,0.000,0.139,0.000,1.135,,CIR_9/NOMINAL - CS_ABC_BF - C-Zone - XY - Nominal
Circle,CIR_10,DIAM,9.175,9.000,0.175,-0.450,0.350,,Criterion : Least Square (From 6 Pts On PL_FIXTURE) 
Circle,CIR_10,X,322.454,322.000,0.454,,,,
Circle,CIR_10,Y,-24.647,-24.500,-0.147,,,,
Pos. Tol.,POS_10,PTOL,0.954,0.000,0.954,0.000,1.125,,CIR_10/NOMINAL - CS_ABC_BF - C-Zone - XY - Nominal
Distance,PLASTIC_1,Z,19.984,20.000,-0.016,-0.050,0.200,,PNT_TOP_1 - PNT_BOTTOM_1 / CS_ABC_BF
Distance,PLASTIC_2,Z,20.067,20.000,0.067,-0.050,0.200,,PNT_TOP_2 - PNT_BOTTOM_2 / CS_ABC_BF
Distance,PLASTIC_3,Z,19.973,20.000,-0.027,-0.050,0.200,,PNT_TOP_3 - PNT_BOTTOM_3 / CS_ABC_BF
Distance,PLASTIC_4,Z,19.887,20.000,-0.113,-0.050,0.200,-0.063,PNT_TOP_4 - PNT_BOTTOM_4 / CS_ABC_BF
Distance,PLASTIC_5,Z,20.049,20.000,0.049,-0.050,0.200,,PNT_TOP_5 - PNT_BOTTOM_5 / CS_ABC_BF
Distance,PLASTIC_6,Z,20.104,20.000,0.104,-0.050,0.200,,PNT_TOP_6 - PNT_BOTTOM_6 / CS_ABC_BF
Distance,PLASTIC_7,Z,20.084,20.000,0.084,-0.050,0.200,,PNT_TOP_7 - PNT_BOTTOM_7 / CS_ABC_BF
Distance,PLASTIC_8,Z,20.015,20.000,0.015,-0.050,0.200,,PNT_TOP_8 - PNT_BOTTOM_8 / CS_ABC_BF
Distance,PLASTIC_9,Z,20.001,20.000,0.001,-0.050,0.250,,PNT_TOP_9 - PNT_BOTTOM_9 / CS_ABC_BF
Distance,PLASTIC_10,Z,19.949,20.000,-0.051,-0.050,0.200,-0.001,PNT_TOP_10 - PNT_BOTTOM_10 / CS_ABC_BF
Circle,CIR_11,X,22.507,22.800,-0.293,,,,Criterion : Least Square (From 8 Pts On PL_INS_11) 
Circle,CIR_11,Y,-26.489,-26.200,-0.289,,,,
Pos. Tol.,POS_11,PTOL,0.823,0.000,0.823,0.000,2.673,,CIR_11/NOMINAL - CS_ABC_BF - C-Zone - XY - Nominal
Circle,CIR_12,X,64.924,64.800,0.124,,,,Criterion : Least Square (From 8 Pts On PL_INS_12) 
Circle,CIR_12,Y,-158.634,-158.600,-0.034,,,,
Pos. Tol.,POS_12,PTOL,0.256,0.000,0.256,0.000,2.673,,CIR_12/NOMINAL - CS_ABC_BF - C-Zone - XY - Nominal
Circle,CIR_13,X,82.322,82.800,-0.478,,,,Criterion : Least Square (From 6 Pts On PL_INS_13) 
Circle,CIR_13,Y,-238.839,-238.300,-0.539,,,,
Pos. Tol.,POS_13,PTOL,1.442,0.000,1.442,0.000,2.673,,CIR_13/NOMINAL - CS_ABC_BF - C-Zone - XY - Nominal
Circle,CIR_14,X,57.677,57.800,-0.123,,,,Criterion : Least Square (From 6 Pts On PL_INS_14) 
Circle,CIR_14,Y,-357.083,-356.200,-0.883,,,,
Pos. Tol.,POS_14,PTOL,1.783,0.000,1.783,0.000,2.673,,CIR_14/NOMINAL - CS_ABC_BF - C-Zone - XY - Nominal
Circle,CIR_15,X,-7.228,-7.400,0.172,,,,Criterion : Least Square (From 6 Pts On PL_INS_15) 
Circle,CIR_15,Y,-371.640,-370.800,-0.840,,,,
Pos. Tol.,POS_15,PTOL,1.715,0.000,1.715,0.000,2.673,,CIR_15/NOMINAL - CS_ABC_BF - C-Zone - XY - Nominal
Circle,CIR_17,X,317.788,317.800,-0.012,,,,Criterion : Least Square (From 6 Pts On PL_INS_17) 
Circle,CIR_17,Y,-398.183,-398.400,0.217,,,,
Pos. Tol.,POS_17,PTOL,0.435,0.000,0.435,0.000,2.673,,CIR_17/NOMINAL - CS_ABC_BF - C-Zone - XY - Nominal
Circle,CIR_19,X,237.134,237.800,-0.666,,,,Criterion : Least Square (From 6 Pts On PL_INS_19) 
Circle,CIR_19,Y,-206.694,-206.300,-0.394,,,,
Pos. Tol.,POS_19,PTOL,1.547,0.000,1.547,0.000,2.673,,CIR_19/NOMINAL - CS_ABC_BF - C-Zone - XY - Nominal
Circle,CIR_21,X,126.973,126.800,0.173,,,,Criterion : Least Square (From 6 Pts On PL_INS_21) 
Circle,CIR_21,Y,57.532,58.700,-1.168,,,,
Pos. Tol.,POS_21,PTOL,2.362,0.000,2.362,0.000,2.673,,CIR_21/NOMINAL - CS_ABC_BF - C-Zone - XY - Nominal
Circle,CIR_16,X,146.885,147.000,-0.115,,,,Criterion : Least Square (From 6 Pts On PL_INS_16) 
Circle,CIR_16,Y,-40.568,-40.600,0.032,,,,
Pos. Tol.,POS_16,PTOL,0.239,0.000,0.239,0.000,1.000,,CIR_16/NOMINAL - CS_AF_BF - C-Zone - XY - Nominal
Circle,CIR_18,X,201.595,202.000,-0.405,,,,Criterion : Least Square (From 6 Pts On PL_INS_18) 
Circle,CIR_18,Y,-15.469,-15.500,0.031,,,,
Pos. Tol.,POS_18,PTOL,0.813,0.000,0.813,0.000,1.000,,CIR_18/NOMINAL - CS_AD - C-Zone - XY - Nominal
Circle,CIR_20,X,100.885,101.000,-0.115,,,,Criterion : Least Square (From 6 Pts On PL_INS_20) 
Circle,CIR_20,Y,-194.778,-195.000,0.222,,,,
Pos. Tol.,POS_20,PTOL,0.500,0.000,0.500,0.000,2.000,,CIR_20/NOMINAL - CS_AE - C-Zone - XY - Nominal
Circle,CIR_22,X,176.997,177.200,-0.203,,,,Criterion : Least Square (From 7 Pts On PL_PLAST_22) 
Circle,CIR_22,Y,119.046,119.900,-0.854,,,,
Pos. Tol.,POS_22,PTOL,1.755,0.000,1.755,0.000,2.673,,CIR_22/NOMINAL - CS_ABC_BF - C-Zone - XY - Nominal
Distance,H11,Z,0.224,0.000,0.224,0.000,0.300,,CIR_11 - PL_PLAST_11 / CS_ABC_BF
Distance,H12,Z,0.319,0.000,0.319,0.000,0.300,0.019,CIR_12 - PL_PLAST_12 / CS_ABC_BF
Distance,H13,Z,0.133,0.000,0.133,0.000,0.300,,CIR_13 - PL_PLAST_13 / CS_ABC_BF
Distance,H14,Z,0.235,0.000,0.235,0.000,0.300,,CIR_14 - PL_PLAST_14 / CS_ABC_BF
Distance,H15,Z,-0.004,0.000,-0.004,0.000,0.300,-0.004,CIR_15 - PL_PLAST_15 / CS_ABC_BF
Distance,H16,Z,0.197,0.000,0.197,0.000,0.300,,CIR_16 - PL_PLAST_16 / CS_ABC_BF
Distance,H17,Z,0.163,0.000,0.163,0.000,0.300,,CIR_17 - PL_PLAST_17 / CS_ABC_BF
Distance,H18,Z,0.098,0.000,0.098,0.000,0.300,,CIR_18 - PL_PLAST_18 / CS_ABC_BF
Distance,H19,Z,0.056,0.000,0.056,0.000,0.300,,CIR_19 - PL_PLAST_19 / CS_ABC_BF
Distance,H20,Z,0.067,0.000,0.067,0.000,0.300,,CIR_20 - PL_PLAST_20 / CS_ABC_BF
Distance,H21,Z,0.183,0.000,0.183,0.000,0.300,,CIR_21 - PL_PLAST_21 / CS_ABC_BF
Circle,CIR_34,DIAM,4.893,4.800,0.093,0.000,0.150,,Criterion : Least Square (From 8 Pts On PL_PLAST_34) 
Distance,LONGEUR_34,D1,12.538,11.000,1.538,0.000,5.000,,PNT_BOTTOM_34 - PL_PLAST_34 / CS_34_TOP
Circle,CIR_35,DIAM,4.888,4.800,0.088,0.000,0.150,,Criterion : Least Square (From 8 Pts On PL_PLAST_35) 
Distance,LONGEUR_35,D1,12.487,11.000,1.487,0.000,5.000,,PNT_BOTTOM_35 - PL_PLAST_35 / CS_CIR_35_TOP
Circle,CIR_36,DIAM,4.883,4.800,0.083,0.000,0.150,,Criterion : Least Square (From 6 Pts On PL_PLAST_36) 
Distance,LONGEUR_36,D1,12.440,11.000,1.440,0.000,5.000,,PNT_BOTTOM_36 - PL_PLAST_36 / CS_CIR_36_TOP
Flatness,FLAT_DATUM_R,FLTN,0.364,0.000,0.364,0.000,0.800,,PL_DATUM_R
Circle,CIR_23,DIAM,78.091,78.000,0.091,-0.250,0.250,,Criterion : Least Square (From 12 Pts On PL_DATUM_R) 
Circle,CIR_23,X,229.316,229.000,0.316,,,,
Circle,CIR_23,Y,110.191,111.600,-1.409,,,,
Circle,CIR_23,Z,75.795,75.000,0.795,,,,
Pos. Tol.,POS_23,PTOL,3.297,0.000,3.297,1.014,4.514,,CIR_23(M)/NOMINAL(M) - CS_ABC_BF - C-Zone - XYZ - Nominal
Circle,CIR_24,Y,-40.997,-41.000,0.003,,,,Criterion : Least Square (From 6 Pts On PL_INS_24) 
Circle,CIR_24,Z,33.604,33.500,0.104,,,,
Pos. Tol.,POS_24,PTOL,0.209,0.000,0.209,0.000,0.500,,CIR_24/NOMINAL - CS_HD_BF - C-Zone - YZ - Nominal
Circle,CIR_25,Y,-41.058,-41.000,-0.058,,,,Criterion : Least Square (From 6 Pts On PL_INS_25) 
Circle,CIR_25,Z,-33.573,-33.500,-0.073,,,,
Pos. Tol.,POS_25,PTOL,0.186,0.000,0.186,0.000,0.500,,CIR_25/NOMINAL - CS_HD_BF - C-Zone - YZ - Nominal
Circle,CIR_26,Y,41.097,41.000,0.097,,,,Criterion : Least Square (From 6 Pts On PL_INS_26) 
Circle,CIR_26,Z,-33.468,-33.500,0.032,,,,
Pos. Tol.,POS_26,PTOL,0.204,0.000,0.204,0.000,0.500,,CIR_26/NOMINAL - CS_HD_BF - C-Zone - YZ - Nominal
Circle,CIR_27,Y,40.959,41.000,-0.041,,,,Criterion : Least Square (From 6 Pts On PL_INS_27) 
Circle,CIR_27,Z,33.437,33.500,-0.063,,,,
Pos. Tol.,POS_27,PTOL,0.151,0.000,0.151,0.000,0.500,,CIR_27/NOMINAL - CS_HD_BF - C-Zone - YZ - Nominal
Distance,H24,X,0.184,0.000,0.184,0.000,0.300,,CIR_24 - PL_PLAST_24 / CS_HD_BF
Distance,H25,X,0.170,0.000,0.170,0.000,0.300,,CIR_25 - PL_PLAST_25 / CS_HD_BF
Distance,H26,X,0.024,0.000,0.024,0.000,0.300,,CIR_26 - PL_PLAST_26 / CS_HD_BF
Distance,H27,X,0.126,0.000,0.126,0.000,0.300,,CIR_27 - PL_PLAST_27 / CS_HD_BF
Distance,TB_WIDTH_1,D1,3.405,3.500,-0.095,-0.150,0.150,,P_TB_IW.1 - P_TB_OW.1 / CS_HD_BF
Distance,TB_WIDTH_2,D1,3.477,3.500,-0.023,-0.100,0.100,,P_TB_IW.2 - P_TB_OW.2 / CS_HD_BF
Distance,TB_WIDTH_3,D1,3.396,3.500,-0.104,-0.150,0.150,,P_TB_IW.3 - P_TB_OW.3 / CS_HD_BF
Distance,TB_WIDTH_4,D1,3.370,3.500,-0.130,-0.150,0.150,,P_TB_IW.4 - P_TB_OW.4 / CS_HD_BF
Distance,TB_WIDTH_5,D1,3.326,3.500,-0.174,-0.200,0.150,,P_TB_IW.5 - P_TB_OW.5 / CS_HD_BF
Distance,TB_WIDTH_6,D1,3.417,3.500,-0.083,-0.150,0.150,,P_TB_IW.6 - P_TB_OW.6 / CS_HD_BF
Distance,TB_DEPTH_1,X,5.148,5.000,0.148,-0.250,0.250,,P_TB_TOP.1 - P_TB_BOTTOM.1 / CS_HD_BF
Distance,TB_DEPTH_2,X,4.931,5.000,-0.069,-0.100,0.100,,P_TB_TOP.2 - P_TB_BOTTOM.2 / CS_HD_BF
Distance,TB_DEPTH_3,X,4.989,5.000,-0.011,-0.100,0.100,,P_TB_TOP.3 - P_TB_BOTTOM.3 / CS_HD_BF
Distance,TB_DEPTH_4,X,4.840,5.000,-0.160,-0.250,0.250,,P_TB_TOP.4 - P_TB_BOTTOM.4 / CS_HD_BF
Distance,TB_DEPTH_5,X,5.086,5.000,0.086,-0.100,0.100,,P_TB_TOP.5 - P_TB_BOTTOM.5 / CS_HD_BF
Distance,TB_DEPTH_6,X,5.196,5.000,0.196,-0.250,0.300,,P_TB_TOP.6 - P_TB_BOTTOM.6 / CS_HD_BF
Circle,CIR_28,X,65.193,64.800,0.393,,,,Criterion : Least Square (From 8 Pts On PL_PLAST_28) 
Circle,CIR_28,Z,59.153,59.000,0.153,,,,
Pos. Tol.,POS_28,PTOL,0.843,0.000,0.843,0.000,2.673,,CIR_28/NOMINAL - CS_ABC_BF - C-Zone - XZ - Nominal
Circle,CIR_29,X,51.850,51.800,0.050,,,,Criterion : Least Square (From 6 Pts On PL_INS_29) 
Circle,CIR_29,Z,22.462,23.200,-0.738,,,,
Pos. Tol.,POS_29,PTOL,1.479,0.000,1.479,0.000,2.673,,CIR_29/NOMINAL - CS_ABC_BF - C-Zone - XZ - Nominal
Circle,CIR_30,X,216.820,216.800,0.020,,,,Criterion : Least Square (From 6 Pts On PL_INS_30) 
Circle,CIR_30,Z,22.693,23.200,-0.507,,,,
Pos. Tol.,POS_30,PTOL,1.015,0.000,1.015,0.000,2.673,,CIR_30/NOMINAL - CS_ABC_BF - C-Zone - XZ - Nominal
Distance,H29,Y,-0.049,0.000,-0.049,0.000,0.300,-0.049,CIR_29 - PL_PLAST_29 / CS_ABC_BF_ROT180
Distance,H30,Y,-0.028,0.000,-0.028,0.000,0.300,-0.028,CIR_30 - PL_PLAST_30 / CS_ABC_BF_ROT180
Circle,CIR_31,DIAM,12.085,12.000,0.085,,,,Criterion : Least Square (From 7 Pts On PL_PLAST_31) 
Circle,CIR_31,X,232.844,232.800,0.044,,,,
Circle,CIR_31,Z,74.523,75.000,-0.477,,,,
Pos. Tol.,POS_31,PTOL,0.089,0.000,0.089,0.000,2.673,,CIR_31/NOMINAL - CS_ABC_BF - P-Zone - X - Nominal
Flatness,FLAT_LASER_WELD,FLTN,0.267,0.000,0.267,0.000,0.450,,PL_LASER_WELD
Flatness,FLAT_DATUM_A,FLTN,0.541,0.000,0.541,0.000,0.400,0.141,PL_DATUM_A
Distance,WIDTH_1_OP1,D1,3.427,3.500,-0.073,-0.100,0.100,,PNT_OW_1_OP1 - PNT_IW_1_OP1 / CS_BF_OP1
Distance,WIDTH_2_OP1,D1,3.486,3.500,-0.014,-0.100,0.100,,PNT_OW_2_OP1 - PNT_IW_2_OP1 / CS_BF_OP1
Distance,WIDTH_3_OP1,D1,3.392,3.500,-0.108,-0.150,0.150,,PNT_OW_3_OP1 - PNT_IW_3_OP1 / CS_BF_OP1
Distance,WIDTH_4_OP1,D1,3.446,3.500,-0.054,-0.100,0.100,,PNT_OW_4_OP1 - PNT_IW_4_OP1 / CS_BF_OP1
Distance,DEPTH_1_OP1,Z,5.036,5.000,0.036,-0.100,0.100,,PNT_TOP_1_OP1 - PNT_DP_1_OP1 / CS_BF_OP1
Distance,DEPTH_2_OP1,Z,5.075,5.000,0.075,-0.100,0.100,,PNT_TOP_2_OP1 - PNT_DP_2_OP1 / CS_BF_OP1
Distance,DEPTH_3_OP1,Z,5.093,5.000,0.093,-0.100,0.100,,PNT_TOP_3_OP1 - PNT_DP_3_OP1 / CS_BF_OP1
Distance,DEPTH_4_OP1,Z,5.026,5.000,0.026,-0.100,0.100,,PNT_TOP_4_OP1 - PNT_DP_4_OP1 / CS_BF_OP1
Distance,WIDTH_1_OP2,D1,3.421,3.500,-0.079,-0.150,0.150,,PNT_OW_1_OP2 - PNT_IW_1_OP2 / CS_BF_OP2
Distance,WIDTH_2_OP2,D1,3.485,3.500,-0.015,-0.100,0.100,,PNT_OW_2_OP2 - PNT_IW_2_OP2 / CS_BF_OP2
Distance,WIDTH_3_OP2,D1,3.409,3.500,-0.091,-0.100,0.100,,PNT_OW_3_OP2 - PNT_IW_3_OP2 / CS_BF_OP2
Distance,WIDTH_4_OP2,D1,3.494,3.500,-0.006,-0.100,0.100,,PNT_OW_4_OP2 - PNT_IW_4_OP2 / CS_BF_OP2
Distance,DEPTH_1_OP2,Z,5.034,5.000,0.034,-0.100,0.100,,PNT_TOP_1_OP2 - PNT_DP_1_OP2 / CS_BF_OP2
Distance,DEPTH_2_OP2,Z,5.074,5.000,0.074,-0.100,0.100,,PNT_TOP_2_OP2 - PNT_DP_2_OP2 / CS_BF_OP2
Distance,DEPTH_3_OP2,Z,5.059,5.000,0.059,-0.250,0.250,,PNT_TOP_3_OP2 - PNT_DP_3_OP2 / CS_BF_OP2
Distance,DEPTH_4_OP2,Z,4.986,5.000,-0.014,-0.100,0.100,,PNT_TOP_4_OP2 - PNT_DP_4_OP2 / CS_BF_OP2
Distance,WIDTH_1_OP3,D1,3.453,3.500,-0.047,-0.100,0.100,,PNT_OW_1_OP3 - PNT_IW_1_OP3 / CS_BF_OP3
Distance,WIDTH_2_OP3,D1,3.459,3.500,-0.041,-0.100,0.100,,PNT_OW_2_OP3 - PNT_IW_2_OP3 / CS_BF_OP3
Distance,WIDTH_3_OP3,D1,3.448,3.500,-0.052,-0.100,0.100,,PNT_OW_3_OP3 - PNT_IW_3_OP3 / CS_BF_OP3
Distance,WIDTH_4_OP3,D1,3.432,3.500,-0.068,-0.100,0.100,,PNT_OW_4_OP3 - PNT_IW_4_OP3 / CS_BF_OP3
Distance,DEPTH_1_OP3,Z,5.012,5.000,0.012,-0.100,0.100,,PNT_TOP_1_OP3 - PNT_DP_1_OP3 / CS_BF_OP3
Distance,DEPTH_2_OP3,Z,5.046,5.000,0.046,-0.250,0.250,,PNT_TOP_2_OP3 - PNT_DP_2_OP3 / CS_BF_OP3
Distance,DEPTH_3_OP3,Z,5.138,5.000,0.138,-0.100,0.100,0.038,PNT_TOP_3_OP3 - PNT_DP_3_OP3 / CS_BF_OP3
Distance,DEPTH_4_OP3,Z,5.237,5.000,0.237,-0.250,0.250,,PNT_TOP_4_OP3 - PNT_DP_4_OP3 / CS_BF_OP3
Distance,WIDTH_1_OP4,D1,3.314,3.500,-0.186,-0.200,0.150,,PNT_OW_1_OP4 - PNT_IW_1_OP4 / CS_BF_OP4
Distance,WIDTH_2_OP4,D1,3.450,3.500,-0.050,-0.100,0.100,,PNT_OW_2_OP4 - PNT_IW_2_OP4 / CS_BF_OP4
Distance,WIDTH_3_OP4,D1,3.323,3.500,-0.177,-0.200,0.150,,PNT_OW_3_OP4 - PNT_IW_3_OP4 / CS_BF_OP4
Distance,WIDTH_4_OP4,D1,3.389,3.500,-0.111,-0.100,0.100,-0.011,PNT_OW_4_OP4 - PNT_IW_4_OP4 / CS_BF_OP4
Distance,DEPTH_1_OP4,Z,4.953,5.000,-0.047,-0.100,0.100,,PNT_TOP_1_OP4 - PNT_DP_1_OP4 / CS_BF_OP4
Distance,DEPTH_2_OP4,Z,4.967,5.000,-0.033,-0.100,0.100,,PNT_TOP_2_OP4 - PNT_DP_2_OP4 / CS_BF_OP4
Distance,DEPTH_3_OP4,Z,5.185,5.000,0.185,-0.250,0.300,,PNT_TOP_3_OP4 - PNT_DP_3_OP4 / CS_BF_OP4
Distance,DEPTH_4_OP4,Z,5.295,5.000,0.295,-0.250,0.300,,PNT_TOP_4_OP4 - PNT_DP_4_OP4 / CS_BF_OP4
Distance,WIDTH_1_OP5,D1,3.461,3.500,-0.039,-0.100,0.100,,PNT_OW_1_OP5 - PNT_IW_1_OP5 / CS_BF_OP5
Distance,WIDTH_2_OP5,D1,3.468,3.500,-0.032,-0.100,0.100,,PNT_OW_2_OP5 - PNT_IW_2_OP5 / CS_BF_OP5
Distance,WIDTH_3_OP5,D1,3.469,3.500,-0.031,-0.100,0.100,,PNT_OW_3_OP5 - PNT_IW_3_OP5 / CS_BF_OP5
Distance,WIDTH_4_OP5,D1,3.416,3.500,-0.084,-0.100,0.100,,PNT_OW_4_OP5 - PNT_IW_4_OP5 / CS_BF_OP5
Distance,DEPTH_1_OP5,Z,5.060,5.000,0.060,-0.100,0.100,,PNT_TOP_1_OP5 - PNT_DP_1_OP5 / CS_BF_OP5
Distance,DEPTH_2_OP5,Z,5.083,5.000,0.083,-0.100,0.100,,PNT_TOP_2_OP5 - PNT_DP_2_OP5 / CS_BF_OP5
Distance,DEPTH_3_OP5,Z,5.097,5.000,0.097,-0.100,0.100,,PNT_TOP_3_OP5 - PNT_DP_3_OP5 / CS_BF_OP5
Distance,DEPTH_4_OP5,Z,5.016,5.000,0.016,-0.100,0.100,,PNT_TOP_4_OP5 - PNT_DP_4_OP5 / CS_BF_OP5
Distance,WIDTH_1_OP6,D1,3.399,3.500,-0.101,-0.100,0.100,-0.001,PNT_OW_1_OP6 - PNT_IW_1_OP6 / CS_BF_OP6
Distance,WIDTH_2_OP6,D1,3.493,3.500,-0.007,-0.100,0.100,,PNT_OW_2_OP6 - PNT_IW_2_OP6 / CS_BF_OP6
Distance,WIDTH_3_OP6,D1,3.402,3.500,-0.098,-0.100,0.100,,PNT_OW_3_OP6 - PNT_IW_3_OP6 / CS_BF_OP6
Distance,WIDTH_4_OP6,D1,3.494,3.500,-0.006,-0.100,0.100,,PNT_OW_4_OP6 - PNT_IW_4_OP6 / CS_BF_OP6
Distance,DEPTH_1_OP6,Z,4.996,5.000,-0.004,-0.100,0.100,,PNT_TOP_1_OP6 - PNT_DP_1_OP6 / CS_BF_OP6
Distance,DEPTH_2_OP6,Z,4.848,5.000,-0.152,-0.250,0.250,,PNT_TOP_2_OP6 - PNT_DP_2_OP6 / CS_BF_OP6
Distance,DEPTH_3_OP6,Z,5.103,5.000,0.103,-0.100,0.100,0.003,PNT_TOP_3_OP6 - PNT_DP_3_OP6 / CS_BF_OP6
Distance,DEPTH_4_OP6,Z,5.127,5.000,0.127,-0.100,0.100,0.027,PNT_TOP_4_OP6 - PNT_DP_4_OP6 / CS_BF_OP6
Distance,WIDTH_1_OP7,D1,3.506,3.500,0.006,-0.100,0.100,,PNT_OW_1_OP7 - PNT_IW_1_OP7 / CS_BF_OP7
Distance,WIDTH_2_OP7,D1,3.529,3.500,0.029,-0.100,0.100,,PNT_OW_2_OP7 - PNT_IW_2_OP7 / CS_BF_OP7
Distance,WIDTH_3_OP7,D1,3.501,3.500,0.001,-0.100,0.100,,PNT_OW_3_OP7 - PNT_IW_3_OP7 / CS_BF_OP7
Distance,WIDTH_4_OP7,D1,3.429,3.500,-0.071,-0.100,0.100,,PNT_OW_4_OP7 - PNT_IW_4_OP7 / CS_BF_OP7
Distance,DEPTH_1_OP7,Z,4.924,5.000,-0.076,-0.100,0.100,,PNT_TOP_1_OP7 - PNT_DP_1_OP7 / CS_BF_OP7
Distance,DEPTH_2_OP7,Z,5.000,5.000,0.000,-0.100,0.100,,PNT_TOP_2_OP7 - PNT_DP_2_OP7 / CS_BF_OP7
Distance,DEPTH_3_OP7,Z,5.082,5.000,0.082,-0.250,0.250,,PNT_TOP_3_OP7 - PNT_DP_3_OP7 / CS_BF_OP7
Distance,DEPTH_4_OP7,Z,4.474,5.000,-0.526,-0.250,0.250,-0.276,PNT_TOP_4_OP7 - PNT_DP_4_OP7 / CS_BF_OP7
Distance,WIDTH_1_OP8,D1,3.430,3.500,-0.070,-0.100,0.100,,PNT_OW_1_OP8 - PNT_IW_1_OP8 / CS_BF_OP8
Distance,WIDTH_2_OP8,D1,3.460,3.500,-0.040,-0.100,0.100,,PNT_OW_2_OP8 - PNT_IW_2_OP8 / CS_BF_OP8
Distance,WIDTH_3_OP8,D1,3.353,3.500,-0.147,-0.150,0.150,,PNT_OW_3_OP8 - PNT_IW_3_OP8 / CS_BF_OP8
Distance,WIDTH_4_OP8,D1,3.374,3.500,-0.126,-0.150,0.150,,PNT_OW_4_OP8 - PNT_IW_4_OP8 / CS_BF_OP8
Distance,DEPTH_1_OP8,Z,5.008,5.000,0.008,-0.100,0.100,,PNT_TOP_1_OP8 - PNT_DP_1_OP8 / CS_BF_OP8
Distance,DEPTH_2_OP8,Z,5.038,5.000,0.038,-0.100,0.100,,PNT_TOP_2_OP8 - PNT_DP_2_OP8 / CS_BF_OP8
Distance,DEPTH_3_OP8,Z,5.292,5.000,0.292,-0.250,0.250,0.042,PNT_TOP_3_OP8 - PNT_DP_3_OP8 / CS_BF_OP8
Distance,DEPTH_4_OP8,Z,5.264,5.000,0.264,-0.250,0.300,,PNT_TOP_4_OP8 - PNT_DP_4_OP8 / CS_BF_OP8
