Feat. Type,Feat. Name,Value,Actual,Nominal,Dev.,Tol-,Tol+,Out of Tol.,Comment
Text/Value,VAR_PROGRAM,VAL,,,,,,,'N:\Metrolog XG\Programmes\Ford Nano 2.7L\Ford Nano 2.7L Free State (Module 51).gm2'
Text/Value,VAR_EVENEMENT,VAL,,,,,,,'Validation changement de cycle piece 5'
Text/Value,VAR_COMMENTAIRES,VAL,,,,,,,'344 C'
Circle,CIR_FLANGE_1,X,-86.714,-86.800,0.086,,,,Criterion : Least Square (From 12 Pts On PL_FLANGE_1) 
Circle,CIR_FLANGE_1,Z,44.299,44.500,-0.201,,,,
Circle,CIR_FLANGE_2,X,-102.360,-102.800,0.440,,,,Criterion : Least Square (From 12 Pts On PL_FLANGE_2) 
Circle,CIR_FLANGE_2,Z,-49.460,-49.500,0.040,,,,
Circle,CIR_FLANGE_3,X,-102.416,-102.800,0.384,,,,Criterion : Least Square (From 12 Pts On PL_FLANGE_3) 
Circle,CIR_FLANGE_3,Z,-144.731,-144.500,-0.231,,,,
Circle,CIR_FLANGE_4,X,-102.501,-102.800,0.299,,,,Criterion : Least Square (From 12 Pts On PL_FLANGE_4) 
Circle,CIR_FLANGE_4,Z,-240.850,-240.500,-0.350,,,,
Circle,CIR_FLANGE_5,X,9.219,9.200,0.019,,,,Criterion : Least Square (From 12 Pts On PL_FLANGE_5) 
Circle,CIR_FLANGE_5,Z,6.074,6.000,0.074,,,,
Circle,CIR_FLANGE_6,X,9.091,9.200,-0.109,,,,Criterion : Least Square (From 12 Pts On PL_FLANGE_6) 
Circle,CIR_FLANGE_6,Z,-84.655,-84.500,-0.155,,,,
Circle,CIR_FLANGE_7,X,8.659,9.200,-0.541,,,,Criterion : Least Square (From 12 Pts On PL_FLANGE_7) 
Circle,CIR_FLANGE_7,Z,-179.686,-179.500,-0.186,,,,
Circle,CIR_FLANGE_8,X,9.273,9.200,0.073,,,,Criterion : Least Square (From 12 Pts On PL_FLANGE_8) 
Circle,CIR_FLANGE_8,Z,-274.830,-274.500,-0.330,,,,
Distance,BOSS_HEIGHT_1,D1,25.859,25.900,-0.041,-0.200,0.100,,CIR_TOP_PRJ_1 - CIR_FLANGE_1 / CS_BF_MNTG_POINTS
Distance,BOSS_HEIGHT_2,D1,25.762,25.900,-0.138,-0.200,0.100,,CIR_TOP_PRJ_2 - CIR_FLANGE_2 / CS_BF_MNTG_POINTS
Distance,BOSS_HEIGHT_3,D1,25.748,25.900,-0.152,-0.200,0.100,,CIR_TOP_PRJ_3 - CIR_FLANGE_3 / CS_BF_MNTG_POINTS
Distance,BOSS_HEIGHT_4,D1,25.815,25.900,-0.085,-0.200,0.100,,CIR_TOP_PRJ_4 - CIR_FLANGE_4 / CS_BF_MNTG_POINTS
Distance,BOSS_HEIGHT_5,D1,25.699,25.900,-0.201,-0.200,0.100,-0.001,CIR_TOP_PRJ_5 - CIR_FLANGE_5 / CS_BF_MNTG_POINTS
Distance,BOSS_HEIGHT_6,D1,25.605,25.900,-0.295,-0.200,0.100,-0.095,CIR_TOP_PRJ_6 - CIR_FLANGE_6 / CS_BF_MNTG_POINTS
Distance,BOSS_HEIGHT_7,D1,25.718,25.900,-0.182,-0.200,0.100,,CIR_TOP_PRJ_7 - CIR_FLANGE_7 / CS_BF_MNTG_POINTS
Distance,BOSS_HEIGHT_8,D1,25.728,25.900,-0.172,-0.200,0.100,,CIR_TOP_PRJ_8 - CIR_FLANGE_8 / CS_BF_MNTG_POINTS
Pos. Tol.,POS_1,PTOL,0.438,0.000,0.438,0.000,1.500,,CIR_FLANGE_1/NOMINAL - CS_ABC - C-Zone - XZ - Nominal
Pos. Tol.,POS_2,PTOL,0.883,0.000,0.883,0.000,1.500,,CIR_FLANGE_2/NOMINAL - CS_ABC - C-Zone - XZ - Nominal
Pos. Tol.,POS_3,PTOL,0.896,0.000,0.896,0.000,1.500,,CIR_FLANGE_3/NOMINAL - CS_ABC - C-Zone - XZ - Nominal
Pos. Tol.,POS_4,PTOL,0.921,0.000,0.921,0.000,1.500,,CIR_FLANGE_4/NOMINAL - CS_ABC - C-Zone - XZ - Nominal
Pos. Tol.,POS_5,PTOL,0.153,0.000,0.153,0.000,1.500,,CIR_FLANGE_5/NOMINAL - CS_ABC - C-Zone - XZ - Nominal
Pos. Tol.,POS_6,PTOL,0.378,0.000,0.378,0.000,1.500,,CIR_FLANGE_6/NOMINAL - CS_ABC - C-Zone - XZ - Nominal
Pos. Tol.,POS_7,PTOL,1.145,0.000,1.145,0.000,1.500,,CIR_FLANGE_7/NOMINAL - CS_ABC - C-Zone - XZ - Nominal
Pos. Tol.,POS_8,PTOL,0.676,0.000,0.676,0.000,1.500,,CIR_FLANGE_8/NOMINAL - CS_ABC - C-Zone - XZ - Nominal
