Feat. Type,Feat. Name,Value,Actual,Nominal,Dev.,Tol-,Tol+,Out of Tol.,Comment
Text/Value,VAR_PROGRAM,VAL,,,,,,,'N:\Metrolog XG\Programmes\GM HF FWD GEN II E2xx\GM HF FWD Gen II E2xx Complete (Module 64).gm2'
Text/Value,VAR_EVENEMENT,VAL,,,,,,,'OTS-5'
Text/Value,VAR_COMMENTAIRES,VAL,,,,,,,'Part 3'
Text/Value,PROFILE_DATUM_A,VAL,0.517495,0.000000,0.517495,0.000000,1.000000,,
Text/Value,PROFILE_DATUM_B,VAL,0.432786,0.000000,0.432786,0.000000,1.000000,,
Distance,WIDTH_C,D1,8.761,8.860,-0.099,-0.150,0.150,,SRF_C_TOP - SRF_C_DOWN / CS_ABC_BF
Pos. Tol.,POS_1,PTOL,0.394,0.000,0.394,0.000,2.000,,CIR1/NOMINAL - CS_ABC_SURFACES_C - C-Zone - XZ - Nominal
Pos. Tol.,POS_2,PTOL,0.151,0.000,0.151,0.000,2.000,,CIR2/NOMINAL - CS_ABC_SURFACES_C - C-Zone - XZ - Nominal
Pos. Tol.,POS_3,PTOL,1.240,0.000,1.240,0.000,2.000,,CIR3/NOMINAL - CS_ABC_SURFACES_C - C-Zone - XZ - Nominal
Pos. Tol.,POS_4,PTOL,1.167,0.000,1.167,0.000,2.000,,CIR4/NOMINAL - CS_ABC_SURFACES_C - C-Zone - XZ - Nominal
Pos. Tol.,POS_5,PTOL,0.460,0.000,0.460,0.000,2.000,,CIR5/NOMINAL - CS_ABC_SURFACES_C - C-Zone - XZ - Nominal
Pos. Tol.,POS_6,PTOL,0.483,0.000,0.483,0.000,2.000,,CIR6/NOMINAL - CS_ABC_SURFACES_C - C-Zone - XZ - Nominal
Pos. Tol.,POS_7,PTOL,1.174,0.000,1.174,0.000,2.000,,CIR7/NOMINAL - CS_ABC_SURFACES_C - C-Zone - XZ - Nominal
Pos. Tol.,POS_8,PTOL,1.225,0.000,1.225,0.000,2.000,,CIR8/NOMINAL - CS_ABC_SURFACES_C - C-Zone - XZ - Nominal
Pos. Tol.,POS_9,PTOL,0.368,0.000,0.368,0.000,2.000,,CIR9/NOMINAL - CS_ABC_SURFACES_C - C-Zone - XZ - Nominal
Circle,CIR1,DIAM,15.103,15.000,0.103,-0.100,0.100,0.003,From 4 Pts On PL_PLAST_1
Circle,CIR1,X,-52.076,-52.000,-0.076,,,,
Circle,CIR1,Y,84.721,85.240,-0.519,,,,
Circle,CIR1,Z,-155.318,-155.500,0.182,,,,
Circle,CIR2,DIAM,15.050,15.000,0.050,-0.100,0.100,,From 4 Pts On PL_PLAST_2
Circle,CIR2,X,-52.035,-52.000,-0.035,,,,
Circle,CIR2,Y,85.009,85.240,-0.231,,,,
Circle,CIR2,Z,-60.933,-61.000,0.067,,,,
Circle,CIR3,DIAM,15.095,15.000,0.095,-0.100,0.100,,From 4 Pts On PL_PLAST_3
Circle,CIR3,X,-51.700,-52.000,0.300,,,,
Circle,CIR3,Y,85.030,85.240,-0.210,,,,
Circle,CIR3,Z,45.542,45.000,0.542,,,,
Circle,CIR4,DIAM,15.052,15.000,0.052,-0.100,0.100,,From 4 Pts On PL_PLAST_4
Circle,CIR4,X,-51.703,-52.000,0.297,,,,
Circle,CIR4,Y,84.768,85.240,-0.472,,,,
Circle,CIR4,Z,151.502,151.000,0.502,,,,
Circle,CIR5,DIAM,15.017,15.000,0.017,-0.100,0.100,,From 4 Pts On PL_PLAST_5
Circle,CIR5,X,51.779,52.000,-0.221,,,,
Circle,CIR5,Y,85.661,85.240,0.421,,,,
Circle,CIR5,Z,112.564,112.500,0.064,,,,
Circle,CIR6,DIAM,14.967,15.000,-0.033,-0.100,0.100,,From 4 Pts On PL_PLAST_6
Circle,CIR6,X,52.013,52.000,0.013,,,,
Circle,CIR6,Y,85.392,85.240,0.152,,,,
Circle,CIR6,Z,18.241,18.000,0.241,,,,
Circle,CIR7,DIAM,14.993,15.000,-0.007,-0.100,0.100,,From 4 Pts On PL_PLAST_7
Circle,CIR7,X,52.587,52.000,0.587,,,,
Circle,CIR7,Y,85.096,85.240,-0.144,,,,
Circle,CIR7,Z,-87.986,-88.000,0.014,,,,
Circle,CIR8,DIAM,15.050,15.000,0.050,-0.100,0.100,,From 4 Pts On PL_PLAST_8
Circle,CIR8,X,52.613,52.000,0.613,,,,
Circle,CIR8,Y,84.779,85.240,-0.461,,,,
Circle,CIR8,Z,-194.014,-194.000,-0.014,,,,
Circle,CIR9,DIAM,12.784,12.860,-0.076,-0.100,0.100,,From 4 Pts On PL_PLAST_9
Circle,CIR9,X,270.311,270.260,0.051,,,,
Circle,CIR9,Y,44.219,45.720,-1.501,,,,
Circle,CIR9,Z,103.177,103.000,0.177,,,,
Distance,PROFILE_1,Y,84.721,85.250,-0.529,-0.250,0.250,-0.279,CIR1 - ORIGIN / CS_ABC_SURFACES_C
Distance,PROFILE_2,Y,85.009,85.250,-0.241,-0.250,0.250,,CIR2 - ORIGIN / CS_ABC_SURFACES_C
Distance,PROFILE_3,Y,85.030,85.240,-0.210,-0.250,0.250,,CIR3 - ORIGIN / CS_ABC_SURFACES_C
Distance,PROFILE_4,Y,84.768,85.250,-0.482,-0.250,0.250,-0.232,CIR4 - ORIGIN / CS_ABC_SURFACES_C
Distance,PROFILE_5,Y,85.661,85.250,0.411,-0.250,0.250,0.161,CIR5 - ORIGIN / CS_ABC_SURFACES_C
Distance,PROFILE_6,Y,85.392,85.250,0.142,-0.250,0.250,,CIR6 - ORIGIN / CS_ABC_SURFACES_C
Distance,PROFILE_7,Y,85.096,85.250,-0.154,-0.250,0.250,,CIR7 - ORIGIN / CS_ABC_SURFACES_C
Distance,PROFILE_8,Y,84.779,85.250,-0.471,-0.250,0.250,-0.221,CIR8 - ORIGIN / CS_ABC_SURFACES_C
Profile of Line,PROFILE_VERTICAL_OP_1,PRFL,0.880,0.000,0.880,0.000,1.200,,SECTION_VERTICAL_OP_1
Profile of Line,PROFILE_VERTICAL_OP_2,PRFL,0.365,0.000,0.365,0.000,1.200,,SECTION_VERTICAL_OP_2
Profile of Line,PROFILE_VERTICAL_OP_3,PRFL,0.949,0.000,0.949,0.000,1.200,,SECTION_VERTICAL_OP_3
Profile of Line,PROFILE_VERTICAL_OP_4,PRFL,0.474,0.000,0.474,0.000,1.200,,SECTION_VERTICAL_OP_4
Profile of Line,PROFILE_VERTICAL_OP_5,PRFL,0.504,0.000,0.504,0.000,1.200,,SECTION_VERTICAL_OP_5
Profile of Line,PROFILE_VERTICAL_OP_6,PRFL,0.575,0.000,0.575,0.000,1.200,,SECTION_VERTICAL_OP_6
Profile of Line,PROFILE_HORIZONTAL_OP_1,PRFL,1.306,0.000,1.306,0.000,2.000,,SECTION_HORIZONTAL_OP_1
Profile of Line,PROFILE_HORIZONTAL_OP_2,PRFL,1.214,0.000,1.214,0.000,2.000,,SECTION_HORIZONTAL_OP_2
Profile of Line,PROFILE_HORIZONTAL_OP_3,PRFL,1.448,0.000,1.448,0.000,2.000,,SECTION_HORIZONTAL_OP_3
Profile of Line,PROFILE_HORIZONTAL_OP_4,PRFL,1.040,0.000,1.040,0.000,2.000,,SECTION_HORIZONTAL_OP_4
Profile of Line,PROFILE_HORIZONTAL_OP_5,PRFL,0.579,0.000,0.579,0.000,2.000,,SECTION_HORIZONTAL_OP_5
Profile of Line,PROFILE_HORIZONTAL_OP_6,PRFL,1.925,0.000,1.925,0.000,2.000,,SECTION_HORIZONTAL_OP_6
Distance,OP1_WIDTH_1,D1,3.767,3.900,-0.133,-0.150,0.150,,OP1_PT1_OW_GAGE - OP1_PT1_IW_GAGE / CS_BF_OP1
Distance,OP1_WIDTH_2,D1,3.851,3.900,-0.049,-0.150,0.150,,OP1_PT2_OW_GAGE - OP1_PT2_IW_GAGE / CS_BF_OP1
Distance,OP1_WIDTH_3,D1,3.810,3.900,-0.090,-0.150,0.150,,OP1_PT3_OW_GAGE - OP1_PT3_IW_GAGE / CS_BF_OP1
Distance,OP1_WIDTH_4,D1,3.839,3.900,-0.061,-0.150,0.150,,OP1_PT4_OW_GAGE - OP1_PT4_IW_GAGE / CS_BF_OP1
Distance,OP1_WIDTH_5,D1,3.871,3.900,-0.029,-0.150,0.150,,OP1_PT5_OW_GAGE - OP1_PT5_IW_GAGE / CS_BF_OP1
Distance,OP1_WIDTH_6,D1,3.829,3.900,-0.071,-0.150,0.150,,OP1_PT6_OW_GAGE - OP1_PT6_IW_GAGE / CS_BF_OP1
Distance,OP1_WIDTH_7,D1,3.850,3.900,-0.050,-0.150,0.150,,OP1_PT7_OW_GAGE - OP1_PT7_IW_GAGE / CS_BF_OP1
Distance,OP1_WIDTH_8,D1,3.946,3.900,0.046,-0.150,0.150,,OP1_PT8_OW_GAGE - OP1_PT8_IW_GAGE / CS_BF_OP1
Distance,OP1_DEPTH_1,D1,6.049,6.000,0.049,-0.150,0.150,,PL_FIXTURE_A - OP1_PT1_DEPTH / CS_BF_OP1
Distance,OP1_DEPTH_2,D1,5.960,6.000,-0.040,-0.150,0.150,,PL_FIXTURE_A - OP1_PT2_DEPTH / CS_BF_OP1
Distance,OP1_DEPTH_3,D1,5.896,6.000,-0.104,-0.150,0.150,,PL_FIXTURE_A - OP1_PT3_DEPTH / CS_BF_OP1
Distance,OP1_DEPTH_4,D1,5.916,6.000,-0.084,-0.150,0.150,,PL_FIXTURE_A - OP1_PT4_DEPTH / CS_BF_OP1
Distance,OP1_DEPTH_5,D1,6.037,6.000,0.037,-0.150,0.150,,PL_FIXTURE_A - OP1_PT5_DEPTH / CS_BF_OP1
Distance,OP1_DEPTH_6,D1,5.924,6.000,-0.076,-0.150,0.150,,PL_FIXTURE_A - OP1_PT6_DEPTH / CS_BF_OP1
Distance,OP1_DEPTH_7,D1,6.054,6.000,0.054,-0.150,0.150,,PL_FIXTURE_A - OP1_PT7_DEPTH / CS_BF_OP1
Distance,OP1_DEPTH_8,D1,6.279,6.000,0.279,-0.150,0.150,0.129,PL_FIXTURE_A - OP1_PT8_DEPTH / CS_BF_OP1
Distance,OP2_WIDTH_1,D1,3.691,3.900,-0.209,-0.150,0.150,-0.059,OP2_PT1_OW_GAGE - OP2_PT1_IW_GAGE / CS_BF_OP2
Distance,OP2_WIDTH_2,D1,3.769,3.900,-0.131,-0.150,0.150,,OP2_PT2_OW_GAGE - OP2_PT2_IW_GAGE / CS_BF_OP2
Distance,OP2_WIDTH_3,D1,3.721,3.900,-0.179,-0.150,0.150,-0.029,OP2_PT3_OW_GAGE - OP2_PT3_IW_GAGE / CS_BF_OP2
Distance,OP2_WIDTH_4,D1,3.814,3.900,-0.086,-0.150,0.150,,OP2_PT4_OW_GAGE - OP2_PT4_IW_GAGE / CS_BF_OP2
Distance,OP2_WIDTH_5,D1,3.794,3.900,-0.106,-0.150,0.150,,OP2_PT5_OW_GAGE - OP2_PT5_IW_GAGE / CS_BF_OP2
Distance,OP2_WIDTH_6,D1,3.739,3.900,-0.161,-0.150,0.150,-0.011,OP2_PT6_OW_GAGE - OP2_PT6_IW_GAGE / CS_BF_OP2
Distance,OP2_WIDTH_7,D1,3.865,3.900,-0.035,-0.150,0.150,,OP2_PT7_OW_GAGE - OP2_PT7_IW_GAGE / CS_BF_OP2
Distance,OP2_WIDTH_8,D1,3.836,3.900,-0.064,-0.150,0.150,,OP2_PT8_OW_GAGE - OP2_PT8_IW_GAGE / CS_BF_OP2
Distance,OP2_DEPTH_1,D1,5.907,6.000,-0.093,-0.150,0.150,,PL_FIXTURE_A - OP2_PT1_DEPTH / CS_BF_OP2
Distance,OP2_DEPTH_2,D1,5.989,6.000,-0.011,-0.150,0.150,,PL_FIXTURE_A - OP2_PT2_DEPTH / CS_BF_OP2
Distance,OP2_DEPTH_3,D1,5.923,6.000,-0.077,-0.150,0.150,,PL_FIXTURE_A - OP2_PT3_DEPTH / CS_BF_OP2
Distance,OP2_DEPTH_4,D1,5.951,6.000,-0.049,-0.150,0.150,,PL_FIXTURE_A - OP2_PT4_DEPTH / CS_BF_OP2
Distance,OP2_DEPTH_5,D1,6.041,6.000,0.041,-0.150,0.150,,PL_FIXTURE_A - OP2_PT5_DEPTH / CS_BF_OP2
Distance,OP2_DEPTH_6,D1,5.994,6.000,-0.006,-0.150,0.150,,PL_FIXTURE_A - OP2_PT6_DEPTH / CS_BF_OP2
Distance,OP2_DEPTH_7,D1,5.865,6.000,-0.135,-0.150,0.150,,PL_FIXTURE_A - OP2_PT7_DEPTH / CS_BF_OP2
Distance,OP2_DEPTH_8,D1,5.937,6.000,-0.063,-0.150,0.150,,PL_FIXTURE_A - OP2_PT8_DEPTH / CS_BF_OP2
Distance,OP3_WIDTH_1,D1,3.780,3.900,-0.120,-0.150,0.150,,OP3_PT1_OW_GAGE - OP3_PT1_IW_GAGE / CS_BF_OP3
Distance,OP3_WIDTH_2,D1,3.856,3.900,-0.044,-0.150,0.150,,OP3_PT2_OW_GAGE - OP3_PT2_IW_GAGE / CS_BF_OP3
Distance,OP3_WIDTH_3,D1,3.874,3.900,-0.026,-0.150,0.150,,OP3_PT3_OW_GAGE - OP3_PT3_IW_GAGE / CS_BF_OP3
Distance,OP3_WIDTH_4,D1,3.779,3.900,-0.121,-0.150,0.150,,OP3_PT4_OW_GAGE - OP3_PT4_IW_GAGE / CS_BF_OP3
Distance,OP3_WIDTH_5,D1,3.859,3.900,-0.041,-0.150,0.150,,OP3_PT5_OW_GAGE - OP3_PT5_IW_GAGE / CS_BF_OP3
Distance,OP3_WIDTH_6,D1,3.801,3.900,-0.099,-0.150,0.150,,OP3_PT6_OW_GAGE - OP3_PT6_IW_GAGE / CS_BF_OP3
Distance,OP3_WIDTH_7,D1,3.915,3.900,0.015,-0.150,0.150,,OP3_PT7_OW_GAGE - OP3_PT7_IW_GAGE / CS_BF_OP3
Distance,OP3_WIDTH_8,D1,3.909,3.900,0.009,-0.150,0.150,,OP3_PT8_OW_GAGE - OP3_PT8_IW_GAGE / CS_BF_OP3
Distance,OP3_DEPTH_1,D1,5.898,6.000,-0.102,-0.150,0.150,,PL_FIXTURE_A - OP3_PT1_DEPTH / CS_BF_OP3
Distance,OP3_DEPTH_2,D1,5.986,6.000,-0.014,-0.150,0.150,,PL_FIXTURE_A - OP3_PT2_DEPTH / CS_BF_OP3
Distance,OP3_DEPTH_3,D1,5.811,6.000,-0.189,-0.150,0.150,-0.039,PL_FIXTURE_A - OP3_PT3_DEPTH / CS_BF_OP3
Distance,OP3_DEPTH_4,D1,5.891,6.000,-0.109,-0.150,0.150,,PL_FIXTURE_A - OP3_PT4_DEPTH / CS_BF_OP3
Distance,OP3_DEPTH_5,D1,6.063,6.000,0.063,-0.150,0.150,,PL_FIXTURE_A - OP3_PT5_DEPTH / CS_BF_OP3
Distance,OP3_DEPTH_6,D1,5.990,6.000,-0.010,-0.150,0.150,,PL_FIXTURE_A - OP3_PT6_DEPTH / CS_BF_OP3
Distance,OP3_DEPTH_7,D1,5.869,6.000,-0.131,-0.150,0.150,,PL_FIXTURE_A - OP3_PT7_DEPTH / CS_BF_OP3
Distance,OP3_DEPTH_8,D1,5.924,6.000,-0.076,-0.150,0.150,,PL_FIXTURE_A - OP3_PT8_DEPTH / CS_BF_OP3
Distance,OP4_WIDTH_1,D1,3.702,3.900,-0.198,-0.150,0.150,-0.048,OP4_PT1_OW_GAGE - OP4_PT1_IW_GAGE / CS_BF_OP4
Distance,OP4_WIDTH_2,D1,3.906,3.900,0.006,-0.150,0.150,,OP4_PT2_OW_GAGE - OP4_PT2_IW_GAGE / CS_BF_OP4
Distance,OP4_WIDTH_3,D1,3.802,3.900,-0.098,-0.150,0.150,,OP4_PT3_OW_GAGE - OP4_PT3_IW_GAGE / CS_BF_OP4
Distance,OP4_WIDTH_4,D1,3.838,3.900,-0.062,-0.150,0.150,,OP4_PT4_OW_GAGE - OP4_PT4_IW_GAGE / CS_BF_OP4
Distance,OP4_WIDTH_5,D1,3.919,3.900,0.019,-0.150,0.150,,OP4_PT5_OW_GAGE - OP4_PT5_IW_GAGE / CS_BF_OP4
Distance,OP4_WIDTH_6,D1,3.932,3.900,0.032,-0.150,0.150,,OP4_PT6_OW_GAGE - OP4_PT6_IW_GAGE / CS_BF_OP4
Distance,OP4_WIDTH_7,D1,3.872,3.900,-0.028,-0.150,0.150,,OP4_PT7_OW_GAGE - OP4_PT7_IW_GAGE / CS_BF_OP4
Distance,OP4_WIDTH_8,D1,3.792,3.900,-0.108,-0.150,0.150,,OP4_PT8_OW_GAGE - OP4_PT8_IW_GAGE / CS_BF_OP4
Distance,OP4_DEPTH_1,D1,5.989,6.000,-0.011,-0.150,0.150,,PL_FIXTURE_B - OP4_PT1_DEPTH / CS_BF_OP4
Distance,OP4_DEPTH_2,D1,6.101,6.000,0.101,-0.150,0.150,,PL_FIXTURE_B - OP4_PT2_DEPTH / CS_BF_OP4
Distance,OP4_DEPTH_3,D1,6.115,6.000,0.115,-0.150,0.150,,PL_FIXTURE_B - OP4_PT3_DEPTH / CS_BF_OP4
Distance,OP4_DEPTH_4,D1,5.941,6.000,-0.059,-0.150,0.150,,PL_FIXTURE_B - OP4_PT4_DEPTH / CS_BF_OP4
Distance,OP4_DEPTH_5,D1,5.949,6.000,-0.051,-0.150,0.150,,PL_FIXTURE_B - OP4_PT5_DEPTH / CS_BF_OP4
Distance,OP4_DEPTH_6,D1,5.938,6.000,-0.062,-0.150,0.150,,PL_FIXTURE_B - OP4_PT6_DEPTH / CS_BF_OP4
Distance,OP4_DEPTH_7,D1,6.002,6.000,0.002,-0.150,0.150,,PL_FIXTURE_B - OP4_PT7_DEPTH / CS_BF_OP4
Distance,OP4_DEPTH_8,D1,6.061,6.000,0.061,-0.150,0.150,,PL_FIXTURE_B - OP4_PT8_DEPTH / CS_BF_OP4
Distance,OP5_WIDTH_1,D1,3.759,3.900,-0.141,-0.150,0.150,,OP5_PT1_OW_GAGE - OP5_PT1_IW_GAGE / CS_BF_OP5
Distance,OP5_WIDTH_2,D1,3.930,3.900,0.030,-0.150,0.150,,OP5_PT2_OW_GAGE - OP5_PT2_IW_GAGE / CS_BF_OP5
Distance,OP5_WIDTH_3,D1,3.852,3.900,-0.048,-0.150,0.150,,OP5_PT3_OW_GAGE - OP5_PT3_IW_GAGE / CS_BF_OP5
Distance,OP5_WIDTH_4,D1,3.864,3.900,-0.036,-0.150,0.150,,OP5_PT4_OW_GAGE - OP5_PT4_IW_GAGE / CS_BF_OP5
Distance,OP5_WIDTH_5,D1,3.974,3.900,0.074,-0.150,0.150,,OP5_PT5_OW_GAGE - OP5_PT5_IW_GAGE / CS_BF_OP5
Distance,OP5_WIDTH_6,D1,3.910,3.900,0.010,-0.150,0.150,,OP5_PT6_OW_GAGE - OP5_PT6_IW_GAGE / CS_BF_OP5
Distance,OP5_WIDTH_7,D1,3.896,3.900,-0.004,-0.150,0.150,,OP5_PT7_OW_GAGE - OP5_PT7_IW_GAGE / CS_BF_OP5
Distance,OP5_WIDTH_8,D1,3.891,3.900,-0.009,-0.150,0.150,,OP5_PT8_OW_GAGE - OP5_PT8_IW_GAGE / CS_BF_OP5
Distance,OP5_DEPTH_1,D1,6.269,6.000,0.269,-0.150,0.150,0.119,PL_FIXTURE_B - OP5_PT1_DEPTH / CS_BF_OP5
Distance,OP5_DEPTH_2,D1,6.380,6.000,0.380,-0.150,0.150,0.230,PL_FIXTURE_B - OP5_PT2_DEPTH / CS_BF_OP5
Distance,OP5_DEPTH_3,D1,6.246,6.000,0.246,-0.150,0.150,0.096,PL_FIXTURE_B - OP5_PT3_DEPTH / CS_BF_OP5
Distance,OP5_DEPTH_4,D1,6.073,6.000,0.073,-0.150,0.150,,PL_FIXTURE_B - OP5_PT4_DEPTH / CS_BF_OP5
Distance,OP5_DEPTH_5,D1,6.061,6.000,0.061,-0.150,0.150,,PL_FIXTURE_B - OP5_PT5_DEPTH / CS_BF_OP5
Distance,OP5_DEPTH_6,D1,6.025,6.000,0.025,-0.150,0.150,,PL_FIXTURE_B - OP5_PT6_DEPTH / CS_BF_OP5
Distance,OP5_DEPTH_7,D1,6.189,6.000,0.189,-0.150,0.150,0.039,PL_FIXTURE_B - OP5_PT7_DEPTH / CS_BF_OP5
Distance,OP5_DEPTH_8,D1,6.308,6.000,0.308,-0.150,0.150,0.158,PL_FIXTURE_B - OP5_PT8_DEPTH / CS_BF_OP5
Distance,OP6_WIDTH_1,D1,3.725,3.900,-0.175,-0.150,0.150,-0.025,OP6_PT1_OW_GAGE - OP6_PT1_IW_GAGE / CS_BF_OP6
Distance,OP6_WIDTH_2,D1,3.853,3.900,-0.047,-0.150,0.150,,OP6_PT2_OW_GAGE - OP6_PT2_IW_GAGE / CS_BF_OP6
Distance,OP6_WIDTH_3,D1,3.857,3.900,-0.043,-0.150,0.150,,OP6_PT3_OW_GAGE - OP6_PT3_IW_GAGE / CS_BF_OP6
Distance,OP6_WIDTH_4,D1,3.863,3.900,-0.037,-0.150,0.150,,OP6_PT4_OW_GAGE - OP6_PT4_IW_GAGE / CS_BF_OP6
Distance,OP6_WIDTH_5,D1,3.984,3.900,0.084,-0.150,0.150,,OP6_PT5_OW_GAGE - OP6_PT5_IW_GAGE / CS_BF_OP6
Distance,OP6_WIDTH_6,D1,3.914,3.900,0.014,-0.150,0.150,,OP6_PT6_OW_GAGE - OP6_PT6_IW_GAGE / CS_BF_OP6
Distance,OP6_WIDTH_7,D1,3.917,3.900,0.017,-0.150,0.150,,OP6_PT7_OW_GAGE - OP6_PT7_IW_GAGE / CS_BF_OP6
Distance,OP6_WIDTH_8,D1,3.846,3.900,-0.054,-0.150,0.150,,OP6_PT8_OW_GAGE - OP6_PT8_IW_GAGE / CS_BF_OP6
Distance,OP6_DEPTH_1,D1,6.124,6.000,0.124,-0.150,0.150,,PL_FIXTURE_B - OP6_PT1_DEPTH / CS_BF_OP6
Distance,OP6_DEPTH_2,D1,6.112,6.000,0.112,-0.150,0.150,,PL_FIXTURE_B - OP6_PT2_DEPTH / CS_BF_OP6
Distance,OP6_DEPTH_3,D1,6.019,6.000,0.019,-0.150,0.150,,PL_FIXTURE_B - OP6_PT3_DEPTH / CS_BF_OP6
Distance,OP6_DEPTH_4,D1,5.926,6.000,-0.074,-0.150,0.150,,PL_FIXTURE_B - OP6_PT4_DEPTH / CS_BF_OP6
Distance,OP6_DEPTH_5,D1,5.950,6.000,-0.050,-0.150,0.150,,PL_FIXTURE_B - OP6_PT5_DEPTH / CS_BF_OP6
Distance,OP6_DEPTH_6,D1,5.966,6.000,-0.034,-0.150,0.150,,PL_FIXTURE_B - OP6_PT6_DEPTH / CS_BF_OP6
Distance,OP6_DEPTH_7,D1,6.105,6.000,0.105,-0.150,0.150,,PL_FIXTURE_B - OP6_PT7_DEPTH / CS_BF_OP6
Distance,OP6_DEPTH_8,D1,6.254,6.000,0.254,-0.150,0.150,0.104,PL_FIXTURE_B - OP6_PT8_DEPTH / CS_BF_OP6
Circle,CIR_A,DIAM,74.015,73.800,0.215,-0.500,0.500,,Criterion : Least Square (From 36 Pts On PL_PLAST_A) 
Circle,CIR_A,X,98.757,99.063,-0.307,,,,
Circle,CIR_A,Y,177.356,177.324,0.032,,,,
Circle,CIR_A,Z,208.180,208.274,-0.093,,,,
Circle,CIR_INS_11,X,115.017,116.161,-1.145,,,,Criterion : Least Square (From 6 Pts On PL_INS_11) 
Circle,CIR_INS_11,Y,210.291,209.942,0.349,,,,
Circle,CIR_INS_11,Z,243.557,243.644,-0.088,,,,
Circle,CIR_INS_12,X,135.858,136.968,-1.111,,,,Criterion : Least Square (From 6 Pts On PL_INS_12) 
Circle,CIR_INS_12,Y,151.193,150.861,0.332,,,,
Circle,CIR_INS_12,Z,237.254,236.898,0.356,,,,
Circle,CIR_INS_13,X,83.398,83.274,0.124,,,,Criterion : Least Square (From 6 Pts On PL_INS_13) 
Circle,CIR_INS_13,Y,139.592,139.206,0.386,,,,
Circle,CIR_INS_13,Z,172.800,173.360,-0.560,,,,
Circle,CIR_INS_14,X,62.214,62.363,-0.149,,,,Criterion : Least Square (From 6 Pts On PL_INS_14) 
Circle,CIR_INS_14,Y,198.223,198.239,-0.016,,,,
Circle,CIR_INS_14,Z,179.627,180.203,-0.576,,,,
Circle,2D_CIR_INS_11,X,41.941,42.000,-0.059,,,,
Circle,2D_CIR_INS_11,Y,29.025,29.000,0.025,,,,
Circle,2D_CIR_INS_12,X,41.908,42.000,-0.092,,,,
Circle,2D_CIR_INS_12,Y,-33.956,-34.000,0.044,,,,
Circle,2D_CIR_INS_13,X,-42.001,-42.000,-0.001,,,,
Circle,2D_CIR_INS_13,Y,-33.891,-34.000,0.109,,,,
Circle,2D_CIR_INS_14,X,-41.848,-42.000,0.152,,,,
Circle,2D_CIR_INS_14,Y,28.821,29.000,-0.179,,,,
Pos. Tol.,POS_11,PTOL,2.400,0.000,2.400,0.000,3.000,,CIR_INS_11/NOMINAL - CS_ABC_SURFACES_C - C-Zone - XYZ - Nominal
Pos. Tol.,POS_12,PTOL,2.425,0.000,2.425,0.000,3.000,,CIR_INS_12/NOMINAL - CS_ABC_SURFACES_C - C-Zone - XYZ - Nominal
Pos. Tol.,POS_13,PTOL,1.384,0.000,1.384,0.000,3.000,,CIR_INS_13/NOMINAL - CS_ABC_SURFACES_C - C-Zone - XYZ - Nominal
Pos. Tol.,POS_2D_11,PTOL,0.128,0.000,0.128,0.000,0.500,,2D_CIR_INS_11/NOMINAL - CS_D_BF - C-Zone - XY - Nominal
Pos. Tol.,POS_2D_12,PTOL,0.203,0.000,0.203,0.000,0.500,,2D_CIR_INS_12/NOMINAL - CS_D_BF - C-Zone - XY - Nominal
Pos. Tol.,POS_2D_13,PTOL,0.219,0.000,0.219,0.000,0.500,,2D_CIR_INS_13/NOMINAL - CS_D_BF - C-Zone - XY - Nominal
Pos. Tol.,POS_2D_14,PTOL,0.469,0.000,0.469,0.000,0.500,,2D_CIR_INS_14/NOMINAL - CS_D_BF - C-Zone - XY - Nominal
Perpend.,PERP_11,PERP,,0.000,,0.000,0.250,,CYL_11/PL_INS_11 - C-Zone - Nominal
Perpend.,PERP_12,PERP,,0.000,,0.000,0.250,,CYL_12/PL_INS_12 - C-Zone - Nominal
Perpend.,PERP_13,PERP,,0.000,,0.000,0.250,,CYL_13/PL_INS_13 - C-Zone - Nominal
Perpend.,PERP_14,PERP,,0.000,,0.000,0.250,,CYL_14/PL_INS_14 - C-Zone - Nominal
Distance,H_11,Z,0.129,-0.000,0.130,0.000,0.300,,CIR_INS_11 - PL_PLAST_INS_11 / CS_D_BF
Distance,H_12,Z,0.145,-0.000,0.145,0.000,0.300,,CIR_INS_12 - PL_PLAST_INS_12 / CS_D_BF
Distance,H_13,Z,0.109,-0.000,0.109,0.000,0.300,,CIR_INS_13 - PL_PLAST_INS_13 / CS_D_BF
Distance,H_14,Z,0.146,-0.000,0.146,0.000,0.300,,CIR_INS_14 - PL_PLAST_INS_14 / CS_D_BF
Flatness,FLATNESS_D,FLTN,0.594,0.000,0.594,0.000,0.500,0.094,PL_DATUM_D
Profile of Line,PROFILE_SURFACE_D,PRFL,1.517,0.000,1.517,0.000,4.000,,SECTION_D
Paral.,PERP_INS_11,PARA,0.027,0.000,0.027,0.000,0.250,,PL_INS_11/PL_PLAST_INS_11 - P-Zone - Cloud of Points 
Paral.,PERP_INS_12,PARA,0.104,0.000,0.104,0.000,0.250,,PL_INS_12/PL_PLAST_INS_12 - P-Zone - Cloud of Points 
Paral.,PERP_INS_13,PARA,0.127,0.000,0.127,0.000,0.250,,PL_INS_13/PL_PLAST_INS_13 - P-Zone - Cloud of Points 
Paral.,PERP_INS_14,PARA,0.194,0.000,0.194,0.000,0.250,,PL_INS_14/PL_PLAST_INS_14 - P-Zone - Cloud of Points 
Distance,PROF_11_D,Z,0.659,0.650,0.009,-0.500,0.500,,CIR_INS_11 - PL_DATUM_D / CS_D_BF
Distance,PROF_12_D,Z,0.631,0.650,-0.019,-0.500,0.500,,CIR_INS_12 - PL_DATUM_D / CS_D_BF
Distance,PROF_13_D,Z,0.295,0.650,-0.355,-0.500,0.500,,CIR_INS_13 - PL_DATUM_D / CS_D_BF
Distance,PROF_14_D,Z,1.045,0.650,0.395,-0.500,0.500,,CIR_INS_14 - PL_DATUM_D / CS_D_BF
Distance,WIDTH_TBA_1,D1,3.233,3.250,-0.017,-0.150,0.150,,0W2.5_1.1 - IW2.5_1.1 / CS_D_BF
Distance,WIDTH_TBA_2,D1,3.185,3.250,-0.065,-0.150,0.150,,0W2.5_1.2 - IW2.5_1.2 / CS_D_BF
Distance,WIDTH_TBA_3,D1,3.220,3.250,-0.030,-0.150,0.150,,0W2.5_1.3 - IW2.5_1.3 / CS_D_BF
Distance,WIDTH_TBA_4,D1,3.234,3.250,-0.016,-0.150,0.150,,0W2.5_1.4 - IW2.5_1.4 / CS_D_BF
Distance,WIDTH_TBA_5,D1,3.229,3.250,-0.021,-0.150,0.150,,0W2.5_1.5 - IW2.5_1.5 / CS_D_BF
Distance,WIDTH_TBA_6,D1,3.206,3.250,-0.044,-0.150,0.150,,0W2.5_1.6 - IW2.5_1.6 / CS_D_BF
Distance,WIDTH_TBA_7,D1,3.282,3.250,0.032,-0.150,0.150,,0W2.5_1.7 - IW2.5_1.7 / CS_D_BF
Distance,WIDTH_TBA_8,D1,3.281,3.250,0.031,-0.150,0.150,,0W2.5_1.8 - IW2.5_1.8 / CS_D_BF
Distance,DEPTH_TBA_1,D1,5.085,5.150,-0.065,-0.300,0.300,,TB_BOT_1.1 - PL_D / CS_D_BF
Distance,DEPTH_TBA_2,D1,5.120,5.150,-0.030,-0.300,0.300,,TB_BOT_1.2 - PL_D / CS_D_BF
Distance,DEPTH_TBA_3,D1,4.949,5.150,-0.201,-0.300,0.300,,TB_BOT_1.3 - PL_D / CS_D_BF
Distance,DEPTH_TBA_4,D1,5.043,5.150,-0.107,-0.300,0.300,,TB_BOT_1.4 - PL_D / CS_D_BF
Distance,DEPTH_TBA_5,D1,5.221,5.150,0.071,-0.300,0.300,,TB_BOT_1.5 - PL_D / CS_D_BF
Distance,DEPTH_TBA_6,D1,5.182,5.150,0.032,-0.300,0.300,,TB_BOT_1.6 - PL_D / CS_D_BF
Distance,DEPTH_TBA_7,D1,5.279,5.150,0.129,-0.300,0.300,,TB_BOT_1.7 - PL_D / CS_D_BF
Distance,DEPTH_TBA_8,D1,5.411,5.150,0.261,-0.300,0.300,,TB_BOT_1.8 - PL_D / CS_D_BF
Profile of Line,PROFILE_TB_IW,PRFL,0.726,0.000,0.726,0.000,1.000,,SECTION_IW_TB
Profile of Line,PROFILE_TB_OW,PRFL,0.861,0.000,0.861,0.000,1.000,,SECTION_OW_TB
Circle,CIR_15,DIAM,12.223,12.170,0.053,-0.080,0.080,,Criterion : Least Square (From 20 Pts On PL_DATUM_H) 
Circle,CIR_15,X,166.169,167.324,-1.154,,,,
Circle,CIR_15,Y,163.394,162.970,0.424,,,,
Circle,CIR_15,Z,219.102,218.421,0.681,,,,
Pos. Tol.,POS_15,PTOL,2.812,0.000,2.812,0.000,3.600,,CIR_15/NOMINAL - CS_ABC_SURFACES_C - C-Zone - XYZ - Nominal
Circle,2D_CIR_16,X,23.670,23.540,0.130,,,,
Circle,2D_CIR_16,Y,0.000,0.000,0.000,,,,
Pos. Tol.,POS_2D_16,PTOL,0.261,0.000,0.261,0.000,0.500,,2D_CIR_16/NOMINAL - CS_HJ - C-Zone - XY - Nominal
Circle,CIR_17,DIAM,6.091,6.000,0.091,-0.250,0.250,,Criterion : Least Square (From 8 Pts On PL_PLAST_17) 
Circle,CIR_17,X,287.632,287.000,0.632,,,,
Circle,CIR_17,Y,102.333,103.210,-0.877,,,,
Circle,CIR_17,Z,66.288,66.000,0.288,,,,
Pos. Tol.,POS_17,PTOL,1.389,0.000,1.389,0.000,3.000,,CIR_17/NOMINAL - CS_ABC_SURFACES_C - C-Zone - XZ - Nominal
Circle,CIR_18,DIAM,6.102,6.000,0.102,-0.250,0.250,,Criterion : Least Square (From 6 Pts On PL_PLAST_18) 
Circle,CIR_18,X,227.468,226.330,1.138,,,,
Circle,CIR_18,Y,114.672,115.710,-1.038,,,,
Circle,CIR_18,Z,-136.070,-136.000,-0.070,,,,
Pos. Tol.,POS_18,PTOL,2.280,0.000,2.280,0.000,3.000,,CIR_18/NOMINAL - CS_ABC_SURFACES_C - C-Zone - XZ - Nominal
Circle,CIR_19,DIAM,12.066,12.050,0.016,-0.080,0.080,,Criterion : Least Square (From 20 Pts On PL_DATUM_F) 
Circle,CIR_19,X,181.519,179.990,1.528,,,,
Circle,CIR_19,Y,200.605,201.240,-0.635,,,,
Circle,CIR_19,Z,-80.337,-81.262,0.924,,,,
Pos. Tol.,POS_19,PTOL,3.573,0.000,3.573,0.000,3.000,0.573,CIR_19/NOMINAL - CS_ABC_SURFACES_C - C-Zone - XZ - Nominal
Circle,2D_CIR_20,DIAM,4.863,4.700,0.163,-0.100,0.100,0.063,
Circle,2D_CIR_20,X,-17.589,-17.500,-0.089,,,,
Circle,2D_CIR_20,Z,0.000,0.000,0.000,,,,
Pos. Tol.,POS_2D_20,PTOL,0.179,0.000,0.179,0.000,0.500,,2D_CIR_20/NOMINAL - CS_FG - C-Zone - XZ - Nominal
Circle,CIR_21,DIAM,4.921,4.820,0.101,-0.100,0.100,0.001,Criterion : Least Square (From 8 Pts On PL_PLAST_21) 
Circle,CIR_21,X,147.725,146.000,1.725,,,,
Circle,CIR_21,Y,215.671,216.210,-0.539,,,,
Circle,CIR_21,Z,-7.837,-8.500,0.663,,,,
Pos. Tol.,POS_21,PTOL,3.696,0.000,3.696,0.000,3.000,0.696,CIR_21/NOMINAL - CS_ABC_SURFACES_C - C-Zone - XZ - Nominal
Circle,CIR_22,DIAM,4.872,5.000,-0.128,-0.100,0.100,-0.028,Criterion : Least Square (From 8 Pts On PL_PLAST_22) 
Circle,CIR_22,X,-46.800,-48.500,1.700,,,,
Circle,CIR_22,Y,76.238,76.158,0.080,,,,
Circle,CIR_22,Z,105.542,105.000,0.542,,,,
Pos. Tol.,POS_22,PTOL,3.569,0.000,3.569,0.000,3.000,0.569,CIR_22/NOMINAL - CS_ABC_SURFACES_C - C-Zone - XZ - Nominal
Circle,CIR_23,DIAM,4.861,5.000,-0.139,-0.100,0.100,-0.039,Criterion : Least Square (From 8 Pts On PL_PLAST_23) 
Circle,CIR_23,X,-47.581,-48.500,0.919,,,,
Circle,CIR_23,Y,76.119,76.158,-0.039,,,,
Circle,CIR_23,Z,-106.478,-107.000,0.522,,,,
Pos. Tol.,POS_23,PTOL,2.115,0.000,2.115,0.000,3.000,,CIR_23/NOMINAL - CS_ABC_SURFACES_C - C-Zone - XZ - Nominal
Circle,CIR_24,X,7.877,6.900,0.977,,,,Criterion : Least Square (From 4 Pts On PL_INS_24) 
Circle,CIR_24,Y,170.640,170.150,0.490,,,,
Circle,CIR_24,Z,75.369,74.720,0.648,,,,
Pos. Tol.,POS_24,PTOL,2.346,0.000,2.346,0.000,3.000,,CIR_24/NOMINAL - CS_ABC_SURFACES_C - C-Zone - XZ - Nominal
Circle,CIR_25,X,7.729,6.900,0.829,,,,Criterion : Least Square (From 6 Pts On PL_INS_25) 
Circle,CIR_25,Y,170.704,170.150,0.554,,,,
Circle,CIR_25,Z,-140.444,-141.050,0.605,,,,
Pos. Tol.,POS_25,PTOL,2.054,0.000,2.054,0.000,3.000,,CIR_25/NOMINAL - CS_ABC_SURFACES_C - C-Zone - XZ - Nominal
Slot,SLOT_26,LEN,13.153,13.000,0.153,-0.250,0.250,,Criterion : Least Square (From 16 Pts On PL_PLAST_26) 
Slot,SLOT_26,WID,6.588,6.500,0.088,-0.250,0.250,,
Slot,SLOT_26,X,132.514,131.300,1.214,,,,
Slot,SLOT_26,Y,153.631,153.910,-0.280,,,,
Slot,SLOT_26,Z,-210.782,-211.400,0.618,,,,
Pos. Tol.,POS_26,PTOL,2.725,0.000,2.725,0.000,3.000,,SLOT_26/NOMINAL - CS_ABC_SURFACES_C - C-Zone - XZ - Nominal
Distance,H_16,Z,0.172,0.000,0.172,0.000,0.300,,2D_CIR_16 - PL_PLAST_16 / CS_HJ
Distance,PROF_17,Y,102.333,103.210,-0.877,-1.500,1.500,,CIR_17 - ORIGIN / CS_ABC_FIXTURE
Distance,PROF_18,Y,114.672,115.710,-1.038,-1.500,1.500,,CIR_18 - ORIGIN / CS_ABC_FIXTURE
Distance,H_24,Y,-0.031,0.150,-0.181,-0.150,0.150,-0.031,CIR_24 - PL_PLAST_24 / CS_ABC_SURFACES_C
Distance,H_25,Y,0.263,0.150,0.113,-0.150,0.150,,CIR_25 - PL_PLAST_25 / CS_ABC_SURFACES_C
