Feat. Type,Feat. Name,Value,Actual,Nominal,Dev.,Tol-,Tol+,Out of Tol.,Comment
Text/Value,VAR_PROGRAM,VAL,,,,,,,'N:\Metrolog XG\Programmes\GM Impala\GM Impala Complete Module 18.gm2'
Text/Value,VAR_EVENEMENT,VAL,,,,,,,'FIP-08599 imm, CMM 1'
Text/Value,VAR_COMMENTAIRES,VAL,,,,,,,'344 B'
Flatness,FLTN_DATUM_A,FLTN,0.291,0.000,0.291,0.000,0.500,,PL_SRF_A
Circle,CIR_B,DIAM,9.887,9.900,-0.013,-0.100,0.100,,Criterion : Least Square (From 4 Pts On PL_FIXTURE) 
Circle,CIR_B,X,0.082,0.000,0.082,,,,
Circle,CIR_B,Z,0.192,0.000,0.192,,,,
Pos. Tol.,POS_B,PTOL,0.417,0.000,0.417,0.000,0.800,,CIR_B/NOMINAL - CS_PORTS_BF - C-Zone - XZ - Nominal
Distance,DIAMETRE_C,D1,9.814,9.850,-0.036,-0.100,0.100,,SRF_C_LH - SRF_C_RH / CS_PORTS_BF
Point,PNT_C_PRJ_FIXT,X,-56.864,-57.001,0.137,,,,Proj. PNT_MID_C / PL_FIXTURE.
Point,PNT_C_PRJ_FIXT,Z,166.024,166.021,0.003,,,,
Pos. Tol.,POS_C,PTOL,0.273,0.000,0.273,0.000,1.000,,PNT_MID_C/NOMINAL - CS_PORTS_BF - C-Zone - XZ - Nominal
Circle,CIR1,X,-56.971,-57.000,0.029,,,,From 4 Pts On PL_FIXTURE
Circle,CIR1,Z,246.590,246.500,0.090,,,,
Pos. Tol.,POS_1,PTOL,0.188,0.000,0.188,0.000,1.500,,CIR1/NOMINAL - CS_PORTS_BF - C-Zone - XZ - Nominal
Circle,CIR2,X,-56.850,-57.000,0.150,,,,From 4 Pts On PL_FIXTURE
Circle,CIR2,Z,143.487,143.500,-0.013,,,,
Pos. Tol.,POS_2,PTOL,0.301,0.000,0.301,0.000,1.500,,CIR2/NOMINAL - CS_PORTS_BF - C-Zone - XZ - Nominal
Circle,CIR3,X,-56.779,-57.000,0.221,,,,From 4 Pts On PL_FIXTURE
Circle,CIR3,Z,40.425,40.500,-0.075,,,,
Pos. Tol.,POS_3,PTOL,0.466,0.000,0.466,0.000,1.500,,CIR3/NOMINAL - CS_PORTS_BF - C-Zone - XZ - Nominal
Circle,CIR4,X,52.994,53.000,-0.006,,,,From 4 Pts On PL_FIXTURE
Circle,CIR4,Z,-68.683,-68.500,-0.183,,,,
Pos. Tol.,POS_4,PTOL,0.367,0.000,0.367,0.000,1.500,,CIR4/NOMINAL - CS_PORTS_BF - C-Zone - XZ - Nominal
Circle,CIR5,X,52.827,53.000,-0.173,,,,From 4 Pts On PL_FIXTURE
Circle,CIR5,Z,34.454,34.500,-0.046,,,,
Pos. Tol.,POS_5,PTOL,0.357,0.000,0.357,0.000,1.500,,CIR5/NOMINAL - CS_PORTS_BF - C-Zone - XZ - Nominal
Circle,CIR6,X,53.094,53.000,0.094,,,,From 4 Pts On PL_FIXTURE
Circle,CIR6,Z,137.507,137.500,0.007,,,,
Pos. Tol.,POS_6,PTOL,0.188,0.000,0.188,0.000,1.500,,CIR6/NOMINAL - CS_PORTS_BF - C-Zone - XZ - Nominal
Profile of Line,PROF_INSIDE_OP1,PRFL,0.962,0.000,0.962,0.000,1.000,,OP1_SRF_INSIDE_PORT
Profile of Line,PROF_INSIDE_OP2,PRFL,0.865,0.000,0.865,0.000,1.000,,OP2_SRF_INSIDE_PORT
Profile of Line,PROF_INSIDE_OP3,PRFL,0.874,0.000,0.874,0.000,1.000,,OP3_SRF_INSIDE_PORT
Profile of Line,PROF_INSIDE_OP4,PRFL,0.796,0.000,0.796,0.000,1.000,,OP4_SRF_INSIDE_PORT
Profile of Line,PROF_INSIDE_OP5,PRFL,0.931,0.000,0.931,0.000,1.000,,OP5_SRF_INSIDE_PORT
Profile of Line,PROF_INSIDE_OP6,PRFL,0.792,0.000,0.792,0.000,1.000,,OP6_SRF_INSIDE_PORT
Profile of Line,PROF_IW_OP1,PRFL,0.232,0.000,0.232,0.000,1.000,,OP1_SRF_INNER_WALL
Profile of Line,PROF_IW_OP2,PRFL,0.141,0.000,0.141,0.000,1.000,,OP2_SRF_INNER_WALL
Profile of Line,PROF_IW_OP3,PRFL,0.368,0.000,0.368,0.000,1.000,,OP3_SRF_INNER_WALL
Profile of Line,PROF_IW_OP4,PRFL,0.128,0.000,0.128,0.000,1.000,,OP4_SRF_INNER_WALL
Profile of Line,PROF_IW_OP5,PRFL,0.252,0.000,0.252,0.000,1.000,,OP5_SRF_INNER_WALL
Profile of Line,PROF_IW_OP6,PRFL,0.333,0.000,0.333,0.000,1.000,,OP6_SRF_INNER_WALL
Profile of Line,PROF_OW_OP1,PRFL,0.211,0.000,0.211,0.000,1.000,,OP1_SRF_OUTTER_WALL
Profile of Line,PROF_OW_OP2,PRFL,0.160,0.000,0.160,0.000,1.000,,OP2_SRF_OUTTER_WALL
Profile of Line,PROF_OW_OP3,PRFL,0.376,0.000,0.376,0.000,1.000,,OP3_SRF_OUTTER_WALL
Profile of Line,PROF_OW_OP4,PRFL,0.224,0.000,0.224,0.000,1.000,,OP4_SRF_OUTTER_WALL
Profile of Line,PROF_OW_OP5,PRFL,0.244,0.000,0.244,0.000,1.000,,OP5_SRF_OUTTER_WALL
Profile of Line,PROF_OW_OP6,PRFL,0.394,0.000,0.394,0.000,1.000,,OP6_SRF_OUTTER_WALL
Distance,OP1_WIDTH_1,D1,3.002,3.000,0.002,-0.150,0.150,,OP1_P2 - OP1_P6 / OP1_CS
Distance,OP1_WIDTH_2,D1,2.986,3.000,-0.014,-0.150,0.150,,OP1_P10 - OP1_P14 / OP1_CS
Distance,OP1_WIDTH_3,D1,2.996,3.000,-0.004,-0.150,0.150,,OP1_P18 - OP1_P22 / OP1_CS
Distance,OP1_WIDTH_4,D1,2.971,3.000,-0.029,-0.150,0.150,,OP1_P26 - OP1_P30 / OP1_CS
Distance,OP1_WIDTH_5,D1,2.933,3.000,-0.067,-0.150,0.150,,OP1_P34 - OP1_P38 / OP1_CS
Distance,OP1_WIDTH_6,D1,2.965,3.000,-0.035,-0.150,0.150,,OP1_P42 - OP1_P46 / OP1_CS
Distance,OP1_DEPTH_1,Y,4.982,5.000,-0.018,-0.150,0.150,,OP1_P4 - PL_FIXTURE / OP1_CS
Distance,OP1_DEPTH_2,Y,4.982,5.000,-0.018,-0.150,0.150,,OP1_P12 - PL_FIXTURE / OP1_CS
Distance,OP1_DEPTH_3,Y,5.073,5.000,0.073,-0.150,0.150,,OP1_P20 - PL_FIXTURE / OP1_CS
Distance,OP1_DEPTH_4,Y,4.961,5.000,-0.039,-0.150,0.150,,OP1_P28 - PL_FIXTURE / OP1_CS
Distance,OP1_DEPTH_5,Y,4.969,5.000,-0.031,-0.150,0.150,,OP1_P36 - PL_FIXTURE / OP1_CS
Distance,OP1_DEPTH_6,Y,5.031,5.000,0.031,-0.150,0.150,,OP1_P44 - PL_FIXTURE / OP1_CS
Distance,OP2_WIDTH_1,D1,2.953,3.000,-0.047,-0.150,0.150,,OP2_P2 - OP2_P6 / OP2_CS
Distance,OP2_WIDTH_2,D1,2.928,3.000,-0.072,-0.150,0.150,,OP2_P10 - OP2_P14 / OP2_CS
Distance,OP2_WIDTH_3,D1,2.998,3.000,-0.002,-0.150,0.150,,OP2_P18 - OP2_P22 / OP2_CS
Distance,OP2_WIDTH_4,D1,2.898,3.000,-0.102,-0.150,0.150,,OP2_P26 - OP2_P30 / OP2_CS
Distance,OP2_WIDTH_5,D1,2.920,3.000,-0.080,-0.150,0.150,,OP2_P34 - OP2_P38 / OP2_CS
Distance,OP2_WIDTH_6,D1,2.987,3.000,-0.013,-0.150,0.150,,OP2_P42 - OP2_P46 / OP2_CS
Distance,OP2_DEPTH_1,Y,5.027,5.000,0.027,-0.150,0.150,,OP2_P4 - PL_FIXTURE / OP2_CS
Distance,OP2_DEPTH_2,Y,4.982,5.000,-0.018,-0.150,0.150,,OP2_P12 - PL_FIXTURE / OP2_CS
Distance,OP2_DEPTH_3,Y,4.980,5.000,-0.020,-0.150,0.150,,OP2_P20 - PL_FIXTURE / OP2_CS
Distance,OP2_DEPTH_4,Y,4.974,5.000,-0.026,-0.150,0.150,,OP2_P28 - PL_FIXTURE / OP2_CS
Distance,OP2_DEPTH_5,Y,4.979,5.000,-0.021,-0.150,0.150,,OP2_P36 - PL_FIXTURE / OP2_CS
Distance,OP2_DEPTH_6,Y,5.060,5.000,0.060,-0.150,0.150,,OP2_P44 - PL_FIXTURE / OP2_CS
Distance,OP3_WIDTH_1,D1,2.961,3.000,-0.039,-0.150,0.150,,OP3_P2 - OP3_P6 / OP3_CS
Distance,OP3_WIDTH_2,D1,3.024,3.000,0.024,-0.150,0.150,,OP3_P10 - OP3_P14 / OP3_CS
Distance,OP3_WIDTH_3,D1,3.066,3.000,0.066,-0.150,0.150,,OP3_P18 - OP3_P22 / OP3_CS
Distance,OP3_WIDTH_4,D1,2.917,3.000,-0.083,-0.150,0.150,,OP3_P26 - OP3_P30 / OP3_CS
Distance,OP3_WIDTH_5,D1,2.948,3.000,-0.052,-0.150,0.150,,OP3_P34 - OP3_P38 / OP3_CS
Distance,OP3_WIDTH_6,D1,3.022,3.000,0.022,-0.150,0.150,,OP3_P42 - OP3_P46 / OP3_CS
Distance,OP3_DEPTH_1,Y,5.036,5.000,0.036,-0.150,0.150,,OP3_P4 - PL_FIXTURE / OP3_CS
Distance,OP3_DEPTH_2,Y,4.990,5.000,-0.010,-0.150,0.150,,OP3_P12 - PL_FIXTURE / OP3_CS
Distance,OP3_DEPTH_3,Y,4.954,5.000,-0.046,-0.150,0.150,,OP3_P20 - PL_FIXTURE / OP3_CS
Distance,OP3_DEPTH_4,Y,4.860,4.900,-0.040,-0.175,0.125,,OP3_P28 - PL_FIXTURE / OP3_CS
Distance,OP3_DEPTH_5,Y,4.951,5.000,-0.049,-0.150,0.150,,OP3_P36 - PL_FIXTURE / OP3_CS
Distance,OP3_DEPTH_6,Y,5.050,5.000,0.050,-0.150,0.150,,OP3_P44 - PL_FIXTURE / OP3_CS
Distance,OP4_WIDTH_1,D1,2.942,3.000,-0.058,-0.150,0.150,,OP4_P2 - OP4_P6 / OP4_CS
Distance,OP4_WIDTH_2,D1,2.947,3.000,-0.053,-0.150,0.150,,OP4_P10 - OP4_P14 / OP4_CS
Distance,OP4_WIDTH_3,D1,2.888,3.000,-0.112,-0.150,0.150,,OP4_P18 - OP4_P22 / OP4_CS
Distance,OP4_WIDTH_4,D1,2.929,3.000,-0.071,-0.150,0.150,,OP4_P26 - OP4_P30 / OP4_CS
Distance,OP4_WIDTH_5,D1,2.909,3.000,-0.091,-0.150,0.150,,OP4_P34 - OP4_P38 / OP4_CS
Distance,OP4_WIDTH_6,D1,2.997,3.000,-0.003,-0.150,0.150,,OP4_P42 - OP4_P46 / OP4_CS
Distance,OP4_DEPTH_1,Y,4.993,5.000,-0.007,-0.150,0.150,,OP4_P4 - PL_FIXTURE / OP4_CS
Distance,OP4_DEPTH_2,Y,4.937,5.000,-0.063,-0.150,0.150,,OP4_P12 - PL_FIXTURE / OP4_CS
Distance,OP4_DEPTH_3,Y,4.914,5.000,-0.086,-0.150,0.150,,OP4_P20 - PL_FIXTURE / OP4_CS
Distance,OP4_DEPTH_4,Y,4.851,5.000,-0.149,-0.175,0.125,,OP4_P28 - PL_FIXTURE / OP4_CS
Distance,OP4_DEPTH_5,Y,4.964,5.000,-0.036,-0.150,0.150,,OP4_P36 - PL_FIXTURE / OP4_CS
Distance,OP4_DEPTH_6,Y,5.031,5.000,0.031,-0.150,0.150,,OP4_P44 - PL_FIXTURE / OP4_CS
Distance,OP5_WIDTH_1,D1,2.972,3.000,-0.028,-0.150,0.150,,OP5_P2 - OP5_P6 / OP5_CS
Distance,OP5_WIDTH_2,D1,2.969,3.000,-0.031,-0.150,0.150,,OP5_P10 - OP5_P14 / OP5_CS
Distance,OP5_WIDTH_3,D1,2.918,3.000,-0.082,-0.150,0.150,,OP5_P18 - OP5_P22 / OP5_CS
Distance,OP5_WIDTH_4,D1,2.876,3.000,-0.124,-0.150,0.150,,OP5_P26 - OP5_P30 / OP5_CS
Distance,OP5_WIDTH_5,D1,2.952,3.000,-0.048,-0.150,0.150,,OP5_P34 - OP5_P38 / OP5_CS
Distance,OP5_WIDTH_6,D1,2.962,3.000,-0.038,-0.150,0.150,,OP5_P42 - OP5_P46 / OP5_CS
Distance,OP5_DEPTH_1,Y,4.987,5.000,-0.013,-0.150,0.150,,OP5_P4 - PL_FIXTURE / OP5_CS
Distance,OP5_DEPTH_2,Y,4.903,5.000,-0.097,-0.150,0.150,,OP5_P12 - PL_FIXTURE / OP5_CS
Distance,OP5_DEPTH_3,Y,5.009,5.000,0.009,-0.150,0.150,,OP5_P20 - PL_FIXTURE / OP5_CS
Distance,OP5_DEPTH_4,Y,4.961,5.000,-0.039,-0.150,0.150,,OP5_P28 - PL_FIXTURE / OP5_CS
Distance,OP5_DEPTH_5,Y,5.023,5.000,0.023,-0.150,0.150,,OP5_P36 - PL_FIXTURE / OP5_CS
Distance,OP5_DEPTH_6,Y,5.048,5.000,0.048,-0.150,0.150,,OP5_P44 - PL_FIXTURE / OP5_CS
Distance,OP6_WIDTH_1,D1,2.974,3.000,-0.026,-0.150,0.150,,OP6_P2 - OP6_P6 / OP6_CS
Distance,OP6_WIDTH_2,D1,2.965,3.000,-0.035,-0.150,0.150,,OP6_P10 - OP6_P14 / OP6_CS
Distance,OP6_WIDTH_3,D1,2.926,3.000,-0.074,-0.150,0.150,,OP6_P18 - OP6_P22 / OP6_CS
Distance,OP6_WIDTH_4,D1,2.922,3.000,-0.078,-0.150,0.150,,OP6_P26 - OP6_P30 / OP6_CS
Distance,OP6_WIDTH_5,D1,2.948,3.000,-0.052,-0.150,0.150,,OP6_P34 - OP6_P38 / OP6_CS
Distance,OP6_WIDTH_6,D1,2.979,3.000,-0.021,-0.150,0.150,,OP6_P42 - OP6_P46 / OP6_CS
Distance,OP6_DEPTH_1,Y,5.011,5.000,0.011,-0.150,0.150,,OP6_P4 - PL_FIXTURE / OP6_CS
Distance,OP6_DEPTH_2,Y,4.985,5.000,-0.015,-0.150,0.150,,OP6_P12 - PL_FIXTURE / OP6_CS
Distance,OP6_DEPTH_3,Y,5.117,5.000,0.117,-0.150,0.150,,OP6_P20 - PL_FIXTURE / OP6_CS
Distance,OP6_DEPTH_4,Y,4.970,5.000,-0.030,-0.150,0.150,,OP6_P28 - PL_FIXTURE / OP6_CS
Distance,OP6_DEPTH_5,Y,5.007,5.000,0.007,-0.150,0.150,,OP6_P36 - PL_FIXTURE / OP6_CS
Distance,OP6_DEPTH_6,Y,5.019,5.000,0.019,-0.150,0.150,,OP6_P44 - PL_FIXTURE / OP6_CS
Circle,CIR_A,DIAM,77.321,77.000,0.321,-1.000,1.000,,Criterion : Least Square (From 12 Pts On PL_D) 
Circle,CIR_A,X,42.120,43.180,-1.060,,,,
Circle,CIR_A,Y,69.809,69.100,0.709,,,,
Circle,CIR_A,Z,342.056,342.540,-0.484,,,,
Pos. Tol.,POS_A,PTOL,2.728,0.000,2.728,0.000,4.500,,CIR_A/NOMINAL - CS_PORTS_BF - C-Zone - XYZ - Nominal
Circle,CIR_INS_1,X,8.518,9.352,-0.834,,,,Criterion : Least Square (From 6 Pts On PL_INS_1) 
Circle,CIR_INS_1,Y,97.221,97.138,0.083,,,,
Circle,CIR_INS_1,Z,313.005,313.938,-0.934,,,,
Pos. Tol.,POS_INS_1,PTOL,2.510,0.000,2.510,0.000,4.500,,CIR_INS_1/NOMINAL - CS_PORTS_BF - C-Zone - XYZ - Nominal
Circle,CIR_INS_2,X,22.471,23.095,-0.624,,,,Criterion : Least Square (From 6 Pts On PL_INS_2) 
Circle,CIR_INS_2,Y,36.485,36.060,0.425,,,,
Circle,CIR_INS_2,Z,306.827,306.891,-0.064,,,,
Pos. Tol.,POS_INS_2,PTOL,1.515,0.000,1.515,0.000,4.500,,CIR_INS_2/NOMINAL - CS_PORTS_BF - C-Zone - XYZ - Nominal
Circle,CIR_INS_3,X,75.919,77.004,-1.085,,,,Criterion : Least Square (From 6 Pts On PL_INS_3) 
Circle,CIR_INS_3,Y,42.327,40.776,1.550,,,,
Circle,CIR_INS_3,Z,371.431,371.137,0.295,,,,
Pos. Tol.,POS_INS_3,PTOL,3.830,0.000,3.830,0.000,4.500,,CIR_INS_3/NOMINAL - CS_PORTS_BF - C-Zone - XYZ - Nominal
Circle,CIR_INS_4,X,61.961,63.261,-1.300,,,,Criterion : Least Square (From 6 Pts On PL_INS_4) 
Circle,CIR_INS_4,Y,103.208,101.854,1.354,,,,
Circle,CIR_INS_4,Z,377.438,378.185,-0.746,,,,
Pos. Tol.,POS_INS_4,PTOL,4.039,0.000,4.039,0.000,4.500,,CIR_INS_4/NOMINAL - CS_PORTS_BF - C-Zone - XYZ - Nominal
Circle,2D_CIR_INS_1,Y,-31.292,-31.500,0.208,,,,
Circle,2D_CIR_INS_1,Z,-41.937,-42.000,0.063,,,,
Pos. Tol.,POS_2D_INS_1,PTOL,0.435,0.000,0.435,0.000,0.800,,2D_CIR_INS_1/NOMINAL - CS_E_BF - C-Zone - YZ - Nominal
Circle,2D_CIR_INS_2,Y,31.331,31.500,-0.169,,,,
Circle,2D_CIR_INS_2,Z,-42.052,-42.000,-0.052,,,,
Pos. Tol.,POS_2D_INS_2,PTOL,0.353,0.000,0.353,0.000,0.800,,2D_CIR_INS_2/NOMINAL - CS_E_BF - C-Zone - YZ - Nominal
Circle,2D_CIR_INS_3,Y,31.355,31.500,-0.145,,,,
Circle,2D_CIR_INS_3,Z,41.999,42.000,-0.001,,,,
Pos. Tol.,POS_2D_INS_3,PTOL,0.291,0.000,0.291,0.000,0.800,,2D_CIR_INS_3/NOMINAL - CS_E_BF - C-Zone - YZ - Nominal
Circle,2D_CIR_INS_4,Y,-31.394,-31.500,0.106,,,,
Circle,2D_CIR_INS_4,Z,41.990,42.000,-0.010,,,,
Pos. Tol.,POS_2D_INS_4,PTOL,0.213,0.000,0.213,0.000,0.800,,2D_CIR_INS_4/NOMINAL - CS_E_BF - C-Zone - YZ - Nominal
Distance,H_1,X,0.198,0.000,0.198,0.000,0.500,,CIR_INS_1 - PL_PLAST_INS_1 / CS_E_BF
Distance,H_2,X,0.199,-0.000,0.199,0.000,0.500,,CIR_INS_2 - PL_PLAST_INS_2 / CS_E_BF
Distance,H_3,X,0.190,0.000,0.190,0.000,0.500,,CIR_INS_3 - PL_PLAST_INS_3 / CS_E_BF
Distance,H_4,X,0.304,-0.000,0.304,0.000,0.500,,CIR_INS_4 - PL_PLAST_INS_4 / CS_E_BF
Flatness,FLAT_D,FLTN,0.199,0.000,0.199,0.000,0.500,,PL_D
Distance,WIDTH_TB1,D1,3.151,3.000,0.151,-0.150,0.150,0.001,P0W2.5_1.1 - PIW2.5_1.1 / CS_A_INS_1
Distance,WIDTH_TB2,D1,3.026,3.000,0.026,-0.150,0.150,,P0W2.5_1.2 - PIW2.5_1.2 / CS_A_INS_1
Distance,WIDTH_TB3,D1,3.043,3.000,0.043,-0.150,0.150,,P0W2.5_1.3 - PIW2.5_1.3 / CS_A_INS_1
Distance,WIDTH_TB4,D1,3.076,3.000,0.076,-0.150,0.150,,P0W2.5_1.4 - PIW2.5_1.4 / CS_A_INS_1
Distance,WIDTH_TB5,D1,3.039,3.000,0.039,-0.150,0.150,,P0W2.5_1.5 - PIW2.5_1.5 / CS_A_INS_1
Distance,WIDTH_TB6,D1,2.943,3.000,-0.057,-0.150,0.150,,P0W2.5_1.6 - PIW2.5_1.6 / CS_A_INS_1
Distance,WIDTH_TB7,D1,2.967,3.000,-0.033,-0.150,0.150,,P0W2.5_1.7 - PIW2.5_1.7 / CS_A_INS_1
Distance,WIDTH_TB8,D1,3.065,3.000,0.065,-0.150,0.150,,P0W2.5_1.8 - PIW2.5_1.8 / CS_A_INS_1
Distance,WIDTH_TB9,D1,3.051,3.000,0.051,-0.150,0.150,,P0W2.5_1.9 - PIW2.5_1.9 / CS_A_INS_1
Distance,WIDTH_TB10,D1,2.977,3.000,-0.023,-0.150,0.150,,P0W2.5_1.10 - PIW2.5_1.10 / CS_A_INS_1
Distance,WIDTH_TB11,D1,3.008,3.000,0.008,-0.150,0.150,,P0W2.5_1.11 - PIW2.5_1.11 / CS_A_INS_1
Distance,WIDTH_TB12,D1,3.107,3.000,0.107,-0.150,0.150,,P0W2.5_1.12 - PIW2.5_1.12 / CS_A_INS_1
Distance,WIDTH_TB13,D1,3.073,3.000,0.073,-0.150,0.150,,P0W2.5_1.13 - PIW2.5_1.13 / CS_A_INS_1
Distance,WIDTH_TB14,D1,2.991,3.000,-0.009,-0.150,0.150,,P0W2.5_1.14 - PIW2.5_1.14 / CS_A_INS_1
Distance,WIDTH_TB15,D1,2.980,3.000,-0.020,-0.150,0.150,,P0W2.5_1.15 - PIW2.5_1.15 / CS_A_INS_1
Distance,DEPTH_TB1,D1,4.977,5.000,-0.023,-0.350,0.350,,PTB_BOT_1.1 - PL_D / CS_A_INS_1
Distance,DEPTH_TB2,D1,4.987,5.000,-0.013,-0.350,0.350,,PTB_BOT_1.2 - PL_D / CS_A_INS_1
Distance,DEPTH_TB3,D1,4.961,5.000,-0.039,-0.350,0.350,,PTB_BOT_1.3 - PL_D / CS_A_INS_1
Distance,DEPTH_TB4,D1,4.892,5.000,-0.108,-0.350,0.350,,PTB_BOT_1.4 - PL_D / CS_A_INS_1
Distance,DEPTH_TB5,D1,4.816,5.000,-0.184,-0.350,0.350,,PTB_BOT_1.5 - PL_D / CS_A_INS_1
Distance,DEPTH_TB6,D1,5.021,5.000,0.021,-0.350,0.350,,PTB_BOT_1.6 - PL_D / CS_A_INS_1
Distance,DEPTH_TB7,D1,4.979,5.000,-0.021,-0.350,0.350,,PTB_BOT_1.7 - PL_D / CS_A_INS_1
Distance,DEPTH_TB8,D1,5.098,5.000,0.098,-0.350,0.350,,PTB_BOT_1.8 - PL_D / CS_A_INS_1
Distance,DEPTH_TB9,D1,5.092,5.000,0.092,-0.350,0.350,,PTB_BOT_1.9 - PL_D / CS_A_INS_1
Distance,DEPTH_TB10,D1,4.983,5.000,-0.017,-0.350,0.350,,PTB_BOT_1.10 - PL_D / CS_A_INS_1
Distance,DEPTH_TB11,D1,5.225,5.000,0.225,-0.350,0.350,,PTB_BOT_1.11 - PL_D / CS_A_INS_1
Distance,DEPTH_TB12,D1,5.320,5.000,0.320,-0.350,0.350,,PTB_BOT_1.12 - PL_D / CS_A_INS_1
Distance,DEPTH_TB13,D1,5.328,5.000,0.328,-0.350,0.350,,PTB_BOT_1.13 - PL_D / CS_A_INS_1
Distance,DEPTH_TB14,D1,5.223,5.000,0.223,-0.350,0.350,,PTB_BOT_1.14 - PL_D / CS_A_INS_1
Distance,DEPTH_TB15,D1,5.032,5.000,0.032,-0.350,0.350,,PTB_BOT_1.15 - PL_D / CS_A_INS_1
Circle,CIR_INS_5,X,34.412,34.689,-0.277,,,,Criterion : Least Square (From 6 Pts On PL_INS_5) 
Circle,CIR_INS_5,Y,61.527,61.770,-0.243,,,,
Circle,CIR_INS_5,Z,258.651,258.832,-0.182,,,,
Pos. Tol.,POS_INS_5,PTOL,0.822,0.000,0.822,0.000,3.500,,CIR_INS_5/NOMINAL - CS_PORTS_BF - C-Zone - XYZ - Nominal
Circle,2D_CIR_INS_5,X,23.537,23.500,0.037,,,,
Circle,2D_CIR_INS_5,Y,0.000,0.000,-0.000,,,,
Pos. Tol.,POS_2D_INS_5,PTOL,0.074,0.000,0.074,0.000,0.500,,2D_CIR_INS_5/NOMINAL - CS_KJ - C-Zone - XY - Nominal
Distance,H_5,Z,0.237,0.000,0.237,0.000,0.300,,CIR_INS_5 - PL_PLAST_INS_5 / CS_INS_5
Circle,CIR_PORT_B_9MM,DIAM,12.196,12.170,0.026,-0.080,0.080,,Criterion : Least Square (From 12 Pts On PL_PLAST_PORT_B) 
Circle,CIR_PORT_B_9MM,X,23.720,23.733,-0.013,,,,
Circle,CIR_PORT_B_9MM,Y,81.711,81.920,-0.209,,,,
Circle,CIR_PORT_B_9MM,Z,253.108,253.715,-0.607,,,,
Pos. Tol.,POS_PORT_B,PTOL,1.284,0.000,1.284,0.000,3.000,,CIR_PORT_B_9MM/NOMINAL - CS_PORTS_BF - C-Zone - XYZ - Nominal
Circle,CIR_SCREW_4,DIAM,4.822,4.800,0.022,-0.100,0.100,,Criterion : Least Square (From 6 Pts On PL_PLAST_PORT_C) 
Circle,CIR_SCREW_4,X,82.719,82.500,0.219,,,,
Circle,CIR_SCREW_4,Z,-75.111,-75.700,0.589,,,,
Pos. Tol.,POS_SCREW_4,PTOL,1.256,0.000,1.256,0.000,3.000,,CIR_SCREW_4/NOMINAL - CS_PORTS_BF - C-Zone - XZ - Nominal
Circle,2D_CIR_SCREW_4,X,-17.607,-17.500,-0.107,,,,
Circle,2D_CIR_SCREW_4,Z,-0.020,0.000,-0.020,,,,
Pos. Tol.,POS_2D_SCREW_4,PTOL,0.218,0.000,0.218,0.000,0.500,,2D_CIR_SCREW_4/NOMINAL - CS_HG - C-Zone - XZ - Nominal
Circle,CIR_PORT_C_6MM,DIAM,12.044,12.050,-0.006,-0.080,0.080,,Criterion : Least Square (From 12 Pts On PL_PLAST_PORT_C) 
Circle,CIR_PORT_C_6MM,X,100.299,100.000,0.299,,,,
Circle,CIR_PORT_C_6MM,Z,-74.586,-75.000,0.414,,,,
Pos. Tol.,POS_PORT_C,PTOL,1.022,0.000,1.022,0.000,3.000,,CIR_PORT_C_6MM/NOMINAL - CS_PORTS_BF - C-Zone - XZ - Nominal
Distance,PROF_PORT_C,Y,99.203,99.500,-0.297,-1.500,1.500,,CIR_PORT_C_6MM - ORIGIN / CS_ABC
Circle,CIR_INS_6,X,-56.637,-56.500,-0.137,,,,Criterion : Least Square (From 6 Pts On PL_INS_6) 
Circle,CIR_INS_6,Z,211.872,211.500,0.372,,,,
Pos. Tol.,POS_INS_6,PTOL,0.793,0.000,0.793,0.000,3.000,,CIR_INS_6/NOMINAL - CS_PORTS_BF - C-Zone - XZ - Nominal
Circle,CIR_INS_7,X,-56.141,-56.500,0.359,,,,Criterion : Least Square (From 6 Pts On PL_INS_7) 
Circle,CIR_INS_7,Z,6.187,5.500,0.687,,,,
Pos. Tol.,POS_INS_7,PTOL,1.550,0.000,1.550,0.000,3.000,,CIR_INS_7/NOMINAL - CS_PORTS_BF - C-Zone - XZ - Nominal
Circle,CIR_INS_8,X,58.042,58.608,-0.565,,,,Criterion : Least Square (From 6 Pts On PL_INS_8) 
Circle,CIR_INS_8,Z,-107.267,-107.383,0.116,,,,
Pos. Tol.,POS_INS_8,PTOL,1.154,0.000,1.154,0.000,2.000,,CIR_INS_8/NOMINAL - CS_PORTS_BF - C-Zone - XZ - Nominal
Circle,2D_CIR_INS_6,X,-0.000,0.000,0.000,,,,
Circle,2D_CIR_INS_6,Z,-0.157,0.000,-0.157,,,,
Pos. Tol.,POS_2D_INS_6,PTOL,0.314,0.000,0.314,0.000,1.250,,2D_CIR_INS_6/NOMINAL - CS_INS_6_7_BF - C-Zone - XZ - Nominal
Circle,2D_CIR_INS_7,X,0.000,0.000,0.000,,,,
Circle,2D_CIR_INS_7,Z,-205.843,-206.000,0.157,,,,
Pos. Tol.,POS_2D_INS_7,PTOL,0.314,0.000,0.314,0.000,1.250,,2D_CIR_INS_7/NOMINAL - CS_INS_6_7_BF - C-Zone - XZ - Nominal
Distance,H_6,Y,0.141,-0.000,0.141,0.000,0.500,,CIR_INS_6 - PL_PLAST_INS_6 / CS_INS_6
Distance,H_7,Y,0.299,0.000,0.299,0.000,0.500,,CIR_INS_7 - PL_PLAST_INS_7 / CS_INS_7
Distance,H_8,Y,0.299,-0.000,0.299,0.000,0.500,,CIR_INS_8 - PL_PLAST_INS_8 / CS_INS_8
Distance,PROF_INS_8,Y,46.837,46.700,0.137,-1.000,1.000,,CIR_INS_8 - ORIGIN / CS_ABC
Circle,CIR_PORT_D,DIAM,12.578,12.600,-0.022,-0.100,0.100,,Inters. PL_PORT_D - CYL_PORT_D.
Circle,CIR_PORT_D,Y,81.757,83.750,-1.993,,,,
Circle,CIR_PORT_D,Z,91.859,92.000,-0.141,,,,
Pos. Tol.,POS_PORT_D,PTOL,3.995,0.000,3.995,0.000,6.000,,CIR_PORT_D/NOMINAL - CS_PORTS_BF - C-Zone - YZ - Nominal
Distance,PROF_PORT_D,X,231.320,230.507,0.813,-1.000,1.000,,CIR_PORT_D - ORIGIN / CS_ABC
Circle,CIR_PORT_E,DIAM,18.586,18.600,-0.014,-0.100,0.100,,Criterion : Least Square (From 12 Pts On PL_PORT_E) 
Circle,CIR_PORT_E,Y,82.891,83.750,-0.859,,,,
Circle,CIR_PORT_E,Z,223.412,223.500,-0.088,,,,
Pos. Tol.,POS_PORT_E,PTOL,1.727,0.000,1.727,0.000,2.500,,CIR_PORT_E/NOMINAL - CS_PORTS_BF - C-Zone - YZ - Nominal
Profile of Line,PROF_PORT_E,PRFL,1.604,0.000,1.604,0.000,2.000,,SCT_PORT_E
