Feat. Type,Feat. Name,Value,Actual,Nominal,Dev.,Tol-,Tol+,Out of Tol.,Comment
Text/Value,VAR_PROGRAM,VAL,,,,,,,'N:\Metrolog XG\Programmes\Mercury Marine TigerShark\Mercury Marine TigerShark Complete (Module 51).gm2'
Text/Value,VAR_EVENEMENT,VAL,,,,,,,'Smed'
Text/Value,VAR_COMMENTAIRES,VAL,,,,,,,'334A'
Text/Value,PROF_A,VAL,0.200711,,,0.000000,0.500000,,
Circle,CIR_B,DIAM,8.342,8.400,-0.058,-0.100,0.100,,Criterion : Least Square (From 4 Pts On PL_FIXTURE) 
Circle,CIR_B,X,0.000,0.000,0.000,,,,
Circle,CIR_B,Z,0.000,0.000,0.000,,,,
Pos. Tol.,POS_B,PTOL,0.000,0.000,0.000,0.000,0.250,,CIR_B/NOMINAL - CS_ABC - C-Zone - XZ - Nominal
Circle,CIR_C,DIAM,7.823,7.900,-0.077,-0.100,0.100,,Criterion : Least Square (From 4 Pts On PL_FIXTURE) 
Circle,CIR_C,X,0.000,0.000,0.000,,,,
Circle,CIR_C,Z,-363.023,-362.800,-0.224,,,,
Pos. Tol.,POS_C,PTOL,0.447,0.000,0.447,0.000,0.500,,CIR_C/NOMINAL - CS_ABC - C-Zone - XZ - Nominal
Circle,CIR1,X,-45.128,-45.500,0.372,,,,From 4 Pts On PL_FIXTURE
Circle,CIR1,Z,4.735,4.600,0.135,,,,
Pos. Tol.,POS_1,PTOL,0.791,0.000,0.791,0.000,1.200,,CIR1/NOMINAL - CS_ABC - C-Zone - XZ - Nominal
Circle,CIR2,X,-45.027,-44.800,-0.227,,,,From 4 Pts On PL_FIXTURE
Circle,CIR2,Z,-89.461,-89.500,0.039,,,,
Pos. Tol.,POS_2,PTOL,0.461,0.000,0.461,0.000,1.200,,CIR2/NOMINAL - CS_ABC - C-Zone - XZ - Nominal
Circle,CIR3,X,-45.192,-44.800,-0.392,,,,From 4 Pts On PL_FIXTURE
Circle,CIR3,Z,-178.945,-179.000,0.055,,,,
Pos. Tol.,POS_3,PTOL,0.792,0.000,0.792,0.000,1.200,,CIR3/NOMINAL - CS_ABC - C-Zone - XZ - Nominal
Circle,CIR4,X,-39.937,-39.550,-0.386,,,,From 4 Pts On PL_FIXTURE
Circle,CIR4,Z,-269.072,-269.100,0.028,,,,
Pos. Tol.,POS_4,PTOL,0.775,0.000,0.775,0.000,1.200,,CIR4/NOMINAL - CS_ABC - C-Zone - XZ - Nominal
Circle,CIR5,X,-31.098,-31.300,0.202,,,,From 4 Pts On PL_FIXTURE
Circle,CIR5,Z,-365.868,-366.000,0.132,,,,
Pos. Tol.,POS_5,PTOL,0.483,0.000,0.483,0.000,1.200,,CIR5/NOMINAL - CS_ABC - C-Zone - XZ - Nominal
Circle,CIR6,X,2.850,3.200,-0.350,,,,From 4 Pts On PL_FIXTURE
Circle,CIR6,Z,-284.410,-284.500,0.090,,,,
Pos. Tol.,POS_6,PTOL,0.722,0.000,0.722,0.000,1.200,,CIR6/NOMINAL - CS_ABC - C-Zone - XZ - Nominal
Circle,CIR7,X,2.827,3.200,-0.373,,,,From 4 Pts On PL_FIXTURE
Circle,CIR7,Z,-187.525,-187.500,-0.025,,,,
Pos. Tol.,POS_7,PTOL,0.748,0.000,0.748,0.000,1.200,,CIR7/NOMINAL - CS_ABC - C-Zone - XZ - Nominal
Circle,CIR_8,X,2.850,3.200,-0.350,,,,From 4 Pts On PL_FIXTURE
Circle,CIR_8,Z,-89.636,-89.500,-0.136,,,,
Pos. Tol.,POS_8,PTOL,0.752,0.000,0.752,0.000,1.200,,CIR_8/NOMINAL - CS_ABC - C-Zone - XZ - Nominal
Circle,CIR_9,X,-190.256,-189.800,-0.455,,,,From 4 Pts On PL_PLAST_9
Circle,CIR_9,Z,-67.669,-67.702,0.033,,,,
Pos. Tol.,POS_9,PTOL,0.913,0.000,0.913,0.000,1.200,,CIR_9/NOMINAL - CS_ABC - C-Zone - XZ - Nominal
Circle,CIR_10,X,-190.322,-189.800,-0.523,,,,From 4 Pts On PL_PLAST_10
Circle,CIR_10,Z,-202.714,-203.002,0.287,,,,
Pos. Tol.,POS_10,PTOL,1.192,0.000,1.192,0.000,1.200,,CIR_10/NOMINAL - CS_ABC - C-Zone - XZ - Nominal
Profile of Line,PROFILE_IN_OP1,PRFL,0.452,0.000,0.452,0.000,1.500,,OP1_SECT_IN
Profile of Line,PROFILE_IN_OP2,PRFL,0.749,0.000,0.749,0.000,1.500,,OP2_SECT_IN
Profile of Line,PROFILE_IN_OP3,PRFL,0.855,0.000,0.855,0.000,1.500,,OP3_SECT_IN
Profile of Line,PROFILE_IN_OP4,PRFL,0.390,0.000,0.390,0.000,1.500,,OP4_SECT_IN
Distance,OP1_WIDTH_1,D1,2.974,3.000,-0.026,-0.150,0.150,,OP1_PT1_OW_GAGE - OP1_PT1_IW_GAGE / OP1_CS
Distance,OP1_WIDTH_2,D1,3.004,3.000,0.004,-0.150,0.150,,OP1_PT2_OW_GAGE - OP1_PT2_IW_GAGE / OP1_CS
Distance,OP1_WIDTH_3,D1,3.005,3.000,0.005,-0.150,0.150,,OP1_PT3_OW_GAGE - OP1_PT3_IW_GAGE / OP1_CS
Distance,OP1_WIDTH_4,D1,3.066,3.000,0.066,-0.150,0.150,,OP1_PT4_OW_GAGE - OP1_PT4_IW_GAGE / OP1_CS
Distance,OP1_WIDTH_5,D1,2.881,3.000,-0.119,-0.150,0.150,,OP1_PT5_OW_GAGE - OP1_PT5_IW_GAGE / OP1_CS
Distance,OP1_WIDTH_6,D1,2.938,3.000,-0.062,-0.150,0.150,,OP1_PT6_OW_GAGE - OP1_PT6_IW_GAGE / OP1_CS
Distance,OP1_WIDTH_7,D1,3.052,3.000,0.052,-0.150,0.150,,OP1_PT7_OW_GAGE - OP1_PT7_IW_GAGE / OP1_CS
Distance,OP1_DEPTH_1,D1,4.977,5.000,-0.023,-0.250,0.250,,OP1_PT1_DEPTH - PL_FIXTURE / OP1_CS
Distance,OP1_DEPTH_2,D1,4.967,5.000,-0.033,-0.250,0.250,,OP1_PT2_DEPTH - PL_FIXTURE / OP1_CS
Distance,OP1_DEPTH_3,D1,5.068,5.000,0.068,-0.250,0.250,,OP1_PT3_DEPTH - PL_FIXTURE / OP1_CS
Distance,OP1_DEPTH_4,D1,5.016,5.000,0.016,-0.250,0.250,,OP1_PT4_DEPTH - PL_FIXTURE / OP1_CS
Distance,OP1_DEPTH_5,D1,5.061,5.000,0.061,-0.250,0.250,,OP1_PT5_DEPTH - PL_FIXTURE / OP1_CS
Distance,OP1_DEPTH_6,D1,4.950,5.000,-0.050,-0.250,0.250,,OP1_PT6_DEPTH - PL_FIXTURE / OP1_CS
Distance,OP1_DEPTH_7,D1,4.971,5.000,-0.029,-0.250,0.250,,OP1_PT7_DEPTH - PL_FIXTURE / OP1_CS
Distance,OP1_DEPTH_8,D1,5.121,5.000,0.121,-0.250,0.250,,OP1_PT8_DEPTH - PL_FIXTURE / OP1_CS
Distance,OP2_WIDTH_1,D1,2.953,3.000,-0.047,-0.150,0.150,,OP2_PT1_OW_GAGE - OP2_PT1_IW_GAGE / OP2_CS
Distance,OP2_WIDTH_2,D1,2.990,3.000,-0.010,-0.150,0.150,,OP2_PT2_OW_GAGE - OP2_PT2_IW_GAGE / OP2_CS
Distance,OP2_WIDTH_3,D1,3.006,3.000,0.006,-0.150,0.150,,OP2_PT3_OW_GAGE - OP2_PT3_IW_GAGE / OP2_CS
Distance,OP2_WIDTH_4,D1,2.943,3.000,-0.057,-0.150,0.150,,OP2_PT4_OW_GAGE - OP2_PT4_IW_GAGE / OP2_CS
Distance,OP2_WIDTH_5,D1,3.000,3.000,0.000,-0.150,0.150,,OP2_PT5_OW_GAGE - OP2_PT5_IW_GAGE / OP2_CS
Distance,OP2_WIDTH_6,D1,2.939,3.000,-0.061,-0.150,0.150,,OP2_PT6_OW_GAGE - OP2_PT6_IW_GAGE / OP2_CS
Distance,OP2_WIDTH_7,D1,3.055,3.000,0.055,-0.150,0.150,,OP2_PT7_OW_GAGE - OP2_PT7_IW_GAGE / OP2_CS
Distance,OP2_DEPTH_1,D1,4.971,5.000,-0.029,-0.250,0.250,,OP2_PT1_DEPTH - PL_FIXTURE / OP2_CS
Distance,OP2_DEPTH_2,D1,5.014,5.000,0.014,-0.250,0.250,,OP2_PT2_DEPTH - PL_FIXTURE / OP2_CS
Distance,OP2_DEPTH_3,D1,5.104,5.000,0.104,-0.250,0.250,,OP2_PT3_DEPTH - PL_FIXTURE / OP2_CS
Distance,OP2_DEPTH_4,D1,5.038,5.000,0.038,-0.250,0.250,,OP2_PT4_DEPTH - PL_FIXTURE / OP2_CS
Distance,OP2_DEPTH_5,D1,4.998,5.000,-0.002,-0.250,0.250,,OP2_PT5_DEPTH - PL_FIXTURE / OP2_CS
Distance,OP2_DEPTH_6,D1,4.978,5.000,-0.022,-0.250,0.250,,OP2_PT6_DEPTH - PL_FIXTURE / OP2_CS
Distance,OP2_DEPTH_7,D1,4.942,5.000,-0.058,-0.250,0.250,,OP2_PT7_DEPTH - PL_FIXTURE / OP2_CS
Distance,OP2_DEPTH_8,D1,5.084,5.000,0.084,-0.250,0.250,,OP2_PT8_DEPTH - PL_FIXTURE / OP2_CS
Distance,OP3_WIDTH_1,D1,2.941,3.000,-0.059,-0.150,0.150,,OP3_PT1_OW_GAGE - OP3_PT1_IW_GAGE / OP3_CS
Distance,OP3_WIDTH_2,D1,2.941,3.000,-0.059,-0.150,0.150,,OP3_PT2_OW_GAGE - OP3_PT2_IW_GAGE / OP3_CS
Distance,OP3_WIDTH_3,D1,3.039,3.000,0.039,-0.150,0.150,,OP3_PT3_OW_GAGE - OP3_PT3_IW_GAGE / OP3_CS
Distance,OP3_WIDTH_4,D1,3.022,3.000,0.022,-0.150,0.150,,OP3_PT4_OW_GAGE - OP3_PT4_IW_GAGE / OP3_CS
Distance,OP3_WIDTH_5,D1,2.912,3.000,-0.088,-0.150,0.150,,OP3_PT5_OW_GAGE - OP3_PT5_IW_GAGE / OP3_CS
Distance,OP3_WIDTH_6,D1,3.015,3.000,0.015,-0.150,0.150,,OP3_PT6_OW_GAGE - OP3_PT6_IW_GAGE / OP3_CS
Distance,OP3_WIDTH_7,D1,3.053,3.000,0.053,-0.150,0.150,,OP3_PT7_OW_GAGE - OP3_PT7_IW_GAGE / OP3_CS
Distance,OP3_DEPTH_1,D1,4.918,5.000,-0.082,-0.250,0.250,,OP3_PT1_DEPTH - PL_FIXTURE / OP3_CS
Distance,OP3_DEPTH_2,D1,4.937,5.000,-0.063,-0.250,0.250,,OP3_PT2_DEPTH - PL_FIXTURE / OP3_CS
Distance,OP3_DEPTH_3,D1,4.960,5.000,-0.040,-0.250,0.250,,OP3_PT3_DEPTH - PL_FIXTURE / OP3_CS
Distance,OP3_DEPTH_4,D1,4.942,5.000,-0.058,-0.250,0.250,,OP3_PT4_DEPTH - PL_FIXTURE / OP3_CS
Distance,OP3_DEPTH_5,D1,4.953,5.000,-0.047,-0.250,0.250,,OP3_PT5_DEPTH - PL_FIXTURE / OP3_CS
Distance,OP3_DEPTH_6,D1,4.843,5.000,-0.157,-0.250,0.250,,OP3_PT6_DEPTH - PL_FIXTURE / OP3_CS
Distance,OP3_DEPTH_7,D1,4.947,5.000,-0.053,-0.250,0.250,,OP3_PT7_DEPTH - PL_FIXTURE / OP3_CS
Distance,OP3_DEPTH_8,D1,5.066,5.000,0.066,-0.250,0.250,,OP3_PT8_DEPTH - PL_FIXTURE / OP3_CS
Distance,OP4_WIDTH_1,D1,2.941,3.000,-0.059,-0.150,0.150,,OP4_PT1_OW_GAGE - OP4_PT1_IW_GAGE / OP4_CS
Distance,OP4_WIDTH_2,D1,2.992,3.000,-0.008,-0.150,0.150,,OP4_PT2_OW_GAGE - OP4_PT2_IW_GAGE / OP4_CS
Distance,OP4_WIDTH_3,D1,3.004,3.000,0.004,-0.150,0.150,,OP4_PT3_OW_GAGE - OP4_PT3_IW_GAGE / OP4_CS
Distance,OP4_WIDTH_4,D1,3.108,3.000,0.108,-0.150,0.150,,OP4_PT4_OW_GAGE - OP4_PT4_IW_GAGE / OP4_CS
Distance,OP4_WIDTH_5,D1,2.910,3.000,-0.090,-0.150,0.150,,OP4_PT5_OW_GAGE - OP4_PT5_IW_GAGE / OP4_CS
Distance,OP4_WIDTH_6,D1,2.943,3.000,-0.057,-0.150,0.150,,OP4_PT6_OW_GAGE - OP4_PT6_IW_GAGE / OP4_CS
Distance,OP4_WIDTH_7,D1,2.984,3.000,-0.016,-0.150,0.150,,OP4_PT7_OW_GAGE - OP4_PT7_IW_GAGE / OP4_CS
Distance,OP4_DEPTH_1,D1,4.876,5.000,-0.124,-0.250,0.250,,OP4_PT1_DEPTH - PL_FIXTURE / OP4_CS
Distance,OP4_DEPTH_2,D1,4.947,5.000,-0.053,-0.250,0.250,,OP4_PT2_DEPTH - PL_FIXTURE / OP4_CS
Distance,OP4_DEPTH_3,D1,4.998,5.000,-0.002,-0.250,0.250,,OP4_PT3_DEPTH - PL_FIXTURE / OP4_CS
Distance,OP4_DEPTH_4,D1,4.892,5.000,-0.108,-0.250,0.250,,OP4_PT4_DEPTH - PL_FIXTURE / OP4_CS
Distance,OP4_DEPTH_5,D1,4.964,5.000,-0.036,-0.250,0.250,,OP4_PT5_DEPTH - PL_FIXTURE / OP4_CS
Distance,OP4_DEPTH_6,D1,4.956,5.000,-0.044,-0.250,0.250,,OP4_PT6_DEPTH - PL_FIXTURE / OP4_CS
Distance,OP4_DEPTH_7,D1,4.960,5.000,-0.040,-0.250,0.250,,OP4_PT7_DEPTH - PL_FIXTURE / OP4_CS
Distance,OP4_DEPTH_8,D1,5.035,5.000,0.035,-0.250,0.250,,OP4_PT8_DEPTH - PL_FIXTURE / OP4_CS
Circle,2D_CIR_11,DIAM,51.754,52.000,-0.246,-0.500,0.500,,
Circle,2D_CIR_11,X,-28.034,-28.000,-0.034,,,,
Circle,2D_CIR_11,Y,-37.530,-37.400,-0.130,,,,
Pos. Tol.,POS_11,PTOL,0.269,0.000,0.269,0.000,1.000,,2D_CIR_11/NOMINAL - CS_DEF_BF - C-Zone - XY - Nominal
Circle,2D_CIR_12,DIAM,11.082,11.000,0.082,-0.250,0.250,,
Circle,2D_CIR_12,X,-36.676,-36.600,-0.076,,,,
Circle,2D_CIR_12,Y,-78.840,-78.850,0.010,,,,
Pos. Tol.,POS_12,PTOL,0.154,0.000,0.154,0.000,1.000,,2D_CIR_12/NOMINAL - CS_DEF_BF - C-Zone - XY - Nominal
Circle,CIR_13,DIAM,4.970,4.980,-0.010,-0.200,0.100,,Criterion : Least Square (From 6 Pts On PL_DATUM_D) 
Circle,CIR_13,X,-161.330,-160.800,-0.530,,,,
Circle,CIR_13,Y,4.434,4.500,-0.066,,,,
Pos. Tol.,POS_13,PTOL,1.068,0.000,1.068,0.000,3.000,,CIR_13/NOMINAL - CS_ABC - C-Zone - XY - Nominal
Circle,CIR_14,DIAM,4.954,4.980,-0.026,-0.200,0.100,,Criterion : Least Square (From 6 Pts On PL_DATUM_D) 
Circle,CIR_14,X,-161.369,-160.800,-0.569,,,,
Circle,CIR_14,Y,72.201,72.492,-0.291,,,,
Pos. Tol.,POS_14,PTOL,1.278,0.000,1.278,0.000,3.000,,CIR_14/NOMINAL - CS_ABC - C-Zone - XY - Nominal
Circle,CIR_15,DIAM,4.974,4.980,-0.006,-0.200,0.100,,Criterion : Least Square (From 6 Pts On PL_DATUM_D) 
Circle,CIR_15,X,-104.480,-103.794,-0.685,,,,
Circle,CIR_15,Y,75.765,76.004,-0.239,,,,
Pos. Tol.,POS_15,PTOL,1.451,0.000,1.451,0.000,3.000,,CIR_15/NOMINAL - CS_ABC - C-Zone - XY - Nominal
Circle,CIR_16,DIAM,4.968,4.980,-0.012,-0.200,0.100,,Criterion : Least Square (From 6 Pts On PL_DATUM_D) 
Circle,CIR_16,X,-103.582,-102.794,-0.787,,,,
Circle,CIR_16,Y,4.342,4.504,-0.162,,,,
Pos. Tol.,POS_16,PTOL,1.608,0.000,1.608,0.000,3.000,,CIR_16/NOMINAL - CS_ABC - C-Zone - XY - Nominal
Circle,2D_CIR_13,X,-56.878,-57.000,0.122,,,,
Circle,2D_CIR_13,Y,-71.386,-71.500,0.114,,,,
Pos. Tol.,POS_2D_13,PTOL,0.333,0.000,0.333,0.000,0.500,,2D_CIR_13/NOMINAL - CS_DEF_BF - C-Zone - XY - Nominal
Circle,2D_CIR_14,X,-56.940,-57.000,0.060,,,,
Circle,2D_CIR_14,Y,-3.619,-3.500,-0.119,,,,
Pos. Tol.,POS_2D_14,PTOL,0.267,0.000,0.267,0.000,0.500,,2D_CIR_14/NOMINAL - CS_DEF_BF - C-Zone - XY - Nominal
Circle,2D_CIR_15,X,-0.052,0.000,-0.052,,,,
Circle,2D_CIR_15,Y,-0.036,0.000,-0.036,,,,
Pos. Tol.,POS_2D_15,PTOL,0.126,0.000,0.126,0.000,0.500,,2D_CIR_15/NOMINAL - CS_DEF_BF - C-Zone - XY - Nominal
Circle,2D_CIR_16,X,0.870,1.000,-0.130,,,,
Circle,2D_CIR_16,Y,-71.458,-71.500,0.042,,,,
Pos. Tol.,POS_2D_16,PTOL,0.272,0.000,0.272,0.000,0.500,,2D_CIR_16/NOMINAL - CS_DEF_BF - C-Zone - XY - Nominal
Circle,CIR_17,DIAM,16.159,16.000,0.159,-0.250,0.250,,Inters. PL_PLAST_17 - CYL_17.
Circle,CIR_17,X,-181.539,-180.980,-0.559,,,,
Circle,CIR_17,Z,-162.652,-162.880,0.228,,,,
Pos. Tol.,POS_17,PTOL,0.476,0.000,0.476,0.000,2.000,,CIR_17/NOMINAL - CS_ABC - C-Zone - YZ - Nominal
Circle,CIR_18,DIAM,8.530,8.560,-0.030,-0.100,0.100,,Criterion : Least Square (From 8 Pts On PL_PLAST_18) 
Circle,CIR_18,X,-96.255,-95.800,-0.455,,,,
Circle,CIR_18,Z,-255.996,-256.500,0.504,,,,
Pos. Tol.,POS_18,PTOL,1.357,0.000,1.357,0.000,2.000,,CIR_18/NOMINAL - CS_ABC - C-Zone - XZ - Nominal
Circle,CIR_19,DIAM,8.021,8.000,0.021,-0.100,0.000,0.021,Criterion : Least Square (From 8 Pts On PL_PLAST_19) 
Circle,CIR_19,Y,91.130,91.700,-0.570,,,,
Circle,CIR_19,Z,-95.520,-95.000,-0.520,,,,
Pos. Tol.,POS_19,PTOL,1.543,0.000,1.543,0.000,2.500,,CIR_19/NOMINAL - CS_ABC - C-Zone - YZ - Nominal
Circle,2D_CIR_20,DIAM,3.199,3.200,-0.001,-0.100,0.100,,
Circle,2D_CIR_20,Y,0.038,0.000,0.038,,,,
Circle,2D_CIR_20,Z,13.067,13.000,0.067,,,,
Pos. Tol.,POS_20,PTOL,0.154,0.000,0.154,0.000,0.500,,2D_CIR_20/NOMINAL - CS_KL - C-Zone - YZ - Nominal
Circle,2D_CIR_21,DIAM,3.287,3.200,0.087,-0.100,0.100,,
Circle,2D_CIR_21,Y,0.038,0.000,0.038,,,,
Circle,2D_CIR_21,Z,-12.870,-13.000,0.130,,,,
Pos. Tol.,POS_21,PTOL,0.271,0.000,0.271,0.000,0.500,,2D_CIR_21/NOMINAL - CS_KL - C-Zone - YZ - Nominal
Circle,CIR_22,Y,71.003,71.000,0.003,,,,Inters. PL_PLAST_22 - CYL_22.
Circle,CIR_22,Z,-149.454,-149.880,0.426,,,,
Pos. Tol.,POS_22,PTOL,0.852,0.000,0.852,0.000,2.000,,CIR_22/NOMINAL - CS_ABC - C-Zone - YZ - Nominal
Circle,CIR_23,Y,70.842,71.000,-0.158,,,,Inters. PL_PLAST_23 - CYL_23.
Circle,CIR_23,Z,-175.730,-175.880,0.150,,,,
Pos. Tol.,POS_23,PTOL,0.435,0.000,0.435,0.000,2.000,,CIR_23/NOMINAL - CS_ABC - C-Zone - YZ - Nominal
Circle,CIR_24,DIAM,5.006,5.000,0.006,-0.100,0.100,,Criterion : Least Square (From 6 Pts On PL_24) 
Circle,CIR_24,X,16.626,17.185,-0.559,,,,
Circle,CIR_24,Y,66.926,66.455,0.471,,,,
Circle,CIR_24,Z,-37.621,-37.771,0.151,,,,
Pos. Tol.,POS_24,PTOL,1.493,0.000,1.493,0.000,2.000,,CIR_24/NOMINAL - CS_ABC - C-Zone - XYZ - Nominal
Circle,CIR_25,DIAM,5.021,5.000,0.021,-0.100,0.100,,Criterion : Least Square (From 6 Pts On PL_25) 
Circle,CIR_25,X,16.470,17.185,-0.715,,,,
Circle,CIR_25,Y,66.628,66.455,0.174,,,,
Circle,CIR_25,Z,-135.663,-135.771,0.109,,,,
Pos. Tol.,POS_25,PTOL,1.487,0.000,1.487,0.000,2.000,,CIR_25/NOMINAL - CS_ABC - C-Zone - XYZ - Nominal
Circle,CIR_26,DIAM,4.978,5.000,-0.022,-0.100,0.100,,Criterion : Least Square (From 6 Pts On PL_26) 
Circle,CIR_26,X,16.471,17.185,-0.714,,,,
Circle,CIR_26,Y,66.660,66.455,0.205,,,,
Circle,CIR_26,Z,-233.673,-233.771,0.099,,,,
Pos. Tol.,POS_26,PTOL,1.498,0.000,1.498,0.000,2.000,,CIR_26/NOMINAL - CS_ABC - C-Zone - XYZ - Nominal
Circle,CIR_27,DIAM,4.992,5.000,-0.008,-0.100,0.100,,Criterion : Least Square (From 6 Pts On PL_27) 
Circle,CIR_27,X,16.541,17.185,-0.644,,,,
Circle,CIR_27,Y,66.921,66.455,0.466,,,,
Circle,CIR_27,Z,-331.657,-331.771,0.115,,,,
Pos. Tol.,POS_27,PTOL,1.606,0.000,1.606,0.000,2.000,,CIR_27/NOMINAL - CS_ABC - C-Zone - XYZ - Nominal
Circle,2D_CIR_24,Y,0.153,0.000,0.153,,,,
Circle,2D_CIR_24,Z,0.033,0.000,0.033,,,,
Pos. Tol.,POS_2D_24,PTOL,0.099,0.000,0.099,0.000,1.000,,2D_CIR_24/NOMINAL - CS_GHJ_BF - C-Zone - XZ - Nominal
Circle,2D_CIR_25,Y,-0.169,0.000,-0.169,,,,
Circle,2D_CIR_25,Z,-98.009,-98.000,-0.009,,,,
Pos. Tol.,POS_2D_25,PTOL,0.075,0.000,0.075,0.000,1.000,,2D_CIR_25/NOMINAL - CS_GHJ_BF - C-Zone - XZ - Nominal
Circle,2D_CIR_26,Y,-0.134,0.000,-0.134,,,,
Circle,2D_CIR_26,Z,-196.019,-196.000,-0.019,,,,
Pos. Tol.,POS_2D_26,PTOL,0.088,0.000,0.088,0.000,1.000,,2D_CIR_26/NOMINAL - CS_GHJ_BF - C-Zone - XZ - Nominal
Circle,2D_CIR_27,Y,0.126,0.000,0.126,,,,
Circle,2D_CIR_27,Z,-294.004,-294.000,-0.004,,,,
Pos. Tol.,POS_2D_27,PTOL,0.077,0.000,0.077,0.000,1.000,,2D_CIR_27/NOMINAL - CS_GHJ_BF - C-Zone - XZ - Nominal
Circle,2D_CIR_28,DIAM,13.951,14.000,-0.049,-0.100,0.100,,
Circle,2D_CIR_28,Y,-35.293,-35.200,-0.093,,,,
Circle,2D_CIR_28,Z,-0.216,-0.000,-0.216,,,,
Pos. Tol.,POS_2D_28,PTOL,0.704,0.000,0.704,0.000,1.500,,2D_CIR_28/NOMINAL - CS_GHJ_BF - C-Zone - XZ - Nominal
Circle,2D_CIR_29,DIAM,13.956,14.000,-0.044,-0.100,0.100,,
Circle,2D_CIR_29,Y,-35.057,-35.200,0.143,,,,
Circle,2D_CIR_29,Z,-98.011,-98.000,-0.011,,,,
Pos. Tol.,POS_2D_29,PTOL,0.958,0.000,0.958,0.000,1.500,,2D_CIR_29/NOMINAL - CS_GHJ_BF - C-Zone - XZ - Nominal
Circle,2D_CIR_30,DIAM,13.946,14.000,-0.054,-0.100,0.100,,
Circle,2D_CIR_30,Y,-35.447,-35.200,-0.247,,,,
Circle,2D_CIR_30,Z,-196.095,-196.000,-0.095,,,,
Pos. Tol.,POS_2D_30,PTOL,1.193,0.000,1.193,0.000,1.500,,2D_CIR_30/NOMINAL - CS_GHJ_BF - C-Zone - XZ - Nominal
Circle,2D_CIR_31,DIAM,13.941,14.000,-0.059,-0.100,0.100,,
Circle,2D_CIR_31,Y,-35.324,-35.200,-0.124,,,,
Circle,2D_CIR_31,Z,-293.603,-294.000,0.397,,,,
Pos. Tol.,POS_2D_31,PTOL,0.834,0.000,0.834,0.000,1.500,,2D_CIR_31/NOMINAL - CS_GHJ_BF - C-Zone - XZ - Nominal
Circle,CIR_32,DIAM,6.822,6.700,0.122,-0.250,0.250,,Criterion : Least Square (From 6 Pts On PL_PLAST_32) 
Circle,CIR_32,Y,8.959,8.968,-0.009,,,,
Circle,CIR_32,Z,-108.050,-107.770,-0.280,,,,
Pos. Tol.,POS_32,PTOL,0.560,0.000,0.560,0.000,2.000,,CIR_32/NOMINAL - CS_ABC - C-Zone - YZ - Nominal
Circle,CIR_33,DIAM,6.802,6.700,0.102,-0.250,0.250,,Criterion : Least Square (From 6 Pts On PL_PLAST_33) 
Circle,CIR_33,Y,8.956,8.968,-0.011,,,,
Circle,CIR_33,Z,-205.943,-205.770,-0.172,,,,
Pos. Tol.,POS_33,PTOL,0.345,0.000,0.345,0.000,2.000,,CIR_33/NOMINAL - CS_ABC - C-Zone - YZ - Nominal
Circle,CIR_34,DIAM,6.789,6.700,0.089,-0.250,0.250,,Criterion : Least Square (From 6 Pts On PL_PLAST_34) 
Circle,CIR_34,Y,9.015,8.968,0.047,,,,
Circle,CIR_34,Z,-303.680,-303.770,0.090,,,,
Pos. Tol.,POS_34,PTOL,0.204,0.000,0.204,0.000,2.000,,CIR_34/NOMINAL - CS_ABC - C-Zone - YZ - Nominal
Flatness,FLATNESS_D,FLTN,0.252,0.000,0.252,0.000,0.300,,PL_DATUM_D
Distance,WIDTH_TB1,D1,2.976,3.000,-0.024,-0.150,0.150,,0W2.5_1.1 - IW2.5_1.1 / CS_DEF_BF
Distance,WIDTH_TB2,D1,3.037,3.000,0.037,-0.150,0.150,,0W2.5_1.2 - IW2.5_1.2 / CS_DEF_BF
Distance,WIDTH_TB3,D1,3.037,3.000,0.037,-0.150,0.150,,0W2.5_1.3 - IW2.5_1.3 / CS_DEF_BF
Distance,WIDTH_TB4,D1,2.989,3.000,-0.011,-0.150,0.150,,0W2.5_1.4 - IW2.5_1.4 / CS_DEF_BF
Distance,WIDTH_TB5,D1,2.962,3.000,-0.038,-0.150,0.150,,0W2.5_1.5 - IW2.5_1.5 / CS_DEF_BF
Distance,WIDTH_TB6,D1,2.994,3.000,-0.006,-0.150,0.150,,0W2.5_1.6 - IW2.5_1.6 / CS_DEF_BF
Distance,WIDTH_TB7,D1,3.042,3.000,0.042,-0.150,0.150,,0W2.5_1.7 - IW2.5_1.7 / CS_DEF_BF
Distance,WIDTH_TB8,D1,3.018,3.000,0.018,-0.150,0.150,,0W2.5_1.8 - IW2.5_1.8 / CS_DEF_BF
Distance,WIDTH_TB9,D1,3.108,3.000,0.108,-0.150,0.150,,12_0W2.5_1.1 - 12_IW2.5_1.1 / CS_DEF_BF
Distance,WIDTH_TB10,D1,3.134,3.000,0.134,-0.150,0.150,,12_0W2.5_1.2 - 12_IW2.5_1.2 / CS_DEF_BF
Distance,WIDTH_TB11,D1,3.059,3.000,0.059,-0.150,0.150,,12_0W2.5_1.3 - 12_IW2.5_1.3 / CS_DEF_BF
Distance,WIDTH_TB12,D1,2.996,3.000,-0.004,-0.150,0.150,,12_0W2.5_1.4 - 12_IW2.5_1.4 / CS_DEF_BF
Distance,DEPTH_TB1,D1,5.199,5.000,0.199,-0.250,0.250,,TB_BOT_1.1 - PL_DATUM_D / CS_DEF_BF
Distance,DEPTH_TB2,D1,5.052,5.000,0.052,-0.250,0.250,,TB_BOT_1.2 - PL_DATUM_D / CS_DEF_BF
Distance,DEPTH_TB3,D1,4.996,5.000,-0.004,-0.250,0.250,,TB_BOT_1.3 - PL_DATUM_D / CS_DEF_BF
Distance,DEPTH_TB4,D1,5.190,5.000,0.190,-0.250,0.250,,TB_BOT_1.4 - PL_DATUM_D / CS_DEF_BF
Distance,DEPTH_TB5,D1,5.215,5.000,0.215,-0.250,0.250,,TB_BOT_1.5 - PL_DATUM_D / CS_DEF_BF
Distance,DEPTH_TB6,D1,5.114,5.000,0.114,-0.250,0.250,,TB_BOT_1.6 - PL_DATUM_D / CS_DEF_BF
Distance,DEPTH_TB7,D1,5.044,5.000,0.044,-0.250,0.250,,TB_BOT_1.7 - PL_DATUM_D / CS_DEF_BF
Distance,DEPTH_TB8,D1,5.161,5.000,0.161,-0.250,0.250,,TB_BOT_1.8 - PL_DATUM_D / CS_DEF_BF
Distance,DEPTH_TB9,D1,5.265,5.000,0.265,-0.250,0.250,0.015,12_BOT_.1 - PL_DATUM_D / CS_DEF_BF
Distance,DEPTH_TB10,D1,5.320,5.000,0.320,-0.250,0.250,0.070,12_BOT_.2 - PL_DATUM_D / CS_DEF_BF
Distance,DEPTH_TB11,D1,5.268,5.000,0.268,-0.250,0.250,0.018,12_BOT_.3 - PL_DATUM_D / CS_DEF_BF
Distance,DEPTH_TB12,D1,5.195,5.000,0.195,-0.250,0.250,,12_BOT_.4 - PL_DATUM_D / CS_DEF_BF
Circle,CIR_35,DIAM,6.724,6.750,-0.026,-0.250,0.250,,Criterion : Least Square (From 6 Pts On PL_PLAST_35) 
Circle,CIR_35,X,19.479,19.200,0.279,,,,
Circle,CIR_35,Z,9.577,10.000,-0.423,,,,
Pos. Tol.,POS_35,PTOL,1.014,0.000,1.014,0.000,2.000,,CIR_35/NOMINAL - CS_ABC - C-Zone - XZ - Nominal
Circle,CIR_36,DIAM,6.786,6.750,0.036,-0.250,0.250,,Criterion : Least Square (From 6 Pts On PL_PLAST_36) 
Circle,CIR_36,X,-207.888,-207.800,-0.088,,,,
Circle,CIR_36,Z,-67.479,-67.700,0.221,,,,
Pos. Tol.,POS_36,PTOL,0.477,0.000,0.477,0.000,2.000,,CIR_36/NOMINAL - CS_ABC - C-Zone - XZ - Nominal
