Feat. Type,Feat. Name,Value,Actual,Nominal,Dev.,Tol-,Tol+,Out of Tol.,Comment
Text/Value,VAR_PROGRAM,VAL,,,,,,,'N:\Metrolog XG\Programmes\V10 6.8L Triton\V10 6.8L Triton Complete Module 51.gm2'
Text/Value,VAR_EVENEMENT,VAL,,,,,,,'dem'
Text/Value,VAR_COMMENTAIRES,VAL,,,,,,,'301 B'
Circle,CIR_1,DIAM,8.043,8.000,0.043,-0.100,0.100,,Criterion : Least Square (From 6 Pts On PL_FIXTURE) 
Circle,CIR_1,X,0.253,0.000,0.253,,,,
Circle,CIR_1,Y,-0.199,0.000,-0.199,,,,
Circle,CIR_2,DIAM,8.016,8.000,0.016,-0.100,0.100,,Criterion : Least Square (From 8 Pts On PL_FIXTURE) 
Circle,CIR_2,X,-27.789,-28.000,0.211,,,,
Circle,CIR_2,Y,-99.994,-100.000,0.006,,,,
Circle,CIR_3,DIAM,8.050,8.000,0.050,-0.100,0.100,,Criterion : Least Square (From 6 Pts On PL_FIXTURE) 
Circle,CIR_3,X,0.099,0.000,0.099,,,,
Circle,CIR_3,Y,-200.013,-200.000,-0.013,,,,
Circle,CIR_4,DIAM,8.032,8.000,0.032,-0.100,0.100,,Criterion : Least Square (From 6 Pts On PL_FIXTURE) 
Circle,CIR_4,X,-27.912,-28.000,0.088,,,,
Circle,CIR_4,Y,-300.088,-300.000,-0.088,,,,
Circle,CIR_5,DIAM,8.075,8.000,0.075,-0.100,0.100,,Criterion : Least Square (From 6 Pts On PL_FIXTURE) 
Circle,CIR_5,X,0.136,0.000,0.136,,,,
Circle,CIR_5,Y,-400.064,-400.000,-0.064,,,,
Circle,CIR_6,DIAM,8.023,8.000,0.023,-0.100,0.100,,Criterion : Least Square (From 6 Pts On PL_FIXTURE) 
Circle,CIR_6,X,-25.704,-26.000,0.296,,,,
Circle,CIR_6,Y,-498.572,-498.400,-0.172,,,,
Circle,CIR_7,DIAM,8.002,8.000,0.002,-0.100,0.100,,Criterion : Least Square (From 6 Pts On PL_FIXTURE) 
Circle,CIR_7,X,-362.766,-362.900,0.134,,,,
Circle,CIR_7,Y,-525.214,-525.100,-0.114,,,,
Circle,CIR_8,DIAM,8.066,8.000,0.066,-0.100,0.100,,Criterion : Least Square (From 6 Pts On PL_FIXTURE) 
Circle,CIR_8,X,-390.713,-390.565,-0.148,,,,
Circle,CIR_8,Y,-423.822,-424.000,0.178,,,,
Circle,CIR_9,DIAM,8.047,8.000,0.047,-0.100,0.100,,Criterion : Least Square (From 6 Pts On PL_FIXTURE) 
Circle,CIR_9,X,-362.490,-362.600,0.110,,,,
Circle,CIR_9,Y,-323.794,-324.000,0.206,,,,
Circle,CIR_10,DIAM,8.026,8.000,0.026,-0.100,0.100,,Criterion : Least Square (From 6 Pts On PL_FIXTURE) 
Circle,CIR_10,X,-390.853,-390.600,-0.253,,,,
Circle,CIR_10,Y,-223.939,-224.000,0.061,,,,
Circle,CIR_11,DIAM,8.034,8.000,0.034,-0.100,0.100,,Criterion : Least Square (From 6 Pts On PL_FIXTURE) 
Circle,CIR_11,X,-363.020,-362.600,-0.420,,,,
Circle,CIR_11,Y,-125.344,-125.600,0.256,,,,
Circle,CIR_12,DIAM,8.077,8.000,0.077,-0.100,0.100,,Criterion : Least Square (From 6 Pts On PL_FIXTURE) 
Circle,CIR_12,X,-391.106,-390.600,-0.506,,,,
Circle,CIR_12,Y,-25.657,-25.600,-0.057,,,,
Pos. Tol.,POS_1,PTOL,0.644,0.000,0.644,0.143,1.343,,CIR_1(M)/NOMINAL - CS_ABC_BF - C-Zone - XY - Nominal
Pos. Tol.,POS_2,PTOL,0.422,0.000,0.422,0.116,1.316,,CIR_2(M)/NOMINAL - CS_ABC_BF - C-Zone - XY - Nominal
Pos. Tol.,POS_3,PTOL,0.200,0.000,0.200,0.150,1.350,,CIR_3(M)/NOMINAL - CS_ABC_BF - C-Zone - XY - Nominal
Pos. Tol.,POS_4,PTOL,0.249,0.000,0.249,0.132,1.332,,CIR_4(M)/NOMINAL - CS_ABC_BF - C-Zone - XY - Nominal
Pos. Tol.,POS_5,PTOL,0.300,0.000,0.300,0.175,1.375,,CIR_5(M)/NOMINAL - CS_ABC_BF - C-Zone - XY - Nominal
Pos. Tol.,POS_6,PTOL,0.685,0.000,0.685,0.123,1.323,,CIR_6(M)/NOMINAL - CS_ABC_BF - C-Zone - XY - Nominal
Pos. Tol.,POS_7,PTOL,0.352,0.000,0.352,0.102,1.302,,CIR_7(M)/NOMINAL - CS_ABC_BF - C-Zone - XY - Nominal
Pos. Tol.,POS_8,PTOL,0.462,0.000,0.462,0.166,1.366,,CIR_8(M)/NOMINAL - CS_ABC_BF - C-Zone - XY - Nominal
Pos. Tol.,POS_9,PTOL,0.467,0.000,0.467,0.147,1.347,,CIR_9(M)/NOMINAL - CS_ABC_BF - C-Zone - XY - Nominal
Pos. Tol.,POS_10,PTOL,0.521,0.000,0.521,0.126,1.326,,CIR_10(M)/NOMINAL - CS_ABC_BF - C-Zone - XY - Nominal
Pos. Tol.,POS_11,PTOL,0.983,0.000,0.983,0.134,1.334,,CIR_11(M)/NOMINAL - CS_ABC_BF - C-Zone - XY - Nominal
Pos. Tol.,POS_12,PTOL,1.019,0.000,1.019,0.177,1.377,,CIR_12(M)/NOMINAL - CS_ABC_BF - C-Zone - XY - Nominal
Pos. Tol.,POS_13,PTOL,0.246,0.000,0.246,0.037,0.837,,PNT_INJ_13(M)/NOMINAL(M) - CS_A_12_8_BF - C-Zone - XY - Nominal
Pos. Tol.,POS_14,PTOL,0.493,0.000,0.493,0.183,0.983,,PNT_INJ_14(M)/NOMINAL(M) - CS_A_12_8_BF - C-Zone - XY - Nominal
Pos. Tol.,POS_15,PTOL,0.432,0.000,0.432,0.143,0.943,,PNT_INJ_15(M)/NOMINAL(M) - CS_A_12_8_BF - C-Zone - XY - Nominal
Pos. Tol.,POS_16,PTOL,0.704,0.000,0.704,0.134,0.934,,PNT_INJ_16(M)/NOMINAL(M) - CS_A_12_8_BF - C-Zone - XY - Nominal
Pos. Tol.,POS_17,PTOL,0.577,0.000,0.577,0.135,0.935,,PNT_INJ_17(M)/NOMINAL(M) - CS_A_12_8_BF - C-Zone - XY - Nominal
Pos. Tol.,POS_18,PTOL,0.599,0.000,0.599,0.117,0.917,,PNT_INJ_18(M)/NOMINAL(M) - CS_AB_BF_1_6 - C-Zone - XY - Nominal
Pos. Tol.,POS_19,PTOL,0.443,0.000,0.443,0.077,0.877,,PNT_INJ_19(M)/NOMINAL(M) - CS_AB_BF_1_6 - C-Zone - XY - Nominal
Pos. Tol.,POS_20,PTOL,0.167,0.000,0.167,0.114,0.914,,PNT_INJ_20(M)/NOMINAL(M) - CS_AB_BF_1_6 - C-Zone - XY - Nominal
Pos. Tol.,POS_21,PTOL,0.371,0.000,0.371,0.127,0.927,,PNT_INJ_21(M)/NOMINAL(M) - CS_AB_BF_1_6 - C-Zone - XY - Nominal
Pos. Tol.,POS_22,PTOL,0.563,0.000,0.563,0.118,0.918,,PNT_INJ_22(M)/NOMINAL(M) - CS_AB_BF_1_6 - C-Zone - XY - Nominal
Pos. Tol.,POS_23,PTOL,0.059,0.000,0.059,0.000,1.200,,CIR_23/NOMINAL - CS_AJ_BF - C-Zone - YZ - Nominal
Pos. Tol.,POS_24,PTOL,0.604,0.000,0.604,0.000,1.200,,CIR_24/NOMINAL - CS_AJ_BF - C-Zone - YZ - Nominal
Pos. Tol.,POS_25,PTOL,0.575,0.000,0.575,0.000,1.200,,CIR_25/NOMINAL - CS_AJ_BF - C-Zone - YZ - Nominal
Pos. Tol.,POS_26,PTOL,0.767,0.000,0.767,0.000,1.200,,CIR_26/NOMINAL - CS_AK_BF - C-Zone - YZ - Nominal
Pos. Tol.,POS_27,PTOL,0.401,0.000,0.401,0.000,1.200,,CIR_27/NOMINAL - CS_AK_BF - C-Zone - YZ - Nominal
Pos. Tol.,POS_28,PTOL,0.847,0.000,0.847,0.000,1.200,,CIR_28/NOMINAL - CS_AK_BF - C-Zone - YZ - Nominal
Pos. Tol.,POS_37,PTOL,0.398,0.000,0.398,0.000,3.000,,CIR_37/NOMINAL - CS_AL_BF - C-Zone - XZ - Nominal
Pos. Tol.,POS_38,PTOL,1.289,0.000,1.289,0.000,3.000,,CIR_38/NOMINAL - CS_AL_BF - C-Zone - XZ - Nominal
Pos. Tol.,POS_39,PTOL,1.519,0.000,1.519,0.000,3.000,,CIR_39/NOMINAL - CS_AL_BF - C-Zone - XZ - Nominal
Pos. Tol.,POS_2D_37,PTOL,0.509,0.000,0.509,0.000,0.800,,2D_CIR_37/NOMINAL - CS_37_38_39_BF - C-Zone - XZ - Nominal
Pos. Tol.,POS_2D_38,PTOL,0.416,0.000,0.416,0.000,0.800,,2D_CIR_38/NOMINAL - CS_37_38_39_BF - C-Zone - XZ - Nominal
Pos. Tol.,POS_2D_39,PTOL,0.097,0.000,0.097,0.000,0.800,,2D_CIR_39/NOMINAL - CS_37_38_39_BF - C-Zone - XZ - Nominal
Pos. Tol.,POS_DATUM_E,PTOL,1.772,0.000,1.772,0.000,5.000,,CIR_29/NOMINAL - CS_ABC_BF - C-Zone - XY - Nominal
Pos. Tol.,POS_DATUM_F,PTOL,1.505,0.000,1.505,0.000,5.000,,PNT_30/NOMINAL - CS_ABC_BF - C-Zone - XY - Nominal
Pos. Tol.,POS_31,PTOL,1.336,0.000,1.336,0.000,5.000,,CIR_31/NOMINAL - CS_ABC_BF - C-Zone - XY - Nominal
Pos. Tol.,POS_32,PTOL,1.456,0.000,1.456,0.000,5.000,,CIR_32/NOMINAL - CS_ABC_BF - C-Zone - XY - Nominal
Pos. Tol.,POS_33,PTOL,1.740,0.000,1.740,0.000,5.000,,CIR_33/NOMINAL - CS_ABC_BF - C-Zone - XY - Nominal
Pos. Tol.,POS_34,PTOL,1.592,0.000,1.592,0.000,5.000,,CIR_34/NOMINAL - CS_ABC_BF - C-Zone - XY - Nominal
Pos. Tol.,POS_35,PTOL,1.221,0.000,1.221,0.000,5.000,,CIR_35/NOMINAL - CS_ABC_BF - C-Zone - XY - Nominal
Pos. Tol.,POS_36,PTOL,1.188,0.000,1.188,0.000,5.000,,CIR_36/NOMINAL - CS_ABC_BF - C-Zone - XY - Nominal
Pos. Tol.,POS_2D_31,PTOL,0.347,0.000,0.347,0.000,0.800,,2D_CIR_31/NOMINAL - CS_DEF_BF_ALL - C-Zone - XY - Nominal
Pos. Tol.,POS_2D_32,PTOL,0.444,0.000,0.444,0.000,0.800,,2D_CIR_32/NOMINAL - CS_DEF_BF_ALL - C-Zone - XY - Nominal
Pos. Tol.,POS_2D_33,PTOL,0.120,0.000,0.120,0.000,0.800,,2D_CIR_33/NOMINAL - CS_DEF_BF_ALL - C-Zone - XY - Nominal
Pos. Tol.,POS_2D_34,PTOL,0.060,0.000,0.060,0.000,0.800,,2D_CIR_34/NOMINAL - CS_DEF_BF_ALL - C-Zone - XY - Nominal
Pos. Tol.,POS_2D_35,PTOL,0.544,0.000,0.544,0.000,0.800,,2D_CIR_35/NOMINAL - CS_DEF_BF_ALL - C-Zone - XY - Nominal
Pos. Tol.,POS_2D_36,PTOL,0.576,0.000,0.576,0.000,0.800,,Modifier Tolerance a 1.2 selon derogation D10-0102
Pos. Tol.,POS_42,PTOL,1.470,0.000,1.470,0.000,5.000,,CIR_42/NOMINAL - CS_ABC_BF - C-Zone - XY - Nominal
Pos. Tol.,POS_44,PTOL,3.275,0.000,3.275,0.000,5.000,,CIR_44/NOMINAL - CS_ABC_BF - C-Zone - XY - Nominal
Pos. Tol.,POS_47,PTOL,1.480,0.000,1.480,0.000,5.000,,CIR_47/NOMINAL - CS_ABC_BF - C-Zone - XZ - Nominal
Pos. Tol.,POS_48,PTOL,1.764,0.000,1.764,0.000,5.000,,CIR_48/NOMINAL - CS_ABC_BF - C-Zone - XZ - Nominal
Pos. Tol.,POS_49,PTOL,1.164,0.000,1.164,0.000,5.000,,CIR_49/NOMINAL - CS_ABC_BF - C-Zone - XZ - Nominal
Pos. Tol.,POS_62,PTOL,2.481,0.000,2.481,0.000,5.000,,CIR_62/NOMINAL - CS_ABC_BF - C-Zone - XY - Nominal
Pos. Tol.,POS_2D_48,PTOL,0.389,0.000,0.389,0.000,0.800,,2D_CIR_48/NOMINAL - CS_47_48_49 - C-Zone - XZ - Nominal
Pos. Tol.,POS_2D_49,PTOL,0.544,0.000,0.544,0.000,0.800,,2D_CIR_49/NOMINAL - CS_47_48_49 - C-Zone - XZ - Nominal
Circle,CIR_GAGE_INJ_13,DIAM,13.937,14.000,-0.063,-0.100,0.100,,Criterion : Least Square (From 10 Pts On AUTO) 
Circle,CIR_GAGE_INJ_14,DIAM,14.083,14.000,0.083,-0.100,0.100,,Criterion : Least Square (From 10 Pts On AUTO) 
Circle,CIR_GAGE_INJ_15,DIAM,14.043,14.000,0.043,-0.100,0.100,,Criterion : Least Square (From 10 Pts On AUTO) 
Circle,CIR_GAGE_INJ_16,DIAM,14.034,14.000,0.034,-0.100,0.100,,Criterion : Least Square (From 10 Pts On AUTO) 
Circle,CIR_GAGE_INJ_17,DIAM,14.035,14.000,0.035,-0.100,0.100,,Criterion : Least Square (From 10 Pts On AUTO) 
Circle,CIR_GAGE_INJ_18,DIAM,14.017,14.000,0.017,-0.100,0.100,,Criterion : Least Square (From 10 Pts On AUTO) 
Circle,CIR_GAGE_INJ_19,DIAM,13.977,14.000,-0.023,-0.100,0.100,,Criterion : Least Square (From 10 Pts On AUTO) 
Circle,CIR_GAGE_INJ_20,DIAM,14.014,14.000,0.014,-0.100,0.100,,Criterion : Least Square (From 10 Pts On AUTO) 
Circle,CIR_GAGE_INJ_21,DIAM,14.027,14.000,0.027,-0.100,0.100,,Criterion : Least Square (From 10 Pts On AUTO) 
Circle,CIR_GAGE_INJ_22,DIAM,14.018,14.000,0.018,-0.100,0.100,,Criterion : Least Square (From 10 Pts On AUTO) 
Circle,CIR_23,X,-12.694,-13.100,0.406,,,,Criterion : Least Square (From 6 Pts On PL_INS_23) 
Circle,CIR_23,Y,149.982,150.000,-0.018,,,,
Circle,CIR_23,Z,54.523,54.500,0.023,,,,
Circle,CIR_25,X,-12.194,-13.100,0.906,,,,Criterion : Least Square (From 6 Pts On PL_INS_25) 
Circle,CIR_25,Y,-249.715,-250.000,0.285,,,,
Circle,CIR_25,Z,54.535,54.500,0.035,,,,
Circle,CIR_24,X,-12.762,-13.100,0.338,,,,Criterion : Least Square (From 6 Pts On PL_INS_24) 
Circle,CIR_24,Y,-49.707,-50.000,0.293,,,,
Circle,CIR_24,Z,54.425,54.500,-0.075,,,,
Circle,CIR_26,X,13.635,13.100,0.535,,,,Criterion : Least Square (From 6 Pts On PL_INS_26) 
Circle,CIR_26,Y,-250.040,-250.000,-0.040,,,,
Circle,CIR_26,Z,54.882,54.500,0.382,,,,
Circle,CIR_27,X,13.274,13.100,0.174,,,,Criterion : Least Square (From 6 Pts On PL_INS_27) 
Circle,CIR_27,Y,-49.800,-50.000,0.200,,,,
Circle,CIR_27,Z,54.511,54.500,0.011,,,,
Circle,CIR_28,X,13.121,13.100,0.021,,,,Criterion : Least Square (From 6 Pts On PL_INS_28) 
Circle,CIR_28,Y,149.852,150.000,-0.148,,,,
Circle,CIR_28,Z,54.103,54.500,-0.397,,,,
Circle,CIR_38,X,-62.995,-62.600,-0.395,,,,Criterion : Least Square (From 6 Pts On PL_INS_38) 
Circle,CIR_38,Z,121.009,120.500,0.509,,,,
Circle,CIR_37,X,8.208,8.200,0.008,,,,Criterion : Least Square (From 6 Pts On PL_INS_37) 
Circle,CIR_37,Z,106.199,106.000,0.199,,,,
Circle,CIR_39,X,-76.336,-75.800,-0.536,,,,Criterion : Least Square (From 6 Pts On PL_INS_39) 
Circle,CIR_39,Z,45.938,45.400,0.538,,,,
Circle,2D_CIR_38,X,-0.207,0.000,-0.207,,,,
Circle,2D_CIR_38,Z,0.017,0.000,0.017,,,,
Circle,2D_CIR_37,X,71.055,70.800,0.255,,,,
Circle,2D_CIR_37,Z,-14.505,-14.500,-0.005,,,,
Circle,2D_CIR_39,X,-13.247,-13.200,-0.047,,,,
Circle,2D_CIR_39,Z,-75.112,-75.100,-0.012,,,,
Point,PNT_INJ_13,X,-3.190,-3.300,0.110,,,,Inters. AXIS_INJ_13 - PL_FIXTURE.
Point,PNT_INJ_13,Y,-48.345,-48.400,0.055,,,,
Point,PNT_INJ_14,X,-3.536,-3.300,-0.236,,,,Inters. AXIS_INJ_14 - PL_FIXTURE.
Point,PNT_INJ_14,Y,-148.328,-148.400,0.072,,,,
Point,PNT_INJ_15,X,-3.098,-3.300,0.202,,,,Inters. AXIS_INJ_15 - PL_FIXTURE.
Point,PNT_INJ_15,Y,-248.476,-248.400,-0.076,,,,
Point,PNT_INJ_16,X,-3.342,-3.300,-0.042,,,,Inters. AXIS_INJ_16 - PL_FIXTURE.
Point,PNT_INJ_16,Y,-348.050,-348.400,0.350,,,,
Point,PNT_INJ_17,X,-3.555,-3.300,-0.255,,,,Inters. AXIS_INJ_17 - PL_FIXTURE.
Point,PNT_INJ_17,Y,-448.536,-448.400,-0.136,,,,
Point,PNT_INJ_18,X,3.571,3.300,0.271,,,,Inters. AXIS_INJ_18 - PL_FIXTURE.
Point,PNT_INJ_18,Y,-449.872,-450.000,0.128,,,,
Point,PNT_INJ_19,X,3.483,3.300,0.183,,,,Inters. AXIS_INJ_19 - PL_FIXTURE.
Point,PNT_INJ_19,Y,-349.875,-350.000,0.125,,,,
Point,PNT_INJ_20,X,3.377,3.300,0.077,,,,Inters. AXIS_INJ_20 - PL_FIXTURE.
Point,PNT_INJ_20,Y,-250.031,-250.000,-0.031,,,,
Point,PNT_INJ_21,X,3.463,3.300,0.163,,,,Inters. AXIS_INJ_21 - PL_FIXTURE.
Point,PNT_INJ_21,Y,-150.088,-150.000,-0.088,,,,
Point,PNT_INJ_22,X,3.497,3.300,0.197,,,,Inters. AXIS_INJ_22 - PL_FIXTURE.
Point,PNT_INJ_22,Y,-49.799,-50.000,0.201,,,,
Distance,H_37,Y,0.220,0.000,0.220,,,,CIR_37 - PL_PLAST_37 / CS_37_38_39_ROT_180
Distance,H_38,Y,0.288,0.000,0.288,,,,CIR_38 - PL_PLAST_38 / CS_37_38_39_ROT_180
Distance,H_39,Y,0.345,0.000,0.345,,,,CIR_39 - PL_PLAST_39 / CS_37_38_39_ROT_180
Distance,H_35,Z,0.193,-0.000,0.193,,,,CIR_35 - PL_PLAST_35 / CS_TEMP_35_SRF
Distance,H_36,Z,0.211,0.000,0.211,,,,CIR_36 - PL_PLAST_36 / CS_TEMP_36_SRF
Distance,PROF_62,Z,154.998,156.000,-1.002,-1.500,1.500,,CIR_62 - PL_FIXTURE / CS_ABC_BF
Distance,H_62,Z,0.180,0.000,0.180,0.000,0.500,,CIR_62 - PL_PLAST_62 / CS_TEMP_62_SRF
Circle,CIR_29,X,-227.110,-226.340,-0.769,,,,Criterion : Least Square (From 4 Pts On PL_DATUM_D) 
Circle,CIR_29,Y,66.141,65.702,0.439,,,,
Point,PNT_30,X,-160.378,-159.800,-0.578,,,,Proj. PNT_MID_30 / PL_DATUM_D.
Point,PNT_30,Y,66.182,65.700,0.482,,,,
Circle,2D_CIR_34,X,-25.829,-25.800,-0.029,,,,
Circle,2D_CIR_34,Y,-3.407,-3.400,-0.007,,,,
Circle,2D_CIR_33,X,-41.529,-41.500,-0.029,,,,
Circle,2D_CIR_33,Y,-76.148,-76.200,0.052,,,,
Circle,2D_CIR_32,X,113.819,113.700,0.119,,,,
Circle,2D_CIR_32,Y,-70.013,-70.200,0.187,,,,
Circle,2D_CIR_31,X,94.307,94.200,0.107,,,,
Circle,2D_CIR_31,Y,-3.263,-3.400,0.137,,,,
Circle,2D_CIR_36,X,-57.213,-57.100,-0.113,,,,
Circle,2D_CIR_36,Y,-172.165,-171.900,-0.265,,,,
Circle,2D_CIR_35,X,119.389,119.400,-0.011,,,,
Circle,2D_CIR_35,Y,-172.672,-172.400,-0.272,,,,
Circle,CIR_42,X,-27.797,-27.063,-0.734,,,,Criterion : Least Square (From 6 Pts On PL_CL_42) 
Circle,CIR_42,Y,-246.968,-247.000,0.032,,,,
Circle,CIR_44,X,-364.828,-363.275,-1.553,,,,Criterion : Least Square (From 6 Pts On PL_CL_44) 
Circle,CIR_44,Y,-366.370,-365.850,-0.520,,,,
Circle,CIR_62,X,-364.454,-363.275,-1.179,,,,Criterion : Least Square (From 6 Pts On PL_INS_62) 
Circle,CIR_62,Y,-180.465,-180.850,0.385,,,,
Circle,CIR_47,X,-195.759,-195.125,-0.634,,,,Criterion : Least Square (From 8 Pts On PL_PLAST_47) 
Circle,CIR_47,Z,76.797,77.179,-0.383,,,,
Circle,CIR_48,X,-220.964,-220.125,-0.839,,,,Criterion : Least Square (From 6 Pts On PL_PLAST_48_TOP) 
Circle,CIR_48,Z,76.907,77.179,-0.272,,,,
Circle,CIR_49,X,-170.601,-170.125,-0.476,,,,Criterion : Least Square (From 6 Pts On PL_PLAST_49_TOP) 
Circle,CIR_49,Z,76.845,77.179,-0.334,,,,
Circle,2D_CIR_48,X,-25.132,-25.000,-0.132,,,,
Circle,2D_CIR_48,Z,0.143,0.000,0.143,,,,
Circle,2D_CIR_49,X,25.232,25.000,0.232,,,,
Circle,2D_CIR_49,Z,0.143,0.000,0.143,,,,
Circle,CIR_63,X,-364.862,-363.300,-1.562,,,,Criterion : Least Square (From 6 Pts On PL_INS_63) 
Circle,CIR_63,Y,-273.215,-273.600,0.385,,,,
Pos. Tol.,POS_63,PTOL,3.218,0.000,3.218,0.000,5.000,,CIR_63/NOMINAL - CS_ABC_BF - C-Zone - XY - Nominal
Distance,PROF_63,Z,150.759,151.400,-0.641,-1.500,1.500,,CIR_63 - PL_FIXTURE / CS_ABC_BF
Distance,H_63,Z,0.007,0.000,0.007,0.000,0.500,,CIR_63 - PL_PLAST_63 / CS_SRF_TEMP_BF_63
