Feat. Type,Feat. Name,Value,Actual,Nominal,Dev.,Tol-,Tol+,Out of Tol.,Comment
Text/Value,VAR_PROGRAM,VAL,,,,,,,'N:\Metrolog XG\Programmes\Ford Transmission Pan 10R\Ford Transmission Pan 10R Complete (Module_51).gm2'
Text/Value,VAR_EVENEMENT,VAL,,,,,,,'PPAP'
Text/Value,VAR_COMMENTAIRES,VAL,,,,,,,'C1P3'
Text/Value,PROFILE_A,VAL,0.216230,0.000000,0.216230,0.000000,0.250000,,
Circle,CIR_1,DIAM,7.110,7.100,0.010,-0.050,0.050,,Criterion : Least Square (From 4 Pts On PL_FIXTURE) 
Circle,CIR_1,X,0.000,0.000,0.000,,,,
Circle,CIR_1,Z,0.000,0.000,0.000,,,,
Circle,CIR_2,DIAM,7.117,7.100,0.017,-0.050,0.050,,Criterion : Least Square (From 4 Pts On PL_FIXTURE) 
Circle,CIR_2,X,-80.122,-80.079,-0.044,,,,
Circle,CIR_2,Z,-2.886,-2.811,-0.075,,,,
Circle,CIR_3,DIAM,7.116,7.100,0.016,-0.050,0.050,,Criterion : Least Square (From 4 Pts On PL_FIXTURE) 
Circle,CIR_3,X,-170.127,-170.079,-0.048,,,,
Circle,CIR_3,Z,-3.138,-2.811,-0.327,,,,
Circle,CIR_4,DIAM,7.994,8.300,-0.306,-0.050,0.050,-0.256,Criterion : Least Square (From 4 Pts On PL_FIXTURE) 
Circle,CIR_4,X,-224.625,-224.499,-0.126,,,,
Circle,CIR_4,Z,-4.647,-4.571,-0.076,,,,
Circle,CIR_5,DIAM,7.113,7.100,0.013,-0.050,0.050,,Criterion : Least Square (From 4 Pts On PL_FIXTURE) 
Circle,CIR_5,X,-249.637,-249.499,-0.138,,,,
Circle,CIR_5,Z,-1.622,-1.571,-0.051,,,,
Circle,CIR_6,DIAM,7.104,7.100,0.004,-0.050,0.050,,Criterion : Least Square (From 4 Pts On PL_FIXTURE) 
Circle,CIR_6,X,-272.680,-272.679,-0.001,,,,
Circle,CIR_6,Z,78.130,78.140,-0.009,,,,
Circle,CIR_7,DIAM,7.114,7.100,0.014,-0.050,0.050,,Criterion : Least Square (From 4 Pts On PL_FIXTURE) 
Circle,CIR_7,X,-272.918,-272.679,-0.239,,,,
Circle,CIR_7,Z,157.103,157.140,-0.036,,,,
Circle,CIR_8,DIAM,7.113,7.100,0.013,-0.050,0.050,,Criterion : Least Square (From 4 Pts On PL_FIXTURE) 
Circle,CIR_8,X,-273.081,-272.679,-0.402,,,,
Circle,CIR_8,Z,236.082,236.140,-0.057,,,,
Circle,CIR_9,DIAM,7.118,7.100,0.018,-0.050,0.050,,Criterion : Least Square (From 4 Pts On PL_FIXTURE) 
Circle,CIR_9,X,-272.927,-272.679,-0.249,,,,
Circle,CIR_9,Z,315.176,315.140,0.036,,,,
Circle,CIR_10,DIAM,7.119,7.100,0.019,-0.050,0.050,,Criterion : Least Square (From 4 Pts On PL_FIXTURE) 
Circle,CIR_10,X,-272.621,-272.679,0.057,,,,
Circle,CIR_10,Z,394.093,394.140,-0.047,,,,
Circle,CIR_11,DIAM,7.113,7.100,0.013,-0.050,0.050,,Criterion : Least Square (From 4 Pts On PL_FIXTURE) 
Circle,CIR_11,X,-254.628,-254.552,-0.077,,,,
Circle,CIR_11,Z,463.652,463.580,0.072,,,,
Circle,CIR_12,DIAM,7.115,7.100,0.015,-0.050,0.050,,Criterion : Least Square (From 4 Pts On PL_FIXTURE) 
Circle,CIR_12,X,-166.939,-166.879,-0.060,,,,
Circle,CIR_12,Z,474.698,474.589,0.108,,,,
Circle,CIR_13,DIAM,7.115,7.100,0.015,-0.050,0.050,,Criterion : Least Square (From 4 Pts On PL_FIXTURE) 
Circle,CIR_13,X,-79.357,-79.279,-0.079,,,,
Circle,CIR_13,Z,474.651,474.589,0.062,,,,
Circle,CIR_14,DIAM,7.959,8.300,-0.341,-0.050,0.050,-0.291,Criterion : Least Square (From 4 Pts On PL_FIXTURE) 
Circle,CIR_14,X,-19.490,-19.499,0.009,,,,
Circle,CIR_14,Z,473.296,473.429,-0.133,,,,
Circle,CIR_15,DIAM,7.110,7.100,0.010,-0.050,0.050,,Criterion : Least Square (From 4 Pts On PL_FIXTURE) 
Circle,CIR_15,X,8.371,8.321,0.050,,,,
Circle,CIR_15,Z,470.662,470.589,0.073,,,,
Circle,CIR_16,DIAM,7.117,7.100,0.017,-0.050,0.050,,Criterion : Least Square (From 4 Pts On PL_FIXTURE) 
Circle,CIR_16,X,17.470,17.321,0.148,,,,
Circle,CIR_16,Z,387.381,387.439,-0.058,,,,
Circle,CIR_17,DIAM,7.115,7.100,0.015,-0.050,0.050,,Criterion : Least Square (From 4 Pts On PL_FIXTURE) 
Circle,CIR_17,X,17.443,17.321,0.122,,,,
Circle,CIR_17,Z,304.165,304.239,-0.074,,,,
Circle,CIR_18,DIAM,7.117,7.100,0.017,-0.050,0.050,,Criterion : Least Square (From 4 Pts On PL_FIXTURE) 
Circle,CIR_18,X,17.375,17.321,0.053,,,,
Circle,CIR_18,Z,227.976,228.000,-0.024,,,,
Circle,CIR_19,DIAM,7.114,7.100,0.014,-0.050,0.050,,Criterion : Least Square (From 4 Pts On PL_FIXTURE) 
Circle,CIR_19,X,17.318,17.321,-0.003,,,,
Circle,CIR_19,Z,152.078,152.000,0.078,,,,
Circle,CIR_20,DIAM,7.115,7.100,0.015,-0.050,0.050,,Criterion : Least Square (From 4 Pts On PL_FIXTURE) 
Circle,CIR_20,X,17.297,17.321,-0.025,,,,
Circle,CIR_20,Z,76.058,76.000,0.058,,,,
Pos. Tol.,POS_1,PTOL,0.000,0.000,0.000,0.000,0.800,,CIR_1/NOMINAL - CS_ABC - C-Zone - XZ - Nominal
Pos. Tol.,POS_2,PTOL,0.174,0.000,0.174,0.000,0.800,,CIR_2/NOMINAL - CS_ABC - C-Zone - XZ - Nominal
Pos. Tol.,POS_3,PTOL,0.662,0.000,0.662,0.000,0.800,,CIR_3/NOMINAL - CS_ABC - C-Zone - XZ - Nominal
Pos. Tol.,POS_4,PTOL,0.294,0.000,0.294,0.000,0.800,,CIR_4/NOMINAL - CS_ABC - C-Zone - XZ - Nominal
Pos. Tol.,POS_5,PTOL,0.293,0.000,0.293,0.000,0.800,,CIR_5/NOMINAL - CS_ABC - C-Zone - XZ - Nominal
Pos. Tol.,POS_6,PTOL,0.019,0.000,0.019,0.000,0.800,,CIR_6/NOMINAL - CS_ABC - C-Zone - XZ - Nominal
Pos. Tol.,POS_7,PTOL,0.484,0.000,0.484,0.000,0.800,,CIR_7/NOMINAL - CS_ABC - C-Zone - XZ - Nominal
Pos. Tol.,POS_8,PTOL,0.813,0.000,0.813,0.000,0.800,0.013,CIR_8/NOMINAL - CS_ABC - C-Zone - XZ - Nominal
Pos. Tol.,POS_9,PTOL,0.503,0.000,0.503,0.000,0.800,,CIR_9/NOMINAL - CS_ABC - C-Zone - XZ - Nominal
Pos. Tol.,POS_10,PTOL,0.148,0.000,0.148,0.000,0.800,,CIR_10/NOMINAL - CS_ABC - C-Zone - XZ - Nominal
Pos. Tol.,POS_11,PTOL,0.210,0.000,0.210,0.000,0.800,,CIR_11/NOMINAL - CS_ABC - C-Zone - XZ - Nominal
Pos. Tol.,POS_12,PTOL,0.248,0.000,0.248,0.000,0.800,,CIR_12/NOMINAL - CS_ABC - C-Zone - XZ - Nominal
Pos. Tol.,POS_13,PTOL,0.201,0.000,0.201,0.000,0.800,,CIR_13/NOMINAL - CS_ABC - C-Zone - XZ - Nominal
Pos. Tol.,POS_14,PTOL,0.266,0.000,0.266,0.000,0.800,,CIR_14/NOMINAL - CS_ABC - C-Zone - XZ - Nominal
Pos. Tol.,POS_15,PTOL,0.177,0.000,0.177,0.000,0.800,,CIR_15/NOMINAL - CS_ABC - C-Zone - XZ - Nominal
Pos. Tol.,POS_16,PTOL,0.319,0.000,0.319,0.000,0.800,,CIR_16/NOMINAL - CS_ABC - C-Zone - XZ - Nominal
Pos. Tol.,POS_17,PTOL,0.285,0.000,0.285,0.000,0.800,,CIR_17/NOMINAL - CS_ABC - C-Zone - XZ - Nominal
Pos. Tol.,POS_18,PTOL,0.116,0.000,0.116,0.000,0.800,,CIR_18/NOMINAL - CS_ABC - C-Zone - XZ - Nominal
Pos. Tol.,POS_19,PTOL,0.155,0.000,0.155,0.000,0.800,,CIR_19/NOMINAL - CS_ABC - C-Zone - XZ - Nominal
Pos. Tol.,POS_20,PTOL,0.126,0.000,0.126,0.000,0.800,,CIR_20/NOMINAL - CS_ABC - C-Zone - XZ - Nominal
Perpend.,PERP_B,PERP,0.009,0.000,0.009,0.000,0.130,,CYL_B/PL_FIXTURE - C-Zone - Cloud of Points 
Profile of Line,PROFILE_INSIDE_PAN_AT_GAGE,PRFL,2.547,0.000,2.547,0.000,3.000,,SECTION_INSIDE_2.5MM
