Feat. Type,Feat. Name,Value,Actual,Nominal,Dev.,Tol-,Tol+,Out of Tol.,Comment
Text/Value,VAR_PROGRAM,VAL,,,,,,,'N:\Metrolog XG\Programmes\Denso 640F\Denso 640F Complet (Module 51).gm2'
Text/Value,VAR_EVENEMENT,VAL,,,,,,,'Fip 8589'
Text/Value,VAR_COMMENTAIRES,VAL,,,,,,,'Part No.338 B'
Circle,CIR_1,DIAM,9.208,9.000,0.208,-0.450,0.350,,Criterion : Least Square (From 6 Pts On PL_FIXTURE) 
Circle,CIR_1,X,0.000,0.000,0.000,,,,
Circle,CIR_1,Y,0.000,0.000,0.000,,,,
Pos. Tol.,POS_1,PTOL,0.000,0.000,0.000,0.658,1.158,,CIR_1(M)/NOMINAL - CS_ABC - C-Zone - XY - Nominal
Circle,CIR_6,DIAM,9.185,9.000,0.185,-0.450,0.350,,Criterion : Least Square (From 6 Pts On PL_FIXTURE) 
Circle,CIR_6,X,264.472,264.700,-0.228,,,,
Circle,CIR_6,Y,-432.335,-432.500,0.165,,,,
Pos. Tol.,POS_6,PTOL,0.563,0.000,0.563,0.635,1.135,,CIR_6(M)/NOMINAL - CS_ABC - C-Zone - XY - Nominal
Circle,CIR_10,DIAM,9.230,9.000,0.230,-0.450,0.350,,Criterion : Least Square (From 8 Pts On PL_FIXTURE) 
Circle,CIR_10,X,281.211,281.200,0.011,,,,
Circle,CIR_10,Y,-24.501,-24.500,-0.001,,,,
Pos. Tol.,POS_10,PTOL,0.023,0.000,0.023,0.680,1.180,,CIR_10(M)/NOMINAL - CS_ABC - C-Zone - XY - Nominal
Flatness,FLAT_LASER_WELD,FLTN,0.372,0.000,0.372,0.000,0.400,,PL_LASER_WELD
Text/Value,PERPENDICULARITY_LASER_WELD,VAL,0.226352,0.210000,0.016352,-0.050000,0.050000,,
Distance,DISTANCE_LASER_WELD_TBDN_1,Y,-18.488,-17.824,-0.664,,,,PL_LASER_WELD_PNT42 - CIR_6 / CS_CIR_6_TBDN
Distance,DISTANCE_LASER_WELD_TBDN_2,Y,-18.555,-17.824,-0.731,,,,PL_LASER_WELD_PNT3 - CIR_6 / CS_CIR_6_TBDN
Distance,DISTANCE_LASER_WELD_TBDN_3,Y,-18.596,-17.824,-0.772,,,,PL_LASER_WELD_PNT9 - CIR_6 / CS_CIR_6_TBDN
Distance,DISTANCE_LASER_WELD_TBDN_4,Y,-18.528,-17.824,-0.704,,,,PL_LASER_WELD_PNT15 - CIR_6 / CS_CIR_6_TBDN
Distance,DISTANCE_LASER_WELD_TBDN_5,Y,-18.485,-17.824,-0.661,,,,PL_LASER_WELD_PNT22 - CIR_6 / CS_CIR_6_TBDN
Distance,DISTANCE_LASER_WELD_TBDN_6,Y,-18.369,-17.824,-0.545,,,,PL_LASER_WELD_PNT25 - CIR_6 / CS_CIR_6_TBDN
Distance,DISTANCE_LASER_WELD_TBDN_7,Y,-18.438,-17.824,-0.614,,,,PL_LASER_WELD_PNT31 - CIR_6 / CS_CIR_6_TBDN
Distance,DISTANCE_LASER_WELD_TBDN_8,Y,-18.540,-17.824,-0.716,,,,PL_LASER_WELD_PNT36 - CIR_6 / CS_CIR_6_TBDN
