Feat. Type,Feat. Name,Value,Actual,Nominal,Dev.,Tol-,Tol+,Out of Tol.,Comment
Text/Value,VAR_PROGRAM,VAL,,,,,,,'N:\Metrolog XG\Programmes\GM Impala\GM Impala Boss Height Module 18.gm2'
Text/Value,VAR_EVENEMENT,VAL,,,,,,,'SMED'
Text/Value,VAR_COMMENTAIRES,VAL,,,,,,,'338 C'
Distance,DIST_BOSS_4,D1,92.667,92.550,0.117,-0.250,0.250,,CR_FL_CL_4 - CR_TOP_CL_4 / MAIN_ABC
Distance,DIST_BOSS_5,D1,92.441,92.550,-0.109,-0.250,0.250,,CR_FL_CL_5 - CR_TOP_CL_5 / MAIN_ABC
Distance,DIST_BOSS_6,D1,92.511,92.550,-0.039,-0.250,0.250,,CR_FL_CL_6 - CR_TOP_CL_6 / MAIN_ABC
