Feat. Type,Feat. Name,Value,Actual,Nominal,Dev.,Tol-,Tol+,Out of Tol.,Comment
Text/Value,VAR_PROGRAM,VAL,,,,,,,'N:\Metrolog XG\Programmes\Ford Transmission Pan 10R\Ford Transmission Pan 10R Free State (Module_44).gm2'
Text/Value,VAR_EVENEMENT,VAL,,,,,,,'PPAP'
Text/Value,VAR_COMMENTAIRES,VAL,,,,,,,'Part No. C1-28'
Flatness,FLAT_A,FLTN,1.958,0.000,1.958,0.000,3.500,,PL_DATUM_A
Flatness,FLAT_A_SECT_1,FLTN,0.265,0.000,0.265,0.000,1.750,,PL_DATUM_A_SECT_1
Flatness,FLAT_A_SECT_2,FLTN,1.111,0.000,1.111,0.000,1.750,,PL_DATUM_A_SECT_2
Flatness,FLAT_A_SECT_3,FLTN,0.986,0.000,0.986,0.000,1.750,,PL_DATUM_A_SECT_3
Flatness,FLAT_A_SECT_4,FLTN,0.137,0.000,0.137,0.000,1.750,,PL_DATUM_A_SECT_4
Distance,H_1,D1,10.075,10.050,0.025,-0.100,0.100,,CIR_FLANGE_1 - CIR_PRJ_TOP_1 / CS_CAD_CIR_20
Distance,H_2,D1,10.075,10.050,0.025,-0.100,0.100,,CIR_FLANGE_2 - CIR_PRJ_TOP_2 / CS_CAD_CIR_20
Distance,H_3,D1,10.041,10.050,-0.009,-0.100,0.100,,CIR_FLANGE_3 - CIR_PRJ_TOP_3 / CS_CAD_CIR_20
Distance,H_4,D1,9.961,10.050,-0.089,-0.100,0.100,,CIR_FLANGE_4 - CIR_PRJ_TOP_4 / CS_CAD_CIR_20
Distance,H_5,D1,10.039,10.050,-0.011,-0.100,0.100,,CIR_FLANGE_5 - CIR_PRJ_TOP_5 / CS_CAD_CIR_20
Distance,H_6,D1,10.040,10.050,-0.010,-0.100,0.100,,CIR_FLANGE_6 - CIR_PRJ_TOP_6 / CS_CAD_CIR_20
Distance,H_7,D1,10.096,10.050,0.046,-0.100,0.100,,CIR_FLANGE_7 - CIR_PRJ_TOP_7 / CS_CAD_CIR_20
Distance,H_8,D1,10.052,10.050,0.002,-0.100,0.100,,CIR_FLANGE_8 - CIR_PRJ_TOP_8 / CS_CAD_CIR_20
Distance,H_9,D1,10.065,10.050,0.015,-0.100,0.100,,CIR_FLANGE_9 - CIR_PRJ_TOP_9 / CS_CAD_CIR_20
Distance,H_10,D1,10.027,10.050,-0.023,-0.100,0.100,,CIR_FLANGE_10 - CIR_PRJ_TOP_10 / CS_CAD_CIR_20
Distance,H_11,D1,10.020,10.050,-0.030,-0.100,0.100,,CIR_FLANGE_11 - CIR_PRJ_TOP_11 / CS_CAD_CIR_20
Distance,H_12,D1,10.050,10.050,-0.000,-0.100,0.100,,CIR_FLANGE_12 - CIR_PRJ_TOP_12 / CS_CAD_CIR_20
Distance,H_13,D1,10.051,10.050,0.001,-0.100,0.100,,CIR_FLANGE_13 - CIR_PRJ_TOP_13 / CS_CAD_CIR_20
Distance,H_14,D1,10.099,10.050,0.049,-0.100,0.100,,CIR_FLANGE_14 - CIR_PRJ_TOP_14 / CS_CAD_CIR_20
Distance,H_15,D1,10.166,10.050,0.116,-0.100,0.100,0.016,CIR_FLANGE_15 - CIR_PRJ_TOP_15 / CS_CAD_CIR_20
Distance,H_16,D1,10.087,10.050,0.037,-0.100,0.100,,CIR_FLANGE_16 - CIR_PRJ_TOP_16 / CS_CAD_CIR_20
Distance,H_17,D1,10.141,10.050,0.091,-0.100,0.100,,CIR_FLANGE_17 - CIR_PRJ_TOP_17 / CS_CAD_CIR_20
Distance,H_18,D1,10.050,10.050,-0.000,-0.100,0.100,,CIR_FLANGE_18 - CIR_PRJ_TOP_18 / CS_CAD_CIR_20
Distance,H_19,D1,10.069,10.050,0.019,-0.100,0.100,,CIR_FLANGE_19 - CIR_PRJ_TOP_19 / CS_CAD_CIR_20
Distance,H_20,D1,10.068,10.050,0.018,-0.100,0.100,,CIR_FLANGE_20 - CIR_PRJ_TOP_20 / CS_CAD_CIR_20
