Feat. Type,Feat. Name,Value,Actual,Nominal,Dev.,Tol-,Tol+,Out of Tol.,Comment
Text/Value,VAR_PROGRAM,VAL,,,,,,,'N:\Metrolog XG\Programmes\D-37\D-37 Hauteur Plastic Crush Rib Module 44.gm2'
Text/Value,VAR_EVENEMENT,VAL,,,,,,,'D�marrage SMED'
Text/Value,VAR_COMMENTAIRES,VAL,,,,,,,'350 C'
Circle,CIR_3_FL,X,124.122,124.294,-0.172,,,,Criterion : Least Square (From 6 Pts On PL_PLAST_FL_3) 
Circle,CIR_3_FL,Z,-30.240,-30.147,-0.093,,,,
Pos. Tol.,POS_3_FLANGE,PTOL,0.391,0.000,0.391,0.000,1.000,,CIR_3_FL/NOMINAL - CS_ABC - C-Zone - XZ - Nominal
Circle,CIR_3_TOP,X,124.104,124.294,-0.191,,,,Criterion : Least Square (From 6 Pts On PL_PLAST_TOP_3) 
Circle,CIR_3_TOP,Z,-30.620,-30.147,-0.474,,,,
Pos. Tol.,POS_3_TOP,PTOL,1.021,0.000,1.021,0.000,2.000,,CIR_3_TOP/NOMINAL - CS_ABC - C-Zone - XZ - Nominal
Distance,PLASTIC_HEIGHT,D1,100.667,100.600,0.067,-0.300,0.300,,CIR_3_FL - CIR_3_TOP / CS_ABC
