Feat. Type,Feat. Name,Value,Actual,Nominal,Dev.,Tol-,Tol+,Out of Tol.,Comment
Text/Value,VAR_PROGRAM,VAL,,,,,,,'N:\Metrolog XG\Programmes\Corvette LT1\Corvette LT1 Complete (Module 51).gm2'
Text/Value,VAR_EVENEMENT,VAL,,,,,,,'Demarrage 286 C'
Text/Value,VAR_COMMENTAIRES,VAL,,,,,,,'Part No.'
Angle,ANGLE_DATUM_A,3D,32.094,32.000,0.094,,,,PL_TOP_OP1_OP2_OP3_OP4 - ZX-PLANE / CS_A-BC_BF_SURFACE
Angle,ANGLE_DATUM_B,3D,32.029,32.000,0.029,,,,PL_TOP_OP5_OP6_OP7_OP8 - ZX-PLANE / CS_A-BC_BF_SURFACE
Angle,ANGLE_25,3D,7.634,,,,,,LINE_25 - X-AXIS / CS_A-BC_BF_SURFACE_ROT
Angle,ANGLE_TBA,3D,18.223,18.000,0.223,,,,PL_DATUM_D - ZX-PLANE / CS_A-BC_BF_SURFACE_ROT
Circle,CIR1,DIAM,12.922,12.912,0.011,-0.150,0.400,,From 4 Pts On PL_CIR_1
Circle,CIR1,X,-151.856,-151.990,0.134,,,,
Circle,CIR1,Y,-157.572,-158.070,0.498,,,,
Circle,CIR2,DIAM,12.916,12.912,0.004,-0.150,0.400,,From 4 Pts On PL_CIR_2
Circle,CIR2,X,-151.785,-151.990,0.205,,,,
Circle,CIR2,Y,-46.302,-46.310,0.008,,,,
Circle,CIR3,DIAM,12.926,12.912,0.015,-0.150,0.400,,From 4 Pts On PL_CIR_3
Circle,CIR3,X,-151.303,-151.990,0.687,,,,
Circle,CIR3,Y,65.555,65.450,0.105,,,,
Circle,CIR4,DIAM,12.931,12.912,0.019,-0.150,0.400,,From 4 Pts On PL_CIR_4
Circle,CIR4,X,-151.401,-151.990,0.589,,,,
Circle,CIR4,Y,177.137,177.210,-0.073,,,,
Circle,CIR5,DIAM,12.865,12.912,-0.047,-0.150,0.400,,From 4 Pts On PL_CIR_5
Circle,CIR5,X,-151.838,-151.990,0.152,,,,
Circle,CIR5,Y,248.444,248.730,-0.286,,,,
Circle,CIR6,DIAM,12.898,12.912,-0.014,-0.150,0.400,,From 4 Pts On PL_CIR_6
Circle,CIR6,X,151.659,151.990,-0.331,,,,
Circle,CIR6,Y,222.975,223.520,-0.545,,,,
Circle,CIR7,DIAM,12.927,12.912,0.015,-0.150,0.400,,From 4 Pts On PL_CIR_7
Circle,CIR7,X,151.418,151.990,-0.572,,,,
Circle,CIR7,Y,111.735,111.760,-0.025,,,,
Circle,CIR8,DIAM,12.916,12.912,0.004,-0.150,0.400,,From 4 Pts On PL_CIR_8
Circle,CIR8,X,151.854,151.990,-0.136,,,,
Circle,CIR8,Y,0.407,-0.000,0.407,,,,
Circle,CIR9,DIAM,12.928,12.912,0.016,-0.150,0.400,,From 4 Pts On PL_CIR_9
Circle,CIR9,X,151.724,151.990,-0.266,,,,
Circle,CIR9,Y,-111.230,-111.760,0.530,,,,
Circle,CIR10,DIAM,12.910,12.912,-0.001,-0.150,0.400,,From 4 Pts On PL_CIR_10
Circle,CIR10,X,151.979,151.990,-0.011,,,,
Circle,CIR10,Y,-182.640,-183.280,0.640,,,,
Circle,CIR_11,X,161.128,161.000,0.128,,,,Criterion : Least Square (From 6 Pts On PL_INS_11) 
Circle,CIR_11,Y,-147.181,-147.520,0.339,,,,
Circle,CIR_12,X,161.193,161.000,0.193,,,,Criterion : Least Square (From 6 Pts On PL_INS_12) 
Circle,CIR_12,Y,88.228,88.000,0.228,,,,
Circle,CIR_13,X,-160.972,-161.000,0.028,,,,Criterion : Least Square (From 6 Pts On PL_INS_13) 
Circle,CIR_13,Y,101.304,101.210,0.094,,,,
Circle,CIR_14,X,-161.262,-161.000,-0.262,,,,Criterion : Least Square (From 6 Pts On PL_INS_14) 
Circle,CIR_14,Y,-122.097,-122.310,0.213,,,,
Circle,CIR_15,DIAM,12.135,12.050,0.085,-0.080,0.130,,Criterion : Least Square (From 12 Pts On PL_PLAST_15) 
Circle,CIR_15,X,137.458,137.000,0.458,,,,
Circle,CIR_15,Y,43.790,43.620,0.170,,,,
Circle,CIR_15,Z,175.293,175.490,-0.197,,,,
Circle,CIR_16,DIAM,4.871,4.800,0.071,-0.250,0.250,,Criterion : Least Square (From 6 Pts On PL_PLAST_15) 
Circle,CIR_16,X,0.000,0.000,0.000,,,,
Circle,CIR_16,Y,-17.465,-17.530,0.065,,,,
Circle,CIR_16,Z,-0.035,0.000,-0.035,,,,
Circle,CIR_17_2,DIAM,17.022,17.000,0.022,-0.050,0.050,,Criterion : Least Square (From 12 Pts On PL_17) 
Circle,CIR_19,DIAM,88.025,87.989,0.037,,,,Criterion : Least Square (From 12 Pts On PL_DATUM_D) 
Circle,CIR_19,X,0.675,-0.000,0.675,,,,
Circle,CIR_19,Y,-225.177,-225.090,-0.088,,,,
Circle,CIR_19,Z,215.501,215.810,-0.309,,,,
Circle,CIR_20,X,52.902,52.000,0.902,,,,Criterion : Least Square (From 6 Pts On PL_INS_20) 
Circle,CIR_20,Y,-225.190,-225.790,0.599,,,,
Circle,CIR_20,Z,250.069,250.810,-0.741,,,,
Circle,CIR_21,X,52.626,52.000,0.626,,,,Criterion : Least Square (From 6 Pts On PL_INS_21) 
Circle,CIR_21,Y,-225.006,-225.340,0.334,,,,
Circle,CIR_21,Z,180.529,180.810,-0.281,,,,
Circle,CIR_22,X,-51.500,-52.000,0.500,,,,Criterion : Least Square (From 6 Pts On PL_INS_22) 
Circle,CIR_22,Y,-225.066,-225.790,0.723,,,,
Circle,CIR_22,Z,180.979,180.810,0.169,,,,
Circle,CIR_23,X,-51.088,-52.000,0.912,,,,Criterion : Least Square (From 6 Pts On PL_INS_23) 
Circle,CIR_23,Y,-225.433,-225.577,0.144,,,,
Circle,CIR_23,Z,250.590,250.810,-0.220,,,,
Circle,2D_CIR_19,X,0.000,0.000,0.000,-0.050,0.050,,
Circle,2D_CIR_19,Z,0.000,0.000,0.000,-0.050,0.050,,
Circle,2D_CIR_20,X,52.003,52.000,0.003,,,,
Circle,2D_CIR_20,Z,34.775,35.000,-0.225,,,,
Circle,2D_CIR_21,X,52.057,52.000,0.057,,,,
Circle,2D_CIR_21,Z,-34.766,-35.000,0.234,,,,
Circle,2D_CIR_22,X,-52.070,-52.000,-0.070,,,,
Circle,2D_CIR_22,Z,-34.811,-35.000,0.189,,,,
Circle,2D_CIR_23,X,-51.990,-52.000,0.010,,,,
Circle,2D_CIR_23,Z,34.802,35.000,-0.198,,,,
Circle,CIR_25_GAGE_6,DIAM,12.138,12.170,-0.032,-0.120,0.080,,Criterion : Least Square (From 12 Pts On PL_PLAST_25_26) 
Circle,CIR_25_GAGE_6,X,-62.086,-63.396,1.309,,,,
Circle,CIR_25_GAGE_6,Y,-214.225,-214.658,0.433,,,,
Circle,CIR_25_GAGE_6,Z,155.362,155.214,0.148,,,,
Circle,CIR_26,X,0.208,0.000,0.208,,,,Criterion : Least Square (From 6 Pts On PL_INS_26) 
Circle,CIR_26,Y,0.000,0.000,0.000,,,,
Circle,CIR_26,Z,-23.289,-23.500,0.211,,,,
Circle,CIR_18,DIAM,9.889,9.890,-0.001,-0.085,0.085,,Inters. PL_18 - CYL_18.
Circle,CIR_18,X,113.097,112.500,0.597,,,,
Circle,CIR_18,Y,-258.771,-258.800,0.029,,,,
Circle,CIR_18,Z,160.693,160.500,0.193,,,,
Distance,DIAM_C,D1,8.778,8.860,-0.082,-0.150,0.150,,SRF_C_TOP - SRF_C_LOW / CS_A-BC_BF_SURFACE
Distance,H_11,Z,0.251,0.000,0.251,0.000,0.500,,CIR_11 - PL_PLAST_11 / CS_CIR_11
Distance,H_12,Z,0.188,0.000,0.188,0.000,0.500,,CIR_12 - PL_PLAST_12 / CS_CIR_12
Distance,H_13,Z,0.330,0.000,0.330,0.000,0.500,,CIR_13 - PL_PLAST_13 / CS_CIR_13
Distance,H_14,Z,0.200,0.000,0.200,0.000,0.500,,CIR_14 - PL_PLAST_14 / CS_CIR_14
Distance,H_20,Y,0.105,0.000,0.105,0.000,0.500,,CIR_20 - PL_PLAST_20 / CS_DE_BF_ROT
Distance,H_21,Y,0.230,0.000,0.230,0.000,0.500,,CIR_21 - PL_PLAST_21 / CS_DE_BF_ROT
Distance,H_22,Y,0.211,0.000,0.211,0.000,0.500,,CIR_22 - PL_PLAST_22 / CS_DE_BF_ROT
Distance,H_23,Y,0.191,0.000,0.191,0.000,0.500,,CIR_23 - PL_PLAST_23 / CS_DE_BF_ROT
Distance,H_26,X,0.211,0.000,0.211,0.000,0.500,,CIR_26 - PL_PLAST_25_26 / CS_H_ROT_180
Distance,OP1_DEPTH_1,D1,4.976,5.000,-0.024,-0.300,0.300,,PL_DATUM_K - OP1_PT1_DEPTH / CS_BF_OP1
Distance,OP1_DEPTH_2,D1,4.948,5.000,-0.052,-0.300,0.300,,PL_DATUM_K - OP1_PT2_DEPTH / CS_BF_OP1
Distance,OP1_DEPTH_3,D1,4.939,5.000,-0.061,-0.300,0.300,,PL_DATUM_K - OP1_PT3_DEPTH / CS_BF_OP1
Distance,OP1_DEPTH_4,D1,5.029,5.000,0.029,-0.300,0.300,,PL_DATUM_K - OP1_PT4_DEPTH / CS_BF_OP1
Distance,OP1_DEPTH_5,D1,5.209,5.000,0.209,-0.300,0.300,,PL_DATUM_K - OP1_PT5_DEPTH / CS_BF_OP1
Distance,OP1_DEPTH_6,D1,5.234,5.000,0.234,-0.300,0.300,,PL_DATUM_K - OP1_PT6_DEPTH / CS_BF_OP1
Distance,OP1_DEPTH_7,D1,5.162,5.000,0.162,-0.300,0.300,,PL_DATUM_K - OP1_PT7_DEPTH / CS_BF_OP1
Distance,OP1_DEPTH_8,D1,5.064,5.000,0.064,-0.300,0.300,,PL_DATUM_K - OP1_PT8_DEPTH / CS_BF_OP1
Distance,OP1_WIDTH_1,D1,2.943,2.900,0.043,-0.150,0.150,,OP1_PT1_OW_GAGE - OP1_PT1_IW_GAGE / CS_BF_OP1
Distance,OP1_WIDTH_2,D1,2.860,2.900,-0.040,-0.150,0.150,,OP1_PT2_OW_GAGE - OP1_PT2_IW_GAGE / CS_BF_OP1
Distance,OP1_WIDTH_3,D1,2.937,2.900,0.037,-0.150,0.150,,OP1_PT3_OW_GAGE - OP1_PT3_IW_GAGE / CS_BF_OP1
Distance,OP1_WIDTH_4,D1,2.815,2.900,-0.085,-0.150,0.150,,OP1_PT4_OW_GAGE - OP1_PT4_IW_GAGE / CS_BF_OP1
Distance,OP1_WIDTH_5,D1,2.952,2.900,0.052,-0.150,0.150,,OP1_PT5_OW_GAGE - OP1_PT5_IW_GAGE / CS_BF_OP1
Distance,OP1_WIDTH_6,D1,2.985,2.900,0.085,-0.150,0.150,,OP1_PT6_OW_GAGE - OP1_PT6_IW_GAGE / CS_BF_OP1
Distance,OP1_WIDTH_7,D1,2.756,2.900,-0.144,-0.200,0.150,,OP1_PT7_OW_GAGE - OP1_PT7_IW_GAGE / CS_BF_OP1
Distance,OP1_WIDTH_8,D1,2.999,2.900,0.099,-0.150,0.150,,OP1_PT8_OW_GAGE - OP1_PT8_IW_GAGE / CS_BF_OP1
Distance,OP2_DEPTH_1,D1,4.947,5.000,-0.053,-0.300,0.300,,PL_DATUM_K - OP2_PT1_DEPTH / CS_BF_OP2
Distance,OP2_DEPTH_2,D1,4.949,5.000,-0.051,-0.300,0.300,,PL_DATUM_K - OP2_PT2_DEPTH / CS_BF_OP2
Distance,OP2_DEPTH_3,D1,4.941,5.000,-0.059,-0.300,0.300,,PL_DATUM_K - OP2_PT3_DEPTH / CS_BF_OP2
Distance,OP2_DEPTH_4,D1,4.979,5.000,-0.021,-0.300,0.300,,PL_DATUM_K - OP2_PT4_DEPTH / CS_BF_OP2
Distance,OP2_DEPTH_5,D1,5.231,5.000,0.231,-0.300,0.300,,PL_DATUM_K - OP2_PT5_DEPTH / CS_BF_OP2
Distance,OP2_DEPTH_6,D1,5.204,5.000,0.204,-0.300,0.300,,PL_DATUM_K - OP2_PT6_DEPTH / CS_BF_OP2
Distance,OP2_DEPTH_7,D1,5.164,5.000,0.164,-0.300,0.300,,PL_DATUM_K - OP2_PT7_DEPTH / CS_BF_OP2
Distance,OP2_DEPTH_8,D1,5.138,5.000,0.138,-0.300,0.300,,PL_DATUM_K - OP2_PT8_DEPTH / CS_BF_OP2
Distance,OP2_WIDTH_1,D1,3.014,2.900,0.114,-0.150,0.150,,OP2_PT1_OW_GAGE - OP2_PT1_IW_GAGE / CS_BF_OP2
Distance,OP2_WIDTH_2,D1,2.982,2.900,0.082,-0.150,0.150,,OP2_PT2_OW_GAGE - OP2_PT2_IW_GAGE / CS_BF_OP2
Distance,OP2_WIDTH_3,D1,3.007,2.900,0.107,-0.150,0.150,,OP2_PT3_OW_GAGE - OP2_PT3_IW_GAGE_OFFSET / CS_BF_OP2
Distance,OP2_WIDTH_4,D1,2.979,2.900,0.079,-0.150,0.150,,OP2_PT4_OW_GAGE - OP2_PT4_IW_GAGE / CS_BF_OP2
Distance,OP2_WIDTH_5,D1,2.987,2.900,0.087,-0.150,0.150,,OP2_PT5_OW_GAGE - OP2_PT5_IW_GAGE / CS_BF_OP2
Distance,OP2_WIDTH_6,D1,2.925,2.900,0.025,-0.150,0.150,,OP2_PT6_OW_GAGE - OP2_PT6_IW_GAGE / CS_BF_OP2
Distance,OP2_WIDTH_7,D1,2.966,2.900,0.066,-0.150,0.150,,OP2_PT7_OW_GAGE - OP2_PT7_IW_GAGE / CS_BF_OP2
Distance,OP2_WIDTH_8,D1,2.989,2.900,0.089,-0.150,0.150,,OP2_PT8_OW_GAGE - OP2_PT8_IW_GAGE / CS_BF_OP2
Distance,OP3_DEPTH_1,D1,4.962,5.000,-0.038,-0.300,0.300,,PL_DATUM_K - OP3_PT1_DEPTH / CS_BF_OP3
Distance,OP3_DEPTH_2,D1,4.931,5.000,-0.069,-0.300,0.300,,PL_DATUM_K - OP3_PT2_DEPTH / CS_BF_OP3
Distance,OP3_DEPTH_3,D1,4.968,5.000,-0.032,-0.300,0.300,,PL_DATUM_K - OP3_PT3_DEPTH / CS_BF_OP3
Distance,OP3_DEPTH_4,D1,4.993,5.000,-0.007,-0.300,0.300,,PL_DATUM_K - OP3_PT4_DEPTH / CS_BF_OP3
Distance,OP3_DEPTH_5,D1,5.095,5.000,0.095,-0.300,0.300,,PL_DATUM_K - OP3_PT5_DEPTH / CS_BF_OP3
Distance,OP3_DEPTH_6,D1,5.144,5.000,0.144,-0.300,0.300,,PL_DATUM_K - OP3_PT6_DEPTH / CS_BF_OP3
Distance,OP3_DEPTH_7,D1,5.172,5.000,0.172,-0.300,0.300,,PL_DATUM_K - OP3_PT7_DEPTH / CS_BF_OP3
Distance,OP3_DEPTH_8,D1,5.192,5.000,0.192,-0.300,0.300,,PL_DATUM_K - OP3_PT8_DEPTH / CS_BF_OP3
Distance,OP3_WIDTH_1,D1,2.945,2.900,0.045,-0.150,0.150,,OP3_PT1_OW_GAGE - OP3_PT1_IW_GAGE / CS_BF_OP3
Distance,OP3_WIDTH_2,D1,2.952,2.900,0.052,-0.150,0.150,,OP3_PT2_OW_GAGE - OP3_PT2_IW_GAGE / CS_BF_OP3
Distance,OP3_WIDTH_3,D1,2.897,2.900,-0.003,-0.150,0.150,,OP3_PT3_OW_GAGE - OP3_PT3_IW_GAGE / CS_BF_OP3
Distance,OP3_WIDTH_4,D1,2.960,2.900,0.060,-0.150,0.150,,OP3_PT4_OW_GAGE - OP3_PT4_IW_GAGE / CS_BF_OP3
Distance,OP3_WIDTH_5,D1,2.909,2.900,0.009,-0.150,0.150,,OP3_PT5_OW_GAGE - OP3_PT5_IW_GAGE / CS_BF_OP3
Distance,OP3_WIDTH_6,D1,2.981,2.900,0.081,-0.150,0.150,,OP3_PT6_OW_GAGE - OP3_PT6_IW_GAGE / CS_BF_OP3
Distance,OP3_WIDTH_7,D1,2.944,2.900,0.044,-0.150,0.150,,OP3_PT7_OW_GAGE - OP3_PT7_IW_GAGE / CS_BF_OP3
Distance,OP3_WIDTH_8,D1,2.938,2.900,0.038,-0.150,0.150,,OP3_PT8_OW_GAGE - OP3_PT8_IW_GAGE / CS_BF_OP3
Distance,OP4_DEPTH_1,D1,5.041,5.000,0.041,-0.300,0.300,,PL_DATUM_K - OP4_PT1_DEPTH / CS_BF_OP4
Distance,OP4_DEPTH_2,D1,5.029,5.000,0.029,-0.300,0.300,,PL_DATUM_K - OP4_PT2_DEPTH / CS_BF_OP4
Distance,OP4_DEPTH_3,D1,5.048,5.000,0.048,-0.300,0.300,,PL_DATUM_K - OP4_PT3_DEPTH / CS_BF_OP4
Distance,OP4_DEPTH_5,D1,5.215,5.000,0.215,-0.300,0.300,,PL_DATUM_K - OP4_PT5_DEPTH / CS_BF_OP4
Distance,OP4_DEPTH_6,D1,5.215,5.000,0.215,-0.300,0.300,,PL_DATUM_K - OP4_PT6_DEPTH / CS_BF_OP4
Distance,OP4_DEPTH_7,D1,5.221,5.000,0.221,-0.300,0.300,,PL_DATUM_K - OP4_PT7_DEPTH / CS_BF_OP4
Distance,OP4_DEPTH_8,D1,5.242,5.000,0.242,-0.300,0.300,,PL_DATUM_K - OP4_PT8_DEPTH / CS_BF_OP4
Distance,OP4_WIDTH_1,D1,2.931,2.900,0.031,-0.150,0.150,,OP4_PT1_OW_GAGE - OP4_PT1_IW_GAGE / CS_BF_OP4
Distance,OP4_WIDTH_2,D1,2.900,2.900,-0.000,-0.150,0.150,,OP4_PT2_OW_GAGE - OP4_PT2_IW_GAGE / CS_BF_OP4
Distance,OP4_WIDTH_3,D1,3.042,2.900,0.142,-0.150,0.150,,OP4_PT3_OW_GAGE - OP4_PT3_IW_GAGE / CS_BF_OP4
Distance,OP4_WIDTH_5,D1,2.924,2.900,0.024,-0.150,0.150,,OP4_PT5_OW_GAGE - OP4_PT5_IW_GAGE / CS_BF_OP4
Distance,OP4_WIDTH_6,D1,2.889,2.900,-0.011,-0.150,0.150,,OP4_PT6_OW_GAGE - OP4_PT6_IW_GAGE / CS_BF_OP4
Distance,OP4_WIDTH_7,D1,2.917,2.900,0.017,-0.150,0.150,,OP4_PT7_OW_GAGE - OP4_PT7_IW_GAGE / CS_BF_OP4
Distance,OP4_WIDTH_8,D1,2.972,2.900,0.072,-0.150,0.150,,OP4_PT8_OW_GAGE - OP4_PT8_IW_GAGE / CS_BF_OP4
Distance,OP5_DEPTH_1,D1,4.999,5.000,-0.001,-0.300,0.300,,PL_DATUM_J - OP5_PT1_DEPTH / CS_BF_OP5
Distance,OP5_DEPTH_2,D1,4.978,5.000,-0.022,-0.300,0.300,,PL_DATUM_J - OP5_PT2_DEPTH / CS_BF_OP5
Distance,OP5_DEPTH_3,D1,4.956,5.000,-0.044,-0.300,0.300,,PL_DATUM_J - OP5_PT3_DEPTH / CS_BF_OP5
Distance,OP5_DEPTH_4,D1,5.053,5.000,0.053,-0.300,0.300,,PL_DATUM_J - OP5_PT4_DEPTH / CS_BF_OP5
Distance,OP5_DEPTH_5,D1,5.217,5.000,0.217,-0.300,0.300,,PL_DATUM_J - OP5_PT5_DEPTH / CS_BF_OP5
Distance,OP5_DEPTH_6,D1,5.176,5.000,0.176,-0.300,0.300,,PL_DATUM_J - OP5_PT6_DEPTH / CS_BF_OP5
Distance,OP5_DEPTH_7,D1,5.108,5.000,0.108,-0.300,0.300,,PL_DATUM_J - OP5_PT7_DEPTH / CS_BF_OP5
Distance,OP5_DEPTH_8,D1,5.050,5.000,0.050,-0.300,0.300,,PL_DATUM_J - OP5_PT8_DEPTH / CS_BF_OP5
Distance,OP5_WIDTH_1,D1,3.066,2.900,0.166,-0.150,0.200,,OP5_PT1_OW_GAGE - OP5_PT1_IW_GAGE / CS_BF_OP5
Distance,OP5_WIDTH_2,D1,2.867,2.900,-0.033,-0.150,0.150,,OP5_PT2_OW_GAGE - OP5_PT2_IW_GAGE / CS_BF_OP5
Distance,OP5_WIDTH_3,D1,2.907,2.900,0.007,-0.150,0.150,,OP5_PT3_OW_GAGE - OP5_PT3_IW_GAGE / CS_BF_OP5
Distance,OP5_WIDTH_4,D1,2.861,2.900,-0.039,-0.150,0.150,,OP5_PT4_OW_GAGE - OP5_PT4_IW_GAGE / CS_BF_OP5
Distance,OP5_WIDTH_5,D1,2.940,2.900,0.040,-0.150,0.150,,OP5_PT5_OW_GAGE - OP5_PT5_IW_GAGE / CS_BF_OP5
Distance,OP5_WIDTH_6,D1,2.982,2.900,0.082,-0.150,0.150,,OP5_PT6_OW_GAGE - OP5_PT6_IW_GAGE / CS_BF_OP5
Distance,OP5_WIDTH_7,D1,2.946,2.900,0.046,-0.150,0.150,,OP5_PT7_OW_GAGE - OP5_PT7_IW_GAGE / CS_BF_OP5
Distance,OP5_WIDTH_8,D1,3.017,2.900,0.117,-0.150,0.150,,OP5_PT8_OW_GAGE - OP5_PT8_IW_GAGE / CS_BF_OP5
Distance,OP6_DEPTH_1,D1,5.099,5.000,0.099,-0.300,0.300,,PL_DATUM_J - OP6_PT1_DEPTH / CS_BF_OP6
Distance,OP6_DEPTH_2,D1,5.083,5.000,0.083,-0.300,0.300,,PL_DATUM_J - OP6_PT2_DEPTH / CS_BF_OP6
Distance,OP6_DEPTH_3,D1,4.983,5.000,-0.017,-0.300,0.300,,PL_DATUM_J - OP6_PT3_DEPTH / CS_BF_OP6
Distance,OP6_DEPTH_4,D1,4.957,5.000,-0.043,-0.300,0.300,,PL_DATUM_J - OP6_PT4_DEPTH / CS_BF_OP6
Distance,OP6_DEPTH_5,D1,5.025,5.000,0.025,-0.300,0.300,,PL_DATUM_J - OP6_PT5_DEPTH / CS_BF_OP6
Distance,OP6_DEPTH_6,D1,4.985,5.000,-0.015,-0.300,0.300,,PL_DATUM_J - OP6_PT6_DEPTH / CS_BF_OP6
Distance,OP6_DEPTH_7,D1,5.000,5.000,0.000,-0.300,0.300,,PL_DATUM_J - OP6_PT7_DEPTH / CS_BF_OP6
Distance,OP6_DEPTH_8,D1,5.002,5.000,0.002,-0.300,0.300,,PL_DATUM_J - OP6_PT8_DEPTH / CS_BF_OP6
Distance,OP6_WIDTH_1,D1,3.005,2.900,0.105,-0.150,0.150,,OP6_PT1_OW_GAGE - OP6_PT1_IW_GAGE / CS_BF_OP6
Distance,OP6_WIDTH_2,D1,2.906,2.900,0.006,-0.150,0.150,,OP6_PT2_OW_GAGE - OP6_PT2_IW_GAGE / CS_BF_OP6
Distance,OP6_WIDTH_3,D1,3.056,2.900,0.156,-0.150,0.200,,OP6_PT3_OW_GAGE - OP6_PT3_IW_GAGE / CS_BF_OP6
Distance,OP6_WIDTH_4,D1,2.976,2.900,0.076,-0.150,0.150,,OP6_PT4_OW_GAGE - OP6_PT4_IW_GAGE / CS_BF_OP6
Distance,OP6_WIDTH_5,D1,3.041,2.900,0.141,-0.150,0.200,,OP6_PT5_OW_GAGE - OP6_PT5_IW_GAGE / CS_BF_OP6
Distance,OP6_WIDTH_6,D1,2.973,2.900,0.073,-0.150,0.150,,OP6_PT6_OW_GAGE - OP6_PT6_IW_GAGE / CS_BF_OP6
Distance,OP6_WIDTH_7,D1,3.031,2.900,0.131,-0.150,0.150,,OP6_PT7_OW_GAGE - OP6_PT7_IW_GAGE / CS_BF_OP6
Distance,OP6_WIDTH_8,D1,3.035,2.900,0.135,-0.150,0.150,,OP6_PT8_OW_GAGE - OP6_PT8_IW_GAGE / CS_BF_OP6
Distance,OP7_DEPTH_1,D1,4.942,5.000,-0.058,-0.300,0.300,,PL_DATUM_J - OP7_PT1_DEPTH / CS_BF_OP7
Distance,OP7_DEPTH_2,D1,4.980,5.000,-0.020,-0.300,0.300,,PL_DATUM_J - OP7_PT2_DEPTH / CS_BF_OP7
Distance,OP7_DEPTH_3,D1,4.939,5.000,-0.061,-0.300,0.300,,PL_DATUM_J - OP7_PT3_DEPTH / CS_BF_OP7
Distance,OP7_DEPTH_4,D1,4.902,5.000,-0.098,-0.300,0.300,,PL_DATUM_J - OP7_PT4_DEPTH / CS_BF_OP7
Distance,OP7_DEPTH_5,D1,4.959,5.000,-0.041,-0.300,0.300,,PL_DATUM_J - OP7_PT5_DEPTH / CS_BF_OP7
Distance,OP7_DEPTH_6,D1,5.005,5.000,0.005,-0.300,0.300,,PL_DATUM_J - OP7_PT6_DEPTH / CS_BF_OP7
Distance,OP7_DEPTH_7,D1,5.040,5.000,0.040,-0.300,0.300,,PL_DATUM_J - OP7_PT7_DEPTH / CS_BF_OP7
Distance,OP7_DEPTH_8,D1,5.123,5.000,0.123,-0.300,0.300,,PL_DATUM_J - OP7_PT8_DEPTH / CS_BF_OP7
Distance,OP7_WIDTH_1,D1,3.009,2.900,0.109,-0.150,0.150,,OP7_PT1_OW_GAGE - OP7_PT1_IW_GAGE / CS_BF_OP7
Distance,OP7_WIDTH_2,D1,2.884,2.900,-0.016,-0.150,0.150,,OP7_PT2_OW_GAGE - OP7_PT2_IW_GAGE / CS_BF_OP7
Distance,OP7_WIDTH_3,D1,3.015,2.900,0.115,-0.150,0.150,,OP7_PT3_OW_GAGE - OP7_PT3_IW_GAGE / CS_BF_OP7
Distance,OP7_WIDTH_4,D1,2.880,2.900,-0.020,-0.150,0.150,,OP7_PT4_OW_GAGE - OP7_PT4_IW_GAGE / CS_BF_OP7
Distance,OP7_WIDTH_5,D1,2.984,2.900,0.084,-0.150,0.150,,OP7_PT5_OW_GAGE - OP7_PT5_IW_GAGE / CS_BF_OP7
Distance,OP7_WIDTH_6,D1,2.962,2.900,0.062,-0.150,0.150,,OP7_PT6_OW_GAGE - OP7_PT6_IW_GAGE / CS_BF_OP7
Distance,OP7_WIDTH_7,D1,2.950,2.900,0.050,-0.150,0.150,,OP7_PT7_OW_GAGE - OP7_PT7_IW_GAGE / CS_BF_OP7
Distance,OP7_WIDTH_8,D1,2.935,2.900,0.035,-0.150,0.150,,OP7_PT8_OW_GAGE - OP7_PT8_IW_GAGE / CS_BF_OP7
Distance,OP8_DEPTH_1,D1,5.198,5.000,0.198,-0.300,0.300,,PL_DATUM_J - OP8_PT1_DEPTH / CS_BF_OP8
Distance,OP8_DEPTH_2,D1,5.238,5.000,0.238,-0.300,0.300,,PL_DATUM_J - OP8_PT2_DEPTH / CS_BF_OP8
Distance,OP8_DEPTH_3,D1,5.268,5.000,0.268,-0.300,0.300,,PL_DATUM_J - OP8_PT3_DEPTH / CS_BF_OP8
Distance,OP8_DEPTH_5,D1,5.090,5.000,0.090,-0.300,0.300,,PL_DATUM_J - OP8_PT5_DEPTH / CS_BF_OP8
Distance,OP8_DEPTH_6,D1,5.028,5.000,0.028,-0.300,0.300,,PL_DATUM_J - OP8_PT6_DEPTH / CS_BF_OP8
Distance,OP8_DEPTH_7,D1,5.041,5.000,0.041,-0.300,0.300,,PL_DATUM_J - OP8_PT7_DEPTH / CS_BF_OP8
Distance,OP8_DEPTH_8,D1,5.086,5.000,0.086,-0.300,0.300,,PL_DATUM_J - OP8_PT8_DEPTH / CS_BF_OP8
Distance,OP8_WIDTH_1,D1,2.948,2.900,0.048,-0.150,0.150,,OP8_PT1_OW_GAGE - OP8_PT1_IW_GAGE / CS_BF_OP8
Distance,OP8_WIDTH_2,D1,2.838,2.900,-0.062,-0.150,0.150,,OP8_PT2_OW_GAGE - OP8_PT2_IW_GAGE / CS_BF_OP8
Distance,OP8_WIDTH_3,D1,3.010,2.900,0.110,-0.150,0.150,,OP8_PT3_OW_GAGE - OP8_PT3_IW_GAGE / CS_BF_OP8
Distance,OP8_WIDTH_5,D1,3.021,2.900,0.121,-0.150,0.150,,OP8_PT5_OW_GAGE - OP8_PT5_IW_GAGE / CS_BF_OP8
Distance,OP8_WIDTH_6,D1,2.956,2.900,0.056,-0.150,0.150,,OP8_PT6_OW_GAGE - OP8_PT6_IW_GAGE / CS_BF_OP8
Distance,OP8_WIDTH_7,D1,2.991,2.900,0.091,-0.150,0.150,,OP8_PT7_OW_GAGE - OP8_PT7_IW_GAGE / CS_BF_OP8
Distance,OP8_WIDTH_8,D1,3.000,2.900,0.100,-0.150,0.150,,OP8_PT8_OW_GAGE - OP8_PT8_IW_GAGE / CS_BF_OP8
Distance,WIDTH_TB.1,D1,2.921,2.900,0.021,-0.150,0.150,,P0W2.5_1.1 - PIW2.5_1.1 / CS_DE_BF
Distance,WIDTH_TB.10,D1,2.972,2.900,0.072,-0.150,0.150,,P0W2.5_1.10 - PIW2.5_1.10 / CS_DE_BF
Distance,WIDTH_TB.11,D1,2.902,2.900,0.002,-0.150,0.150,,P0W2.5_1.11 - PIW2.5_1.11 / CS_DE_BF
Distance,WIDTH_TB.12,D1,3.005,2.900,0.105,-0.150,0.150,,P0W2.5_1.12 - PIW2.5_1.12 / CS_DE_BF
Distance,WIDTH_TB.13,D1,2.887,2.900,-0.013,-0.150,0.150,,P0W2.5_1.13 - PIW2.5_1.13 / CS_DE_BF
Distance,WIDTH_TB.14,D1,2.879,2.900,-0.021,-0.150,0.150,,P0W2.5_1.14 - PIW2.5_1.14 / CS_DE_BF
Distance,WIDTH_TB.15,D1,3.003,2.900,0.103,-0.150,0.150,,P0W2.5_1.15 - PIW2.5_1.15 / CS_DE_BF
Distance,WIDTH_TB.2,D1,2.909,2.900,0.009,-0.150,0.150,,P0W2.5_1.2 - PIW2.5_1.2 / CS_DE_BF
Distance,WIDTH_TB.3,D1,2.821,2.900,-0.079,-0.150,0.150,,P0W2.5_1.3 - PIW2.5_1.3 / CS_DE_BF
Distance,WIDTH_TB.4,D1,2.910,2.900,0.010,-0.150,0.150,,P0W2.5_1.4 - PIW2.5_1.4 / CS_DE_BF
Distance,WIDTH_TB.5,D1,2.901,2.900,0.001,-0.150,0.150,,P0W2.5_1.5 - PIW2.5_1.5 / CS_DE_BF
Distance,WIDTH_TB.6,D1,2.862,2.900,-0.038,-0.150,0.150,,P0W2.5_1.6 - PIW2.5_1.6 / CS_DE_BF
Distance,WIDTH_TB.7,D1,3.015,2.900,0.115,-0.150,0.150,,P0W2.5_1.7 - PIW2.5_1.7 / CS_DE_BF
Distance,WIDTH_TB.8,D1,3.026,2.900,0.126,-0.150,0.150,,P0W2.5_1.8 - PIW2.5_1.8 / CS_DE_BF
Distance,WIDTH_TB.9,D1,3.006,2.900,0.106,-0.150,0.150,,P0W2.5_1.9 - PIW2.5_1.9 / CS_DE_BF
Flatness,FLAT_D,FLTN,0.198,0.000,0.198,0.000,0.300,,PL_DATUM_D
Flatness,FLAT_F,FLTN,0.044,0.000,0.044,0.000,0.200,,PL_DATUM_F
Flatness,FLAT_H,FLTN,0.279,0.000,0.279,0.000,0.500,,PL_DATUM_H
Profile of Line,OP1TOLPRFOW,PRFL,1.028,0.000,1.028,0.000,1.532,,OP1_SECT_OW
Profile of Line,OP1TOL_PRF_IN,PRFL,0.764,0.000,0.764,0.000,1.532,,OP1_SECT_IN
Profile of Line,OP2TOLPRFOW,PRFL,0.738,0.000,0.738,0.000,1.532,,OP2_SECT_OW
Profile of Line,OP2TOL_PRF_IN,PRFL,0.356,0.000,0.356,0.000,1.532,,OP2_SECT_IN
Profile of Line,OP3TOLPRFOW,PRFL,0.492,0.000,0.492,0.000,1.532,,OP3_SECT_OW
Profile of Line,OP3TOL_PRF_IN,PRFL,0.457,0.000,0.457,0.000,1.532,,OP3_SECT_IN
Profile of Line,OP4TOLPRFOW,PRFL,0.774,0.000,0.774,0.000,1.532,,OP4_SECT_OW
Profile of Line,OP4TOL_PRF_IN,PRFL,0.592,0.000,0.592,0.000,1.532,,OP4_SECT_IN
Profile of Line,OP5TOLPRFOW,PRFL,1.337,0.000,1.337,0.000,1.532,,OP5_SECT_OW
Profile of Line,OP5TOL_PRF_IN,PRFL,1.387,0.000,1.387,0.000,1.532,,OP5_SECT_IN
Profile of Line,OP6TOLPRFOW,PRFL,0.917,0.000,0.917,0.000,1.532,,OP6_SECT_OW
Profile of Line,OP6TOL_PRF_IN,PRFL,0.457,0.000,0.457,0.000,1.532,,OP6_SECT_IN
Profile of Line,OP7TOLPRFOW,PRFL,0.809,0.000,0.809,0.000,1.532,,OP7_SECT_OW
Profile of Line,OP7TOL_PRF_IN,PRFL,0.613,0.000,0.613,0.000,1.532,,OP7_SECT_IN
Profile of Line,OP8TOLPRFOW,PRFL,1.009,0.000,1.009,0.000,1.532,,OP8_SECT_OW
Profile of Line,OP8TOL_PRF_IN,PRFL,0.814,0.000,0.814,0.000,1.532,,OP8_SECT_IN
Perpend.,PERP_G,PERP,0.018,0.000,0.018,0.000,0.250,,CYL_15/PL_DATUM_F - C-Zone - Cloud of Points 
Perpend.,PERP_J,PERP,0.027,0.000,0.027,0.000,0.250,,CYL_25/PL_DATUM_H - C-Zone - Cloud of Points 
Pos. Tol.,POS_1,PTOL,1.031,0.000,1.031,0.000,1.632,,CIR1/NOMINAL - CS_A-BC_BF_SURFACE_ROT - C-Zone - XY - Nominal
Pos. Tol.,POS_10,PTOL,1.280,0.000,1.280,0.000,1.632,,CIR10/NOMINAL - CS_A-BC_BF_SURFACE_ROT - C-Zone - XY - Nominal
Pos. Tol.,POS_11,PTOL,0.725,0.000,0.725,0.000,2.232,,CIR_11/NOMINAL - CS_A-BC_BF_SURFACE_ROT - C-Zone - XY - Nominal
Pos. Tol.,POS_12,PTOL,0.597,0.000,0.597,0.000,2.232,,CIR_12/NOMINAL - CS_A-BC_BF_SURFACE_ROT - C-Zone - XY - Nominal
Pos. Tol.,POS_13,PTOL,0.196,0.000,0.196,0.000,2.232,,CIR_13/NOMINAL - CS_A-BC_BF_SURFACE_ROT - C-Zone - XY - Nominal
Pos. Tol.,POS_14,PTOL,0.674,0.000,0.674,0.000,2.232,,CIR_14/NOMINAL - CS_A-BC_BF_SURFACE_ROT - C-Zone - XY - Nominal
Pos. Tol.,POS_15,PTOL,0.977,0.000,0.977,0.000,3.397,,CIR_15/NOMINAL - CS_A-BC_BF_SURFACE_ROT - C-Zone - XY - Nominal
Pos. Tol.,POS_16,PTOL,0.130,0.000,0.130,0.000,0.986,,CIR_16/NOMINAL - CS_FG - C-Zone - XY - Nominal
Pos. Tol.,POS_17,PTOL,0.906,0.000,0.906,0.000,3.232,,CIR_17_1/NOMINAL - CS_A-BC_BF_SURFACE_ROT - C-Zone - XYZ - Nominal
Pos. Tol.,POS_18,PTOL,1.255,0.000,1.255,0.000,3.292,,CIR_18/NOMINAL - CS_A-BC_BF_SURFACE_ROT - C-Zone - XYZ - Nominal
Pos. Tol.,POS_2,PTOL,0.411,0.000,0.411,0.000,1.632,,CIR2/NOMINAL - CS_A-BC_BF_SURFACE_ROT - C-Zone - XY - Nominal
Pos. Tol.,POS_20,PTOL,2.336,0.000,2.336,0.000,3.232,,CIR_20/NOMINAL - CS_A-BC_ROT_18_TBA - C-Zone - XZ - Nominal
Pos. Tol.,POS_21,PTOL,1.372,0.000,1.372,0.000,3.232,,CIR_21/NOMINAL - CS_A-BC_ROT_18_TBA - C-Zone - XZ - Nominal
Pos. Tol.,POS_22,PTOL,1.055,0.000,1.055,0.000,3.232,,CIR_22/NOMINAL - CS_A-BC_ROT_18_TBA - C-Zone - XZ - Nominal
Pos. Tol.,POS_23,PTOL,1.876,0.000,1.876,0.000,3.232,,CIR_23/NOMINAL - CS_A-BC_ROT_18_TBA - C-Zone - XZ - Nominal
Pos. Tol.,POS_25,PTOL,2.774,0.000,2.774,0.000,3.280,,CIR_25_GAGE_6/NOMINAL - CS_A-BC_BF_SURFACE_ROT - C-Zone - XYZ - Nominal
Pos. Tol.,POS_26,PTOL,0.422,0.000,0.422,0.000,0.548,,CIR_26/NOMINAL - CS_H - C-Zone - YZ - Nominal
Pos. Tol.,POS_2D_20,PTOL,0.451,0.000,0.451,0.000,0.800,,2D_CIR_20/NOMINAL - CS_DE_BF - C-Zone - XZ - Nominal
Pos. Tol.,POS_2D_21,PTOL,0.482,0.000,0.482,0.000,0.800,,2D_CIR_21/NOMINAL - CS_DE_BF - C-Zone - XZ - Nominal
Pos. Tol.,POS_2D_22,PTOL,0.403,0.000,0.403,0.000,0.800,,2D_CIR_22/NOMINAL - CS_DE_BF - C-Zone - XZ - Nominal
Pos. Tol.,POS_2D_23,PTOL,0.396,0.000,0.396,0.000,0.800,,2D_CIR_23/NOMINAL - CS_DE_BF - C-Zone - XZ - Nominal
Pos. Tol.,POS_3,PTOL,1.390,0.000,1.390,0.000,1.632,,CIR3/NOMINAL - CS_A-BC_BF_SURFACE_ROT - C-Zone - XY - Nominal
Pos. Tol.,POS_4,PTOL,1.188,0.000,1.188,0.000,1.632,,CIR4/NOMINAL - CS_A-BC_BF_SURFACE_ROT - C-Zone - XY - Nominal
Pos. Tol.,POS_5,PTOL,0.648,0.000,0.648,0.000,1.632,,CIR5/NOMINAL - CS_A-BC_BF_SURFACE_ROT - C-Zone - XY - Nominal
Pos. Tol.,POS_6,PTOL,1.275,0.000,1.275,0.000,1.632,,CIR6/NOMINAL - CS_A-BC_BF_SURFACE_ROT - C-Zone - XY - Nominal
Pos. Tol.,POS_7,PTOL,1.144,0.000,1.144,0.000,1.632,,CIR7/NOMINAL - CS_A-BC_BF_SURFACE_ROT - C-Zone - XY - Nominal
Pos. Tol.,POS_8,PTOL,0.858,0.000,0.858,0.000,1.632,,CIR8/NOMINAL - CS_A-BC_BF_SURFACE_ROT - C-Zone - XY - Nominal
Pos. Tol.,POS_9,PTOL,1.185,0.000,1.185,0.000,1.632,,CIR9/NOMINAL - CS_A-BC_BF_SURFACE_ROT - C-Zone - XY - Nominal
Pos. Tol.,POS_C,PTOL,0.049,0.000,0.049,0.000,0.382,,PT_DATUM_C/NOMINAL - CS_A-BC_BF_SURFACE - P-Zone - Z - Nominal
Circle,LOCAL_2D_CIR_11,X,-0.000,0.000,0.000,,,,
Circle,LOCAL_2D_CIR_11,Y,0.056,0.000,0.056,,,,
Circle,LOCAL_2D_CIR_12,X,-0.000,0.000,0.000,,,,
Circle,LOCAL_2D_CIR_12,Y,235.464,235.520,-0.056,,,,
Circle,LOCAL_2D_CIR_13,X,-0.000,0.000,0.000,,,,
Circle,LOCAL_2D_CIR_13,Y,223.461,223.520,-0.059,,,,
Circle,LOCAL_2D_CIR_14,X,-0.000,0.000,0.000,,,,
Circle,LOCAL_2D_CIR_14,Y,0.059,0.000,0.059,,,,
Pos. Tol.,POS_2D_LOCAL_11,PTOL,0.111,0.000,0.111,0.000,0.250,,LOCAL_2D_CIR_11/NOMINAL - CS_CIR_11_12_BF - C-Zone - XY - Nominal
Pos. Tol.,POS_2D_LOCAL_12,PTOL,0.111,0.000,0.111,0.000,0.250,,LOCAL_2D_CIR_12/NOMINAL - CS_CIR_11_12_BF - C-Zone - XY - Nominal
Pos. Tol.,POS_2D_LOCAL_13,PTOL,0.119,0.000,0.119,0.000,0.250,,LOCAL_2D_CIR_13/NOMINAL - CS_CIR_13_14_BF - C-Zone - XY - Nominal
Pos. Tol.,POS_2D_LOCAL_14,PTOL,0.119,0.000,0.119,0.000,0.250,,LOCAL_2D_CIR_14/NOMINAL - CS_CIR_13_14_BF - C-Zone - XY - Nominal
