Feat. Type,Feat. Name,Value,Actual,Nominal,Dev.,Tol-,Tol+,Out of Tol.,Comment
Text/Value,VAR_PROGRAM,VAL,,,,,,,'N:\Metrolog XG\Programmes\Ford 3,5L GTDI\Ford 3.5L Free State (Module 44).gm2'
Text/Value,VAR_EVENEMENT,VAL,,,,,,,'OTS-2'
Text/Value,VAR_COMMENTAIRES,VAL,,,,,,,'P1'
Circle,CIR_FLANGE_1,X,-16.066,-15.944,-0.122,,,,Criterion : Least Square (From 8 Pts On PL_FLANGE_1) 
Circle,CIR_FLANGE_1,Z,-48.709,-48.650,-0.059,,,,
Circle,CIR_FLANGE_2,X,-43.673,-43.444,-0.229,,,,Criterion : Least Square (From 8 Pts On PL_FLANGE_2) 
Circle,CIR_FLANGE_2,Z,52.804,52.850,-0.046,,,,
Circle,CIR_FLANGE_3,X,-16.273,-15.944,-0.329,,,,Criterion : Least Square (From 8 Pts On PL_FLANGE_3) 
Circle,CIR_FLANGE_3,Z,158.711,158.849,-0.138,,,,
Circle,CIR_FLANGE_4,X,-43.438,-43.444,0.006,,,,Criterion : Least Square (From 8 Pts On PL_FLANGE_4) 
Circle,CIR_FLANGE_4,Z,264.765,264.849,-0.084,,,,
Circle,CIR_FLANGE_5,X,-221.821,-221.700,-0.121,,,,Criterion : Least Square (From 8 Pts On PL_FLANGE_5) 
Circle,CIR_FLANGE_5,Z,296.820,296.849,-0.029,,,,
Circle,CIR_FLANGE_6,X,-195.030,-195.208,0.178,,,,Criterion : Least Square (From 8 Pts On PL_FLANGE_6) 
Circle,CIR_FLANGE_6,Z,195.414,195.349,0.065,,,,
Circle,CIR_FLANGE_7,X,-222.571,-222.700,0.129,,,,Criterion : Least Square (From 8 Pts On PL_FLANGE_7) 
Circle,CIR_FLANGE_7,Z,89.453,89.349,0.104,,,,
Circle,CIR_FLANGE_8,X,-195.131,-195.208,0.077,,,,Criterion : Least Square (From 8 Pts On PL_FLANGE_8) 
Circle,CIR_FLANGE_8,Z,-16.556,-16.651,0.095,,,,
Distance,BOSS_HEIGHT_1,D1,26.098,25.900,0.198,-0.200,0.100,0.098,CIR_TOP_1 - CIR_FLANGE_1 / CS_BF_MNTG_POINTS
Distance,BOSS_HEIGHT_2,D1,25.916,25.900,0.016,-0.200,0.100,,CIR_TOP_2 - CIR_FLANGE_2 / CS_BF_MNTG_POINTS
Distance,BOSS_HEIGHT_3,D1,26.004,25.900,0.104,-0.200,0.100,0.004,CIR_TOP_3 - CIR_FLANGE_3 / CS_BF_MNTG_POINTS
Distance,BOSS_HEIGHT_4,D1,26.191,25.900,0.291,-0.200,0.100,0.191,CIR_TOP_4 - CIR_FLANGE_4 / CS_BF_MNTG_POINTS
Distance,BOSS_HEIGHT_5,D1,26.031,25.900,0.131,-0.200,0.100,0.031,CIR_TOP_5 - CIR_FLANGE_5 / CS_BF_MNTG_POINTS
Distance,BOSS_HEIGHT_6,D1,25.989,25.900,0.089,-0.200,0.100,,CIR_TOP_6 - CIR_FLANGE_6 / CS_BF_MNTG_POINTS
Distance,BOSS_HEIGHT_7,D1,26.036,25.900,0.136,-0.200,0.100,0.036,CIR_TOP_7 - CIR_FLANGE_7 / CS_BF_MNTG_POINTS
Distance,BOSS_HEIGHT_8,D1,26.071,25.900,0.171,-0.200,0.100,0.071,CIR_TOP_8 - CIR_FLANGE_8 / CS_BF_MNTG_POINTS
Pos. Tol.,POS_1,PTOL,0.271,0.000,0.271,0.000,1.500,,CIR_FLANGE_1/NOMINAL - CS_ABC - C-Zone - XZ - Nominal
Pos. Tol.,POS_2,PTOL,0.467,0.000,0.467,0.000,1.500,,CIR_FLANGE_2/NOMINAL - CS_ABC - C-Zone - XZ - Nominal
Pos. Tol.,POS_3,PTOL,0.714,0.000,0.714,0.000,1.500,,CIR_FLANGE_3/NOMINAL - CS_ABC - C-Zone - XZ - Nominal
Pos. Tol.,POS_4,PTOL,0.168,0.000,0.168,0.000,1.500,,CIR_FLANGE_4/NOMINAL - CS_ABC - C-Zone - XZ - Nominal
Pos. Tol.,POS_5,PTOL,0.248,0.000,0.248,0.000,1.500,,CIR_FLANGE_5/NOMINAL - CS_ABC - C-Zone - XZ - Nominal
Pos. Tol.,POS_6,PTOL,0.378,0.000,0.378,0.000,1.500,,CIR_FLANGE_6/NOMINAL - CS_ABC - C-Zone - XZ - Nominal
Pos. Tol.,POS_7,PTOL,0.332,0.000,0.332,0.000,1.500,,CIR_FLANGE_7/NOMINAL - CS_ABC - C-Zone - XZ - Nominal
Pos. Tol.,POS_8,PTOL,0.244,0.000,0.244,0.000,1.500,,CIR_FLANGE_8/NOMINAL - CS_ABC - C-Zone - XZ - Nominal
