Feat. Type,Feat. Name,Value,Actual,Nominal,Dev.,Tol-,Tol+,Out of Tol.,Comment
Text/Value,VAR_PROGRAM,VAL,,,,,,,'N:\Metrolog XG\Programmes\GM HF FWD GEN II C1xx\GM HF FWD Gen II C1xx Complete (Module 64).gm2'
Text/Value,VAR_EVENEMENT,VAL,,,,,,,'SMED NID #1'
Text/Value,VAR_COMMENTAIRES,VAL,,,,,,,'301 C'
Text/Value,PROFILE_DATUM_A,VAL,0.472755,0.000000,0.472755,0.000000,1.000000,,
Text/Value,PROFILE_DATUM_B,VAL,0.426410,0.000000,0.426410,0.000000,1.000000,,
Distance,WIDTH_C,D1,9.037,9.000,0.037,-0.150,0.150,,SRF_C_TOP - SRF_C_DOWN / CS_ABC_SURFACES_C
Pos. Tol.,POS_1,PTOL,0.368,0.000,0.368,0.000,2.000,,CIR1/NOMINAL - CS_ABC_SURFACES_C - C-Zone - XZ - Nominal
Pos. Tol.,POS_2,PTOL,0.267,0.000,0.267,0.000,2.000,,CIR2/NOMINAL - CS_ABC_SURFACES_C - C-Zone - XZ - Nominal
Pos. Tol.,POS_3,PTOL,0.374,0.000,0.374,0.000,2.000,,CIR3/NOMINAL - CS_ABC_SURFACES_C - C-Zone - XZ - Nominal
Pos. Tol.,POS_4,PTOL,0.357,0.000,0.357,0.000,2.000,,CIR4/NOMINAL - CS_ABC_SURFACES_C - C-Zone - XZ - Nominal
Pos. Tol.,POS_5,PTOL,0.196,0.000,0.196,0.000,2.000,,CIR5/NOMINAL - CS_ABC_SURFACES_C - C-Zone - XZ - Nominal
Pos. Tol.,POS_6,PTOL,0.222,0.000,0.222,0.000,2.000,,CIR6/NOMINAL - CS_ABC_SURFACES_C - C-Zone - XZ - Nominal
Pos. Tol.,POS_7,PTOL,0.746,0.000,0.746,0.000,2.000,,CIR7/NOMINAL - CS_ABC_SURFACES_C - C-Zone - XZ - Nominal
Pos. Tol.,POS_8,PTOL,1.064,0.000,1.064,0.000,2.000,,CIR8/NOMINAL - CS_ABC_SURFACES_C - C-Zone - XZ - Nominal
Pos. Tol.,POS_9,PTOL,1.516,0.000,1.516,0.000,3.000,,CIR9/NOMINAL - CS_ABC_SURFACES_C - C-Zone - XZ - Nominal
Circle,CIR1,DIAM,14.961,15.000,-0.039,-0.100,0.100,,From 4 Pts On PL_PLAST_1
Circle,CIR1,X,-51.847,-52.000,0.153,,,,
Circle,CIR1,Y,84.529,85.260,-0.731,,,,
Circle,CIR1,Z,-112.398,-112.500,0.102,,,,
Circle,CIR2,DIAM,15.078,15.100,-0.022,-0.100,0.100,,From 4 Pts On PL_PLAST_2
Circle,CIR2,X,-51.890,-52.000,0.110,,,,
Circle,CIR2,Y,84.939,85.260,-0.321,,,,
Circle,CIR2,Z,-18.076,-18.000,-0.076,,,,
Circle,CIR3,DIAM,15.000,15.000,-0.000,-0.100,0.100,,From 4 Pts On PL_PLAST_3
Circle,CIR3,X,-52.152,-52.000,-0.152,,,,
Circle,CIR3,Y,85.351,85.260,0.091,,,,
Circle,CIR3,Z,87.891,88.000,-0.109,,,,
Circle,CIR4,DIAM,15.021,15.000,0.021,-0.100,0.100,,From 4 Pts On PL_PLAST_4
Circle,CIR4,X,-51.839,-52.000,0.161,,,,
Circle,CIR4,Y,85.348,85.260,0.088,,,,
Circle,CIR4,Z,194.076,194.000,0.076,,,,
Circle,CIR5,DIAM,15.007,15.000,0.007,-0.100,0.100,,From 4 Pts On PL_PLAST_5
Circle,CIR5,X,51.925,52.000,-0.075,,,,
Circle,CIR5,Y,85.453,85.260,0.193,,,,
Circle,CIR5,Z,155.437,155.500,-0.063,,,,
Circle,CIR6,DIAM,14.908,15.000,-0.092,-0.100,0.100,,From 4 Pts On PL_PLAST_6
Circle,CIR6,X,51.970,52.000,-0.030,,,,
Circle,CIR6,Y,84.999,85.260,-0.261,,,,
Circle,CIR6,Z,61.107,61.000,0.107,,,,
Circle,CIR7,DIAM,14.884,14.900,-0.016,-0.100,0.100,,From 4 Pts On PL_PLAST_7
Circle,CIR7,X,52.232,52.000,0.232,,,,
Circle,CIR7,Y,84.679,85.260,-0.581,,,,
Circle,CIR7,Z,-44.708,-45.000,0.292,,,,
Circle,CIR8,DIAM,14.910,15.000,-0.090,-0.100,0.100,,From 4 Pts On PL_PLAST_8
Circle,CIR8,X,52.117,52.000,0.117,,,,
Circle,CIR8,Y,84.534,85.260,-0.726,,,,
Circle,CIR8,Z,-150.481,-151.000,0.519,,,,
Circle,CIR9,DIAM,12.873,12.860,0.013,-0.100,0.100,,From 4 Pts On PL_PLAST_9
Circle,CIR9,X,284.451,284.990,-0.539,,,,
Circle,CIR9,Y,25.949,27.530,-1.581,,,,
Circle,CIR9,Z,160.033,159.500,0.533,,,,
Distance,PROFILE_1,Y,84.529,85.250,-0.721,-1.050,1.050,,CIR1 - ORIGIN / CS_ABC_SURFACES_C
Distance,PROFILE_2,Y,84.939,85.250,-0.311,-0.800,0.800,,CIR2 - ORIGIN / CS_ABC_SURFACES_C
Distance,PROFILE_3,Y,85.351,85.250,0.101,-0.350,0.350,,CIR3 - ORIGIN / CS_ABC_SURFACES_C
Distance,PROFILE_4,Y,85.348,85.250,0.098,-0.550,0.550,,CIR4 - ORIGIN / CS_ABC_SURFACES_C
Distance,PROFILE_5,Y,85.453,85.250,0.203,-0.400,0.400,,CIR5 - ORIGIN / CS_ABC_SURFACES_C
Distance,PROFILE_6,Y,84.999,85.250,-0.251,-0.450,0.450,,CIR6 - ORIGIN / CS_ABC_SURFACES_C
Distance,PROFILE_7,Y,84.679,85.250,-0.571,-0.850,0.850,,CIR7 - ORIGIN / CS_ABC_SURFACES_C
Distance,PROFILE_8,Y,84.534,85.250,-0.716,-0.900,0.900,,CIR8 - ORIGIN / CS_ABC_SURFACES_C
Profile of Line,PROFILE_VERTICAL_OP_1,PRFL,1.031,0.000,1.031,0.000,1.700,,SECTION_VERTICAL_OP_1
Profile of Line,PROFILE_VERTICAL_OP_2,PRFL,0.195,0.000,0.195,0.000,1.200,,SECTION_VERTICAL_OP_2
Profile of Line,PROFILE_VERTICAL_OP_3,PRFL,1.161,0.000,1.161,0.000,1.800,,SECTION_VERTICAL_OP_3
Profile of Line,PROFILE_VERTICAL_OP_4,PRFL,0.364,0.000,0.364,0.000,1.200,,SECTION_VERTICAL_OP_4
Profile of Line,PROFILE_VERTICAL_OP_5,PRFL,0.152,0.000,0.152,0.000,1.200,,SECTION_VERTICAL_OP_5
Profile of Line,PROFILE_VERTICAL_OP_6,PRFL,0.110,0.000,0.110,0.000,1.200,,SECTION_VERTICAL_OP_6
Profile of Line,PROFILE_HORIZONTAL_OP_1,PRFL,1.413,0.000,1.413,0.000,2.000,,SECTION_HORIZONTAL_OP_1
Profile of Line,PROFILE_HORIZONTAL_OP_2,PRFL,0.485,0.000,0.485,0.000,2.000,,SECTION_HORIZONTAL_OP_2
Profile of Line,PROFILE_HORIZONTAL_OP_3,PRFL,2.008,0.000,2.008,0.000,3.200,,SECTION_HORIZONTAL_OP_3
Profile of Line,PROFILE_HORIZONTAL_OP_4,PRFL,1.274,0.000,1.274,0.000,2.000,,SECTION_HORIZONTAL_OP_4
Profile of Line,PROFILE_HORIZONTAL_OP_5,PRFL,0.475,0.000,0.475,0.000,2.000,,SECTION_HORIZONTAL_OP_5
Profile of Line,PROFILE_HORIZONTAL_OP_6,PRFL,1.404,0.000,1.404,0.000,2.000,,SECTION_HORIZONTAL_OP_6
Distance,OP1_WIDTH_1,D1,3.932,3.900,0.032,-0.150,0.150,,OP1_PT1_OW_GAGE - OP1_PT1_IW_GAGE / CS_BF_OP1
Distance,OP1_WIDTH_2,D1,4.026,3.900,0.126,-0.150,0.150,,OP1_PT2_OW_GAGE - OP1_PT2_IW_GAGE / CS_BF_OP1
Distance,OP1_WIDTH_3,D1,3.959,3.900,0.059,-0.150,0.150,,OP1_PT3_OW_GAGE - OP1_PT3_IW_GAGE / CS_BF_OP1
Distance,OP1_WIDTH_4,D1,3.944,3.900,0.044,-0.150,0.150,,OP1_PT4_OW_GAGE - OP1_PT4_IW_GAGE / CS_BF_OP1
Distance,OP1_WIDTH_5,D1,3.993,3.900,0.093,-0.150,0.150,,OP1_PT5_OW_GAGE - OP1_PT5_IW_GAGE / CS_BF_OP1
Distance,OP1_WIDTH_6,D1,3.871,3.900,-0.029,-0.150,0.150,,OP1_PT6_OW_GAGE - OP1_PT6_IW_GAGE / CS_BF_OP1
Distance,OP1_WIDTH_7,D1,3.990,3.900,0.090,-0.150,0.150,,OP1_PT7_OW_GAGE - OP1_PT7_IW_GAGE / CS_BF_OP1
Distance,OP1_WIDTH_8,D1,4.046,4.150,-0.104,-0.150,0.150,,OP1_PT8_OW_GAGE - OP1_PT8_IW_GAGE / CS_BF_OP1
Distance,OP1_DEPTH_1,D1,6.089,6.000,0.089,-0.250,0.500,,PL_FIXTURE_A - OP1_PT1_DEPTH / CS_BF_OP1
Distance,OP1_DEPTH_2,D1,6.095,6.000,0.095,-0.250,0.500,,PL_FIXTURE_A - OP1_PT2_DEPTH / CS_BF_OP1
Distance,OP1_DEPTH_3,D1,5.968,6.000,-0.032,-0.150,0.150,,PL_FIXTURE_A - OP1_PT3_DEPTH / CS_BF_OP1
Distance,OP1_DEPTH_4,D1,6.011,6.000,0.011,-0.150,0.150,,PL_FIXTURE_A - OP1_PT4_DEPTH / CS_BF_OP1
Distance,OP1_DEPTH_5,D1,6.082,6.000,0.082,-0.150,0.150,,PL_FIXTURE_A - OP1_PT5_DEPTH / CS_BF_OP1
Distance,OP1_DEPTH_6,D1,5.999,6.000,-0.001,-0.150,0.150,,PL_FIXTURE_A - OP1_PT6_DEPTH / CS_BF_OP1
Distance,OP1_DEPTH_7,D1,6.308,6.000,0.308,-0.150,0.300,0.008,PL_FIXTURE_A - OP1_PT8_DEPTH / CS_BF_OP1
Distance,OP1_DEPTH_8,D1,6.499,6.000,0.499,-0.000,0.670,,PL_FIXTURE_A - OP1_PT8_DEPTH / CS_BF_OP1
Distance,OP2_WIDTH_1,D1,3.917,3.900,0.017,-0.150,0.150,,OP2_PT1_OW_GAGE - OP2_PT1_IW_GAGE / CS_BF_OP2
Distance,OP2_WIDTH_2,D1,4.090,4.150,-0.060,-0.150,0.150,,OP2_PT2_OW_GAGE - OP2_PT2_IW_GAGE / CS_BF_OP2
Distance,OP2_WIDTH_3,D1,3.934,3.900,0.034,-0.150,0.150,,OP2_PT3_OW_GAGE - OP2_PT3_IW_GAGE / CS_BF_OP2
Distance,OP2_WIDTH_4,D1,3.939,3.900,0.039,-0.150,0.150,,OP2_PT4_OW_GAGE - OP2_PT4_IW_GAGE / CS_BF_OP2
Distance,OP2_WIDTH_5,D1,3.990,3.900,0.090,-0.150,0.150,,OP2_PT5_OW_GAGE - OP2_PT5_IW_GAGE / CS_BF_OP2
Distance,OP2_WIDTH_6,D1,3.942,3.900,0.042,-0.150,0.150,,OP2_PT6_OW_GAGE - OP2_PT6_IW_GAGE / CS_BF_OP2
Distance,OP2_WIDTH_7,D1,4.109,4.150,-0.041,-0.150,0.150,,OP2_PT7_OW_GAGE - OP2_PT7_IW_GAGE / CS_BF_OP2
Distance,OP2_WIDTH_8,D1,3.976,3.900,0.076,-0.150,0.150,,OP2_PT8_OW_GAGE - OP2_PT8_IW_GAGE / CS_BF_OP2
Distance,OP2_DEPTH_1,D1,6.031,6.000,0.031,-0.150,0.150,,PL_FIXTURE_A - OP2_PT1_DEPTH / CS_BF_OP2
Distance,OP2_DEPTH_2,D1,6.150,6.000,0.150,-0.150,0.300,,PL_FIXTURE_A - OP2_PT2_DEPTH / CS_BF_OP2
Distance,OP2_DEPTH_3,D1,6.012,6.000,0.012,-0.150,0.150,,PL_FIXTURE_A - OP2_PT3_DEPTH / CS_BF_OP2
Distance,OP2_DEPTH_4,D1,6.004,6.000,0.004,-0.150,0.150,,PL_FIXTURE_A - OP2_PT4_DEPTH / CS_BF_OP2
Distance,OP2_DEPTH_5,D1,6.150,6.000,0.150,-0.150,0.200,,PL_FIXTURE_A - OP2_PT2_DEPTH / CS_BF_OP2
Distance,OP2_DEPTH_6,D1,6.016,6.000,0.016,-0.150,0.150,,PL_FIXTURE_A - OP2_PT6_DEPTH / CS_BF_OP2
Distance,OP2_DEPTH_7,D1,5.931,6.000,-0.069,-0.150,0.150,,PL_FIXTURE_A - OP2_PT7_DEPTH / CS_BF_OP2
Distance,OP2_DEPTH_8,D1,6.049,6.000,0.049,-0.150,0.150,,PL_FIXTURE_A - OP2_PT8_DEPTH / CS_BF_OP2
Distance,OP3_WIDTH_1,D1,3.882,3.900,-0.018,-0.150,0.150,,OP3_PT1_OW_GAGE - OP3_PT1_IW_GAGE / CS_BF_OP3
Distance,OP3_WIDTH_2,D1,4.054,3.900,0.154,-0.150,0.150,0.004,OP3_PT2_OW_GAGE - OP3_PT2_IW_GAGE / CS_BF_OP3
Distance,OP3_WIDTH_3,D1,3.968,3.900,0.068,-0.150,0.150,,OP3_PT3_OW_GAGE - OP3_PT3_IW_GAGE / CS_BF_OP3
Distance,OP3_WIDTH_4,D1,3.850,3.900,-0.050,-0.150,0.150,,OP3_PT4_OW_GAGE - OP3_PT4_IW_GAGE / CS_BF_OP3
Distance,OP3_WIDTH_5,D1,3.849,3.900,-0.051,-0.150,0.150,,OP3_PT5_OW_GAGE - OP3_PT5_IW_GAGE / CS_BF_OP3
Distance,OP3_WIDTH_6,D1,3.826,3.900,-0.074,-0.150,0.150,,OP3_PT6_OW_GAGE - OP3_PT6_IW_GAGE / CS_BF_OP3
Distance,OP3_WIDTH_7,D1,4.030,4.150,-0.120,-0.150,0.150,,OP3_PT7_OW_GAGE - OP3_PT7_IW_GAGE / CS_BF_OP3
Distance,OP3_WIDTH_8,D1,3.898,3.900,-0.002,-0.150,0.150,,OP3_PT8_OW_GAGE - OP3_PT8_IW_GAGE / CS_BF_OP3
Distance,OP3_DEPTH_1,D1,6.345,6.000,0.345,-0.200,0.300,0.045,PL_FIXTURE_A - OP3_PT2_DEPTH / CS_BF_OP3
Distance,OP3_DEPTH_2,D1,6.345,6.000,0.345,-0.000,0.500,,PL_FIXTURE_A - OP3_PT2_DEPTH / CS_BF_OP3
Distance,OP3_DEPTH_3,D1,6.092,6.000,0.092,-0.200,0.150,,PL_FIXTURE_A - OP3_PT8_DEPTH / CS_BF_OP3
Distance,OP3_DEPTH_4,D1,6.006,6.000,0.006,-0.150,0.150,,PL_FIXTURE_A - OP3_PT4_DEPTH / CS_BF_OP3
Distance,OP3_DEPTH_5,D1,6.082,6.000,0.082,-0.150,0.150,,PL_FIXTURE_A - OP3_PT5_DEPTH / CS_BF_OP3
Distance,OP3_DEPTH_6,D1,6.014,6.000,0.014,-0.150,0.150,,PL_FIXTURE_A - OP3_PT6_DEPTH / CS_BF_OP3
Distance,OP3_DEPTH_7,D1,6.092,6.000,0.092,-0.500,0.150,,PL_FIXTURE_A - OP3_PT8_DEPTH / CS_BF_OP3
Distance,OP3_DEPTH_8,D1,6.092,6.000,0.092,-0.150,0.300,,PL_FIXTURE_A - OP3_PT8_DEPTH / CS_BF_OP3
Distance,OP4_WIDTH_1,D1,3.787,3.900,-0.113,-0.150,0.150,,OP4_PT1_OW_GAGE - OP4_PT1_IW_GAGE / CS_BF_OP4
Distance,OP4_WIDTH_2,D1,3.997,3.900,0.097,-0.150,0.150,,OP4_PT2_OW_GAGE - OP4_PT2_IW_GAGE / CS_BF_OP4
Distance,OP4_WIDTH_3,D1,3.998,3.900,0.098,-0.150,0.150,,OP4_PT3_OW_GAGE - OP4_PT3_IW_GAGE / CS_BF_OP4
Distance,OP4_WIDTH_4,D1,3.936,3.900,0.036,-0.150,0.150,,OP4_PT4_OW_GAGE - OP4_PT4_IW_GAGE / CS_BF_OP4
Distance,OP4_WIDTH_5,D1,4.060,4.150,-0.090,-0.150,0.150,,OP4_PT5_OW_GAGE - OP4_PT5_IW_GAGE / CS_BF_OP4
Distance,OP4_WIDTH_6,D1,3.823,3.900,-0.077,-0.150,0.150,,OP4_PT6_OW_GAGE - OP4_PT6_IW_GAGE / CS_BF_OP4
Distance,OP4_WIDTH_7,D1,3.993,3.900,0.093,-0.150,0.150,,OP4_PT7_OW_GAGE - OP4_PT7_IW_GAGE / CS_BF_OP4
Distance,OP4_WIDTH_8,D1,3.946,3.900,0.046,-0.150,0.150,,OP4_PT8_OW_GAGE - OP4_PT8_IW_GAGE / CS_BF_OP4
Distance,OP4_DEPTH_1,D1,5.866,6.000,-0.134,-0.300,0.150,,PL_FIXTURE_B - OP4_PT1_DEPTH / CS_BF_OP4
Distance,OP4_DEPTH_2,D1,6.013,6.000,0.013,-0.150,0.150,,PL_FIXTURE_B - OP4_PT2_DEPTH / CS_BF_OP4
Distance,OP4_DEPTH_3,D1,6.066,6.000,0.066,-0.150,0.150,,PL_FIXTURE_B - OP4_PT3_DEPTH / CS_BF_OP4
Distance,OP4_DEPTH_4,D1,5.995,6.000,-0.005,-0.150,0.150,,PL_FIXTURE_B - OP4_PT4_DEPTH / CS_BF_OP4
Distance,OP4_DEPTH_5,D1,6.056,6.000,0.056,-0.150,0.150,,PL_FIXTURE_B - OP4_PT5_DEPTH / CS_BF_OP4
Distance,OP4_DEPTH_6,D1,6.033,6.000,0.033,-0.150,0.150,,PL_FIXTURE_B - OP4_PT6_DEPTH / CS_BF_OP4
Distance,OP4_DEPTH_7,D1,5.990,6.000,-0.010,-0.150,0.150,,PL_FIXTURE_B - OP4_PT7_DEPTH / CS_BF_OP4
Distance,OP4_DEPTH_8,D1,5.917,6.000,-0.083,-0.250,0.150,,PL_FIXTURE_B - OP4_PT8_DEPTH / CS_BF_OP4
Distance,OP5_WIDTH_1,D1,3.871,3.900,-0.029,-0.150,0.150,,OP5_PT1_OW_GAGE - OP5_PT1_IW_GAGE / CS_BF_OP5
Distance,OP5_WIDTH_2,D1,4.001,4.150,-0.149,-0.400,0.500,,OP5_PT3_OW_GAGE - OP5_PT3_IW_GAGE / CS_BF_OP5
Distance,OP5_WIDTH_3,D1,4.001,4.150,-0.149,-0.400,0.400,,OP5_PT3_OW_GAGE - OP5_PT3_IW_GAGE / CS_BF_OP5
Distance,OP5_WIDTH_4,D1,3.900,3.900,-0.000,-0.150,0.150,,OP5_PT4_OW_GAGE - OP5_PT4_IW_GAGE / CS_BF_OP5
Distance,OP5_WIDTH_5,D1,4.044,4.150,-0.106,-0.150,0.150,,OP5_PT5_OW_GAGE - OP5_PT5_IW_GAGE / CS_BF_OP5
Distance,OP5_WIDTH_6,D1,3.988,3.900,0.088,-0.150,0.150,,OP5_PT6_OW_GAGE - OP5_PT6_IW_GAGE / CS_BF_OP5
Distance,OP5_WIDTH_7,D1,4.061,4.150,-0.089,-0.150,0.150,,OP5_PT7_OW_GAGE - OP5_PT7_IW_GAGE / CS_BF_OP5
Distance,OP5_WIDTH_8,D1,4.061,4.150,-0.089,-0.400,0.400,,OP5_PT7_OW_GAGE - OP5_PT7_IW_GAGE / CS_BF_OP5
Distance,OP5_DEPTH_1,D1,5.916,6.000,-0.084,-0.400,0.400,,PL_FIXTURE_B - OP5_PT1_DEPTH / CS_BF_OP5
Distance,OP5_DEPTH_2,D1,5.916,6.000,-0.084,-0.400,0.500,,PL_FIXTURE_B - OP5_PT1_DEPTH / CS_BF_OP5
Distance,OP5_DEPTH_3,D1,5.916,6.000,-0.084,-0.400,0.400,,PL_FIXTURE_B - OP5_PT1_DEPTH / CS_BF_OP5
Distance,OP5_DEPTH_4,D1,5.995,6.000,-0.005,-0.150,0.150,,PL_FIXTURE_B - OP5_PT4_DEPTH / CS_BF_OP5
Distance,OP5_DEPTH_5,D1,6.055,6.000,0.055,-0.150,0.150,,PL_FIXTURE_B - OP5_PT5_DEPTH / CS_BF_OP5
Distance,OP5_DEPTH_6,D1,6.053,6.000,0.053,-0.150,0.150,,PL_FIXTURE_B - OP5_PT6_DEPTH / CS_BF_OP5
Distance,OP5_DEPTH_7,D1,5.969,6.000,-0.031,-0.150,0.150,,PL_FIXTURE_B - OP5_PT7_DEPTH / CS_BF_OP5
Distance,OP5_DEPTH_8,D1,5.916,6.000,-0.084,-0.400,0.400,,PL_FIXTURE_B - OP5_PT1_DEPTH / CS_BF_OP5
Distance,OP6_WIDTH_1,D1,3.766,3.900,-0.134,-0.150,0.150,,OP6_PT1_OW_GAGE - OP6_PT1_IW_GAGE / CS_BF_OP6
Distance,OP6_WIDTH_2,D1,3.930,3.900,0.030,-0.150,0.150,,OP6_PT2_OW_GAGE - OP6_PT2_IW_GAGE / CS_BF_OP6
Distance,OP6_WIDTH_3,D1,4.055,4.150,-0.095,-0.150,0.150,,OP6_PT7_OW_GAGE - OP6_PT7_IW_GAGE / CS_BF_OP6
Distance,OP6_WIDTH_4,D1,3.875,3.900,-0.025,-0.150,0.150,,OP6_PT4_OW_GAGE - OP6_PT4_IW_GAGE / CS_BF_OP6
Distance,OP6_WIDTH_5,D1,4.055,4.150,-0.095,-0.150,0.150,,OP6_PT7_OW_GAGE - OP6_PT7_IW_GAGE / CS_BF_OP6
Distance,OP6_WIDTH_6,D1,3.963,3.900,0.063,-0.150,0.150,,OP6_PT6_OW_GAGE - OP6_PT6_IW_GAGE / CS_BF_OP6
Distance,OP6_WIDTH_7,D1,4.055,4.100,-0.045,-0.150,0.150,,OP6_PT7_OW_GAGE - OP6_PT7_IW_GAGE / CS_BF_OP6
Distance,OP6_WIDTH_8,D1,3.917,3.900,0.017,-0.150,0.150,,OP6_PT8_OW_GAGE - OP6_PT8_IW_GAGE / CS_BF_OP6
Distance,OP6_DEPTH_1,D1,5.957,6.000,-0.043,-0.400,0.400,,PL_FIXTURE_B - OP6_PT1_DEPTH / CS_BF_OP6
Distance,OP6_DEPTH_2,D1,5.955,6.000,-0.045,-0.400,0.400,,PL_FIXTURE_B - OP6_PT2_DEPTH / CS_BF_OP6
Distance,OP6_DEPTH_3,D1,5.955,6.000,-0.045,-0.400,0.400,,PL_FIXTURE_B - OP6_PT2_DEPTH / CS_BF_OP6
Distance,OP6_DEPTH_4,D1,6.006,6.000,0.006,-0.150,0.150,,PL_FIXTURE_B - OP6_PT4_DEPTH / CS_BF_OP6
Distance,OP6_DEPTH_5,D1,6.049,6.000,0.049,-0.150,0.150,,PL_FIXTURE_B - OP6_PT5_DEPTH / CS_BF_OP6
Distance,OP6_DEPTH_6,D1,6.083,6.000,0.083,-0.150,0.150,,PL_FIXTURE_B - OP6_PT6_DEPTH / CS_BF_OP6
Distance,OP6_DEPTH_7,D1,5.955,6.000,-0.045,-0.400,0.400,,PL_FIXTURE_B - OP6_PT2_DEPTH / CS_BF_OP6
Distance,OP6_DEPTH_8,D1,5.955,6.000,-0.045,-0.400,0.400,,PL_FIXTURE_B - OP6_PT2_DEPTH / CS_BF_OP6
Circle,CIR_A,DIAM,73.850,73.500,0.350,-0.500,0.500,,Criterion : Least Square (From 16 Pts On PL_PLAST_A) 
Circle,CIR_A,X,242.731,242.799,-0.068,,,,
Circle,CIR_A,Y,136.220,136.926,-0.706,,,,
Circle,CIR_A,Z,156.272,155.357,0.915,,,,
Circle,CIR_INS_11,X,289.951,290.064,-0.113,,,,Criterion : Least Square (From 8 Pts On PL_INS_11) 
Circle,CIR_INS_11,Y,161.272,162.379,-1.108,,,,
Circle,CIR_INS_11,Z,150.693,149.158,1.534,,,,
Circle,CIR_INS_12,X,278.547,279.125,-0.577,,,,Criterion : Least Square (From 8 Pts On PL_INS_12) 
Circle,CIR_INS_12,Y,101.759,102.451,-0.692,,,,
Circle,CIR_INS_12,Z,166.736,165.216,1.520,,,,
Circle,CIR_INS_13,X,196.408,196.401,0.008,,,,Criterion : Least Square (From 8 Pts On PL_INS_13) 
Circle,CIR_INS_13,Y,116.066,116.540,-0.474,,,,
Circle,CIR_INS_13,Z,161.917,161.441,0.476,,,,
Circle,CIR_INS_14,X,207.521,207.341,0.180,,,,Criterion : Least Square (From 8 Pts On PL_INS_14) 
Circle,CIR_INS_14,Y,175.946,176.469,-0.523,,,,
Circle,CIR_INS_14,Z,146.263,145.383,0.880,,,,
Circle,2D_CIR_INS_11,X,41.876,42.000,-0.124,,,,
Circle,2D_CIR_INS_11,Y,33.807,34.000,-0.193,,,,
Circle,2D_CIR_INS_12,X,41.803,42.000,-0.197,,,,
Circle,2D_CIR_INS_12,Y,-28.876,-29.000,0.124,,,,
Circle,2D_CIR_INS_13,X,-41.711,-42.000,0.289,,,,
Circle,2D_CIR_INS_13,Y,-28.907,-29.000,0.093,,,,
Circle,2D_CIR_INS_14,X,-41.967,-42.000,0.033,,,,
Circle,2D_CIR_INS_14,Y,33.975,34.000,-0.025,,,,
Pos. Tol.,POS_11,PTOL,3.791,0.000,3.791,0.000,4.500,,CIR_INS_11/NOMINAL - CS_ABC_SURFACES_C - C-Zone - XYZ - Nominal
Pos. Tol.,POS_12,PTOL,3.533,0.000,3.533,0.000,4.500,,CIR_INS_12/NOMINAL - CS_ABC_SURFACES_C - C-Zone - XYZ - Nominal
Pos. Tol.,POS_13,PTOL,1.344,0.000,1.344,0.000,3.000,,CIR_INS_13/NOMINAL - CS_ABC_SURFACES_C - C-Zone - XYZ - Nominal
Pos. Tol.,POS_2D_11,PTOL,0.459,0.000,0.459,0.000,1.000,,2D_CIR_INS_11/NOMINAL - CS_D_BF - C-Zone - XY - Nominal
Pos. Tol.,POS_2D_12,PTOL,0.466,0.000,0.466,0.000,1.000,,2D_CIR_INS_12/NOMINAL - CS_D_BF - C-Zone - XY - Nominal
Pos. Tol.,POS_2D_13,PTOL,0.607,0.000,0.607,0.000,1.000,,2D_CIR_INS_13/NOMINAL - CS_D_BF - C-Zone - XY - Nominal
Pos. Tol.,POS_2D_14,PTOL,0.082,0.000,0.082,0.000,0.500,,2D_CIR_INS_14/NOMINAL - CS_D_BF - C-Zone - XY - Nominal
Perpend.,PERP_11,PERP,0.034,0.000,0.034,0.000,0.400,,CYL_11/PL_INS_11 - C-Zone - Nominal
Perpend.,PERP_12,PERP,0.148,0.000,0.148,0.000,0.400,,CYL_12/PL_INS_12 - C-Zone - Nominal
Perpend.,PERP_13,PERP,0.150,0.000,0.150,0.000,0.400,,CYL_13/PL_INS_13 - C-Zone - Nominal
Perpend.,PERP_14,PERP,0.083,0.000,0.083,0.000,0.400,,CYL_14/PL_INS_14 - C-Zone - Nominal
Flatness,FLATNESS_DATUM_D,FLTN,0.263,0.000,0.263,0.000,0.300,,PL_PLAST_D_TB
Distance,H_11,Z,0.207,-0.000,0.207,0.000,0.400,,CIR_INS_11 - PL_PLAST_INS_11 / CS_D_BF
Distance,H_12,Z,0.158,-0.000,0.158,0.000,0.400,,CIR_INS_12 - PL_PLAST_INS_12 / CS_D_BF
Distance,H_13,Z,0.184,-0.000,0.184,0.000,0.400,,CIR_INS_13 - PL_PLAST_INS_13 / CS_D_BF
Distance,H_14,Z,0.263,-0.000,0.263,0.000,0.400,,CIR_INS_14 - PL_PLAST_INS_14 / CS_D_BF
Profile of Line,PROFILE_SURFACE_D,PRFL,2.276,0.000,2.276,0.000,3.000,,SECTION_D
Distance,PROF_INS_11_D,D1,0.761,0.650,0.111,-0.150,0.150,,CIR_INS_11 - PL_PLAST_D_TB / CS_D_BF
Distance,PROF_INS_12_D,D1,0.791,1.000,-0.209,-0.150,0.150,-0.059,CIR_INS_12 - PL_PLAST_D_TB / CS_D_BF
Distance,PROF_INS_13_D,D1,0.637,0.650,-0.013,-0.150,0.150,,CIR_INS_13 - PL_PLAST_D_TB / CS_D_BF
Distance,PROF_INS_14_D,D1,1.081,1.000,0.081,-0.150,0.150,,CIR_INS_14 - PL_PLAST_D_TB / CS_D_BF
Distance,WIDTH_TBA_1,D1,3.183,3.250,-0.067,-0.150,0.150,,0W2.5_1.1 - IW2.5_1.1 / CS_D_BF
Distance,WIDTH_TBA_2,D1,3.179,3.250,-0.071,-0.150,0.150,,0W2.5_1.2 - IW2.5_1.2 / CS_D_BF
Distance,WIDTH_TBA_3,D1,3.279,3.250,0.029,-0.150,0.150,,0W2.5_1.3 - IW2.5_1.3 / CS_D_BF
Distance,WIDTH_TBA_4,D1,3.246,3.250,-0.004,-0.150,0.150,,0W2.5_1.4 - IW2.5_1.4 / CS_D_BF
Distance,WIDTH_TBA_5,D1,3.125,3.250,-0.125,-0.150,0.150,,0W2.5_1.5 - IW2.5_1.5 / CS_D_BF
Distance,WIDTH_TBA_6,D1,3.238,3.250,-0.012,-0.150,0.150,,0W2.5_1.6 - IW2.5_1.6 / CS_D_BF
Distance,WIDTH_TBA_7,D1,3.259,3.250,0.009,-0.150,0.150,,0W2.5_1.7 - IW2.5_1.7 / CS_D_BF
Distance,WIDTH_TBA_8,D1,3.275,3.250,0.025,-0.150,0.150,,0W2.5_1.8 - IW2.5_1.8 / CS_D_BF
Distance,DEPTH_TBA_1,D1,5.371,5.150,0.221,-0.300,0.300,,TB_BOT_1.1 - PL_D / CS_D_BF
Distance,DEPTH_TBA_2,D1,5.257,5.150,0.107,-0.300,0.300,,TB_BOT_1.2 - PL_D / CS_D_BF
Distance,DEPTH_TBA_3,D1,5.095,5.150,-0.055,-0.300,0.300,,TB_BOT_1.3 - PL_D / CS_D_BF
Distance,DEPTH_TBA_4,D1,5.282,5.150,0.132,-0.300,0.300,,TB_BOT_1.4 - PL_D / CS_D_BF
Distance,DEPTH_TBA_5,D1,5.414,5.550,-0.136,-0.300,0.300,,TB_BOT_1.5 - PL_D / CS_D_BF
Distance,DEPTH_TBA_6,D1,5.311,5.150,0.161,-0.300,0.300,,TB_BOT_1.6 - PL_D / CS_D_BF
Distance,DEPTH_TBA_7,D1,5.466,5.150,0.316,-0.300,0.300,0.016,TB_BOT_1.7 - PL_D / CS_D_BF
Distance,DEPTH_TBA_8,D1,5.490,5.550,-0.060,-0.300,0.300,,TB_BOT_1.8 - PL_D / CS_D_BF
Circle,CIR_10,DIAM,4.940,4.950,-0.010,-0.100,0.100,,Criterion : Least Square (From 6 Pts On PL_PLAST_10) 
Circle,CIR_10,X,11.964,12.000,-0.036,,,,
Circle,CIR_10,Y,179.293,178.230,1.063,,,,
Circle,CIR_10,Z,119.259,119.500,-0.241,,,,
Circle,CIR_21,DIAM,4.754,4.820,-0.066,-0.100,0.100,,Criterion : Least Square (From 6 Pts On PL_PLAST_21) 
Circle,CIR_21,X,12.380,11.854,0.526,,,,
Circle,CIR_21,Y,178.581,178.230,0.351,,,,
Circle,CIR_21,Z,-93.045,-92.440,-0.605,,,,
Circle,CIR_24,DIAM,4.809,4.820,-0.011,-0.100,0.100,,Criterion : Least Square (From 6 Pts On PL_PLAST_24) 
Circle,CIR_24,X,221.306,220.847,0.458,,,,
Circle,CIR_24,Y,202.472,203.230,-0.758,,,,
Circle,CIR_24,Z,-7.335,-7.568,0.233,,,,
Pos. Tol.,POS_10,PTOL,0.487,0.000,0.487,0.000,3.000,,CIR_10/NOMINAL - CS_ABC_SURFACES_C - C-Zone - XZ - Nominal
Pos. Tol.,POS_21,PTOL,1.604,0.000,1.604,0.000,3.000,,CIR_21/NOMINAL - CS_ABC_SURFACES_C - C-Zone - XZ - Nominal
Pos. Tol.,POS_24,PTOL,1.028,0.000,1.028,0.000,3.000,,CIR_24/NOMINAL - CS_ABC_SURFACES_C - C-Zone - XZ - Nominal
Distance,PROF_10,Y,179.293,178.230,1.063,-1.500,1.500,,CIR_10 - ORIGIN / CS_ABC_SURFACES_C
Distance,PROF_21,Y,178.581,178.230,0.351,-1.500,1.500,,CIR_21 - ORIGIN / CS_ABC_SURFACES_C
Distance,PROF_24,Y,202.472,203.230,-0.758,-1.500,1.500,,CIR_24 - ORIGIN / CS_ABC_SURFACES_C
Circle,CIR_15,X,-27.530,-27.000,-0.530,,,,Criterion : Least Square (From 6 Pts On PL_INS_15) 
Circle,CIR_15,Y,181.285,180.580,0.705,,,,
Circle,CIR_15,Z,163.370,164.000,-0.630,,,,
Circle,CIR_17,X,-51.240,-52.000,0.760,,,,Criterion : Least Square (From 6 Pts On PL_INS_17) 
Circle,CIR_17,Y,76.143,75.580,0.563,,,,
Circle,CIR_17,Z,148.873,149.000,-0.127,,,,
Circle,CIR_18,X,-50.772,-52.000,1.228,,,,Criterion : Least Square (From 6 Pts On PL_INS_18) 
Circle,CIR_18,Y,75.672,75.580,0.092,,,,
Circle,CIR_18,Z,-67.478,-68.000,0.522,,,,
Circle,CIR_20,X,-26.397,-27.000,0.603,,,,Criterion : Least Square (From 6 Pts On PL_INS_20) 
Circle,CIR_20,Y,181.245,180.580,0.665,,,,
Circle,CIR_20,Z,-92.468,-93.000,0.532,,,,
Circle,CIR_22,X,209.297,207.607,1.690,,,,Criterion : Least Square (From 6 Pts On PL_INS_22) 
Circle,CIR_22,Y,189.438,190.580,-1.142,,,,
Circle,CIR_22,Z,-102.955,-103.394,0.439,,,,
Circle,CIR_23,X,233.116,231.607,1.509,,,,Criterion : Least Square (From 6 Pts On PL_INS_23) 
Circle,CIR_23,Y,189.665,190.580,-0.915,,,,
Circle,CIR_23,Z,-70.729,-71.394,0.664,,,,
Pos. Tol.,POS_15,PTOL,1.646,0.000,1.646,0.000,3.000,,CIR_15/NOMINAL - CS_ABC_SURFACES_C - C-Zone - XZ - Nominal
Pos. Tol.,POS_17,PTOL,1.540,0.000,1.540,0.000,3.000,,CIR_17/NOMINAL - CS_ABC_SURFACES_C - C-Zone - XZ - Nominal
Pos. Tol.,POS_18,PTOL,2.669,0.000,2.669,0.000,3.000,,CIR_18/NOMINAL - CS_ABC_SURFACES_C - C-Zone - XZ - Nominal
Pos. Tol.,POS_20,PTOL,1.609,0.000,1.609,0.000,3.000,,CIR_20/NOMINAL - CS_ABC_SURFACES_C - C-Zone - XZ - Nominal
Pos. Tol.,POS_22,PTOL,3.492,0.000,3.492,0.000,4.000,,CIR_22/NOMINAL - CS_ABC_SURFACES_C - C-Zone - XZ - Nominal
Pos. Tol.,POS_23,PTOL,3.298,0.000,3.298,0.000,3.000,0.298,CIR_23/NOMINAL - CS_ABC_SURFACES_C - C-Zone - XZ - Nominal
Distance,H_15,Y,0.128,0.000,0.128,0.000,0.400,,CIR_15 - PL_PLAST_15 / CS_ABC_BF_SURFACES
Distance,H_17,Y,0.137,-0.000,0.137,0.000,0.400,,CIR_17 - PL_PLAST_17 / CS_ABC_BF_SURFACES
Distance,H_18,Y,0.217,-0.000,0.217,0.000,0.400,,CIR_18 - PL_PLAST_18 / CS_ABC_BF_SURFACES
Distance,H_20,Y,0.221,0.000,0.221,0.000,0.400,,CIR_20 - PL_PLAST_20 / CS_ABC_BF_SURFACES
Distance,H_23,Y,0.070,-0.000,0.070,0.000,0.400,,CIR_23 - PL_PLAST_23 / CS_ABC_BF_SURFACES
Circle,CIR_25,DIAM,12.075,12.050,0.025,-0.080,0.080,,Criterion : Least Square (From 12 Pts On PL_PLAST_25) 
Circle,CIR_25,X,262.249,261.590,0.659,,,,
Circle,CIR_25,Y,195.418,196.720,-1.302,,,,
Circle,CIR_25,Z,50.757,49.700,1.057,,,,
Circle,2D_CIR_26,DIAM,4.769,4.700,0.069,-0.100,0.100,,
Circle,2D_CIR_26,X,-17.448,-17.500,0.052,,,,
Circle,2D_CIR_26,Z,0.000,0.000,0.000,,,,
Pos. Tol.,POS_25,PTOL,2.492,0.000,2.492,0.000,3.000,,CIR_25/NOMINAL - CS_ABC_SURFACES_C - C-Zone - XZ - Nominal
Pos. Tol.,POS_2D_26,PTOL,0.105,0.000,0.105,0.000,0.500,,2D_CIR_26/NOMINAL - CS_FG - C-Zone - XZ - Nominal
Distance,PROF_25,Y,195.418,196.720,-1.302,-1.500,1.500,,CIR_25 - ORIGIN / CS_ABC_SURFACES_C
Distance,PROF_27,Y,146.956,147.730,-0.774,-1.500,1.500,,CIR_27 - ORIGIN / CS_ABC_SURFACES_C
Distance,PROF_28,Y,155.431,153.930,1.501,-1.500,1.500,0.001,CIR_28 - ORIGIN / CS_ABC_SURFACES_C
Pos. Tol.,POS_27,PTOL,2.287,0.000,2.287,0.000,3.000,,CIR_27/NOMINAL - CS_ABC_SURFACES_C - C-Zone - XZ - Nominal
Pos. Tol.,POS_28,PTOL,0.831,0.000,0.831,0.000,4.250,,CIR_28/NOMINAL - CS_ABC_SURFACES_C - C-Zone - XZ - Nominal
Circle,CIR_27,DIAM,6.471,6.350,0.121,-0.250,0.250,,Criterion : Least Square (From 6 Pts On PL_PLAST_27) 
Circle,CIR_27,X,270.629,270.100,0.529,,,,
Circle,CIR_27,Y,146.956,147.700,-0.744,,,,
Circle,CIR_27,Z,-51.826,-52.840,1.014,,,,
Circle,CIR_28,DIAM,6.386,6.350,0.036,-0.250,0.250,,Criterion : Least Square (From 6 Pts On PL_PLAST_28) 
Circle,CIR_28,X,99.693,100.090,-0.397,,,,
Circle,CIR_28,Y,155.431,153.930,1.501,,,,
Circle,CIR_28,Z,176.121,176.000,0.121,,,,
Circle,CIR_29,DIAM,12.179,12.170,0.009,-0.080,0.080,,Criterion : Least Square (From 16 Pts On PL_DATUM_H) 
Circle,CIR_29,X,307.471,306.650,0.821,,,,
Circle,CIR_29,Y,-11.020,-10.310,-0.710,,,,
Circle,CIR_29,Z,171.858,173.470,-1.612,,,,
Pos. Tol.,POS_29,PTOL,3.617,0.000,3.617,0.000,3.600,0.017,CIR_29/NOMINAL - CS_ABC_BF_SURFACES_ROTATED - C-Zone - XZ - Nominal
Circle,2D_CIR_30,X,-23.496,-23.500,0.004,,,,
Circle,2D_CIR_30,Z,0.000,0.000,0.000,,,,
Pos. Tol.,POS_2D_30,PTOL,0.008,0.000,0.008,0.000,0.500,,2D_CIR_30/NOMINAL - CS_HJ - C-Zone - XZ - Nominal
Distance,H_30,Y,0.157,0.000,0.157,0.000,0.400,,2D_CIR_30 - PL_PLAST_30 / CS_HJ
