Feat. Type,Feat. Name,Value,Actual,Nominal,Dev.,Tol-,Tol+,Out of Tol.,Comment
Text/Value,VAR_PROGRAM,VAL,,,,,,,'N:\Metrolog XG\Programmes\Ford Transmission Pan 10R\Ford Transmission Pan 10R Complete (Module_51).gm2'
Text/Value,VAR_EVENEMENT,VAL,,,,,,,'PPAP'
Text/Value,VAR_COMMENTAIRES,VAL,,,,,,,'C2P10'
Text/Value,PROFILE_A,VAL,0.205278,0.000000,0.205278,0.000000,0.250000,,
Circle,CIR_1,DIAM,7.094,7.100,-0.006,-0.050,0.050,,Criterion : Least Square (From 4 Pts On PL_FIXTURE) 
Circle,CIR_1,X,0.000,0.000,0.000,,,,
Circle,CIR_1,Z,0.000,0.000,0.000,,,,
Circle,CIR_2,DIAM,7.115,7.100,0.015,-0.050,0.050,,Criterion : Least Square (From 4 Pts On PL_FIXTURE) 
Circle,CIR_2,X,-80.154,-80.079,-0.075,,,,
Circle,CIR_2,Z,-2.853,-2.811,-0.042,,,,
Circle,CIR_3,DIAM,7.117,7.100,0.017,-0.050,0.050,,Criterion : Least Square (From 4 Pts On PL_FIXTURE) 
Circle,CIR_3,X,-170.175,-170.079,-0.096,,,,
Circle,CIR_3,Z,-2.782,-2.811,0.029,,,,
Circle,CIR_4,DIAM,7.997,8.300,-0.303,-0.050,0.050,-0.253,Criterion : Least Square (From 4 Pts On PL_FIXTURE) 
Circle,CIR_4,X,-224.660,-224.499,-0.161,,,,
Circle,CIR_4,Z,-4.444,-4.571,0.127,,,,
Circle,CIR_5,DIAM,7.111,7.100,0.011,-0.050,0.050,,Criterion : Least Square (From 4 Pts On PL_FIXTURE) 
Circle,CIR_5,X,-249.662,-249.499,-0.163,,,,
Circle,CIR_5,Z,-1.583,-1.571,-0.012,,,,
Circle,CIR_6,DIAM,7.117,7.100,0.017,-0.050,0.050,,Criterion : Least Square (From 4 Pts On PL_FIXTURE) 
Circle,CIR_6,X,-272.862,-272.679,-0.183,,,,
Circle,CIR_6,Z,78.225,78.140,0.085,,,,
Circle,CIR_7,DIAM,7.114,7.100,0.014,-0.050,0.050,,Criterion : Least Square (From 4 Pts On PL_FIXTURE) 
Circle,CIR_7,X,-272.722,-272.679,-0.044,,,,
Circle,CIR_7,Z,157.109,157.140,-0.031,,,,
Circle,CIR_8,DIAM,7.115,7.100,0.015,-0.050,0.050,,Criterion : Least Square (From 4 Pts On PL_FIXTURE) 
Circle,CIR_8,X,-272.721,-272.679,-0.043,,,,
Circle,CIR_8,Z,236.072,236.140,-0.067,,,,
Circle,CIR_9,DIAM,7.113,7.100,0.013,-0.050,0.050,,Criterion : Least Square (From 4 Pts On PL_FIXTURE) 
Circle,CIR_9,X,-272.840,-272.679,-0.162,,,,
Circle,CIR_9,Z,315.132,315.140,-0.007,,,,
Circle,CIR_10,DIAM,7.111,7.100,0.011,-0.050,0.050,,Criterion : Least Square (From 4 Pts On PL_FIXTURE) 
Circle,CIR_10,X,-272.749,-272.679,-0.070,,,,
Circle,CIR_10,Z,394.130,394.140,-0.009,,,,
Circle,CIR_11,DIAM,7.116,7.100,0.016,-0.050,0.050,,Criterion : Least Square (From 4 Pts On PL_FIXTURE) 
Circle,CIR_11,X,-254.634,-254.552,-0.082,,,,
Circle,CIR_11,Z,463.661,463.580,0.081,,,,
Circle,CIR_12,DIAM,7.115,7.100,0.015,-0.050,0.050,,Criterion : Least Square (From 4 Pts On PL_FIXTURE) 
Circle,CIR_12,X,-167.007,-166.879,-0.129,,,,
Circle,CIR_12,Z,474.655,474.589,0.066,,,,
Circle,CIR_13,DIAM,7.104,7.100,0.004,-0.050,0.050,,Criterion : Least Square (From 4 Pts On PL_FIXTURE) 
Circle,CIR_13,X,-79.229,-79.279,0.050,,,,
Circle,CIR_13,Z,474.662,474.589,0.073,,,,
Circle,CIR_14,DIAM,8.077,8.300,-0.223,-0.050,0.050,-0.173,Criterion : Least Square (From 4 Pts On PL_FIXTURE) 
Circle,CIR_14,X,-19.531,-19.499,-0.032,,,,
Circle,CIR_14,Z,473.162,473.429,-0.267,,,,
Circle,CIR_15,DIAM,7.112,7.100,0.012,-0.050,0.050,,Criterion : Least Square (From 4 Pts On PL_FIXTURE) 
Circle,CIR_15,X,8.317,8.321,-0.004,,,,
Circle,CIR_15,Z,470.586,470.589,-0.003,,,,
Circle,CIR_16,DIAM,7.118,7.100,0.018,-0.050,0.050,,Criterion : Least Square (From 4 Pts On PL_FIXTURE) 
Circle,CIR_16,X,17.498,17.321,0.176,,,,
Circle,CIR_16,Z,387.431,387.439,-0.008,,,,
Circle,CIR_17,DIAM,7.114,7.100,0.014,-0.050,0.050,,Criterion : Least Square (From 4 Pts On PL_FIXTURE) 
Circle,CIR_17,X,17.657,17.321,0.335,,,,
Circle,CIR_17,Z,304.241,304.239,0.002,,,,
Circle,CIR_18,DIAM,7.118,7.100,0.018,-0.050,0.050,,Criterion : Least Square (From 4 Pts On PL_FIXTURE) 
Circle,CIR_18,X,17.560,17.321,0.239,,,,
Circle,CIR_18,Z,228.004,228.000,0.004,,,,
Circle,CIR_19,DIAM,7.117,7.100,0.017,-0.050,0.050,,Criterion : Least Square (From 4 Pts On PL_FIXTURE) 
Circle,CIR_19,X,17.824,17.321,0.503,,,,
Circle,CIR_19,Z,151.947,152.000,-0.053,,,,
Circle,CIR_20,DIAM,7.116,7.100,0.016,-0.050,0.050,,Criterion : Least Square (From 4 Pts On PL_FIXTURE) 
Circle,CIR_20,X,17.817,17.321,0.496,,,,
Circle,CIR_20,Z,76.049,76.000,0.049,,,,
Pos. Tol.,POS_1,PTOL,0.000,0.000,0.000,0.000,0.800,,CIR_1/NOMINAL - CS_ABC - C-Zone - XZ - Nominal
Pos. Tol.,POS_2,PTOL,0.172,0.000,0.172,0.000,0.800,,CIR_2/NOMINAL - CS_ABC - C-Zone - XZ - Nominal
Pos. Tol.,POS_3,PTOL,0.201,0.000,0.201,0.000,0.800,,CIR_3/NOMINAL - CS_ABC - C-Zone - XZ - Nominal
Pos. Tol.,POS_4,PTOL,0.410,0.000,0.410,0.000,0.800,,CIR_4/NOMINAL - CS_ABC - C-Zone - XZ - Nominal
Pos. Tol.,POS_5,PTOL,0.327,0.000,0.327,0.000,0.800,,CIR_5/NOMINAL - CS_ABC - C-Zone - XZ - Nominal
Pos. Tol.,POS_6,PTOL,0.404,0.000,0.404,0.000,0.800,,CIR_6/NOMINAL - CS_ABC - C-Zone - XZ - Nominal
Pos. Tol.,POS_7,PTOL,0.107,0.000,0.107,0.000,0.800,,CIR_7/NOMINAL - CS_ABC - C-Zone - XZ - Nominal
Pos. Tol.,POS_8,PTOL,0.159,0.000,0.159,0.000,0.800,,CIR_8/NOMINAL - CS_ABC - C-Zone - XZ - Nominal
Pos. Tol.,POS_9,PTOL,0.324,0.000,0.324,0.000,0.800,,CIR_9/NOMINAL - CS_ABC - C-Zone - XZ - Nominal
Pos. Tol.,POS_10,PTOL,0.141,0.000,0.141,0.000,0.800,,CIR_10/NOMINAL - CS_ABC - C-Zone - XZ - Nominal
Pos. Tol.,POS_11,PTOL,0.231,0.000,0.231,0.000,0.800,,CIR_11/NOMINAL - CS_ABC - C-Zone - XZ - Nominal
Pos. Tol.,POS_12,PTOL,0.289,0.000,0.289,0.000,0.800,,CIR_12/NOMINAL - CS_ABC - C-Zone - XZ - Nominal
Pos. Tol.,POS_13,PTOL,0.177,0.000,0.177,0.000,0.800,,CIR_13/NOMINAL - CS_ABC - C-Zone - XZ - Nominal
Pos. Tol.,POS_14,PTOL,0.538,0.000,0.538,0.000,0.800,,CIR_14/NOMINAL - CS_ABC - C-Zone - XZ - Nominal
Pos. Tol.,POS_15,PTOL,0.010,0.000,0.010,0.000,0.800,,CIR_15/NOMINAL - CS_ABC - C-Zone - XZ - Nominal
Pos. Tol.,POS_16,PTOL,0.353,0.000,0.353,0.000,0.800,,CIR_16/NOMINAL - CS_ABC - C-Zone - XZ - Nominal
Pos. Tol.,POS_17,PTOL,0.671,0.000,0.671,0.000,0.800,,CIR_17/NOMINAL - CS_ABC - C-Zone - XZ - Nominal
Pos. Tol.,POS_18,PTOL,0.478,0.000,0.478,0.000,0.800,,CIR_18/NOMINAL - CS_ABC - C-Zone - XZ - Nominal
Pos. Tol.,POS_19,PTOL,1.011,0.000,1.011,0.000,0.800,0.211,CIR_19/NOMINAL - CS_ABC - C-Zone - XZ - Nominal
Pos. Tol.,POS_20,PTOL,0.997,0.000,0.997,0.000,0.800,0.197,CIR_20/NOMINAL - CS_ABC - C-Zone - XZ - Nominal
Perpend.,PERP_B,PERP,0.013,0.000,0.013,0.000,0.130,,CYL_B/PL_FIXTURE - C-Zone - Cloud of Points 
Profile of Line,PROFILE_INSIDE_PAN_AT_GAGE,PRFL,2.352,0.000,2.352,0.000,3.000,,SECTION_INSIDE_2.5MM
