Feat. Type,Feat. Name,Value,Actual,Nominal,Dev.,Tol-,Tol+,Out of Tol.,Comment
Text/Value,VAR_PROGRAM,VAL,,,,,,,'N:\Metrolog XG\Programmes\GM HF FWD GEN II E2xx\GM HF FWD Gen II E2xx Complete (Module 64).gm2'
Text/Value,VAR_EVENEMENT,VAL,,,,,,,'Smed Nid 2'
Text/Value,VAR_COMMENTAIRES,VAL,,,,,,,'300A'
Distance,WIDTH_C,D1,8.742,8.860,-0.118,-0.150,0.150,,SRF_C_TOP - SRF_C_DOWN / CS_ABC_BF
Circle,2D_CIR_INS_11,X,41.903,42.000,-0.097,,,,
Circle,2D_CIR_INS_11,Y,29.052,29.000,0.052,,,,
Circle,2D_CIR_INS_12,X,41.934,42.000,-0.066,,,,
Circle,2D_CIR_INS_12,Y,-33.962,-34.000,0.038,,,,
Circle,2D_CIR_INS_13,X,-42.054,-42.000,-0.054,,,,
Circle,2D_CIR_INS_13,Y,-33.948,-34.000,0.052,,,,
Circle,2D_CIR_INS_14,X,-41.783,-42.000,0.217,,,,
Circle,2D_CIR_INS_14,Y,28.858,29.000,-0.142,,,,
Pos. Tol.,POS_2D_11,PTOL,0.220,0.000,0.220,0.000,1.200,,2D_CIR_INS_11/NOMINAL - CS_D_BF - C-Zone - XY - Nominal
Pos. Tol.,POS_2D_12,PTOL,0.153,0.000,0.153,0.000,1.200,,2D_CIR_INS_12/NOMINAL - CS_D_BF - C-Zone - XY - Nominal
Pos. Tol.,POS_2D_13,PTOL,0.150,0.000,0.150,0.000,1.200,,2D_CIR_INS_13/NOMINAL - CS_D_BF - C-Zone - XY - Nominal
Pos. Tol.,POS_2D_14,PTOL,0.519,0.000,0.519,0.000,1.200,,2D_CIR_INS_14/NOMINAL - CS_D_BF - C-Zone - XY - Nominal
Distance,H_11,Z,0.225,-0.000,0.225,0.000,0.300,,CIR_INS_11 - PL_PLAST_INS_11 / CS_D_BF
Distance,H_12,Z,0.202,-0.000,0.203,0.000,0.300,,CIR_INS_12 - PL_PLAST_INS_12 / CS_D_BF
Distance,H_13,Z,0.152,-0.000,0.152,0.000,0.300,,CIR_INS_13 - PL_PLAST_INS_13 / CS_D_BF
Distance,H_14,Z,0.161,-0.000,0.161,0.000,0.300,,CIR_INS_14 - PL_PLAST_INS_14 / CS_D_BF
Circle,CIR_15,DIAM,12.216,12.170,0.046,-0.080,0.080,,Criterion : Least Square (From 20 Pts On PL_DATUM_H) 
Circle,2D_CIR_16,X,23.565,23.540,0.025,,,,
Circle,2D_CIR_16,Y,-0.000,0.000,0.000,,,,
Pos. Tol.,POS_2D_16,PTOL,0.050,0.000,0.050,0.000,0.500,,2D_CIR_16/NOMINAL - CS_HJ - C-Zone - XY - Nominal
Distance,H_16,Z,0.195,0.000,0.195,0.000,0.300,,2D_CIR_16 - PL_PLAST_16 / CS_HJ
Distance,H_24,Y,0.191,0.150,0.041,-0.150,0.150,,CIR_24 - PL_PLAST_24 / CS_ABC_SURFACES_C
Distance,H_25,Y,0.129,0.150,-0.021,-0.150,0.150,,CIR_25 - PL_PLAST_25 / CS_ABC_SURFACES_C
