Feat. Type,Feat. Name,Value,Actual,Nominal,Dev.,Tol-,Tol+,Out of Tol.,Comment
Text/Value,VAR_PROGRAM,VAL,,,,,,,'N:\Metrolog XG\Programmes\I4 Moule 1\I4 Complete Moule 1 (Module 44).gm2'
Text/Value,VAR_EVENEMENT,VAL,,,,,,,'Demarrage'
Text/Value,VAR_COMMENTAIRES,VAL,,,,,,,'334A'
Text/Value,PROFILE_A,VAL,0.243818,0.000000,0.243818,0.000000,0.500000,,
Circle,CIR_B,DIAM,7.115,7.000,0.115,-0.100,0.100,0.015,Criterion : Least Square (From 10 Pts On PL_FIXTURE) 
Circle,CIR_B,X,-0.052,0.000,-0.052,,,,
Circle,CIR_B,Z,-0.111,0.000,-0.111,,,,
Circle,CIR_1,X,-40.073,-40.000,-0.073,,,,From 4 Pts On PL_FIXTURE
Circle,CIR_1,Z,-184.234,-184.000,-0.234,,,,
Circle,CIR_2,X,-33.146,-33.000,-0.146,,,,From 4 Pts On PL_FIXTURE
Circle,CIR_2,Z,-0.094,-0.000,-0.094,,,,
Circle,CIR_3,X,-32.110,-32.000,-0.110,,,,From 4 Pts On PL_FIXTURE
Circle,CIR_3,Z,189.561,189.500,0.061,,,,
Circle,CIR_4,X,-0.151,-0.000,-0.151,,,,From 4 Pts On PL_FIXTURE
Circle,CIR_4,Z,96.033,96.000,0.033,,,,
Circle,CIR_5,X,-0.228,-0.000,-0.228,,,,From 4 Pts On PL_FIXTURE
Circle,CIR_5,Z,-96.184,-96.000,-0.184,,,,
Circle,CIR_6,X,-300.426,-300.100,-0.326,,,,From 4 Pts On PL_FIXTURE_6
Circle,CIR_6,Z,-54.131,-54.000,-0.131,,,,
Distance,OP1_WIDTH_1,D1,2.961,2.930,0.031,-0.150,0.150,,OP1_P2 - OP1_P4 / OP1_CS
Distance,OP1_WIDTH_2,D1,2.903,2.930,-0.027,-0.150,0.150,,OP1_P7 - OP1_P9 / OP1_CS
Distance,OP1_WIDTH_3,D1,3.009,2.930,0.079,-0.150,0.150,,OP1_P11 - OP1_P13 / OP1_CS
Distance,OP1_WIDTH_4,D1,2.942,2.930,0.012,-0.150,0.150,,OP1_P15 - OP1_P17 / OP1_CS
Distance,OP1_WIDTH_5,D1,2.787,2.930,-0.143,-0.180,0.150,,OP1_P19 - OP1_P21 / OP1_CS
Distance,OP1_WIDTH_6,D1,3.013,2.930,0.083,-0.150,0.150,,OP1_P23 - OP1_P25 / OP1_CS
Distance,OP1_WIDTH_7,D1,2.893,2.930,-0.037,-0.150,0.150,,OP1_P28 - OP1_P30 / OP1_CS
Distance,OP1_WIDTH_8,D1,2.869,2.930,-0.061,-0.150,0.150,,OP1_P33 - OP1_P35 / OP1_CS
Distance,OP1_WIDTH_9,D1,2.871,2.930,-0.059,-0.150,0.150,,OP1_P38 - OP1_P40 / OP1_CS
Distance,OP1_WIDTH_10,D1,2.918,2.930,-0.012,-0.150,0.150,,OP1_P43 - OP1_P45 / OP1_CS
Distance,OP1_WIDTH_11,D1,2.777,2.930,-0.153,-0.180,0.150,,OP1_P48 - OP1_P50 / OP1_CS
Distance,OP1_DEPTH_1,Y,4.579,4.500,0.079,-0.250,0.250,,OP1_P3 - PL_FIXTURE / OP1_CS
Distance,OP1_DEPTH_2,Y,4.578,4.500,0.078,-0.250,0.250,,OP1_P8 - PL_FIXTURE / OP1_CS
Distance,OP1_DEPTH_3,Y,4.535,4.500,0.035,-0.250,0.250,,OP1_P12 - PL_FIXTURE / OP1_CS
Distance,OP1_DEPTH_4,Y,4.427,4.500,-0.073,-0.250,0.250,,OP1_P16 - PL_FIXTURE / OP1_CS
Distance,OP1_DEPTH_5,Y,4.476,4.500,-0.024,-0.250,0.250,,OP1_P20 - PL_FIXTURE / OP1_CS
Distance,OP1_DEPTH_6,Y,4.512,4.500,0.012,-0.250,0.250,,OP1_P24 - PL_FIXTURE / OP1_CS
Distance,OP1_DEPTH_7,Y,4.495,4.500,-0.005,-0.250,0.250,,OP1_P29 - PL_FIXTURE / OP1_CS
Distance,OP1_DEPTH_8,Y,4.543,4.500,0.043,-0.250,0.250,,OP1_P34 - PL_FIXTURE / OP1_CS
Distance,OP1_DEPTH_9,Y,4.537,4.500,0.037,-0.250,0.250,,OP1_P39 - PL_FIXTURE / OP1_CS
Distance,OP1_DEPTH_10,Y,4.515,4.500,0.015,-0.250,0.250,,OP1_P44 - PL_FIXTURE / OP1_CS
Distance,OP1_DEPTH_11,Y,4.557,4.500,0.057,-0.250,0.250,,OP1_P49 - PL_FIXTURE / OP1_CS
Distance,OP2_WIDTH_1,D1,2.988,2.930,0.058,-0.150,0.150,,OP2_P2 - OP2_P4 / OP2_CS
Distance,OP2_WIDTH_2,D1,2.987,2.930,0.057,-0.180,0.150,,OP2_P7 - OP2_P9 / OP2_CS
Distance,OP2_WIDTH_3,D1,2.976,2.930,0.046,-0.150,0.150,,OP2_P11 - OP2_P13 / OP2_CS
Distance,OP2_WIDTH_4,D1,2.993,2.930,0.063,-0.150,0.150,,OP2_P15 - OP2_P17 / OP2_CS
Distance,OP2_WIDTH_5,D1,2.924,2.930,-0.006,-0.150,0.150,,OP2_P19 - OP2_P21 / OP2_CS
Distance,OP2_WIDTH_6,D1,2.979,2.930,0.049,-0.150,0.150,,OP2_P23 - OP2_P25 / OP2_CS
Distance,OP2_WIDTH_7,D1,2.895,2.930,-0.035,-0.150,0.150,,OP2_P28 - OP2_P30 / OP2_CS
Distance,OP2_WIDTH_8,D1,2.905,2.930,-0.025,-0.150,0.150,,OP2_P33 - OP2_P35 / OP2_CS
Distance,OP2_WIDTH_9,D1,2.919,2.930,-0.011,-0.150,0.150,,OP2_P38 - OP2_P40 / OP2_CS
Distance,OP2_WIDTH_10,D1,2.922,2.930,-0.008,-0.150,0.150,,OP2_P43 - OP2_P45 / OP2_CS
Distance,OP2_WIDTH_11,D1,2.865,2.930,-0.065,-0.150,0.150,,OP2_P48 - OP2_P50 / OP2_CS
Distance,OP2_DEPTH_1,Y,4.692,4.500,0.192,-0.250,0.250,,OP2_P3 - PL_FIXTURE / OP2_CS
Distance,OP2_DEPTH_2,Y,4.673,4.500,0.173,-0.250,0.250,,OP2_P8 - PL_FIXTURE / OP2_CS
Distance,OP2_DEPTH_3,Y,4.704,4.500,0.204,-0.250,0.250,,OP2_P12 - PL_FIXTURE / OP2_CS
Distance,OP2_DEPTH_4,Y,4.566,4.500,0.066,-0.250,0.250,,OP2_P16 - PL_FIXTURE / OP2_CS
Distance,OP2_DEPTH_5,Y,4.557,4.500,0.057,-0.250,0.250,,OP2_P20 - PL_FIXTURE / OP2_CS
Distance,OP2_DEPTH_6,Y,4.532,4.500,0.032,-0.250,0.250,,OP2_P24 - PL_FIXTURE / OP2_CS
Distance,OP2_DEPTH_7,Y,4.539,4.500,0.039,-0.250,0.250,,OP2_P29 - PL_FIXTURE / OP2_CS
Distance,OP2_DEPTH_8,Y,4.588,4.500,0.088,-0.250,0.250,,OP2_P34 - PL_FIXTURE / OP2_CS
Distance,OP2_DEPTH_9,Y,4.559,4.500,0.059,-0.250,0.250,,OP2_P39 - PL_FIXTURE / OP2_CS
Distance,OP2_DEPTH_10,Y,4.623,4.500,0.123,-0.250,0.250,,OP2_P44 - PL_FIXTURE / OP2_CS
Distance,OP2_DEPTH_11,Y,4.615,4.500,0.115,-0.250,0.250,,OP2_P49 - PL_FIXTURE / OP2_CS
Distance,OP3_WIDTH_1,D1,2.982,2.930,0.052,-0.150,0.150,,OP3_P2 - OP3_P4 / OP3_CS
Distance,OP3_WIDTH_2,D1,3.058,2.930,0.128,-0.150,0.150,,OP3_P7 - OP3_P9 / OP3_CS
Distance,OP3_WIDTH_3,D1,3.010,2.930,0.080,-0.150,0.150,,OP3_P11 - OP3_P13 / OP3_CS
Distance,OP3_WIDTH_4,D1,3.015,2.930,0.085,-0.150,0.150,,OP3_P15 - OP3_P17 / OP3_CS
Distance,OP3_WIDTH_5,D1,2.953,2.930,0.023,-0.150,0.150,,OP3_P19 - OP3_P21 / OP3_CS
Distance,OP3_WIDTH_6,D1,2.956,2.930,0.026,-0.150,0.150,,OP3_P23 - OP3_P25 / OP3_CS
Distance,OP3_WIDTH_7,D1,2.883,2.930,-0.047,-0.150,0.150,,OP3_P28 - OP3_P30 / OP3_CS
Distance,OP3_WIDTH_8,D1,2.851,2.930,-0.079,-0.150,0.150,,OP3_P33 - OP3_P35 / OP3_CS
Distance,OP3_WIDTH_9,D1,2.855,2.930,-0.075,-0.150,0.150,,OP3_P38 - OP3_P40 / OP3_CS
Distance,OP3_WIDTH_10,D1,2.851,2.930,-0.079,-0.150,0.150,,OP3_P43 - OP3_P45 / OP3_CS
Distance,OP3_WIDTH_11,D1,2.799,2.930,-0.131,-0.150,0.150,,OP3_P48 - OP3_P50 / OP3_CS
Distance,OP3_DEPTH_1,Y,4.563,4.500,0.063,-0.250,0.250,,OP3_P3 - PL_FIXTURE / OP3_CS
Distance,OP3_DEPTH_2,Y,4.506,4.500,0.006,-0.250,0.250,,OP3_P8 - PL_FIXTURE / OP3_CS
Distance,OP3_DEPTH_3,Y,4.643,4.500,0.143,-0.250,0.250,,OP3_P12 - PL_FIXTURE / OP3_CS
Distance,OP3_DEPTH_4,Y,4.590,4.500,0.090,-0.250,0.250,,OP3_P16 - PL_FIXTURE / OP3_CS
Distance,OP3_DEPTH_5,Y,4.689,4.500,0.189,-0.250,0.250,,OP3_P20 - PL_FIXTURE / OP3_CS
Distance,OP3_DEPTH_6,Y,4.585,4.500,0.085,-0.250,0.250,,OP3_P24 - PL_FIXTURE / OP3_CS
Distance,OP3_DEPTH_7,Y,4.570,4.500,0.070,-0.250,0.250,,OP3_P29 - PL_FIXTURE / OP3_CS
Distance,OP3_DEPTH_8,Y,4.616,4.500,0.116,-0.250,0.250,,OP3_P34 - PL_FIXTURE / OP3_CS
Distance,OP3_DEPTH_9,Y,4.622,4.500,0.122,-0.250,0.250,,OP3_P39 - PL_FIXTURE / OP3_CS
Distance,OP3_DEPTH_10,Y,4.655,4.500,0.155,-0.250,0.250,,OP3_P44 - PL_FIXTURE / OP3_CS
Distance,OP3_DEPTH_11,Y,4.647,4.500,0.147,-0.250,0.250,,OP3_P49 - PL_FIXTURE / OP3_CS
Distance,OP4_WIDTH_1,D1,2.848,2.930,-0.082,-0.150,0.150,,OP4_P2 - OP4_P4 / OP4_CS
Distance,OP4_WIDTH_2,D1,2.890,2.930,-0.040,-0.150,0.150,,OP4_P7 - OP4_P9 / OP4_CS
Distance,OP4_WIDTH_3,D1,3.065,2.930,0.135,-0.150,0.150,,OP4_P11 - OP4_P13 / OP4_CS
Distance,OP4_WIDTH_4,D1,3.035,2.930,0.105,-0.150,0.150,,OP4_P15 - OP4_P17 / OP4_CS
Distance,OP4_WIDTH_5,D1,2.885,2.930,-0.045,-0.150,0.150,,OP4_P19 - OP4_P21 / OP4_CS
Distance,OP4_WIDTH_6,D1,2.916,2.930,-0.014,-0.150,0.150,,OP4_P23 - OP4_P25 / OP4_CS
Distance,OP4_WIDTH_7,D1,2.885,2.930,-0.045,-0.150,0.150,,OP4_P28 - OP4_P30 / OP4_CS
Distance,OP4_WIDTH_8,D1,2.946,2.930,0.016,-0.150,0.150,,OP4_P33 - OP4_P35 / OP4_CS
Distance,OP4_WIDTH_9,D1,2.852,2.930,-0.078,-0.150,0.150,,OP4_P38 - OP4_P40 / OP4_CS
Distance,OP4_WIDTH_10,D1,2.921,2.930,-0.009,-0.150,0.150,,OP4_P43 - OP4_P45 / OP4_CS
Distance,OP4_WIDTH_11,D1,2.791,2.930,-0.139,-0.150,0.150,,OP4_P48 - OP4_P50 / OP4_CS
Distance,OP4_DEPTH_1,Y,4.555,4.500,0.055,-0.250,0.250,,OP4_P3 - PL_FIXTURE / OP4_CS
Distance,OP4_DEPTH_2,Y,4.465,4.500,-0.035,-0.250,0.250,,OP4_P8 - PL_FIXTURE / OP4_CS
Distance,OP4_DEPTH_3,Y,4.507,4.500,0.007,-0.250,0.250,,OP4_P12 - PL_FIXTURE / OP4_CS
Distance,OP4_DEPTH_4,Y,4.553,4.500,0.053,-0.250,0.250,,OP4_P16 - PL_FIXTURE / OP4_CS
Distance,OP4_DEPTH_5,Y,4.536,4.500,0.036,-0.250,0.250,,OP4_P20 - PL_FIXTURE / OP4_CS
Distance,OP4_DEPTH_6,Y,4.570,4.500,0.070,-0.250,0.250,,OP4_P24 - PL_FIXTURE / OP4_CS
Distance,OP4_DEPTH_7,Y,4.576,4.500,0.076,-0.250,0.250,,OP4_P29 - PL_FIXTURE / OP4_CS
Distance,OP4_DEPTH_8,Y,4.481,4.500,-0.019,-0.250,0.250,,OP4_P34 - PL_FIXTURE / OP4_CS
Distance,OP4_DEPTH_9,Y,4.515,4.500,0.015,-0.250,0.250,,OP4_P39 - PL_FIXTURE / OP4_CS
Distance,OP4_DEPTH_10,Y,4.542,4.500,0.042,-0.250,0.250,,OP4_P44 - PL_FIXTURE / OP4_CS
Distance,OP4_DEPTH_11,Y,4.529,4.500,0.029,-0.250,0.250,,OP4_P49 - PL_FIXTURE / OP4_CS
Circle,CIR_7,X,-101.775,-101.900,0.125,,,,Inters. PL_PLAST_7 - CYL_7.
Circle,CIR_7,Y,12.909,13.400,-0.491,,,,
Circle,CIR_7,Z,233.911,233.000,0.911,,,,
Circle,CIR_8,DIAM,14.669,14.675,-0.006,-0.075,0.075,,Criterion : Least Square (From 10 Pts On PL_PLAST_8) 
Circle,CIR_8,X,-199.342,-199.900,0.558,,,,
Circle,CIR_8,Z,101.705,101.200,0.505,,,,
Circle,CIR_9_5.5MM,DIAM,19.997,20.000,-0.003,-0.050,0.050,,Criterion : Least Square (From 8 Pts On PL_PLAST_9) 
Circle,CIR_9_5.5MM,X,-111.211,-112.100,0.889,,,,
Circle,CIR_9_5.5MM,Y,144.715,144.900,-0.185,,,,
Circle,CIR_9_5.5MM,Z,201.430,201.500,-0.070,,,,
Plane,PL_D,F.F.,0.244,,0.244,,,,Criterion : Least Square (From 13 Pts) 
Circle,CIR_10,DIAM,64.916,65.000,-0.084,-0.500,0.500,,Criterion : Least Square (From 12 Pts On PL_D) 
Circle,CIR_10,X,-80.203,-80.500,0.297,,,,
Circle,CIR_10,Y,86.704,87.100,-0.396,,,,
Circle,CIR_10,Z,232.966,232.330,0.636,,,,
Circle,CIR_11,X,-96.134,-96.800,0.666,,,,Criterion : Least Square (From 6 Pts On PL_INS_11) 
Circle,CIR_11,Y,46.656,47.290,-0.634,,,,
Circle,CIR_11,Z,249.216,248.580,0.636,,,,
Circle,CIR_12,X,-108.129,-108.693,0.564,,,,Criterion : Least Square (From 6 Pts On PL_INS_12) 
Circle,CIR_12,Y,109.287,110.079,-0.792,,,,
Circle,CIR_12,Z,261.243,260.479,0.763,,,,
Circle,CIR_13,X,-64.394,-64.297,-0.097,,,,Criterion : Least Square (From 6 Pts On PL_INS_13) 
Circle,CIR_13,Y,126.559,126.902,-0.343,,,,
Circle,CIR_13,Z,216.596,216.083,0.512,,,,
Circle,CIR_14,X,-52.125,-52.402,0.276,,,,Criterion : Least Square (From 6 Pts On PL_INS_14) 
Circle,CIR_14,Y,63.821,64.116,-0.295,,,,
Circle,CIR_14,Z,204.731,204.188,0.543,,,,
Circle,2D_CIR_11,Y,-32.571,-32.500,-0.071,,,,
Circle,2D_CIR_11,Z,32.571,32.500,0.071,,,,
Circle,2D_CIR_12,Y,32.322,32.500,-0.178,,,,
Circle,2D_CIR_12,Z,32.321,32.500,-0.179,,,,
Circle,2D_CIR_13,Y,32.386,32.500,-0.114,,,,
Circle,2D_CIR_13,Z,-32.520,-32.500,-0.020,,,,
Circle,2D_CIR_14,Y,-32.632,-32.500,-0.132,,,,
Circle,2D_CIR_14,Z,-32.316,-32.500,0.184,,,,
Distance,H11,X,0.244,0.000,0.244,0.000,0.500,,CIR_11 - PL_PLAST_11 / CS_DE_BF
Distance,H12,X,0.253,-0.000,0.253,0.000,0.500,,CIR_12 - PL_PLAST_12 / CS_DE_BF
Distance,H13,X,0.274,-0.000,0.274,0.000,0.500,,CIR_13 - PL_PLAST_13 / CS_DE_BF
Distance,H14,X,0.235,0.000,0.235,0.000,0.500,,CIR_14 - PL_PLAST_14 / CS_DE_BF
Distance,DP_11,X,-18.564,-17.377,-1.186,,,,PNT_BOTTOM_11 - PL_INS_11 / CS_11
Distance,DP_12,X,-18.502,-17.386,-1.116,,,,PNT_BOTTOM_12 - PL_INS_12 / CS_12
Distance,DP_13,X,-18.614,-17.763,-0.852,,,,PNT_BOTTOM_13 - PL_INS_13 / CS_13
Distance,DP_14,X,-18.440,-17.530,-0.911,,,,PNT_BOTTOM_14 - PL_INS_14 / CS_14
Distance,WIDTH_TB.1,D1,2.960,3.000,-0.040,-0.150,0.150,,0W2.25.1 - IW2.25.1 / CS_DE_BF_ROT_TOL
Distance,WIDTH_TB.2,D1,2.896,3.000,-0.104,-0.150,0.150,,0W2.25.2 - IW2.25.2 / CS_DE_BF_ROT_TOL
Distance,WIDTH_TB.3,D1,2.984,3.000,-0.016,-0.150,0.150,,0W2.25.3 - IW2.25.3 / CS_DE_BF_ROT_TOL
Distance,WIDTH_TB.4,D1,2.941,3.000,-0.059,-0.150,0.150,,0W2.25.4 - IW2.25.4 / CS_DE_BF_ROT_TOL
Distance,WIDTH_TB.5,D1,3.002,3.000,0.002,-0.150,0.150,,0W2.25.5 - IW2.25.5 / CS_DE_BF_ROT_TOL
Distance,WIDTH_TB.6,D1,2.949,3.000,-0.051,-0.150,0.150,,0W2.25.6 - IW2.25.6 / CS_DE_BF_ROT_TOL
Distance,WIDTH_TB.7,D1,2.998,3.000,-0.002,-0.150,0.150,,0W2.25.7 - IW2.25.7 / CS_DE_BF_ROT_TOL
Distance,WIDTH_TB.8,D1,2.915,3.000,-0.085,-0.150,0.150,,0W2.25.8 - IW2.25.8 / CS_DE_BF_ROT_TOL
Distance,DEPTH_TB.1,D1,4.487,4.500,-0.013,-0.250,0.250,,TB_DP.1 - PL_D / CS_DE_BF_ROT_TOL
Distance,DEPTH_TB.2,D1,4.438,4.500,-0.062,-0.250,0.250,,TB_DP.2 - PL_D / CS_DE_BF_ROT_TOL
Distance,DEPTH_TB.3,D1,4.431,4.500,-0.069,-0.250,0.250,,TB_DP.3 - PL_D / CS_DE_BF_ROT_TOL
Distance,DEPTH_TB.4,D1,4.542,4.500,0.042,-0.250,0.250,,TB_DP.4 - PL_D / CS_DE_BF_ROT_TOL
Distance,DEPTH_TB.5,D1,4.560,4.500,0.060,-0.250,0.250,,TB_DP.5 - PL_D / CS_DE_BF_ROT_TOL
Distance,DEPTH_TB.6,D1,4.550,4.500,0.050,-0.250,0.250,,TB_DP.6 - PL_D / CS_DE_BF_ROT_TOL
Distance,DEPTH_TB.7,D1,4.567,4.500,0.067,-0.250,0.250,,TB_DP.7 - PL_D / CS_DE_BF_ROT_TOL
Distance,DEPTH_TB.8,D1,4.577,4.500,0.077,-0.250,0.250,,TB_DP.8 - PL_D / CS_DE_BF_ROT_TOL
Circle,CIR_15,DIAM,18.194,18.000,0.194,-0.250,0.250,,Criterion : Least Square (From 8 Pts On PL_PLAST_15) 
Circle,CIR_15,Y,110.326,111.000,-0.674,,,,
Circle,CIR_15,Z,-151.500,-150.500,-1.000,,,,
Circle,CIR_16,DIAM,18.095,18.000,0.095,-0.250,0.250,,Criterion : Least Square (From 8 Pts On PL_PLAST_16) 
Circle,CIR_16,Y,109.693,111.000,-1.307,,,,
Circle,CIR_16,Z,151.963,151.500,0.463,,,,
Circle,CIR_17,DIAM,6.178,6.500,-0.322,-0.200,0.200,-0.122,Criterion : Least Square (From 6 Pts On PL_PLAST_17) 
Circle,CIR_17,X,-112.062,-112.600,0.538,,,,
Circle,CIR_17,Z,151.693,151.500,0.193,,,,
Circle,CIR_18,DIAM,5.044,5.000,0.044,-0.200,0.200,,Criterion : Least Square (From 6 Pts On PL_PLAST_18_19) 
Circle,CIR_18,X,-234.000,-234.500,0.500,,,,
Circle,CIR_18,Y,58.103,58.500,-0.397,,,,
Circle,CIR_18,Z,38.027,38.100,-0.073,,,,
Circle,CIR_19,DIAM,6.655,6.500,0.155,-0.200,0.200,,Criterion : Least Square (From 6 Pts On PL_PLAST_18_19) 
Circle,CIR_19,X,-234.206,-234.500,0.294,,,,
Circle,CIR_19,Y,70.701,71.000,-0.299,,,,
Circle,CIR_19,Z,38.317,38.100,0.217,,,,
Circle,CIR_20,DIAM,6.541,6.500,0.041,-0.200,0.200,,Criterion : Least Square (From 6 Pts On PL_PLAST_20) 
Circle,CIR_20,X,-158.119,-158.500,0.381,,,,
Circle,CIR_20,Z,-123.077,-123.900,0.823,,,,
Circle,CIR_21,DIAM,6.742,6.500,0.242,-0.200,0.200,0.042,Criterion : Least Square (From 6 Pts On PL_PLAST_21_22) 
Circle,CIR_21,X,-251.451,-251.700,0.249,,,,
Circle,CIR_21,Z,-38.893,-39.000,0.107,,,,
Circle,CIR_22,DIAM,5.162,5.000,0.162,-0.200,0.200,,Criterion : Least Square (From 6 Pts On PL_PLAST_21_22) 
Circle,CIR_22,X,0.000,0.000,0.000,,,,
Circle,CIR_22,Z,-12.620,-12.500,-0.120,,,,
Circle,CIR_23,DIAM,6.493,6.500,-0.007,-0.200,0.200,,Criterion : Least Square (From 6 Pts On PL_PLAST_23_24) 
Circle,CIR_23,X,-30.887,-31.600,0.713,,,,
Circle,CIR_23,Z,-90.826,-91.500,0.674,,,,
Circle,CIR_24,DIAM,5.215,5.000,0.215,-0.200,0.200,0.015,Criterion : Least Square (From 6 Pts On PL_PLAST_23_24) 
Circle,CIR_24,X,12.273,12.500,-0.227,,,,
Circle,CIR_24,Z,-0.000,0.000,0.000,,,,
Circle,CIR_25,DIAM,6.597,6.500,0.097,-0.200,0.200,,Criterion : Least Square (From 6 Pts On PL_PLAST_25) 
Circle,CIR_25,Y,110.662,111.000,-0.338,,,,
Circle,CIR_25,Z,-106.270,-105.500,-0.769,,,,
Circle,CIR_26,DIAM,6.441,6.500,-0.059,-0.200,0.200,,Criterion : Least Square (From 6 Pts On PL_PLAST_26) 
Circle,CIR_26,Y,97.007,98.000,-0.993,,,,
Circle,CIR_26,Z,195.012,194.500,0.512,,,,
Pos. Tol.,POS_B,PTOL,0.245,0.000,0.245,0.000,0.300,,CIR_B(M)/NOMINAL - CS_ABC_BF_SURFACE - C-Zone - XZ - Nominal
Distance,DIM_X_C,D1,185.032,184.993,0.039,,,,PNT_C - ORIGIN / CS_ABC_BF_SURFACE
Distance,DIM_X_C,D2,,,,,,,
Distance,DIM_X_C,X,0.031,0.000,0.031,-0.150,0.150,,
Distance,DIM_X_C,Y,-0.000,-0.000,0.000,,,,
Distance,DIM_X_C,Z,185.032,184.993,0.039,,,,
Distance,DIM_Z_C,D1,185.032,184.993,0.039,,,,PNT_C - ORIGIN / CS_ABC_BF
Distance,DIM_Z_C,D2,,,,,,,
Distance,DIM_Z_C,X,0.031,0.000,0.031,,,,
Distance,DIM_Z_C,Y,-0.000,-0.000,0.000,,,,
Distance,DIM_Z_C,Z,185.032,185.000,0.032,-0.350,0.350,,
Pos. Tol.,POS_1,PTOL,0.491,0.000,0.491,0.000,1.000,,CIR_1/NOMINAL - CS_ABC_BF_SURFACE - C-Zone - XZ - Nominal
Pos. Tol.,POS_2,PTOL,0.347,0.000,0.347,0.000,1.000,,CIR_2/NOMINAL - CS_ABC_BF_SURFACE - C-Zone - XZ - Nominal
Pos. Tol.,POS_3,PTOL,0.252,0.000,0.252,0.000,1.000,,CIR_3/NOMINAL - CS_ABC_BF_SURFACE - C-Zone - XZ - Nominal
Pos. Tol.,POS_4,PTOL,0.309,0.000,0.309,0.000,1.000,,CIR_4/NOMINAL - CS_ABC_BF_SURFACE - C-Zone - XZ - Nominal
Pos. Tol.,POS_5,PTOL,0.586,0.000,0.586,0.000,1.000,,CIR_5/NOMINAL - CS_ABC_BF_SURFACE - C-Zone - XZ - Nominal
Pos. Tol.,POS_6,PTOL,0.702,0.000,0.702,0.000,1.000,,CIR_6/NOMINAL - CS_ABC_BF_SURFACE - C-Zone - XZ - Nominal
Pos. Tol.,POS_7,PTOL,2.084,0.000,2.084,0.000,3.000,,CIR_7/NOMINAL - CS_ABC_BF_SURFACE - C-Zone - XYZ - Nominal
Pos. Tol.,POS_8,PTOL,1.504,0.000,1.504,0.000,3.000,,CIR_8/NOMINAL - CS_ABC_BF_SURFACE - C-Zone - XZ - Nominal
Pos. Tol.,POS_9,PTOL,1.821,0.000,1.821,0.000,3.000,,CIR_9_5.5MM/NOMINAL - CS_ABC_BF_SURFACE - C-Zone - XYZ - Nominal
Pos. Tol.,POS_10,PTOL,1.612,0.000,1.612,0.000,4.000,,CIR_10/NOMINAL - CS_ABC_BF_SURFACE - C-Zone - XYZ - Nominal
Pos. Tol.,POS_11,PTOL,2.237,0.000,2.237,0.000,4.000,,CIR_11/NOMINAL - CS_ABC_BF_SURFACE - C-Zone - XYZ - Nominal
Pos. Tol.,POS_12,PTOL,2.472,0.000,2.472,0.000,4.000,,CIR_12/NOMINAL - CS_ABC_BF_SURFACE - C-Zone - XYZ - Nominal
Pos. Tol.,POS_13,PTOL,1.248,0.000,1.248,0.000,4.000,,CIR_13/NOMINAL - CS_ABC_BF_SURFACE - C-Zone - XYZ - Nominal
Pos. Tol.,POS_14,PTOL,1.354,0.000,1.354,0.000,4.000,,CIR_14/NOMINAL - CS_ABC_BF_SURFACE - C-Zone - XYZ - Nominal
Pos. Tol.,POS_2D_11,PTOL,0.201,0.000,0.201,0.000,0.650,,2D_CIR_11/NOMINAL - CS_DE_BF - C-Zone - YZ - Nominal
Pos. Tol.,POS_2D_12,PTOL,0.504,0.000,0.504,0.000,0.650,,2D_CIR_12/NOMINAL - CS_DE_BF - C-Zone - YZ - Nominal
Pos. Tol.,POS_2D_13,PTOL,0.232,0.000,0.232,0.000,0.650,,2D_CIR_13/NOMINAL - CS_DE_BF - C-Zone - YZ - Nominal
Pos. Tol.,POS_2D_14,PTOL,0.453,0.000,0.453,0.000,0.650,,2D_CIR_14/NOMINAL - CS_DE_BF - C-Zone - YZ - Nominal
Pos. Tol.,POS_15,PTOL,2.412,0.000,2.412,0.000,4.000,,CIR_15/NOMINAL - CS_ABC_BF_SURFACE - C-Zone - YZ - Nominal
Pos. Tol.,POS_16,PTOL,2.773,0.000,2.773,0.000,4.000,,CIR_16/NOMINAL - CS_ABC_BF_SURFACE - C-Zone - YZ - Nominal
Pos. Tol.,POS_17,PTOL,1.144,0.000,1.144,0.000,3.000,,CIR_17/NOMINAL - CS_ABC_BF_SURFACE - C-Zone - XZ - Nominal
Pos. Tol.,POS_18,PTOL,1.286,0.000,1.286,0.000,3.000,,CIR_18/NOMINAL - CS_ABC_BF_SURFACE - C-Zone - XYZ - Nominal
Pos. Tol.,POS_19,PTOL,0.944,0.000,0.944,0.000,3.000,,CIR_19/NOMINAL - CS_ABC_BF_SURFACE - C-Zone - XYZ - Nominal
Pos. Tol.,POS_20,PTOL,1.814,0.000,1.814,0.000,3.000,,CIR_20/NOMINAL - CS_ABC_BF_SURFACE - C-Zone - XZ - Nominal
Pos. Tol.,POS_21,PTOL,0.541,0.000,0.541,0.000,3.000,,CIR_21/NOMINAL - CS_ABC_BF_SURFACE - C-Zone - XZ - Nominal
Pos. Tol.,POS_22,PTOL,0.241,0.000,0.241,0.000,3.000,,CIR_22/NOMINAL - CS_21_22 - C-Zone - XZ - Nominal
Pos. Tol.,POS_23,PTOL,1.963,0.000,1.963,0.000,3.000,,CIR_23/NOMINAL - CS_ABC_BF_SURFACE - C-Zone - XZ - Nominal
Pos. Tol.,POS_24,PTOL,0.453,0.000,0.453,0.000,3.000,,CIR_24/NOMINAL - CS_23_24 - C-Zone - XZ - Nominal
Pos. Tol.,POS_25,PTOL,1.681,0.000,1.681,0.000,3.000,,CIR_25/NOMINAL - CS_ABC_BF_SURFACE - C-Zone - YZ - Nominal
Pos. Tol.,POS_26,PTOL,1.230,0.000,1.230,0.000,3.000,,CIR_26/NOMINAL - CS_ABC_BF_SURFACE - C-Zone - XZ - Nominal
Distance,PROF_15,X,62.851,62.200,0.651,-2.000,2.000,,CIR_15 - ORIGIN / CS_ABC_BF_SURFACE
Distance,PROF_16,X,62.884,62.190,0.694,-2.000,2.000,,CIR_16 - ORIGIN / CS_ABC_BF_SURFACE
Distance,PROF_17,Y,154.764,156.000,-1.236,-1.500,1.500,,CIR_17 - ORIGIN / CS_ABC_BF_SURFACE
Distance,PROF_20,Y,138.091,139.000,-0.909,-1.500,1.500,,CIR_20 - ORIGIN / CS_ABC_BF_SURFACE
Distance,PROF_21,Y,128.224,129.000,-0.776,-1.500,1.500,,CIR_21 - ORIGIN / CS_ABC_BF_SURFACE
Distance,PROF_22,Y,128.324,128.432,-0.108,-1.500,1.500,,CIR_22 - ORIGIN / CS_ABC_BF_SURFACE
Distance,PROF_23,Y,176.492,177.500,-1.008,-1.500,1.500,,CIR_23 - ORIGIN / CS_ABC_BF_SURFACE
Distance,PROF_24,Y,176.480,177.622,-1.142,-1.500,1.500,,CIR_24 - ORIGIN / CS_ABC_BF_SURFACE
Distance,PROF_25,X,49.993,49.400,0.593,-1.500,1.500,,CIR_25 - ORIGIN / CS_ABC_BF_SURFACE
Distance,PROF_26,Y,97.007,98.000,-0.993,-1.500,1.500,,CIR_26 - ORIGIN / CS_ABC_BF_SURFACE
Angle,ANG_SPIN_WELD,ZoX,-0.520,0.000,-0.520,-1.000,1.000,,CYL_7 - Z-AXIS / CS_ABC_BF_SURFACE
Profile of Line,OP1_PROF_INSIDE_PORT,PRFL,0.661,0.000,0.661,0.000,1.000,,OP1_SRF_IN_PORT
Profile of Line,OP2_PROF_INSIDE_PORT,PRFL,0.350,0.000,0.350,0.000,1.000,,OP2_SRF_IN_PORT
Profile of Line,OP3_PROF_INSIDE_PORT,PRFL,0.650,0.000,0.650,0.000,1.000,,OP3_SRF_IN_PORT
Profile of Line,OP4_PROF_INSIDE_PORT,PRFL,0.973,0.000,0.973,0.000,1.000,,OP4_SRF_IN_PORT
