Feat. Type,Feat. Name,Value,Actual,Nominal,Dev.,Tol-,Tol+,Out of Tol.,Comment
Text/Value,VAR_PROGRAM,VAL,,,,,,,'N:\Metrolog XG\Programmes\GMI 700\GMI 700 Moule 1 Complete Module 51.gm2'
Text/Value,VAR_EVENEMENT,VAL,,,,,,,'Demarrage hebdo'
Text/Value,VAR_COMMENTAIRES,VAL,,,,,,,'350 B'
Text/Value,SRF_A,VAL,0.345115,0.000000,0.345115,0.000000,0.500000,,
Circle,CIR_B,DIAM,9.884,9.850,0.034,-0.100,0.100,,Criterion : Least Square (From 4 Pts On PL_FIXTURE) 
Distance,DIAMETRE_C,D1,9.869,9.900,-0.031,-0.100,0.100,,SRF_C_TOP - SRF_C_DOWN / CS_ABC
Point,PNT_C_PRJ_FIXT,X,-141.718,-142.000,0.282,,,,Proj. PNT_MID_C / PL_FIXTURE.
Point,PNT_C_PRJ_FIXT,Z,-45.909,-46.000,0.091,,,,
Pos. Tol.,POS_C,PTOL,0.592,0.000,0.592,0.000,1.400,,PNT_C_PRJ_FIXT/NOMINAL - CS_ABC - C-Zone - XZ - Nominal
Circle,CIR1,X,-229.109,-228.500,-0.609,,,,From 4 Pts On PL_FIXTURE
Circle,CIR1,Z,-78.082,-78.000,-0.082,,,,
Pos. Tol.,POS_1,PTOL,1.228,0.000,1.228,0.000,1.500,,CIR1/NOMINAL - CS_ABC - C-Zone - XZ - Nominal
Circle,CIR2,X,-125.824,-125.500,-0.324,,,,From 4 Pts On PL_FIXTURE
Circle,CIR2,Z,-78.407,-78.000,-0.407,,,,
Pos. Tol.,POS_2,PTOL,1.039,0.000,1.039,0.000,1.500,,CIR2/NOMINAL - CS_ABC - C-Zone - XZ - Nominal
Circle,CIR3,X,-22.824,-22.500,-0.324,,,,From 4 Pts On PL_FIXTURE
Circle,CIR3,Z,-78.189,-78.000,-0.188,,,,
Pos. Tol.,POS_3,PTOL,0.750,0.000,0.750,0.000,1.500,,CIR3/NOMINAL - CS_ABC - C-Zone - XZ - Nominal
Circle,CIR4,X,86.144,86.500,-0.356,,,,From 4 Pts On PL_FIXTURE
Circle,CIR4,Z,31.512,32.000,-0.488,,,,
Pos. Tol.,POS_4,PTOL,1.209,0.000,1.209,0.000,1.500,,CIR4/NOMINAL - CS_ABC - C-Zone - XZ - Nominal
Circle,CIR5,X,-16.919,-16.500,-0.419,,,,From 4 Pts On PL_FIXTURE
Circle,CIR5,Z,31.576,32.000,-0.423,,,,
Pos. Tol.,POS_5,PTOL,1.191,0.000,1.191,0.000,1.500,,CIR5/NOMINAL - CS_ABC - C-Zone - XZ - Nominal
Circle,CIR6,X,-119.871,-119.500,-0.371,,,,From 4 Pts On PL_FIXTURE
Circle,CIR6,Z,32.036,32.000,0.036,,,,
Pos. Tol.,POS_6,PTOL,0.746,0.000,0.746,0.000,1.500,,CIR6/NOMINAL - CS_ABC - C-Zone - XZ - Nominal
Profile of Line,PROF_OP1,PRFL,0.992,0.000,0.992,0.000,1.500,,SCT_OP1
Profile of Line,OP1_PROF_INNER_WALL,PRFL,1.390,0.000,1.390,0.000,1.500,,OP1_SRF_INNER_WALL
Profile of Line,OP1_PROF_OUTTER_WALL,PRFL,1.264,0.000,1.264,0.000,1.500,,OP1_SRF_OUTTER_WALL
Profile of Line,PROF_OP2,PRFL,0.652,0.000,0.652,0.000,1.500,,SCT_OP2
Profile of Line,OP2_PROF_INNER_WALL,PRFL,0.941,0.000,0.941,0.000,1.500,,OP2_SRF_INNER_WALL
Profile of Line,OP2_PROF_OUTTER_WALL,PRFL,0.829,0.000,0.829,0.000,1.500,,OP2_SRF_OUTTER_WALL
Profile of Line,PROF_OP3,PRFL,0.545,0.000,0.545,0.000,1.500,,SCT_OP3
Profile of Line,OP3_PROF_INNER_WALL,PRFL,0.407,0.000,0.407,0.000,1.500,,OP3_SRF_INNER_WALL
Profile of Line,OP3_PROF_OUTTER_WALL,PRFL,0.545,0.000,0.545,0.000,1.500,,OP3_SRF_OUTTER_WALL
Profile of Line,PROF_OP4,PRFL,0.736,0.000,0.736,0.000,1.500,,SCT_OP4
Profile of Line,OP4_PROF_INNER_WALL,PRFL,0.867,0.000,0.867,0.000,1.500,,OP4_SRF_INNER_WALL
Profile of Line,OP4_PROF_OUTTER_WALL,PRFL,0.716,0.000,0.716,0.000,1.500,,OP4_SRF_OUTTER_WALL
Profile of Line,PROF_OP5,PRFL,0.629,0.000,0.629,0.000,1.500,,SCT_OP5
Profile of Line,OP5_PROF_INNER_WALL,PRFL,0.606,0.000,0.606,0.000,1.500,,OP5_SRF_INNER_WALL
Profile of Line,OP5_PROF_OUTTER_WALL,PRFL,0.604,0.000,0.604,0.000,1.500,,OP5_SRF_OUTTER_WALL
Profile of Line,PROF_OP6,PRFL,1.170,0.000,1.170,0.000,1.500,,SCT_OP6
Profile of Line,OP6_PROF_INNER_WALL,PRFL,1.306,0.000,1.306,0.000,1.500,,OP6_SRF_INNER_WALL
Profile of Line,OP6_PROF_OUTTER_WALL,PRFL,1.284,0.000,1.284,0.000,1.500,,OP6_SRF_OUTTER_WALL
Distance,OP1_WIDTH_1,D1,2.960,3.000,-0.040,-0.150,0.150,,OP1_P2 - OP1_P3 / OP1_CS
Distance,OP1_WIDTH_5,D1,2.910,3.000,-0.090,-0.150,0.150,,OP1_P22 - OP1_P23 / OP1_CS
Distance,OP1_WIDTH_9,D1,2.981,3.000,-0.019,-0.150,0.150,,OP1_P42 - OP1_P43 / OP1_CS
Distance,OP1_WIDTH_12,D1,3.002,3.000,0.002,-0.150,0.150,,OP1_P57 - OP1_P58 / OP1_CS
Distance,OP1_DEPTH_1,Y,4.998,5.000,-0.002,-0.150,0.150,,OP1_P4 - PL_FIXTURE / OP1_CS
Distance,OP1_DEPTH_5,Y,5.066,5.000,0.066,-0.150,0.150,,OP1_P24 - PL_FIXTURE / OP1_CS
Distance,OP1_DEPTH_9,Y,5.059,5.000,0.059,-0.150,0.150,,OP1_P44 - PL_FIXTURE / OP1_CS
Distance,OP1_DEPTH_12,Y,5.047,5.000,0.047,-0.150,0.150,,OP1_P59 - PL_FIXTURE / OP1_CS
Distance,OP2_WIDTH_1,D1,3.036,3.000,0.036,-0.200,0.200,,OP2_P2 - OP2_P3 / OP2_CS
Distance,OP2_WIDTH_5,D1,2.966,3.000,-0.034,-0.200,0.200,,OP2_P22 - OP2_P23 / OP2_CS
Distance,OP2_WIDTH_9,D1,3.020,3.000,0.020,-0.200,0.200,,OP2_P42 - OP2_P43 / OP2_CS
Distance,OP2_WIDTH_12,D1,3.027,3.000,0.027,-0.200,0.200,,OP2_P57 - OP2_P58 / OP2_CS
Distance,OP2_DEPTH_1,Y,4.989,5.000,-0.011,-0.150,0.150,,OP2_P4 - PL_FIXTURE / OP2_CS
Distance,OP2_DEPTH_5,Y,4.953,5.000,-0.047,-0.150,0.150,,OP2_P24 - PL_FIXTURE / OP2_CS
Distance,OP2_DEPTH_9,Y,5.048,5.000,0.048,-0.150,0.150,,OP2_P44 - PL_FIXTURE / OP2_CS
Distance,OP2_DEPTH_12,Y,4.977,5.000,-0.023,-0.150,0.150,,OP2_P59 - PL_FIXTURE / OP2_CS
Distance,OP3_WIDTH_1,D1,2.998,3.000,-0.002,-0.200,0.200,,OP3_P2 - OP3_P3 / OP3_CS
Distance,OP3_WIDTH_5,D1,2.858,3.000,-0.142,-0.200,0.200,,OP3_P22 - OP3_P23 / OP3_CS
Distance,OP3_WIDTH_9,D1,3.015,3.000,0.015,-0.200,0.200,,OP3_P42 - OP3_P43 / OP3_CS
Distance,OP3_WIDTH_12,D1,3.006,3.000,0.006,-0.200,0.200,,OP3_P57 - OP3_P58 / OP3_CS
Distance,OP3_DEPTH_1,Y,5.052,5.000,0.052,-0.150,0.150,,OP3_P4 - PL_FIXTURE / OP3_CS
Distance,OP3_DEPTH_5,Y,5.106,5.000,0.106,-0.150,0.150,,OP3_P24 - PL_FIXTURE / OP3_CS
Distance,OP3_DEPTH_9,Y,4.931,5.000,-0.069,-0.150,0.150,,OP3_P44 - PL_FIXTURE / OP3_CS
Distance,OP3_DEPTH_12,Y,5.052,5.000,0.052,-0.150,0.150,,OP3_P59 - PL_FIXTURE / OP3_CS
Distance,OP4_WIDTH_1,D1,2.884,3.000,-0.116,-0.200,0.200,,OP4_P2 - OP4_P3 / OP4_CS
Distance,OP4_WIDTH_5,D1,2.918,3.000,-0.082,-0.200,0.200,,OP4_P22 - OP4_P23 / OP4_CS
Distance,OP4_WIDTH_9,D1,2.908,3.000,-0.092,-0.200,0.200,,OP4_P42 - OP4_P43 / OP4_CS
Distance,OP4_WIDTH_12,D1,2.792,3.000,-0.208,-0.200,0.200,-0.008,OP4_P57 - OP4_P58 / OP4_CS
Distance,OP4_DEPTH_1,Y,5.091,5.000,0.091,-0.150,0.150,,OP4_P4 - PL_FIXTURE / OP4_CS
Distance,OP4_DEPTH_5,Y,4.887,5.000,-0.113,-0.150,0.150,,OP4_P24 - PL_FIXTURE / OP4_CS
Distance,OP4_DEPTH_9,Y,4.993,5.000,-0.007,-0.150,0.150,,OP4_P44 - PL_FIXTURE / OP4_CS
Distance,OP4_DEPTH_12,Y,5.088,5.000,0.088,-0.150,0.150,,OP4_P59 - PL_FIXTURE / OP4_CS
Distance,OP5_WIDTH_1,D1,2.995,3.000,-0.005,-0.200,0.200,,OP5_P2 - OP5_P3 / OP5_CS
Distance,OP5_WIDTH_5,D1,2.970,3.000,-0.030,-0.200,0.200,,OP5_P22 - OP5_P23 / OP5_CS
Distance,OP5_WIDTH_9,D1,3.028,3.000,0.028,-0.200,0.200,,OP5_P42 - OP5_P43 / OP5_CS
Distance,OP5_WIDTH_12,D1,2.992,3.000,-0.008,-0.200,0.200,,OP5_P57 - OP5_P58 / OP5_CS
Distance,OP5_DEPTH_1,Y,4.817,5.000,-0.183,-0.150,0.150,-0.033,OP5_P4 - PL_FIXTURE / OP5_CS
Distance,OP5_DEPTH_5,Y,5.029,5.000,0.029,-0.150,0.150,,OP5_P24 - PL_FIXTURE / OP5_CS
Distance,OP5_DEPTH_9,Y,4.868,5.000,-0.132,-0.150,0.150,,OP5_P44 - PL_FIXTURE / OP5_CS
Distance,OP5_DEPTH_12,Y,5.010,5.000,0.010,-0.150,0.150,,OP5_P59 - PL_FIXTURE / OP5_CS
Distance,OP6_WIDTH_1,D1,3.035,3.000,0.035,-0.200,0.200,,OP6_P2 - OP6_P3 / OP6_CS
Distance,OP6_WIDTH_5,D1,2.987,3.000,-0.013,-0.200,0.200,,OP6_P22 - OP6_P23 / OP6_CS
Distance,OP6_WIDTH_9,D1,2.996,3.000,-0.004,-0.200,0.200,,OP6_P42 - OP6_P43 / OP6_CS
Distance,OP6_WIDTH_12,D1,3.010,3.000,0.010,-0.200,0.200,,OP6_P57 - OP6_P58 / OP6_CS
Distance,OP6_DEPTH_1,Y,5.000,5.000,0.000,-0.150,0.150,,OP6_P4 - PL_FIXTURE / OP6_CS
Distance,OP6_DEPTH_5,Y,4.999,5.000,-0.001,-0.150,0.150,,OP6_P24 - PL_FIXTURE / OP6_CS
Distance,OP6_DEPTH_9,Y,4.837,5.000,-0.163,-0.150,0.150,-0.013,OP6_P44 - PL_FIXTURE / OP6_CS
Distance,OP6_DEPTH_12,Y,5.016,5.000,0.016,-0.150,0.150,,OP6_P59 - PL_FIXTURE / OP6_CS
Circle,CIR_A,DIAM,79.081,79.000,0.081,-0.500,0.500,,Criterion : Least Square (From 12 Pts On PL_D) 
Circle,CIR_A,X,96.244,96.049,0.195,,,,
Circle,CIR_A,Y,71.153,70.746,0.407,,,,
Circle,CIR_A,Z,113.768,114.049,-0.281,,,,
Pos. Tol.,POS_A,PTOL,1.064,0.000,1.064,0.000,4.000,,CIR_A/NOMINAL - CS_ABC - C-Zone - XYZ - Nominal
Circle,CIR_INS_11,X,90.521,90.385,0.136,,,,Criterion : Least Square (From 6 Pts On PL_INS_11) 
Circle,CIR_INS_11,Y,95.266,95.065,0.200,,,,
Circle,CIR_INS_11,Z,159.796,160.233,-0.437,,,,
Pos. Tol.,POS_11,PTOL,1.000,0.000,1.000,0.000,3.000,,CIR_INS_11/NOMINAL - CS_ABC - C-Zone - XYZ - Nominal
Circle,CIR_INS_12,X,115.830,115.649,0.182,,,,Criterion : Least Square (From 6 Pts On PL_INS_12) 
Circle,CIR_INS_12,Y,38.706,38.214,0.492,,,,
Circle,CIR_INS_12,Z,150.084,150.299,-0.215,,,,
Pos. Tol.,POS_12,PTOL,1.134,0.000,1.134,0.000,3.600,,CIR_INS_12/NOMINAL - CS_ABC - C-Zone - XYZ - Nominal
Circle,CIR_INS_13,X,101.890,102.615,-0.726,,,,Criterion : Least Square (From 6 Pts On PL_INS_13) 
Circle,CIR_INS_13,Y,47.110,46.845,0.265,,,,
Circle,CIR_INS_13,Z,67.917,67.766,0.150,,,,
Pos. Tol.,POS_13,PTOL,1.574,0.000,1.574,0.000,3.000,,CIR_INS_13/NOMINAL - CS_ABC - C-Zone - XYZ - Nominal
Circle,CIR_INS_14,X,76.806,77.351,-0.546,,,,Criterion : Least Square (From 6 Pts On PL_INS_14) 
Circle,CIR_INS_14,Y,103.460,103.696,-0.236,,,,
Circle,CIR_INS_14,Z,77.522,77.701,-0.178,,,,
Pos. Tol.,POS_14,PTOL,1.242,0.000,1.242,0.000,3.000,,CIR_INS_14/NOMINAL - CS_ABC - C-Zone - XYZ - Nominal
Circle,2D_CIR_INS_11,Y,31.292,31.500,-0.208,,,,
Circle,2D_CIR_INS_11,Z,41.831,42.000,-0.169,,,,
Pos. Tol.,POS_2D_11,PTOL,0.536,0.000,0.536,0.000,0.800,,2D_CIR_INS_11/NOMINAL - CS_DE_BF - C-Zone - YZ - Nominal
Circle,2D_CIR_INS_12,Y,-31.428,-31.500,0.072,,,,
Circle,2D_CIR_INS_12,Z,41.982,42.000,-0.018,,,,
Pos. Tol.,POS_2D_12,PTOL,0.148,0.000,0.148,0.000,0.800,,2D_CIR_INS_12/NOMINAL - CS_DE_BF - C-Zone - YZ - Nominal
Circle,2D_CIR_INS_13,Y,-31.149,-31.500,0.351,,,,
Circle,2D_CIR_INS_13,Z,-41.782,-42.000,0.218,,,,
Pos. Tol.,POS_2D_13,PTOL,0.826,0.000,0.826,0.000,0.800,0.026,2D_CIR_INS_13/NOMINAL - CS_DE_BF - C-Zone - YZ - Nominal
Circle,2D_CIR_INS_14,Y,31.275,31.500,-0.225,,,,
Circle,2D_CIR_INS_14,Z,-41.979,-42.000,0.021,,,,
Pos. Tol.,POS_2D_14,PTOL,0.453,0.000,0.453,0.000,0.800,,2D_CIR_INS_14/NOMINAL - CS_DE_BF - C-Zone - YZ - Nominal
Distance,H_11,X,-0.024,0.000,-0.024,0.000,0.500,-0.024,CIR_INS_11 - PL_PLAST_INS_11 / CS_DE_BF
Distance,H_12,X,0.143,-0.000,0.143,0.000,0.500,,CIR_INS_12 - PL_PLAST_INS_12 / CS_DE_BF
Distance,H_13,X,0.337,-0.000,0.337,0.000,0.500,,CIR_INS_13 - PL_PLAST_INS_13 / CS_DE_BF
Distance,H_14,X,0.245,-0.000,0.245,0.000,0.500,,CIR_INS_14 - PL_PLAST_INS_14 / CS_DE_BF
Flatness,FLAT_D,FLTN,0.286,0.000,0.286,0.000,0.500,,PL_D
Distance,WIDTH_TB_2,D1,2.801,3.000,-0.199,-0.150,0.150,-0.049,0W2.5_1.2 - IW2.5_1.2 / CS_DE_BF
Distance,WIDTH_TB_4,D1,2.874,3.000,-0.126,-0.150,0.150,,0W2.5_1.4 - IW2.5_1.4 / CS_DE_BF
Distance,WIDTH_TB_6,D1,3.033,3.000,0.033,-0.150,0.150,,0W2.5_1.6 - IW2.5_1.6 / CS_DE_BF
Distance,WIDTH_TB_7,D1,3.047,3.000,0.047,-0.150,0.150,,0W2.5_1.7 - IW2.5_1.7 / CS_DE_BF
Distance,DEPTH_TB_2,D1,4.672,5.000,-0.328,-0.250,0.250,-0.078,TB_BOT_1.2 - PL_D / CS_DE_BF
Distance,DEPTH_TB_4,D1,4.990,5.000,-0.010,-0.250,0.250,,TB_BOT_1.4 - PL_D / CS_DE_BF
Distance,DEPTH_TB_6,D1,5.034,5.000,0.034,-0.250,0.250,,TB_BOT_1.6 - PL_D / CS_DE_BF
Distance,DEPTH_TB_7,D1,5.060,5.000,0.060,-0.250,0.250,,TB_BOT_1.7 - PL_D / CS_DE_BF
Profile of Line,PROF_2D_IW_TB,PRFL,0.940,0.000,0.940,0.000,1.500,,SCT_2D_IW_TB
Circle,CIR_INS_15,X,31.057,29.890,1.167,,,,Criterion : Least Square (From 6 Pts On PL_PLAST_INS_15) 
Circle,CIR_INS_15,Y,44.675,44.400,0.275,,,,
Circle,CIR_INS_15,Z,205.114,204.750,0.364,,,,
Pos. Tol.,POS_15,PTOL,2.506,0.000,2.506,0.000,3.500,,CIR_INS_15/NOMINAL - CS_ABC - C-Zone - XYZ - Nominal
Circle,CIR_16_MID_GAGE,DIAM,12.063,12.170,-0.107,-0.100,0.100,-0.007,Proj. CIR_16_9MM / PL_PLAST_16.
Circle,CIR_16_MID_GAGE,X,31.015,29.988,1.027,,,,
Circle,CIR_16_MID_GAGE,Y,61.038,61.026,0.012,,,,
Circle,CIR_16_MID_GAGE,Z,221.685,221.344,0.341,,,,
Pos. Tol.,POS_16,PTOL,2.165,0.000,2.165,0.000,3.500,,CIR_16_MID_GAGE/NOMINAL - CS_ABC - C-Zone - XYZ - Nominal
Distance,H_15,X,0.217,0.000,0.217,0.000,0.400,,CIR_INS_15 - PL_PLAST_16 / CS_15_16
Circle,2D_CIR_15,Y,-23.288,-23.500,0.212,,,,
Circle,2D_CIR_15,Z,-0.000,0.000,0.000,,,,
Pos. Tol.,POS_2D_15,PTOL,0.425,0.000,0.425,0.000,0.500,,2D_CIR_15/NOMINAL - CS_15_16 - C-Zone - YZ - Nominal
Circle,CIR_18,DIAM,12.937,13.000,-0.063,-0.100,0.100,,Inters. PL_PLAST_18 - CYL_18.
Circle,CIR_18,X,-85.976,-86.500,0.524,,,,
Circle,CIR_18,Y,73.295,74.000,-0.705,,,,
Pos. Tol.,POS_18,PTOL,1.756,0.000,1.756,0.000,2.500,,CIR_18/NOMINAL - CS_ABC - C-Zone - XY - Nominal
Distance,PROF_18,Z,176.224,176.000,0.224,-2.000,2.000,,CIR_18 - ORIGIN / CS_ABC
Circle,CIR_20,X,-275.143,-274.784,-0.360,,,,Criterion : Least Square (From 6 Pts On PL_INS_20) 
Circle,CIR_20,Y,113.871,114.438,-0.567,,,,
Circle,CIR_20,Z,-19.327,-19.512,0.185,,,,
Pos. Tol.,POS_20,PTOL,1.394,0.000,1.394,0.000,3.000,,CIR_20/NOMINAL - CS_ABC - C-Zone - XYZ - Nominal
Circle,CIR_22,X,39.609,39.216,0.393,,,,Criterion : Least Square (From 6 Pts On PL_INS_22) 
Circle,CIR_22,Y,111.593,111.457,0.136,,,,
Circle,CIR_22,Z,200.342,200.504,-0.162,,,,
Pos. Tol.,POS_22,PTOL,0.893,0.000,0.893,0.000,3.000,,CIR_22/NOMINAL - CS_ABC - C-Zone - XYZ - Nominal
Circle,CIR_23,X,48.216,48.716,-0.500,,,,Criterion : Least Square (From 6 Pts On PL_INS_23) 
Circle,CIR_23,Y,114.319,114.438,-0.120,,,,
Circle,CIR_23,Z,-19.463,-19.512,0.049,,,,
Pos. Tol.,POS_23,PTOL,1.033,0.000,1.033,0.000,3.000,,CIR_23/NOMINAL - CS_ABC - C-Zone - XYZ - Nominal
Distance,H_20,Y,-0.025,0.000,-0.025,0.000,0.500,-0.025,CIR_20 - PL_PLAST_20 / CS_20
Distance,H_22,Y,0.015,0.000,0.015,0.000,0.500,,CIR_22 - PL_PLAST_22 / CS_22
Distance,H_23,Y,0.121,-0.000,0.121,0.000,0.500,,CIR_23 - PL_PLAST_23 / CS_23
Angle,ANG_20,3D,29.423,28.000,1.423,-2.000,2.000,,PL_INS_22 - PL_FIXTURE / CS_20
Angle,ANG_22,3D,29.423,28.000,1.423,-2.000,2.000,,PL_INS_22 - PL_FIXTURE / CS_22
Angle,ANG_23,3D,28.919,28.000,0.919,-2.000,2.000,,PL_INS_23 - PL_FIXTURE / CS_23
Circle,2D_CIR_20,X,-323.388,-323.500,0.112,,,,
Circle,2D_CIR_20,Z,-0.042,0.000,-0.042,,,,
Pos. Tol.,POS_2D_20,PTOL,0.240,0.000,0.240,0.000,1.250,,2D_CIR_20/NOMINAL - CS_23_BF - C-Zone - XZ - Nominal
Circle,2D_CIR_22,X,-9.483,-9.500,0.017,,,,
Circle,2D_CIR_22,Z,195.634,195.643,-0.009,,,,
Pos. Tol.,POS_2D_22,PTOL,0.039,0.000,0.039,0.000,1.250,,2D_CIR_22/NOMINAL - CS_23_BF - C-Zone - XZ - Nominal
Circle,2D_CIR_23,X,-0.036,0.000,-0.036,,,,
Circle,2D_CIR_23,Z,0.000,0.000,0.000,,,,
Pos. Tol.,POS_2D_23,PTOL,0.072,0.000,0.072,0.000,1.250,,2D_CIR_23/NOMINAL - CS_23_BF - C-Zone - XZ - Nominal
Circle,CIR_INS_21,X,-257.186,-257.000,-0.186,,,,Criterion : Least Square (From 6 Pts On PL_INS_21) 
Circle,CIR_INS_21,Z,124.608,125.000,-0.392,,,,
Pos. Tol.,POS_21,PTOL,0.867,0.000,0.867,0.000,3.000,,CIR_INS_21/NOMINAL - CS_ABC - C-Zone - XZ - Nominal
Circle,CIR_29,X,28.657,28.699,-0.043,,,,Criterion : Least Square (From 6 Pts On PL_INS_29) 
Circle,CIR_29,Z,12.530,12.480,0.051,,,,
Pos. Tol.,POS_29,PTOL,0.133,0.000,0.133,0.000,3.000,,CIR_29/NOMINAL - CS_ABC - C-Zone - XZ - Nominal
Circle,CIR_30,X,41.946,42.500,-0.554,,,,Criterion : Least Square (From 6 Pts On PL_INS_30) 
Circle,CIR_30,Z,-161.899,-161.750,-0.149,,,,
Pos. Tol.,POS_30,PTOL,1.147,0.000,1.147,0.000,3.000,,CIR_30/NOMINAL - CS_ABC - C-Zone - XZ - Nominal
Circle,CIR_32,X,-215.132,-214.979,-0.152,,,,Criterion : Least Square (From 6 Pts On PL_INS_32) 
Circle,CIR_32,Z,-161.739,-161.750,0.011,,,,
Pos. Tol.,POS_32,PTOL,1.147,0.000,1.147,0.000,3.000,,CIR_30/NOMINAL - CS_ABC - C-Zone - XZ - Nominal
Distance,H_21,D1,0.118,0.000,0.118,,,,CIR_INS_21 - PL_PLAST_INS_21 / CS_TEMP_21
Distance,H_21,D2,,,,,,,
Distance,H_21,X,0.000,0.000,0.000,,,,
Distance,H_21,Y,0.118,0.000,0.118,0.000,0.500,,
Distance,H_21,Z,-0.000,0.000,-0.000,,,,
Distance,H_29,D1,0.102,0.000,0.102,,,,CIR_29 - PL_PLAST_29 / CS_TEMP_29
Distance,H_29,D2,,,,,,,
Distance,H_29,X,-0.001,0.000,-0.001,,,,
Distance,H_29,Y,0.102,0.000,0.102,0.000,0.500,,
Distance,H_29,Z,0.000,0.000,0.000,,,,
Distance,H_30,D1,0.017,0.000,0.017,,,,CIR_30 - PL_PLAST_30 / CS_TEMP_30
Distance,H_30,D2,,,,,,,
Distance,H_30,X,0.000,0.000,0.000,,,,
Distance,H_30,Y,0.017,0.000,0.017,0.000,0.500,,
Distance,H_30,Z,0.000,0.000,0.000,,,,
Distance,H_32,D1,0.259,0.000,0.259,,,,CIR_32 - PL_PLAST_32 / CS_TEMP_32
Distance,H_32,D2,,,,,,,
Distance,H_32,X,-0.003,0.000,-0.003,,,,
Distance,H_32,Y,0.259,0.000,0.259,0.000,0.500,,
Distance,H_32,Z,0.001,0.000,0.001,,,,
Distance,PROF_21,Y,104.117,104.420,-0.303,-2.000,2.000,,CIR_INS_21 - ORIGIN / CS_ABC
Distance,PROF_29,Y,123.966,124.420,-0.454,-2.000,2.000,,CIR_29 - ORIGIN / CS_ABC
Distance,PROF_30,Y,83.515,83.300,0.215,-2.000,2.000,,CIR_30 - ORIGIN / CS_ABC
Distance,PROF_32,Y,83.149,83.300,-0.151,-2.000,2.000,,CIR_32 - ORIGIN / CS_ABC
Circle,2D_CIR_INS_21,X,0.076,0.000,0.076,,,,
Circle,2D_CIR_INS_21,Z,-0.212,0.000,-0.212,,,,
Pos. Tol.,POS_2D_21,PTOL,0.451,0.000,0.451,0.000,1.250,,2D_CIR_INS_21/NOMINAL - CS_INS_W_BF - C-Zone - XZ - Nominal
Circle,2D_CIR_29,X,285.548,285.599,-0.051,,,,
Circle,2D_CIR_29,Z,-112.693,-112.776,0.083,,,,
Pos. Tol.,POS_2D_29,PTOL,0.196,0.000,0.196,0.000,1.250,,2D_CIR_29/NOMINAL - CS_INS_W_BF - C-Zone - XZ - Nominal
Circle,2D_CIR_30,X,299.005,299.243,-0.238,,,,
Circle,2D_CIR_30,Z,-287.125,-287.018,-0.107,,,,
Pos. Tol.,POS_2D_30,PTOL,0.522,0.000,0.522,0.000,1.250,,2D_CIR_30/NOMINAL - CS_INS_W_BF - C-Zone - XZ - Nominal
Circle,2D_CIR_32,X,41.945,41.763,0.182,,,,
Circle,2D_CIR_32,Z,-286.609,-286.788,0.179,,,,
Pos. Tol.,POS_2D_32,PTOL,0.510,0.000,0.510,0.000,1.250,,2D_CIR_32/NOMINAL - CS_INS_W_BF - C-Zone - XZ - Nominal
Circle,CIR_INS_26,X,-219.783,-219.500,-0.283,,,,Criterion : Least Square (From 6 Pts On PL_INS_26) 
Circle,CIR_INS_26,Z,72.268,72.000,0.268,,,,
Pos. Tol.,POS_26,PTOL,0.780,0.000,0.780,0.000,3.000,,CIR_INS_26/NOMINAL - CS_ABC - C-Zone - XZ - Nominal
Circle,CIR_27,X,-87.924,-87.500,-0.424,,,,Criterion : Least Square (From 6 Pts On PL_INS_27) 
Circle,CIR_27,Z,71.983,72.000,-0.017,,,,
Pos. Tol.,POS_27,PTOL,0.848,0.000,0.848,0.000,3.000,,CIR_27/NOMINAL - CS_ABC - C-Zone - XZ - Nominal
Circle,CIR_28,X,43.350,43.700,-0.350,,,,Criterion : Least Square (From 6 Pts On PL_INS_28) 
Circle,CIR_28,Z,49.740,50.000,-0.260,,,,
Pos. Tol.,POS_28,PTOL,0.872,0.000,0.872,0.000,3.000,,CIR_28/NOMINAL - CS_ABC - C-Zone - XZ - Nominal
Circle,CIR_31,X,-71.843,-71.500,-0.343,,,,Criterion : Least Square (From 6 Pts On PL_INS_31) 
Circle,CIR_31,Z,-161.390,-161.750,0.361,,,,
Pos. Tol.,POS_31,PTOL,0.995,0.000,0.995,0.000,3.000,,CIR_31/NOMINAL - CS_ABC - C-Zone - XZ - Nominal
Distance,PROF_26,Y,129.811,130.420,-0.609,-2.000,2.000,,CIR_INS_26 - ORIGIN / CS_ABC
Distance,PROF_27,Y,129.764,130.420,-0.656,-2.000,2.000,,CIR_27 - ORIGIN / CS_ABC
Distance,PROF_28,Y,123.028,123.420,-0.392,-2.000,2.000,,CIR_28 - ORIGIN / CS_ABC
Distance,PROF_31,Y,83.972,83.300,0.672,-2.000,2.000,,CIR_31 - ORIGIN / CS_ABC
Distance,H_26,Y,0.083,0.000,0.083,0.000,0.500,,CIR_INS_26 - PL_PLAST_INS_26 / CS_TEMP_26
Distance,H_27,Y,0.101,0.000,0.101,0.000,0.500,,CIR_27 - PL_PLAST_27 / CS_TEMP_27
Distance,H_28,Y,0.056,0.000,0.056,0.000,0.500,,CIR_28 - PL_PLAST_28 / CS_TEMP_28
Distance,H_31,Y,0.081,0.000,0.081,0.000,0.500,,CIR_31 - PL_PLAST_31 / CS_TEMP_31
Circle,CIR_24,DIAM,11.977,12.050,-0.073,-0.080,0.080,,Criterion : Least Square (From 12 Pts On PL_PLAST_24_25) 
Circle,CIR_24,X,-117.435,-117.520,0.085,,,,
Circle,CIR_24,Z,102.291,102.110,0.181,,,,
Pos. Tol.,POS_24,PTOL,0.400,0.000,0.400,0.000,3.000,,CIR_24/NOMINAL - CS_ABC - C-Zone - XZ - Nominal
Circle,CIR_25,DIAM,4.691,4.650,0.041,-0.050,0.050,,Criterion : Least Square (From 6 Pts On PL_PLAST_24_25) 
Circle,CIR_25,X,-114.867,-115.078,0.211,,,,
Circle,CIR_25,Z,119.509,119.449,0.059,,,,
Pos. Tol.,POS_25,PTOL,0.439,0.000,0.439,0.000,1.500,,CIR_25/NOMINAL - CS_ABC - C-Zone - XZ - Nominal
Distance,PROF_24,Y,115.204,115.500,-0.296,-1.500,1.500,,CIR_24 - ORIGIN / CS_ABC
Circle,2D_CIR_25,X,-0.000,0.000,0.000,,,,
Circle,2D_CIR_25,Z,17.408,17.500,-0.092,,,,
Pos. Tol.,POS_2D_25,PTOL,0.184,0.000,0.184,0.000,0.500,,2D_CIR_25/NOMINAL - CS_24_25 - C-Zone - XZ - Nominal
Circle,CIR_43,DIAM,12.527,12.500,0.027,-0.100,0.100,,Criterion : Least Square (From 12 Pts On PL_PLAST_43) 
Circle,CIR_43,X,-13.387,-13.500,0.113,,,,
Circle,CIR_43,Z,121.863,122.000,-0.137,,,,
Pos. Tol.,POS_43,PTOL,0.356,0.000,0.356,0.000,3.000,,CIR_43/NOMINAL - CS_ABC - C-Zone - XZ - Nominal
Distance,PROF_43,Y,125.172,125.000,0.172,-2.000,2.000,,CIR_43 - ORIGIN / CS_ABC
Angle,ANG_43,3D,10.577,9.000,1.577,-3.000,3.000,,LINE_43_MIDDLE - Z-AXIS / CS_ABC
Circle,CIR_55,X,-297.019,-296.400,-0.619,,,,Criterion : Least Square (From 6 Pts On PL_INS_55) 
Circle,CIR_55,Z,-83.445,-84.000,0.555,,,,
Pos. Tol.,POS_55,PTOL,1.663,0.000,1.663,0.000,3.000,,CIR_55/NOMINAL - CS_ABC - C-Zone - XZ - Nominal
Distance,PROF_55,D1,314.462,,,,,,CIR_55 - ORIGIN / CS_ABC
Distance,PROF_55,Y,60.854,62.000,-1.146,-2.000,2.000,,
Circle,CIR_56,X,-304.099,-304.000,-0.099,,,,Criterion : Least Square (From 6 Pts On PL_INS_56) 
Circle,CIR_56,Z,46.943,46.200,0.743,,,,
Pos. Tol.,POS_56,PTOL,1.499,0.000,1.499,0.000,3.000,,CIR_56/NOMINAL - CS_ABC - C-Zone - XZ - Nominal
Distance,PROF_56,D1,313.647,,,,,,CIR_56 - ORIGIN / CS_ABC
Distance,PROF_56,Y,60.781,62.000,-1.219,-2.000,2.000,,
