Feat. Type,Feat. Name,Value,Actual,Nominal,Dev.,Tol-,Tol+,Out of Tol.,Comment
Text/Value,VAR_PROGRAM,VAL,,,,,,,'N:\Metrolog XG\Programmes\D-37\D-37 with TMAP Complete (Module 44).gm2'
Text/Value,VAR_EVENEMENT,VAL,,,,,,,'D�marrage'
Text/Value,VAR_COMMENTAIRES,VAL,,,,,,,'356 C'
Circle,CIR_DATUM_B,DIAM,8.007,8.050,-0.043,-0.100,0.100,,Criterion : Least Square (From 11 Pts On PL_FIXTURE) 
Circle,CIR_DATUM_B,X,0.000,0.000,0.000,,,,
Circle,CIR_DATUM_B,Z,0.000,0.000,0.000,,,,
Pos. Tol.,POS_B,PTOL,0.000,0.000,0.000,0.143,0.443,,CIR_DATUM_B(M)/NOMINAL - CS_ABC - C-Zone - XZ - Nominal
Distance,DIST_X_Z_DATUM_C,X,4.463,4.500,-0.037,-0.150,0.150,,PNT_DATUM_C - ORIGIN / CS_ABC
Distance,DIST_X_Z_DATUM_C,Z,-351.607,-351.600,-0.007,-0.350,0.350,,
Distance,WIDTH_C,D1,7.825,7.850,-0.025,-0.050,0.050,,SRF_C_RH - SRF_C_LH / CS_ABC
Circle,CIR1,DIAM,12.122,12.075,0.047,-0.175,0.175,,From 4 Pts On PL_FIXTURE
Circle,CIR1,X,54.618,54.500,0.118,,,,
Circle,CIR1,Z,-346.647,-346.600,-0.047,,,,
Pos. Tol.,POS_1,PTOL,0.254,0.000,0.254,0.222,1.222,,CIR1(M)/NOMINAL - CS_ABC - C-Zone - XZ - Nominal
Circle,CIR2,DIAM,12.115,12.075,0.040,-0.175,0.175,,From 4 Pts On PL_FIXTURE
Circle,CIR2,X,-16.399,-16.500,0.101,,,,
Circle,CIR2,Z,-351.439,-351.600,0.161,,,,
Pos. Tol.,POS_2,PTOL,0.380,0.000,0.380,0.215,1.215,,CIR2(M)/NOMINAL - CS_ABC - C-Zone - XZ - Nominal
Circle,CIR4,DIAM,12.071,12.075,-0.004,-0.175,0.175,,From 4 Pts On PL_FIXTURE
Circle,CIR4,X,-16.522,-16.500,-0.022,,,,
Circle,CIR4,Z,-1.049,-1.100,0.051,,,,
Pos. Tol.,POS_4,PTOL,0.111,0.000,0.111,0.171,1.171,,CIR4(M)/NOMINAL - CS_ABC - C-Zone - XZ - Nominal
Circle,CIR5,DIAM,12.099,12.075,0.024,-0.175,0.175,,From 4 Pts On PL_FIXTURE
Circle,CIR5,X,54.504,54.500,0.004,,,,
Circle,CIR5,Z,-27.004,-27.100,0.096,,,,
Pos. Tol.,POS_5,PTOL,0.192,0.000,0.192,0.199,1.199,,CIR5(M)/NOMINAL - CS_ABC - C-Zone - XZ - Nominal
Circle,CIR6,DIAM,12.113,12.075,0.038,-0.175,0.175,,From 4 Pts On PL_FIXTURE
Circle,CIR6,X,54.335,54.500,-0.165,,,,
Circle,CIR6,Z,-134.529,-134.600,0.071,,,,
Pos. Tol.,POS_6,PTOL,0.359,0.000,0.359,0.213,1.213,,CIR6(M)/NOMINAL - CS_ABC - C-Zone - XZ - Nominal
Circle,CIR7,DIAM,12.081,12.075,0.006,-0.175,0.175,,From 4 Pts On PL_FIXTURE
Circle,CIR7,X,54.463,54.500,-0.037,,,,
Circle,CIR7,Z,-240.444,-240.600,0.156,,,,
Pos. Tol.,POS_7,PTOL,0.320,0.000,0.320,0.181,1.181,,CIR7(M)/NOMINAL - CS_ABC - C-Zone - XZ - Nominal
Profile of Line,PROF_OP1,PRFL,0.303,0.000,0.303,0.000,1.500,,SCT_OP1
Profile of Line,PROF_OP2,PRFL,0.755,0.000,0.755,0.000,1.500,,SCT_OP2
Profile of Line,PROF_OP3,PRFL,0.691,0.000,0.691,0.000,1.500,,SCT_OP3
Profile of Line,PROF_OP4,PRFL,0.732,0.000,0.732,0.000,1.500,,SCT_OP4
Profile of Line,PROF_OP5,PRFL,0.453,0.000,0.453,0.000,1.500,,SCT_OP5
Profile of Line,PROF_OP6,PRFL,0.424,0.000,0.424,0.000,1.500,,SCT_OP6
Distance,WIDTH_OP1.1,D1,4.089,4.000,0.089,-0.200,0.200,,SRF_OP1_IW1 - SRF_OP1_OW1 / CS_ABC
Distance,WIDTH_OP1.2,D1,4.072,4.000,0.072,-0.200,0.200,,SRF_OP1_IW2 - SRF_OP1_OW2 / CS_ABC
Distance,WIDTH_OP1.3,D1,4.069,4.000,0.069,-0.200,0.200,,SRF_OP1_IW3 - SRF_OP1_OW3 / CS_ABC
Distance,WIDTH_OP1.4,D1,4.053,4.000,0.053,-0.200,0.200,,SRF_OP1_IW4 - SRF_OP1_OW4 / CS_ABC
Distance,WIDTH_OP1.5,D1,4.082,4.000,0.082,-0.200,0.200,,SRF_OP1_IW5 - SRF_OP1_OW5 / CS_ABC
Distance,WIDTH_OP1.6,D1,4.067,4.000,0.067,-0.200,0.200,,SRF_OP1_IW6 - SRF_OP1_OW6 / CS_ABC
Distance,WIDTH_OP1.7,D1,4.121,4.000,0.121,-0.200,0.200,,SRF_OP1_IW7 - SRF_OP1_OW7 / CS_ABC
Distance,WIDTH_OP2.1,D1,4.137,4.000,0.137,-0.200,0.200,,SRF_OP2_IW1 - SRF_OP2_OW1 / CS_ABC
Distance,WIDTH_OP2.2,D1,3.969,4.000,-0.031,-0.200,0.200,,SRF_OP2_IW2 - SRF_OP2_OW2 / CS_ABC
Distance,WIDTH_OP2.3,D1,3.854,4.000,-0.146,-0.350,0.350,,SRF_OP2_IW3 - SRF_OP2_OW3 / MCS
Distance,WIDTH_OP2.4,D1,4.045,4.000,0.045,-0.200,0.200,,SRF_OP2_IW4 - SRF_OP2_OW4 / CS_ABC
Distance,WIDTH_OP2.5,D1,4.134,4.000,0.134,-0.200,0.200,,SRF_OP2_IW5 - SRF_OP2_OW5 / CS_ABC
Distance,WIDTH_OP2.6,D1,4.021,4.000,0.021,-0.200,0.200,,SRF_OP2_IW6 - SRF_OP2_OW6 / CS_ABC
Distance,WIDTH_OP2.7,D1,3.868,4.000,-0.132,-0.200,0.200,,SRF_OP2_IW7 - SRF_OP2_OW7 / CS_ABC
Distance,WIDTH_OP3.1,D1,4.038,4.000,0.038,-0.200,0.200,,SRF_OP3_IW1 - SRF_OP3_OW1 / CS_ABC
Distance,WIDTH_OP3.2,D1,4.051,4.000,0.051,-0.200,0.200,,SRF_OP3_IW2 - SRF_OP3_OW2 / CS_ABC
Distance,WIDTH_OP3.3,D1,4.084,4.000,0.084,-0.350,0.350,,SRF_OP3_IW3 - SRF_OP3_OW3 / CS_TEMP_CIR
Distance,WIDTH_OP3.4,D1,4.113,4.000,0.113,-0.200,0.200,,SRF_OP3_IW4 - SRF_OP3_OW4 / CS_ABC
Distance,WIDTH_OP4.1,D1,4.117,4.000,0.117,-0.200,0.200,,SRF_OP4_IW1 - SRF_OP4_OW1 / CS_ABC
Distance,WIDTH_OP4.2,D1,4.084,4.000,0.084,-0.200,0.200,,SRF_OP4_IW2 - SRF_OP4_OW2 / CS_ABC
Distance,WIDTH_OP4.3,D1,4.073,4.000,0.073,-0.200,0.200,,SRF_OP4_IW3 - SRF_OP4_OW3 / CS_ABC
Distance,WIDTH_OP4.4,D1,4.122,4.000,0.122,-0.200,0.200,,SRF_OP4_IW4 - SRF_OP4_OW4 / CS_ABC
Distance,WIDTH_OP4.5,D1,4.164,4.000,0.164,-0.300,0.300,,SRF_OP4_IW5 - SRF_OP4_OW5 / CS_TEMP_CIR
Distance,WIDTH_OP4.6,D1,4.016,4.000,0.016,-0.200,0.200,,SRF_OP4_IW6 - SRF_OP4_OW6 / CS_ABC
Distance,WIDTH_OP4.7,D1,3.972,4.000,-0.028,-0.200,0.200,,SRF_OP4_IW7 - SRF_OP4_OW7 / CS_ABC
Distance,WIDTH_OP5.1,D1,4.120,4.000,0.120,-0.200,0.200,,SRF_OP5_IW1 - SRF_OP5_OW1 / CS_ABC
Distance,WIDTH_OP5.2,D1,4.145,4.000,0.145,-0.200,0.200,,SRF_OP5_IW2 - SRF_OP5_OW2 / CS_ABC
Distance,WIDTH_OP5.3,D1,4.005,4.000,0.005,-0.200,0.200,,SRF_OP5_IW3 - SRF_OP5_OW3 / CS_ABC
Distance,WIDTH_OP5.4,D1,4.146,4.000,0.146,-0.200,0.200,,SRF_OP5_IW4 - SRF_OP5_OW4 / CS_ABC
Distance,WIDTH_OP5.5,D1,4.158,4.000,0.158,-0.200,0.200,,SRF_OP5_IW5 - SRF_OP5_OW5 / CS_ABC
Distance,WIDTH_OP6.1,D1,4.068,4.000,0.068,-0.200,0.200,,SRF_OP6_IW1 - SRF_OP6_OW1 / CS_ABC
Distance,WIDTH_OP6.2,D1,4.092,4.000,0.092,-0.200,0.200,,SRF_OP6_IW2 - SRF_OP6_OW2 / CS_ABC
Distance,WIDTH_OP6.3,D1,3.982,4.000,-0.018,-0.200,0.200,,SRF_OP6_IW3 - SRF_OP6_OW3 / CS_ABC
Distance,WIDTH_OP6.4,D1,4.120,4.000,0.120,-0.200,0.200,,SRF_OP6_IW4 - SRF_OP6_OW4 / CS_ABC
Distance,WIDTH_OP6.5,D1,3.919,4.000,-0.081,-0.200,0.200,,SRF_OP6_IW5 - SRF_OP6_OW5 / CS_ABC
Distance,WIDTH_OP6.6,D1,4.045,4.000,0.045,-0.200,0.200,,SRF_OP6_IW6 - SRF_OP6_OW6 / CS_ABC
Distance,WIDTH_OP6.7,D1,4.157,4.000,0.157,-0.200,0.200,,SRF_OP6_IW7 - SRF_OP6_OW7 / CS_ABC
Distance,DP_OP1.1,Y,6.157,6.000,0.157,-0.325,0.325,,SRF_OP1_DP1 - PL_FIXTURE / CS_TEMP_CIR
Distance,DP_OP1.2,Y,6.124,6.000,0.124,-0.250,0.250,,SRF_OP1_DP2 - PL_FIXTURE / CS_PORTS_BF
Distance,DP_OP1.3,Y,6.107,6.000,0.107,-0.250,0.250,,SRF_OP1_DP3 - PL_FIXTURE / CS_PORTS_BF
Distance,DP_OP1.4,Y,6.116,6.000,0.116,-0.250,0.250,,SRF_OP1_DP4 - PL_FIXTURE / CS_PORTS_BF
Distance,DP_OP1.5,Y,6.104,6.000,0.104,-0.250,0.250,,SRF_OP1_DP5 - PL_FIXTURE / CS_PORTS_BF
Distance,DP_OP1.6,Y,6.273,6.000,0.273,-0.325,0.325,,SRF_OP1_DP6 - PL_FIXTURE / CS_TEMP_CIR
Distance,DP_OP1.7,Y,6.117,6.000,0.117,-0.250,0.250,,SRF_OP1_DP7 - PL_FIXTURE / CS_PORTS_BF
Distance,DP_OP2.1,Y,6.169,6.000,0.169,-0.325,0.325,,SRF_OP2_DP1 - PL_FIXTURE / CS_TEMP_CIR
Distance,DP_OP2.2,Y,5.961,6.000,-0.039,-0.250,0.250,,SRF_OP2_DP2 - PL_FIXTURE / CS_PORTS_BF
Distance,DP_OP2.3,Y,5.972,6.000,-0.028,-0.250,0.250,,SRF_OP2_DP3 - PL_FIXTURE / CS_PORTS_BF
Distance,DP_OP2.4,Y,6.073,6.000,0.073,-0.250,0.250,,SRF_OP2_DP4 - PL_FIXTURE / CS_PORTS_BF
Distance,DP_OP2.5,Y,6.049,6.000,0.049,-0.250,0.250,,SRF_OP2_DP5 - PL_FIXTURE / CS_PORTS_BF
Distance,DP_OP2.6,Y,6.235,6.000,0.235,-0.250,0.250,,SRF_OP2_DP6 - PL_FIXTURE / CS_PORTS_BF
Distance,DP_OP2.7,Y,6.283,6.000,0.283,-0.250,0.250,0.033,SRF_OP2_DP7 - PL_FIXTURE / CS_PORTS_BF
Distance,DP_OP3.1,Y,6.099,6.000,0.099,-0.250,0.250,,SRF_OP3_DP1 - PL_FIXTURE / CS_PORTS_BF
Distance,DP_OP3.2,Y,6.136,6.000,0.136,-0.250,0.250,,SRF_OP3_DP2 - PL_FIXTURE / CS_PORTS_BF
Distance,DP_OP3.3,Y,6.097,6.000,0.097,-0.250,0.250,,SRF_OP3_DP3 - PL_FIXTURE / CS_PORTS_BF
Distance,DP_OP3.4,Y,6.092,6.000,0.092,-0.250,0.250,,SRF_OP3_DP4 - PL_FIXTURE / CS_PORTS_BF
Distance,DP_OP4.1,Y,6.189,6.000,0.189,-0.250,0.250,,SRF_OP4_DP1 - PL_FIXTURE / CS_PORTS_BF
Distance,DP_OP4.2,Y,6.209,6.000,0.209,-0.250,0.250,,SRF_OP4_DP2 - PL_FIXTURE / CS_PORTS_BF
Distance,DP_OP4.3,Y,6.154,6.000,0.154,-0.250,0.250,,SRF_OP4_DP3 - PL_FIXTURE / CS_PORTS_BF
Distance,DP_OP4.4,Y,6.116,6.000,0.116,-0.250,0.250,,SRF_OP4_DP4 - PL_FIXTURE / CS_PORTS_BF
Distance,DP_OP4.5,Y,6.001,6.000,0.001,-0.250,0.250,,SRF_OP4_DP5 - PL_FIXTURE / CS_PORTS_BF
Distance,DP_OP4.6,Y,6.221,6.000,0.221,-0.250,0.250,,SRF_OP4_DP6 - PL_FIXTURE / CS_PORTS_BF
Distance,DP_OP4.7,Y,6.209,6.000,0.209,-0.250,0.250,,SRF_OP4_DP7 - PL_FIXTURE / CS_PORTS_BF
Distance,DP_OP5.1,Y,6.148,6.000,0.148,-0.250,0.250,,SRF_OP5_DP1 - PL_FIXTURE / CS_PORTS_BF
Distance,DP_OP5.2,Y,6.174,6.000,0.174,-0.250,0.250,,SRF_OP5_DP2 - PL_FIXTURE / CS_PORTS_BF
Distance,DP_OP5.3,Y,6.099,6.000,0.099,-0.250,0.250,,SRF_OP5_DP3 - PL_FIXTURE / CS_PORTS_BF
Distance,DP_OP5.4,Y,6.054,6.000,0.054,-0.250,0.250,,SRF_OP5_DP4 - PL_FIXTURE / CS_PORTS_BF
Distance,DP_OP5.5,Y,6.033,6.000,0.033,-0.250,0.250,,SRF_OP5_DP5 - PL_FIXTURE / CS_PORTS_BF
Distance,DP_OP6.1,Y,6.218,6.000,0.218,-0.325,0.325,,SRF_OP6_DP1 - PL_FIXTURE / CS_TEMP_CIR
Distance,DP_OP6.2,Y,6.154,6.000,0.154,-0.250,0.250,,SRF_OP6_DP2 - PL_FIXTURE / CS_PORTS_BF
Distance,DP_OP6.3,Y,6.172,6.000,0.172,-0.250,0.250,,SRF_OP6_DP3 - PL_FIXTURE / CS_PORTS_BF
Distance,DP_OP6.4,Y,6.065,6.000,0.065,-0.250,0.250,,SRF_OP6_DP4 - PL_FIXTURE / CS_PORTS_BF
Distance,DP_OP6.5,Y,6.170,6.000,0.170,-0.250,0.250,,SRF_OP6_DP5 - PL_FIXTURE / CS_PORTS_BF
Distance,DP_OP6.6,Y,6.159,6.000,0.159,-0.250,0.250,,SRF_OP6_DP6 - PL_FIXTURE / CS_PORTS_BF
Distance,DP_OP6.7,Y,6.161,6.000,0.161,-0.250,0.250,,SRF_OP6_DP7 - PL_FIXTURE / CS_PORTS_BF
Circle,CIR_8,DIAM,75.794,75.500,0.294,-0.500,0.500,,Criterion : Least Square (From 6 Pts On PL_D) 
Circle,CIR_8,X,-28.433,-29.500,1.068,,,,
Circle,CIR_8,Y,63.888,62.500,1.388,,,,
Circle,CIR_8,Z,97.235,97.698,-0.464,,,,
Pos. Tol.,POS_8,PTOL,3.623,0.000,3.623,0.000,4.000,,CIR_8/NOMINAL - CS_ABC - C-Zone - XYZ - Nominal
Circle,CIR_18,X,-13.642,-14.333,0.691,,,,Criterion : Least Square (From 6 Pts On PL_INS_18) 
Circle,CIR_18,Y,96.088,95.187,0.901,,,,
Circle,CIR_18,Z,60.138,60.851,-0.712,,,,
Pos. Tol.,POS_18,PTOL,2.681,0.000,2.681,0.000,4.000,,CIR_18/NOMINAL - CS_ABC - C-Zone - XYZ - Nominal
Circle,CIR_19,X,-17.811,-18.623,0.812,,,,Criterion : Least Square (From 6 Pts On PL_INS_19) 
Circle,CIR_19,Y,31.399,30.358,1.041,,,,
Circle,CIR_19,Z,58.696,58.907,-0.211,,,,
Pos. Tol.,POS_19,PTOL,2.674,0.000,2.674,0.000,4.000,,CIR_19/NOMINAL - CS_ABC - C-Zone - XYZ - Nominal
Circle,CIR_20,X,-43.076,-44.668,1.592,,,,Criterion : Least Square (From 6 Pts On PL_INS_20) 
Circle,CIR_20,Y,31.287,29.813,1.473,,,,
Circle,CIR_20,Z,134.580,134.547,0.033,,,,
Pos. Tol.,POS_20,PTOL,4.338,0.000,4.338,0.000,4.000,0.338,CIR_20/NOMINAL - CS_ABC - C-Zone - XYZ - Nominal
Circle,CIR_21,X,-39.300,-40.378,1.078,,,,Criterion : Least Square (From 6 Pts On PL_INS_21) 
Circle,CIR_21,Y,96.126,94.642,1.483,,,,
Circle,CIR_21,Z,135.726,136.490,-0.764,,,,
Pos. Tol.,POS_21,PTOL,3.973,0.000,3.973,0.000,4.000,,CIR_21/NOMINAL - CS_ABC - C-Zone - XYZ - Nominal
Circle,2D_CIR_18,Y,32.403,32.500,-0.097,,,,
Circle,2D_CIR_18,Z,-39.922,-40.000,0.078,,,,
Pos. Tol.,POS_2D_18,PTOL,0.249,0.000,0.249,0.000,0.600,,2D_CIR_18/NOMINAL - CS_DE_BF - C-Zone - YZ - Nominal
Circle,2D_CIR_19,Y,-32.435,-32.500,0.065,,,,
Circle,2D_CIR_19,Z,-39.958,-40.000,0.042,,,,
Pos. Tol.,POS_2D_19,PTOL,0.155,0.000,0.155,0.000,0.600,,2D_CIR_19/NOMINAL - CS_DE_BF - C-Zone - YZ - Nominal
Circle,2D_CIR_20,Y,-32.529,-32.500,-0.029,,,,
Circle,2D_CIR_20,Z,40.021,40.000,0.021,,,,
Pos. Tol.,POS_2D_20,PTOL,0.072,0.000,0.072,0.000,0.700,,2D_CIR_20/NOMINAL - CS_DE_BF - C-Zone - YZ - Nominal
Circle,2D_CIR_21,Y,32.430,32.500,-0.070,,,,
Circle,2D_CIR_21,Z,39.902,40.000,-0.098,,,,
Pos. Tol.,POS_2D_21,PTOL,0.241,0.000,0.241,0.000,0.700,,2D_CIR_21/NOMINAL - CS_DE_BF - C-Zone - YZ - Nominal
Distance,INSERT HEIGHT 18,X,0.256,0.000,0.256,0.000,0.500,,CIR_18 - PL_PLAST_18 / CS_DE_BF
Distance,INSERT HEIGHT 19,X,0.187,-0.000,0.187,0.000,0.500,,CIR_19 - PL_PLAST_19 / CS_DE_BF
Distance,INSERT HEIGHT 20,X,0.360,-0.000,0.360,0.000,0.500,,CIR_20 - PL_PLAST_20 / CS_DE_BF
Distance,INSERT HEIGHT 21,X,0.271,0.000,0.271,0.000,0.500,,CIR_21 - PL_PLAST_21 / CS_DE_BF
Distance,WIDTH_TB1,D1,3.037,3.000,0.037,-0.200,0.200,,P0W2.5_1.1 - PIW2.5_1.1 / CS_DE_BF
Distance,WIDTH_TB2,D1,2.989,3.000,-0.011,-0.200,0.200,,P0W2.5_1.2 - PIW2.5_1.2 / CS_DE_BF
Distance,WIDTH_TB3,D1,3.076,3.000,0.076,-0.200,0.200,,P0W2.5_1.3 - PIW2.5_1.3 / CS_DE_BF
Distance,WIDTH_TB4,D1,2.949,3.000,-0.051,-0.200,0.200,,P0W2.5_1.4 - PIW2.5_1.4 / CS_DE_BF
Distance,WIDTH_TB5,D1,3.074,3.000,0.074,-0.200,0.200,,P0W2.5_1.5 - PIW2.5_1.5 / CS_DE_BF
Distance,WIDTH_TB6,D1,3.048,3.000,0.048,-0.200,0.200,,P0W2.5_1.6 - PIW2.5_1.6 / CS_DE_BF
Distance,WIDTH_TB7,D1,3.018,3.000,0.018,-0.200,0.200,,P0W2.5_1.7 - PIW2.5_1.7 / CS_DE_BF
Distance,WIDTH_TB8,D1,3.037,3.000,0.037,-0.200,0.200,,P0W2.5_1.8 - PIW2.5_1.8 / CS_DE_BF
Distance,DEPTH_TB1,X,-4.861,-5.000,0.139,-0.350,0.300,,TB_BOT_1.1 - PL_D / CS_DE_BF
Distance,DEPTH_TB2,X,-5.060,-5.000,-0.060,-0.300,0.300,,TB_BOT_1.2 - PL_D / CS_DE_BF
Distance,DEPTH_TB3,X,-5.065,-5.000,-0.065,-0.300,0.300,,TB_BOT_1.3 - PL_D / CS_DE_BF
Distance,DEPTH_TB4,X,-5.136,-5.000,-0.136,-0.300,0.300,,TB_BOT_1.4 - PL_D / CS_DE_BF
Distance,DEPTH_TB5,X,-5.271,-5.000,-0.271,-0.300,0.300,,TB_BOT_1.5 - PL_D / CS_DE_BF
Distance,DEPTH_TB6,X,-5.104,-5.000,-0.104,-0.300,0.300,,TB_BOT_1.6 - PL_D / CS_DE_BF
Distance,DEPTH_TB7,X,-4.947,-5.000,0.053,-0.300,0.300,,TB_BOT_1.7 - PL_D / CS_DE_BF
Distance,DEPTH_TB8,X,-4.806,-5.000,0.194,-0.350,0.300,,TB_BOT_1.8 - PL_D / CS_DE_BF
Flatness,FLAT_D,FLTN,0.349,0.000,0.349,0.000,1.000,,PL_D
Circle,CIR_9,DIAM,12.571,12.600,-0.029,-0.100,0.100,,Inters. PL_PLAST_9 - CYL_9.
Circle,CIR_9,X,-98.064,-98.500,0.436,,,,
Circle,CIR_9,Y,74.316,73.400,0.916,,,,
Circle,CIR_9,Z,147.875,148.323,-0.448,,,,
Pos. Tol.,POS_9,PTOL,2.218,0.000,2.218,0.000,4.000,,CIR_9/NOMINAL - CS_ABC - C-Zone - XYZ - Nominal
Circle,CIR_10_GAGE_12,DIAM,22.210,22.200,0.010,-0.150,0.150,,From 8 Pts On PL_PLAST_10
Circle,CIR_10_GAGE_12,X,-206.761,-207.000,0.239,,,,
Circle,CIR_10_GAGE_12,Y,79.891,79.300,0.591,,,,
Circle,CIR_10_GAGE_12,Z,61.851,61.870,-0.019,,,,
Pos. Tol.,POS_10,PTOL,1.276,0.000,1.276,0.000,3.000,,CIR_10_GAGE_12/NOMINAL - CS_ABC - C-Zone - XYZ - Nominal
Circle,CIR_22,X,-192.427,-192.954,0.527,,,,Criterion : Least Square (From 6 Pts On PL_PLAST_10) 
Circle,CIR_22,Y,69.752,69.915,-0.163,,,,
Circle,CIR_22,Z,75.991,76.469,-0.478,,,,
Pos. Tol.,POS_22,PTOL,1.460,0.000,1.460,0.000,3.000,,CIR_22/NOMINAL - CS_ABC - C-Zone - XYZ - Nominal
Circle,CIR_23,X,-191.783,-192.345,0.562,,,,Criterion : Least Square (From 6 Pts On PL_PLAST_10) 
Circle,CIR_23,Y,76.512,76.580,-0.068,,,,
Circle,CIR_23,Z,78.322,78.652,-0.330,,,,
Pos. Tol.,POS_23,PTOL,1.303,0.000,1.303,0.000,3.000,,CIR_23/NOMINAL - CS_ABC - C-Zone - XZ - Nominal
Circle,2D_CIR_22,DIAM,4.667,4.600,0.067,-0.150,0.150,,
Circle,2D_CIR_22,X,22.579,22.500,0.079,,,,
Circle,2D_CIR_22,Y,0.000,0.000,0.000,,,,
Pos. Tol.,POS_2D_22,PTOL,0.157,0.000,0.157,0.000,0.500,,2D_CIR_22/NOMINAL - CS_10_22 - C-Zone - XY - Nominal
Circle,2D_CIR_23,DIAM,4.698,4.600,0.098,-0.150,0.150,,
Circle,2D_CIR_23,X,22.526,22.500,0.026,,,,
Circle,2D_CIR_23,Y,0.000,0.000,0.000,,,,
Pos. Tol.,POS_2D_23,PTOL,0.051,0.000,0.051,0.000,0.500,,2D_CIR_23/NOMINAL - CS_10_23 - C-Zone - XY - Nominal
Flatness,FLAT_F,FLTN,0.111,0.000,0.111,0.000,1.000,,PL_11_12
Circle,CIR_13_GAGE,DIAM,16.226,16.100,0.126,-0.200,0.200,,Criterion : Least Square (From 10 Pts On PL_13) 
Circle,CIR_13_GAGE,X,-71.871,-72.550,0.679,,,,
Circle,CIR_13_GAGE,Z,-1.326,-1.077,-0.249,,,,
Pos. Tol.,POS_13,PTOL,1.447,0.000,1.447,0.000,3.000,,CIR_13_GAGE/NOMINAL - CS_ABC - C-Zone - XZ - Nominal
Distance,PROF_13,Y,72.380,71.500,0.880,-1.500,1.500,,2D_CIR_13 - PL_FIXTURE / CS_ABC
Circle,CIR_INSERT_11,X,-84.518,-85.228,0.710,,,,Criterion : Least Square (From 6 Pts On PL_INSERT_11) 
Circle,CIR_INSERT_11,Z,26.101,26.112,-0.011,,,,
Pos. Tol.,POS_11,PTOL,1.421,0.000,1.421,0.000,3.000,,CIR_INSERT_11/NOMINAL - CS_ABC - C-Zone - XZ - Nominal
Distance,PROF_11,Y,91.879,91.250,0.629,-1.500,1.500,,CIR_INSERT_11 - ORIGIN / CS_ABC
Circle,CIR_INSERT_12,X,-59.684,-59.871,0.188,,,,Criterion : Least Square (From 6 Pts On PL_INSERT_12) 
Circle,CIR_INSERT_12,Z,-28.458,-28.266,-0.192,,,,
Pos. Tol.,POS_12,PTOL,0.536,0.000,0.536,0.000,3.000,,CIR_INSERT_12/NOMINAL - CS_ABC - C-Zone - XZ - Nominal
Distance,PROF_12,Y,92.036,91.250,0.786,-1.500,1.500,,CIR_INSERT_12 - ORIGIN / CS_ABC
Circle,2D_CIR_INSERT_11,X,-0.040,0.000,-0.040,,,,
Circle,2D_CIR_INSERT_11,Z,30.150,30.000,0.150,,,,
Pos. Tol.,POS_2D_11,PTOL,0.311,0.000,0.311,0.000,0.700,,2D_CIR_INSERT_11/NOMINAL - CS_FG_BF - C-Zone - XZ - Nominal
Distance,INSERT HEIGHT 11,Y,0.085,0.000,0.085,0.000,0.500,,CIR_INSERT_11 - PL_PLAST_11 / CS_FG_BF
Circle,2D_CIR_INSERT_12,X,-0.040,0.000,-0.040,,,,
Circle,2D_CIR_INSERT_12,Z,-29.795,-30.000,0.205,,,,
Pos. Tol.,POS_2D_12,PTOL,0.417,0.000,0.417,0.000,0.700,,2D_CIR_INSERT_12/NOMINAL - CS_FG_BF - C-Zone - XZ - Nominal
Distance,INSERT HEIGHT 12,Y,0.122,-0.000,0.122,0.000,0.500,,CIR_INSERT_12 - PL_PLAST_12 / CS_FG_BF
Circle,CIR_14,DIAM,8.127,8.000,0.127,-0.200,0.200,,Criterion : Least Square (From 6 Pts On PL_PLAST_14) 
Circle,CIR_14,X,14.029,14.463,-0.434,,,,
Circle,CIR_14,Z,-350.942,-351.600,0.658,,,,
Pos. Tol.,POS_14,PTOL,1.576,0.000,1.576,0.000,3.000,,CIR_14/NOMINAL - CS_ABC - C-Zone - XZ - Nominal
Distance,PROF_14,Y,35.731,35.900,-0.169,-0.500,0.500,,CIR_14 - ORIGIN / CS_ABC
Circle,CIR_15,X,-105.665,-107.500,1.834,,,,Criterion : Least Square (From 6 Pts On PL_INS_15) 
Circle,CIR_15,Y,29.253,29.200,0.053,,,,
Circle,CIR_15,Z,130.458,130.573,-0.115,,,,
Pos. Tol.,POS_15,PTOL,3.676,0.000,3.676,0.000,4.000,,CIR_15/NOMINAL - CS_ABC - C-Zone - XZ - Nominal
Distance,PROF_15,Y,29.253,29.200,0.053,,,,CIR_15 - ORIGIN / CS_ABC
Distance,INSERT HEIGHT 15,Z,0.338,0.000,0.338,0.000,0.500,,CIR_15 - PL_PLAST_15 / CS_TEMP_SRF_15
Circle,CIR_16,X,7.948,8.450,-0.502,,,,Criterion : Least Square (From 10 Pts On PL_PLAST_16) 
Circle,CIR_16,Z,-202.472,-202.782,0.310,,,,
Pos. Tol.,POS_16,PTOL,1.180,0.000,1.180,0.000,4.000,,CIR_16/NOMINAL - CS_ABC - C-Zone - XZ - Nominal
Circle,CIR_17,X,8.698,8.450,0.248,,,,Criterion : Least Square (From 8 Pts On PL_PLAST_17) 
Circle,CIR_17,Z,-96.782,-96.778,-0.005,,,,
Pos. Tol.,POS_17,PTOL,0.496,0.000,0.496,0.000,4.000,,CIR_17/NOMINAL - CS_ABC - C-Zone - XZ - Nominal
Distance,PROF_16,Y,73.294,72.800,0.494,-1.500,1.500,,CIR_16 - ORIGIN / CS_ABC
Distance,PROF_17,Y,73.329,72.800,0.529,-1.500,1.500,,CIR_17 - ORIGIN / CS_ABC
Circle,CIR_24,DIAM,7.994,8.000,-0.006,-0.200,0.200,,Criterion : Least Square (From 8 Pts On PL_PLAST_24) 
Circle,CIR_24,X,55.977,56.450,-0.473,,,,
Circle,CIR_24,Z,-161.802,-161.827,0.025,,,,
Pos. Tol.,POS_24,PTOL,0.947,0.000,0.947,0.000,3.000,,CIR_24/NOMINAL - CS_ABC - C-Zone - XZ - Nominal
Distance,PROF_24,Y,56.138,55.800,0.338,-1.500,1.500,,CIR_24 - ORIGIN / CS_ABC
Circle,CIR_25,DIAM,6.609,6.500,0.109,-0.200,0.200,,Criterion : Least Square (From 6 Pts On PL_PLAST_25) 
Circle,CIR_25,X,14.909,14.450,0.459,,,,
Circle,CIR_25,Z,-3.822,-3.576,-0.246,,,,
Pos. Tol.,POS_25,PTOL,1.043,0.000,1.043,0.000,3.000,,CIR_25/NOMINAL - CS_ABC - C-Zone - XZ - Nominal
Distance,PROF_25,Y,69.165,68.700,0.465,-0.500,0.500,,CIR_25 - ORIGIN / CS_ABC_BF_SURFACE
Circle,CIR_26,DIAM,10.368,10.180,0.188,-0.200,0.200,,Criterion : Least Square (From 8 Pts On PL_PLAST_26) 
Circle,CIR_26,X,54.864,55.450,-0.586,,,,
Circle,CIR_26,Z,-206.489,-206.828,0.339,,,,
Pos. Tol.,POS_26,PTOL,1.353,0.000,1.353,0.000,3.000,,CIR_26/NOMINAL - CS_ABC - C-Zone - XZ - Nominal
Distance,PROF_26,Y,56.464,55.800,0.664,-1.500,1.500,,CIR_26 - ORIGIN / CS_ABC
Circle,CIR_30,DIAM,12.188,12.050,0.138,-0.080,0.080,0.058,Criterion : Least Square (From 12 Pts On PL_PLAST_30) 
Circle,CIR_30,X,-212.337,-211.066,-1.271,,,,
Circle,CIR_30,Z,-313.421,-314.163,0.742,,,,
Circle,2D_CIR_31,DIAM,4.036,4.000,0.036,-0.100,0.100,,
Circle,2D_CIR_31,X,-19.862,-21.000,1.138,,,,
Circle,2D_CIR_31,Z,-0.000,0.000,0.000,,,,
Circle,2D_CIR_32,DIAM,3.996,4.000,-0.004,-0.100,0.100,,
Circle,2D_CIR_32,X,-19.843,-21.000,1.157,,,,
Circle,2D_CIR_32,Z,0.000,0.000,0.000,,,,
