Feat. Type,Feat. Name,Value,Actual,Nominal,Dev.,Tol-,Tol+,Out of Tol.,Comment
Text/Value,VAR_PROGRAM,VAL,,,,,,,'N:\Metrolog XG\Programmes\GM HF FWD GEN II E2xx\GM HF FWD Gen II E2xx Complete (Module 64).gm2'
Text/Value,VAR_EVENEMENT,VAL,,,,,,,'Fip 5436 nid 1'
Text/Value,VAR_COMMENTAIRES,VAL,,,,,,,'277 B'
Distance,WIDTH_C,D1,8.759,8.860,-0.101,-0.150,0.150,,SRF_C_TOP - SRF_C_DOWN / CS_ABC_BF
Circle,2D_CIR_INS_11,X,42.001,42.000,0.001,,,,
Circle,2D_CIR_INS_11,Y,29.016,29.000,0.016,,,,
Circle,2D_CIR_INS_12,X,41.971,42.000,-0.029,,,,
Circle,2D_CIR_INS_12,Y,-33.927,-34.000,0.073,,,,
Circle,2D_CIR_INS_13,X,-42.090,-42.000,-0.090,,,,
Circle,2D_CIR_INS_13,Y,-33.988,-34.000,0.012,,,,
Circle,2D_CIR_INS_14,X,-41.882,-42.000,0.118,,,,
Circle,2D_CIR_INS_14,Y,28.899,29.000,-0.101,,,,
Pos. Tol.,POS_2D_11,PTOL,0.033,0.000,0.033,0.000,1.200,,2D_CIR_INS_11/NOMINAL - CS_D_BF - C-Zone - XY - Nominal
Pos. Tol.,POS_2D_12,PTOL,0.156,0.000,0.156,0.000,1.200,,2D_CIR_INS_12/NOMINAL - CS_D_BF - C-Zone - XY - Nominal
Pos. Tol.,POS_2D_13,PTOL,0.182,0.000,0.182,0.000,1.200,,2D_CIR_INS_13/NOMINAL - CS_D_BF - C-Zone - XY - Nominal
Pos. Tol.,POS_2D_14,PTOL,0.310,0.000,0.310,0.000,1.200,,2D_CIR_INS_14/NOMINAL - CS_D_BF - C-Zone - XY - Nominal
Distance,H_11,Z,0.136,-0.000,0.136,0.000,0.300,,CIR_INS_11 - PL_PLAST_INS_11 / CS_D_BF
Distance,H_12,Z,0.140,-0.000,0.140,0.000,0.300,,CIR_INS_12 - PL_PLAST_INS_12 / CS_D_BF
Distance,H_13,Z,0.056,-0.000,0.056,0.000,0.300,,CIR_INS_13 - PL_PLAST_INS_13 / CS_D_BF
Distance,H_14,Z,0.135,-0.000,0.135,0.000,0.300,,CIR_INS_14 - PL_PLAST_INS_14 / CS_D_BF
Circle,CIR_15,DIAM,12.214,12.170,0.044,-0.080,0.080,,Criterion : Least Square (From 20 Pts On PL_DATUM_H) 
Circle,2D_CIR_16,X,23.652,23.540,0.112,,,,
Circle,2D_CIR_16,Y,0.000,0.000,0.000,,,,
Pos. Tol.,POS_2D_16,PTOL,0.225,0.000,0.225,0.000,0.500,,2D_CIR_16/NOMINAL - CS_HJ - C-Zone - XY - Nominal
Distance,H_16,Z,0.209,0.000,0.209,0.000,0.300,,2D_CIR_16 - PL_PLAST_16 / CS_HJ
Distance,H_24,Y,0.146,0.150,-0.004,-0.150,0.150,,CIR_24 - PL_PLAST_24 / CS_ABC_SURFACES_C
Distance,H_25,Y,0.103,0.150,-0.047,-0.150,0.150,,CIR_25 - PL_PLAST_25 / CS_ABC_SURFACES_C
