Feat. Type,Feat. Name,Value,Actual,Nominal,Dev.,Tol-,Tol+,Out of Tol.,Comment
Text/Value,VAR_PROGRAM,VAL,,,,,,,'N:\Metrolog XG\Programmes\Denso 507F\Denso 507F Complet (Module 51).gm2'
Text/Value,VAR_EVENEMENT,VAL,,,,,,,'Smed '
Text/Value,VAR_COMMENTAIRES,VAL,,,,,,,'328A'
Circle,CIR_1,DIAM,9.226,9.000,0.226,-0.450,0.350,,Criterion : Least Square (From 6 Pts On PL_FIXTURE) 
Circle,CIR_1,X,-0.261,0.000,-0.261,,,,
Circle,CIR_1,Y,0.009,0.000,0.009,,,,
Pos. Tol.,POS_1,PTOL,0.522,0.000,0.522,0.000,1.176,,CIR_1/NOMINAL - CS_ABC_BF - C-Zone - XY - Nominal
Circle,CIR_2,DIAM,9.222,9.000,0.222,-0.450,0.350,,Criterion : Least Square (From 6 Pts On PL_FIXTURE) 
Circle,CIR_2,X,11.308,11.500,-0.192,,,,
Circle,CIR_2,Y,-100.102,-100.250,0.148,,,,
Pos. Tol.,POS_2,PTOL,0.485,0.000,0.485,0.000,1.172,,CIR_2/NOMINAL - CS_ABC_BF - C-Zone - XY - Nominal
Circle,CIR_3,DIAM,9.211,9.000,0.211,-0.450,0.350,,Criterion : Least Square (From 6 Pts On PL_FIXTURE) 
Circle,CIR_3,X,-19.288,-19.500,0.212,,,,
Circle,CIR_3,Y,-205.755,-205.750,-0.006,,,,
Pos. Tol.,POS_3,PTOL,0.424,0.000,0.424,0.000,1.161,,CIR_3/NOMINAL - CS_ABC_BF - C-Zone - XY - Nominal
Circle,CIR_4,DIAM,9.213,9.000,0.213,-0.450,0.350,,Criterion : Least Square (From 6 Pts On PL_FIXTURE) 
Circle,CIR_4,X,11.487,11.500,-0.013,,,,
Circle,CIR_4,Y,-311.271,-311.250,-0.022,,,,
Pos. Tol.,POS_4,PTOL,0.051,0.000,0.051,0.000,1.163,,CIR_4/NOMINAL - CS_ABC_BF - C-Zone - XY - Nominal
Circle,CIR_5,DIAM,9.208,9.000,0.208,-0.450,0.350,,Criterion : Least Square (From 6 Pts On PL_FIXTURE) 
Circle,CIR_5,X,-16.179,-16.500,0.321,,,,
Circle,CIR_5,Y,-408.062,-408.000,-0.062,,,,
Pos. Tol.,POS_5,PTOL,0.654,0.000,0.654,0.000,1.158,,CIR_5/NOMINAL - CS_ABC_BF - C-Zone - XY - Nominal
Circle,CIR_6,DIAM,9.223,9.000,0.223,-0.450,0.350,,Criterion : Least Square (From 6 Pts On PL_FIXTURE) 
Circle,CIR_6,X,305.455,305.500,-0.045,,,,
Circle,CIR_6,Y,-432.371,-432.500,0.129,,,,
Pos. Tol.,POS_6,PTOL,0.273,0.000,0.273,0.000,1.173,,CIR_6/NOMINAL - CS_ABC_BF - C-Zone - XY - Nominal
Circle,CIR_7,DIAM,9.218,9.000,0.218,-0.450,0.350,,Criterion : Least Square (From 6 Pts On PL_FIXTURE) 
Circle,CIR_7,X,293.725,294.000,-0.275,,,,
Circle,CIR_7,Y,-332.395,-332.250,-0.145,,,,
Pos. Tol.,POS_7,PTOL,0.622,0.000,0.622,0.000,1.168,,CIR_7/NOMINAL - CS_ABC_BF - C-Zone - XY - Nominal
Circle,CIR_8,DIAM,9.239,9.000,0.239,-0.450,0.350,,Criterion : Least Square (From 6 Pts On PL_FIXTURE) 
Circle,CIR_8,X,324.905,325.000,-0.095,,,,
Circle,CIR_8,Y,-226.735,-226.750,0.015,,,,
Pos. Tol.,POS_8,PTOL,0.192,0.000,0.192,0.000,1.189,,CIR_8/NOMINAL - CS_ABC_BF - C-Zone - XY - Nominal
Circle,CIR_9,DIAM,9.214,9.000,0.214,-0.450,0.350,,Criterion : Least Square (From 6 Pts On PL_FIXTURE) 
Circle,CIR_9,X,293.910,294.000,-0.090,,,,
Circle,CIR_9,Y,-121.191,-121.250,0.059,,,,
Pos. Tol.,POS_9,PTOL,0.215,0.000,0.215,0.000,1.164,,CIR_9/NOMINAL - CS_ABC_BF - C-Zone - XY - Nominal
Circle,CIR_10,DIAM,9.207,9.000,0.207,-0.450,0.350,,Criterion : Least Square (From 6 Pts On PL_FIXTURE) 
Circle,CIR_10,X,322.438,322.000,0.438,,,,
Circle,CIR_10,Y,-24.624,-24.500,-0.124,,,,
Pos. Tol.,POS_10,PTOL,0.910,0.000,0.910,0.000,1.157,,CIR_10/NOMINAL - CS_ABC_BF - C-Zone - XY - Nominal
Distance,PLASTIC_1,Z,19.976,20.000,-0.024,-0.050,0.200,,PNT_TOP_1 - PNT_BOTTOM_1 / CS_ABC_BF
Distance,PLASTIC_2,Z,20.042,20.000,0.042,-0.050,0.200,,PNT_TOP_2 - PNT_BOTTOM_2 / CS_ABC_BF
Distance,PLASTIC_3,Z,19.969,20.000,-0.031,-0.050,0.200,,PNT_TOP_3 - PNT_BOTTOM_3 / CS_ABC_BF
Distance,PLASTIC_4,Z,19.897,20.000,-0.103,-0.050,0.200,-0.053,PNT_TOP_4 - PNT_BOTTOM_4 / CS_ABC_BF
Distance,PLASTIC_5,Z,20.001,20.000,0.001,-0.050,0.200,,PNT_TOP_5 - PNT_BOTTOM_5 / CS_ABC_BF
Distance,PLASTIC_6,Z,20.169,20.000,0.169,-0.050,0.200,,PNT_TOP_6 - PNT_BOTTOM_6 / CS_ABC_BF
Distance,PLASTIC_7,Z,20.106,20.000,0.106,-0.050,0.200,,PNT_TOP_7 - PNT_BOTTOM_7 / CS_ABC_BF
Distance,PLASTIC_8,Z,20.011,20.000,0.011,-0.050,0.200,,PNT_TOP_8 - PNT_BOTTOM_8 / CS_ABC_BF
Distance,PLASTIC_9,Z,19.948,20.000,-0.052,-0.050,0.250,-0.002,PNT_TOP_9 - PNT_BOTTOM_9 / CS_ABC_BF
Distance,PLASTIC_10,Z,19.957,20.000,-0.043,-0.050,0.200,,PNT_TOP_10 - PNT_BOTTOM_10 / CS_ABC_BF
Circle,CIR_11,X,22.636,22.800,-0.164,,,,Criterion : Least Square (From 8 Pts On PL_INS_11) 
Circle,CIR_11,Y,-26.544,-26.200,-0.344,,,,
Pos. Tol.,POS_11,PTOL,0.763,0.000,0.763,0.000,2.676,,CIR_11/NOMINAL - CS_ABC_BF - C-Zone - XY - Nominal
Circle,CIR_12,X,65.060,64.800,0.260,,,,Criterion : Least Square (From 8 Pts On PL_INS_12) 
Circle,CIR_12,Y,-158.684,-158.600,-0.084,,,,
Pos. Tol.,POS_12,PTOL,0.546,0.000,0.546,0.000,2.676,,CIR_12/NOMINAL - CS_ABC_BF - C-Zone - XY - Nominal
Circle,CIR_13,X,82.512,82.800,-0.288,,,,Criterion : Least Square (From 6 Pts On PL_INS_13) 
Circle,CIR_13,Y,-238.853,-238.300,-0.553,,,,
Pos. Tol.,POS_13,PTOL,1.246,0.000,1.246,0.000,2.676,,CIR_13/NOMINAL - CS_ABC_BF - C-Zone - XY - Nominal
Circle,CIR_14,X,57.754,57.800,-0.046,,,,Criterion : Least Square (From 6 Pts On PL_INS_14) 
Circle,CIR_14,Y,-357.026,-356.200,-0.826,,,,
Pos. Tol.,POS_14,PTOL,1.656,0.000,1.656,0.000,2.676,,CIR_14/NOMINAL - CS_ABC_BF - C-Zone - XY - Nominal
Circle,CIR_15,X,-7.142,-7.400,0.258,,,,Criterion : Least Square (From 6 Pts On PL_INS_15) 
Circle,CIR_15,Y,-371.806,-370.800,-1.006,,,,
Pos. Tol.,POS_15,PTOL,2.077,0.000,2.077,0.000,2.676,,CIR_15/NOMINAL - CS_ABC_BF - C-Zone - XY - Nominal
Circle,CIR_17,X,317.891,317.800,0.091,,,,Criterion : Least Square (From 6 Pts On PL_INS_17) 
Circle,CIR_17,Y,-398.286,-398.400,0.114,,,,
Pos. Tol.,POS_17,PTOL,0.292,0.000,0.292,0.000,2.676,,CIR_17/NOMINAL - CS_ABC_BF - C-Zone - XY - Nominal
Circle,CIR_19,X,237.364,237.800,-0.436,,,,Criterion : Least Square (From 6 Pts On PL_INS_19) 
Circle,CIR_19,Y,-206.798,-206.300,-0.498,,,,
Pos. Tol.,POS_19,PTOL,1.325,0.000,1.325,0.000,2.676,,CIR_19/NOMINAL - CS_ABC_BF - C-Zone - XY - Nominal
Circle,CIR_21,X,126.922,126.800,0.122,,,,Criterion : Least Square (From 6 Pts On PL_INS_21) 
Circle,CIR_21,Y,57.591,58.700,-1.109,,,,
Pos. Tol.,POS_21,PTOL,2.231,0.000,2.231,0.000,2.676,,CIR_21/NOMINAL - CS_ABC_BF - C-Zone - XY - Nominal
Circle,CIR_16,X,146.851,147.000,-0.149,,,,Criterion : Least Square (From 6 Pts On PL_INS_16) 
Circle,CIR_16,Y,-40.559,-40.600,0.041,,,,
Pos. Tol.,POS_16,PTOL,0.309,0.000,0.309,0.000,1.000,,CIR_16/NOMINAL - CS_AF_BF - C-Zone - XY - Nominal
Circle,CIR_18,X,201.569,202.000,-0.431,,,,Criterion : Least Square (From 6 Pts On PL_INS_18) 
Circle,CIR_18,Y,-15.467,-15.500,0.033,,,,
Pos. Tol.,POS_18,PTOL,0.865,0.000,0.865,0.000,1.000,,CIR_18/NOMINAL - CS_AD - C-Zone - XY - Nominal
Circle,CIR_20,X,101.096,101.000,0.096,,,,Criterion : Least Square (From 6 Pts On PL_INS_20) 
Circle,CIR_20,Y,-195.186,-195.000,-0.186,,,,
Pos. Tol.,POS_20,PTOL,0.419,0.000,0.419,0.000,2.000,,CIR_20/NOMINAL - CS_AE - C-Zone - XY - Nominal
Circle,CIR_22,X,176.941,177.200,-0.259,,,,Criterion : Least Square (From 7 Pts On PL_PLAST_22) 
Circle,CIR_22,Y,119.183,119.900,-0.717,,,,
Pos. Tol.,POS_22,PTOL,1.525,0.000,1.525,0.000,2.676,,CIR_22/NOMINAL - CS_ABC_BF - C-Zone - XY - Nominal
Distance,H11,Z,0.204,0.000,0.204,0.000,0.300,,CIR_11 - PL_PLAST_11 / CS_ABC_BF
Distance,H12,Z,0.305,0.000,0.305,0.000,0.300,0.005,CIR_12 - PL_PLAST_12 / CS_ABC_BF
Distance,H13,Z,0.145,0.000,0.145,0.000,0.300,,CIR_13 - PL_PLAST_13 / CS_ABC_BF
Distance,H14,Z,0.222,0.000,0.222,0.000,0.300,,CIR_14 - PL_PLAST_14 / CS_ABC_BF
Distance,H15,Z,0.002,0.000,0.002,0.000,0.300,,CIR_15 - PL_PLAST_15 / CS_ABC_BF
Distance,H16,Z,0.194,0.000,0.194,0.000,0.300,,CIR_16 - PL_PLAST_16 / CS_ABC_BF
Distance,H17,Z,0.117,0.000,0.117,0.000,0.300,,CIR_17 - PL_PLAST_17 / CS_ABC_BF
Distance,H18,Z,0.109,0.000,0.109,0.000,0.300,,CIR_18 - PL_PLAST_18 / CS_ABC_BF
Distance,H19,Z,0.059,0.000,0.059,0.000,0.300,,CIR_19 - PL_PLAST_19 / CS_ABC_BF
Distance,H20,Z,0.066,0.000,0.066,0.000,0.300,,CIR_20 - PL_PLAST_20 / CS_ABC_BF
Distance,H21,Z,0.170,0.000,0.170,0.000,0.300,,CIR_21 - PL_PLAST_21 / CS_ABC_BF
Circle,CIR_34,DIAM,4.892,4.800,0.092,0.000,0.150,,Criterion : Least Square (From 8 Pts On PL_PLAST_34) 
Distance,LONGEUR_34,D1,12.537,11.000,1.537,0.000,5.000,,PNT_BOTTOM_34 - PL_PLAST_34 / CS_34_TOP
Circle,CIR_35,DIAM,4.889,4.800,0.089,0.000,0.150,,Criterion : Least Square (From 8 Pts On PL_PLAST_35) 
Distance,LONGEUR_35,D1,12.479,11.000,1.479,0.000,5.000,,PNT_BOTTOM_35 - PL_PLAST_35 / CS_CIR_35_TOP
Circle,CIR_36,DIAM,4.923,4.800,0.123,0.000,0.150,,Criterion : Least Square (From 6 Pts On PL_PLAST_36) 
Distance,LONGEUR_36,D1,12.420,11.000,1.420,0.000,5.000,,PNT_BOTTOM_36 - PL_PLAST_36 / CS_CIR_36_TOP
Flatness,FLAT_DATUM_R,FLTN,0.361,0.000,0.361,0.000,0.800,,PL_DATUM_R
Circle,CIR_23,DIAM,78.086,78.000,0.086,-0.250,0.250,,Criterion : Least Square (From 12 Pts On PL_DATUM_R) 
Circle,CIR_23,X,229.258,229.000,0.258,,,,
Circle,CIR_23,Y,110.380,111.600,-1.220,,,,
Circle,CIR_23,Z,75.657,75.000,0.657,,,,
Pos. Tol.,POS_23,PTOL,2.819,0.000,2.819,1.012,4.512,,CIR_23(M)/NOMINAL(M) - CS_ABC_BF - C-Zone - XYZ - Nominal
Circle,CIR_24,Y,-41.038,-41.000,-0.038,,,,Criterion : Least Square (From 6 Pts On PL_INS_24) 
Circle,CIR_24,Z,33.616,33.500,0.116,,,,
Pos. Tol.,POS_24,PTOL,0.243,0.000,0.243,0.000,0.500,,CIR_24/NOMINAL - CS_HD_BF - C-Zone - YZ - Nominal
Circle,CIR_25,Y,-41.048,-41.000,-0.048,,,,Criterion : Least Square (From 6 Pts On PL_INS_25) 
Circle,CIR_25,Z,-33.523,-33.500,-0.023,,,,
Pos. Tol.,POS_25,PTOL,0.107,0.000,0.107,0.000,0.500,,CIR_25/NOMINAL - CS_HD_BF - C-Zone - YZ - Nominal
Circle,CIR_26,Y,41.161,41.000,0.161,,,,Criterion : Least Square (From 6 Pts On PL_INS_26) 
Circle,CIR_26,Z,-33.487,-33.500,0.013,,,,
Pos. Tol.,POS_26,PTOL,0.324,0.000,0.324,0.000,0.500,,CIR_26/NOMINAL - CS_HD_BF - C-Zone - YZ - Nominal
Circle,CIR_27,Y,40.925,41.000,-0.075,,,,Criterion : Least Square (From 6 Pts On PL_INS_27) 
Circle,CIR_27,Z,33.394,33.500,-0.106,,,,
Pos. Tol.,POS_27,PTOL,0.259,0.000,0.259,0.000,0.500,,CIR_27/NOMINAL - CS_HD_BF - C-Zone - YZ - Nominal
Distance,H24,X,0.231,0.000,0.231,0.000,0.300,,CIR_24 - PL_PLAST_24 / CS_HD_BF
Distance,H25,X,0.196,0.000,0.196,0.000,0.300,,CIR_25 - PL_PLAST_25 / CS_HD_BF
Distance,H26,X,0.018,0.000,0.018,0.000,0.300,,CIR_26 - PL_PLAST_26 / CS_HD_BF
Distance,H27,X,0.140,0.000,0.140,0.000,0.300,,CIR_27 - PL_PLAST_27 / CS_HD_BF
Distance,TB_WIDTH_1,D1,3.395,3.500,-0.105,-0.150,0.150,,P_TB_IW.1 - P_TB_OW.1 / CS_HD_BF
Distance,TB_WIDTH_2,D1,3.460,3.500,-0.040,-0.100,0.100,,P_TB_IW.2 - P_TB_OW.2 / CS_HD_BF
Distance,TB_WIDTH_3,D1,3.380,3.500,-0.120,-0.150,0.150,,P_TB_IW.3 - P_TB_OW.3 / CS_HD_BF
Distance,TB_WIDTH_4,D1,3.354,3.500,-0.146,-0.150,0.150,,P_TB_IW.4 - P_TB_OW.4 / CS_HD_BF
Distance,TB_WIDTH_5,D1,3.321,3.500,-0.179,-0.200,0.150,,P_TB_IW.5 - P_TB_OW.5 / CS_HD_BF
Distance,TB_WIDTH_6,D1,3.404,3.500,-0.096,-0.150,0.150,,P_TB_IW.6 - P_TB_OW.6 / CS_HD_BF
Distance,TB_DEPTH_1,X,5.147,5.000,0.147,-0.250,0.250,,P_TB_TOP.1 - P_TB_BOTTOM.1 / CS_HD_BF
Distance,TB_DEPTH_2,X,4.932,5.000,-0.068,-0.100,0.100,,P_TB_TOP.2 - P_TB_BOTTOM.2 / CS_HD_BF
Distance,TB_DEPTH_3,X,4.996,5.000,-0.004,-0.100,0.100,,P_TB_TOP.3 - P_TB_BOTTOM.3 / CS_HD_BF
Distance,TB_DEPTH_4,X,4.843,5.000,-0.157,-0.250,0.250,,P_TB_TOP.4 - P_TB_BOTTOM.4 / CS_HD_BF
Distance,TB_DEPTH_5,X,5.076,5.000,0.076,-0.100,0.100,,P_TB_TOP.5 - P_TB_BOTTOM.5 / CS_HD_BF
Distance,TB_DEPTH_6,X,5.204,5.000,0.204,-0.250,0.300,,P_TB_TOP.6 - P_TB_BOTTOM.6 / CS_HD_BF
Circle,CIR_28,X,65.245,64.800,0.445,,,,Criterion : Least Square (From 8 Pts On PL_PLAST_28) 
Circle,CIR_28,Z,59.269,59.000,0.269,,,,
Pos. Tol.,POS_28,PTOL,1.039,0.000,1.039,0.000,2.676,,CIR_28/NOMINAL - CS_ABC_BF - C-Zone - XZ - Nominal
Circle,CIR_29,X,51.984,51.800,0.184,,,,Criterion : Least Square (From 6 Pts On PL_INS_29) 
Circle,CIR_29,Z,22.465,23.200,-0.735,,,,
Pos. Tol.,POS_29,PTOL,1.514,0.000,1.514,0.000,2.676,,CIR_29/NOMINAL - CS_ABC_BF - C-Zone - XZ - Nominal
Circle,CIR_30,X,216.853,216.800,0.053,,,,Criterion : Least Square (From 6 Pts On PL_INS_30) 
Circle,CIR_30,Z,22.691,23.200,-0.509,,,,
Pos. Tol.,POS_30,PTOL,1.024,0.000,1.024,0.000,2.676,,CIR_30/NOMINAL - CS_ABC_BF - C-Zone - XZ - Nominal
Distance,H29,Y,0.015,0.000,0.015,0.000,0.300,,CIR_29 - PL_PLAST_29 / CS_ABC_BF_ROT180
Distance,H30,Y,0.084,0.000,0.084,0.000,0.300,,CIR_30 - PL_PLAST_30 / CS_ABC_BF_ROT180
Circle,CIR_31,DIAM,12.071,12.000,0.071,,,,Criterion : Least Square (From 7 Pts On PL_PLAST_31) 
Circle,CIR_31,X,233.170,232.800,0.370,,,,
Circle,CIR_31,Z,74.845,75.000,-0.155,,,,
Pos. Tol.,POS_31,PTOL,0.739,0.000,0.739,0.000,2.676,,CIR_31/NOMINAL - CS_ABC_BF - P-Zone - X - Nominal
Flatness,FLAT_LASER_WELD,FLTN,0.288,0.000,0.288,0.000,0.450,,PL_LASER_WELD
Flatness,FLAT_DATUM_A,FLTN,0.562,0.000,0.562,0.000,0.400,0.162,PL_DATUM_A
Distance,WIDTH_1_OP1,D1,3.426,3.500,-0.074,-0.100,0.100,,PNT_OW_1_OP1 - PNT_IW_1_OP1 / CS_BF_OP1
Distance,WIDTH_2_OP1,D1,3.476,3.500,-0.024,-0.100,0.100,,PNT_OW_2_OP1 - PNT_IW_2_OP1 / CS_BF_OP1
Distance,WIDTH_3_OP1,D1,3.393,3.500,-0.107,-0.150,0.150,,PNT_OW_3_OP1 - PNT_IW_3_OP1 / CS_BF_OP1
Distance,WIDTH_4_OP1,D1,3.408,3.500,-0.092,-0.100,0.100,,PNT_OW_4_OP1 - PNT_IW_4_OP1 / CS_BF_OP1
Distance,DEPTH_1_OP1,Z,5.024,5.000,0.024,-0.100,0.100,,PNT_TOP_1_OP1 - PNT_DP_1_OP1 / CS_BF_OP1
Distance,DEPTH_2_OP1,Z,5.062,5.000,0.062,-0.100,0.100,,PNT_TOP_2_OP1 - PNT_DP_2_OP1 / CS_BF_OP1
Distance,DEPTH_3_OP1,Z,5.101,5.000,0.101,-0.100,0.100,0.001,PNT_TOP_3_OP1 - PNT_DP_3_OP1 / CS_BF_OP1
Distance,DEPTH_4_OP1,Z,5.043,5.000,0.043,-0.100,0.100,,PNT_TOP_4_OP1 - PNT_DP_4_OP1 / CS_BF_OP1
Distance,WIDTH_1_OP2,D1,3.404,3.500,-0.096,-0.150,0.150,,PNT_OW_1_OP2 - PNT_IW_1_OP2 / CS_BF_OP2
Distance,WIDTH_2_OP2,D1,3.476,3.500,-0.024,-0.100,0.100,,PNT_OW_2_OP2 - PNT_IW_2_OP2 / CS_BF_OP2
Distance,WIDTH_3_OP2,D1,3.394,3.500,-0.106,-0.100,0.100,-0.006,PNT_OW_3_OP2 - PNT_IW_3_OP2 / CS_BF_OP2
Distance,WIDTH_4_OP2,D1,3.483,3.500,-0.017,-0.100,0.100,,PNT_OW_4_OP2 - PNT_IW_4_OP2 / CS_BF_OP2
Distance,DEPTH_1_OP2,Z,5.033,5.000,0.033,-0.100,0.100,,PNT_TOP_1_OP2 - PNT_DP_1_OP2 / CS_BF_OP2
Distance,DEPTH_2_OP2,Z,5.065,5.000,0.065,-0.100,0.100,,PNT_TOP_2_OP2 - PNT_DP_2_OP2 / CS_BF_OP2
Distance,DEPTH_3_OP2,Z,5.083,5.000,0.083,-0.250,0.250,,PNT_TOP_3_OP2 - PNT_DP_3_OP2 / CS_BF_OP2
Distance,DEPTH_4_OP2,Z,4.975,5.000,-0.025,-0.100,0.100,,PNT_TOP_4_OP2 - PNT_DP_4_OP2 / CS_BF_OP2
Distance,WIDTH_1_OP3,D1,3.454,3.500,-0.046,-0.100,0.100,,PNT_OW_1_OP3 - PNT_IW_1_OP3 / CS_BF_OP3
Distance,WIDTH_2_OP3,D1,3.463,3.500,-0.037,-0.100,0.100,,PNT_OW_2_OP3 - PNT_IW_2_OP3 / CS_BF_OP3
Distance,WIDTH_3_OP3,D1,3.445,3.500,-0.055,-0.100,0.100,,PNT_OW_3_OP3 - PNT_IW_3_OP3 / CS_BF_OP3
Distance,WIDTH_4_OP3,D1,3.419,3.500,-0.081,-0.100,0.100,,PNT_OW_4_OP3 - PNT_IW_4_OP3 / CS_BF_OP3
Distance,DEPTH_1_OP3,Z,5.014,5.000,0.014,-0.100,0.100,,PNT_TOP_1_OP3 - PNT_DP_1_OP3 / CS_BF_OP3
Distance,DEPTH_2_OP3,Z,5.040,5.000,0.040,-0.250,0.250,,PNT_TOP_2_OP3 - PNT_DP_2_OP3 / CS_BF_OP3
Distance,DEPTH_3_OP3,Z,5.146,5.000,0.146,-0.100,0.100,0.046,PNT_TOP_3_OP3 - PNT_DP_3_OP3 / CS_BF_OP3
Distance,DEPTH_4_OP3,Z,5.236,5.000,0.236,-0.250,0.250,,PNT_TOP_4_OP3 - PNT_DP_4_OP3 / CS_BF_OP3
Distance,WIDTH_1_OP4,D1,3.324,3.500,-0.176,-0.200,0.150,,PNT_OW_1_OP4 - PNT_IW_1_OP4 / CS_BF_OP4
Distance,WIDTH_2_OP4,D1,3.443,3.500,-0.057,-0.100,0.100,,PNT_OW_2_OP4 - PNT_IW_2_OP4 / CS_BF_OP4
Distance,WIDTH_3_OP4,D1,3.304,3.500,-0.196,-0.200,0.150,,PNT_OW_3_OP4 - PNT_IW_3_OP4 / CS_BF_OP4
Distance,WIDTH_4_OP4,D1,3.364,3.500,-0.136,-0.100,0.100,-0.036,PNT_OW_4_OP4 - PNT_IW_4_OP4 / CS_BF_OP4
Distance,DEPTH_1_OP4,Z,4.950,5.000,-0.050,-0.100,0.100,,PNT_TOP_1_OP4 - PNT_DP_1_OP4 / CS_BF_OP4
Distance,DEPTH_2_OP4,Z,4.972,5.000,-0.028,-0.100,0.100,,PNT_TOP_2_OP4 - PNT_DP_2_OP4 / CS_BF_OP4
Distance,DEPTH_3_OP4,Z,5.194,5.000,0.194,-0.250,0.300,,PNT_TOP_3_OP4 - PNT_DP_3_OP4 / CS_BF_OP4
Distance,DEPTH_4_OP4,Z,5.295,5.000,0.295,-0.250,0.300,,PNT_TOP_4_OP4 - PNT_DP_4_OP4 / CS_BF_OP4
Distance,WIDTH_1_OP5,D1,3.464,3.500,-0.036,-0.100,0.100,,PNT_OW_1_OP5 - PNT_IW_1_OP5 / CS_BF_OP5
Distance,WIDTH_2_OP5,D1,3.446,3.500,-0.054,-0.100,0.100,,PNT_OW_2_OP5 - PNT_IW_2_OP5 / CS_BF_OP5
Distance,WIDTH_3_OP5,D1,3.474,3.500,-0.026,-0.100,0.100,,PNT_OW_3_OP5 - PNT_IW_3_OP5 / CS_BF_OP5
Distance,WIDTH_4_OP5,D1,3.407,3.500,-0.093,-0.100,0.100,,PNT_OW_4_OP5 - PNT_IW_4_OP5 / CS_BF_OP5
Distance,DEPTH_1_OP5,Z,5.065,5.000,0.065,-0.100,0.100,,PNT_TOP_1_OP5 - PNT_DP_1_OP5 / CS_BF_OP5
Distance,DEPTH_2_OP5,Z,5.085,5.000,0.085,-0.100,0.100,,PNT_TOP_2_OP5 - PNT_DP_2_OP5 / CS_BF_OP5
Distance,DEPTH_3_OP5,Z,5.104,5.000,0.104,-0.100,0.100,0.004,PNT_TOP_3_OP5 - PNT_DP_3_OP5 / CS_BF_OP5
Distance,DEPTH_4_OP5,Z,5.021,5.000,0.021,-0.100,0.100,,PNT_TOP_4_OP5 - PNT_DP_4_OP5 / CS_BF_OP5
Distance,WIDTH_1_OP6,D1,3.393,3.500,-0.107,-0.100,0.100,-0.007,PNT_OW_1_OP6 - PNT_IW_1_OP6 / CS_BF_OP6
Distance,WIDTH_2_OP6,D1,3.505,3.500,0.005,-0.100,0.100,,PNT_OW_2_OP6 - PNT_IW_2_OP6 / CS_BF_OP6
Distance,WIDTH_3_OP6,D1,3.408,3.500,-0.092,-0.100,0.100,,PNT_OW_3_OP6 - PNT_IW_3_OP6 / CS_BF_OP6
Distance,WIDTH_4_OP6,D1,3.468,3.500,-0.032,-0.100,0.100,,PNT_OW_4_OP6 - PNT_IW_4_OP6 / CS_BF_OP6
Distance,DEPTH_1_OP6,Z,4.992,5.000,-0.008,-0.100,0.100,,PNT_TOP_1_OP6 - PNT_DP_1_OP6 / CS_BF_OP6
Distance,DEPTH_2_OP6,Z,4.837,5.000,-0.163,-0.250,0.250,,PNT_TOP_2_OP6 - PNT_DP_2_OP6 / CS_BF_OP6
Distance,DEPTH_3_OP6,Z,5.107,5.000,0.107,-0.100,0.100,0.007,PNT_TOP_3_OP6 - PNT_DP_3_OP6 / CS_BF_OP6
Distance,DEPTH_4_OP6,Z,5.132,5.000,0.132,-0.100,0.100,0.032,PNT_TOP_4_OP6 - PNT_DP_4_OP6 / CS_BF_OP6
Distance,WIDTH_1_OP7,D1,3.512,3.500,0.012,-0.100,0.100,,PNT_OW_1_OP7 - PNT_IW_1_OP7 / CS_BF_OP7
Distance,WIDTH_2_OP7,D1,3.520,3.500,0.020,-0.100,0.100,,PNT_OW_2_OP7 - PNT_IW_2_OP7 / CS_BF_OP7
Distance,WIDTH_3_OP7,D1,3.488,3.500,-0.012,-0.100,0.100,,PNT_OW_3_OP7 - PNT_IW_3_OP7 / CS_BF_OP7
Distance,WIDTH_4_OP7,D1,3.405,3.500,-0.095,-0.100,0.100,,PNT_OW_4_OP7 - PNT_IW_4_OP7 / CS_BF_OP7
Distance,DEPTH_1_OP7,Z,4.938,5.000,-0.062,-0.100,0.100,,PNT_TOP_1_OP7 - PNT_DP_1_OP7 / CS_BF_OP7
Distance,DEPTH_2_OP7,Z,5.026,5.000,0.026,-0.100,0.100,,PNT_TOP_2_OP7 - PNT_DP_2_OP7 / CS_BF_OP7
Distance,DEPTH_3_OP7,Z,5.086,5.000,0.086,-0.250,0.250,,PNT_TOP_3_OP7 - PNT_DP_3_OP7 / CS_BF_OP7
Distance,DEPTH_4_OP7,Z,5.112,5.000,0.112,-0.250,0.250,,PNT_TOP_4_OP7 - PNT_DP_4_OP7 / CS_BF_OP7
Distance,WIDTH_1_OP8,D1,3.429,3.500,-0.071,-0.100,0.100,,PNT_OW_1_OP8 - PNT_IW_1_OP8 / CS_BF_OP8
Distance,WIDTH_2_OP8,D1,3.451,3.500,-0.049,-0.100,0.100,,PNT_OW_2_OP8 - PNT_IW_2_OP8 / CS_BF_OP8
Distance,WIDTH_3_OP8,D1,3.339,3.500,-0.161,-0.150,0.150,-0.011,PNT_OW_3_OP8 - PNT_IW_3_OP8 / CS_BF_OP8
Distance,WIDTH_4_OP8,D1,3.359,3.500,-0.141,-0.150,0.150,,PNT_OW_4_OP8 - PNT_IW_4_OP8 / CS_BF_OP8
Distance,DEPTH_1_OP8,Z,5.002,5.000,0.002,-0.100,0.100,,PNT_TOP_1_OP8 - PNT_DP_1_OP8 / CS_BF_OP8
Distance,DEPTH_2_OP8,Z,5.029,5.000,0.029,-0.100,0.100,,PNT_TOP_2_OP8 - PNT_DP_2_OP8 / CS_BF_OP8
Distance,DEPTH_3_OP8,Z,5.297,5.000,0.297,-0.250,0.250,0.047,PNT_TOP_3_OP8 - PNT_DP_3_OP8 / CS_BF_OP8
Distance,DEPTH_4_OP8,Z,5.269,5.000,0.269,-0.250,0.300,,PNT_TOP_4_OP8 - PNT_DP_4_OP8 / CS_BF_OP8
